# init timestamp: 1744939275550.000
33.000 # 1500
34.000 # 1500
35.000 # 1500
36.000 # 1500
37.000 # 1500
38.000 # 1500
39.000 # 1500
40.000 # 1500
41.000 # 1500
42.000 # 1500
43.000 # 1500
44.000 # 1500
45.000 # 1500
46.000 # 1500
47.000 # 1500
48.000 # 1500
49.000 # 1500
50.000 # 1500
51.000 # 1500
52.000 # 1500
53.000 # 1500
54.000 # 1500
55.000 # 1500
56.000 # 1500
57.000 # 1500
58.000 # 1500
59.000 # 1500
60.000 # 1500
61.000 # 1500
62.000 # 1500
63.000 # 1500
64.000 # 1500
65.000 # 1500
66.000 # 1500
67.000 # 1500
68.000 # 1500
69.000 # 1500
70.000 # 1500
71.000 # 1500
72.000 # 1500
73.000 # 1500
74.000 # 1500
75.000 # 1500
76.000 # 1500
77.000 # 1500
78.000 # 1500
79.000 # 1500
80.000 # 1500
81.000 # 1500
82.000 # 1500
83.000 # 1500
84.000 # 1500
85.000 # 1500
86.000 # 1500
87.000 # 1500
88.000 # 1500
89.000 # 1500
90.000 # 1500
91.000 # 1500
92.000 # 1500
93.000 # 1500
94.000 # 1500
95.000 # 1500
96.000 # 1500
97.000 # 1500
98.000 # 1500
99.000 # 1500
100.000 # 1500
101.000 # 1500
102.000 # 1500
103.000 # 1500
104.000 # 1500
105.000 # 1500
106.000 # 1500
107.000 # 1500
108.000 # 1500
109.000 # 1500
110.000 # 1500
111.000 # 1500
112.000 # 1500
113.000 # 1500
114.000 # 1500
115.000 # 1500
116.000 # 1500
117.000 # 1500
118.000 # 1500
119.000 # 1500
120.000 # 1500
121.000 # 1500
122.000 # 1500
123.000 # 1500
124.000 # 1500
125.000 # 1500
126.000 # 1500
127.000 # 1500
128.000 # 1500
129.000 # 1500
130.000 # 1500
131.000 # 1500
132.000 # 1500
133.000 # 1500
134.000 # 1500
135.000 # 1500
136.000 # 1500
137.000 # 1500
138.000 # 1500
139.000 # 1500
140.000 # 1500
141.000 # 1500
142.000 # 1500
143.000 # 1500
144.000 # 1500
145.000 # 1500
146.000 # 1500
147.000 # 1500
148.000 # 1500
149.000 # 1500
150.000 # 1500
151.000 # 1500
152.000 # 1500
153.000 # 1500
154.000 # 1500
155.000 # 1500
156.000 # 1500
157.000 # 1500
158.000 # 1500
159.000 # 1500
160.000 # 1500
161.000 # 1500
162.000 # 1500
163.000 # 1500
164.000 # 1500
165.000 # 1500
166.000 # 1500
167.000 # 1500
168.000 # 1500
169.000 # 1500
170.000 # 1500
171.000 # 1500
172.000 # 1500
173.000 # 1500
174.000 # 1500
175.000 # 1500
176.000 # 1500
177.000 # 1500
178.000 # 1500
179.000 # 1500
180.000 # 1500
181.000 # 1500
182.000 # 1500
183.000 # 1500
184.000 # 1500
185.000 # 1500
186.000 # 1500
187.000 # 1500
188.000 # 1500
189.000 # 1500
190.000 # 1500
191.000 # 1500
192.000 # 1500
193.000 # 1500
194.000 # 1500
195.000 # 1500
196.000 # 1500
197.000 # 1500
198.000 # 1500
199.000 # 1500
200.000 # 1500
201.000 # 1500
202.000 # 1500
203.000 # 1500
204.000 # 1500
205.000 # 1500
206.000 # 1500
207.000 # 1500
208.000 # 1500
209.000 # 1500
210.000 # 1500
211.000 # 1500
212.000 # 1500
213.000 # 1500
214.000 # 1500
215.000 # 1500
216.000 # 1500
217.000 # 1500
218.000 # 1500
219.000 # 1500
220.000 # 1500
221.000 # 1500
222.000 # 1500
223.000 # 1500
224.000 # 1500
225.000 # 1500
226.000 # 1500
227.000 # 1500
228.000 # 1500
229.000 # 1500
230.000 # 1500
231.000 # 1500
232.000 # 1500
233.000 # 1500
234.000 # 1500
235.000 # 1500
236.000 # 1500
237.000 # 1500
238.000 # 1500
239.000 # 1500
240.000 # 1500
241.000 # 1500
242.000 # 1500
243.000 # 1500
244.000 # 1500
245.000 # 1500
246.000 # 1500
247.000 # 1500
248.000 # 1500
249.000 # 1500
250.000 # 1500
251.000 # 1500
252.000 # 1500
253.000 # 1500
254.000 # 1500
255.000 # 1500
256.000 # 1500
257.000 # 1500
258.000 # 1500
259.000 # 1500
260.000 # 1500
261.000 # 1500
262.000 # 1500
263.000 # 1500
264.000 # 1500
265.000 # 1500
266.000 # 1500
267.000 # 1500
268.000 # 1500
269.000 # 1500
270.000 # 1500
271.000 # 1500
272.000 # 1500
273.000 # 1500
274.000 # 1500
275.000 # 1500
276.000 # 1500
277.000 # 1500
278.000 # 1500
279.000 # 1500
280.000 # 1500
281.000 # 1500
282.000 # 1500
283.000 # 1500
284.000 # 1500
285.000 # 1500
286.000 # 1500
287.000 # 1500
288.000 # 1500
289.000 # 1500
290.000 # 1500
291.000 # 1500
292.000 # 1500
293.000 # 1500
294.000 # 1500
295.000 # 1500
296.000 # 1500
297.000 # 1500
298.000 # 1500
299.000 # 1500
300.000 # 1500
301.000 # 1500
302.000 # 1500
303.000 # 1500
304.000 # 1500
305.000 # 1500
306.000 # 1500
307.000 # 1500
308.000 # 1500
309.000 # 1500
310.000 # 1500
311.000 # 1500
312.000 # 1500
313.000 # 1500
314.000 # 1500
315.000 # 1500
316.000 # 1500
317.000 # 1500
318.000 # 1500
319.000 # 1500
320.000 # 1500
321.000 # 1500
322.000 # 1500
323.000 # 1500
324.000 # 1500
325.000 # 1500
326.000 # 1500
327.000 # 1500
328.000 # 1500
329.000 # 1500
330.000 # 1500
331.000 # 1500
332.000 # 1500
333.000 # 1500
334.000 # 1500
335.000 # 1500
336.000 # 1500
337.000 # 1500
338.000 # 1500
339.000 # 1500
340.000 # 1500
341.000 # 1500
342.000 # 1500
343.000 # 1500
344.000 # 1500
345.000 # 1500
346.000 # 1500
347.000 # 1500
348.000 # 1500
349.000 # 1500
350.000 # 1500
351.000 # 1500
352.000 # 1500
353.000 # 1500
354.000 # 1500
355.000 # 1500
356.000 # 1500
357.000 # 1500
358.000 # 1500
359.000 # 1500
360.000 # 1500
361.000 # 1500
362.000 # 1500
363.000 # 1500
364.000 # 1500
365.000 # 1500
366.000 # 1500
367.000 # 1500
368.000 # 1500
369.000 # 1500
370.000 # 1500
371.000 # 1500
372.000 # 1500
373.000 # 1500
374.000 # 1500
375.000 # 1500
376.000 # 1500
377.000 # 1500
378.000 # 1500
379.000 # 1500
380.000 # 1500
381.000 # 1500
382.000 # 1500
383.000 # 1500
384.000 # 1500
385.000 # 1500
386.000 # 1500
387.000 # 1500
388.000 # 1500
389.000 # 1500
390.000 # 1500
391.000 # 1500
392.000 # 1500
393.000 # 1500
394.000 # 1500
395.000 # 1500
396.000 # 1500
397.000 # 1500
398.000 # 1500
399.000 # 1500
400.000 # 1500
401.000 # 1500
402.000 # 1500
403.000 # 1500
404.000 # 1500
405.000 # 1500
406.000 # 1500
407.000 # 1500
408.000 # 1500
409.000 # 1500
410.000 # 1500
411.000 # 1500
412.000 # 1500
413.000 # 1500
414.000 # 1500
415.000 # 1500
416.000 # 1500
417.000 # 1500
418.000 # 1500
419.000 # 1500
420.000 # 1500
421.000 # 1500
422.000 # 1500
423.000 # 1500
424.000 # 1500
425.000 # 1500
426.000 # 1500
427.000 # 1500
428.000 # 1500
429.000 # 1500
430.000 # 1500
431.000 # 1500
432.000 # 1500
433.000 # 1500
434.000 # 1500
435.000 # 1500
436.000 # 1500
437.000 # 1500
438.000 # 1500
439.000 # 1500
440.000 # 1500
441.000 # 1500
442.000 # 1500
443.000 # 1500
444.000 # 1500
445.000 # 1500
446.000 # 1500
447.000 # 1500
448.000 # 1500
449.000 # 1500
450.000 # 1500
451.000 # 1500
452.000 # 1500
453.000 # 1500
454.000 # 1500
455.000 # 1500
456.000 # 1500
457.000 # 1500
458.000 # 1500
459.000 # 1500
460.000 # 1500
461.000 # 1500
462.000 # 1500
463.000 # 1500
464.000 # 1500
465.000 # 1500
466.000 # 1500
467.000 # 1500
468.000 # 1500
469.000 # 1500
470.000 # 1500
471.000 # 1500
472.000 # 1500
473.000 # 1500
474.000 # 1500
475.000 # 1500
476.000 # 1500
477.000 # 1500
478.000 # 1500
479.000 # 1500
480.000 # 1500
481.000 # 1500
482.000 # 1500
483.000 # 1500
484.000 # 1500
485.000 # 1500
486.000 # 1500
487.000 # 1500
488.000 # 1500
489.000 # 1500
490.000 # 1500
491.000 # 1500
492.000 # 1500
493.000 # 1500
494.000 # 1500
495.000 # 1500
496.000 # 1500
497.000 # 1500
498.000 # 1500
499.000 # 1500
500.000 # 1500
501.000 # 1500
502.000 # 1500
503.000 # 1500
504.000 # 1500
505.000 # 1500
506.000 # 1500
507.000 # 1500
508.000 # 1500
509.000 # 1500
510.000 # 1500
511.000 # 1500
512.000 # 1500
513.000 # 1500
514.000 # 1500
515.000 # 1500
516.000 # 1500
517.000 # 1500
518.000 # 1500
519.000 # 1500
520.000 # 1500
521.000 # 1500
522.000 # 1500
523.000 # 1500
524.000 # 1500
525.000 # 1500
526.000 # 1500
527.000 # 1500
528.000 # 1500
529.000 # 1500
530.000 # 1500
531.000 # 1500
532.000 # 1500
533.000 # 1500
534.000 # 1500
535.000 # 1500
536.000 # 1500
537.000 # 1500
538.000 # 1500
539.000 # 1500
540.000 # 1500
541.000 # 1500
542.000 # 1500
543.000 # 1500
544.000 # 1500
545.000 # 1500
546.000 # 1500
547.000 # 1500
548.000 # 1500
549.000 # 1500
550.000 # 1500
551.000 # 1500
552.000 # 1500
553.000 # 1500
554.000 # 1500
555.000 # 1500
556.000 # 1500
557.000 # 1500
558.000 # 1500
559.000 # 1500
560.000 # 1500
561.000 # 1500
562.000 # 1500
563.000 # 1500
564.000 # 1500
565.000 # 1500
566.000 # 1500
567.000 # 1500
568.000 # 1500
569.000 # 1500
570.000 # 1500
571.000 # 1500
572.000 # 1500
573.000 # 1500
574.000 # 1500
575.000 # 1500
576.000 # 1500
577.000 # 1500
578.000 # 1500
579.000 # 1500
580.000 # 1500
581.000 # 1500
582.000 # 1500
583.000 # 1500
584.000 # 1500
585.000 # 1500
586.000 # 1500
587.000 # 1500
588.000 # 1500
589.000 # 1500
590.000 # 1500
591.000 # 1500
592.000 # 1500
593.000 # 1500
594.000 # 1500
595.000 # 1500
596.000 # 1500
597.000 # 1500
598.000 # 1500
599.000 # 1500
600.000 # 1500
601.000 # 1500
602.000 # 1500
603.000 # 1500
604.000 # 1500
605.000 # 1500
606.000 # 1500
607.000 # 1500
608.000 # 1500
609.000 # 1500
610.000 # 1500
611.000 # 1500
612.000 # 1500
613.000 # 1500
614.000 # 1500
615.000 # 1500
616.000 # 1500
617.000 # 1500
618.000 # 1500
619.000 # 1500
620.000 # 1500
621.000 # 1500
622.000 # 1500
623.000 # 1500
624.000 # 1500
625.000 # 1500
626.000 # 1500
627.000 # 1500
628.000 # 1500
629.000 # 1500
630.000 # 1500
631.000 # 1500
632.000 # 1500
633.000 # 1500
634.000 # 1500
635.000 # 1500
636.000 # 1500
637.000 # 1500
638.000 # 1500
639.000 # 1500
640.000 # 1500
641.000 # 1500
642.000 # 1500
643.000 # 1500
644.000 # 1500
645.000 # 1500
646.000 # 1500
647.000 # 1500
648.000 # 1500
649.000 # 1500
650.000 # 1500
651.000 # 1500
652.000 # 1500
653.000 # 1500
654.000 # 1500
655.000 # 1500
656.000 # 1500
657.000 # 1500
658.000 # 1500
659.000 # 1500
660.000 # 1500
661.000 # 1500
662.000 # 1500
663.000 # 1500
664.000 # 1500
665.000 # 1500
666.000 # 1500
667.000 # 1500
668.000 # 1500
669.000 # 1500
670.000 # 1500
671.000 # 1500
672.000 # 1500
673.000 # 1500
674.000 # 1500
675.000 # 1500
676.000 # 1500
677.000 # 1500
678.000 # 1500
679.000 # 1500
680.000 # 1500
681.000 # 1500
682.000 # 1500
683.000 # 1500
684.000 # 1500
685.000 # 1500
686.000 # 1500
687.000 # 1500
688.000 # 1500
689.000 # 1500
690.000 # 1500
691.000 # 1500
692.000 # 1500
693.000 # 1500
694.000 # 1500
695.000 # 1500
696.000 # 1500
697.000 # 1500
698.000 # 1500
699.000 # 1500
700.000 # 1500
701.000 # 1500
702.000 # 1500
703.000 # 1500
704.000 # 1500
705.000 # 1500
706.000 # 1500
707.000 # 1500
708.000 # 1500
709.000 # 1500
710.000 # 1500
711.000 # 1500
712.000 # 1500
713.000 # 1500
714.000 # 1500
715.000 # 1500
716.000 # 1500
717.000 # 1500
718.000 # 1500
719.000 # 1500
720.000 # 1500
721.000 # 1500
722.000 # 1500
723.000 # 1500
724.000 # 1500
725.000 # 1500
726.000 # 1500
727.000 # 1500
728.000 # 1500
729.000 # 1500
730.000 # 1500
731.000 # 1500
732.000 # 1500
733.000 # 1500
734.000 # 1500
735.000 # 1500
736.000 # 1500
737.000 # 1500
738.000 # 1500
739.000 # 1500
740.000 # 1500
741.000 # 1500
742.000 # 1500
743.000 # 1500
744.000 # 1500
745.000 # 1500
746.000 # 1500
747.000 # 1500
748.000 # 1500
749.000 # 1500
750.000 # 1500
751.000 # 1500
752.000 # 1500
753.000 # 1500
754.000 # 1500
755.000 # 1500
756.000 # 1500
757.000 # 1500
758.000 # 1500
759.000 # 1500
760.000 # 1500
761.000 # 1500
762.000 # 1500
763.000 # 1500
764.000 # 1500
765.000 # 1500
766.000 # 1500
767.000 # 1500
768.000 # 1500
769.000 # 1500
770.000 # 1500
771.000 # 1500
772.000 # 1500
773.000 # 1500
774.000 # 1500
775.000 # 1500
776.000 # 1500
777.000 # 1500
778.000 # 1500
779.000 # 1500
780.000 # 1500
781.000 # 1500
782.000 # 1500
783.000 # 1500
784.000 # 1500
785.000 # 1500
786.000 # 1500
787.000 # 1500
788.000 # 1500
789.000 # 1500
790.000 # 1500
791.000 # 1500
792.000 # 1500
793.000 # 1500
794.000 # 1500
795.000 # 1500
796.000 # 1500
797.000 # 1500
798.000 # 1500
799.000 # 1500
800.000 # 1500
801.000 # 1500
802.000 # 1500
803.000 # 1500
804.000 # 1500
805.000 # 1500
806.000 # 1500
807.000 # 1500
808.000 # 1500
809.000 # 1500
810.000 # 1500
811.000 # 1500
812.000 # 1500
813.000 # 1500
814.000 # 1500
815.000 # 1500
816.000 # 1500
817.000 # 1500
818.000 # 1500
819.000 # 1500
820.000 # 1500
821.000 # 1500
822.000 # 1500
823.000 # 1500
824.000 # 1500
825.000 # 1500
826.000 # 1500
827.000 # 1500
828.000 # 1500
829.000 # 1500
830.000 # 1500
831.000 # 1500
832.000 # 1500
833.000 # 1500
834.000 # 1500
835.000 # 1500
836.000 # 1500
837.000 # 1500
838.000 # 1500
839.000 # 1500
840.000 # 1500
841.000 # 1500
842.000 # 1500
843.000 # 1500
844.000 # 1500
845.000 # 1500
846.000 # 1500
847.000 # 1500
848.000 # 1500
849.000 # 1500
850.000 # 1500
851.000 # 1500
852.000 # 1500
853.000 # 1500
854.000 # 1500
855.000 # 1500
856.000 # 1500
857.000 # 1500
858.000 # 1500
859.000 # 1500
860.000 # 1500
861.000 # 1500
862.000 # 1500
863.000 # 1500
864.000 # 1500
865.000 # 1500
866.000 # 1500
867.000 # 1500
868.000 # 1500
869.000 # 1500
870.000 # 1500
871.000 # 1500
872.000 # 1500
873.000 # 1500
874.000 # 1500
875.000 # 1500
876.000 # 1500
877.000 # 1500
878.000 # 1500
879.000 # 1500
880.000 # 1500
881.000 # 1500
882.000 # 1500
883.000 # 1500
884.000 # 1500
885.000 # 1500
886.000 # 1500
887.000 # 1500
888.000 # 1500
889.000 # 1500
890.000 # 1500
891.000 # 1500
892.000 # 1500
893.000 # 1500
894.000 # 1500
895.000 # 1500
896.000 # 1500
897.000 # 1500
898.000 # 1500
899.000 # 1500
900.000 # 1500
901.000 # 1500
902.000 # 1500
903.000 # 1500
904.000 # 1500
905.000 # 1500
906.000 # 1500
907.000 # 1500
908.000 # 1500
909.000 # 1500
910.000 # 1500
911.000 # 1500
912.000 # 1500
913.000 # 1500
914.000 # 1500
915.000 # 1500
916.000 # 1500
917.000 # 1500
918.000 # 1500
919.000 # 1500
920.000 # 1500
921.000 # 1500
922.000 # 1500
923.000 # 1500
924.000 # 1500
925.000 # 1500
926.000 # 1500
927.000 # 1500
928.000 # 1500
929.000 # 1500
930.000 # 1500
931.000 # 1500
932.000 # 1500
933.000 # 1500
934.000 # 1500
935.000 # 1500
936.000 # 1500
937.000 # 1500
938.000 # 1500
939.000 # 1500
940.000 # 1500
941.000 # 1500
942.000 # 1500
943.000 # 1500
944.000 # 1500
945.000 # 1500
946.000 # 1500
947.000 # 1500
948.000 # 1500
949.000 # 1500
950.000 # 1500
951.000 # 1500
952.000 # 1500
953.000 # 1500
954.000 # 1500
955.000 # 1500
956.000 # 1500
957.000 # 1500
958.000 # 1500
959.000 # 1500
960.000 # 1500
961.000 # 1500
962.000 # 1500
963.000 # 1500
964.000 # 1500
965.000 # 1500
966.000 # 1500
967.000 # 1500
968.000 # 1500
969.000 # 1500
970.000 # 1500
971.000 # 1500
972.000 # 1500
973.000 # 1500
974.000 # 1500
975.000 # 1500
976.000 # 1500
977.000 # 1500
978.000 # 1500
979.000 # 1500
980.000 # 1500
981.000 # 1500
982.000 # 1500
983.000 # 1500
984.000 # 1500
985.000 # 1500
986.000 # 1500
987.000 # 1500
988.000 # 1500
989.000 # 1500
990.000 # 1500
991.000 # 1500
992.000 # 1500
993.000 # 1500
994.000 # 1500
995.000 # 1500
996.000 # 1500
997.000 # 1500
998.000 # 1500
999.000 # 1500
1000.000 # 1500
1001.000 # 1500
1002.000 # 1500
1003.000 # 1500
1004.000 # 1500
1005.000 # 1500
1006.000 # 1500
1007.000 # 1500
1008.000 # 1500
1009.000 # 1500
1010.000 # 1500
1011.000 # 1500
1012.000 # 1500
1013.000 # 1500
1014.000 # 1500
1015.000 # 1500
1016.000 # 1500
1017.000 # 1500
1018.000 # 1500
1019.000 # 1500
1020.000 # 1500
1021.000 # 1500
1022.000 # 1500
1023.000 # 1500
1024.000 # 1500
1025.000 # 1500
1026.000 # 1500
1027.000 # 1500
1028.000 # 1500
1029.000 # 1500
1030.000 # 1500
1031.000 # 1500
1032.000 # 1500
1033.000 # 1500
1034.000 # 1500
1035.000 # 1500
1036.000 # 1500
1037.000 # 1500
1038.000 # 1500
1039.000 # 1500
1040.000 # 1500
1041.000 # 1500
1042.000 # 1500
1043.000 # 1500
1044.000 # 1500
1045.000 # 1500
1046.000 # 1500
1047.000 # 1500
1048.000 # 1500
1049.000 # 1500
1050.000 # 1500
1051.000 # 1500
1052.000 # 1500
1053.000 # 1500
1054.000 # 1500
1055.000 # 1500
1056.000 # 1500
1057.000 # 1500
1058.000 # 1500
1059.000 # 1500
1060.000 # 1500
1061.000 # 1500
1062.000 # 1500
1063.000 # 1500
1064.000 # 1500
1065.000 # 1500
1066.000 # 1500
1067.000 # 1500
1068.000 # 1500
1069.000 # 1500
1070.000 # 1500
1071.000 # 1500
1072.000 # 1500
1073.000 # 1500
1074.000 # 1500
1075.000 # 1500
1076.000 # 1500
1077.000 # 1500
1078.000 # 1500
1079.000 # 1500
1080.000 # 1500
1081.000 # 1500
1082.000 # 1500
1083.000 # 1500
1084.000 # 1500
1085.000 # 1500
1086.000 # 1500
1087.000 # 1500
1088.000 # 1500
1089.000 # 1500
1090.000 # 1500
1091.000 # 1500
1092.000 # 1500
1093.000 # 1500
1094.000 # 1500
1095.000 # 1500
1096.000 # 1500
1097.000 # 1500
1098.000 # 1500
1099.000 # 1500
1100.000 # 1500
1101.000 # 1500
1102.000 # 1500
1103.000 # 1500
1104.000 # 1500
1105.000 # 1500
1106.000 # 1500
1107.000 # 1500
1108.000 # 1500
1109.000 # 1500
1110.000 # 1500
1111.000 # 1500
1112.000 # 1500
1113.000 # 1500
1114.000 # 1500
1115.000 # 1500
1116.000 # 1500
1117.000 # 1500
1118.000 # 1500
1119.000 # 1500
1120.000 # 1500
1121.000 # 1500
1122.000 # 1500
1123.000 # 1500
1124.000 # 1500
1125.000 # 1500
1126.000 # 1500
1127.000 # 1500
1128.000 # 1500
1129.000 # 1500
1130.000 # 1500
1131.000 # 1500
1132.000 # 1500
1133.000 # 1500
1134.000 # 1500
1135.000 # 1500
1136.000 # 1500
1137.000 # 1500
1138.000 # 1500
1139.000 # 1500
1140.000 # 1500
1141.000 # 1500
1142.000 # 1500
1143.000 # 1500
1144.000 # 1500
1145.000 # 1500
1146.000 # 1500
1147.000 # 1500
1148.000 # 1500
1149.000 # 1500
1150.000 # 1500
1151.000 # 1500
1152.000 # 1500
1153.000 # 1500
1154.000 # 1500
1155.000 # 1500
1156.000 # 1500
1157.000 # 1500
1158.000 # 1500
1159.000 # 1500
1160.000 # 1500
1161.000 # 1500
1162.000 # 1500
1163.000 # 1500
1164.000 # 1500
1165.000 # 1500
1166.000 # 1500
1167.000 # 1500
1168.000 # 1500
1169.000 # 1500
1170.000 # 1500
1171.000 # 1500
1172.000 # 1500
1173.000 # 1500
1174.000 # 1500
1175.000 # 1500
1176.000 # 1500
1177.000 # 1500
1178.000 # 1500
1179.000 # 1500
1180.000 # 1500
1181.000 # 1500
1182.000 # 1500
1183.000 # 1500
1184.000 # 1500
1185.000 # 1500
1186.000 # 1500
1187.000 # 1500
1188.000 # 1500
1189.000 # 1500
1190.000 # 1500
1191.000 # 1500
1192.000 # 1500
1193.000 # 1500
1194.000 # 1500
1195.000 # 1500
1196.000 # 1500
1197.000 # 1500
1198.000 # 1500
1199.000 # 1500
1200.000 # 1500
1201.000 # 1500
1202.000 # 1500
1203.000 # 1500
1204.000 # 1500
1205.000 # 1500
1206.000 # 1500
1207.000 # 1500
1208.000 # 1500
1209.000 # 1500
1210.000 # 1500
1211.000 # 1500
1212.000 # 1500
1213.000 # 1500
1214.000 # 1500
1215.000 # 1500
1216.000 # 1500
1217.000 # 1500
1218.000 # 1500
1219.000 # 1500
1220.000 # 1500
1221.000 # 1500
1222.000 # 1500
1223.000 # 1500
1224.000 # 1500
1225.000 # 1500
1226.000 # 1500
1227.000 # 1500
1228.000 # 1500
1229.000 # 1500
1230.000 # 1500
1231.000 # 1500
1232.000 # 1500
1233.000 # 1500
1234.000 # 1500
1235.000 # 1500
1236.000 # 1500
1237.000 # 1500
1238.000 # 1500
1239.000 # 1500
1240.000 # 1500
1241.000 # 1500
1242.000 # 1500
1243.000 # 1500
1244.000 # 1500
1245.000 # 1500
1246.000 # 1500
1247.000 # 1500
1248.000 # 1500
1249.000 # 1500
1250.000 # 1500
1251.000 # 1500
1252.000 # 1500
1253.000 # 1500
1254.000 # 1500
1255.000 # 1500
1256.000 # 1500
1257.000 # 1500
1258.000 # 1500
1259.000 # 1500
1260.000 # 1500
1261.000 # 1500
1262.000 # 1500
1263.000 # 1500
1264.000 # 1500
1265.000 # 1500
1266.000 # 1500
1267.000 # 1500
1268.000 # 1500
1269.000 # 1500
1270.000 # 1500
1271.000 # 1500
1272.000 # 1500
1273.000 # 1500
1274.000 # 1500
1275.000 # 1500
1276.000 # 1500
1277.000 # 1500
1278.000 # 1500
1279.000 # 1500
1280.000 # 1500
1281.000 # 1500
1282.000 # 1500
1283.000 # 1500
1284.000 # 1500
1285.000 # 1500
1286.000 # 1500
1287.000 # 1500
1288.000 # 1500
1289.000 # 1500
1290.000 # 1500
1291.000 # 1500
1292.000 # 1500
1293.000 # 1500
1294.000 # 1500
1295.000 # 1500
1296.000 # 1500
1297.000 # 1500
1298.000 # 1500
1299.000 # 1500
1300.000 # 1500
1301.000 # 1500
1302.000 # 1500
1303.000 # 1500
1304.000 # 1500
1305.000 # 1500
1306.000 # 1500
1307.000 # 1500
1308.000 # 1500
1309.000 # 1500
1310.000 # 1500
1311.000 # 1500
1312.000 # 1500
1313.000 # 1500
1314.000 # 1500
1315.000 # 1500
1316.000 # 1500
1317.000 # 1500
1318.000 # 1500
1319.000 # 1500
1320.000 # 1500
1321.000 # 1500
1322.000 # 1500
1323.000 # 1500
1324.000 # 1500
1325.000 # 1500
1326.000 # 1500
1327.000 # 1500
1328.000 # 1500
1329.000 # 1500
1330.000 # 1500
1331.000 # 1500
1332.000 # 1500
1333.000 # 1500
1334.000 # 1500
1335.000 # 1500
1336.000 # 1500
1337.000 # 1500
1338.000 # 1500
1339.000 # 1500
1340.000 # 1500
1341.000 # 1500
1342.000 # 1500
1343.000 # 1500
1344.000 # 1500
1345.000 # 1500
1346.000 # 1500
1347.000 # 1500
1348.000 # 1500
1349.000 # 1500
1350.000 # 1500
1351.000 # 1500
1352.000 # 1500
1353.000 # 1500
1354.000 # 1500
1355.000 # 1500
1356.000 # 1500
1357.000 # 1500
1358.000 # 1500
1359.000 # 1500
1360.000 # 1500
1361.000 # 1500
1362.000 # 1500
1363.000 # 1500
1364.000 # 1500
1365.000 # 1500
1366.000 # 1500
1367.000 # 1500
1368.000 # 1500
1369.000 # 1500
1370.000 # 1500
1371.000 # 1500
1372.000 # 1500
1373.000 # 1500
1374.000 # 1500
1375.000 # 1500
1376.000 # 1500
1377.000 # 1500
1378.000 # 1500
1379.000 # 1500
1380.000 # 1500
1381.000 # 1500
1382.000 # 1500
1383.000 # 1500
1384.000 # 1500
1385.000 # 1500
1386.000 # 1500
1387.000 # 1500
1388.000 # 1500
1389.000 # 1500
1390.000 # 1500
1391.000 # 1500
1392.000 # 1500
1393.000 # 1500
1394.000 # 1500
1395.000 # 1500
1396.000 # 1500
1397.000 # 1500
1398.000 # 1500
1399.000 # 1500
1400.000 # 1500
1401.000 # 1500
1402.000 # 1500
1403.000 # 1500
1404.000 # 1500
1405.000 # 1500
1406.000 # 1500
1407.000 # 1500
1408.000 # 1500
1409.000 # 1500
1410.000 # 1500
1411.000 # 1500
1412.000 # 1500
1413.000 # 1500
1414.000 # 1500
1415.000 # 1500
1416.000 # 1500
1417.000 # 1500
1418.000 # 1500
1419.000 # 1500
1420.000 # 1500
1421.000 # 1500
1422.000 # 1500
1423.000 # 1500
1424.000 # 1500
1425.000 # 1500
1426.000 # 1500
1427.000 # 1500
1428.000 # 1500
1429.000 # 1500
1430.000 # 1500
1431.000 # 1500
1432.000 # 1500
1433.000 # 1500
1434.000 # 1500
1435.000 # 1500
1436.000 # 1500
1437.000 # 1500
1438.000 # 1500
1439.000 # 1500
1440.000 # 1500
1441.000 # 1500
1442.000 # 1500
1443.000 # 1500
1444.000 # 1500
1445.000 # 1500
1446.000 # 1500
1447.000 # 1500
1448.000 # 1500
1449.000 # 1500
1450.000 # 1500
1451.000 # 1500
1452.000 # 1500
1453.000 # 1500
1454.000 # 1500
1455.000 # 1500
1456.000 # 1500
1457.000 # 1500
1458.000 # 1500
1459.000 # 1500
1460.000 # 1500
1461.000 # 1500
1462.000 # 1500
1463.000 # 1500
1464.000 # 1500
1465.000 # 1500
1466.000 # 1500
1467.000 # 1500
1468.000 # 1500
1469.000 # 1500
1470.000 # 1500
1471.000 # 1500
1472.000 # 1500
1473.000 # 1500
1474.000 # 1500
1475.000 # 1500
1476.000 # 1500
1477.000 # 1500
1478.000 # 1500
1479.000 # 1500
1480.000 # 1500
1481.000 # 1500
1482.000 # 1500
1483.000 # 1500
1484.000 # 1500
1485.000 # 1500
1486.000 # 1500
1487.000 # 1500
1488.000 # 1500
1489.000 # 1500
1490.000 # 1500
1491.000 # 1500
1492.000 # 1500
1493.000 # 1500
1494.000 # 1500
1495.000 # 1500
1496.000 # 1500
1497.000 # 1500
1498.000 # 1500
1499.000 # 1500
1500.000 # 1500
1501.000 # 1500
1502.000 # 1500
1503.000 # 1500
1504.000 # 1500
1505.000 # 1500
1506.000 # 1500
1507.000 # 1500
1508.000 # 1500
1509.000 # 1500
1510.000 # 1500
1511.000 # 1500
1512.000 # 1500
1513.000 # 1500
1514.000 # 1500
1515.000 # 1500
1516.000 # 1500
1517.000 # 1500
1518.000 # 1500
1519.000 # 1500
1520.000 # 1500
1521.000 # 1500
1522.000 # 1500
1523.000 # 1500
1524.000 # 1500
1525.000 # 1500
1526.000 # 1500
1527.000 # 1500
1528.000 # 1500
1529.000 # 1500
1530.000 # 1500
1531.000 # 1500
1532.000 # 1500
1533.000 # 1500
1534.000 # 1500
1535.000 # 1500
1536.000 # 1500
1537.000 # 1500
1538.000 # 1500
1539.000 # 1500
1540.000 # 1500
1541.000 # 1500
1542.000 # 1500
1543.000 # 1500
1544.000 # 1500
1545.000 # 1500
1546.000 # 1500
1547.000 # 1500
1548.000 # 1500
1549.000 # 1500
1550.000 # 1500
1551.000 # 1500
1552.000 # 1500
1553.000 # 1500
1554.000 # 1500
1555.000 # 1500
1556.000 # 1500
1557.000 # 1500
1558.000 # 1500
1559.000 # 1500
1560.000 # 1500
1561.000 # 1500
1562.000 # 1500
1563.000 # 1500
1564.000 # 1500
1565.000 # 1500
1566.000 # 1500
1567.000 # 1500
1568.000 # 1500
1569.000 # 1500
1570.000 # 1500
1571.000 # 1500
1572.000 # 1500
1573.000 # 1500
1574.000 # 1500
1575.000 # 1500
1576.000 # 1500
1577.000 # 1500
1578.000 # 1500
1579.000 # 1500
1580.000 # 1500
1581.000 # 1500
1582.000 # 1500
1583.000 # 1500
1584.000 # 1500
1585.000 # 1500
1586.000 # 1500
1587.000 # 1500
1588.000 # 1500
1589.000 # 1500
1590.000 # 1500
1591.000 # 1500
1592.000 # 1500
1593.000 # 1500
1594.000 # 1500
1595.000 # 1500
1596.000 # 1500
1597.000 # 1500
1598.000 # 1500
1599.000 # 1500
1600.000 # 1500
1601.000 # 1500
1602.000 # 1500
1603.000 # 1500
1604.000 # 1500
1605.000 # 1500
1606.000 # 1500
1607.000 # 1500
1608.000 # 1500
1609.000 # 1500
1610.000 # 1500
1611.000 # 1500
1612.000 # 1500
1613.000 # 1500
1614.000 # 1500
1615.000 # 1500
1616.000 # 1500
1617.000 # 1500
1618.000 # 1500
1619.000 # 1500
1620.000 # 1500
1621.000 # 1500
1622.000 # 1500
1623.000 # 1500
1624.000 # 1500
1625.000 # 1500
1626.000 # 1500
1627.000 # 1500
1628.000 # 1500
1629.000 # 1500
1630.000 # 1500
1631.000 # 1500
1632.000 # 1500
1633.000 # 1500
1634.000 # 1500
1635.000 # 1500
1636.000 # 1500
1637.000 # 1500
1638.000 # 1500
1639.000 # 1500
1640.000 # 1500
1641.000 # 1500
1642.000 # 1500
1643.000 # 1500
1644.000 # 1500
1645.000 # 1500
1646.000 # 1500
1647.000 # 1500
1648.000 # 1500
1649.000 # 1500
1650.000 # 1500
1651.000 # 1500
1652.000 # 1500
1653.000 # 1500
1654.000 # 1500
1655.000 # 1500
1656.000 # 1500
1657.000 # 1500
1658.000 # 1500
1659.000 # 1500
1660.000 # 1500
1661.000 # 1500
1662.000 # 1500
1663.000 # 1500
1664.000 # 1500
1665.000 # 1500
1666.000 # 1500
1667.000 # 1500
1668.000 # 1500
1669.000 # 1500
1670.000 # 1500
1671.000 # 1500
1672.000 # 1500
1673.000 # 1500
1674.000 # 1500
1675.000 # 1500
1676.000 # 1500
1677.000 # 1500
1678.000 # 1500
1679.000 # 1500
1680.000 # 1500
1681.000 # 1500
1682.000 # 1500
1683.000 # 1500
1684.000 # 1500
1685.000 # 1500
1686.000 # 1500
1687.000 # 1500
1688.000 # 1500
1689.000 # 1500
1690.000 # 1500
1691.000 # 1500
1692.000 # 1500
1693.000 # 1500
1694.000 # 1500
1695.000 # 1500
1696.000 # 1500
1697.000 # 1500
1698.000 # 1500
1699.000 # 1500
1700.000 # 1500
1701.000 # 1500
1702.000 # 1500
1703.000 # 1500
1704.000 # 1500
1705.000 # 1500
1706.000 # 1500
1707.000 # 1500
1708.000 # 1500
1709.000 # 1500
1710.000 # 1500
1711.000 # 1500
1712.000 # 1500
1713.000 # 1500
1714.000 # 1500
1715.000 # 1500
1716.000 # 1500
1717.000 # 1500
1718.000 # 1500
1719.000 # 1500
1720.000 # 1500
1721.000 # 1500
1722.000 # 1500
1723.000 # 1500
1724.000 # 1500
1725.000 # 1500
1726.000 # 1500
1727.000 # 1500
1728.000 # 1500
1729.000 # 1500
1730.000 # 1500
1731.000 # 1500
1732.000 # 1500
1733.000 # 1500
1734.000 # 1500
1735.000 # 1500
1736.000 # 1500
1737.000 # 1500
1738.000 # 1500
1739.000 # 1500
1740.000 # 1500
1741.000 # 1500
1742.000 # 1500
1743.000 # 1500
1744.000 # 1500
1745.000 # 1500
1746.000 # 1500
1747.000 # 1500
1748.000 # 1500
1749.000 # 1500
1750.000 # 1500
1751.000 # 1500
1752.000 # 1500
1753.000 # 1500
1754.000 # 1500
1755.000 # 1500
1756.000 # 1500
1757.000 # 1500
1758.000 # 1500
1759.000 # 1500
1760.000 # 1500
1761.000 # 1500
1762.000 # 1500
1763.000 # 1500
1764.000 # 1500
1765.000 # 1500
1766.000 # 1500
1767.000 # 1500
1768.000 # 1500
1769.000 # 1500
1770.000 # 1500
1771.000 # 1500
1772.000 # 1500
1773.000 # 1500
1774.000 # 1500
1775.000 # 1500
1776.000 # 1500
1777.000 # 1500
1778.000 # 1500
1779.000 # 1500
1780.000 # 1500
1781.000 # 1500
1782.000 # 1500
1783.000 # 1500
1784.000 # 1500
1785.000 # 1500
1786.000 # 1500
1787.000 # 1500
1788.000 # 1500
1789.000 # 1500
1790.000 # 1500
1791.000 # 1500
1792.000 # 1500
1793.000 # 1500
1794.000 # 1500
1795.000 # 1500
1796.000 # 1500
1797.000 # 1500
1798.000 # 1500
1799.000 # 1500
1800.000 # 1500
1801.000 # 1500
1802.000 # 1500
1803.000 # 1500
1804.000 # 1500
1805.000 # 1500
1806.000 # 1500
1807.000 # 1500
1808.000 # 1500
1809.000 # 1500
1810.000 # 1500
1811.000 # 1500
1812.000 # 1500
1813.000 # 1500
1814.000 # 1500
1815.000 # 1500
1816.000 # 1500
1817.000 # 1500
1818.000 # 1500
1819.000 # 1500
1820.000 # 1500
1821.000 # 1500
1822.000 # 1500
1823.000 # 1500
1824.000 # 1500
1825.000 # 1500
1826.000 # 1500
1827.000 # 1500
1828.000 # 1500
1829.000 # 1500
1830.000 # 1500
1831.000 # 1500
1832.000 # 1500
1833.000 # 1500
1834.000 # 1500
1835.000 # 1500
1836.000 # 1500
1837.000 # 1500
1838.000 # 1500
1839.000 # 1500
1840.000 # 1500
1841.000 # 1500
1842.000 # 1500
1843.000 # 1500
1844.000 # 1500
1845.000 # 1500
1846.000 # 1500
1847.000 # 1500
1848.000 # 1500
1849.000 # 1500
1850.000 # 1500
1851.000 # 1500
1852.000 # 1500
1853.000 # 1500
1854.000 # 1500
1855.000 # 1500
1856.000 # 1500
1857.000 # 1500
1858.000 # 1500
1859.000 # 1500
1860.000 # 1500
1861.000 # 1500
1862.000 # 1500
1863.000 # 1500
1864.000 # 1500
1865.000 # 1500
1866.000 # 1500
1867.000 # 1500
1868.000 # 1500
1869.000 # 1500
1870.000 # 1500
1871.000 # 1500
1872.000 # 1500
1873.000 # 1500
1874.000 # 1500
1875.000 # 1500
1876.000 # 1500
1877.000 # 1500
1878.000 # 1500
1879.000 # 1500
1880.000 # 1500
1881.000 # 1500
1882.000 # 1500
1883.000 # 1500
1884.000 # 1500
1885.000 # 1500
1886.000 # 1500
1887.000 # 1500
1888.000 # 1500
1889.000 # 1500
1890.000 # 1500
1891.000 # 1500
1892.000 # 1500
1893.000 # 1500
1894.000 # 1500
1895.000 # 1500
1896.000 # 1500
1897.000 # 1500
1898.000 # 1500
1899.000 # 1500
1900.000 # 1500
1901.000 # 1500
1902.000 # 1500
1903.000 # 1500
1904.000 # 1500
1905.000 # 1500
1906.000 # 1500
1907.000 # 1500
1908.000 # 1500
1909.000 # 1500
1910.000 # 1500
1911.000 # 1500
1912.000 # 1500
1913.000 # 1500
1914.000 # 1500
1915.000 # 1500
1916.000 # 1500
1917.000 # 1500
1918.000 # 1500
1919.000 # 1500
1920.000 # 1500
1921.000 # 1500
1922.000 # 1500
1923.000 # 1500
1924.000 # 1500
1925.000 # 1500
1926.000 # 1500
1927.000 # 1500
1928.000 # 1500
1929.000 # 1500
1930.000 # 1500
1931.000 # 1500
1932.000 # 1500
1933.000 # 1500
1934.000 # 1500
1935.000 # 1500
1936.000 # 1500
1937.000 # 1500
1938.000 # 1500
1939.000 # 1500
1940.000 # 1500
1941.000 # 1500
1942.000 # 1500
1943.000 # 1500
1944.000 # 1500
1945.000 # 1500
1946.000 # 1500
1947.000 # 1500
1948.000 # 1500
1949.000 # 1500
1950.000 # 1500
1951.000 # 1500
1952.000 # 1500
1953.000 # 1500
1954.000 # 1500
1955.000 # 1500
1956.000 # 1500
1957.000 # 1500
1958.000 # 1500
1959.000 # 1500
1960.000 # 1500
1961.000 # 1500
1962.000 # 1500
1963.000 # 1500
1964.000 # 1500
1965.000 # 1500
1966.000 # 1500
1967.000 # 1500
1968.000 # 1500
1969.000 # 1500
1970.000 # 1500
1971.000 # 1500
1972.000 # 1500
1973.000 # 1500
1974.000 # 1500
1975.000 # 1500
1976.000 # 1500
1977.000 # 1500
1978.000 # 1500
1979.000 # 1500
1980.000 # 1500
1981.000 # 1500
1982.000 # 1500
1983.000 # 1500
1984.000 # 1500
1985.000 # 1500
1986.000 # 1500
1987.000 # 1500
1988.000 # 1500
1989.000 # 1500
1990.000 # 1500
1991.000 # 1500
1992.000 # 1500
1993.000 # 1500
1994.000 # 1500
1995.000 # 1500
1996.000 # 1500
1997.000 # 1500
1998.000 # 1500
1999.000 # 1500
2000.000 # 1500
2001.000 # 1500
2002.000 # 1500
2003.000 # 1500
2004.000 # 1500
2005.000 # 1500
2006.000 # 1500
2007.000 # 1500
2008.000 # 1500
2009.000 # 1500
2010.000 # 1500
2011.000 # 1500
2012.000 # 1500
2013.000 # 1500
2014.000 # 1500
2015.000 # 1500
2016.000 # 1500
2017.000 # 1500
2018.000 # 1500
2019.000 # 1500
2020.000 # 1500
2021.000 # 1500
2022.000 # 1500
2023.000 # 1500
2024.000 # 1500
2025.000 # 1500
2026.000 # 1500
2027.000 # 1500
2028.000 # 1500
2029.000 # 1500
2030.000 # 1500
2031.000 # 1500
2032.000 # 1500
2033.000 # 1500
2034.000 # 1500
2035.000 # 1500
2036.000 # 1500
2037.000 # 1500
2038.000 # 1500
2039.000 # 1500
2040.000 # 1500
2041.000 # 1500
2042.000 # 1500
2043.000 # 1500
2044.000 # 1500
2045.000 # 1500
2046.000 # 1500
2047.000 # 1500
2048.000 # 1500
2049.000 # 1500
2050.000 # 1500
2051.000 # 1500
2052.000 # 1500
2053.000 # 1500
2054.000 # 1500
2055.000 # 1500
2056.000 # 1500
2057.000 # 1500
2058.000 # 1500
2059.000 # 1500
2060.000 # 1500
2061.000 # 1500
2062.000 # 1500
2063.000 # 1500
2064.000 # 1500
2065.000 # 1500
2066.000 # 1500
2067.000 # 1500
2068.000 # 1500
2069.000 # 1500
2070.000 # 1500
2071.000 # 1500
2072.000 # 1500
2073.000 # 1500
2074.000 # 1500
2075.000 # 1500
2076.000 # 1500
2077.000 # 1500
2078.000 # 1500
2079.000 # 1500
2080.000 # 1500
2081.000 # 1500
2082.000 # 1500
2083.000 # 1500
2084.000 # 1500
2085.000 # 1500
2086.000 # 1500
2087.000 # 1500
2088.000 # 1500
2089.000 # 1500
2090.000 # 1500
2091.000 # 1500
2092.000 # 1500
2093.000 # 1500
2094.000 # 1500
2095.000 # 1500
2096.000 # 1500
2097.000 # 1500
2098.000 # 1500
2099.000 # 1500
2100.000 # 1500
2101.000 # 1500
2102.000 # 1500
2103.000 # 1500
2104.000 # 1500
2105.000 # 1500
2106.000 # 1500
2107.000 # 1500
2108.000 # 1500
2109.000 # 1500
2110.000 # 1500
2111.000 # 1500
2112.000 # 1500
2113.000 # 1500
2114.000 # 1500
2115.000 # 1500
2116.000 # 1500
2117.000 # 1500
2118.000 # 1500
2119.000 # 1500
2120.000 # 1500
2121.000 # 1500
2122.000 # 1500
2123.000 # 1500
2124.000 # 1500
2125.000 # 1500
2126.000 # 1500
2127.000 # 1500
2128.000 # 1500
2129.000 # 1500
2130.000 # 1500
2131.000 # 1500
2132.000 # 1500
2133.000 # 1500
2134.000 # 1500
2135.000 # 1500
2136.000 # 1500
2137.000 # 1500
2138.000 # 1500
2139.000 # 1500
2140.000 # 1500
2141.000 # 1500
2142.000 # 1500
2143.000 # 1500
2144.000 # 1500
2145.000 # 1500
2146.000 # 1500
2147.000 # 1500
2148.000 # 1500
2149.000 # 1500
2150.000 # 1500
2151.000 # 1500
2152.000 # 1500
2153.000 # 1500
2154.000 # 1500
2155.000 # 1500
2156.000 # 1500
2157.000 # 1500
2158.000 # 1500
2159.000 # 1500
2160.000 # 1500
2161.000 # 1500
2162.000 # 1500
2163.000 # 1500
2164.000 # 1500
2165.000 # 1500
2166.000 # 1500
2167.000 # 1500
2168.000 # 1500
2169.000 # 1500
2170.000 # 1500
2171.000 # 1500
2172.000 # 1500
2173.000 # 1500
2174.000 # 1500
2175.000 # 1500
2176.000 # 1500
2177.000 # 1500
2178.000 # 1500
2179.000 # 1500
2180.000 # 1500
2181.000 # 1500
2182.000 # 1500
2183.000 # 1500
2184.000 # 1500
2185.000 # 1500
2186.000 # 1500
2187.000 # 1500
2188.000 # 1500
2189.000 # 1500
2190.000 # 1500
2191.000 # 1500
2192.000 # 1500
2193.000 # 1500
2194.000 # 1500
2195.000 # 1500
2196.000 # 1500
2197.000 # 1500
2198.000 # 1500
2199.000 # 1500
2200.000 # 1500
2201.000 # 1500
2202.000 # 1500
2203.000 # 1500
2204.000 # 1500
2205.000 # 1500
2206.000 # 1500
2207.000 # 1500
2208.000 # 1500
2209.000 # 1500
2210.000 # 1500
2211.000 # 1500
2212.000 # 1500
2213.000 # 1500
2214.000 # 1500
2215.000 # 1500
2216.000 # 1500
2217.000 # 1500
2218.000 # 1500
2219.000 # 1500
2220.000 # 1500
2221.000 # 1500
2222.000 # 1500
2223.000 # 1500
2224.000 # 1500
2225.000 # 1500
2226.000 # 1500
2227.000 # 1500
2228.000 # 1500
2229.000 # 1500
2230.000 # 1500
2231.000 # 1500
2232.000 # 1500
2233.000 # 1500
2234.000 # 1500
2235.000 # 1500
2236.000 # 1500
2237.000 # 1500
2238.000 # 1500
2239.000 # 1500
2240.000 # 1500
2241.000 # 1500
2242.000 # 1500
2243.000 # 1500
2244.000 # 1500
2245.000 # 1500
2246.000 # 1500
2247.000 # 1500
2248.000 # 1500
2249.000 # 1500
2250.000 # 1500
2251.000 # 1500
2252.000 # 1500
2253.000 # 1500
2254.000 # 1500
2255.000 # 1500
2256.000 # 1500
2257.000 # 1500
2258.000 # 1500
2259.000 # 1500
2260.000 # 1500
2261.000 # 1500
2262.000 # 1500
2263.000 # 1500
2264.000 # 1500
2265.000 # 1500
2266.000 # 1500
2267.000 # 1500
2268.000 # 1500
2269.000 # 1500
2270.000 # 1500
2271.000 # 1500
2272.000 # 1500
2273.000 # 1500
2274.000 # 1500
2275.000 # 1500
2276.000 # 1500
2277.000 # 1500
2278.000 # 1500
2279.000 # 1500
2280.000 # 1500
2281.000 # 1500
2282.000 # 1500
2283.000 # 1500
2284.000 # 1500
2285.000 # 1500
2286.000 # 1500
2287.000 # 1500
2288.000 # 1500
2289.000 # 1500
2290.000 # 1500
2291.000 # 1500
2292.000 # 1500
2293.000 # 1500
2294.000 # 1500
2295.000 # 1500
2296.000 # 1500
2297.000 # 1500
2298.000 # 1500
2299.000 # 1500
2300.000 # 1500
2301.000 # 1500
2302.000 # 1500
2303.000 # 1500
2304.000 # 1500
2305.000 # 1500
2306.000 # 1500
2307.000 # 1500
2308.000 # 1500
2309.000 # 1500
2310.000 # 1500
2311.000 # 1500
2312.000 # 1500
2313.000 # 1500
2314.000 # 1500
2315.000 # 1500
2316.000 # 1500
2317.000 # 1500
2318.000 # 1500
2319.000 # 1500
2320.000 # 1500
2321.000 # 1500
2322.000 # 1500
2323.000 # 1500
2324.000 # 1500
2325.000 # 1500
2326.000 # 1500
2327.000 # 1500
2328.000 # 1500
2329.000 # 1500
2330.000 # 1500
2331.000 # 1500
2332.000 # 1500
2333.000 # 1500
2334.000 # 1500
2335.000 # 1500
2336.000 # 1500
2337.000 # 1500
2338.000 # 1500
2339.000 # 1500
2340.000 # 1500
2341.000 # 1500
2342.000 # 1500
2343.000 # 1500
2344.000 # 1500
2345.000 # 1500
2346.000 # 1500
2347.000 # 1500
2348.000 # 1500
2349.000 # 1500
2350.000 # 1500
2351.000 # 1500
2352.000 # 1500
2353.000 # 1500
2354.000 # 1500
2355.000 # 1500
2356.000 # 1500
2357.000 # 1500
2358.000 # 1500
2359.000 # 1500
2360.000 # 1500
2361.000 # 1500
2362.000 # 1500
2363.000 # 1500
2364.000 # 1500
2365.000 # 1500
2366.000 # 1500
2367.000 # 1500
2368.000 # 1500
2369.000 # 1500
2370.000 # 1500
2371.000 # 1500
2372.000 # 1500
2373.000 # 1500
2374.000 # 1500
2375.000 # 1500
2376.000 # 1500
2377.000 # 1500
2378.000 # 1500
2379.000 # 1500
2380.000 # 1500
2381.000 # 1500
2382.000 # 1500
2383.000 # 1500
2384.000 # 1500
2385.000 # 1500
2386.000 # 1500
2387.000 # 1500
2388.000 # 1500
2389.000 # 1500
2390.000 # 1500
2391.000 # 1500
2392.000 # 1500
2393.000 # 1500
2394.000 # 1500
2395.000 # 1500
2396.000 # 1500
2397.000 # 1500
2398.000 # 1500
2399.000 # 1500
2400.000 # 1500
2401.000 # 1500
2402.000 # 1500
2403.000 # 1500
2404.000 # 1500
2405.000 # 1500
2406.000 # 1500
2407.000 # 1500
2408.000 # 1500
2409.000 # 1500
2410.000 # 1500
2411.000 # 1500
2412.000 # 1500
2413.000 # 1500
2414.000 # 1500
2415.000 # 1500
2416.000 # 1500
2417.000 # 1500
2418.000 # 1500
2419.000 # 1500
2420.000 # 1500
2421.000 # 1500
2422.000 # 1500
2423.000 # 1500
2424.000 # 1500
2425.000 # 1500
2426.000 # 1500
2427.000 # 1500
2428.000 # 1500
2429.000 # 1500
2430.000 # 1500
2431.000 # 1500
2432.000 # 1500
2433.000 # 1500
2434.000 # 1500
2435.000 # 1500
2436.000 # 1500
2437.000 # 1500
2438.000 # 1500
2439.000 # 1500
2440.000 # 1500
2441.000 # 1500
2442.000 # 1500
2443.000 # 1500
2444.000 # 1500
2445.000 # 1500
2446.000 # 1500
2447.000 # 1500
2448.000 # 1500
2449.000 # 1500
2450.000 # 1500
2451.000 # 1500
2452.000 # 1500
2453.000 # 1500
2454.000 # 1500
2455.000 # 1500
2456.000 # 1500
2457.000 # 1500
2458.000 # 1500
2459.000 # 1500
2460.000 # 1500
2461.000 # 1500
2462.000 # 1500
2463.000 # 1500
2464.000 # 1500
2465.000 # 1500
2466.000 # 1500
2467.000 # 1500
2468.000 # 1500
2469.000 # 1500
2470.000 # 1500
2471.000 # 1500
2472.000 # 1500
2473.000 # 1500
2474.000 # 1500
2475.000 # 1500
2476.000 # 1500
2477.000 # 1500
2478.000 # 1500
2479.000 # 1500
2480.000 # 1500
2481.000 # 1500
2482.000 # 1500
2483.000 # 1500
2484.000 # 1500
2485.000 # 1500
2486.000 # 1500
2487.000 # 1500
2488.000 # 1500
2489.000 # 1500
2490.000 # 1500
2491.000 # 1500
2492.000 # 1500
2493.000 # 1500
2494.000 # 1500
2495.000 # 1500
2496.000 # 1500
2497.000 # 1500
2498.000 # 1500
2499.000 # 1500
2500.000 # 1500
2501.000 # 1500
2502.000 # 1500
2503.000 # 1500
2504.000 # 1500
2505.000 # 1500
2506.000 # 1500
2507.000 # 1500
2508.000 # 1500
2509.000 # 1500
2510.000 # 1500
2511.000 # 1500
2512.000 # 1500
2513.000 # 1500
2514.000 # 1500
2515.000 # 1500
2516.000 # 1500
2517.000 # 1500
2518.000 # 1500
2519.000 # 1500
2520.000 # 1500
2521.000 # 1500
2522.000 # 1500
2523.000 # 1500
2524.000 # 1500
2525.000 # 1500
2526.000 # 1500
2527.000 # 1500
2528.000 # 1500
2529.000 # 1500
2530.000 # 1500
2531.000 # 1500
2532.000 # 1500
2533.000 # 1500
2534.000 # 1500
2535.000 # 1500
2536.000 # 1500
2537.000 # 1500
2538.000 # 1500
2539.000 # 1500
2540.000 # 1500
2541.000 # 1500
2542.000 # 1500
2543.000 # 1500
2544.000 # 1500
2545.000 # 1500
2546.000 # 1500
2547.000 # 1500
2548.000 # 1500
2549.000 # 1500
2550.000 # 1500
2551.000 # 1500
2552.000 # 1500
2553.000 # 1500
2554.000 # 1500
2555.000 # 1500
2556.000 # 1500
2557.000 # 1500
2558.000 # 1500
2559.000 # 1500
2560.000 # 1500
2561.000 # 1500
2562.000 # 1500
2563.000 # 1500
2564.000 # 1500
2565.000 # 1500
2566.000 # 1500
2567.000 # 1500
2568.000 # 1500
2569.000 # 1500
2570.000 # 1500
2571.000 # 1500
2572.000 # 1500
2573.000 # 1500
2574.000 # 1500
2575.000 # 1500
2576.000 # 1500
2577.000 # 1500
2578.000 # 1500
2579.000 # 1500
2580.000 # 1500
2581.000 # 1500
2582.000 # 1500
2583.000 # 1500
2584.000 # 1500
2585.000 # 1500
2586.000 # 1500
2587.000 # 1500
2588.000 # 1500
2589.000 # 1500
2590.000 # 1500
2591.000 # 1500
2592.000 # 1500
2593.000 # 1500
2594.000 # 1500
2595.000 # 1500
2596.000 # 1500
2597.000 # 1500
2598.000 # 1500
2599.000 # 1500
2600.000 # 1500
2601.000 # 1500
2602.000 # 1500
2603.000 # 1500
2604.000 # 1500
2605.000 # 1500
2606.000 # 1500
2607.000 # 1500
2608.000 # 1500
2609.000 # 1500
2610.000 # 1500
2611.000 # 1500
2612.000 # 1500
2613.000 # 1500
2614.000 # 1500
2615.000 # 1500
2616.000 # 1500
2617.000 # 1500
2618.000 # 1500
2619.000 # 1500
2620.000 # 1500
2621.000 # 1500
2622.000 # 1500
2623.000 # 1500
2624.000 # 1500
2625.000 # 1500
2626.000 # 1500
2627.000 # 1500
2628.000 # 1500
2629.000 # 1500
2630.000 # 1500
2631.000 # 1500
2632.000 # 1500
2633.000 # 1500
2634.000 # 1500
2635.000 # 1500
2636.000 # 1500
2637.000 # 1500
2638.000 # 1500
2639.000 # 1500
2640.000 # 1500
2641.000 # 1500
2642.000 # 1500
2643.000 # 1500
2644.000 # 1500
2645.000 # 1500
2646.000 # 1500
2647.000 # 1500
2648.000 # 1500
2649.000 # 1500
2650.000 # 1500
2651.000 # 1500
2652.000 # 1500
2653.000 # 1500
2654.000 # 1500
2655.000 # 1500
2656.000 # 1500
2657.000 # 1500
2658.000 # 1500
2659.000 # 1500
2660.000 # 1500
2661.000 # 1500
2662.000 # 1500
2663.000 # 1500
2664.000 # 1500
2665.000 # 1500
2666.000 # 1500
2667.000 # 1500
2668.000 # 1500
2669.000 # 1500
2670.000 # 1500
2671.000 # 1500
2672.000 # 1500
2673.000 # 1500
2674.000 # 1500
2675.000 # 1500
2676.000 # 1500
2677.000 # 1500
2678.000 # 1500
2679.000 # 1500
2680.000 # 1500
2681.000 # 1500
2682.000 # 1500
2683.000 # 1500
2684.000 # 1500
2685.000 # 1500
2686.000 # 1500
2687.000 # 1500
2688.000 # 1500
2689.000 # 1500
2690.000 # 1500
2691.000 # 1500
2692.000 # 1500
2693.000 # 1500
2694.000 # 1500
2695.000 # 1500
2696.000 # 1500
2697.000 # 1500
2698.000 # 1500
2699.000 # 1500
2700.000 # 1500
2701.000 # 1500
2702.000 # 1500
2703.000 # 1500
2704.000 # 1500
2705.000 # 1500
2706.000 # 1500
2707.000 # 1500
2708.000 # 1500
2709.000 # 1500
2710.000 # 1500
2711.000 # 1500
2712.000 # 1500
2713.000 # 1500
2714.000 # 1500
2715.000 # 1500
2716.000 # 1500
2717.000 # 1500
2718.000 # 1500
2719.000 # 1500
2720.000 # 1500
2721.000 # 1500
2722.000 # 1500
2723.000 # 1500
2724.000 # 1500
2725.000 # 1500
2726.000 # 1500
2727.000 # 1500
2728.000 # 1500
2729.000 # 1500
2730.000 # 1500
2731.000 # 1500
2732.000 # 1500
2733.000 # 1500
2734.000 # 1500
2735.000 # 1500
2736.000 # 1500
2737.000 # 1500
2738.000 # 1500
2739.000 # 1500
2740.000 # 1500
2741.000 # 1500
2742.000 # 1500
2743.000 # 1500
2744.000 # 1500
2745.000 # 1500
2746.000 # 1500
2747.000 # 1500
2748.000 # 1500
2749.000 # 1500
2750.000 # 1500
2751.000 # 1500
2752.000 # 1500
2753.000 # 1500
2754.000 # 1500
2755.000 # 1500
2756.000 # 1500
2757.000 # 1500
2758.000 # 1500
2759.000 # 1500
2760.000 # 1500
2761.000 # 1500
2762.000 # 1500
2763.000 # 1500
2764.000 # 1500
2765.000 # 1500
2766.000 # 1500
2767.000 # 1500
2768.000 # 1500
2769.000 # 1500
2770.000 # 1500
2771.000 # 1500
2772.000 # 1500
2773.000 # 1500
2774.000 # 1500
2775.000 # 1500
2776.000 # 1500
2777.000 # 1500
2778.000 # 1500
2779.000 # 1500
2780.000 # 1500
2781.000 # 1500
2782.000 # 1500
2783.000 # 1500
2784.000 # 1500
2785.000 # 1500
2786.000 # 1500
2787.000 # 1500
2788.000 # 1500
2789.000 # 1500
2790.000 # 1500
2791.000 # 1500
2792.000 # 1500
2793.000 # 1500
2794.000 # 1500
2795.000 # 1500
2796.000 # 1500
2797.000 # 1500
2798.000 # 1500
2799.000 # 1500
2800.000 # 1500
2801.000 # 1500
2802.000 # 1500
2803.000 # 1500
2804.000 # 1500
2805.000 # 1500
2806.000 # 1500
2807.000 # 1500
2808.000 # 1500
2809.000 # 1500
2810.000 # 1500
2811.000 # 1500
2812.000 # 1500
2813.000 # 1500
2814.000 # 1500
2815.000 # 1500
2816.000 # 1500
2817.000 # 1500
2818.000 # 1500
2819.000 # 1500
2820.000 # 1500
2821.000 # 1500
2822.000 # 1500
2823.000 # 1500
2824.000 # 1500
2825.000 # 1500
2826.000 # 1500
2827.000 # 1500
2828.000 # 1500
2829.000 # 1500
2830.000 # 1500
2831.000 # 1500
2832.000 # 1500
2833.000 # 1500
2834.000 # 1500
2835.000 # 1500
2836.000 # 1500
2837.000 # 1500
2838.000 # 1500
2839.000 # 1500
2840.000 # 1500
2841.000 # 1500
2842.000 # 1500
2843.000 # 1500
2844.000 # 1500
2845.000 # 1500
2846.000 # 1500
2847.000 # 1500
2848.000 # 1500
2849.000 # 1500
2850.000 # 1500
2851.000 # 1500
2852.000 # 1500
2853.000 # 1500
2854.000 # 1500
2855.000 # 1500
2856.000 # 1500
2857.000 # 1500
2858.000 # 1500
2859.000 # 1500
2860.000 # 1500
2861.000 # 1500
2862.000 # 1500
2863.000 # 1500
2864.000 # 1500
2865.000 # 1500
2866.000 # 1500
2867.000 # 1500
2868.000 # 1500
2869.000 # 1500
2870.000 # 1500
2871.000 # 1500
2872.000 # 1500
2873.000 # 1500
2874.000 # 1500
2875.000 # 1500
2876.000 # 1500
2877.000 # 1500
2878.000 # 1500
2879.000 # 1500
2880.000 # 1500
2881.000 # 1500
2882.000 # 1500
2883.000 # 1500
2884.000 # 1500
2885.000 # 1500
2886.000 # 1500
2887.000 # 1500
2888.000 # 1500
2889.000 # 1500
2890.000 # 1500
2891.000 # 1500
2892.000 # 1500
2893.000 # 1500
2894.000 # 1500
2895.000 # 1500
2896.000 # 1500
2897.000 # 1500
2898.000 # 1500
2899.000 # 1500
2900.000 # 1500
2901.000 # 1500
2902.000 # 1500
2903.000 # 1500
2904.000 # 1500
2905.000 # 1500
2906.000 # 1500
2907.000 # 1500
2908.000 # 1500
2909.000 # 1500
2910.000 # 1500
2911.000 # 1500
2912.000 # 1500
2913.000 # 1500
2914.000 # 1500
2915.000 # 1500
2916.000 # 1500
2917.000 # 1500
2918.000 # 1500
2919.000 # 1500
2920.000 # 1500
2921.000 # 1500
2922.000 # 1500
2923.000 # 1500
2924.000 # 1500
2925.000 # 1500
2926.000 # 1500
2927.000 # 1500
2928.000 # 1500
2929.000 # 1500
2930.000 # 1500
2931.000 # 1500
2932.000 # 1500
2933.000 # 1500
2934.000 # 1500
2935.000 # 1500
2936.000 # 1500
2937.000 # 1500
2938.000 # 1500
2939.000 # 1500
2940.000 # 1500
2941.000 # 1500
2942.000 # 1500
2943.000 # 1500
2944.000 # 1500
2945.000 # 1500
2946.000 # 1500
2947.000 # 1500
2948.000 # 1500
2949.000 # 1500
2950.000 # 1500
2951.000 # 1500
2952.000 # 1500
2953.000 # 1500
2954.000 # 1500
2955.000 # 1500
2956.000 # 1500
2957.000 # 1500
2958.000 # 1500
2959.000 # 1500
2960.000 # 1500
2961.000 # 1500
2962.000 # 1500
2963.000 # 1500
2964.000 # 1500
2965.000 # 1500
2966.000 # 1500
2967.000 # 1500
2968.000 # 1500
2969.000 # 1500
2970.000 # 1500
2971.000 # 1500
2972.000 # 1500
2973.000 # 1500
2974.000 # 1500
2975.000 # 1500
2976.000 # 1500
2977.000 # 1500
2978.000 # 1500
2979.000 # 1500
2980.000 # 1500
2981.000 # 1500
2982.000 # 1500
2983.000 # 1500
2984.000 # 1500
2985.000 # 1500
2986.000 # 1500
2987.000 # 1500
2988.000 # 1500
2989.000 # 1500
2990.000 # 1500
2991.000 # 1500
2992.000 # 1500
2993.000 # 1500
2994.000 # 1500
2995.000 # 1500
2996.000 # 1500
2997.000 # 1500
2998.000 # 1500
2999.000 # 1500
3000.000 # 1500
3001.000 # 1500
3002.000 # 1500
3003.000 # 1500
3004.000 # 1500
3005.000 # 1500
3006.000 # 1500
3007.000 # 1500
3008.000 # 1500
3009.000 # 1500
3010.000 # 1500
3011.000 # 1500
3012.000 # 1500
3013.000 # 1500
3014.000 # 1500
3015.000 # 1500
3016.000 # 1500
3017.000 # 1500
3018.000 # 1500
3019.000 # 1500
3020.000 # 1500
3021.000 # 1500
3022.000 # 1500
3023.000 # 1500
3024.000 # 1500
3025.000 # 1500
3026.000 # 1500
3027.000 # 1500
3028.000 # 1500
3029.000 # 1500
3030.000 # 1500
3031.000 # 1500
3032.000 # 1500
3033.000 # 1500
3034.000 # 1500
3035.000 # 1500
3036.000 # 1500
3037.000 # 1500
3038.000 # 1500
3039.000 # 1500
3040.000 # 1500
3041.000 # 1500
3042.000 # 1500
3043.000 # 1500
3044.000 # 1500
3045.000 # 1500
3046.000 # 1500
3047.000 # 1500
3048.000 # 1500
3049.000 # 1500
3050.000 # 1500
3051.000 # 1500
3052.000 # 1500
3053.000 # 1500
3054.000 # 1500
3055.000 # 1500
3056.000 # 1500
3057.000 # 1500
3058.000 # 1500
3059.000 # 1500
3060.000 # 1500
3061.000 # 1500
3062.000 # 1500
3063.000 # 1500
3064.000 # 1500
3065.000 # 1500
3066.000 # 1500
3067.000 # 1500
3068.000 # 1500
3069.000 # 1500
3070.000 # 1500
3071.000 # 1500
3072.000 # 1500
3073.000 # 1500
3074.000 # 1500
3075.000 # 1500
3076.000 # 1500
3077.000 # 1500
3078.000 # 1500
3079.000 # 1500
3080.000 # 1500
3081.000 # 1500
3082.000 # 1500
3083.000 # 1500
3084.000 # 1500
3085.000 # 1500
3086.000 # 1500
3087.000 # 1500
3088.000 # 1500
3089.000 # 1500
3090.000 # 1500
3091.000 # 1500
3092.000 # 1500
3093.000 # 1500
3094.000 # 1500
3095.000 # 1500
3096.000 # 1500
3097.000 # 1500
3098.000 # 1500
3099.000 # 1500
3100.000 # 1500
3101.000 # 1500
3102.000 # 1500
3103.000 # 1500
3104.000 # 1500
3105.000 # 1500
3106.000 # 1500
3107.000 # 1500
3108.000 # 1500
3109.000 # 1500
3110.000 # 1500
3111.000 # 1500
3112.000 # 1500
3113.000 # 1500
3114.000 # 1500
3115.000 # 1500
3116.000 # 1500
3117.000 # 1500
3118.000 # 1500
3119.000 # 1500
3120.000 # 1500
3121.000 # 1500
3122.000 # 1500
3123.000 # 1500
3124.000 # 1500
3125.000 # 1500
3126.000 # 1500
3127.000 # 1500
3128.000 # 1500
3129.000 # 1500
3130.000 # 1500
3131.000 # 1500
3132.000 # 1500
3133.000 # 1500
3134.000 # 1500
3135.000 # 1500
3136.000 # 1500
3137.000 # 1500
3138.000 # 1500
3139.000 # 1500
3140.000 # 1500
3141.000 # 1500
3142.000 # 1500
3143.000 # 1500
3144.000 # 1500
3145.000 # 1500
3146.000 # 1500
3147.000 # 1500
3148.000 # 1500
3149.000 # 1500
3150.000 # 1500
3151.000 # 1500
3152.000 # 1500
3153.000 # 1500
3154.000 # 1500
3155.000 # 1500
3156.000 # 1500
3156.027 + 224 1
3157.000 # 1500
3157.413 - 224 1.386 1
3158.000 # 1500
3159.000 # 1500
3160.000 # 1500
3161.000 # 1500
3162.000 # 1500
3163.000 # 1500
3164.000 # 1500
3165.000 # 1500
3166.000 # 1500
3167.000 # 1500
3168.000 # 1500
3169.000 # 1500
3170.000 # 1500
3171.000 # 1500
3172.000 # 1500
3173.000 # 1500
3174.000 # 1500
3175.000 # 1500
3176.000 # 1500
3177.000 # 1500
3178.000 # 1500
3179.000 # 1500
3180.000 # 1500
3181.000 # 1500
3181.591 + 116 1
3182.000 # 1500
3182.861 - 116 1.270 1
3183.000 # 1500
3184.000 # 1500
3185.000 # 1500
3186.000 # 1500
3187.000 # 1500
3188.000 # 1500
3189.000 # 1500
3190.000 # 1500
3191.000 # 1500
3192.000 # 1500
3193.000 # 1500
3194.000 # 1500
3195.000 # 1500
3196.000 # 1500
3197.000 # 1500
3198.000 # 1500
3199.000 # 1500
3200.000 # 1500
3201.000 # 1500
3201.851 + 128 1
3202.000 # 1500
3203.000 # 1500
3203.211 - 128 1.360 1
3204.000 # 1500
3205.000 # 1500
3206.000 # 1500
3207.000 # 1500
3208.000 # 1500
3209.000 # 1500
3210.000 # 1500
3211.000 # 1500
3211.806 + 128 1
3212.000 # 1500
3213.000 # 1500
3213.039 - 128 1.233 1
3214.000 # 1500
3215.000 # 1500
3216.000 # 1500
3217.000 # 1500
3218.000 # 1500
3219.000 # 1500
3220.000 # 1500
3221.000 # 1500
3222.000 # 1500
3223.000 # 1500
3224.000 # 1500
3225.000 # 1500
3226.000 # 1500
3226.284 + 128 1
3227.000 # 1500
3227.455 - 128 1.171 1
3228.000 # 1500
3229.000 # 1500
3230.000 # 1500
3231.000 # 1500
3232.000 # 1500
3233.000 # 1500
3234.000 # 1500
3235.000 # 1500
3236.000 # 1500
3236.267 + 128 1
3237.000 # 1500
3237.359 - 128 1.092 1
3238.000 # 1500
3239.000 # 1500
3240.000 # 1500
3241.000 # 1500
3242.000 # 1500
3243.000 # 1500
3244.000 # 1500
3245.000 # 1500
3246.000 # 1500
3247.000 # 1500
3248.000 # 1500
3249.000 # 1500
3250.000 # 1500
3251.000 # 1500
3252.000 # 1500
3253.000 # 1500
3253.574 + 128 1
3254.000 # 1500
3254.713 - 128 1.139 1
3255.000 # 1500
3256.000 # 1500
3257.000 # 1500
3258.000 # 1500
3259.000 # 1500
3260.000 # 1500
3261.000 # 1500
3262.000 # 1500
3263.000 # 1500
3263.616 + 128 1
3264.000 # 1500
3264.828 - 128 1.212 1
3265.000 # 1500
3266.000 # 1500
3267.000 # 1500
3268.000 # 1500
3269.000 # 1500
3270.000 # 1500
3271.000 # 1500
3272.000 # 1500
3273.000 # 1500
3274.000 # 1500
3275.000 # 1500
3276.000 # 1500
3277.000 # 1500
3278.000 # 1500
3279.000 # 1500
3280.000 # 1500
3281.000 # 1500
3281.556 + 128 1
3282.000 # 1500
3282.610 - 128 1.054 1
3283.000 # 1500
3284.000 # 1500
3285.000 # 1500
3286.000 # 1500
3287.000 # 1500
3288.000 # 1500
3289.000 # 1500
3290.000 # 1500
3291.000 # 1500
3291.549 + 128 1
3292.000 # 1500
3292.804 - 128 1.255 1
3293.000 # 1500
3294.000 # 1500
3295.000 # 1500
3296.000 # 1500
3297.000 # 1500
3298.000 # 1500
3299.000 # 1500
3300.000 # 1500
3301.000 # 1500
3302.000 # 1500
3303.000 # 1500
3304.000 # 1500
3305.000 # 1500
3305.603 + 128 1
3306.000 # 1500
3306.787 - 128 1.184 1
3307.000 # 1500
3308.000 # 1500
3309.000 # 1500
3310.000 # 1500
3311.000 # 1500
3312.000 # 1500
3313.000 # 1500
3314.000 # 1500
3315.000 # 1500
3315.570 + 128 1
3316.000 # 1500
3316.982 - 128 1.412 1
3317.000 # 1500
3318.000 # 1500
3319.000 # 1500
3320.000 # 1500
3321.000 # 1500
3322.000 # 1500
3323.000 # 1500
3324.000 # 1500
3325.000 # 1500
3326.000 # 1500
3327.000 # 1500
3328.000 # 1500
3329.000 # 1500
3329.631 + 128 1
3330.000 # 1500
3330.765 - 128 1.134 1
3331.000 # 1500
3332.000 # 1500
3333.000 # 1500
3334.000 # 1500
3335.000 # 1500
3336.000 # 1500
3337.000 # 1500
3338.000 # 1500
3339.000 # 1500
3339.589 + 128 1
3340.000 # 1500
3341.000 # 1500
3341.180 - 128 1.591 1
3342.000 # 1500
3343.000 # 1500
3344.000 # 1500
3345.000 # 1500
3346.000 # 1500
3347.000 # 1500
3348.000 # 1500
3349.000 # 1500
3350.000 # 1500
3351.000 # 1500
3352.000 # 1500
3353.000 # 1500
3353.735 + 128 1
3354.000 # 1500
3355.000 # 1500
3355.155 - 128 1.420 1
3356.000 # 1500
3357.000 # 1500
3358.000 # 1500
3359.000 # 1500
3360.000 # 1500
3361.000 # 1500
3362.000 # 1500
3363.000 # 1500
3363.503 + 128 1
3364.000 # 1500
3364.578 - 128 1.075 1
3365.000 # 1500
3366.000 # 1500
3367.000 # 1500
3368.000 # 1500
3369.000 # 1500
3370.000 # 1500
3371.000 # 1500
3372.000 # 1500
3373.000 # 1500
3374.000 # 1500
3375.000 # 1500
3376.000 # 1500
3377.000 # 1500
3378.000 # 1500
3379.000 # 1500
3380.000 # 1500
3381.000 # 1500
3381.649 + 128 1
3382.000 # 1500
3383.000 # 1500
3383.005 - 128 1.356 1
3384.000 # 1500
3385.000 # 1500
3386.000 # 1500
3387.000 # 1500
3388.000 # 1500
3389.000 # 1500
3390.000 # 1500
3391.000 # 1500
3392.000 # 1500
3393.000 # 1500
3393.640 + 128 1
3394.000 # 1500
3395.000 # 1500
3395.546 - 128 1.906 1
3396.000 # 1500
3397.000 # 1500
3398.000 # 1500
3399.000 # 1500
3400.000 # 1500
3401.000 # 1500
3402.000 # 1500
3403.000 # 1500
3403.627 + 128 1
3404.000 # 1500
3404.967 - 128 1.340 1
3405.000 # 1500
3406.000 # 1500
3407.000 # 1500
3408.000 # 1500
3409.000 # 1500
3410.000 # 1500
3411.000 # 1500
3412.000 # 1500
3413.000 # 1500
3413.572 + 128 1
3414.000 # 1500
3415.000 # 1500
3415.581 - 128 2.009 1
3416.000 # 1500
3417.000 # 1500
3418.000 # 1500
3419.000 # 1500
3420.000 # 1500
3421.000 # 1500
3422.000 # 1500
3423.000 # 1500
3424.000 # 1500
3425.000 # 1500
3426.000 # 1500
3427.000 # 1500
3428.000 # 1500
3429.000 # 1500
3429.610 + 128 1
3430.000 # 1500
3430.958 - 128 1.348 1
3431.000 # 1500
3432.000 # 1500
3433.000 # 1500
3434.000 # 1500
3435.000 # 1500
3436.000 # 1500
3437.000 # 1500
3438.000 # 1500
3439.000 # 1500
3440.000 # 1500
3441.000 # 1500
3442.000 # 1500
3443.000 # 1500
3444.000 # 1500
3445.000 # 1500
3445.589 + 128 1
3446.000 # 1500
3446.827 - 128 1.238 1
3447.000 # 1500
3448.000 # 1500
3449.000 # 1500
3450.000 # 1500
3451.000 # 1500
3452.000 # 1500
3453.000 # 1500
3454.000 # 1500
3455.000 # 1500
3455.599 + 128 1
3456.000 # 1500
3456.824 - 128 1.225 1
3457.000 # 1500
3458.000 # 1500
3459.000 # 1500
3460.000 # 1500
3461.000 # 1500
3462.000 # 1500
3463.000 # 1500
3464.000 # 1500
3465.000 # 1500
3465.551 + 128 1
3466.000 # 1500
3467.000 # 1500
3467.168 - 128 1.617 1
3468.000 # 1500
3469.000 # 1500
3470.000 # 1500
3471.000 # 1500
3472.000 # 1500
3473.000 # 1500
3474.000 # 1500
3475.000 # 1500
3476.000 # 1500
3477.000 # 1500
3478.000 # 1500
3479.000 # 1500
3480.000 # 1500
3481.000 # 1500
3482.000 # 1500
3483.000 # 1500
3483.282 + 128 1
3484.000 # 1500
3484.462 - 128 1.180 1
3485.000 # 1500
3486.000 # 1500
3487.000 # 1500
3488.000 # 1500
3489.000 # 1500
3490.000 # 1500
3491.000 # 1500
3492.000 # 1500
3493.000 # 1500
3493.124 + 128 1
3494.000 # 1500
3494.225 - 128 1.101 1
3495.000 # 1500
3496.000 # 1500
3497.000 # 1500
3498.000 # 1500
3499.000 # 1500
3500.000 # 1500
3501.000 # 1500
3502.000 # 1500
3503.000 # 1500
3504.000 # 1500
3505.000 # 1500
3505.556 + 128 1
3506.000 # 1500
3506.646 - 128 1.090 1
3507.000 # 1500
3508.000 # 1500
3509.000 # 1500
3510.000 # 1500
3511.000 # 1500
3512.000 # 1500
3513.000 # 1500
3514.000 # 1500
3515.000 # 1500
3515.561 + 128 1
3516.000 # 1500
3516.665 - 128 1.104 1
3517.000 # 1500
3518.000 # 1500
3519.000 # 1500
3520.000 # 1500
3521.000 # 1500
3522.000 # 1500
3523.000 # 1500
3524.000 # 1500
3525.000 # 1500
3525.613 + 128 1
3526.000 # 1500
3526.700 - 128 1.087 1
3527.000 # 1500
3528.000 # 1500
3529.000 # 1500
3530.000 # 1500
3531.000 # 1500
3532.000 # 1500
3533.000 # 1500
3534.000 # 1500
3535.000 # 1500
3535.529 + 128 1
3536.000 # 1500
3536.626 - 128 1.097 1
3537.000 # 1500
3538.000 # 1500
3539.000 # 1500
3540.000 # 1500
3541.000 # 1500
3542.000 # 1500
3543.000 # 1500
3544.000 # 1500
3545.000 # 1500
3546.000 # 1500
3547.000 # 1500
3548.000 # 1500
3549.000 # 1500
3550.000 # 1500
3551.000 # 1500
3552.000 # 1500
3553.000 # 1500
3553.553 + 128 1
3554.000 # 1500
3554.616 - 128 1.063 1
3555.000 # 1500
3556.000 # 1500
3557.000 # 1500
3558.000 # 1500
3559.000 # 1500
3560.000 # 1500
3561.000 # 1500
3562.000 # 1500
3563.000 # 1500
3564.000 # 1500
3565.000 # 1500
3566.000 # 1500
3567.000 # 1500
3568.000 # 1500
3569.000 # 1500
3569.623 + 128 1
3570.000 # 1500
3570.726 - 128 1.103 1
3571.000 # 1500
3572.000 # 1500
3573.000 # 1500
3574.000 # 1500
3575.000 # 1500
3576.000 # 1500
3577.000 # 1500
3578.000 # 1500
3579.000 # 1500
3579.484 + 128 1
3580.000 # 1500
3580.580 - 128 1.096 1
3581.000 # 1500
3582.000 # 1500
3583.000 # 1500
3584.000 # 1500
3585.000 # 1500
3586.000 # 1500
3587.000 # 1500
3588.000 # 1500
3589.000 # 1500
3590.000 # 1500
3591.000 # 1500
3592.000 # 1500
3593.000 # 1500
3593.594 + 128 1
3594.000 # 1500
3594.676 - 128 1.082 1
3595.000 # 1500
3596.000 # 1500
3597.000 # 1500
3598.000 # 1500
3599.000 # 1500
3600.000 # 1500
3601.000 # 1500
3602.000 # 1500
3603.000 # 1500
3603.577 + 128 1
3604.000 # 1500
3604.640 - 128 1.063 1
3605.000 # 1500
3606.000 # 1500
3607.000 # 1500
3608.000 # 1500
3609.000 # 1500
3610.000 # 1500
3611.000 # 1500
3612.000 # 1500
3613.000 # 1500
3614.000 # 1500
3615.000 # 1500
3616.000 # 1500
3617.000 # 1500
3617.613 + 128 1
3618.000 # 1500
3618.676 - 128 1.063 1
3619.000 # 1500
3620.000 # 1500
3621.000 # 1500
3622.000 # 1500
3623.000 # 1500
3624.000 # 1500
3625.000 # 1500
3626.000 # 1500
3627.000 # 1500
3627.619 + 128 1
3628.000 # 1500
3628.700 - 128 1.081 1
3629.000 # 1500
3630.000 # 1500
3631.000 # 1500
3632.000 # 1500
3633.000 # 1500
3634.000 # 1500
3635.000 # 1500
3636.000 # 1500
3637.000 # 1500
3638.000 # 1500
3639.000 # 1500
3640.000 # 1500
3641.000 # 1500
3642.000 # 1500
3643.000 # 1500
3644.000 # 1500
3645.000 # 1500
3645.577 + 128 1
3646.000 # 1500
3646.666 - 128 1.089 1
3647.000 # 1500
3648.000 # 1500
3649.000 # 1500
3650.000 # 1500
3651.000 # 1500
3652.000 # 1500
3653.000 # 1500
3654.000 # 1500
3655.000 # 1500
3655.516 + 128 1
3656.000 # 1500
3656.587 - 128 1.071 1
3657.000 # 1500
3658.000 # 1500
3659.000 # 1500
3660.000 # 1500
3661.000 # 1500
3662.000 # 1500
3663.000 # 1500
3664.000 # 1500
3665.000 # 1500
3666.000 # 1500
3667.000 # 1500
3668.000 # 1500
3669.000 # 1500
3669.575 + 128 1
3670.000 # 1500
3670.643 - 128 1.068 1
3671.000 # 1500
3672.000 # 1500
3673.000 # 1500
3674.000 # 1500
3675.000 # 1500
3676.000 # 1500
3677.000 # 1500
3678.000 # 1500
3679.000 # 1500
3679.605 + 128 1
3680.000 # 1500
3680.711 - 128 1.106 1
3681.000 # 1500
3682.000 # 1500
3683.000 # 1500
3684.000 # 1500
3685.000 # 1500
3686.000 # 1500
3687.000 # 1500
3688.000 # 1500
3689.000 # 1500
3690.000 # 1500
3691.000 # 1500
3691.153 + 128 1
3692.000 # 1500
3692.256 - 128 1.103 1
3693.000 # 1500
3694.000 # 1500
3695.000 # 1500
3696.000 # 1500
3697.000 # 1500
3698.000 # 1500
3699.000 # 1500
3700.000 # 1500
3701.000 # 1500
3701.178 + 128 1
3702.000 # 1500
3702.254 - 128 1.076 1
3703.000 # 1500
3704.000 # 1500
3705.000 # 1500
3706.000 # 1500
3707.000 # 1500
3708.000 # 1500
3709.000 # 1500
3710.000 # 1500
3711.000 # 1500
3711.878 + 128 1
3712.000 # 1500
3712.945 - 128 1.067 1
3713.000 # 1500
3714.000 # 1500
3715.000 # 1500
3716.000 # 1500
3717.000 # 1500
3718.000 # 1500
3719.000 # 1500
3720.000 # 1500
3721.000 # 1500
3722.000 # 1500
3723.000 # 1500
3724.000 # 1500
3725.000 # 1500
3726.000 # 1500
3727.000 # 1500
3728.000 # 1500
3729.000 # 1500
3729.558 + 128 1
3730.000 # 1500
3730.656 - 128 1.098 1
3731.000 # 1500
3732.000 # 1500
3733.000 # 1500
3734.000 # 1500
3735.000 # 1500
3736.000 # 1500
3737.000 # 1500
3738.000 # 1500
3739.000 # 1500
3740.000 # 1500
3741.000 # 1500
3742.000 # 1500
3743.000 # 1500
3744.000 # 1500
3745.000 # 1500
3745.584 + 128 1
3746.000 # 1500
3746.693 - 128 1.109 1
3747.000 # 1500
3748.000 # 1500
3749.000 # 1500
3750.000 # 1500
3751.000 # 1500
3752.000 # 1500
3753.000 # 1500
3754.000 # 1500
3755.000 # 1500
3755.579 + 128 1
3756.000 # 1500
3756.688 - 128 1.109 1
3757.000 # 1500
3758.000 # 1500
3759.000 # 1500
3760.000 # 1500
3761.000 # 1500
3762.000 # 1500
3763.000 # 1500
3764.000 # 1500
3765.000 # 1500
3765.532 + 128 1
3766.000 # 1500
3766.608 - 128 1.076 1
3767.000 # 1500
3768.000 # 1500
3769.000 # 1500
3770.000 # 1500
3771.000 # 1500
3772.000 # 1500
3773.000 # 1500
3774.000 # 1500
3775.000 # 1500
3776.000 # 1500
3777.000 # 1500
3778.000 # 1500
3779.000 # 1500
3780.000 # 1500
3781.000 # 1500
3781.662 + 128 1
3782.000 # 1500
3782.757 - 128 1.095 1
3783.000 # 1500
3784.000 # 1500
3785.000 # 1500
3786.000 # 1500
3787.000 # 1500
3788.000 # 1500
3789.000 # 1500
3790.000 # 1500
3791.000 # 1500
3792.000 # 1500
3793.000 # 1500
3793.660 + 128 1
3794.000 # 1500
3794.777 - 128 1.117 1
3795.000 # 1500
3796.000 # 1500
3797.000 # 1500
3798.000 # 1500
3799.000 # 1500
3800.000 # 1500
3801.000 # 1500
3802.000 # 1500
3803.000 # 1500
3803.583 + 128 1
3804.000 # 1500
3804.762 - 128 1.179 1
3805.000 # 1500
3806.000 # 1500
3807.000 # 1500
3808.000 # 1500
3809.000 # 1500
3810.000 # 1500
3811.000 # 1500
3812.000 # 1500
3813.000 # 1500
3813.620 + 128 1
3814.000 # 1500
3814.738 - 128 1.118 1
3815.000 # 1500
3816.000 # 1500
3817.000 # 1500
3818.000 # 1500
3819.000 # 1500
3820.000 # 1500
3821.000 # 1500
3822.000 # 1500
3823.000 # 1500
3824.000 # 1500
3825.000 # 1500
3826.000 # 1500
3827.000 # 1500
3828.000 # 1500
3829.000 # 1500
3829.073 + 128 1
3830.000 # 1500
3830.437 - 128 1.364 1
3831.000 # 1500
3832.000 # 1500
3833.000 # 1500
3834.000 # 1500
3835.000 # 1500
3836.000 # 1500
3837.000 # 1500
3838.000 # 1500
3839.000 # 1500
3840.000 # 1500
3841.000 # 1500
3841.972 + 128 1
3842.000 # 1500
3843.000 # 1500
3844.000 # 1500
3845.000 # 1500
3845.702 - 128 3.730 1
3846.000 # 1500
3847.000 # 1500
3848.000 # 1500
3849.000 # 1500
3850.000 # 1500
3851.000 # 1500
3852.000 # 1500
3853.000 # 1500
3854.000 # 1500
3854.681 + 128 1
3855.000 # 1500
3855.752 - 128 1.071 1
3856.000 # 1500
3857.000 # 1500
3858.000 # 1500
3859.000 # 1500
3860.000 # 1500
3861.000 # 1500
3862.000 # 1500
3863.000 # 1500
3864.000 # 1500
3865.000 # 1500
3865.564 + 128 1
3866.000 # 1500
3866.716 - 128 1.152 1
3867.000 # 1500
3868.000 # 1500
3869.000 # 1500
3870.000 # 1500
3871.000 # 1500
3872.000 # 1500
3873.000 # 1500
3874.000 # 1500
3875.000 # 1500
3876.000 # 1500
3877.000 # 1500
3878.000 # 1500
3879.000 # 1500
3880.000 # 1500
3881.000 # 1500
3882.000 # 1500
3883.000 # 1500
3884.000 # 1500
3884.213 + 128 1
3885.000 # 1500
3885.310 - 128 1.097 1
3886.000 # 1500
3887.000 # 1500
3888.000 # 1500
3889.000 # 1500
3890.000 # 1500
3891.000 # 1500
3892.000 # 1500
3893.000 # 1500
3894.000 # 1500
3895.000 # 1500
3896.000 # 1500
3897.000 # 1500
3898.000 # 1500
3899.000 # 1500
3900.000 # 1500
3901.000 # 1500
3902.000 # 1500
3903.000 # 1500
3904.000 # 1500
3905.000 # 1500
3905.606 + 128 1
3906.000 # 1500
3906.723 - 128 1.117 1
3907.000 # 1500
3908.000 # 1500
3909.000 # 1500
3910.000 # 1500
3911.000 # 1500
3912.000 # 1500
3913.000 # 1500
3914.000 # 1500
3915.000 # 1500
3915.622 + 128 1
3916.000 # 1500
3916.752 - 128 1.130 1
3917.000 # 1500
3918.000 # 1500
3919.000 # 1500
3920.000 # 1500
3921.000 # 1500
3922.000 # 1500
3923.000 # 1500
3924.000 # 1500
3925.000 # 1500
3926.000 # 1500
3927.000 # 1500
3928.000 # 1500
3929.000 # 1500
3929.549 + 128 1
3930.000 # 1500
3930.647 - 128 1.098 1
3931.000 # 1500
3932.000 # 1500
3933.000 # 1500
3934.000 # 1500
3935.000 # 1500
3936.000 # 1500
3937.000 # 1500
3938.000 # 1500
3939.000 # 1500
3939.565 + 128 1
3940.000 # 1500
3940.672 - 128 1.107 1
3941.000 # 1500
3942.000 # 1500
3943.000 # 1500
3944.000 # 1500
3945.000 # 1500
3946.000 # 1500
3947.000 # 1500
3948.000 # 1500
3949.000 # 1500
3950.000 # 1500
3951.000 # 1500
3952.000 # 1500
3953.000 # 1500
3954.000 # 1500
3955.000 # 1500
3956.000 # 1500
3957.000 # 1500
3957.563 + 128 1
3958.000 # 1500
3958.656 - 128 1.093 1
3959.000 # 1500
3960.000 # 1500
3961.000 # 1500
3962.000 # 1500
3963.000 # 1500
3964.000 # 1500
3965.000 # 1500
3966.000 # 1500
3967.000 # 1500
3967.622 + 128 1
3968.000 # 1500
3968.706 - 128 1.084 1
3969.000 # 1500
3970.000 # 1500
3971.000 # 1500
3972.000 # 1500
3973.000 # 1500
3974.000 # 1500
3975.000 # 1500
3976.000 # 1500
3977.000 # 1500
3978.000 # 1500
3979.000 # 1500
3980.000 # 1500
3981.000 # 1500
3981.580 + 128 1
3982.000 # 1500
3982.682 - 128 1.102 1
3983.000 # 1500
3984.000 # 1500
3985.000 # 1500
3986.000 # 1500
3987.000 # 1500
3988.000 # 1500
3989.000 # 1500
3990.000 # 1500
3991.000 # 1500
3991.552 + 128 1
3992.000 # 1500
3992.644 - 128 1.092 1
3993.000 # 1500
3994.000 # 1500
3995.000 # 1500
3996.000 # 1500
3997.000 # 1500
3998.000 # 1500
3999.000 # 1500
4000.000 # 1500
4001.000 # 1500
4002.000 # 1500
4003.000 # 1500
4004.000 # 1500
4005.000 # 1500
4005.579 + 128 1
4006.000 # 1500
4006.658 - 128 1.079 1
4007.000 # 1500
4008.000 # 1500
4009.000 # 1500
4010.000 # 1500
4011.000 # 1500
4012.000 # 1500
4013.000 # 1500
4014.000 # 1500
4015.000 # 1500
4016.000 # 1500
4017.000 # 1500
4018.000 # 1500
4019.000 # 1500
4020.000 # 1500
4021.000 # 1500
4021.588 + 128 1
4022.000 # 1500
4022.661 - 128 1.073 1
4023.000 # 1500
4024.000 # 1500
4025.000 # 1500
4026.000 # 1500
4027.000 # 1500
4028.000 # 1500
4029.000 # 1500
4030.000 # 1500
4031.000 # 1500
4031.561 + 128 1
4032.000 # 1500
4032.639 - 128 1.078 1
4033.000 # 1500
4034.000 # 1500
4035.000 # 1500
4036.000 # 1500
4037.000 # 1500
4038.000 # 1500
4039.000 # 1500
4040.000 # 1500
4041.000 # 1500
4042.000 # 1500
4043.000 # 1500
4044.000 # 1500
4045.000 # 1500
4045.646 + 128 1
4046.000 # 1500
4046.735 - 128 1.089 1
4047.000 # 1500
4048.000 # 1500
4049.000 # 1500
4050.000 # 1500
4051.000 # 1500
4052.000 # 1500
4053.000 # 1500
4054.000 # 1500
4055.000 # 1500
4055.539 + 128 1
4056.000 # 1500
4056.613 - 128 1.074 1
4057.000 # 1500
4058.000 # 1500
4059.000 # 1500
4060.000 # 1500
4061.000 # 1500
4062.000 # 1500
4063.000 # 1500
4064.000 # 1500
4065.000 # 1500
4065.613 + 128 1
4066.000 # 1500
4066.678 - 128 1.065 1
4067.000 # 1500
4068.000 # 1500
4069.000 # 1500
4070.000 # 1500
4071.000 # 1500
4072.000 # 1500
4073.000 # 1500
4074.000 # 1500
4075.000 # 1500
4076.000 # 1500
4077.000 # 1500
4078.000 # 1500
4079.000 # 1500
4080.000 # 1500
4081.000 # 1500
4081.575 + 128 1
4082.000 # 1500
4082.642 - 128 1.067 1
4083.000 # 1500
4084.000 # 1500
4085.000 # 1500
4086.000 # 1500
4087.000 # 1500
4088.000 # 1500
4089.000 # 1500
4090.000 # 1500
4091.000 # 1500
4092.000 # 1500
4093.000 # 1500
4094.000 # 1500
4095.000 # 1500
4096.000 # 1500
4096.821 + 128 1
4097.000 # 1500
4097.919 - 128 1.098 1
4098.000 # 1500
4099.000 # 1500
4100.000 # 1500
4101.000 # 1500
4102.000 # 1500
4103.000 # 1500
4104.000 # 1500
4105.000 # 1500
4106.000 # 1500
4107.000 # 1500
4108.000 # 1500
4109.000 # 1500
4109.453 + 128 1
4110.000 # 1500
4110.611 - 128 1.158 1
4111.000 # 1500
4112.000 # 1500
4113.000 # 1500
4114.000 # 1500
4115.000 # 1500
4116.000 # 1500
4117.000 # 1500
4118.000 # 1500
4119.000 # 1500
4120.000 # 1500
4121.000 # 1500
4122.000 # 1500
4122.293 + 128 1
4123.000 # 1500
4123.411 - 128 1.118 1
4124.000 # 1500
4125.000 # 1500
4126.000 # 1500
4127.000 # 1500
4128.000 # 1500
4129.000 # 1500
4130.000 # 1500
4131.000 # 1500
4132.000 # 1500
4133.000 # 1500
4134.000 # 1500
4134.653 + 128 1
4135.000 # 1500
4135.802 - 128 1.149 1
4136.000 # 1500
4137.000 # 1500
4138.000 # 1500
4139.000 # 1500
4140.000 # 1500
4141.000 # 1500
4142.000 # 1500
4143.000 # 1500
4144.000 # 1500
4144.614 + 128 1
4145.000 # 1500
4145.721 - 128 1.107 1
4146.000 # 1500
4147.000 # 1500
4148.000 # 1500
4149.000 # 1500
4150.000 # 1500
4151.000 # 1500
4152.000 # 1500
4153.000 # 1500
4154.000 # 1500
4154.839 + 128 1
4155.000 # 1500
4155.928 - 128 1.089 1
4156.000 # 1500
4157.000 # 1500
4158.000 # 1500
4159.000 # 1500
4160.000 # 1500
4161.000 # 1500
4162.000 # 1500
4163.000 # 1500
4164.000 # 1500
4165.000 # 1500
4166.000 # 1500
4167.000 # 1500
4167.756 + 128 1
4168.000 # 1500
4169.000 # 1500
4169.531 - 128 1.775 1
4170.000 # 1500
4171.000 # 1500
4172.000 # 1500
4173.000 # 1500
4174.000 # 1500
4175.000 # 1500
4176.000 # 1500
4177.000 # 1500
4178.000 # 1500
4179.000 # 1500
4180.000 # 1500
4180.683 + 128 1
4181.000 # 1500
4181.810 - 128 1.127 1
4182.000 # 1500
4183.000 # 1500
4184.000 # 1500
4185.000 # 1500
4186.000 # 1500
4187.000 # 1500
4188.000 # 1500
4189.000 # 1500
4190.000 # 1500
4190.605 + 128 1
4191.000 # 1500
4191.696 - 128 1.091 1
4192.000 # 1500
4193.000 # 1500
4194.000 # 1500
4195.000 # 1500
4196.000 # 1500
4197.000 # 1500
4198.000 # 1500
4199.000 # 1500
4200.000 # 1500
4200.582 + 128 1
4201.000 # 1500
4202.000 # 1500
4202.508 - 128 1.926 1
4203.000 # 1500
4204.000 # 1500
4205.000 # 1500
4206.000 # 1500
4207.000 # 1500
4208.000 # 1500
4209.000 # 1500
4210.000 # 1500
4210.596 + 128 1
4211.000 # 1500
4212.000 # 1500
4212.005 - 128 1.409 1
4213.000 # 1500
4214.000 # 1500
4215.000 # 1500
4216.000 # 1500
4217.000 # 1500
4218.000 # 1500
4219.000 # 1500
4220.000 # 1500
4221.000 # 1500
4222.000 # 1500
4223.000 # 1500
4224.000 # 1500
4225.000 # 1500
4226.000 # 1500
4227.000 # 1500
4228.000 # 1500
4229.000 # 1500
4229.747 + 128 1
4230.000 # 1500
4231.000 # 1500
4231.789 - 128 2.042 1
4232.000 # 1500
4233.000 # 1500
4234.000 # 1500
4235.000 # 1500
4236.000 # 1500
4237.000 # 1500
4238.000 # 1500
4239.000 # 1500
4239.694 + 128 1
4240.000 # 1500
4240.873 - 128 1.179 1
4241.000 # 1500
4242.000 # 1500
4243.000 # 1500
4244.000 # 1500
4245.000 # 1500
4246.000 # 1500
4247.000 # 1500
4248.000 # 1500
4249.000 # 1500
4250.000 # 1500
4251.000 # 1500
4252.000 # 1500
4253.000 # 1500
4254.000 # 1500
4255.000 # 1500
4256.000 # 1500
4257.000 # 1500
4258.000 # 1500
4259.000 # 1500
4260.000 # 1500
4261.000 # 1500
4261.192 + 128 1
4262.000 # 1500
4262.376 - 128 1.184 1
4263.000 # 1500
4264.000 # 1500
4265.000 # 1500
4266.000 # 1500
4267.000 # 1500
4268.000 # 1500
4269.000 # 1500
4270.000 # 1500
4271.000 # 1500
4271.156 + 128 1
4272.000 # 1500
4272.279 - 128 1.123 1
4273.000 # 1500
4274.000 # 1500
4275.000 # 1500
4276.000 # 1500
4277.000 # 1500
4278.000 # 1500
4279.000 # 1500
4280.000 # 1500
4281.000 # 1500
4282.000 # 1500
4283.000 # 1500
4284.000 # 1500
4285.000 # 1500
4285.521 + 128 1
4286.000 # 1500
4286.639 - 128 1.118 1
4287.000 # 1500
4288.000 # 1500
4289.000 # 1500
4290.000 # 1500
4291.000 # 1500
4292.000 # 1500
4293.000 # 1500
4294.000 # 1500
4295.000 # 1500
4295.495 + 128 1
4296.000 # 1500
4296.920 - 128 1.425 1
4297.000 # 1500
4298.000 # 1500
4299.000 # 1500
4300.000 # 1500
4301.000 # 1500
4302.000 # 1500
4303.000 # 1500
4304.000 # 1500
4305.000 # 1500
4306.000 # 1500
4307.000 # 1500
4308.000 # 1500
4309.000 # 1500
4310.000 # 1500
4311.000 # 1500
4312.000 # 1500
4313.000 # 1500
4314.000 # 1500
4315.000 # 1500
4316.000 # 1500
4317.000 # 1500
4318.000 # 1500
4319.000 # 1500
4320.000 # 1500
4321.000 # 1500
4321.536 + 128 1
4322.000 # 1500
4322.775 - 128 1.239 1
4323.000 # 1500
4324.000 # 1500
4325.000 # 1500
4326.000 # 1500
4327.000 # 1500
4328.000 # 1500
4329.000 # 1500
4330.000 # 1500
4331.000 # 1500
4331.493 + 128 1
4332.000 # 1500
4332.758 - 128 1.265 1
4333.000 # 1500
4334.000 # 1500
4335.000 # 1500
4336.000 # 1500
4337.000 # 1500
4338.000 # 1500
4339.000 # 1500
4340.000 # 1500
4341.000 # 1500
4341.472 + 128 1
4342.000 # 1500
4342.664 - 128 1.192 1
4343.000 # 1500
4344.000 # 1500
4345.000 # 1500
4346.000 # 1500
4347.000 # 1500
4348.000 # 1500
4349.000 # 1500
4350.000 # 1500
4351.000 # 1500
4352.000 # 1500
4353.000 # 1500
4354.000 # 1500
4355.000 # 1500
4356.000 # 1500
4357.000 # 1500
4357.535 + 128 1
4358.000 # 1500
4358.762 - 128 1.227 1
4359.000 # 1500
4360.000 # 1500
4361.000 # 1500
4362.000 # 1500
4363.000 # 1500
4364.000 # 1500
4365.000 # 1500
4366.000 # 1500
4367.000 # 1500
4367.480 + 128 1
4368.000 # 1500
4368.757 - 128 1.277 1
4369.000 # 1500
4370.000 # 1500
4371.000 # 1500
4372.000 # 1500
4373.000 # 1500
4374.000 # 1500
4375.000 # 1500
4376.000 # 1500
4377.000 # 1500
4378.000 # 1500
4379.000 # 1500
4380.000 # 1500
4381.000 # 1500
4382.000 # 1500
4383.000 # 1500
4384.000 # 1500
4385.000 # 1500
4385.531 + 128 1
4386.000 # 1500
4386.636 - 128 1.105 1
4387.000 # 1500
4388.000 # 1500
4389.000 # 1500
4390.000 # 1500
4391.000 # 1500
4392.000 # 1500
4393.000 # 1500
4394.000 # 1500
4395.000 # 1500
4396.000 # 1500
4397.000 # 1500
4397.549 + 128 1
4398.000 # 1500
4398.636 - 128 1.087 1
4399.000 # 1500
4400.000 # 1500
4401.000 # 1500
4402.000 # 1500
4403.000 # 1500
4404.000 # 1500
4405.000 # 1500
4406.000 # 1500
4407.000 # 1500
4407.523 + 128 1
4408.000 # 1500
4408.626 - 128 1.103 1
4409.000 # 1500
4410.000 # 1500
4411.000 # 1500
4412.000 # 1500
4413.000 # 1500
4414.000 # 1500
4415.000 # 1500
4416.000 # 1500
4417.000 # 1500
4417.528 + 128 1
4418.000 # 1500
4418.645 - 128 1.117 1
4419.000 # 1500
4420.000 # 1500
4421.000 # 1500
4422.000 # 1500
4423.000 # 1500
4424.000 # 1500
4425.000 # 1500
4426.000 # 1500
4427.000 # 1500
4428.000 # 1500
4429.000 # 1500
4430.000 # 1500
4431.000 # 1500
4432.000 # 1500
4433.000 # 1500
4433.530 + 128 1
4434.000 # 1500
4434.737 - 128 1.207 1
4435.000 # 1500
4436.000 # 1500
4437.000 # 1500
4438.000 # 1500
4439.000 # 1500
4440.000 # 1500
4441.000 # 1500
4442.000 # 1500
4443.000 # 1500
4443.484 + 128 1
4444.000 # 1500
4444.608 - 128 1.124 1
4445.000 # 1500
4446.000 # 1500
4447.000 # 1500
4448.000 # 1500
4449.000 # 1500
4450.000 # 1500
4451.000 # 1500
4452.000 # 1500
4453.000 # 1500
4454.000 # 1500
4455.000 # 1500
4456.000 # 1500
4457.000 # 1500
4457.527 + 128 1
4458.000 # 1500
4458.651 - 128 1.124 1
4459.000 # 1500
4460.000 # 1500
4461.000 # 1500
4462.000 # 1500
4463.000 # 1500
4464.000 # 1500
4465.000 # 1500
4466.000 # 1500
4467.000 # 1500
4468.000 # 1500
4469.000 # 1500
4470.000 # 1500
4471.000 # 1500
4472.000 # 1500
4473.000 # 1500
4473.535 + 128 1
4474.000 # 1500
4474.619 - 128 1.084 1
4475.000 # 1500
4476.000 # 1500
4477.000 # 1500
4478.000 # 1500
4479.000 # 1500
4480.000 # 1500
4481.000 # 1500
4482.000 # 1500
4483.000 # 1500
4483.476 + 128 1
4484.000 # 1500
4484.572 - 128 1.096 1
4485.000 # 1500
4486.000 # 1500
4487.000 # 1500
4488.000 # 1500
4489.000 # 1500
4490.000 # 1500
4491.000 # 1500
4492.000 # 1500
4493.000 # 1500
4493.462 + 128 1
4494.000 # 1500
4494.637 - 128 1.175 1
4495.000 # 1500
4496.000 # 1500
4497.000 # 1500
4498.000 # 1500
4499.000 # 1500
4500.000 # 1500
4501.000 # 1500
4502.000 # 1500
4503.000 # 1500
4504.000 # 1500
4505.000 # 1500
4506.000 # 1500
4507.000 # 1500
4508.000 # 1500
4509.000 # 1500
4510.000 # 1500
4511.000 # 1500
4511.754 + 128 1
4512.000 # 1500
4512.935 - 128 1.181 1
4513.000 # 1500
4514.000 # 1500
4515.000 # 1500
4516.000 # 1500
4517.000 # 1500
4518.000 # 1500
4519.000 # 1500
4520.000 # 1500
4521.000 # 1500
4522.000 # 1500
4523.000 # 1500
4524.000 # 1500
4525.000 # 1500
4526.000 # 1500
4527.000 # 1500
4528.000 # 1500
4529.000 # 1500
4530.000 # 1500
4531.000 # 1500
4532.000 # 1500
4533.000 # 1500
4533.528 + 128 1
4534.000 # 1500
4534.613 - 128 1.085 1
4535.000 # 1500
4536.000 # 1500
4537.000 # 1500
4538.000 # 1500
4539.000 # 1500
4540.000 # 1500
4541.000 # 1500
4542.000 # 1500
4543.000 # 1500
4543.550 + 128 1
4544.000 # 1500
4544.679 - 128 1.129 1
4545.000 # 1500
4546.000 # 1500
4547.000 # 1500
4548.000 # 1500
4549.000 # 1500
4550.000 # 1500
4551.000 # 1500
4552.000 # 1500
4553.000 # 1500
4554.000 # 1500
4555.000 # 1500
4556.000 # 1500
4557.000 # 1500
4558.000 # 1500
4559.000 # 1500
4560.000 # 1500
4561.000 # 1500
4561.530 + 128 1
4562.000 # 1500
4562.639 - 128 1.109 1
4563.000 # 1500
4564.000 # 1500
4565.000 # 1500
4566.000 # 1500
4567.000 # 1500
4568.000 # 1500
4569.000 # 1500
4570.000 # 1500
4571.000 # 1500
4571.488 + 128 1
4572.000 # 1500
4572.606 - 128 1.118 1
4573.000 # 1500
4574.000 # 1500
4575.000 # 1500
4576.000 # 1500
4577.000 # 1500
4578.000 # 1500
4579.000 # 1500
4580.000 # 1500
4581.000 # 1500
4582.000 # 1500
4583.000 # 1500
4584.000 # 1500
4585.000 # 1500
4585.529 + 128 1
4586.000 # 1500
4586.623 - 128 1.094 1
4587.000 # 1500
4588.000 # 1500
4589.000 # 1500
4590.000 # 1500
4591.000 # 1500
4592.000 # 1500
4593.000 # 1500
4594.000 # 1500
4595.000 # 1500
4595.539 + 128 1
4596.000 # 1500
4596.627 - 128 1.088 1
4597.000 # 1500
4598.000 # 1500
4599.000 # 1500
4600.000 # 1500
4601.000 # 1500
4602.000 # 1500
4603.000 # 1500
4604.000 # 1500
4605.000 # 1500
4606.000 # 1500
4607.000 # 1500
4608.000 # 1500
4609.000 # 1500
4609.534 + 128 1
4610.000 # 1500
4610.653 - 128 1.119 1
4611.000 # 1500
4612.000 # 1500
4613.000 # 1500
4614.000 # 1500
4615.000 # 1500
4616.000 # 1500
4617.000 # 1500
4618.000 # 1500
4619.000 # 1500
4619.545 + 128 1
4620.000 # 1500
4620.650 - 128 1.105 1
4621.000 # 1500
4622.000 # 1500
4623.000 # 1500
4624.000 # 1500
4625.000 # 1500
4626.000 # 1500
4627.000 # 1500
4628.000 # 1500
4629.000 # 1500
4630.000 # 1500
4631.000 # 1500
4632.000 # 1500
4633.000 # 1500
4633.593 + 128 1
4634.000 # 1500
4634.800 - 128 1.207 1
4635.000 # 1500
4636.000 # 1500
4637.000 # 1500
4638.000 # 1500
4639.000 # 1500
4640.000 # 1500
4641.000 # 1500
4642.000 # 1500
4643.000 # 1500
4644.000 # 1500
4645.000 # 1500
4645.635 + 128 1
4646.000 # 1500
4646.897 - 128 1.262 1
4647.000 # 1500
4648.000 # 1500
4649.000 # 1500
4650.000 # 1500
4651.000 # 1500
4652.000 # 1500
4653.000 # 1500
4654.000 # 1500
4655.000 # 1500
4655.588 + 128 1
4656.000 # 1500
4656.784 - 128 1.196 1
4657.000 # 1500
4658.000 # 1500
4659.000 # 1500
4660.000 # 1500
4661.000 # 1500
4662.000 # 1500
4663.000 # 1500
4664.000 # 1500
4665.000 # 1500
4665.620 + 128 1
4666.000 # 1500
4666.870 - 128 1.250 1
4667.000 # 1500
4668.000 # 1500
4669.000 # 1500
4670.000 # 1500
4671.000 # 1500
4672.000 # 1500
4673.000 # 1500
4674.000 # 1500
4675.000 # 1500
4676.000 # 1500
4677.000 # 1500
4678.000 # 1500
4679.000 # 1500
4680.000 # 1500
4681.000 # 1500
4682.000 # 1500
4683.000 # 1500
4684.000 # 1500
4685.000 # 1500
4685.585 + 128 1
4686.000 # 1500
4686.763 - 128 1.178 1
4687.000 # 1500
4688.000 # 1500
4689.000 # 1500
4690.000 # 1500
4691.000 # 1500
4692.000 # 1500
4693.000 # 1500
4694.000 # 1500
4695.000 # 1500
4696.000 # 1500
4697.000 # 1500
4697.638 + 128 1
4698.000 # 1500
4698.876 - 128 1.238 1
4699.000 # 1500
4700.000 # 1500
4701.000 # 1500
4702.000 # 1500
4703.000 # 1500
4704.000 # 1500
4705.000 # 1500
4706.000 # 1500
4707.000 # 1500
4707.523 + 128 1
4708.000 # 1500
4708.782 - 128 1.259 1
4709.000 # 1500
4710.000 # 1500
4711.000 # 1500
4712.000 # 1500
4713.000 # 1500
4714.000 # 1500
4715.000 # 1500
4716.000 # 1500
4717.000 # 1500
4717.555 + 128 1
4718.000 # 1500
4718.740 - 128 1.185 1
4719.000 # 1500
4720.000 # 1500
4721.000 # 1500
4722.000 # 1500
4723.000 # 1500
4724.000 # 1500
4725.000 # 1500
4726.000 # 1500
4727.000 # 1500
4728.000 # 1500
4729.000 # 1500
4729.587 + 128 1
4730.000 # 1500
4730.754 - 128 1.167 1
4731.000 # 1500
4732.000 # 1500
4733.000 # 1500
4734.000 # 1500
4735.000 # 1500
4736.000 # 1500
4737.000 # 1500
4738.000 # 1500
4739.000 # 1500
4740.000 # 1500
4741.000 # 1500
4742.000 # 1500
4743.000 # 1500
4744.000 # 1500
4745.000 # 1500
4746.000 # 1500
4747.000 # 1500
4748.000 # 1500
4749.000 # 1500
4749.579 + 128 1
4750.000 # 1500
4750.684 - 128 1.105 1
4751.000 # 1500
4752.000 # 1500
4753.000 # 1500
4754.000 # 1500
4755.000 # 1500
4756.000 # 1500
4757.000 # 1500
4758.000 # 1500
4759.000 # 1500
4759.480 + 128 1
4760.000 # 1500
4760.596 - 128 1.116 1
4761.000 # 1500
4762.000 # 1500
4763.000 # 1500
4764.000 # 1500
4765.000 # 1500
4766.000 # 1500
4767.000 # 1500
4768.000 # 1500
4769.000 # 1500
4770.000 # 1500
4771.000 # 1500
4772.000 # 1500
4773.000 # 1500
4773.578 + 128 1
4774.000 # 1500
4774.699 - 128 1.121 1
4775.000 # 1500
4776.000 # 1500
4777.000 # 1500
4778.000 # 1500
4779.000 # 1500
4780.000 # 1500
4781.000 # 1500
4782.000 # 1500
4783.000 # 1500
4783.495 + 128 1
4784.000 # 1500
4784.620 - 128 1.125 1
4785.000 # 1500
4786.000 # 1500
4787.000 # 1500
4788.000 # 1500
4789.000 # 1500
4790.000 # 1500
4791.000 # 1500
4792.000 # 1500
4793.000 # 1500
4793.530 + 128 1
4794.000 # 1500
4794.628 - 128 1.098 1
4795.000 # 1500
4796.000 # 1500
4797.000 # 1500
4798.000 # 1500
4799.000 # 1500
4800.000 # 1500
4801.000 # 1500
4802.000 # 1500
4803.000 # 1500
4803.496 + 128 1
4804.000 # 1500
4804.587 - 128 1.091 1
4805.000 # 1500
4806.000 # 1500
4807.000 # 1500
4808.000 # 1500
4809.000 # 1500
4810.000 # 1500
4811.000 # 1500
4812.000 # 1500
4813.000 # 1500
4814.000 # 1500
4815.000 # 1500
4816.000 # 1500
4817.000 # 1500
4818.000 # 1500
4819.000 # 1500
4820.000 # 1500
4821.000 # 1500
4821.600 + 128 1
4822.000 # 1500
4822.799 - 128 1.199 1
4823.000 # 1500
4824.000 # 1500
4825.000 # 1500
4826.000 # 1500
4827.000 # 1500
4828.000 # 1500
4829.000 # 1500
4830.000 # 1500
4831.000 # 1500
4831.576 + 128 1
4832.000 # 1500
4832.758 - 128 1.182 1
4833.000 # 1500
4834.000 # 1500
4835.000 # 1500
4836.000 # 1500
4837.000 # 1500
4838.000 # 1500
4839.000 # 1500
4840.000 # 1500
4841.000 # 1500
4842.000 # 1500
4843.000 # 1500
4844.000 # 1500
4845.000 # 1500
4846.000 # 1500
4847.000 # 1500
4848.000 # 1500
4849.000 # 1500
4849.578 + 128 1
4850.000 # 1500
4850.873 - 128 1.295 1
4851.000 # 1500
4852.000 # 1500
4853.000 # 1500
4854.000 # 1500
4855.000 # 1500
4856.000 # 1500
4857.000 # 1500
4858.000 # 1500
4859.000 # 1500
4859.625 + 128 1
4860.000 # 1500
4861.000 # 1500
4861.508 - 128 1.883 1
4862.000 # 1500
4863.000 # 1500
4864.000 # 1500
4865.000 # 1500
4866.000 # 1500
4867.000 # 1500
4868.000 # 1500
4869.000 # 1500
4870.000 # 1500
4871.000 # 1500
4871.130 + 128 1
4872.000 # 1500
4872.337 - 128 1.207 1
4873.000 # 1500
4874.000 # 1500
4875.000 # 1500
4876.000 # 1500
4877.000 # 1500
4878.000 # 1500
4879.000 # 1500
4880.000 # 1500
4881.000 # 1500
4881.227 + 128 1
4882.000 # 1500
4882.492 - 128 1.265 1
4883.000 # 1500
4884.000 # 1500
4885.000 # 1500
4886.000 # 1500
4887.000 # 1500
4888.000 # 1500
4889.000 # 1500
4890.000 # 1500
4891.000 # 1500
4892.000 # 1500
4893.000 # 1500
4894.000 # 1500
4895.000 # 1500
4896.000 # 1500
4897.000 # 1500
4898.000 # 1500
4899.000 # 1500
4900.000 # 1500
4901.000 # 1500
4901.569 + 128 1
4902.000 # 1500
4902.696 - 128 1.127 1
4903.000 # 1500
4904.000 # 1500
4905.000 # 1500
4906.000 # 1500
4907.000 # 1500
4908.000 # 1500
4909.000 # 1500
4910.000 # 1500
4911.000 # 1500
4911.512 + 128 1
4912.000 # 1500
4912.650 - 128 1.138 1
4913.000 # 1500
4914.000 # 1500
4915.000 # 1500
4916.000 # 1500
4917.000 # 1500
4918.000 # 1500
4919.000 # 1500
4920.000 # 1500
4921.000 # 1500
4921.523 + 128 1
4922.000 # 1500
4922.676 - 128 1.153 1
4923.000 # 1500
4924.000 # 1500
4925.000 # 1500
4926.000 # 1500
4927.000 # 1500
4928.000 # 1500
4929.000 # 1500
4930.000 # 1500
4931.000 # 1500
4932.000 # 1500
4933.000 # 1500
4934.000 # 1500
4935.000 # 1500
4936.000 # 1500
4937.000 # 1500
4938.000 # 1500
4938.149 + 128 1
4939.000 # 1500
4939.261 - 128 1.112 1
4940.000 # 1500
4941.000 # 1500
4942.000 # 1500
4943.000 # 1500
4944.000 # 1500
4945.000 # 1500
4946.000 # 1500
4947.000 # 1500
4948.000 # 1500
4948.125 + 128 1
4949.000 # 1500
4949.334 - 128 1.209 1
4950.000 # 1500
4951.000 # 1500
4952.000 # 1500
4953.000 # 1500
4954.000 # 1500
4955.000 # 1500
4956.000 # 1500
4957.000 # 1500
4958.000 # 1500
4959.000 # 1500
4960.000 # 1500
4961.000 # 1500
4962.000 # 1500
4963.000 # 1500
4963.139 + 128 1
4964.000 # 1500
4964.335 - 128 1.196 1
4965.000 # 1500
4966.000 # 1500
4967.000 # 1500
4968.000 # 1500
4969.000 # 1500
4970.000 # 1500
4971.000 # 1500
4972.000 # 1500
4973.000 # 1500
4973.242 + 128 1
4974.000 # 1500
4974.584 - 128 1.342 1
4975.000 # 1500
4976.000 # 1500
4977.000 # 1500
4978.000 # 1500
4979.000 # 1500
4980.000 # 1500
4981.000 # 1500
4982.000 # 1500
4983.000 # 1500
4984.000 # 1500
4985.000 # 1500
4985.551 + 128 1
4986.000 # 1500
4986.716 - 128 1.165 1
4987.000 # 1500
4988.000 # 1500
4989.000 # 1500
4990.000 # 1500
4991.000 # 1500
4992.000 # 1500
4993.000 # 1500
4994.000 # 1500
4995.000 # 1500
4995.943 + 128 1
4996.000 # 1500
4997.000 # 1500
4997.121 - 128 1.178 1
4998.000 # 1500
4999.000 # 1500
5000.000 # 1500
5001.000 # 1500
5002.000 # 1500
5003.000 # 1500
5004.000 # 1500
5005.000 # 1500
5005.975 + 128 1
5006.000 # 1500
5007.000 # 1500
5007.184 - 128 1.209 1
5008.000 # 1500
5009.000 # 1500
5010.000 # 1500
5011.000 # 1500
5012.000 # 1500
5013.000 # 1500
5014.000 # 1500
5015.000 # 1500
5015.972 + 128 1
5016.000 # 1500
5017.000 # 1500
5017.193 - 128 1.221 1
5018.000 # 1500
5019.000 # 1500
5020.000 # 1500
5021.000 # 1500
5022.000 # 1500
5023.000 # 1500
5024.000 # 1500
5025.000 # 1500
5026.000 # 1500
5027.000 # 1500
5028.000 # 1500
5029.000 # 1500
5029.580 + 128 1
5030.000 # 1500
5030.780 - 128 1.200 1
5031.000 # 1500
5032.000 # 1500
5033.000 # 1500
5034.000 # 1500
5035.000 # 1500
5036.000 # 1500
5037.000 # 1500
5038.000 # 1500
5039.000 # 1500
5040.000 # 1500
5041.000 # 1500
5042.000 # 1500
5043.000 # 1500
5044.000 # 1500
5045.000 # 1500
5046.000 # 1500
5047.000 # 1500
5048.000 # 1500
5049.000 # 1500
5049.588 + 128 1
5050.000 # 1500
5050.811 - 128 1.223 1
5051.000 # 1500
5052.000 # 1500
5053.000 # 1500
5054.000 # 1500
5055.000 # 1500
5056.000 # 1500
5057.000 # 1500
5058.000 # 1500
5059.000 # 1500
5059.532 + 128 1
5060.000 # 1500
5060.661 - 128 1.129 1
5061.000 # 1500
5062.000 # 1500
5063.000 # 1500
5064.000 # 1500
5065.000 # 1500
5066.000 # 1500
5067.000 # 1500
5068.000 # 1500
5069.000 # 1500
5069.545 + 128 1
5070.000 # 1500
5070.752 - 128 1.207 1
5071.000 # 1500
5072.000 # 1500
5073.000 # 1500
5074.000 # 1500
5075.000 # 1500
5076.000 # 1500
5077.000 # 1500
5078.000 # 1500
5079.000 # 1500
5080.000 # 1500
5081.000 # 1500
5082.000 # 1500
5083.000 # 1500
5084.000 # 1500
5085.000 # 1500
5085.564 + 128 1
5086.000 # 1500
5086.704 - 128 1.140 1
5087.000 # 1500
5088.000 # 1500
5089.000 # 1500
5090.000 # 1500
5091.000 # 1500
5092.000 # 1500
5093.000 # 1500
5094.000 # 1500
5095.000 # 1500
5096.000 # 1500
5097.000 # 1500
5097.572 + 128 1
5098.000 # 1500
5098.751 - 128 1.179 1
5099.000 # 1500
5100.000 # 1500
5101.000 # 1500
5102.000 # 1500
5103.000 # 1500
5104.000 # 1500
5105.000 # 1500
5106.000 # 1500
5107.000 # 1500
5107.555 + 128 1
5108.000 # 1500
5108.659 - 128 1.104 1
5109.000 # 1500
5110.000 # 1500
5111.000 # 1500
5112.000 # 1500
5113.000 # 1500
5114.000 # 1500
5115.000 # 1500
5116.000 # 1500
5117.000 # 1500
5118.000 # 1500
5119.000 # 1500
5120.000 # 1500
5121.000 # 1500
5122.000 # 1500
5123.000 # 1500
5124.000 # 1500
5125.000 # 1500
5125.603 + 128 1
5126.000 # 1500
5126.796 - 128 1.193 1
5127.000 # 1500
5128.000 # 1500
5129.000 # 1500
5130.000 # 1500
5131.000 # 1500
5132.000 # 1500
5133.000 # 1500
5134.000 # 1500
5135.000 # 1500
5135.533 + 128 1
5136.000 # 1500
5136.789 - 128 1.256 1
5137.000 # 1500
5138.000 # 1500
5139.000 # 1500
5140.000 # 1500
5141.000 # 1500
5142.000 # 1500
5143.000 # 1500
5144.000 # 1500
5145.000 # 1500
5146.000 # 1500
5147.000 # 1500
5148.000 # 1500
5149.000 # 1500
5149.605 + 128 1
5150.000 # 1500
5150.791 - 128 1.186 1
5151.000 # 1500
5152.000 # 1500
5153.000 # 1500
5154.000 # 1500
5155.000 # 1500
5156.000 # 1500
5157.000 # 1500
5158.000 # 1500
5159.000 # 1500
5159.553 + 128 1
5160.000 # 1500
5160.697 - 128 1.144 1
5161.000 # 1500
5162.000 # 1500
5163.000 # 1500
5164.000 # 1500
5165.000 # 1500
5166.000 # 1500
5167.000 # 1500
5168.000 # 1500
5169.000 # 1500
5170.000 # 1500
5171.000 # 1500
5172.000 # 1500
5173.000 # 1500
5173.606 + 128 1
5174.000 # 1500
5174.783 - 128 1.177 1
5175.000 # 1500
5176.000 # 1500
5177.000 # 1500
5178.000 # 1500
5179.000 # 1500
5180.000 # 1500
5181.000 # 1500
5182.000 # 1500
5183.000 # 1500
5183.580 + 128 1
5184.000 # 1500
5184.773 - 128 1.193 1
5185.000 # 1500
5186.000 # 1500
5187.000 # 1500
5188.000 # 1500
5189.000 # 1500
5190.000 # 1500
5191.000 # 1500
5192.000 # 1500
5193.000 # 1500
5193.560 + 128 1
5194.000 # 1500
5194.675 - 128 1.115 1
5195.000 # 1500
5196.000 # 1500
5197.000 # 1500
5198.000 # 1500
5199.000 # 1500
5200.000 # 1500
5201.000 # 1500
5202.000 # 1500
5203.000 # 1500
5204.000 # 1500
5205.000 # 1500
5206.000 # 1500
5207.000 # 1500
5208.000 # 1500
5209.000 # 1500
5209.542 + 128 1
5210.000 # 1500
5210.721 - 128 1.179 1
5211.000 # 1500
5212.000 # 1500
5213.000 # 1500
5214.000 # 1500
5215.000 # 1500
5216.000 # 1500
5217.000 # 1500
5218.000 # 1500
5219.000 # 1500
5220.000 # 1500
5221.000 # 1500
5222.000 # 1500
5223.000 # 1500
5224.000 # 1500
5225.000 # 1500
5225.546 + 128 1
5226.000 # 1500
5226.705 - 128 1.159 1
5227.000 # 1500
5228.000 # 1500
5229.000 # 1500
5230.000 # 1500
5231.000 # 1500
5232.000 # 1500
5233.000 # 1500
5234.000 # 1500
5235.000 # 1500
5235.570 + 128 1
5236.000 # 1500
5236.687 - 128 1.117 1
5237.000 # 1500
5238.000 # 1500
5239.000 # 1500
5240.000 # 1500
5241.000 # 1500
5242.000 # 1500
5243.000 # 1500
5244.000 # 1500
5245.000 # 1500
5246.000 # 1500
5247.000 # 1500
5248.000 # 1500
5249.000 # 1500
5249.596 + 128 1
5250.000 # 1500
5250.798 - 128 1.202 1
5251.000 # 1500
5252.000 # 1500
5253.000 # 1500
5254.000 # 1500
5255.000 # 1500
5256.000 # 1500
5257.000 # 1500
5258.000 # 1500
5259.000 # 1500
5259.546 + 128 1
5260.000 # 1500
5260.730 - 128 1.184 1
5261.000 # 1500
5262.000 # 1500
5263.000 # 1500
5264.000 # 1500
5265.000 # 1500
5266.000 # 1500
5267.000 # 1500
5268.000 # 1500
5269.000 # 1500
5270.000 # 1500
5271.000 # 1500
5272.000 # 1500
5273.000 # 1500
5273.551 + 128 1
5274.000 # 1500
5274.675 - 128 1.124 1
5275.000 # 1500
5276.000 # 1500
5277.000 # 1500
5278.000 # 1500
5279.000 # 1500
5280.000 # 1500
5281.000 # 1500
5282.000 # 1500
5283.000 # 1500
5283.545 + 128 1
5284.000 # 1500
5284.709 - 128 1.164 1
5285.000 # 1500
5286.000 # 1500
5287.000 # 1500
5288.000 # 1500
5289.000 # 1500
5290.000 # 1500
5291.000 # 1500
5292.000 # 1500
5293.000 # 1500
5294.000 # 1500
5295.000 # 1500
5296.000 # 1500
5297.000 # 1500
5298.000 # 1500
5299.000 # 1500
5300.000 # 1500
5301.000 # 1500
5301.542 + 128 1
5302.000 # 1500
5302.766 - 128 1.224 1
5303.000 # 1500
5304.000 # 1500
5305.000 # 1500
5306.000 # 1500
5307.000 # 1500
5308.000 # 1500
5309.000 # 1500
5310.000 # 1500
5311.000 # 1500
5311.641 + 128 1
5312.000 # 1500
5312.966 - 128 1.325 1
5313.000 # 1500
5314.000 # 1500
5315.000 # 1500
5316.000 # 1500
5317.000 # 1500
5318.000 # 1500
5319.000 # 1500
5320.000 # 1500
5321.000 # 1500
5322.000 # 1500
5323.000 # 1500
5324.000 # 1500
5325.000 # 1500
5325.580 + 128 1
5326.000 # 1500
5326.707 - 128 1.127 1
5327.000 # 1500
5328.000 # 1500
5329.000 # 1500
5330.000 # 1500
5331.000 # 1500
5332.000 # 1500
5333.000 # 1500
5334.000 # 1500
5335.000 # 1500
5335.552 + 128 1
5336.000 # 1500
5336.773 - 128 1.221 1
5337.000 # 1500
5338.000 # 1500
5339.000 # 1500
5340.000 # 1500
5341.000 # 1500
5342.000 # 1500
5343.000 # 1500
5344.000 # 1500
5345.000 # 1500
5346.000 # 1500
5347.000 # 1500
5348.000 # 1500
5349.000 # 1500
5349.570 + 128 1
5350.000 # 1500
5350.725 - 128 1.155 1
5351.000 # 1500
5352.000 # 1500
5353.000 # 1500
5354.000 # 1500
5355.000 # 1500
5356.000 # 1500
5357.000 # 1500
5358.000 # 1500
5359.000 # 1500
5359.612 + 128 1
5360.000 # 1500
5360.860 - 128 1.248 1
5361.000 # 1500
5362.000 # 1500
5363.000 # 1500
5364.000 # 1500
5365.000 # 1500
5366.000 # 1500
5367.000 # 1500
5368.000 # 1500
5369.000 # 1500
5370.000 # 1500
5371.000 # 1500
5372.000 # 1500
5373.000 # 1500
5373.529 + 128 1
5374.000 # 1500
5374.632 - 128 1.103 1
5375.000 # 1500
5376.000 # 1500
5377.000 # 1500
5378.000 # 1500
5379.000 # 1500
5380.000 # 1500
5381.000 # 1500
5382.000 # 1500
5383.000 # 1500
5383.506 + 128 1
5384.000 # 1500
5384.606 - 128 1.100 1
5385.000 # 1500
5386.000 # 1500
5387.000 # 1500
5388.000 # 1500
5389.000 # 1500
5390.000 # 1500
5391.000 # 1500
5392.000 # 1500
5393.000 # 1500
5394.000 # 1500
5395.000 # 1500
5396.000 # 1500
5397.000 # 1500
5398.000 # 1500
5399.000 # 1500
5400.000 # 1500
5401.000 # 1500
5401.879 + 128 1
5402.000 # 1500
5402.998 - 128 1.119 1
5403.000 # 1500
5404.000 # 1500
5405.000 # 1500
5406.000 # 1500
5407.000 # 1500
5408.000 # 1500
5409.000 # 1500
5410.000 # 1500
5411.000 # 1500
5411.502 + 128 1
5412.000 # 1500
5412.599 - 128 1.097 1
5413.000 # 1500
5414.000 # 1500
5415.000 # 1500
5416.000 # 1500
5417.000 # 1500
5418.000 # 1500
5419.000 # 1500
5420.000 # 1500
5421.000 # 1500
5421.498 + 128 1
5422.000 # 1500
5422.605 - 128 1.107 1
5423.000 # 1500
5424.000 # 1500
5425.000 # 1500
5426.000 # 1500
5427.000 # 1500
5428.000 # 1500
5429.000 # 1500
5430.000 # 1500
5431.000 # 1500
5432.000 # 1500
5433.000 # 1500
5434.000 # 1500
5435.000 # 1500
5436.000 # 1500
5437.000 # 1500
5437.521 + 128 1
5438.000 # 1500
5438.625 - 128 1.104 1
5439.000 # 1500
5440.000 # 1500
5441.000 # 1500
5442.000 # 1500
5443.000 # 1500
5444.000 # 1500
5445.000 # 1500
5446.000 # 1500
5447.000 # 1500
5448.000 # 1500
5449.000 # 1500
5449.523 + 128 1
5450.000 # 1500
5450.638 - 128 1.115 1
5451.000 # 1500
5452.000 # 1500
5453.000 # 1500
5454.000 # 1500
5455.000 # 1500
5456.000 # 1500
5457.000 # 1500
5458.000 # 1500
5459.000 # 1500
5459.502 + 128 1
5460.000 # 1500
5460.573 - 128 1.071 1
5461.000 # 1500
5462.000 # 1500
5463.000 # 1500
5464.000 # 1500
5465.000 # 1500
5466.000 # 1500
5467.000 # 1500
5468.000 # 1500
5469.000 # 1500
5470.000 # 1500
5471.000 # 1500
5472.000 # 1500
5473.000 # 1500
5474.000 # 1500
5474.362 + 128 1
5475.000 # 1500
5475.498 - 128 1.136 1
5476.000 # 1500
5477.000 # 1500
5478.000 # 1500
5479.000 # 1500
5480.000 # 1500
5481.000 # 1500
5482.000 # 1500
5483.000 # 1500
5484.000 # 1500
5485.000 # 1500
5486.000 # 1500
5487.000 # 1500
5487.147 + 128 1
5488.000 # 1500
5488.278 - 128 1.131 1
5489.000 # 1500
5490.000 # 1500
5491.000 # 1500
5492.000 # 1500
5493.000 # 1500
5494.000 # 1500
5495.000 # 1500
5496.000 # 1500
5497.000 # 1500
5498.000 # 1500
5499.000 # 1500
5500.000 # 1500
5500.137 + 128 1
5501.000 # 1500
5501.240 - 128 1.103 1
5502.000 # 1500
5503.000 # 1500
5504.000 # 1500
5505.000 # 1500
5506.000 # 1500
5507.000 # 1500
5508.000 # 1500
5509.000 # 1500
5510.000 # 1500
5511.000 # 1500
5512.000 # 1500
5513.000 # 1500
5513.768 + 128 1
5514.000 # 1500
5514.951 - 128 1.183 1
5515.000 # 1500
5516.000 # 1500
5517.000 # 1500
5518.000 # 1500
5519.000 # 1500
5520.000 # 1500
5521.000 # 1500
5522.000 # 1500
5523.000 # 1500
5524.000 # 1500
5525.000 # 1500
5526.000 # 1500
5526.358 + 128 1
5527.000 # 1500
5527.489 - 128 1.131 1
5528.000 # 1500
5529.000 # 1500
5530.000 # 1500
5531.000 # 1500
5532.000 # 1500
5533.000 # 1500
5534.000 # 1500
5535.000 # 1500
5536.000 # 1500
5537.000 # 1500
5538.000 # 1500
5539.000 # 1500
5539.282 + 128 1
5540.000 # 1500
5540.452 - 128 1.170 1
5541.000 # 1500
5542.000 # 1500
5543.000 # 1500
5544.000 # 1500
5545.000 # 1500
5546.000 # 1500
5547.000 # 1500
5548.000 # 1500
5549.000 # 1500
5550.000 # 1500
5551.000 # 1500
5552.000 # 1500
5552.244 + 128 1
5553.000 # 1500
5553.421 - 128 1.177 1
5554.000 # 1500
5555.000 # 1500
5556.000 # 1500
5557.000 # 1500
5558.000 # 1500
5559.000 # 1500
5560.000 # 1500
5561.000 # 1500
5562.000 # 1500
5563.000 # 1500
5564.000 # 1500
5565.000 # 1500
5565.043 + 128 1
5566.000 # 1500
5566.445 - 128 1.402 1
5567.000 # 1500
5568.000 # 1500
5569.000 # 1500
5570.000 # 1500
5571.000 # 1500
5572.000 # 1500
5573.000 # 1500
5574.000 # 1500
5575.000 # 1500
5576.000 # 1500
5577.000 # 1500
5577.922 + 128 1
5578.000 # 1500
5579.000 # 1500
5579.361 - 128 1.439 1
5580.000 # 1500
5581.000 # 1500
5582.000 # 1500
5583.000 # 1500
5584.000 # 1500
5585.000 # 1500
5586.000 # 1500
5587.000 # 1500
5588.000 # 1500
5589.000 # 1500
5590.000 # 1500
5590.097 + 128 1
5591.000 # 1500
5592.000 # 1500
5592.290 - 128 2.193 1
5593.000 # 1500
5594.000 # 1500
5595.000 # 1500
5596.000 # 1500
5597.000 # 1500
5598.000 # 1500
5599.000 # 1500
5600.000 # 1500
5601.000 # 1500
5602.000 # 1500
5603.000 # 1500
5604.000 # 1500
5605.000 # 1500
5606.000 # 1500
5607.000 # 1500
5608.000 # 1500
5609.000 # 1500
5609.641 + 128 1
5610.000 # 1500
5611.000 # 1500
5612.000 # 1500
5613.000 # 1500
5613.794 - 128 4.153 1
5614.000 # 1500
5615.000 # 1500
5616.000 # 1500
5617.000 # 1500
5618.000 # 1500
5619.000 # 1500
5619.723 + 128 1
5620.000 # 1500
5621.000 # 1500
5621.120 - 128 1.397 1
5622.000 # 1500
5623.000 # 1500
5624.000 # 1500
5625.000 # 1500
5626.000 # 1500
5627.000 # 1500
5628.000 # 1500
5629.000 # 1500
5630.000 # 1500
5631.000 # 1500
5632.000 # 1500
5633.000 # 1500
5634.000 # 1500
5634.661 + 128 1
5635.000 # 1500
5636.000 # 1500
5636.656 - 128 1.995 1
5637.000 # 1500
5638.000 # 1500
5639.000 # 1500
5640.000 # 1500
5641.000 # 1500
5642.000 # 1500
5643.000 # 1500
5644.000 # 1500
5645.000 # 1500
5646.000 # 1500
5647.000 # 1500
5648.000 # 1500
5649.000 # 1500
5649.637 + 128 1
5650.000 # 1500
5651.000 # 1500
5651.028 - 128 1.391 1
5652.000 # 1500
5653.000 # 1500
5654.000 # 1500
5655.000 # 1500
5656.000 # 1500
5657.000 # 1500
5658.000 # 1500
5659.000 # 1500
5659.586 + 128 1
5660.000 # 1500
5661.000 # 1500
5661.636 - 128 2.050 1
5662.000 # 1500
5663.000 # 1500
5664.000 # 1500
5665.000 # 1500
5666.000 # 1500
5667.000 # 1500
5668.000 # 1500
5669.000 # 1500
5670.000 # 1500
5671.000 # 1500
5672.000 # 1500
5673.000 # 1500
5674.000 # 1500
5675.000 # 1500
5676.000 # 1500
5677.000 # 1500
5677.642 + 128 1
5678.000 # 1500
5679.000 # 1500
5680.000 # 1500
5681.000 # 1500
5682.000 # 1500
5683.000 # 1500
5684.000 # 1500
5685.000 # 1500
5686.000 # 1500
5687.000 # 1500
5687.906 - 128 10.264 1
5688.000 # 1500
5688.050 + 128 1
5689.000 # 1500
5689.344 - 128 1.294 1
5690.000 # 1500
5691.000 # 1500
5692.000 # 1500
5693.000 # 1500
5694.000 # 1500
5695.000 # 1500
5696.000 # 1500
5697.000 # 1500
5697.827 + 128 1
5698.000 # 1500
5699.000 # 1500
5700.000 # 1500
5701.000 # 1500
5702.000 # 1500
5703.000 # 1500
5704.000 # 1500
5705.000 # 1500
5706.000 # 1500
5707.000 # 1500
5707.900 + 128 1
5707.930 - 128 10.103 1
5708.000 # 1500
5709.000 # 1500
5709.055 - 128 1.155 1
5710.000 # 1500
5711.000 # 1500
5712.000 # 1500
5713.000 # 1500
5714.000 # 1500
5715.000 # 1500
5716.000 # 1500
5717.000 # 1500
5718.000 # 1500
5719.000 # 1500
5720.000 # 1500
5721.000 # 1500
5722.000 # 1500
5723.000 # 1500
5724.000 # 1500
5725.000 # 1500
5725.814 + 128 1
5726.000 # 1500
5726.933 - 128 1.119 1
5727.000 # 1500
5728.000 # 1500
5729.000 # 1500
5730.000 # 1500
5731.000 # 1500
5732.000 # 1500
5733.000 # 1500
5734.000 # 1500
5735.000 # 1500
5735.830 + 128 1
5736.000 # 1500
5737.000 # 1500
5737.396 - 128 1.566 1
5738.000 # 1500
5739.000 # 1500
5740.000 # 1500
5741.000 # 1500
5742.000 # 1500
5743.000 # 1500
5744.000 # 1500
5745.000 # 1500
5746.000 # 1500
5747.000 # 1500
5748.000 # 1500
5749.000 # 1500
5750.000 # 1500
5751.000 # 1500
5752.000 # 1500
5753.000 # 1500
5753.577 + 128 1
5754.000 # 1500
5755.000 # 1500
5756.000 # 1500
5757.000 # 1500
5757.331 - 128 3.754 1
5758.000 # 1500
5759.000 # 1500
5760.000 # 1500
5761.000 # 1500
5762.000 # 1500
5763.000 # 1500
5763.677 + 128 1
5764.000 # 1500
5764.832 - 128 1.155 1
5765.000 # 1500
5766.000 # 1500
5767.000 # 1500
5768.000 # 1500
5769.000 # 1500
5770.000 # 1500
5771.000 # 1500
5772.000 # 1500
5773.000 # 1500
5773.499 + 128 1
5774.000 # 1500
5775.000 # 1500
5775.547 - 128 2.048 1
5776.000 # 1500
5777.000 # 1500
5778.000 # 1500
5779.000 # 1500
5780.000 # 1500
5781.000 # 1500
5782.000 # 1500
5783.000 # 1500
5784.000 # 1500
5785.000 # 1500
5786.000 # 1500
5787.000 # 1500
5788.000 # 1500
5789.000 # 1500
5789.625 + 128 1
5790.000 # 1500
5791.000 # 1500
5791.963 - 128 2.338 1
5792.000 # 1500
5793.000 # 1500
5794.000 # 1500
5795.000 # 1500
5796.000 # 1500
5797.000 # 1500
5798.000 # 1500
5799.000 # 1500
5800.000 # 1500
5801.000 # 1500
5801.596 + 128 1
5802.000 # 1500
5803.000 # 1500
5804.000 # 1500
5805.000 # 1500
5805.775 - 128 4.179 1
5806.000 # 1500
5807.000 # 1500
5808.000 # 1500
5809.000 # 1500
5810.000 # 1500
5811.000 # 1500
5811.601 + 128 1
5812.000 # 1500
5813.000 # 1500
5813.699 - 128 2.098 1
5814.000 # 1500
5815.000 # 1500
5816.000 # 1500
5817.000 # 1500
5818.000 # 1500
5819.000 # 1500
5820.000 # 1500
5821.000 # 1500
5821.625 + 128 1
5822.000 # 1500
5823.000 # 1500
5824.000 # 1500
5824.734 - 128 3.109 1
5825.000 # 1500
5826.000 # 1500
5827.000 # 1500
5828.000 # 1500
5829.000 # 1500
5830.000 # 1500
5831.000 # 1500
5832.000 # 1500
5833.000 # 1500
5834.000 # 1500
5835.000 # 1500
5836.000 # 1500
5837.000 # 1500
5838.000 # 1500
5839.000 # 1500
5840.000 # 1500
5841.000 # 1500
5841.590 + 128 1
5842.000 # 1500
5842.814 - 128 1.224 1
5843.000 # 1500
5844.000 # 1500
5845.000 # 1500
5846.000 # 1500
5847.000 # 1500
5848.000 # 1500
5849.000 # 1500
5850.000 # 1500
5851.000 # 1500
5851.604 + 128 1
5852.000 # 1500
5853.000 # 1500
5853.609 - 128 2.005 1
5854.000 # 1500
5855.000 # 1500
5856.000 # 1500
5857.000 # 1500
5858.000 # 1500
5859.000 # 1500
5860.000 # 1500
5861.000 # 1500
5862.000 # 1500
5863.000 # 1500
5864.000 # 1500
5865.000 # 1500
5866.000 # 1500
5866.051 + 128 1
5867.000 # 1500
5867.916 - 128 1.865 1
5868.000 # 1500
5869.000 # 1500
5870.000 # 1500
5871.000 # 1500
5872.000 # 1500
5873.000 # 1500
5874.000 # 1500
5875.000 # 1500
5876.000 # 1500
5877.000 # 1500
5877.670 + 128 1
5878.000 # 1500
5879.000 # 1500
5879.627 - 128 1.957 1
5880.000 # 1500
5881.000 # 1500
5882.000 # 1500
5883.000 # 1500
5884.000 # 1500
5885.000 # 1500
5886.000 # 1500
5887.000 # 1500
5887.729 + 128 1
5888.000 # 1500
5889.000 # 1500
5889.601 - 128 1.872 1
5890.000 # 1500
5891.000 # 1500
5892.000 # 1500
5893.000 # 1500
5894.000 # 1500
5895.000 # 1500
5896.000 # 1500
5897.000 # 1500
5897.678 + 128 1
5898.000 # 1500
5899.000 # 1500
5900.000 # 1500
5900.516 - 128 2.838 1
5901.000 # 1500
5902.000 # 1500
5903.000 # 1500
5904.000 # 1500
5905.000 # 1500
5906.000 # 1500
5907.000 # 1500
5908.000 # 1500
5909.000 # 1500
5910.000 # 1500
5911.000 # 1500
5912.000 # 1500
5913.000 # 1500
5914.000 # 1500
5915.000 # 1500
5916.000 # 1500
5917.000 # 1500
5918.000 # 1500
5918.948 + 128 1
5919.000 # 1500
5920.000 # 1500
5920.143 - 128 1.195 1
5921.000 # 1500
5922.000 # 1500
5923.000 # 1500
5924.000 # 1500
5925.000 # 1500
5926.000 # 1500
5927.000 # 1500
5928.000 # 1500
5929.000 # 1500
5930.000 # 1500
5930.494 + 128 1
5931.000 # 1500
5932.000 # 1500
5932.291 - 128 1.797 1
5933.000 # 1500
5934.000 # 1500
5935.000 # 1500
5936.000 # 1500
5937.000 # 1500
5938.000 # 1500
5939.000 # 1500
5939.915 + 128 1
5940.000 # 1500
5940.997 - 128 1.082 1
5941.000 # 1500
5942.000 # 1500
5943.000 # 1500
5944.000 # 1500
5945.000 # 1500
5946.000 # 1500
5947.000 # 1500
5948.000 # 1500
5949.000 # 1500
5949.896 + 128 1
5950.000 # 1500
5951.000 # 1500
5951.471 - 128 1.575 1
5952.000 # 1500
5953.000 # 1500
5954.000 # 1500
5955.000 # 1500
5956.000 # 1500
5957.000 # 1500
5958.000 # 1500
5959.000 # 1500
5960.000 # 1500
5961.000 # 1500
5962.000 # 1500
5963.000 # 1500
5964.000 # 1500
5965.000 # 1500
5965.604 + 128 1
5966.000 # 1500
5966.715 - 128 1.111 1
5967.000 # 1500
5968.000 # 1500
5969.000 # 1500
5970.000 # 1500
5971.000 # 1500
5972.000 # 1500
5973.000 # 1500
5974.000 # 1500
5975.000 # 1500
5976.000 # 1500
5977.000 # 1500
5978.000 # 1500
5978.358 + 128 1
5979.000 # 1500
5979.455 - 128 1.097 1
5980.000 # 1500
5981.000 # 1500
5982.000 # 1500
5983.000 # 1500
5984.000 # 1500
5985.000 # 1500
5986.000 # 1500
5987.000 # 1500
5988.000 # 1500
5988.380 + 128 1
5989.000 # 1500
5989.443 - 128 1.063 1
5990.000 # 1500
5991.000 # 1500
5992.000 # 1500
5993.000 # 1500
5994.000 # 1500
5995.000 # 1500
5996.000 # 1500
5997.000 # 1500
5998.000 # 1500
5998.324 + 128 1
5999.000 # 1500
5999.417 - 128 1.093 1
6000.000 # 1500
6001.000 # 1500
6002.000 # 1500
6003.000 # 1500
6004.000 # 1500
6005.000 # 1500
6006.000 # 1500
6007.000 # 1500
6008.000 # 1500
6009.000 # 1500
6010.000 # 1500
6011.000 # 1500
6012.000 # 1500
6013.000 # 1500
6014.000 # 1500
6015.000 # 1500
6016.000 # 1500
6017.000 # 1500
6018.000 # 1500
6018.348 + 128 1
6019.000 # 1500
6019.419 - 128 1.071 1
6020.000 # 1500
6021.000 # 1500
6022.000 # 1500
6023.000 # 1500
6024.000 # 1500
6025.000 # 1500
6026.000 # 1500
6027.000 # 1500
6028.000 # 1500
6028.301 + 128 1
6029.000 # 1500
6029.362 - 128 1.061 1
6030.000 # 1500
6031.000 # 1500
6032.000 # 1500
6033.000 # 1500
6034.000 # 1500
6035.000 # 1500
6036.000 # 1500
6037.000 # 1500
6038.000 # 1500
6039.000 # 1500
6040.000 # 1500
6041.000 # 1500
6041.544 + 128 1
6042.000 # 1500
6042.654 - 128 1.110 1
6043.000 # 1500
6044.000 # 1500
6045.000 # 1500
6046.000 # 1500
6047.000 # 1500
6048.000 # 1500
6049.000 # 1500
6050.000 # 1500
6051.000 # 1500
6051.531 + 128 1
6052.000 # 1500
6052.659 - 128 1.128 1
6053.000 # 1500
6054.000 # 1500
6055.000 # 1500
6056.000 # 1500
6057.000 # 1500
6058.000 # 1500
6059.000 # 1500
6060.000 # 1500
6061.000 # 1500
6062.000 # 1500
6063.000 # 1500
6064.000 # 1500
6065.000 # 1500
6065.528 + 128 1
6066.000 # 1500
6066.853 - 128 1.325 1
6067.000 # 1500
6068.000 # 1500
6069.000 # 1500
6070.000 # 1500
6071.000 # 1500
6072.000 # 1500
6073.000 # 1500
6074.000 # 1500
6075.000 # 1500
6076.000 # 1500
6077.000 # 1500
6077.553 + 128 1
6078.000 # 1500
6078.703 - 128 1.150 1
6079.000 # 1500
6080.000 # 1500
6081.000 # 1500
6082.000 # 1500
6083.000 # 1500
6084.000 # 1500
6085.000 # 1500
6086.000 # 1500
6087.000 # 1500
6087.542 + 128 1
6088.000 # 1500
6088.597 - 128 1.055 1
6089.000 # 1500
6090.000 # 1500
6091.000 # 1500
6092.000 # 1500
6093.000 # 1500
6094.000 # 1500
6095.000 # 1500
6096.000 # 1500
6097.000 # 1500
6098.000 # 1500
6099.000 # 1500
6100.000 # 1500
6101.000 # 1500
6102.000 # 1500
6103.000 # 1500
6104.000 # 1500
6105.000 # 1500
6105.743 + 128 1
6106.000 # 1500
6106.882 - 128 1.139 1
6107.000 # 1500
6108.000 # 1500
6109.000 # 1500
6110.000 # 1500
6111.000 # 1500
6112.000 # 1500
6113.000 # 1500
6114.000 # 1500
6115.000 # 1500
6115.717 + 128 1
6116.000 # 1500
6116.868 - 128 1.151 1
6117.000 # 1500
6118.000 # 1500
6119.000 # 1500
6120.000 # 1500
6121.000 # 1500
6122.000 # 1500
6123.000 # 1500
6124.000 # 1500
6125.000 # 1500
6125.720 + 128 1
6126.000 # 1500
6126.846 - 128 1.126 1
6127.000 # 1500
6128.000 # 1500
6129.000 # 1500
6130.000 # 1500
6131.000 # 1500
6132.000 # 1500
6133.000 # 1500
6134.000 # 1500
6135.000 # 1500
6136.000 # 1500
6137.000 # 1500
6138.000 # 1500
6139.000 # 1500
6140.000 # 1500
6141.000 # 1500
6141.576 + 128 1
6142.000 # 1500
6142.734 - 128 1.158 1
6143.000 # 1500
6144.000 # 1500
6145.000 # 1500
6146.000 # 1500
6147.000 # 1500
6148.000 # 1500
6149.000 # 1500
6150.000 # 1500
6151.000 # 1500
6151.514 + 128 1
6152.000 # 1500
6152.616 - 128 1.102 1
6153.000 # 1500
6154.000 # 1500
6155.000 # 1500
6156.000 # 1500
6157.000 # 1500
6158.000 # 1500
6159.000 # 1500
6160.000 # 1500
6161.000 # 1500
6161.503 + 128 1
6162.000 # 1500
6162.582 - 128 1.079 1
6163.000 # 1500
6164.000 # 1500
6165.000 # 1500
6166.000 # 1500
6167.000 # 1500
6168.000 # 1500
6169.000 # 1500
6170.000 # 1500
6171.000 # 1500
6172.000 # 1500
6173.000 # 1500
6174.000 # 1500
6175.000 # 1500
6176.000 # 1500
6177.000 # 1500
6178.000 # 1500
6179.000 # 1500
6180.000 # 1500
6181.000 # 1500
6181.542 + 128 1
6182.000 # 1500
6182.782 - 128 1.240 1
6183.000 # 1500
6184.000 # 1500
6185.000 # 1500
6186.000 # 1500
6187.000 # 1500
6188.000 # 1500
6189.000 # 1500
6190.000 # 1500
6191.000 # 1500
6191.509 + 128 1
6192.000 # 1500
6192.610 - 128 1.101 1
6193.000 # 1500
6194.000 # 1500
6195.000 # 1500
6196.000 # 1500
6197.000 # 1500
6198.000 # 1500
6199.000 # 1500
6200.000 # 1500
6201.000 # 1500
6201.487 + 128 1
6202.000 # 1500
6202.742 - 128 1.255 1
6203.000 # 1500
6204.000 # 1500
6205.000 # 1500
6206.000 # 1500
6207.000 # 1500
6208.000 # 1500
6209.000 # 1500
6210.000 # 1500
6211.000 # 1500
6212.000 # 1500
6213.000 # 1500
6214.000 # 1500
6215.000 # 1500
6216.000 # 1500
6217.000 # 1500
6217.537 + 128 1
6218.000 # 1500
6218.687 - 128 1.150 1
6219.000 # 1500
6220.000 # 1500
6221.000 # 1500
6222.000 # 1500
6223.000 # 1500
6224.000 # 1500
6225.000 # 1500
6226.000 # 1500
6227.000 # 1500
6228.000 # 1500
6229.000 # 1500
6229.792 + 128 1
6230.000 # 1500
6230.857 - 128 1.065 1
6231.000 # 1500
6232.000 # 1500
6233.000 # 1500
6234.000 # 1500
6235.000 # 1500
6236.000 # 1500
6237.000 # 1500
6238.000 # 1500
6239.000 # 1500
6239.759 + 128 1
6240.000 # 1500
6240.917 - 128 1.158 1
6241.000 # 1500
6242.000 # 1500
6243.000 # 1500
6244.000 # 1500
6245.000 # 1500
6246.000 # 1500
6247.000 # 1500
6248.000 # 1500
6249.000 # 1500
6250.000 # 1500
6251.000 # 1500
6252.000 # 1500
6253.000 # 1500
6253.529 + 128 1
6254.000 # 1500
6254.628 - 128 1.099 1
6255.000 # 1500
6256.000 # 1500
6257.000 # 1500
6258.000 # 1500
6259.000 # 1500
6260.000 # 1500
6261.000 # 1500
6262.000 # 1500
6263.000 # 1500
6263.486 + 128 1
6264.000 # 1500
6264.561 - 128 1.075 1
6265.000 # 1500
6266.000 # 1500
6267.000 # 1500
6268.000 # 1500
6269.000 # 1500
6270.000 # 1500
6271.000 # 1500
6272.000 # 1500
6273.000 # 1500
6274.000 # 1500
6275.000 # 1500
6276.000 # 1500
6277.000 # 1500
6277.533 + 128 1
6278.000 # 1500
6278.666 - 128 1.133 1
6279.000 # 1500
6280.000 # 1500
6281.000 # 1500
6282.000 # 1500
6283.000 # 1500
6284.000 # 1500
6285.000 # 1500
6286.000 # 1500
6287.000 # 1500
6287.526 + 128 1
6288.000 # 1500
6288.642 - 128 1.116 1
6289.000 # 1500
6290.000 # 1500
6291.000 # 1500
6292.000 # 1500
6293.000 # 1500
6294.000 # 1500
6295.000 # 1500
6296.000 # 1500
6297.000 # 1500
6297.509 + 128 1
6298.000 # 1500
6298.565 - 128 1.056 1
6299.000 # 1500
6300.000 # 1500
6301.000 # 1500
6302.000 # 1500
6303.000 # 1500
6304.000 # 1500
6305.000 # 1500
6306.000 # 1500
6307.000 # 1500
6308.000 # 1500
6309.000 # 1500
6310.000 # 1500
6311.000 # 1500
6312.000 # 1500
6313.000 # 1500
6314.000 # 1500
6315.000 # 1500
6316.000 # 1500
6317.000 # 1500
6318.000 # 1500
6318.340 + 128 1
6319.000 # 1500
6319.413 - 128 1.073 1
6320.000 # 1500
6321.000 # 1500
6322.000 # 1500
6323.000 # 1500
6324.000 # 1500
6325.000 # 1500
6326.000 # 1500
6327.000 # 1500
6328.000 # 1500
6328.287 + 128 1
6329.000 # 1500
6329.421 - 128 1.134 1
6330.000 # 1500
6331.000 # 1500
6332.000 # 1500
6333.000 # 1500
6334.000 # 1500
6335.000 # 1500
6336.000 # 1500
6337.000 # 1500
6338.000 # 1500
6339.000 # 1500
6340.000 # 1500
6341.000 # 1500
6341.520 + 128 1
6342.000 # 1500
6342.659 - 128 1.139 1
6343.000 # 1500
6344.000 # 1500
6345.000 # 1500
6346.000 # 1500
6347.000 # 1500
6348.000 # 1500
6349.000 # 1500
6350.000 # 1500
6351.000 # 1500
6351.504 + 128 1
6352.000 # 1500
6352.621 - 128 1.117 1
6353.000 # 1500
6354.000 # 1500
6355.000 # 1500
6356.000 # 1500
6357.000 # 1500
6358.000 # 1500
6359.000 # 1500
6360.000 # 1500
6361.000 # 1500
6362.000 # 1500
6363.000 # 1500
6364.000 # 1500
6365.000 # 1500
6365.537 + 128 1
6366.000 # 1500
6366.677 - 128 1.140 1
6367.000 # 1500
6368.000 # 1500
6369.000 # 1500
6370.000 # 1500
6371.000 # 1500
6372.000 # 1500
6373.000 # 1500
6374.000 # 1500
6375.000 # 1500
6376.000 # 1500
6377.000 # 1500
6378.000 # 1500
6379.000 # 1500
6380.000 # 1500
6381.000 # 1500
6381.524 + 128 1
6382.000 # 1500
6382.661 - 128 1.137 1
6383.000 # 1500
6384.000 # 1500
6385.000 # 1500
6386.000 # 1500
6387.000 # 1500
6388.000 # 1500
6389.000 # 1500
6390.000 # 1500
6391.000 # 1500
6391.504 + 128 1
6392.000 # 1500
6392.623 - 128 1.119 1
6393.000 # 1500
6394.000 # 1500
6395.000 # 1500
6396.000 # 1500
6397.000 # 1500
6398.000 # 1500
6399.000 # 1500
6400.000 # 1500
6401.000 # 1500
6401.497 + 128 1
6402.000 # 1500
6402.615 - 128 1.118 1
6403.000 # 1500
6404.000 # 1500
6405.000 # 1500
6406.000 # 1500
6407.000 # 1500
6408.000 # 1500
6409.000 # 1500
6410.000 # 1500
6411.000 # 1500
6412.000 # 1500
6413.000 # 1500
6414.000 # 1500
6415.000 # 1500
6416.000 # 1500
6417.000 # 1500
6417.520 + 128 1
6418.000 # 1500
6418.618 - 128 1.098 1
6419.000 # 1500
6420.000 # 1500
6421.000 # 1500
6422.000 # 1500
6423.000 # 1500
6424.000 # 1500
6425.000 # 1500
6426.000 # 1500
6427.000 # 1500
6428.000 # 1500
6429.000 # 1500
6429.527 + 128 1
6430.000 # 1500
6430.610 - 128 1.083 1
6431.000 # 1500
6432.000 # 1500
6433.000 # 1500
6434.000 # 1500
6435.000 # 1500
6436.000 # 1500
6437.000 # 1500
6438.000 # 1500
6439.000 # 1500
6439.516 + 128 1
6440.000 # 1500
6440.591 - 128 1.075 1
6441.000 # 1500
6442.000 # 1500
6443.000 # 1500
6444.000 # 1500
6445.000 # 1500
6446.000 # 1500
6447.000 # 1500
6448.000 # 1500
6449.000 # 1500
6449.521 + 128 1
6450.000 # 1500
6450.622 - 128 1.101 1
6451.000 # 1500
6452.000 # 1500
6453.000 # 1500
6454.000 # 1500
6455.000 # 1500
6456.000 # 1500
6457.000 # 1500
6458.000 # 1500
6459.000 # 1500
6460.000 # 1500
6461.000 # 1500
6462.000 # 1500
6463.000 # 1500
6464.000 # 1500
6465.000 # 1500
6466.000 # 1500
6467.000 # 1500
6468.000 # 1500
6469.000 # 1500
6469.529 + 128 1
6470.000 # 1500
6470.630 - 128 1.101 1
6471.000 # 1500
6472.000 # 1500
6473.000 # 1500
6474.000 # 1500
6475.000 # 1500
6476.000 # 1500
6477.000 # 1500
6478.000 # 1500
6479.000 # 1500
6479.507 + 128 1
6480.000 # 1500
6480.568 - 128 1.061 1
6481.000 # 1500
6482.000 # 1500
6483.000 # 1500
6484.000 # 1500
6485.000 # 1500
6486.000 # 1500
6487.000 # 1500
6488.000 # 1500
6489.000 # 1500
6490.000 # 1500
6491.000 # 1500
6492.000 # 1500
6493.000 # 1500
6493.548 + 128 1
6494.000 # 1500
6494.643 - 128 1.095 1
6495.000 # 1500
6496.000 # 1500
6497.000 # 1500
6498.000 # 1500
6499.000 # 1500
6500.000 # 1500
6501.000 # 1500
6502.000 # 1500
6503.000 # 1500
6504.000 # 1500
6505.000 # 1500
6505.526 + 128 1
6506.000 # 1500
6506.630 - 128 1.104 1
6507.000 # 1500
6508.000 # 1500
6509.000 # 1500
6510.000 # 1500
6511.000 # 1500
6512.000 # 1500
6513.000 # 1500
6514.000 # 1500
6515.000 # 1500
6515.486 + 128 1
6516.000 # 1500
6516.569 - 128 1.083 1
6517.000 # 1500
6518.000 # 1500
6519.000 # 1500
6520.000 # 1500
6521.000 # 1500
6522.000 # 1500
6523.000 # 1500
6524.000 # 1500
6525.000 # 1500
6525.489 + 128 1
6526.000 # 1500
6526.568 - 128 1.079 1
6527.000 # 1500
6528.000 # 1500
6529.000 # 1500
6530.000 # 1500
6531.000 # 1500
6532.000 # 1500
6533.000 # 1500
6534.000 # 1500
6535.000 # 1500
6536.000 # 1500
6537.000 # 1500
6538.000 # 1500
6539.000 # 1500
6540.000 # 1500
6541.000 # 1500
6541.543 + 128 1
6542.000 # 1500
6542.650 - 128 1.107 1
6543.000 # 1500
6544.000 # 1500
6545.000 # 1500
6546.000 # 1500
6547.000 # 1500
6548.000 # 1500
6549.000 # 1500
6550.000 # 1500
6551.000 # 1500
6551.509 + 128 1
6552.000 # 1500
6552.679 - 128 1.170 1
6553.000 # 1500
6554.000 # 1500
6555.000 # 1500
6556.000 # 1500
6557.000 # 1500
6558.000 # 1500
6559.000 # 1500
6560.000 # 1500
6561.000 # 1500
6562.000 # 1500
6563.000 # 1500
6564.000 # 1500
6565.000 # 1500
6565.577 + 128 1
6566.000 # 1500
6566.767 - 128 1.190 1
6567.000 # 1500
6568.000 # 1500
6569.000 # 1500
6570.000 # 1500
6571.000 # 1500
6572.000 # 1500
6573.000 # 1500
6574.000 # 1500
6575.000 # 1500
6576.000 # 1500
6577.000 # 1500
6578.000 # 1500
6579.000 # 1500
6580.000 # 1500
6581.000 # 1500
6581.534 + 128 1
6582.000 # 1500
6582.669 - 128 1.135 1
6583.000 # 1500
6584.000 # 1500
6585.000 # 1500
6586.000 # 1500
6587.000 # 1500
6588.000 # 1500
6589.000 # 1500
6590.000 # 1500
6591.000 # 1500
6591.554 + 128 1
6592.000 # 1500
6592.699 - 128 1.145 1
6593.000 # 1500
6594.000 # 1500
6595.000 # 1500
6596.000 # 1500
6597.000 # 1500
6598.000 # 1500
6599.000 # 1500
6600.000 # 1500
6601.000 # 1500
6602.000 # 1500
6603.000 # 1500
6604.000 # 1500
6605.000 # 1500
6605.687 + 128 1
6606.000 # 1500
6606.820 - 128 1.133 1
6607.000 # 1500
6608.000 # 1500
6609.000 # 1500
6610.000 # 1500
6611.000 # 1500
6612.000 # 1500
6613.000 # 1500
6614.000 # 1500
6615.000 # 1500
6615.633 + 128 1
6616.000 # 1500
6616.832 - 128 1.199 1
6617.000 # 1500
6618.000 # 1500
6619.000 # 1500
6620.000 # 1500
6621.000 # 1500
6622.000 # 1500
6623.000 # 1500
6624.000 # 1500
6625.000 # 1500
6625.614 + 128 1
6626.000 # 1500
6626.759 - 128 1.145 1
6627.000 # 1500
6628.000 # 1500
6629.000 # 1500
6630.000 # 1500
6631.000 # 1500
6632.000 # 1500
6633.000 # 1500
6634.000 # 1500
6635.000 # 1500
6636.000 # 1500
6637.000 # 1500
6638.000 # 1500
6639.000 # 1500
6640.000 # 1500
6641.000 # 1500
6641.643 + 128 1
6642.000 # 1500
6642.744 - 128 1.101 1
6643.000 # 1500
6644.000 # 1500
6645.000 # 1500
6646.000 # 1500
6647.000 # 1500
6648.000 # 1500
6649.000 # 1500
6650.000 # 1500
6651.000 # 1500
6652.000 # 1500
6653.000 # 1500
6654.000 # 1500
6655.000 # 1500
6656.000 # 1500
6657.000 # 1500
6657.568 + 128 1
6658.000 # 1500
6658.734 - 128 1.166 1
6659.000 # 1500
6660.000 # 1500
6661.000 # 1500
6662.000 # 1500
6663.000 # 1500
6664.000 # 1500
6665.000 # 1500
6666.000 # 1500
6667.000 # 1500
6667.558 + 128 1
6668.000 # 1500
6668.711 - 128 1.153 1
6669.000 # 1500
6670.000 # 1500
6671.000 # 1500
6672.000 # 1500
6673.000 # 1500
6674.000 # 1500
6675.000 # 1500
6676.000 # 1500
6677.000 # 1500
6678.000 # 1500
6679.000 # 1500
6680.000 # 1500
6681.000 # 1500
6681.581 + 128 1
6682.000 # 1500
6682.724 - 128 1.143 1
6683.000 # 1500
6684.000 # 1500
6685.000 # 1500
6686.000 # 1500
6687.000 # 1500
6688.000 # 1500
6689.000 # 1500
6690.000 # 1500
6691.000 # 1500
6691.842 + 128 1
6692.000 # 1500
6693.000 # 1500
6693.552 - 128 1.710 1
6694.000 # 1500
6695.000 # 1500
6696.000 # 1500
6697.000 # 1500
6698.000 # 1500
6699.000 # 1500
6700.000 # 1500
6701.000 # 1500
6701.443 + 128 1
6702.000 # 1500
6702.525 - 128 1.082 1
6703.000 # 1500
6704.000 # 1500
6705.000 # 1500
6706.000 # 1500
6707.000 # 1500
6708.000 # 1500
6709.000 # 1500
6710.000 # 1500
6711.000 # 1500
6712.000 # 1500
6713.000 # 1500
6714.000 # 1500
6715.000 # 1500
6716.000 # 1500
6717.000 # 1500
6717.533 + 128 1
6718.000 # 1500
6718.610 - 128 1.077 1
6719.000 # 1500
6720.000 # 1500
6721.000 # 1500
6722.000 # 1500
6723.000 # 1500
6724.000 # 1500
6725.000 # 1500
6726.000 # 1500
6727.000 # 1500
6728.000 # 1500
6729.000 # 1500
6729.526 + 128 1
6730.000 # 1500
6730.614 - 128 1.088 1
6731.000 # 1500
6732.000 # 1500
6733.000 # 1500
6734.000 # 1500
6735.000 # 1500
6736.000 # 1500
6737.000 # 1500
6738.000 # 1500
6739.000 # 1500
6739.491 + 128 1
6740.000 # 1500
6740.575 - 128 1.084 1
6741.000 # 1500
6742.000 # 1500
6743.000 # 1500
6744.000 # 1500
6745.000 # 1500
6746.000 # 1500
6747.000 # 1500
6748.000 # 1500
6749.000 # 1500
6749.500 + 128 1
6750.000 # 1500
6750.640 - 128 1.140 1
6751.000 # 1500
6752.000 # 1500
6753.000 # 1500
6754.000 # 1500
6755.000 # 1500
6756.000 # 1500
6757.000 # 1500
6758.000 # 1500
6759.000 # 1500
6760.000 # 1500
6761.000 # 1500
6762.000 # 1500
6763.000 # 1500
6764.000 # 1500
6765.000 # 1500
6765.574 + 128 1
6766.000 # 1500
6766.807 - 128 1.233 1
6767.000 # 1500
6768.000 # 1500
6769.000 # 1500
6770.000 # 1500
6771.000 # 1500
6772.000 # 1500
6773.000 # 1500
6774.000 # 1500
6775.000 # 1500
6776.000 # 1500
6777.000 # 1500
6778.000 # 1500
6779.000 # 1500
6780.000 # 1500
6781.000 # 1500
6781.607 + 128 1
6782.000 # 1500
6782.848 - 128 1.241 1
6783.000 # 1500
6784.000 # 1500
6785.000 # 1500
6786.000 # 1500
6787.000 # 1500
6788.000 # 1500
6789.000 # 1500
6790.000 # 1500
6791.000 # 1500
6791.626 + 128 1
6792.000 # 1500
6792.867 - 128 1.241 1
6793.000 # 1500
6794.000 # 1500
6795.000 # 1500
6796.000 # 1500
6797.000 # 1500
6798.000 # 1500
6799.000 # 1500
6800.000 # 1500
6801.000 # 1500
6802.000 # 1500
6803.000 # 1500
6804.000 # 1500
6805.000 # 1500
6805.566 + 128 1
6806.000 # 1500
6806.695 - 128 1.129 1
6807.000 # 1500
6808.000 # 1500
6809.000 # 1500
6810.000 # 1500
6811.000 # 1500
6812.000 # 1500
6813.000 # 1500
6814.000 # 1500
6815.000 # 1500
6815.547 + 128 1
6816.000 # 1500
6816.680 - 128 1.133 1
6817.000 # 1500
6818.000 # 1500
6819.000 # 1500
6820.000 # 1500
6821.000 # 1500
6822.000 # 1500
6823.000 # 1500
6824.000 # 1500
6825.000 # 1500
6826.000 # 1500
6827.000 # 1500
6828.000 # 1500
6829.000 # 1500
6830.000 # 1500
6831.000 # 1500
6832.000 # 1500
6833.000 # 1500
6833.530 + 128 1
6834.000 # 1500
6834.680 - 128 1.150 1
6835.000 # 1500
6836.000 # 1500
6837.000 # 1500
6838.000 # 1500
6839.000 # 1500
6840.000 # 1500
6841.000 # 1500
6842.000 # 1500
6843.000 # 1500
6843.518 + 128 1
6844.000 # 1500
6844.652 - 128 1.134 1
6845.000 # 1500
6846.000 # 1500
6847.000 # 1500
6848.000 # 1500
6849.000 # 1500
6850.000 # 1500
6851.000 # 1500
6852.000 # 1500
6853.000 # 1500
6854.000 # 1500
6855.000 # 1500
6856.000 # 1500
6857.000 # 1500
6857.527 + 128 1
6858.000 # 1500
6858.639 - 128 1.112 1
6859.000 # 1500
6860.000 # 1500
6861.000 # 1500
6862.000 # 1500
6863.000 # 1500
6864.000 # 1500
6865.000 # 1500
6866.000 # 1500
6867.000 # 1500
6867.494 + 128 1
6868.000 # 1500
6868.600 - 128 1.106 1
6869.000 # 1500
6870.000 # 1500
6871.000 # 1500
6872.000 # 1500
6873.000 # 1500
6874.000 # 1500
6875.000 # 1500
6876.000 # 1500
6877.000 # 1500
6878.000 # 1500
6879.000 # 1500
6880.000 # 1500
6881.000 # 1500
6881.539 + 128 1
6882.000 # 1500
6882.645 - 128 1.106 1
6883.000 # 1500
6884.000 # 1500
6885.000 # 1500
6886.000 # 1500
6887.000 # 1500
6888.000 # 1500
6889.000 # 1500
6890.000 # 1500
6891.000 # 1500
6891.512 + 128 1
6892.000 # 1500
6892.567 - 128 1.055 1
6893.000 # 1500
6894.000 # 1500
6895.000 # 1500
6896.000 # 1500
6897.000 # 1500
6898.000 # 1500
6899.000 # 1500
6900.000 # 1500
6901.000 # 1500
6902.000 # 1500
6903.000 # 1500
6904.000 # 1500
6905.000 # 1500
6905.520 + 128 1
6906.000 # 1500
6906.619 - 128 1.099 1
6907.000 # 1500
6908.000 # 1500
6909.000 # 1500
6910.000 # 1500
6911.000 # 1500
6912.000 # 1500
6913.000 # 1500
6914.000 # 1500
6915.000 # 1500
6915.583 + 128 1
6916.000 # 1500
6916.722 - 128 1.139 1
6917.000 # 1500
6918.000 # 1500
6919.000 # 1500
6920.000 # 1500
6921.000 # 1500
6922.000 # 1500
6923.000 # 1500
6924.000 # 1500
6925.000 # 1500
6926.000 # 1500
6927.000 # 1500
6928.000 # 1500
6929.000 # 1500
6930.000 # 1500
6931.000 # 1500
6932.000 # 1500
6933.000 # 1500
6933.574 + 128 1
6934.000 # 1500
6934.618 - 128 1.044 1
6935.000 # 1500
6936.000 # 1500
6937.000 # 1500
6938.000 # 1500
6939.000 # 1500
6940.000 # 1500
6941.000 # 1500
6942.000 # 1500
6943.000 # 1500
6943.554 + 128 1
6944.000 # 1500
6944.643 - 128 1.089 1
6945.000 # 1500
6946.000 # 1500
6947.000 # 1500
6948.000 # 1500
6949.000 # 1500
6950.000 # 1500
6951.000 # 1500
6952.000 # 1500
6953.000 # 1500
6954.000 # 1500
6955.000 # 1500
6956.000 # 1500
6957.000 # 1500
6957.529 + 128 1
6958.000 # 1500
6958.647 - 128 1.118 1
6959.000 # 1500
6960.000 # 1500
6961.000 # 1500
6962.000 # 1500
6963.000 # 1500
6964.000 # 1500
6965.000 # 1500
6966.000 # 1500
6967.000 # 1500
6967.559 + 128 1
6968.000 # 1500
6968.696 - 128 1.137 1
6969.000 # 1500
6970.000 # 1500
6971.000 # 1500
6972.000 # 1500
6973.000 # 1500
6974.000 # 1500
6975.000 # 1500
6976.000 # 1500
6977.000 # 1500
6978.000 # 1500
6979.000 # 1500
6980.000 # 1500
6981.000 # 1500
6981.550 + 128 1
6982.000 # 1500
6982.673 - 128 1.123 1
6983.000 # 1500
6984.000 # 1500
6985.000 # 1500
6986.000 # 1500
6987.000 # 1500
6988.000 # 1500
6989.000 # 1500
6990.000 # 1500
6991.000 # 1500
6991.511 + 128 1
6992.000 # 1500
6992.615 - 128 1.104 1
6993.000 # 1500
6994.000 # 1500
6995.000 # 1500
6996.000 # 1500
6997.000 # 1500
6998.000 # 1500
6999.000 # 1500
7000.000 # 1500
7001.000 # 1500
7002.000 # 1500
7003.000 # 1500
7004.000 # 1500
7005.000 # 1500
7005.551 + 128 1
7006.000 # 1500
7006.681 - 128 1.130 1
7007.000 # 1500
7008.000 # 1500
7009.000 # 1500
7010.000 # 1500
7011.000 # 1500
7012.000 # 1500
7013.000 # 1500
7014.000 # 1500
7015.000 # 1500
7015.509 + 128 1
7016.000 # 1500
7016.650 - 128 1.141 1
7017.000 # 1500
7018.000 # 1500
7019.000 # 1500
7020.000 # 1500
7021.000 # 1500
7022.000 # 1500
7023.000 # 1500
7024.000 # 1500
7025.000 # 1500
7025.515 + 128 1
7026.000 # 1500
7026.696 - 128 1.181 1
7027.000 # 1500
7028.000 # 1500
7029.000 # 1500
7030.000 # 1500
7031.000 # 1500
7032.000 # 1500
7033.000 # 1500
7034.000 # 1500
7035.000 # 1500
7036.000 # 1500
7037.000 # 1500
7038.000 # 1500
7039.000 # 1500
7040.000 # 1500
7041.000 # 1500
7041.565 + 128 1
7042.000 # 1500
7042.716 - 128 1.151 1
7043.000 # 1500
7044.000 # 1500
7045.000 # 1500
7046.000 # 1500
7047.000 # 1500
7048.000 # 1500
7049.000 # 1500
7050.000 # 1500
7051.000 # 1500
7052.000 # 1500
7053.000 # 1500
7054.000 # 1500
7055.000 # 1500
7056.000 # 1500
7057.000 # 1500
7057.537 + 128 1
7058.000 # 1500
7058.677 - 128 1.140 1
7059.000 # 1500
7060.000 # 1500
7061.000 # 1500
7062.000 # 1500
7063.000 # 1500
7064.000 # 1500
7065.000 # 1500
7066.000 # 1500
7067.000 # 1500
7067.555 + 128 1
7068.000 # 1500
7068.598 - 128 1.043 1
7069.000 # 1500
7070.000 # 1500
7071.000 # 1500
7072.000 # 1500
7073.000 # 1500
7074.000 # 1500
7075.000 # 1500
7076.000 # 1500
7077.000 # 1500
7078.000 # 1500
7079.000 # 1500
7080.000 # 1500
7081.000 # 1500
7081.553 + 128 1
7082.000 # 1500
7082.631 - 128 1.078 1
7083.000 # 1500
7084.000 # 1500
7085.000 # 1500
7086.000 # 1500
7087.000 # 1500
7088.000 # 1500
7089.000 # 1500
7090.000 # 1500
7091.000 # 1500
7091.512 + 128 1
7092.000 # 1500
7092.559 - 128 1.047 1
7093.000 # 1500
7094.000 # 1500
7095.000 # 1500
7096.000 # 1500
7097.000 # 1500
7098.000 # 1500
7099.000 # 1500
7100.000 # 1500
7101.000 # 1500
7102.000 # 1500
7103.000 # 1500
7104.000 # 1500
7105.000 # 1500
7105.523 + 128 1
7106.000 # 1500
7106.612 - 128 1.089 1
7107.000 # 1500
7108.000 # 1500
7109.000 # 1500
7110.000 # 1500
7111.000 # 1500
7112.000 # 1500
7113.000 # 1500
7114.000 # 1500
7115.000 # 1500
7115.488 + 128 1
7116.000 # 1500
7116.649 - 128 1.161 1
7117.000 # 1500
7118.000 # 1500
7119.000 # 1500
7120.000 # 1500
7121.000 # 1500
7122.000 # 1500
7123.000 # 1500
7124.000 # 1500
7125.000 # 1500
7126.000 # 1500
7127.000 # 1500
7128.000 # 1500
7129.000 # 1500
7130.000 # 1500
7131.000 # 1500
7132.000 # 1500
7133.000 # 1500
7133.580 + 128 1
7134.000 # 1500
7134.709 - 128 1.129 1
7135.000 # 1500
7136.000 # 1500
7137.000 # 1500
7138.000 # 1500
7139.000 # 1500
7140.000 # 1500
7141.000 # 1500
7142.000 # 1500
7143.000 # 1500
7143.525 + 128 1
7144.000 # 1500
7144.650 - 128 1.125 1
7145.000 # 1500
7146.000 # 1500
7147.000 # 1500
7148.000 # 1500
7149.000 # 1500
7150.000 # 1500
7151.000 # 1500
7152.000 # 1500
7153.000 # 1500
7154.000 # 1500
7155.000 # 1500
7156.000 # 1500
7157.000 # 1500
7157.528 + 128 1
7158.000 # 1500
7158.644 - 128 1.116 1
7159.000 # 1500
7160.000 # 1500
7161.000 # 1500
7162.000 # 1500
7163.000 # 1500
7164.000 # 1500
7165.000 # 1500
7166.000 # 1500
7167.000 # 1500
7167.510 + 128 1
7168.000 # 1500
7168.585 - 128 1.075 1
7169.000 # 1500
7170.000 # 1500
7171.000 # 1500
7172.000 # 1500
7173.000 # 1500
7174.000 # 1500
7175.000 # 1500
7176.000 # 1500
7177.000 # 1500
7178.000 # 1500
7179.000 # 1500
7180.000 # 1500
7181.000 # 1500
7181.540 + 128 1
7182.000 # 1500
7182.681 - 128 1.141 1
7183.000 # 1500
7184.000 # 1500
7185.000 # 1500
7186.000 # 1500
7187.000 # 1500
7188.000 # 1500
7189.000 # 1500
7190.000 # 1500
7191.000 # 1500
7191.619 + 128 1
7192.000 # 1500
7192.862 - 128 1.243 1
7193.000 # 1500
7194.000 # 1500
7195.000 # 1500
7196.000 # 1500
7197.000 # 1500
7198.000 # 1500
7199.000 # 1500
7200.000 # 1500
7201.000 # 1500
7202.000 # 1500
7203.000 # 1500
7204.000 # 1500
7205.000 # 1500
7205.524 + 128 1
7206.000 # 1500
7206.641 - 128 1.117 1
7207.000 # 1500
7208.000 # 1500
7209.000 # 1500
7210.000 # 1500
7211.000 # 1500
7212.000 # 1500
7213.000 # 1500
7214.000 # 1500
7215.000 # 1500
7215.492 + 128 1
7216.000 # 1500
7216.627 - 128 1.135 1
7217.000 # 1500
7218.000 # 1500
7219.000 # 1500
7220.000 # 1500
7221.000 # 1500
7222.000 # 1500
7223.000 # 1500
7224.000 # 1500
7225.000 # 1500
7226.000 # 1500
7227.000 # 1500
7228.000 # 1500
7229.000 # 1500
7230.000 # 1500
7231.000 # 1500
7232.000 # 1500
7233.000 # 1500
7233.971 + 128 1
7234.000 # 1500
7235.000 # 1500
7235.085 - 128 1.114 1
7236.000 # 1500
7237.000 # 1500
7238.000 # 1500
7239.000 # 1500
7240.000 # 1500
7241.000 # 1500
7242.000 # 1500
7243.000 # 1500
7243.511 + 128 1
7244.000 # 1500
7244.575 - 128 1.064 1
7245.000 # 1500
7246.000 # 1500
7247.000 # 1500
7248.000 # 1500
7249.000 # 1500
7250.000 # 1500
7251.000 # 1500
7252.000 # 1500
7253.000 # 1500
7254.000 # 1500
7255.000 # 1500
7256.000 # 1500
7257.000 # 1500
7257.595 + 128 1
7258.000 # 1500
7258.697 - 128 1.102 1
7259.000 # 1500
7260.000 # 1500
7261.000 # 1500
7262.000 # 1500
7263.000 # 1500
7264.000 # 1500
7265.000 # 1500
7266.000 # 1500
7267.000 # 1500
7267.514 + 128 1
7268.000 # 1500
7268.673 - 128 1.159 1
7269.000 # 1500
7270.000 # 1500
7271.000 # 1500
7272.000 # 1500
7273.000 # 1500
7274.000 # 1500
7275.000 # 1500
7276.000 # 1500
7277.000 # 1500
7277.505 + 128 1
7278.000 # 1500
7278.633 - 128 1.128 1
7279.000 # 1500
7280.000 # 1500
7281.000 # 1500
7282.000 # 1500
7283.000 # 1500
7284.000 # 1500
7285.000 # 1500
7286.000 # 1500
7287.000 # 1500
7288.000 # 1500
7289.000 # 1500
7290.000 # 1500
7291.000 # 1500
7292.000 # 1500
7293.000 # 1500
7293.578 + 128 1
7294.000 # 1500
7294.973 - 128 1.395 1
7295.000 # 1500
7296.000 # 1500
7297.000 # 1500
7298.000 # 1500
7299.000 # 1500
7300.000 # 1500
7301.000 # 1500
7302.000 # 1500
7303.000 # 1500
7303.538 + 128 1
7304.000 # 1500
7304.678 - 128 1.140 1
7305.000 # 1500
7306.000 # 1500
7307.000 # 1500
7308.000 # 1500
7309.000 # 1500
7310.000 # 1500
7311.000 # 1500
7312.000 # 1500
7313.000 # 1500
7314.000 # 1500
7315.000 # 1500
7316.000 # 1500
7317.000 # 1500
7317.558 + 128 1
7318.000 # 1500
7318.702 - 128 1.144 1
7319.000 # 1500
7320.000 # 1500
7321.000 # 1500
7322.000 # 1500
7323.000 # 1500
7324.000 # 1500
7325.000 # 1500
7326.000 # 1500
7327.000 # 1500
7328.000 # 1500
7329.000 # 1500
7330.000 # 1500
7331.000 # 1500
7332.000 # 1500
7333.000 # 1500
7333.538 + 128 1
7334.000 # 1500
7334.636 - 128 1.098 1
7335.000 # 1500
7336.000 # 1500
7337.000 # 1500
7338.000 # 1500
7339.000 # 1500
7340.000 # 1500
7341.000 # 1500
7342.000 # 1500
7343.000 # 1500
7343.488 + 128 1
7344.000 # 1500
7344.586 - 128 1.098 1
7345.000 # 1500
7346.000 # 1500
7347.000 # 1500
7348.000 # 1500
7349.000 # 1500
7350.000 # 1500
7351.000 # 1500
7352.000 # 1500
7353.000 # 1500
7353.488 + 128 1
7354.000 # 1500
7354.609 - 128 1.121 1
7355.000 # 1500
7356.000 # 1500
7357.000 # 1500
7358.000 # 1500
7359.000 # 1500
7360.000 # 1500
7361.000 # 1500
7362.000 # 1500
7363.000 # 1500
7364.000 # 1500
7365.000 # 1500
7366.000 # 1500
7367.000 # 1500
7368.000 # 1500
7369.000 # 1500
7369.542 + 128 1
7370.000 # 1500
7370.636 - 128 1.094 1
7371.000 # 1500
7372.000 # 1500
7373.000 # 1500
7374.000 # 1500
7375.000 # 1500
7376.000 # 1500
7377.000 # 1500
7378.000 # 1500
7379.000 # 1500
7380.000 # 1500
7381.000 # 1500
7381.557 + 128 1
7382.000 # 1500
7382.668 - 128 1.111 1
7383.000 # 1500
7384.000 # 1500
7385.000 # 1500
7386.000 # 1500
7387.000 # 1500
7388.000 # 1500
7389.000 # 1500
7390.000 # 1500
7391.000 # 1500
7391.542 + 128 1
7392.000 # 1500
7392.680 - 128 1.138 1
7393.000 # 1500
7394.000 # 1500
7395.000 # 1500
7396.000 # 1500
7397.000 # 1500
7398.000 # 1500
7399.000 # 1500
7400.000 # 1500
7401.000 # 1500
7401.530 + 128 1
7402.000 # 1500
7402.643 - 128 1.113 1
7403.000 # 1500
7404.000 # 1500
7405.000 # 1500
7406.000 # 1500
7407.000 # 1500
7408.000 # 1500
7409.000 # 1500
7410.000 # 1500
7411.000 # 1500
7412.000 # 1500
7413.000 # 1500
7414.000 # 1500
7415.000 # 1500
7416.000 # 1500
7417.000 # 1500
7418.000 # 1500
7419.000 # 1500
7420.000 # 1500
7421.000 # 1500
7421.533 + 128 1
7422.000 # 1500
7422.643 - 128 1.110 1
7423.000 # 1500
7424.000 # 1500
7425.000 # 1500
7426.000 # 1500
7427.000 # 1500
7428.000 # 1500
7429.000 # 1500
7430.000 # 1500
7431.000 # 1500
7431.554 + 128 1
7432.000 # 1500
7432.740 - 128 1.186 1
7433.000 # 1500
7434.000 # 1500
7435.000 # 1500
7436.000 # 1500
7437.000 # 1500
7438.000 # 1500
7439.000 # 1500
7440.000 # 1500
7441.000 # 1500
7442.000 # 1500
7443.000 # 1500
7444.000 # 1500
7445.000 # 1500
7445.577 + 128 1
7446.000 # 1500
7447.000 # 1500
7447.457 - 128 1.880 1
7448.000 # 1500
7449.000 # 1500
7450.000 # 1500
7451.000 # 1500
7452.000 # 1500
7453.000 # 1500
7454.000 # 1500
7455.000 # 1500
7455.570 + 128 1
7456.000 # 1500
7456.789 - 128 1.219 1
7457.000 # 1500
7458.000 # 1500
7459.000 # 1500
7460.000 # 1500
7461.000 # 1500
7462.000 # 1500
7463.000 # 1500
7464.000 # 1500
7465.000 # 1500
7466.000 # 1500
7467.000 # 1500
7468.000 # 1500
7469.000 # 1500
7469.541 + 128 1
7470.000 # 1500
7470.651 - 128 1.110 1
7471.000 # 1500
7472.000 # 1500
7473.000 # 1500
7474.000 # 1500
7475.000 # 1500
7476.000 # 1500
7477.000 # 1500
7478.000 # 1500
7479.000 # 1500
7480.000 # 1500
7481.000 # 1500
7481.529 + 128 1
7482.000 # 1500
7482.612 - 128 1.083 1
7483.000 # 1500
7484.000 # 1500
7485.000 # 1500
7486.000 # 1500
7487.000 # 1500
7488.000 # 1500
7489.000 # 1500
7490.000 # 1500
7491.000 # 1500
7491.536 + 128 1
7492.000 # 1500
7492.674 - 128 1.138 1
7493.000 # 1500
7494.000 # 1500
7495.000 # 1500
7496.000 # 1500
7497.000 # 1500
7498.000 # 1500
7499.000 # 1500
7500.000 # 1500
7501.000 # 1500
7501.500 + 128 1
7502.000 # 1500
7502.584 - 128 1.084 1
7503.000 # 1500
7504.000 # 1500
7505.000 # 1500
7506.000 # 1500
7507.000 # 1500
7508.000 # 1500
7509.000 # 1500
7510.000 # 1500
7511.000 # 1500
7512.000 # 1500
7513.000 # 1500
7514.000 # 1500
7515.000 # 1500
7516.000 # 1500
7517.000 # 1500
7518.000 # 1500
7519.000 # 1500
7520.000 # 1500
7521.000 # 1500
7521.574 + 128 1
7522.000 # 1500
7522.688 - 128 1.114 1
7523.000 # 1500
7524.000 # 1500
7525.000 # 1500
7526.000 # 1500
7527.000 # 1500
7528.000 # 1500
7529.000 # 1500
7530.000 # 1500
7531.000 # 1500
7531.513 + 128 1
7532.000 # 1500
7532.718 - 128 1.205 1
7533.000 # 1500
7534.000 # 1500
7535.000 # 1500
7536.000 # 1500
7537.000 # 1500
7538.000 # 1500
7539.000 # 1500
7540.000 # 1500
7541.000 # 1500
7542.000 # 1500
7543.000 # 1500
7544.000 # 1500
7545.000 # 1500
7545.590 + 128 1
7546.000 # 1500
7546.844 - 128 1.254 1
7547.000 # 1500
7548.000 # 1500
7549.000 # 1500
7550.000 # 1500
7551.000 # 1500
7552.000 # 1500
7553.000 # 1500
7554.000 # 1500
7555.000 # 1500
7555.529 + 128 1
7556.000 # 1500
7557.000 # 1500
7557.381 - 128 1.852 1
7558.000 # 1500
7559.000 # 1500
7560.000 # 1500
7561.000 # 1500
7562.000 # 1500
7563.000 # 1500
7564.000 # 1500
7565.000 # 1500
7566.000 # 1500
7567.000 # 1500
7568.000 # 1500
7569.000 # 1500
7570.000 # 1500
7570.306 + 128 1
7571.000 # 1500
7571.493 - 128 1.187 1
7572.000 # 1500
7573.000 # 1500
7574.000 # 1500
7575.000 # 1500
7576.000 # 1500
7577.000 # 1500
7578.000 # 1500
7579.000 # 1500
7580.000 # 1500
7581.000 # 1500
7582.000 # 1500
7583.000 # 1500
7584.000 # 1500
7585.000 # 1500
7586.000 # 1500
7587.000 # 1500
7588.000 # 1500
7589.000 # 1500
7589.941 + 128 1
7590.000 # 1500
7590.989 - 128 1.048 1
7591.000 # 1500
7592.000 # 1500
7593.000 # 1500
7594.000 # 1500
7595.000 # 1500
7596.000 # 1500
7597.000 # 1500
7598.000 # 1500
7599.000 # 1500
7599.972 + 128 1
7600.000 # 1500
7601.000 # 1500
7601.115 - 128 1.143 1
7602.000 # 1500
7603.000 # 1500
7604.000 # 1500
7605.000 # 1500
7606.000 # 1500
7607.000 # 1500
7608.000 # 1500
7609.000 # 1500
7610.000 # 1500
7611.000 # 1500
7612.000 # 1500
7613.000 # 1500
7614.000 # 1500
7615.000 # 1500
7616.000 # 1500
7617.000 # 1500
7618.000 # 1500
7619.000 # 1500
7620.000 # 1500
7621.000 # 1500
7621.588 + 128 1
7622.000 # 1500
7622.736 - 128 1.148 1
7623.000 # 1500
7624.000 # 1500
7625.000 # 1500
7626.000 # 1500
7627.000 # 1500
7628.000 # 1500
7629.000 # 1500
7630.000 # 1500
7631.000 # 1500
7632.000 # 1500
7633.000 # 1500
7633.529 + 128 1
7634.000 # 1500
7634.844 - 128 1.315 1
7635.000 # 1500
7636.000 # 1500
7637.000 # 1500
7638.000 # 1500
7639.000 # 1500
7640.000 # 1500
7641.000 # 1500
7642.000 # 1500
7643.000 # 1500
7643.508 + 128 1
7644.000 # 1500
7644.633 - 128 1.125 1
7645.000 # 1500
7646.000 # 1500
7647.000 # 1500
7648.000 # 1500
7649.000 # 1500
7650.000 # 1500
7651.000 # 1500
7652.000 # 1500
7653.000 # 1500
7653.509 + 128 1
7654.000 # 1500
7655.000 # 1500
7655.321 - 128 1.812 1
7656.000 # 1500
7657.000 # 1500
7658.000 # 1500
7659.000 # 1500
7660.000 # 1500
7661.000 # 1500
7662.000 # 1500
7663.000 # 1500
7664.000 # 1500
7665.000 # 1500
7666.000 # 1500
7667.000 # 1500
7668.000 # 1500
7669.000 # 1500
7669.537 + 128 1
7670.000 # 1500
7670.628 - 128 1.091 1
7671.000 # 1500
7672.000 # 1500
7673.000 # 1500
7674.000 # 1500
7675.000 # 1500
7676.000 # 1500
7677.000 # 1500
7678.000 # 1500
7679.000 # 1500
7679.533 + 128 1
7680.000 # 1500
7680.669 - 128 1.136 1
7681.000 # 1500
7682.000 # 1500
7683.000 # 1500
7684.000 # 1500
7685.000 # 1500
7686.000 # 1500
7687.000 # 1500
7688.000 # 1500
7689.000 # 1500
7690.000 # 1500
7691.000 # 1500
7692.000 # 1500
7693.000 # 1500
7694.000 # 1500
7695.000 # 1500
7696.000 # 1500
7697.000 # 1500
7697.525 + 128 1
7698.000 # 1500
7698.656 - 128 1.131 1
7699.000 # 1500
7700.000 # 1500
7701.000 # 1500
7702.000 # 1500
7703.000 # 1500
7704.000 # 1500
7705.000 # 1500
7706.000 # 1500
7707.000 # 1500
7707.507 + 128 1
7708.000 # 1500
7708.656 - 128 1.149 1
7709.000 # 1500
7710.000 # 1500
7711.000 # 1500
7712.000 # 1500
7713.000 # 1500
7714.000 # 1500
7715.000 # 1500
7716.000 # 1500
7717.000 # 1500
7718.000 # 1500
7719.000 # 1500
7720.000 # 1500
7721.000 # 1500
7721.527 + 128 1
7722.000 # 1500
7722.641 - 128 1.114 1
7723.000 # 1500
7724.000 # 1500
7725.000 # 1500
7726.000 # 1500
7727.000 # 1500
7728.000 # 1500
7729.000 # 1500
7730.000 # 1500
7731.000 # 1500
7731.912 + 128 1
7732.000 # 1500
7733.000 # 1500
7733.022 - 128 1.110 1
7734.000 # 1500
7735.000 # 1500
7736.000 # 1500
7737.000 # 1500
7738.000 # 1500
7739.000 # 1500
7740.000 # 1500
7741.000 # 1500
7742.000 # 1500
7743.000 # 1500
7744.000 # 1500
7745.000 # 1500
7745.765 + 128 1
7746.000 # 1500
7746.889 - 128 1.124 1
7747.000 # 1500
7748.000 # 1500
7749.000 # 1500
7750.000 # 1500
7751.000 # 1500
7752.000 # 1500
7753.000 # 1500
7754.000 # 1500
7755.000 # 1500
7756.000 # 1500
7757.000 # 1500
7757.686 + 128 1
7758.000 # 1500
7758.884 - 128 1.198 1
7759.000 # 1500
7760.000 # 1500
7761.000 # 1500
7762.000 # 1500
7763.000 # 1500
7764.000 # 1500
7765.000 # 1500
7766.000 # 1500
7767.000 # 1500
7767.640 + 128 1
7768.000 # 1500
7768.787 - 128 1.147 1
7769.000 # 1500
7770.000 # 1500
7771.000 # 1500
7772.000 # 1500
7773.000 # 1500
7774.000 # 1500
7775.000 # 1500
7776.000 # 1500
7777.000 # 1500
7777.635 + 128 1
7778.000 # 1500
7778.789 - 128 1.154 1
7779.000 # 1500
7780.000 # 1500
7781.000 # 1500
7782.000 # 1500
7783.000 # 1500
7784.000 # 1500
7785.000 # 1500
7786.000 # 1500
7787.000 # 1500
7788.000 # 1500
7789.000 # 1500
7790.000 # 1500
7791.000 # 1500
7792.000 # 1500
7793.000 # 1500
7794.000 # 1500
7795.000 # 1500
7796.000 # 1500
7797.000 # 1500
7797.605 + 128 1
7798.000 # 1500
7798.796 - 128 1.191 1
7799.000 # 1500
7800.000 # 1500
7801.000 # 1500
7802.000 # 1500
7803.000 # 1500
7804.000 # 1500
7805.000 # 1500
7806.000 # 1500
7807.000 # 1500
7807.542 + 128 1
7808.000 # 1500
7808.703 - 128 1.161 1
7809.000 # 1500
7810.000 # 1500
7811.000 # 1500
7812.000 # 1500
7813.000 # 1500
7814.000 # 1500
7815.000 # 1500
7816.000 # 1500
7817.000 # 1500
7818.000 # 1500
7819.000 # 1500
7820.000 # 1500
7821.000 # 1500
7821.529 + 128 1
7822.000 # 1500
7822.721 - 128 1.192 1
7823.000 # 1500
7824.000 # 1500
7825.000 # 1500
7826.000 # 1500
7827.000 # 1500
7828.000 # 1500
7829.000 # 1500
7830.000 # 1500
7831.000 # 1500
7832.000 # 1500
7833.000 # 1500
7833.547 + 128 1
7834.000 # 1500
7834.692 - 128 1.145 1
7835.000 # 1500
7836.000 # 1500
7837.000 # 1500
7838.000 # 1500
7839.000 # 1500
7840.000 # 1500
7841.000 # 1500
7842.000 # 1500
7843.000 # 1500
7843.523 + 128 1
7844.000 # 1500
7844.627 - 128 1.104 1
7845.000 # 1500
7846.000 # 1500
7847.000 # 1500
7848.000 # 1500
7849.000 # 1500
7850.000 # 1500
7851.000 # 1500
7852.000 # 1500
7853.000 # 1500
7853.566 + 128 1
7854.000 # 1500
7854.912 - 128 1.346 1
7855.000 # 1500
7856.000 # 1500
7857.000 # 1500
7858.000 # 1500
7859.000 # 1500
7860.000 # 1500
7861.000 # 1500
7862.000 # 1500
7863.000 # 1500
7864.000 # 1500
7865.000 # 1500
7866.000 # 1500
7867.000 # 1500
7868.000 # 1500
7869.000 # 1500
7869.547 + 128 1
7870.000 # 1500
7870.702 - 128 1.155 1
7871.000 # 1500
7872.000 # 1500
7873.000 # 1500
7874.000 # 1500
7875.000 # 1500
7876.000 # 1500
7877.000 # 1500
7878.000 # 1500
7879.000 # 1500
7880.000 # 1500
7881.000 # 1500
7882.000 # 1500
7883.000 # 1500
7884.000 # 1500
7885.000 # 1500
7885.575 + 128 1
7886.000 # 1500
7886.733 - 128 1.158 1
7887.000 # 1500
7888.000 # 1500
7889.000 # 1500
7890.000 # 1500
7891.000 # 1500
7892.000 # 1500
7893.000 # 1500
7894.000 # 1500
7895.000 # 1500
7895.529 + 128 1
7896.000 # 1500
7896.644 - 128 1.115 1
7897.000 # 1500
7898.000 # 1500
7899.000 # 1500
7900.000 # 1500
7901.000 # 1500
7902.000 # 1500
7903.000 # 1500
7904.000 # 1500
7905.000 # 1500
7905.515 + 128 1
7906.000 # 1500
7906.767 - 128 1.252 1
7907.000 # 1500
7908.000 # 1500
7909.000 # 1500
7910.000 # 1500
7911.000 # 1500
7912.000 # 1500
7913.000 # 1500
7914.000 # 1500
7915.000 # 1500
7916.000 # 1500
7917.000 # 1500
7918.000 # 1500
7919.000 # 1500
7920.000 # 1500
7921.000 # 1500
7921.222 + 128 1
7922.000 # 1500
7922.366 - 128 1.144 1
7923.000 # 1500
7924.000 # 1500
7925.000 # 1500
7926.000 # 1500
7927.000 # 1500
7928.000 # 1500
7929.000 # 1500
7930.000 # 1500
7931.000 # 1500
7932.000 # 1500
7933.000 # 1500
7933.522 + 128 1
7934.000 # 1500
7934.618 - 128 1.096 1
7935.000 # 1500
7936.000 # 1500
7937.000 # 1500
7938.000 # 1500
7939.000 # 1500
7940.000 # 1500
7941.000 # 1500
7942.000 # 1500
7943.000 # 1500
7943.489 + 128 1
7944.000 # 1500
7944.587 - 128 1.098 1
7945.000 # 1500
7946.000 # 1500
7947.000 # 1500
7948.000 # 1500
7949.000 # 1500
7950.000 # 1500
7951.000 # 1500
7952.000 # 1500
7953.000 # 1500
7953.456 + 128 1
7954.000 # 1500
7954.529 - 128 1.073 1
7955.000 # 1500
7956.000 # 1500
7957.000 # 1500
7958.000 # 1500
7959.000 # 1500
7960.000 # 1500
7961.000 # 1500
7962.000 # 1500
7963.000 # 1500
7964.000 # 1500
7965.000 # 1500
7966.000 # 1500
7967.000 # 1500
7968.000 # 1500
7969.000 # 1500
7969.576 + 128 1
7970.000 # 1500
7970.817 - 128 1.241 1
7971.000 # 1500
7972.000 # 1500
7973.000 # 1500
7974.000 # 1500
7975.000 # 1500
7976.000 # 1500
7977.000 # 1500
7978.000 # 1500
7979.000 # 1500
7980.000 # 1500
7981.000 # 1500
7982.000 # 1500
7983.000 # 1500
7984.000 # 1500
7985.000 # 1500
7985.535 + 128 1
7986.000 # 1500
7986.702 - 128 1.167 1
7987.000 # 1500
7988.000 # 1500
7989.000 # 1500
7990.000 # 1500
7991.000 # 1500
7992.000 # 1500
7993.000 # 1500
7994.000 # 1500
7995.000 # 1500
7995.594 + 128 1
7996.000 # 1500
7996.859 - 128 1.265 1
7997.000 # 1500
7998.000 # 1500
7999.000 # 1500
8000.000 # 1500
8001.000 # 1500
8002.000 # 1500
8003.000 # 1500
8004.000 # 1500
8005.000 # 1500
8005.466 + 128 1
8006.000 # 1500
8006.671 - 128 1.205 1
8007.000 # 1500
8008.000 # 1500
8009.000 # 1500
8010.000 # 1500
8011.000 # 1500
8012.000 # 1500
8013.000 # 1500
8014.000 # 1500
8015.000 # 1500
8016.000 # 1500
8017.000 # 1500
8018.000 # 1500
8019.000 # 1500
8020.000 # 1500
8021.000 # 1500
8021.657 + 128 1
8022.000 # 1500
8022.896 - 128 1.239 1
8023.000 # 1500
8024.000 # 1500
8025.000 # 1500
8026.000 # 1500
8027.000 # 1500
8028.000 # 1500
8029.000 # 1500
8030.000 # 1500
8031.000 # 1500
8032.000 # 1500
8033.000 # 1500
8033.531 + 128 1
8034.000 # 1500
8034.653 - 128 1.122 1
8035.000 # 1500
8036.000 # 1500
8037.000 # 1500
8038.000 # 1500
8039.000 # 1500
8040.000 # 1500
8041.000 # 1500
8042.000 # 1500
8043.000 # 1500
8043.509 + 128 1
8044.000 # 1500
8044.645 - 128 1.136 1
8045.000 # 1500
8046.000 # 1500
8047.000 # 1500
8048.000 # 1500
8049.000 # 1500
8050.000 # 1500
8051.000 # 1500
8052.000 # 1500
8053.000 # 1500
8053.538 + 128 1
8054.000 # 1500
8054.679 - 128 1.141 1
8055.000 # 1500
8056.000 # 1500
8057.000 # 1500
8058.000 # 1500
8059.000 # 1500
8060.000 # 1500
8061.000 # 1500
8062.000 # 1500
8063.000 # 1500
8064.000 # 1500
8065.000 # 1500
8066.000 # 1500
8067.000 # 1500
8068.000 # 1500
8069.000 # 1500
8069.662 + 128 1
8070.000 # 1500
8070.815 - 128 1.153 1
8071.000 # 1500
8072.000 # 1500
8073.000 # 1500
8074.000 # 1500
8075.000 # 1500
8076.000 # 1500
8077.000 # 1500
8078.000 # 1500
8079.000 # 1500
8080.000 # 1500
8081.000 # 1500
8082.000 # 1500
8083.000 # 1500
8084.000 # 1500
8085.000 # 1500
8085.647 + 128 1
8086.000 # 1500
8086.876 - 128 1.229 1
8087.000 # 1500
8088.000 # 1500
8089.000 # 1500
8090.000 # 1500
8091.000 # 1500
8092.000 # 1500
8093.000 # 1500
8094.000 # 1500
8095.000 # 1500
8095.563 + 128 1
8096.000 # 1500
8096.698 - 128 1.135 1
8097.000 # 1500
8098.000 # 1500
8099.000 # 1500
8100.000 # 1500
8101.000 # 1500
8102.000 # 1500
8103.000 # 1500
8104.000 # 1500
8105.000 # 1500
8106.000 # 1500
8107.000 # 1500
8108.000 # 1500
8109.000 # 1500
8109.544 + 128 1
8110.000 # 1500
8110.673 - 128 1.129 1
8111.000 # 1500
8112.000 # 1500
8113.000 # 1500
8114.000 # 1500
8115.000 # 1500
8116.000 # 1500
8117.000 # 1500
8118.000 # 1500
8119.000 # 1500
8119.512 + 128 1
8120.000 # 1500
8120.649 - 128 1.137 1
8121.000 # 1500
8122.000 # 1500
8123.000 # 1500
8124.000 # 1500
8125.000 # 1500
8126.000 # 1500
8127.000 # 1500
8128.000 # 1500
8129.000 # 1500
8130.000 # 1500
8131.000 # 1500
8132.000 # 1500
8133.000 # 1500
8133.686 + 128 1
8134.000 # 1500
8134.891 - 128 1.205 1
8135.000 # 1500
8136.000 # 1500
8137.000 # 1500
8138.000 # 1500
8139.000 # 1500
8140.000 # 1500
8141.000 # 1500
8142.000 # 1500
8143.000 # 1500
8143.534 + 128 1
8144.000 # 1500
8144.700 - 128 1.166 1
8145.000 # 1500
8146.000 # 1500
8147.000 # 1500
8148.000 # 1500
8149.000 # 1500
8150.000 # 1500
8151.000 # 1500
8152.000 # 1500
8153.000 # 1500
8153.535 + 128 1
8154.000 # 1500
8154.732 - 128 1.197 1
8155.000 # 1500
8156.000 # 1500
8157.000 # 1500
8158.000 # 1500
8159.000 # 1500
8160.000 # 1500
8161.000 # 1500
8162.000 # 1500
8163.000 # 1500
8164.000 # 1500
8165.000 # 1500
8166.000 # 1500
8167.000 # 1500
8168.000 # 1500
8169.000 # 1500
8170.000 # 1500
8171.000 # 1500
8172.000 # 1500
8173.000 # 1500
8173.632 + 128 1
8174.000 # 1500
8174.854 - 128 1.222 1
8175.000 # 1500
8176.000 # 1500
8177.000 # 1500
8178.000 # 1500
8179.000 # 1500
8180.000 # 1500
8181.000 # 1500
8182.000 # 1500
8183.000 # 1500
8183.531 + 128 1
8184.000 # 1500
8184.697 - 128 1.166 1
8185.000 # 1500
8186.000 # 1500
8187.000 # 1500
8188.000 # 1500
8189.000 # 1500
8190.000 # 1500
8191.000 # 1500
8192.000 # 1500
8193.000 # 1500
8194.000 # 1500
8195.000 # 1500
8196.000 # 1500
8197.000 # 1500
8197.544 + 128 1
8198.000 # 1500
8198.680 - 128 1.136 1
8199.000 # 1500
8200.000 # 1500
8201.000 # 1500
8202.000 # 1500
8203.000 # 1500
8204.000 # 1500
8205.000 # 1500
8206.000 # 1500
8207.000 # 1500
8208.000 # 1500
8209.000 # 1500
8209.535 + 128 1
8210.000 # 1500
8210.653 - 128 1.118 1
8211.000 # 1500
8212.000 # 1500
8213.000 # 1500
8214.000 # 1500
8215.000 # 1500
8216.000 # 1500
8217.000 # 1500
8218.000 # 1500
8219.000 # 1500
8219.500 + 128 1
8220.000 # 1500
8220.635 - 128 1.135 1
8221.000 # 1500
8222.000 # 1500
8223.000 # 1500
8224.000 # 1500
8225.000 # 1500
8226.000 # 1500
8227.000 # 1500
8228.000 # 1500
8229.000 # 1500
8229.501 + 128 1
8230.000 # 1500
8230.653 - 128 1.152 1
8231.000 # 1500
8232.000 # 1500
8233.000 # 1500
8234.000 # 1500
8235.000 # 1500
8236.000 # 1500
8237.000 # 1500
8238.000 # 1500
8239.000 # 1500
8240.000 # 1500
8241.000 # 1500
8242.000 # 1500
8243.000 # 1500
8244.000 # 1500
8245.000 # 1500
8246.000 # 1500
8247.000 # 1500
8248.000 # 1500
8249.000 # 1500
8249.560 + 128 1
8250.000 # 1500
8250.704 - 128 1.144 1
8251.000 # 1500
8252.000 # 1500
8253.000 # 1500
8254.000 # 1500
8255.000 # 1500
8256.000 # 1500
8257.000 # 1500
8258.000 # 1500
8259.000 # 1500
8259.530 + 128 1
8260.000 # 1500
8260.654 - 128 1.124 1
8261.000 # 1500
8262.000 # 1500
8263.000 # 1500
8264.000 # 1500
8265.000 # 1500
8266.000 # 1500
8267.000 # 1500
8268.000 # 1500
8269.000 # 1500
8270.000 # 1500
8271.000 # 1500
8272.000 # 1500
8273.000 # 1500
8273.665 + 128 1
8274.000 # 1500
8274.785 - 128 1.120 1
8275.000 # 1500
8276.000 # 1500
8277.000 # 1500
8278.000 # 1500
8279.000 # 1500
8280.000 # 1500
8281.000 # 1500
8282.000 # 1500
8283.000 # 1500
8283.595 + 128 1
8284.000 # 1500
8284.862 - 128 1.267 1
8285.000 # 1500
8286.000 # 1500
8287.000 # 1500
8288.000 # 1500
8289.000 # 1500
8290.000 # 1500
8291.000 # 1500
8292.000 # 1500
8293.000 # 1500
8294.000 # 1500
8295.000 # 1500
8296.000 # 1500
8297.000 # 1500
8297.536 + 128 1
8298.000 # 1500
8298.644 - 128 1.108 1
8299.000 # 1500
8300.000 # 1500
8301.000 # 1500
8302.000 # 1500
8303.000 # 1500
8304.000 # 1500
8305.000 # 1500
8306.000 # 1500
8307.000 # 1500
8308.000 # 1500
8309.000 # 1500
8309.590 + 128 1
8310.000 # 1500
8310.728 - 128 1.138 1
8311.000 # 1500
8312.000 # 1500
8313.000 # 1500
8314.000 # 1500
8315.000 # 1500
8316.000 # 1500
8317.000 # 1500
8318.000 # 1500
8319.000 # 1500
8319.563 + 128 1
8320.000 # 1500
8320.717 - 128 1.154 1
8321.000 # 1500
8322.000 # 1500
8323.000 # 1500
8324.000 # 1500
8325.000 # 1500
8326.000 # 1500
8327.000 # 1500
8328.000 # 1500
8329.000 # 1500
8329.579 + 128 1
8330.000 # 1500
8330.716 - 128 1.137 1
8331.000 # 1500
8332.000 # 1500
8333.000 # 1500
8334.000 # 1500
8335.000 # 1500
8336.000 # 1500
8337.000 # 1500
8338.000 # 1500
8339.000 # 1500
8340.000 # 1500
8341.000 # 1500
8342.000 # 1500
8343.000 # 1500
8344.000 # 1500
8345.000 # 1500
8346.000 # 1500
8347.000 # 1500
8348.000 # 1500
8349.000 # 1500
8349.565 + 128 1
8350.000 # 1500
8350.692 - 128 1.127 1
8351.000 # 1500
8352.000 # 1500
8353.000 # 1500
8354.000 # 1500
8355.000 # 1500
8356.000 # 1500
8357.000 # 1500
8358.000 # 1500
8359.000 # 1500
8359.584 + 128 1
8360.000 # 1500
8360.784 - 128 1.200 1
8361.000 # 1500
8362.000 # 1500
8363.000 # 1500
8364.000 # 1500
8365.000 # 1500
8366.000 # 1500
8367.000 # 1500
8368.000 # 1500
8369.000 # 1500
8370.000 # 1500
8371.000 # 1500
8372.000 # 1500
8373.000 # 1500
8373.570 + 128 1
8374.000 # 1500
8374.746 - 128 1.176 1
8375.000 # 1500
8376.000 # 1500
8377.000 # 1500
8378.000 # 1500
8379.000 # 1500
8380.000 # 1500
8381.000 # 1500
8382.000 # 1500
8383.000 # 1500
8383.518 + 128 1
8384.000 # 1500
8384.683 - 128 1.165 1
8385.000 # 1500
8386.000 # 1500
8387.000 # 1500
8388.000 # 1500
8389.000 # 1500
8390.000 # 1500
8391.000 # 1500
8392.000 # 1500
8393.000 # 1500
8394.000 # 1500
8395.000 # 1500
8396.000 # 1500
8397.000 # 1500
8397.570 + 128 1
8398.000 # 1500
8398.716 - 128 1.146 1
8399.000 # 1500
8400.000 # 1500
8401.000 # 1500
8402.000 # 1500
8403.000 # 1500
8404.000 # 1500
8405.000 # 1500
8406.000 # 1500
8407.000 # 1500
8407.564 + 128 1
8408.000 # 1500
8408.752 - 128 1.188 1
8409.000 # 1500
8410.000 # 1500
8411.000 # 1500
8412.000 # 1500
8413.000 # 1500
8414.000 # 1500
8415.000 # 1500
8416.000 # 1500
8417.000 # 1500
8418.000 # 1500
8419.000 # 1500
8420.000 # 1500
8421.000 # 1500
8421.547 + 128 1
8422.000 # 1500
8422.710 - 128 1.163 1
8423.000 # 1500
8424.000 # 1500
8425.000 # 1500
8426.000 # 1500
8427.000 # 1500
8428.000 # 1500
8429.000 # 1500
8430.000 # 1500
8431.000 # 1500
8431.680 + 128 1
8432.000 # 1500
8432.934 - 128 1.254 1
8433.000 # 1500
8434.000 # 1500
8435.000 # 1500
8436.000 # 1500
8437.000 # 1500
8438.000 # 1500
8439.000 # 1500
8440.000 # 1500
8441.000 # 1500
8442.000 # 1500
8443.000 # 1500
8444.000 # 1500
8445.000 # 1500
8445.545 + 128 1
8446.000 # 1500
8446.632 - 128 1.087 1
8447.000 # 1500
8448.000 # 1500
8449.000 # 1500
8450.000 # 1500
8451.000 # 1500
8452.000 # 1500
8453.000 # 1500
8454.000 # 1500
8455.000 # 1500
8456.000 # 1500
8457.000 # 1500
8458.000 # 1500
8459.000 # 1500
8460.000 # 1500
8461.000 # 1500
8461.551 + 128 1
8462.000 # 1500
8462.740 - 128 1.189 1
8463.000 # 1500
8464.000 # 1500
8465.000 # 1500
8466.000 # 1500
8467.000 # 1500
8468.000 # 1500
8469.000 # 1500
8470.000 # 1500
8471.000 # 1500
8471.610 + 128 1
8472.000 # 1500
8472.847 - 128 1.237 1
8473.000 # 1500
8474.000 # 1500
8475.000 # 1500
8476.000 # 1500
8477.000 # 1500
8478.000 # 1500
8479.000 # 1500
8480.000 # 1500
8481.000 # 1500
8481.527 + 128 1
8482.000 # 1500
8482.623 - 128 1.096 1
8483.000 # 1500
8484.000 # 1500
8485.000 # 1500
8486.000 # 1500
8487.000 # 1500
8488.000 # 1500
8489.000 # 1500
8490.000 # 1500
8491.000 # 1500
8492.000 # 1500
8493.000 # 1500
8494.000 # 1500
8495.000 # 1500
8496.000 # 1500
8497.000 # 1500
8497.461 + 128 1
8498.000 # 1500
8498.694 - 128 1.233 1
8499.000 # 1500
8500.000 # 1500
8501.000 # 1500
8502.000 # 1500
8503.000 # 1500
8504.000 # 1500
8505.000 # 1500
8506.000 # 1500
8507.000 # 1500
8507.452 + 128 1
8508.000 # 1500
8508.679 - 128 1.227 1
8509.000 # 1500
8510.000 # 1500
8511.000 # 1500
8512.000 # 1500
8513.000 # 1500
8514.000 # 1500
8515.000 # 1500
8516.000 # 1500
8517.000 # 1500
8518.000 # 1500
8519.000 # 1500
8520.000 # 1500
8521.000 # 1500
8521.532 + 128 1
8522.000 # 1500
8522.679 - 128 1.147 1
8523.000 # 1500
8524.000 # 1500
8525.000 # 1500
8526.000 # 1500
8527.000 # 1500
8528.000 # 1500
8529.000 # 1500
8530.000 # 1500
8531.000 # 1500
8532.000 # 1500
8533.000 # 1500
8534.000 # 1500
8535.000 # 1500
8536.000 # 1500
8537.000 # 1500
8537.531 + 128 1
8538.000 # 1500
8538.687 - 128 1.156 1
8539.000 # 1500
8540.000 # 1500
8541.000 # 1500
8542.000 # 1500
8543.000 # 1500
8544.000 # 1500
8545.000 # 1500
8546.000 # 1500
8547.000 # 1500
8547.504 + 128 1
8548.000 # 1500
8548.657 - 128 1.153 1
8549.000 # 1500
8550.000 # 1500
8551.000 # 1500
8552.000 # 1500
8553.000 # 1500
8554.000 # 1500
8555.000 # 1500
8556.000 # 1500
8557.000 # 1500
8557.479 + 128 1
8558.000 # 1500
8558.623 - 128 1.144 1
8559.000 # 1500
8560.000 # 1500
8561.000 # 1500
8562.000 # 1500
8563.000 # 1500
8564.000 # 1500
8565.000 # 1500
8566.000 # 1500
8567.000 # 1500
8568.000 # 1500
8569.000 # 1500
8570.000 # 1500
8571.000 # 1500
8572.000 # 1500
8573.000 # 1500
8574.000 # 1500
8575.000 # 1500
8575.633 + 128 1
8576.000 # 1500
8576.739 - 128 1.106 1
8577.000 # 1500
8578.000 # 1500
8579.000 # 1500
8580.000 # 1500
8581.000 # 1500
8582.000 # 1500
8583.000 # 1500
8584.000 # 1500
8585.000 # 1500
8586.000 # 1500
8587.000 # 1500
8588.000 # 1500
8589.000 # 1500
8590.000 # 1500
8591.000 # 1500
8592.000 # 1500
8593.000 # 1500
8594.000 # 1500
8595.000 # 1500
8596.000 # 1500
8597.000 # 1500
8597.530 + 128 1
8598.000 # 1500
8598.643 - 128 1.113 1
8599.000 # 1500
8600.000 # 1500
8601.000 # 1500
8602.000 # 1500
8603.000 # 1500
8604.000 # 1500
8605.000 # 1500
8606.000 # 1500
8607.000 # 1500
8607.505 + 128 1
8608.000 # 1500
8608.613 - 128 1.108 1
8609.000 # 1500
8610.000 # 1500
8611.000 # 1500
8612.000 # 1500
8613.000 # 1500
8614.000 # 1500
8615.000 # 1500
8616.000 # 1500
8617.000 # 1500
8618.000 # 1500
8619.000 # 1500
8620.000 # 1500
8621.000 # 1500
8622.000 # 1500
8623.000 # 1500
8624.000 # 1500
8625.000 # 1500
8625.540 + 128 1
8626.000 # 1500
8626.677 - 128 1.137 1
8627.000 # 1500
8628.000 # 1500
8629.000 # 1500
8630.000 # 1500
8631.000 # 1500
8632.000 # 1500
8633.000 # 1500
8634.000 # 1500
8635.000 # 1500
8635.511 + 128 1
8636.000 # 1500
8636.633 - 128 1.122 1
8637.000 # 1500
8638.000 # 1500
8639.000 # 1500
8640.000 # 1500
8641.000 # 1500
8642.000 # 1500
8643.000 # 1500
8644.000 # 1500
8645.000 # 1500
8646.000 # 1500
8647.000 # 1500
8648.000 # 1500
8649.000 # 1500
8649.528 + 128 1
8650.000 # 1500
8650.656 - 128 1.128 1
8651.000 # 1500
8652.000 # 1500
8653.000 # 1500
8654.000 # 1500
8655.000 # 1500
8656.000 # 1500
8657.000 # 1500
8658.000 # 1500
8659.000 # 1500
8660.000 # 1500
8661.000 # 1500
8661.537 + 128 1
8662.000 # 1500
8662.630 - 128 1.093 1
8663.000 # 1500
8664.000 # 1500
8665.000 # 1500
8666.000 # 1500
8667.000 # 1500
8668.000 # 1500
8669.000 # 1500
8670.000 # 1500
8671.000 # 1500
8671.503 + 128 1
8672.000 # 1500
8672.553 - 128 1.050 1
8673.000 # 1500
8674.000 # 1500
8675.000 # 1500
8676.000 # 1500
8677.000 # 1500
8678.000 # 1500
8679.000 # 1500
8680.000 # 1500
8681.000 # 1500
8681.474 + 128 1
8682.000 # 1500
8682.609 - 128 1.135 1
8683.000 # 1500
8684.000 # 1500
8685.000 # 1500
8686.000 # 1500
8687.000 # 1500
8688.000 # 1500
8689.000 # 1500
8690.000 # 1500
8691.000 # 1500
8692.000 # 1500
8693.000 # 1500
8694.000 # 1500
8695.000 # 1500
8696.000 # 1500
8697.000 # 1500
8697.524 + 128 1
8698.000 # 1500
8698.666 - 128 1.142 1
8699.000 # 1500
8700.000 # 1500
8701.000 # 1500
8702.000 # 1500
8703.000 # 1500
8704.000 # 1500
8705.000 # 1500
8706.000 # 1500
8707.000 # 1500
8708.000 # 1500
8709.000 # 1500
8709.575 + 128 1
8710.000 # 1500
8710.705 - 128 1.130 1
8711.000 # 1500
8712.000 # 1500
8713.000 # 1500
8714.000 # 1500
8715.000 # 1500
8716.000 # 1500
8717.000 # 1500
8718.000 # 1500
8719.000 # 1500
8719.554 + 128 1
8720.000 # 1500
8720.769 - 128 1.215 1
8721.000 # 1500
8722.000 # 1500
8723.000 # 1500
8724.000 # 1500
8725.000 # 1500
8726.000 # 1500
8727.000 # 1500
8728.000 # 1500
8729.000 # 1500
8729.599 + 128 1
8730.000 # 1500
8730.856 - 128 1.257 1
8731.000 # 1500
8732.000 # 1500
8733.000 # 1500
8734.000 # 1500
8735.000 # 1500
8736.000 # 1500
8737.000 # 1500
8738.000 # 1500
8739.000 # 1500
8740.000 # 1500
8741.000 # 1500
8742.000 # 1500
8743.000 # 1500
8744.000 # 1500
8745.000 # 1500
8746.000 # 1500
8747.000 # 1500
8748.000 # 1500
8749.000 # 1500
8749.522 + 128 1
8750.000 # 1500
8750.655 - 128 1.133 1
8751.000 # 1500
8752.000 # 1500
8753.000 # 1500
8754.000 # 1500
8755.000 # 1500
8756.000 # 1500
8757.000 # 1500
8758.000 # 1500
8759.000 # 1500
8760.000 # 1500
8761.000 # 1500
8761.529 + 128 1
8762.000 # 1500
8762.656 - 128 1.127 1
8763.000 # 1500
8764.000 # 1500
8765.000 # 1500
8766.000 # 1500
8767.000 # 1500
8768.000 # 1500
8769.000 # 1500
8770.000 # 1500
8771.000 # 1500
8771.509 + 128 1
8772.000 # 1500
8772.586 - 128 1.077 1
8773.000 # 1500
8774.000 # 1500
8775.000 # 1500
8776.000 # 1500
8777.000 # 1500
8778.000 # 1500
8779.000 # 1500
8780.000 # 1500
8781.000 # 1500
8781.493 + 128 1
8782.000 # 1500
8782.632 - 128 1.139 1
8783.000 # 1500
8784.000 # 1500
8785.000 # 1500
8786.000 # 1500
8787.000 # 1500
8788.000 # 1500
8789.000 # 1500
8790.000 # 1500
8791.000 # 1500
8792.000 # 1500
8793.000 # 1500
8794.000 # 1500
8795.000 # 1500
8796.000 # 1500
8797.000 # 1500
8798.000 # 1500
8799.000 # 1500
8800.000 # 1500
8801.000 # 1500
8801.117 + 128 1
8802.000 # 1500
8802.291 - 128 1.174 1
8803.000 # 1500
8804.000 # 1500
8805.000 # 1500
8806.000 # 1500
8807.000 # 1500
8808.000 # 1500
8809.000 # 1500
8810.000 # 1500
8811.000 # 1500
8811.128 + 128 1
8812.000 # 1500
8812.302 - 128 1.174 1
8813.000 # 1500
8814.000 # 1500
8815.000 # 1500
8816.000 # 1500
8817.000 # 1500
8818.000 # 1500
8819.000 # 1500
8820.000 # 1500
8821.000 # 1500
8822.000 # 1500
8823.000 # 1500
8824.000 # 1500
8825.000 # 1500
8825.574 + 128 1
8826.000 # 1500
8826.736 - 128 1.162 1
8827.000 # 1500
8828.000 # 1500
8829.000 # 1500
8830.000 # 1500
8831.000 # 1500
8832.000 # 1500
8833.000 # 1500
8834.000 # 1500
8835.000 # 1500
8835.510 + 128 1
8836.000 # 1500
8836.651 - 128 1.141 1
8837.000 # 1500
8838.000 # 1500
8839.000 # 1500
8840.000 # 1500
8841.000 # 1500
8842.000 # 1500
8843.000 # 1500
8844.000 # 1500
8845.000 # 1500
8846.000 # 1500
8847.000 # 1500
8848.000 # 1500
8849.000 # 1500
8849.538 + 128 1
8850.000 # 1500
8850.710 - 128 1.172 1
8851.000 # 1500
8852.000 # 1500
8853.000 # 1500
8854.000 # 1500
8855.000 # 1500
8856.000 # 1500
8857.000 # 1500
8858.000 # 1500
8859.000 # 1500
8859.495 + 128 1
8860.000 # 1500
8860.587 - 128 1.092 1
8861.000 # 1500
8862.000 # 1500
8863.000 # 1500
8864.000 # 1500
8865.000 # 1500
8866.000 # 1500
8867.000 # 1500
8868.000 # 1500
8869.000 # 1500
8870.000 # 1500
8871.000 # 1500
8872.000 # 1500
8873.000 # 1500
8873.558 + 128 1
8874.000 # 1500
8874.776 - 128 1.218 1
8875.000 # 1500
8876.000 # 1500
8877.000 # 1500
8878.000 # 1500
8879.000 # 1500
8880.000 # 1500
8881.000 # 1500
8882.000 # 1500
8883.000 # 1500
8883.499 + 128 1
8884.000 # 1500
8884.644 - 128 1.145 1
8885.000 # 1500
8886.000 # 1500
8887.000 # 1500
8888.000 # 1500
8889.000 # 1500
8890.000 # 1500
8891.000 # 1500
8892.000 # 1500
8893.000 # 1500
8894.000 # 1500
8895.000 # 1500
8896.000 # 1500
8897.000 # 1500
8898.000 # 1500
8899.000 # 1500
8900.000 # 1500
8901.000 # 1500
8901.343 + 128 1
8902.000 # 1500
8902.535 - 128 1.192 1
8903.000 # 1500
8904.000 # 1500
8905.000 # 1500
8906.000 # 1500
8907.000 # 1500
8908.000 # 1500
8909.000 # 1500
8910.000 # 1500
8911.000 # 1500
8911.336 + 128 1
8912.000 # 1500
8912.449 - 128 1.113 1
8913.000 # 1500
8914.000 # 1500
8915.000 # 1500
8916.000 # 1500
8917.000 # 1500
8918.000 # 1500
8919.000 # 1500
8920.000 # 1500
8921.000 # 1500
8921.590 + 128 1
8922.000 # 1500
8922.747 - 128 1.157 1
8923.000 # 1500
8924.000 # 1500
8925.000 # 1500
8926.000 # 1500
8927.000 # 1500
8928.000 # 1500
8929.000 # 1500
8930.000 # 1500
8931.000 # 1500
8932.000 # 1500
8933.000 # 1500
8934.000 # 1500
8935.000 # 1500
8936.000 # 1500
8937.000 # 1500
8937.553 + 128 1
8938.000 # 1500
8938.727 - 128 1.174 1
8939.000 # 1500
8940.000 # 1500
8941.000 # 1500
8942.000 # 1500
8943.000 # 1500
8944.000 # 1500
8945.000 # 1500
8946.000 # 1500
8947.000 # 1500
8947.575 + 128 1
8948.000 # 1500
8948.644 - 128 1.069 1
8949.000 # 1500
8950.000 # 1500
8951.000 # 1500
8952.000 # 1500
8953.000 # 1500
8954.000 # 1500
8955.000 # 1500
8956.000 # 1500
8957.000 # 1500
8957.527 + 128 1
8958.000 # 1500
8958.720 - 128 1.193 1
8959.000 # 1500
8960.000 # 1500
8961.000 # 1500
8962.000 # 1500
8963.000 # 1500
8964.000 # 1500
8965.000 # 1500
8966.000 # 1500
8967.000 # 1500
8968.000 # 1500
8969.000 # 1500
8970.000 # 1500
8971.000 # 1500
8972.000 # 1500
8973.000 # 1500
8973.571 + 128 1
8974.000 # 1500
8974.716 - 128 1.145 1
8975.000 # 1500
8976.000 # 1500
8977.000 # 1500
8978.000 # 1500
8979.000 # 1500
8980.000 # 1500
8981.000 # 1500
8982.000 # 1500
8983.000 # 1500
8984.000 # 1500
8985.000 # 1500
8985.601 + 128 1
8986.000 # 1500
8986.868 - 128 1.267 1
8987.000 # 1500
8988.000 # 1500
8989.000 # 1500
8990.000 # 1500
8991.000 # 1500
8992.000 # 1500
8993.000 # 1500
8994.000 # 1500
8995.000 # 1500
8995.630 + 128 1
8996.000 # 1500
8996.847 - 128 1.217 1
8997.000 # 1500
8998.000 # 1500
8999.000 # 1500
9000.000 # 1500
9001.000 # 1500
9002.000 # 1500
9003.000 # 1500
9004.000 # 1500
9005.000 # 1500
9005.548 + 128 1
9006.000 # 1500
9006.727 - 128 1.179 1
9007.000 # 1500
9008.000 # 1500
9009.000 # 1500
9010.000 # 1500
9011.000 # 1500
9012.000 # 1500
9013.000 # 1500
9014.000 # 1500
9015.000 # 1500
9016.000 # 1500
9017.000 # 1500
9018.000 # 1500
9019.000 # 1500
9020.000 # 1500
9021.000 # 1500
9022.000 # 1500
9023.000 # 1500
9024.000 # 1500
9025.000 # 1500
9025.577 + 128 1
9026.000 # 1500
9026.799 - 128 1.222 1
9027.000 # 1500
9028.000 # 1500
9029.000 # 1500
9030.000 # 1500
9031.000 # 1500
9032.000 # 1500
9033.000 # 1500
9034.000 # 1500
9035.000 # 1500
9036.000 # 1500
9037.000 # 1500
9037.572 + 128 1
9038.000 # 1500
9038.829 - 128 1.257 1
9039.000 # 1500
9040.000 # 1500
9041.000 # 1500
9042.000 # 1500
9043.000 # 1500
9044.000 # 1500
9045.000 # 1500
9046.000 # 1500
9047.000 # 1500
9047.556 + 128 1
9048.000 # 1500
9048.752 - 128 1.196 1
9049.000 # 1500
9050.000 # 1500
9051.000 # 1500
9052.000 # 1500
9053.000 # 1500
9054.000 # 1500
9055.000 # 1500
9056.000 # 1500
9057.000 # 1500
9057.595 + 128 1
9058.000 # 1500
9058.839 - 128 1.244 1
9059.000 # 1500
9060.000 # 1500
9061.000 # 1500
9062.000 # 1500
9063.000 # 1500
9064.000 # 1500
9065.000 # 1500
9066.000 # 1500
9067.000 # 1500
9068.000 # 1500
9069.000 # 1500
9070.000 # 1500
9071.000 # 1500
9072.000 # 1500
9073.000 # 1500
9073.555 + 128 1
9074.000 # 1500
9074.711 - 128 1.156 1
9075.000 # 1500
9076.000 # 1500
9077.000 # 1500
9078.000 # 1500
9079.000 # 1500
9080.000 # 1500
9081.000 # 1500
9082.000 # 1500
9083.000 # 1500
9084.000 # 1500
9085.000 # 1500
9085.567 + 128 1
9086.000 # 1500
9086.726 - 128 1.159 1
9087.000 # 1500
9088.000 # 1500
9089.000 # 1500
9090.000 # 1500
9091.000 # 1500
9092.000 # 1500
9093.000 # 1500
9094.000 # 1500
9095.000 # 1500
9095.520 + 128 1
9096.000 # 1500
9096.996 - 128 1.476 1
9097.000 # 1500
9098.000 # 1500
9099.000 # 1500
9100.000 # 1500
9101.000 # 1500
9102.000 # 1500
9103.000 # 1500
9104.000 # 1500
9105.000 # 1500
9105.533 + 128 1
9106.000 # 1500
9106.670 - 128 1.137 1
9107.000 # 1500
9108.000 # 1500
9109.000 # 1500
9110.000 # 1500
9111.000 # 1500
9112.000 # 1500
9113.000 # 1500
9114.000 # 1500
9115.000 # 1500
9116.000 # 1500
9117.000 # 1500
9118.000 # 1500
9119.000 # 1500
9120.000 # 1500
9121.000 # 1500
9122.000 # 1500
9123.000 # 1500
9124.000 # 1500
9125.000 # 1500
9125.557 + 128 1
9126.000 # 1500
9126.684 - 128 1.127 1
9127.000 # 1500
9128.000 # 1500
9129.000 # 1500
9130.000 # 1500
9131.000 # 1500
9132.000 # 1500
9133.000 # 1500
9134.000 # 1500
9135.000 # 1500
9136.000 # 1500
9137.000 # 1500
9137.549 + 128 1
9138.000 # 1500
9138.714 - 128 1.165 1
9139.000 # 1500
9140.000 # 1500
9141.000 # 1500
9142.000 # 1500
9143.000 # 1500
9144.000 # 1500
9145.000 # 1500
9146.000 # 1500
9147.000 # 1500
9147.515 + 128 1
9148.000 # 1500
9148.612 - 128 1.097 1
9149.000 # 1500
9150.000 # 1500
9151.000 # 1500
9152.000 # 1500
9153.000 # 1500
9154.000 # 1500
9155.000 # 1500
9156.000 # 1500
9157.000 # 1500
9157.511 + 128 1
9158.000 # 1500
9158.604 - 128 1.093 1
9159.000 # 1500
9160.000 # 1500
9161.000 # 1500
9162.000 # 1500
9163.000 # 1500
9164.000 # 1500
9165.000 # 1500
9166.000 # 1500
9167.000 # 1500
9168.000 # 1500
9169.000 # 1500
9170.000 # 1500
9171.000 # 1500
9172.000 # 1500
9173.000 # 1500
9173.524 + 128 1
9174.000 # 1500
9174.668 - 128 1.144 1
9175.000 # 1500
9176.000 # 1500
9177.000 # 1500
9178.000 # 1500
9179.000 # 1500
9180.000 # 1500
9181.000 # 1500
9182.000 # 1500
9183.000 # 1500
9184.000 # 1500
9185.000 # 1500
9186.000 # 1500
9187.000 # 1500
9188.000 # 1500
9189.000 # 1500
9189.571 + 128 1
9190.000 # 1500
9190.691 - 128 1.120 1
9191.000 # 1500
9192.000 # 1500
9193.000 # 1500
9194.000 # 1500
9195.000 # 1500
9196.000 # 1500
9197.000 # 1500
9198.000 # 1500
9199.000 # 1500
9199.500 + 128 1
9200.000 # 1500
9200.537 - 128 1.037 1
9201.000 # 1500
9202.000 # 1500
9203.000 # 1500
9204.000 # 1500
9205.000 # 1500
9206.000 # 1500
9207.000 # 1500
9208.000 # 1500
9209.000 # 1500
9210.000 # 1500
9211.000 # 1500
9212.000 # 1500
9213.000 # 1500
9213.598 + 128 1
9214.000 # 1500
9214.636 - 128 1.038 1
9215.000 # 1500
9216.000 # 1500
9217.000 # 1500
9218.000 # 1500
9219.000 # 1500
9220.000 # 1500
9221.000 # 1500
9222.000 # 1500
9223.000 # 1500
9223.547 + 128 1
9224.000 # 1500
9224.985 - 128 1.438 1
9225.000 # 1500
9226.000 # 1500
9227.000 # 1500
9228.000 # 1500
9229.000 # 1500
9230.000 # 1500
9231.000 # 1500
9232.000 # 1500
9233.000 # 1500
9233.605 + 128 1
9234.000 # 1500
9234.909 - 128 1.304 1
9235.000 # 1500
9236.000 # 1500
9237.000 # 1500
9238.000 # 1500
9239.000 # 1500
9240.000 # 1500
9241.000 # 1500
9242.000 # 1500
9243.000 # 1500
9244.000 # 1500
9245.000 # 1500
9246.000 # 1500
9247.000 # 1500
9248.000 # 1500
9249.000 # 1500
9249.563 + 128 1
9250.000 # 1500
9250.703 - 128 1.140 1
9251.000 # 1500
9252.000 # 1500
9253.000 # 1500
9254.000 # 1500
9255.000 # 1500
9256.000 # 1500
9257.000 # 1500
9258.000 # 1500
9259.000 # 1500
9260.000 # 1500
9261.000 # 1500
9261.538 + 128 1
9262.000 # 1500
9262.669 - 128 1.131 1
9263.000 # 1500
9264.000 # 1500
9265.000 # 1500
9266.000 # 1500
9267.000 # 1500
9268.000 # 1500
9269.000 # 1500
9270.000 # 1500
9271.000 # 1500
9271.487 + 128 1
9272.000 # 1500
9272.571 - 128 1.084 1
9273.000 # 1500
9274.000 # 1500
9275.000 # 1500
9276.000 # 1500
9277.000 # 1500
9278.000 # 1500
9279.000 # 1500
9280.000 # 1500
9281.000 # 1500
9281.461 + 128 1
9282.000 # 1500
9282.574 - 128 1.113 1
9283.000 # 1500
9284.000 # 1500
9285.000 # 1500
9286.000 # 1500
9287.000 # 1500
9288.000 # 1500
9289.000 # 1500
9290.000 # 1500
9291.000 # 1500
9292.000 # 1500
9293.000 # 1500
9294.000 # 1500
9295.000 # 1500
9296.000 # 1500
9297.000 # 1500
9298.000 # 1500
9299.000 # 1500
9300.000 # 1500
9301.000 # 1500
9301.625 + 128 1
9302.000 # 1500
9302.830 - 128 1.205 1
9303.000 # 1500
9304.000 # 1500
9305.000 # 1500
9306.000 # 1500
9307.000 # 1500
9308.000 # 1500
9309.000 # 1500
9310.000 # 1500
9311.000 # 1500
9311.560 + 128 1
9312.000 # 1500
9312.730 - 128 1.170 1
9313.000 # 1500
9314.000 # 1500
9315.000 # 1500
9316.000 # 1500
9317.000 # 1500
9318.000 # 1500
9319.000 # 1500
9320.000 # 1500
9321.000 # 1500
9322.000 # 1500
9323.000 # 1500
9324.000 # 1500
9325.000 # 1500
9325.567 + 128 1
9326.000 # 1500
9326.743 - 128 1.176 1
9327.000 # 1500
9328.000 # 1500
9329.000 # 1500
9330.000 # 1500
9331.000 # 1500
9332.000 # 1500
9333.000 # 1500
9334.000 # 1500
9335.000 # 1500
9335.510 + 128 1
9336.000 # 1500
9336.653 - 128 1.143 1
9337.000 # 1500
9338.000 # 1500
9339.000 # 1500
9340.000 # 1500
9341.000 # 1500
9342.000 # 1500
9343.000 # 1500
9344.000 # 1500
9345.000 # 1500
9346.000 # 1500
9347.000 # 1500
9348.000 # 1500
9349.000 # 1500
9349.835 + 128 1
9350.000 # 1500
9350.912 - 128 1.077 1
9351.000 # 1500
9352.000 # 1500
9353.000 # 1500
9354.000 # 1500
9355.000 # 1500
9356.000 # 1500
9357.000 # 1500
9358.000 # 1500
9359.000 # 1500
9359.990 + 128 1
9360.000 # 1500
9361.000 # 1500
9361.106 - 128 1.116 1
9362.000 # 1500
9363.000 # 1500
9364.000 # 1500
9365.000 # 1500
9366.000 # 1500
9367.000 # 1500
9368.000 # 1500
9369.000 # 1500
9370.000 # 1500
9371.000 # 1500
9372.000 # 1500
9373.000 # 1500
9373.705 + 128 1
9374.000 # 1500
9374.821 - 128 1.116 1
9375.000 # 1500
9376.000 # 1500
9377.000 # 1500
9378.000 # 1500
9379.000 # 1500
9380.000 # 1500
9381.000 # 1500
9382.000 # 1500
9383.000 # 1500
9384.000 # 1500
9385.000 # 1500
9386.000 # 1500
9387.000 # 1500
9388.000 # 1500
9389.000 # 1500
9389.537 + 128 1
9390.000 # 1500
9390.681 - 128 1.144 1
9391.000 # 1500
9392.000 # 1500
9393.000 # 1500
9394.000 # 1500
9395.000 # 1500
9396.000 # 1500
9397.000 # 1500
9398.000 # 1500
9399.000 # 1500
9399.483 + 128 1
9400.000 # 1500
9400.568 - 128 1.085 1
9401.000 # 1500
9402.000 # 1500
9403.000 # 1500
9404.000 # 1500
9405.000 # 1500
9406.000 # 1500
9407.000 # 1500
9408.000 # 1500
9409.000 # 1500
9410.000 # 1500
9411.000 # 1500
9412.000 # 1500
9413.000 # 1500
9413.598 + 128 1
9414.000 # 1500
9414.697 - 128 1.099 1
9415.000 # 1500
9416.000 # 1500
9417.000 # 1500
9418.000 # 1500
9419.000 # 1500
9420.000 # 1500
9421.000 # 1500
9422.000 # 1500
9423.000 # 1500
9423.573 + 128 1
9424.000 # 1500
9424.727 - 128 1.154 1
9425.000 # 1500
9426.000 # 1500
9427.000 # 1500
9428.000 # 1500
9429.000 # 1500
9430.000 # 1500
9431.000 # 1500
9432.000 # 1500
9433.000 # 1500
9433.537 + 128 1
9434.000 # 1500
9434.676 - 128 1.139 1
9435.000 # 1500
9436.000 # 1500
9437.000 # 1500
9438.000 # 1500
9439.000 # 1500
9440.000 # 1500
9441.000 # 1500
9442.000 # 1500
9443.000 # 1500
9444.000 # 1500
9445.000 # 1500
9446.000 # 1500
9447.000 # 1500
9448.000 # 1500
9449.000 # 1500
9449.802 + 128 1
9450.000 # 1500
9450.844 - 128 1.042 1
9451.000 # 1500
9452.000 # 1500
9453.000 # 1500
9454.000 # 1500
9455.000 # 1500
9456.000 # 1500
9457.000 # 1500
9458.000 # 1500
9459.000 # 1500
9460.000 # 1500
9461.000 # 1500
9462.000 # 1500
9463.000 # 1500
9464.000 # 1500
9465.000 # 1500
9465.687 + 128 1
9466.000 # 1500
9466.762 - 128 1.075 1
9467.000 # 1500
9468.000 # 1500
9469.000 # 1500
9470.000 # 1500
9471.000 # 1500
9472.000 # 1500
9473.000 # 1500
9474.000 # 1500
9475.000 # 1500
9475.660 + 128 1
9476.000 # 1500
9476.701 - 128 1.041 1
9477.000 # 1500
9478.000 # 1500
9479.000 # 1500
9480.000 # 1500
9481.000 # 1500
9482.000 # 1500
9483.000 # 1500
9484.000 # 1500
9485.000 # 1500
9486.000 # 1500
9487.000 # 1500
9488.000 # 1500
9489.000 # 1500
9489.725 + 128 1
9490.000 # 1500
9490.905 - 128 1.180 1
9491.000 # 1500
9492.000 # 1500
9493.000 # 1500
9494.000 # 1500
9495.000 # 1500
9496.000 # 1500
9497.000 # 1500
9498.000 # 1500
9499.000 # 1500
9499.644 + 128 1
9500.000 # 1500
9500.893 - 128 1.249 1
9501.000 # 1500
9502.000 # 1500
9503.000 # 1500
9504.000 # 1500
9505.000 # 1500
9506.000 # 1500
9507.000 # 1500
9508.000 # 1500
9509.000 # 1500
9509.560 + 128 1
9510.000 # 1500
9510.643 - 128 1.083 1
9511.000 # 1500
9512.000 # 1500
9513.000 # 1500
9514.000 # 1500
9515.000 # 1500
9516.000 # 1500
9517.000 # 1500
9518.000 # 1500
9519.000 # 1500
9520.000 # 1500
9521.000 # 1500
9522.000 # 1500
9523.000 # 1500
9524.000 # 1500
9525.000 # 1500
9525.574 + 128 1
9526.000 # 1500
9526.739 - 128 1.165 1
9527.000 # 1500
9528.000 # 1500
9529.000 # 1500
9530.000 # 1500
9531.000 # 1500
9532.000 # 1500
9533.000 # 1500
9534.000 # 1500
9535.000 # 1500
9536.000 # 1500
9537.000 # 1500
9538.000 # 1500
9539.000 # 1500
9540.000 # 1500
9541.000 # 1500
9541.620 + 128 1
9542.000 # 1500
9542.844 - 128 1.224 1
9543.000 # 1500
9544.000 # 1500
9545.000 # 1500
9546.000 # 1500
9547.000 # 1500
9548.000 # 1500
9549.000 # 1500
9550.000 # 1500
9551.000 # 1500
9551.535 + 128 1
9552.000 # 1500
9552.867 - 128 1.332 1
9553.000 # 1500
9554.000 # 1500
9555.000 # 1500
9556.000 # 1500
9557.000 # 1500
9558.000 # 1500
9559.000 # 1500
9560.000 # 1500
9561.000 # 1500
9562.000 # 1500
9563.000 # 1500
9564.000 # 1500
9565.000 # 1500
9565.628 + 128 1
9566.000 # 1500
9566.790 - 128 1.162 1
9567.000 # 1500
9568.000 # 1500
9569.000 # 1500
9570.000 # 1500
9571.000 # 1500
9572.000 # 1500
9573.000 # 1500
9574.000 # 1500
9575.000 # 1500
9575.506 + 128 1
9576.000 # 1500
9576.611 - 128 1.105 1
9577.000 # 1500
9578.000 # 1500
9579.000 # 1500
9580.000 # 1500
9581.000 # 1500
9582.000 # 1500
9583.000 # 1500
9584.000 # 1500
9585.000 # 1500
9586.000 # 1500
9587.000 # 1500
9588.000 # 1500
9589.000 # 1500
9589.600 + 128 1
9590.000 # 1500
9590.708 - 128 1.108 1
9591.000 # 1500
9592.000 # 1500
9593.000 # 1500
9594.000 # 1500
9595.000 # 1500
9596.000 # 1500
9597.000 # 1500
9598.000 # 1500
9599.000 # 1500
9599.527 + 128 1
9600.000 # 1500
9600.675 - 128 1.148 1
9601.000 # 1500
9602.000 # 1500
9603.000 # 1500
9604.000 # 1500
9605.000 # 1500
9606.000 # 1500
9607.000 # 1500
9608.000 # 1500
9609.000 # 1500
9610.000 # 1500
9611.000 # 1500
9612.000 # 1500
9613.000 # 1500
9613.543 + 128 1
9614.000 # 1500
9614.716 - 128 1.173 1
9615.000 # 1500
9616.000 # 1500
9617.000 # 1500
9618.000 # 1500
9619.000 # 1500
9620.000 # 1500
9621.000 # 1500
9622.000 # 1500
9623.000 # 1500
9623.486 + 128 1
9624.000 # 1500
9624.563 - 128 1.077 1
9625.000 # 1500
9626.000 # 1500
9627.000 # 1500
9628.000 # 1500
9629.000 # 1500
9630.000 # 1500
9631.000 # 1500
9632.000 # 1500
9633.000 # 1500
9633.663 + 128 1
9634.000 # 1500
9634.919 - 128 1.256 1
9635.000 # 1500
9636.000 # 1500
9637.000 # 1500
9638.000 # 1500
9639.000 # 1500
9640.000 # 1500
9641.000 # 1500
9642.000 # 1500
9643.000 # 1500
9644.000 # 1500
9645.000 # 1500
9646.000 # 1500
9647.000 # 1500
9648.000 # 1500
9649.000 # 1500
9650.000 # 1500
9651.000 # 1500
9652.000 # 1500
9653.000 # 1500
9653.572 + 128 1
9654.000 # 1500
9654.641 - 128 1.069 1
9655.000 # 1500
9656.000 # 1500
9657.000 # 1500
9658.000 # 1500
9659.000 # 1500
9660.000 # 1500
9661.000 # 1500
9662.000 # 1500
9663.000 # 1500
9664.000 # 1500
9665.000 # 1500
9665.526 + 128 1
9666.000 # 1500
9666.665 - 128 1.139 1
9667.000 # 1500
9668.000 # 1500
9669.000 # 1500
9670.000 # 1500
9671.000 # 1500
9672.000 # 1500
9673.000 # 1500
9674.000 # 1500
9675.000 # 1500
9675.501 + 128 1
9676.000 # 1500
9676.624 - 128 1.123 1
9677.000 # 1500
9678.000 # 1500
9679.000 # 1500
9680.000 # 1500
9681.000 # 1500
9682.000 # 1500
9683.000 # 1500
9684.000 # 1500
9685.000 # 1500
9686.000 # 1500
9687.000 # 1500
9688.000 # 1500
9689.000 # 1500
9689.540 + 128 1
9690.000 # 1500
9690.680 - 128 1.140 1
9691.000 # 1500
9692.000 # 1500
9693.000 # 1500
9694.000 # 1500
9695.000 # 1500
9696.000 # 1500
9697.000 # 1500
9698.000 # 1500
9699.000 # 1500
9699.527 + 128 1
9700.000 # 1500
9700.603 - 128 1.076 1
9701.000 # 1500
9702.000 # 1500
9703.000 # 1500
9704.000 # 1500
9705.000 # 1500
9706.000 # 1500
9707.000 # 1500
9708.000 # 1500
9709.000 # 1500
9710.000 # 1500
9711.000 # 1500
9712.000 # 1500
9713.000 # 1500
9714.000 # 1500
9715.000 # 1500
9716.000 # 1500
9717.000 # 1500
9717.816 + 128 1
9718.000 # 1500
9718.983 - 128 1.167 1
9719.000 # 1500
9720.000 # 1500
9721.000 # 1500
9722.000 # 1500
9723.000 # 1500
9724.000 # 1500
9725.000 # 1500
9726.000 # 1500
9727.000 # 1500
9727.790 + 128 1
9728.000 # 1500
9728.885 - 128 1.095 1
9729.000 # 1500
9730.000 # 1500
9731.000 # 1500
9732.000 # 1500
9733.000 # 1500
9734.000 # 1500
9735.000 # 1500
9736.000 # 1500
9737.000 # 1500
9738.000 # 1500
9739.000 # 1500
9740.000 # 1500
9741.000 # 1500
9741.542 + 128 1
9742.000 # 1500
9742.596 - 128 1.054 1
9743.000 # 1500
9744.000 # 1500
9745.000 # 1500
9746.000 # 1500
9747.000 # 1500
9748.000 # 1500
9749.000 # 1500
9750.000 # 1500
9751.000 # 1500
9751.517 + 128 1
9752.000 # 1500
9752.617 - 128 1.100 1
9753.000 # 1500
9754.000 # 1500
9755.000 # 1500
9756.000 # 1500
9757.000 # 1500
9758.000 # 1500
9759.000 # 1500
9760.000 # 1500
9761.000 # 1500
9762.000 # 1500
9763.000 # 1500
9764.000 # 1500
9765.000 # 1500
9765.532 + 128 1
9766.000 # 1500
9766.702 - 128 1.170 1
9767.000 # 1500
9768.000 # 1500
9769.000 # 1500
9770.000 # 1500
9771.000 # 1500
9772.000 # 1500
9773.000 # 1500
9774.000 # 1500
9775.000 # 1500
9775.502 + 128 1
9776.000 # 1500
9776.606 - 128 1.104 1
9777.000 # 1500
9778.000 # 1500
9779.000 # 1500
9780.000 # 1500
9781.000 # 1500
9782.000 # 1500
9783.000 # 1500
9784.000 # 1500
9785.000 # 1500
9786.000 # 1500
9787.000 # 1500
9788.000 # 1500
9789.000 # 1500
9789.562 + 128 1
9790.000 # 1500
9790.685 - 128 1.123 1
9791.000 # 1500
9792.000 # 1500
9793.000 # 1500
9794.000 # 1500
9795.000 # 1500
9796.000 # 1500
9797.000 # 1500
9798.000 # 1500
9799.000 # 1500
9799.500 + 128 1
9800.000 # 1500
9800.719 - 128 1.219 1
9801.000 # 1500
9802.000 # 1500
9803.000 # 1500
9804.000 # 1500
9805.000 # 1500
9806.000 # 1500
9807.000 # 1500
9808.000 # 1500
9809.000 # 1500
9810.000 # 1500
9811.000 # 1500
9812.000 # 1500
9813.000 # 1500
9814.000 # 1500
9815.000 # 1500
9816.000 # 1500
9817.000 # 1500
9817.638 + 128 1
9818.000 # 1500
9818.779 - 128 1.141 1
9819.000 # 1500
9820.000 # 1500
9821.000 # 1500
9822.000 # 1500
9823.000 # 1500
9824.000 # 1500
9825.000 # 1500
9826.000 # 1500
9827.000 # 1500
9827.528 + 128 1
9828.000 # 1500
9828.628 - 128 1.100 1
9829.000 # 1500
9830.000 # 1500
9831.000 # 1500
9832.000 # 1500
9833.000 # 1500
9834.000 # 1500
9835.000 # 1500
9836.000 # 1500
9837.000 # 1500
9838.000 # 1500
9839.000 # 1500
9840.000 # 1500
9841.000 # 1500
9841.534 + 128 1
9842.000 # 1500
9842.614 - 128 1.080 1
9843.000 # 1500
9844.000 # 1500
9845.000 # 1500
9846.000 # 1500
9847.000 # 1500
9848.000 # 1500
9849.000 # 1500
9850.000 # 1500
9851.000 # 1500
9851.556 + 128 1
9852.000 # 1500
9852.635 - 128 1.079 1
9853.000 # 1500
9854.000 # 1500
9855.000 # 1500
9856.000 # 1500
9857.000 # 1500
9858.000 # 1500
9859.000 # 1500
9860.000 # 1500
9861.000 # 1500
9862.000 # 1500
9863.000 # 1500
9864.000 # 1500
9865.000 # 1500
9865.553 + 128 1
9866.000 # 1500
9866.670 - 128 1.117 1
9867.000 # 1500
9868.000 # 1500
9869.000 # 1500
9870.000 # 1500
9871.000 # 1500
9872.000 # 1500
9873.000 # 1500
9874.000 # 1500
9875.000 # 1500
9875.496 + 128 1
9876.000 # 1500
9876.540 - 128 1.044 1
9877.000 # 1500
9878.000 # 1500
9879.000 # 1500
9880.000 # 1500
9881.000 # 1500
9882.000 # 1500
9883.000 # 1500
9884.000 # 1500
9885.000 # 1500
9886.000 # 1500
9887.000 # 1500
9888.000 # 1500
9889.000 # 1500
9889.535 + 128 1
9890.000 # 1500
9890.660 - 128 1.125 1
9891.000 # 1500
9892.000 # 1500
9893.000 # 1500
9894.000 # 1500
9895.000 # 1500
9896.000 # 1500
9897.000 # 1500
9898.000 # 1500
9899.000 # 1500
9899.506 + 128 1
9900.000 # 1500
9900.650 - 128 1.144 1
9901.000 # 1500
9902.000 # 1500
9903.000 # 1500
9904.000 # 1500
9905.000 # 1500
9906.000 # 1500
9907.000 # 1500
9908.000 # 1500
9909.000 # 1500
9910.000 # 1500
9911.000 # 1500
9912.000 # 1500
9913.000 # 1500
9913.570 + 128 1
9914.000 # 1500
9914.698 - 128 1.128 1
9915.000 # 1500
9916.000 # 1500
9917.000 # 1500
9918.000 # 1500
9919.000 # 1500
9920.000 # 1500
9921.000 # 1500
9922.000 # 1500
9923.000 # 1500
9924.000 # 1500
9925.000 # 1500
9926.000 # 1500
9927.000 # 1500
9928.000 # 1500
9929.000 # 1500
9930.000 # 1500
9930.557 + 128 1
9931.000 # 1500
9931.717 - 128 1.160 1
9932.000 # 1500
9933.000 # 1500
9934.000 # 1500
9935.000 # 1500
9936.000 # 1500
9937.000 # 1500
9938.000 # 1500
9939.000 # 1500
9940.000 # 1500
9940.523 + 128 1
9941.000 # 1500
9941.737 - 128 1.214 1
9942.000 # 1500
9943.000 # 1500
9944.000 # 1500
9945.000 # 1500
9946.000 # 1500
9947.000 # 1500
9948.000 # 1500
9949.000 # 1500
9950.000 # 1500
9951.000 # 1500
9952.000 # 1500
9953.000 # 1500
9954.000 # 1500
9955.000 # 1500
9956.000 # 1500
9956.078 + 128 1
9957.000 # 1500
9957.147 - 128 1.069 1
9958.000 # 1500
9959.000 # 1500
9960.000 # 1500
9961.000 # 1500
9962.000 # 1500
9963.000 # 1500
9964.000 # 1500
9965.000 # 1500
9966.000 # 1500
9967.000 # 1500
9968.000 # 1500
9969.000 # 1500
9970.000 # 1500
9971.000 # 1500
9972.000 # 1500
9973.000 # 1500
9974.000 # 1500
9975.000 # 1500
9976.000 # 1500
9977.000 # 1500
9977.534 + 128 1
9978.000 # 1500
9978.660 - 128 1.126 1
9979.000 # 1500
9980.000 # 1500
9981.000 # 1500
9982.000 # 1500
9983.000 # 1500
9984.000 # 1500
9985.000 # 1500
9986.000 # 1500
9987.000 # 1500
9987.509 + 128 1
9988.000 # 1500
9988.605 - 128 1.096 1
9989.000 # 1500
9990.000 # 1500
9991.000 # 1500
9992.000 # 1500
9993.000 # 1500
9994.000 # 1500
9995.000 # 1500
9996.000 # 1500
9997.000 # 1500
9998.000 # 1500
9999.000 # 1500
10000.000 # 1500
10001.000 # 1500
10002.000 # 1500
10003.000 # 1500
10004.000 # 1500
10005.000 # 1500
10006.000 # 1500
10006.237 + 128 1
10007.000 # 1500
10008.000 # 1500
10008.339 - 128 2.102 1
10009.000 # 1500
10010.000 # 1500
10011.000 # 1500
10012.000 # 1500
10013.000 # 1500
10014.000 # 1500
10015.000 # 1500
10016.000 # 1500
10016.146 + 128 1
10017.000 # 1500
10017.272 - 128 1.126 1
10018.000 # 1500
10019.000 # 1500
10020.000 # 1500
10021.000 # 1500
10022.000 # 1500
10023.000 # 1500
10024.000 # 1500
10025.000 # 1500
10026.000 # 1500
10026.110 + 128 1
10027.000 # 1500
10027.211 - 128 1.101 1
10028.000 # 1500
10029.000 # 1500
10030.000 # 1500
10031.000 # 1500
10032.000 # 1500
10033.000 # 1500
10034.000 # 1500
10035.000 # 1500
10036.000 # 1500
10037.000 # 1500
10038.000 # 1500
10039.000 # 1500
10040.000 # 1500
10041.000 # 1500
10041.537 + 128 1
10042.000 # 1500
10042.712 - 128 1.175 1
10043.000 # 1500
10044.000 # 1500
10045.000 # 1500
10046.000 # 1500
10047.000 # 1500
10048.000 # 1500
10049.000 # 1500
10050.000 # 1500
10051.000 # 1500
10051.530 + 128 1
10052.000 # 1500
10052.685 - 128 1.155 1
10053.000 # 1500
10054.000 # 1500
10055.000 # 1500
10056.000 # 1500
10057.000 # 1500
10058.000 # 1500
10059.000 # 1500
10060.000 # 1500
10061.000 # 1500
10062.000 # 1500
10063.000 # 1500
10064.000 # 1500
10065.000 # 1500
10065.592 + 128 1
10066.000 # 1500
10066.732 - 128 1.140 1
10067.000 # 1500
10068.000 # 1500
10069.000 # 1500
10070.000 # 1500
10071.000 # 1500
10072.000 # 1500
10073.000 # 1500
10074.000 # 1500
10075.000 # 1500
10075.490 + 128 1
10076.000 # 1500
10076.596 - 128 1.106 1
10077.000 # 1500
10078.000 # 1500
10079.000 # 1500
10080.000 # 1500
10081.000 # 1500
10082.000 # 1500
10083.000 # 1500
10084.000 # 1500
10085.000 # 1500
10086.000 # 1500
10087.000 # 1500
10088.000 # 1500
10089.000 # 1500
10090.000 # 1500
10091.000 # 1500
10092.000 # 1500
10093.000 # 1500
10093.525 + 128 1
10094.000 # 1500
10094.597 - 128 1.072 1
10095.000 # 1500
10096.000 # 1500
10097.000 # 1500
10098.000 # 1500
10099.000 # 1500
10100.000 # 1500
10101.000 # 1500
10102.000 # 1500
10103.000 # 1500
10103.491 + 128 1
10104.000 # 1500
10104.584 - 128 1.093 1
10105.000 # 1500
10106.000 # 1500
10107.000 # 1500
10108.000 # 1500
10109.000 # 1500
10110.000 # 1500
10111.000 # 1500
10112.000 # 1500
10113.000 # 1500
10114.000 # 1500
10115.000 # 1500
10116.000 # 1500
10117.000 # 1500
10118.000 # 1500
10118.285 + 128 1
10119.000 # 1500
10119.439 - 128 1.154 1
10120.000 # 1500
10121.000 # 1500
10122.000 # 1500
10123.000 # 1500
10124.000 # 1500
10125.000 # 1500
10126.000 # 1500
10127.000 # 1500
10128.000 # 1500
10128.411 + 128 1
10129.000 # 1500
10129.702 - 128 1.291 1
10130.000 # 1500
10131.000 # 1500
10132.000 # 1500
10133.000 # 1500
10134.000 # 1500
10135.000 # 1500
10136.000 # 1500
10137.000 # 1500
10138.000 # 1500
10138.374 + 128 1
10139.000 # 1500
10139.498 - 128 1.124 1
10140.000 # 1500
10141.000 # 1500
10142.000 # 1500
10143.000 # 1500
10144.000 # 1500
10145.000 # 1500
10146.000 # 1500
10147.000 # 1500
10148.000 # 1500
10148.386 + 128 1
10149.000 # 1500
10149.692 - 128 1.306 1
10150.000 # 1500
10151.000 # 1500
10152.000 # 1500
10153.000 # 1500
10154.000 # 1500
10155.000 # 1500
10156.000 # 1500
10157.000 # 1500
10158.000 # 1500
10158.391 + 128 1
10159.000 # 1500
10159.550 - 128 1.159 1
10160.000 # 1500
10161.000 # 1500
10162.000 # 1500
10163.000 # 1500
10164.000 # 1500
10165.000 # 1500
10166.000 # 1500
10167.000 # 1500
10168.000 # 1500
10168.364 + 128 1
10169.000 # 1500
10169.800 - 128 1.436 1
10170.000 # 1500
10171.000 # 1500
10172.000 # 1500
10173.000 # 1500
10174.000 # 1500
10175.000 # 1500
10176.000 # 1500
10177.000 # 1500
10178.000 # 1500
10179.000 # 1500
10180.000 # 1500
10181.000 # 1500
10181.609 + 128 1
10182.000 # 1500
10182.773 - 128 1.164 1
10183.000 # 1500
10184.000 # 1500
10185.000 # 1500
10186.000 # 1500
10187.000 # 1500
10188.000 # 1500
10189.000 # 1500
10190.000 # 1500
10191.000 # 1500
10191.621 + 128 1
10192.000 # 1500
10192.866 - 128 1.245 1
10193.000 # 1500
10194.000 # 1500
10195.000 # 1500
10196.000 # 1500
10197.000 # 1500
10198.000 # 1500
10199.000 # 1500
10200.000 # 1500
10201.000 # 1500
10202.000 # 1500
10203.000 # 1500
10204.000 # 1500
10205.000 # 1500
10205.572 + 128 1
10206.000 # 1500
10206.738 - 128 1.166 1
10207.000 # 1500
10208.000 # 1500
10209.000 # 1500
10210.000 # 1500
10211.000 # 1500
10212.000 # 1500
10213.000 # 1500
10214.000 # 1500
10215.000 # 1500
10215.521 + 128 1
10216.000 # 1500
10216.747 - 128 1.226 1
10217.000 # 1500
10218.000 # 1500
10219.000 # 1500
10220.000 # 1500
10221.000 # 1500
10222.000 # 1500
10223.000 # 1500
10224.000 # 1500
10225.000 # 1500
10226.000 # 1500
10227.000 # 1500
10228.000 # 1500
10229.000 # 1500
10229.706 + 128 1
10230.000 # 1500
10230.817 - 128 1.111 1
10231.000 # 1500
10232.000 # 1500
10233.000 # 1500
10234.000 # 1500
10235.000 # 1500
10236.000 # 1500
10237.000 # 1500
10238.000 # 1500
10239.000 # 1500
10239.707 + 128 1
10240.000 # 1500
10240.973 - 128 1.266 1
10241.000 # 1500
10242.000 # 1500
10243.000 # 1500
10244.000 # 1500
10245.000 # 1500
10246.000 # 1500
10247.000 # 1500
10248.000 # 1500
10249.000 # 1500
10250.000 # 1500
10251.000 # 1500
10252.000 # 1500
10253.000 # 1500
10253.624 + 128 1
10254.000 # 1500
10254.893 - 128 1.269 1
10255.000 # 1500
10256.000 # 1500
10257.000 # 1500
10258.000 # 1500
10259.000 # 1500
10260.000 # 1500
10261.000 # 1500
10262.000 # 1500
10263.000 # 1500
10263.608 + 128 1
10264.000 # 1500
10264.855 - 128 1.247 1
10265.000 # 1500
10266.000 # 1500
10267.000 # 1500
10268.000 # 1500
10269.000 # 1500
10270.000 # 1500
10271.000 # 1500
10272.000 # 1500
10273.000 # 1500
10274.000 # 1500
10275.000 # 1500
10276.000 # 1500
10277.000 # 1500
10277.546 + 128 1
10278.000 # 1500
10278.681 - 128 1.135 1
10279.000 # 1500
10280.000 # 1500
10281.000 # 1500
10282.000 # 1500
10283.000 # 1500
10284.000 # 1500
10285.000 # 1500
10286.000 # 1500
10287.000 # 1500
10287.490 + 128 1
10288.000 # 1500
10288.592 - 128 1.102 1
10289.000 # 1500
10290.000 # 1500
10291.000 # 1500
10292.000 # 1500
10293.000 # 1500
10294.000 # 1500
10295.000 # 1500
10296.000 # 1500
10297.000 # 1500
10298.000 # 1500
10299.000 # 1500
10300.000 # 1500
10301.000 # 1500
10302.000 # 1500
10303.000 # 1500
10304.000 # 1500
10305.000 # 1500
10306.000 # 1500
10306.868 + 128 1
10307.000 # 1500
10308.000 # 1500
10308.060 - 128 1.192 1
10309.000 # 1500
10310.000 # 1500
10311.000 # 1500
10312.000 # 1500
10313.000 # 1500
10314.000 # 1500
10315.000 # 1500
10316.000 # 1500
10316.898 + 128 1
10317.000 # 1500
10318.000 # 1500
10318.173 - 128 1.275 1
10319.000 # 1500
10320.000 # 1500
10321.000 # 1500
10322.000 # 1500
10323.000 # 1500
10324.000 # 1500
10325.000 # 1500
10326.000 # 1500
10327.000 # 1500
10328.000 # 1500
10329.000 # 1500
10329.620 + 128 1
10330.000 # 1500
10330.866 - 128 1.246 1
10331.000 # 1500
10332.000 # 1500
10333.000 # 1500
10334.000 # 1500
10335.000 # 1500
10336.000 # 1500
10337.000 # 1500
10338.000 # 1500
10339.000 # 1500
10339.651 + 128 1
10340.000 # 1500
10340.931 - 128 1.280 1
10341.000 # 1500
10342.000 # 1500
10343.000 # 1500
10344.000 # 1500
10345.000 # 1500
10346.000 # 1500
10347.000 # 1500
10348.000 # 1500
10349.000 # 1500
10350.000 # 1500
10351.000 # 1500
10352.000 # 1500
10353.000 # 1500
10353.572 + 128 1
10354.000 # 1500
10354.769 - 128 1.197 1
10355.000 # 1500
10356.000 # 1500
10357.000 # 1500
10358.000 # 1500
10359.000 # 1500
10360.000 # 1500
10361.000 # 1500
10362.000 # 1500
10363.000 # 1500
10363.644 + 128 1
10364.000 # 1500
10364.875 - 128 1.231 1
10365.000 # 1500
10366.000 # 1500
10367.000 # 1500
10368.000 # 1500
10369.000 # 1500
10370.000 # 1500
10371.000 # 1500
10372.000 # 1500
10373.000 # 1500
10374.000 # 1500
10375.000 # 1500
10376.000 # 1500
10377.000 # 1500
10378.000 # 1500
10379.000 # 1500
10380.000 # 1500
10381.000 # 1500
10381.593 + 128 1
10382.000 # 1500
10382.912 - 128 1.319 1
10383.000 # 1500
10384.000 # 1500
10385.000 # 1500
10386.000 # 1500
10387.000 # 1500
10388.000 # 1500
10389.000 # 1500
10390.000 # 1500
10391.000 # 1500
10391.617 + 128 1
10392.000 # 1500
10392.860 - 128 1.243 1
10393.000 # 1500
10394.000 # 1500
10395.000 # 1500
10396.000 # 1500
10397.000 # 1500
10398.000 # 1500
10399.000 # 1500
10400.000 # 1500
10401.000 # 1500
10402.000 # 1500
10403.000 # 1500
10404.000 # 1500
10405.000 # 1500
10405.605 + 128 1
10406.000 # 1500
10406.860 - 128 1.255 1
10407.000 # 1500
10408.000 # 1500
10409.000 # 1500
10410.000 # 1500
10411.000 # 1500
10412.000 # 1500
10413.000 # 1500
10414.000 # 1500
10415.000 # 1500
10415.564 + 128 1
10416.000 # 1500
10416.843 - 128 1.279 1
10417.000 # 1500
10418.000 # 1500
10419.000 # 1500
10420.000 # 1500
10421.000 # 1500
10422.000 # 1500
10423.000 # 1500
10424.000 # 1500
10425.000 # 1500
10426.000 # 1500
10427.000 # 1500
10428.000 # 1500
10429.000 # 1500
10429.664 + 128 1
10430.000 # 1500
10430.888 - 128 1.224 1
10431.000 # 1500
10432.000 # 1500
10433.000 # 1500
10434.000 # 1500
10435.000 # 1500
10436.000 # 1500
10437.000 # 1500
10438.000 # 1500
10439.000 # 1500
10440.000 # 1500
10441.000 # 1500
10441.539 + 128 1
10442.000 # 1500
10442.645 - 128 1.106 1
10443.000 # 1500
10444.000 # 1500
10445.000 # 1500
10446.000 # 1500
10447.000 # 1500
10448.000 # 1500
10449.000 # 1500
10450.000 # 1500
10451.000 # 1500
10451.519 + 128 1
10452.000 # 1500
10452.662 - 128 1.143 1
10453.000 # 1500
10454.000 # 1500
10455.000 # 1500
10456.000 # 1500
10457.000 # 1500
10458.000 # 1500
10459.000 # 1500
10460.000 # 1500
10461.000 # 1500
10461.485 + 128 1
10462.000 # 1500
10462.543 - 128 1.058 1
10463.000 # 1500
10464.000 # 1500
10465.000 # 1500
10466.000 # 1500
10467.000 # 1500
10468.000 # 1500
10469.000 # 1500
10470.000 # 1500
10471.000 # 1500
10472.000 # 1500
10473.000 # 1500
10474.000 # 1500
10475.000 # 1500
10476.000 # 1500
10477.000 # 1500
10478.000 # 1500
10479.000 # 1500
10480.000 # 1500
10481.000 # 1500
10481.531 + 128 1
10482.000 # 1500
10482.613 - 128 1.082 1
10483.000 # 1500
10484.000 # 1500
10485.000 # 1500
10486.000 # 1500
10487.000 # 1500
10488.000 # 1500
10489.000 # 1500
10490.000 # 1500
10491.000 # 1500
10492.000 # 1500
10493.000 # 1500
10493.538 + 128 1
10494.000 # 1500
10494.653 - 128 1.115 1
10495.000 # 1500
10496.000 # 1500
10497.000 # 1500
10498.000 # 1500
10499.000 # 1500
10500.000 # 1500
10501.000 # 1500
10502.000 # 1500
10503.000 # 1500
10503.615 + 128 1
10504.000 # 1500
10505.000 # 1500
10505.023 - 128 1.408 1
10506.000 # 1500
10507.000 # 1500
10508.000 # 1500
10509.000 # 1500
10510.000 # 1500
10511.000 # 1500
10512.000 # 1500
10513.000 # 1500
10513.636 + 128 1
10514.000 # 1500
10514.993 - 128 1.357 1
10515.000 # 1500
10516.000 # 1500
10517.000 # 1500
10518.000 # 1500
10519.000 # 1500
10520.000 # 1500
10521.000 # 1500
10522.000 # 1500
10523.000 # 1500
10524.000 # 1500
10525.000 # 1500
10526.000 # 1500
10527.000 # 1500
10528.000 # 1500
10529.000 # 1500
10529.598 + 128 1
10530.000 # 1500
10530.889 - 128 1.291 1
10531.000 # 1500
10532.000 # 1500
10533.000 # 1500
10534.000 # 1500
10535.000 # 1500
10536.000 # 1500
10537.000 # 1500
10538.000 # 1500
10539.000 # 1500
10540.000 # 1500
10541.000 # 1500
10541.530 + 128 1
10542.000 # 1500
10542.782 - 128 1.252 1
10543.000 # 1500
10544.000 # 1500
10545.000 # 1500
10546.000 # 1500
10547.000 # 1500
10548.000 # 1500
10549.000 # 1500
10550.000 # 1500
10551.000 # 1500
10551.536 + 128 1
10552.000 # 1500
10552.712 - 128 1.176 1
10553.000 # 1500
10554.000 # 1500
10555.000 # 1500
10556.000 # 1500
10557.000 # 1500
10558.000 # 1500
10559.000 # 1500
10560.000 # 1500
10561.000 # 1500
10561.499 + 128 1
10562.000 # 1500
10562.606 - 128 1.107 1
10563.000 # 1500
10564.000 # 1500
10565.000 # 1500
10566.000 # 1500
10567.000 # 1500
10568.000 # 1500
10569.000 # 1500
10570.000 # 1500
10571.000 # 1500
10572.000 # 1500
10573.000 # 1500
10574.000 # 1500
10575.000 # 1500
10576.000 # 1500
10577.000 # 1500
10578.000 # 1500
10579.000 # 1500
10580.000 # 1500
10581.000 # 1500
10581.548 + 128 1
10582.000 # 1500
10582.781 - 128 1.233 1
10583.000 # 1500
10584.000 # 1500
10585.000 # 1500
10586.000 # 1500
10587.000 # 1500
10588.000 # 1500
10589.000 # 1500
10590.000 # 1500
10591.000 # 1500
10591.669 + 128 1
10592.000 # 1500
10592.872 - 128 1.203 1
10593.000 # 1500
10594.000 # 1500
10595.000 # 1500
10596.000 # 1500
10597.000 # 1500
10598.000 # 1500
10599.000 # 1500
10600.000 # 1500
10601.000 # 1500
10602.000 # 1500
10603.000 # 1500
10604.000 # 1500
10605.000 # 1500
10605.632 + 128 1
10606.000 # 1500
10606.853 - 128 1.221 1
10607.000 # 1500
10608.000 # 1500
10609.000 # 1500
10610.000 # 1500
10611.000 # 1500
10612.000 # 1500
10613.000 # 1500
10614.000 # 1500
10615.000 # 1500
10616.000 # 1500
10617.000 # 1500
10617.610 + 128 1
10618.000 # 1500
10618.820 - 128 1.210 1
10619.000 # 1500
10620.000 # 1500
10621.000 # 1500
10622.000 # 1500
10623.000 # 1500
10624.000 # 1500
10625.000 # 1500
10626.000 # 1500
10627.000 # 1500
10627.630 + 128 1
10628.000 # 1500
10628.841 - 128 1.211 1
10629.000 # 1500
10630.000 # 1500
10631.000 # 1500
10632.000 # 1500
10633.000 # 1500
10634.000 # 1500
10635.000 # 1500
10636.000 # 1500
10637.000 # 1500
10637.533 + 128 1
10638.000 # 1500
10638.746 - 128 1.213 1
10639.000 # 1500
10640.000 # 1500
10641.000 # 1500
10642.000 # 1500
10643.000 # 1500
10644.000 # 1500
10645.000 # 1500
10646.000 # 1500
10647.000 # 1500
10648.000 # 1500
10649.000 # 1500
10650.000 # 1500
10651.000 # 1500
10652.000 # 1500
10653.000 # 1500
10654.000 # 1500
10655.000 # 1500
10656.000 # 1500
10657.000 # 1500
10658.000 # 1500
10658.077 + 128 1
10659.000 # 1500
10659.194 - 128 1.117 1
10660.000 # 1500
10661.000 # 1500
10662.000 # 1500
10663.000 # 1500
10664.000 # 1500
10665.000 # 1500
10666.000 # 1500
10667.000 # 1500
10668.000 # 1500
10668.395 + 128 1
10669.000 # 1500
10669.564 - 128 1.169 1
10670.000 # 1500
10671.000 # 1500
10672.000 # 1500
10673.000 # 1500
10674.000 # 1500
10675.000 # 1500
10676.000 # 1500
10677.000 # 1500
10678.000 # 1500
10679.000 # 1500
10680.000 # 1500
10681.000 # 1500
10681.557 + 128 1
10682.000 # 1500
10682.678 - 128 1.121 1
10683.000 # 1500
10684.000 # 1500
10685.000 # 1500
10686.000 # 1500
10687.000 # 1500
10688.000 # 1500
10689.000 # 1500
10690.000 # 1500
10691.000 # 1500
10691.571 + 128 1
10692.000 # 1500
10692.884 - 128 1.313 1
10693.000 # 1500
10694.000 # 1500
10695.000 # 1500
10696.000 # 1500
10697.000 # 1500
10698.000 # 1500
10699.000 # 1500
10700.000 # 1500
10701.000 # 1500
10702.000 # 1500
10703.000 # 1500
10704.000 # 1500
10705.000 # 1500
10705.623 + 128 1
10706.000 # 1500
10706.720 - 128 1.097 1
10707.000 # 1500
10708.000 # 1500
10709.000 # 1500
10710.000 # 1500
10711.000 # 1500
10712.000 # 1500
10713.000 # 1500
10714.000 # 1500
10715.000 # 1500
10716.000 # 1500
10717.000 # 1500
10717.621 + 128 1
10718.000 # 1500
10718.805 - 128 1.184 1
10719.000 # 1500
10720.000 # 1500
10721.000 # 1500
10722.000 # 1500
10723.000 # 1500
10724.000 # 1500
10725.000 # 1500
10726.000 # 1500
10727.000 # 1500
10727.556 + 128 1
10728.000 # 1500
10728.723 - 128 1.167 1
10729.000 # 1500
10730.000 # 1500
10731.000 # 1500
10732.000 # 1500
10733.000 # 1500
10734.000 # 1500
10735.000 # 1500
10736.000 # 1500
10737.000 # 1500
10737.572 + 128 1
10738.000 # 1500
10738.809 - 128 1.237 1
10739.000 # 1500
10740.000 # 1500
10741.000 # 1500
10742.000 # 1500
10743.000 # 1500
10744.000 # 1500
10745.000 # 1500
10746.000 # 1500
10747.000 # 1500
10748.000 # 1500
10749.000 # 1500
10750.000 # 1500
10751.000 # 1500
10752.000 # 1500
10753.000 # 1500
10753.634 + 128 1
10754.000 # 1500
10754.775 - 128 1.141 1
10755.000 # 1500
10756.000 # 1500
10757.000 # 1500
10758.000 # 1500
10759.000 # 1500
10760.000 # 1500
10761.000 # 1500
10762.000 # 1500
10763.000 # 1500
10764.000 # 1500
10765.000 # 1500
10766.000 # 1500
10767.000 # 1500
10768.000 # 1500
10769.000 # 1500
10769.599 + 128 1
10770.000 # 1500
10770.819 - 128 1.220 1
10771.000 # 1500
10772.000 # 1500
10773.000 # 1500
10774.000 # 1500
10775.000 # 1500
10776.000 # 1500
10777.000 # 1500
10778.000 # 1500
10779.000 # 1500
10779.645 + 128 1
10780.000 # 1500
10780.831 - 128 1.186 1
10781.000 # 1500
10782.000 # 1500
10783.000 # 1500
10784.000 # 1500
10785.000 # 1500
10786.000 # 1500
10787.000 # 1500
10788.000 # 1500
10789.000 # 1500
10789.528 + 128 1
10790.000 # 1500
10790.754 - 128 1.226 1
10791.000 # 1500
10792.000 # 1500
10793.000 # 1500
10794.000 # 1500
10795.000 # 1500
10796.000 # 1500
10797.000 # 1500
10798.000 # 1500
10799.000 # 1500
10800.000 # 1500
10801.000 # 1500
10802.000 # 1500
10803.000 # 1500
10804.000 # 1500
10805.000 # 1500
10805.590 + 128 1
10806.000 # 1500
10806.717 - 128 1.127 1
10807.000 # 1500
10808.000 # 1500
10809.000 # 1500
10810.000 # 1500
10811.000 # 1500
10812.000 # 1500
10813.000 # 1500
10814.000 # 1500
10815.000 # 1500
10816.000 # 1500
10817.000 # 1500
10818.000 # 1500
10818.327 + 128 1
10819.000 # 1500
10819.427 - 128 1.100 1
10820.000 # 1500
10821.000 # 1500
10822.000 # 1500
10823.000 # 1500
10824.000 # 1500
10825.000 # 1500
10826.000 # 1500
10827.000 # 1500
10828.000 # 1500
10828.294 + 128 1
10829.000 # 1500
10829.398 - 128 1.104 1
10830.000 # 1500
10831.000 # 1500
10832.000 # 1500
10833.000 # 1500
10834.000 # 1500
10835.000 # 1500
10836.000 # 1500
10837.000 # 1500
10838.000 # 1500
10838.318 + 128 1
10839.000 # 1500
10839.463 - 128 1.145 1
10840.000 # 1500
10841.000 # 1500
10842.000 # 1500
10843.000 # 1500
10844.000 # 1500
10845.000 # 1500
10846.000 # 1500
10847.000 # 1500
10848.000 # 1500
10849.000 # 1500
10850.000 # 1500
10851.000 # 1500
10852.000 # 1500
10853.000 # 1500
10854.000 # 1500
10855.000 # 1500
10856.000 # 1500
10857.000 # 1500
10857.564 + 128 1
10858.000 # 1500
10858.875 - 128 1.311 1
10859.000 # 1500
10860.000 # 1500
10861.000 # 1500
10862.000 # 1500
10863.000 # 1500
10864.000 # 1500
10865.000 # 1500
10866.000 # 1500
10867.000 # 1500
10867.545 + 128 1
10868.000 # 1500
10868.765 - 128 1.220 1
10869.000 # 1500
10870.000 # 1500
10871.000 # 1500
10872.000 # 1500
10873.000 # 1500
10874.000 # 1500
10875.000 # 1500
10876.000 # 1500
10877.000 # 1500
10878.000 # 1500
10879.000 # 1500
10880.000 # 1500
10881.000 # 1500
10881.868 + 128 1
10882.000 # 1500
10882.960 - 128 1.092 1
10883.000 # 1500
10884.000 # 1500
10885.000 # 1500
10886.000 # 1500
10887.000 # 1500
10888.000 # 1500
10889.000 # 1500
10890.000 # 1500
10891.000 # 1500
10892.000 # 1500
10893.000 # 1500
10893.594 + 128 1
10894.000 # 1500
10894.738 - 128 1.144 1
10895.000 # 1500
10896.000 # 1500
10897.000 # 1500
10898.000 # 1500
10899.000 # 1500
10900.000 # 1500
10901.000 # 1500
10902.000 # 1500
10903.000 # 1500
10903.599 + 128 1
10904.000 # 1500
10904.763 - 128 1.164 1
10905.000 # 1500
10906.000 # 1500
10907.000 # 1500
10908.000 # 1500
10909.000 # 1500
10910.000 # 1500
10911.000 # 1500
10912.000 # 1500
10913.000 # 1500
10913.633 + 128 1
10914.000 # 1500
10914.904 - 128 1.271 1
10915.000 # 1500
10916.000 # 1500
10917.000 # 1500
10918.000 # 1500
10919.000 # 1500
10920.000 # 1500
10921.000 # 1500
10922.000 # 1500
10923.000 # 1500
10924.000 # 1500
10925.000 # 1500
10926.000 # 1500
10927.000 # 1500
10928.000 # 1500
10929.000 # 1500
10930.000 # 1500
10931.000 # 1500
10932.000 # 1500
10933.000 # 1500
10933.569 + 128 1
10934.000 # 1500
10934.702 - 128 1.133 1
10935.000 # 1500
10936.000 # 1500
10937.000 # 1500
10938.000 # 1500
10939.000 # 1500
10940.000 # 1500
10941.000 # 1500
10942.000 # 1500
10943.000 # 1500
10943.526 + 128 1
10944.000 # 1500
10944.619 - 128 1.093 1
10945.000 # 1500
10946.000 # 1500
10947.000 # 1500
10948.000 # 1500
10949.000 # 1500
10950.000 # 1500
10951.000 # 1500
10952.000 # 1500
10953.000 # 1500
10954.000 # 1500
10955.000 # 1500
10956.000 # 1500
10957.000 # 1500
10957.678 + 128 1
10958.000 # 1500
10958.799 - 128 1.121 1
10959.000 # 1500
10960.000 # 1500
10961.000 # 1500
10962.000 # 1500
10963.000 # 1500
10964.000 # 1500
10965.000 # 1500
10966.000 # 1500
10967.000 # 1500
10967.639 + 128 1
10968.000 # 1500
10968.711 - 128 1.072 1
10969.000 # 1500
10970.000 # 1500
10971.000 # 1500
10972.000 # 1500
10973.000 # 1500
10974.000 # 1500
10975.000 # 1500
10976.000 # 1500
10977.000 # 1500
10978.000 # 1500
10979.000 # 1500
10980.000 # 1500
10981.000 # 1500
10981.547 + 128 1
10982.000 # 1500
10982.732 - 128 1.185 1
10983.000 # 1500
10984.000 # 1500
10985.000 # 1500
10986.000 # 1500
10987.000 # 1500
10988.000 # 1500
10989.000 # 1500
10990.000 # 1500
10991.000 # 1500
10991.620 + 128 1
10992.000 # 1500
10992.779 - 128 1.159 1
10993.000 # 1500
10994.000 # 1500
10995.000 # 1500
10996.000 # 1500
10997.000 # 1500
10998.000 # 1500
10999.000 # 1500
11000.000 # 1500
11001.000 # 1500
11002.000 # 1500
11003.000 # 1500
11004.000 # 1500
11005.000 # 1500
11005.561 + 128 1
11006.000 # 1500
11006.688 - 128 1.127 1
11007.000 # 1500
11008.000 # 1500
11009.000 # 1500
11010.000 # 1500
11011.000 # 1500
11012.000 # 1500
11013.000 # 1500
11014.000 # 1500
11015.000 # 1500
11015.524 + 128 1
11016.000 # 1500
11016.705 - 128 1.181 1
11017.000 # 1500
11018.000 # 1500
11019.000 # 1500
11020.000 # 1500
11021.000 # 1500
11022.000 # 1500
11023.000 # 1500
11024.000 # 1500
11025.000 # 1500
11026.000 # 1500
11027.000 # 1500
11028.000 # 1500
11029.000 # 1500
11030.000 # 1500
11031.000 # 1500
11032.000 # 1500
11033.000 # 1500
11033.678 + 128 1
11034.000 # 1500
11034.933 - 128 1.255 1
11035.000 # 1500
11036.000 # 1500
11037.000 # 1500
11038.000 # 1500
11039.000 # 1500
11040.000 # 1500
11041.000 # 1500
11042.000 # 1500
11043.000 # 1500
11043.565 + 128 1
11044.000 # 1500
11044.751 - 128 1.186 1
11045.000 # 1500
11046.000 # 1500
11047.000 # 1500
11048.000 # 1500
11049.000 # 1500
11050.000 # 1500
11051.000 # 1500
11052.000 # 1500
11053.000 # 1500
11054.000 # 1500
11055.000 # 1500
11056.000 # 1500
11057.000 # 1500
11057.643 + 128 1
11058.000 # 1500
11058.825 - 128 1.182 1
11059.000 # 1500
11060.000 # 1500
11061.000 # 1500
11062.000 # 1500
11063.000 # 1500
11064.000 # 1500
11065.000 # 1500
11066.000 # 1500
11067.000 # 1500
11068.000 # 1500
11069.000 # 1500
11070.000 # 1500
11071.000 # 1500
11072.000 # 1500
11073.000 # 1500
11074.000 # 1500
11075.000 # 1500
11076.000 # 1500
11077.000 # 1500
11077.539 + 128 1
11078.000 # 1500
11078.648 - 128 1.109 1
11079.000 # 1500
11080.000 # 1500
11081.000 # 1500
11082.000 # 1500
11083.000 # 1500
11084.000 # 1500
11085.000 # 1500
11086.000 # 1500
11087.000 # 1500
11088.000 # 1500
11089.000 # 1500
11090.000 # 1500
11091.000 # 1500
11092.000 # 1500
11093.000 # 1500
11093.595 + 128 1
11094.000 # 1500
11094.746 - 128 1.151 1
11095.000 # 1500
11096.000 # 1500
11097.000 # 1500
11098.000 # 1500
11099.000 # 1500
11100.000 # 1500
11101.000 # 1500
11102.000 # 1500
11103.000 # 1500
11103.534 + 128 1
11104.000 # 1500
11104.599 - 128 1.065 1
11105.000 # 1500
11106.000 # 1500
11107.000 # 1500
11108.000 # 1500
11109.000 # 1500
11110.000 # 1500
11111.000 # 1500
11112.000 # 1500
11113.000 # 1500
11113.530 + 128 1
11114.000 # 1500
11114.701 - 128 1.171 1
11115.000 # 1500
11116.000 # 1500
11117.000 # 1500
11118.000 # 1500
11119.000 # 1500
11120.000 # 1500
11121.000 # 1500
11122.000 # 1500
11123.000 # 1500
11124.000 # 1500
11125.000 # 1500
11126.000 # 1500
11127.000 # 1500
11128.000 # 1500
11129.000 # 1500
11129.591 + 128 1
11130.000 # 1500
11130.738 - 128 1.147 1
11131.000 # 1500
11132.000 # 1500
11133.000 # 1500
11134.000 # 1500
11135.000 # 1500
11136.000 # 1500
11137.000 # 1500
11138.000 # 1500
11139.000 # 1500
11140.000 # 1500
11141.000 # 1500
11142.000 # 1500
11143.000 # 1500
11144.000 # 1500
11145.000 # 1500
11145.651 + 128 1
11146.000 # 1500
11146.891 - 128 1.240 1
11147.000 # 1500
11148.000 # 1500
11149.000 # 1500
11150.000 # 1500
11151.000 # 1500
11152.000 # 1500
11153.000 # 1500
11154.000 # 1500
11155.000 # 1500
11155.505 + 128 1
11156.000 # 1500
11156.602 - 128 1.097 1
11157.000 # 1500
11158.000 # 1500
11159.000 # 1500
11160.000 # 1500
11161.000 # 1500
11162.000 # 1500
11163.000 # 1500
11164.000 # 1500
11165.000 # 1500
11166.000 # 1500
11167.000 # 1500
11168.000 # 1500
11169.000 # 1500
11170.000 # 1500
11171.000 # 1500
11172.000 # 1500
11173.000 # 1500
11173.536 + 128 1
11174.000 # 1500
11174.614 - 128 1.078 1
11175.000 # 1500
11176.000 # 1500
11177.000 # 1500
11178.000 # 1500
11179.000 # 1500
11180.000 # 1500
11181.000 # 1500
11182.000 # 1500
11183.000 # 1500
11183.493 + 128 1
11184.000 # 1500
11184.591 - 128 1.098 1
11185.000 # 1500
11186.000 # 1500
11187.000 # 1500
11188.000 # 1500
11189.000 # 1500
11190.000 # 1500
11191.000 # 1500
11192.000 # 1500
11193.000 # 1500
11194.000 # 1500
11195.000 # 1500
11196.000 # 1500
11197.000 # 1500
11197.544 + 128 1
11198.000 # 1500
11198.685 - 128 1.141 1
11199.000 # 1500
11200.000 # 1500
11201.000 # 1500
11202.000 # 1500
11203.000 # 1500
11204.000 # 1500
11205.000 # 1500
11206.000 # 1500
11207.000 # 1500
11207.497 + 128 1
11208.000 # 1500
11208.673 - 128 1.176 1
11209.000 # 1500
11210.000 # 1500
11211.000 # 1500
11212.000 # 1500
11213.000 # 1500
11214.000 # 1500
11215.000 # 1500
11216.000 # 1500
11217.000 # 1500
11218.000 # 1500
11219.000 # 1500
11220.000 # 1500
11221.000 # 1500
11221.905 + 128 1
11222.000 # 1500
11223.000 # 1500
11223.099 - 128 1.194 1
11224.000 # 1500
11225.000 # 1500
11226.000 # 1500
11227.000 # 1500
11228.000 # 1500
11229.000 # 1500
11230.000 # 1500
11231.000 # 1500
11231.685 + 128 1
11232.000 # 1500
11232.829 - 128 1.144 1
11233.000 # 1500
11234.000 # 1500
11235.000 # 1500
11236.000 # 1500
11237.000 # 1500
11238.000 # 1500
11239.000 # 1500
11240.000 # 1500
11241.000 # 1500
11242.000 # 1500
11243.000 # 1500
11244.000 # 1500
11245.000 # 1500
11245.590 + 128 1
11246.000 # 1500
11246.661 - 128 1.071 1
11247.000 # 1500
11248.000 # 1500
11249.000 # 1500
11250.000 # 1500
11251.000 # 1500
11252.000 # 1500
11253.000 # 1500
11254.000 # 1500
11255.000 # 1500
11255.544 + 128 1
11256.000 # 1500
11256.732 - 128 1.188 1
11257.000 # 1500
11258.000 # 1500
11259.000 # 1500
11260.000 # 1500
11261.000 # 1500
11262.000 # 1500
11263.000 # 1500
11264.000 # 1500
11265.000 # 1500
11266.000 # 1500
11267.000 # 1500
11268.000 # 1500
11269.000 # 1500
11269.584 + 128 1
11270.000 # 1500
11270.734 - 128 1.150 1
11271.000 # 1500
11272.000 # 1500
11273.000 # 1500
11274.000 # 1500
11275.000 # 1500
11276.000 # 1500
11277.000 # 1500
11278.000 # 1500
11279.000 # 1500
11279.820 + 128 1
11280.000 # 1500
11280.976 - 128 1.156 1
11281.000 # 1500
11282.000 # 1500
11283.000 # 1500
11284.000 # 1500
11285.000 # 1500
11286.000 # 1500
11287.000 # 1500
11288.000 # 1500
11289.000 # 1500
11289.598 + 128 1
11290.000 # 1500
11290.734 - 128 1.136 1
11291.000 # 1500
11292.000 # 1500
11293.000 # 1500
11294.000 # 1500
11295.000 # 1500
11296.000 # 1500
11297.000 # 1500
11298.000 # 1500
11299.000 # 1500
11300.000 # 1500
11301.000 # 1500
11302.000 # 1500
11303.000 # 1500
11304.000 # 1500
11305.000 # 1500
11306.000 # 1500
11307.000 # 1500
11308.000 # 1500
11309.000 # 1500
11309.586 + 128 1
11310.000 # 1500
11310.815 - 128 1.229 1
11311.000 # 1500
11312.000 # 1500
11313.000 # 1500
11314.000 # 1500
11315.000 # 1500
11316.000 # 1500
11317.000 # 1500
11318.000 # 1500
11319.000 # 1500
11320.000 # 1500
11321.000 # 1500
11321.572 + 128 1
11322.000 # 1500
11322.761 - 128 1.189 1
11323.000 # 1500
11324.000 # 1500
11325.000 # 1500
11326.000 # 1500
11327.000 # 1500
11328.000 # 1500
11329.000 # 1500
11330.000 # 1500
11331.000 # 1500
11331.605 + 128 1
11332.000 # 1500
11332.765 - 128 1.160 1
11333.000 # 1500
11334.000 # 1500
11335.000 # 1500
11336.000 # 1500
11337.000 # 1500
11338.000 # 1500
11339.000 # 1500
11340.000 # 1500
11341.000 # 1500
11341.587 + 128 1
11342.000 # 1500
11342.832 - 128 1.245 1
11343.000 # 1500
11344.000 # 1500
11345.000 # 1500
11346.000 # 1500
11347.000 # 1500
11348.000 # 1500
11349.000 # 1500
11350.000 # 1500
11351.000 # 1500
11352.000 # 1500
11353.000 # 1500
11354.000 # 1500
11355.000 # 1500
11356.000 # 1500
11357.000 # 1500
11357.575 + 128 1
11358.000 # 1500
11358.715 - 128 1.140 1
11359.000 # 1500
11360.000 # 1500
11361.000 # 1500
11362.000 # 1500
11363.000 # 1500
11364.000 # 1500
11365.000 # 1500
11366.000 # 1500
11367.000 # 1500
11368.000 # 1500
11369.000 # 1500
11369.610 + 128 1
11370.000 # 1500
11370.811 - 128 1.201 1
11371.000 # 1500
11372.000 # 1500
11373.000 # 1500
11374.000 # 1500
11375.000 # 1500
11376.000 # 1500
11377.000 # 1500
11378.000 # 1500
11379.000 # 1500
11379.518 + 128 1
11380.000 # 1500
11380.765 - 128 1.247 1
11381.000 # 1500
11382.000 # 1500
11383.000 # 1500
11384.000 # 1500
11385.000 # 1500
11386.000 # 1500
11387.000 # 1500
11388.000 # 1500
11389.000 # 1500
11389.583 + 128 1
11390.000 # 1500
11390.836 - 128 1.253 1
11391.000 # 1500
11392.000 # 1500
11393.000 # 1500
11394.000 # 1500
11395.000 # 1500
11396.000 # 1500
11397.000 # 1500
11398.000 # 1500
11399.000 # 1500
11400.000 # 1500
11401.000 # 1500
11402.000 # 1500
11403.000 # 1500
11404.000 # 1500
11405.000 # 1500
11406.000 # 1500
11407.000 # 1500
11408.000 # 1500
11409.000 # 1500
11409.600 + 128 1
11410.000 # 1500
11410.721 - 128 1.121 1
11411.000 # 1500
11412.000 # 1500
11413.000 # 1500
11414.000 # 1500
11415.000 # 1500
11416.000 # 1500
11417.000 # 1500
11418.000 # 1500
11419.000 # 1500
11420.000 # 1500
11421.000 # 1500
11422.000 # 1500
11422.161 + 128 1
11423.000 # 1500
11423.239 - 128 1.078 1
11424.000 # 1500
11425.000 # 1500
11426.000 # 1500
11427.000 # 1500
11428.000 # 1500
11429.000 # 1500
11430.000 # 1500
11431.000 # 1500
11431.921 + 128 1
11432.000 # 1500
11433.000 # 1500
11433.225 - 128 1.304 1
11434.000 # 1500
11435.000 # 1500
11436.000 # 1500
11437.000 # 1500
11438.000 # 1500
11439.000 # 1500
11440.000 # 1500
11441.000 # 1500
11441.784 + 128 1
11442.000 # 1500
11442.958 - 128 1.174 1
11443.000 # 1500
11444.000 # 1500
11445.000 # 1500
11446.000 # 1500
11447.000 # 1500
11448.000 # 1500
11449.000 # 1500
11450.000 # 1500
11451.000 # 1500
11452.000 # 1500
11453.000 # 1500
11454.000 # 1500
11455.000 # 1500
11456.000 # 1500
11457.000 # 1500
11457.545 + 128 1
11458.000 # 1500
11458.691 - 128 1.146 1
11459.000 # 1500
11460.000 # 1500
11461.000 # 1500
11462.000 # 1500
11463.000 # 1500
11464.000 # 1500
11465.000 # 1500
11466.000 # 1500
11467.000 # 1500
11467.558 + 128 1
11468.000 # 1500
11468.685 - 128 1.127 1
11469.000 # 1500
11470.000 # 1500
11471.000 # 1500
11472.000 # 1500
11473.000 # 1500
11474.000 # 1500
11475.000 # 1500
11476.000 # 1500
11477.000 # 1500
11478.000 # 1500
11479.000 # 1500
11480.000 # 1500
11481.000 # 1500
11482.000 # 1500
11483.000 # 1500
11484.000 # 1500
11485.000 # 1500
11485.614 + 128 1
11486.000 # 1500
11486.728 - 128 1.114 1
11487.000 # 1500
11488.000 # 1500
11489.000 # 1500
11490.000 # 1500
11491.000 # 1500
11492.000 # 1500
11493.000 # 1500
11494.000 # 1500
11495.000 # 1500
11495.566 + 128 1
11496.000 # 1500
11496.605 - 128 1.039 1
11497.000 # 1500
11498.000 # 1500
11499.000 # 1500
11500.000 # 1500
11501.000 # 1500
11502.000 # 1500
11503.000 # 1500
11504.000 # 1500
11505.000 # 1500
11506.000 # 1500
11507.000 # 1500
11508.000 # 1500
11509.000 # 1500
11509.563 + 128 1
11510.000 # 1500
11510.757 - 128 1.194 1
11511.000 # 1500
11512.000 # 1500
11513.000 # 1500
11514.000 # 1500
11515.000 # 1500
11516.000 # 1500
11517.000 # 1500
11518.000 # 1500
11519.000 # 1500
11520.000 # 1500
11521.000 # 1500
11521.567 + 128 1
11522.000 # 1500
11522.718 - 128 1.151 1
11523.000 # 1500
11524.000 # 1500
11525.000 # 1500
11526.000 # 1500
11527.000 # 1500
11528.000 # 1500
11529.000 # 1500
11530.000 # 1500
11531.000 # 1500
11531.749 + 128 1
11532.000 # 1500
11532.912 - 128 1.163 1
11533.000 # 1500
11534.000 # 1500
11535.000 # 1500
11536.000 # 1500
11537.000 # 1500
11538.000 # 1500
11539.000 # 1500
11540.000 # 1500
11541.000 # 1500
11541.586 + 128 1
11542.000 # 1500
11542.729 - 128 1.143 1
11543.000 # 1500
11544.000 # 1500
11545.000 # 1500
11546.000 # 1500
11547.000 # 1500
11548.000 # 1500
11549.000 # 1500
11550.000 # 1500
11551.000 # 1500
11552.000 # 1500
11553.000 # 1500
11554.000 # 1500
11555.000 # 1500
11556.000 # 1500
11557.000 # 1500
11558.000 # 1500
11558.083 + 128 1
11559.000 # 1500
11559.328 - 128 1.245 1
11560.000 # 1500
11561.000 # 1500
11562.000 # 1500
11563.000 # 1500
11564.000 # 1500
11565.000 # 1500
11566.000 # 1500
11567.000 # 1500
11567.872 + 128 1
11568.000 # 1500
11569.000 # 1500
11569.084 - 128 1.212 1
11570.000 # 1500
11571.000 # 1500
11572.000 # 1500
11573.000 # 1500
11574.000 # 1500
11575.000 # 1500
11576.000 # 1500
11577.000 # 1500
11578.000 # 1500
11579.000 # 1500
11580.000 # 1500
11581.000 # 1500
11582.000 # 1500
11583.000 # 1500
11584.000 # 1500
11585.000 # 1500
11586.000 # 1500
11586.993 + 128 1
11587.000 # 1500
11588.000 # 1500
11588.132 - 128 1.139 1
11589.000 # 1500
11590.000 # 1500
11591.000 # 1500
11592.000 # 1500
11593.000 # 1500
11594.000 # 1500
11595.000 # 1500
11596.000 # 1500
11596.944 + 128 1
11597.000 # 1500
11598.000 # 1500
11598.056 - 128 1.112 1
11599.000 # 1500
11600.000 # 1500
11601.000 # 1500
11602.000 # 1500
11603.000 # 1500
11604.000 # 1500
11605.000 # 1500
11606.000 # 1500
11607.000 # 1500
11608.000 # 1500
11609.000 # 1500
11609.679 + 128 1
11610.000 # 1500
11610.780 - 128 1.101 1
11611.000 # 1500
11612.000 # 1500
11613.000 # 1500
11614.000 # 1500
11615.000 # 1500
11616.000 # 1500
11617.000 # 1500
11618.000 # 1500
11619.000 # 1500
11619.636 + 128 1
11620.000 # 1500
11620.807 - 128 1.171 1
11621.000 # 1500
11622.000 # 1500
11623.000 # 1500
11624.000 # 1500
11625.000 # 1500
11626.000 # 1500
11627.000 # 1500
11628.000 # 1500
11629.000 # 1500
11630.000 # 1500
11631.000 # 1500
11632.000 # 1500
11633.000 # 1500
11633.678 + 128 1
11634.000 # 1500
11634.828 - 128 1.150 1
11635.000 # 1500
11636.000 # 1500
11637.000 # 1500
11638.000 # 1500
11639.000 # 1500
11640.000 # 1500
11641.000 # 1500
11642.000 # 1500
11643.000 # 1500
11643.699 + 128 1
11644.000 # 1500
11644.816 - 128 1.117 1
11645.000 # 1500
11646.000 # 1500
11647.000 # 1500
11648.000 # 1500
11649.000 # 1500
11650.000 # 1500
11651.000 # 1500
11652.000 # 1500
11653.000 # 1500
11654.000 # 1500
11655.000 # 1500
11656.000 # 1500
11657.000 # 1500
11658.000 # 1500
11659.000 # 1500
11660.000 # 1500
11661.000 # 1500
11661.947 + 128 1
11662.000 # 1500
11663.000 # 1500
11663.164 - 128 1.217 1
11664.000 # 1500
11665.000 # 1500
11666.000 # 1500
11667.000 # 1500
11668.000 # 1500
11669.000 # 1500
11670.000 # 1500
11671.000 # 1500
11671.693 + 128 1
11672.000 # 1500
11672.841 - 128 1.148 1
11673.000 # 1500
11674.000 # 1500
11675.000 # 1500
11676.000 # 1500
11677.000 # 1500
11678.000 # 1500
11679.000 # 1500
11680.000 # 1500
11681.000 # 1500
11682.000 # 1500
11683.000 # 1500
11684.000 # 1500
11685.000 # 1500
11685.600 + 128 1
11686.000 # 1500
11686.836 - 128 1.236 1
11687.000 # 1500
11688.000 # 1500
11689.000 # 1500
11690.000 # 1500
11691.000 # 1500
11692.000 # 1500
11693.000 # 1500
11694.000 # 1500
11695.000 # 1500
11695.629 + 128 1
11696.000 # 1500
11696.892 - 128 1.263 1
11697.000 # 1500
11698.000 # 1500
11699.000 # 1500
11700.000 # 1500
11701.000 # 1500
11702.000 # 1500
11703.000 # 1500
11704.000 # 1500
11705.000 # 1500
11706.000 # 1500
11707.000 # 1500
11708.000 # 1500
11709.000 # 1500
11709.588 + 128 1
11710.000 # 1500
11710.784 - 128 1.196 1
11711.000 # 1500
11712.000 # 1500
11713.000 # 1500
11714.000 # 1500
11715.000 # 1500
11716.000 # 1500
11717.000 # 1500
11718.000 # 1500
11719.000 # 1500
11719.823 + 128 1
11720.000 # 1500
11721.000 # 1500
11721.055 - 128 1.232 1
11722.000 # 1500
11723.000 # 1500
11724.000 # 1500
11725.000 # 1500
11726.000 # 1500
11727.000 # 1500
11728.000 # 1500
11729.000 # 1500
11730.000 # 1500
11731.000 # 1500
11732.000 # 1500
11733.000 # 1500
11734.000 # 1500
11735.000 # 1500
11736.000 # 1500
11737.000 # 1500
11737.559 + 128 1
11738.000 # 1500
11738.743 - 128 1.184 1
11739.000 # 1500
11740.000 # 1500
11741.000 # 1500
11742.000 # 1500
11743.000 # 1500
11744.000 # 1500
11745.000 # 1500
11746.000 # 1500
11747.000 # 1500
11747.644 + 128 1
11748.000 # 1500
11748.843 - 128 1.199 1
11749.000 # 1500
11750.000 # 1500
11751.000 # 1500
11752.000 # 1500
11753.000 # 1500
11754.000 # 1500
11755.000 # 1500
11756.000 # 1500
11757.000 # 1500
11758.000 # 1500
11759.000 # 1500
11760.000 # 1500
11761.000 # 1500
11761.547 + 128 1
11762.000 # 1500
11762.693 - 128 1.146 1
11763.000 # 1500
11764.000 # 1500
11765.000 # 1500
11766.000 # 1500
11767.000 # 1500
11768.000 # 1500
11769.000 # 1500
11770.000 # 1500
11771.000 # 1500
11771.640 + 128 1
11772.000 # 1500
11773.000 # 1500
11773.006 - 128 1.366 1
11774.000 # 1500
11775.000 # 1500
11776.000 # 1500
11777.000 # 1500
11778.000 # 1500
11779.000 # 1500
11780.000 # 1500
11781.000 # 1500
11782.000 # 1500
11783.000 # 1500
11784.000 # 1500
11785.000 # 1500
11785.628 + 128 1
11786.000 # 1500
11786.867 - 128 1.239 1
11787.000 # 1500
11788.000 # 1500
11789.000 # 1500
11790.000 # 1500
11791.000 # 1500
11792.000 # 1500
11793.000 # 1500
11794.000 # 1500
11795.000 # 1500
11795.588 + 128 1
11796.000 # 1500
11796.772 - 128 1.184 1
11797.000 # 1500
11798.000 # 1500
11799.000 # 1500
11800.000 # 1500
11801.000 # 1500
11802.000 # 1500
11803.000 # 1500
11804.000 # 1500
11805.000 # 1500
11806.000 # 1500
11807.000 # 1500
11808.000 # 1500
11809.000 # 1500
11809.556 + 128 1
11810.000 # 1500
11810.665 - 128 1.109 1
11811.000 # 1500
11812.000 # 1500
11813.000 # 1500
11814.000 # 1500
11815.000 # 1500
11816.000 # 1500
11817.000 # 1500
11818.000 # 1500
11819.000 # 1500
11819.515 + 128 1
11820.000 # 1500
11820.596 - 128 1.081 1
11821.000 # 1500
11822.000 # 1500
11823.000 # 1500
11824.000 # 1500
11825.000 # 1500
11826.000 # 1500
11827.000 # 1500
11828.000 # 1500
11829.000 # 1500
11830.000 # 1500
11831.000 # 1500
11832.000 # 1500
11833.000 # 1500
11834.000 # 1500
11835.000 # 1500
11836.000 # 1500
11837.000 # 1500
11837.974 + 128 1
11838.000 # 1500
11838.018 - 128 0.044 1
11839.000 # 1500
11840.000 # 1500
11841.000 # 1500
11842.000 # 1500
11843.000 # 1500
11844.000 # 1500
11845.000 # 1500
11846.000 # 1500
11847.000 # 1500
11847.921 + 128 1
11848.000 # 1500
11849.000 # 1500
11849.904 - 128 1.983 1
11850.000 # 1500
11851.000 # 1500
11852.000 # 1500
11853.000 # 1500
11854.000 # 1500
11855.000 # 1500
11856.000 # 1500
11857.000 # 1500
11858.000 # 1500
11859.000 # 1500
11860.000 # 1500
11861.000 # 1500
11861.588 + 128 1
11862.000 # 1500
11862.704 - 128 1.116 1
11863.000 # 1500
11864.000 # 1500
11865.000 # 1500
11866.000 # 1500
11867.000 # 1500
11868.000 # 1500
11869.000 # 1500
11870.000 # 1500
11871.000 # 1500
11871.536 + 128 1
11872.000 # 1500
11872.677 - 128 1.141 1
11873.000 # 1500
11874.000 # 1500
11875.000 # 1500
11876.000 # 1500
11877.000 # 1500
11878.000 # 1500
11879.000 # 1500
11880.000 # 1500
11881.000 # 1500
11882.000 # 1500
11883.000 # 1500
11884.000 # 1500
11885.000 # 1500
11885.614 + 128 1
11886.000 # 1500
11886.714 - 128 1.100 1
11887.000 # 1500
11888.000 # 1500
11889.000 # 1500
11890.000 # 1500
11891.000 # 1500
11892.000 # 1500
11893.000 # 1500
11894.000 # 1500
11895.000 # 1500
11896.000 # 1500
11897.000 # 1500
11897.540 + 128 1
11898.000 # 1500
11898.637 - 128 1.097 1
11899.000 # 1500
11900.000 # 1500
11901.000 # 1500
11902.000 # 1500
11903.000 # 1500
11904.000 # 1500
11905.000 # 1500
11906.000 # 1500
11907.000 # 1500
11907.749 + 128 1
11908.000 # 1500
11909.000 # 1500
11909.210 - 128 1.461 1
11910.000 # 1500
11911.000 # 1500
11912.000 # 1500
11913.000 # 1500
11914.000 # 1500
11915.000 # 1500
11916.000 # 1500
11917.000 # 1500
11917.535 + 128 1
11918.000 # 1500
11919.000 # 1500
11919.741 - 128 2.206 1
11920.000 # 1500
11921.000 # 1500
11922.000 # 1500
11923.000 # 1500
11924.000 # 1500
11925.000 # 1500
11926.000 # 1500
11927.000 # 1500
11928.000 # 1500
11929.000 # 1500
11930.000 # 1500
11931.000 # 1500
11932.000 # 1500
11933.000 # 1500
11934.000 # 1500
11935.000 # 1500
11936.000 # 1500
11937.000 # 1500
11938.000 # 1500
11938.422 + 128 1
11939.000 # 1500
11939.545 - 128 1.123 1
11940.000 # 1500
11941.000 # 1500
11942.000 # 1500
11943.000 # 1500
11944.000 # 1500
11945.000 # 1500
11946.000 # 1500
11947.000 # 1500
11948.000 # 1500
11948.400 + 128 1
11949.000 # 1500
11949.582 - 128 1.182 1
11950.000 # 1500
11951.000 # 1500
11952.000 # 1500
11953.000 # 1500
11954.000 # 1500
11955.000 # 1500
11956.000 # 1500
11957.000 # 1500
11958.000 # 1500
11959.000 # 1500
11960.000 # 1500
11961.000 # 1500
11961.542 + 128 1
11962.000 # 1500
11962.665 - 128 1.123 1
11963.000 # 1500
11964.000 # 1500
11965.000 # 1500
11966.000 # 1500
11967.000 # 1500
11968.000 # 1500
11969.000 # 1500
11970.000 # 1500
11971.000 # 1500
11971.507 + 128 1
11972.000 # 1500
11972.635 - 128 1.128 1
11973.000 # 1500
11974.000 # 1500
11975.000 # 1500
11976.000 # 1500
11977.000 # 1500
11978.000 # 1500
11979.000 # 1500
11980.000 # 1500
11981.000 # 1500
11982.000 # 1500
11983.000 # 1500
11984.000 # 1500
11985.000 # 1500
11985.553 + 128 1
11986.000 # 1500
11986.634 - 128 1.081 1
11987.000 # 1500
11988.000 # 1500
11989.000 # 1500
11990.000 # 1500
11991.000 # 1500
11992.000 # 1500
11993.000 # 1500
11994.000 # 1500
11995.000 # 1500
11995.520 + 128 1
11996.000 # 1500
11996.627 - 128 1.107 1
11997.000 # 1500
11998.000 # 1500
11999.000 # 1500
12000.000 # 1500
12001.000 # 1500
12002.000 # 1500
12003.000 # 1500
12004.000 # 1500
12005.000 # 1500
12006.000 # 1500
12007.000 # 1500
12008.000 # 1500
12009.000 # 1500
12009.538 + 128 1
12010.000 # 1500
12010.636 - 128 1.098 1
12011.000 # 1500
12012.000 # 1500
12013.000 # 1500
12014.000 # 1500
12015.000 # 1500
12016.000 # 1500
12017.000 # 1500
12018.000 # 1500
12019.000 # 1500
12019.703 + 128 1
12020.000 # 1500
12020.958 - 128 1.255 1
12021.000 # 1500
12022.000 # 1500
12023.000 # 1500
12024.000 # 1500
12025.000 # 1500
12026.000 # 1500
12027.000 # 1500
12028.000 # 1500
12029.000 # 1500
12030.000 # 1500
12031.000 # 1500
12032.000 # 1500
12033.000 # 1500
12034.000 # 1500
12035.000 # 1500
12036.000 # 1500
12037.000 # 1500
12037.686 + 128 1
12038.000 # 1500
12038.932 - 128 1.246 1
12039.000 # 1500
12040.000 # 1500
12041.000 # 1500
12042.000 # 1500
12043.000 # 1500
12044.000 # 1500
12045.000 # 1500
12046.000 # 1500
12047.000 # 1500
12047.554 + 128 1
12048.000 # 1500
12048.675 - 128 1.121 1
12049.000 # 1500
12050.000 # 1500
12051.000 # 1500
12052.000 # 1500
12053.000 # 1500
12054.000 # 1500
12055.000 # 1500
12056.000 # 1500
12057.000 # 1500
12058.000 # 1500
12059.000 # 1500
12060.000 # 1500
12061.000 # 1500
12061.544 + 128 1
12062.000 # 1500
12062.663 - 128 1.119 1
12063.000 # 1500
12064.000 # 1500
12065.000 # 1500
12066.000 # 1500
12067.000 # 1500
12068.000 # 1500
12069.000 # 1500
12070.000 # 1500
12071.000 # 1500
12072.000 # 1500
12073.000 # 1500
12073.543 + 128 1
12074.000 # 1500
12074.658 - 128 1.115 1
12075.000 # 1500
12076.000 # 1500
12077.000 # 1500
12078.000 # 1500
12079.000 # 1500
12080.000 # 1500
12081.000 # 1500
12082.000 # 1500
12083.000 # 1500
12083.497 + 128 1
12084.000 # 1500
12084.809 - 128 1.312 1
12085.000 # 1500
12086.000 # 1500
12087.000 # 1500
12088.000 # 1500
12089.000 # 1500
12090.000 # 1500
12091.000 # 1500
12092.000 # 1500
12093.000 # 1500
12093.456 + 128 1
12094.000 # 1500
12094.551 - 128 1.095 1
12095.000 # 1500
12096.000 # 1500
12097.000 # 1500
12098.000 # 1500
12099.000 # 1500
12100.000 # 1500
12101.000 # 1500
12102.000 # 1500
12103.000 # 1500
12104.000 # 1500
12105.000 # 1500
12106.000 # 1500
12107.000 # 1500
12108.000 # 1500
12109.000 # 1500
12109.533 + 128 1
12110.000 # 1500
12110.639 - 128 1.106 1
12111.000 # 1500
12112.000 # 1500
12113.000 # 1500
12114.000 # 1500
12115.000 # 1500
12116.000 # 1500
12117.000 # 1500
12118.000 # 1500
12119.000 # 1500
12119.540 + 128 1
12120.000 # 1500
12120.729 - 128 1.189 1
12121.000 # 1500
12122.000 # 1500
12123.000 # 1500
12124.000 # 1500
12125.000 # 1500
12126.000 # 1500
12127.000 # 1500
12128.000 # 1500
12129.000 # 1500
12130.000 # 1500
12131.000 # 1500
12132.000 # 1500
12133.000 # 1500
12134.000 # 1500
12135.000 # 1500
12136.000 # 1500
12137.000 # 1500
12137.535 + 128 1
12138.000 # 1500
12138.683 - 128 1.148 1
12139.000 # 1500
12140.000 # 1500
12141.000 # 1500
12142.000 # 1500
12143.000 # 1500
12144.000 # 1500
12145.000 # 1500
12146.000 # 1500
12147.000 # 1500
12148.000 # 1500
12149.000 # 1500
12149.601 + 128 1
12150.000 # 1500
12150.929 - 128 1.328 1
12151.000 # 1500
12152.000 # 1500
12153.000 # 1500
12154.000 # 1500
12155.000 # 1500
12156.000 # 1500
12157.000 # 1500
12158.000 # 1500
12159.000 # 1500
12159.547 + 128 1
12160.000 # 1500
12160.792 - 128 1.245 1
12161.000 # 1500
12162.000 # 1500
12163.000 # 1500
12164.000 # 1500
12165.000 # 1500
12166.000 # 1500
12167.000 # 1500
12168.000 # 1500
12169.000 # 1500
12169.473 + 128 1
12170.000 # 1500
12170.708 - 128 1.235 1
12171.000 # 1500
12172.000 # 1500
12173.000 # 1500
12174.000 # 1500
12175.000 # 1500
12176.000 # 1500
12177.000 # 1500
12178.000 # 1500
12179.000 # 1500
12180.000 # 1500
12181.000 # 1500
12182.000 # 1500
12183.000 # 1500
12184.000 # 1500
12185.000 # 1500
12185.595 + 128 1
12186.000 # 1500
12186.869 - 128 1.274 1
12187.000 # 1500
12188.000 # 1500
12189.000 # 1500
12190.000 # 1500
12191.000 # 1500
12192.000 # 1500
12193.000 # 1500
12194.000 # 1500
12195.000 # 1500
12195.547 + 128 1
12196.000 # 1500
12196.681 - 128 1.134 1
12197.000 # 1500
12198.000 # 1500
12199.000 # 1500
12200.000 # 1500
12201.000 # 1500
12202.000 # 1500
12203.000 # 1500
12204.000 # 1500
12205.000 # 1500
12206.000 # 1500
12207.000 # 1500
12208.000 # 1500
12209.000 # 1500
12209.582 + 128 1
12210.000 # 1500
12210.696 - 128 1.114 1
12211.000 # 1500
12212.000 # 1500
12213.000 # 1500
12214.000 # 1500
12215.000 # 1500
12216.000 # 1500
12217.000 # 1500
12218.000 # 1500
12219.000 # 1500
12220.000 # 1500
12221.000 # 1500
12222.000 # 1500
12223.000 # 1500
12224.000 # 1500
12225.000 # 1500
12226.000 # 1500
12227.000 # 1500
12228.000 # 1500
12229.000 # 1500
12229.540 + 128 1
12230.000 # 1500
12230.614 - 128 1.074 1
12231.000 # 1500
12232.000 # 1500
12233.000 # 1500
12234.000 # 1500
12235.000 # 1500
12236.000 # 1500
12237.000 # 1500
12238.000 # 1500
12239.000 # 1500
12240.000 # 1500
12241.000 # 1500
12242.000 # 1500
12243.000 # 1500
12244.000 # 1500
12245.000 # 1500
12246.000 # 1500
12247.000 # 1500
12248.000 # 1500
12249.000 # 1500
12249.586 + 128 1
12250.000 # 1500
12250.808 - 128 1.222 1
12251.000 # 1500
12252.000 # 1500
12253.000 # 1500
12254.000 # 1500
12255.000 # 1500
12256.000 # 1500
12257.000 # 1500
12258.000 # 1500
12259.000 # 1500
12259.511 + 128 1
12260.000 # 1500
12260.691 - 128 1.180 1
12261.000 # 1500
12262.000 # 1500
12263.000 # 1500
12264.000 # 1500
12265.000 # 1500
12266.000 # 1500
12267.000 # 1500
12268.000 # 1500
12269.000 # 1500
12269.536 + 128 1
12270.000 # 1500
12271.000 # 1500
12271.256 - 128 1.720 1
12272.000 # 1500
12273.000 # 1500
12274.000 # 1500
12275.000 # 1500
12276.000 # 1500
12277.000 # 1500
12278.000 # 1500
12279.000 # 1500
12280.000 # 1500
12281.000 # 1500
12282.000 # 1500
12283.000 # 1500
12284.000 # 1500
12285.000 # 1500
12285.586 + 128 1
12286.000 # 1500
12286.728 - 128 1.142 1
12287.000 # 1500
12288.000 # 1500
12289.000 # 1500
12290.000 # 1500
12291.000 # 1500
12292.000 # 1500
12293.000 # 1500
12294.000 # 1500
12295.000 # 1500
12295.520 + 128 1
12296.000 # 1500
12296.669 - 128 1.149 1
12297.000 # 1500
12298.000 # 1500
12299.000 # 1500
12300.000 # 1500
12301.000 # 1500
12302.000 # 1500
12303.000 # 1500
12304.000 # 1500
12305.000 # 1500
12306.000 # 1500
12307.000 # 1500
12308.000 # 1500
12309.000 # 1500
12309.568 + 128 1
12310.000 # 1500
12310.762 - 128 1.194 1
12311.000 # 1500
12312.000 # 1500
12313.000 # 1500
12314.000 # 1500
12315.000 # 1500
12316.000 # 1500
12317.000 # 1500
12318.000 # 1500
12319.000 # 1500
12320.000 # 1500
12321.000 # 1500
12322.000 # 1500
12323.000 # 1500
12324.000 # 1500
12325.000 # 1500
12325.597 + 128 1
12326.000 # 1500
12326.755 - 128 1.158 1
12327.000 # 1500
12328.000 # 1500
12329.000 # 1500
12330.000 # 1500
12331.000 # 1500
12332.000 # 1500
12333.000 # 1500
12334.000 # 1500
12335.000 # 1500
12335.528 + 128 1
12336.000 # 1500
12336.638 - 128 1.110 1
12337.000 # 1500
12338.000 # 1500
12339.000 # 1500
12340.000 # 1500
12341.000 # 1500
12342.000 # 1500
12343.000 # 1500
12344.000 # 1500
12345.000 # 1500
12345.545 + 128 1
12346.000 # 1500
12346.680 - 128 1.135 1
12347.000 # 1500
12348.000 # 1500
12349.000 # 1500
12350.000 # 1500
12351.000 # 1500
12352.000 # 1500
12353.000 # 1500
12354.000 # 1500
12355.000 # 1500
12356.000 # 1500
12357.000 # 1500
12358.000 # 1500
12359.000 # 1500
12360.000 # 1500
12361.000 # 1500
12361.533 + 128 1
12362.000 # 1500
12362.686 - 128 1.153 1
12363.000 # 1500
12364.000 # 1500
12365.000 # 1500
12366.000 # 1500
12367.000 # 1500
12368.000 # 1500
12369.000 # 1500
12370.000 # 1500
12371.000 # 1500
12371.504 + 128 1
12372.000 # 1500
12372.629 - 128 1.125 1
12373.000 # 1500
12374.000 # 1500
12375.000 # 1500
12376.000 # 1500
12377.000 # 1500
12378.000 # 1500
12379.000 # 1500
12380.000 # 1500
12381.000 # 1500
12382.000 # 1500
12383.000 # 1500
12384.000 # 1500
12385.000 # 1500
12386.000 # 1500
12387.000 # 1500
12388.000 # 1500
12389.000 # 1500
12389.596 + 128 1
12390.000 # 1500
12390.763 - 128 1.167 1
12391.000 # 1500
12392.000 # 1500
12393.000 # 1500
12394.000 # 1500
12395.000 # 1500
12396.000 # 1500
12397.000 # 1500
12398.000 # 1500
12399.000 # 1500
12399.501 + 128 1
12400.000 # 1500
12400.611 - 128 1.110 1
12401.000 # 1500
12402.000 # 1500
12403.000 # 1500
12404.000 # 1500
12405.000 # 1500
12406.000 # 1500
12407.000 # 1500
12408.000 # 1500
12409.000 # 1500
12410.000 # 1500
12411.000 # 1500
12412.000 # 1500
12413.000 # 1500
12414.000 # 1500
12414.993 + 128 1
12415.000 # 1500
12416.000 # 1500
12416.080 - 128 1.087 1
12417.000 # 1500
12418.000 # 1500
12419.000 # 1500
12420.000 # 1500
12421.000 # 1500
12422.000 # 1500
12423.000 # 1500
12424.000 # 1500
12424.936 + 128 1
12425.000 # 1500
12426.000 # 1500
12426.073 - 128 1.137 1
12427.000 # 1500
12428.000 # 1500
12429.000 # 1500
12430.000 # 1500
12431.000 # 1500
12432.000 # 1500
12433.000 # 1500
12434.000 # 1500
12435.000 # 1500
12436.000 # 1500
12437.000 # 1500
12437.565 + 128 1
12438.000 # 1500
12438.707 - 128 1.142 1
12439.000 # 1500
12440.000 # 1500
12441.000 # 1500
12442.000 # 1500
12443.000 # 1500
12444.000 # 1500
12445.000 # 1500
12446.000 # 1500
12447.000 # 1500
12447.566 + 128 1
12448.000 # 1500
12448.650 - 128 1.084 1
12449.000 # 1500
12450.000 # 1500
12451.000 # 1500
12452.000 # 1500
12453.000 # 1500
12454.000 # 1500
12455.000 # 1500
12456.000 # 1500
12457.000 # 1500
12458.000 # 1500
12459.000 # 1500
12460.000 # 1500
12461.000 # 1500
12461.533 + 128 1
12462.000 # 1500
12462.726 - 128 1.193 1
12463.000 # 1500
12464.000 # 1500
12465.000 # 1500
12466.000 # 1500
12467.000 # 1500
12468.000 # 1500
12469.000 # 1500
12470.000 # 1500
12471.000 # 1500
12471.533 + 128 1
12472.000 # 1500
12472.694 - 128 1.161 1
12473.000 # 1500
12474.000 # 1500
12475.000 # 1500
12476.000 # 1500
12477.000 # 1500
12478.000 # 1500
12479.000 # 1500
12480.000 # 1500
12481.000 # 1500
12482.000 # 1500
12483.000 # 1500
12484.000 # 1500
12485.000 # 1500
12485.541 + 128 1
12486.000 # 1500
12486.648 - 128 1.107 1
12487.000 # 1500
12488.000 # 1500
12489.000 # 1500
12490.000 # 1500
12491.000 # 1500
12492.000 # 1500
12493.000 # 1500
12494.000 # 1500
12495.000 # 1500
12495.499 + 128 1
12496.000 # 1500
12496.581 - 128 1.082 1
12497.000 # 1500
12498.000 # 1500
12499.000 # 1500
12500.000 # 1500
12501.000 # 1500
12502.000 # 1500
12503.000 # 1500
12504.000 # 1500
12505.000 # 1500
12506.000 # 1500
12507.000 # 1500
12508.000 # 1500
12509.000 # 1500
12510.000 # 1500
12511.000 # 1500
12512.000 # 1500
12513.000 # 1500
12513.601 + 128 1
12514.000 # 1500
12514.787 - 128 1.186 1
12515.000 # 1500
12516.000 # 1500
12517.000 # 1500
12518.000 # 1500
12519.000 # 1500
12520.000 # 1500
12521.000 # 1500
12522.000 # 1500
12523.000 # 1500
12523.556 + 128 1
12524.000 # 1500
12524.847 - 128 1.291 1
12525.000 # 1500
12526.000 # 1500
12527.000 # 1500
12528.000 # 1500
12529.000 # 1500
12530.000 # 1500
12531.000 # 1500
12532.000 # 1500
12533.000 # 1500
12534.000 # 1500
12535.000 # 1500
12536.000 # 1500
12537.000 # 1500
12537.574 + 128 1
12538.000 # 1500
12538.762 - 128 1.188 1
12539.000 # 1500
12540.000 # 1500
12541.000 # 1500
12542.000 # 1500
12543.000 # 1500
12544.000 # 1500
12545.000 # 1500
12546.000 # 1500
12547.000 # 1500
12547.596 + 128 1
12548.000 # 1500
12548.847 - 128 1.251 1
12549.000 # 1500
12550.000 # 1500
12551.000 # 1500
12552.000 # 1500
12553.000 # 1500
12554.000 # 1500
12555.000 # 1500
12556.000 # 1500
12557.000 # 1500
12558.000 # 1500
12559.000 # 1500
12560.000 # 1500
12561.000 # 1500
12561.596 + 128 1
12562.000 # 1500
12562.774 - 128 1.178 1
12563.000 # 1500
12564.000 # 1500
12565.000 # 1500
12566.000 # 1500
12567.000 # 1500
12568.000 # 1500
12569.000 # 1500
12570.000 # 1500
12571.000 # 1500
12572.000 # 1500
12573.000 # 1500
12574.000 # 1500
12575.000 # 1500
12576.000 # 1500
12577.000 # 1500
12578.000 # 1500
12579.000 # 1500
12580.000 # 1500
12581.000 # 1500
12581.542 + 128 1
12582.000 # 1500
12582.671 - 128 1.129 1
12583.000 # 1500
12584.000 # 1500
12585.000 # 1500
12586.000 # 1500
12587.000 # 1500
12588.000 # 1500
12589.000 # 1500
12590.000 # 1500
12591.000 # 1500
12591.512 + 128 1
12592.000 # 1500
12592.636 - 128 1.124 1
12593.000 # 1500
12594.000 # 1500
12595.000 # 1500
12596.000 # 1500
12597.000 # 1500
12598.000 # 1500
12599.000 # 1500
12600.000 # 1500
12601.000 # 1500
12601.503 + 128 1
12602.000 # 1500
12602.650 - 128 1.147 1
12603.000 # 1500
12604.000 # 1500
12605.000 # 1500
12606.000 # 1500
12607.000 # 1500
12608.000 # 1500
12609.000 # 1500
12610.000 # 1500
12611.000 # 1500
12612.000 # 1500
12613.000 # 1500
12613.590 + 128 1
12614.000 # 1500
12614.968 - 128 1.378 1
12615.000 # 1500
12616.000 # 1500
12617.000 # 1500
12618.000 # 1500
12619.000 # 1500
12620.000 # 1500
12621.000 # 1500
12622.000 # 1500
12623.000 # 1500
12623.652 + 128 1
12624.000 # 1500
12624.902 - 128 1.250 1
12625.000 # 1500
12626.000 # 1500
12627.000 # 1500
12628.000 # 1500
12629.000 # 1500
12630.000 # 1500
12631.000 # 1500
12632.000 # 1500
12633.000 # 1500
12634.000 # 1500
12635.000 # 1500
12636.000 # 1500
12637.000 # 1500
12637.548 + 128 1
12638.000 # 1500
12638.679 - 128 1.131 1
12639.000 # 1500
12640.000 # 1500
12641.000 # 1500
12642.000 # 1500
12643.000 # 1500
12644.000 # 1500
12645.000 # 1500
12646.000 # 1500
12647.000 # 1500
12647.527 + 128 1
12648.000 # 1500
12648.659 - 128 1.132 1
12649.000 # 1500
12650.000 # 1500
12651.000 # 1500
12652.000 # 1500
12653.000 # 1500
12654.000 # 1500
12655.000 # 1500
12656.000 # 1500
12657.000 # 1500
12658.000 # 1500
12659.000 # 1500
12660.000 # 1500
12661.000 # 1500
12661.531 + 128 1
12662.000 # 1500
12662.665 - 128 1.134 1
12663.000 # 1500
12664.000 # 1500
12665.000 # 1500
12666.000 # 1500
12667.000 # 1500
12668.000 # 1500
12669.000 # 1500
12670.000 # 1500
12671.000 # 1500
12672.000 # 1500
12673.000 # 1500
12674.000 # 1500
12675.000 # 1500
12676.000 # 1500
12677.000 # 1500
12677.582 + 128 1
12678.000 # 1500
12678.751 - 128 1.169 1
12679.000 # 1500
12680.000 # 1500
12681.000 # 1500
12682.000 # 1500
12683.000 # 1500
12684.000 # 1500
12685.000 # 1500
12686.000 # 1500
12687.000 # 1500
12687.489 + 128 1
12688.000 # 1500
12688.585 - 128 1.096 1
12689.000 # 1500
12690.000 # 1500
12691.000 # 1500
12692.000 # 1500
12693.000 # 1500
12694.000 # 1500
12695.000 # 1500
12696.000 # 1500
12697.000 # 1500
12697.488 + 128 1
12698.000 # 1500
12698.592 - 128 1.104 1
12699.000 # 1500
12700.000 # 1500
12701.000 # 1500
12702.000 # 1500
12703.000 # 1500
12704.000 # 1500
12705.000 # 1500
12706.000 # 1500
12707.000 # 1500
12708.000 # 1500
12709.000 # 1500
12709.527 + 128 1
12710.000 # 1500
12710.623 - 128 1.096 1
12711.000 # 1500
12712.000 # 1500
12713.000 # 1500
12714.000 # 1500
12715.000 # 1500
12716.000 # 1500
12717.000 # 1500
12718.000 # 1500
12719.000 # 1500
12720.000 # 1500
12721.000 # 1500
12722.000 # 1500
12723.000 # 1500
12724.000 # 1500
12725.000 # 1500
12725.527 + 128 1
12726.000 # 1500
12726.618 - 128 1.091 1
12727.000 # 1500
12728.000 # 1500
12729.000 # 1500
12730.000 # 1500
12731.000 # 1500
12732.000 # 1500
12733.000 # 1500
12734.000 # 1500
12735.000 # 1500
12735.519 + 128 1
12736.000 # 1500
12736.578 - 128 1.059 1
12737.000 # 1500
12738.000 # 1500
12739.000 # 1500
12740.000 # 1500
12741.000 # 1500
12742.000 # 1500
12743.000 # 1500
12744.000 # 1500
12745.000 # 1500
12745.494 + 128 1
12746.000 # 1500
12746.628 - 128 1.134 1
12747.000 # 1500
12748.000 # 1500
12749.000 # 1500
12750.000 # 1500
12751.000 # 1500
12752.000 # 1500
12753.000 # 1500
12754.000 # 1500
12755.000 # 1500
12756.000 # 1500
12757.000 # 1500
12758.000 # 1500
12759.000 # 1500
12760.000 # 1500
12761.000 # 1500
12762.000 # 1500
12763.000 # 1500
12764.000 # 1500
12765.000 # 1500
12765.573 + 128 1
12766.000 # 1500
12766.708 - 128 1.135 1
12767.000 # 1500
12768.000 # 1500
12769.000 # 1500
12770.000 # 1500
12771.000 # 1500
12772.000 # 1500
12773.000 # 1500
12774.000 # 1500
12775.000 # 1500
12775.496 + 128 1
12776.000 # 1500
12776.605 - 128 1.109 1
12777.000 # 1500
12778.000 # 1500
12779.000 # 1500
12780.000 # 1500
12781.000 # 1500
12782.000 # 1500
12783.000 # 1500
12784.000 # 1500
12785.000 # 1500
12786.000 # 1500
12787.000 # 1500
12788.000 # 1500
12789.000 # 1500
12789.582 + 128 1
12790.000 # 1500
12790.733 - 128 1.151 1
12791.000 # 1500
12792.000 # 1500
12793.000 # 1500
12794.000 # 1500
12795.000 # 1500
12796.000 # 1500
12797.000 # 1500
12798.000 # 1500
12799.000 # 1500
12799.504 + 128 1
12800.000 # 1500
12800.595 - 128 1.091 1
12801.000 # 1500
12802.000 # 1500
12803.000 # 1500
12804.000 # 1500
12805.000 # 1500
12806.000 # 1500
12807.000 # 1500
12808.000 # 1500
12809.000 # 1500
12810.000 # 1500
12811.000 # 1500
12812.000 # 1500
12813.000 # 1500
12813.549 + 128 1
12814.000 # 1500
12814.691 - 128 1.142 1
12815.000 # 1500
12816.000 # 1500
12817.000 # 1500
12818.000 # 1500
12819.000 # 1500
12820.000 # 1500
12821.000 # 1500
12822.000 # 1500
12823.000 # 1500
12824.000 # 1500
12825.000 # 1500
12825.618 + 128 1
12826.000 # 1500
12826.708 - 128 1.090 1
12827.000 # 1500
12828.000 # 1500
12829.000 # 1500
12830.000 # 1500
12831.000 # 1500
12832.000 # 1500
12833.000 # 1500
12834.000 # 1500
12835.000 # 1500
12835.529 + 128 1
12836.000 # 1500
12836.806 - 128 1.277 1
12837.000 # 1500
12838.000 # 1500
12839.000 # 1500
12840.000 # 1500
12841.000 # 1500
12842.000 # 1500
12843.000 # 1500
12844.000 # 1500
12845.000 # 1500
12845.503 + 128 1
12846.000 # 1500
12846.595 - 128 1.092 1
12847.000 # 1500
12848.000 # 1500
12849.000 # 1500
12850.000 # 1500
12851.000 # 1500
12852.000 # 1500
12853.000 # 1500
12854.000 # 1500
12855.000 # 1500
12856.000 # 1500
12857.000 # 1500
12858.000 # 1500
12859.000 # 1500
12860.000 # 1500
12861.000 # 1500
12862.000 # 1500
12863.000 # 1500
12864.000 # 1500
12865.000 # 1500
12865.557 + 128 1
12866.000 # 1500
12866.744 - 128 1.187 1
12867.000 # 1500
12868.000 # 1500
12869.000 # 1500
12870.000 # 1500
12871.000 # 1500
12872.000 # 1500
12873.000 # 1500
12874.000 # 1500
12875.000 # 1500
12875.499 + 128 1
12876.000 # 1500
12876.632 - 128 1.133 1
12877.000 # 1500
12878.000 # 1500
12879.000 # 1500
12880.000 # 1500
12881.000 # 1500
12882.000 # 1500
12883.000 # 1500
12884.000 # 1500
12885.000 # 1500
12886.000 # 1500
12887.000 # 1500
12888.000 # 1500
12889.000 # 1500
12889.560 + 128 1
12890.000 # 1500
12890.764 - 128 1.204 1
12891.000 # 1500
12892.000 # 1500
12893.000 # 1500
12894.000 # 1500
12895.000 # 1500
12896.000 # 1500
12897.000 # 1500
12898.000 # 1500
12899.000 # 1500
12899.525 + 128 1
12900.000 # 1500
12900.674 - 128 1.149 1
12901.000 # 1500
12902.000 # 1500
12903.000 # 1500
12904.000 # 1500
12905.000 # 1500
12906.000 # 1500
12907.000 # 1500
12908.000 # 1500
12909.000 # 1500
12910.000 # 1500
12911.000 # 1500
12912.000 # 1500
12913.000 # 1500
12913.574 + 128 1
12914.000 # 1500
12914.723 - 128 1.149 1
12915.000 # 1500
12916.000 # 1500
12917.000 # 1500
12918.000 # 1500
12919.000 # 1500
12920.000 # 1500
12921.000 # 1500
12922.000 # 1500
12923.000 # 1500
12923.506 + 128 1
12924.000 # 1500
12924.636 - 128 1.130 1
12925.000 # 1500
12926.000 # 1500
12927.000 # 1500
12928.000 # 1500
12929.000 # 1500
12930.000 # 1500
12931.000 # 1500
12932.000 # 1500
12933.000 # 1500
12934.000 # 1500
12935.000 # 1500
12936.000 # 1500
12937.000 # 1500
12937.585 + 128 1
12938.000 # 1500
12938.737 - 128 1.152 1
12939.000 # 1500
12940.000 # 1500
12941.000 # 1500
12942.000 # 1500
12943.000 # 1500
12944.000 # 1500
12945.000 # 1500
12946.000 # 1500
12947.000 # 1500
12947.529 + 128 1
12948.000 # 1500
12948.629 - 128 1.100 1
12949.000 # 1500
12950.000 # 1500
12951.000 # 1500
12952.000 # 1500
12953.000 # 1500
12954.000 # 1500
12955.000 # 1500
12956.000 # 1500
12957.000 # 1500
12958.000 # 1500
12959.000 # 1500
12960.000 # 1500
12961.000 # 1500
12962.000 # 1500
12963.000 # 1500
12964.000 # 1500
12965.000 # 1500
12965.549 + 128 1
12966.000 # 1500
12966.904 - 128 1.355 1
12967.000 # 1500
12968.000 # 1500
12969.000 # 1500
12970.000 # 1500
12971.000 # 1500
12972.000 # 1500
12973.000 # 1500
12974.000 # 1500
12975.000 # 1500
12975.587 + 128 1
12976.000 # 1500
12976.725 - 128 1.138 1
12977.000 # 1500
12978.000 # 1500
12979.000 # 1500
12980.000 # 1500
12981.000 # 1500
12982.000 # 1500
12983.000 # 1500
12984.000 # 1500
12985.000 # 1500
12986.000 # 1500
12987.000 # 1500
12988.000 # 1500
12989.000 # 1500
12989.551 + 128 1
12990.000 # 1500
12990.682 - 128 1.131 1
12991.000 # 1500
12992.000 # 1500
12993.000 # 1500
12994.000 # 1500
12995.000 # 1500
12996.000 # 1500
12997.000 # 1500
12998.000 # 1500
12999.000 # 1500
12999.510 + 128 1
13000.000 # 1500
13000.792 - 128 1.282 1
13001.000 # 1500
13002.000 # 1500
13003.000 # 1500
13004.000 # 1500
13005.000 # 1500
13006.000 # 1500
13007.000 # 1500
13008.000 # 1500
13009.000 # 1500
13010.000 # 1500
13011.000 # 1500
13012.000 # 1500
13013.000 # 1500
13013.536 + 128 1
13014.000 # 1500
13014.632 - 128 1.096 1
13015.000 # 1500
13016.000 # 1500
13017.000 # 1500
13018.000 # 1500
13019.000 # 1500
13020.000 # 1500
13021.000 # 1500
13022.000 # 1500
13023.000 # 1500
13023.515 + 128 1
13024.000 # 1500
13024.619 - 128 1.104 1
13025.000 # 1500
13026.000 # 1500
13027.000 # 1500
13028.000 # 1500
13029.000 # 1500
13030.000 # 1500
13031.000 # 1500
13032.000 # 1500
13033.000 # 1500
13034.000 # 1500
13035.000 # 1500
13036.000 # 1500
13037.000 # 1500
13037.546 + 128 1
13038.000 # 1500
13038.673 - 128 1.127 1
13039.000 # 1500
13040.000 # 1500
13041.000 # 1500
13042.000 # 1500
13043.000 # 1500
13044.000 # 1500
13045.000 # 1500
13046.000 # 1500
13047.000 # 1500
13047.513 + 128 1
13048.000 # 1500
13048.663 - 128 1.150 1
13049.000 # 1500
13050.000 # 1500
13051.000 # 1500
13052.000 # 1500
13053.000 # 1500
13054.000 # 1500
13055.000 # 1500
13056.000 # 1500
13057.000 # 1500
13058.000 # 1500
13059.000 # 1500
13060.000 # 1500
13061.000 # 1500
13062.000 # 1500
13063.000 # 1500
13064.000 # 1500
13065.000 # 1500
13065.577 + 128 1
13066.000 # 1500
13066.825 - 128 1.248 1
13067.000 # 1500
13068.000 # 1500
13069.000 # 1500
13070.000 # 1500
13071.000 # 1500
13072.000 # 1500
13073.000 # 1500
13074.000 # 1500
13075.000 # 1500
13076.000 # 1500
13077.000 # 1500
13077.653 + 128 1
13078.000 # 1500
13078.926 - 128 1.273 1
13079.000 # 1500
13080.000 # 1500
13081.000 # 1500
13082.000 # 1500
13083.000 # 1500
13084.000 # 1500
13085.000 # 1500
13086.000 # 1500
13087.000 # 1500
13087.605 + 128 1
13088.000 # 1500
13088.811 - 128 1.206 1
13089.000 # 1500
13090.000 # 1500
13091.000 # 1500
13092.000 # 1500
13093.000 # 1500
13094.000 # 1500
13095.000 # 1500
13096.000 # 1500
13097.000 # 1500
13097.581 + 128 1
13098.000 # 1500
13098.826 - 128 1.245 1
13099.000 # 1500
13100.000 # 1500
13101.000 # 1500
13102.000 # 1500
13103.000 # 1500
13104.000 # 1500
13105.000 # 1500
13106.000 # 1500
13107.000 # 1500
13108.000 # 1500
13109.000 # 1500
13110.000 # 1500
13111.000 # 1500
13112.000 # 1500
13113.000 # 1500
13113.527 + 128 1
13114.000 # 1500
13114.613 - 128 1.086 1
13115.000 # 1500
13116.000 # 1500
13117.000 # 1500
13118.000 # 1500
13119.000 # 1500
13120.000 # 1500
13121.000 # 1500
13122.000 # 1500
13123.000 # 1500
13123.512 + 128 1
13124.000 # 1500
13124.745 - 128 1.233 1
13125.000 # 1500
13126.000 # 1500
13127.000 # 1500
13128.000 # 1500
13129.000 # 1500
13130.000 # 1500
13131.000 # 1500
13132.000 # 1500
13133.000 # 1500
13134.000 # 1500
13135.000 # 1500
13136.000 # 1500
13137.000 # 1500
13138.000 # 1500
13139.000 # 1500
13140.000 # 1500
13141.000 # 1500
13141.654 + 128 1
13142.000 # 1500
13142.898 - 128 1.244 1
13143.000 # 1500
13144.000 # 1500
13145.000 # 1500
13146.000 # 1500
13147.000 # 1500
13148.000 # 1500
13149.000 # 1500
13150.000 # 1500
13151.000 # 1500
13151.638 + 128 1
13152.000 # 1500
13152.856 - 128 1.218 1
13153.000 # 1500
13154.000 # 1500
13155.000 # 1500
13156.000 # 1500
13157.000 # 1500
13158.000 # 1500
13159.000 # 1500
13160.000 # 1500
13161.000 # 1500
13162.000 # 1500
13163.000 # 1500
13164.000 # 1500
13165.000 # 1500
13165.555 + 128 1
13166.000 # 1500
13166.716 - 128 1.161 1
13167.000 # 1500
13168.000 # 1500
13169.000 # 1500
13170.000 # 1500
13171.000 # 1500
13172.000 # 1500
13173.000 # 1500
13174.000 # 1500
13175.000 # 1500
13175.526 + 128 1
13176.000 # 1500
13176.664 - 128 1.138 1
13177.000 # 1500
13178.000 # 1500
13179.000 # 1500
13180.000 # 1500
13181.000 # 1500
13182.000 # 1500
13183.000 # 1500
13184.000 # 1500
13185.000 # 1500
13186.000 # 1500
13187.000 # 1500
13188.000 # 1500
13189.000 # 1500
13189.592 + 128 1
13190.000 # 1500
13190.756 - 128 1.164 1
13191.000 # 1500
13192.000 # 1500
13193.000 # 1500
13194.000 # 1500
13195.000 # 1500
13196.000 # 1500
13197.000 # 1500
13198.000 # 1500
13199.000 # 1500
13199.490 + 128 1
13200.000 # 1500
13200.708 - 128 1.218 1
13201.000 # 1500
13202.000 # 1500
13203.000 # 1500
13204.000 # 1500
13205.000 # 1500
13206.000 # 1500
13207.000 # 1500
13208.000 # 1500
13209.000 # 1500
13210.000 # 1500
13211.000 # 1500
13212.000 # 1500
13213.000 # 1500
13214.000 # 1500
13215.000 # 1500
13216.000 # 1500
13216.966 + 128 1
13217.000 # 1500
13218.000 # 1500
13218.251 - 128 1.285 1
13219.000 # 1500
13220.000 # 1500
13221.000 # 1500
13222.000 # 1500
13223.000 # 1500
13224.000 # 1500
13225.000 # 1500
13226.000 # 1500
13226.856 + 128 1
13227.000 # 1500
13228.000 # 1500
13228.105 - 128 1.249 1
13229.000 # 1500
13230.000 # 1500
13231.000 # 1500
13232.000 # 1500
13233.000 # 1500
13234.000 # 1500
13235.000 # 1500
13236.000 # 1500
13237.000 # 1500
13238.000 # 1500
13239.000 # 1500
13240.000 # 1500
13241.000 # 1500
13241.643 + 128 1
13242.000 # 1500
13242.868 - 128 1.225 1
13243.000 # 1500
13244.000 # 1500
13245.000 # 1500
13246.000 # 1500
13247.000 # 1500
13248.000 # 1500
13249.000 # 1500
13250.000 # 1500
13251.000 # 1500
13251.609 + 128 1
13252.000 # 1500
13252.797 - 128 1.188 1
13253.000 # 1500
13254.000 # 1500
13255.000 # 1500
13256.000 # 1500
13257.000 # 1500
13258.000 # 1500
13259.000 # 1500
13260.000 # 1500
13261.000 # 1500
13262.000 # 1500
13263.000 # 1500
13264.000 # 1500
13265.000 # 1500
13265.558 + 128 1
13266.000 # 1500
13266.746 - 128 1.188 1
13267.000 # 1500
13268.000 # 1500
13269.000 # 1500
13270.000 # 1500
13271.000 # 1500
13272.000 # 1500
13273.000 # 1500
13274.000 # 1500
13275.000 # 1500
13275.518 + 128 1
13276.000 # 1500
13276.637 - 128 1.119 1
13277.000 # 1500
13278.000 # 1500
13279.000 # 1500
13280.000 # 1500
13281.000 # 1500
13282.000 # 1500
13283.000 # 1500
13284.000 # 1500
13285.000 # 1500
13286.000 # 1500
13287.000 # 1500
13288.000 # 1500
13289.000 # 1500
13289.560 + 128 1
13290.000 # 1500
13290.700 - 128 1.140 1
13291.000 # 1500
13292.000 # 1500
13293.000 # 1500
13294.000 # 1500
13295.000 # 1500
13296.000 # 1500
13297.000 # 1500
13298.000 # 1500
13299.000 # 1500
13299.537 + 128 1
13300.000 # 1500
13300.851 - 128 1.314 1
13301.000 # 1500
13302.000 # 1500
13303.000 # 1500
13304.000 # 1500
13305.000 # 1500
13306.000 # 1500
13307.000 # 1500
13308.000 # 1500
13309.000 # 1500
13310.000 # 1500
13311.000 # 1500
13312.000 # 1500
13313.000 # 1500
13313.590 + 128 1
13314.000 # 1500
13314.766 - 128 1.176 1
13315.000 # 1500
13316.000 # 1500
13317.000 # 1500
13318.000 # 1500
13319.000 # 1500
13320.000 # 1500
13321.000 # 1500
13322.000 # 1500
13323.000 # 1500
13323.648 + 128 1
13324.000 # 1500
13324.948 - 128 1.300 1
13325.000 # 1500
13326.000 # 1500
13327.000 # 1500
13328.000 # 1500
13329.000 # 1500
13330.000 # 1500
13331.000 # 1500
13332.000 # 1500
13333.000 # 1500
13334.000 # 1500
13335.000 # 1500
13336.000 # 1500
13337.000 # 1500
13338.000 # 1500
13339.000 # 1500
13340.000 # 1500
13341.000 # 1500
13341.650 + 128 1
13342.000 # 1500
13342.825 - 128 1.175 1
13343.000 # 1500
13344.000 # 1500
13345.000 # 1500
13346.000 # 1500
13347.000 # 1500
13348.000 # 1500
13349.000 # 1500
13350.000 # 1500
13351.000 # 1500
13351.576 + 128 1
13352.000 # 1500
13352.744 - 128 1.168 1
13353.000 # 1500
13354.000 # 1500
13355.000 # 1500
13356.000 # 1500
13357.000 # 1500
13358.000 # 1500
13359.000 # 1500
13360.000 # 1500
13361.000 # 1500
13362.000 # 1500
13363.000 # 1500
13364.000 # 1500
13365.000 # 1500
13365.641 + 128 1
13366.000 # 1500
13366.901 - 128 1.260 1
13367.000 # 1500
13368.000 # 1500
13369.000 # 1500
13370.000 # 1500
13371.000 # 1500
13372.000 # 1500
13373.000 # 1500
13374.000 # 1500
13375.000 # 1500
13375.505 + 128 1
13376.000 # 1500
13376.613 - 128 1.108 1
13377.000 # 1500
13378.000 # 1500
13379.000 # 1500
13380.000 # 1500
13381.000 # 1500
13382.000 # 1500
13383.000 # 1500
13384.000 # 1500
13385.000 # 1500
13386.000 # 1500
13387.000 # 1500
13388.000 # 1500
13389.000 # 1500
13389.587 + 128 1
13390.000 # 1500
13390.712 - 128 1.125 1
13391.000 # 1500
13392.000 # 1500
13393.000 # 1500
13394.000 # 1500
13395.000 # 1500
13396.000 # 1500
13397.000 # 1500
13398.000 # 1500
13399.000 # 1500
13399.667 + 128 1
13400.000 # 1500
13400.881 - 128 1.214 1
13401.000 # 1500
13402.000 # 1500
13403.000 # 1500
13404.000 # 1500
13405.000 # 1500
13406.000 # 1500
13407.000 # 1500
13408.000 # 1500
13409.000 # 1500
13410.000 # 1500
13411.000 # 1500
13412.000 # 1500
13413.000 # 1500
13414.000 # 1500
13415.000 # 1500
13416.000 # 1500
13417.000 # 1500
13417.486 + 128 1
13418.000 # 1500
13418.729 - 128 1.243 1
13419.000 # 1500
13420.000 # 1500
13421.000 # 1500
13422.000 # 1500
13423.000 # 1500
13424.000 # 1500
13425.000 # 1500
13426.000 # 1500
13427.000 # 1500
13427.504 + 128 1
13428.000 # 1500
13428.765 - 128 1.261 1
13429.000 # 1500
13430.000 # 1500
13431.000 # 1500
13432.000 # 1500
13433.000 # 1500
13434.000 # 1500
13435.000 # 1500
13436.000 # 1500
13437.000 # 1500
13438.000 # 1500
13439.000 # 1500
13440.000 # 1500
13441.000 # 1500
13441.578 + 128 1
13442.000 # 1500
13442.786 - 128 1.208 1
13443.000 # 1500
13444.000 # 1500
13445.000 # 1500
13446.000 # 1500
13447.000 # 1500
13448.000 # 1500
13449.000 # 1500
13450.000 # 1500
13451.000 # 1500
13451.519 + 128 1
13452.000 # 1500
13452.690 - 128 1.171 1
13453.000 # 1500
13454.000 # 1500
13455.000 # 1500
13456.000 # 1500
13457.000 # 1500
13458.000 # 1500
13459.000 # 1500
13460.000 # 1500
13461.000 # 1500
13462.000 # 1500
13463.000 # 1500
13464.000 # 1500
13465.000 # 1500
13465.560 + 128 1
13466.000 # 1500
13466.763 - 128 1.203 1
13467.000 # 1500
13468.000 # 1500
13469.000 # 1500
13470.000 # 1500
13471.000 # 1500
13472.000 # 1500
13473.000 # 1500
13474.000 # 1500
13475.000 # 1500
13475.550 + 128 1
13476.000 # 1500
13476.729 - 128 1.179 1
13477.000 # 1500
13478.000 # 1500
13479.000 # 1500
13480.000 # 1500
13481.000 # 1500
13482.000 # 1500
13483.000 # 1500
13484.000 # 1500
13485.000 # 1500
13486.000 # 1500
13487.000 # 1500
13488.000 # 1500
13489.000 # 1500
13489.609 + 128 1
13490.000 # 1500
13490.849 - 128 1.240 1
13491.000 # 1500
13492.000 # 1500
13493.000 # 1500
13494.000 # 1500
13495.000 # 1500
13496.000 # 1500
13497.000 # 1500
13498.000 # 1500
13499.000 # 1500
13499.521 + 128 1
13500.000 # 1500
13500.624 - 128 1.103 1
13501.000 # 1500
13502.000 # 1500
13503.000 # 1500
13504.000 # 1500
13505.000 # 1500
13506.000 # 1500
13507.000 # 1500
13508.000 # 1500
13509.000 # 1500
13510.000 # 1500
13511.000 # 1500
13512.000 # 1500
13513.000 # 1500
13513.617 + 128 1
13514.000 # 1500
13514.905 - 128 1.288 1
13515.000 # 1500
13516.000 # 1500
13517.000 # 1500
13518.000 # 1500
13519.000 # 1500
13520.000 # 1500
13521.000 # 1500
13522.000 # 1500
13523.000 # 1500
13523.608 + 128 1
13524.000 # 1500
13524.814 - 128 1.206 1
13525.000 # 1500
13526.000 # 1500
13527.000 # 1500
13528.000 # 1500
13529.000 # 1500
13530.000 # 1500
13531.000 # 1500
13532.000 # 1500
13533.000 # 1500
13534.000 # 1500
13535.000 # 1500
13536.000 # 1500
13537.000 # 1500
13538.000 # 1500
13539.000 # 1500
13540.000 # 1500
13541.000 # 1500
13541.544 + 128 1
13542.000 # 1500
13542.664 - 128 1.120 1
13543.000 # 1500
13544.000 # 1500
13545.000 # 1500
13546.000 # 1500
13547.000 # 1500
13548.000 # 1500
13549.000 # 1500
13550.000 # 1500
13551.000 # 1500
13551.534 + 128 1
13552.000 # 1500
13552.708 - 128 1.174 1
13553.000 # 1500
13554.000 # 1500
13555.000 # 1500
13556.000 # 1500
13557.000 # 1500
13558.000 # 1500
13559.000 # 1500
13560.000 # 1500
13561.000 # 1500
13562.000 # 1500
13563.000 # 1500
13564.000 # 1500
13565.000 # 1500
13565.543 + 128 1
13566.000 # 1500
13566.725 - 128 1.182 1
13567.000 # 1500
13568.000 # 1500
13569.000 # 1500
13570.000 # 1500
13571.000 # 1500
13572.000 # 1500
13573.000 # 1500
13574.000 # 1500
13575.000 # 1500
13575.610 + 128 1
13576.000 # 1500
13576.760 - 128 1.150 1
13577.000 # 1500
13578.000 # 1500
13579.000 # 1500
13580.000 # 1500
13581.000 # 1500
13582.000 # 1500
13583.000 # 1500
13584.000 # 1500
13585.000 # 1500
13586.000 # 1500
13587.000 # 1500
13588.000 # 1500
13589.000 # 1500
13589.542 + 128 1
13590.000 # 1500
13590.706 - 128 1.164 1
13591.000 # 1500
13592.000 # 1500
13593.000 # 1500
13594.000 # 1500
13595.000 # 1500
13596.000 # 1500
13597.000 # 1500
13598.000 # 1500
13599.000 # 1500
13599.527 + 128 1
13600.000 # 1500
13600.717 - 128 1.190 1
13601.000 # 1500
13602.000 # 1500
13603.000 # 1500
13604.000 # 1500
13605.000 # 1500
13606.000 # 1500
13607.000 # 1500
13608.000 # 1500
13609.000 # 1500
13610.000 # 1500
13611.000 # 1500
13612.000 # 1500
13613.000 # 1500
13613.519 + 128 1
13614.000 # 1500
13614.743 - 128 1.224 1
13615.000 # 1500
13616.000 # 1500
13617.000 # 1500
13618.000 # 1500
13619.000 # 1500
13620.000 # 1500
13621.000 # 1500
13622.000 # 1500
13623.000 # 1500
13623.606 + 128 1
13624.000 # 1500
13624.915 - 128 1.309 1
13625.000 # 1500
13626.000 # 1500
13627.000 # 1500
13628.000 # 1500
13629.000 # 1500
13630.000 # 1500
13631.000 # 1500
13632.000 # 1500
13633.000 # 1500
13634.000 # 1500
13635.000 # 1500
13636.000 # 1500
13637.000 # 1500
13638.000 # 1500
13639.000 # 1500
13640.000 # 1500
13641.000 # 1500
13641.545 + 128 1
13642.000 # 1500
13642.650 - 128 1.105 1
13643.000 # 1500
13644.000 # 1500
13645.000 # 1500
13646.000 # 1500
13647.000 # 1500
13648.000 # 1500
13649.000 # 1500
13650.000 # 1500
13651.000 # 1500
13651.515 + 128 1
13652.000 # 1500
13652.620 - 128 1.105 1
13653.000 # 1500
13654.000 # 1500
13655.000 # 1500
13656.000 # 1500
13657.000 # 1500
13658.000 # 1500
13659.000 # 1500
13660.000 # 1500
13661.000 # 1500
13662.000 # 1500
13663.000 # 1500
13664.000 # 1500
13665.000 # 1500
13665.540 + 128 1
13666.000 # 1500
13666.684 - 128 1.144 1
13667.000 # 1500
13668.000 # 1500
13669.000 # 1500
13670.000 # 1500
13671.000 # 1500
13672.000 # 1500
13673.000 # 1500
13674.000 # 1500
13675.000 # 1500
13675.501 + 128 1
13676.000 # 1500
13676.593 - 128 1.092 1
13677.000 # 1500
13678.000 # 1500
13679.000 # 1500
13680.000 # 1500
13681.000 # 1500
13682.000 # 1500
13683.000 # 1500
13684.000 # 1500
13685.000 # 1500
13686.000 # 1500
13687.000 # 1500
13688.000 # 1500
13689.000 # 1500
13689.584 + 128 1
13690.000 # 1500
13690.737 - 128 1.153 1
13691.000 # 1500
13692.000 # 1500
13693.000 # 1500
13694.000 # 1500
13695.000 # 1500
13696.000 # 1500
13697.000 # 1500
13698.000 # 1500
13699.000 # 1500
13699.620 + 128 1
13700.000 # 1500
13700.790 - 128 1.170 1
13701.000 # 1500
13702.000 # 1500
13703.000 # 1500
13704.000 # 1500
13705.000 # 1500
13706.000 # 1500
13707.000 # 1500
13708.000 # 1500
13709.000 # 1500
13710.000 # 1500
13711.000 # 1500
13712.000 # 1500
13713.000 # 1500
13714.000 # 1500
13715.000 # 1500
13716.000 # 1500
13717.000 # 1500
13717.565 + 128 1
13718.000 # 1500
13718.802 - 128 1.237 1
13719.000 # 1500
13720.000 # 1500
13721.000 # 1500
13722.000 # 1500
13723.000 # 1500
13724.000 # 1500
13725.000 # 1500
13726.000 # 1500
13727.000 # 1500
13728.000 # 1500
13729.000 # 1500
13730.000 # 1500
13731.000 # 1500
13732.000 # 1500
13733.000 # 1500
13733.647 + 128 1
13734.000 # 1500
13734.824 - 128 1.177 1
13735.000 # 1500
13736.000 # 1500
13737.000 # 1500
13738.000 # 1500
13739.000 # 1500
13740.000 # 1500
13741.000 # 1500
13742.000 # 1500
13743.000 # 1500
13743.504 + 128 1
13744.000 # 1500
13744.624 - 128 1.120 1
13745.000 # 1500
13746.000 # 1500
13747.000 # 1500
13748.000 # 1500
13749.000 # 1500
13750.000 # 1500
13751.000 # 1500
13752.000 # 1500
13753.000 # 1500
13753.538 + 128 1
13754.000 # 1500
13755.000 # 1500
13755.088 - 128 1.550 1
13756.000 # 1500
13757.000 # 1500
13758.000 # 1500
13759.000 # 1500
13760.000 # 1500
13761.000 # 1500
13762.000 # 1500
13763.000 # 1500
13764.000 # 1500
13765.000 # 1500
13765.582 + 128 1
13766.000 # 1500
13766.703 - 128 1.121 1
13767.000 # 1500
13768.000 # 1500
13769.000 # 1500
13770.000 # 1500
13771.000 # 1500
13772.000 # 1500
13773.000 # 1500
13774.000 # 1500
13775.000 # 1500
13775.564 + 128 1
13776.000 # 1500
13776.723 - 128 1.159 1
13777.000 # 1500
13778.000 # 1500
13779.000 # 1500
13780.000 # 1500
13781.000 # 1500
13782.000 # 1500
13783.000 # 1500
13784.000 # 1500
13785.000 # 1500
13786.000 # 1500
13787.000 # 1500
13788.000 # 1500
13789.000 # 1500
13789.538 + 128 1
13790.000 # 1500
13790.732 - 128 1.194 1
13791.000 # 1500
13792.000 # 1500
13793.000 # 1500
13794.000 # 1500
13795.000 # 1500
13796.000 # 1500
13797.000 # 1500
13798.000 # 1500
13799.000 # 1500
13800.000 # 1500
13801.000 # 1500
13801.586 + 128 1
13802.000 # 1500
13802.718 - 128 1.132 1
13803.000 # 1500
13804.000 # 1500
13805.000 # 1500
13806.000 # 1500
13807.000 # 1500
13808.000 # 1500
13809.000 # 1500
13810.000 # 1500
13811.000 # 1500
13811.525 + 128 1
13812.000 # 1500
13812.769 - 128 1.244 1
13813.000 # 1500
13814.000 # 1500
13815.000 # 1500
13816.000 # 1500
13817.000 # 1500
13818.000 # 1500
13819.000 # 1500
13820.000 # 1500
13821.000 # 1500
13821.538 + 128 1
13822.000 # 1500
13822.787 - 128 1.249 1
13823.000 # 1500
13824.000 # 1500
13825.000 # 1500
13826.000 # 1500
13827.000 # 1500
13828.000 # 1500
13829.000 # 1500
13830.000 # 1500
13831.000 # 1500
13832.000 # 1500
13833.000 # 1500
13834.000 # 1500
13835.000 # 1500
13836.000 # 1500
13837.000 # 1500
13838.000 # 1500
13839.000 # 1500
13840.000 # 1500
13841.000 # 1500
13841.553 + 128 1
13842.000 # 1500
13842.681 - 128 1.128 1
13843.000 # 1500
13844.000 # 1500
13845.000 # 1500
13846.000 # 1500
13847.000 # 1500
13848.000 # 1500
13849.000 # 1500
13850.000 # 1500
13851.000 # 1500
13851.555 + 128 1
13852.000 # 1500
13852.720 - 128 1.165 1
13853.000 # 1500
13854.000 # 1500
13855.000 # 1500
13856.000 # 1500
13857.000 # 1500
13858.000 # 1500
13859.000 # 1500
13860.000 # 1500
13861.000 # 1500
13862.000 # 1500
13863.000 # 1500
13864.000 # 1500
13865.000 # 1500
13865.569 + 128 1
13866.000 # 1500
13866.817 - 128 1.248 1
13867.000 # 1500
13868.000 # 1500
13869.000 # 1500
13870.000 # 1500
13871.000 # 1500
13872.000 # 1500
13873.000 # 1500
13874.000 # 1500
13875.000 # 1500
13875.572 + 128 1
13876.000 # 1500
13876.646 - 128 1.074 1
13877.000 # 1500
13878.000 # 1500
13879.000 # 1500
13880.000 # 1500
13881.000 # 1500
13882.000 # 1500
13883.000 # 1500
13884.000 # 1500
13885.000 # 1500
13886.000 # 1500
13887.000 # 1500
13888.000 # 1500
13889.000 # 1500
13889.600 + 128 1
13890.000 # 1500
13890.662 - 128 1.062 1
13891.000 # 1500
13892.000 # 1500
13893.000 # 1500
13894.000 # 1500
13895.000 # 1500
13896.000 # 1500
13897.000 # 1500
13898.000 # 1500
13899.000 # 1500
13899.607 + 128 1
13900.000 # 1500
13901.000 # 1500
13901.046 - 128 1.439 1
13902.000 # 1500
13903.000 # 1500
13904.000 # 1500
13905.000 # 1500
13906.000 # 1500
13907.000 # 1500
13908.000 # 1500
13909.000 # 1500
13910.000 # 1500
13911.000 # 1500
13912.000 # 1500
13913.000 # 1500
13914.000 # 1500
13915.000 # 1500
13916.000 # 1500
13917.000 # 1500
13918.000 # 1500
13918.304 + 128 1
13919.000 # 1500
13919.477 - 128 1.173 1
13920.000 # 1500
13921.000 # 1500
13922.000 # 1500
13923.000 # 1500
13924.000 # 1500
13925.000 # 1500
13926.000 # 1500
13927.000 # 1500
13928.000 # 1500
13929.000 # 1500
13930.000 # 1500
13931.000 # 1500
13932.000 # 1500
13933.000 # 1500
13934.000 # 1500
13935.000 # 1500
13936.000 # 1500
13937.000 # 1500
13937.600 + 128 1
13938.000 # 1500
13938.880 - 128 1.280 1
13939.000 # 1500
13940.000 # 1500
13941.000 # 1500
13942.000 # 1500
13943.000 # 1500
13944.000 # 1500
13945.000 # 1500
13946.000 # 1500
13947.000 # 1500
13947.698 + 128 1
13948.000 # 1500
13948.970 - 128 1.272 1
13949.000 # 1500
13950.000 # 1500
13951.000 # 1500
13952.000 # 1500
13953.000 # 1500
13954.000 # 1500
13955.000 # 1500
13956.000 # 1500
13957.000 # 1500
13958.000 # 1500
13959.000 # 1500
13960.000 # 1500
13961.000 # 1500
13962.000 # 1500
13963.000 # 1500
13964.000 # 1500
13965.000 # 1500
13965.580 + 128 1
13966.000 # 1500
13966.825 - 128 1.245 1
13967.000 # 1500
13968.000 # 1500
13969.000 # 1500
13970.000 # 1500
13971.000 # 1500
13972.000 # 1500
13973.000 # 1500
13974.000 # 1500
13975.000 # 1500
13976.000 # 1500
13977.000 # 1500
13978.000 # 1500
13979.000 # 1500
13980.000 # 1500
13981.000 # 1500
13981.766 + 128 1
13982.000 # 1500
13982.827 - 128 1.061 1
13983.000 # 1500
13984.000 # 1500
13985.000 # 1500
13986.000 # 1500
13987.000 # 1500
13988.000 # 1500
13989.000 # 1500
13990.000 # 1500
13991.000 # 1500
13991.750 + 128 1
13992.000 # 1500
13992.957 - 128 1.207 1
13993.000 # 1500
13994.000 # 1500
13995.000 # 1500
13996.000 # 1500
13997.000 # 1500
13998.000 # 1500
13999.000 # 1500
14000.000 # 1500
14001.000 # 1500
14002.000 # 1500
14003.000 # 1500
14004.000 # 1500
14005.000 # 1500
14005.837 + 128 1
14006.000 # 1500
14006.899 - 128 1.062 1
14007.000 # 1500
14008.000 # 1500
14009.000 # 1500
14010.000 # 1500
14011.000 # 1500
14012.000 # 1500
14013.000 # 1500
14014.000 # 1500
14015.000 # 1500
14015.838 + 128 1
14016.000 # 1500
14017.000 # 1500
14017.154 - 128 1.316 1
14018.000 # 1500
14019.000 # 1500
14020.000 # 1500
14021.000 # 1500
14022.000 # 1500
14023.000 # 1500
14024.000 # 1500
14025.000 # 1500
14026.000 # 1500
14027.000 # 1500
14028.000 # 1500
14029.000 # 1500
14029.630 + 128 1
14030.000 # 1500
14030.834 - 128 1.204 1
14031.000 # 1500
14032.000 # 1500
14033.000 # 1500
14034.000 # 1500
14035.000 # 1500
14036.000 # 1500
14037.000 # 1500
14038.000 # 1500
14039.000 # 1500
14039.651 + 128 1
14040.000 # 1500
14040.703 - 128 1.052 1
14041.000 # 1500
14042.000 # 1500
14043.000 # 1500
14044.000 # 1500
14045.000 # 1500
14046.000 # 1500
14047.000 # 1500
14048.000 # 1500
14049.000 # 1500
14050.000 # 1500
14051.000 # 1500
14052.000 # 1500
14053.000 # 1500
14053.711 + 128 1
14054.000 # 1500
14054.795 - 128 1.084 1
14055.000 # 1500
14056.000 # 1500
14057.000 # 1500
14058.000 # 1500
14059.000 # 1500
14060.000 # 1500
14061.000 # 1500
14062.000 # 1500
14063.000 # 1500
14063.734 + 128 1
14064.000 # 1500
14064.843 - 128 1.109 1
14065.000 # 1500
14066.000 # 1500
14067.000 # 1500
14068.000 # 1500
14069.000 # 1500
14070.000 # 1500
14071.000 # 1500
14072.000 # 1500
14073.000 # 1500
14074.000 # 1500
14075.000 # 1500
14076.000 # 1500
14077.000 # 1500
14078.000 # 1500
14079.000 # 1500
14080.000 # 1500
14081.000 # 1500
14081.711 + 128 1
14082.000 # 1500
14083.000 # 1500
14083.077 - 128 1.366 1
14084.000 # 1500
14085.000 # 1500
14086.000 # 1500
14087.000 # 1500
14088.000 # 1500
14089.000 # 1500
14090.000 # 1500
14091.000 # 1500
14091.638 + 128 1
14092.000 # 1500
14092.693 - 128 1.055 1
14093.000 # 1500
14094.000 # 1500
14095.000 # 1500
14096.000 # 1500
14097.000 # 1500
14098.000 # 1500
14099.000 # 1500
14100.000 # 1500
14101.000 # 1500
14102.000 # 1500
14103.000 # 1500
14104.000 # 1500
14105.000 # 1500
14105.652 + 128 1
14106.000 # 1500
14106.832 - 128 1.180 1
14107.000 # 1500
14108.000 # 1500
14109.000 # 1500
14110.000 # 1500
14111.000 # 1500
14112.000 # 1500
14113.000 # 1500
14114.000 # 1500
14115.000 # 1500
14115.580 + 128 1
14116.000 # 1500
14116.711 - 128 1.131 1
14117.000 # 1500
14118.000 # 1500
14119.000 # 1500
14120.000 # 1500
14121.000 # 1500
14122.000 # 1500
14123.000 # 1500
14124.000 # 1500
14125.000 # 1500
14126.000 # 1500
14127.000 # 1500
14128.000 # 1500
14129.000 # 1500
14129.525 + 128 1
14130.000 # 1500
14130.629 - 128 1.104 1
14131.000 # 1500
14132.000 # 1500
14133.000 # 1500
14134.000 # 1500
14135.000 # 1500
14136.000 # 1500
14137.000 # 1500
14138.000 # 1500
14139.000 # 1500
14139.599 + 128 1
14140.000 # 1500
14141.000 # 1500
14141.215 - 128 1.616 1
14142.000 # 1500
14143.000 # 1500
14144.000 # 1500
14145.000 # 1500
14146.000 # 1500
14147.000 # 1500
14148.000 # 1500
14149.000 # 1500
14150.000 # 1500
14151.000 # 1500
14152.000 # 1500
14153.000 # 1500
14154.000 # 1500
14155.000 # 1500
14156.000 # 1500
14157.000 # 1500
14157.581 + 128 1
14158.000 # 1500
14158.689 - 128 1.108 1
14159.000 # 1500
14160.000 # 1500
14161.000 # 1500
14162.000 # 1500
14163.000 # 1500
14164.000 # 1500
14165.000 # 1500
14166.000 # 1500
14167.000 # 1500
14167.525 + 128 1
14168.000 # 1500
14168.623 - 128 1.098 1
14169.000 # 1500
14170.000 # 1500
14171.000 # 1500
14172.000 # 1500
14173.000 # 1500
14174.000 # 1500
14175.000 # 1500
14176.000 # 1500
14177.000 # 1500
14178.000 # 1500
14179.000 # 1500
14180.000 # 1500
14181.000 # 1500
14181.885 + 128 1
14182.000 # 1500
14182.985 - 128 1.100 1
14183.000 # 1500
14184.000 # 1500
14185.000 # 1500
14186.000 # 1500
14187.000 # 1500
14188.000 # 1500
14189.000 # 1500
14190.000 # 1500
14191.000 # 1500
14191.812 + 128 1
14192.000 # 1500
14193.000 # 1500
14193.129 - 128 1.317 1
14194.000 # 1500
14195.000 # 1500
14196.000 # 1500
14197.000 # 1500
14198.000 # 1500
14199.000 # 1500
14200.000 # 1500
14201.000 # 1500
14202.000 # 1500
14203.000 # 1500
14204.000 # 1500
14205.000 # 1500
14205.543 + 128 1
14206.000 # 1500
14206.658 - 128 1.115 1
14207.000 # 1500
14208.000 # 1500
14209.000 # 1500
14210.000 # 1500
14211.000 # 1500
14212.000 # 1500
14213.000 # 1500
14214.000 # 1500
14215.000 # 1500
14215.519 + 128 1
14216.000 # 1500
14216.645 - 128 1.126 1
14217.000 # 1500
14218.000 # 1500
14219.000 # 1500
14220.000 # 1500
14221.000 # 1500
14222.000 # 1500
14223.000 # 1500
14224.000 # 1500
14225.000 # 1500
14226.000 # 1500
14227.000 # 1500
14228.000 # 1500
14229.000 # 1500
14229.527 + 128 1
14230.000 # 1500
14230.600 - 128 1.073 1
14231.000 # 1500
14232.000 # 1500
14233.000 # 1500
14234.000 # 1500
14235.000 # 1500
14236.000 # 1500
14237.000 # 1500
14238.000 # 1500
14239.000 # 1500
14239.495 + 128 1
14240.000 # 1500
14240.579 - 128 1.084 1
14241.000 # 1500
14242.000 # 1500
14243.000 # 1500
14244.000 # 1500
14245.000 # 1500
14246.000 # 1500
14247.000 # 1500
14248.000 # 1500
14249.000 # 1500
14250.000 # 1500
14251.000 # 1500
14252.000 # 1500
14253.000 # 1500
14254.000 # 1500
14255.000 # 1500
14256.000 # 1500
14257.000 # 1500
14257.585 + 128 1
14258.000 # 1500
14258.714 - 128 1.129 1
14259.000 # 1500
14260.000 # 1500
14261.000 # 1500
14262.000 # 1500
14263.000 # 1500
14264.000 # 1500
14265.000 # 1500
14266.000 # 1500
14267.000 # 1500
14267.546 + 128 1
14268.000 # 1500
14268.618 - 128 1.072 1
14269.000 # 1500
14270.000 # 1500
14271.000 # 1500
14272.000 # 1500
14273.000 # 1500
14274.000 # 1500
14275.000 # 1500
14276.000 # 1500
14277.000 # 1500
14278.000 # 1500
14279.000 # 1500
14280.000 # 1500
14281.000 # 1500
14281.550 + 128 1
14282.000 # 1500
14282.660 - 128 1.110 1
14283.000 # 1500
14284.000 # 1500
14285.000 # 1500
14286.000 # 1500
14287.000 # 1500
14288.000 # 1500
14289.000 # 1500
14290.000 # 1500
14291.000 # 1500
14291.550 + 128 1
14292.000 # 1500
14292.636 - 128 1.086 1
14293.000 # 1500
14294.000 # 1500
14295.000 # 1500
14296.000 # 1500
14297.000 # 1500
14298.000 # 1500
14299.000 # 1500
14300.000 # 1500
14301.000 # 1500
14302.000 # 1500
14303.000 # 1500
14304.000 # 1500
14305.000 # 1500
14305.783 + 128 1
14306.000 # 1500
14306.829 - 128 1.046 1
14307.000 # 1500
14308.000 # 1500
14309.000 # 1500
14310.000 # 1500
14311.000 # 1500
14312.000 # 1500
14313.000 # 1500
14314.000 # 1500
14315.000 # 1500
14315.805 + 128 1
14316.000 # 1500
14317.000 # 1500
14317.121 - 128 1.316 1
14318.000 # 1500
14319.000 # 1500
14320.000 # 1500
14321.000 # 1500
14322.000 # 1500
14323.000 # 1500
14324.000 # 1500
14325.000 # 1500
14326.000 # 1500
14327.000 # 1500
14328.000 # 1500
14329.000 # 1500
14329.818 + 128 1
14330.000 # 1500
14330.873 - 128 1.055 1
14331.000 # 1500
14332.000 # 1500
14333.000 # 1500
14334.000 # 1500
14335.000 # 1500
14336.000 # 1500
14337.000 # 1500
14338.000 # 1500
14339.000 # 1500
14339.735 + 128 1
14340.000 # 1500
14341.000 # 1500
14341.016 - 128 1.281 1
14342.000 # 1500
14343.000 # 1500
14344.000 # 1500
14345.000 # 1500
14346.000 # 1500
14347.000 # 1500
14348.000 # 1500
14349.000 # 1500
14350.000 # 1500
14351.000 # 1500
14352.000 # 1500
14353.000 # 1500
14354.000 # 1500
14355.000 # 1500
14356.000 # 1500
14357.000 # 1500
14357.534 + 128 1
14358.000 # 1500
14358.666 - 128 1.132 1
14359.000 # 1500
14360.000 # 1500
14361.000 # 1500
14362.000 # 1500
14363.000 # 1500
14364.000 # 1500
14365.000 # 1500
14366.000 # 1500
14367.000 # 1500
14367.523 + 128 1
14368.000 # 1500
14368.666 - 128 1.143 1
14369.000 # 1500
14370.000 # 1500
14371.000 # 1500
14372.000 # 1500
14373.000 # 1500
14374.000 # 1500
14375.000 # 1500
14376.000 # 1500
14377.000 # 1500
14378.000 # 1500
14379.000 # 1500
14380.000 # 1500
14381.000 # 1500
14381.551 + 128 1
14382.000 # 1500
14382.690 - 128 1.139 1
14383.000 # 1500
14384.000 # 1500
14385.000 # 1500
14386.000 # 1500
14387.000 # 1500
14388.000 # 1500
14389.000 # 1500
14390.000 # 1500
14391.000 # 1500
14391.525 + 128 1
14392.000 # 1500
14392.870 - 128 1.345 1
14393.000 # 1500
14394.000 # 1500
14395.000 # 1500
14396.000 # 1500
14397.000 # 1500
14398.000 # 1500
14399.000 # 1500
14400.000 # 1500
14401.000 # 1500
14402.000 # 1500
14403.000 # 1500
14404.000 # 1500
14405.000 # 1500
14405.711 + 128 1
14406.000 # 1500
14407.000 # 1500
14407.001 - 128 1.290 1
14408.000 # 1500
14409.000 # 1500
14410.000 # 1500
14411.000 # 1500
14412.000 # 1500
14413.000 # 1500
14414.000 # 1500
14415.000 # 1500
14415.701 + 128 1
14416.000 # 1500
14416.908 - 128 1.207 1
14417.000 # 1500
14418.000 # 1500
14419.000 # 1500
14420.000 # 1500
14421.000 # 1500
14422.000 # 1500
14423.000 # 1500
14424.000 # 1500
14425.000 # 1500
14426.000 # 1500
14427.000 # 1500
14428.000 # 1500
14429.000 # 1500
14429.555 + 128 1
14430.000 # 1500
14430.727 - 128 1.172 1
14431.000 # 1500
14432.000 # 1500
14433.000 # 1500
14434.000 # 1500
14435.000 # 1500
14436.000 # 1500
14437.000 # 1500
14438.000 # 1500
14439.000 # 1500
14439.494 + 128 1
14440.000 # 1500
14440.705 - 128 1.211 1
14441.000 # 1500
14442.000 # 1500
14443.000 # 1500
14444.000 # 1500
14445.000 # 1500
14446.000 # 1500
14447.000 # 1500
14448.000 # 1500
14449.000 # 1500
14450.000 # 1500
14451.000 # 1500
14452.000 # 1500
14453.000 # 1500
14454.000 # 1500
14455.000 # 1500
14456.000 # 1500
14457.000 # 1500
14457.571 + 128 1
14458.000 # 1500
14458.729 - 128 1.158 1
14459.000 # 1500
14460.000 # 1500
14461.000 # 1500
14462.000 # 1500
14463.000 # 1500
14464.000 # 1500
14465.000 # 1500
14466.000 # 1500
14467.000 # 1500
14467.552 + 128 1
14468.000 # 1500
14468.724 - 128 1.172 1
14469.000 # 1500
14470.000 # 1500
14471.000 # 1500
14472.000 # 1500
14473.000 # 1500
14474.000 # 1500
14475.000 # 1500
14476.000 # 1500
14477.000 # 1500
14478.000 # 1500
14479.000 # 1500
14480.000 # 1500
14481.000 # 1500
14481.619 + 128 1
14482.000 # 1500
14482.792 - 128 1.173 1
14483.000 # 1500
14484.000 # 1500
14485.000 # 1500
14486.000 # 1500
14487.000 # 1500
14488.000 # 1500
14489.000 # 1500
14490.000 # 1500
14491.000 # 1500
14491.500 + 128 1
14492.000 # 1500
14492.618 - 128 1.118 1
14493.000 # 1500
14494.000 # 1500
14495.000 # 1500
14496.000 # 1500
14497.000 # 1500
14498.000 # 1500
14499.000 # 1500
14500.000 # 1500
14501.000 # 1500
14502.000 # 1500
14503.000 # 1500
14504.000 # 1500
14505.000 # 1500
14505.600 + 128 1
14506.000 # 1500
14506.722 - 128 1.122 1
14507.000 # 1500
14508.000 # 1500
14509.000 # 1500
14510.000 # 1500
14511.000 # 1500
14512.000 # 1500
14513.000 # 1500
14514.000 # 1500
14515.000 # 1500
14515.533 + 128 1
14516.000 # 1500
14516.634 - 128 1.101 1
14517.000 # 1500
14518.000 # 1500
14519.000 # 1500
14520.000 # 1500
14521.000 # 1500
14522.000 # 1500
14523.000 # 1500
14524.000 # 1500
14525.000 # 1500
14526.000 # 1500
14527.000 # 1500
14528.000 # 1500
14529.000 # 1500
14529.583 + 128 1
14530.000 # 1500
14530.724 - 128 1.141 1
14531.000 # 1500
14532.000 # 1500
14533.000 # 1500
14534.000 # 1500
14535.000 # 1500
14536.000 # 1500
14537.000 # 1500
14538.000 # 1500
14539.000 # 1500
14539.564 + 128 1
14540.000 # 1500
14540.712 - 128 1.148 1
14541.000 # 1500
14542.000 # 1500
14543.000 # 1500
14544.000 # 1500
14545.000 # 1500
14546.000 # 1500
14547.000 # 1500
14548.000 # 1500
14549.000 # 1500
14550.000 # 1500
14551.000 # 1500
14552.000 # 1500
14553.000 # 1500
14554.000 # 1500
14555.000 # 1500
14556.000 # 1500
14557.000 # 1500
14557.544 + 128 1
14558.000 # 1500
14558.629 - 128 1.085 1
14559.000 # 1500
14560.000 # 1500
14561.000 # 1500
14562.000 # 1500
14563.000 # 1500
14564.000 # 1500
14565.000 # 1500
14566.000 # 1500
14567.000 # 1500
14567.507 + 128 1
14568.000 # 1500
14568.571 - 128 1.064 1
14569.000 # 1500
14570.000 # 1500
14571.000 # 1500
14572.000 # 1500
14573.000 # 1500
14574.000 # 1500
14575.000 # 1500
14576.000 # 1500
14577.000 # 1500
14578.000 # 1500
14579.000 # 1500
14580.000 # 1500
14581.000 # 1500
14581.547 + 128 1
14582.000 # 1500
14582.661 - 128 1.114 1
14583.000 # 1500
14584.000 # 1500
14585.000 # 1500
14586.000 # 1500
14587.000 # 1500
14588.000 # 1500
14589.000 # 1500
14590.000 # 1500
14591.000 # 1500
14591.501 + 128 1
14592.000 # 1500
14592.649 - 128 1.148 1
14593.000 # 1500
14594.000 # 1500
14595.000 # 1500
14596.000 # 1500
14597.000 # 1500
14598.000 # 1500
14599.000 # 1500
14600.000 # 1500
14601.000 # 1500
14602.000 # 1500
14603.000 # 1500
14604.000 # 1500
14605.000 # 1500
14605.577 + 128 1
14606.000 # 1500
14606.863 - 128 1.286 1
14607.000 # 1500
14608.000 # 1500
14609.000 # 1500
14610.000 # 1500
14611.000 # 1500
14612.000 # 1500
14613.000 # 1500
14614.000 # 1500
14615.000 # 1500
14615.554 + 128 1
14616.000 # 1500
14616.642 - 128 1.088 1
14617.000 # 1500
14618.000 # 1500
14619.000 # 1500
14620.000 # 1500
14621.000 # 1500
14622.000 # 1500
14623.000 # 1500
14624.000 # 1500
14625.000 # 1500
14626.000 # 1500
14627.000 # 1500
14628.000 # 1500
14629.000 # 1500
14630.000 # 1500
14631.000 # 1500
14632.000 # 1500
14633.000 # 1500
14633.550 + 128 1
14634.000 # 1500
14634.750 - 128 1.200 1
14635.000 # 1500
14636.000 # 1500
14637.000 # 1500
14638.000 # 1500
14639.000 # 1500
14640.000 # 1500
14641.000 # 1500
14642.000 # 1500
14643.000 # 1500
14643.498 + 128 1
14644.000 # 1500
14644.622 - 128 1.124 1
14645.000 # 1500
14646.000 # 1500
14647.000 # 1500
14648.000 # 1500
14649.000 # 1500
14650.000 # 1500
14651.000 # 1500
14652.000 # 1500
14653.000 # 1500
14654.000 # 1500
14655.000 # 1500
14656.000 # 1500
14657.000 # 1500
14657.536 + 128 1
14658.000 # 1500
14658.948 - 128 1.412 1
14659.000 # 1500
14660.000 # 1500
14661.000 # 1500
14662.000 # 1500
14663.000 # 1500
14664.000 # 1500
14665.000 # 1500
14666.000 # 1500
14667.000 # 1500
14667.729 + 128 1
14668.000 # 1500
14668.897 - 128 1.168 1
14669.000 # 1500
14670.000 # 1500
14671.000 # 1500
14672.000 # 1500
14673.000 # 1500
14674.000 # 1500
14675.000 # 1500
14676.000 # 1500
14677.000 # 1500
14677.600 + 128 1
14678.000 # 1500
14678.811 - 128 1.211 1
14679.000 # 1500
14680.000 # 1500
14681.000 # 1500
14682.000 # 1500
14683.000 # 1500
14684.000 # 1500
14685.000 # 1500
14686.000 # 1500
14687.000 # 1500
14688.000 # 1500
14689.000 # 1500
14690.000 # 1500
14691.000 # 1500
14692.000 # 1500
14693.000 # 1500
14693.591 + 128 1
14694.000 # 1500
14694.719 - 128 1.128 1
14695.000 # 1500
14696.000 # 1500
14697.000 # 1500
14698.000 # 1500
14699.000 # 1500
14700.000 # 1500
14701.000 # 1500
14702.000 # 1500
14703.000 # 1500
14704.000 # 1500
14705.000 # 1500
14705.545 + 128 1
14706.000 # 1500
14706.628 - 128 1.083 1
14707.000 # 1500
14708.000 # 1500
14709.000 # 1500
14710.000 # 1500
14711.000 # 1500
14712.000 # 1500
14713.000 # 1500
14714.000 # 1500
14715.000 # 1500
14715.511 + 128 1
14716.000 # 1500
14716.715 - 128 1.204 1
14717.000 # 1500
14718.000 # 1500
14719.000 # 1500
14720.000 # 1500
14721.000 # 1500
14722.000 # 1500
14723.000 # 1500
14724.000 # 1500
14725.000 # 1500
14725.503 + 128 1
14726.000 # 1500
14726.692 - 128 1.189 1
14727.000 # 1500
14728.000 # 1500
14729.000 # 1500
14730.000 # 1500
14731.000 # 1500
14732.000 # 1500
14733.000 # 1500
14734.000 # 1500
14735.000 # 1500
14736.000 # 1500
14737.000 # 1500
14738.000 # 1500
14739.000 # 1500
14740.000 # 1500
14741.000 # 1500
14741.573 + 128 1
14742.000 # 1500
14742.701 - 128 1.128 1
14743.000 # 1500
14744.000 # 1500
14745.000 # 1500
14746.000 # 1500
14747.000 # 1500
14748.000 # 1500
14749.000 # 1500
14750.000 # 1500
14751.000 # 1500
14751.488 + 128 1
14752.000 # 1500
14752.583 - 128 1.095 1
14753.000 # 1500
14754.000 # 1500
14755.000 # 1500
14756.000 # 1500
14757.000 # 1500
14758.000 # 1500
14759.000 # 1500
14760.000 # 1500
14761.000 # 1500
14762.000 # 1500
14763.000 # 1500
14764.000 # 1500
14765.000 # 1500
14766.000 # 1500
14767.000 # 1500
14768.000 # 1500
14769.000 # 1500
14769.631 + 128 1
14770.000 # 1500
14770.793 - 128 1.162 1
14771.000 # 1500
14772.000 # 1500
14773.000 # 1500
14774.000 # 1500
14775.000 # 1500
14776.000 # 1500
14777.000 # 1500
14778.000 # 1500
14779.000 # 1500
14779.579 + 128 1
14780.000 # 1500
14780.713 - 128 1.134 1
14781.000 # 1500
14782.000 # 1500
14783.000 # 1500
14784.000 # 1500
14785.000 # 1500
14786.000 # 1500
14787.000 # 1500
14788.000 # 1500
14789.000 # 1500
14790.000 # 1500
14791.000 # 1500
14792.000 # 1500
14793.000 # 1500
14793.616 + 128 1
14794.000 # 1500
14794.728 - 128 1.112 1
14795.000 # 1500
14796.000 # 1500
14797.000 # 1500
14798.000 # 1500
14799.000 # 1500
14800.000 # 1500
14801.000 # 1500
14802.000 # 1500
14803.000 # 1500
14804.000 # 1500
14805.000 # 1500
14805.596 + 128 1
14806.000 # 1500
14806.788 - 128 1.192 1
14807.000 # 1500
14808.000 # 1500
14809.000 # 1500
14810.000 # 1500
14811.000 # 1500
14812.000 # 1500
14813.000 # 1500
14814.000 # 1500
14815.000 # 1500
14815.579 + 128 1
14816.000 # 1500
14816.912 - 128 1.333 1
14817.000 # 1500
14818.000 # 1500
14819.000 # 1500
14820.000 # 1500
14821.000 # 1500
14822.000 # 1500
14823.000 # 1500
14824.000 # 1500
14825.000 # 1500
14826.000 # 1500
14827.000 # 1500
14828.000 # 1500
14829.000 # 1500
14830.000 # 1500
14831.000 # 1500
14832.000 # 1500
14833.000 # 1500
14833.556 + 128 1
14834.000 # 1500
14834.759 - 128 1.203 1
14835.000 # 1500
14836.000 # 1500
14837.000 # 1500
14838.000 # 1500
14839.000 # 1500
14840.000 # 1500
14841.000 # 1500
14842.000 # 1500
14843.000 # 1500
14843.575 + 128 1
14844.000 # 1500
14844.727 - 128 1.152 1
14845.000 # 1500
14846.000 # 1500
14847.000 # 1500
14848.000 # 1500
14849.000 # 1500
14850.000 # 1500
14851.000 # 1500
14852.000 # 1500
14853.000 # 1500
14854.000 # 1500
14855.000 # 1500
14856.000 # 1500
14857.000 # 1500
14857.580 + 128 1
14858.000 # 1500
14858.845 - 128 1.265 1
14859.000 # 1500
14860.000 # 1500
14861.000 # 1500
14862.000 # 1500
14863.000 # 1500
14864.000 # 1500
14865.000 # 1500
14866.000 # 1500
14867.000 # 1500
14867.538 + 128 1
14868.000 # 1500
14868.705 - 128 1.167 1
14869.000 # 1500
14870.000 # 1500
14871.000 # 1500
14872.000 # 1500
14873.000 # 1500
14874.000 # 1500
14875.000 # 1500
14876.000 # 1500
14877.000 # 1500
14878.000 # 1500
14879.000 # 1500
14880.000 # 1500
14881.000 # 1500
14881.674 + 128 1
14882.000 # 1500
14882.799 - 128 1.125 1
14883.000 # 1500
14884.000 # 1500
14885.000 # 1500
14886.000 # 1500
14887.000 # 1500
14888.000 # 1500
14889.000 # 1500
14890.000 # 1500
14891.000 # 1500
14891.626 + 128 1
14892.000 # 1500
14892.939 - 128 1.313 1
14893.000 # 1500
14894.000 # 1500
14895.000 # 1500
14896.000 # 1500
14897.000 # 1500
14898.000 # 1500
14899.000 # 1500
14900.000 # 1500
14901.000 # 1500
14902.000 # 1500
14903.000 # 1500
14904.000 # 1500
14905.000 # 1500
14905.836 + 128 1
14906.000 # 1500
14906.968 - 128 1.132 1
14907.000 # 1500
14908.000 # 1500
14909.000 # 1500
14910.000 # 1500
14911.000 # 1500
14912.000 # 1500
14913.000 # 1500
14914.000 # 1500
14915.000 # 1500
14915.804 + 128 1
14916.000 # 1500
14917.000 # 1500
14917.079 - 128 1.275 1
14918.000 # 1500
14919.000 # 1500
14920.000 # 1500
14921.000 # 1500
14922.000 # 1500
14923.000 # 1500
14924.000 # 1500
14925.000 # 1500
14926.000 # 1500
14926.611 + 128 1
14927.000 # 1500
14927.734 - 128 1.123 1
14928.000 # 1500
14929.000 # 1500
14930.000 # 1500
14931.000 # 1500
14932.000 # 1500
14933.000 # 1500
14934.000 # 1500
14935.000 # 1500
14936.000 # 1500
14936.577 + 128 1
14937.000 # 1500
14937.690 - 128 1.113 1
14938.000 # 1500
14939.000 # 1500
14940.000 # 1500
14941.000 # 1500
14942.000 # 1500
14943.000 # 1500
14944.000 # 1500
14945.000 # 1500
14946.000 # 1500
14947.000 # 1500
14948.000 # 1500
14949.000 # 1500
14950.000 # 1500
14951.000 # 1500
14952.000 # 1500
14953.000 # 1500
14954.000 # 1500
14955.000 # 1500
14956.000 # 1500
14957.000 # 1500
14957.659 + 128 1
14958.000 # 1500
14958.763 - 128 1.104 1
14959.000 # 1500
14960.000 # 1500
14961.000 # 1500
14962.000 # 1500
14963.000 # 1500
14964.000 # 1500
14965.000 # 1500
14966.000 # 1500
14967.000 # 1500
14967.593 + 128 1
14968.000 # 1500
14968.724 - 128 1.131 1
14969.000 # 1500
14970.000 # 1500
14971.000 # 1500
14972.000 # 1500
14973.000 # 1500
14974.000 # 1500
14975.000 # 1500
14976.000 # 1500
14977.000 # 1500
14977.550 + 128 1
14978.000 # 1500
14978.642 - 128 1.092 1
14979.000 # 1500
14980.000 # 1500
14981.000 # 1500
14982.000 # 1500
14983.000 # 1500
14984.000 # 1500
14985.000 # 1500
14986.000 # 1500
14987.000 # 1500
14988.000 # 1500
14989.000 # 1500
14990.000 # 1500
14991.000 # 1500
14992.000 # 1500
14993.000 # 1500
14993.642 + 128 1
14994.000 # 1500
14994.983 - 128 1.341 1
14995.000 # 1500
14996.000 # 1500
14997.000 # 1500
14998.000 # 1500
14999.000 # 1500
15000.000 # 1500
15001.000 # 1500
15002.000 # 1500
15003.000 # 1500
15004.000 # 1500
15005.000 # 1500
15006.000 # 1500
15007.000 # 1500
15008.000 # 1500
15009.000 # 1500
15010.000 # 1500
15010.004 + 128 1
15011.000 # 1500
15011.221 - 128 1.217 1
15012.000 # 1500
15013.000 # 1500
15014.000 # 1500
15015.000 # 1500
15016.000 # 1500
15017.000 # 1500
15018.000 # 1500
15019.000 # 1500
15019.965 + 128 1
15020.000 # 1500
15020.026 - 128 0.061 1
15021.000 # 1500
15022.000 # 1500
15023.000 # 1500
15024.000 # 1500
15025.000 # 1500
15026.000 # 1500
15027.000 # 1500
15028.000 # 1500
15029.000 # 1500
15030.000 # 1500
15031.000 # 1500
15032.000 # 1500
15033.000 # 1500
15033.567 + 128 1
15034.000 # 1500
15034.655 - 128 1.088 1
15035.000 # 1500
15036.000 # 1500
15037.000 # 1500
15038.000 # 1500
15039.000 # 1500
15040.000 # 1500
15041.000 # 1500
15042.000 # 1500
15043.000 # 1500
15043.574 + 128 1
15044.000 # 1500
15044.673 - 128 1.099 1
15045.000 # 1500
15046.000 # 1500
15047.000 # 1500
15048.000 # 1500
15049.000 # 1500
15050.000 # 1500
15051.000 # 1500
15052.000 # 1500
15053.000 # 1500
15054.000 # 1500
15055.000 # 1500
15056.000 # 1500
15057.000 # 1500
15057.571 + 128 1
15058.000 # 1500
15058.693 - 128 1.122 1
15059.000 # 1500
15060.000 # 1500
15061.000 # 1500
15062.000 # 1500
15063.000 # 1500
15064.000 # 1500
15065.000 # 1500
15066.000 # 1500
15067.000 # 1500
15067.556 + 128 1
15068.000 # 1500
15068.734 - 128 1.178 1
15069.000 # 1500
15070.000 # 1500
15071.000 # 1500
15072.000 # 1500
15073.000 # 1500
15074.000 # 1500
15075.000 # 1500
15076.000 # 1500
15077.000 # 1500
15078.000 # 1500
15079.000 # 1500
15080.000 # 1500
15081.000 # 1500
15081.593 + 128 1
15082.000 # 1500
15082.800 - 128 1.207 1
15083.000 # 1500
15084.000 # 1500
15085.000 # 1500
15086.000 # 1500
15087.000 # 1500
15088.000 # 1500
15089.000 # 1500
15090.000 # 1500
15091.000 # 1500
15091.607 + 128 1
15092.000 # 1500
15092.770 - 128 1.163 1
15093.000 # 1500
15094.000 # 1500
15095.000 # 1500
15096.000 # 1500
15097.000 # 1500
15098.000 # 1500
15099.000 # 1500
15100.000 # 1500
15101.000 # 1500
15101.630 + 128 1
15102.000 # 1500
15102.825 - 128 1.195 1
15103.000 # 1500
15104.000 # 1500
15105.000 # 1500
15106.000 # 1500
15107.000 # 1500
15108.000 # 1500
15109.000 # 1500
15110.000 # 1500
15111.000 # 1500
15112.000 # 1500
15113.000 # 1500
15114.000 # 1500
15115.000 # 1500
15116.000 # 1500
15117.000 # 1500
15118.000 # 1500
15119.000 # 1500
15120.000 # 1500
15121.000 # 1500
15121.536 + 128 1
15122.000 # 1500
15122.639 - 128 1.103 1
15123.000 # 1500
15124.000 # 1500
15125.000 # 1500
15126.000 # 1500
15127.000 # 1500
15128.000 # 1500
15129.000 # 1500
15130.000 # 1500
15131.000 # 1500
15131.521 + 128 1
15132.000 # 1500
15132.916 - 128 1.395 1
15133.000 # 1500
15134.000 # 1500
15135.000 # 1500
15136.000 # 1500
15137.000 # 1500
15138.000 # 1500
15139.000 # 1500
15140.000 # 1500
15141.000 # 1500
15142.000 # 1500
15143.000 # 1500
15144.000 # 1500
15145.000 # 1500
15145.536 + 128 1
15146.000 # 1500
15146.619 - 128 1.083 1
15147.000 # 1500
15148.000 # 1500
15149.000 # 1500
15150.000 # 1500
15151.000 # 1500
15152.000 # 1500
15153.000 # 1500
15154.000 # 1500
15155.000 # 1500
15155.517 + 128 1
15156.000 # 1500
15156.592 - 128 1.075 1
15157.000 # 1500
15158.000 # 1500
15159.000 # 1500
15160.000 # 1500
15161.000 # 1500
15162.000 # 1500
15163.000 # 1500
15164.000 # 1500
15165.000 # 1500
15166.000 # 1500
15167.000 # 1500
15168.000 # 1500
15169.000 # 1500
15169.574 + 128 1
15170.000 # 1500
15171.000 # 1500
15171.014 - 128 1.440 1
15172.000 # 1500
15173.000 # 1500
15174.000 # 1500
15175.000 # 1500
15176.000 # 1500
15177.000 # 1500
15178.000 # 1500
15179.000 # 1500
15179.523 + 128 1
15180.000 # 1500
15180.601 - 128 1.078 1
15181.000 # 1500
15182.000 # 1500
15183.000 # 1500
15184.000 # 1500
15185.000 # 1500
15186.000 # 1500
15187.000 # 1500
15188.000 # 1500
15189.000 # 1500
15190.000 # 1500
15191.000 # 1500
15192.000 # 1500
15193.000 # 1500
15194.000 # 1500
15195.000 # 1500
15196.000 # 1500
15197.000 # 1500
15198.000 # 1500
15198.176 + 128 1
15199.000 # 1500
15199.339 - 128 1.163 1
15200.000 # 1500
15201.000 # 1500
15202.000 # 1500
15203.000 # 1500
15204.000 # 1500
15205.000 # 1500
15206.000 # 1500
15207.000 # 1500
15208.000 # 1500
15209.000 # 1500
15210.000 # 1500
15211.000 # 1500
15212.000 # 1500
15213.000 # 1500
15214.000 # 1500
15215.000 # 1500
15216.000 # 1500
15217.000 # 1500
15217.813 + 128 1
15218.000 # 1500
15218.898 - 128 1.085 1
15219.000 # 1500
15220.000 # 1500
15221.000 # 1500
15222.000 # 1500
15223.000 # 1500
15224.000 # 1500
15225.000 # 1500
15226.000 # 1500
15227.000 # 1500
15228.000 # 1500
15229.000 # 1500
15230.000 # 1500
15231.000 # 1500
15232.000 # 1500
15233.000 # 1500
15233.520 + 128 1
15234.000 # 1500
15234.608 - 128 1.088 1
15235.000 # 1500
15236.000 # 1500
15237.000 # 1500
15238.000 # 1500
15239.000 # 1500
15240.000 # 1500
15241.000 # 1500
15242.000 # 1500
15243.000 # 1500
15243.492 + 128 1
15244.000 # 1500
15244.583 - 128 1.091 1
15245.000 # 1500
15246.000 # 1500
15247.000 # 1500
15248.000 # 1500
15249.000 # 1500
15250.000 # 1500
15251.000 # 1500
15252.000 # 1500
15253.000 # 1500
15254.000 # 1500
15255.000 # 1500
15256.000 # 1500
15257.000 # 1500
15257.789 + 128 1
15258.000 # 1500
15258.822 - 128 1.033 1
15259.000 # 1500
15260.000 # 1500
15261.000 # 1500
15262.000 # 1500
15263.000 # 1500
15264.000 # 1500
15265.000 # 1500
15266.000 # 1500
15267.000 # 1500
15267.820 + 128 1
15268.000 # 1500
15269.000 # 1500
15269.206 - 128 1.386 1
15270.000 # 1500
15271.000 # 1500
15272.000 # 1500
15273.000 # 1500
15274.000 # 1500
15275.000 # 1500
15276.000 # 1500
15277.000 # 1500
15278.000 # 1500
15279.000 # 1500
15280.000 # 1500
15281.000 # 1500
15282.000 # 1500
15283.000 # 1500
15284.000 # 1500
15285.000 # 1500
15285.575 + 128 1
15286.000 # 1500
15286.706 - 128 1.131 1
15287.000 # 1500
15288.000 # 1500
15289.000 # 1500
15290.000 # 1500
15291.000 # 1500
15292.000 # 1500
15293.000 # 1500
15294.000 # 1500
15295.000 # 1500
15295.496 + 128 1
15296.000 # 1500
15296.649 - 128 1.153 1
15297.000 # 1500
15298.000 # 1500
15299.000 # 1500
15300.000 # 1500
15301.000 # 1500
15302.000 # 1500
15303.000 # 1500
15304.000 # 1500
15305.000 # 1500
15306.000 # 1500
15307.000 # 1500
15308.000 # 1500
15309.000 # 1500
15309.535 + 128 1
15310.000 # 1500
15310.628 - 128 1.093 1
15311.000 # 1500
15312.000 # 1500
15313.000 # 1500
15314.000 # 1500
15315.000 # 1500
15316.000 # 1500
15317.000 # 1500
15318.000 # 1500
15319.000 # 1500
15319.478 + 128 1
15320.000 # 1500
15320.579 - 128 1.101 1
15321.000 # 1500
15322.000 # 1500
15323.000 # 1500
15324.000 # 1500
15325.000 # 1500
15326.000 # 1500
15327.000 # 1500
15328.000 # 1500
15329.000 # 1500
15330.000 # 1500
15331.000 # 1500
15332.000 # 1500
15333.000 # 1500
15333.545 + 128 1
15334.000 # 1500
15334.685 - 128 1.140 1
15335.000 # 1500
15336.000 # 1500
15337.000 # 1500
15338.000 # 1500
15339.000 # 1500
15340.000 # 1500
15341.000 # 1500
15342.000 # 1500
15343.000 # 1500
15343.497 + 128 1
15344.000 # 1500
15344.580 - 128 1.083 1
15345.000 # 1500
15346.000 # 1500
15347.000 # 1500
15348.000 # 1500
15349.000 # 1500
15350.000 # 1500
15351.000 # 1500
15352.000 # 1500
15353.000 # 1500
15354.000 # 1500
15355.000 # 1500
15356.000 # 1500
15357.000 # 1500
15357.530 + 128 1
15358.000 # 1500
15358.611 - 128 1.081 1
15359.000 # 1500
15360.000 # 1500
15361.000 # 1500
15362.000 # 1500
15363.000 # 1500
15364.000 # 1500
15365.000 # 1500
15366.000 # 1500
15367.000 # 1500
15367.502 + 128 1
15368.000 # 1500
15368.597 - 128 1.095 1
15369.000 # 1500
15370.000 # 1500
15371.000 # 1500
15372.000 # 1500
15373.000 # 1500
15374.000 # 1500
15375.000 # 1500
15376.000 # 1500
15377.000 # 1500
15377.543 + 128 1
15378.000 # 1500
15378.684 - 128 1.141 1
15379.000 # 1500
15380.000 # 1500
15381.000 # 1500
15382.000 # 1500
15383.000 # 1500
15384.000 # 1500
15385.000 # 1500
15386.000 # 1500
15387.000 # 1500
15388.000 # 1500
15389.000 # 1500
15390.000 # 1500
15391.000 # 1500
15392.000 # 1500
15393.000 # 1500
15394.000 # 1500
15395.000 # 1500
15396.000 # 1500
15397.000 # 1500
15397.538 + 128 1
15398.000 # 1500
15398.678 - 128 1.140 1
15399.000 # 1500
15400.000 # 1500
15401.000 # 1500
15402.000 # 1500
15403.000 # 1500
15404.000 # 1500
15405.000 # 1500
15406.000 # 1500
15407.000 # 1500
15408.000 # 1500
15409.000 # 1500
15409.530 + 128 1
15410.000 # 1500
15410.673 - 128 1.143 1
15411.000 # 1500
15412.000 # 1500
15413.000 # 1500
15414.000 # 1500
15415.000 # 1500
15416.000 # 1500
15417.000 # 1500
15418.000 # 1500
15419.000 # 1500
15419.558 + 128 1
15420.000 # 1500
15420.782 - 128 1.224 1
15421.000 # 1500
15422.000 # 1500
15423.000 # 1500
15424.000 # 1500
15425.000 # 1500
15426.000 # 1500
15427.000 # 1500
15428.000 # 1500
15429.000 # 1500
15429.593 + 128 1
15430.000 # 1500
15430.755 - 128 1.162 1
15431.000 # 1500
15432.000 # 1500
15433.000 # 1500
15434.000 # 1500
15435.000 # 1500
15436.000 # 1500
15437.000 # 1500
15438.000 # 1500
15439.000 # 1500
15440.000 # 1500
15441.000 # 1500
15442.000 # 1500
15443.000 # 1500
15444.000 # 1500
15445.000 # 1500
15445.581 + 128 1
15446.000 # 1500
15446.709 - 128 1.128 1
15447.000 # 1500
15448.000 # 1500
15449.000 # 1500
15450.000 # 1500
15451.000 # 1500
15452.000 # 1500
15453.000 # 1500
15454.000 # 1500
15455.000 # 1500
15455.517 + 128 1
15456.000 # 1500
15456.641 - 128 1.124 1
15457.000 # 1500
15458.000 # 1500
15459.000 # 1500
15460.000 # 1500
15461.000 # 1500
15462.000 # 1500
15463.000 # 1500
15464.000 # 1500
15465.000 # 1500
15466.000 # 1500
15467.000 # 1500
15468.000 # 1500
15469.000 # 1500
15469.528 + 128 1
15470.000 # 1500
15470.623 - 128 1.095 1
15471.000 # 1500
15472.000 # 1500
15473.000 # 1500
15474.000 # 1500
15475.000 # 1500
15476.000 # 1500
15477.000 # 1500
15478.000 # 1500
15479.000 # 1500
15480.000 # 1500
15481.000 # 1500
15481.529 + 128 1
15482.000 # 1500
15482.680 - 128 1.151 1
15483.000 # 1500
15484.000 # 1500
15485.000 # 1500
15486.000 # 1500
15487.000 # 1500
15488.000 # 1500
15489.000 # 1500
15490.000 # 1500
15491.000 # 1500
15491.493 + 128 1
15492.000 # 1500
15492.546 - 128 1.053 1
15493.000 # 1500
15494.000 # 1500
15495.000 # 1500
15496.000 # 1500
15497.000 # 1500
15498.000 # 1500
15499.000 # 1500
15500.000 # 1500
15501.000 # 1500
15501.469 + 128 1
15502.000 # 1500
15502.576 - 128 1.107 1
15503.000 # 1500
15504.000 # 1500
15505.000 # 1500
15506.000 # 1500
15507.000 # 1500
15508.000 # 1500
15509.000 # 1500
15510.000 # 1500
15511.000 # 1500
15512.000 # 1500
15513.000 # 1500
15514.000 # 1500
15515.000 # 1500
15516.000 # 1500
15517.000 # 1500
15518.000 # 1500
15519.000 # 1500
15520.000 # 1500
15521.000 # 1500
15521.566 + 128 1
15522.000 # 1500
15522.704 - 128 1.138 1
15523.000 # 1500
15524.000 # 1500
15525.000 # 1500
15526.000 # 1500
15527.000 # 1500
15528.000 # 1500
15529.000 # 1500
15530.000 # 1500
15531.000 # 1500
15531.525 + 128 1
15532.000 # 1500
15532.604 - 128 1.079 1
15533.000 # 1500
15534.000 # 1500
15535.000 # 1500
15536.000 # 1500
15537.000 # 1500
15538.000 # 1500
15539.000 # 1500
15540.000 # 1500
15541.000 # 1500
15542.000 # 1500
15543.000 # 1500
15544.000 # 1500
15545.000 # 1500
15545.525 + 128 1
15546.000 # 1500
15546.618 - 128 1.093 1
15547.000 # 1500
15548.000 # 1500
15549.000 # 1500
15550.000 # 1500
15551.000 # 1500
15552.000 # 1500
15553.000 # 1500
15554.000 # 1500
15555.000 # 1500
15555.497 + 128 1
15556.000 # 1500
15556.589 - 128 1.092 1
15557.000 # 1500
15558.000 # 1500
15559.000 # 1500
15560.000 # 1500
15561.000 # 1500
15562.000 # 1500
15563.000 # 1500
15564.000 # 1500
15565.000 # 1500
15566.000 # 1500
15567.000 # 1500
15568.000 # 1500
15569.000 # 1500
15570.000 # 1500
15571.000 # 1500
15572.000 # 1500
15573.000 # 1500
15573.532 + 128 1
15574.000 # 1500
15574.664 - 128 1.132 1
15575.000 # 1500
15576.000 # 1500
15577.000 # 1500
15578.000 # 1500
15579.000 # 1500
15580.000 # 1500
15581.000 # 1500
15582.000 # 1500
15583.000 # 1500
15583.523 + 128 1
15584.000 # 1500
15584.652 - 128 1.129 1
15585.000 # 1500
15586.000 # 1500
15587.000 # 1500
15588.000 # 1500
15589.000 # 1500
15590.000 # 1500
15591.000 # 1500
15592.000 # 1500
15593.000 # 1500
15594.000 # 1500
15595.000 # 1500
15596.000 # 1500
15597.000 # 1500
15597.524 + 128 1
15598.000 # 1500
15598.574 - 128 1.050 1
15599.000 # 1500
15600.000 # 1500
15601.000 # 1500
15602.000 # 1500
15603.000 # 1500
15604.000 # 1500
15605.000 # 1500
15606.000 # 1500
15607.000 # 1500
15607.498 + 128 1
15608.000 # 1500
15608.532 - 128 1.034 1
15609.000 # 1500
15610.000 # 1500
15611.000 # 1500
15612.000 # 1500
15613.000 # 1500
15614.000 # 1500
15615.000 # 1500
15616.000 # 1500
15617.000 # 1500
15618.000 # 1500
15619.000 # 1500
15620.000 # 1500
15621.000 # 1500
15621.546 + 128 1
15622.000 # 1500
15622.638 - 128 1.092 1
15623.000 # 1500
15624.000 # 1500
15625.000 # 1500
15626.000 # 1500
15627.000 # 1500
15628.000 # 1500
15629.000 # 1500
15630.000 # 1500
15631.000 # 1500
15631.525 + 128 1
15632.000 # 1500
15632.631 - 128 1.106 1
15633.000 # 1500
15634.000 # 1500
15635.000 # 1500
15636.000 # 1500
15637.000 # 1500
15638.000 # 1500
15639.000 # 1500
15640.000 # 1500
15641.000 # 1500
15642.000 # 1500
15643.000 # 1500
15644.000 # 1500
15645.000 # 1500
15646.000 # 1500
15647.000 # 1500
15648.000 # 1500
15649.000 # 1500
15649.339 + 128 1
15650.000 # 1500
15650.382 - 128 1.043 1
15651.000 # 1500
15652.000 # 1500
15653.000 # 1500
15654.000 # 1500
15655.000 # 1500
15656.000 # 1500
15657.000 # 1500
15658.000 # 1500
15659.000 # 1500
15659.287 + 128 1
15660.000 # 1500
15660.351 - 128 1.064 1
15661.000 # 1500
15662.000 # 1500
15663.000 # 1500
15664.000 # 1500
15665.000 # 1500
15666.000 # 1500
15667.000 # 1500
15668.000 # 1500
15669.000 # 1500
15670.000 # 1500
15671.000 # 1500
15672.000 # 1500
15673.000 # 1500
15673.527 + 128 1
15674.000 # 1500
15674.619 - 128 1.092 1
15675.000 # 1500
15676.000 # 1500
15677.000 # 1500
15678.000 # 1500
15679.000 # 1500
15680.000 # 1500
15681.000 # 1500
15682.000 # 1500
15683.000 # 1500
15683.501 + 128 1
15684.000 # 1500
15684.574 - 128 1.073 1
15685.000 # 1500
15686.000 # 1500
15687.000 # 1500
15688.000 # 1500
15689.000 # 1500
15690.000 # 1500
15691.000 # 1500
15692.000 # 1500
15693.000 # 1500
15694.000 # 1500
15695.000 # 1500
15696.000 # 1500
15697.000 # 1500
15697.534 + 128 1
15698.000 # 1500
15698.624 - 128 1.090 1
15699.000 # 1500
15700.000 # 1500
15701.000 # 1500
15702.000 # 1500
15703.000 # 1500
15704.000 # 1500
15705.000 # 1500
15706.000 # 1500
15707.000 # 1500
15707.500 + 128 1
15708.000 # 1500
15708.559 - 128 1.059 1
15709.000 # 1500
15710.000 # 1500
15711.000 # 1500
15712.000 # 1500
15713.000 # 1500
15714.000 # 1500
15715.000 # 1500
15716.000 # 1500
15717.000 # 1500
15718.000 # 1500
15719.000 # 1500
15720.000 # 1500
15721.000 # 1500
15721.560 + 128 1
15722.000 # 1500
15722.680 - 128 1.120 1
15723.000 # 1500
15724.000 # 1500
15725.000 # 1500
15726.000 # 1500
15727.000 # 1500
15728.000 # 1500
15729.000 # 1500
15730.000 # 1500
15731.000 # 1500
15731.481 + 128 1
15732.000 # 1500
15732.525 - 128 1.044 1
15733.000 # 1500
15734.000 # 1500
15735.000 # 1500
15736.000 # 1500
15737.000 # 1500
15738.000 # 1500
15739.000 # 1500
15740.000 # 1500
15741.000 # 1500
15742.000 # 1500
15743.000 # 1500
15744.000 # 1500
15745.000 # 1500
15746.000 # 1500
15747.000 # 1500
15748.000 # 1500
15749.000 # 1500
15749.534 + 128 1
15750.000 # 1500
15750.595 - 128 1.061 1
15751.000 # 1500
15752.000 # 1500
15753.000 # 1500
15754.000 # 1500
15755.000 # 1500
15756.000 # 1500
15757.000 # 1500
15758.000 # 1500
15759.000 # 1500
15759.548 + 128 1
15760.000 # 1500
15760.612 - 128 1.064 1
15761.000 # 1500
15762.000 # 1500
15763.000 # 1500
15764.000 # 1500
15765.000 # 1500
15766.000 # 1500
15767.000 # 1500
15768.000 # 1500
15769.000 # 1500
15769.535 + 128 1
15770.000 # 1500
15770.614 - 128 1.079 1
15771.000 # 1500
15772.000 # 1500
15773.000 # 1500
15774.000 # 1500
15775.000 # 1500
15776.000 # 1500
15777.000 # 1500
15778.000 # 1500
15779.000 # 1500
15780.000 # 1500
15781.000 # 1500
15782.000 # 1500
15783.000 # 1500
15784.000 # 1500
15785.000 # 1500
15785.577 + 128 1
15786.000 # 1500
15786.755 - 128 1.178 1
15787.000 # 1500
15788.000 # 1500
15789.000 # 1500
15790.000 # 1500
15791.000 # 1500
15792.000 # 1500
15793.000 # 1500
15794.000 # 1500
15795.000 # 1500
15795.578 + 128 1
15796.000 # 1500
15796.722 - 128 1.144 1
15797.000 # 1500
15798.000 # 1500
15799.000 # 1500
15800.000 # 1500
15801.000 # 1500
15802.000 # 1500
15803.000 # 1500
15804.000 # 1500
15805.000 # 1500
15806.000 # 1500
15807.000 # 1500
15808.000 # 1500
15809.000 # 1500
15809.537 + 128 1
15810.000 # 1500
15810.649 - 128 1.112 1
15811.000 # 1500
15812.000 # 1500
15813.000 # 1500
15814.000 # 1500
15815.000 # 1500
15816.000 # 1500
15817.000 # 1500
15818.000 # 1500
15819.000 # 1500
15819.521 + 128 1
15820.000 # 1500
15820.700 - 128 1.179 1
15821.000 # 1500
15822.000 # 1500
15823.000 # 1500
15824.000 # 1500
15825.000 # 1500
15826.000 # 1500
15827.000 # 1500
15828.000 # 1500
15829.000 # 1500
15829.515 + 128 1
15830.000 # 1500
15830.635 - 128 1.120 1
15831.000 # 1500
15832.000 # 1500
15833.000 # 1500
15834.000 # 1500
15835.000 # 1500
15836.000 # 1500
15837.000 # 1500
15838.000 # 1500
15839.000 # 1500
15840.000 # 1500
15841.000 # 1500
15842.000 # 1500
15843.000 # 1500
15844.000 # 1500
15845.000 # 1500
15845.549 + 128 1
15846.000 # 1500
15846.623 - 128 1.074 1
15847.000 # 1500
15848.000 # 1500
15849.000 # 1500
15850.000 # 1500
15851.000 # 1500
15852.000 # 1500
15853.000 # 1500
15854.000 # 1500
15855.000 # 1500
15855.627 + 128 1
15856.000 # 1500
15856.889 - 128 1.262 1
15857.000 # 1500
15858.000 # 1500
15859.000 # 1500
15860.000 # 1500
15861.000 # 1500
15862.000 # 1500
15863.000 # 1500
15864.000 # 1500
15865.000 # 1500
15866.000 # 1500
15867.000 # 1500
15868.000 # 1500
15869.000 # 1500
15870.000 # 1500
15871.000 # 1500
15872.000 # 1500
15873.000 # 1500
15874.000 # 1500
15874.829 + 128 1
15875.000 # 1500
15876.000 # 1500
15877.000 # 1500
15877.466 - 128 2.637 1
15878.000 # 1500
15879.000 # 1500
15880.000 # 1500
15881.000 # 1500
15882.000 # 1500
15883.000 # 1500
15884.000 # 1500
15885.000 # 1500
15885.190 + 128 1
15886.000 # 1500
15886.687 - 128 1.497 1
15887.000 # 1500
15888.000 # 1500
15889.000 # 1500
15890.000 # 1500
15891.000 # 1500
15892.000 # 1500
15893.000 # 1500
15894.000 # 1500
15895.000 # 1500
15896.000 # 1500
15897.000 # 1500
15898.000 # 1500
15898.193 + 128 1
15899.000 # 1500
15900.000 # 1500
15901.000 # 1500
15902.000 # 1500
15903.000 # 1500
15904.000 # 1500
15905.000 # 1500
15906.000 # 1500
15907.000 # 1500
15907.935 - 128 9.742 1
15907.995 + 128 1
15908.000 # 1500
15909.000 # 1500
15910.000 # 1500
15911.000 # 1500
15912.000 # 1500
15913.000 # 1500
15913.300 - 128 5.305 1
15914.000 # 1500
15915.000 # 1500
15916.000 # 1500
15917.000 # 1500
15917.811 + 128 1
15918.000 # 1500
15919.000 # 1500
15919.054 - 128 1.243 1
15920.000 # 1500
15921.000 # 1500
15922.000 # 1500
15923.000 # 1500
15924.000 # 1500
15925.000 # 1500
15926.000 # 1500
15927.000 # 1500
15928.000 # 1500
15929.000 # 1500
15930.000 # 1500
15931.000 # 1500
15932.000 # 1500
15933.000 # 1500
15933.249 + 128 1
15934.000 # 1500
15935.000 # 1500
15935.322 - 128 2.073 1
15936.000 # 1500
15937.000 # 1500
15938.000 # 1500
15939.000 # 1500
15940.000 # 1500
15941.000 # 1500
15942.000 # 1500
15943.000 # 1500
15943.486 + 128 1
15944.000 # 1500
15945.000 # 1500
15945.320 - 128 1.834 1
15946.000 # 1500
15947.000 # 1500
15948.000 # 1500
15949.000 # 1500
15950.000 # 1500
15951.000 # 1500
15952.000 # 1500
15953.000 # 1500
15954.000 # 1500
15955.000 # 1500
15956.000 # 1500
15957.000 # 1500
15957.739 + 128 1
15958.000 # 1500
15959.000 # 1500
15960.000 # 1500
15961.000 # 1500
15961.274 - 128 3.535 1
15962.000 # 1500
15963.000 # 1500
15964.000 # 1500
15965.000 # 1500
15966.000 # 1500
15967.000 # 1500
15967.819 + 128 1
15968.000 # 1500
15969.000 # 1500
15969.495 - 128 1.676 1
15970.000 # 1500
15971.000 # 1500
15972.000 # 1500
15973.000 # 1500
15974.000 # 1500
15975.000 # 1500
15976.000 # 1500
15977.000 # 1500
15978.000 # 1500
15979.000 # 1500
15980.000 # 1500
15981.000 # 1500
15982.000 # 1500
15982.242 + 128 1
15983.000 # 1500
15983.570 - 128 1.328 1
15984.000 # 1500
15985.000 # 1500
15986.000 # 1500
15987.000 # 1500
15988.000 # 1500
15989.000 # 1500
15990.000 # 1500
15991.000 # 1500
15991.733 + 128 1
15992.000 # 1500
15993.000 # 1500
15993.632 - 128 1.899 1
15994.000 # 1500
15995.000 # 1500
15996.000 # 1500
15997.000 # 1500
15998.000 # 1500
15999.000 # 1500
16000.000 # 1500
16001.000 # 1500
16002.000 # 1500
16003.000 # 1500
16004.000 # 1500
16005.000 # 1500
16005.740 + 128 1
16006.000 # 1500
16006.856 - 128 1.116 1
16007.000 # 1500
16008.000 # 1500
16009.000 # 1500
16010.000 # 1500
16011.000 # 1500
16012.000 # 1500
16013.000 # 1500
16014.000 # 1500
16015.000 # 1500
16016.000 # 1500
16017.000 # 1500
16018.000 # 1500
16019.000 # 1500
16020.000 # 1500
16021.000 # 1500
16021.630 + 128 1
16022.000 # 1500
16023.000 # 1500
16024.000 # 1500
16025.000 # 1500
16025.457 - 128 3.827 1
16026.000 # 1500
16027.000 # 1500
16028.000 # 1500
16029.000 # 1500
16030.000 # 1500
16031.000 # 1500
16031.585 + 128 1
16032.000 # 1500
16033.000 # 1500
16033.661 - 128 2.076 1
16034.000 # 1500
16035.000 # 1500
16036.000 # 1500
16037.000 # 1500
16038.000 # 1500
16039.000 # 1500
16040.000 # 1500
16041.000 # 1500
16041.859 + 128 1
16042.000 # 1500
16043.000 # 1500
16043.366 - 128 1.507 1
16044.000 # 1500
16045.000 # 1500
16046.000 # 1500
16047.000 # 1500
16048.000 # 1500
16049.000 # 1500
16050.000 # 1500
16051.000 # 1500
16051.611 + 128 1
16052.000 # 1500
16053.000 # 1500
16053.331 - 128 1.720 1
16054.000 # 1500
16055.000 # 1500
16056.000 # 1500
16057.000 # 1500
16058.000 # 1500
16059.000 # 1500
16060.000 # 1500
16061.000 # 1500
16062.000 # 1500
16063.000 # 1500
16064.000 # 1500
16065.000 # 1500
16066.000 # 1500
16067.000 # 1500
16068.000 # 1500
16069.000 # 1500
16070.000 # 1500
16071.000 # 1500
16072.000 # 1500
16073.000 # 1500
16074.000 # 1500
16074.311 + 128 1
16075.000 # 1500
16076.000 # 1500
16077.000 # 1500
16077.501 - 128 3.190 1
16078.000 # 1500
16079.000 # 1500
16080.000 # 1500
16081.000 # 1500
16082.000 # 1500
16083.000 # 1500
16084.000 # 1500
16085.000 # 1500
16086.000 # 1500
16087.000 # 1500
16088.000 # 1500
16089.000 # 1500
16090.000 # 1500
16091.000 # 1500
16092.000 # 1500
16093.000 # 1500
16094.000 # 1500
16095.000 # 1500
16096.000 # 1500
16097.000 # 1500
16097.539 + 128 1
16098.000 # 1500
16099.000 # 1500
16100.000 # 1500
16100.011 - 128 2.472 1
16101.000 # 1500
16102.000 # 1500
16103.000 # 1500
16104.000 # 1500
16105.000 # 1500
16106.000 # 1500
16107.000 # 1500
16107.518 + 128 1
16108.000 # 1500
16109.000 # 1500
16109.835 - 128 2.317 1
16110.000 # 1500
16111.000 # 1500
16112.000 # 1500
16113.000 # 1500
16114.000 # 1500
16115.000 # 1500
16116.000 # 1500
16117.000 # 1500
16117.964 + 128 1
16118.000 # 1500
16119.000 # 1500
16119.896 - 128 1.932 1
16120.000 # 1500
16121.000 # 1500
16122.000 # 1500
16123.000 # 1500
16124.000 # 1500
16125.000 # 1500
16126.000 # 1500
16127.000 # 1500
16127.527 + 128 1
16128.000 # 1500
16128.840 - 128 1.313 1
16129.000 # 1500
16130.000 # 1500
16131.000 # 1500
16132.000 # 1500
16133.000 # 1500
16134.000 # 1500
16135.000 # 1500
16136.000 # 1500
16137.000 # 1500
16138.000 # 1500
16139.000 # 1500
16139.604 + 128 1
16140.000 # 1500
16141.000 # 1500
16142.000 # 1500
16143.000 # 1500
16144.000 # 1500
16145.000 # 1500
16146.000 # 1500
16147.000 # 1500
16148.000 # 1500
16149.000 # 1500
16150.000 # 1500
16150.221 - 128 10.617 1
16150.380 + 128 1
16151.000 # 1500
16152.000 # 1500
16153.000 # 1500
16153.231 - 128 2.851 1
16154.000 # 1500
16155.000 # 1500
16156.000 # 1500
16157.000 # 1500
16158.000 # 1500
16159.000 # 1500
16160.000 # 1500
16160.448 + 128 1
16161.000 # 1500
16162.000 # 1500
16162.776 - 128 2.328 1
16163.000 # 1500
16164.000 # 1500
16165.000 # 1500
16166.000 # 1500
16167.000 # 1500
16168.000 # 1500
16169.000 # 1500
16170.000 # 1500
16171.000 # 1500
16172.000 # 1500
16173.000 # 1500
16174.000 # 1500
16175.000 # 1500
16176.000 # 1500
16177.000 # 1500
16177.695 + 128 1
16178.000 # 1500
16179.000 # 1500
16180.000 # 1500
16181.000 # 1500
16181.554 - 128 3.859 1
16182.000 # 1500
16183.000 # 1500
16184.000 # 1500
16185.000 # 1500
16186.000 # 1500
16187.000 # 1500
16187.747 + 128 1
16188.000 # 1500
16189.000 # 1500
16190.000 # 1500
16190.620 - 128 2.873 1
16191.000 # 1500
16192.000 # 1500
16193.000 # 1500
16194.000 # 1500
16195.000 # 1500
16196.000 # 1500
16197.000 # 1500
16198.000 # 1500
16199.000 # 1500
16200.000 # 1500
16201.000 # 1500
16201.848 + 128 1
16202.000 # 1500
16203.000 # 1500
16204.000 # 1500
16205.000 # 1500
16205.566 - 128 3.718 1
16206.000 # 1500
16207.000 # 1500
16208.000 # 1500
16209.000 # 1500
16210.000 # 1500
16211.000 # 1500
16211.727 + 128 1
16212.000 # 1500
16213.000 # 1500
16213.602 - 128 1.875 1
16214.000 # 1500
16215.000 # 1500
16216.000 # 1500
16217.000 # 1500
16218.000 # 1500
16219.000 # 1500
16220.000 # 1500
16221.000 # 1500
16222.000 # 1500
16223.000 # 1500
16224.000 # 1500
16225.000 # 1500
16225.531 + 128 1
16226.000 # 1500
16227.000 # 1500
16228.000 # 1500
16229.000 # 1500
16230.000 # 1500
16231.000 # 1500
16232.000 # 1500
16233.000 # 1500
16234.000 # 1500
16235.000 # 1500
16235.697 + 128 1
16235.729 - 128 10.198 1
16236.000 # 1500
16237.000 # 1500
16238.000 # 1500
16239.000 # 1500
16240.000 # 1500
16241.000 # 1500
16242.000 # 1500
16243.000 # 1500
16244.000 # 1500
16245.000 # 1500
16245.596 + 128 1
16245.643 - 128 9.946 1
16246.000 # 1500
16247.000 # 1500
16248.000 # 1500
16249.000 # 1500
16249.730 - 128 4.134 1
16250.000 # 1500
16251.000 # 1500
16252.000 # 1500
16253.000 # 1500
16254.000 # 1500
16255.000 # 1500
16256.000 # 1500
16257.000 # 1500
16258.000 # 1500
16259.000 # 1500
16260.000 # 1500
16261.000 # 1500
16262.000 # 1500
16263.000 # 1500
16264.000 # 1500
16265.000 # 1500
16266.000 # 1500
16267.000 # 1500
16268.000 # 1500
16269.000 # 1500
16269.321 + 128 1
16270.000 # 1500
16271.000 # 1500
16272.000 # 1500
16273.000 # 1500
16274.000 # 1500
16275.000 # 1500
16276.000 # 1500
16277.000 # 1500
16278.000 # 1500
16279.000 # 1500
16279.378 + 128 1
16279.407 - 128 10.086 1
16280.000 # 1500
16280.705 - 128 1.327 1
16281.000 # 1500
16282.000 # 1500
16283.000 # 1500
16284.000 # 1500
16285.000 # 1500
16286.000 # 1500
16287.000 # 1500
16288.000 # 1500
16289.000 # 1500
16290.000 # 1500
16291.000 # 1500
16292.000 # 1500
16293.000 # 1500
16294.000 # 1500
16294.092 + 128 1
16295.000 # 1500
16296.000 # 1500
16297.000 # 1500
16297.721 - 128 3.629 1
16298.000 # 1500
16299.000 # 1500
16300.000 # 1500
16301.000 # 1500
16302.000 # 1500
16303.000 # 1500
16303.606 + 128 1
16304.000 # 1500
16304.693 - 128 1.087 1
16305.000 # 1500
16306.000 # 1500
16307.000 # 1500
16308.000 # 1500
16309.000 # 1500
16310.000 # 1500
16311.000 # 1500
16312.000 # 1500
16313.000 # 1500
16313.938 + 128 1
16314.000 # 1500
16315.000 # 1500
16315.168 - 128 1.230 1
16316.000 # 1500
16317.000 # 1500
16318.000 # 1500
16319.000 # 1500
16320.000 # 1500
16321.000 # 1500
16322.000 # 1500
16323.000 # 1500
16323.750 + 128 1
16324.000 # 1500
16325.000 # 1500
16325.023 - 128 1.273 1
16326.000 # 1500
16327.000 # 1500
16328.000 # 1500
16329.000 # 1500
16330.000 # 1500
16331.000 # 1500
16332.000 # 1500
16333.000 # 1500
16334.000 # 1500
16335.000 # 1500
16336.000 # 1500
16337.000 # 1500
16338.000 # 1500
16339.000 # 1500
16340.000 # 1500
16341.000 # 1500
16341.812 + 128 1
16342.000 # 1500
16343.000 # 1500
16344.000 # 1500
16345.000 # 1500
16345.277 - 128 3.465 1
16346.000 # 1500
16347.000 # 1500
16348.000 # 1500
16349.000 # 1500
16350.000 # 1500
16351.000 # 1500
16351.829 + 128 1
16352.000 # 1500
16353.000 # 1500
16353.755 - 128 1.926 1
16354.000 # 1500
16355.000 # 1500
16356.000 # 1500
16357.000 # 1500
16358.000 # 1500
16359.000 # 1500
16360.000 # 1500
16361.000 # 1500
16362.000 # 1500
16363.000 # 1500
16364.000 # 1500
16365.000 # 1500
16366.000 # 1500
16366.213 + 128 1
16367.000 # 1500
16368.000 # 1500
16369.000 # 1500
16369.687 - 128 3.474 1
16370.000 # 1500
16371.000 # 1500
16372.000 # 1500
16373.000 # 1500
16374.000 # 1500
16375.000 # 1500
16375.684 + 128 1
16376.000 # 1500
16377.000 # 1500
16378.000 # 1500
16379.000 # 1500
16380.000 # 1500
16381.000 # 1500
16382.000 # 1500
16383.000 # 1500
16384.000 # 1500
16385.000 # 1500
16385.580 + 128 1
16385.747 - 128 10.063 1
16386.000 # 1500
16387.000 # 1500
16388.000 # 1500
16389.000 # 1500
16390.000 # 1500
16391.000 # 1500
16392.000 # 1500
16393.000 # 1500
16394.000 # 1500
16395.000 # 1500
16395.653 + 128 1
16395.820 - 128 10.240 1
16396.000 # 1500
16397.000 # 1500
16398.000 # 1500
16399.000 # 1500
16400.000 # 1500
16401.000 # 1500
16402.000 # 1500
16403.000 # 1500
16404.000 # 1500
16405.000 # 1500
16405.680 + 128 1
16405.790 - 128 10.137 1
16406.000 # 1500
16407.000 # 1500
16408.000 # 1500
16409.000 # 1500
16410.000 # 1500
16411.000 # 1500
16412.000 # 1500
16413.000 # 1500
16414.000 # 1500
16415.000 # 1500
16415.541 + 128 1
16415.776 - 128 10.096 1
16416.000 # 1500
16417.000 # 1500
16418.000 # 1500
16419.000 # 1500
16420.000 # 1500
16421.000 # 1500
16422.000 # 1500
16423.000 # 1500
16424.000 # 1500
16425.000 # 1500
16425.565 + 128 1
16425.730 - 128 10.189 1
16426.000 # 1500
16427.000 # 1500
16428.000 # 1500
16429.000 # 1500
16430.000 # 1500
16431.000 # 1500
16432.000 # 1500
16433.000 # 1500
16434.000 # 1500
16435.000 # 1500
16435.889 + 128 1
16436.000 # 1500
16436.063 - 128 10.498 1
16437.000 # 1500
16438.000 # 1500
16439.000 # 1500
16440.000 # 1500
16441.000 # 1500
16442.000 # 1500
16443.000 # 1500
16444.000 # 1500
16445.000 # 1500
16445.452 + 128 1
16445.626 - 128 9.737 1
16446.000 # 1500
16447.000 # 1500
16448.000 # 1500
16449.000 # 1500
16450.000 # 1500
16451.000 # 1500
16452.000 # 1500
16453.000 # 1500
16454.000 # 1500
16455.000 # 1500
16455.474 + 128 1
16455.649 - 128 10.197 1
16456.000 # 1500
16457.000 # 1500
16458.000 # 1500
16459.000 # 1500
16460.000 # 1500
16461.000 # 1500
16462.000 # 1500
16463.000 # 1500
16464.000 # 1500
16465.000 # 1500
16465.520 + 128 1
16465.680 - 128 10.206 1
16466.000 # 1500
16467.000 # 1500
16468.000 # 1500
16469.000 # 1500
16470.000 # 1500
16471.000 # 1500
16472.000 # 1500
16473.000 # 1500
16474.000 # 1500
16475.000 # 1500
16476.000 # 1500
16476.088 + 128 1
16476.247 - 128 10.727 1
16477.000 # 1500
16478.000 # 1500
16479.000 # 1500
16480.000 # 1500
16481.000 # 1500
16482.000 # 1500
16483.000 # 1500
16484.000 # 1500
16485.000 # 1500
16485.468 + 128 1
16485.633 - 128 9.545 1
16486.000 # 1500
16487.000 # 1500
16488.000 # 1500
16489.000 # 1500
16490.000 # 1500
16491.000 # 1500
16492.000 # 1500
16493.000 # 1500
16494.000 # 1500
16495.000 # 1500
16495.469 + 128 1
16495.633 - 128 10.165 1
16496.000 # 1500
16497.000 # 1500
16498.000 # 1500
16499.000 # 1500
16500.000 # 1500
16501.000 # 1500
16502.000 # 1500
16503.000 # 1500
16504.000 # 1500
16505.000 # 1500
16505.418 + 128 1
16505.580 - 128 10.111 1
16506.000 # 1500
16507.000 # 1500
16508.000 # 1500
16509.000 # 1500
16510.000 # 1500
16511.000 # 1500
16512.000 # 1500
16513.000 # 1500
16514.000 # 1500
16515.000 # 1500
16515.371 + 128 1
16515.574 - 128 10.156 1
16516.000 # 1500
16517.000 # 1500
16518.000 # 1500
16519.000 # 1500
16520.000 # 1500
16521.000 # 1500
16522.000 # 1500
16523.000 # 1500
16524.000 # 1500
16525.000 # 1500
16525.395 + 128 1
16525.562 - 128 10.191 1
16526.000 # 1500
16527.000 # 1500
16528.000 # 1500
16529.000 # 1500
16530.000 # 1500
16531.000 # 1500
16532.000 # 1500
16533.000 # 1500
16534.000 # 1500
16535.000 # 1500
16535.389 + 128 1
16535.554 - 128 10.159 1
16536.000 # 1500
16536.746 - 128 1.357 1
16537.000 # 1500
16538.000 # 1500
16539.000 # 1500
16540.000 # 1500
16541.000 # 1500
16542.000 # 1500
16543.000 # 1500
16544.000 # 1500
16545.000 # 1500
16546.000 # 1500
16547.000 # 1500
16548.000 # 1500
16549.000 # 1500
16550.000 # 1500
16551.000 # 1500
16552.000 # 1500
16553.000 # 1500
16554.000 # 1500
16555.000 # 1500
16556.000 # 1500
16557.000 # 1500
16558.000 # 1500
16559.000 # 1500
16560.000 # 1500
16561.000 # 1500
16562.000 # 1500
16563.000 # 1500
16564.000 # 1500
16565.000 # 1500
16566.000 # 1500
16567.000 # 1500
16568.000 # 1500
16569.000 # 1500
16570.000 # 1500
16571.000 # 1500
16572.000 # 1500
16573.000 # 1500
16574.000 # 1500
16575.000 # 1500
16576.000 # 1500
16577.000 # 1500
16578.000 # 1500
16579.000 # 1500
16580.000 # 1500
16581.000 # 1500
16582.000 # 1500
16583.000 # 1500
16584.000 # 1500
16585.000 # 1500
16586.000 # 1500
16587.000 # 1500
16588.000 # 1500
16589.000 # 1500
16590.000 # 1500
16591.000 # 1500
16592.000 # 1500
16593.000 # 1500
16594.000 # 1500
16595.000 # 1500
16596.000 # 1500
16597.000 # 1500
16598.000 # 1500
16599.000 # 1500
16600.000 # 1500
16601.000 # 1500
16602.000 # 1500
16603.000 # 1500
16604.000 # 1500
16605.000 # 1500
16606.000 # 1500
16607.000 # 1500
16608.000 # 1500
16609.000 # 1500
16610.000 # 1500
16611.000 # 1500
16612.000 # 1500
16613.000 # 1500
16614.000 # 1500
16615.000 # 1500
16616.000 # 1500
16617.000 # 1500
16618.000 # 1500
16619.000 # 1500
16620.000 # 1500
16621.000 # 1500
16622.000 # 1500
16623.000 # 1500
16624.000 # 1500
16625.000 # 1500
16626.000 # 1500
16627.000 # 1500
16628.000 # 1500
16629.000 # 1500
16630.000 # 1500
16631.000 # 1500
16632.000 # 1500
16633.000 # 1500
16634.000 # 1500
16635.000 # 1500
16636.000 # 1500
16637.000 # 1500
16638.000 # 1500
16639.000 # 1500
16640.000 # 1500
16641.000 # 1500
16642.000 # 1500
16643.000 # 1500
16644.000 # 1500
16645.000 # 1500
16646.000 # 1500
16647.000 # 1500
16648.000 # 1500
16649.000 # 1500
16650.000 # 1500
16651.000 # 1500
16652.000 # 1500
16653.000 # 1500
16654.000 # 1500
16655.000 # 1500
16656.000 # 1500
16657.000 # 1500
16658.000 # 1500
16659.000 # 1500
16660.000 # 1500
16661.000 # 1500
16662.000 # 1500
16663.000 # 1500
16664.000 # 1500
16665.000 # 1500
16666.000 # 1500
16667.000 # 1500
16668.000 # 1500
16669.000 # 1500
16670.000 # 1500
16671.000 # 1500
16672.000 # 1500
16673.000 # 1500
16674.000 # 1500
16675.000 # 1500
16676.000 # 1500
16677.000 # 1500
16678.000 # 1500
16679.000 # 1500
16680.000 # 1500
16681.000 # 1500
16682.000 # 1500
16683.000 # 1500
16684.000 # 1500
16685.000 # 1500
16686.000 # 1500
16687.000 # 1500
16688.000 # 1500
16689.000 # 1500
16690.000 # 1500
16691.000 # 1500
16692.000 # 1500
16693.000 # 1500
16694.000 # 1500
16695.000 # 1500
16696.000 # 1500
16697.000 # 1500
16698.000 # 1500
16699.000 # 1500
16700.000 # 1500
16701.000 # 1500
16701.868 + 128 1
16702.000 # 1500
16703.000 # 1500
16704.000 # 1500
16705.000 # 1500
16706.000 # 1500
16707.000 # 1500
16708.000 # 1500
16709.000 # 1500
16710.000 # 1500
16711.000 # 1500
16711.778 + 128 1
16711.825 - 128 9.957 1
16712.000 # 1500
16713.000 # 1500
16714.000 # 1500
16715.000 # 1500
16716.000 # 1500
16717.000 # 1500
16717.643 - 128 5.865 1
16718.000 # 1500
16719.000 # 1500
16720.000 # 1500
16721.000 # 1500
16722.000 # 1500
16723.000 # 1500
16724.000 # 1500
16725.000 # 1500
16726.000 # 1500
16727.000 # 1500
16728.000 # 1500
16729.000 # 1500
16730.000 # 1500
16731.000 # 1500
16732.000 # 1500
16733.000 # 1500
16734.000 # 1500
16734.244 + 128 1
16735.000 # 1500
16736.000 # 1500
16736.857 - 128 2.613 1
16737.000 # 1500
16738.000 # 1500
16739.000 # 1500
16740.000 # 1500
16741.000 # 1500
16742.000 # 1500
16743.000 # 1500
16744.000 # 1500
16745.000 # 1500
16746.000 # 1500
16747.000 # 1500
16748.000 # 1500
16749.000 # 1500
16750.000 # 1500
16751.000 # 1500
16752.000 # 1500
16753.000 # 1500
16753.861 + 128 1
16754.000 # 1500
16755.000 # 1500
16756.000 # 1500
16757.000 # 1500
16758.000 # 1500
16759.000 # 1500
16760.000 # 1500
16761.000 # 1500
16761.633 - 128 7.772 1
16762.000 # 1500
16763.000 # 1500
16763.972 + 128 1
16764.000 # 1500
16765.000 # 1500
16765.576 - 128 1.604 1
16766.000 # 1500
16767.000 # 1500
16768.000 # 1500
16769.000 # 1500
16770.000 # 1500
16771.000 # 1500
16772.000 # 1500
16773.000 # 1500
16773.922 + 128 1
16774.000 # 1500
16775.000 # 1500
16776.000 # 1500
16777.000 # 1500
16778.000 # 1500
16779.000 # 1500
16780.000 # 1500
16781.000 # 1500
16782.000 # 1500
16783.000 # 1500
16783.905 + 128 1
16783.952 - 128 10.030 1
16784.000 # 1500
16785.000 # 1500
16786.000 # 1500
16787.000 # 1500
16788.000 # 1500
16789.000 # 1500
16790.000 # 1500
16791.000 # 1500
16792.000 # 1500
16792.948 - 128 9.043 1
16793.000 # 1500
16794.000 # 1500
16795.000 # 1500
16796.000 # 1500
16797.000 # 1500
16798.000 # 1500
16799.000 # 1500
16800.000 # 1500
16801.000 # 1500
16802.000 # 1500
16803.000 # 1500
16804.000 # 1500
16805.000 # 1500
16806.000 # 1500
16807.000 # 1500
16808.000 # 1500
16809.000 # 1500
16810.000 # 1500
16811.000 # 1500
16812.000 # 1500
16813.000 # 1500
16814.000 # 1500
16815.000 # 1500
16816.000 # 1500
16817.000 # 1500
16818.000 # 1500
16819.000 # 1500
16820.000 # 1500
16821.000 # 1500
16822.000 # 1500
16823.000 # 1500
16824.000 # 1500
16825.000 # 1500
16826.000 # 1500
16827.000 # 1500
16828.000 # 1500
16829.000 # 1500
16830.000 # 1500
16831.000 # 1500
16832.000 # 1500
16833.000 # 1500
16834.000 # 1500
16835.000 # 1500
16836.000 # 1500
16837.000 # 1500
16837.827 + 128 1
16838.000 # 1500
16839.000 # 1500
16840.000 # 1500
16841.000 # 1500
16841.301 - 128 3.474 1
16842.000 # 1500
16843.000 # 1500
16844.000 # 1500
16845.000 # 1500
16846.000 # 1500
16847.000 # 1500
16847.950 + 128 1
16848.000 # 1500
16849.000 # 1500
16849.752 - 128 1.802 1
16850.000 # 1500
16851.000 # 1500
16852.000 # 1500
16853.000 # 1500
16854.000 # 1500
16855.000 # 1500
16856.000 # 1500
16857.000 # 1500
16858.000 # 1500
16859.000 # 1500
16860.000 # 1500
16861.000 # 1500
16862.000 # 1500
16863.000 # 1500
16864.000 # 1500
16865.000 # 1500
16866.000 # 1500
16866.417 + 128 1
16867.000 # 1500
16868.000 # 1500
16869.000 # 1500
16870.000 # 1500
16871.000 # 1500
16872.000 # 1500
16873.000 # 1500
16874.000 # 1500
16875.000 # 1500
16876.000 # 1500
16876.591 + 128 1
16876.685 - 128 10.268 1
16877.000 # 1500
16878.000 # 1500
16879.000 # 1500
16880.000 # 1500
16881.000 # 1500
16882.000 # 1500
16883.000 # 1500
16884.000 # 1500
16885.000 # 1500
16886.000 # 1500
16887.000 # 1500
16888.000 # 1500
16889.000 # 1500
16890.000 # 1500
16891.000 # 1500
16892.000 # 1500
16893.000 # 1500
16893.472 + 128 1
16893.547 - 128 16.956 1
16894.000 # 1500
16895.000 # 1500
16896.000 # 1500
16897.000 # 1500
16897.807 - 128 4.335 1
16898.000 # 1500
16899.000 # 1500
16900.000 # 1500
16901.000 # 1500
16902.000 # 1500
16903.000 # 1500
16903.312 + 128 1
16904.000 # 1500
16905.000 # 1500
16906.000 # 1500
16907.000 # 1500
16908.000 # 1500
16908.411 - 128 5.099 1
16909.000 # 1500
16910.000 # 1500
16911.000 # 1500
16912.000 # 1500
16913.000 # 1500
16913.261 + 128 1
16914.000 # 1500
16915.000 # 1500
16916.000 # 1500
16916.996 - 128 3.735 1
16917.000 # 1500
16918.000 # 1500
16919.000 # 1500
16920.000 # 1500
16921.000 # 1500
16922.000 # 1500
16923.000 # 1500
16924.000 # 1500
16925.000 # 1500
16926.000 # 1500
16926.291 + 128 1
16927.000 # 1500
16927.328 - 128 1.037 1
16928.000 # 1500
16929.000 # 1500
16930.000 # 1500
16931.000 # 1500
16932.000 # 1500
16933.000 # 1500
16934.000 # 1500
16935.000 # 1500
16936.000 # 1500
16936.487 + 128 1
16937.000 # 1500
16938.000 # 1500
16939.000 # 1500
16939.860 - 128 3.373 1
16940.000 # 1500
16941.000 # 1500
16942.000 # 1500
16943.000 # 1500
16944.000 # 1500
16945.000 # 1500
16946.000 # 1500
16946.341 + 128 1
16947.000 # 1500
16948.000 # 1500
16949.000 # 1500
16949.815 - 128 3.474 1
16950.000 # 1500
16951.000 # 1500
16952.000 # 1500
16953.000 # 1500
16954.000 # 1500
16955.000 # 1500
16956.000 # 1500
16957.000 # 1500
16958.000 # 1500
16959.000 # 1500
16960.000 # 1500
16961.000 # 1500
16961.553 + 128 1
16962.000 # 1500
16963.000 # 1500
16964.000 # 1500
16965.000 # 1500
16966.000 # 1500
16967.000 # 1500
16968.000 # 1500
16969.000 # 1500
16969.406 - 128 7.853 1
16970.000 # 1500
16971.000 # 1500
16971.660 + 128 1
16972.000 # 1500
16973.000 # 1500
16974.000 # 1500
16975.000 # 1500
16976.000 # 1500
16977.000 # 1500
16978.000 # 1500
16979.000 # 1500
16980.000 # 1500
16981.000 # 1500
16981.681 + 128 1
16981.699 - 128 10.039 1
16982.000 # 1500
16983.000 # 1500
16984.000 # 1500
16984.685 - 128 3.004 1
16985.000 # 1500
16986.000 # 1500
16987.000 # 1500
16988.000 # 1500
16989.000 # 1500
16990.000 # 1500
16991.000 # 1500
16992.000 # 1500
16993.000 # 1500
16994.000 # 1500
16995.000 # 1500
16995.953 + 128 1
16996.000 # 1500
16997.000 # 1500
16997.520 - 128 1.567 1
16998.000 # 1500
16999.000 # 1500
17000.000 # 1500
17001.000 # 1500
17002.000 # 1500
17003.000 # 1500
17004.000 # 1500
17005.000 # 1500
17006.000 # 1500
17006.099 + 128 1
17007.000 # 1500
17008.000 # 1500
17009.000 # 1500
17009.040 - 128 2.941 1
17010.000 # 1500
17011.000 # 1500
17012.000 # 1500
17013.000 # 1500
17014.000 # 1500
17015.000 # 1500
17016.000 # 1500
17017.000 # 1500
17018.000 # 1500
17019.000 # 1500
17019.691 + 128 1
17020.000 # 1500
17021.000 # 1500
17021.752 - 128 2.061 1
17022.000 # 1500
17023.000 # 1500
17024.000 # 1500
17025.000 # 1500
17026.000 # 1500
17027.000 # 1500
17028.000 # 1500
17029.000 # 1500
17030.000 # 1500
17031.000 # 1500
17032.000 # 1500
17033.000 # 1500
17034.000 # 1500
17034.250 + 128 1
17035.000 # 1500
17036.000 # 1500
17036.656 - 128 2.406 1
17037.000 # 1500
17038.000 # 1500
17039.000 # 1500
17040.000 # 1500
17041.000 # 1500
17042.000 # 1500
17043.000 # 1500
17044.000 # 1500
17045.000 # 1500
17046.000 # 1500
17047.000 # 1500
17048.000 # 1500
17049.000 # 1500
17050.000 # 1500
17051.000 # 1500
17052.000 # 1500
17053.000 # 1500
17053.844 + 128 1
17054.000 # 1500
17055.000 # 1500
17056.000 # 1500
17057.000 # 1500
17057.596 - 128 3.752 1
17058.000 # 1500
17059.000 # 1500
17060.000 # 1500
17061.000 # 1500
17062.000 # 1500
17063.000 # 1500
17064.000 # 1500
17065.000 # 1500
17066.000 # 1500
17067.000 # 1500
17068.000 # 1500
17069.000 # 1500
17070.000 # 1500
17071.000 # 1500
17072.000 # 1500
17073.000 # 1500
17074.000 # 1500
17075.000 # 1500
17076.000 # 1500
17077.000 # 1500
17078.000 # 1500
17079.000 # 1500
17080.000 # 1500
17081.000 # 1500
17082.000 # 1500
17083.000 # 1500
17084.000 # 1500
17085.000 # 1500
17086.000 # 1500
17087.000 # 1500
17088.000 # 1500
17089.000 # 1500
17090.000 # 1500
17091.000 # 1500
17092.000 # 1500
17093.000 # 1500
17094.000 # 1500
17095.000 # 1500
17096.000 # 1500
17097.000 # 1500
17097.571 + 128 1
17098.000 # 1500
17099.000 # 1500
17099.461 - 128 1.890 1
17100.000 # 1500
17101.000 # 1500
17102.000 # 1500
17103.000 # 1500
17104.000 # 1500
17105.000 # 1500
17106.000 # 1500
17107.000 # 1500
17107.464 + 128 1
17108.000 # 1500
17109.000 # 1500
17109.454 - 128 1.990 1
17110.000 # 1500
17111.000 # 1500
17112.000 # 1500
17113.000 # 1500
17114.000 # 1500
17115.000 # 1500
17116.000 # 1500
17117.000 # 1500
17117.448 + 128 1
17118.000 # 1500
17119.000 # 1500
17119.725 - 128 2.277 1
17120.000 # 1500
17121.000 # 1500
17122.000 # 1500
17123.000 # 1500
17124.000 # 1500
17125.000 # 1500
17126.000 # 1500
17127.000 # 1500
17127.450 + 128 1
17128.000 # 1500
17129.000 # 1500
17129.505 - 128 2.055 1
17130.000 # 1500
17131.000 # 1500
17132.000 # 1500
17133.000 # 1500
17134.000 # 1500
17135.000 # 1500
17136.000 # 1500
17137.000 # 1500
17137.396 + 128 1
17138.000 # 1500
17139.000 # 1500
17140.000 # 1500
17141.000 # 1500
17142.000 # 1500
17143.000 # 1500
17144.000 # 1500
17145.000 # 1500
17146.000 # 1500
17147.000 # 1500
17147.479 - 128 10.083 1
17147.576 + 128 1
17148.000 # 1500
17149.000 # 1500
17150.000 # 1500
17151.000 # 1500
17152.000 # 1500
17153.000 # 1500
17154.000 # 1500
17155.000 # 1500
17156.000 # 1500
17157.000 # 1500
17158.000 # 1500
17159.000 # 1500
17159.444 - 128 11.868 1
17160.000 # 1500
17161.000 # 1500
17162.000 # 1500
17163.000 # 1500
17164.000 # 1500
17165.000 # 1500
17166.000 # 1500
17167.000 # 1500
17168.000 # 1500
17169.000 # 1500
17170.000 # 1500
17171.000 # 1500
17171.875 + 128 1
17172.000 # 1500
17173.000 # 1500
17174.000 # 1500
17175.000 # 1500
17175.834 - 128 3.959 1
17176.000 # 1500
17177.000 # 1500
17178.000 # 1500
17179.000 # 1500
17180.000 # 1500
17181.000 # 1500
17182.000 # 1500
17183.000 # 1500
17184.000 # 1500
17184.816 + 128 1
17185.000 # 1500
17186.000 # 1500
17187.000 # 1500
17188.000 # 1500
17189.000 # 1500
17189.677 - 128 4.861 1
17190.000 # 1500
17191.000 # 1500
17192.000 # 1500
17193.000 # 1500
17194.000 # 1500
17194.906 + 128 1
17195.000 # 1500
17196.000 # 1500
17197.000 # 1500
17197.646 - 128 2.740 1
17198.000 # 1500
17199.000 # 1500
17200.000 # 1500
17201.000 # 1500
17202.000 # 1500
17203.000 # 1500
17204.000 # 1500
17205.000 # 1500
17206.000 # 1500
17207.000 # 1500
17208.000 # 1500
17209.000 # 1500
17210.000 # 1500
17211.000 # 1500
17212.000 # 1500
17213.000 # 1500
17214.000 # 1500
17214.401 + 128 1
17215.000 # 1500
17215.915 - 128 1.514 1
17216.000 # 1500
17217.000 # 1500
17218.000 # 1500
17219.000 # 1500
17220.000 # 1500
17221.000 # 1500
17222.000 # 1500
17223.000 # 1500
17224.000 # 1500
17225.000 # 1500
17226.000 # 1500
17227.000 # 1500
17228.000 # 1500
17229.000 # 1500
17230.000 # 1500
17231.000 # 1500
17232.000 # 1500
17233.000 # 1500
17233.525 + 128 1
17234.000 # 1500
17234.794 - 128 1.269 1
17235.000 # 1500
17236.000 # 1500
17237.000 # 1500
17238.000 # 1500
17239.000 # 1500
17240.000 # 1500
17241.000 # 1500
17242.000 # 1500
17243.000 # 1500
17244.000 # 1500
17245.000 # 1500
17246.000 # 1500
17247.000 # 1500
17248.000 # 1500
17249.000 # 1500
17250.000 # 1500
17250.318 + 128 1
17251.000 # 1500
17252.000 # 1500
17252.443 - 128 2.125 1
17253.000 # 1500
17254.000 # 1500
17255.000 # 1500
17256.000 # 1500
17257.000 # 1500
17258.000 # 1500
17259.000 # 1500
17260.000 # 1500
17260.375 + 128 1
17261.000 # 1500
17261.611 - 128 1.236 1
17262.000 # 1500
17263.000 # 1500
17264.000 # 1500
17265.000 # 1500
17266.000 # 1500
17267.000 # 1500
17268.000 # 1500
17269.000 # 1500
17270.000 # 1500
17270.245 + 128 1
17271.000 # 1500
17272.000 # 1500
17273.000 # 1500
17274.000 # 1500
17275.000 # 1500
17276.000 # 1500
17277.000 # 1500
17278.000 # 1500
17279.000 # 1500
17280.000 # 1500
17280.278 + 128 1
17280.538 - 128 10.293 1
17281.000 # 1500
17282.000 # 1500
17283.000 # 1500
17283.725 - 128 3.447 1
17284.000 # 1500
17285.000 # 1500
17286.000 # 1500
17287.000 # 1500
17288.000 # 1500
17289.000 # 1500
17290.000 # 1500
17291.000 # 1500
17292.000 # 1500
17292.160 + 128 1
17293.000 # 1500
17293.792 - 128 1.632 1
17294.000 # 1500
17295.000 # 1500
17296.000 # 1500
17297.000 # 1500
17298.000 # 1500
17299.000 # 1500
17300.000 # 1500
17301.000 # 1500
17302.000 # 1500
17303.000 # 1500
17304.000 # 1500
17305.000 # 1500
17306.000 # 1500
17307.000 # 1500
17308.000 # 1500
17309.000 # 1500
17310.000 # 1500
17311.000 # 1500
17312.000 # 1500
17313.000 # 1500
17314.000 # 1500
17315.000 # 1500
17316.000 # 1500
17317.000 # 1500
17317.983 + 128 1
17318.000 # 1500
17319.000 # 1500
17319.852 - 128 1.869 1
17320.000 # 1500
17321.000 # 1500
17322.000 # 1500
17323.000 # 1500
17324.000 # 1500
17325.000 # 1500
17326.000 # 1500
17327.000 # 1500
17327.573 + 128 1
17328.000 # 1500
17329.000 # 1500
17329.721 - 128 2.148 1
17330.000 # 1500
17331.000 # 1500
17332.000 # 1500
17333.000 # 1500
17334.000 # 1500
17335.000 # 1500
17336.000 # 1500
17337.000 # 1500
17338.000 # 1500
17339.000 # 1500
17340.000 # 1500
17341.000 # 1500
17342.000 # 1500
17342.736 + 128 1
17343.000 # 1500
17344.000 # 1500
17344.052 - 128 1.316 1
17345.000 # 1500
17346.000 # 1500
17347.000 # 1500
17348.000 # 1500
17349.000 # 1500
17350.000 # 1500
17351.000 # 1500
17352.000 # 1500
17352.737 + 128 1
17353.000 # 1500
17353.833 - 128 1.096 1
17354.000 # 1500
17355.000 # 1500
17356.000 # 1500
17357.000 # 1500
17358.000 # 1500
17359.000 # 1500
17360.000 # 1500
17361.000 # 1500
17362.000 # 1500
17363.000 # 1500
17364.000 # 1500
17365.000 # 1500
17366.000 # 1500
17366.482 + 128 1
17367.000 # 1500
17368.000 # 1500
17368.082 - 128 1.600 1
17369.000 # 1500
17370.000 # 1500
17371.000 # 1500
17372.000 # 1500
17373.000 # 1500
17374.000 # 1500
17375.000 # 1500
17376.000 # 1500
17376.388 + 128 1
17377.000 # 1500
17377.576 - 128 1.188 1
17378.000 # 1500
17379.000 # 1500
17380.000 # 1500
17381.000 # 1500
17382.000 # 1500
17383.000 # 1500
17384.000 # 1500
17385.000 # 1500
17386.000 # 1500
17387.000 # 1500
17388.000 # 1500
17389.000 # 1500
17390.000 # 1500
17390.484 + 128 1
17391.000 # 1500
17392.000 # 1500
17392.998 - 128 2.514 1
17393.000 # 1500
17394.000 # 1500
17395.000 # 1500
17396.000 # 1500
17397.000 # 1500
17398.000 # 1500
17399.000 # 1500
17400.000 # 1500
17400.601 + 128 1
17401.000 # 1500
17401.949 - 128 1.348 1
17402.000 # 1500
17403.000 # 1500
17404.000 # 1500
17405.000 # 1500
17406.000 # 1500
17407.000 # 1500
17408.000 # 1500
17409.000 # 1500
17410.000 # 1500
17411.000 # 1500
17412.000 # 1500
17413.000 # 1500
17414.000 # 1500
17415.000 # 1500
17416.000 # 1500
17417.000 # 1500
17418.000 # 1500
17419.000 # 1500
17419.214 + 128 1
17420.000 # 1500
17421.000 # 1500
17421.379 - 128 2.165 1
17422.000 # 1500
17423.000 # 1500
17424.000 # 1500
17425.000 # 1500
17426.000 # 1500
17427.000 # 1500
17428.000 # 1500
17429.000 # 1500
17429.222 + 128 1
17430.000 # 1500
17431.000 # 1500
17431.102 - 128 1.880 1
17432.000 # 1500
17433.000 # 1500
17434.000 # 1500
17435.000 # 1500
17436.000 # 1500
17437.000 # 1500
17438.000 # 1500
17439.000 # 1500
17440.000 # 1500
17441.000 # 1500
17441.525 + 128 1
17442.000 # 1500
17443.000 # 1500
17444.000 # 1500
17444.193 - 128 2.668 1
17445.000 # 1500
17446.000 # 1500
17447.000 # 1500
17448.000 # 1500
17449.000 # 1500
17450.000 # 1500
17451.000 # 1500
17451.636 + 128 1
17452.000 # 1500
17453.000 # 1500
17453.571 - 128 1.935 1
17454.000 # 1500
17455.000 # 1500
17456.000 # 1500
17457.000 # 1500
17458.000 # 1500
17459.000 # 1500
17460.000 # 1500
17461.000 # 1500
17462.000 # 1500
17463.000 # 1500
17464.000 # 1500
17465.000 # 1500
17466.000 # 1500
17467.000 # 1500
17468.000 # 1500
17469.000 # 1500
17470.000 # 1500
17471.000 # 1500
17472.000 # 1500
17473.000 # 1500
17474.000 # 1500
17474.940 + 128 1
17475.000 # 1500
17476.000 # 1500
17476.029 - 128 1.089 1
17477.000 # 1500
17478.000 # 1500
17479.000 # 1500
17480.000 # 1500
17481.000 # 1500
17482.000 # 1500
17483.000 # 1500
17484.000 # 1500
17485.000 # 1500
17486.000 # 1500
17487.000 # 1500
17488.000 # 1500
17489.000 # 1500
17490.000 # 1500
17491.000 # 1500
17492.000 # 1500
17493.000 # 1500
17494.000 # 1500
17495.000 # 1500
17496.000 # 1500
17497.000 # 1500
17498.000 # 1500
17499.000 # 1500
17500.000 # 1500
17500.453 + 128 1
17501.000 # 1500
17502.000 # 1500
17503.000 # 1500
17504.000 # 1500
17504.654 - 128 4.201 1
17505.000 # 1500
17506.000 # 1500
17507.000 # 1500
17508.000 # 1500
17509.000 # 1500
17510.000 # 1500
17510.461 + 128 1
17511.000 # 1500
17512.000 # 1500
17513.000 # 1500
17513.264 - 128 2.803 1
17514.000 # 1500
17515.000 # 1500
17516.000 # 1500
17517.000 # 1500
17518.000 # 1500
17519.000 # 1500
17520.000 # 1500
17521.000 # 1500
17522.000 # 1500
17523.000 # 1500
17524.000 # 1500
17525.000 # 1500
17526.000 # 1500
17527.000 # 1500
17528.000 # 1500
17529.000 # 1500
17530.000 # 1500
17530.444 + 128 1
17531.000 # 1500
17532.000 # 1500
17532.481 - 128 2.037 1
17533.000 # 1500
17534.000 # 1500
17535.000 # 1500
17536.000 # 1500
17537.000 # 1500
17538.000 # 1500
17539.000 # 1500
17540.000 # 1500
17540.538 + 128 1
17541.000 # 1500
17541.980 - 128 1.442 1
17542.000 # 1500
17543.000 # 1500
17544.000 # 1500
17545.000 # 1500
17546.000 # 1500
17547.000 # 1500
17548.000 # 1500
17549.000 # 1500
17550.000 # 1500
17551.000 # 1500
17552.000 # 1500
17553.000 # 1500
17554.000 # 1500
17555.000 # 1500
17556.000 # 1500
17556.003 + 128 1
17557.000 # 1500
17557.216 - 128 1.213 1
17558.000 # 1500
17559.000 # 1500
17560.000 # 1500
17561.000 # 1500
17562.000 # 1500
17563.000 # 1500
17564.000 # 1500
17565.000 # 1500
17566.000 # 1500
17567.000 # 1500
17568.000 # 1500
17569.000 # 1500
17570.000 # 1500
17571.000 # 1500
17572.000 # 1500
17573.000 # 1500
17574.000 # 1500
17575.000 # 1500
17576.000 # 1500
17577.000 # 1500
17578.000 # 1500
17578.510 + 128 1
17579.000 # 1500
17580.000 # 1500
17581.000 # 1500
17582.000 # 1500
17583.000 # 1500
17584.000 # 1500
17585.000 # 1500
17585.554 - 128 7.044 1
17586.000 # 1500
17587.000 # 1500
17588.000 # 1500
17589.000 # 1500
17589.246 + 128 1
17590.000 # 1500
17591.000 # 1500
17592.000 # 1500
17593.000 # 1500
17594.000 # 1500
17595.000 # 1500
17596.000 # 1500
17597.000 # 1500
17598.000 # 1500
17598.557 + 128 1
17598.739 - 128 9.493 1
17599.000 # 1500
17600.000 # 1500
17601.000 # 1500
17602.000 # 1500
17603.000 # 1500
17604.000 # 1500
17605.000 # 1500
17606.000 # 1500
17607.000 # 1500
17608.000 # 1500
17609.000 # 1500
17610.000 # 1500
17611.000 # 1500
17612.000 # 1500
17613.000 # 1500
17614.000 # 1500
17614.992 - 128 16.435 1
17615.000 # 1500
17615.067 + 128 1
17616.000 # 1500
17616.594 - 128 1.527 1
17617.000 # 1500
17618.000 # 1500
17619.000 # 1500
17620.000 # 1500
17621.000 # 1500
17622.000 # 1500
17623.000 # 1500
17624.000 # 1500
17625.000 # 1500
17625.094 + 128 1
17626.000 # 1500
17627.000 # 1500
17628.000 # 1500
17629.000 # 1500
17630.000 # 1500
17630.705 - 128 5.611 1
17631.000 # 1500
17632.000 # 1500
17633.000 # 1500
17634.000 # 1500
17635.000 # 1500
17636.000 # 1500
17637.000 # 1500
17638.000 # 1500
17639.000 # 1500
17639.902 + 128 1
17640.000 # 1500
17641.000 # 1500
17642.000 # 1500
17643.000 # 1500
17644.000 # 1500
17645.000 # 1500
17646.000 # 1500
17647.000 # 1500
17648.000 # 1500
17649.000 # 1500
17649.887 + 128 1
17650.000 # 1500
17650.089 - 128 10.187 1
17651.000 # 1500
17652.000 # 1500
17653.000 # 1500
17654.000 # 1500
17655.000 # 1500
17655.941 - 128 6.054 1
17656.000 # 1500
17657.000 # 1500
17658.000 # 1500
17659.000 # 1500
17660.000 # 1500
17661.000 # 1500
17661.726 + 128 1
17662.000 # 1500
17663.000 # 1500
17663.053 - 128 1.327 1
17664.000 # 1500
17665.000 # 1500
17666.000 # 1500
17667.000 # 1500
17668.000 # 1500
17669.000 # 1500
17670.000 # 1500
17671.000 # 1500
17671.817 + 128 1
17672.000 # 1500
17673.000 # 1500
17674.000 # 1500
17675.000 # 1500
17676.000 # 1500
17677.000 # 1500
17678.000 # 1500
17679.000 # 1500
17680.000 # 1500
17680.241 - 128 8.424 1
17681.000 # 1500
17682.000 # 1500
17683.000 # 1500
17684.000 # 1500
17685.000 # 1500
17686.000 # 1500
17687.000 # 1500
17688.000 # 1500
17689.000 # 1500
17689.901 + 128 1
17690.000 # 1500
17691.000 # 1500
17692.000 # 1500
17693.000 # 1500
17693.684 - 128 3.783 1
17694.000 # 1500
17695.000 # 1500
17696.000 # 1500
17697.000 # 1500
17698.000 # 1500
17699.000 # 1500
17699.655 + 128 1
17700.000 # 1500
17701.000 # 1500
17702.000 # 1500
17703.000 # 1500
17704.000 # 1500
17705.000 # 1500
17706.000 # 1500
17707.000 # 1500
17708.000 # 1500
17709.000 # 1500
17709.606 + 128 1
17709.847 - 128 10.192 1
17710.000 # 1500
17711.000 # 1500
17711.313 - 128 1.707 1
17712.000 # 1500
17713.000 # 1500
17714.000 # 1500
17715.000 # 1500
17716.000 # 1500
17717.000 # 1500
17718.000 # 1500
17719.000 # 1500
17720.000 # 1500
17721.000 # 1500
17722.000 # 1500
17723.000 # 1500
17724.000 # 1500
17725.000 # 1500
17726.000 # 1500
17727.000 # 1500
17728.000 # 1500
17729.000 # 1500
17729.665 + 128 1
17730.000 # 1500
17731.000 # 1500
17731.540 - 128 1.875 1
17732.000 # 1500
17733.000 # 1500
17734.000 # 1500
17735.000 # 1500
17736.000 # 1500
17737.000 # 1500
17738.000 # 1500
17739.000 # 1500
17739.661 + 128 1
17740.000 # 1500
17741.000 # 1500
17741.592 - 128 1.931 1
17742.000 # 1500
17743.000 # 1500
17744.000 # 1500
17745.000 # 1500
17746.000 # 1500
17747.000 # 1500
17748.000 # 1500
17749.000 # 1500
17750.000 # 1500
17751.000 # 1500
17752.000 # 1500
17753.000 # 1500
17754.000 # 1500
17755.000 # 1500
17756.000 # 1500
17757.000 # 1500
17758.000 # 1500
17759.000 # 1500
17760.000 # 1500
17761.000 # 1500
17761.556 + 128 1
17762.000 # 1500
17763.000 # 1500
17763.662 - 128 2.106 1
17764.000 # 1500
17765.000 # 1500
17766.000 # 1500
17767.000 # 1500
17768.000 # 1500
17769.000 # 1500
17770.000 # 1500
17771.000 # 1500
17771.988 + 128 1
17772.000 # 1500
17773.000 # 1500
17773.344 - 128 1.356 1
17774.000 # 1500
17775.000 # 1500
17776.000 # 1500
17777.000 # 1500
17778.000 # 1500
17779.000 # 1500
17780.000 # 1500
17781.000 # 1500
17782.000 # 1500
17783.000 # 1500
17784.000 # 1500
17785.000 # 1500
17786.000 # 1500
17787.000 # 1500
17787.008 + 128 1
17788.000 # 1500
17789.000 # 1500
17789.955 - 128 2.947 1
17790.000 # 1500
17791.000 # 1500
17792.000 # 1500
17793.000 # 1500
17794.000 # 1500
17795.000 # 1500
17796.000 # 1500
17797.000 # 1500
17797.020 + 128 1
17798.000 # 1500
17799.000 # 1500
17800.000 # 1500
17801.000 # 1500
17801.571 - 128 4.551 1
17802.000 # 1500
17803.000 # 1500
17804.000 # 1500
17805.000 # 1500
17806.000 # 1500
17807.000 # 1500
17807.005 + 128 1
17808.000 # 1500
17809.000 # 1500
17809.488 - 128 2.483 1
17810.000 # 1500
17811.000 # 1500
17812.000 # 1500
17813.000 # 1500
17814.000 # 1500
17815.000 # 1500
17816.000 # 1500
17817.000 # 1500
17818.000 # 1500
17819.000 # 1500
17820.000 # 1500
17821.000 # 1500
17822.000 # 1500
17823.000 # 1500
17824.000 # 1500
17825.000 # 1500
17826.000 # 1500
17827.000 # 1500
17827.558 + 128 1
17828.000 # 1500
17828.878 - 128 1.320 1
17829.000 # 1500
17830.000 # 1500
17831.000 # 1500
17832.000 # 1500
17833.000 # 1500
17834.000 # 1500
17835.000 # 1500
17836.000 # 1500
17837.000 # 1500
17837.509 + 128 1
17838.000 # 1500
17839.000 # 1500
17840.000 # 1500
17840.134 - 128 2.625 1
17841.000 # 1500
17842.000 # 1500
17843.000 # 1500
17844.000 # 1500
17845.000 # 1500
17846.000 # 1500
17847.000 # 1500
17848.000 # 1500
17849.000 # 1500
17850.000 # 1500
17850.107 + 128 1
17851.000 # 1500
17852.000 # 1500
17852.156 - 128 2.049 1
17853.000 # 1500
17854.000 # 1500
17855.000 # 1500
17856.000 # 1500
17857.000 # 1500
17858.000 # 1500
17859.000 # 1500
17860.000 # 1500
17860.173 + 128 1
17861.000 # 1500
17861.596 - 128 1.423 1
17862.000 # 1500
17863.000 # 1500
17864.000 # 1500
17865.000 # 1500
17866.000 # 1500
17867.000 # 1500
17868.000 # 1500
17869.000 # 1500
17870.000 # 1500
17871.000 # 1500
17872.000 # 1500
17873.000 # 1500
17874.000 # 1500
17874.822 + 128 1
17875.000 # 1500
17876.000 # 1500
17876.732 - 128 1.910 1
17877.000 # 1500
17878.000 # 1500
17879.000 # 1500
17880.000 # 1500
17881.000 # 1500
17882.000 # 1500
17883.000 # 1500
17884.000 # 1500
17885.000 # 1500
17886.000 # 1500
17887.000 # 1500
17888.000 # 1500
17889.000 # 1500
17889.781 + 128 1
17890.000 # 1500
17891.000 # 1500
17891.799 - 128 2.018 1
17892.000 # 1500
17893.000 # 1500
17894.000 # 1500
17895.000 # 1500
17896.000 # 1500
17897.000 # 1500
17898.000 # 1500
17899.000 # 1500
17899.784 + 128 1
17900.000 # 1500
17901.000 # 1500
17901.103 - 128 1.319 1
17902.000 # 1500
17903.000 # 1500
17904.000 # 1500
17905.000 # 1500
17906.000 # 1500
17907.000 # 1500
17908.000 # 1500
17909.000 # 1500
17910.000 # 1500
17911.000 # 1500
17912.000 # 1500
17912.230 + 128 1
17913.000 # 1500
17913.376 - 128 1.146 1
17914.000 # 1500
17915.000 # 1500
17916.000 # 1500
17917.000 # 1500
17918.000 # 1500
17919.000 # 1500
17920.000 # 1500
17921.000 # 1500
17922.000 # 1500
17922.199 + 128 1
17923.000 # 1500
17923.318 - 128 1.119 1
17924.000 # 1500
17925.000 # 1500
17926.000 # 1500
17927.000 # 1500
17928.000 # 1500
17929.000 # 1500
17930.000 # 1500
17931.000 # 1500
17932.000 # 1500
17932.229 + 128 1
17933.000 # 1500
17934.000 # 1500
17934.463 - 128 2.234 1
17935.000 # 1500
17936.000 # 1500
17937.000 # 1500
17938.000 # 1500
17939.000 # 1500
17940.000 # 1500
17941.000 # 1500
17942.000 # 1500
17943.000 # 1500
17944.000 # 1500
17945.000 # 1500
17946.000 # 1500
17947.000 # 1500
17948.000 # 1500
17948.796 + 128 1
17949.000 # 1500
17950.000 # 1500
17950.370 - 128 1.574 1
17951.000 # 1500
17952.000 # 1500
17953.000 # 1500
17954.000 # 1500
17955.000 # 1500
17956.000 # 1500
17957.000 # 1500
17958.000 # 1500
17958.707 + 128 1
17959.000 # 1500
17960.000 # 1500
17961.000 # 1500
17962.000 # 1500
17963.000 # 1500
17964.000 # 1500
17965.000 # 1500
17966.000 # 1500
17967.000 # 1500
17968.000 # 1500
17968.696 + 128 1
17968.879 - 128 10.172 1
17969.000 # 1500
17970.000 # 1500
17971.000 # 1500
17972.000 # 1500
17973.000 # 1500
17974.000 # 1500
17975.000 # 1500
17975.907 - 128 7.211 1
17976.000 # 1500
17977.000 # 1500
17978.000 # 1500
17979.000 # 1500
17980.000 # 1500
17981.000 # 1500
17982.000 # 1500
17983.000 # 1500
17984.000 # 1500
17985.000 # 1500
17986.000 # 1500
17987.000 # 1500
17988.000 # 1500
17989.000 # 1500
17990.000 # 1500
17991.000 # 1500
17992.000 # 1500
17993.000 # 1500
17994.000 # 1500
17995.000 # 1500
17996.000 # 1500
17997.000 # 1500
17998.000 # 1500
17998.210 + 128 1
17999.000 # 1500
17999.530 - 128 1.320 1
18000.000 # 1500
18001.000 # 1500
18002.000 # 1500
18003.000 # 1500
18004.000 # 1500
18005.000 # 1500
18006.000 # 1500
18007.000 # 1500
18008.000 # 1500
18008.210 + 128 1
18009.000 # 1500
18009.439 - 128 1.229 1
18010.000 # 1500
18011.000 # 1500
18012.000 # 1500
18013.000 # 1500
18014.000 # 1500
18015.000 # 1500
18016.000 # 1500
18017.000 # 1500
18018.000 # 1500
18019.000 # 1500
18020.000 # 1500
18021.000 # 1500
18021.557 + 128 1
18022.000 # 1500
18023.000 # 1500
18023.333 - 128 1.776 1
18024.000 # 1500
18025.000 # 1500
18026.000 # 1500
18027.000 # 1500
18028.000 # 1500
18029.000 # 1500
18030.000 # 1500
18031.000 # 1500
18031.639 + 128 1
18032.000 # 1500
18033.000 # 1500
18033.059 - 128 1.420 1
18034.000 # 1500
18035.000 # 1500
18036.000 # 1500
18037.000 # 1500
18038.000 # 1500
18039.000 # 1500
18040.000 # 1500
18041.000 # 1500
18042.000 # 1500
18043.000 # 1500
18044.000 # 1500
18045.000 # 1500
18046.000 # 1500
18046.674 + 128 1
18047.000 # 1500
18048.000 # 1500
18049.000 # 1500
18050.000 # 1500
18051.000 # 1500
18052.000 # 1500
18053.000 # 1500
18054.000 # 1500
18055.000 # 1500
18056.000 # 1500
18056.804 + 128 1
18056.961 - 128 10.287 1
18057.000 # 1500
18057.996 - 128 1.192 1
18058.000 # 1500
18059.000 # 1500
18060.000 # 1500
18061.000 # 1500
18062.000 # 1500
18063.000 # 1500
18064.000 # 1500
18065.000 # 1500
18066.000 # 1500
18067.000 # 1500
18068.000 # 1500
18068.823 + 128 1
18069.000 # 1500
18069.998 - 128 1.175 1
18070.000 # 1500
18071.000 # 1500
18072.000 # 1500
18073.000 # 1500
18074.000 # 1500
18075.000 # 1500
18076.000 # 1500
18077.000 # 1500
18078.000 # 1500
18078.902 + 128 1
18079.000 # 1500
18080.000 # 1500
18080.524 - 128 1.622 1
18081.000 # 1500
18082.000 # 1500
18083.000 # 1500
18084.000 # 1500
18085.000 # 1500
18086.000 # 1500
18087.000 # 1500
18088.000 # 1500
18089.000 # 1500
18090.000 # 1500
18091.000 # 1500
18092.000 # 1500
18093.000 # 1500
18093.901 + 128 1
18094.000 # 1500
18095.000 # 1500
18096.000 # 1500
18096.313 - 128 2.412 1
18097.000 # 1500
18098.000 # 1500
18099.000 # 1500
18100.000 # 1500
18101.000 # 1500
18102.000 # 1500
18103.000 # 1500
18104.000 # 1500
18105.000 # 1500
18106.000 # 1500
18107.000 # 1500
18108.000 # 1500
18109.000 # 1500
18110.000 # 1500
18111.000 # 1500
18112.000 # 1500
18113.000 # 1500
18113.531 + 128 1
18114.000 # 1500
18114.861 - 128 1.330 1
18115.000 # 1500
18116.000 # 1500
18117.000 # 1500
18118.000 # 1500
18119.000 # 1500
18120.000 # 1500
18121.000 # 1500
18122.000 # 1500
18123.000 # 1500
18123.469 + 128 1
18124.000 # 1500
18125.000 # 1500
18125.430 - 128 1.961 1
18126.000 # 1500
18127.000 # 1500
18128.000 # 1500
18129.000 # 1500
18130.000 # 1500
18131.000 # 1500
18132.000 # 1500
18133.000 # 1500
18134.000 # 1500
18135.000 # 1500
18136.000 # 1500
18137.000 # 1500
18138.000 # 1500
18138.580 + 128 1
18139.000 # 1500
18140.000 # 1500
18141.000 # 1500
18142.000 # 1500
18143.000 # 1500
18144.000 # 1500
18145.000 # 1500
18146.000 # 1500
18147.000 # 1500
18148.000 # 1500
18148.611 + 128 1
18148.639 - 128 10.059 1
18149.000 # 1500
18150.000 # 1500
18150.510 - 128 1.899 1
18151.000 # 1500
18152.000 # 1500
18153.000 # 1500
18154.000 # 1500
18155.000 # 1500
18156.000 # 1500
18157.000 # 1500
18158.000 # 1500
18159.000 # 1500
18160.000 # 1500
18161.000 # 1500
18162.000 # 1500
18163.000 # 1500
18164.000 # 1500
18165.000 # 1500
18166.000 # 1500
18167.000 # 1500
18168.000 # 1500
18169.000 # 1500
18170.000 # 1500
18171.000 # 1500
18172.000 # 1500
18173.000 # 1500
18174.000 # 1500
18175.000 # 1500
18175.848 + 128 1
18176.000 # 1500
18177.000 # 1500
18177.496 - 128 1.648 1
18178.000 # 1500
18179.000 # 1500
18180.000 # 1500
18181.000 # 1500
18182.000 # 1500
18183.000 # 1500
18184.000 # 1500
18185.000 # 1500
18185.938 + 128 1
18186.000 # 1500
18187.000 # 1500
18188.000 # 1500
18189.000 # 1500
18189.590 - 128 3.652 1
18190.000 # 1500
18191.000 # 1500
18192.000 # 1500
18193.000 # 1500
18194.000 # 1500
18195.000 # 1500
18196.000 # 1500
18197.000 # 1500
18198.000 # 1500
18199.000 # 1500
18200.000 # 1500
18201.000 # 1500
18202.000 # 1500
18203.000 # 1500
18204.000 # 1500
18205.000 # 1500
18205.589 + 128 1
18206.000 # 1500
18207.000 # 1500
18208.000 # 1500
18208.092 - 128 2.503 1
18209.000 # 1500
18210.000 # 1500
18211.000 # 1500
18212.000 # 1500
18213.000 # 1500
18214.000 # 1500
18215.000 # 1500
18215.614 + 128 1
18216.000 # 1500
18217.000 # 1500
18218.000 # 1500
18218.253 - 128 2.639 1
18219.000 # 1500
18220.000 # 1500
18221.000 # 1500
18222.000 # 1500
18223.000 # 1500
18224.000 # 1500
18225.000 # 1500
18226.000 # 1500
18227.000 # 1500
18228.000 # 1500
18228.392 + 128 1
18229.000 # 1500
18229.610 - 128 1.218 1
18230.000 # 1500
18231.000 # 1500
18232.000 # 1500
18233.000 # 1500
18234.000 # 1500
18235.000 # 1500
18236.000 # 1500
18237.000 # 1500
18238.000 # 1500
18239.000 # 1500
18240.000 # 1500
18241.000 # 1500
18242.000 # 1500
18243.000 # 1500
18244.000 # 1500
18245.000 # 1500
18246.000 # 1500
18247.000 # 1500
18247.642 + 128 1
18248.000 # 1500
18249.000 # 1500
18249.223 - 128 1.581 1
18250.000 # 1500
18251.000 # 1500
18252.000 # 1500
18253.000 # 1500
18254.000 # 1500
18255.000 # 1500
18256.000 # 1500
18257.000 # 1500
18258.000 # 1500
18259.000 # 1500
18260.000 # 1500
18261.000 # 1500
18262.000 # 1500
18263.000 # 1500
18264.000 # 1500
18265.000 # 1500
18266.000 # 1500
18267.000 # 1500
18268.000 # 1500
18269.000 # 1500
18270.000 # 1500
18270.373 + 128 1
18271.000 # 1500
18272.000 # 1500
18272.921 - 128 2.548 1
18273.000 # 1500
18274.000 # 1500
18275.000 # 1500
18276.000 # 1500
18277.000 # 1500
18278.000 # 1500
18279.000 # 1500
18280.000 # 1500
18280.379 + 128 1
18281.000 # 1500
18282.000 # 1500
18282.564 - 128 2.185 1
18283.000 # 1500
18284.000 # 1500
18285.000 # 1500
18286.000 # 1500
18287.000 # 1500
18288.000 # 1500
18289.000 # 1500
18290.000 # 1500
18291.000 # 1500
18292.000 # 1500
18293.000 # 1500
18294.000 # 1500
18295.000 # 1500
18296.000 # 1500
18297.000 # 1500
18298.000 # 1500
18298.057 + 128 1
18299.000 # 1500
18300.000 # 1500
18300.835 - 128 2.778 1
18301.000 # 1500
18302.000 # 1500
18303.000 # 1500
18304.000 # 1500
18305.000 # 1500
18306.000 # 1500
18307.000 # 1500
18308.000 # 1500
18308.073 + 128 1
18309.000 # 1500
18310.000 # 1500
18310.110 - 128 2.037 1
18311.000 # 1500
18312.000 # 1500
18313.000 # 1500
18314.000 # 1500
18315.000 # 1500
18316.000 # 1500
18317.000 # 1500
18318.000 # 1500
18319.000 # 1500
18320.000 # 1500
18321.000 # 1500
18322.000 # 1500
18322.711 + 128 1
18323.000 # 1500
18324.000 # 1500
18324.984 - 128 2.273 1
18325.000 # 1500
18326.000 # 1500
18327.000 # 1500
18328.000 # 1500
18329.000 # 1500
18330.000 # 1500
18331.000 # 1500
18332.000 # 1500
18332.686 + 128 1
18333.000 # 1500
18334.000 # 1500
18334.631 - 128 1.945 1
18335.000 # 1500
18336.000 # 1500
18337.000 # 1500
18338.000 # 1500
18339.000 # 1500
18340.000 # 1500
18341.000 # 1500
18342.000 # 1500
18343.000 # 1500
18344.000 # 1500
18345.000 # 1500
18346.000 # 1500
18347.000 # 1500
18348.000 # 1500
18349.000 # 1500
18350.000 # 1500
18351.000 # 1500
18352.000 # 1500
18353.000 # 1500
18353.560 + 128 1
18354.000 # 1500
18355.000 # 1500
18356.000 # 1500
18357.000 # 1500
18358.000 # 1500
18359.000 # 1500
18360.000 # 1500
18361.000 # 1500
18362.000 # 1500
18363.000 # 1500
18363.697 + 128 1
18363.812 - 128 10.252 1
18364.000 # 1500
18365.000 # 1500
18366.000 # 1500
18367.000 # 1500
18368.000 # 1500
18369.000 # 1500
18369.562 - 128 5.865 1
18370.000 # 1500
18371.000 # 1500
18372.000 # 1500
18373.000 # 1500
18374.000 # 1500
18374.835 + 128 1
18375.000 # 1500
18376.000 # 1500
18377.000 # 1500
18377.879 - 128 3.044 1
18378.000 # 1500
18379.000 # 1500
18380.000 # 1500
18381.000 # 1500
18382.000 # 1500
18383.000 # 1500
18384.000 # 1500
18384.892 + 128 1
18385.000 # 1500
18386.000 # 1500
18386.804 - 128 1.912 1
18387.000 # 1500
18388.000 # 1500
18389.000 # 1500
18390.000 # 1500
18391.000 # 1500
18392.000 # 1500
18393.000 # 1500
18394.000 # 1500
18395.000 # 1500
18396.000 # 1500
18397.000 # 1500
18398.000 # 1500
18399.000 # 1500
18400.000 # 1500
18401.000 # 1500
18402.000 # 1500
18403.000 # 1500
18404.000 # 1500
18405.000 # 1500
18406.000 # 1500
18407.000 # 1500
18408.000 # 1500
18409.000 # 1500
18410.000 # 1500
18411.000 # 1500
18412.000 # 1500
18413.000 # 1500
18414.000 # 1500
18414.830 + 128 1
18415.000 # 1500
18416.000 # 1500
18416.055 - 128 1.225 1
18417.000 # 1500
18418.000 # 1500
18419.000 # 1500
18420.000 # 1500
18421.000 # 1500
18422.000 # 1500
18423.000 # 1500
18424.000 # 1500
18424.787 + 128 1
18425.000 # 1500
18426.000 # 1500
18426.344 - 128 1.557 1
18427.000 # 1500
18428.000 # 1500
18429.000 # 1500
18430.000 # 1500
18431.000 # 1500
18432.000 # 1500
18433.000 # 1500
18434.000 # 1500
18434.643 + 128 1
18435.000 # 1500
18436.000 # 1500
18437.000 # 1500
18437.051 - 128 2.408 1
18438.000 # 1500
18439.000 # 1500
18440.000 # 1500
18441.000 # 1500
18442.000 # 1500
18443.000 # 1500
18444.000 # 1500
18445.000 # 1500
18446.000 # 1500
18447.000 # 1500
18448.000 # 1500
18449.000 # 1500
18449.617 + 128 1
18450.000 # 1500
18451.000 # 1500
18452.000 # 1500
18452.218 - 128 2.601 1
18453.000 # 1500
18454.000 # 1500
18455.000 # 1500
18456.000 # 1500
18457.000 # 1500
18458.000 # 1500
18459.000 # 1500
18459.650 + 128 1
18460.000 # 1500
18461.000 # 1500
18461.963 - 128 2.313 1
18462.000 # 1500
18463.000 # 1500
18464.000 # 1500
18465.000 # 1500
18466.000 # 1500
18467.000 # 1500
18468.000 # 1500
18469.000 # 1500
18470.000 # 1500
18471.000 # 1500
18472.000 # 1500
18473.000 # 1500
18474.000 # 1500
18474.187 + 128 1
18475.000 # 1500
18476.000 # 1500
18476.511 - 128 2.324 1
18477.000 # 1500
18478.000 # 1500
18479.000 # 1500
18480.000 # 1500
18481.000 # 1500
18482.000 # 1500
18483.000 # 1500
18484.000 # 1500
18484.012 + 128 1
18485.000 # 1500
18486.000 # 1500
18486.526 - 128 2.514 1
18487.000 # 1500
18488.000 # 1500
18489.000 # 1500
18490.000 # 1500
18491.000 # 1500
18492.000 # 1500
18493.000 # 1500
18494.000 # 1500
18494.055 + 128 1
18495.000 # 1500
18496.000 # 1500
18496.032 - 128 1.977 1
18497.000 # 1500
18498.000 # 1500
18499.000 # 1500
18500.000 # 1500
18501.000 # 1500
18502.000 # 1500
18503.000 # 1500
18504.000 # 1500
18505.000 # 1500
18506.000 # 1500
18507.000 # 1500
18508.000 # 1500
18509.000 # 1500
18510.000 # 1500
18511.000 # 1500
18512.000 # 1500
18513.000 # 1500
18514.000 # 1500
18515.000 # 1500
18516.000 # 1500
18517.000 # 1500
18518.000 # 1500
18518.006 + 128 1
18519.000 # 1500
18519.424 - 128 1.418 1
18520.000 # 1500
18521.000 # 1500
18522.000 # 1500
18523.000 # 1500
18524.000 # 1500
18525.000 # 1500
18526.000 # 1500
18527.000 # 1500
18528.000 # 1500
18528.010 + 128 1
18529.000 # 1500
18529.824 - 128 1.814 1
18530.000 # 1500
18531.000 # 1500
18532.000 # 1500
18533.000 # 1500
18534.000 # 1500
18535.000 # 1500
18536.000 # 1500
18537.000 # 1500
18538.000 # 1500
18539.000 # 1500
18540.000 # 1500
18541.000 # 1500
18542.000 # 1500
18543.000 # 1500
18544.000 # 1500
18545.000 # 1500
18546.000 # 1500
18547.000 # 1500
18548.000 # 1500
18548.921 + 128 1
18549.000 # 1500
18550.000 # 1500
18551.000 # 1500
18552.000 # 1500
18553.000 # 1500
18554.000 # 1500
18555.000 # 1500
18556.000 # 1500
18557.000 # 1500
18558.000 # 1500
18558.777 + 128 1
18558.822 - 128 9.901 1
18559.000 # 1500
18560.000 # 1500
18560.683 - 128 1.906 1
18561.000 # 1500
18562.000 # 1500
18563.000 # 1500
18564.000 # 1500
18565.000 # 1500
18566.000 # 1500
18567.000 # 1500
18568.000 # 1500
18568.675 + 128 1
18569.000 # 1500
18569.735 - 128 1.060 1
18570.000 # 1500
18571.000 # 1500
18572.000 # 1500
18573.000 # 1500
18574.000 # 1500
18575.000 # 1500
18576.000 # 1500
18577.000 # 1500
18578.000 # 1500
18579.000 # 1500
18580.000 # 1500
18581.000 # 1500
18582.000 # 1500
18583.000 # 1500
18584.000 # 1500
18585.000 # 1500
18585.510 + 128 1
18586.000 # 1500
18586.540 - 128 1.030 1
18587.000 # 1500
18588.000 # 1500
18589.000 # 1500
18590.000 # 1500
18591.000 # 1500
18592.000 # 1500
18593.000 # 1500
18594.000 # 1500
18595.000 # 1500
18595.475 + 128 1
18596.000 # 1500
18596.520 - 128 1.045 1
18597.000 # 1500
18598.000 # 1500
18599.000 # 1500
18600.000 # 1500
18601.000 # 1500
18602.000 # 1500
18603.000 # 1500
18604.000 # 1500
18605.000 # 1500
18606.000 # 1500
18607.000 # 1500
18608.000 # 1500
18609.000 # 1500
18609.506 + 128 1
18610.000 # 1500
18610.540 - 128 1.034 1
18611.000 # 1500
18612.000 # 1500
18613.000 # 1500
18614.000 # 1500
18615.000 # 1500
18616.000 # 1500
18617.000 # 1500
18618.000 # 1500
18619.000 # 1500
18619.516 + 128 1
18620.000 # 1500
18620.621 - 128 1.105 1
18621.000 # 1500
18622.000 # 1500
18623.000 # 1500
18624.000 # 1500
18625.000 # 1500
18626.000 # 1500
18627.000 # 1500
18628.000 # 1500
18629.000 # 1500
18630.000 # 1500
18631.000 # 1500
18632.000 # 1500
18633.000 # 1500
18633.510 + 128 1
18634.000 # 1500
18634.573 - 128 1.063 1
18635.000 # 1500
18636.000 # 1500
18637.000 # 1500
18638.000 # 1500
18639.000 # 1500
18640.000 # 1500
18641.000 # 1500
18642.000 # 1500
18643.000 # 1500
18643.512 + 128 1
18644.000 # 1500
18644.561 - 128 1.049 1
18645.000 # 1500
18646.000 # 1500
18647.000 # 1500
18648.000 # 1500
18649.000 # 1500
18650.000 # 1500
18651.000 # 1500
18652.000 # 1500
18653.000 # 1500
18654.000 # 1500
18655.000 # 1500
18656.000 # 1500
18657.000 # 1500
18657.507 + 128 1
18658.000 # 1500
18658.554 - 128 1.047 1
18659.000 # 1500
18660.000 # 1500
18661.000 # 1500
18662.000 # 1500
18663.000 # 1500
18664.000 # 1500
18665.000 # 1500
18666.000 # 1500
18667.000 # 1500
18667.493 + 128 1
18668.000 # 1500
18668.568 - 128 1.075 1
18669.000 # 1500
18670.000 # 1500
18671.000 # 1500
18672.000 # 1500
18673.000 # 1500
18674.000 # 1500
18675.000 # 1500
18676.000 # 1500
18677.000 # 1500
18678.000 # 1500
18679.000 # 1500
18680.000 # 1500
18681.000 # 1500
18681.506 + 128 1
18682.000 # 1500
18682.589 - 128 1.083 1
18683.000 # 1500
18684.000 # 1500
18685.000 # 1500
18686.000 # 1500
18687.000 # 1500
18688.000 # 1500
18689.000 # 1500
18690.000 # 1500
18691.000 # 1500
18692.000 # 1500
18693.000 # 1500
18694.000 # 1500
18695.000 # 1500
18696.000 # 1500
18697.000 # 1500
18698.000 # 1500
18699.000 # 1500
18700.000 # 1500
18701.000 # 1500
18701.503 + 128 1
18702.000 # 1500
18702.541 - 128 1.038 1
18703.000 # 1500
18704.000 # 1500
18705.000 # 1500
18706.000 # 1500
18707.000 # 1500
18708.000 # 1500
18709.000 # 1500
18710.000 # 1500
18711.000 # 1500
18711.464 + 128 1
18712.000 # 1500
18712.549 - 128 1.085 1
18713.000 # 1500
18714.000 # 1500
18715.000 # 1500
18716.000 # 1500
18717.000 # 1500
18718.000 # 1500
18719.000 # 1500
18720.000 # 1500
18721.000 # 1500
18722.000 # 1500
18723.000 # 1500
18724.000 # 1500
18725.000 # 1500
18725.523 + 128 1
18726.000 # 1500
18726.569 - 128 1.046 1
18727.000 # 1500
18728.000 # 1500
18729.000 # 1500
18730.000 # 1500
18731.000 # 1500
18732.000 # 1500
18733.000 # 1500
18734.000 # 1500
18735.000 # 1500
18735.821 + 128 1
18736.000 # 1500
18737.000 # 1500
18737.134 - 128 1.313 1
18738.000 # 1500
18739.000 # 1500
18740.000 # 1500
18741.000 # 1500
18742.000 # 1500
18743.000 # 1500
18744.000 # 1500
18745.000 # 1500
18746.000 # 1500
18747.000 # 1500
18748.000 # 1500
18749.000 # 1500
18749.797 + 128 1
18750.000 # 1500
18751.000 # 1500
18751.024 - 128 1.227 1
18752.000 # 1500
18753.000 # 1500
18754.000 # 1500
18755.000 # 1500
18756.000 # 1500
18757.000 # 1500
18758.000 # 1500
18759.000 # 1500
18759.510 + 128 1
18760.000 # 1500
18760.584 - 128 1.074 1
18761.000 # 1500
18762.000 # 1500
18763.000 # 1500
18764.000 # 1500
18765.000 # 1500
18766.000 # 1500
18767.000 # 1500
18768.000 # 1500
18769.000 # 1500
18770.000 # 1500
18771.000 # 1500
18772.000 # 1500
18773.000 # 1500
18773.531 + 128 1
18774.000 # 1500
18774.620 - 128 1.089 1
18775.000 # 1500
18776.000 # 1500
18777.000 # 1500
18778.000 # 1500
18779.000 # 1500
18780.000 # 1500
18781.000 # 1500
18782.000 # 1500
18783.000 # 1500
18783.524 + 128 1
18784.000 # 1500
18784.585 - 128 1.061 1
18785.000 # 1500
18786.000 # 1500
18787.000 # 1500
18788.000 # 1500
18789.000 # 1500
18790.000 # 1500
18791.000 # 1500
18792.000 # 1500
18793.000 # 1500
18794.000 # 1500
18795.000 # 1500
18796.000 # 1500
18797.000 # 1500
18797.507 + 128 1
18798.000 # 1500
18798.588 - 128 1.081 1
18799.000 # 1500
18800.000 # 1500
18801.000 # 1500
18802.000 # 1500
18803.000 # 1500
18804.000 # 1500
18805.000 # 1500
18806.000 # 1500
18807.000 # 1500
18807.471 + 128 1
18808.000 # 1500
18808.506 - 128 1.035 1
18809.000 # 1500
18810.000 # 1500
18811.000 # 1500
18812.000 # 1500
18813.000 # 1500
18814.000 # 1500
18815.000 # 1500
18816.000 # 1500
18817.000 # 1500
18818.000 # 1500
18819.000 # 1500
18820.000 # 1500
18821.000 # 1500
18821.519 + 128 1
18822.000 # 1500
18822.550 - 128 1.031 1
18823.000 # 1500
18824.000 # 1500
18825.000 # 1500
18826.000 # 1500
18827.000 # 1500
18828.000 # 1500
18829.000 # 1500
18830.000 # 1500
18831.000 # 1500
18831.494 + 128 1
18832.000 # 1500
18832.766 - 128 1.272 1
18833.000 # 1500
18834.000 # 1500
18835.000 # 1500
18836.000 # 1500
18837.000 # 1500
18838.000 # 1500
18839.000 # 1500
18840.000 # 1500
18841.000 # 1500
18841.550 + 128 1
18842.000 # 1500
18842.627 - 128 1.077 1
18843.000 # 1500
18844.000 # 1500
18845.000 # 1500
18846.000 # 1500
18847.000 # 1500
18848.000 # 1500
18849.000 # 1500
18850.000 # 1500
18851.000 # 1500
18851.853 + 128 1
18852.000 # 1500
18853.000 # 1500
18853.500 - 128 1.647 1
18854.000 # 1500
18855.000 # 1500
18856.000 # 1500
18857.000 # 1500
18858.000 # 1500
18859.000 # 1500
18860.000 # 1500
18861.000 # 1500
18862.000 # 1500
18863.000 # 1500
18864.000 # 1500
18865.000 # 1500
18865.531 + 128 1
18866.000 # 1500
18866.603 - 128 1.072 1
18867.000 # 1500
18868.000 # 1500
18869.000 # 1500
18870.000 # 1500
18871.000 # 1500
18872.000 # 1500
18873.000 # 1500
18874.000 # 1500
18875.000 # 1500
18875.526 + 128 1
18876.000 # 1500
18876.576 - 128 1.050 1
18877.000 # 1500
18878.000 # 1500
18879.000 # 1500
18880.000 # 1500
18881.000 # 1500
18882.000 # 1500
18883.000 # 1500
18884.000 # 1500
18885.000 # 1500
18886.000 # 1500
18887.000 # 1500
18888.000 # 1500
18889.000 # 1500
18889.525 + 128 1
18890.000 # 1500
18890.967 - 128 1.442 1
18891.000 # 1500
18892.000 # 1500
18893.000 # 1500
18894.000 # 1500
18895.000 # 1500
18896.000 # 1500
18897.000 # 1500
18898.000 # 1500
18899.000 # 1500
18899.506 + 128 1
18900.000 # 1500
18900.565 - 128 1.059 1
18901.000 # 1500
18902.000 # 1500
18903.000 # 1500
18904.000 # 1500
18905.000 # 1500
18906.000 # 1500
18907.000 # 1500
18908.000 # 1500
18909.000 # 1500
18910.000 # 1500
18911.000 # 1500
18912.000 # 1500
18913.000 # 1500
18913.510 + 128 1
18914.000 # 1500
18914.586 - 128 1.076 1
18915.000 # 1500
18916.000 # 1500
18917.000 # 1500
18918.000 # 1500
18919.000 # 1500
18920.000 # 1500
18921.000 # 1500
18922.000 # 1500
18923.000 # 1500
18923.548 + 128 1
18924.000 # 1500
18924.642 - 128 1.094 1
18925.000 # 1500
18926.000 # 1500
18927.000 # 1500
18928.000 # 1500
18929.000 # 1500
18930.000 # 1500
18931.000 # 1500
18932.000 # 1500
18933.000 # 1500
18934.000 # 1500
18935.000 # 1500
18936.000 # 1500
18937.000 # 1500
18938.000 # 1500
18939.000 # 1500
18940.000 # 1500
18941.000 # 1500
18941.523 + 128 1
18942.000 # 1500
18942.619 - 128 1.096 1
18943.000 # 1500
18944.000 # 1500
18945.000 # 1500
18946.000 # 1500
18947.000 # 1500
18948.000 # 1500
18949.000 # 1500
18950.000 # 1500
18951.000 # 1500
18951.506 + 128 1
18952.000 # 1500
18952.609 - 128 1.103 1
18953.000 # 1500
18954.000 # 1500
18955.000 # 1500
18956.000 # 1500
18957.000 # 1500
18958.000 # 1500
18959.000 # 1500
18960.000 # 1500
18961.000 # 1500
18962.000 # 1500
18963.000 # 1500
18964.000 # 1500
18965.000 # 1500
18965.512 + 128 1
18966.000 # 1500
18966.598 - 128 1.086 1
18967.000 # 1500
18968.000 # 1500
18969.000 # 1500
18970.000 # 1500
18971.000 # 1500
18972.000 # 1500
18973.000 # 1500
18974.000 # 1500
18975.000 # 1500
18975.495 + 128 1
18976.000 # 1500
18976.569 - 128 1.074 1
18977.000 # 1500
18978.000 # 1500
18979.000 # 1500
18980.000 # 1500
18981.000 # 1500
18982.000 # 1500
18983.000 # 1500
18984.000 # 1500
18985.000 # 1500
18986.000 # 1500
18987.000 # 1500
18988.000 # 1500
18989.000 # 1500
18989.510 + 128 1
18990.000 # 1500
18990.605 - 128 1.095 1
18991.000 # 1500
18992.000 # 1500
18993.000 # 1500
18994.000 # 1500
18995.000 # 1500
18996.000 # 1500
18997.000 # 1500
18998.000 # 1500
18999.000 # 1500
18999.515 + 128 1
19000.000 # 1500
19000.608 - 128 1.093 1
19001.000 # 1500
19002.000 # 1500
19003.000 # 1500
19004.000 # 1500
19005.000 # 1500
19006.000 # 1500
19007.000 # 1500
19008.000 # 1500
19009.000 # 1500
19010.000 # 1500
19011.000 # 1500
19012.000 # 1500
19013.000 # 1500
19013.510 + 128 1
19014.000 # 1500
19014.845 - 128 1.335 1
19015.000 # 1500
19016.000 # 1500
19017.000 # 1500
19018.000 # 1500
19019.000 # 1500
19020.000 # 1500
19021.000 # 1500
19022.000 # 1500
19023.000 # 1500
19023.507 + 128 1
19024.000 # 1500
19024.548 - 128 1.041 1
19025.000 # 1500
19026.000 # 1500
19027.000 # 1500
19028.000 # 1500
19029.000 # 1500
19030.000 # 1500
19031.000 # 1500
19032.000 # 1500
19033.000 # 1500
19034.000 # 1500
19035.000 # 1500
19036.000 # 1500
19037.000 # 1500
19037.511 + 128 1
19038.000 # 1500
19038.600 - 128 1.089 1
19039.000 # 1500
19040.000 # 1500
19041.000 # 1500
19042.000 # 1500
19043.000 # 1500
19044.000 # 1500
19045.000 # 1500
19046.000 # 1500
19047.000 # 1500
19047.575 + 128 1
19048.000 # 1500
19048.899 - 128 1.324 1
19049.000 # 1500
19050.000 # 1500
19051.000 # 1500
19052.000 # 1500
19053.000 # 1500
19054.000 # 1500
19055.000 # 1500
19056.000 # 1500
19057.000 # 1500
19058.000 # 1500
19059.000 # 1500
19060.000 # 1500
19061.000 # 1500
19061.839 + 128 1
19062.000 # 1500
19062.928 - 128 1.089 1
19063.000 # 1500
19064.000 # 1500
19065.000 # 1500
19066.000 # 1500
19067.000 # 1500
19068.000 # 1500
19069.000 # 1500
19070.000 # 1500
19071.000 # 1500
19071.496 + 128 1
19072.000 # 1500
19072.575 - 128 1.079 1
19073.000 # 1500
19074.000 # 1500
19075.000 # 1500
19076.000 # 1500
19077.000 # 1500
19078.000 # 1500
19079.000 # 1500
19080.000 # 1500
19081.000 # 1500
19082.000 # 1500
19083.000 # 1500
19084.000 # 1500
19085.000 # 1500
19086.000 # 1500
19087.000 # 1500
19088.000 # 1500
19089.000 # 1500
19089.507 + 128 1
19090.000 # 1500
19090.540 - 128 1.033 1
19091.000 # 1500
19092.000 # 1500
19093.000 # 1500
19094.000 # 1500
19095.000 # 1500
19096.000 # 1500
19097.000 # 1500
19098.000 # 1500
19099.000 # 1500
19099.473 + 128 1
19100.000 # 1500
19100.644 - 128 1.171 1
19101.000 # 1500
19102.000 # 1500
19103.000 # 1500
19104.000 # 1500
19105.000 # 1500
19106.000 # 1500
19107.000 # 1500
19108.000 # 1500
19109.000 # 1500
19109.515 + 128 1
19110.000 # 1500
19110.587 - 128 1.072 1
19111.000 # 1500
19112.000 # 1500
19113.000 # 1500
19114.000 # 1500
19115.000 # 1500
19116.000 # 1500
19117.000 # 1500
19118.000 # 1500
19119.000 # 1500
19119.813 + 128 1
19120.000 # 1500
19121.000 # 1500
19121.038 - 128 1.225 1
19122.000 # 1500
19123.000 # 1500
19124.000 # 1500
19125.000 # 1500
19126.000 # 1500
19127.000 # 1500
19128.000 # 1500
19129.000 # 1500
19130.000 # 1500
19131.000 # 1500
19132.000 # 1500
19133.000 # 1500
19133.521 + 128 1
19134.000 # 1500
19134.568 - 128 1.047 1
19135.000 # 1500
19136.000 # 1500
19137.000 # 1500
19138.000 # 1500
19139.000 # 1500
19140.000 # 1500
19141.000 # 1500
19142.000 # 1500
19143.000 # 1500
19143.485 + 128 1
19144.000 # 1500
19144.596 - 128 1.111 1
19145.000 # 1500
19146.000 # 1500
19147.000 # 1500
19148.000 # 1500
19149.000 # 1500
19150.000 # 1500
19151.000 # 1500
19152.000 # 1500
19153.000 # 1500
19154.000 # 1500
19155.000 # 1500
19156.000 # 1500
19157.000 # 1500
19157.539 + 128 1
19158.000 # 1500
19158.809 - 128 1.270 1
19159.000 # 1500
19160.000 # 1500
19161.000 # 1500
19162.000 # 1500
19163.000 # 1500
19164.000 # 1500
19165.000 # 1500
19166.000 # 1500
19167.000 # 1500
19167.500 + 128 1
19168.000 # 1500
19168.539 - 128 1.039 1
19169.000 # 1500
19170.000 # 1500
19171.000 # 1500
19172.000 # 1500
19173.000 # 1500
19174.000 # 1500
19175.000 # 1500
19176.000 # 1500
19177.000 # 1500
19178.000 # 1500
19179.000 # 1500
19180.000 # 1500
19181.000 # 1500
19181.521 + 128 1
19182.000 # 1500
19182.605 - 128 1.084 1
19183.000 # 1500
19184.000 # 1500
19185.000 # 1500
19186.000 # 1500
19187.000 # 1500
19188.000 # 1500
19189.000 # 1500
19190.000 # 1500
19191.000 # 1500
19191.491 + 128 1
19192.000 # 1500
19192.545 - 128 1.054 1
19193.000 # 1500
19194.000 # 1500
19195.000 # 1500
19196.000 # 1500
19197.000 # 1500
19198.000 # 1500
19199.000 # 1500
19200.000 # 1500
19201.000 # 1500
19202.000 # 1500
19203.000 # 1500
19204.000 # 1500
19205.000 # 1500
19205.509 + 128 1
19206.000 # 1500
19206.540 - 128 1.031 1
19207.000 # 1500
19208.000 # 1500
19209.000 # 1500
19210.000 # 1500
19211.000 # 1500
19212.000 # 1500
19213.000 # 1500
19214.000 # 1500
19215.000 # 1500
19215.677 + 128 1
19216.000 # 1500
19217.000 # 1500
19217.001 - 128 1.324 1
19218.000 # 1500
19219.000 # 1500
19220.000 # 1500
19221.000 # 1500
19222.000 # 1500
19223.000 # 1500
19224.000 # 1500
19225.000 # 1500
19226.000 # 1500
19227.000 # 1500
19228.000 # 1500
19229.000 # 1500
19229.849 + 128 1
19230.000 # 1500
19230.974 - 128 1.125 1
19231.000 # 1500
19232.000 # 1500
19233.000 # 1500
19234.000 # 1500
19235.000 # 1500
19236.000 # 1500
19237.000 # 1500
19238.000 # 1500
19239.000 # 1500
19239.469 + 128 1
19240.000 # 1500
19240.548 - 128 1.079 1
19241.000 # 1500
19242.000 # 1500
19243.000 # 1500
19244.000 # 1500
19245.000 # 1500
19246.000 # 1500
19247.000 # 1500
19248.000 # 1500
19249.000 # 1500
19249.511 + 128 1
19250.000 # 1500
19250.543 - 128 1.032 1
19251.000 # 1500
19252.000 # 1500
19253.000 # 1500
19254.000 # 1500
19255.000 # 1500
19256.000 # 1500
19257.000 # 1500
19258.000 # 1500
19259.000 # 1500
19259.489 + 128 1
19260.000 # 1500
19260.848 - 128 1.359 1
19261.000 # 1500
19262.000 # 1500
19263.000 # 1500
19264.000 # 1500
19265.000 # 1500
19266.000 # 1500
19267.000 # 1500
19268.000 # 1500
19269.000 # 1500
19270.000 # 1500
19271.000 # 1500
19272.000 # 1500
19273.000 # 1500
19273.703 + 128 1
19274.000 # 1500
19275.000 # 1500
19275.212 - 128 1.509 1
19276.000 # 1500
19277.000 # 1500
19278.000 # 1500
19279.000 # 1500
19280.000 # 1500
19281.000 # 1500
19282.000 # 1500
19283.000 # 1500
19283.478 + 128 1
19284.000 # 1500
19284.564 - 128 1.086 1
19285.000 # 1500
19286.000 # 1500
19287.000 # 1500
19288.000 # 1500
19289.000 # 1500
19290.000 # 1500
19291.000 # 1500
19292.000 # 1500
19293.000 # 1500
19294.000 # 1500
19295.000 # 1500
19296.000 # 1500
19297.000 # 1500
19297.511 + 128 1
19298.000 # 1500
19298.571 - 128 1.060 1
19299.000 # 1500
19300.000 # 1500
19301.000 # 1500
19302.000 # 1500
19303.000 # 1500
19304.000 # 1500
19305.000 # 1500
19306.000 # 1500
19307.000 # 1500
19307.506 + 128 1
19308.000 # 1500
19308.575 - 128 1.069 1
19309.000 # 1500
19310.000 # 1500
19311.000 # 1500
19312.000 # 1500
19313.000 # 1500
19314.000 # 1500
19315.000 # 1500
19316.000 # 1500
19317.000 # 1500
19317.516 + 128 1
19318.000 # 1500
19318.913 - 128 1.397 1
19319.000 # 1500
19320.000 # 1500
19321.000 # 1500
19322.000 # 1500
19323.000 # 1500
19324.000 # 1500
19325.000 # 1500
19326.000 # 1500
19327.000 # 1500
19327.503 + 128 1
19328.000 # 1500
19328.539 - 128 1.036 1
19329.000 # 1500
19330.000 # 1500
19331.000 # 1500
19332.000 # 1500
19333.000 # 1500
19334.000 # 1500
19335.000 # 1500
19336.000 # 1500
19337.000 # 1500
19338.000 # 1500
19339.000 # 1500
19340.000 # 1500
19341.000 # 1500
19341.507 + 128 1
19342.000 # 1500
19342.592 - 128 1.085 1
19343.000 # 1500
19344.000 # 1500
19345.000 # 1500
19346.000 # 1500
19347.000 # 1500
19348.000 # 1500
19349.000 # 1500
19350.000 # 1500
19351.000 # 1500
19351.505 + 128 1
19352.000 # 1500
19352.775 - 128 1.270 1
19353.000 # 1500
19354.000 # 1500
19355.000 # 1500
19356.000 # 1500
19357.000 # 1500
19358.000 # 1500
19359.000 # 1500
19360.000 # 1500
19361.000 # 1500
19362.000 # 1500
19363.000 # 1500
19364.000 # 1500
19365.000 # 1500
19365.744 + 128 1
19366.000 # 1500
19366.814 - 128 1.070 1
19367.000 # 1500
19368.000 # 1500
19369.000 # 1500
19370.000 # 1500
19371.000 # 1500
19372.000 # 1500
19373.000 # 1500
19374.000 # 1500
19375.000 # 1500
19375.526 + 128 1
19376.000 # 1500
19376.558 - 128 1.032 1
19377.000 # 1500
19378.000 # 1500
19379.000 # 1500
19380.000 # 1500
19381.000 # 1500
19382.000 # 1500
19383.000 # 1500
19384.000 # 1500
19385.000 # 1500
19386.000 # 1500
19387.000 # 1500
19388.000 # 1500
19389.000 # 1500
19389.510 + 128 1
19390.000 # 1500
19390.563 - 128 1.053 1
19391.000 # 1500
19392.000 # 1500
19393.000 # 1500
19394.000 # 1500
19395.000 # 1500
19396.000 # 1500
19397.000 # 1500
19398.000 # 1500
19399.000 # 1500
19399.468 + 128 1
19400.000 # 1500
19400.532 - 128 1.064 1
19401.000 # 1500
19402.000 # 1500
19403.000 # 1500
19404.000 # 1500
19405.000 # 1500
19406.000 # 1500
19407.000 # 1500
19408.000 # 1500
19409.000 # 1500
19410.000 # 1500
19411.000 # 1500
19412.000 # 1500
19413.000 # 1500
19413.510 + 128 1
19414.000 # 1500
19414.573 - 128 1.063 1
19415.000 # 1500
19416.000 # 1500
19417.000 # 1500
19418.000 # 1500
19419.000 # 1500
19420.000 # 1500
19421.000 # 1500
19422.000 # 1500
19423.000 # 1500
19423.802 + 128 1
19424.000 # 1500
19424.961 - 128 1.159 1
19425.000 # 1500
19426.000 # 1500
19427.000 # 1500
19428.000 # 1500
19429.000 # 1500
19430.000 # 1500
19431.000 # 1500
19432.000 # 1500
19433.000 # 1500
19434.000 # 1500
19435.000 # 1500
19436.000 # 1500
19437.000 # 1500
19438.000 # 1500
19439.000 # 1500
19440.000 # 1500
19441.000 # 1500
19441.773 + 128 1
19442.000 # 1500
19443.000 # 1500
19443.289 - 128 1.516 1
19444.000 # 1500
19445.000 # 1500
19446.000 # 1500
19447.000 # 1500
19448.000 # 1500
19449.000 # 1500
19450.000 # 1500
19451.000 # 1500
19451.486 + 128 1
19452.000 # 1500
19452.559 - 128 1.073 1
19453.000 # 1500
19454.000 # 1500
19455.000 # 1500
19456.000 # 1500
19457.000 # 1500
19458.000 # 1500
19459.000 # 1500
19460.000 # 1500
19461.000 # 1500
19462.000 # 1500
19463.000 # 1500
19464.000 # 1500
19465.000 # 1500
19465.512 + 128 1
19466.000 # 1500
19466.567 - 128 1.055 1
19467.000 # 1500
19468.000 # 1500
19469.000 # 1500
19470.000 # 1500
19471.000 # 1500
19472.000 # 1500
19473.000 # 1500
19474.000 # 1500
19475.000 # 1500
19475.613 + 128 1
19476.000 # 1500
19476.662 - 128 1.049 1
19477.000 # 1500
19478.000 # 1500
19479.000 # 1500
19480.000 # 1500
19481.000 # 1500
19482.000 # 1500
19483.000 # 1500
19484.000 # 1500
19485.000 # 1500
19486.000 # 1500
19487.000 # 1500
19488.000 # 1500
19489.000 # 1500
19489.510 + 128 1
19490.000 # 1500
19490.543 - 128 1.033 1
19491.000 # 1500
19492.000 # 1500
19493.000 # 1500
19494.000 # 1500
19495.000 # 1500
19496.000 # 1500
19497.000 # 1500
19498.000 # 1500
19499.000 # 1500
19499.760 + 128 1
19500.000 # 1500
19501.000 # 1500
19501.500 - 128 1.740 1
19502.000 # 1500
19503.000 # 1500
19504.000 # 1500
19505.000 # 1500
19506.000 # 1500
19507.000 # 1500
19508.000 # 1500
19509.000 # 1500
19509.509 + 128 1
19510.000 # 1500
19510.590 - 128 1.081 1
19511.000 # 1500
19512.000 # 1500
19513.000 # 1500
19514.000 # 1500
19515.000 # 1500
19516.000 # 1500
19517.000 # 1500
19518.000 # 1500
19519.000 # 1500
19519.573 + 128 1
19520.000 # 1500
19520.887 - 128 1.314 1
19521.000 # 1500
19522.000 # 1500
19523.000 # 1500
19524.000 # 1500
19525.000 # 1500
19526.000 # 1500
19527.000 # 1500
19528.000 # 1500
19529.000 # 1500
19530.000 # 1500
19531.000 # 1500
19532.000 # 1500
19533.000 # 1500
19533.763 + 128 1
19534.000 # 1500
19534.833 - 128 1.070 1
19535.000 # 1500
19536.000 # 1500
19537.000 # 1500
19538.000 # 1500
19539.000 # 1500
19540.000 # 1500
19541.000 # 1500
19542.000 # 1500
19543.000 # 1500
19543.502 + 128 1
19544.000 # 1500
19544.545 - 128 1.043 1
19545.000 # 1500
19546.000 # 1500
19547.000 # 1500
19548.000 # 1500
19549.000 # 1500
19550.000 # 1500
19551.000 # 1500
19552.000 # 1500
19553.000 # 1500
19554.000 # 1500
19555.000 # 1500
19556.000 # 1500
19557.000 # 1500
19557.512 + 128 1
19558.000 # 1500
19558.577 - 128 1.065 1
19559.000 # 1500
19560.000 # 1500
19561.000 # 1500
19562.000 # 1500
19563.000 # 1500
19564.000 # 1500
19565.000 # 1500
19566.000 # 1500
19567.000 # 1500
19567.481 + 128 1
19568.000 # 1500
19568.523 - 128 1.042 1
19569.000 # 1500
19570.000 # 1500
19571.000 # 1500
19572.000 # 1500
19573.000 # 1500
19574.000 # 1500
19575.000 # 1500
19576.000 # 1500
19577.000 # 1500
19578.000 # 1500
19579.000 # 1500
19580.000 # 1500
19581.000 # 1500
19581.510 + 128 1
19582.000 # 1500
19582.558 - 128 1.048 1
19583.000 # 1500
19584.000 # 1500
19585.000 # 1500
19586.000 # 1500
19587.000 # 1500
19588.000 # 1500
19589.000 # 1500
19590.000 # 1500
19591.000 # 1500
19591.687 + 128 1
19592.000 # 1500
19593.000 # 1500
19593.138 - 128 1.451 1
19594.000 # 1500
19595.000 # 1500
19596.000 # 1500
19597.000 # 1500
19598.000 # 1500
19599.000 # 1500
19600.000 # 1500
19601.000 # 1500
19601.506 + 128 1
19602.000 # 1500
19602.586 - 128 1.080 1
19603.000 # 1500
19604.000 # 1500
19605.000 # 1500
19606.000 # 1500
19607.000 # 1500
19608.000 # 1500
19609.000 # 1500
19610.000 # 1500
19611.000 # 1500
19611.491 + 128 1
19612.000 # 1500
19612.536 - 128 1.045 1
19613.000 # 1500
19614.000 # 1500
19615.000 # 1500
19616.000 # 1500
19617.000 # 1500
19618.000 # 1500
19619.000 # 1500
19620.000 # 1500
19621.000 # 1500
19622.000 # 1500
19623.000 # 1500
19624.000 # 1500
19625.000 # 1500
19625.532 + 128 1
19626.000 # 1500
19626.567 - 128 1.035 1
19627.000 # 1500
19628.000 # 1500
19629.000 # 1500
19630.000 # 1500
19631.000 # 1500
19632.000 # 1500
19633.000 # 1500
19634.000 # 1500
19635.000 # 1500
19635.625 + 128 1
19636.000 # 1500
19637.000 # 1500
19637.280 - 128 1.655 1
19638.000 # 1500
19639.000 # 1500
19640.000 # 1500
19641.000 # 1500
19642.000 # 1500
19643.000 # 1500
19644.000 # 1500
19645.000 # 1500
19646.000 # 1500
19647.000 # 1500
19648.000 # 1500
19649.000 # 1500
19649.812 + 128 1
19650.000 # 1500
19650.209 - 128 0.397 1
19651.000 # 1500
19652.000 # 1500
19653.000 # 1500
19654.000 # 1500
19655.000 # 1500
19656.000 # 1500
19657.000 # 1500
19658.000 # 1500
19659.000 # 1500
19659.490 + 128 1
19660.000 # 1500
19660.575 - 128 1.085 1
19661.000 # 1500
19662.000 # 1500
19663.000 # 1500
19664.000 # 1500
19665.000 # 1500
19666.000 # 1500
19667.000 # 1500
19668.000 # 1500
19669.000 # 1500
19670.000 # 1500
19671.000 # 1500
19672.000 # 1500
19673.000 # 1500
19673.504 + 128 1
19674.000 # 1500
19674.793 - 128 1.289 1
19675.000 # 1500
19676.000 # 1500
19677.000 # 1500
19678.000 # 1500
19679.000 # 1500
19680.000 # 1500
19681.000 # 1500
19682.000 # 1500
19683.000 # 1500
19683.465 + 128 1
19684.000 # 1500
19684.497 - 128 1.032 1
19685.000 # 1500
19686.000 # 1500
19687.000 # 1500
19688.000 # 1500
19689.000 # 1500
19690.000 # 1500
19691.000 # 1500
19692.000 # 1500
19693.000 # 1500
19693.780 + 128 1
19694.000 # 1500
19694.204 - 128 0.424 1
19695.000 # 1500
19696.000 # 1500
19697.000 # 1500
19698.000 # 1500
19699.000 # 1500
19700.000 # 1500
19701.000 # 1500
19702.000 # 1500
19703.000 # 1500
19703.485 + 128 1
19704.000 # 1500
19704.540 - 128 1.055 1
19705.000 # 1500
19706.000 # 1500
19707.000 # 1500
19708.000 # 1500
19709.000 # 1500
19710.000 # 1500
19711.000 # 1500
19712.000 # 1500
19713.000 # 1500
19714.000 # 1500
19715.000 # 1500
19716.000 # 1500
19717.000 # 1500
19717.517 + 128 1
19718.000 # 1500
19718.545 - 128 1.028 1
19719.000 # 1500
19720.000 # 1500
19721.000 # 1500
19722.000 # 1500
19723.000 # 1500
19724.000 # 1500
19725.000 # 1500
19726.000 # 1500
19727.000 # 1500
19727.505 + 128 1
19728.000 # 1500
19728.564 - 128 1.059 1
19729.000 # 1500
19730.000 # 1500
19731.000 # 1500
19732.000 # 1500
19733.000 # 1500
19734.000 # 1500
19735.000 # 1500
19736.000 # 1500
19737.000 # 1500
19738.000 # 1500
19739.000 # 1500
19740.000 # 1500
19741.000 # 1500
19741.512 + 128 1
19742.000 # 1500
19742.578 - 128 1.066 1
19743.000 # 1500
19744.000 # 1500
19745.000 # 1500
19746.000 # 1500
19747.000 # 1500
19748.000 # 1500
19749.000 # 1500
19750.000 # 1500
19751.000 # 1500
19751.483 + 128 1
19752.000 # 1500
19752.910 - 128 1.427 1
19753.000 # 1500
19754.000 # 1500
19755.000 # 1500
19756.000 # 1500
19757.000 # 1500
19758.000 # 1500
19759.000 # 1500
19760.000 # 1500
19761.000 # 1500
19762.000 # 1500
19763.000 # 1500
19764.000 # 1500
19765.000 # 1500
19765.852 + 128 1
19766.000 # 1500
19767.000 # 1500
19767.131 - 128 1.279 1
19768.000 # 1500
19769.000 # 1500
19770.000 # 1500
19771.000 # 1500
19772.000 # 1500
19773.000 # 1500
19774.000 # 1500
19775.000 # 1500
19775.503 + 128 1
19776.000 # 1500
19776.537 - 128 1.034 1
19777.000 # 1500
19778.000 # 1500
19779.000 # 1500
19780.000 # 1500
19781.000 # 1500
19782.000 # 1500
19783.000 # 1500
19784.000 # 1500
19785.000 # 1500
19785.507 + 128 1
19786.000 # 1500
19786.567 - 128 1.060 1
19787.000 # 1500
19788.000 # 1500
19789.000 # 1500
19790.000 # 1500
19791.000 # 1500
19792.000 # 1500
19793.000 # 1500
19794.000 # 1500
19795.000 # 1500
19795.479 + 128 1
19796.000 # 1500
19796.538 - 128 1.059 1
19797.000 # 1500
19798.000 # 1500
19799.000 # 1500
19800.000 # 1500
19801.000 # 1500
19802.000 # 1500
19803.000 # 1500
19804.000 # 1500
19805.000 # 1500
19806.000 # 1500
19807.000 # 1500
19808.000 # 1500
19809.000 # 1500
19809.512 + 128 1
19810.000 # 1500
19810.857 - 128 1.345 1
19811.000 # 1500
19812.000 # 1500
19813.000 # 1500
19814.000 # 1500
19815.000 # 1500
19816.000 # 1500
19817.000 # 1500
19818.000 # 1500
19819.000 # 1500
19819.498 + 128 1
19820.000 # 1500
19820.558 - 128 1.060 1
19821.000 # 1500
19822.000 # 1500
19823.000 # 1500
19824.000 # 1500
19825.000 # 1500
19826.000 # 1500
19827.000 # 1500
19828.000 # 1500
19829.000 # 1500
19830.000 # 1500
19831.000 # 1500
19832.000 # 1500
19833.000 # 1500
19833.516 + 128 1
19834.000 # 1500
19834.557 - 128 1.041 1
19835.000 # 1500
19836.000 # 1500
19837.000 # 1500
19838.000 # 1500
19839.000 # 1500
19840.000 # 1500
19841.000 # 1500
19842.000 # 1500
19843.000 # 1500
19843.507 + 128 1
19844.000 # 1500
19844.773 - 128 1.266 1
19845.000 # 1500
19846.000 # 1500
19847.000 # 1500
19848.000 # 1500
19849.000 # 1500
19850.000 # 1500
19851.000 # 1500
19852.000 # 1500
19853.000 # 1500
19854.000 # 1500
19855.000 # 1500
19856.000 # 1500
19857.000 # 1500
19857.675 + 128 1
19858.000 # 1500
19858.713 - 128 1.038 1
19859.000 # 1500
19860.000 # 1500
19861.000 # 1500
19862.000 # 1500
19863.000 # 1500
19864.000 # 1500
19865.000 # 1500
19866.000 # 1500
19867.000 # 1500
19867.523 + 128 1
19868.000 # 1500
19868.617 - 128 1.094 1
19869.000 # 1500
19870.000 # 1500
19871.000 # 1500
19872.000 # 1500
19873.000 # 1500
19874.000 # 1500
19875.000 # 1500
19876.000 # 1500
19877.000 # 1500
19878.000 # 1500
19879.000 # 1500
19880.000 # 1500
19881.000 # 1500
19882.000 # 1500
19883.000 # 1500
19884.000 # 1500
19885.000 # 1500
19886.000 # 1500
19887.000 # 1500
19888.000 # 1500
19889.000 # 1500
19889.714 + 128 1
19890.000 # 1500
19891.000 # 1500
19891.104 - 128 1.390 1
19892.000 # 1500
19893.000 # 1500
19894.000 # 1500
19895.000 # 1500
19896.000 # 1500
19897.000 # 1500
19898.000 # 1500
19899.000 # 1500
19899.492 + 128 1
19900.000 # 1500
19900.522 - 128 1.030 1
19901.000 # 1500
19902.000 # 1500
19903.000 # 1500
19904.000 # 1500
19905.000 # 1500
19906.000 # 1500
19907.000 # 1500
19908.000 # 1500
19909.000 # 1500
19910.000 # 1500
19911.000 # 1500
19912.000 # 1500
19913.000 # 1500
19913.509 + 128 1
19914.000 # 1500
19914.583 - 128 1.074 1
19915.000 # 1500
19916.000 # 1500
19917.000 # 1500
19918.000 # 1500
19919.000 # 1500
19920.000 # 1500
19921.000 # 1500
19922.000 # 1500
19923.000 # 1500
19923.487 + 128 1
19924.000 # 1500
19924.574 - 128 1.087 1
19925.000 # 1500
19926.000 # 1500
19927.000 # 1500
19928.000 # 1500
19929.000 # 1500
19930.000 # 1500
19931.000 # 1500
19932.000 # 1500
19933.000 # 1500
19934.000 # 1500
19935.000 # 1500
19936.000 # 1500
19937.000 # 1500
19938.000 # 1500
19939.000 # 1500
19940.000 # 1500
19941.000 # 1500
19941.542 + 128 1
19942.000 # 1500
19942.644 - 128 1.102 1
19943.000 # 1500
19944.000 # 1500
19945.000 # 1500
19946.000 # 1500
19947.000 # 1500
19948.000 # 1500
19949.000 # 1500
19950.000 # 1500
19951.000 # 1500
19951.521 + 128 1
19952.000 # 1500
19952.569 - 128 1.048 1
19953.000 # 1500
19954.000 # 1500
19955.000 # 1500
19956.000 # 1500
19957.000 # 1500
19958.000 # 1500
19959.000 # 1500
19960.000 # 1500
19961.000 # 1500
19961.517 + 128 1
19962.000 # 1500
19962.585 - 128 1.068 1
19963.000 # 1500
19964.000 # 1500
19965.000 # 1500
19966.000 # 1500
19967.000 # 1500
19968.000 # 1500
19969.000 # 1500
19970.000 # 1500
19971.000 # 1500
19971.516 + 128 1
19972.000 # 1500
19972.781 - 128 1.265 1
19973.000 # 1500
19974.000 # 1500
19975.000 # 1500
19976.000 # 1500
19977.000 # 1500
19978.000 # 1500
19979.000 # 1500
19980.000 # 1500
19981.000 # 1500
19982.000 # 1500
19983.000 # 1500
19984.000 # 1500
19985.000 # 1500
19985.684 + 128 1
19986.000 # 1500
19986.982 - 128 1.298 1
19987.000 # 1500
19988.000 # 1500
19989.000 # 1500
19990.000 # 1500
19991.000 # 1500
19992.000 # 1500
19993.000 # 1500
19994.000 # 1500
19995.000 # 1500
19995.550 + 128 1
19996.000 # 1500
19996.609 - 128 1.059 1
19997.000 # 1500
19998.000 # 1500
19999.000 # 1500
20000.000 # 1500
20001.000 # 1500
20002.000 # 1500
20003.000 # 1500
20004.000 # 1500
20005.000 # 1500
20006.000 # 1500
20007.000 # 1500
20008.000 # 1500
20009.000 # 1500
20009.509 + 128 1
20010.000 # 1500
20010.579 - 128 1.070 1
20011.000 # 1500
20012.000 # 1500
20013.000 # 1500
20014.000 # 1500
20015.000 # 1500
20016.000 # 1500
20017.000 # 1500
20018.000 # 1500
20019.000 # 1500
20019.495 + 128 1
20020.000 # 1500
20020.579 - 128 1.084 1
20021.000 # 1500
20022.000 # 1500
20023.000 # 1500
20024.000 # 1500
20025.000 # 1500
20026.000 # 1500
20027.000 # 1500
20028.000 # 1500
20029.000 # 1500
20030.000 # 1500
20031.000 # 1500
20032.000 # 1500
20033.000 # 1500
20033.512 + 128 1
20034.000 # 1500
20034.584 - 128 1.072 1
20035.000 # 1500
20036.000 # 1500
20037.000 # 1500
20038.000 # 1500
20039.000 # 1500
20040.000 # 1500
20041.000 # 1500
20042.000 # 1500
20043.000 # 1500
20043.701 + 128 1
20044.000 # 1500
20045.000 # 1500
20045.206 - 128 1.505 1
20046.000 # 1500
20047.000 # 1500
20048.000 # 1500
20049.000 # 1500
20050.000 # 1500
20051.000 # 1500
20052.000 # 1500
20053.000 # 1500
20054.000 # 1500
20055.000 # 1500
20056.000 # 1500
20057.000 # 1500
20057.727 + 128 1
20058.000 # 1500
20059.000 # 1500
20059.155 - 128 1.428 1
20060.000 # 1500
20061.000 # 1500
20062.000 # 1500
20063.000 # 1500
20064.000 # 1500
20065.000 # 1500
20066.000 # 1500
20067.000 # 1500
20067.510 + 128 1
20068.000 # 1500
20068.541 - 128 1.031 1
20069.000 # 1500
20070.000 # 1500
20071.000 # 1500
20072.000 # 1500
20073.000 # 1500
20074.000 # 1500
20075.000 # 1500
20076.000 # 1500
20077.000 # 1500
20077.515 + 128 1
20078.000 # 1500
20078.576 - 128 1.061 1
20079.000 # 1500
20080.000 # 1500
20081.000 # 1500
20082.000 # 1500
20083.000 # 1500
20084.000 # 1500
20085.000 # 1500
20086.000 # 1500
20087.000 # 1500
20087.488 + 128 1
20088.000 # 1500
20088.861 - 128 1.373 1
20089.000 # 1500
20090.000 # 1500
20091.000 # 1500
20092.000 # 1500
20093.000 # 1500
20094.000 # 1500
20095.000 # 1500
20096.000 # 1500
20097.000 # 1500
20098.000 # 1500
20099.000 # 1500
20100.000 # 1500
20101.000 # 1500
20101.674 + 128 1
20102.000 # 1500
20102.119 - 128 0.445 1
20103.000 # 1500
20104.000 # 1500
20105.000 # 1500
20106.000 # 1500
20107.000 # 1500
20108.000 # 1500
20109.000 # 1500
20110.000 # 1500
20111.000 # 1500
20111.511 + 128 1
20112.000 # 1500
20112.557 - 128 1.046 1
20113.000 # 1500
20114.000 # 1500
20115.000 # 1500
20116.000 # 1500
20117.000 # 1500
20118.000 # 1500
20119.000 # 1500
20120.000 # 1500
20121.000 # 1500
20122.000 # 1500
20123.000 # 1500
20124.000 # 1500
20125.000 # 1500
20125.511 + 128 1
20126.000 # 1500
20126.575 - 128 1.064 1
20127.000 # 1500
20128.000 # 1500
20129.000 # 1500
20130.000 # 1500
20131.000 # 1500
20132.000 # 1500
20133.000 # 1500
20134.000 # 1500
20135.000 # 1500
20135.831 + 128 1
20136.000 # 1500
20137.000 # 1500
20137.222 - 128 1.391 1
20138.000 # 1500
20139.000 # 1500
20140.000 # 1500
20141.000 # 1500
20142.000 # 1500
20143.000 # 1500
20144.000 # 1500
20145.000 # 1500
20146.000 # 1500
20147.000 # 1500
20148.000 # 1500
20149.000 # 1500
20149.506 + 128 1
20150.000 # 1500
20150.574 - 128 1.068 1
20151.000 # 1500
20152.000 # 1500
20153.000 # 1500
20154.000 # 1500
20155.000 # 1500
20156.000 # 1500
20157.000 # 1500
20158.000 # 1500
20159.000 # 1500
20159.493 + 128 1
20160.000 # 1500
20160.784 - 128 1.291 1
20161.000 # 1500
20162.000 # 1500
20163.000 # 1500
20164.000 # 1500
20165.000 # 1500
20166.000 # 1500
20167.000 # 1500
20168.000 # 1500
20169.000 # 1500
20170.000 # 1500
20171.000 # 1500
20172.000 # 1500
20173.000 # 1500
20173.643 + 128 1
20174.000 # 1500
20174.975 - 128 1.332 1
20175.000 # 1500
20176.000 # 1500
20177.000 # 1500
20178.000 # 1500
20179.000 # 1500
20180.000 # 1500
20181.000 # 1500
20182.000 # 1500
20183.000 # 1500
20183.516 + 128 1
20184.000 # 1500
20184.555 - 128 1.039 1
20185.000 # 1500
20186.000 # 1500
20187.000 # 1500
20188.000 # 1500
20189.000 # 1500
20190.000 # 1500
20191.000 # 1500
20192.000 # 1500
20193.000 # 1500
20193.517 + 128 1
20194.000 # 1500
20194.598 - 128 1.081 1
20195.000 # 1500
20196.000 # 1500
20197.000 # 1500
20198.000 # 1500
20199.000 # 1500
20200.000 # 1500
20201.000 # 1500
20202.000 # 1500
20203.000 # 1500
20203.510 + 128 1
20204.000 # 1500
20204.601 - 128 1.091 1
20205.000 # 1500
20206.000 # 1500
20207.000 # 1500
20208.000 # 1500
20209.000 # 1500
20210.000 # 1500
20211.000 # 1500
20212.000 # 1500
20213.000 # 1500
20214.000 # 1500
20215.000 # 1500
20216.000 # 1500
20217.000 # 1500
20217.536 + 128 1
20218.000 # 1500
20218.890 - 128 1.354 1
20219.000 # 1500
20220.000 # 1500
20221.000 # 1500
20222.000 # 1500
20223.000 # 1500
20224.000 # 1500
20225.000 # 1500
20226.000 # 1500
20227.000 # 1500
20227.497 + 128 1
20228.000 # 1500
20228.579 - 128 1.082 1
20229.000 # 1500
20230.000 # 1500
20231.000 # 1500
20232.000 # 1500
20233.000 # 1500
20234.000 # 1500
20235.000 # 1500
20236.000 # 1500
20237.000 # 1500
20238.000 # 1500
20239.000 # 1500
20240.000 # 1500
20241.000 # 1500
20241.525 + 128 1
20242.000 # 1500
20242.603 - 128 1.078 1
20243.000 # 1500
20244.000 # 1500
20245.000 # 1500
20246.000 # 1500
20247.000 # 1500
20248.000 # 1500
20249.000 # 1500
20250.000 # 1500
20251.000 # 1500
20251.514 + 128 1
20252.000 # 1500
20252.646 - 128 1.132 1
20253.000 # 1500
20254.000 # 1500
20255.000 # 1500
20256.000 # 1500
20257.000 # 1500
20258.000 # 1500
20259.000 # 1500
20260.000 # 1500
20261.000 # 1500
20262.000 # 1500
20263.000 # 1500
20264.000 # 1500
20265.000 # 1500
20265.609 + 128 1
20266.000 # 1500
20266.796 - 128 1.187 1
20267.000 # 1500
20268.000 # 1500
20269.000 # 1500
20270.000 # 1500
20271.000 # 1500
20272.000 # 1500
20273.000 # 1500
20274.000 # 1500
20275.000 # 1500
20275.523 + 128 1
20276.000 # 1500
20277.000 # 1500
20277.106 - 128 1.583 1
20278.000 # 1500
20279.000 # 1500
20280.000 # 1500
20281.000 # 1500
20282.000 # 1500
20283.000 # 1500
20284.000 # 1500
20285.000 # 1500
20285.537 + 128 1
20286.000 # 1500
20286.636 - 128 1.099 1
20287.000 # 1500
20288.000 # 1500
20289.000 # 1500
20290.000 # 1500
20291.000 # 1500
20292.000 # 1500
20293.000 # 1500
20294.000 # 1500
20295.000 # 1500
20295.484 + 128 1
20296.000 # 1500
20296.589 - 128 1.105 1
20297.000 # 1500
20298.000 # 1500
20299.000 # 1500
20300.000 # 1500
20301.000 # 1500
20302.000 # 1500
20303.000 # 1500
20304.000 # 1500
20305.000 # 1500
20306.000 # 1500
20307.000 # 1500
20308.000 # 1500
20309.000 # 1500
20309.548 + 128 1
20310.000 # 1500
20310.691 - 128 1.143 1
20311.000 # 1500
20312.000 # 1500
20313.000 # 1500
20314.000 # 1500
20315.000 # 1500
20316.000 # 1500
20317.000 # 1500
20318.000 # 1500
20319.000 # 1500
20319.516 + 128 1
20320.000 # 1500
20320.622 - 128 1.106 1
20321.000 # 1500
20322.000 # 1500
20323.000 # 1500
20324.000 # 1500
20325.000 # 1500
20326.000 # 1500
20327.000 # 1500
20328.000 # 1500
20329.000 # 1500
20330.000 # 1500
20331.000 # 1500
20332.000 # 1500
20333.000 # 1500
20333.582 + 128 1
20334.000 # 1500
20335.000 # 1500
20335.342 - 128 1.760 1
20336.000 # 1500
20337.000 # 1500
20338.000 # 1500
20339.000 # 1500
20340.000 # 1500
20341.000 # 1500
20342.000 # 1500
20343.000 # 1500
20343.505 + 128 1
20344.000 # 1500
20344.580 - 128 1.075 1
20345.000 # 1500
20346.000 # 1500
20347.000 # 1500
20348.000 # 1500
20349.000 # 1500
20350.000 # 1500
20351.000 # 1500
20352.000 # 1500
20353.000 # 1500
20354.000 # 1500
20355.000 # 1500
20356.000 # 1500
20357.000 # 1500
20357.530 + 128 1
20358.000 # 1500
20358.581 - 128 1.051 1
20359.000 # 1500
20360.000 # 1500
20361.000 # 1500
20362.000 # 1500
20363.000 # 1500
20364.000 # 1500
20365.000 # 1500
20366.000 # 1500
20367.000 # 1500
20367.521 + 128 1
20368.000 # 1500
20368.633 - 128 1.112 1
20369.000 # 1500
20370.000 # 1500
20371.000 # 1500
20372.000 # 1500
20373.000 # 1500
20374.000 # 1500
20375.000 # 1500
20376.000 # 1500
20377.000 # 1500
20377.568 + 128 1
20378.000 # 1500
20378.670 - 128 1.102 1
20379.000 # 1500
20380.000 # 1500
20381.000 # 1500
20382.000 # 1500
20383.000 # 1500
20384.000 # 1500
20385.000 # 1500
20386.000 # 1500
20387.000 # 1500
20387.542 + 128 1
20388.000 # 1500
20388.709 - 128 1.167 1
20389.000 # 1500
20390.000 # 1500
20391.000 # 1500
20392.000 # 1500
20393.000 # 1500
20394.000 # 1500
20395.000 # 1500
20396.000 # 1500
20397.000 # 1500
20398.000 # 1500
20399.000 # 1500
20400.000 # 1500
20401.000 # 1500
20401.551 + 128 1
20402.000 # 1500
20402.761 - 128 1.210 1
20403.000 # 1500
20404.000 # 1500
20405.000 # 1500
20406.000 # 1500
20407.000 # 1500
20408.000 # 1500
20409.000 # 1500
20410.000 # 1500
20411.000 # 1500
20411.533 + 128 1
20412.000 # 1500
20412.993 - 128 1.460 1
20413.000 # 1500
20414.000 # 1500
20415.000 # 1500
20416.000 # 1500
20417.000 # 1500
20418.000 # 1500
20419.000 # 1500
20420.000 # 1500
20421.000 # 1500
20422.000 # 1500
20423.000 # 1500
20424.000 # 1500
20425.000 # 1500
20425.944 + 128 1
20426.000 # 1500
20427.000 # 1500
20427.225 - 128 1.281 1
20428.000 # 1500
20429.000 # 1500
20430.000 # 1500
20431.000 # 1500
20432.000 # 1500
20433.000 # 1500
20434.000 # 1500
20435.000 # 1500
20435.938 + 128 1
20436.000 # 1500
20437.000 # 1500
20437.027 - 128 1.089 1
20438.000 # 1500
20439.000 # 1500
20440.000 # 1500
20441.000 # 1500
20442.000 # 1500
20443.000 # 1500
20444.000 # 1500
20445.000 # 1500
20446.000 # 1500
20447.000 # 1500
20448.000 # 1500
20449.000 # 1500
20449.585 + 128 1
20450.000 # 1500
20450.682 - 128 1.097 1
20451.000 # 1500
20452.000 # 1500
20453.000 # 1500
20454.000 # 1500
20455.000 # 1500
20456.000 # 1500
20457.000 # 1500
20458.000 # 1500
20459.000 # 1500
20459.547 + 128 1
20460.000 # 1500
20460.623 - 128 1.076 1
20461.000 # 1500
20462.000 # 1500
20463.000 # 1500
20464.000 # 1500
20465.000 # 1500
20466.000 # 1500
20467.000 # 1500
20468.000 # 1500
20469.000 # 1500
20470.000 # 1500
20471.000 # 1500
20472.000 # 1500
20473.000 # 1500
20473.515 + 128 1
20474.000 # 1500
20474.607 - 128 1.092 1
20475.000 # 1500
20476.000 # 1500
20477.000 # 1500
20478.000 # 1500
20479.000 # 1500
20480.000 # 1500
20481.000 # 1500
20482.000 # 1500
20483.000 # 1500
20483.510 + 128 1
20484.000 # 1500
20484.626 - 128 1.116 1
20485.000 # 1500
20486.000 # 1500
20487.000 # 1500
20488.000 # 1500
20489.000 # 1500
20490.000 # 1500
20491.000 # 1500
20492.000 # 1500
20493.000 # 1500
20494.000 # 1500
20495.000 # 1500
20496.000 # 1500
20497.000 # 1500
20497.559 + 128 1
20498.000 # 1500
20498.655 - 128 1.096 1
20499.000 # 1500
20500.000 # 1500
20501.000 # 1500
20502.000 # 1500
20503.000 # 1500
20504.000 # 1500
20505.000 # 1500
20506.000 # 1500
20507.000 # 1500
20507.527 + 128 1
20508.000 # 1500
20508.638 - 128 1.111 1
20509.000 # 1500
20510.000 # 1500
20511.000 # 1500
20512.000 # 1500
20513.000 # 1500
20514.000 # 1500
20515.000 # 1500
20516.000 # 1500
20517.000 # 1500
20518.000 # 1500
20519.000 # 1500
20520.000 # 1500
20521.000 # 1500
20521.544 + 128 1
20522.000 # 1500
20522.626 - 128 1.082 1
20523.000 # 1500
20524.000 # 1500
20525.000 # 1500
20526.000 # 1500
20527.000 # 1500
20528.000 # 1500
20529.000 # 1500
20530.000 # 1500
20531.000 # 1500
20531.498 + 128 1
20532.000 # 1500
20532.573 - 128 1.075 1
20533.000 # 1500
20534.000 # 1500
20535.000 # 1500
20536.000 # 1500
20537.000 # 1500
20538.000 # 1500
20539.000 # 1500
20540.000 # 1500
20541.000 # 1500
20542.000 # 1500
20543.000 # 1500
20544.000 # 1500
20545.000 # 1500
20545.525 + 128 1
20546.000 # 1500
20546.633 - 128 1.108 1
20547.000 # 1500
20548.000 # 1500
20549.000 # 1500
20550.000 # 1500
20551.000 # 1500
20552.000 # 1500
20553.000 # 1500
20554.000 # 1500
20555.000 # 1500
20555.520 + 128 1
20556.000 # 1500
20556.572 - 128 1.052 1
20557.000 # 1500
20558.000 # 1500
20559.000 # 1500
20560.000 # 1500
20561.000 # 1500
20562.000 # 1500
20563.000 # 1500
20564.000 # 1500
20565.000 # 1500
20566.000 # 1500
20567.000 # 1500
20568.000 # 1500
20568.243 + 128 1
20569.000 # 1500
20569.305 - 128 1.062 1
20570.000 # 1500
20571.000 # 1500
20572.000 # 1500
20573.000 # 1500
20574.000 # 1500
20575.000 # 1500
20576.000 # 1500
20577.000 # 1500
20578.000 # 1500
20579.000 # 1500
20580.000 # 1500
20581.000 # 1500
20582.000 # 1500
20583.000 # 1500
20584.000 # 1500
20585.000 # 1500
20586.000 # 1500
20587.000 # 1500
20588.000 # 1500
20589.000 # 1500
20589.513 + 128 1
20590.000 # 1500
20590.580 - 128 1.067 1
20591.000 # 1500
20592.000 # 1500
20593.000 # 1500
20594.000 # 1500
20595.000 # 1500
20596.000 # 1500
20597.000 # 1500
20598.000 # 1500
20599.000 # 1500
20599.491 + 128 1
20600.000 # 1500
20600.523 - 128 1.032 1
20601.000 # 1500
20602.000 # 1500
20603.000 # 1500
20604.000 # 1500
20605.000 # 1500
20606.000 # 1500
20607.000 # 1500
20608.000 # 1500
20609.000 # 1500
20610.000 # 1500
20611.000 # 1500
20612.000 # 1500
20613.000 # 1500
20613.509 + 128 1
20614.000 # 1500
20614.596 - 128 1.087 1
20615.000 # 1500
20616.000 # 1500
20617.000 # 1500
20618.000 # 1500
20619.000 # 1500
20620.000 # 1500
20621.000 # 1500
20622.000 # 1500
20623.000 # 1500
20623.489 + 128 1
20624.000 # 1500
20624.529 - 128 1.040 1
20625.000 # 1500
20626.000 # 1500
20627.000 # 1500
20628.000 # 1500
20629.000 # 1500
20630.000 # 1500
20631.000 # 1500
20632.000 # 1500
20633.000 # 1500
20634.000 # 1500
20635.000 # 1500
20636.000 # 1500
20637.000 # 1500
20637.502 + 128 1
20638.000 # 1500
20638.566 - 128 1.064 1
20639.000 # 1500
20640.000 # 1500
20641.000 # 1500
20642.000 # 1500
20643.000 # 1500
20644.000 # 1500
20645.000 # 1500
20646.000 # 1500
20647.000 # 1500
20647.505 + 128 1
20648.000 # 1500
20648.538 - 128 1.033 1
20649.000 # 1500
20650.000 # 1500
20651.000 # 1500
20652.000 # 1500
20653.000 # 1500
20654.000 # 1500
20655.000 # 1500
20656.000 # 1500
20657.000 # 1500
20658.000 # 1500
20659.000 # 1500
20660.000 # 1500
20661.000 # 1500
20661.510 + 128 1
20662.000 # 1500
20662.590 - 128 1.080 1
20663.000 # 1500
20664.000 # 1500
20665.000 # 1500
20666.000 # 1500
20667.000 # 1500
20668.000 # 1500
20669.000 # 1500
20670.000 # 1500
20671.000 # 1500
20671.522 + 128 1
20672.000 # 1500
20672.615 - 128 1.093 1
20673.000 # 1500
20674.000 # 1500
20675.000 # 1500
20676.000 # 1500
20677.000 # 1500
20678.000 # 1500
20679.000 # 1500
20680.000 # 1500
20681.000 # 1500
20682.000 # 1500
20683.000 # 1500
20684.000 # 1500
20685.000 # 1500
20686.000 # 1500
20687.000 # 1500
20688.000 # 1500
20689.000 # 1500
20689.527 + 128 1
20690.000 # 1500
20690.595 - 128 1.068 1
20691.000 # 1500
20692.000 # 1500
20693.000 # 1500
20694.000 # 1500
20695.000 # 1500
20696.000 # 1500
20697.000 # 1500
20698.000 # 1500
20699.000 # 1500
20699.491 + 128 1
20700.000 # 1500
20700.564 - 128 1.073 1
20701.000 # 1500
20702.000 # 1500
20703.000 # 1500
20704.000 # 1500
20705.000 # 1500
20706.000 # 1500
20707.000 # 1500
20708.000 # 1500
20709.000 # 1500
20710.000 # 1500
20711.000 # 1500
20712.000 # 1500
20713.000 # 1500
20713.517 + 128 1
20714.000 # 1500
20714.558 - 128 1.041 1
20715.000 # 1500
20716.000 # 1500
20717.000 # 1500
20718.000 # 1500
20719.000 # 1500
20720.000 # 1500
20721.000 # 1500
20722.000 # 1500
20723.000 # 1500
20723.512 + 128 1
20724.000 # 1500
20724.572 - 128 1.060 1
20725.000 # 1500
20726.000 # 1500
20727.000 # 1500
20728.000 # 1500
20729.000 # 1500
20730.000 # 1500
20731.000 # 1500
20732.000 # 1500
20733.000 # 1500
20734.000 # 1500
20735.000 # 1500
20736.000 # 1500
20737.000 # 1500
20737.530 + 128 1
20738.000 # 1500
20738.572 - 128 1.042 1
20739.000 # 1500
20740.000 # 1500
20741.000 # 1500
20742.000 # 1500
20743.000 # 1500
20744.000 # 1500
20745.000 # 1500
20746.000 # 1500
20747.000 # 1500
20747.533 + 128 1
20748.000 # 1500
20748.574 - 128 1.041 1
20749.000 # 1500
20750.000 # 1500
20751.000 # 1500
20752.000 # 1500
20753.000 # 1500
20754.000 # 1500
20755.000 # 1500
20756.000 # 1500
20757.000 # 1500
20758.000 # 1500
20759.000 # 1500
20760.000 # 1500
20761.000 # 1500
20761.516 + 128 1
20762.000 # 1500
20762.609 - 128 1.093 1
20763.000 # 1500
20764.000 # 1500
20765.000 # 1500
20766.000 # 1500
20767.000 # 1500
20768.000 # 1500
20769.000 # 1500
20770.000 # 1500
20771.000 # 1500
20771.490 + 128 1
20772.000 # 1500
20772.567 - 128 1.077 1
20773.000 # 1500
20774.000 # 1500
20775.000 # 1500
20776.000 # 1500
20777.000 # 1500
20778.000 # 1500
20779.000 # 1500
20780.000 # 1500
20781.000 # 1500
20782.000 # 1500
20783.000 # 1500
20784.000 # 1500
20785.000 # 1500
20785.523 + 128 1
20786.000 # 1500
20786.609 - 128 1.086 1
20787.000 # 1500
20788.000 # 1500
20789.000 # 1500
20790.000 # 1500
20791.000 # 1500
20792.000 # 1500
20793.000 # 1500
20794.000 # 1500
20795.000 # 1500
20795.524 + 128 1
20796.000 # 1500
20796.641 - 128 1.117 1
20797.000 # 1500
20798.000 # 1500
20799.000 # 1500
20800.000 # 1500
20801.000 # 1500
20802.000 # 1500
20803.000 # 1500
20804.000 # 1500
20805.000 # 1500
20806.000 # 1500
20807.000 # 1500
20808.000 # 1500
20809.000 # 1500
20809.521 + 128 1
20810.000 # 1500
20810.637 - 128 1.116 1
20811.000 # 1500
20812.000 # 1500
20813.000 # 1500
20814.000 # 1500
20815.000 # 1500
20816.000 # 1500
20817.000 # 1500
20818.000 # 1500
20819.000 # 1500
20819.491 + 128 1
20820.000 # 1500
20820.555 - 128 1.064 1
20821.000 # 1500
20822.000 # 1500
20823.000 # 1500
20824.000 # 1500
20825.000 # 1500
20826.000 # 1500
20827.000 # 1500
20828.000 # 1500
20829.000 # 1500
20830.000 # 1500
20831.000 # 1500
20832.000 # 1500
20833.000 # 1500
20834.000 # 1500
20835.000 # 1500
20836.000 # 1500
20837.000 # 1500
20837.541 + 128 1
20838.000 # 1500
20838.621 - 128 1.080 1
20839.000 # 1500
20840.000 # 1500
20841.000 # 1500
20842.000 # 1500
20843.000 # 1500
20844.000 # 1500
20845.000 # 1500
20846.000 # 1500
20847.000 # 1500
20847.524 + 128 1
20848.000 # 1500
20848.613 - 128 1.089 1
20849.000 # 1500
20850.000 # 1500
20851.000 # 1500
20852.000 # 1500
20853.000 # 1500
20854.000 # 1500
20855.000 # 1500
20856.000 # 1500
20857.000 # 1500
20858.000 # 1500
20859.000 # 1500
20860.000 # 1500
20861.000 # 1500
20861.506 + 128 1
20862.000 # 1500
20862.586 - 128 1.080 1
20863.000 # 1500
20864.000 # 1500
20865.000 # 1500
20866.000 # 1500
20867.000 # 1500
20868.000 # 1500
20869.000 # 1500
20870.000 # 1500
20871.000 # 1500
20871.468 + 128 1
20872.000 # 1500
20872.505 - 128 1.037 1
20873.000 # 1500
20874.000 # 1500
20875.000 # 1500
20876.000 # 1500
20877.000 # 1500
20878.000 # 1500
20879.000 # 1500
20880.000 # 1500
20881.000 # 1500
20882.000 # 1500
20883.000 # 1500
20884.000 # 1500
20885.000 # 1500
20885.513 + 128 1
20886.000 # 1500
20886.547 - 128 1.034 1
20887.000 # 1500
20888.000 # 1500
20889.000 # 1500
20890.000 # 1500
20891.000 # 1500
20892.000 # 1500
20893.000 # 1500
20894.000 # 1500
20895.000 # 1500
20895.508 + 128 1
20896.000 # 1500
20896.559 - 128 1.051 1
20897.000 # 1500
20898.000 # 1500
20899.000 # 1500
20900.000 # 1500
20901.000 # 1500
20902.000 # 1500
20903.000 # 1500
20904.000 # 1500
20905.000 # 1500
20906.000 # 1500
20907.000 # 1500
20908.000 # 1500
20909.000 # 1500
20910.000 # 1500
20911.000 # 1500
20912.000 # 1500
20913.000 # 1500
20913.539 + 128 1
20914.000 # 1500
20914.570 - 128 1.031 1
20915.000 # 1500
20916.000 # 1500
20917.000 # 1500
20918.000 # 1500
20919.000 # 1500
20920.000 # 1500
20921.000 # 1500
20922.000 # 1500
20923.000 # 1500
20923.577 + 128 1
20924.000 # 1500
20924.690 - 128 1.113 1
20925.000 # 1500
20926.000 # 1500
20927.000 # 1500
20928.000 # 1500
20929.000 # 1500
20930.000 # 1500
20931.000 # 1500
20932.000 # 1500
20933.000 # 1500
20934.000 # 1500
20935.000 # 1500
20936.000 # 1500
20937.000 # 1500
20938.000 # 1500
20939.000 # 1500
20940.000 # 1500
20941.000 # 1500
20941.525 + 128 1
20942.000 # 1500
20942.646 - 128 1.121 1
20943.000 # 1500
20944.000 # 1500
20945.000 # 1500
20946.000 # 1500
20947.000 # 1500
20948.000 # 1500
20949.000 # 1500
20950.000 # 1500
20951.000 # 1500
20951.501 + 128 1
20952.000 # 1500
20952.599 - 128 1.098 1
20953.000 # 1500
20954.000 # 1500
20955.000 # 1500
20956.000 # 1500
20957.000 # 1500
20958.000 # 1500
20959.000 # 1500
20960.000 # 1500
20961.000 # 1500
20962.000 # 1500
20963.000 # 1500
20964.000 # 1500
20965.000 # 1500
20965.517 + 128 1
20966.000 # 1500
20966.569 - 128 1.052 1
20967.000 # 1500
20968.000 # 1500
20969.000 # 1500
20970.000 # 1500
20971.000 # 1500
20972.000 # 1500
20973.000 # 1500
20974.000 # 1500
20975.000 # 1500
20975.506 + 128 1
20976.000 # 1500
20976.554 - 128 1.048 1
20977.000 # 1500
20978.000 # 1500
20979.000 # 1500
20980.000 # 1500
20981.000 # 1500
20982.000 # 1500
20983.000 # 1500
20984.000 # 1500
20985.000 # 1500
20986.000 # 1500
20987.000 # 1500
20988.000 # 1500
20989.000 # 1500
20989.509 + 128 1
20990.000 # 1500
20990.578 - 128 1.069 1
20991.000 # 1500
20992.000 # 1500
20993.000 # 1500
20994.000 # 1500
20995.000 # 1500
20996.000 # 1500
20997.000 # 1500
20998.000 # 1500
20999.000 # 1500
20999.504 + 128 1
21000.000 # 1500
21000.540 - 128 1.036 1
21001.000 # 1500
21002.000 # 1500
21003.000 # 1500
21004.000 # 1500
21005.000 # 1500
21006.000 # 1500
21007.000 # 1500
21008.000 # 1500
21009.000 # 1500
21010.000 # 1500
21011.000 # 1500
21012.000 # 1500
21013.000 # 1500
21013.513 + 128 1
21014.000 # 1500
21014.581 - 128 1.068 1
21015.000 # 1500
21016.000 # 1500
21017.000 # 1500
21018.000 # 1500
21019.000 # 1500
21020.000 # 1500
21021.000 # 1500
21022.000 # 1500
21023.000 # 1500
21023.489 + 128 1
21024.000 # 1500
21024.573 - 128 1.084 1
21025.000 # 1500
21026.000 # 1500
21027.000 # 1500
21028.000 # 1500
21029.000 # 1500
21030.000 # 1500
21031.000 # 1500
21032.000 # 1500
21033.000 # 1500
21034.000 # 1500
21035.000 # 1500
21036.000 # 1500
21037.000 # 1500
21037.511 + 128 1
21038.000 # 1500
21038.541 - 128 1.030 1
21039.000 # 1500
21040.000 # 1500
21041.000 # 1500
21042.000 # 1500
21043.000 # 1500
21044.000 # 1500
21045.000 # 1500
21046.000 # 1500
21047.000 # 1500
21047.480 + 128 1
21048.000 # 1500
21048.551 - 128 1.071 1
21049.000 # 1500
21050.000 # 1500
21051.000 # 1500
21052.000 # 1500
21053.000 # 1500
21054.000 # 1500
21055.000 # 1500
21056.000 # 1500
21057.000 # 1500
21058.000 # 1500
21059.000 # 1500
21060.000 # 1500
21061.000 # 1500
21061.529 + 128 1
21062.000 # 1500
21062.599 - 128 1.070 1
21063.000 # 1500
21064.000 # 1500
21065.000 # 1500
21066.000 # 1500
21067.000 # 1500
21068.000 # 1500
21069.000 # 1500
21070.000 # 1500
21071.000 # 1500
21071.498 + 128 1
21072.000 # 1500
21072.556 - 128 1.058 1
21073.000 # 1500
21074.000 # 1500
21075.000 # 1500
21076.000 # 1500
21077.000 # 1500
21078.000 # 1500
21079.000 # 1500
21080.000 # 1500
21081.000 # 1500
21082.000 # 1500
21083.000 # 1500
21084.000 # 1500
21085.000 # 1500
21085.514 + 128 1
21086.000 # 1500
21086.598 - 128 1.084 1
21087.000 # 1500
21088.000 # 1500
21089.000 # 1500
21090.000 # 1500
21091.000 # 1500
21092.000 # 1500
21093.000 # 1500
21094.000 # 1500
21095.000 # 1500
21095.474 + 128 1
21096.000 # 1500
21096.561 - 128 1.087 1
21097.000 # 1500
21098.000 # 1500
21099.000 # 1500
21100.000 # 1500
21101.000 # 1500
21102.000 # 1500
21103.000 # 1500
21104.000 # 1500
21105.000 # 1500
21106.000 # 1500
21107.000 # 1500
21108.000 # 1500
21109.000 # 1500
21109.517 + 128 1
21110.000 # 1500
21110.573 - 128 1.056 1
21111.000 # 1500
21112.000 # 1500
21113.000 # 1500
21114.000 # 1500
21115.000 # 1500
21116.000 # 1500
21117.000 # 1500
21118.000 # 1500
21119.000 # 1500
21119.505 + 128 1
21120.000 # 1500
21120.555 - 128 1.050 1
21121.000 # 1500
21122.000 # 1500
21123.000 # 1500
21124.000 # 1500
21125.000 # 1500
21126.000 # 1500
21127.000 # 1500
21128.000 # 1500
21129.000 # 1500
21130.000 # 1500
21131.000 # 1500
21132.000 # 1500
21133.000 # 1500
21133.564 + 128 1
21134.000 # 1500
21134.724 - 128 1.160 1
21135.000 # 1500
21136.000 # 1500
21137.000 # 1500
21138.000 # 1500
21139.000 # 1500
21140.000 # 1500
21141.000 # 1500
21142.000 # 1500
21143.000 # 1500
21143.489 + 128 1
21144.000 # 1500
21144.575 - 128 1.086 1
21145.000 # 1500
21146.000 # 1500
21147.000 # 1500
21148.000 # 1500
21149.000 # 1500
21150.000 # 1500
21151.000 # 1500
21152.000 # 1500
21153.000 # 1500
21153.448 + 128 1
21154.000 # 1500
21154.560 - 128 1.112 1
21155.000 # 1500
21156.000 # 1500
21157.000 # 1500
21158.000 # 1500
21159.000 # 1500
21160.000 # 1500
21161.000 # 1500
21162.000 # 1500
21163.000 # 1500
21164.000 # 1500
21165.000 # 1500
21166.000 # 1500
21167.000 # 1500
21168.000 # 1500
21169.000 # 1500
21170.000 # 1500
21171.000 # 1500
21172.000 # 1500
21173.000 # 1500
21173.513 + 128 1
21174.000 # 1500
21174.606 - 128 1.093 1
21175.000 # 1500
21176.000 # 1500
21177.000 # 1500
21178.000 # 1500
21179.000 # 1500
21180.000 # 1500
21181.000 # 1500
21182.000 # 1500
21183.000 # 1500
21183.510 + 128 1
21184.000 # 1500
21184.622 - 128 1.112 1
21185.000 # 1500
21186.000 # 1500
21187.000 # 1500
21188.000 # 1500
21189.000 # 1500
21190.000 # 1500
21191.000 # 1500
21192.000 # 1500
21193.000 # 1500
21194.000 # 1500
21195.000 # 1500
21196.000 # 1500
21197.000 # 1500
21197.518 + 128 1
21198.000 # 1500
21198.576 - 128 1.058 1
21199.000 # 1500
21200.000 # 1500
21201.000 # 1500
21202.000 # 1500
21203.000 # 1500
21204.000 # 1500
21205.000 # 1500
21206.000 # 1500
21207.000 # 1500
21207.512 + 128 1
21208.000 # 1500
21208.607 - 128 1.095 1
21209.000 # 1500
21210.000 # 1500
21211.000 # 1500
21212.000 # 1500
21213.000 # 1500
21214.000 # 1500
21215.000 # 1500
21216.000 # 1500
21217.000 # 1500
21218.000 # 1500
21219.000 # 1500
21220.000 # 1500
21221.000 # 1500
21221.510 + 128 1
21222.000 # 1500
21222.543 - 128 1.033 1
21223.000 # 1500
21224.000 # 1500
21225.000 # 1500
21226.000 # 1500
21227.000 # 1500
21228.000 # 1500
21229.000 # 1500
21230.000 # 1500
21231.000 # 1500
21231.508 + 128 1
21232.000 # 1500
21232.541 - 128 1.033 1
21233.000 # 1500
21234.000 # 1500
21235.000 # 1500
21236.000 # 1500
21237.000 # 1500
21238.000 # 1500
21239.000 # 1500
21240.000 # 1500
21241.000 # 1500
21242.000 # 1500
21243.000 # 1500
21244.000 # 1500
21245.000 # 1500
21245.505 + 128 1
21246.000 # 1500
21246.537 - 128 1.032 1
21247.000 # 1500
21248.000 # 1500
21249.000 # 1500
21250.000 # 1500
21251.000 # 1500
21252.000 # 1500
21253.000 # 1500
21254.000 # 1500
21255.000 # 1500
21255.504 + 128 1
21256.000 # 1500
21256.542 - 128 1.038 1
21257.000 # 1500
21258.000 # 1500
21259.000 # 1500
21260.000 # 1500
21261.000 # 1500
21262.000 # 1500
21263.000 # 1500
21264.000 # 1500
21265.000 # 1500
21266.000 # 1500
21267.000 # 1500
21268.000 # 1500
21269.000 # 1500
21269.508 + 128 1
21270.000 # 1500
21270.549 - 128 1.041 1
21271.000 # 1500
21272.000 # 1500
21273.000 # 1500
21274.000 # 1500
21275.000 # 1500
21276.000 # 1500
21277.000 # 1500
21278.000 # 1500
21279.000 # 1500
21279.489 + 128 1
21280.000 # 1500
21280.523 - 128 1.034 1
21281.000 # 1500
21282.000 # 1500
21283.000 # 1500
21284.000 # 1500
21285.000 # 1500
21286.000 # 1500
21287.000 # 1500
21288.000 # 1500
21289.000 # 1500
21290.000 # 1500
21291.000 # 1500
21292.000 # 1500
21293.000 # 1500
21293.517 + 128 1
21294.000 # 1500
21294.555 - 128 1.038 1
21295.000 # 1500
21296.000 # 1500
21297.000 # 1500
21298.000 # 1500
21299.000 # 1500
21300.000 # 1500
21301.000 # 1500
21302.000 # 1500
21303.000 # 1500
21303.556 + 128 1
21304.000 # 1500
21304.632 - 128 1.076 1
21305.000 # 1500
21306.000 # 1500
21307.000 # 1500
21308.000 # 1500
21309.000 # 1500
21310.000 # 1500
21311.000 # 1500
21312.000 # 1500
21313.000 # 1500
21314.000 # 1500
21315.000 # 1500
21316.000 # 1500
21317.000 # 1500
21317.512 + 128 1
21318.000 # 1500
21318.593 - 128 1.081 1
21319.000 # 1500
21320.000 # 1500
21321.000 # 1500
21322.000 # 1500
21323.000 # 1500
21324.000 # 1500
21325.000 # 1500
21326.000 # 1500
21327.000 # 1500
21327.502 + 128 1
21328.000 # 1500
21328.556 - 128 1.054 1
21329.000 # 1500
21330.000 # 1500
21331.000 # 1500
21332.000 # 1500
21333.000 # 1500
21334.000 # 1500
21335.000 # 1500
21336.000 # 1500
21337.000 # 1500
21338.000 # 1500
21339.000 # 1500
21340.000 # 1500
21341.000 # 1500
21341.514 + 128 1
21342.000 # 1500
21342.547 - 128 1.033 1
21343.000 # 1500
21344.000 # 1500
21345.000 # 1500
21346.000 # 1500
21347.000 # 1500
21348.000 # 1500
21349.000 # 1500
21350.000 # 1500
21351.000 # 1500
21351.483 + 128 1
21352.000 # 1500
21352.536 - 128 1.053 1
21353.000 # 1500
21354.000 # 1500
21355.000 # 1500
21356.000 # 1500
21357.000 # 1500
21358.000 # 1500
21359.000 # 1500
21360.000 # 1500
21361.000 # 1500
21362.000 # 1500
21363.000 # 1500
21364.000 # 1500
21365.000 # 1500
21365.511 + 128 1
21366.000 # 1500
21366.542 - 128 1.031 1
21367.000 # 1500
21368.000 # 1500
21369.000 # 1500
21370.000 # 1500
21371.000 # 1500
21372.000 # 1500
21373.000 # 1500
21374.000 # 1500
21375.000 # 1500
21375.479 + 128 1
21376.000 # 1500
21376.534 - 128 1.055 1
21377.000 # 1500
21378.000 # 1500
21379.000 # 1500
21380.000 # 1500
21381.000 # 1500
21382.000 # 1500
21383.000 # 1500
21384.000 # 1500
21385.000 # 1500
21386.000 # 1500
21387.000 # 1500
21388.000 # 1500
21389.000 # 1500
21389.522 + 128 1
21390.000 # 1500
21390.561 - 128 1.039 1
21391.000 # 1500
21392.000 # 1500
21393.000 # 1500
21394.000 # 1500
21395.000 # 1500
21396.000 # 1500
21397.000 # 1500
21398.000 # 1500
21399.000 # 1500
21399.507 + 128 1
21400.000 # 1500
21400.564 - 128 1.057 1
21401.000 # 1500
21402.000 # 1500
21403.000 # 1500
21404.000 # 1500
21405.000 # 1500
21406.000 # 1500
21407.000 # 1500
21408.000 # 1500
21409.000 # 1500
21410.000 # 1500
21411.000 # 1500
21412.000 # 1500
21413.000 # 1500
21413.512 + 128 1
21414.000 # 1500
21414.571 - 128 1.059 1
21415.000 # 1500
21416.000 # 1500
21417.000 # 1500
21418.000 # 1500
21419.000 # 1500
21420.000 # 1500
21421.000 # 1500
21422.000 # 1500
21423.000 # 1500
21423.478 + 128 1
21424.000 # 1500
21424.532 - 128 1.054 1
21425.000 # 1500
21426.000 # 1500
21427.000 # 1500
21428.000 # 1500
21429.000 # 1500
21430.000 # 1500
21431.000 # 1500
21432.000 # 1500
21433.000 # 1500
21434.000 # 1500
21435.000 # 1500
21436.000 # 1500
21437.000 # 1500
21437.512 + 128 1
21438.000 # 1500
21438.544 - 128 1.032 1
21439.000 # 1500
21440.000 # 1500
21441.000 # 1500
21442.000 # 1500
21443.000 # 1500
21444.000 # 1500
21445.000 # 1500
21446.000 # 1500
21447.000 # 1500
21447.503 + 128 1
21448.000 # 1500
21448.585 - 128 1.082 1
21449.000 # 1500
21450.000 # 1500
21451.000 # 1500
21452.000 # 1500
21453.000 # 1500
21454.000 # 1500
21455.000 # 1500
21456.000 # 1500
21457.000 # 1500
21458.000 # 1500
21459.000 # 1500
21460.000 # 1500
21461.000 # 1500
21461.511 + 128 1
21462.000 # 1500
21462.542 - 128 1.031 1
21463.000 # 1500
21464.000 # 1500
21465.000 # 1500
21466.000 # 1500
21467.000 # 1500
21468.000 # 1500
21469.000 # 1500
21470.000 # 1500
21471.000 # 1500
21471.496 + 128 1
21472.000 # 1500
21472.535 - 128 1.039 1
21473.000 # 1500
21474.000 # 1500
21475.000 # 1500
21476.000 # 1500
21477.000 # 1500
21478.000 # 1500
21479.000 # 1500
21480.000 # 1500
21481.000 # 1500
21482.000 # 1500
21483.000 # 1500
21484.000 # 1500
21485.000 # 1500
21485.535 + 128 1
21486.000 # 1500
21486.571 - 128 1.036 1
21487.000 # 1500
21488.000 # 1500
21489.000 # 1500
21490.000 # 1500
21491.000 # 1500
21492.000 # 1500
21493.000 # 1500
21494.000 # 1500
21495.000 # 1500
21495.521 + 128 1
21496.000 # 1500
21496.572 - 128 1.051 1
21497.000 # 1500
21498.000 # 1500
21499.000 # 1500
21500.000 # 1500
21501.000 # 1500
21502.000 # 1500
21503.000 # 1500
21504.000 # 1500
21505.000 # 1500
21506.000 # 1500
21507.000 # 1500
21508.000 # 1500
21509.000 # 1500
21509.510 + 128 1
21510.000 # 1500
21510.545 - 128 1.035 1
21511.000 # 1500
21512.000 # 1500
21513.000 # 1500
21514.000 # 1500
21515.000 # 1500
21516.000 # 1500
21517.000 # 1500
21518.000 # 1500
21519.000 # 1500
21519.516 + 128 1
21520.000 # 1500
21520.613 - 128 1.097 1
21521.000 # 1500
21522.000 # 1500
21523.000 # 1500
21524.000 # 1500
21525.000 # 1500
21526.000 # 1500
21527.000 # 1500
21528.000 # 1500
21529.000 # 1500
21530.000 # 1500
21531.000 # 1500
21532.000 # 1500
21533.000 # 1500
21533.536 + 128 1
21534.000 # 1500
21534.623 - 128 1.087 1
21535.000 # 1500
21536.000 # 1500
21537.000 # 1500
21538.000 # 1500
21539.000 # 1500
21540.000 # 1500
21541.000 # 1500
21542.000 # 1500
21543.000 # 1500
21543.504 + 128 1
21544.000 # 1500
21544.570 - 128 1.066 1
21545.000 # 1500
21546.000 # 1500
21547.000 # 1500
21548.000 # 1500
21549.000 # 1500
21550.000 # 1500
21551.000 # 1500
21552.000 # 1500
21553.000 # 1500
21554.000 # 1500
21555.000 # 1500
21556.000 # 1500
21557.000 # 1500
21557.519 + 128 1
21558.000 # 1500
21558.602 - 128 1.083 1
21559.000 # 1500
21560.000 # 1500
21561.000 # 1500
21562.000 # 1500
21563.000 # 1500
21564.000 # 1500
21565.000 # 1500
21566.000 # 1500
21567.000 # 1500
21567.504 + 128 1
21568.000 # 1500
21568.615 - 128 1.111 1
21569.000 # 1500
21570.000 # 1500
21571.000 # 1500
21572.000 # 1500
21573.000 # 1500
21574.000 # 1500
21575.000 # 1500
21576.000 # 1500
21577.000 # 1500
21578.000 # 1500
21579.000 # 1500
21580.000 # 1500
21581.000 # 1500
21581.773 + 128 1
21582.000 # 1500
21583.000 # 1500
21583.110 - 128 1.337 1
21584.000 # 1500
21585.000 # 1500
21586.000 # 1500
21587.000 # 1500
21588.000 # 1500
21589.000 # 1500
21590.000 # 1500
21591.000 # 1500
21591.491 + 128 1
21592.000 # 1500
21592.575 - 128 1.084 1
21593.000 # 1500
21594.000 # 1500
21595.000 # 1500
21596.000 # 1500
21597.000 # 1500
21598.000 # 1500
21599.000 # 1500
21600.000 # 1500
21601.000 # 1500
21602.000 # 1500
21603.000 # 1500
21604.000 # 1500
21605.000 # 1500
21605.511 + 128 1
21606.000 # 1500
21606.550 - 128 1.039 1
21607.000 # 1500
21608.000 # 1500
21609.000 # 1500
21610.000 # 1500
21611.000 # 1500
21612.000 # 1500
21613.000 # 1500
21614.000 # 1500
21615.000 # 1500
21615.506 + 128 1
21616.000 # 1500
21616.583 - 128 1.077 1
21617.000 # 1500
21618.000 # 1500
21619.000 # 1500
21620.000 # 1500
21621.000 # 1500
21622.000 # 1500
21623.000 # 1500
21624.000 # 1500
21625.000 # 1500
21626.000 # 1500
21627.000 # 1500
21628.000 # 1500
21629.000 # 1500
21629.505 + 128 1
21630.000 # 1500
21630.542 - 128 1.037 1
21631.000 # 1500
21632.000 # 1500
21633.000 # 1500
21634.000 # 1500
21635.000 # 1500
21636.000 # 1500
21637.000 # 1500
21638.000 # 1500
21639.000 # 1500
21639.508 + 128 1
21640.000 # 1500
21640.547 - 128 1.039 1
21641.000 # 1500
21642.000 # 1500
21643.000 # 1500
21644.000 # 1500
21645.000 # 1500
21646.000 # 1500
21647.000 # 1500
21648.000 # 1500
21649.000 # 1500
21650.000 # 1500
21651.000 # 1500
21652.000 # 1500
21653.000 # 1500
21653.527 + 128 1
21654.000 # 1500
21654.577 - 128 1.050 1
21655.000 # 1500
21656.000 # 1500
21657.000 # 1500
21658.000 # 1500
21659.000 # 1500
21660.000 # 1500
21661.000 # 1500
21662.000 # 1500
21663.000 # 1500
21663.474 + 128 1
21664.000 # 1500
21664.564 - 128 1.090 1
21665.000 # 1500
21666.000 # 1500
21667.000 # 1500
21668.000 # 1500
21669.000 # 1500
21670.000 # 1500
21671.000 # 1500
21672.000 # 1500
21673.000 # 1500
21674.000 # 1500
21675.000 # 1500
21676.000 # 1500
21677.000 # 1500
21677.520 + 128 1
21678.000 # 1500
21678.549 - 128 1.029 1
21679.000 # 1500
21680.000 # 1500
21681.000 # 1500
21682.000 # 1500
21683.000 # 1500
21684.000 # 1500
21685.000 # 1500
21686.000 # 1500
21687.000 # 1500
21687.505 + 128 1
21688.000 # 1500
21688.552 - 128 1.047 1
21689.000 # 1500
21690.000 # 1500
21691.000 # 1500
21692.000 # 1500
21693.000 # 1500
21694.000 # 1500
21695.000 # 1500
21696.000 # 1500
21697.000 # 1500
21698.000 # 1500
21699.000 # 1500
21700.000 # 1500
21701.000 # 1500
21701.520 + 128 1
21702.000 # 1500
21702.551 - 128 1.031 1
21703.000 # 1500
21704.000 # 1500
21705.000 # 1500
21706.000 # 1500
21707.000 # 1500
21708.000 # 1500
21709.000 # 1500
21710.000 # 1500
21711.000 # 1500
21711.498 + 128 1
21712.000 # 1500
21712.559 - 128 1.061 1
21713.000 # 1500
21714.000 # 1500
21715.000 # 1500
21716.000 # 1500
21717.000 # 1500
21718.000 # 1500
21719.000 # 1500
21720.000 # 1500
21721.000 # 1500
21722.000 # 1500
21723.000 # 1500
21724.000 # 1500
21725.000 # 1500
21725.508 + 128 1
21726.000 # 1500
21726.547 - 128 1.039 1
21727.000 # 1500
21728.000 # 1500
21729.000 # 1500
21730.000 # 1500
21731.000 # 1500
21732.000 # 1500
21733.000 # 1500
21734.000 # 1500
21735.000 # 1500
21735.509 + 128 1
21736.000 # 1500
21736.555 - 128 1.046 1
21737.000 # 1500
21738.000 # 1500
21739.000 # 1500
21740.000 # 1500
21741.000 # 1500
21742.000 # 1500
21743.000 # 1500
21744.000 # 1500
21745.000 # 1500
21746.000 # 1500
21747.000 # 1500
21748.000 # 1500
21749.000 # 1500
21749.510 + 128 1
21750.000 # 1500
21750.588 - 128 1.078 1
21751.000 # 1500
21752.000 # 1500
21753.000 # 1500
21754.000 # 1500
21755.000 # 1500
21756.000 # 1500
21757.000 # 1500
21758.000 # 1500
21759.000 # 1500
21759.504 + 128 1
21760.000 # 1500
21760.545 - 128 1.041 1
21761.000 # 1500
21762.000 # 1500
21763.000 # 1500
21764.000 # 1500
21765.000 # 1500
21766.000 # 1500
21767.000 # 1500
21768.000 # 1500
21769.000 # 1500
21770.000 # 1500
21771.000 # 1500
21772.000 # 1500
21773.000 # 1500
21773.540 + 128 1
21774.000 # 1500
21774.637 - 128 1.097 1
21775.000 # 1500
21776.000 # 1500
21777.000 # 1500
21778.000 # 1500
21779.000 # 1500
21780.000 # 1500
21781.000 # 1500
21782.000 # 1500
21783.000 # 1500
21783.545 + 128 1
21784.000 # 1500
21784.745 - 128 1.200 1
21785.000 # 1500
21786.000 # 1500
21787.000 # 1500
21788.000 # 1500
21789.000 # 1500
21790.000 # 1500
21791.000 # 1500
21792.000 # 1500
21793.000 # 1500
21794.000 # 1500
21795.000 # 1500
21796.000 # 1500
21797.000 # 1500
21797.532 + 128 1
21798.000 # 1500
21798.685 - 128 1.153 1
21799.000 # 1500
21800.000 # 1500
21801.000 # 1500
21802.000 # 1500
21803.000 # 1500
21804.000 # 1500
21805.000 # 1500
21806.000 # 1500
21807.000 # 1500
21807.513 + 128 1
21808.000 # 1500
21808.570 - 128 1.057 1
21809.000 # 1500
21810.000 # 1500
21811.000 # 1500
21812.000 # 1500
21813.000 # 1500
21814.000 # 1500
21815.000 # 1500
21816.000 # 1500
21817.000 # 1500
21817.524 + 128 1
21818.000 # 1500
21818.607 - 128 1.083 1
21819.000 # 1500
21820.000 # 1500
21821.000 # 1500
21822.000 # 1500
21823.000 # 1500
21824.000 # 1500
21825.000 # 1500
21826.000 # 1500
21827.000 # 1500
21827.495 + 128 1
21828.000 # 1500
21828.577 - 128 1.082 1
21829.000 # 1500
21830.000 # 1500
21831.000 # 1500
21832.000 # 1500
21833.000 # 1500
21834.000 # 1500
21835.000 # 1500
21836.000 # 1500
21837.000 # 1500
21838.000 # 1500
21839.000 # 1500
21840.000 # 1500
21841.000 # 1500
21841.523 + 128 1
21842.000 # 1500
21842.609 - 128 1.086 1
21843.000 # 1500
21844.000 # 1500
21845.000 # 1500
21846.000 # 1500
21847.000 # 1500
21848.000 # 1500
21849.000 # 1500
21850.000 # 1500
21851.000 # 1500
21851.487 + 128 1
21852.000 # 1500
21852.545 - 128 1.058 1
21853.000 # 1500
21854.000 # 1500
21855.000 # 1500
21856.000 # 1500
21857.000 # 1500
21858.000 # 1500
21859.000 # 1500
21860.000 # 1500
21861.000 # 1500
21862.000 # 1500
21863.000 # 1500
21864.000 # 1500
21865.000 # 1500
21865.513 + 128 1
21866.000 # 1500
21866.602 - 128 1.089 1
21867.000 # 1500
21868.000 # 1500
21869.000 # 1500
21870.000 # 1500
21871.000 # 1500
21872.000 # 1500
21873.000 # 1500
21874.000 # 1500
21875.000 # 1500
21875.492 + 128 1
21876.000 # 1500
21876.556 - 128 1.064 1
21877.000 # 1500
21878.000 # 1500
21879.000 # 1500
21880.000 # 1500
21881.000 # 1500
21882.000 # 1500
21883.000 # 1500
21884.000 # 1500
21885.000 # 1500
21886.000 # 1500
21887.000 # 1500
21888.000 # 1500
21889.000 # 1500
21889.509 + 128 1
21890.000 # 1500
21890.590 - 128 1.081 1
21891.000 # 1500
21892.000 # 1500
21893.000 # 1500
21894.000 # 1500
21895.000 # 1500
21896.000 # 1500
21897.000 # 1500
21898.000 # 1500
21899.000 # 1500
21899.498 + 128 1
21900.000 # 1500
21900.586 - 128 1.088 1
21901.000 # 1500
21902.000 # 1500
21903.000 # 1500
21904.000 # 1500
21905.000 # 1500
21906.000 # 1500
21907.000 # 1500
21908.000 # 1500
21909.000 # 1500
21910.000 # 1500
21911.000 # 1500
21912.000 # 1500
21913.000 # 1500
21913.554 + 128 1
21914.000 # 1500
21914.624 - 128 1.070 1
21915.000 # 1500
21916.000 # 1500
21917.000 # 1500
21918.000 # 1500
21919.000 # 1500
21920.000 # 1500
21921.000 # 1500
21922.000 # 1500
21923.000 # 1500
21923.512 + 128 1
21924.000 # 1500
21924.581 - 128 1.069 1
21925.000 # 1500
21926.000 # 1500
21927.000 # 1500
21928.000 # 1500
21929.000 # 1500
21930.000 # 1500
21931.000 # 1500
21932.000 # 1500
21933.000 # 1500
21934.000 # 1500
21935.000 # 1500
21936.000 # 1500
21937.000 # 1500
21938.000 # 1500
21939.000 # 1500
21940.000 # 1500
21941.000 # 1500
21942.000 # 1500
21943.000 # 1500
21944.000 # 1500
21945.000 # 1500
21945.521 + 128 1
21946.000 # 1500
21946.597 - 128 1.076 1
21947.000 # 1500
21948.000 # 1500
21949.000 # 1500
21950.000 # 1500
21951.000 # 1500
21952.000 # 1500
21953.000 # 1500
21954.000 # 1500
21955.000 # 1500
21955.508 + 128 1
21956.000 # 1500
21956.561 - 128 1.053 1
21957.000 # 1500
21958.000 # 1500
21959.000 # 1500
21960.000 # 1500
21961.000 # 1500
21962.000 # 1500
21963.000 # 1500
21964.000 # 1500
21965.000 # 1500
21966.000 # 1500
21967.000 # 1500
21968.000 # 1500
21969.000 # 1500
21969.512 + 128 1
21970.000 # 1500
21970.589 - 128 1.077 1
21971.000 # 1500
21972.000 # 1500
21973.000 # 1500
21974.000 # 1500
21975.000 # 1500
21976.000 # 1500
21977.000 # 1500
21978.000 # 1500
21979.000 # 1500
21979.513 + 128 1
21980.000 # 1500
21980.564 - 128 1.051 1
21981.000 # 1500
21982.000 # 1500
21983.000 # 1500
21984.000 # 1500
21985.000 # 1500
21986.000 # 1500
21987.000 # 1500
21988.000 # 1500
21989.000 # 1500
21990.000 # 1500
21991.000 # 1500
21992.000 # 1500
21993.000 # 1500
21993.510 + 128 1
21994.000 # 1500
21994.591 - 128 1.081 1
21995.000 # 1500
21996.000 # 1500
21997.000 # 1500
21998.000 # 1500
21999.000 # 1500
22000.000 # 1500
22001.000 # 1500
22002.000 # 1500
22003.000 # 1500
22003.508 + 128 1
22004.000 # 1500
22004.573 - 128 1.065 1
22005.000 # 1500
22006.000 # 1500
22007.000 # 1500
22008.000 # 1500
22009.000 # 1500
22010.000 # 1500
22011.000 # 1500
22012.000 # 1500
22013.000 # 1500
22014.000 # 1500
22015.000 # 1500
22016.000 # 1500
22017.000 # 1500
22017.512 + 128 1
22018.000 # 1500
22018.547 - 128 1.035 1
22019.000 # 1500
22020.000 # 1500
22021.000 # 1500
22022.000 # 1500
22023.000 # 1500
22024.000 # 1500
22025.000 # 1500
22026.000 # 1500
22027.000 # 1500
22027.512 + 128 1
22028.000 # 1500
22028.569 - 128 1.057 1
22029.000 # 1500
22030.000 # 1500
22031.000 # 1500
22032.000 # 1500
22033.000 # 1500
22034.000 # 1500
22035.000 # 1500
22036.000 # 1500
22037.000 # 1500
22038.000 # 1500
22039.000 # 1500
22040.000 # 1500
22041.000 # 1500
22041.524 + 128 1
22042.000 # 1500
22042.583 - 128 1.059 1
22043.000 # 1500
22044.000 # 1500
22045.000 # 1500
22046.000 # 1500
22047.000 # 1500
22048.000 # 1500
22049.000 # 1500
22050.000 # 1500
22051.000 # 1500
22051.519 + 128 1
22052.000 # 1500
22052.667 - 128 1.148 1
22053.000 # 1500
22054.000 # 1500
22055.000 # 1500
22056.000 # 1500
22057.000 # 1500
22058.000 # 1500
22059.000 # 1500
22060.000 # 1500
22061.000 # 1500
22062.000 # 1500
22063.000 # 1500
22064.000 # 1500
22065.000 # 1500
22065.539 + 128 1
22066.000 # 1500
22066.632 - 128 1.093 1
22067.000 # 1500
22068.000 # 1500
22069.000 # 1500
22070.000 # 1500
22071.000 # 1500
22072.000 # 1500
22073.000 # 1500
22074.000 # 1500
22075.000 # 1500
22075.506 + 128 1
22076.000 # 1500
22076.565 - 128 1.059 1
22077.000 # 1500
22078.000 # 1500
22079.000 # 1500
22080.000 # 1500
22081.000 # 1500
22082.000 # 1500
22083.000 # 1500
22084.000 # 1500
22085.000 # 1500
22086.000 # 1500
22087.000 # 1500
22088.000 # 1500
22089.000 # 1500
22089.509 + 128 1
22090.000 # 1500
22090.539 - 128 1.030 1
22091.000 # 1500
22092.000 # 1500
22093.000 # 1500
22094.000 # 1500
22095.000 # 1500
22096.000 # 1500
22097.000 # 1500
22098.000 # 1500
22099.000 # 1500
22099.505 + 128 1
22100.000 # 1500
22100.556 - 128 1.051 1
22101.000 # 1500
22102.000 # 1500
22103.000 # 1500
22104.000 # 1500
22105.000 # 1500
22106.000 # 1500
22107.000 # 1500
22108.000 # 1500
22109.000 # 1500
22110.000 # 1500
22111.000 # 1500
22112.000 # 1500
22113.000 # 1500
22113.552 + 128 1
22114.000 # 1500
22114.585 - 128 1.033 1
22115.000 # 1500
22116.000 # 1500
22117.000 # 1500
22118.000 # 1500
22119.000 # 1500
22120.000 # 1500
22121.000 # 1500
22122.000 # 1500
22123.000 # 1500
22123.537 + 128 1
22124.000 # 1500
22124.650 - 128 1.113 1
22125.000 # 1500
22126.000 # 1500
22127.000 # 1500
22128.000 # 1500
22129.000 # 1500
22130.000 # 1500
22131.000 # 1500
22132.000 # 1500
22133.000 # 1500
22134.000 # 1500
22135.000 # 1500
22136.000 # 1500
22137.000 # 1500
22137.525 + 128 1
22138.000 # 1500
22138.618 - 128 1.093 1
22139.000 # 1500
22140.000 # 1500
22141.000 # 1500
22142.000 # 1500
22143.000 # 1500
22144.000 # 1500
22145.000 # 1500
22146.000 # 1500
22147.000 # 1500
22147.495 + 128 1
22148.000 # 1500
22148.554 - 128 1.059 1
22149.000 # 1500
22150.000 # 1500
22151.000 # 1500
22152.000 # 1500
22153.000 # 1500
22154.000 # 1500
22155.000 # 1500
22156.000 # 1500
22157.000 # 1500
22158.000 # 1500
22159.000 # 1500
22160.000 # 1500
22161.000 # 1500
22161.514 + 128 1
22162.000 # 1500
22162.554 - 128 1.040 1
22163.000 # 1500
22164.000 # 1500
22165.000 # 1500
22166.000 # 1500
22167.000 # 1500
22168.000 # 1500
22169.000 # 1500
22170.000 # 1500
22171.000 # 1500
22171.967 + 128 1
22172.000 # 1500
22173.000 # 1500
22173.030 - 128 1.063 1
22174.000 # 1500
22175.000 # 1500
22176.000 # 1500
22177.000 # 1500
22178.000 # 1500
22179.000 # 1500
22180.000 # 1500
22181.000 # 1500
22182.000 # 1500
22183.000 # 1500
22184.000 # 1500
22185.000 # 1500
22185.512 + 128 1
22186.000 # 1500
22186.698 - 128 1.186 1
22187.000 # 1500
22188.000 # 1500
22189.000 # 1500
22190.000 # 1500
22191.000 # 1500
22192.000 # 1500
22193.000 # 1500
22194.000 # 1500
22195.000 # 1500
22195.506 + 128 1
22196.000 # 1500
22196.648 - 128 1.142 1
22197.000 # 1500
22198.000 # 1500
22199.000 # 1500
22200.000 # 1500
22201.000 # 1500
22202.000 # 1500
22203.000 # 1500
22204.000 # 1500
22205.000 # 1500
22206.000 # 1500
22207.000 # 1500
22208.000 # 1500
22209.000 # 1500
22209.516 + 128 1
22210.000 # 1500
22211.000 # 1500
22211.003 - 128 1.487 1
22212.000 # 1500
22213.000 # 1500
22214.000 # 1500
22215.000 # 1500
22216.000 # 1500
22217.000 # 1500
22218.000 # 1500
22219.000 # 1500
22219.497 + 128 1
22220.000 # 1500
22220.819 - 128 1.322 1
22221.000 # 1500
22222.000 # 1500
22223.000 # 1500
22224.000 # 1500
22225.000 # 1500
22226.000 # 1500
22227.000 # 1500
22228.000 # 1500
22229.000 # 1500
22230.000 # 1500
22231.000 # 1500
22232.000 # 1500
22233.000 # 1500
22233.520 + 128 1
22234.000 # 1500
22235.000 # 1500
22235.521 - 128 2.001 1
22236.000 # 1500
22237.000 # 1500
22238.000 # 1500
22239.000 # 1500
22240.000 # 1500
22241.000 # 1500
22242.000 # 1500
22243.000 # 1500
22243.522 + 128 1
22244.000 # 1500
22244.771 - 128 1.249 1
22245.000 # 1500
22246.000 # 1500
22247.000 # 1500
22248.000 # 1500
22249.000 # 1500
22250.000 # 1500
22251.000 # 1500
22252.000 # 1500
22253.000 # 1500
22254.000 # 1500
22255.000 # 1500
22256.000 # 1500
22257.000 # 1500
22257.508 + 128 1
22258.000 # 1500
22258.734 - 128 1.226 1
22259.000 # 1500
22260.000 # 1500
22261.000 # 1500
22262.000 # 1500
22263.000 # 1500
22264.000 # 1500
22265.000 # 1500
22266.000 # 1500
22267.000 # 1500
22267.726 + 128 1
22268.000 # 1500
22269.000 # 1500
22269.029 - 128 1.303 1
22270.000 # 1500
22271.000 # 1500
22272.000 # 1500
22273.000 # 1500
22274.000 # 1500
22275.000 # 1500
22276.000 # 1500
22277.000 # 1500
22278.000 # 1500
22279.000 # 1500
22280.000 # 1500
22281.000 # 1500
22281.979 + 128 1
22282.000 # 1500
22283.000 # 1500
22283.147 - 128 1.168 1
22284.000 # 1500
22285.000 # 1500
22286.000 # 1500
22287.000 # 1500
22288.000 # 1500
22289.000 # 1500
22290.000 # 1500
22291.000 # 1500
22291.492 + 128 1
22292.000 # 1500
22292.839 - 128 1.347 1
22293.000 # 1500
22294.000 # 1500
22295.000 # 1500
22296.000 # 1500
22297.000 # 1500
22298.000 # 1500
22299.000 # 1500
22300.000 # 1500
22301.000 # 1500
22302.000 # 1500
22303.000 # 1500
22304.000 # 1500
22305.000 # 1500
22305.509 + 128 1
22306.000 # 1500
22306.870 - 128 1.361 1
22307.000 # 1500
22308.000 # 1500
22309.000 # 1500
22310.000 # 1500
22311.000 # 1500
22312.000 # 1500
22313.000 # 1500
22314.000 # 1500
22315.000 # 1500
22315.494 + 128 1
22316.000 # 1500
22316.625 - 128 1.131 1
22317.000 # 1500
22318.000 # 1500
22319.000 # 1500
22320.000 # 1500
22321.000 # 1500
22322.000 # 1500
22323.000 # 1500
22324.000 # 1500
22325.000 # 1500
22326.000 # 1500
22327.000 # 1500
22328.000 # 1500
22329.000 # 1500
22329.521 + 128 1
22330.000 # 1500
22330.671 - 128 1.150 1
22331.000 # 1500
22332.000 # 1500
22333.000 # 1500
22334.000 # 1500
22335.000 # 1500
22336.000 # 1500
22337.000 # 1500
22338.000 # 1500
22339.000 # 1500
22339.527 + 128 1
22340.000 # 1500
22340.797 - 128 1.270 1
22341.000 # 1500
22342.000 # 1500
22343.000 # 1500
22344.000 # 1500
22345.000 # 1500
22346.000 # 1500
22347.000 # 1500
22348.000 # 1500
22349.000 # 1500
22350.000 # 1500
22351.000 # 1500
22352.000 # 1500
22353.000 # 1500
22353.547 + 128 1
22354.000 # 1500
22354.749 - 128 1.202 1
22355.000 # 1500
22356.000 # 1500
22357.000 # 1500
22358.000 # 1500
22359.000 # 1500
22360.000 # 1500
22361.000 # 1500
22362.000 # 1500
22363.000 # 1500
22363.507 + 128 1
22364.000 # 1500
22364.785 - 128 1.278 1
22365.000 # 1500
22366.000 # 1500
22367.000 # 1500
22368.000 # 1500
22369.000 # 1500
22370.000 # 1500
22371.000 # 1500
22372.000 # 1500
22373.000 # 1500
22374.000 # 1500
22375.000 # 1500
22376.000 # 1500
22377.000 # 1500
22377.523 + 128 1
22378.000 # 1500
22378.766 - 128 1.243 1
22379.000 # 1500
22380.000 # 1500
22381.000 # 1500
22382.000 # 1500
22383.000 # 1500
22384.000 # 1500
22385.000 # 1500
22386.000 # 1500
22387.000 # 1500
22387.522 + 128 1
22388.000 # 1500
22388.715 - 128 1.193 1
22389.000 # 1500
22390.000 # 1500
22391.000 # 1500
22392.000 # 1500
22393.000 # 1500
22394.000 # 1500
22395.000 # 1500
22396.000 # 1500
22397.000 # 1500
22398.000 # 1500
22399.000 # 1500
22400.000 # 1500
22401.000 # 1500
22401.522 + 128 1
22402.000 # 1500
22402.733 - 128 1.211 1
22403.000 # 1500
22404.000 # 1500
22405.000 # 1500
22406.000 # 1500
22407.000 # 1500
22408.000 # 1500
22409.000 # 1500
22410.000 # 1500
22411.000 # 1500
22411.513 + 128 1
22412.000 # 1500
22412.649 - 128 1.136 1
22413.000 # 1500
22414.000 # 1500
22415.000 # 1500
22416.000 # 1500
22417.000 # 1500
22418.000 # 1500
22419.000 # 1500
22420.000 # 1500
22421.000 # 1500
22422.000 # 1500
22423.000 # 1500
22424.000 # 1500
22425.000 # 1500
22425.559 + 128 1
22426.000 # 1500
22426.758 - 128 1.199 1
22427.000 # 1500
22428.000 # 1500
22429.000 # 1500
22430.000 # 1500
22431.000 # 1500
22432.000 # 1500
22433.000 # 1500
22434.000 # 1500
22435.000 # 1500
22435.537 + 128 1
22436.000 # 1500
22436.699 - 128 1.162 1
22437.000 # 1500
22438.000 # 1500
22439.000 # 1500
22440.000 # 1500
22441.000 # 1500
22442.000 # 1500
22443.000 # 1500
22444.000 # 1500
22445.000 # 1500
22446.000 # 1500
22447.000 # 1500
22448.000 # 1500
22449.000 # 1500
22449.520 + 128 1
22450.000 # 1500
22450.676 - 128 1.156 1
22451.000 # 1500
22452.000 # 1500
22453.000 # 1500
22454.000 # 1500
22455.000 # 1500
22456.000 # 1500
22457.000 # 1500
22458.000 # 1500
22459.000 # 1500
22459.500 + 128 1
22460.000 # 1500
22460.664 - 128 1.164 1
22461.000 # 1500
22462.000 # 1500
22463.000 # 1500
22464.000 # 1500
22465.000 # 1500
22466.000 # 1500
22467.000 # 1500
22468.000 # 1500
22469.000 # 1500
22470.000 # 1500
22471.000 # 1500
22472.000 # 1500
22473.000 # 1500
22473.518 + 128 1
22474.000 # 1500
22474.625 - 128 1.107 1
22475.000 # 1500
22476.000 # 1500
22477.000 # 1500
22478.000 # 1500
22479.000 # 1500
22480.000 # 1500
22481.000 # 1500
22482.000 # 1500
22483.000 # 1500
22483.476 + 128 1
22484.000 # 1500
22484.577 - 128 1.101 1
22485.000 # 1500
22486.000 # 1500
22487.000 # 1500
22488.000 # 1500
22489.000 # 1500
22490.000 # 1500
22491.000 # 1500
22492.000 # 1500
22493.000 # 1500
22493.474 + 128 1
22494.000 # 1500
22494.687 - 128 1.213 1
22495.000 # 1500
22496.000 # 1500
22497.000 # 1500
22498.000 # 1500
22499.000 # 1500
22500.000 # 1500
22501.000 # 1500
22502.000 # 1500
22503.000 # 1500
22504.000 # 1500
22505.000 # 1500
22506.000 # 1500
22507.000 # 1500
22508.000 # 1500
22509.000 # 1500
22509.520 + 128 1
22510.000 # 1500
22510.704 - 128 1.184 1
22511.000 # 1500
22512.000 # 1500
22513.000 # 1500
22514.000 # 1500
22515.000 # 1500
22516.000 # 1500
22517.000 # 1500
22518.000 # 1500
22519.000 # 1500
22519.497 + 128 1
22520.000 # 1500
22520.651 - 128 1.154 1
22521.000 # 1500
22522.000 # 1500
22523.000 # 1500
22524.000 # 1500
22525.000 # 1500
22526.000 # 1500
22527.000 # 1500
22528.000 # 1500
22529.000 # 1500
22530.000 # 1500
22531.000 # 1500
22532.000 # 1500
22533.000 # 1500
22533.530 + 128 1
22534.000 # 1500
22534.748 - 128 1.218 1
22535.000 # 1500
22536.000 # 1500
22537.000 # 1500
22538.000 # 1500
22539.000 # 1500
22540.000 # 1500
22541.000 # 1500
22542.000 # 1500
22543.000 # 1500
22543.515 + 128 1
22544.000 # 1500
22544.643 - 128 1.128 1
22545.000 # 1500
22546.000 # 1500
22547.000 # 1500
22548.000 # 1500
22549.000 # 1500
22550.000 # 1500
22551.000 # 1500
22552.000 # 1500
22553.000 # 1500
22554.000 # 1500
22555.000 # 1500
22556.000 # 1500
22557.000 # 1500
22557.509 + 128 1
22558.000 # 1500
22558.671 - 128 1.162 1
22559.000 # 1500
22560.000 # 1500
22561.000 # 1500
22562.000 # 1500
22563.000 # 1500
22564.000 # 1500
22565.000 # 1500
22566.000 # 1500
22567.000 # 1500
22567.495 + 128 1
22568.000 # 1500
22568.659 - 128 1.164 1
22569.000 # 1500
22570.000 # 1500
22571.000 # 1500
22572.000 # 1500
22573.000 # 1500
22574.000 # 1500
22575.000 # 1500
22576.000 # 1500
22577.000 # 1500
22578.000 # 1500
22579.000 # 1500
22580.000 # 1500
22581.000 # 1500
22581.532 + 128 1
22582.000 # 1500
22582.697 - 128 1.165 1
22583.000 # 1500
22584.000 # 1500
22585.000 # 1500
22586.000 # 1500
22587.000 # 1500
22588.000 # 1500
22589.000 # 1500
22590.000 # 1500
22591.000 # 1500
22591.520 + 128 1
22592.000 # 1500
22592.677 - 128 1.157 1
22593.000 # 1500
22594.000 # 1500
22595.000 # 1500
22596.000 # 1500
22597.000 # 1500
22598.000 # 1500
22599.000 # 1500
22600.000 # 1500
22601.000 # 1500
22602.000 # 1500
22603.000 # 1500
22604.000 # 1500
22605.000 # 1500
22605.510 + 128 1
22606.000 # 1500
22606.850 - 128 1.340 1
22607.000 # 1500
22608.000 # 1500
22609.000 # 1500
22610.000 # 1500
22611.000 # 1500
22612.000 # 1500
22613.000 # 1500
22614.000 # 1500
22615.000 # 1500
22615.471 + 128 1
22616.000 # 1500
22616.767 - 128 1.296 1
22617.000 # 1500
22618.000 # 1500
22619.000 # 1500
22620.000 # 1500
22621.000 # 1500
22622.000 # 1500
22623.000 # 1500
22624.000 # 1500
22625.000 # 1500
22626.000 # 1500
22627.000 # 1500
22628.000 # 1500
22629.000 # 1500
22629.513 + 128 1
22630.000 # 1500
22630.935 - 128 1.422 1
22631.000 # 1500
22632.000 # 1500
22633.000 # 1500
22634.000 # 1500
22635.000 # 1500
22636.000 # 1500
22637.000 # 1500
22638.000 # 1500
22639.000 # 1500
22639.473 + 128 1
22640.000 # 1500
22640.800 - 128 1.327 1
22641.000 # 1500
22642.000 # 1500
22643.000 # 1500
22644.000 # 1500
22645.000 # 1500
22646.000 # 1500
22647.000 # 1500
22648.000 # 1500
22649.000 # 1500
22650.000 # 1500
22651.000 # 1500
22652.000 # 1500
22653.000 # 1500
22653.510 + 128 1
22654.000 # 1500
22654.843 - 128 1.333 1
22655.000 # 1500
22656.000 # 1500
22657.000 # 1500
22658.000 # 1500
22659.000 # 1500
22660.000 # 1500
22661.000 # 1500
22662.000 # 1500
22663.000 # 1500
22663.476 + 128 1
22664.000 # 1500
22664.821 - 128 1.345 1
22665.000 # 1500
22666.000 # 1500
22667.000 # 1500
22668.000 # 1500
22669.000 # 1500
22670.000 # 1500
22671.000 # 1500
22672.000 # 1500
22673.000 # 1500
22674.000 # 1500
22675.000 # 1500
22676.000 # 1500
22677.000 # 1500
22677.509 + 128 1
22678.000 # 1500
22678.877 - 128 1.368 1
22679.000 # 1500
22680.000 # 1500
22681.000 # 1500
22682.000 # 1500
22683.000 # 1500
22684.000 # 1500
22685.000 # 1500
22686.000 # 1500
22687.000 # 1500
22687.480 + 128 1
22688.000 # 1500
22688.827 - 128 1.347 1
22689.000 # 1500
22690.000 # 1500
22691.000 # 1500
22692.000 # 1500
22693.000 # 1500
22694.000 # 1500
22695.000 # 1500
22696.000 # 1500
22697.000 # 1500
22698.000 # 1500
22699.000 # 1500
22700.000 # 1500
22701.000 # 1500
22701.506 + 128 1
22702.000 # 1500
22702.855 - 128 1.349 1
22703.000 # 1500
22704.000 # 1500
22705.000 # 1500
22706.000 # 1500
22707.000 # 1500
22708.000 # 1500
22709.000 # 1500
22710.000 # 1500
22711.000 # 1500
22711.499 + 128 1
22712.000 # 1500
22712.796 - 128 1.297 1
22713.000 # 1500
22714.000 # 1500
22715.000 # 1500
22716.000 # 1500
22717.000 # 1500
22718.000 # 1500
22719.000 # 1500
22720.000 # 1500
22721.000 # 1500
22722.000 # 1500
22723.000 # 1500
22724.000 # 1500
22725.000 # 1500
22725.506 + 128 1
22726.000 # 1500
22726.835 - 128 1.329 1
22727.000 # 1500
22728.000 # 1500
22729.000 # 1500
22730.000 # 1500
22731.000 # 1500
22732.000 # 1500
22733.000 # 1500
22734.000 # 1500
22735.000 # 1500
22735.507 + 128 1
22736.000 # 1500
22736.861 - 128 1.354 1
22737.000 # 1500
22738.000 # 1500
22739.000 # 1500
22740.000 # 1500
22741.000 # 1500
22742.000 # 1500
22743.000 # 1500
22744.000 # 1500
22745.000 # 1500
22746.000 # 1500
22747.000 # 1500
22748.000 # 1500
22749.000 # 1500
22749.505 + 128 1
22750.000 # 1500
22750.834 - 128 1.329 1
22751.000 # 1500
22752.000 # 1500
22753.000 # 1500
22754.000 # 1500
22755.000 # 1500
22756.000 # 1500
22757.000 # 1500
22758.000 # 1500
22759.000 # 1500
22759.507 + 128 1
22760.000 # 1500
22760.875 - 128 1.368 1
22761.000 # 1500
22762.000 # 1500
22763.000 # 1500
22764.000 # 1500
22765.000 # 1500
22766.000 # 1500
22767.000 # 1500
22768.000 # 1500
22769.000 # 1500
22770.000 # 1500
22771.000 # 1500
22772.000 # 1500
22773.000 # 1500
22773.513 + 128 1
22774.000 # 1500
22774.953 - 128 1.440 1
22775.000 # 1500
22776.000 # 1500
22777.000 # 1500
22778.000 # 1500
22779.000 # 1500
22780.000 # 1500
22781.000 # 1500
22782.000 # 1500
22783.000 # 1500
22783.495 + 128 1
22784.000 # 1500
22784.793 - 128 1.298 1
22785.000 # 1500
22786.000 # 1500
22787.000 # 1500
22788.000 # 1500
22789.000 # 1500
22790.000 # 1500
22791.000 # 1500
22792.000 # 1500
22793.000 # 1500
22794.000 # 1500
22795.000 # 1500
22796.000 # 1500
22797.000 # 1500
22797.508 + 128 1
22798.000 # 1500
22798.750 - 128 1.242 1
22799.000 # 1500
22800.000 # 1500
22801.000 # 1500
22802.000 # 1500
22803.000 # 1500
22804.000 # 1500
22805.000 # 1500
22806.000 # 1500
22807.000 # 1500
22807.540 + 128 1
22808.000 # 1500
22808.646 - 128 1.106 1
22809.000 # 1500
22810.000 # 1500
22811.000 # 1500
22812.000 # 1500
22813.000 # 1500
22814.000 # 1500
22815.000 # 1500
22816.000 # 1500
22817.000 # 1500
22818.000 # 1500
22819.000 # 1500
22820.000 # 1500
22821.000 # 1500
22821.557 + 128 1
22822.000 # 1500
22822.615 - 128 1.058 1
22823.000 # 1500
22824.000 # 1500
22825.000 # 1500
22826.000 # 1500
22827.000 # 1500
22828.000 # 1500
22829.000 # 1500
22830.000 # 1500
22831.000 # 1500
22831.611 + 128 1
22832.000 # 1500
22832.681 - 128 1.070 1
22833.000 # 1500
22834.000 # 1500
22835.000 # 1500
22836.000 # 1500
22837.000 # 1500
22838.000 # 1500
22839.000 # 1500
22840.000 # 1500
22841.000 # 1500
22842.000 # 1500
22843.000 # 1500
22844.000 # 1500
22845.000 # 1500
22846.000 # 1500
22847.000 # 1500
22848.000 # 1500
22849.000 # 1500
22850.000 # 1500
22851.000 # 1500
22852.000 # 1500
22853.000 # 1500
22853.533 + 128 1
22854.000 # 1500
22854.601 - 128 1.068 1
22855.000 # 1500
22856.000 # 1500
22857.000 # 1500
22858.000 # 1500
22859.000 # 1500
22860.000 # 1500
22861.000 # 1500
22862.000 # 1500
22863.000 # 1500
22863.490 + 128 1
22864.000 # 1500
22864.553 - 128 1.063 1
22865.000 # 1500
22866.000 # 1500
22867.000 # 1500
22868.000 # 1500
22869.000 # 1500
22870.000 # 1500
22871.000 # 1500
22872.000 # 1500
22873.000 # 1500
22874.000 # 1500
22875.000 # 1500
22876.000 # 1500
22877.000 # 1500
22877.512 + 128 1
22878.000 # 1500
22878.572 - 128 1.060 1
22879.000 # 1500
22880.000 # 1500
22881.000 # 1500
22882.000 # 1500
22883.000 # 1500
22884.000 # 1500
22885.000 # 1500
22886.000 # 1500
22887.000 # 1500
22887.478 + 128 1
22888.000 # 1500
22888.542 - 128 1.064 1
22889.000 # 1500
22890.000 # 1500
22891.000 # 1500
22892.000 # 1500
22893.000 # 1500
22894.000 # 1500
22895.000 # 1500
22896.000 # 1500
22897.000 # 1500
22898.000 # 1500
22899.000 # 1500
22900.000 # 1500
22901.000 # 1500
22901.513 + 128 1
22902.000 # 1500
22902.603 - 128 1.090 1
22903.000 # 1500
22904.000 # 1500
22905.000 # 1500
22906.000 # 1500
22907.000 # 1500
22908.000 # 1500
22909.000 # 1500
22910.000 # 1500
22911.000 # 1500
22911.505 + 128 1
22912.000 # 1500
22912.838 - 128 1.333 1
22913.000 # 1500
22914.000 # 1500
22915.000 # 1500
22916.000 # 1500
22917.000 # 1500
22918.000 # 1500
22919.000 # 1500
22920.000 # 1500
22921.000 # 1500
22922.000 # 1500
22923.000 # 1500
22924.000 # 1500
22925.000 # 1500
22925.812 + 128 1
22926.000 # 1500
22926.910 - 128 1.098 1
22927.000 # 1500
22928.000 # 1500
22929.000 # 1500
22930.000 # 1500
22931.000 # 1500
22932.000 # 1500
22933.000 # 1500
22934.000 # 1500
22935.000 # 1500
22935.826 + 128 1
22936.000 # 1500
22936.945 - 128 1.119 1
22937.000 # 1500
22938.000 # 1500
22939.000 # 1500
22940.000 # 1500
22941.000 # 1500
22942.000 # 1500
22943.000 # 1500
22944.000 # 1500
22945.000 # 1500
22946.000 # 1500
22947.000 # 1500
22948.000 # 1500
22949.000 # 1500
22949.525 + 128 1
22950.000 # 1500
22950.625 - 128 1.100 1
22951.000 # 1500
22952.000 # 1500
22953.000 # 1500
22954.000 # 1500
22955.000 # 1500
22956.000 # 1500
22957.000 # 1500
22958.000 # 1500
22959.000 # 1500
22959.522 + 128 1
22960.000 # 1500
22960.608 - 128 1.086 1
22961.000 # 1500
22962.000 # 1500
22963.000 # 1500
22964.000 # 1500
22965.000 # 1500
22966.000 # 1500
22967.000 # 1500
22968.000 # 1500
22969.000 # 1500
22970.000 # 1500
22971.000 # 1500
22972.000 # 1500
22973.000 # 1500
22973.557 + 128 1
22974.000 # 1500
22974.651 - 128 1.094 1
22975.000 # 1500
22976.000 # 1500
22977.000 # 1500
22978.000 # 1500
22979.000 # 1500
22980.000 # 1500
22981.000 # 1500
22982.000 # 1500
22983.000 # 1500
22983.733 + 128 1
22984.000 # 1500
22985.000 # 1500
22985.052 - 128 1.319 1
22986.000 # 1500
22987.000 # 1500
22988.000 # 1500
22989.000 # 1500
22990.000 # 1500
22991.000 # 1500
22992.000 # 1500
22993.000 # 1500
22994.000 # 1500
22995.000 # 1500
22996.000 # 1500
22997.000 # 1500
22997.546 + 128 1
22998.000 # 1500
22998.679 - 128 1.133 1
22999.000 # 1500
23000.000 # 1500
23001.000 # 1500
23002.000 # 1500
23003.000 # 1500
23004.000 # 1500
23005.000 # 1500
23006.000 # 1500
23007.000 # 1500
23007.533 + 128 1
23008.000 # 1500
23008.610 - 128 1.077 1
23009.000 # 1500
23010.000 # 1500
23011.000 # 1500
23012.000 # 1500
23013.000 # 1500
23014.000 # 1500
23015.000 # 1500
23016.000 # 1500
23017.000 # 1500
23018.000 # 1500
23019.000 # 1500
23020.000 # 1500
23021.000 # 1500
23021.592 + 128 1
23022.000 # 1500
23022.789 - 128 1.197 1
23023.000 # 1500
23024.000 # 1500
23025.000 # 1500
23026.000 # 1500
23027.000 # 1500
23028.000 # 1500
23029.000 # 1500
23030.000 # 1500
23031.000 # 1500
23031.525 + 128 1
23032.000 # 1500
23032.605 - 128 1.080 1
23033.000 # 1500
23034.000 # 1500
23035.000 # 1500
23036.000 # 1500
23037.000 # 1500
23038.000 # 1500
23039.000 # 1500
23040.000 # 1500
23041.000 # 1500
23042.000 # 1500
23043.000 # 1500
23044.000 # 1500
23045.000 # 1500
23045.571 + 128 1
23046.000 # 1500
23046.706 - 128 1.135 1
23047.000 # 1500
23048.000 # 1500
23049.000 # 1500
23050.000 # 1500
23051.000 # 1500
23052.000 # 1500
23053.000 # 1500
23054.000 # 1500
23055.000 # 1500
23055.506 + 128 1
23056.000 # 1500
23056.636 - 128 1.130 1
23057.000 # 1500
23058.000 # 1500
23059.000 # 1500
23060.000 # 1500
23061.000 # 1500
23062.000 # 1500
23063.000 # 1500
23064.000 # 1500
23065.000 # 1500
23066.000 # 1500
23067.000 # 1500
23068.000 # 1500
23069.000 # 1500
23069.596 + 128 1
23070.000 # 1500
23070.654 - 128 1.058 1
23071.000 # 1500
23072.000 # 1500
23073.000 # 1500
23074.000 # 1500
23075.000 # 1500
23076.000 # 1500
23077.000 # 1500
23078.000 # 1500
23079.000 # 1500
23079.557 + 128 1
23080.000 # 1500
23080.630 - 128 1.073 1
23081.000 # 1500
23082.000 # 1500
23083.000 # 1500
23084.000 # 1500
23085.000 # 1500
23086.000 # 1500
23087.000 # 1500
23088.000 # 1500
23089.000 # 1500
23090.000 # 1500
23091.000 # 1500
23092.000 # 1500
23093.000 # 1500
23093.740 + 128 1
23094.000 # 1500
23095.000 # 1500
23095.029 - 128 1.289 1
23096.000 # 1500
23097.000 # 1500
23098.000 # 1500
23099.000 # 1500
23100.000 # 1500
23101.000 # 1500
23102.000 # 1500
23103.000 # 1500
23103.504 + 128 1
23104.000 # 1500
23104.738 - 128 1.234 1
23105.000 # 1500
23106.000 # 1500
23107.000 # 1500
23108.000 # 1500
23109.000 # 1500
23110.000 # 1500
23111.000 # 1500
23112.000 # 1500
23113.000 # 1500
23114.000 # 1500
23115.000 # 1500
23116.000 # 1500
23117.000 # 1500
23118.000 # 1500
23119.000 # 1500
23120.000 # 1500
23121.000 # 1500
23121.517 + 128 1
23122.000 # 1500
23122.576 - 128 1.059 1
23123.000 # 1500
23124.000 # 1500
23125.000 # 1500
23126.000 # 1500
23127.000 # 1500
23128.000 # 1500
23129.000 # 1500
23130.000 # 1500
23131.000 # 1500
23131.490 + 128 1
23132.000 # 1500
23132.684 - 128 1.194 1
23133.000 # 1500
23134.000 # 1500
23135.000 # 1500
23136.000 # 1500
23137.000 # 1500
23138.000 # 1500
23139.000 # 1500
23140.000 # 1500
23141.000 # 1500
23142.000 # 1500
23143.000 # 1500
23144.000 # 1500
23145.000 # 1500
23145.636 + 128 1
23146.000 # 1500
23146.925 - 128 1.289 1
23147.000 # 1500
23148.000 # 1500
23149.000 # 1500
23150.000 # 1500
23151.000 # 1500
23152.000 # 1500
23153.000 # 1500
23154.000 # 1500
23155.000 # 1500
23155.487 + 128 1
23156.000 # 1500
23156.751 - 128 1.264 1
23157.000 # 1500
23158.000 # 1500
23159.000 # 1500
23160.000 # 1500
23161.000 # 1500
23162.000 # 1500
23163.000 # 1500
23164.000 # 1500
23165.000 # 1500
23166.000 # 1500
23167.000 # 1500
23168.000 # 1500
23169.000 # 1500
23169.509 + 128 1
23170.000 # 1500
23170.686 - 128 1.177 1
23171.000 # 1500
23172.000 # 1500
23173.000 # 1500
23174.000 # 1500
23175.000 # 1500
23176.000 # 1500
23177.000 # 1500
23178.000 # 1500
23179.000 # 1500
23179.509 + 128 1
23180.000 # 1500
23180.977 - 128 1.468 1
23181.000 # 1500
23182.000 # 1500
23183.000 # 1500
23184.000 # 1500
23185.000 # 1500
23186.000 # 1500
23187.000 # 1500
23188.000 # 1500
23189.000 # 1500
23190.000 # 1500
23191.000 # 1500
23192.000 # 1500
23193.000 # 1500
23193.511 + 128 1
23194.000 # 1500
23194.840 - 128 1.329 1
23195.000 # 1500
23196.000 # 1500
23197.000 # 1500
23198.000 # 1500
23199.000 # 1500
23200.000 # 1500
23201.000 # 1500
23202.000 # 1500
23203.000 # 1500
23203.492 + 128 1
23204.000 # 1500
23204.866 - 128 1.374 1
23205.000 # 1500
23206.000 # 1500
23207.000 # 1500
23208.000 # 1500
23209.000 # 1500
23210.000 # 1500
23211.000 # 1500
23212.000 # 1500
23213.000 # 1500
23214.000 # 1500
23215.000 # 1500
23216.000 # 1500
23217.000 # 1500
23217.512 + 128 1
23218.000 # 1500
23218.849 - 128 1.337 1
23219.000 # 1500
23220.000 # 1500
23221.000 # 1500
23222.000 # 1500
23223.000 # 1500
23224.000 # 1500
23225.000 # 1500
23226.000 # 1500
23227.000 # 1500
23227.465 + 128 1
23228.000 # 1500
23228.755 - 128 1.290 1
23229.000 # 1500
23230.000 # 1500
23231.000 # 1500
23232.000 # 1500
23233.000 # 1500
23234.000 # 1500
23235.000 # 1500
23236.000 # 1500
23237.000 # 1500
23238.000 # 1500
23239.000 # 1500
23240.000 # 1500
23241.000 # 1500
23241.517 + 128 1
23242.000 # 1500
23242.782 - 128 1.265 1
23243.000 # 1500
23244.000 # 1500
23245.000 # 1500
23246.000 # 1500
23247.000 # 1500
23248.000 # 1500
23249.000 # 1500
23250.000 # 1500
23251.000 # 1500
23251.477 + 128 1
23252.000 # 1500
23252.810 - 128 1.333 1
23253.000 # 1500
23254.000 # 1500
23255.000 # 1500
23256.000 # 1500
23257.000 # 1500
23258.000 # 1500
23259.000 # 1500
23260.000 # 1500
23261.000 # 1500
23262.000 # 1500
23263.000 # 1500
23264.000 # 1500
23265.000 # 1500
23265.525 + 128 1
23266.000 # 1500
23266.786 - 128 1.261 1
23267.000 # 1500
23268.000 # 1500
23269.000 # 1500
23270.000 # 1500
23271.000 # 1500
23272.000 # 1500
23273.000 # 1500
23274.000 # 1500
23275.000 # 1500
23275.540 + 128 1
23276.000 # 1500
23276.877 - 128 1.337 1
23277.000 # 1500
23278.000 # 1500
23279.000 # 1500
23280.000 # 1500
23281.000 # 1500
23282.000 # 1500
23283.000 # 1500
23284.000 # 1500
23285.000 # 1500
23286.000 # 1500
23287.000 # 1500
23288.000 # 1500
23289.000 # 1500
23289.515 + 128 1
23290.000 # 1500
23290.871 - 128 1.356 1
23291.000 # 1500
23292.000 # 1500
23293.000 # 1500
23294.000 # 1500
23295.000 # 1500
23296.000 # 1500
23297.000 # 1500
23298.000 # 1500
23299.000 # 1500
23299.480 + 128 1
23300.000 # 1500
23300.800 - 128 1.320 1
23301.000 # 1500
23302.000 # 1500
23303.000 # 1500
23304.000 # 1500
23305.000 # 1500
23306.000 # 1500
23307.000 # 1500
23308.000 # 1500
23309.000 # 1500
23310.000 # 1500
23311.000 # 1500
23312.000 # 1500
23313.000 # 1500
23313.511 + 128 1
23314.000 # 1500
23314.872 - 128 1.361 1
23315.000 # 1500
23316.000 # 1500
23317.000 # 1500
23318.000 # 1500
23319.000 # 1500
23320.000 # 1500
23321.000 # 1500
23322.000 # 1500
23323.000 # 1500
23323.513 + 128 1
23324.000 # 1500
23324.888 - 128 1.375 1
23325.000 # 1500
23326.000 # 1500
23327.000 # 1500
23328.000 # 1500
23329.000 # 1500
23330.000 # 1500
23331.000 # 1500
23332.000 # 1500
23333.000 # 1500
23333.517 + 128 1
23334.000 # 1500
23334.879 - 128 1.362 1
23335.000 # 1500
23336.000 # 1500
23337.000 # 1500
23338.000 # 1500
23339.000 # 1500
23340.000 # 1500
23341.000 # 1500
23342.000 # 1500
23343.000 # 1500
23343.512 + 128 1
23344.000 # 1500
23344.888 - 128 1.376 1
23345.000 # 1500
23346.000 # 1500
23347.000 # 1500
23348.000 # 1500
23349.000 # 1500
23350.000 # 1500
23351.000 # 1500
23352.000 # 1500
23353.000 # 1500
23354.000 # 1500
23355.000 # 1500
23356.000 # 1500
23357.000 # 1500
23357.521 + 128 1
23358.000 # 1500
23358.733 - 128 1.212 1
23359.000 # 1500
23360.000 # 1500
23361.000 # 1500
23362.000 # 1500
23363.000 # 1500
23364.000 # 1500
23365.000 # 1500
23366.000 # 1500
23367.000 # 1500
23367.481 + 128 1
23368.000 # 1500
23368.892 - 128 1.411 1
23369.000 # 1500
23370.000 # 1500
23371.000 # 1500
23372.000 # 1500
23373.000 # 1500
23374.000 # 1500
23375.000 # 1500
23376.000 # 1500
23377.000 # 1500
23378.000 # 1500
23379.000 # 1500
23380.000 # 1500
23381.000 # 1500
23381.524 + 128 1
23382.000 # 1500
23382.672 - 128 1.148 1
23383.000 # 1500
23384.000 # 1500
23385.000 # 1500
23386.000 # 1500
23387.000 # 1500
23388.000 # 1500
23389.000 # 1500
23390.000 # 1500
23391.000 # 1500
23391.516 + 128 1
23392.000 # 1500
23392.854 - 128 1.338 1
23393.000 # 1500
23394.000 # 1500
23395.000 # 1500
23396.000 # 1500
23397.000 # 1500
23398.000 # 1500
23399.000 # 1500
23400.000 # 1500
23401.000 # 1500
23402.000 # 1500
23403.000 # 1500
23404.000 # 1500
23405.000 # 1500
23405.512 + 128 1
23406.000 # 1500
23406.729 - 128 1.217 1
23407.000 # 1500
23408.000 # 1500
23409.000 # 1500
23410.000 # 1500
23411.000 # 1500
23412.000 # 1500
23413.000 # 1500
23414.000 # 1500
23415.000 # 1500
23415.500 + 128 1
23416.000 # 1500
23416.919 - 128 1.419 1
23417.000 # 1500
23418.000 # 1500
23419.000 # 1500
23420.000 # 1500
23421.000 # 1500
23422.000 # 1500
23423.000 # 1500
23424.000 # 1500
23425.000 # 1500
23426.000 # 1500
23427.000 # 1500
23428.000 # 1500
23429.000 # 1500
23429.531 + 128 1
23430.000 # 1500
23430.917 - 128 1.386 1
23431.000 # 1500
23432.000 # 1500
23433.000 # 1500
23434.000 # 1500
23435.000 # 1500
23436.000 # 1500
23437.000 # 1500
23438.000 # 1500
23439.000 # 1500
23439.493 + 128 1
23440.000 # 1500
23440.694 - 128 1.201 1
23441.000 # 1500
23442.000 # 1500
23443.000 # 1500
23444.000 # 1500
23445.000 # 1500
23446.000 # 1500
23447.000 # 1500
23448.000 # 1500
23449.000 # 1500
23449.549 + 128 1
23450.000 # 1500
23450.645 - 128 1.096 1
23451.000 # 1500
23452.000 # 1500
23453.000 # 1500
23454.000 # 1500
23455.000 # 1500
23456.000 # 1500
23457.000 # 1500
23458.000 # 1500
23459.000 # 1500
23459.523 + 128 1
23460.000 # 1500
23460.660 - 128 1.137 1
23461.000 # 1500
23462.000 # 1500
23463.000 # 1500
23464.000 # 1500
23465.000 # 1500
23466.000 # 1500
23467.000 # 1500
23468.000 # 1500
23469.000 # 1500
23470.000 # 1500
23471.000 # 1500
23472.000 # 1500
23473.000 # 1500
23473.523 + 128 1
23474.000 # 1500
23474.947 - 128 1.424 1
23475.000 # 1500
23476.000 # 1500
23477.000 # 1500
23478.000 # 1500
23479.000 # 1500
23480.000 # 1500
23481.000 # 1500
23482.000 # 1500
23483.000 # 1500
23483.512 + 128 1
23484.000 # 1500
23484.870 - 128 1.358 1
23485.000 # 1500
23486.000 # 1500
23487.000 # 1500
23488.000 # 1500
23489.000 # 1500
23490.000 # 1500
23491.000 # 1500
23492.000 # 1500
23493.000 # 1500
23494.000 # 1500
23495.000 # 1500
23496.000 # 1500
23497.000 # 1500
23497.536 + 128 1
23498.000 # 1500
23498.843 - 128 1.307 1
23499.000 # 1500
23500.000 # 1500
23501.000 # 1500
23502.000 # 1500
23503.000 # 1500
23504.000 # 1500
23505.000 # 1500
23506.000 # 1500
23507.000 # 1500
23507.497 + 128 1
23508.000 # 1500
23508.840 - 128 1.343 1
23509.000 # 1500
23510.000 # 1500
23511.000 # 1500
23512.000 # 1500
23513.000 # 1500
23514.000 # 1500
23515.000 # 1500
23516.000 # 1500
23517.000 # 1500
23518.000 # 1500
23519.000 # 1500
23520.000 # 1500
23521.000 # 1500
23521.734 + 128 1
23522.000 # 1500
23523.000 # 1500
23523.100 - 128 1.366 1
23524.000 # 1500
23525.000 # 1500
23526.000 # 1500
23527.000 # 1500
23528.000 # 1500
23529.000 # 1500
23530.000 # 1500
23531.000 # 1500
23531.499 + 128 1
23532.000 # 1500
23532.871 - 128 1.372 1
23533.000 # 1500
23534.000 # 1500
23535.000 # 1500
23536.000 # 1500
23537.000 # 1500
23538.000 # 1500
23539.000 # 1500
23540.000 # 1500
23541.000 # 1500
23542.000 # 1500
23543.000 # 1500
23544.000 # 1500
23545.000 # 1500
23545.510 + 128 1
23546.000 # 1500
23546.752 - 128 1.242 1
23547.000 # 1500
23548.000 # 1500
23549.000 # 1500
23550.000 # 1500
23551.000 # 1500
23552.000 # 1500
23553.000 # 1500
23554.000 # 1500
23555.000 # 1500
23555.496 + 128 1
23556.000 # 1500
23556.827 - 128 1.331 1
23557.000 # 1500
23558.000 # 1500
23559.000 # 1500
23560.000 # 1500
23561.000 # 1500
23562.000 # 1500
23563.000 # 1500
23564.000 # 1500
23565.000 # 1500
23566.000 # 1500
23567.000 # 1500
23568.000 # 1500
23568.309 + 128 1
23569.000 # 1500
23569.447 - 128 1.138 1
23570.000 # 1500
23571.000 # 1500
23572.000 # 1500
23573.000 # 1500
23574.000 # 1500
23575.000 # 1500
23576.000 # 1500
23577.000 # 1500
23578.000 # 1500
23579.000 # 1500
23580.000 # 1500
23581.000 # 1500
23582.000 # 1500
23583.000 # 1500
23584.000 # 1500
23585.000 # 1500
23586.000 # 1500
23587.000 # 1500
23588.000 # 1500
23589.000 # 1500
23589.511 + 128 1
23590.000 # 1500
23590.721 - 128 1.210 1
23591.000 # 1500
23592.000 # 1500
23593.000 # 1500
23594.000 # 1500
23595.000 # 1500
23596.000 # 1500
23597.000 # 1500
23598.000 # 1500
23599.000 # 1500
23599.504 + 128 1
23600.000 # 1500
23600.848 - 128 1.344 1
23601.000 # 1500
23602.000 # 1500
23603.000 # 1500
23604.000 # 1500
23605.000 # 1500
23606.000 # 1500
23607.000 # 1500
23608.000 # 1500
23609.000 # 1500
23610.000 # 1500
23611.000 # 1500
23612.000 # 1500
23613.000 # 1500
23613.526 + 128 1
23614.000 # 1500
23614.674 - 128 1.148 1
23615.000 # 1500
23616.000 # 1500
23617.000 # 1500
23618.000 # 1500
23619.000 # 1500
23620.000 # 1500
23621.000 # 1500
23622.000 # 1500
23623.000 # 1500
23623.505 + 128 1
23624.000 # 1500
23624.734 - 128 1.229 1
23625.000 # 1500
23626.000 # 1500
23627.000 # 1500
23628.000 # 1500
23629.000 # 1500
23630.000 # 1500
23631.000 # 1500
23632.000 # 1500
23633.000 # 1500
23634.000 # 1500
23635.000 # 1500
23636.000 # 1500
23637.000 # 1500
23637.927 + 128 1
23638.000 # 1500
23639.000 # 1500
23639.266 - 128 1.339 1
23640.000 # 1500
23641.000 # 1500
23642.000 # 1500
23643.000 # 1500
23644.000 # 1500
23645.000 # 1500
23646.000 # 1500
23647.000 # 1500
23647.576 + 128 1
23648.000 # 1500
23648.710 - 128 1.134 1
23649.000 # 1500
23650.000 # 1500
23651.000 # 1500
23652.000 # 1500
23653.000 # 1500
23654.000 # 1500
23655.000 # 1500
23656.000 # 1500
23657.000 # 1500
23658.000 # 1500
23659.000 # 1500
23660.000 # 1500
23661.000 # 1500
23661.571 + 128 1
23662.000 # 1500
23662.669 - 128 1.098 1
23663.000 # 1500
23664.000 # 1500
23665.000 # 1500
23666.000 # 1500
23667.000 # 1500
23668.000 # 1500
23669.000 # 1500
23670.000 # 1500
23671.000 # 1500
23671.604 + 128 1
23672.000 # 1500
23672.756 - 128 1.152 1
23673.000 # 1500
23674.000 # 1500
23675.000 # 1500
23676.000 # 1500
23677.000 # 1500
23678.000 # 1500
23679.000 # 1500
23680.000 # 1500
23681.000 # 1500
23682.000 # 1500
23683.000 # 1500
23684.000 # 1500
23685.000 # 1500
23685.628 + 128 1
23686.000 # 1500
23686.777 - 128 1.149 1
23687.000 # 1500
23688.000 # 1500
23689.000 # 1500
23690.000 # 1500
23691.000 # 1500
23692.000 # 1500
23693.000 # 1500
23694.000 # 1500
23695.000 # 1500
23695.537 + 128 1
23696.000 # 1500
23696.622 - 128 1.085 1
23697.000 # 1500
23698.000 # 1500
23699.000 # 1500
23700.000 # 1500
23701.000 # 1500
23702.000 # 1500
23703.000 # 1500
23704.000 # 1500
23705.000 # 1500
23706.000 # 1500
23707.000 # 1500
23708.000 # 1500
23709.000 # 1500
23709.591 + 128 1
23710.000 # 1500
23710.644 - 128 1.053 1
23711.000 # 1500
23712.000 # 1500
23713.000 # 1500
23714.000 # 1500
23715.000 # 1500
23716.000 # 1500
23717.000 # 1500
23718.000 # 1500
23719.000 # 1500
23719.623 + 128 1
23720.000 # 1500
23720.742 - 128 1.119 1
23721.000 # 1500
23722.000 # 1500
23723.000 # 1500
23724.000 # 1500
23725.000 # 1500
23726.000 # 1500
23727.000 # 1500
23728.000 # 1500
23729.000 # 1500
23730.000 # 1500
23731.000 # 1500
23732.000 # 1500
23733.000 # 1500
23733.510 + 128 1
23734.000 # 1500
23735.000 # 1500
23735.173 - 128 1.663 1
23736.000 # 1500
23737.000 # 1500
23738.000 # 1500
23739.000 # 1500
23740.000 # 1500
23741.000 # 1500
23742.000 # 1500
23743.000 # 1500
23743.511 + 128 1
23744.000 # 1500
23744.610 - 128 1.099 1
23745.000 # 1500
23746.000 # 1500
23747.000 # 1500
23748.000 # 1500
23749.000 # 1500
23750.000 # 1500
23751.000 # 1500
23752.000 # 1500
23753.000 # 1500
23754.000 # 1500
23755.000 # 1500
23756.000 # 1500
23757.000 # 1500
23757.520 + 128 1
23758.000 # 1500
23758.561 - 128 1.041 1
23759.000 # 1500
23760.000 # 1500
23761.000 # 1500
23762.000 # 1500
23763.000 # 1500
23764.000 # 1500
23765.000 # 1500
23766.000 # 1500
23767.000 # 1500
23767.526 + 128 1
23768.000 # 1500
23768.587 - 128 1.061 1
23769.000 # 1500
23770.000 # 1500
23771.000 # 1500
23772.000 # 1500
23773.000 # 1500
23774.000 # 1500
23775.000 # 1500
23776.000 # 1500
23777.000 # 1500
23778.000 # 1500
23779.000 # 1500
23780.000 # 1500
23781.000 # 1500
23781.582 + 128 1
23782.000 # 1500
23782.678 - 128 1.096 1
23783.000 # 1500
23784.000 # 1500
23785.000 # 1500
23786.000 # 1500
23787.000 # 1500
23788.000 # 1500
23789.000 # 1500
23790.000 # 1500
23791.000 # 1500
23791.578 + 128 1
23792.000 # 1500
23792.628 - 128 1.050 1
23793.000 # 1500
23794.000 # 1500
23795.000 # 1500
23796.000 # 1500
23797.000 # 1500
23798.000 # 1500
23799.000 # 1500
23800.000 # 1500
23801.000 # 1500
23802.000 # 1500
23803.000 # 1500
23804.000 # 1500
23805.000 # 1500
23805.545 + 128 1
23806.000 # 1500
23807.000 # 1500
23807.384 - 128 1.839 1
23808.000 # 1500
23809.000 # 1500
23810.000 # 1500
23811.000 # 1500
23812.000 # 1500
23813.000 # 1500
23814.000 # 1500
23815.000 # 1500
23815.529 + 128 1
23816.000 # 1500
23816.608 - 128 1.079 1
23817.000 # 1500
23818.000 # 1500
23819.000 # 1500
23820.000 # 1500
23821.000 # 1500
23822.000 # 1500
23823.000 # 1500
23824.000 # 1500
23825.000 # 1500
23826.000 # 1500
23827.000 # 1500
23828.000 # 1500
23829.000 # 1500
23829.517 + 128 1
23830.000 # 1500
23830.587 - 128 1.070 1
23831.000 # 1500
23832.000 # 1500
23833.000 # 1500
23834.000 # 1500
23835.000 # 1500
23836.000 # 1500
23837.000 # 1500
23838.000 # 1500
23839.000 # 1500
23839.512 + 128 1
23840.000 # 1500
23840.586 - 128 1.074 1
23841.000 # 1500
23842.000 # 1500
23843.000 # 1500
23844.000 # 1500
23845.000 # 1500
23846.000 # 1500
23847.000 # 1500
23848.000 # 1500
23849.000 # 1500
23850.000 # 1500
23851.000 # 1500
23852.000 # 1500
23853.000 # 1500
23854.000 # 1500
23855.000 # 1500
23856.000 # 1500
23857.000 # 1500
23857.881 + 128 1
23858.000 # 1500
23859.000 # 1500
23859.040 - 128 1.159 1
23860.000 # 1500
23861.000 # 1500
23862.000 # 1500
23863.000 # 1500
23864.000 # 1500
23865.000 # 1500
23866.000 # 1500
23867.000 # 1500
23867.505 + 128 1
23868.000 # 1500
23868.602 - 128 1.097 1
23869.000 # 1500
23870.000 # 1500
23871.000 # 1500
23872.000 # 1500
23873.000 # 1500
23874.000 # 1500
23875.000 # 1500
23876.000 # 1500
23877.000 # 1500
23878.000 # 1500
23879.000 # 1500
23880.000 # 1500
23881.000 # 1500
23881.521 + 128 1
23882.000 # 1500
23882.619 - 128 1.098 1
23883.000 # 1500
23884.000 # 1500
23885.000 # 1500
23886.000 # 1500
23887.000 # 1500
23888.000 # 1500
23889.000 # 1500
23890.000 # 1500
23891.000 # 1500
23891.516 + 128 1
23892.000 # 1500
23892.604 - 128 1.088 1
23893.000 # 1500
23894.000 # 1500
23895.000 # 1500
23896.000 # 1500
23897.000 # 1500
23898.000 # 1500
23899.000 # 1500
23900.000 # 1500
23901.000 # 1500
23902.000 # 1500
23903.000 # 1500
23904.000 # 1500
23905.000 # 1500
23905.517 + 128 1
23906.000 # 1500
23906.617 - 128 1.100 1
23907.000 # 1500
23908.000 # 1500
23909.000 # 1500
23910.000 # 1500
23911.000 # 1500
23912.000 # 1500
23913.000 # 1500
23914.000 # 1500
23915.000 # 1500
23915.788 + 128 1
23916.000 # 1500
23917.000 # 1500
23917.343 - 128 1.555 1
23918.000 # 1500
23919.000 # 1500
23920.000 # 1500
23921.000 # 1500
23922.000 # 1500
23923.000 # 1500
23924.000 # 1500
23925.000 # 1500
23926.000 # 1500
23927.000 # 1500
23928.000 # 1500
23929.000 # 1500
23929.550 + 128 1
23930.000 # 1500
23930.674 - 128 1.124 1
23931.000 # 1500
23932.000 # 1500
23933.000 # 1500
23934.000 # 1500
23935.000 # 1500
23936.000 # 1500
23937.000 # 1500
23938.000 # 1500
23939.000 # 1500
23939.523 + 128 1
23940.000 # 1500
23940.616 - 128 1.093 1
23941.000 # 1500
23942.000 # 1500
23943.000 # 1500
23944.000 # 1500
23945.000 # 1500
23946.000 # 1500
23947.000 # 1500
23948.000 # 1500
23949.000 # 1500
23950.000 # 1500
23951.000 # 1500
23952.000 # 1500
23953.000 # 1500
23954.000 # 1500
23955.000 # 1500
23956.000 # 1500
23957.000 # 1500
23957.556 + 128 1
23958.000 # 1500
23958.599 - 128 1.043 1
23959.000 # 1500
23960.000 # 1500
23961.000 # 1500
23962.000 # 1500
23963.000 # 1500
23964.000 # 1500
23965.000 # 1500
23966.000 # 1500
23967.000 # 1500
23968.000 # 1500
23969.000 # 1500
23970.000 # 1500
23971.000 # 1500
23972.000 # 1500
23973.000 # 1500
23973.537 + 128 1
23974.000 # 1500
23974.633 - 128 1.096 1
23975.000 # 1500
23976.000 # 1500
23977.000 # 1500
23978.000 # 1500
23979.000 # 1500
23980.000 # 1500
23981.000 # 1500
23982.000 # 1500
23983.000 # 1500
23983.508 + 128 1
23984.000 # 1500
23984.587 - 128 1.079 1
23985.000 # 1500
23986.000 # 1500
23987.000 # 1500
23988.000 # 1500
23989.000 # 1500
23990.000 # 1500
23991.000 # 1500
23992.000 # 1500
23993.000 # 1500
23994.000 # 1500
23995.000 # 1500
23996.000 # 1500
23997.000 # 1500
23997.514 + 128 1
23998.000 # 1500
23998.621 - 128 1.107 1
23999.000 # 1500
24000.000 # 1500
24001.000 # 1500
24002.000 # 1500
24003.000 # 1500
24004.000 # 1500
24005.000 # 1500
24006.000 # 1500
24007.000 # 1500
24007.493 + 128 1
24008.000 # 1500
24008.593 - 128 1.100 1
24009.000 # 1500
24010.000 # 1500
24011.000 # 1500
24012.000 # 1500
24013.000 # 1500
24014.000 # 1500
24015.000 # 1500
24016.000 # 1500
24017.000 # 1500
24018.000 # 1500
24019.000 # 1500
24020.000 # 1500
24021.000 # 1500
24021.541 + 128 1
24022.000 # 1500
24022.603 - 128 1.062 1
24023.000 # 1500
24024.000 # 1500
24025.000 # 1500
24026.000 # 1500
24027.000 # 1500
24028.000 # 1500
24029.000 # 1500
24030.000 # 1500
24031.000 # 1500
24031.482 + 128 1
24032.000 # 1500
24032.528 - 128 1.046 1
24033.000 # 1500
24034.000 # 1500
24035.000 # 1500
24036.000 # 1500
24037.000 # 1500
24038.000 # 1500
24039.000 # 1500
24040.000 # 1500
24041.000 # 1500
24042.000 # 1500
24043.000 # 1500
24044.000 # 1500
24045.000 # 1500
24045.578 + 128 1
24046.000 # 1500
24046.644 - 128 1.066 1
24047.000 # 1500
24048.000 # 1500
24049.000 # 1500
24050.000 # 1500
24051.000 # 1500
24052.000 # 1500
24053.000 # 1500
24054.000 # 1500
24055.000 # 1500
24055.554 + 128 1
24056.000 # 1500
24056.622 - 128 1.068 1
24057.000 # 1500
24058.000 # 1500
24059.000 # 1500
24060.000 # 1500
24061.000 # 1500
24062.000 # 1500
24063.000 # 1500
24064.000 # 1500
24065.000 # 1500
24066.000 # 1500
24067.000 # 1500
24068.000 # 1500
24069.000 # 1500
24069.512 + 128 1
24070.000 # 1500
24070.594 - 128 1.082 1
24071.000 # 1500
24072.000 # 1500
24073.000 # 1500
24074.000 # 1500
24075.000 # 1500
24076.000 # 1500
24077.000 # 1500
24078.000 # 1500
24079.000 # 1500
24079.505 + 128 1
24080.000 # 1500
24080.567 - 128 1.062 1
24081.000 # 1500
24082.000 # 1500
24083.000 # 1500
24084.000 # 1500
24085.000 # 1500
24086.000 # 1500
24087.000 # 1500
24088.000 # 1500
24089.000 # 1500
24090.000 # 1500
24091.000 # 1500
24092.000 # 1500
24093.000 # 1500
24093.513 + 128 1
24094.000 # 1500
24094.607 - 128 1.094 1
24095.000 # 1500
24096.000 # 1500
24097.000 # 1500
24098.000 # 1500
24099.000 # 1500
24100.000 # 1500
24101.000 # 1500
24102.000 # 1500
24103.000 # 1500
24103.503 + 128 1
24104.000 # 1500
24104.541 - 128 1.038 1
24105.000 # 1500
24106.000 # 1500
24107.000 # 1500
24108.000 # 1500
24109.000 # 1500
24110.000 # 1500
24111.000 # 1500
24112.000 # 1500
24113.000 # 1500
24114.000 # 1500
24115.000 # 1500
24116.000 # 1500
24117.000 # 1500
24117.510 + 128 1
24118.000 # 1500
24118.580 - 128 1.070 1
24119.000 # 1500
24120.000 # 1500
24121.000 # 1500
24122.000 # 1500
24123.000 # 1500
24124.000 # 1500
24125.000 # 1500
24126.000 # 1500
24127.000 # 1500
24127.507 + 128 1
24128.000 # 1500
24128.608 - 128 1.101 1
24129.000 # 1500
24130.000 # 1500
24131.000 # 1500
24132.000 # 1500
24133.000 # 1500
24134.000 # 1500
24135.000 # 1500
24136.000 # 1500
24137.000 # 1500
24138.000 # 1500
24139.000 # 1500
24140.000 # 1500
24141.000 # 1500
24141.511 + 128 1
24142.000 # 1500
24142.582 - 128 1.071 1
24143.000 # 1500
24144.000 # 1500
24145.000 # 1500
24146.000 # 1500
24147.000 # 1500
24148.000 # 1500
24149.000 # 1500
24150.000 # 1500
24151.000 # 1500
24151.505 + 128 1
24152.000 # 1500
24152.592 - 128 1.087 1
24153.000 # 1500
24154.000 # 1500
24155.000 # 1500
24156.000 # 1500
24157.000 # 1500
24158.000 # 1500
24159.000 # 1500
24160.000 # 1500
24161.000 # 1500
24162.000 # 1500
24163.000 # 1500
24164.000 # 1500
24165.000 # 1500
24165.511 + 128 1
24166.000 # 1500
24166.559 - 128 1.048 1
24167.000 # 1500
24168.000 # 1500
24169.000 # 1500
24170.000 # 1500
24171.000 # 1500
24172.000 # 1500
24173.000 # 1500
24174.000 # 1500
24175.000 # 1500
24175.491 + 128 1
24176.000 # 1500
24176.577 - 128 1.086 1
24177.000 # 1500
24178.000 # 1500
24179.000 # 1500
24180.000 # 1500
24181.000 # 1500
24182.000 # 1500
24183.000 # 1500
24184.000 # 1500
24185.000 # 1500
24186.000 # 1500
24187.000 # 1500
24188.000 # 1500
24189.000 # 1500
24189.517 + 128 1
24190.000 # 1500
24190.590 - 128 1.073 1
24191.000 # 1500
24192.000 # 1500
24193.000 # 1500
24194.000 # 1500
24195.000 # 1500
24196.000 # 1500
24197.000 # 1500
24198.000 # 1500
24199.000 # 1500
24199.491 + 128 1
24200.000 # 1500
24200.560 - 128 1.069 1
24201.000 # 1500
24202.000 # 1500
24203.000 # 1500
24204.000 # 1500
24205.000 # 1500
24206.000 # 1500
24207.000 # 1500
24208.000 # 1500
24209.000 # 1500
24210.000 # 1500
24211.000 # 1500
24212.000 # 1500
24213.000 # 1500
24213.515 + 128 1
24214.000 # 1500
24214.589 - 128 1.074 1
24215.000 # 1500
24216.000 # 1500
24217.000 # 1500
24218.000 # 1500
24219.000 # 1500
24220.000 # 1500
24221.000 # 1500
24222.000 # 1500
24223.000 # 1500
24223.484 + 128 1
24224.000 # 1500
24224.518 - 128 1.034 1
24225.000 # 1500
24226.000 # 1500
24227.000 # 1500
24228.000 # 1500
24229.000 # 1500
24230.000 # 1500
24231.000 # 1500
24232.000 # 1500
24233.000 # 1500
24234.000 # 1500
24235.000 # 1500
24236.000 # 1500
24237.000 # 1500
24237.516 + 128 1
24238.000 # 1500
24238.552 - 128 1.036 1
24239.000 # 1500
24240.000 # 1500
24241.000 # 1500
24242.000 # 1500
24243.000 # 1500
24244.000 # 1500
24245.000 # 1500
24246.000 # 1500
24247.000 # 1500
24247.495 + 128 1
24248.000 # 1500
24248.596 - 128 1.101 1
24249.000 # 1500
24250.000 # 1500
24251.000 # 1500
24252.000 # 1500
24253.000 # 1500
24254.000 # 1500
24255.000 # 1500
24256.000 # 1500
24257.000 # 1500
24258.000 # 1500
24259.000 # 1500
24260.000 # 1500
24261.000 # 1500
24261.510 + 128 1
24262.000 # 1500
24262.581 - 128 1.071 1
24263.000 # 1500
24264.000 # 1500
24265.000 # 1500
24266.000 # 1500
24267.000 # 1500
24268.000 # 1500
24269.000 # 1500
24270.000 # 1500
24271.000 # 1500
24271.481 + 128 1
24272.000 # 1500
24272.573 - 128 1.092 1
24273.000 # 1500
24274.000 # 1500
24275.000 # 1500
24276.000 # 1500
24277.000 # 1500
24278.000 # 1500
24279.000 # 1500
24280.000 # 1500
24281.000 # 1500
24282.000 # 1500
24283.000 # 1500
24284.000 # 1500
24285.000 # 1500
24285.515 + 128 1
24286.000 # 1500
24286.637 - 128 1.122 1
24287.000 # 1500
24288.000 # 1500
24289.000 # 1500
24290.000 # 1500
24291.000 # 1500
24292.000 # 1500
24293.000 # 1500
24294.000 # 1500
24295.000 # 1500
24295.498 + 128 1
24296.000 # 1500
24296.611 - 128 1.113 1
24297.000 # 1500
24298.000 # 1500
24299.000 # 1500
24300.000 # 1500
24301.000 # 1500
24302.000 # 1500
24303.000 # 1500
24304.000 # 1500
24305.000 # 1500
24306.000 # 1500
24307.000 # 1500
24308.000 # 1500
24309.000 # 1500
24309.535 + 128 1
24310.000 # 1500
24310.627 - 128 1.092 1
24311.000 # 1500
24312.000 # 1500
24313.000 # 1500
24314.000 # 1500
24315.000 # 1500
24316.000 # 1500
24317.000 # 1500
24318.000 # 1500
24319.000 # 1500
24319.531 + 128 1
24320.000 # 1500
24320.631 - 128 1.100 1
24321.000 # 1500
24322.000 # 1500
24323.000 # 1500
24324.000 # 1500
24325.000 # 1500
24326.000 # 1500
24327.000 # 1500
24328.000 # 1500
24329.000 # 1500
24330.000 # 1500
24331.000 # 1500
24332.000 # 1500
24333.000 # 1500
24333.510 + 128 1
24334.000 # 1500
24334.596 - 128 1.086 1
24335.000 # 1500
24336.000 # 1500
24337.000 # 1500
24338.000 # 1500
24339.000 # 1500
24340.000 # 1500
24341.000 # 1500
24342.000 # 1500
24343.000 # 1500
24343.487 + 128 1
24344.000 # 1500
24344.598 - 128 1.111 1
24345.000 # 1500
24346.000 # 1500
24347.000 # 1500
24348.000 # 1500
24349.000 # 1500
24350.000 # 1500
24351.000 # 1500
24352.000 # 1500
24353.000 # 1500
24354.000 # 1500
24355.000 # 1500
24356.000 # 1500
24357.000 # 1500
24357.519 + 128 1
24358.000 # 1500
24358.615 - 128 1.096 1
24359.000 # 1500
24360.000 # 1500
24361.000 # 1500
24362.000 # 1500
24363.000 # 1500
24364.000 # 1500
24365.000 # 1500
24366.000 # 1500
24367.000 # 1500
24367.480 + 128 1
24368.000 # 1500
24368.584 - 128 1.104 1
24369.000 # 1500
24370.000 # 1500
24371.000 # 1500
24372.000 # 1500
24373.000 # 1500
24374.000 # 1500
24375.000 # 1500
24376.000 # 1500
24377.000 # 1500
24378.000 # 1500
24379.000 # 1500
24380.000 # 1500
24381.000 # 1500
24381.514 + 128 1
24382.000 # 1500
24382.620 - 128 1.106 1
24383.000 # 1500
24384.000 # 1500
24385.000 # 1500
24386.000 # 1500
24387.000 # 1500
24388.000 # 1500
24389.000 # 1500
24390.000 # 1500
24391.000 # 1500
24391.504 + 128 1
24392.000 # 1500
24392.581 - 128 1.077 1
24393.000 # 1500
24394.000 # 1500
24395.000 # 1500
24396.000 # 1500
24397.000 # 1500
24398.000 # 1500
24399.000 # 1500
24400.000 # 1500
24401.000 # 1500
24402.000 # 1500
24403.000 # 1500
24404.000 # 1500
24405.000 # 1500
24405.511 + 128 1
24406.000 # 1500
24406.608 - 128 1.097 1
24407.000 # 1500
24408.000 # 1500
24409.000 # 1500
24410.000 # 1500
24411.000 # 1500
24412.000 # 1500
24413.000 # 1500
24414.000 # 1500
24415.000 # 1500
24415.472 + 128 1
24416.000 # 1500
24416.566 - 128 1.094 1
24417.000 # 1500
24418.000 # 1500
24419.000 # 1500
24420.000 # 1500
24421.000 # 1500
24422.000 # 1500
24423.000 # 1500
24424.000 # 1500
24425.000 # 1500
24426.000 # 1500
24427.000 # 1500
24428.000 # 1500
24429.000 # 1500
24429.517 + 128 1
24430.000 # 1500
24430.594 - 128 1.077 1
24431.000 # 1500
24432.000 # 1500
24433.000 # 1500
24434.000 # 1500
24435.000 # 1500
24436.000 # 1500
24437.000 # 1500
24438.000 # 1500
24439.000 # 1500
24439.488 + 128 1
24440.000 # 1500
24440.634 - 128 1.146 1
24441.000 # 1500
24442.000 # 1500
24443.000 # 1500
24444.000 # 1500
24445.000 # 1500
24446.000 # 1500
24447.000 # 1500
24448.000 # 1500
24449.000 # 1500
24450.000 # 1500
24451.000 # 1500
24452.000 # 1500
24453.000 # 1500
24453.564 + 128 1
24454.000 # 1500
24454.780 - 128 1.216 1
24455.000 # 1500
24456.000 # 1500
24457.000 # 1500
24458.000 # 1500
24459.000 # 1500
24460.000 # 1500
24461.000 # 1500
24462.000 # 1500
24463.000 # 1500
24463.636 + 128 1
24464.000 # 1500
24464.923 - 128 1.287 1
24465.000 # 1500
24466.000 # 1500
24467.000 # 1500
24468.000 # 1500
24469.000 # 1500
24470.000 # 1500
24471.000 # 1500
24472.000 # 1500
24473.000 # 1500
24473.591 + 128 1
24474.000 # 1500
24474.734 - 128 1.143 1
24475.000 # 1500
24476.000 # 1500
24477.000 # 1500
24478.000 # 1500
24479.000 # 1500
24480.000 # 1500
24481.000 # 1500
24482.000 # 1500
24483.000 # 1500
24483.649 + 128 1
24484.000 # 1500
24484.965 - 128 1.316 1
24485.000 # 1500
24486.000 # 1500
24487.000 # 1500
24488.000 # 1500
24489.000 # 1500
24490.000 # 1500
24491.000 # 1500
24492.000 # 1500
24493.000 # 1500
24494.000 # 1500
24495.000 # 1500
24496.000 # 1500
24497.000 # 1500
24497.665 + 128 1
24498.000 # 1500
24498.940 - 128 1.275 1
24499.000 # 1500
24500.000 # 1500
24501.000 # 1500
24502.000 # 1500
24503.000 # 1500
24504.000 # 1500
24505.000 # 1500
24506.000 # 1500
24507.000 # 1500
24507.555 + 128 1
24508.000 # 1500
24508.712 - 128 1.157 1
24509.000 # 1500
24510.000 # 1500
24511.000 # 1500
24512.000 # 1500
24513.000 # 1500
24514.000 # 1500
24515.000 # 1500
24516.000 # 1500
24517.000 # 1500
24518.000 # 1500
24519.000 # 1500
24520.000 # 1500
24521.000 # 1500
24521.513 + 128 1
24522.000 # 1500
24522.572 - 128 1.059 1
24523.000 # 1500
24524.000 # 1500
24525.000 # 1500
24526.000 # 1500
24527.000 # 1500
24528.000 # 1500
24529.000 # 1500
24530.000 # 1500
24531.000 # 1500
24531.491 + 128 1
24532.000 # 1500
24532.584 - 128 1.093 1
24533.000 # 1500
24534.000 # 1500
24535.000 # 1500
24536.000 # 1500
24537.000 # 1500
24538.000 # 1500
24539.000 # 1500
24540.000 # 1500
24541.000 # 1500
24542.000 # 1500
24543.000 # 1500
24544.000 # 1500
24545.000 # 1500
24546.000 # 1500
24547.000 # 1500
24548.000 # 1500
24549.000 # 1500
24549.669 + 128 1
24550.000 # 1500
24550.987 - 128 1.318 1
24551.000 # 1500
24552.000 # 1500
24553.000 # 1500
24554.000 # 1500
24555.000 # 1500
24556.000 # 1500
24557.000 # 1500
24558.000 # 1500
24559.000 # 1500
24559.582 + 128 1
24560.000 # 1500
24560.814 - 128 1.232 1
24561.000 # 1500
24562.000 # 1500
24563.000 # 1500
24564.000 # 1500
24565.000 # 1500
24566.000 # 1500
24567.000 # 1500
24568.000 # 1500
24569.000 # 1500
24570.000 # 1500
24571.000 # 1500
24572.000 # 1500
24573.000 # 1500
24573.530 + 128 1
24574.000 # 1500
24574.703 - 128 1.173 1
24575.000 # 1500
24576.000 # 1500
24577.000 # 1500
24578.000 # 1500
24579.000 # 1500
24580.000 # 1500
24581.000 # 1500
24582.000 # 1500
24583.000 # 1500
24583.626 + 128 1
24584.000 # 1500
24584.804 - 128 1.178 1
24585.000 # 1500
24586.000 # 1500
24587.000 # 1500
24588.000 # 1500
24589.000 # 1500
24590.000 # 1500
24591.000 # 1500
24592.000 # 1500
24593.000 # 1500
24593.548 + 128 1
24594.000 # 1500
24594.699 - 128 1.151 1
24595.000 # 1500
24596.000 # 1500
24597.000 # 1500
24598.000 # 1500
24599.000 # 1500
24600.000 # 1500
24601.000 # 1500
24602.000 # 1500
24603.000 # 1500
24603.540 + 128 1
24604.000 # 1500
24604.706 - 128 1.166 1
24605.000 # 1500
24606.000 # 1500
24607.000 # 1500
24608.000 # 1500
24609.000 # 1500
24610.000 # 1500
24611.000 # 1500
24612.000 # 1500
24613.000 # 1500
24614.000 # 1500
24615.000 # 1500
24616.000 # 1500
24617.000 # 1500
24617.516 + 128 1
24618.000 # 1500
24618.623 - 128 1.107 1
24619.000 # 1500
24620.000 # 1500
24621.000 # 1500
24622.000 # 1500
24623.000 # 1500
24624.000 # 1500
24625.000 # 1500
24626.000 # 1500
24627.000 # 1500
24627.506 + 128 1
24628.000 # 1500
24628.629 - 128 1.123 1
24629.000 # 1500
24630.000 # 1500
24631.000 # 1500
24632.000 # 1500
24633.000 # 1500
24634.000 # 1500
24635.000 # 1500
24636.000 # 1500
24637.000 # 1500
24638.000 # 1500
24639.000 # 1500
24640.000 # 1500
24641.000 # 1500
24641.565 + 128 1
24642.000 # 1500
24642.704 - 128 1.139 1
24643.000 # 1500
24644.000 # 1500
24645.000 # 1500
24646.000 # 1500
24647.000 # 1500
24648.000 # 1500
24649.000 # 1500
24650.000 # 1500
24651.000 # 1500
24651.667 + 128 1
24652.000 # 1500
24652.972 - 128 1.305 1
24653.000 # 1500
24654.000 # 1500
24655.000 # 1500
24656.000 # 1500
24657.000 # 1500
24658.000 # 1500
24659.000 # 1500
24660.000 # 1500
24661.000 # 1500
24662.000 # 1500
24663.000 # 1500
24664.000 # 1500
24665.000 # 1500
24665.565 + 128 1
24666.000 # 1500
24666.749 - 128 1.184 1
24667.000 # 1500
24668.000 # 1500
24669.000 # 1500
24670.000 # 1500
24671.000 # 1500
24672.000 # 1500
24673.000 # 1500
24674.000 # 1500
24675.000 # 1500
24675.569 + 128 1
24676.000 # 1500
24676.821 - 128 1.252 1
24677.000 # 1500
24678.000 # 1500
24679.000 # 1500
24680.000 # 1500
24681.000 # 1500
24682.000 # 1500
24683.000 # 1500
24684.000 # 1500
24685.000 # 1500
24686.000 # 1500
24687.000 # 1500
24688.000 # 1500
24689.000 # 1500
24689.579 + 128 1
24690.000 # 1500
24690.856 - 128 1.277 1
24691.000 # 1500
24692.000 # 1500
24693.000 # 1500
24694.000 # 1500
24695.000 # 1500
24696.000 # 1500
24697.000 # 1500
24698.000 # 1500
24699.000 # 1500
24699.559 + 128 1
24700.000 # 1500
24700.782 - 128 1.223 1
24701.000 # 1500
24702.000 # 1500
24703.000 # 1500
24704.000 # 1500
24705.000 # 1500
24706.000 # 1500
24707.000 # 1500
24708.000 # 1500
24709.000 # 1500
24710.000 # 1500
24711.000 # 1500
24712.000 # 1500
24713.000 # 1500
24713.611 + 128 1
24714.000 # 1500
24714.772 - 128 1.161 1
24715.000 # 1500
24716.000 # 1500
24717.000 # 1500
24718.000 # 1500
24719.000 # 1500
24720.000 # 1500
24721.000 # 1500
24722.000 # 1500
24723.000 # 1500
24723.613 + 128 1
24724.000 # 1500
24724.812 - 128 1.199 1
24725.000 # 1500
24726.000 # 1500
24727.000 # 1500
24728.000 # 1500
24729.000 # 1500
24730.000 # 1500
24731.000 # 1500
24732.000 # 1500
24733.000 # 1500
24734.000 # 1500
24735.000 # 1500
24736.000 # 1500
24737.000 # 1500
24737.577 + 128 1
24738.000 # 1500
24738.689 - 128 1.112 1
24739.000 # 1500
24740.000 # 1500
24741.000 # 1500
24742.000 # 1500
24743.000 # 1500
24744.000 # 1500
24745.000 # 1500
24746.000 # 1500
24747.000 # 1500
24747.626 + 128 1
24748.000 # 1500
24748.884 - 128 1.258 1
24749.000 # 1500
24750.000 # 1500
24751.000 # 1500
24752.000 # 1500
24753.000 # 1500
24754.000 # 1500
24755.000 # 1500
24756.000 # 1500
24757.000 # 1500
24758.000 # 1500
24759.000 # 1500
24760.000 # 1500
24761.000 # 1500
24761.624 + 128 1
24762.000 # 1500
24762.884 - 128 1.260 1
24763.000 # 1500
24764.000 # 1500
24765.000 # 1500
24766.000 # 1500
24767.000 # 1500
24768.000 # 1500
24769.000 # 1500
24770.000 # 1500
24771.000 # 1500
24771.534 + 128 1
24772.000 # 1500
24772.768 - 128 1.234 1
24773.000 # 1500
24774.000 # 1500
24775.000 # 1500
24776.000 # 1500
24777.000 # 1500
24778.000 # 1500
24779.000 # 1500
24780.000 # 1500
24781.000 # 1500
24782.000 # 1500
24783.000 # 1500
24784.000 # 1500
24785.000 # 1500
24785.555 + 128 1
24786.000 # 1500
24786.834 - 128 1.279 1
24787.000 # 1500
24788.000 # 1500
24789.000 # 1500
24790.000 # 1500
24791.000 # 1500
24792.000 # 1500
24793.000 # 1500
24794.000 # 1500
24795.000 # 1500
24795.546 + 128 1
24796.000 # 1500
24796.659 - 128 1.113 1
24797.000 # 1500
24798.000 # 1500
24799.000 # 1500
24800.000 # 1500
24801.000 # 1500
24802.000 # 1500
24803.000 # 1500
24804.000 # 1500
24805.000 # 1500
24806.000 # 1500
24807.000 # 1500
24808.000 # 1500
24809.000 # 1500
24809.586 + 128 1
24810.000 # 1500
24810.732 - 128 1.146 1
24811.000 # 1500
24812.000 # 1500
24813.000 # 1500
24814.000 # 1500
24815.000 # 1500
24816.000 # 1500
24817.000 # 1500
24818.000 # 1500
24819.000 # 1500
24819.557 + 128 1
24820.000 # 1500
24820.610 - 128 1.053 1
24821.000 # 1500
24822.000 # 1500
24823.000 # 1500
24824.000 # 1500
24825.000 # 1500
24826.000 # 1500
24827.000 # 1500
24828.000 # 1500
24829.000 # 1500
24829.553 + 128 1
24830.000 # 1500
24830.667 - 128 1.114 1
24831.000 # 1500
24832.000 # 1500
24833.000 # 1500
24834.000 # 1500
24835.000 # 1500
24836.000 # 1500
24837.000 # 1500
24838.000 # 1500
24839.000 # 1500
24840.000 # 1500
24841.000 # 1500
24842.000 # 1500
24843.000 # 1500
24844.000 # 1500
24845.000 # 1500
24846.000 # 1500
24847.000 # 1500
24848.000 # 1500
24849.000 # 1500
24849.529 + 128 1
24850.000 # 1500
24850.670 - 128 1.141 1
24851.000 # 1500
24852.000 # 1500
24853.000 # 1500
24854.000 # 1500
24855.000 # 1500
24856.000 # 1500
24857.000 # 1500
24858.000 # 1500
24859.000 # 1500
24859.515 + 128 1
24860.000 # 1500
24860.611 - 128 1.096 1
24861.000 # 1500
24862.000 # 1500
24863.000 # 1500
24864.000 # 1500
24865.000 # 1500
24866.000 # 1500
24867.000 # 1500
24868.000 # 1500
24869.000 # 1500
24870.000 # 1500
24871.000 # 1500
24872.000 # 1500
24873.000 # 1500
24873.617 + 128 1
24874.000 # 1500
24874.701 - 128 1.084 1
24875.000 # 1500
24876.000 # 1500
24877.000 # 1500
24878.000 # 1500
24879.000 # 1500
24880.000 # 1500
24881.000 # 1500
24882.000 # 1500
24883.000 # 1500
24883.586 + 128 1
24884.000 # 1500
24884.641 - 128 1.055 1
24885.000 # 1500
24886.000 # 1500
24887.000 # 1500
24888.000 # 1500
24889.000 # 1500
24890.000 # 1500
24891.000 # 1500
24892.000 # 1500
24893.000 # 1500
24894.000 # 1500
24895.000 # 1500
24896.000 # 1500
24897.000 # 1500
24897.753 + 128 1
24898.000 # 1500
24898.849 - 128 1.096 1
24899.000 # 1500
24900.000 # 1500
24901.000 # 1500
24902.000 # 1500
24903.000 # 1500
24904.000 # 1500
24905.000 # 1500
24906.000 # 1500
24907.000 # 1500
24907.695 + 128 1
24908.000 # 1500
24908.765 - 128 1.070 1
24909.000 # 1500
24910.000 # 1500
24911.000 # 1500
24912.000 # 1500
24913.000 # 1500
24914.000 # 1500
24915.000 # 1500
24916.000 # 1500
24917.000 # 1500
24918.000 # 1500
24919.000 # 1500
24920.000 # 1500
24921.000 # 1500
24921.547 + 128 1
24922.000 # 1500
24922.675 - 128 1.128 1
24923.000 # 1500
24924.000 # 1500
24925.000 # 1500
24926.000 # 1500
24927.000 # 1500
24928.000 # 1500
24929.000 # 1500
24930.000 # 1500
24931.000 # 1500
24932.000 # 1500
24933.000 # 1500
24934.000 # 1500
24935.000 # 1500
24936.000 # 1500
24937.000 # 1500
24938.000 # 1500
24939.000 # 1500
24940.000 # 1500
24941.000 # 1500
24942.000 # 1500
24943.000 # 1500
24944.000 # 1500
24945.000 # 1500
24945.545 + 128 1
24946.000 # 1500
24946.646 - 128 1.101 1
24947.000 # 1500
24948.000 # 1500
24949.000 # 1500
24950.000 # 1500
24951.000 # 1500
24952.000 # 1500
24953.000 # 1500
24954.000 # 1500
24955.000 # 1500
24956.000 # 1500
24957.000 # 1500
24958.000 # 1500
24959.000 # 1500
24960.000 # 1500
24961.000 # 1500
24962.000 # 1500
24963.000 # 1500
24964.000 # 1500
24965.000 # 1500
24965.511 + 128 1
24966.000 # 1500
24966.596 - 128 1.085 1
24967.000 # 1500
24968.000 # 1500
24969.000 # 1500
24970.000 # 1500
24971.000 # 1500
24972.000 # 1500
24973.000 # 1500
24974.000 # 1500
24975.000 # 1500
24975.509 + 128 1
24976.000 # 1500
24976.598 - 128 1.089 1
24977.000 # 1500
24978.000 # 1500
24979.000 # 1500
24980.000 # 1500
24981.000 # 1500
24982.000 # 1500
24983.000 # 1500
24984.000 # 1500
24985.000 # 1500
24985.558 + 128 1
24986.000 # 1500
24986.784 - 128 1.226 1
24987.000 # 1500
24988.000 # 1500
24989.000 # 1500
24990.000 # 1500
24991.000 # 1500
24992.000 # 1500
24993.000 # 1500
24994.000 # 1500
24995.000 # 1500
24995.520 + 128 1
24996.000 # 1500
24996.644 - 128 1.124 1
24997.000 # 1500
24998.000 # 1500
24999.000 # 1500
25000.000 # 1500
25001.000 # 1500
25002.000 # 1500
25003.000 # 1500
25004.000 # 1500
25005.000 # 1500
25006.000 # 1500
25007.000 # 1500
25008.000 # 1500
25009.000 # 1500
25009.627 + 128 1
25010.000 # 1500
25010.881 - 128 1.254 1
25011.000 # 1500
25012.000 # 1500
25013.000 # 1500
25014.000 # 1500
25015.000 # 1500
25016.000 # 1500
25017.000 # 1500
25018.000 # 1500
25019.000 # 1500
25019.482 + 128 1
25020.000 # 1500
25020.567 - 128 1.085 1
25021.000 # 1500
25022.000 # 1500
25023.000 # 1500
25024.000 # 1500
25025.000 # 1500
25026.000 # 1500
25027.000 # 1500
25028.000 # 1500
25029.000 # 1500
25030.000 # 1500
25031.000 # 1500
25032.000 # 1500
25033.000 # 1500
25033.694 + 128 1
25034.000 # 1500
25034.815 - 128 1.121 1
25035.000 # 1500
25036.000 # 1500
25037.000 # 1500
25038.000 # 1500
25039.000 # 1500
25040.000 # 1500
25041.000 # 1500
25042.000 # 1500
25043.000 # 1500
25043.678 + 128 1
25044.000 # 1500
25044.769 - 128 1.091 1
25045.000 # 1500
25046.000 # 1500
25047.000 # 1500
25048.000 # 1500
25049.000 # 1500
25050.000 # 1500
25051.000 # 1500
25052.000 # 1500
25053.000 # 1500
25054.000 # 1500
25055.000 # 1500
25056.000 # 1500
25057.000 # 1500
25057.640 + 128 1
25058.000 # 1500
25059.000 # 1500
25059.069 - 128 1.429 1
25060.000 # 1500
25061.000 # 1500
25062.000 # 1500
25063.000 # 1500
25064.000 # 1500
25065.000 # 1500
25066.000 # 1500
25067.000 # 1500
25067.492 + 128 1
25068.000 # 1500
25068.706 - 128 1.214 1
25069.000 # 1500
25070.000 # 1500
25071.000 # 1500
25072.000 # 1500
25073.000 # 1500
25074.000 # 1500
25075.000 # 1500
25076.000 # 1500
25077.000 # 1500
25078.000 # 1500
25079.000 # 1500
25080.000 # 1500
25081.000 # 1500
25081.747 + 128 1
25082.000 # 1500
25082.940 - 128 1.193 1
25083.000 # 1500
25084.000 # 1500
25085.000 # 1500
25086.000 # 1500
25087.000 # 1500
25088.000 # 1500
25089.000 # 1500
25090.000 # 1500
25091.000 # 1500
25091.548 + 128 1
25092.000 # 1500
25092.747 - 128 1.199 1
25093.000 # 1500
25094.000 # 1500
25095.000 # 1500
25096.000 # 1500
25097.000 # 1500
25098.000 # 1500
25099.000 # 1500
25100.000 # 1500
25101.000 # 1500
25102.000 # 1500
25103.000 # 1500
25104.000 # 1500
25105.000 # 1500
25105.722 + 128 1
25106.000 # 1500
25106.866 - 128 1.144 1
25107.000 # 1500
25108.000 # 1500
25109.000 # 1500
25110.000 # 1500
25111.000 # 1500
25112.000 # 1500
25113.000 # 1500
25114.000 # 1500
25115.000 # 1500
25115.700 + 128 1
25116.000 # 1500
25116.969 - 128 1.269 1
25117.000 # 1500
25118.000 # 1500
25119.000 # 1500
25120.000 # 1500
25121.000 # 1500
25122.000 # 1500
25123.000 # 1500
25124.000 # 1500
25125.000 # 1500
25126.000 # 1500
25127.000 # 1500
25128.000 # 1500
25129.000 # 1500
25129.557 + 128 1
25130.000 # 1500
25130.700 - 128 1.143 1
25131.000 # 1500
25132.000 # 1500
25133.000 # 1500
25134.000 # 1500
25135.000 # 1500
25136.000 # 1500
25137.000 # 1500
25138.000 # 1500
25139.000 # 1500
25139.572 + 128 1
25140.000 # 1500
25140.773 - 128 1.201 1
25141.000 # 1500
25142.000 # 1500
25143.000 # 1500
25144.000 # 1500
25145.000 # 1500
25146.000 # 1500
25147.000 # 1500
25148.000 # 1500
25149.000 # 1500
25150.000 # 1500
25151.000 # 1500
25152.000 # 1500
25153.000 # 1500
25153.586 + 128 1
25154.000 # 1500
25154.762 - 128 1.176 1
25155.000 # 1500
25156.000 # 1500
25157.000 # 1500
25158.000 # 1500
25159.000 # 1500
25160.000 # 1500
25161.000 # 1500
25162.000 # 1500
25163.000 # 1500
25163.534 + 128 1
25164.000 # 1500
25164.730 - 128 1.196 1
25165.000 # 1500
25166.000 # 1500
25167.000 # 1500
25168.000 # 1500
25169.000 # 1500
25170.000 # 1500
25171.000 # 1500
25172.000 # 1500
25173.000 # 1500
25174.000 # 1500
25175.000 # 1500
25176.000 # 1500
25177.000 # 1500
25177.531 + 128 1
25178.000 # 1500
25178.797 - 128 1.266 1
25179.000 # 1500
25180.000 # 1500
25181.000 # 1500
25182.000 # 1500
25183.000 # 1500
25184.000 # 1500
25185.000 # 1500
25186.000 # 1500
25187.000 # 1500
25187.527 + 128 1
25188.000 # 1500
25188.637 - 128 1.110 1
25189.000 # 1500
25190.000 # 1500
25191.000 # 1500
25192.000 # 1500
25193.000 # 1500
25194.000 # 1500
25195.000 # 1500
25196.000 # 1500
25197.000 # 1500
25198.000 # 1500
25199.000 # 1500
25200.000 # 1500
25201.000 # 1500
25201.685 + 128 1
25202.000 # 1500
25202.809 - 128 1.124 1
25203.000 # 1500
25204.000 # 1500
25205.000 # 1500
25206.000 # 1500
25207.000 # 1500
25208.000 # 1500
25209.000 # 1500
25210.000 # 1500
25211.000 # 1500
25211.731 + 128 1
25212.000 # 1500
25212.971 - 128 1.240 1
25213.000 # 1500
25214.000 # 1500
25215.000 # 1500
25216.000 # 1500
25217.000 # 1500
25218.000 # 1500
25219.000 # 1500
25220.000 # 1500
25221.000 # 1500
25222.000 # 1500
25223.000 # 1500
25224.000 # 1500
25225.000 # 1500
25225.553 + 128 1
25226.000 # 1500
25226.947 - 128 1.394 1
25227.000 # 1500
25228.000 # 1500
25229.000 # 1500
25230.000 # 1500
25231.000 # 1500
25232.000 # 1500
25233.000 # 1500
25234.000 # 1500
25235.000 # 1500
25235.564 + 128 1
25236.000 # 1500
25236.660 - 128 1.096 1
25237.000 # 1500
25238.000 # 1500
25239.000 # 1500
25240.000 # 1500
25241.000 # 1500
25242.000 # 1500
25243.000 # 1500
25244.000 # 1500
25245.000 # 1500
25246.000 # 1500
25247.000 # 1500
25248.000 # 1500
25249.000 # 1500
25249.680 + 128 1
25250.000 # 1500
25250.844 - 128 1.164 1
25251.000 # 1500
25252.000 # 1500
25253.000 # 1500
25254.000 # 1500
25255.000 # 1500
25256.000 # 1500
25257.000 # 1500
25258.000 # 1500
25259.000 # 1500
25259.571 + 128 1
25260.000 # 1500
25260.662 - 128 1.091 1
25261.000 # 1500
25262.000 # 1500
25263.000 # 1500
25264.000 # 1500
25265.000 # 1500
25266.000 # 1500
25267.000 # 1500
25268.000 # 1500
25269.000 # 1500
25270.000 # 1500
25271.000 # 1500
25272.000 # 1500
25273.000 # 1500
25273.550 + 128 1
25274.000 # 1500
25274.715 - 128 1.165 1
25275.000 # 1500
25276.000 # 1500
25277.000 # 1500
25278.000 # 1500
25279.000 # 1500
25280.000 # 1500
25281.000 # 1500
25282.000 # 1500
25283.000 # 1500
25283.518 + 128 1
25284.000 # 1500
25284.667 - 128 1.149 1
25285.000 # 1500
25286.000 # 1500
25287.000 # 1500
25288.000 # 1500
25289.000 # 1500
25290.000 # 1500
25291.000 # 1500
25292.000 # 1500
25293.000 # 1500
25294.000 # 1500
25295.000 # 1500
25296.000 # 1500
25297.000 # 1500
25297.525 + 128 1
25298.000 # 1500
25298.663 - 128 1.138 1
25299.000 # 1500
25300.000 # 1500
25301.000 # 1500
25302.000 # 1500
25303.000 # 1500
25304.000 # 1500
25305.000 # 1500
25306.000 # 1500
25307.000 # 1500
25307.499 + 128 1
25308.000 # 1500
25308.631 - 128 1.132 1
25309.000 # 1500
25310.000 # 1500
25311.000 # 1500
25312.000 # 1500
25313.000 # 1500
25314.000 # 1500
25315.000 # 1500
25316.000 # 1500
25317.000 # 1500
25318.000 # 1500
25319.000 # 1500
25320.000 # 1500
25321.000 # 1500
25321.539 + 128 1
25322.000 # 1500
25322.605 - 128 1.066 1
25323.000 # 1500
25324.000 # 1500
25325.000 # 1500
25326.000 # 1500
25327.000 # 1500
25328.000 # 1500
25329.000 # 1500
25330.000 # 1500
25331.000 # 1500
25331.559 + 128 1
25332.000 # 1500
25332.697 - 128 1.138 1
25333.000 # 1500
25334.000 # 1500
25335.000 # 1500
25336.000 # 1500
25337.000 # 1500
25338.000 # 1500
25339.000 # 1500
25340.000 # 1500
25341.000 # 1500
25342.000 # 1500
25343.000 # 1500
25344.000 # 1500
25345.000 # 1500
25345.545 + 128 1
25346.000 # 1500
25346.741 - 128 1.196 1
25347.000 # 1500
25348.000 # 1500
25349.000 # 1500
25350.000 # 1500
25351.000 # 1500
25352.000 # 1500
25353.000 # 1500
25354.000 # 1500
25355.000 # 1500
25355.534 + 128 1
25356.000 # 1500
25356.672 - 128 1.138 1
25357.000 # 1500
25358.000 # 1500
25359.000 # 1500
25360.000 # 1500
25361.000 # 1500
25362.000 # 1500
25363.000 # 1500
25364.000 # 1500
25365.000 # 1500
25366.000 # 1500
25367.000 # 1500
25368.000 # 1500
25369.000 # 1500
25369.581 + 128 1
25370.000 # 1500
25370.761 - 128 1.180 1
25371.000 # 1500
25372.000 # 1500
25373.000 # 1500
25374.000 # 1500
25375.000 # 1500
25376.000 # 1500
25377.000 # 1500
25378.000 # 1500
25379.000 # 1500
25379.582 + 128 1
25380.000 # 1500
25380.861 - 128 1.279 1
25381.000 # 1500
25382.000 # 1500
25383.000 # 1500
25384.000 # 1500
25385.000 # 1500
25386.000 # 1500
25387.000 # 1500
25388.000 # 1500
25389.000 # 1500
25390.000 # 1500
25391.000 # 1500
25392.000 # 1500
25393.000 # 1500
25393.519 + 128 1
25394.000 # 1500
25394.825 - 128 1.306 1
25395.000 # 1500
25396.000 # 1500
25397.000 # 1500
25398.000 # 1500
25399.000 # 1500
25400.000 # 1500
25401.000 # 1500
25402.000 # 1500
25403.000 # 1500
25404.000 # 1500
25405.000 # 1500
25406.000 # 1500
25407.000 # 1500
25408.000 # 1500
25409.000 # 1500
25410.000 # 1500
25411.000 # 1500
25412.000 # 1500
25413.000 # 1500
25413.572 + 128 1
25414.000 # 1500
25414.817 - 128 1.245 1
25415.000 # 1500
25416.000 # 1500
25417.000 # 1500
25418.000 # 1500
25419.000 # 1500
25420.000 # 1500
25421.000 # 1500
25422.000 # 1500
25423.000 # 1500
25423.557 + 128 1
25424.000 # 1500
25424.744 - 128 1.187 1
25425.000 # 1500
25426.000 # 1500
25427.000 # 1500
25428.000 # 1500
25429.000 # 1500
25430.000 # 1500
25431.000 # 1500
25432.000 # 1500
25433.000 # 1500
25434.000 # 1500
25435.000 # 1500
25436.000 # 1500
25437.000 # 1500
25437.513 + 128 1
25438.000 # 1500
25438.696 - 128 1.183 1
25439.000 # 1500
25440.000 # 1500
25441.000 # 1500
25442.000 # 1500
25443.000 # 1500
25444.000 # 1500
25445.000 # 1500
25446.000 # 1500
25447.000 # 1500
25447.564 + 128 1
25448.000 # 1500
25448.765 - 128 1.201 1
25449.000 # 1500
25450.000 # 1500
25451.000 # 1500
25452.000 # 1500
25453.000 # 1500
25454.000 # 1500
25455.000 # 1500
25456.000 # 1500
25457.000 # 1500
25458.000 # 1500
25459.000 # 1500
25460.000 # 1500
25461.000 # 1500
25461.517 + 128 1
25462.000 # 1500
25462.756 - 128 1.239 1
25463.000 # 1500
25464.000 # 1500
25465.000 # 1500
25466.000 # 1500
25467.000 # 1500
25468.000 # 1500
25469.000 # 1500
25470.000 # 1500
25471.000 # 1500
25471.604 + 128 1
25472.000 # 1500
25472.980 - 128 1.376 1
25473.000 # 1500
25474.000 # 1500
25475.000 # 1500
25476.000 # 1500
25477.000 # 1500
25478.000 # 1500
25479.000 # 1500
25480.000 # 1500
25481.000 # 1500
25482.000 # 1500
25483.000 # 1500
25484.000 # 1500
25485.000 # 1500
25485.644 + 128 1
25486.000 # 1500
25486.830 - 128 1.186 1
25487.000 # 1500
25488.000 # 1500
25489.000 # 1500
25490.000 # 1500
25491.000 # 1500
25492.000 # 1500
25493.000 # 1500
25494.000 # 1500
25495.000 # 1500
25495.589 + 128 1
25496.000 # 1500
25496.791 - 128 1.202 1
25497.000 # 1500
25498.000 # 1500
25499.000 # 1500
25500.000 # 1500
25501.000 # 1500
25502.000 # 1500
25503.000 # 1500
25504.000 # 1500
25505.000 # 1500
25506.000 # 1500
25507.000 # 1500
25508.000 # 1500
25509.000 # 1500
25509.608 + 128 1
25510.000 # 1500
25510.847 - 128 1.239 1
25511.000 # 1500
25512.000 # 1500
25513.000 # 1500
25514.000 # 1500
25515.000 # 1500
25516.000 # 1500
25517.000 # 1500
25518.000 # 1500
25519.000 # 1500
25519.535 + 128 1
25520.000 # 1500
25520.633 - 128 1.098 1
25521.000 # 1500
25522.000 # 1500
25523.000 # 1500
25524.000 # 1500
25525.000 # 1500
25526.000 # 1500
25527.000 # 1500
25528.000 # 1500
25529.000 # 1500
25530.000 # 1500
25531.000 # 1500
25532.000 # 1500
25533.000 # 1500
25533.700 + 128 1
25534.000 # 1500
25534.907 - 128 1.207 1
25535.000 # 1500
25536.000 # 1500
25537.000 # 1500
25538.000 # 1500
25539.000 # 1500
25540.000 # 1500
25541.000 # 1500
25542.000 # 1500
25543.000 # 1500
25543.753 + 128 1
25544.000 # 1500
25544.970 - 128 1.217 1
25545.000 # 1500
25546.000 # 1500
25547.000 # 1500
25548.000 # 1500
25549.000 # 1500
25550.000 # 1500
25551.000 # 1500
25552.000 # 1500
25553.000 # 1500
25554.000 # 1500
25555.000 # 1500
25556.000 # 1500
25557.000 # 1500
25557.544 + 128 1
25558.000 # 1500
25558.737 - 128 1.193 1
25559.000 # 1500
25560.000 # 1500
25561.000 # 1500
25562.000 # 1500
25563.000 # 1500
25564.000 # 1500
25565.000 # 1500
25566.000 # 1500
25567.000 # 1500
25567.525 + 128 1
25568.000 # 1500
25568.635 - 128 1.110 1
25569.000 # 1500
25570.000 # 1500
25571.000 # 1500
25572.000 # 1500
25573.000 # 1500
25574.000 # 1500
25575.000 # 1500
25576.000 # 1500
25577.000 # 1500
25578.000 # 1500
25579.000 # 1500
25580.000 # 1500
25581.000 # 1500
25581.557 + 128 1
25582.000 # 1500
25582.862 - 128 1.305 1
25583.000 # 1500
25584.000 # 1500
25585.000 # 1500
25586.000 # 1500
25587.000 # 1500
25588.000 # 1500
25589.000 # 1500
25590.000 # 1500
25591.000 # 1500
25591.548 + 128 1
25592.000 # 1500
25592.656 - 128 1.108 1
25593.000 # 1500
25594.000 # 1500
25595.000 # 1500
25596.000 # 1500
25597.000 # 1500
25598.000 # 1500
25599.000 # 1500
25600.000 # 1500
25601.000 # 1500
25602.000 # 1500
25603.000 # 1500
25604.000 # 1500
25605.000 # 1500
25605.521 + 128 1
25606.000 # 1500
25606.696 - 128 1.175 1
25607.000 # 1500
25608.000 # 1500
25609.000 # 1500
25610.000 # 1500
25611.000 # 1500
25612.000 # 1500
25613.000 # 1500
25614.000 # 1500
25615.000 # 1500
25615.499 + 128 1
25616.000 # 1500
25616.670 - 128 1.171 1
25617.000 # 1500
25618.000 # 1500
25619.000 # 1500
25620.000 # 1500
25621.000 # 1500
25622.000 # 1500
25623.000 # 1500
25624.000 # 1500
25625.000 # 1500
25626.000 # 1500
25627.000 # 1500
25628.000 # 1500
25629.000 # 1500
25629.551 + 128 1
25630.000 # 1500
25630.834 - 128 1.283 1
25631.000 # 1500
25632.000 # 1500
25633.000 # 1500
25634.000 # 1500
25635.000 # 1500
25636.000 # 1500
25637.000 # 1500
25638.000 # 1500
25639.000 # 1500
25639.618 + 128 1
25640.000 # 1500
25640.875 - 128 1.257 1
25641.000 # 1500
25642.000 # 1500
25643.000 # 1500
25644.000 # 1500
25645.000 # 1500
25646.000 # 1500
25647.000 # 1500
25648.000 # 1500
25649.000 # 1500
25650.000 # 1500
25651.000 # 1500
25652.000 # 1500
25653.000 # 1500
25653.665 + 128 1
25654.000 # 1500
25654.896 - 128 1.231 1
25655.000 # 1500
25656.000 # 1500
25657.000 # 1500
25658.000 # 1500
25659.000 # 1500
25660.000 # 1500
25661.000 # 1500
25662.000 # 1500
25663.000 # 1500
25663.535 + 128 1
25664.000 # 1500
25664.754 - 128 1.219 1
25665.000 # 1500
25666.000 # 1500
25667.000 # 1500
25668.000 # 1500
25669.000 # 1500
25670.000 # 1500
25671.000 # 1500
25672.000 # 1500
25673.000 # 1500
25674.000 # 1500
25675.000 # 1500
25676.000 # 1500
25677.000 # 1500
25677.544 + 128 1
25678.000 # 1500
25678.745 - 128 1.201 1
25679.000 # 1500
25680.000 # 1500
25681.000 # 1500
25682.000 # 1500
25683.000 # 1500
25684.000 # 1500
25685.000 # 1500
25686.000 # 1500
25687.000 # 1500
25687.612 + 128 1
25688.000 # 1500
25688.840 - 128 1.228 1
25689.000 # 1500
25690.000 # 1500
25691.000 # 1500
25692.000 # 1500
25693.000 # 1500
25694.000 # 1500
25695.000 # 1500
25696.000 # 1500
25697.000 # 1500
25698.000 # 1500
25699.000 # 1500
25700.000 # 1500
25701.000 # 1500
25701.654 + 128 1
25702.000 # 1500
25702.901 - 128 1.247 1
25703.000 # 1500
25704.000 # 1500
25705.000 # 1500
25706.000 # 1500
25707.000 # 1500
25708.000 # 1500
25709.000 # 1500
25710.000 # 1500
25711.000 # 1500
25711.635 + 128 1
25712.000 # 1500
25712.879 - 128 1.244 1
25713.000 # 1500
25714.000 # 1500
25715.000 # 1500
25716.000 # 1500
25717.000 # 1500
25718.000 # 1500
25719.000 # 1500
25720.000 # 1500
25721.000 # 1500
25722.000 # 1500
25723.000 # 1500
25724.000 # 1500
25725.000 # 1500
25725.582 + 128 1
25726.000 # 1500
25726.729 - 128 1.147 1
25727.000 # 1500
25728.000 # 1500
25729.000 # 1500
25730.000 # 1500
25731.000 # 1500
25732.000 # 1500
25733.000 # 1500
25734.000 # 1500
25735.000 # 1500
25735.595 + 128 1
25736.000 # 1500
25736.873 - 128 1.278 1
25737.000 # 1500
25738.000 # 1500
25739.000 # 1500
25740.000 # 1500
25741.000 # 1500
25742.000 # 1500
25743.000 # 1500
25744.000 # 1500
25745.000 # 1500
25746.000 # 1500
25747.000 # 1500
25748.000 # 1500
25749.000 # 1500
25749.539 + 128 1
25750.000 # 1500
25750.723 - 128 1.184 1
25751.000 # 1500
25752.000 # 1500
25753.000 # 1500
25754.000 # 1500
25755.000 # 1500
25756.000 # 1500
25757.000 # 1500
25758.000 # 1500
25759.000 # 1500
25759.665 + 128 1
25760.000 # 1500
25761.000 # 1500
25761.006 - 128 1.341 1
25762.000 # 1500
25763.000 # 1500
25764.000 # 1500
25765.000 # 1500
25766.000 # 1500
25767.000 # 1500
25768.000 # 1500
25769.000 # 1500
25770.000 # 1500
25771.000 # 1500
25772.000 # 1500
25773.000 # 1500
25773.581 + 128 1
25774.000 # 1500
25774.793 - 128 1.212 1
25775.000 # 1500
25776.000 # 1500
25777.000 # 1500
25778.000 # 1500
25779.000 # 1500
25780.000 # 1500
25781.000 # 1500
25782.000 # 1500
25783.000 # 1500
25783.565 + 128 1
25784.000 # 1500
25784.719 - 128 1.154 1
25785.000 # 1500
25786.000 # 1500
25787.000 # 1500
25788.000 # 1500
25789.000 # 1500
25790.000 # 1500
25791.000 # 1500
25792.000 # 1500
25793.000 # 1500
25794.000 # 1500
25795.000 # 1500
25796.000 # 1500
25797.000 # 1500
25797.572 + 128 1
25798.000 # 1500
25798.733 - 128 1.161 1
25799.000 # 1500
25800.000 # 1500
25801.000 # 1500
25802.000 # 1500
25803.000 # 1500
25804.000 # 1500
25805.000 # 1500
25806.000 # 1500
25807.000 # 1500
25807.573 + 128 1
25808.000 # 1500
25808.797 - 128 1.224 1
25809.000 # 1500
25810.000 # 1500
25811.000 # 1500
25812.000 # 1500
25813.000 # 1500
25814.000 # 1500
25815.000 # 1500
25816.000 # 1500
25817.000 # 1500
25818.000 # 1500
25819.000 # 1500
25820.000 # 1500
25821.000 # 1500
25822.000 # 1500
25823.000 # 1500
25824.000 # 1500
25825.000 # 1500
25826.000 # 1500
25827.000 # 1500
25828.000 # 1500
25829.000 # 1500
25829.651 + 128 1
25830.000 # 1500
25830.874 - 128 1.223 1
25831.000 # 1500
25832.000 # 1500
25833.000 # 1500
25834.000 # 1500
25835.000 # 1500
25836.000 # 1500
25837.000 # 1500
25838.000 # 1500
25839.000 # 1500
25839.560 + 128 1
25840.000 # 1500
25840.745 - 128 1.185 1
25841.000 # 1500
25842.000 # 1500
25843.000 # 1500
25844.000 # 1500
25845.000 # 1500
25846.000 # 1500
25847.000 # 1500
25848.000 # 1500
25849.000 # 1500
25850.000 # 1500
25851.000 # 1500
25852.000 # 1500
25853.000 # 1500
25853.627 + 128 1
25854.000 # 1500
25854.906 - 128 1.279 1
25855.000 # 1500
25856.000 # 1500
25857.000 # 1500
25858.000 # 1500
25859.000 # 1500
25860.000 # 1500
25861.000 # 1500
25862.000 # 1500
25863.000 # 1500
25863.600 + 128 1
25864.000 # 1500
25864.850 - 128 1.250 1
25865.000 # 1500
25866.000 # 1500
25867.000 # 1500
25868.000 # 1500
25869.000 # 1500
25870.000 # 1500
25871.000 # 1500
25872.000 # 1500
25873.000 # 1500
25874.000 # 1500
25875.000 # 1500
25876.000 # 1500
25877.000 # 1500
25877.554 + 128 1
25878.000 # 1500
25878.724 - 128 1.170 1
25879.000 # 1500
25880.000 # 1500
25881.000 # 1500
25882.000 # 1500
25883.000 # 1500
25884.000 # 1500
25885.000 # 1500
25886.000 # 1500
25887.000 # 1500
25887.522 + 128 1
25888.000 # 1500
25888.751 - 128 1.229 1
25889.000 # 1500
25890.000 # 1500
25891.000 # 1500
25892.000 # 1500
25893.000 # 1500
25894.000 # 1500
25895.000 # 1500
25896.000 # 1500
25897.000 # 1500
25897.558 + 128 1
25898.000 # 1500
25898.791 - 128 1.233 1
25899.000 # 1500
25900.000 # 1500
25901.000 # 1500
25902.000 # 1500
25903.000 # 1500
25904.000 # 1500
25905.000 # 1500
25906.000 # 1500
25907.000 # 1500
25907.518 + 128 1
25908.000 # 1500
25908.628 - 128 1.110 1
25909.000 # 1500
25910.000 # 1500
25911.000 # 1500
25912.000 # 1500
25913.000 # 1500
25914.000 # 1500
25915.000 # 1500
25916.000 # 1500
25917.000 # 1500
25918.000 # 1500
25919.000 # 1500
25920.000 # 1500
25921.000 # 1500
25921.586 + 128 1
25922.000 # 1500
25922.799 - 128 1.213 1
25923.000 # 1500
25924.000 # 1500
25925.000 # 1500
25926.000 # 1500
25927.000 # 1500
25928.000 # 1500
25929.000 # 1500
25930.000 # 1500
25931.000 # 1500
25931.557 + 128 1
25932.000 # 1500
25932.825 - 128 1.268 1
25933.000 # 1500
25934.000 # 1500
25935.000 # 1500
25936.000 # 1500
25937.000 # 1500
25938.000 # 1500
25939.000 # 1500
25940.000 # 1500
25941.000 # 1500
25942.000 # 1500
25943.000 # 1500
25944.000 # 1500
25945.000 # 1500
25945.566 + 128 1
25946.000 # 1500
25946.815 - 128 1.249 1
25947.000 # 1500
25948.000 # 1500
25949.000 # 1500
25950.000 # 1500
25951.000 # 1500
25952.000 # 1500
25953.000 # 1500
25954.000 # 1500
25955.000 # 1500
25955.504 + 128 1
25956.000 # 1500
25956.669 - 128 1.165 1
25957.000 # 1500
25958.000 # 1500
25959.000 # 1500
25960.000 # 1500
25961.000 # 1500
25962.000 # 1500
25963.000 # 1500
25964.000 # 1500
25965.000 # 1500
25966.000 # 1500
25967.000 # 1500
25968.000 # 1500
25969.000 # 1500
25969.520 + 128 1
25970.000 # 1500
25970.643 - 128 1.123 1
25971.000 # 1500
25972.000 # 1500
25973.000 # 1500
25974.000 # 1500
25975.000 # 1500
25976.000 # 1500
25977.000 # 1500
25978.000 # 1500
25979.000 # 1500
25979.489 + 128 1
25980.000 # 1500
25980.607 - 128 1.118 1
25981.000 # 1500
25982.000 # 1500
25983.000 # 1500
25984.000 # 1500
25985.000 # 1500
25986.000 # 1500
25987.000 # 1500
25988.000 # 1500
25989.000 # 1500
25990.000 # 1500
25991.000 # 1500
25992.000 # 1500
25993.000 # 1500
25993.554 + 128 1
25994.000 # 1500
25994.743 - 128 1.189 1
25995.000 # 1500
25996.000 # 1500
25997.000 # 1500
25998.000 # 1500
25999.000 # 1500
26000.000 # 1500
26001.000 # 1500
26002.000 # 1500
26003.000 # 1500
26003.519 + 128 1
26004.000 # 1500
26004.745 - 128 1.226 1
26005.000 # 1500
26006.000 # 1500
26007.000 # 1500
26008.000 # 1500
26009.000 # 1500
26010.000 # 1500
26011.000 # 1500
26012.000 # 1500
26013.000 # 1500
26013.536 + 128 1
26014.000 # 1500
26014.662 - 128 1.126 1
26015.000 # 1500
26016.000 # 1500
26017.000 # 1500
26018.000 # 1500
26019.000 # 1500
26020.000 # 1500
26021.000 # 1500
26022.000 # 1500
26023.000 # 1500
26024.000 # 1500
26025.000 # 1500
26026.000 # 1500
26027.000 # 1500
26028.000 # 1500
26029.000 # 1500
26030.000 # 1500
26031.000 # 1500
26032.000 # 1500
26033.000 # 1500
26033.548 + 128 1
26034.000 # 1500
26034.692 - 128 1.144 1
26035.000 # 1500
26036.000 # 1500
26037.000 # 1500
26038.000 # 1500
26039.000 # 1500
26040.000 # 1500
26041.000 # 1500
26042.000 # 1500
26043.000 # 1500
26044.000 # 1500
26045.000 # 1500
26046.000 # 1500
26047.000 # 1500
26048.000 # 1500
26049.000 # 1500
26050.000 # 1500
26051.000 # 1500
26052.000 # 1500
26053.000 # 1500
26053.627 + 128 1
26054.000 # 1500
26054.830 - 128 1.203 1
26055.000 # 1500
26056.000 # 1500
26057.000 # 1500
26058.000 # 1500
26059.000 # 1500
26060.000 # 1500
26061.000 # 1500
26062.000 # 1500
26063.000 # 1500
26063.491 + 128 1
26064.000 # 1500
26064.653 - 128 1.162 1
26065.000 # 1500
26066.000 # 1500
26067.000 # 1500
26068.000 # 1500
26069.000 # 1500
26070.000 # 1500
26071.000 # 1500
26072.000 # 1500
26073.000 # 1500
26074.000 # 1500
26075.000 # 1500
26076.000 # 1500
26077.000 # 1500
26077.547 + 128 1
26078.000 # 1500
26078.677 - 128 1.130 1
26079.000 # 1500
26080.000 # 1500
26081.000 # 1500
26082.000 # 1500
26083.000 # 1500
26084.000 # 1500
26085.000 # 1500
26086.000 # 1500
26087.000 # 1500
26087.517 + 128 1
26088.000 # 1500
26088.591 - 128 1.074 1
26089.000 # 1500
26090.000 # 1500
26091.000 # 1500
26092.000 # 1500
26093.000 # 1500
26094.000 # 1500
26095.000 # 1500
26096.000 # 1500
26097.000 # 1500
26098.000 # 1500
26099.000 # 1500
26100.000 # 1500
26101.000 # 1500
26101.549 + 128 1
26102.000 # 1500
26102.690 - 128 1.141 1
26103.000 # 1500
26104.000 # 1500
26105.000 # 1500
26106.000 # 1500
26107.000 # 1500
26108.000 # 1500
26109.000 # 1500
26110.000 # 1500
26111.000 # 1500
26111.501 + 128 1
26112.000 # 1500
26112.621 - 128 1.120 1
26113.000 # 1500
26114.000 # 1500
26115.000 # 1500
26116.000 # 1500
26117.000 # 1500
26118.000 # 1500
26119.000 # 1500
26120.000 # 1500
26121.000 # 1500
26122.000 # 1500
26123.000 # 1500
26124.000 # 1500
26125.000 # 1500
26125.511 + 128 1
26126.000 # 1500
26126.660 - 128 1.149 1
26127.000 # 1500
26128.000 # 1500
26129.000 # 1500
26130.000 # 1500
26131.000 # 1500
26132.000 # 1500
26133.000 # 1500
26134.000 # 1500
26135.000 # 1500
26135.487 + 128 1
26136.000 # 1500
26136.612 - 128 1.125 1
26137.000 # 1500
26138.000 # 1500
26139.000 # 1500
26140.000 # 1500
26141.000 # 1500
26142.000 # 1500
26143.000 # 1500
26144.000 # 1500
26145.000 # 1500
26146.000 # 1500
26147.000 # 1500
26148.000 # 1500
26149.000 # 1500
26149.507 + 128 1
26150.000 # 1500
26150.607 - 128 1.100 1
26151.000 # 1500
26152.000 # 1500
26153.000 # 1500
26154.000 # 1500
26155.000 # 1500
26156.000 # 1500
26157.000 # 1500
26158.000 # 1500
26159.000 # 1500
26159.501 + 128 1
26160.000 # 1500
26160.626 - 128 1.125 1
26161.000 # 1500
26162.000 # 1500
26163.000 # 1500
26164.000 # 1500
26165.000 # 1500
26166.000 # 1500
26167.000 # 1500
26168.000 # 1500
26169.000 # 1500
26170.000 # 1500
26171.000 # 1500
26172.000 # 1500
26173.000 # 1500
26173.518 + 128 1
26174.000 # 1500
26174.630 - 128 1.112 1
26175.000 # 1500
26176.000 # 1500
26177.000 # 1500
26178.000 # 1500
26179.000 # 1500
26180.000 # 1500
26181.000 # 1500
26182.000 # 1500
26183.000 # 1500
26183.605 + 128 1
26184.000 # 1500
26184.819 - 128 1.214 1
26185.000 # 1500
26186.000 # 1500
26187.000 # 1500
26188.000 # 1500
26189.000 # 1500
26190.000 # 1500
26191.000 # 1500
26192.000 # 1500
26193.000 # 1500
26194.000 # 1500
26195.000 # 1500
26196.000 # 1500
26197.000 # 1500
26197.562 + 128 1
26198.000 # 1500
26198.727 - 128 1.165 1
26199.000 # 1500
26200.000 # 1500
26201.000 # 1500
26202.000 # 1500
26203.000 # 1500
26204.000 # 1500
26205.000 # 1500
26206.000 # 1500
26207.000 # 1500
26207.622 + 128 1
26208.000 # 1500
26208.843 - 128 1.221 1
26209.000 # 1500
26210.000 # 1500
26211.000 # 1500
26212.000 # 1500
26213.000 # 1500
26214.000 # 1500
26215.000 # 1500
26216.000 # 1500
26217.000 # 1500
26218.000 # 1500
26219.000 # 1500
26220.000 # 1500
26221.000 # 1500
26221.551 + 128 1
26222.000 # 1500
26222.799 - 128 1.248 1
26223.000 # 1500
26224.000 # 1500
26225.000 # 1500
26226.000 # 1500
26227.000 # 1500
26228.000 # 1500
26229.000 # 1500
26230.000 # 1500
26231.000 # 1500
26231.624 + 128 1
26232.000 # 1500
26232.930 - 128 1.306 1
26233.000 # 1500
26234.000 # 1500
26235.000 # 1500
26236.000 # 1500
26237.000 # 1500
26238.000 # 1500
26239.000 # 1500
26240.000 # 1500
26241.000 # 1500
26242.000 # 1500
26243.000 # 1500
26244.000 # 1500
26245.000 # 1500
26245.651 + 128 1
26246.000 # 1500
26246.944 - 128 1.293 1
26247.000 # 1500
26248.000 # 1500
26249.000 # 1500
26250.000 # 1500
26251.000 # 1500
26252.000 # 1500
26253.000 # 1500
26254.000 # 1500
26255.000 # 1500
26255.578 + 128 1
26256.000 # 1500
26256.779 - 128 1.201 1
26257.000 # 1500
26258.000 # 1500
26259.000 # 1500
26260.000 # 1500
26261.000 # 1500
26262.000 # 1500
26263.000 # 1500
26264.000 # 1500
26265.000 # 1500
26266.000 # 1500
26267.000 # 1500
26268.000 # 1500
26269.000 # 1500
26269.560 + 128 1
26270.000 # 1500
26270.701 - 128 1.141 1
26271.000 # 1500
26272.000 # 1500
26273.000 # 1500
26274.000 # 1500
26275.000 # 1500
26276.000 # 1500
26277.000 # 1500
26278.000 # 1500
26279.000 # 1500
26279.585 + 128 1
26280.000 # 1500
26280.819 - 128 1.234 1
26281.000 # 1500
26282.000 # 1500
26283.000 # 1500
26284.000 # 1500
26285.000 # 1500
26286.000 # 1500
26287.000 # 1500
26288.000 # 1500
26289.000 # 1500
26290.000 # 1500
26291.000 # 1500
26292.000 # 1500
26293.000 # 1500
26293.566 + 128 1
26294.000 # 1500
26294.729 - 128 1.163 1
26295.000 # 1500
26296.000 # 1500
26297.000 # 1500
26298.000 # 1500
26299.000 # 1500
26300.000 # 1500
26301.000 # 1500
26302.000 # 1500
26303.000 # 1500
26303.624 + 128 1
26304.000 # 1500
26304.846 - 128 1.222 1
26305.000 # 1500
26306.000 # 1500
26307.000 # 1500
26308.000 # 1500
26309.000 # 1500
26310.000 # 1500
26311.000 # 1500
26312.000 # 1500
26313.000 # 1500
26314.000 # 1500
26315.000 # 1500
26316.000 # 1500
26317.000 # 1500
26317.621 + 128 1
26318.000 # 1500
26318.868 - 128 1.247 1
26319.000 # 1500
26320.000 # 1500
26321.000 # 1500
26322.000 # 1500
26323.000 # 1500
26324.000 # 1500
26325.000 # 1500
26326.000 # 1500
26327.000 # 1500
26327.543 + 128 1
26328.000 # 1500
26328.684 - 128 1.141 1
26329.000 # 1500
26330.000 # 1500
26331.000 # 1500
26332.000 # 1500
26333.000 # 1500
26334.000 # 1500
26335.000 # 1500
26336.000 # 1500
26337.000 # 1500
26338.000 # 1500
26339.000 # 1500
26340.000 # 1500
26341.000 # 1500
26341.509 + 128 1
26342.000 # 1500
26342.605 - 128 1.096 1
26343.000 # 1500
26344.000 # 1500
26345.000 # 1500
26346.000 # 1500
26347.000 # 1500
26348.000 # 1500
26349.000 # 1500
26350.000 # 1500
26351.000 # 1500
26351.477 + 128 1
26352.000 # 1500
26352.570 - 128 1.093 1
26353.000 # 1500
26354.000 # 1500
26355.000 # 1500
26356.000 # 1500
26357.000 # 1500
26358.000 # 1500
26359.000 # 1500
26360.000 # 1500
26361.000 # 1500
26362.000 # 1500
26363.000 # 1500
26364.000 # 1500
26365.000 # 1500
26365.640 + 128 1
26366.000 # 1500
26366.884 - 128 1.244 1
26367.000 # 1500
26368.000 # 1500
26369.000 # 1500
26370.000 # 1500
26371.000 # 1500
26372.000 # 1500
26373.000 # 1500
26374.000 # 1500
26375.000 # 1500
26375.605 + 128 1
26376.000 # 1500
26376.858 - 128 1.253 1
26377.000 # 1500
26378.000 # 1500
26379.000 # 1500
26380.000 # 1500
26381.000 # 1500
26382.000 # 1500
26383.000 # 1500
26384.000 # 1500
26385.000 # 1500
26386.000 # 1500
26387.000 # 1500
26388.000 # 1500
26389.000 # 1500
26389.584 + 128 1
26390.000 # 1500
26390.800 - 128 1.216 1
26391.000 # 1500
26392.000 # 1500
26393.000 # 1500
26394.000 # 1500
26395.000 # 1500
26396.000 # 1500
26397.000 # 1500
26398.000 # 1500
26399.000 # 1500
26399.619 + 128 1
26400.000 # 1500
26400.879 - 128 1.260 1
26401.000 # 1500
26402.000 # 1500
26403.000 # 1500
26404.000 # 1500
26405.000 # 1500
26406.000 # 1500
26407.000 # 1500
26408.000 # 1500
26409.000 # 1500
26410.000 # 1500
26411.000 # 1500
26412.000 # 1500
26413.000 # 1500
26413.641 + 128 1
26414.000 # 1500
26414.903 - 128 1.262 1
26415.000 # 1500
26416.000 # 1500
26417.000 # 1500
26418.000 # 1500
26419.000 # 1500
26420.000 # 1500
26421.000 # 1500
26422.000 # 1500
26423.000 # 1500
26423.565 + 128 1
26424.000 # 1500
26424.671 - 128 1.106 1
26425.000 # 1500
26426.000 # 1500
26427.000 # 1500
26428.000 # 1500
26429.000 # 1500
26430.000 # 1500
26431.000 # 1500
26432.000 # 1500
26433.000 # 1500
26434.000 # 1500
26435.000 # 1500
26436.000 # 1500
26437.000 # 1500
26437.560 + 128 1
26438.000 # 1500
26438.732 - 128 1.172 1
26439.000 # 1500
26440.000 # 1500
26441.000 # 1500
26442.000 # 1500
26443.000 # 1500
26444.000 # 1500
26445.000 # 1500
26446.000 # 1500
26447.000 # 1500
26447.563 + 128 1
26448.000 # 1500
26448.744 - 128 1.181 1
26449.000 # 1500
26450.000 # 1500
26451.000 # 1500
26452.000 # 1500
26453.000 # 1500
26454.000 # 1500
26455.000 # 1500
26456.000 # 1500
26457.000 # 1500
26458.000 # 1500
26459.000 # 1500
26460.000 # 1500
26461.000 # 1500
26461.525 + 128 1
26462.000 # 1500
26462.678 - 128 1.153 1
26463.000 # 1500
26464.000 # 1500
26465.000 # 1500
26466.000 # 1500
26467.000 # 1500
26468.000 # 1500
26469.000 # 1500
26470.000 # 1500
26471.000 # 1500
26471.509 + 128 1
26472.000 # 1500
26472.627 - 128 1.118 1
26473.000 # 1500
26474.000 # 1500
26475.000 # 1500
26476.000 # 1500
26477.000 # 1500
26478.000 # 1500
26479.000 # 1500
26480.000 # 1500
26481.000 # 1500
26482.000 # 1500
26483.000 # 1500
26484.000 # 1500
26485.000 # 1500
26485.559 + 128 1
26486.000 # 1500
26486.741 - 128 1.182 1
26487.000 # 1500
26488.000 # 1500
26489.000 # 1500
26490.000 # 1500
26491.000 # 1500
26492.000 # 1500
26493.000 # 1500
26494.000 # 1500
26495.000 # 1500
26495.560 + 128 1
26496.000 # 1500
26496.725 - 128 1.165 1
26497.000 # 1500
26498.000 # 1500
26499.000 # 1500
26500.000 # 1500
26501.000 # 1500
26502.000 # 1500
26503.000 # 1500
26504.000 # 1500
26505.000 # 1500
26506.000 # 1500
26507.000 # 1500
26508.000 # 1500
26509.000 # 1500
26509.554 + 128 1
26510.000 # 1500
26510.660 - 128 1.106 1
26511.000 # 1500
26512.000 # 1500
26513.000 # 1500
26514.000 # 1500
26515.000 # 1500
26516.000 # 1500
26517.000 # 1500
26518.000 # 1500
26519.000 # 1500
26519.534 + 128 1
26520.000 # 1500
26520.563 - 128 1.029 1
26521.000 # 1500
26522.000 # 1500
26523.000 # 1500
26524.000 # 1500
26525.000 # 1500
26526.000 # 1500
26527.000 # 1500
26528.000 # 1500
26529.000 # 1500
26530.000 # 1500
26531.000 # 1500
26532.000 # 1500
26533.000 # 1500
26533.535 + 128 1
26534.000 # 1500
26534.662 - 128 1.127 1
26535.000 # 1500
26536.000 # 1500
26537.000 # 1500
26538.000 # 1500
26539.000 # 1500
26540.000 # 1500
26541.000 # 1500
26542.000 # 1500
26543.000 # 1500
26543.489 + 128 1
26544.000 # 1500
26544.679 - 128 1.190 1
26545.000 # 1500
26546.000 # 1500
26547.000 # 1500
26548.000 # 1500
26549.000 # 1500
26550.000 # 1500
26551.000 # 1500
26552.000 # 1500
26553.000 # 1500
26554.000 # 1500
26555.000 # 1500
26556.000 # 1500
26557.000 # 1500
26557.566 + 128 1
26558.000 # 1500
26558.761 - 128 1.195 1
26559.000 # 1500
26560.000 # 1500
26561.000 # 1500
26562.000 # 1500
26563.000 # 1500
26564.000 # 1500
26565.000 # 1500
26566.000 # 1500
26567.000 # 1500
26567.566 + 128 1
26568.000 # 1500
26568.733 - 128 1.167 1
26569.000 # 1500
26570.000 # 1500
26571.000 # 1500
26572.000 # 1500
26573.000 # 1500
26574.000 # 1500
26575.000 # 1500
26576.000 # 1500
26577.000 # 1500
26577.667 + 128 1
26578.000 # 1500
26578.928 - 128 1.261 1
26579.000 # 1500
26580.000 # 1500
26581.000 # 1500
26582.000 # 1500
26583.000 # 1500
26584.000 # 1500
26585.000 # 1500
26586.000 # 1500
26587.000 # 1500
26588.000 # 1500
26589.000 # 1500
26589.564 + 128 1
26590.000 # 1500
26590.788 - 128 1.224 1
26591.000 # 1500
26592.000 # 1500
26593.000 # 1500
26594.000 # 1500
26595.000 # 1500
26596.000 # 1500
26597.000 # 1500
26598.000 # 1500
26599.000 # 1500
26599.623 + 128 1
26600.000 # 1500
26600.833 - 128 1.210 1
26601.000 # 1500
26602.000 # 1500
26603.000 # 1500
26604.000 # 1500
26605.000 # 1500
26606.000 # 1500
26607.000 # 1500
26608.000 # 1500
26609.000 # 1500
26610.000 # 1500
26611.000 # 1500
26612.000 # 1500
26613.000 # 1500
26613.638 + 128 1
26614.000 # 1500
26614.885 - 128 1.247 1
26615.000 # 1500
26616.000 # 1500
26617.000 # 1500
26618.000 # 1500
26619.000 # 1500
26620.000 # 1500
26621.000 # 1500
26622.000 # 1500
26623.000 # 1500
26623.551 + 128 1
26624.000 # 1500
26624.725 - 128 1.174 1
26625.000 # 1500
26626.000 # 1500
26627.000 # 1500
26628.000 # 1500
26629.000 # 1500
26630.000 # 1500
26631.000 # 1500
26632.000 # 1500
26633.000 # 1500
26634.000 # 1500
26635.000 # 1500
26636.000 # 1500
26637.000 # 1500
26637.540 + 128 1
26638.000 # 1500
26638.701 - 128 1.161 1
26639.000 # 1500
26640.000 # 1500
26641.000 # 1500
26642.000 # 1500
26643.000 # 1500
26644.000 # 1500
26645.000 # 1500
26646.000 # 1500
26647.000 # 1500
26647.541 + 128 1
26648.000 # 1500
26648.712 - 128 1.171 1
26649.000 # 1500
26650.000 # 1500
26651.000 # 1500
26652.000 # 1500
26653.000 # 1500
26654.000 # 1500
26655.000 # 1500
26656.000 # 1500
26657.000 # 1500
26658.000 # 1500
26659.000 # 1500
26660.000 # 1500
26661.000 # 1500
26661.507 + 128 1
26662.000 # 1500
26662.642 - 128 1.135 1
26663.000 # 1500
26664.000 # 1500
26665.000 # 1500
26666.000 # 1500
26667.000 # 1500
26668.000 # 1500
26669.000 # 1500
26670.000 # 1500
26671.000 # 1500
26671.556 + 128 1
26672.000 # 1500
26672.696 - 128 1.140 1
26673.000 # 1500
26674.000 # 1500
26675.000 # 1500
26676.000 # 1500
26677.000 # 1500
26678.000 # 1500
26679.000 # 1500
26680.000 # 1500
26681.000 # 1500
26682.000 # 1500
26683.000 # 1500
26684.000 # 1500
26685.000 # 1500
26685.535 + 128 1
26686.000 # 1500
26686.661 - 128 1.126 1
26687.000 # 1500
26688.000 # 1500
26689.000 # 1500
26690.000 # 1500
26691.000 # 1500
26692.000 # 1500
26693.000 # 1500
26694.000 # 1500
26695.000 # 1500
26695.506 + 128 1
26696.000 # 1500
26696.633 - 128 1.127 1
26697.000 # 1500
26698.000 # 1500
26699.000 # 1500
26700.000 # 1500
26701.000 # 1500
26702.000 # 1500
26703.000 # 1500
26704.000 # 1500
26705.000 # 1500
26706.000 # 1500
26707.000 # 1500
26708.000 # 1500
26709.000 # 1500
26709.569 + 128 1
26710.000 # 1500
26710.700 - 128 1.131 1
26711.000 # 1500
26712.000 # 1500
26713.000 # 1500
26714.000 # 1500
26715.000 # 1500
26716.000 # 1500
26717.000 # 1500
26718.000 # 1500
26719.000 # 1500
26719.640 + 128 1
26720.000 # 1500
26720.850 - 128 1.210 1
26721.000 # 1500
26722.000 # 1500
26723.000 # 1500
26724.000 # 1500
26725.000 # 1500
26726.000 # 1500
26727.000 # 1500
26728.000 # 1500
26729.000 # 1500
26730.000 # 1500
26731.000 # 1500
26732.000 # 1500
26733.000 # 1500
26733.585 + 128 1
26734.000 # 1500
26734.773 - 128 1.188 1
26735.000 # 1500
26736.000 # 1500
26737.000 # 1500
26738.000 # 1500
26739.000 # 1500
26740.000 # 1500
26741.000 # 1500
26742.000 # 1500
26743.000 # 1500
26743.598 + 128 1
26744.000 # 1500
26744.826 - 128 1.228 1
26745.000 # 1500
26746.000 # 1500
26747.000 # 1500
26748.000 # 1500
26749.000 # 1500
26750.000 # 1500
26751.000 # 1500
26752.000 # 1500
26753.000 # 1500
26754.000 # 1500
26755.000 # 1500
26756.000 # 1500
26757.000 # 1500
26757.625 + 128 1
26758.000 # 1500
26758.848 - 128 1.223 1
26759.000 # 1500
26760.000 # 1500
26761.000 # 1500
26762.000 # 1500
26763.000 # 1500
26764.000 # 1500
26765.000 # 1500
26766.000 # 1500
26767.000 # 1500
26767.599 + 128 1
26768.000 # 1500
26768.851 - 128 1.252 1
26769.000 # 1500
26770.000 # 1500
26771.000 # 1500
26772.000 # 1500
26773.000 # 1500
26774.000 # 1500
26775.000 # 1500
26776.000 # 1500
26777.000 # 1500
26778.000 # 1500
26779.000 # 1500
26780.000 # 1500
26781.000 # 1500
26781.524 + 128 1
26782.000 # 1500
26782.650 - 128 1.126 1
26783.000 # 1500
26784.000 # 1500
26785.000 # 1500
26786.000 # 1500
26787.000 # 1500
26788.000 # 1500
26789.000 # 1500
26790.000 # 1500
26791.000 # 1500
26791.486 + 128 1
26792.000 # 1500
26792.590 - 128 1.104 1
26793.000 # 1500
26794.000 # 1500
26795.000 # 1500
26796.000 # 1500
26797.000 # 1500
26798.000 # 1500
26799.000 # 1500
26800.000 # 1500
26801.000 # 1500
26802.000 # 1500
26803.000 # 1500
26804.000 # 1500
26805.000 # 1500
26805.569 + 128 1
26806.000 # 1500
26806.748 - 128 1.179 1
26807.000 # 1500
26808.000 # 1500
26809.000 # 1500
26810.000 # 1500
26811.000 # 1500
26812.000 # 1500
26813.000 # 1500
26814.000 # 1500
26815.000 # 1500
26815.628 + 128 1
26816.000 # 1500
26816.861 - 128 1.233 1
26817.000 # 1500
26818.000 # 1500
26819.000 # 1500
26820.000 # 1500
26821.000 # 1500
26822.000 # 1500
26823.000 # 1500
26824.000 # 1500
26825.000 # 1500
26826.000 # 1500
26827.000 # 1500
26828.000 # 1500
26829.000 # 1500
26830.000 # 1500
26831.000 # 1500
26832.000 # 1500
26833.000 # 1500
26833.569 + 128 1
26834.000 # 1500
26834.823 - 128 1.254 1
26835.000 # 1500
26836.000 # 1500
26837.000 # 1500
26838.000 # 1500
26839.000 # 1500
26840.000 # 1500
26841.000 # 1500
26842.000 # 1500
26843.000 # 1500
26844.000 # 1500
26845.000 # 1500
26846.000 # 1500
26847.000 # 1500
26848.000 # 1500
26849.000 # 1500
26850.000 # 1500
26851.000 # 1500
26852.000 # 1500
26853.000 # 1500
26853.517 + 128 1
26854.000 # 1500
26854.618 - 128 1.101 1
26855.000 # 1500
26856.000 # 1500
26857.000 # 1500
26858.000 # 1500
26859.000 # 1500
26860.000 # 1500
26861.000 # 1500
26862.000 # 1500
26863.000 # 1500
26863.545 + 128 1
26864.000 # 1500
26864.671 - 128 1.126 1
26865.000 # 1500
26866.000 # 1500
26867.000 # 1500
26868.000 # 1500
26869.000 # 1500
26870.000 # 1500
26871.000 # 1500
26872.000 # 1500
26873.000 # 1500
26874.000 # 1500
26875.000 # 1500
26876.000 # 1500
26877.000 # 1500
26877.700 + 128 1
26878.000 # 1500
26878.993 - 128 1.293 1
26879.000 # 1500
26880.000 # 1500
26881.000 # 1500
26882.000 # 1500
26883.000 # 1500
26884.000 # 1500
26885.000 # 1500
26886.000 # 1500
26887.000 # 1500
26887.557 + 128 1
26888.000 # 1500
26888.782 - 128 1.225 1
26889.000 # 1500
26890.000 # 1500
26891.000 # 1500
26892.000 # 1500
26893.000 # 1500
26894.000 # 1500
26895.000 # 1500
26896.000 # 1500
26897.000 # 1500
26898.000 # 1500
26899.000 # 1500
26900.000 # 1500
26901.000 # 1500
26901.554 + 128 1
26902.000 # 1500
26902.659 - 128 1.105 1
26903.000 # 1500
26904.000 # 1500
26905.000 # 1500
26906.000 # 1500
26907.000 # 1500
26908.000 # 1500
26909.000 # 1500
26910.000 # 1500
26911.000 # 1500
26911.610 + 128 1
26912.000 # 1500
26912.863 - 128 1.253 1
26913.000 # 1500
26914.000 # 1500
26915.000 # 1500
26916.000 # 1500
26917.000 # 1500
26918.000 # 1500
26919.000 # 1500
26920.000 # 1500
26921.000 # 1500
26922.000 # 1500
26923.000 # 1500
26924.000 # 1500
26925.000 # 1500
26925.569 + 128 1
26926.000 # 1500
26926.799 - 128 1.230 1
26927.000 # 1500
26928.000 # 1500
26929.000 # 1500
26930.000 # 1500
26931.000 # 1500
26932.000 # 1500
26933.000 # 1500
26934.000 # 1500
26935.000 # 1500
26935.512 + 128 1
26936.000 # 1500
26936.645 - 128 1.133 1
26937.000 # 1500
26938.000 # 1500
26939.000 # 1500
26940.000 # 1500
26941.000 # 1500
26942.000 # 1500
26943.000 # 1500
26944.000 # 1500
26945.000 # 1500
26946.000 # 1500
26947.000 # 1500
26948.000 # 1500
26949.000 # 1500
26949.676 + 128 1
26950.000 # 1500
26950.895 - 128 1.219 1
26951.000 # 1500
26952.000 # 1500
26953.000 # 1500
26954.000 # 1500
26955.000 # 1500
26956.000 # 1500
26957.000 # 1500
26958.000 # 1500
26959.000 # 1500
26959.580 + 128 1
26960.000 # 1500
26960.774 - 128 1.194 1
26961.000 # 1500
26962.000 # 1500
26963.000 # 1500
26964.000 # 1500
26965.000 # 1500
26966.000 # 1500
26967.000 # 1500
26968.000 # 1500
26969.000 # 1500
26970.000 # 1500
26971.000 # 1500
26972.000 # 1500
26973.000 # 1500
26973.667 + 128 1
26974.000 # 1500
26974.971 - 128 1.304 1
26975.000 # 1500
26976.000 # 1500
26977.000 # 1500
26978.000 # 1500
26979.000 # 1500
26980.000 # 1500
26981.000 # 1500
26982.000 # 1500
26983.000 # 1500
26983.592 + 128 1
26984.000 # 1500
26984.834 - 128 1.242 1
26985.000 # 1500
26986.000 # 1500
26987.000 # 1500
26988.000 # 1500
26989.000 # 1500
26990.000 # 1500
26991.000 # 1500
26992.000 # 1500
26993.000 # 1500
26994.000 # 1500
26995.000 # 1500
26996.000 # 1500
26997.000 # 1500
26997.636 + 128 1
26998.000 # 1500
26998.877 - 128 1.241 1
26999.000 # 1500
27000.000 # 1500
27001.000 # 1500
27002.000 # 1500
27003.000 # 1500
27004.000 # 1500
27005.000 # 1500
27006.000 # 1500
27007.000 # 1500
27007.521 + 128 1
27008.000 # 1500
27008.683 - 128 1.162 1
27009.000 # 1500
27010.000 # 1500
27011.000 # 1500
27012.000 # 1500
27013.000 # 1500
27014.000 # 1500
27015.000 # 1500
27016.000 # 1500
27017.000 # 1500
27018.000 # 1500
27019.000 # 1500
27020.000 # 1500
27021.000 # 1500
27021.561 + 128 1
27022.000 # 1500
27022.680 - 128 1.119 1
27023.000 # 1500
27024.000 # 1500
27025.000 # 1500
27026.000 # 1500
27027.000 # 1500
27028.000 # 1500
27029.000 # 1500
27030.000 # 1500
27031.000 # 1500
27031.526 + 128 1
27032.000 # 1500
27032.648 - 128 1.122 1
27033.000 # 1500
27034.000 # 1500
27035.000 # 1500
27036.000 # 1500
27037.000 # 1500
27038.000 # 1500
27039.000 # 1500
27040.000 # 1500
27041.000 # 1500
27042.000 # 1500
27043.000 # 1500
27044.000 # 1500
27045.000 # 1500
27045.553 + 128 1
27046.000 # 1500
27046.694 - 128 1.141 1
27047.000 # 1500
27048.000 # 1500
27049.000 # 1500
27050.000 # 1500
27051.000 # 1500
27052.000 # 1500
27053.000 # 1500
27054.000 # 1500
27055.000 # 1500
27055.518 + 128 1
27056.000 # 1500
27056.689 - 128 1.171 1
27057.000 # 1500
27058.000 # 1500
27059.000 # 1500
27060.000 # 1500
27061.000 # 1500
27062.000 # 1500
27063.000 # 1500
27064.000 # 1500
27065.000 # 1500
27066.000 # 1500
27067.000 # 1500
27068.000 # 1500
27069.000 # 1500
27069.677 + 128 1
27070.000 # 1500
27070.973 - 128 1.296 1
27071.000 # 1500
27072.000 # 1500
27073.000 # 1500
27074.000 # 1500
27075.000 # 1500
27076.000 # 1500
27077.000 # 1500
27078.000 # 1500
27079.000 # 1500
27079.571 + 128 1
27080.000 # 1500
27080.828 - 128 1.257 1
27081.000 # 1500
27082.000 # 1500
27083.000 # 1500
27084.000 # 1500
27085.000 # 1500
27086.000 # 1500
27087.000 # 1500
27088.000 # 1500
27089.000 # 1500
27090.000 # 1500
27091.000 # 1500
27092.000 # 1500
27093.000 # 1500
27093.580 + 128 1
27094.000 # 1500
27094.746 - 128 1.166 1
27095.000 # 1500
27096.000 # 1500
27097.000 # 1500
27098.000 # 1500
27099.000 # 1500
27100.000 # 1500
27101.000 # 1500
27102.000 # 1500
27103.000 # 1500
27103.565 + 128 1
27104.000 # 1500
27104.701 - 128 1.136 1
27105.000 # 1500
27106.000 # 1500
27107.000 # 1500
27108.000 # 1500
27109.000 # 1500
27110.000 # 1500
27111.000 # 1500
27112.000 # 1500
27113.000 # 1500
27114.000 # 1500
27115.000 # 1500
27116.000 # 1500
27117.000 # 1500
27118.000 # 1500
27119.000 # 1500
27120.000 # 1500
27121.000 # 1500
27121.588 + 128 1
27122.000 # 1500
27122.787 - 128 1.199 1
27123.000 # 1500
27124.000 # 1500
27125.000 # 1500
27126.000 # 1500
27127.000 # 1500
27128.000 # 1500
27129.000 # 1500
27130.000 # 1500
27131.000 # 1500
27131.522 + 128 1
27132.000 # 1500
27132.692 - 128 1.170 1
27133.000 # 1500
27134.000 # 1500
27135.000 # 1500
27136.000 # 1500
27137.000 # 1500
27138.000 # 1500
27139.000 # 1500
27140.000 # 1500
27141.000 # 1500
27142.000 # 1500
27143.000 # 1500
27144.000 # 1500
27145.000 # 1500
27145.532 + 128 1
27146.000 # 1500
27146.649 - 128 1.117 1
27147.000 # 1500
27148.000 # 1500
27149.000 # 1500
27150.000 # 1500
27151.000 # 1500
27152.000 # 1500
27153.000 # 1500
27154.000 # 1500
27155.000 # 1500
27155.537 + 128 1
27156.000 # 1500
27156.756 - 128 1.219 1
27157.000 # 1500
27158.000 # 1500
27159.000 # 1500
27160.000 # 1500
27161.000 # 1500
27162.000 # 1500
27163.000 # 1500
27164.000 # 1500
27165.000 # 1500
27166.000 # 1500
27167.000 # 1500
27168.000 # 1500
27169.000 # 1500
27169.575 + 128 1
27170.000 # 1500
27170.760 - 128 1.185 1
27171.000 # 1500
27172.000 # 1500
27173.000 # 1500
27174.000 # 1500
27175.000 # 1500
27176.000 # 1500
27177.000 # 1500
27178.000 # 1500
27179.000 # 1500
27179.541 + 128 1
27180.000 # 1500
27180.709 - 128 1.168 1
27181.000 # 1500
27182.000 # 1500
27183.000 # 1500
27184.000 # 1500
27185.000 # 1500
27186.000 # 1500
27187.000 # 1500
27188.000 # 1500
27189.000 # 1500
27190.000 # 1500
27191.000 # 1500
27192.000 # 1500
27193.000 # 1500
27193.570 + 128 1
27194.000 # 1500
27194.713 - 128 1.143 1
27195.000 # 1500
27196.000 # 1500
27197.000 # 1500
27198.000 # 1500
27199.000 # 1500
27200.000 # 1500
27201.000 # 1500
27202.000 # 1500
27203.000 # 1500
27203.553 + 128 1
27204.000 # 1500
27204.740 - 128 1.187 1
27205.000 # 1500
27206.000 # 1500
27207.000 # 1500
27208.000 # 1500
27209.000 # 1500
27210.000 # 1500
27211.000 # 1500
27212.000 # 1500
27213.000 # 1500
27214.000 # 1500
27215.000 # 1500
27216.000 # 1500
27217.000 # 1500
27217.704 + 128 1
27218.000 # 1500
27218.927 - 128 1.223 1
27219.000 # 1500
27220.000 # 1500
27221.000 # 1500
27222.000 # 1500
27223.000 # 1500
27224.000 # 1500
27225.000 # 1500
27226.000 # 1500
27227.000 # 1500
27227.658 + 128 1
27228.000 # 1500
27228.801 - 128 1.143 1
27229.000 # 1500
27230.000 # 1500
27231.000 # 1500
27232.000 # 1500
27233.000 # 1500
27234.000 # 1500
27235.000 # 1500
27236.000 # 1500
27237.000 # 1500
27238.000 # 1500
27239.000 # 1500
27240.000 # 1500
27241.000 # 1500
27241.558 + 128 1
27242.000 # 1500
27242.680 - 128 1.122 1
27243.000 # 1500
27244.000 # 1500
27245.000 # 1500
27246.000 # 1500
27247.000 # 1500
27248.000 # 1500
27249.000 # 1500
27250.000 # 1500
27251.000 # 1500
27251.518 + 128 1
27252.000 # 1500
27252.677 - 128 1.159 1
27253.000 # 1500
27254.000 # 1500
27255.000 # 1500
27256.000 # 1500
27257.000 # 1500
27258.000 # 1500
27259.000 # 1500
27260.000 # 1500
27261.000 # 1500
27262.000 # 1500
27263.000 # 1500
27264.000 # 1500
27265.000 # 1500
27265.575 + 128 1
27266.000 # 1500
27266.789 - 128 1.214 1
27267.000 # 1500
27268.000 # 1500
27269.000 # 1500
27270.000 # 1500
27271.000 # 1500
27272.000 # 1500
27273.000 # 1500
27274.000 # 1500
27275.000 # 1500
27275.508 + 128 1
27276.000 # 1500
27276.688 - 128 1.180 1
27277.000 # 1500
27278.000 # 1500
27279.000 # 1500
27280.000 # 1500
27281.000 # 1500
27282.000 # 1500
27283.000 # 1500
27284.000 # 1500
27285.000 # 1500
27286.000 # 1500
27287.000 # 1500
27288.000 # 1500
27289.000 # 1500
27289.554 + 128 1
27290.000 # 1500
27290.711 - 128 1.157 1
27291.000 # 1500
27292.000 # 1500
27293.000 # 1500
27294.000 # 1500
27295.000 # 1500
27296.000 # 1500
27297.000 # 1500
27298.000 # 1500
27299.000 # 1500
27299.546 + 128 1
27300.000 # 1500
27300.732 - 128 1.186 1
27301.000 # 1500
27302.000 # 1500
27303.000 # 1500
27304.000 # 1500
27305.000 # 1500
27306.000 # 1500
27307.000 # 1500
27308.000 # 1500
27309.000 # 1500
27310.000 # 1500
27311.000 # 1500
27312.000 # 1500
27313.000 # 1500
27313.557 + 128 1
27314.000 # 1500
27314.769 - 128 1.212 1
27315.000 # 1500
27316.000 # 1500
27317.000 # 1500
27318.000 # 1500
27319.000 # 1500
27320.000 # 1500
27321.000 # 1500
27322.000 # 1500
27323.000 # 1500
27323.568 + 128 1
27324.000 # 1500
27324.786 - 128 1.218 1
27325.000 # 1500
27326.000 # 1500
27327.000 # 1500
27328.000 # 1500
27329.000 # 1500
27330.000 # 1500
27331.000 # 1500
27332.000 # 1500
27333.000 # 1500
27334.000 # 1500
27335.000 # 1500
27336.000 # 1500
27337.000 # 1500
27337.532 + 128 1
27338.000 # 1500
27338.657 - 128 1.125 1
27339.000 # 1500
27340.000 # 1500
27341.000 # 1500
27342.000 # 1500
27343.000 # 1500
27344.000 # 1500
27345.000 # 1500
27346.000 # 1500
27347.000 # 1500
27347.520 + 128 1
27348.000 # 1500
27348.769 - 128 1.249 1
27349.000 # 1500
27350.000 # 1500
27351.000 # 1500
27352.000 # 1500
27353.000 # 1500
27354.000 # 1500
27355.000 # 1500
27356.000 # 1500
27357.000 # 1500
27358.000 # 1500
27359.000 # 1500
27360.000 # 1500
27361.000 # 1500
27361.587 + 128 1
27362.000 # 1500
27362.764 - 128 1.177 1
27363.000 # 1500
27364.000 # 1500
27365.000 # 1500
27366.000 # 1500
27367.000 # 1500
27368.000 # 1500
27369.000 # 1500
27370.000 # 1500
27371.000 # 1500
27371.588 + 128 1
27372.000 # 1500
27372.768 - 128 1.180 1
27373.000 # 1500
27374.000 # 1500
27375.000 # 1500
27376.000 # 1500
27377.000 # 1500
27378.000 # 1500
27379.000 # 1500
27380.000 # 1500
27381.000 # 1500
27382.000 # 1500
27383.000 # 1500
27384.000 # 1500
27385.000 # 1500
27385.558 + 128 1
27386.000 # 1500
27386.680 - 128 1.122 1
27387.000 # 1500
27388.000 # 1500
27389.000 # 1500
27390.000 # 1500
27391.000 # 1500
27392.000 # 1500
27393.000 # 1500
27394.000 # 1500
27395.000 # 1500
27395.501 + 128 1
27396.000 # 1500
27396.634 - 128 1.133 1
27397.000 # 1500
27398.000 # 1500
27399.000 # 1500
27400.000 # 1500
27401.000 # 1500
27402.000 # 1500
27403.000 # 1500
27404.000 # 1500
27405.000 # 1500
27406.000 # 1500
27407.000 # 1500
27408.000 # 1500
27409.000 # 1500
27409.575 + 128 1
27410.000 # 1500
27410.777 - 128 1.202 1
27411.000 # 1500
27412.000 # 1500
27413.000 # 1500
27414.000 # 1500
27415.000 # 1500
27416.000 # 1500
27417.000 # 1500
27418.000 # 1500
27419.000 # 1500
27419.629 + 128 1
27420.000 # 1500
27420.933 - 128 1.304 1
27421.000 # 1500
27422.000 # 1500
27423.000 # 1500
27424.000 # 1500
27425.000 # 1500
27426.000 # 1500
27427.000 # 1500
27428.000 # 1500
27429.000 # 1500
27430.000 # 1500
27431.000 # 1500
27432.000 # 1500
27433.000 # 1500
27433.647 + 128 1
27434.000 # 1500
27434.836 - 128 1.189 1
27435.000 # 1500
27436.000 # 1500
27437.000 # 1500
27438.000 # 1500
27439.000 # 1500
27440.000 # 1500
27441.000 # 1500
27442.000 # 1500
27443.000 # 1500
27443.596 + 128 1
27444.000 # 1500
27444.801 - 128 1.205 1
27445.000 # 1500
27446.000 # 1500
27447.000 # 1500
27448.000 # 1500
27449.000 # 1500
27450.000 # 1500
27451.000 # 1500
27452.000 # 1500
27453.000 # 1500
27454.000 # 1500
27455.000 # 1500
27456.000 # 1500
27457.000 # 1500
27457.636 + 128 1
27458.000 # 1500
27458.899 - 128 1.263 1
27459.000 # 1500
27460.000 # 1500
27461.000 # 1500
27462.000 # 1500
27463.000 # 1500
27464.000 # 1500
27465.000 # 1500
27466.000 # 1500
27467.000 # 1500
27467.626 + 128 1
27468.000 # 1500
27468.817 - 128 1.191 1
27469.000 # 1500
27470.000 # 1500
27471.000 # 1500
27472.000 # 1500
27473.000 # 1500
27474.000 # 1500
27475.000 # 1500
27476.000 # 1500
27477.000 # 1500
27478.000 # 1500
27479.000 # 1500
27480.000 # 1500
27481.000 # 1500
27481.580 + 128 1
27482.000 # 1500
27482.769 - 128 1.189 1
27483.000 # 1500
27484.000 # 1500
27485.000 # 1500
27486.000 # 1500
27487.000 # 1500
27488.000 # 1500
27489.000 # 1500
27490.000 # 1500
27491.000 # 1500
27491.642 + 128 1
27492.000 # 1500
27492.881 - 128 1.239 1
27493.000 # 1500
27494.000 # 1500
27495.000 # 1500
27496.000 # 1500
27497.000 # 1500
27498.000 # 1500
27499.000 # 1500
27500.000 # 1500
27501.000 # 1500
27502.000 # 1500
27503.000 # 1500
27504.000 # 1500
27505.000 # 1500
27505.535 + 128 1
27506.000 # 1500
27506.760 - 128 1.225 1
27507.000 # 1500
27508.000 # 1500
27509.000 # 1500
27510.000 # 1500
27511.000 # 1500
27512.000 # 1500
27513.000 # 1500
27514.000 # 1500
27515.000 # 1500
27515.493 + 128 1
27516.000 # 1500
27516.627 - 128 1.134 1
27517.000 # 1500
27518.000 # 1500
27519.000 # 1500
27520.000 # 1500
27521.000 # 1500
27522.000 # 1500
27523.000 # 1500
27524.000 # 1500
27525.000 # 1500
27526.000 # 1500
27527.000 # 1500
27528.000 # 1500
27529.000 # 1500
27529.555 + 128 1
27530.000 # 1500
27530.687 - 128 1.132 1
27531.000 # 1500
27532.000 # 1500
27533.000 # 1500
27534.000 # 1500
27535.000 # 1500
27536.000 # 1500
27537.000 # 1500
27538.000 # 1500
27539.000 # 1500
27539.508 + 128 1
27540.000 # 1500
27540.604 - 128 1.096 1
27541.000 # 1500
27542.000 # 1500
27543.000 # 1500
27544.000 # 1500
27545.000 # 1500
27546.000 # 1500
27547.000 # 1500
27548.000 # 1500
27549.000 # 1500
27550.000 # 1500
27551.000 # 1500
27552.000 # 1500
27553.000 # 1500
27554.000 # 1500
27555.000 # 1500
27556.000 # 1500
27557.000 # 1500
27557.585 + 128 1
27558.000 # 1500
27558.828 - 128 1.243 1
27559.000 # 1500
27560.000 # 1500
27561.000 # 1500
27562.000 # 1500
27563.000 # 1500
27564.000 # 1500
27565.000 # 1500
27566.000 # 1500
27567.000 # 1500
27567.561 + 128 1
27568.000 # 1500
27568.786 - 128 1.225 1
27569.000 # 1500
27570.000 # 1500
27571.000 # 1500
27572.000 # 1500
27573.000 # 1500
27574.000 # 1500
27575.000 # 1500
27576.000 # 1500
27577.000 # 1500
27578.000 # 1500
27579.000 # 1500
27580.000 # 1500
27581.000 # 1500
27581.551 + 128 1
27582.000 # 1500
27582.733 - 128 1.182 1
27583.000 # 1500
27584.000 # 1500
27585.000 # 1500
27586.000 # 1500
27587.000 # 1500
27588.000 # 1500
27589.000 # 1500
27590.000 # 1500
27591.000 # 1500
27591.590 + 128 1
27592.000 # 1500
27592.848 - 128 1.258 1
27593.000 # 1500
27594.000 # 1500
27595.000 # 1500
27596.000 # 1500
27597.000 # 1500
27598.000 # 1500
27599.000 # 1500
27600.000 # 1500
27601.000 # 1500
27602.000 # 1500
27603.000 # 1500
27604.000 # 1500
27605.000 # 1500
27605.539 + 128 1
27606.000 # 1500
27606.681 - 128 1.142 1
27607.000 # 1500
27608.000 # 1500
27609.000 # 1500
27610.000 # 1500
27611.000 # 1500
27612.000 # 1500
27613.000 # 1500
27614.000 # 1500
27615.000 # 1500
27615.524 + 128 1
27616.000 # 1500
27616.668 - 128 1.144 1
27617.000 # 1500
27618.000 # 1500
27619.000 # 1500
27620.000 # 1500
27621.000 # 1500
27622.000 # 1500
27623.000 # 1500
27624.000 # 1500
27625.000 # 1500
27626.000 # 1500
27627.000 # 1500
27628.000 # 1500
27629.000 # 1500
27629.545 + 128 1
27630.000 # 1500
27630.693 - 128 1.148 1
27631.000 # 1500
27632.000 # 1500
27633.000 # 1500
27634.000 # 1500
27635.000 # 1500
27636.000 # 1500
27637.000 # 1500
27638.000 # 1500
27639.000 # 1500
27639.539 + 128 1
27640.000 # 1500
27640.632 - 128 1.093 1
27641.000 # 1500
27642.000 # 1500
27643.000 # 1500
27644.000 # 1500
27645.000 # 1500
27646.000 # 1500
27647.000 # 1500
27648.000 # 1500
27649.000 # 1500
27650.000 # 1500
27651.000 # 1500
27652.000 # 1500
27653.000 # 1500
27653.643 + 128 1
27654.000 # 1500
27654.878 - 128 1.235 1
27655.000 # 1500
27656.000 # 1500
27657.000 # 1500
27658.000 # 1500
27659.000 # 1500
27660.000 # 1500
27661.000 # 1500
27662.000 # 1500
27663.000 # 1500
27663.548 + 128 1
27664.000 # 1500
27664.659 - 128 1.111 1
27665.000 # 1500
27666.000 # 1500
27667.000 # 1500
27668.000 # 1500
27669.000 # 1500
27670.000 # 1500
27671.000 # 1500
27672.000 # 1500
27673.000 # 1500
27673.510 + 128 1
27674.000 # 1500
27674.615 - 128 1.105 1
27675.000 # 1500
27676.000 # 1500
27677.000 # 1500
27678.000 # 1500
27679.000 # 1500
27680.000 # 1500
27681.000 # 1500
27682.000 # 1500
27683.000 # 1500
27683.502 + 128 1
27684.000 # 1500
27684.608 - 128 1.106 1
27685.000 # 1500
27686.000 # 1500
27687.000 # 1500
27688.000 # 1500
27689.000 # 1500
27690.000 # 1500
27691.000 # 1500
27692.000 # 1500
27693.000 # 1500
27694.000 # 1500
27695.000 # 1500
27696.000 # 1500
27697.000 # 1500
27697.552 + 128 1
27698.000 # 1500
27698.826 - 128 1.274 1
27699.000 # 1500
27700.000 # 1500
27701.000 # 1500
27702.000 # 1500
27703.000 # 1500
27704.000 # 1500
27705.000 # 1500
27706.000 # 1500
27707.000 # 1500
27707.537 + 128 1
27708.000 # 1500
27708.650 - 128 1.113 1
27709.000 # 1500
27710.000 # 1500
27711.000 # 1500
27712.000 # 1500
27713.000 # 1500
27714.000 # 1500
27715.000 # 1500
27716.000 # 1500
27717.000 # 1500
27718.000 # 1500
27719.000 # 1500
27720.000 # 1500
27721.000 # 1500
27721.651 + 128 1
27722.000 # 1500
27722.826 - 128 1.175 1
27723.000 # 1500
27724.000 # 1500
27725.000 # 1500
27726.000 # 1500
27727.000 # 1500
27728.000 # 1500
27729.000 # 1500
27730.000 # 1500
27731.000 # 1500
27731.530 + 128 1
27732.000 # 1500
27732.711 - 128 1.181 1
27733.000 # 1500
27734.000 # 1500
27735.000 # 1500
27736.000 # 1500
27737.000 # 1500
27738.000 # 1500
27739.000 # 1500
27740.000 # 1500
27741.000 # 1500
27742.000 # 1500
27743.000 # 1500
27744.000 # 1500
27745.000 # 1500
27745.569 + 128 1
27746.000 # 1500
27746.695 - 128 1.126 1
27747.000 # 1500
27748.000 # 1500
27749.000 # 1500
27750.000 # 1500
27751.000 # 1500
27752.000 # 1500
27753.000 # 1500
27754.000 # 1500
27755.000 # 1500
27755.492 + 128 1
27756.000 # 1500
27756.619 - 128 1.127 1
27757.000 # 1500
27758.000 # 1500
27759.000 # 1500
27760.000 # 1500
27761.000 # 1500
27762.000 # 1500
27763.000 # 1500
27764.000 # 1500
27765.000 # 1500
27766.000 # 1500
27767.000 # 1500
27768.000 # 1500
27769.000 # 1500
27769.526 + 128 1
27770.000 # 1500
27770.658 - 128 1.132 1
27771.000 # 1500
27772.000 # 1500
27773.000 # 1500
27774.000 # 1500
27775.000 # 1500
27776.000 # 1500
27777.000 # 1500
27778.000 # 1500
27779.000 # 1500
27779.507 + 128 1
27780.000 # 1500
27780.624 - 128 1.117 1
27781.000 # 1500
27782.000 # 1500
27783.000 # 1500
27784.000 # 1500
27785.000 # 1500
27786.000 # 1500
27787.000 # 1500
27788.000 # 1500
27789.000 # 1500
27790.000 # 1500
27791.000 # 1500
27792.000 # 1500
27793.000 # 1500
27793.672 + 128 1
27794.000 # 1500
27794.960 - 128 1.288 1
27795.000 # 1500
27796.000 # 1500
27797.000 # 1500
27798.000 # 1500
27799.000 # 1500
27800.000 # 1500
27801.000 # 1500
27802.000 # 1500
27803.000 # 1500
27803.537 + 128 1
27804.000 # 1500
27804.719 - 128 1.182 1
27805.000 # 1500
27806.000 # 1500
27807.000 # 1500
27808.000 # 1500
27809.000 # 1500
27810.000 # 1500
27811.000 # 1500
27812.000 # 1500
27813.000 # 1500
27814.000 # 1500
27815.000 # 1500
27816.000 # 1500
27817.000 # 1500
27817.613 + 128 1
27818.000 # 1500
27818.830 - 128 1.217 1
27819.000 # 1500
27820.000 # 1500
27821.000 # 1500
27822.000 # 1500
27823.000 # 1500
27824.000 # 1500
27825.000 # 1500
27826.000 # 1500
27827.000 # 1500
27827.603 + 128 1
27828.000 # 1500
27828.809 - 128 1.206 1
27829.000 # 1500
27830.000 # 1500
27831.000 # 1500
27832.000 # 1500
27833.000 # 1500
27834.000 # 1500
27835.000 # 1500
27836.000 # 1500
27837.000 # 1500
27837.586 + 128 1
27838.000 # 1500
27838.810 - 128 1.224 1
27839.000 # 1500
27840.000 # 1500
27841.000 # 1500
27842.000 # 1500
27843.000 # 1500
27844.000 # 1500
27845.000 # 1500
27846.000 # 1500
27847.000 # 1500
27848.000 # 1500
27849.000 # 1500
27850.000 # 1500
27851.000 # 1500
27852.000 # 1500
27853.000 # 1500
27854.000 # 1500
27855.000 # 1500
27856.000 # 1500
27857.000 # 1500
27857.564 + 128 1
27858.000 # 1500
27858.740 - 128 1.176 1
27859.000 # 1500
27860.000 # 1500
27861.000 # 1500
27862.000 # 1500
27863.000 # 1500
27864.000 # 1500
27865.000 # 1500
27866.000 # 1500
27867.000 # 1500
27867.617 + 128 1
27868.000 # 1500
27868.798 - 128 1.181 1
27869.000 # 1500
27870.000 # 1500
27871.000 # 1500
27872.000 # 1500
27873.000 # 1500
27874.000 # 1500
27875.000 # 1500
27876.000 # 1500
27877.000 # 1500
27878.000 # 1500
27879.000 # 1500
27880.000 # 1500
27881.000 # 1500
27881.644 + 128 1
27882.000 # 1500
27882.890 - 128 1.246 1
27883.000 # 1500
27884.000 # 1500
27885.000 # 1500
27886.000 # 1500
27887.000 # 1500
27888.000 # 1500
27889.000 # 1500
27890.000 # 1500
27891.000 # 1500
27891.561 + 128 1
27892.000 # 1500
27892.828 - 128 1.267 1
27893.000 # 1500
27894.000 # 1500
27895.000 # 1500
27896.000 # 1500
27897.000 # 1500
27898.000 # 1500
27899.000 # 1500
27900.000 # 1500
27901.000 # 1500
27902.000 # 1500
27903.000 # 1500
27904.000 # 1500
27905.000 # 1500
27905.657 + 128 1
27906.000 # 1500
27906.894 - 128 1.237 1
27907.000 # 1500
27908.000 # 1500
27909.000 # 1500
27910.000 # 1500
27911.000 # 1500
27912.000 # 1500
27913.000 # 1500
27914.000 # 1500
27915.000 # 1500
27915.630 + 128 1
27916.000 # 1500
27916.776 - 128 1.146 1
27917.000 # 1500
27918.000 # 1500
27919.000 # 1500
27920.000 # 1500
27921.000 # 1500
27922.000 # 1500
27923.000 # 1500
27924.000 # 1500
27925.000 # 1500
27926.000 # 1500
27927.000 # 1500
27928.000 # 1500
27929.000 # 1500
27929.605 + 128 1
27930.000 # 1500
27930.765 - 128 1.160 1
27931.000 # 1500
27932.000 # 1500
27933.000 # 1500
27934.000 # 1500
27935.000 # 1500
27936.000 # 1500
27937.000 # 1500
27938.000 # 1500
27939.000 # 1500
27940.000 # 1500
27941.000 # 1500
27942.000 # 1500
27943.000 # 1500
27944.000 # 1500
27945.000 # 1500
27946.000 # 1500
27947.000 # 1500
27948.000 # 1500
27949.000 # 1500
27949.533 + 128 1
27950.000 # 1500
27950.704 - 128 1.171 1
27951.000 # 1500
27952.000 # 1500
27953.000 # 1500
27954.000 # 1500
27955.000 # 1500
27956.000 # 1500
27957.000 # 1500
27958.000 # 1500
27959.000 # 1500
27959.566 + 128 1
27960.000 # 1500
27960.780 - 128 1.214 1
27961.000 # 1500
27962.000 # 1500
27963.000 # 1500
27964.000 # 1500
27965.000 # 1500
27966.000 # 1500
27967.000 # 1500
27968.000 # 1500
27969.000 # 1500
27970.000 # 1500
27971.000 # 1500
27972.000 # 1500
27973.000 # 1500
27973.580 + 128 1
27974.000 # 1500
27974.829 - 128 1.249 1
27975.000 # 1500
27976.000 # 1500
27977.000 # 1500
27978.000 # 1500
27979.000 # 1500
27980.000 # 1500
27981.000 # 1500
27982.000 # 1500
27983.000 # 1500
27983.508 + 128 1
27984.000 # 1500
27984.651 - 128 1.143 1
27985.000 # 1500
27986.000 # 1500
27987.000 # 1500
27988.000 # 1500
27989.000 # 1500
27990.000 # 1500
27991.000 # 1500
27992.000 # 1500
27993.000 # 1500
27994.000 # 1500
27995.000 # 1500
27996.000 # 1500
27997.000 # 1500
27997.555 + 128 1
27998.000 # 1500
27998.726 - 128 1.171 1
27999.000 # 1500
28000.000 # 1500
28001.000 # 1500
28002.000 # 1500
28003.000 # 1500
28004.000 # 1500
28005.000 # 1500
28006.000 # 1500
28007.000 # 1500
28007.594 + 128 1
28008.000 # 1500
28008.833 - 128 1.239 1
28009.000 # 1500
28010.000 # 1500
28011.000 # 1500
28012.000 # 1500
28013.000 # 1500
28014.000 # 1500
28015.000 # 1500
28016.000 # 1500
28017.000 # 1500
28018.000 # 1500
28019.000 # 1500
28020.000 # 1500
28021.000 # 1500
28021.576 + 128 1
28022.000 # 1500
28022.823 - 128 1.247 1
28023.000 # 1500
28024.000 # 1500
28025.000 # 1500
28026.000 # 1500
28027.000 # 1500
28028.000 # 1500
28029.000 # 1500
28030.000 # 1500
28031.000 # 1500
28031.605 + 128 1
28032.000 # 1500
28032.836 - 128 1.231 1
28033.000 # 1500
28034.000 # 1500
28035.000 # 1500
28036.000 # 1500
28037.000 # 1500
28038.000 # 1500
28039.000 # 1500
28040.000 # 1500
28041.000 # 1500
28042.000 # 1500
28043.000 # 1500
28044.000 # 1500
28045.000 # 1500
28045.526 + 128 1
28046.000 # 1500
28046.723 - 128 1.197 1
28047.000 # 1500
28048.000 # 1500
28049.000 # 1500
28050.000 # 1500
28051.000 # 1500
28052.000 # 1500
28053.000 # 1500
28054.000 # 1500
28055.000 # 1500
28055.604 + 128 1
28056.000 # 1500
28056.855 - 128 1.251 1
28057.000 # 1500
28058.000 # 1500
28059.000 # 1500
28060.000 # 1500
28061.000 # 1500
28062.000 # 1500
28063.000 # 1500
28064.000 # 1500
28065.000 # 1500
28066.000 # 1500
28067.000 # 1500
28068.000 # 1500
28069.000 # 1500
28069.648 + 128 1
28070.000 # 1500
28070.849 - 128 1.201 1
28071.000 # 1500
28072.000 # 1500
28073.000 # 1500
28074.000 # 1500
28075.000 # 1500
28076.000 # 1500
28077.000 # 1500
28078.000 # 1500
28079.000 # 1500
28079.606 + 128 1
28080.000 # 1500
28080.795 - 128 1.189 1
28081.000 # 1500
28082.000 # 1500
28083.000 # 1500
28084.000 # 1500
28085.000 # 1500
28086.000 # 1500
28087.000 # 1500
28088.000 # 1500
28089.000 # 1500
28090.000 # 1500
28091.000 # 1500
28092.000 # 1500
28093.000 # 1500
28093.525 + 128 1
28094.000 # 1500
28094.714 - 128 1.189 1
28095.000 # 1500
28096.000 # 1500
28097.000 # 1500
28098.000 # 1500
28099.000 # 1500
28100.000 # 1500
28101.000 # 1500
28102.000 # 1500
28103.000 # 1500
28103.606 + 128 1
28104.000 # 1500
28104.796 - 128 1.190 1
28105.000 # 1500
28106.000 # 1500
28107.000 # 1500
28108.000 # 1500
28109.000 # 1500
28110.000 # 1500
28111.000 # 1500
28112.000 # 1500
28113.000 # 1500
28114.000 # 1500
28115.000 # 1500
28116.000 # 1500
28117.000 # 1500
28117.574 + 128 1
28118.000 # 1500
28118.779 - 128 1.205 1
28119.000 # 1500
28120.000 # 1500
28121.000 # 1500
28122.000 # 1500
28123.000 # 1500
28124.000 # 1500
28125.000 # 1500
28126.000 # 1500
28127.000 # 1500
28127.561 + 128 1
28128.000 # 1500
28128.771 - 128 1.210 1
28129.000 # 1500
28130.000 # 1500
28131.000 # 1500
28132.000 # 1500
28133.000 # 1500
28134.000 # 1500
28135.000 # 1500
28136.000 # 1500
28137.000 # 1500
28138.000 # 1500
28139.000 # 1500
28140.000 # 1500
28141.000 # 1500
28141.562 + 128 1
28142.000 # 1500
28142.698 - 128 1.136 1
28143.000 # 1500
28144.000 # 1500
28145.000 # 1500
28146.000 # 1500
28147.000 # 1500
28148.000 # 1500
28149.000 # 1500
28150.000 # 1500
28151.000 # 1500
28151.619 + 128 1
28152.000 # 1500
28152.854 - 128 1.235 1
28153.000 # 1500
28154.000 # 1500
28155.000 # 1500
28156.000 # 1500
28157.000 # 1500
28158.000 # 1500
28159.000 # 1500
28160.000 # 1500
28161.000 # 1500
28162.000 # 1500
28163.000 # 1500
28164.000 # 1500
28165.000 # 1500
28165.606 + 128 1
28166.000 # 1500
28166.860 - 128 1.254 1
28167.000 # 1500
28168.000 # 1500
28169.000 # 1500
28170.000 # 1500
28171.000 # 1500
28172.000 # 1500
28173.000 # 1500
28174.000 # 1500
28175.000 # 1500
28175.600 + 128 1
28176.000 # 1500
28176.833 - 128 1.233 1
28177.000 # 1500
28178.000 # 1500
28179.000 # 1500
28180.000 # 1500
28181.000 # 1500
28182.000 # 1500
28183.000 # 1500
28184.000 # 1500
28185.000 # 1500
28186.000 # 1500
28187.000 # 1500
28188.000 # 1500
28189.000 # 1500
28189.632 + 128 1
28190.000 # 1500
28190.887 - 128 1.255 1
28191.000 # 1500
28192.000 # 1500
28193.000 # 1500
28194.000 # 1500
28195.000 # 1500
28196.000 # 1500
28197.000 # 1500
28198.000 # 1500
28199.000 # 1500
28199.634 + 128 1
28200.000 # 1500
28200.836 - 128 1.202 1
28201.000 # 1500
28202.000 # 1500
28203.000 # 1500
28204.000 # 1500
28205.000 # 1500
28206.000 # 1500
28207.000 # 1500
28208.000 # 1500
28209.000 # 1500
28210.000 # 1500
28211.000 # 1500
28212.000 # 1500
28213.000 # 1500
28213.620 + 128 1
28214.000 # 1500
28214.819 - 128 1.199 1
28215.000 # 1500
28216.000 # 1500
28217.000 # 1500
28218.000 # 1500
28219.000 # 1500
28220.000 # 1500
28221.000 # 1500
28222.000 # 1500
28223.000 # 1500
28223.579 + 128 1
28224.000 # 1500
28224.824 - 128 1.245 1
28225.000 # 1500
28226.000 # 1500
28227.000 # 1500
28228.000 # 1500
28229.000 # 1500
28230.000 # 1500
28231.000 # 1500
28232.000 # 1500
28233.000 # 1500
28234.000 # 1500
28235.000 # 1500
28236.000 # 1500
28237.000 # 1500
28237.544 + 128 1
28238.000 # 1500
28238.709 - 128 1.165 1
28239.000 # 1500
28240.000 # 1500
28241.000 # 1500
28242.000 # 1500
28243.000 # 1500
28244.000 # 1500
28245.000 # 1500
28246.000 # 1500
28247.000 # 1500
28247.601 + 128 1
28248.000 # 1500
28248.837 - 128 1.236 1
28249.000 # 1500
28250.000 # 1500
28251.000 # 1500
28252.000 # 1500
28253.000 # 1500
28254.000 # 1500
28255.000 # 1500
28256.000 # 1500
28257.000 # 1500
28258.000 # 1500
28259.000 # 1500
28260.000 # 1500
28261.000 # 1500
28261.560 + 128 1
28262.000 # 1500
28262.738 - 128 1.178 1
28263.000 # 1500
28264.000 # 1500
28265.000 # 1500
28266.000 # 1500
28267.000 # 1500
28268.000 # 1500
28269.000 # 1500
28270.000 # 1500
28271.000 # 1500
28271.584 + 128 1
28272.000 # 1500
28272.813 - 128 1.229 1
28273.000 # 1500
28274.000 # 1500
28275.000 # 1500
28276.000 # 1500
28277.000 # 1500
28278.000 # 1500
28279.000 # 1500
28280.000 # 1500
28281.000 # 1500
28282.000 # 1500
28283.000 # 1500
28284.000 # 1500
28285.000 # 1500
28285.515 + 128 1
28286.000 # 1500
28286.632 - 128 1.117 1
28287.000 # 1500
28288.000 # 1500
28289.000 # 1500
28290.000 # 1500
28291.000 # 1500
28292.000 # 1500
28293.000 # 1500
28294.000 # 1500
28295.000 # 1500
28295.476 + 128 1
28296.000 # 1500
28296.553 - 128 1.077 1
28297.000 # 1500
28298.000 # 1500
28299.000 # 1500
28300.000 # 1500
28301.000 # 1500
28302.000 # 1500
28303.000 # 1500
28304.000 # 1500
28305.000 # 1500
28306.000 # 1500
28307.000 # 1500
28308.000 # 1500
28309.000 # 1500
28309.512 + 128 1
28310.000 # 1500
28310.588 - 128 1.076 1
28311.000 # 1500
28312.000 # 1500
28313.000 # 1500
28314.000 # 1500
28315.000 # 1500
28316.000 # 1500
28317.000 # 1500
28318.000 # 1500
28319.000 # 1500
28319.502 + 128 1
28320.000 # 1500
28320.576 - 128 1.074 1
28321.000 # 1500
28322.000 # 1500
28323.000 # 1500
28324.000 # 1500
28325.000 # 1500
28326.000 # 1500
28327.000 # 1500
28328.000 # 1500
28329.000 # 1500
28330.000 # 1500
28331.000 # 1500
28332.000 # 1500
28333.000 # 1500
28333.512 + 128 1
28334.000 # 1500
28334.609 - 128 1.097 1
28335.000 # 1500
28336.000 # 1500
28337.000 # 1500
28338.000 # 1500
28339.000 # 1500
28340.000 # 1500
28341.000 # 1500
28342.000 # 1500
28343.000 # 1500
28343.496 + 128 1
28344.000 # 1500
28344.583 - 128 1.087 1
28345.000 # 1500
28346.000 # 1500
28347.000 # 1500
28348.000 # 1500
28349.000 # 1500
28350.000 # 1500
28351.000 # 1500
28352.000 # 1500
28353.000 # 1500
28354.000 # 1500
28355.000 # 1500
28356.000 # 1500
28357.000 # 1500
28357.512 + 128 1
28358.000 # 1500
28358.629 - 128 1.117 1
28359.000 # 1500
28360.000 # 1500
28361.000 # 1500
28362.000 # 1500
28363.000 # 1500
28364.000 # 1500
28365.000 # 1500
28366.000 # 1500
28367.000 # 1500
28367.494 + 128 1
28368.000 # 1500
28368.584 - 128 1.090 1
28369.000 # 1500
28370.000 # 1500
28371.000 # 1500
28372.000 # 1500
28373.000 # 1500
28374.000 # 1500
28375.000 # 1500
28376.000 # 1500
28377.000 # 1500
28378.000 # 1500
28379.000 # 1500
28380.000 # 1500
28381.000 # 1500
28381.522 + 128 1
28382.000 # 1500
28382.615 - 128 1.093 1
28383.000 # 1500
28384.000 # 1500
28385.000 # 1500
28386.000 # 1500
28387.000 # 1500
28388.000 # 1500
28389.000 # 1500
28390.000 # 1500
28391.000 # 1500
28391.502 + 128 1
28392.000 # 1500
28392.539 - 128 1.037 1
28393.000 # 1500
28394.000 # 1500
28395.000 # 1500
28396.000 # 1500
28397.000 # 1500
28398.000 # 1500
28399.000 # 1500
28400.000 # 1500
28401.000 # 1500
28402.000 # 1500
28403.000 # 1500
28404.000 # 1500
28405.000 # 1500
28405.517 + 128 1
28406.000 # 1500
28406.588 - 128 1.071 1
28407.000 # 1500
28408.000 # 1500
28409.000 # 1500
28410.000 # 1500
28411.000 # 1500
28412.000 # 1500
28413.000 # 1500
28414.000 # 1500
28415.000 # 1500
28415.514 + 128 1
28416.000 # 1500
28416.600 - 128 1.086 1
28417.000 # 1500
28418.000 # 1500
28419.000 # 1500
28420.000 # 1500
28421.000 # 1500
28422.000 # 1500
28423.000 # 1500
28424.000 # 1500
28425.000 # 1500
28426.000 # 1500
28427.000 # 1500
28428.000 # 1500
28429.000 # 1500
28429.539 + 128 1
28430.000 # 1500
28430.630 - 128 1.091 1
28431.000 # 1500
28432.000 # 1500
28433.000 # 1500
28434.000 # 1500
28435.000 # 1500
28436.000 # 1500
28437.000 # 1500
28438.000 # 1500
28439.000 # 1500
28439.524 + 128 1
28440.000 # 1500
28440.605 - 128 1.081 1
28441.000 # 1500
28442.000 # 1500
28443.000 # 1500
28444.000 # 1500
28445.000 # 1500
28446.000 # 1500
28447.000 # 1500
28448.000 # 1500
28449.000 # 1500
28450.000 # 1500
28451.000 # 1500
28452.000 # 1500
28453.000 # 1500
28453.518 + 128 1
28454.000 # 1500
28454.631 - 128 1.113 1
28455.000 # 1500
28456.000 # 1500
28457.000 # 1500
28458.000 # 1500
28459.000 # 1500
28460.000 # 1500
28461.000 # 1500
28462.000 # 1500
28463.000 # 1500
28463.483 + 128 1
28464.000 # 1500
28464.574 - 128 1.091 1
28465.000 # 1500
28466.000 # 1500
28467.000 # 1500
28468.000 # 1500
28469.000 # 1500
28470.000 # 1500
28471.000 # 1500
28472.000 # 1500
28473.000 # 1500
28474.000 # 1500
28475.000 # 1500
28476.000 # 1500
28477.000 # 1500
28477.513 + 128 1
28478.000 # 1500
28478.558 - 128 1.045 1
28479.000 # 1500
28480.000 # 1500
28481.000 # 1500
28482.000 # 1500
28483.000 # 1500
28484.000 # 1500
28485.000 # 1500
28486.000 # 1500
28487.000 # 1500
28487.479 + 128 1
28488.000 # 1500
28488.575 - 128 1.096 1
28489.000 # 1500
28490.000 # 1500
28491.000 # 1500
28492.000 # 1500
28493.000 # 1500
28494.000 # 1500
28495.000 # 1500
28496.000 # 1500
28497.000 # 1500
28498.000 # 1500
28499.000 # 1500
28500.000 # 1500
28501.000 # 1500
28501.512 + 128 1
28502.000 # 1500
28503.000 # 1500
28503.327 - 128 1.815 1
28504.000 # 1500
28505.000 # 1500
28506.000 # 1500
28507.000 # 1500
28508.000 # 1500
28509.000 # 1500
28510.000 # 1500
28511.000 # 1500
28511.474 + 128 1
28512.000 # 1500
28512.566 - 128 1.092 1
28513.000 # 1500
28514.000 # 1500
28515.000 # 1500
28516.000 # 1500
28517.000 # 1500
28518.000 # 1500
28519.000 # 1500
28520.000 # 1500
28521.000 # 1500
28522.000 # 1500
28523.000 # 1500
28524.000 # 1500
28525.000 # 1500
28525.517 + 128 1
28526.000 # 1500
28526.599 - 128 1.082 1
28527.000 # 1500
28528.000 # 1500
28529.000 # 1500
28530.000 # 1500
28531.000 # 1500
28532.000 # 1500
28533.000 # 1500
28534.000 # 1500
28535.000 # 1500
28535.617 + 128 1
28536.000 # 1500
28536.668 - 128 1.051 1
28537.000 # 1500
28538.000 # 1500
28539.000 # 1500
28540.000 # 1500
28541.000 # 1500
28542.000 # 1500
28543.000 # 1500
28544.000 # 1500
28545.000 # 1500
28546.000 # 1500
28547.000 # 1500
28548.000 # 1500
28549.000 # 1500
28549.514 + 128 1
28550.000 # 1500
28550.576 - 128 1.062 1
28551.000 # 1500
28552.000 # 1500
28553.000 # 1500
28554.000 # 1500
28555.000 # 1500
28556.000 # 1500
28557.000 # 1500
28558.000 # 1500
28559.000 # 1500
28559.518 + 128 1
28560.000 # 1500
28560.608 - 128 1.090 1
28561.000 # 1500
28562.000 # 1500
28563.000 # 1500
28564.000 # 1500
28565.000 # 1500
28566.000 # 1500
28567.000 # 1500
28568.000 # 1500
28569.000 # 1500
28569.560 + 128 1
28570.000 # 1500
28570.715 - 128 1.155 1
28571.000 # 1500
28572.000 # 1500
28573.000 # 1500
28574.000 # 1500
28575.000 # 1500
28576.000 # 1500
28577.000 # 1500
28578.000 # 1500
28579.000 # 1500
28579.529 + 128 1
28580.000 # 1500
28580.648 - 128 1.119 1
28581.000 # 1500
28582.000 # 1500
28583.000 # 1500
28584.000 # 1500
28585.000 # 1500
28586.000 # 1500
28587.000 # 1500
28588.000 # 1500
28589.000 # 1500
28590.000 # 1500
28591.000 # 1500
28592.000 # 1500
28593.000 # 1500
28593.567 + 128 1
28594.000 # 1500
28594.258 - 128 0.691 1
28595.000 # 1500
28596.000 # 1500
28597.000 # 1500
28598.000 # 1500
28599.000 # 1500
28600.000 # 1500
28601.000 # 1500
28602.000 # 1500
28603.000 # 1500
28603.569 + 128 1
28604.000 # 1500
28604.694 - 128 1.125 1
28605.000 # 1500
28606.000 # 1500
28607.000 # 1500
28608.000 # 1500
28609.000 # 1500
28610.000 # 1500
28611.000 # 1500
28612.000 # 1500
28613.000 # 1500
28614.000 # 1500
28615.000 # 1500
28616.000 # 1500
28617.000 # 1500
28617.543 + 128 1
28618.000 # 1500
28618.684 - 128 1.141 1
28619.000 # 1500
28620.000 # 1500
28621.000 # 1500
28622.000 # 1500
28623.000 # 1500
28624.000 # 1500
28625.000 # 1500
28626.000 # 1500
28627.000 # 1500
28627.515 + 128 1
28628.000 # 1500
28628.688 - 128 1.173 1
28629.000 # 1500
28630.000 # 1500
28631.000 # 1500
28632.000 # 1500
28633.000 # 1500
28634.000 # 1500
28635.000 # 1500
28636.000 # 1500
28637.000 # 1500
28638.000 # 1500
28639.000 # 1500
28640.000 # 1500
28641.000 # 1500
28641.542 + 128 1
28642.000 # 1500
28642.680 - 128 1.138 1
28643.000 # 1500
28644.000 # 1500
28645.000 # 1500
28646.000 # 1500
28647.000 # 1500
28648.000 # 1500
28649.000 # 1500
28650.000 # 1500
28651.000 # 1500
28651.486 + 128 1
28652.000 # 1500
28652.556 - 128 1.070 1
28653.000 # 1500
28654.000 # 1500
28655.000 # 1500
28656.000 # 1500
28657.000 # 1500
28658.000 # 1500
28659.000 # 1500
28660.000 # 1500
28661.000 # 1500
28662.000 # 1500
28663.000 # 1500
28664.000 # 1500
28665.000 # 1500
28665.517 + 128 1
28666.000 # 1500
28666.606 - 128 1.089 1
28667.000 # 1500
28668.000 # 1500
28669.000 # 1500
28670.000 # 1500
28671.000 # 1500
28672.000 # 1500
28673.000 # 1500
28674.000 # 1500
28675.000 # 1500
28675.479 + 128 1
28676.000 # 1500
28676.568 - 128 1.089 1
28677.000 # 1500
28678.000 # 1500
28679.000 # 1500
28680.000 # 1500
28681.000 # 1500
28682.000 # 1500
28683.000 # 1500
28684.000 # 1500
28685.000 # 1500
28686.000 # 1500
28687.000 # 1500
28688.000 # 1500
28689.000 # 1500
28689.518 + 128 1
28690.000 # 1500
28691.000 # 1500
28691.387 - 128 1.869 1
28692.000 # 1500
28693.000 # 1500
28694.000 # 1500
28695.000 # 1500
28696.000 # 1500
28697.000 # 1500
28698.000 # 1500
28699.000 # 1500
28699.517 + 128 1
28700.000 # 1500
28700.628 - 128 1.111 1
28701.000 # 1500
28702.000 # 1500
28703.000 # 1500
28704.000 # 1500
28705.000 # 1500
28706.000 # 1500
28707.000 # 1500
28708.000 # 1500
28709.000 # 1500
28710.000 # 1500
28711.000 # 1500
28712.000 # 1500
28713.000 # 1500
28713.558 + 128 1
28714.000 # 1500
28714.674 - 128 1.116 1
28715.000 # 1500
28716.000 # 1500
28717.000 # 1500
28718.000 # 1500
28719.000 # 1500
28720.000 # 1500
28721.000 # 1500
28722.000 # 1500
28723.000 # 1500
28723.723 + 128 1
28724.000 # 1500
28724.816 - 128 1.093 1
28725.000 # 1500
28726.000 # 1500
28727.000 # 1500
28728.000 # 1500
28729.000 # 1500
28730.000 # 1500
28731.000 # 1500
28732.000 # 1500
28733.000 # 1500
28734.000 # 1500
28735.000 # 1500
28736.000 # 1500
28737.000 # 1500
28737.556 + 128 1
28738.000 # 1500
28738.699 - 128 1.143 1
28739.000 # 1500
28740.000 # 1500
28741.000 # 1500
28742.000 # 1500
28743.000 # 1500
28744.000 # 1500
28745.000 # 1500
28746.000 # 1500
28747.000 # 1500
28747.535 + 128 1
28748.000 # 1500
28748.664 - 128 1.129 1
28749.000 # 1500
28750.000 # 1500
28751.000 # 1500
28752.000 # 1500
28753.000 # 1500
28754.000 # 1500
28755.000 # 1500
28756.000 # 1500
28757.000 # 1500
28758.000 # 1500
28759.000 # 1500
28760.000 # 1500
28761.000 # 1500
28761.555 + 128 1
28762.000 # 1500
28762.639 - 128 1.084 1
28763.000 # 1500
28764.000 # 1500
28765.000 # 1500
28766.000 # 1500
28767.000 # 1500
28768.000 # 1500
28769.000 # 1500
28770.000 # 1500
28771.000 # 1500
28771.484 + 128 1
28772.000 # 1500
28772.591 - 128 1.107 1
28773.000 # 1500
28774.000 # 1500
28775.000 # 1500
28776.000 # 1500
28777.000 # 1500
28778.000 # 1500
28779.000 # 1500
28780.000 # 1500
28781.000 # 1500
28782.000 # 1500
28783.000 # 1500
28784.000 # 1500
28785.000 # 1500
28785.520 + 128 1
28786.000 # 1500
28786.614 - 128 1.094 1
28787.000 # 1500
28788.000 # 1500
28789.000 # 1500
28790.000 # 1500
28791.000 # 1500
28792.000 # 1500
28793.000 # 1500
28794.000 # 1500
28795.000 # 1500
28795.483 + 128 1
28796.000 # 1500
28796.583 - 128 1.100 1
28797.000 # 1500
28798.000 # 1500
28799.000 # 1500
28800.000 # 1500
28801.000 # 1500
28802.000 # 1500
28803.000 # 1500
28804.000 # 1500
28805.000 # 1500
28806.000 # 1500
28807.000 # 1500
28808.000 # 1500
28809.000 # 1500
28809.520 + 128 1
28810.000 # 1500
28810.657 - 128 1.137 1
28811.000 # 1500
28812.000 # 1500
28813.000 # 1500
28814.000 # 1500
28815.000 # 1500
28816.000 # 1500
28817.000 # 1500
28818.000 # 1500
28819.000 # 1500
28819.562 + 128 1
28820.000 # 1500
28820.673 - 128 1.111 1
28821.000 # 1500
28822.000 # 1500
28823.000 # 1500
28824.000 # 1500
28825.000 # 1500
28826.000 # 1500
28827.000 # 1500
28828.000 # 1500
28829.000 # 1500
28830.000 # 1500
28831.000 # 1500
28832.000 # 1500
28833.000 # 1500
28834.000 # 1500
28835.000 # 1500
28836.000 # 1500
28837.000 # 1500
28837.555 + 128 1
28838.000 # 1500
28838.692 - 128 1.137 1
28839.000 # 1500
28840.000 # 1500
28841.000 # 1500
28842.000 # 1500
28843.000 # 1500
28844.000 # 1500
28845.000 # 1500
28846.000 # 1500
28847.000 # 1500
28847.486 + 128 1
28848.000 # 1500
28848.632 - 128 1.146 1
28849.000 # 1500
28850.000 # 1500
28851.000 # 1500
28852.000 # 1500
28853.000 # 1500
28854.000 # 1500
28855.000 # 1500
28856.000 # 1500
28857.000 # 1500
28857.523 + 128 1
28858.000 # 1500
28858.619 - 128 1.096 1
28859.000 # 1500
28860.000 # 1500
28861.000 # 1500
28862.000 # 1500
28863.000 # 1500
28864.000 # 1500
28865.000 # 1500
28866.000 # 1500
28867.000 # 1500
28867.554 + 128 1
28868.000 # 1500
28868.692 - 128 1.138 1
28869.000 # 1500
28870.000 # 1500
28871.000 # 1500
28872.000 # 1500
28873.000 # 1500
28874.000 # 1500
28875.000 # 1500
28876.000 # 1500
28877.000 # 1500
28878.000 # 1500
28879.000 # 1500
28880.000 # 1500
28881.000 # 1500
28881.565 + 128 1
28882.000 # 1500
28882.713 - 128 1.148 1
28883.000 # 1500
28884.000 # 1500
28885.000 # 1500
28886.000 # 1500
28887.000 # 1500
28888.000 # 1500
28889.000 # 1500
28890.000 # 1500
28891.000 # 1500
28891.792 + 128 1
28892.000 # 1500
28892.936 - 128 1.144 1
28893.000 # 1500
28894.000 # 1500
28895.000 # 1500
28896.000 # 1500
28897.000 # 1500
28898.000 # 1500
28899.000 # 1500
28900.000 # 1500
28901.000 # 1500
28902.000 # 1500
28903.000 # 1500
28904.000 # 1500
28905.000 # 1500
28905.566 + 128 1
28906.000 # 1500
28906.705 - 128 1.139 1
28907.000 # 1500
28908.000 # 1500
28909.000 # 1500
28910.000 # 1500
28911.000 # 1500
28912.000 # 1500
28913.000 # 1500
28914.000 # 1500
28915.000 # 1500
28915.490 + 128 1
28916.000 # 1500
28916.606 - 128 1.116 1
28917.000 # 1500
28918.000 # 1500
28919.000 # 1500
28920.000 # 1500
28921.000 # 1500
28922.000 # 1500
28923.000 # 1500
28924.000 # 1500
28925.000 # 1500
28926.000 # 1500
28927.000 # 1500
28928.000 # 1500
28929.000 # 1500
28929.539 + 128 1
28930.000 # 1500
28930.675 - 128 1.136 1
28931.000 # 1500
28932.000 # 1500
28933.000 # 1500
28934.000 # 1500
28935.000 # 1500
28936.000 # 1500
28937.000 # 1500
28938.000 # 1500
28939.000 # 1500
28939.510 + 128 1
28940.000 # 1500
28940.678 - 128 1.168 1
28941.000 # 1500
28942.000 # 1500
28943.000 # 1500
28944.000 # 1500
28945.000 # 1500
28946.000 # 1500
28947.000 # 1500
28948.000 # 1500
28949.000 # 1500
28949.584 + 128 1
28950.000 # 1500
28950.791 - 128 1.207 1
28951.000 # 1500
28952.000 # 1500
28953.000 # 1500
28954.000 # 1500
28955.000 # 1500
28956.000 # 1500
28957.000 # 1500
28958.000 # 1500
28959.000 # 1500
28959.609 + 128 1
28960.000 # 1500
28960.790 - 128 1.181 1
28961.000 # 1500
28962.000 # 1500
28963.000 # 1500
28964.000 # 1500
28965.000 # 1500
28966.000 # 1500
28967.000 # 1500
28968.000 # 1500
28969.000 # 1500
28970.000 # 1500
28971.000 # 1500
28972.000 # 1500
28973.000 # 1500
28973.535 + 128 1
28974.000 # 1500
28974.659 - 128 1.124 1
28975.000 # 1500
28976.000 # 1500
28977.000 # 1500
28978.000 # 1500
28979.000 # 1500
28980.000 # 1500
28981.000 # 1500
28982.000 # 1500
28983.000 # 1500
28983.505 + 128 1
28984.000 # 1500
28984.611 - 128 1.106 1
28985.000 # 1500
28986.000 # 1500
28987.000 # 1500
28988.000 # 1500
28989.000 # 1500
28990.000 # 1500
28991.000 # 1500
28992.000 # 1500
28993.000 # 1500
28994.000 # 1500
28995.000 # 1500
28996.000 # 1500
28997.000 # 1500
28997.569 + 128 1
28998.000 # 1500
28998.724 - 128 1.155 1
28999.000 # 1500
29000.000 # 1500
29001.000 # 1500
29002.000 # 1500
29003.000 # 1500
29004.000 # 1500
29005.000 # 1500
29006.000 # 1500
29007.000 # 1500
29007.569 + 128 1
29008.000 # 1500
29008.699 - 128 1.130 1
29009.000 # 1500
29010.000 # 1500
29011.000 # 1500
29012.000 # 1500
29013.000 # 1500
29014.000 # 1500
29015.000 # 1500
29016.000 # 1500
29017.000 # 1500
29018.000 # 1500
29019.000 # 1500
29020.000 # 1500
29021.000 # 1500
29021.561 + 128 1
29022.000 # 1500
29022.744 - 128 1.183 1
29023.000 # 1500
29024.000 # 1500
29025.000 # 1500
29026.000 # 1500
29027.000 # 1500
29028.000 # 1500
29029.000 # 1500
29030.000 # 1500
29031.000 # 1500
29031.614 + 128 1
29032.000 # 1500
29032.831 - 128 1.217 1
29033.000 # 1500
29034.000 # 1500
29035.000 # 1500
29036.000 # 1500
29037.000 # 1500
29038.000 # 1500
29039.000 # 1500
29040.000 # 1500
29041.000 # 1500
29042.000 # 1500
29043.000 # 1500
29044.000 # 1500
29045.000 # 1500
29045.568 + 128 1
29046.000 # 1500
29046.878 - 128 1.310 1
29047.000 # 1500
29048.000 # 1500
29049.000 # 1500
29050.000 # 1500
29051.000 # 1500
29052.000 # 1500
29053.000 # 1500
29054.000 # 1500
29055.000 # 1500
29055.570 + 128 1
29056.000 # 1500
29056.765 - 128 1.195 1
29057.000 # 1500
29058.000 # 1500
29059.000 # 1500
29060.000 # 1500
29061.000 # 1500
29062.000 # 1500
29063.000 # 1500
29064.000 # 1500
29065.000 # 1500
29066.000 # 1500
29067.000 # 1500
29068.000 # 1500
29069.000 # 1500
29069.549 + 128 1
29070.000 # 1500
29070.707 - 128 1.158 1
29071.000 # 1500
29072.000 # 1500
29073.000 # 1500
29074.000 # 1500
29075.000 # 1500
29076.000 # 1500
29077.000 # 1500
29078.000 # 1500
29079.000 # 1500
29079.484 + 128 1
29080.000 # 1500
29080.650 - 128 1.166 1
29081.000 # 1500
29082.000 # 1500
29083.000 # 1500
29084.000 # 1500
29085.000 # 1500
29086.000 # 1500
29087.000 # 1500
29088.000 # 1500
29089.000 # 1500
29090.000 # 1500
29091.000 # 1500
29092.000 # 1500
29093.000 # 1500
29093.562 + 128 1
29094.000 # 1500
29094.738 - 128 1.176 1
29095.000 # 1500
29096.000 # 1500
29097.000 # 1500
29098.000 # 1500
29099.000 # 1500
29100.000 # 1500
29101.000 # 1500
29102.000 # 1500
29103.000 # 1500
29103.532 + 128 1
29104.000 # 1500
29104.726 - 128 1.194 1
29105.000 # 1500
29106.000 # 1500
29107.000 # 1500
29108.000 # 1500
29109.000 # 1500
29110.000 # 1500
29111.000 # 1500
29112.000 # 1500
29113.000 # 1500
29114.000 # 1500
29115.000 # 1500
29116.000 # 1500
29117.000 # 1500
29117.573 + 128 1
29118.000 # 1500
29118.683 - 128 1.110 1
29119.000 # 1500
29120.000 # 1500
29121.000 # 1500
29122.000 # 1500
29123.000 # 1500
29124.000 # 1500
29125.000 # 1500
29126.000 # 1500
29127.000 # 1500
29127.567 + 128 1
29128.000 # 1500
29128.707 - 128 1.140 1
29129.000 # 1500
29130.000 # 1500
29131.000 # 1500
29132.000 # 1500
29133.000 # 1500
29134.000 # 1500
29135.000 # 1500
29136.000 # 1500
29137.000 # 1500
29138.000 # 1500
29139.000 # 1500
29140.000 # 1500
29141.000 # 1500
29141.559 + 128 1
29142.000 # 1500
29142.723 - 128 1.164 1
29143.000 # 1500
29144.000 # 1500
29145.000 # 1500
29146.000 # 1500
29147.000 # 1500
29148.000 # 1500
29149.000 # 1500
29150.000 # 1500
29151.000 # 1500
29151.482 + 128 1
29152.000 # 1500
29152.579 - 128 1.097 1
29153.000 # 1500
29154.000 # 1500
29155.000 # 1500
29156.000 # 1500
29157.000 # 1500
29158.000 # 1500
29159.000 # 1500
29160.000 # 1500
29161.000 # 1500
29162.000 # 1500
29163.000 # 1500
29164.000 # 1500
29165.000 # 1500
29165.724 + 128 1
29166.000 # 1500
29166.842 - 128 1.118 1
29167.000 # 1500
29168.000 # 1500
29169.000 # 1500
29170.000 # 1500
29171.000 # 1500
29172.000 # 1500
29173.000 # 1500
29174.000 # 1500
29175.000 # 1500
29175.656 + 128 1
29176.000 # 1500
29176.808 - 128 1.152 1
29177.000 # 1500
29178.000 # 1500
29179.000 # 1500
29180.000 # 1500
29181.000 # 1500
29182.000 # 1500
29183.000 # 1500
29184.000 # 1500
29185.000 # 1500
29186.000 # 1500
29187.000 # 1500
29188.000 # 1500
29189.000 # 1500
29189.520 + 128 1
29190.000 # 1500
29190.657 - 128 1.137 1
29191.000 # 1500
29192.000 # 1500
29193.000 # 1500
29194.000 # 1500
29195.000 # 1500
29196.000 # 1500
29197.000 # 1500
29198.000 # 1500
29199.000 # 1500
29199.537 + 128 1
29200.000 # 1500
29200.714 - 128 1.177 1
29201.000 # 1500
29202.000 # 1500
29203.000 # 1500
29204.000 # 1500
29205.000 # 1500
29206.000 # 1500
29207.000 # 1500
29208.000 # 1500
29209.000 # 1500
29210.000 # 1500
29211.000 # 1500
29212.000 # 1500
29213.000 # 1500
29213.544 + 128 1
29214.000 # 1500
29214.800 - 128 1.256 1
29215.000 # 1500
29216.000 # 1500
29217.000 # 1500
29218.000 # 1500
29219.000 # 1500
29220.000 # 1500
29221.000 # 1500
29222.000 # 1500
29223.000 # 1500
29223.534 + 128 1
29224.000 # 1500
29224.586 - 128 1.052 1
29225.000 # 1500
29226.000 # 1500
29227.000 # 1500
29228.000 # 1500
29229.000 # 1500
29230.000 # 1500
29231.000 # 1500
29232.000 # 1500
29233.000 # 1500
29234.000 # 1500
29235.000 # 1500
29236.000 # 1500
29237.000 # 1500
29237.542 + 128 1
29238.000 # 1500
29238.685 - 128 1.143 1
29239.000 # 1500
29240.000 # 1500
29241.000 # 1500
29242.000 # 1500
29243.000 # 1500
29244.000 # 1500
29245.000 # 1500
29246.000 # 1500
29247.000 # 1500
29247.544 + 128 1
29248.000 # 1500
29248.685 - 128 1.141 1
29249.000 # 1500
29250.000 # 1500
29251.000 # 1500
29252.000 # 1500
29253.000 # 1500
29254.000 # 1500
29255.000 # 1500
29256.000 # 1500
29257.000 # 1500
29258.000 # 1500
29259.000 # 1500
29260.000 # 1500
29261.000 # 1500
29261.622 + 128 1
29262.000 # 1500
29262.858 - 128 1.236 1
29263.000 # 1500
29264.000 # 1500
29265.000 # 1500
29266.000 # 1500
29267.000 # 1500
29268.000 # 1500
29269.000 # 1500
29270.000 # 1500
29271.000 # 1500
29271.593 + 128 1
29272.000 # 1500
29272.923 - 128 1.330 1
29273.000 # 1500
29274.000 # 1500
29275.000 # 1500
29276.000 # 1500
29277.000 # 1500
29278.000 # 1500
29279.000 # 1500
29280.000 # 1500
29281.000 # 1500
29282.000 # 1500
29283.000 # 1500
29284.000 # 1500
29285.000 # 1500
29285.596 + 128 1
29286.000 # 1500
29286.775 - 128 1.179 1
29287.000 # 1500
29288.000 # 1500
29289.000 # 1500
29290.000 # 1500
29291.000 # 1500
29292.000 # 1500
29293.000 # 1500
29294.000 # 1500
29295.000 # 1500
29295.549 + 128 1
29296.000 # 1500
29296.676 - 128 1.127 1
29297.000 # 1500
29298.000 # 1500
29299.000 # 1500
29300.000 # 1500
29301.000 # 1500
29302.000 # 1500
29303.000 # 1500
29304.000 # 1500
29305.000 # 1500
29306.000 # 1500
29307.000 # 1500
29308.000 # 1500
29309.000 # 1500
29309.573 + 128 1
29310.000 # 1500
29310.704 - 128 1.131 1
29311.000 # 1500
29312.000 # 1500
29313.000 # 1500
29314.000 # 1500
29315.000 # 1500
29316.000 # 1500
29317.000 # 1500
29318.000 # 1500
29319.000 # 1500
29319.548 + 128 1
29320.000 # 1500
29320.685 - 128 1.137 1
29321.000 # 1500
29322.000 # 1500
29323.000 # 1500
29324.000 # 1500
29325.000 # 1500
29326.000 # 1500
29327.000 # 1500
29328.000 # 1500
29329.000 # 1500
29330.000 # 1500
29331.000 # 1500
29332.000 # 1500
29333.000 # 1500
29333.562 + 128 1
29334.000 # 1500
29334.686 - 128 1.124 1
29335.000 # 1500
29336.000 # 1500
29337.000 # 1500
29338.000 # 1500
29339.000 # 1500
29340.000 # 1500
29341.000 # 1500
29342.000 # 1500
29343.000 # 1500
29343.519 + 128 1
29344.000 # 1500
29344.603 - 128 1.084 1
29345.000 # 1500
29346.000 # 1500
29347.000 # 1500
29348.000 # 1500
29349.000 # 1500
29350.000 # 1500
29351.000 # 1500
29352.000 # 1500
29353.000 # 1500
29354.000 # 1500
29355.000 # 1500
29356.000 # 1500
29357.000 # 1500
29357.517 + 128 1
29358.000 # 1500
29358.599 - 128 1.082 1
29359.000 # 1500
29360.000 # 1500
29361.000 # 1500
29362.000 # 1500
29363.000 # 1500
29364.000 # 1500
29365.000 # 1500
29366.000 # 1500
29367.000 # 1500
29367.519 + 128 1
29368.000 # 1500
29368.584 - 128 1.065 1
29369.000 # 1500
29370.000 # 1500
29371.000 # 1500
29372.000 # 1500
29373.000 # 1500
29374.000 # 1500
29375.000 # 1500
29376.000 # 1500
29377.000 # 1500
29378.000 # 1500
29379.000 # 1500
29380.000 # 1500
29381.000 # 1500
29381.590 + 128 1
29382.000 # 1500
29383.000 # 1500
29383.311 - 128 1.721 1
29384.000 # 1500
29385.000 # 1500
29386.000 # 1500
29387.000 # 1500
29388.000 # 1500
29389.000 # 1500
29390.000 # 1500
29391.000 # 1500
29391.566 + 128 1
29392.000 # 1500
29392.716 - 128 1.150 1
29393.000 # 1500
29394.000 # 1500
29395.000 # 1500
29396.000 # 1500
29397.000 # 1500
29398.000 # 1500
29399.000 # 1500
29400.000 # 1500
29401.000 # 1500
29402.000 # 1500
29403.000 # 1500
29404.000 # 1500
29405.000 # 1500
29406.000 # 1500
29407.000 # 1500
29408.000 # 1500
29409.000 # 1500
29409.606 + 128 1
29410.000 # 1500
29410.707 - 128 1.101 1
29411.000 # 1500
29412.000 # 1500
29413.000 # 1500
29414.000 # 1500
29415.000 # 1500
29416.000 # 1500
29417.000 # 1500
29418.000 # 1500
29419.000 # 1500
29419.655 + 128 1
29420.000 # 1500
29420.845 - 128 1.190 1
29421.000 # 1500
29422.000 # 1500
29423.000 # 1500
29424.000 # 1500
29425.000 # 1500
29426.000 # 1500
29427.000 # 1500
29428.000 # 1500
29429.000 # 1500
29430.000 # 1500
29431.000 # 1500
29432.000 # 1500
29433.000 # 1500
29433.553 + 128 1
29434.000 # 1500
29434.969 - 128 1.416 1
29435.000 # 1500
29436.000 # 1500
29437.000 # 1500
29438.000 # 1500
29439.000 # 1500
29440.000 # 1500
29441.000 # 1500
29442.000 # 1500
29443.000 # 1500
29443.511 + 128 1
29444.000 # 1500
29444.586 - 128 1.075 1
29445.000 # 1500
29446.000 # 1500
29447.000 # 1500
29448.000 # 1500
29449.000 # 1500
29450.000 # 1500
29451.000 # 1500
29452.000 # 1500
29453.000 # 1500
29454.000 # 1500
29455.000 # 1500
29456.000 # 1500
29457.000 # 1500
29457.676 + 128 1
29458.000 # 1500
29458.833 - 128 1.157 1
29459.000 # 1500
29460.000 # 1500
29461.000 # 1500
29462.000 # 1500
29463.000 # 1500
29464.000 # 1500
29465.000 # 1500
29466.000 # 1500
29467.000 # 1500
29467.670 + 128 1
29468.000 # 1500
29468.786 - 128 1.116 1
29469.000 # 1500
29470.000 # 1500
29471.000 # 1500
29472.000 # 1500
29473.000 # 1500
29474.000 # 1500
29475.000 # 1500
29476.000 # 1500
29477.000 # 1500
29478.000 # 1500
29479.000 # 1500
29480.000 # 1500
29481.000 # 1500
29481.714 + 128 1
29482.000 # 1500
29482.849 - 128 1.135 1
29483.000 # 1500
29484.000 # 1500
29485.000 # 1500
29486.000 # 1500
29487.000 # 1500
29488.000 # 1500
29489.000 # 1500
29490.000 # 1500
29491.000 # 1500
29491.695 + 128 1
29492.000 # 1500
29492.836 - 128 1.141 1
29493.000 # 1500
29494.000 # 1500
29495.000 # 1500
29496.000 # 1500
29497.000 # 1500
29498.000 # 1500
29499.000 # 1500
29500.000 # 1500
29501.000 # 1500
29502.000 # 1500
29503.000 # 1500
29504.000 # 1500
29505.000 # 1500
29505.571 + 128 1
29506.000 # 1500
29506.710 - 128 1.139 1
29507.000 # 1500
29508.000 # 1500
29509.000 # 1500
29510.000 # 1500
29511.000 # 1500
29512.000 # 1500
29513.000 # 1500
29514.000 # 1500
29515.000 # 1500
29515.523 + 128 1
29516.000 # 1500
29516.695 - 128 1.172 1
29517.000 # 1500
29518.000 # 1500
29519.000 # 1500
29520.000 # 1500
29521.000 # 1500
29522.000 # 1500
29523.000 # 1500
29524.000 # 1500
29525.000 # 1500
29526.000 # 1500
29527.000 # 1500
29528.000 # 1500
29529.000 # 1500
29529.571 + 128 1
29530.000 # 1500
29530.716 - 128 1.145 1
29531.000 # 1500
29532.000 # 1500
29533.000 # 1500
29534.000 # 1500
29535.000 # 1500
29536.000 # 1500
29537.000 # 1500
29538.000 # 1500
29539.000 # 1500
29539.569 + 128 1
29540.000 # 1500
29540.665 - 128 1.096 1
29541.000 # 1500
29542.000 # 1500
29543.000 # 1500
29544.000 # 1500
29545.000 # 1500
29546.000 # 1500
29547.000 # 1500
29548.000 # 1500
29549.000 # 1500
29550.000 # 1500
29551.000 # 1500
29552.000 # 1500
29553.000 # 1500
29553.514 + 128 1
29554.000 # 1500
29554.604 - 128 1.090 1
29555.000 # 1500
29556.000 # 1500
29557.000 # 1500
29558.000 # 1500
29559.000 # 1500
29560.000 # 1500
29561.000 # 1500
29562.000 # 1500
29563.000 # 1500
29563.550 + 128 1
29564.000 # 1500
29564.622 - 128 1.072 1
29565.000 # 1500
29566.000 # 1500
29567.000 # 1500
29568.000 # 1500
29569.000 # 1500
29570.000 # 1500
29571.000 # 1500
29572.000 # 1500
29573.000 # 1500
29574.000 # 1500
29575.000 # 1500
29576.000 # 1500
29577.000 # 1500
29578.000 # 1500
29579.000 # 1500
29580.000 # 1500
29581.000 # 1500
29581.565 + 128 1
29582.000 # 1500
29582.740 - 128 1.175 1
29583.000 # 1500
29584.000 # 1500
29585.000 # 1500
29586.000 # 1500
29587.000 # 1500
29588.000 # 1500
29589.000 # 1500
29590.000 # 1500
29591.000 # 1500
29591.520 + 128 1
29592.000 # 1500
29592.632 - 128 1.112 1
29593.000 # 1500
29594.000 # 1500
29595.000 # 1500
29596.000 # 1500
29597.000 # 1500
29598.000 # 1500
29599.000 # 1500
29600.000 # 1500
29601.000 # 1500
29602.000 # 1500
29603.000 # 1500
29604.000 # 1500
29605.000 # 1500
29605.525 + 128 1
29606.000 # 1500
29606.638 - 128 1.113 1
29607.000 # 1500
29608.000 # 1500
29609.000 # 1500
29610.000 # 1500
29611.000 # 1500
29612.000 # 1500
29613.000 # 1500
29614.000 # 1500
29615.000 # 1500
29615.520 + 128 1
29616.000 # 1500
29616.634 - 128 1.114 1
29617.000 # 1500
29618.000 # 1500
29619.000 # 1500
29620.000 # 1500
29621.000 # 1500
29622.000 # 1500
29623.000 # 1500
29624.000 # 1500
29625.000 # 1500
29626.000 # 1500
29627.000 # 1500
29628.000 # 1500
29629.000 # 1500
29629.516 + 128 1
29630.000 # 1500
29630.648 - 128 1.132 1
29631.000 # 1500
29632.000 # 1500
29633.000 # 1500
29634.000 # 1500
29635.000 # 1500
29636.000 # 1500
29637.000 # 1500
29638.000 # 1500
29639.000 # 1500
29639.619 + 128 1
29640.000 # 1500
29640.908 - 128 1.289 1
29641.000 # 1500
29642.000 # 1500
29643.000 # 1500
29644.000 # 1500
29645.000 # 1500
29646.000 # 1500
29647.000 # 1500
29648.000 # 1500
29649.000 # 1500
29650.000 # 1500
29651.000 # 1500
29652.000 # 1500
29653.000 # 1500
29653.630 + 128 1
29654.000 # 1500
29654.825 - 128 1.195 1
29655.000 # 1500
29656.000 # 1500
29657.000 # 1500
29658.000 # 1500
29659.000 # 1500
29660.000 # 1500
29661.000 # 1500
29662.000 # 1500
29663.000 # 1500
29663.550 + 128 1
29664.000 # 1500
29664.819 - 128 1.269 1
29665.000 # 1500
29666.000 # 1500
29667.000 # 1500
29668.000 # 1500
29669.000 # 1500
29670.000 # 1500
29671.000 # 1500
29672.000 # 1500
29673.000 # 1500
29674.000 # 1500
29675.000 # 1500
29676.000 # 1500
29677.000 # 1500
29677.646 + 128 1
29678.000 # 1500
29678.793 - 128 1.147 1
29679.000 # 1500
29680.000 # 1500
29681.000 # 1500
29682.000 # 1500
29683.000 # 1500
29684.000 # 1500
29685.000 # 1500
29686.000 # 1500
29687.000 # 1500
29687.549 + 128 1
29688.000 # 1500
29688.707 - 128 1.158 1
29689.000 # 1500
29690.000 # 1500
29691.000 # 1500
29692.000 # 1500
29693.000 # 1500
29694.000 # 1500
29695.000 # 1500
29696.000 # 1500
29697.000 # 1500
29698.000 # 1500
29699.000 # 1500
29700.000 # 1500
29701.000 # 1500
29701.562 + 128 1
29702.000 # 1500
29702.689 - 128 1.127 1
29703.000 # 1500
29704.000 # 1500
29705.000 # 1500
29706.000 # 1500
29707.000 # 1500
29708.000 # 1500
29709.000 # 1500
29710.000 # 1500
29711.000 # 1500
29711.548 + 128 1
29712.000 # 1500
29712.969 - 128 1.421 1
29713.000 # 1500
29714.000 # 1500
29715.000 # 1500
29716.000 # 1500
29717.000 # 1500
29718.000 # 1500
29719.000 # 1500
29720.000 # 1500
29721.000 # 1500
29722.000 # 1500
29723.000 # 1500
29724.000 # 1500
29725.000 # 1500
29725.714 + 128 1
29726.000 # 1500
29726.994 - 128 1.280 1
29727.000 # 1500
29728.000 # 1500
29729.000 # 1500
29730.000 # 1500
29731.000 # 1500
29732.000 # 1500
29733.000 # 1500
29734.000 # 1500
29735.000 # 1500
29735.520 + 128 1
29736.000 # 1500
29736.618 - 128 1.098 1
29737.000 # 1500
29738.000 # 1500
29739.000 # 1500
29740.000 # 1500
29741.000 # 1500
29742.000 # 1500
29743.000 # 1500
29744.000 # 1500
29745.000 # 1500
29746.000 # 1500
29747.000 # 1500
29748.000 # 1500
29749.000 # 1500
29749.555 + 128 1
29750.000 # 1500
29750.688 - 128 1.133 1
29751.000 # 1500
29752.000 # 1500
29753.000 # 1500
29754.000 # 1500
29755.000 # 1500
29756.000 # 1500
29757.000 # 1500
29758.000 # 1500
29759.000 # 1500
29759.508 + 128 1
29760.000 # 1500
29760.586 - 128 1.078 1
29761.000 # 1500
29762.000 # 1500
29763.000 # 1500
29764.000 # 1500
29765.000 # 1500
29766.000 # 1500
29767.000 # 1500
29768.000 # 1500
29769.000 # 1500
29770.000 # 1500
29771.000 # 1500
29772.000 # 1500
29773.000 # 1500
29773.538 + 128 1
29774.000 # 1500
29774.656 - 128 1.118 1
29775.000 # 1500
29776.000 # 1500
29777.000 # 1500
29778.000 # 1500
29779.000 # 1500
29780.000 # 1500
29781.000 # 1500
29782.000 # 1500
29783.000 # 1500
29783.711 + 128 1
29784.000 # 1500
29785.000 # 1500
29785.087 - 128 1.376 1
29786.000 # 1500
29787.000 # 1500
29788.000 # 1500
29789.000 # 1500
29790.000 # 1500
29791.000 # 1500
29792.000 # 1500
29793.000 # 1500
29794.000 # 1500
29795.000 # 1500
29796.000 # 1500
29797.000 # 1500
29797.554 + 128 1
29798.000 # 1500
29798.684 - 128 1.130 1
29799.000 # 1500
29800.000 # 1500
29801.000 # 1500
29802.000 # 1500
29803.000 # 1500
29804.000 # 1500
29805.000 # 1500
29806.000 # 1500
29807.000 # 1500
29807.525 + 128 1
29808.000 # 1500
29808.656 - 128 1.131 1
29809.000 # 1500
29810.000 # 1500
29811.000 # 1500
29812.000 # 1500
29813.000 # 1500
29814.000 # 1500
29815.000 # 1500
29816.000 # 1500
29817.000 # 1500
29817.515 + 128 1
29818.000 # 1500
29818.582 - 128 1.067 1
29819.000 # 1500
29820.000 # 1500
29821.000 # 1500
29822.000 # 1500
29823.000 # 1500
29824.000 # 1500
29825.000 # 1500
29826.000 # 1500
29827.000 # 1500
29827.491 + 128 1
29828.000 # 1500
29828.607 - 128 1.116 1
29829.000 # 1500
29830.000 # 1500
29831.000 # 1500
29832.000 # 1500
29833.000 # 1500
29834.000 # 1500
29835.000 # 1500
29836.000 # 1500
29837.000 # 1500
29838.000 # 1500
29839.000 # 1500
29840.000 # 1500
29841.000 # 1500
29841.576 + 128 1
29842.000 # 1500
29842.710 - 128 1.134 1
29843.000 # 1500
29844.000 # 1500
29845.000 # 1500
29846.000 # 1500
29847.000 # 1500
29848.000 # 1500
29849.000 # 1500
29850.000 # 1500
29851.000 # 1500
29851.515 + 128 1
29852.000 # 1500
29852.666 - 128 1.151 1
29853.000 # 1500
29854.000 # 1500
29855.000 # 1500
29856.000 # 1500
29857.000 # 1500
29858.000 # 1500
29859.000 # 1500
29860.000 # 1500
29861.000 # 1500
29862.000 # 1500
29863.000 # 1500
29864.000 # 1500
29865.000 # 1500
29865.560 + 128 1
29866.000 # 1500
29866.679 - 128 1.119 1
29867.000 # 1500
29868.000 # 1500
29869.000 # 1500
29870.000 # 1500
29871.000 # 1500
29872.000 # 1500
29873.000 # 1500
29874.000 # 1500
29875.000 # 1500
29876.000 # 1500
29877.000 # 1500
29878.000 # 1500
29879.000 # 1500
29880.000 # 1500
29881.000 # 1500
29882.000 # 1500
29883.000 # 1500
29884.000 # 1500
29885.000 # 1500
29885.568 + 128 1
29886.000 # 1500
29886.723 - 128 1.155 1
29887.000 # 1500
29888.000 # 1500
29889.000 # 1500
29890.000 # 1500
29891.000 # 1500
29892.000 # 1500
29893.000 # 1500
29894.000 # 1500
29895.000 # 1500
29895.624 + 128 1
29896.000 # 1500
29896.824 - 128 1.200 1
29897.000 # 1500
29898.000 # 1500
29899.000 # 1500
29900.000 # 1500
29901.000 # 1500
29902.000 # 1500
29903.000 # 1500
29904.000 # 1500
29905.000 # 1500
29906.000 # 1500
29907.000 # 1500
29908.000 # 1500
29909.000 # 1500
29909.560 + 128 1
29910.000 # 1500
29910.723 - 128 1.163 1
29911.000 # 1500
29912.000 # 1500
29913.000 # 1500
29914.000 # 1500
29915.000 # 1500
29916.000 # 1500
29917.000 # 1500
29918.000 # 1500
29919.000 # 1500
29919.575 + 128 1
29920.000 # 1500
29920.705 - 128 1.130 1
29921.000 # 1500
29922.000 # 1500
29923.000 # 1500
29924.000 # 1500
29925.000 # 1500
29926.000 # 1500
29927.000 # 1500
29928.000 # 1500
29929.000 # 1500
29930.000 # 1500
29931.000 # 1500
29932.000 # 1500
29933.000 # 1500
29933.637 + 128 1
29934.000 # 1500
29934.892 - 128 1.255 1
29935.000 # 1500
29936.000 # 1500
29937.000 # 1500
29938.000 # 1500
29939.000 # 1500
29940.000 # 1500
29941.000 # 1500
29942.000 # 1500
29943.000 # 1500
29944.000 # 1500
29945.000 # 1500
29946.000 # 1500
29947.000 # 1500
29948.000 # 1500
29949.000 # 1500
29950.000 # 1500
29951.000 # 1500
29952.000 # 1500
29953.000 # 1500
29953.526 + 128 1
29954.000 # 1500
29954.626 - 128 1.100 1
29955.000 # 1500
29956.000 # 1500
29957.000 # 1500
29958.000 # 1500
29959.000 # 1500
29960.000 # 1500
29961.000 # 1500
29962.000 # 1500
29963.000 # 1500
29963.492 + 128 1
29964.000 # 1500
29964.579 - 128 1.087 1
29965.000 # 1500
29966.000 # 1500
29967.000 # 1500
29968.000 # 1500
29969.000 # 1500
29970.000 # 1500
29971.000 # 1500
29972.000 # 1500
29973.000 # 1500
29974.000 # 1500
29975.000 # 1500
29976.000 # 1500
29977.000 # 1500
29978.000 # 1500
29978.047 + 128 1
29979.000 # 1500
29979.157 - 128 1.110 1
29980.000 # 1500
29981.000 # 1500
29982.000 # 1500
29983.000 # 1500
29984.000 # 1500
29985.000 # 1500
29986.000 # 1500
29987.000 # 1500
29987.717 + 128 1
29988.000 # 1500
29988.858 - 128 1.141 1
29989.000 # 1500
29990.000 # 1500
29991.000 # 1500
29992.000 # 1500
29993.000 # 1500
29994.000 # 1500
29995.000 # 1500
29996.000 # 1500
29997.000 # 1500
29998.000 # 1500
29999.000 # 1500
30000.000 # 1500
30001.000 # 1500
30001.547 + 128 1
30002.000 # 1500
30002.691 - 128 1.144 1
30003.000 # 1500
30004.000 # 1500
30005.000 # 1500
30006.000 # 1500
30007.000 # 1500
30008.000 # 1500
30009.000 # 1500
30010.000 # 1500
30011.000 # 1500
30011.569 + 128 1
30012.000 # 1500
30012.719 - 128 1.150 1
30013.000 # 1500
30014.000 # 1500
30015.000 # 1500
30016.000 # 1500
30017.000 # 1500
30018.000 # 1500
30019.000 # 1500
30020.000 # 1500
30021.000 # 1500
30022.000 # 1500
30023.000 # 1500
30024.000 # 1500
30025.000 # 1500
30025.560 + 128 1
30026.000 # 1500
30026.675 - 128 1.115 1
30027.000 # 1500
30028.000 # 1500
30029.000 # 1500
30030.000 # 1500
30031.000 # 1500
30032.000 # 1500
30033.000 # 1500
30034.000 # 1500
30035.000 # 1500
30035.494 + 128 1
30036.000 # 1500
30036.576 - 128 1.082 1
30037.000 # 1500
30038.000 # 1500
30039.000 # 1500
30040.000 # 1500
30041.000 # 1500
30042.000 # 1500
30043.000 # 1500
30044.000 # 1500
30045.000 # 1500
30046.000 # 1500
30047.000 # 1500
30048.000 # 1500
30049.000 # 1500
30049.520 + 128 1
30050.000 # 1500
30050.626 - 128 1.106 1
30051.000 # 1500
30052.000 # 1500
30053.000 # 1500
30054.000 # 1500
30055.000 # 1500
30056.000 # 1500
30057.000 # 1500
30058.000 # 1500
30059.000 # 1500
30059.501 + 128 1
30060.000 # 1500
30060.576 - 128 1.075 1
30061.000 # 1500
30062.000 # 1500
30063.000 # 1500
30064.000 # 1500
30065.000 # 1500
30066.000 # 1500
30067.000 # 1500
30068.000 # 1500
30069.000 # 1500
30070.000 # 1500
30071.000 # 1500
30072.000 # 1500
30073.000 # 1500
30073.527 + 128 1
30074.000 # 1500
30074.640 - 128 1.113 1
30075.000 # 1500
30076.000 # 1500
30077.000 # 1500
30078.000 # 1500
30079.000 # 1500
30080.000 # 1500
30081.000 # 1500
30082.000 # 1500
30083.000 # 1500
30083.503 + 128 1
30084.000 # 1500
30084.589 - 128 1.086 1
30085.000 # 1500
30086.000 # 1500
30087.000 # 1500
30088.000 # 1500
30089.000 # 1500
30090.000 # 1500
30091.000 # 1500
30092.000 # 1500
30093.000 # 1500
30094.000 # 1500
30095.000 # 1500
30096.000 # 1500
30097.000 # 1500
30097.524 + 128 1
30098.000 # 1500
30098.644 - 128 1.120 1
30099.000 # 1500
30100.000 # 1500
30101.000 # 1500
30102.000 # 1500
30103.000 # 1500
30104.000 # 1500
30105.000 # 1500
30106.000 # 1500
30107.000 # 1500
30108.000 # 1500
30109.000 # 1500
30110.000 # 1500
30111.000 # 1500
30112.000 # 1500
30113.000 # 1500
30114.000 # 1500
30115.000 # 1500
30116.000 # 1500
30117.000 # 1500
30117.550 + 128 1
30118.000 # 1500
30118.669 - 128 1.119 1
30119.000 # 1500
30120.000 # 1500
30121.000 # 1500
30122.000 # 1500
30123.000 # 1500
30124.000 # 1500
30125.000 # 1500
30126.000 # 1500
30127.000 # 1500
30127.512 + 128 1
30128.000 # 1500
30128.559 - 128 1.047 1
30129.000 # 1500
30130.000 # 1500
30131.000 # 1500
30132.000 # 1500
30133.000 # 1500
30134.000 # 1500
30135.000 # 1500
30136.000 # 1500
30137.000 # 1500
30138.000 # 1500
30139.000 # 1500
30140.000 # 1500
30141.000 # 1500
30141.518 + 128 1
30142.000 # 1500
30142.611 - 128 1.093 1
30143.000 # 1500
30144.000 # 1500
30145.000 # 1500
30146.000 # 1500
30147.000 # 1500
30148.000 # 1500
30149.000 # 1500
30150.000 # 1500
30151.000 # 1500
30151.541 + 128 1
30152.000 # 1500
30152.688 - 128 1.147 1
30153.000 # 1500
30154.000 # 1500
30155.000 # 1500
30156.000 # 1500
30157.000 # 1500
30158.000 # 1500
30159.000 # 1500
30160.000 # 1500
30161.000 # 1500
30162.000 # 1500
30163.000 # 1500
30164.000 # 1500
30165.000 # 1500
30165.555 + 128 1
30166.000 # 1500
30166.690 - 128 1.135 1
30167.000 # 1500
30168.000 # 1500
30169.000 # 1500
30170.000 # 1500
30171.000 # 1500
30172.000 # 1500
30173.000 # 1500
30174.000 # 1500
30175.000 # 1500
30175.541 + 128 1
30176.000 # 1500
30176.684 - 128 1.143 1
30177.000 # 1500
30178.000 # 1500
30179.000 # 1500
30180.000 # 1500
30181.000 # 1500
30182.000 # 1500
30183.000 # 1500
30184.000 # 1500
30185.000 # 1500
30186.000 # 1500
30187.000 # 1500
30188.000 # 1500
30189.000 # 1500
30189.519 + 128 1
30190.000 # 1500
30190.607 - 128 1.088 1
30191.000 # 1500
30192.000 # 1500
30193.000 # 1500
30194.000 # 1500
30195.000 # 1500
30196.000 # 1500
30197.000 # 1500
30198.000 # 1500
30199.000 # 1500
30199.508 + 128 1
30200.000 # 1500
30200.608 - 128 1.100 1
30201.000 # 1500
30202.000 # 1500
30203.000 # 1500
30204.000 # 1500
30205.000 # 1500
30206.000 # 1500
30207.000 # 1500
30208.000 # 1500
30209.000 # 1500
30210.000 # 1500
30211.000 # 1500
30212.000 # 1500
30213.000 # 1500
30213.530 + 128 1
30214.000 # 1500
30214.672 - 128 1.142 1
30215.000 # 1500
30216.000 # 1500
30217.000 # 1500
30218.000 # 1500
30219.000 # 1500
30220.000 # 1500
30221.000 # 1500
30222.000 # 1500
30223.000 # 1500
30223.660 + 128 1
30224.000 # 1500
30224.810 - 128 1.150 1
30225.000 # 1500
30226.000 # 1500
30227.000 # 1500
30228.000 # 1500
30229.000 # 1500
30230.000 # 1500
30231.000 # 1500
30232.000 # 1500
30233.000 # 1500
30234.000 # 1500
30235.000 # 1500
30236.000 # 1500
30237.000 # 1500
30238.000 # 1500
30238.081 + 128 1
30239.000 # 1500
30239.140 - 128 1.059 1
30240.000 # 1500
30241.000 # 1500
30242.000 # 1500
30243.000 # 1500
30244.000 # 1500
30245.000 # 1500
30246.000 # 1500
30247.000 # 1500
30248.000 # 1500
30248.051 + 128 1
30249.000 # 1500
30249.122 - 128 1.071 1
30250.000 # 1500
30251.000 # 1500
30252.000 # 1500
30253.000 # 1500
30254.000 # 1500
30255.000 # 1500
30256.000 # 1500
30257.000 # 1500
30258.000 # 1500
30259.000 # 1500
30260.000 # 1500
30261.000 # 1500
30261.514 + 128 1
30262.000 # 1500
30262.646 - 128 1.132 1
30263.000 # 1500
30264.000 # 1500
30265.000 # 1500
30266.000 # 1500
30267.000 # 1500
30268.000 # 1500
30269.000 # 1500
30270.000 # 1500
30271.000 # 1500
30271.506 + 128 1
30272.000 # 1500
30272.583 - 128 1.077 1
30273.000 # 1500
30274.000 # 1500
30275.000 # 1500
30276.000 # 1500
30277.000 # 1500
30278.000 # 1500
30279.000 # 1500
30280.000 # 1500
30281.000 # 1500
30282.000 # 1500
30283.000 # 1500
30284.000 # 1500
30285.000 # 1500
30285.571 + 128 1
30286.000 # 1500
30286.725 - 128 1.154 1
30287.000 # 1500
30288.000 # 1500
30289.000 # 1500
30290.000 # 1500
30291.000 # 1500
30292.000 # 1500
30293.000 # 1500
30294.000 # 1500
30295.000 # 1500
30295.616 + 128 1
30296.000 # 1500
30296.755 - 128 1.139 1
30297.000 # 1500
30298.000 # 1500
30299.000 # 1500
30300.000 # 1500
30301.000 # 1500
30302.000 # 1500
30303.000 # 1500
30304.000 # 1500
30305.000 # 1500
30305.545 + 128 1
30306.000 # 1500
30306.718 - 128 1.173 1
30307.000 # 1500
30308.000 # 1500
30309.000 # 1500
30310.000 # 1500
30311.000 # 1500
30312.000 # 1500
30313.000 # 1500
30314.000 # 1500
30315.000 # 1500
30315.526 + 128 1
30316.000 # 1500
30316.633 - 128 1.107 1
30317.000 # 1500
30318.000 # 1500
30319.000 # 1500
30320.000 # 1500
30321.000 # 1500
30322.000 # 1500
30323.000 # 1500
30324.000 # 1500
30325.000 # 1500
30326.000 # 1500
30327.000 # 1500
30328.000 # 1500
30329.000 # 1500
30329.771 + 128 1
30330.000 # 1500
30330.844 - 128 1.073 1
30331.000 # 1500
30332.000 # 1500
30333.000 # 1500
30334.000 # 1500
30335.000 # 1500
30336.000 # 1500
30337.000 # 1500
30338.000 # 1500
30339.000 # 1500
30339.743 + 128 1
30340.000 # 1500
30340.841 - 128 1.098 1
30341.000 # 1500
30342.000 # 1500
30343.000 # 1500
30344.000 # 1500
30345.000 # 1500
30346.000 # 1500
30347.000 # 1500
30348.000 # 1500
30349.000 # 1500
30350.000 # 1500
30351.000 # 1500
30352.000 # 1500
30353.000 # 1500
30353.536 + 128 1
30354.000 # 1500
30354.609 - 128 1.073 1
30355.000 # 1500
30356.000 # 1500
30357.000 # 1500
30358.000 # 1500
30359.000 # 1500
30360.000 # 1500
30361.000 # 1500
30362.000 # 1500
30363.000 # 1500
30363.517 + 128 1
30364.000 # 1500
30364.603 - 128 1.086 1
30365.000 # 1500
30366.000 # 1500
30367.000 # 1500
30368.000 # 1500
30369.000 # 1500
30370.000 # 1500
30371.000 # 1500
30372.000 # 1500
30373.000 # 1500
30374.000 # 1500
30375.000 # 1500
30376.000 # 1500
30377.000 # 1500
30377.536 + 128 1
30378.000 # 1500
30378.574 - 128 1.038 1
30379.000 # 1500
30380.000 # 1500
30381.000 # 1500
30382.000 # 1500
30383.000 # 1500
30384.000 # 1500
30385.000 # 1500
30386.000 # 1500
30387.000 # 1500
30387.510 + 128 1
30388.000 # 1500
30388.607 - 128 1.097 1
30389.000 # 1500
30390.000 # 1500
30391.000 # 1500
30392.000 # 1500
30393.000 # 1500
30394.000 # 1500
30395.000 # 1500
30396.000 # 1500
30397.000 # 1500
30398.000 # 1500
30399.000 # 1500
30400.000 # 1500
30401.000 # 1500
30401.516 + 128 1
30402.000 # 1500
30402.605 - 128 1.089 1
30403.000 # 1500
30404.000 # 1500
30405.000 # 1500
30406.000 # 1500
30407.000 # 1500
30408.000 # 1500
30409.000 # 1500
30410.000 # 1500
30411.000 # 1500
30411.624 + 128 1
30412.000 # 1500
30412.673 - 128 1.049 1
30413.000 # 1500
30414.000 # 1500
30415.000 # 1500
30416.000 # 1500
30417.000 # 1500
30418.000 # 1500
30419.000 # 1500
30420.000 # 1500
30421.000 # 1500
30422.000 # 1500
30423.000 # 1500
30424.000 # 1500
30425.000 # 1500
30425.513 + 128 1
30426.000 # 1500
30426.597 - 128 1.084 1
30427.000 # 1500
30428.000 # 1500
30429.000 # 1500
30430.000 # 1500
30431.000 # 1500
30432.000 # 1500
30433.000 # 1500
30434.000 # 1500
30435.000 # 1500
30435.487 + 128 1
30436.000 # 1500
30436.618 - 128 1.131 1
30437.000 # 1500
30438.000 # 1500
30439.000 # 1500
30440.000 # 1500
30441.000 # 1500
30442.000 # 1500
30443.000 # 1500
30444.000 # 1500
30445.000 # 1500
30446.000 # 1500
30447.000 # 1500
30448.000 # 1500
30449.000 # 1500
30449.575 + 128 1
30450.000 # 1500
30450.707 - 128 1.132 1
30451.000 # 1500
30452.000 # 1500
30453.000 # 1500
30454.000 # 1500
30455.000 # 1500
30456.000 # 1500
30457.000 # 1500
30458.000 # 1500
30459.000 # 1500
30459.517 + 128 1
30460.000 # 1500
30460.562 - 128 1.045 1
30461.000 # 1500
30462.000 # 1500
30463.000 # 1500
30464.000 # 1500
30465.000 # 1500
30466.000 # 1500
30467.000 # 1500
30468.000 # 1500
30469.000 # 1500
30470.000 # 1500
30471.000 # 1500
30472.000 # 1500
30473.000 # 1500
30473.514 + 128 1
30474.000 # 1500
30474.609 - 128 1.095 1
30475.000 # 1500
30476.000 # 1500
30477.000 # 1500
30478.000 # 1500
30479.000 # 1500
30480.000 # 1500
30481.000 # 1500
30482.000 # 1500
30483.000 # 1500
30483.503 + 128 1
30484.000 # 1500
30484.577 - 128 1.074 1
30485.000 # 1500
30486.000 # 1500
30487.000 # 1500
30488.000 # 1500
30489.000 # 1500
30490.000 # 1500
30491.000 # 1500
30492.000 # 1500
30493.000 # 1500
30494.000 # 1500
30495.000 # 1500
30496.000 # 1500
30497.000 # 1500
30497.511 + 128 1
30498.000 # 1500
30498.644 - 128 1.133 1
30499.000 # 1500
30500.000 # 1500
30501.000 # 1500
30502.000 # 1500
30503.000 # 1500
30504.000 # 1500
30505.000 # 1500
30506.000 # 1500
30507.000 # 1500
30507.481 + 128 1
30508.000 # 1500
30508.532 - 128 1.051 1
30509.000 # 1500
30510.000 # 1500
30511.000 # 1500
30512.000 # 1500
30513.000 # 1500
30514.000 # 1500
30515.000 # 1500
30516.000 # 1500
30517.000 # 1500
30518.000 # 1500
30519.000 # 1500
30520.000 # 1500
30521.000 # 1500
30521.917 + 128 1
30522.000 # 1500
30523.000 # 1500
30523.005 - 128 1.088 1
30524.000 # 1500
30525.000 # 1500
30526.000 # 1500
30527.000 # 1500
30528.000 # 1500
30529.000 # 1500
30530.000 # 1500
30531.000 # 1500
30531.674 + 128 1
30532.000 # 1500
30532.783 - 128 1.109 1
30533.000 # 1500
30534.000 # 1500
30535.000 # 1500
30536.000 # 1500
30537.000 # 1500
30538.000 # 1500
30539.000 # 1500
30540.000 # 1500
30541.000 # 1500
30542.000 # 1500
30543.000 # 1500
30544.000 # 1500
30545.000 # 1500
30545.518 + 128 1
30546.000 # 1500
30546.626 - 128 1.108 1
30547.000 # 1500
30548.000 # 1500
30549.000 # 1500
30550.000 # 1500
30551.000 # 1500
30552.000 # 1500
30553.000 # 1500
30554.000 # 1500
30555.000 # 1500
30555.487 + 128 1
30556.000 # 1500
30556.571 - 128 1.084 1
30557.000 # 1500
30558.000 # 1500
30559.000 # 1500
30560.000 # 1500
30561.000 # 1500
30562.000 # 1500
30563.000 # 1500
30564.000 # 1500
30565.000 # 1500
30566.000 # 1500
30567.000 # 1500
30568.000 # 1500
30569.000 # 1500
30569.521 + 128 1
30570.000 # 1500
30570.615 - 128 1.094 1
30571.000 # 1500
30572.000 # 1500
30573.000 # 1500
30574.000 # 1500
30575.000 # 1500
30576.000 # 1500
30577.000 # 1500
30578.000 # 1500
30579.000 # 1500
30579.680 + 128 1
30580.000 # 1500
30580.718 - 128 1.038 1
30581.000 # 1500
30582.000 # 1500
30583.000 # 1500
30584.000 # 1500
30585.000 # 1500
30586.000 # 1500
30587.000 # 1500
30588.000 # 1500
30589.000 # 1500
30590.000 # 1500
30591.000 # 1500
30592.000 # 1500
30593.000 # 1500
30593.514 + 128 1
30594.000 # 1500
30594.592 - 128 1.078 1
30595.000 # 1500
30596.000 # 1500
30597.000 # 1500
30598.000 # 1500
30599.000 # 1500
30600.000 # 1500
30601.000 # 1500
30602.000 # 1500
30603.000 # 1500
30603.513 + 128 1
30604.000 # 1500
30604.592 - 128 1.079 1
30605.000 # 1500
30606.000 # 1500
30607.000 # 1500
30608.000 # 1500
30609.000 # 1500
30610.000 # 1500
30611.000 # 1500
30612.000 # 1500
30613.000 # 1500
30614.000 # 1500
30615.000 # 1500
30616.000 # 1500
30617.000 # 1500
30617.572 + 128 1
30618.000 # 1500
30618.650 - 128 1.078 1
30619.000 # 1500
30620.000 # 1500
30621.000 # 1500
30622.000 # 1500
30623.000 # 1500
30624.000 # 1500
30625.000 # 1500
30626.000 # 1500
30627.000 # 1500
30627.530 + 128 1
30628.000 # 1500
30628.619 - 128 1.089 1
30629.000 # 1500
30630.000 # 1500
30631.000 # 1500
30632.000 # 1500
30633.000 # 1500
30634.000 # 1500
30635.000 # 1500
30636.000 # 1500
30637.000 # 1500
30638.000 # 1500
30639.000 # 1500
30640.000 # 1500
30641.000 # 1500
30641.511 + 128 1
30642.000 # 1500
30642.621 - 128 1.110 1
30643.000 # 1500
30644.000 # 1500
30645.000 # 1500
30646.000 # 1500
30647.000 # 1500
30648.000 # 1500
30649.000 # 1500
30650.000 # 1500
30651.000 # 1500
30651.506 + 128 1
30652.000 # 1500
30652.603 - 128 1.097 1
30653.000 # 1500
30654.000 # 1500
30655.000 # 1500
30656.000 # 1500
30657.000 # 1500
30658.000 # 1500
30659.000 # 1500
30660.000 # 1500
30661.000 # 1500
30662.000 # 1500
30663.000 # 1500
30664.000 # 1500
30665.000 # 1500
30665.523 + 128 1
30666.000 # 1500
30666.616 - 128 1.093 1
30667.000 # 1500
30668.000 # 1500
30669.000 # 1500
30670.000 # 1500
30671.000 # 1500
30672.000 # 1500
30673.000 # 1500
30674.000 # 1500
30675.000 # 1500
30675.498 + 128 1
30676.000 # 1500
30676.643 - 128 1.145 1
30677.000 # 1500
30678.000 # 1500
30679.000 # 1500
30680.000 # 1500
30681.000 # 1500
30682.000 # 1500
30683.000 # 1500
30684.000 # 1500
30685.000 # 1500
30686.000 # 1500
30687.000 # 1500
30688.000 # 1500
30689.000 # 1500
30689.901 + 128 1
30690.000 # 1500
30690.988 - 128 1.087 1
30691.000 # 1500
30692.000 # 1500
30693.000 # 1500
30694.000 # 1500
30695.000 # 1500
30696.000 # 1500
30697.000 # 1500
30698.000 # 1500
30699.000 # 1500
30699.668 + 128 1
30700.000 # 1500
30700.767 - 128 1.099 1
30701.000 # 1500
30702.000 # 1500
30703.000 # 1500
30704.000 # 1500
30705.000 # 1500
30706.000 # 1500
30707.000 # 1500
30708.000 # 1500
30709.000 # 1500
30710.000 # 1500
30711.000 # 1500
30712.000 # 1500
30713.000 # 1500
30713.517 + 128 1
30714.000 # 1500
30714.613 - 128 1.096 1
30715.000 # 1500
30716.000 # 1500
30717.000 # 1500
30718.000 # 1500
30719.000 # 1500
30720.000 # 1500
30721.000 # 1500
30722.000 # 1500
30723.000 # 1500
30723.512 + 128 1
30724.000 # 1500
30724.602 - 128 1.090 1
30725.000 # 1500
30726.000 # 1500
30727.000 # 1500
30728.000 # 1500
30729.000 # 1500
30730.000 # 1500
30731.000 # 1500
30732.000 # 1500
30733.000 # 1500
30734.000 # 1500
30735.000 # 1500
30736.000 # 1500
30737.000 # 1500
30737.513 + 128 1
30738.000 # 1500
30738.564 - 128 1.051 1
30739.000 # 1500
30740.000 # 1500
30741.000 # 1500
30742.000 # 1500
30743.000 # 1500
30744.000 # 1500
30745.000 # 1500
30746.000 # 1500
30747.000 # 1500
30747.645 + 128 1
30748.000 # 1500
30748.697 - 128 1.052 1
30749.000 # 1500
30750.000 # 1500
30751.000 # 1500
30752.000 # 1500
30753.000 # 1500
30754.000 # 1500
30755.000 # 1500
30756.000 # 1500
30757.000 # 1500
30758.000 # 1500
30759.000 # 1500
30760.000 # 1500
30761.000 # 1500
30761.524 + 128 1
30762.000 # 1500
30762.589 - 128 1.065 1
30763.000 # 1500
30764.000 # 1500
30765.000 # 1500
30766.000 # 1500
30767.000 # 1500
30768.000 # 1500
30769.000 # 1500
30770.000 # 1500
30771.000 # 1500
30771.540 + 128 1
30772.000 # 1500
30772.678 - 128 1.138 1
30773.000 # 1500
30774.000 # 1500
30775.000 # 1500
30776.000 # 1500
30777.000 # 1500
30778.000 # 1500
30779.000 # 1500
30780.000 # 1500
30781.000 # 1500
30782.000 # 1500
30783.000 # 1500
30784.000 # 1500
30785.000 # 1500
30785.560 + 128 1
30786.000 # 1500
30786.713 - 128 1.153 1
30787.000 # 1500
30788.000 # 1500
30789.000 # 1500
30790.000 # 1500
30791.000 # 1500
30792.000 # 1500
30793.000 # 1500
30794.000 # 1500
30795.000 # 1500
30795.537 + 128 1
30796.000 # 1500
30796.632 - 128 1.095 1
30797.000 # 1500
30798.000 # 1500
30799.000 # 1500
30800.000 # 1500
30801.000 # 1500
30802.000 # 1500
30803.000 # 1500
30804.000 # 1500
30805.000 # 1500
30806.000 # 1500
30807.000 # 1500
30808.000 # 1500
30809.000 # 1500
30809.544 + 128 1
30810.000 # 1500
30810.699 - 128 1.155 1
30811.000 # 1500
30812.000 # 1500
30813.000 # 1500
30814.000 # 1500
30815.000 # 1500
30816.000 # 1500
30817.000 # 1500
30818.000 # 1500
30819.000 # 1500
30819.570 + 128 1
30820.000 # 1500
30820.649 - 128 1.079 1
30821.000 # 1500
30822.000 # 1500
30823.000 # 1500
30824.000 # 1500
30825.000 # 1500
30826.000 # 1500
30827.000 # 1500
30828.000 # 1500
30829.000 # 1500
30830.000 # 1500
30831.000 # 1500
30832.000 # 1500
30833.000 # 1500
30833.514 + 128 1
30834.000 # 1500
30834.640 - 128 1.126 1
30835.000 # 1500
30836.000 # 1500
30837.000 # 1500
30838.000 # 1500
30839.000 # 1500
30840.000 # 1500
30841.000 # 1500
30842.000 # 1500
30843.000 # 1500
30843.488 + 128 1
30844.000 # 1500
30844.574 - 128 1.086 1
30845.000 # 1500
30846.000 # 1500
30847.000 # 1500
30848.000 # 1500
30849.000 # 1500
30850.000 # 1500
30851.000 # 1500
30852.000 # 1500
30853.000 # 1500
30853.482 + 128 1
30854.000 # 1500
30854.590 - 128 1.108 1
30855.000 # 1500
30856.000 # 1500
30857.000 # 1500
30858.000 # 1500
30859.000 # 1500
30860.000 # 1500
30861.000 # 1500
30862.000 # 1500
30863.000 # 1500
30864.000 # 1500
30865.000 # 1500
30865.512 + 128 1
30866.000 # 1500
30866.613 - 128 1.101 1
30867.000 # 1500
30868.000 # 1500
30869.000 # 1500
30870.000 # 1500
30871.000 # 1500
30872.000 # 1500
30873.000 # 1500
30874.000 # 1500
30875.000 # 1500
30875.505 + 128 1
30876.000 # 1500
30876.591 - 128 1.086 1
30877.000 # 1500
30878.000 # 1500
30879.000 # 1500
30880.000 # 1500
30881.000 # 1500
30882.000 # 1500
30883.000 # 1500
30884.000 # 1500
30885.000 # 1500
30886.000 # 1500
30887.000 # 1500
30888.000 # 1500
30889.000 # 1500
30889.522 + 128 1
30890.000 # 1500
30890.629 - 128 1.107 1
30891.000 # 1500
30892.000 # 1500
30893.000 # 1500
30894.000 # 1500
30895.000 # 1500
30896.000 # 1500
30897.000 # 1500
30898.000 # 1500
30899.000 # 1500
30899.470 + 128 1
30900.000 # 1500
30900.574 - 128 1.104 1
30901.000 # 1500
30902.000 # 1500
30903.000 # 1500
30904.000 # 1500
30905.000 # 1500
30906.000 # 1500
30907.000 # 1500
30908.000 # 1500
30909.000 # 1500
30910.000 # 1500
30911.000 # 1500
30912.000 # 1500
30913.000 # 1500
30913.515 + 128 1
30914.000 # 1500
30914.644 - 128 1.129 1
30915.000 # 1500
30916.000 # 1500
30917.000 # 1500
30918.000 # 1500
30919.000 # 1500
30920.000 # 1500
30921.000 # 1500
30922.000 # 1500
30923.000 # 1500
30923.538 + 128 1
30924.000 # 1500
30924.680 - 128 1.142 1
30925.000 # 1500
30926.000 # 1500
30927.000 # 1500
30928.000 # 1500
30929.000 # 1500
30930.000 # 1500
30931.000 # 1500
30932.000 # 1500
30933.000 # 1500
30934.000 # 1500
30935.000 # 1500
30936.000 # 1500
30937.000 # 1500
30937.583 + 128 1
30938.000 # 1500
30938.693 - 128 1.110 1
30939.000 # 1500
30940.000 # 1500
30941.000 # 1500
30942.000 # 1500
30943.000 # 1500
30944.000 # 1500
30945.000 # 1500
30946.000 # 1500
30947.000 # 1500
30948.000 # 1500
30949.000 # 1500
30950.000 # 1500
30951.000 # 1500
30952.000 # 1500
30953.000 # 1500
30953.553 + 128 1
30954.000 # 1500
30954.700 - 128 1.147 1
30955.000 # 1500
30956.000 # 1500
30957.000 # 1500
30958.000 # 1500
30959.000 # 1500
30960.000 # 1500
30961.000 # 1500
30962.000 # 1500
30963.000 # 1500
30963.529 + 128 1
30964.000 # 1500
30964.608 - 128 1.079 1
30965.000 # 1500
30966.000 # 1500
30967.000 # 1500
30968.000 # 1500
30969.000 # 1500
30970.000 # 1500
30971.000 # 1500
30972.000 # 1500
30973.000 # 1500
30974.000 # 1500
30975.000 # 1500
30976.000 # 1500
30977.000 # 1500
30977.538 + 128 1
30978.000 # 1500
30978.669 - 128 1.131 1
30979.000 # 1500
30980.000 # 1500
30981.000 # 1500
30982.000 # 1500
30983.000 # 1500
30984.000 # 1500
30985.000 # 1500
30986.000 # 1500
30987.000 # 1500
30987.535 + 128 1
30988.000 # 1500
30988.563 - 128 1.028 1
30989.000 # 1500
30990.000 # 1500
30991.000 # 1500
30992.000 # 1500
30993.000 # 1500
30994.000 # 1500
30995.000 # 1500
30996.000 # 1500
30997.000 # 1500
30998.000 # 1500
30999.000 # 1500
31000.000 # 1500
31001.000 # 1500
31001.609 + 128 1
31002.000 # 1500
31003.000 # 1500
31003.109 - 128 1.500 1
31004.000 # 1500
31005.000 # 1500
31006.000 # 1500
31007.000 # 1500
31008.000 # 1500
31009.000 # 1500
31010.000 # 1500
31011.000 # 1500
31011.536 + 128 1
31012.000 # 1500
31012.658 - 128 1.122 1
31013.000 # 1500
31014.000 # 1500
31015.000 # 1500
31016.000 # 1500
31017.000 # 1500
31018.000 # 1500
31019.000 # 1500
31020.000 # 1500
31021.000 # 1500
31022.000 # 1500
31023.000 # 1500
31024.000 # 1500
31025.000 # 1500
31025.932 + 128 1
31026.000 # 1500
31027.000 # 1500
31027.072 - 128 1.140 1
31028.000 # 1500
31029.000 # 1500
31030.000 # 1500
31031.000 # 1500
31032.000 # 1500
31033.000 # 1500
31034.000 # 1500
31035.000 # 1500
31035.728 + 128 1
31036.000 # 1500
31036.865 - 128 1.137 1
31037.000 # 1500
31038.000 # 1500
31039.000 # 1500
31040.000 # 1500
31041.000 # 1500
31042.000 # 1500
31043.000 # 1500
31044.000 # 1500
31045.000 # 1500
31046.000 # 1500
31047.000 # 1500
31048.000 # 1500
31049.000 # 1500
31049.548 + 128 1
31050.000 # 1500
31050.673 - 128 1.125 1
31051.000 # 1500
31052.000 # 1500
31053.000 # 1500
31054.000 # 1500
31055.000 # 1500
31056.000 # 1500
31057.000 # 1500
31058.000 # 1500
31059.000 # 1500
31059.487 + 128 1
31060.000 # 1500
31060.611 - 128 1.124 1
31061.000 # 1500
31062.000 # 1500
31063.000 # 1500
31064.000 # 1500
31065.000 # 1500
31066.000 # 1500
31067.000 # 1500
31068.000 # 1500
31069.000 # 1500
31070.000 # 1500
31071.000 # 1500
31072.000 # 1500
31073.000 # 1500
31073.560 + 128 1
31074.000 # 1500
31074.669 - 128 1.109 1
31075.000 # 1500
31076.000 # 1500
31077.000 # 1500
31078.000 # 1500
31079.000 # 1500
31080.000 # 1500
31081.000 # 1500
31082.000 # 1500
31083.000 # 1500
31083.558 + 128 1
31084.000 # 1500
31084.655 - 128 1.097 1
31085.000 # 1500
31086.000 # 1500
31087.000 # 1500
31088.000 # 1500
31089.000 # 1500
31090.000 # 1500
31091.000 # 1500
31092.000 # 1500
31093.000 # 1500
31094.000 # 1500
31095.000 # 1500
31096.000 # 1500
31097.000 # 1500
31097.519 + 128 1
31098.000 # 1500
31098.597 - 128 1.078 1
31099.000 # 1500
31100.000 # 1500
31101.000 # 1500
31102.000 # 1500
31103.000 # 1500
31104.000 # 1500
31105.000 # 1500
31106.000 # 1500
31107.000 # 1500
31107.554 + 128 1
31108.000 # 1500
31108.696 - 128 1.142 1
31109.000 # 1500
31110.000 # 1500
31111.000 # 1500
31112.000 # 1500
31113.000 # 1500
31114.000 # 1500
31115.000 # 1500
31116.000 # 1500
31117.000 # 1500
31118.000 # 1500
31119.000 # 1500
31120.000 # 1500
31121.000 # 1500
31121.533 + 128 1
31122.000 # 1500
31122.567 - 128 1.034 1
31123.000 # 1500
31124.000 # 1500
31125.000 # 1500
31126.000 # 1500
31127.000 # 1500
31128.000 # 1500
31129.000 # 1500
31130.000 # 1500
31131.000 # 1500
31132.000 # 1500
31133.000 # 1500
31134.000 # 1500
31135.000 # 1500
31136.000 # 1500
31137.000 # 1500
31138.000 # 1500
31138.088 + 128 1
31139.000 # 1500
31139.143 - 128 1.055 1
31140.000 # 1500
31141.000 # 1500
31142.000 # 1500
31143.000 # 1500
31144.000 # 1500
31145.000 # 1500
31146.000 # 1500
31147.000 # 1500
31148.000 # 1500
31148.135 + 128 1
31149.000 # 1500
31149.278 - 128 1.143 1
31150.000 # 1500
31151.000 # 1500
31152.000 # 1500
31153.000 # 1500
31154.000 # 1500
31155.000 # 1500
31156.000 # 1500
31157.000 # 1500
31158.000 # 1500
31159.000 # 1500
31160.000 # 1500
31161.000 # 1500
31161.865 + 128 1
31162.000 # 1500
31162.935 - 128 1.070 1
31163.000 # 1500
31164.000 # 1500
31165.000 # 1500
31166.000 # 1500
31167.000 # 1500
31168.000 # 1500
31169.000 # 1500
31170.000 # 1500
31171.000 # 1500
31171.740 + 128 1
31172.000 # 1500
31172.812 - 128 1.072 1
31173.000 # 1500
31174.000 # 1500
31175.000 # 1500
31176.000 # 1500
31177.000 # 1500
31178.000 # 1500
31179.000 # 1500
31180.000 # 1500
31181.000 # 1500
31182.000 # 1500
31183.000 # 1500
31184.000 # 1500
31185.000 # 1500
31185.515 + 128 1
31186.000 # 1500
31186.605 - 128 1.090 1
31187.000 # 1500
31188.000 # 1500
31189.000 # 1500
31190.000 # 1500
31191.000 # 1500
31192.000 # 1500
31193.000 # 1500
31194.000 # 1500
31195.000 # 1500
31195.484 + 128 1
31196.000 # 1500
31196.575 - 128 1.091 1
31197.000 # 1500
31198.000 # 1500
31199.000 # 1500
31200.000 # 1500
31201.000 # 1500
31202.000 # 1500
31203.000 # 1500
31204.000 # 1500
31205.000 # 1500
31206.000 # 1500
31207.000 # 1500
31208.000 # 1500
31209.000 # 1500
31209.515 + 128 1
31210.000 # 1500
31210.595 - 128 1.080 1
31211.000 # 1500
31212.000 # 1500
31213.000 # 1500
31214.000 # 1500
31215.000 # 1500
31216.000 # 1500
31217.000 # 1500
31218.000 # 1500
31219.000 # 1500
31219.644 + 128 1
31220.000 # 1500
31220.731 - 128 1.087 1
31221.000 # 1500
31222.000 # 1500
31223.000 # 1500
31224.000 # 1500
31225.000 # 1500
31226.000 # 1500
31227.000 # 1500
31228.000 # 1500
31229.000 # 1500
31230.000 # 1500
31231.000 # 1500
31232.000 # 1500
31233.000 # 1500
31233.512 + 128 1
31234.000 # 1500
31234.628 - 128 1.116 1
31235.000 # 1500
31236.000 # 1500
31237.000 # 1500
31238.000 # 1500
31239.000 # 1500
31240.000 # 1500
31241.000 # 1500
31242.000 # 1500
31243.000 # 1500
31243.514 + 128 1
31244.000 # 1500
31244.609 - 128 1.095 1
31245.000 # 1500
31246.000 # 1500
31247.000 # 1500
31248.000 # 1500
31249.000 # 1500
31250.000 # 1500
31251.000 # 1500
31252.000 # 1500
31253.000 # 1500
31254.000 # 1500
31255.000 # 1500
31256.000 # 1500
31257.000 # 1500
31257.559 + 128 1
31258.000 # 1500
31258.713 - 128 1.154 1
31259.000 # 1500
31260.000 # 1500
31261.000 # 1500
31262.000 # 1500
31263.000 # 1500
31264.000 # 1500
31265.000 # 1500
31266.000 # 1500
31267.000 # 1500
31267.491 + 128 1
31268.000 # 1500
31268.584 - 128 1.093 1
31269.000 # 1500
31270.000 # 1500
31271.000 # 1500
31272.000 # 1500
31273.000 # 1500
31274.000 # 1500
31275.000 # 1500
31276.000 # 1500
31277.000 # 1500
31278.000 # 1500
31279.000 # 1500
31280.000 # 1500
31281.000 # 1500
31281.548 + 128 1
31282.000 # 1500
31282.691 - 128 1.143 1
31283.000 # 1500
31284.000 # 1500
31285.000 # 1500
31286.000 # 1500
31287.000 # 1500
31288.000 # 1500
31289.000 # 1500
31290.000 # 1500
31291.000 # 1500
31291.491 + 128 1
31292.000 # 1500
31292.630 - 128 1.139 1
31293.000 # 1500
31294.000 # 1500
31295.000 # 1500
31296.000 # 1500
31297.000 # 1500
31298.000 # 1500
31299.000 # 1500
31300.000 # 1500
31301.000 # 1500
31302.000 # 1500
31303.000 # 1500
31304.000 # 1500
31305.000 # 1500
31305.575 + 128 1
31306.000 # 1500
31306.755 - 128 1.180 1
31307.000 # 1500
31308.000 # 1500
31309.000 # 1500
31310.000 # 1500
31311.000 # 1500
31312.000 # 1500
31313.000 # 1500
31314.000 # 1500
31315.000 # 1500
31315.580 + 128 1
31316.000 # 1500
31316.749 - 128 1.169 1
31317.000 # 1500
31318.000 # 1500
31319.000 # 1500
31320.000 # 1500
31321.000 # 1500
31322.000 # 1500
31323.000 # 1500
31324.000 # 1500
31325.000 # 1500
31326.000 # 1500
31327.000 # 1500
31328.000 # 1500
31329.000 # 1500
31329.946 + 128 1
31330.000 # 1500
31331.000 # 1500
31331.122 - 128 1.176 1
31332.000 # 1500
31333.000 # 1500
31334.000 # 1500
31335.000 # 1500
31336.000 # 1500
31337.000 # 1500
31338.000 # 1500
31339.000 # 1500
31339.814 + 128 1
31340.000 # 1500
31341.000 # 1500
31341.026 - 128 1.212 1
31342.000 # 1500
31343.000 # 1500
31344.000 # 1500
31345.000 # 1500
31346.000 # 1500
31347.000 # 1500
31348.000 # 1500
31349.000 # 1500
31350.000 # 1500
31351.000 # 1500
31352.000 # 1500
31353.000 # 1500
31353.514 + 128 1
31354.000 # 1500
31354.769 - 128 1.255 1
31355.000 # 1500
31356.000 # 1500
31357.000 # 1500
31358.000 # 1500
31359.000 # 1500
31360.000 # 1500
31361.000 # 1500
31362.000 # 1500
31363.000 # 1500
31363.598 + 128 1
31364.000 # 1500
31364.848 - 128 1.250 1
31365.000 # 1500
31366.000 # 1500
31367.000 # 1500
31368.000 # 1500
31369.000 # 1500
31370.000 # 1500
31371.000 # 1500
31372.000 # 1500
31373.000 # 1500
31374.000 # 1500
31375.000 # 1500
31376.000 # 1500
31377.000 # 1500
31377.622 + 128 1
31378.000 # 1500
31378.870 - 128 1.248 1
31379.000 # 1500
31380.000 # 1500
31381.000 # 1500
31382.000 # 1500
31383.000 # 1500
31384.000 # 1500
31385.000 # 1500
31386.000 # 1500
31387.000 # 1500
31387.779 + 128 1
31388.000 # 1500
31389.000 # 1500
31389.041 - 128 1.262 1
31390.000 # 1500
31391.000 # 1500
31392.000 # 1500
31393.000 # 1500
31394.000 # 1500
31395.000 # 1500
31396.000 # 1500
31397.000 # 1500
31398.000 # 1500
31399.000 # 1500
31400.000 # 1500
31401.000 # 1500
31401.641 + 128 1
31402.000 # 1500
31402.897 - 128 1.256 1
31403.000 # 1500
31404.000 # 1500
31405.000 # 1500
31406.000 # 1500
31407.000 # 1500
31408.000 # 1500
31409.000 # 1500
31410.000 # 1500
31411.000 # 1500
31411.578 + 128 1
31412.000 # 1500
31412.841 - 128 1.263 1
31413.000 # 1500
31414.000 # 1500
31415.000 # 1500
31416.000 # 1500
31417.000 # 1500
31418.000 # 1500
31419.000 # 1500
31420.000 # 1500
31421.000 # 1500
31422.000 # 1500
31423.000 # 1500
31424.000 # 1500
31425.000 # 1500
31425.602 + 128 1
31426.000 # 1500
31426.780 - 128 1.178 1
31427.000 # 1500
31428.000 # 1500
31429.000 # 1500
31430.000 # 1500
31431.000 # 1500
31432.000 # 1500
31433.000 # 1500
31434.000 # 1500
31435.000 # 1500
31435.521 + 128 1
31436.000 # 1500
31436.637 - 128 1.116 1
31437.000 # 1500
31438.000 # 1500
31439.000 # 1500
31440.000 # 1500
31441.000 # 1500
31442.000 # 1500
31443.000 # 1500
31444.000 # 1500
31445.000 # 1500
31446.000 # 1500
31447.000 # 1500
31448.000 # 1500
31449.000 # 1500
31449.576 + 128 1
31450.000 # 1500
31450.745 - 128 1.169 1
31451.000 # 1500
31452.000 # 1500
31453.000 # 1500
31454.000 # 1500
31455.000 # 1500
31456.000 # 1500
31457.000 # 1500
31458.000 # 1500
31459.000 # 1500
31459.572 + 128 1
31460.000 # 1500
31460.803 - 128 1.231 1
31461.000 # 1500
31462.000 # 1500
31463.000 # 1500
31464.000 # 1500
31465.000 # 1500
31466.000 # 1500
31467.000 # 1500
31468.000 # 1500
31469.000 # 1500
31470.000 # 1500
31471.000 # 1500
31472.000 # 1500
31473.000 # 1500
31473.559 + 128 1
31474.000 # 1500
31474.730 - 128 1.171 1
31475.000 # 1500
31476.000 # 1500
31477.000 # 1500
31478.000 # 1500
31479.000 # 1500
31480.000 # 1500
31481.000 # 1500
31482.000 # 1500
31483.000 # 1500
31483.549 + 128 1
31484.000 # 1500
31484.713 - 128 1.164 1
31485.000 # 1500
31486.000 # 1500
31487.000 # 1500
31488.000 # 1500
31489.000 # 1500
31490.000 # 1500
31491.000 # 1500
31492.000 # 1500
31493.000 # 1500
31494.000 # 1500
31495.000 # 1500
31496.000 # 1500
31497.000 # 1500
31497.922 + 128 1
31498.000 # 1500
31499.000 # 1500
31499.075 - 128 1.153 1
31500.000 # 1500
31501.000 # 1500
31502.000 # 1500
31503.000 # 1500
31504.000 # 1500
31505.000 # 1500
31506.000 # 1500
31507.000 # 1500
31507.763 + 128 1
31508.000 # 1500
31508.922 - 128 1.159 1
31509.000 # 1500
31510.000 # 1500
31511.000 # 1500
31512.000 # 1500
31513.000 # 1500
31514.000 # 1500
31515.000 # 1500
31516.000 # 1500
31517.000 # 1500
31518.000 # 1500
31519.000 # 1500
31520.000 # 1500
31521.000 # 1500
31521.563 + 128 1
31522.000 # 1500
31522.728 - 128 1.165 1
31523.000 # 1500
31524.000 # 1500
31525.000 # 1500
31526.000 # 1500
31527.000 # 1500
31528.000 # 1500
31529.000 # 1500
31530.000 # 1500
31531.000 # 1500
31531.542 + 128 1
31532.000 # 1500
31532.728 - 128 1.186 1
31533.000 # 1500
31534.000 # 1500
31535.000 # 1500
31536.000 # 1500
31537.000 # 1500
31538.000 # 1500
31539.000 # 1500
31540.000 # 1500
31541.000 # 1500
31542.000 # 1500
31543.000 # 1500
31544.000 # 1500
31545.000 # 1500
31545.534 + 128 1
31546.000 # 1500
31546.703 - 128 1.169 1
31547.000 # 1500
31548.000 # 1500
31549.000 # 1500
31550.000 # 1500
31551.000 # 1500
31552.000 # 1500
31553.000 # 1500
31554.000 # 1500
31555.000 # 1500
31555.690 + 128 1
31556.000 # 1500
31556.770 - 128 1.080 1
31557.000 # 1500
31558.000 # 1500
31559.000 # 1500
31560.000 # 1500
31561.000 # 1500
31562.000 # 1500
31563.000 # 1500
31564.000 # 1500
31565.000 # 1500
31566.000 # 1500
31567.000 # 1500
31568.000 # 1500
31569.000 # 1500
31569.730 + 128 1
31570.000 # 1500
31570.862 - 128 1.132 1
31571.000 # 1500
31572.000 # 1500
31573.000 # 1500
31574.000 # 1500
31575.000 # 1500
31576.000 # 1500
31577.000 # 1500
31578.000 # 1500
31579.000 # 1500
31579.770 + 128 1
31580.000 # 1500
31580.913 - 128 1.143 1
31581.000 # 1500
31582.000 # 1500
31583.000 # 1500
31584.000 # 1500
31585.000 # 1500
31586.000 # 1500
31587.000 # 1500
31588.000 # 1500
31589.000 # 1500
31590.000 # 1500
31591.000 # 1500
31592.000 # 1500
31593.000 # 1500
31593.573 + 128 1
31594.000 # 1500
31594.751 - 128 1.178 1
31595.000 # 1500
31596.000 # 1500
31597.000 # 1500
31598.000 # 1500
31599.000 # 1500
31600.000 # 1500
31601.000 # 1500
31602.000 # 1500
31603.000 # 1500
31603.528 + 128 1
31604.000 # 1500
31604.653 - 128 1.125 1
31605.000 # 1500
31606.000 # 1500
31607.000 # 1500
31608.000 # 1500
31609.000 # 1500
31610.000 # 1500
31611.000 # 1500
31612.000 # 1500
31613.000 # 1500
31614.000 # 1500
31615.000 # 1500
31616.000 # 1500
31617.000 # 1500
31617.562 + 128 1
31618.000 # 1500
31618.703 - 128 1.141 1
31619.000 # 1500
31620.000 # 1500
31621.000 # 1500
31622.000 # 1500
31623.000 # 1500
31624.000 # 1500
31625.000 # 1500
31626.000 # 1500
31627.000 # 1500
31627.677 + 128 1
31628.000 # 1500
31628.934 - 128 1.257 1
31629.000 # 1500
31630.000 # 1500
31631.000 # 1500
31632.000 # 1500
31633.000 # 1500
31634.000 # 1500
31635.000 # 1500
31636.000 # 1500
31637.000 # 1500
31638.000 # 1500
31639.000 # 1500
31640.000 # 1500
31641.000 # 1500
31641.589 + 128 1
31642.000 # 1500
31642.696 - 128 1.107 1
31643.000 # 1500
31644.000 # 1500
31645.000 # 1500
31646.000 # 1500
31647.000 # 1500
31648.000 # 1500
31649.000 # 1500
31650.000 # 1500
31651.000 # 1500
31651.538 + 128 1
31652.000 # 1500
31652.624 - 128 1.086 1
31653.000 # 1500
31654.000 # 1500
31655.000 # 1500
31656.000 # 1500
31657.000 # 1500
31658.000 # 1500
31659.000 # 1500
31660.000 # 1500
31661.000 # 1500
31662.000 # 1500
31663.000 # 1500
31664.000 # 1500
31665.000 # 1500
31665.811 + 128 1
31666.000 # 1500
31666.864 - 128 1.053 1
31667.000 # 1500
31668.000 # 1500
31669.000 # 1500
31670.000 # 1500
31671.000 # 1500
31672.000 # 1500
31673.000 # 1500
31674.000 # 1500
31675.000 # 1500
31675.515 + 128 1
31676.000 # 1500
31676.569 - 128 1.054 1
31677.000 # 1500
31678.000 # 1500
31679.000 # 1500
31680.000 # 1500
31681.000 # 1500
31682.000 # 1500
31683.000 # 1500
31684.000 # 1500
31685.000 # 1500
31686.000 # 1500
31687.000 # 1500
31688.000 # 1500
31689.000 # 1500
31689.515 + 128 1
31690.000 # 1500
31690.624 - 128 1.109 1
31691.000 # 1500
31692.000 # 1500
31693.000 # 1500
31694.000 # 1500
31695.000 # 1500
31696.000 # 1500
31697.000 # 1500
31698.000 # 1500
31699.000 # 1500
31699.514 + 128 1
31700.000 # 1500
31700.568 - 128 1.054 1
31701.000 # 1500
31702.000 # 1500
31703.000 # 1500
31704.000 # 1500
31705.000 # 1500
31706.000 # 1500
31707.000 # 1500
31708.000 # 1500
31709.000 # 1500
31710.000 # 1500
31711.000 # 1500
31712.000 # 1500
31713.000 # 1500
31713.528 + 128 1
31714.000 # 1500
31714.661 - 128 1.133 1
31715.000 # 1500
31716.000 # 1500
31717.000 # 1500
31718.000 # 1500
31719.000 # 1500
31720.000 # 1500
31721.000 # 1500
31722.000 # 1500
31723.000 # 1500
31723.509 + 128 1
31724.000 # 1500
31724.611 - 128 1.102 1
31725.000 # 1500
31726.000 # 1500
31727.000 # 1500
31728.000 # 1500
31729.000 # 1500
31730.000 # 1500
31731.000 # 1500
31732.000 # 1500
31733.000 # 1500
31734.000 # 1500
31735.000 # 1500
31736.000 # 1500
31737.000 # 1500
31737.530 + 128 1
31738.000 # 1500
31738.614 - 128 1.084 1
31739.000 # 1500
31740.000 # 1500
31741.000 # 1500
31742.000 # 1500
31743.000 # 1500
31744.000 # 1500
31745.000 # 1500
31746.000 # 1500
31747.000 # 1500
31747.509 + 128 1
31748.000 # 1500
31748.613 - 128 1.104 1
31749.000 # 1500
31750.000 # 1500
31751.000 # 1500
31752.000 # 1500
31753.000 # 1500
31754.000 # 1500
31755.000 # 1500
31756.000 # 1500
31757.000 # 1500
31758.000 # 1500
31759.000 # 1500
31760.000 # 1500
31761.000 # 1500
31761.513 + 128 1
31762.000 # 1500
31762.620 - 128 1.107 1
31763.000 # 1500
31764.000 # 1500
31765.000 # 1500
31766.000 # 1500
31767.000 # 1500
31768.000 # 1500
31769.000 # 1500
31770.000 # 1500
31771.000 # 1500
31771.573 + 128 1
31772.000 # 1500
31772.816 - 128 1.243 1
31773.000 # 1500
31774.000 # 1500
31775.000 # 1500
31776.000 # 1500
31777.000 # 1500
31778.000 # 1500
31779.000 # 1500
31780.000 # 1500
31781.000 # 1500
31782.000 # 1500
31783.000 # 1500
31784.000 # 1500
31785.000 # 1500
31785.636 + 128 1
31786.000 # 1500
31786.849 - 128 1.213 1
31787.000 # 1500
31788.000 # 1500
31789.000 # 1500
31790.000 # 1500
31791.000 # 1500
31792.000 # 1500
31793.000 # 1500
31794.000 # 1500
31795.000 # 1500
31795.614 + 128 1
31796.000 # 1500
31796.865 - 128 1.251 1
31797.000 # 1500
31798.000 # 1500
31799.000 # 1500
31800.000 # 1500
31801.000 # 1500
31802.000 # 1500
31803.000 # 1500
31804.000 # 1500
31805.000 # 1500
31806.000 # 1500
31807.000 # 1500
31808.000 # 1500
31809.000 # 1500
31809.621 + 128 1
31810.000 # 1500
31810.839 - 128 1.218 1
31811.000 # 1500
31812.000 # 1500
31813.000 # 1500
31814.000 # 1500
31815.000 # 1500
31816.000 # 1500
31817.000 # 1500
31818.000 # 1500
31819.000 # 1500
31819.632 + 128 1
31820.000 # 1500
31820.881 - 128 1.249 1
31821.000 # 1500
31822.000 # 1500
31823.000 # 1500
31824.000 # 1500
31825.000 # 1500
31826.000 # 1500
31827.000 # 1500
31828.000 # 1500
31829.000 # 1500
31830.000 # 1500
31831.000 # 1500
31832.000 # 1500
31833.000 # 1500
31833.632 + 128 1
31834.000 # 1500
31834.884 - 128 1.252 1
31835.000 # 1500
31836.000 # 1500
31837.000 # 1500
31838.000 # 1500
31839.000 # 1500
31840.000 # 1500
31841.000 # 1500
31842.000 # 1500
31843.000 # 1500
31843.644 + 128 1
31844.000 # 1500
31844.889 - 128 1.245 1
31845.000 # 1500
31846.000 # 1500
31847.000 # 1500
31848.000 # 1500
31849.000 # 1500
31850.000 # 1500
31851.000 # 1500
31852.000 # 1500
31853.000 # 1500
31854.000 # 1500
31855.000 # 1500
31856.000 # 1500
31857.000 # 1500
31857.568 + 128 1
31858.000 # 1500
31858.742 - 128 1.174 1
31859.000 # 1500
31860.000 # 1500
31861.000 # 1500
31862.000 # 1500
31863.000 # 1500
31864.000 # 1500
31865.000 # 1500
31866.000 # 1500
31867.000 # 1500
31867.611 + 128 1
31868.000 # 1500
31868.841 - 128 1.230 1
31869.000 # 1500
31870.000 # 1500
31871.000 # 1500
31872.000 # 1500
31873.000 # 1500
31874.000 # 1500
31875.000 # 1500
31876.000 # 1500
31877.000 # 1500
31878.000 # 1500
31879.000 # 1500
31880.000 # 1500
31881.000 # 1500
31881.658 + 128 1
31882.000 # 1500
31882.894 - 128 1.236 1
31883.000 # 1500
31884.000 # 1500
31885.000 # 1500
31886.000 # 1500
31887.000 # 1500
31888.000 # 1500
31889.000 # 1500
31890.000 # 1500
31891.000 # 1500
31891.632 + 128 1
31892.000 # 1500
31892.849 - 128 1.217 1
31893.000 # 1500
31894.000 # 1500
31895.000 # 1500
31896.000 # 1500
31897.000 # 1500
31898.000 # 1500
31899.000 # 1500
31900.000 # 1500
31901.000 # 1500
31902.000 # 1500
31903.000 # 1500
31904.000 # 1500
31905.000 # 1500
31905.619 + 128 1
31906.000 # 1500
31906.837 - 128 1.218 1
31907.000 # 1500
31908.000 # 1500
31909.000 # 1500
31910.000 # 1500
31911.000 # 1500
31912.000 # 1500
31913.000 # 1500
31914.000 # 1500
31915.000 # 1500
31915.503 + 128 1
31916.000 # 1500
31916.610 - 128 1.107 1
31917.000 # 1500
31918.000 # 1500
31919.000 # 1500
31920.000 # 1500
31921.000 # 1500
31922.000 # 1500
31923.000 # 1500
31924.000 # 1500
31925.000 # 1500
31926.000 # 1500
31927.000 # 1500
31928.000 # 1500
31929.000 # 1500
31929.528 + 128 1
31930.000 # 1500
31930.639 - 128 1.111 1
31931.000 # 1500
31932.000 # 1500
31933.000 # 1500
31934.000 # 1500
31935.000 # 1500
31936.000 # 1500
31937.000 # 1500
31938.000 # 1500
31939.000 # 1500
31939.537 + 128 1
31940.000 # 1500
31940.583 - 128 1.046 1
31941.000 # 1500
31942.000 # 1500
31943.000 # 1500
31944.000 # 1500
31945.000 # 1500
31946.000 # 1500
31947.000 # 1500
31948.000 # 1500
31949.000 # 1500
31950.000 # 1500
31951.000 # 1500
31952.000 # 1500
31953.000 # 1500
31953.629 + 128 1
31954.000 # 1500
31954.892 - 128 1.263 1
31955.000 # 1500
31956.000 # 1500
31957.000 # 1500
31958.000 # 1500
31959.000 # 1500
31960.000 # 1500
31961.000 # 1500
31962.000 # 1500
31963.000 # 1500
31963.591 + 128 1
31964.000 # 1500
31964.830 - 128 1.239 1
31965.000 # 1500
31966.000 # 1500
31967.000 # 1500
31968.000 # 1500
31969.000 # 1500
31970.000 # 1500
31971.000 # 1500
31972.000 # 1500
31973.000 # 1500
31974.000 # 1500
31975.000 # 1500
31976.000 # 1500
31977.000 # 1500
31977.554 + 128 1
31978.000 # 1500
31978.690 - 128 1.136 1
31979.000 # 1500
31980.000 # 1500
31981.000 # 1500
31982.000 # 1500
31983.000 # 1500
31984.000 # 1500
31985.000 # 1500
31986.000 # 1500
31987.000 # 1500
31987.491 + 128 1
31988.000 # 1500
31988.607 - 128 1.116 1
31989.000 # 1500
31990.000 # 1500
31991.000 # 1500
31992.000 # 1500
31993.000 # 1500
31994.000 # 1500
31995.000 # 1500
31996.000 # 1500
31997.000 # 1500
31998.000 # 1500
31999.000 # 1500
32000.000 # 1500
32001.000 # 1500
32001.550 + 128 1
32002.000 # 1500
32002.677 - 128 1.127 1
32003.000 # 1500
32004.000 # 1500
32005.000 # 1500
32006.000 # 1500
32007.000 # 1500
32008.000 # 1500
32009.000 # 1500
32010.000 # 1500
32011.000 # 1500
32011.488 + 128 1
32012.000 # 1500
32012.625 - 128 1.137 1
32013.000 # 1500
32014.000 # 1500
32015.000 # 1500
32016.000 # 1500
32017.000 # 1500
32018.000 # 1500
32019.000 # 1500
32020.000 # 1500
32021.000 # 1500
32022.000 # 1500
32023.000 # 1500
32024.000 # 1500
32025.000 # 1500
32025.635 + 128 1
32026.000 # 1500
32027.000 # 1500
32027.345 - 128 1.710 1
32028.000 # 1500
32029.000 # 1500
32030.000 # 1500
32031.000 # 1500
32032.000 # 1500
32033.000 # 1500
32034.000 # 1500
32035.000 # 1500
32035.493 + 128 1
32036.000 # 1500
32036.731 - 128 1.238 1
32037.000 # 1500
32038.000 # 1500
32039.000 # 1500
32040.000 # 1500
32041.000 # 1500
32042.000 # 1500
32043.000 # 1500
32044.000 # 1500
32045.000 # 1500
32046.000 # 1500
32047.000 # 1500
32048.000 # 1500
32049.000 # 1500
32049.520 + 128 1
32050.000 # 1500
32050.688 - 128 1.168 1
32051.000 # 1500
32052.000 # 1500
32053.000 # 1500
32054.000 # 1500
32055.000 # 1500
32056.000 # 1500
32057.000 # 1500
32058.000 # 1500
32059.000 # 1500
32059.634 + 128 1
32060.000 # 1500
32060.872 - 128 1.238 1
32061.000 # 1500
32062.000 # 1500
32063.000 # 1500
32064.000 # 1500
32065.000 # 1500
32066.000 # 1500
32067.000 # 1500
32068.000 # 1500
32069.000 # 1500
32070.000 # 1500
32071.000 # 1500
32072.000 # 1500
32073.000 # 1500
32073.639 + 128 1
32074.000 # 1500
32074.866 - 128 1.227 1
32075.000 # 1500
32076.000 # 1500
32077.000 # 1500
32078.000 # 1500
32079.000 # 1500
32080.000 # 1500
32081.000 # 1500
32082.000 # 1500
32083.000 # 1500
32083.638 + 128 1
32084.000 # 1500
32084.867 - 128 1.229 1
32085.000 # 1500
32086.000 # 1500
32087.000 # 1500
32088.000 # 1500
32089.000 # 1500
32090.000 # 1500
32091.000 # 1500
32092.000 # 1500
32093.000 # 1500
32094.000 # 1500
32095.000 # 1500
32096.000 # 1500
32097.000 # 1500
32097.626 + 128 1
32098.000 # 1500
32098.773 - 128 1.147 1
32099.000 # 1500
32100.000 # 1500
32101.000 # 1500
32102.000 # 1500
32103.000 # 1500
32104.000 # 1500
32105.000 # 1500
32106.000 # 1500
32107.000 # 1500
32107.601 + 128 1
32108.000 # 1500
32108.867 - 128 1.266 1
32109.000 # 1500
32110.000 # 1500
32111.000 # 1500
32112.000 # 1500
32113.000 # 1500
32114.000 # 1500
32115.000 # 1500
32116.000 # 1500
32117.000 # 1500
32118.000 # 1500
32119.000 # 1500
32120.000 # 1500
32121.000 # 1500
32121.513 + 128 1
32122.000 # 1500
32122.776 - 128 1.263 1
32123.000 # 1500
32124.000 # 1500
32125.000 # 1500
32126.000 # 1500
32127.000 # 1500
32128.000 # 1500
32129.000 # 1500
32130.000 # 1500
32131.000 # 1500
32131.642 + 128 1
32132.000 # 1500
32132.868 - 128 1.226 1
32133.000 # 1500
32134.000 # 1500
32135.000 # 1500
32136.000 # 1500
32137.000 # 1500
32138.000 # 1500
32139.000 # 1500
32140.000 # 1500
32141.000 # 1500
32142.000 # 1500
32143.000 # 1500
32144.000 # 1500
32145.000 # 1500
32145.647 + 128 1
32146.000 # 1500
32146.881 - 128 1.234 1
32147.000 # 1500
32148.000 # 1500
32149.000 # 1500
32150.000 # 1500
32151.000 # 1500
32152.000 # 1500
32153.000 # 1500
32154.000 # 1500
32155.000 # 1500
32155.596 + 128 1
32156.000 # 1500
32156.861 - 128 1.265 1
32157.000 # 1500
32158.000 # 1500
32159.000 # 1500
32160.000 # 1500
32161.000 # 1500
32162.000 # 1500
32163.000 # 1500
32164.000 # 1500
32165.000 # 1500
32165.521 + 128 1
32166.000 # 1500
32166.664 - 128 1.143 1
32167.000 # 1500
32168.000 # 1500
32169.000 # 1500
32170.000 # 1500
32171.000 # 1500
32172.000 # 1500
32173.000 # 1500
32174.000 # 1500
32175.000 # 1500
32176.000 # 1500
32177.000 # 1500
32177.522 + 128 1
32178.000 # 1500
32178.611 - 128 1.089 1
32179.000 # 1500
32180.000 # 1500
32181.000 # 1500
32182.000 # 1500
32183.000 # 1500
32184.000 # 1500
32185.000 # 1500
32186.000 # 1500
32187.000 # 1500
32187.492 + 128 1
32188.000 # 1500
32188.597 - 128 1.105 1
32189.000 # 1500
32190.000 # 1500
32191.000 # 1500
32192.000 # 1500
32193.000 # 1500
32194.000 # 1500
32195.000 # 1500
32196.000 # 1500
32197.000 # 1500
32198.000 # 1500
32199.000 # 1500
32200.000 # 1500
32201.000 # 1500
32201.838 + 128 1
32202.000 # 1500
32202.955 - 128 1.117 1
32203.000 # 1500
32204.000 # 1500
32205.000 # 1500
32206.000 # 1500
32207.000 # 1500
32208.000 # 1500
32209.000 # 1500
32210.000 # 1500
32211.000 # 1500
32211.595 + 128 1
32212.000 # 1500
32212.686 - 128 1.091 1
32213.000 # 1500
32214.000 # 1500
32215.000 # 1500
32216.000 # 1500
32217.000 # 1500
32218.000 # 1500
32219.000 # 1500
32220.000 # 1500
32221.000 # 1500
32222.000 # 1500
32223.000 # 1500
32224.000 # 1500
32225.000 # 1500
32225.561 + 128 1
32226.000 # 1500
32226.671 - 128 1.110 1
32227.000 # 1500
32228.000 # 1500
32229.000 # 1500
32230.000 # 1500
32231.000 # 1500
32232.000 # 1500
32233.000 # 1500
32234.000 # 1500
32235.000 # 1500
32235.508 + 128 1
32236.000 # 1500
32236.623 - 128 1.115 1
32237.000 # 1500
32238.000 # 1500
32239.000 # 1500
32240.000 # 1500
32241.000 # 1500
32242.000 # 1500
32243.000 # 1500
32244.000 # 1500
32245.000 # 1500
32246.000 # 1500
32247.000 # 1500
32248.000 # 1500
32249.000 # 1500
32249.518 + 128 1
32250.000 # 1500
32250.657 - 128 1.139 1
32251.000 # 1500
32252.000 # 1500
32253.000 # 1500
32254.000 # 1500
32255.000 # 1500
32256.000 # 1500
32257.000 # 1500
32258.000 # 1500
32259.000 # 1500
32259.838 + 128 1
32260.000 # 1500
32260.939 - 128 1.101 1
32261.000 # 1500
32262.000 # 1500
32263.000 # 1500
32264.000 # 1500
32265.000 # 1500
32266.000 # 1500
32267.000 # 1500
32268.000 # 1500
32269.000 # 1500
32270.000 # 1500
32271.000 # 1500
32272.000 # 1500
32273.000 # 1500
32273.537 + 128 1
32274.000 # 1500
32274.650 - 128 1.113 1
32275.000 # 1500
32276.000 # 1500
32277.000 # 1500
32278.000 # 1500
32279.000 # 1500
32280.000 # 1500
32281.000 # 1500
32282.000 # 1500
32283.000 # 1500
32283.554 + 128 1
32284.000 # 1500
32284.695 - 128 1.141 1
32285.000 # 1500
32286.000 # 1500
32287.000 # 1500
32288.000 # 1500
32289.000 # 1500
32290.000 # 1500
32291.000 # 1500
32292.000 # 1500
32293.000 # 1500
32294.000 # 1500
32295.000 # 1500
32296.000 # 1500
32297.000 # 1500
32297.560 + 128 1
32298.000 # 1500
32298.703 - 128 1.143 1
32299.000 # 1500
32300.000 # 1500
32301.000 # 1500
32302.000 # 1500
32303.000 # 1500
32304.000 # 1500
32305.000 # 1500
32306.000 # 1500
32307.000 # 1500
32307.575 + 128 1
32308.000 # 1500
32308.748 - 128 1.173 1
32309.000 # 1500
32310.000 # 1500
32311.000 # 1500
32312.000 # 1500
32313.000 # 1500
32314.000 # 1500
32315.000 # 1500
32316.000 # 1500
32317.000 # 1500
32318.000 # 1500
32319.000 # 1500
32320.000 # 1500
32321.000 # 1500
32321.587 + 128 1
32322.000 # 1500
32322.831 - 128 1.244 1
32323.000 # 1500
32324.000 # 1500
32325.000 # 1500
32326.000 # 1500
32327.000 # 1500
32328.000 # 1500
32329.000 # 1500
32330.000 # 1500
32331.000 # 1500
32331.613 + 128 1
32332.000 # 1500
32332.842 - 128 1.229 1
32333.000 # 1500
32334.000 # 1500
32335.000 # 1500
32336.000 # 1500
32337.000 # 1500
32338.000 # 1500
32339.000 # 1500
32340.000 # 1500
32341.000 # 1500
32342.000 # 1500
32343.000 # 1500
32344.000 # 1500
32345.000 # 1500
32345.672 + 128 1
32346.000 # 1500
32346.962 - 128 1.290 1
32347.000 # 1500
32348.000 # 1500
32349.000 # 1500
32350.000 # 1500
32351.000 # 1500
32352.000 # 1500
32353.000 # 1500
32354.000 # 1500
32355.000 # 1500
32355.554 + 128 1
32356.000 # 1500
32356.730 - 128 1.176 1
32357.000 # 1500
32358.000 # 1500
32359.000 # 1500
32360.000 # 1500
32361.000 # 1500
32362.000 # 1500
32363.000 # 1500
32364.000 # 1500
32365.000 # 1500
32366.000 # 1500
32367.000 # 1500
32368.000 # 1500
32369.000 # 1500
32369.561 + 128 1
32370.000 # 1500
32370.723 - 128 1.162 1
32371.000 # 1500
32372.000 # 1500
32373.000 # 1500
32374.000 # 1500
32375.000 # 1500
32376.000 # 1500
32377.000 # 1500
32378.000 # 1500
32379.000 # 1500
32379.574 + 128 1
32380.000 # 1500
32380.659 - 128 1.085 1
32381.000 # 1500
32382.000 # 1500
32383.000 # 1500
32384.000 # 1500
32385.000 # 1500
32386.000 # 1500
32387.000 # 1500
32388.000 # 1500
32389.000 # 1500
32390.000 # 1500
32391.000 # 1500
32392.000 # 1500
32393.000 # 1500
32393.625 + 128 1
32394.000 # 1500
32394.876 - 128 1.251 1
32395.000 # 1500
32396.000 # 1500
32397.000 # 1500
32398.000 # 1500
32399.000 # 1500
32400.000 # 1500
32401.000 # 1500
32402.000 # 1500
32403.000 # 1500
32403.541 + 128 1
32404.000 # 1500
32404.656 - 128 1.115 1
32405.000 # 1500
32406.000 # 1500
32407.000 # 1500
32408.000 # 1500
32409.000 # 1500
32410.000 # 1500
32411.000 # 1500
32412.000 # 1500
32413.000 # 1500
32414.000 # 1500
32415.000 # 1500
32416.000 # 1500
32417.000 # 1500
32417.338 + 128 1
32418.000 # 1500
32418.522 - 128 1.184 1
32419.000 # 1500
32420.000 # 1500
32421.000 # 1500
32422.000 # 1500
32423.000 # 1500
32424.000 # 1500
32425.000 # 1500
32426.000 # 1500
32427.000 # 1500
32427.359 + 128 1
32428.000 # 1500
32428.529 - 128 1.170 1
32429.000 # 1500
32430.000 # 1500
32431.000 # 1500
32432.000 # 1500
32433.000 # 1500
32434.000 # 1500
32435.000 # 1500
32436.000 # 1500
32437.000 # 1500
32438.000 # 1500
32439.000 # 1500
32440.000 # 1500
32441.000 # 1500
32441.535 + 128 1
32442.000 # 1500
32442.664 - 128 1.129 1
32443.000 # 1500
32444.000 # 1500
32445.000 # 1500
32446.000 # 1500
32447.000 # 1500
32448.000 # 1500
32449.000 # 1500
32450.000 # 1500
32451.000 # 1500
32451.524 + 128 1
32452.000 # 1500
32452.591 - 128 1.067 1
32453.000 # 1500
32454.000 # 1500
32455.000 # 1500
32456.000 # 1500
32457.000 # 1500
32458.000 # 1500
32459.000 # 1500
32460.000 # 1500
32461.000 # 1500
32462.000 # 1500
32463.000 # 1500
32464.000 # 1500
32465.000 # 1500
32465.556 + 128 1
32466.000 # 1500
32466.744 - 128 1.188 1
32467.000 # 1500
32468.000 # 1500
32469.000 # 1500
32470.000 # 1500
32471.000 # 1500
32472.000 # 1500
32473.000 # 1500
32474.000 # 1500
32475.000 # 1500
32475.594 + 128 1
32476.000 # 1500
32476.830 - 128 1.236 1
32477.000 # 1500
32478.000 # 1500
32479.000 # 1500
32480.000 # 1500
32481.000 # 1500
32482.000 # 1500
32483.000 # 1500
32484.000 # 1500
32485.000 # 1500
32486.000 # 1500
32487.000 # 1500
32488.000 # 1500
32489.000 # 1500
32489.585 + 128 1
32490.000 # 1500
32490.819 - 128 1.234 1
32491.000 # 1500
32492.000 # 1500
32493.000 # 1500
32494.000 # 1500
32495.000 # 1500
32496.000 # 1500
32497.000 # 1500
32498.000 # 1500
32499.000 # 1500
32499.609 + 128 1
32500.000 # 1500
32500.846 - 128 1.237 1
32501.000 # 1500
32502.000 # 1500
32503.000 # 1500
32504.000 # 1500
32505.000 # 1500
32506.000 # 1500
32507.000 # 1500
32508.000 # 1500
32509.000 # 1500
32510.000 # 1500
32511.000 # 1500
32512.000 # 1500
32513.000 # 1500
32513.636 + 128 1
32514.000 # 1500
32514.817 - 128 1.181 1
32515.000 # 1500
32516.000 # 1500
32517.000 # 1500
32518.000 # 1500
32519.000 # 1500
32520.000 # 1500
32521.000 # 1500
32522.000 # 1500
32523.000 # 1500
32523.636 + 128 1
32524.000 # 1500
32524.823 - 128 1.187 1
32525.000 # 1500
32526.000 # 1500
32527.000 # 1500
32528.000 # 1500
32529.000 # 1500
32530.000 # 1500
32531.000 # 1500
32532.000 # 1500
32533.000 # 1500
32534.000 # 1500
32535.000 # 1500
32536.000 # 1500
32537.000 # 1500
32537.620 + 128 1
32538.000 # 1500
32538.897 - 128 1.277 1
32539.000 # 1500
32540.000 # 1500
32541.000 # 1500
32542.000 # 1500
32543.000 # 1500
32544.000 # 1500
32545.000 # 1500
32546.000 # 1500
32547.000 # 1500
32547.622 + 128 1
32548.000 # 1500
32548.867 - 128 1.245 1
32549.000 # 1500
32550.000 # 1500
32551.000 # 1500
32552.000 # 1500
32553.000 # 1500
32554.000 # 1500
32555.000 # 1500
32556.000 # 1500
32557.000 # 1500
32558.000 # 1500
32559.000 # 1500
32560.000 # 1500
32561.000 # 1500
32561.560 + 128 1
32562.000 # 1500
32562.708 - 128 1.148 1
32563.000 # 1500
32564.000 # 1500
32565.000 # 1500
32566.000 # 1500
32567.000 # 1500
32568.000 # 1500
32569.000 # 1500
32570.000 # 1500
32571.000 # 1500
32572.000 # 1500
32573.000 # 1500
32574.000 # 1500
32575.000 # 1500
32576.000 # 1500
32577.000 # 1500
32577.530 + 128 1
32578.000 # 1500
32578.656 - 128 1.126 1
32579.000 # 1500
32580.000 # 1500
32581.000 # 1500
32582.000 # 1500
32583.000 # 1500
32584.000 # 1500
32585.000 # 1500
32586.000 # 1500
32587.000 # 1500
32587.838 + 128 1
32588.000 # 1500
32588.925 - 128 1.087 1
32589.000 # 1500
32590.000 # 1500
32591.000 # 1500
32592.000 # 1500
32593.000 # 1500
32594.000 # 1500
32595.000 # 1500
32596.000 # 1500
32597.000 # 1500
32598.000 # 1500
32599.000 # 1500
32600.000 # 1500
32601.000 # 1500
32601.517 + 128 1
32602.000 # 1500
32602.676 - 128 1.159 1
32603.000 # 1500
32604.000 # 1500
32605.000 # 1500
32606.000 # 1500
32607.000 # 1500
32608.000 # 1500
32609.000 # 1500
32610.000 # 1500
32611.000 # 1500
32611.601 + 128 1
32612.000 # 1500
32612.849 - 128 1.248 1
32613.000 # 1500
32614.000 # 1500
32615.000 # 1500
32616.000 # 1500
32617.000 # 1500
32618.000 # 1500
32619.000 # 1500
32620.000 # 1500
32621.000 # 1500
32622.000 # 1500
32623.000 # 1500
32624.000 # 1500
32625.000 # 1500
32625.626 + 128 1
32626.000 # 1500
32626.909 - 128 1.283 1
32627.000 # 1500
32628.000 # 1500
32629.000 # 1500
32630.000 # 1500
32631.000 # 1500
32632.000 # 1500
32633.000 # 1500
32634.000 # 1500
32635.000 # 1500
32635.599 + 128 1
32636.000 # 1500
32636.829 - 128 1.230 1
32637.000 # 1500
32638.000 # 1500
32639.000 # 1500
32640.000 # 1500
32641.000 # 1500
32642.000 # 1500
32643.000 # 1500
32644.000 # 1500
32645.000 # 1500
32646.000 # 1500
32647.000 # 1500
32648.000 # 1500
32649.000 # 1500
32649.579 + 128 1
32650.000 # 1500
32650.826 - 128 1.247 1
32651.000 # 1500
32652.000 # 1500
32653.000 # 1500
32654.000 # 1500
32655.000 # 1500
32656.000 # 1500
32657.000 # 1500
32658.000 # 1500
32659.000 # 1500
32659.538 + 128 1
32660.000 # 1500
32660.638 - 128 1.100 1
32661.000 # 1500
32662.000 # 1500
32663.000 # 1500
32664.000 # 1500
32665.000 # 1500
32666.000 # 1500
32667.000 # 1500
32668.000 # 1500
32669.000 # 1500
32670.000 # 1500
32671.000 # 1500
32672.000 # 1500
32673.000 # 1500
32674.000 # 1500
32675.000 # 1500
32676.000 # 1500
32677.000 # 1500
32677.538 + 128 1
32678.000 # 1500
32678.664 - 128 1.126 1
32679.000 # 1500
32680.000 # 1500
32681.000 # 1500
32682.000 # 1500
32683.000 # 1500
32684.000 # 1500
32685.000 # 1500
32686.000 # 1500
32687.000 # 1500
32687.510 + 128 1
32688.000 # 1500
32688.614 - 128 1.104 1
32689.000 # 1500
32690.000 # 1500
32691.000 # 1500
32692.000 # 1500
32693.000 # 1500
32694.000 # 1500
32695.000 # 1500
32696.000 # 1500
32697.000 # 1500
32698.000 # 1500
32699.000 # 1500
32700.000 # 1500
32701.000 # 1500
32701.559 + 128 1
32702.000 # 1500
32702.695 - 128 1.136 1
32703.000 # 1500
32704.000 # 1500
32705.000 # 1500
32706.000 # 1500
32707.000 # 1500
32708.000 # 1500
32709.000 # 1500
32710.000 # 1500
32711.000 # 1500
32711.496 + 128 1
32712.000 # 1500
32712.717 - 128 1.221 1
32713.000 # 1500
32714.000 # 1500
32715.000 # 1500
32716.000 # 1500
32717.000 # 1500
32718.000 # 1500
32719.000 # 1500
32720.000 # 1500
32721.000 # 1500
32722.000 # 1500
32723.000 # 1500
32724.000 # 1500
32725.000 # 1500
32725.527 + 128 1
32726.000 # 1500
32726.655 - 128 1.128 1
32727.000 # 1500
32728.000 # 1500
32729.000 # 1500
32730.000 # 1500
32731.000 # 1500
32732.000 # 1500
32733.000 # 1500
32734.000 # 1500
32735.000 # 1500
32735.566 + 128 1
32736.000 # 1500
32736.647 - 128 1.081 1
32737.000 # 1500
32738.000 # 1500
32739.000 # 1500
32740.000 # 1500
32741.000 # 1500
32742.000 # 1500
32743.000 # 1500
32744.000 # 1500
32745.000 # 1500
32746.000 # 1500
32747.000 # 1500
32748.000 # 1500
32749.000 # 1500
32749.598 + 128 1
32750.000 # 1500
32750.697 - 128 1.099 1
32751.000 # 1500
32752.000 # 1500
32753.000 # 1500
32754.000 # 1500
32755.000 # 1500
32756.000 # 1500
32757.000 # 1500
32758.000 # 1500
32759.000 # 1500
32759.571 + 128 1
32760.000 # 1500
32760.637 - 128 1.066 1
32761.000 # 1500
32762.000 # 1500
32763.000 # 1500
32764.000 # 1500
32765.000 # 1500
32766.000 # 1500
32767.000 # 1500
32768.000 # 1500
32769.000 # 1500
32770.000 # 1500
32771.000 # 1500
32772.000 # 1500
32773.000 # 1500
32773.554 + 128 1
32774.000 # 1500
32774.702 - 128 1.148 1
32775.000 # 1500
32776.000 # 1500
32777.000 # 1500
32778.000 # 1500
32779.000 # 1500
32780.000 # 1500
32781.000 # 1500
32782.000 # 1500
32783.000 # 1500
32783.495 + 128 1
32784.000 # 1500
32784.640 - 128 1.145 1
32785.000 # 1500
32786.000 # 1500
32787.000 # 1500
32788.000 # 1500
32789.000 # 1500
32790.000 # 1500
32791.000 # 1500
32792.000 # 1500
32793.000 # 1500
32794.000 # 1500
32795.000 # 1500
32796.000 # 1500
32797.000 # 1500
32797.552 + 128 1
32798.000 # 1500
32798.685 - 128 1.133 1
32799.000 # 1500
32800.000 # 1500
32801.000 # 1500
32802.000 # 1500
32803.000 # 1500
32804.000 # 1500
32805.000 # 1500
32806.000 # 1500
32807.000 # 1500
32807.524 + 128 1
32808.000 # 1500
32808.622 - 128 1.098 1
32809.000 # 1500
32810.000 # 1500
32811.000 # 1500
32812.000 # 1500
32813.000 # 1500
32814.000 # 1500
32815.000 # 1500
32816.000 # 1500
32817.000 # 1500
32818.000 # 1500
32819.000 # 1500
32820.000 # 1500
32821.000 # 1500
32821.570 + 128 1
32822.000 # 1500
32822.783 - 128 1.213 1
32823.000 # 1500
32824.000 # 1500
32825.000 # 1500
32826.000 # 1500
32827.000 # 1500
32828.000 # 1500
32829.000 # 1500
32830.000 # 1500
32831.000 # 1500
32832.000 # 1500
32833.000 # 1500
32834.000 # 1500
32835.000 # 1500
32836.000 # 1500
32837.000 # 1500
32837.623 + 128 1
32838.000 # 1500
32838.859 - 128 1.236 1
32839.000 # 1500
32840.000 # 1500
32841.000 # 1500
32842.000 # 1500
32843.000 # 1500
32844.000 # 1500
32845.000 # 1500
32846.000 # 1500
32847.000 # 1500
32847.560 + 128 1
32848.000 # 1500
32848.752 - 128 1.192 1
32849.000 # 1500
32850.000 # 1500
32851.000 # 1500
32852.000 # 1500
32853.000 # 1500
32854.000 # 1500
32855.000 # 1500
32856.000 # 1500
32857.000 # 1500
32857.637 + 128 1
32858.000 # 1500
32858.906 - 128 1.269 1
32859.000 # 1500
32860.000 # 1500
32861.000 # 1500
32862.000 # 1500
32863.000 # 1500
32864.000 # 1500
32865.000 # 1500
32866.000 # 1500
32867.000 # 1500
32867.626 + 128 1
32868.000 # 1500
32868.869 - 128 1.243 1
32869.000 # 1500
32870.000 # 1500
32871.000 # 1500
32872.000 # 1500
32873.000 # 1500
32874.000 # 1500
32875.000 # 1500
32876.000 # 1500
32877.000 # 1500
32878.000 # 1500
32879.000 # 1500
32880.000 # 1500
32881.000 # 1500
32881.637 + 128 1
32882.000 # 1500
32882.880 - 128 1.243 1
32883.000 # 1500
32884.000 # 1500
32885.000 # 1500
32886.000 # 1500
32887.000 # 1500
32888.000 # 1500
32889.000 # 1500
32890.000 # 1500
32891.000 # 1500
32891.538 + 128 1
32892.000 # 1500
32892.729 - 128 1.191 1
32893.000 # 1500
32894.000 # 1500
32895.000 # 1500
32896.000 # 1500
32897.000 # 1500
32898.000 # 1500
32899.000 # 1500
32900.000 # 1500
32901.000 # 1500
32902.000 # 1500
32903.000 # 1500
32904.000 # 1500
32905.000 # 1500
32905.531 + 128 1
32906.000 # 1500
32906.675 - 128 1.144 1
32907.000 # 1500
32908.000 # 1500
32909.000 # 1500
32910.000 # 1500
32911.000 # 1500
32912.000 # 1500
32913.000 # 1500
32914.000 # 1500
32915.000 # 1500
32915.505 + 128 1
32916.000 # 1500
32916.770 - 128 1.265 1
32917.000 # 1500
32918.000 # 1500
32919.000 # 1500
32920.000 # 1500
32921.000 # 1500
32922.000 # 1500
32923.000 # 1500
32924.000 # 1500
32925.000 # 1500
32926.000 # 1500
32927.000 # 1500
32928.000 # 1500
32929.000 # 1500
32929.634 + 128 1
32930.000 # 1500
32930.697 - 128 1.063 1
32931.000 # 1500
32932.000 # 1500
32933.000 # 1500
32934.000 # 1500
32935.000 # 1500
32936.000 # 1500
32937.000 # 1500
32938.000 # 1500
32939.000 # 1500
32939.589 + 128 1
32940.000 # 1500
32940.703 - 128 1.114 1
32941.000 # 1500
32942.000 # 1500
32943.000 # 1500
32944.000 # 1500
32945.000 # 1500
32946.000 # 1500
32947.000 # 1500
32948.000 # 1500
32949.000 # 1500
32950.000 # 1500
32951.000 # 1500
32952.000 # 1500
32953.000 # 1500
32953.572 + 128 1
32954.000 # 1500
32954.745 - 128 1.173 1
32955.000 # 1500
32956.000 # 1500
32957.000 # 1500
32958.000 # 1500
32959.000 # 1500
32960.000 # 1500
32961.000 # 1500
32962.000 # 1500
32963.000 # 1500
32963.544 + 128 1
32964.000 # 1500
32964.715 - 128 1.171 1
32965.000 # 1500
32966.000 # 1500
32967.000 # 1500
32968.000 # 1500
32969.000 # 1500
32970.000 # 1500
32971.000 # 1500
32972.000 # 1500
32973.000 # 1500
32974.000 # 1500
32975.000 # 1500
32976.000 # 1500
32977.000 # 1500
32977.633 + 128 1
32978.000 # 1500
32978.835 - 128 1.202 1
32979.000 # 1500
32980.000 # 1500
32981.000 # 1500
32982.000 # 1500
32983.000 # 1500
32984.000 # 1500
32985.000 # 1500
32986.000 # 1500
32987.000 # 1500
32987.621 + 128 1
32988.000 # 1500
32988.804 - 128 1.183 1
32989.000 # 1500
32990.000 # 1500
32991.000 # 1500
32992.000 # 1500
32993.000 # 1500
32994.000 # 1500
32995.000 # 1500
32996.000 # 1500
32997.000 # 1500
32998.000 # 1500
32999.000 # 1500
33000.000 # 1500
33001.000 # 1500
33001.518 + 128 1
33002.000 # 1500
33002.629 - 128 1.111 1
33003.000 # 1500
33004.000 # 1500
33005.000 # 1500
33006.000 # 1500
33007.000 # 1500
33008.000 # 1500
33009.000 # 1500
33010.000 # 1500
33011.000 # 1500
33011.488 + 128 1
33012.000 # 1500
33012.573 - 128 1.085 1
33013.000 # 1500
33014.000 # 1500
33015.000 # 1500
33016.000 # 1500
33017.000 # 1500
33018.000 # 1500
33019.000 # 1500
33020.000 # 1500
33021.000 # 1500
33022.000 # 1500
33023.000 # 1500
33024.000 # 1500
33025.000 # 1500
33025.517 + 128 1
33026.000 # 1500
33026.612 - 128 1.095 1
33027.000 # 1500
33028.000 # 1500
33029.000 # 1500
33030.000 # 1500
33031.000 # 1500
33032.000 # 1500
33033.000 # 1500
33034.000 # 1500
33035.000 # 1500
33035.532 + 128 1
33036.000 # 1500
33036.648 - 128 1.116 1
33037.000 # 1500
33038.000 # 1500
33039.000 # 1500
33040.000 # 1500
33041.000 # 1500
33042.000 # 1500
33043.000 # 1500
33044.000 # 1500
33045.000 # 1500
33046.000 # 1500
33047.000 # 1500
33048.000 # 1500
33049.000 # 1500
33049.682 + 128 1
33050.000 # 1500
33051.000 # 1500
33051.149 - 128 1.467 1
33052.000 # 1500
33053.000 # 1500
33054.000 # 1500
33055.000 # 1500
33056.000 # 1500
33057.000 # 1500
33058.000 # 1500
33059.000 # 1500
33059.670 + 128 1
33060.000 # 1500
33060.788 - 128 1.118 1
33061.000 # 1500
33062.000 # 1500
33063.000 # 1500
33064.000 # 1500
33065.000 # 1500
33066.000 # 1500
33067.000 # 1500
33068.000 # 1500
33069.000 # 1500
33070.000 # 1500
33071.000 # 1500
33072.000 # 1500
33073.000 # 1500
33073.553 + 128 1
33074.000 # 1500
33074.681 - 128 1.128 1
33075.000 # 1500
33076.000 # 1500
33077.000 # 1500
33078.000 # 1500
33079.000 # 1500
33080.000 # 1500
33081.000 # 1500
33082.000 # 1500
33083.000 # 1500
33083.556 + 128 1
33084.000 # 1500
33084.739 - 128 1.183 1
33085.000 # 1500
33086.000 # 1500
33087.000 # 1500
33088.000 # 1500
33089.000 # 1500
33090.000 # 1500
33091.000 # 1500
33092.000 # 1500
33093.000 # 1500
33094.000 # 1500
33095.000 # 1500
33096.000 # 1500
33097.000 # 1500
33097.526 + 128 1
33098.000 # 1500
33098.676 - 128 1.150 1
33099.000 # 1500
33100.000 # 1500
33101.000 # 1500
33102.000 # 1500
33103.000 # 1500
33104.000 # 1500
33105.000 # 1500
33106.000 # 1500
33107.000 # 1500
33107.518 + 128 1
33108.000 # 1500
33108.610 - 128 1.092 1
33109.000 # 1500
33110.000 # 1500
33111.000 # 1500
33112.000 # 1500
33113.000 # 1500
33114.000 # 1500
33115.000 # 1500
33116.000 # 1500
33117.000 # 1500
33118.000 # 1500
33119.000 # 1500
33120.000 # 1500
33121.000 # 1500
33122.000 # 1500
33123.000 # 1500
33124.000 # 1500
33125.000 # 1500
33126.000 # 1500
33127.000 # 1500
33128.000 # 1500
33129.000 # 1500
33130.000 # 1500
33131.000 # 1500
