# mahimahi mm-link (Uplink) [/home/vboxuser/pantheon/src/experiments/12mbps.trace] > /home/vboxuser/pantheon/src/experiments/data/taova_mm_datalink_run1.log
# command line: 'mm-link' '/home/vboxuser/pantheon/src/experiments/12mbps.trace' '/home/vboxuser/pantheon/src/experiments/12mbps.trace' '--uplink-log=/home/vboxuser/pantheon/src/experiments/data/taova_mm_datalink_run1.log' '--downlink-log=/home/vboxuser/pantheon/src/experiments/data/taova_mm_acklink_run1.log' 'python' '/home/vboxuser/pantheon/src/experiments/tunnel_manager.py'
# queue: infinite
# init timestamp: 1744939575859
# base timestamp: 33
34 # 1504
35 # 1504
36 # 1504
37 # 1504
38 # 1504
39 # 1504
40 # 1504
41 # 1504
42 # 1504
43 # 1504
44 # 1504
45 # 1504
46 # 1504
47 # 1504
48 # 1504
49 # 1504
50 # 1504
51 # 1504
52 # 1504
53 # 1504
54 # 1504
55 # 1504
56 # 1504
57 # 1504
58 # 1504
59 # 1504
60 # 1504
61 # 1504
62 # 1504
63 # 1504
64 # 1504
65 # 1504
66 # 1504
67 # 1504
68 # 1504
69 # 1504
70 # 1504
71 # 1504
72 # 1504
73 # 1504
74 # 1504
75 # 1504
76 # 1504
77 # 1504
78 # 1504
79 # 1504
80 # 1504
81 # 1504
82 # 1504
83 # 1504
84 # 1504
85 # 1504
86 # 1504
87 # 1504
88 # 1504
89 # 1504
90 # 1504
91 # 1504
92 # 1504
93 # 1504
94 # 1504
95 # 1504
96 # 1504
96 + 40
97 # 1504
97 - 40 1
98 # 1504
99 # 1504
100 # 1504
101 # 1504
102 # 1504
103 # 1504
104 # 1504
105 # 1504
106 # 1504
107 # 1504
108 # 1504
109 # 1504
110 # 1504
111 # 1504
112 # 1504
113 # 1504
114 # 1504
115 # 1504
116 # 1504
117 # 1504
118 # 1504
119 # 1504
120 # 1504
121 # 1504
122 # 1504
123 # 1504
124 # 1504
125 # 1504
126 # 1504
127 # 1504
128 # 1504
129 # 1504
130 # 1504
131 # 1504
132 # 1504
133 # 1504
134 # 1504
135 # 1504
136 # 1504
137 # 1504
138 # 1504
139 # 1504
140 # 1504
141 # 1504
142 # 1504
143 # 1504
144 # 1504
145 # 1504
146 # 1504
147 # 1504
148 # 1504
149 # 1504
150 # 1504
151 # 1504
152 # 1504
153 # 1504
154 # 1504
155 # 1504
156 # 1504
157 # 1504
158 # 1504
159 # 1504
160 # 1504
161 # 1504
162 # 1504
163 # 1504
164 # 1504
165 # 1504
166 # 1504
167 # 1504
168 # 1504
169 # 1504
170 # 1504
171 # 1504
172 # 1504
173 # 1504
174 # 1504
175 # 1504
176 # 1504
177 # 1504
178 # 1504
179 # 1504
180 # 1504
181 # 1504
182 # 1504
183 # 1504
184 # 1504
185 # 1504
186 # 1504
187 # 1504
188 # 1504
189 # 1504
190 # 1504
191 # 1504
192 # 1504
193 # 1504
194 # 1504
195 # 1504
196 # 1504
197 # 1504
198 # 1504
199 # 1504
200 # 1504
201 # 1504
202 # 1504
203 # 1504
204 # 1504
205 # 1504
206 # 1504
207 # 1504
208 # 1504
209 # 1504
210 # 1504
211 # 1504
212 # 1504
213 # 1504
214 # 1504
215 # 1504
216 # 1504
217 # 1504
218 # 1504
219 # 1504
220 # 1504
221 # 1504
222 # 1504
223 # 1504
224 # 1504
225 # 1504
226 # 1504
227 # 1504
228 # 1504
228 + 80
228 + 52
229 # 1504
229 - 80 1
229 - 52 1
230 # 1504
231 # 1504
232 # 1504
233 # 1504
234 # 1504
235 # 1504
236 # 1504
236 + 80
237 # 1504
237 - 80 1
238 # 1504
239 # 1504
240 # 1504
241 # 1504
242 # 1504
243 # 1504
244 # 1504
245 # 1504
246 # 1504
247 # 1504
248 # 1504
249 # 1504
250 # 1504
251 # 1504
252 # 1504
253 # 1504
254 # 1504
255 # 1504
256 # 1504
257 # 1504
258 # 1504
259 # 1504
260 # 1504
261 # 1504
262 # 1504
263 # 1504
264 # 1504
265 # 1504
266 # 1504
267 # 1504
268 # 1504
269 # 1504
270 # 1504
271 # 1504
272 # 1504
273 # 1504
274 # 1504
275 # 1504
276 # 1504
277 # 1504
278 # 1504
279 # 1504
280 # 1504
281 # 1504
282 # 1504
283 # 1504
284 # 1504
285 # 1504
286 # 1504
287 # 1504
288 # 1504
289 # 1504
290 # 1504
291 # 1504
292 # 1504
293 # 1504
294 # 1504
295 # 1504
296 # 1504
297 # 1504
298 # 1504
299 # 1504
300 # 1504
301 # 1504
302 # 1504
303 # 1504
304 # 1504
305 # 1504
306 # 1504
307 # 1504
308 # 1504
309 # 1504
310 # 1504
311 # 1504
312 # 1504
313 # 1504
314 # 1504
315 # 1504
316 # 1504
317 # 1504
318 # 1504
319 # 1504
320 # 1504
321 # 1504
322 # 1504
323 # 1504
324 # 1504
325 # 1504
326 # 1504
327 # 1504
328 # 1504
329 # 1504
330 # 1504
331 # 1504
332 # 1504
333 # 1504
334 # 1504
335 # 1504
336 # 1504
337 # 1504
338 # 1504
339 # 1504
340 # 1504
341 # 1504
342 # 1504
343 # 1504
344 # 1504
345 # 1504
346 # 1504
347 # 1504
348 # 1504
349 # 1504
350 # 1504
351 # 1504
352 # 1504
352 + 80
353 # 1504
353 - 80 1
354 # 1504
355 # 1504
356 # 1504
357 # 1504
358 # 1504
359 # 1504
360 # 1504
361 # 1504
362 # 1504
363 # 1504
364 # 1504
365 # 1504
366 # 1504
367 # 1504
368 # 1504
369 # 1504
370 # 1504
371 # 1504
372 # 1504
373 # 1504
374 # 1504
375 # 1504
376 # 1504
377 # 1504
378 # 1504
379 # 1504
380 # 1504
381 # 1504
382 # 1504
383 # 1504
384 # 1504
385 # 1504
386 # 1504
387 # 1504
388 # 1504
389 # 1504
390 # 1504
391 # 1504
392 # 1504
393 # 1504
394 # 1504
395 # 1504
396 # 1504
397 # 1504
398 # 1504
399 # 1504
400 # 1504
401 # 1504
402 # 1504
403 # 1504
404 # 1504
405 # 1504
406 # 1504
407 # 1504
408 # 1504
409 # 1504
410 # 1504
411 # 1504
412 # 1504
413 # 1504
414 # 1504
415 # 1504
416 # 1504
417 # 1504
418 # 1504
419 # 1504
420 # 1504
421 # 1504
422 # 1504
423 # 1504
424 # 1504
425 # 1504
426 # 1504
427 # 1504
428 # 1504
429 # 1504
430 # 1504
431 # 1504
432 # 1504
433 # 1504
434 # 1504
435 # 1504
436 # 1504
437 # 1504
438 # 1504
439 # 1504
440 # 1504
441 # 1504
442 # 1504
443 # 1504
444 # 1504
445 # 1504
446 # 1504
447 # 1504
448 # 1504
449 # 1504
450 # 1504
451 # 1504
452 # 1504
453 # 1504
454 # 1504
455 # 1504
456 # 1504
457 # 1504
458 # 1504
459 # 1504
460 # 1504
461 # 1504
462 # 1504
463 # 1504
464 # 1504
465 # 1504
466 # 1504
467 # 1504
468 # 1504
469 # 1504
470 # 1504
471 # 1504
472 # 1504
473 # 1504
474 # 1504
475 # 1504
476 # 1504
477 # 1504
478 # 1504
479 # 1504
480 # 1504
481 # 1504
482 # 1504
483 # 1504
484 # 1504
485 # 1504
486 # 1504
487 # 1504
488 # 1504
489 # 1504
490 # 1504
491 # 1504
492 # 1504
493 # 1504
494 # 1504
495 # 1504
496 # 1504
497 # 1504
498 # 1504
499 # 1504
500 # 1504
501 # 1504
502 # 1504
503 # 1504
504 # 1504
505 # 1504
506 # 1504
507 # 1504
508 # 1504
509 # 1504
510 # 1504
511 # 1504
512 # 1504
513 # 1504
514 # 1504
515 # 1504
516 # 1504
517 # 1504
518 # 1504
519 # 1504
520 # 1504
521 # 1504
522 # 1504
523 # 1504
524 # 1504
525 # 1504
526 # 1504
527 # 1504
528 # 1504
529 # 1504
530 # 1504
531 # 1504
532 # 1504
533 # 1504
534 # 1504
535 # 1504
536 # 1504
537 # 1504
538 # 1504
539 # 1504
540 # 1504
541 # 1504
542 # 1504
543 # 1504
544 # 1504
545 # 1504
546 # 1504
547 # 1504
548 # 1504
549 # 1504
550 # 1504
551 # 1504
552 # 1504
553 # 1504
554 # 1504
555 # 1504
556 # 1504
557 # 1504
558 # 1504
559 # 1504
560 # 1504
561 # 1504
562 # 1504
563 # 1504
564 # 1504
565 # 1504
566 # 1504
567 # 1504
568 # 1504
569 # 1504
570 # 1504
571 # 1504
572 # 1504
573 # 1504
574 # 1504
575 # 1504
576 # 1504
577 # 1504
578 # 1504
579 # 1504
580 # 1504
581 # 1504
582 # 1504
583 # 1504
584 # 1504
585 # 1504
586 # 1504
587 # 1504
588 # 1504
589 # 1504
590 # 1504
591 # 1504
592 # 1504
593 # 1504
594 # 1504
595 # 1504
596 # 1504
597 # 1504
598 # 1504
599 # 1504
600 # 1504
601 # 1504
602 # 1504
603 # 1504
604 # 1504
605 # 1504
606 # 1504
607 # 1504
608 # 1504
609 # 1504
610 # 1504
611 # 1504
612 # 1504
613 # 1504
614 # 1504
615 # 1504
616 # 1504
617 # 1504
618 # 1504
619 # 1504
620 # 1504
621 # 1504
622 # 1504
623 # 1504
624 # 1504
625 # 1504
626 # 1504
627 # 1504
628 # 1504
629 # 1504
630 # 1504
631 # 1504
632 # 1504
633 # 1504
634 # 1504
635 # 1504
636 # 1504
637 # 1504
638 # 1504
639 # 1504
640 # 1504
641 # 1504
642 # 1504
643 # 1504
644 # 1504
645 # 1504
646 # 1504
647 # 1504
648 # 1504
649 # 1504
650 # 1504
651 # 1504
652 # 1504
653 # 1504
654 # 1504
655 # 1504
656 # 1504
657 # 1504
658 # 1504
659 # 1504
660 # 1504
661 # 1504
662 # 1504
663 # 1504
664 # 1504
665 # 1504
666 # 1504
667 # 1504
668 # 1504
669 # 1504
670 # 1504
671 # 1504
672 # 1504
673 # 1504
674 # 1504
675 # 1504
676 # 1504
677 # 1504
678 # 1504
679 # 1504
680 # 1504
681 # 1504
682 # 1504
683 # 1504
684 # 1504
685 # 1504
686 # 1504
687 # 1504
688 # 1504
689 # 1504
690 # 1504
691 # 1504
692 # 1504
693 # 1504
694 # 1504
695 # 1504
696 # 1504
697 # 1504
698 # 1504
699 # 1504
700 # 1504
701 # 1504
702 # 1504
703 # 1504
704 # 1504
705 # 1504
706 # 1504
707 # 1504
708 # 1504
709 # 1504
710 # 1504
711 # 1504
712 # 1504
713 # 1504
714 # 1504
715 # 1504
716 # 1504
717 # 1504
718 # 1504
719 # 1504
720 # 1504
721 # 1504
722 # 1504
723 # 1504
724 # 1504
725 # 1504
726 # 1504
727 # 1504
728 # 1504
729 # 1504
730 # 1504
731 # 1504
732 # 1504
733 # 1504
734 # 1504
735 # 1504
736 # 1504
737 # 1504
738 # 1504
739 # 1504
740 # 1504
741 # 1504
742 # 1504
743 # 1504
744 # 1504
745 # 1504
746 # 1504
747 # 1504
748 # 1504
749 # 1504
750 # 1504
751 # 1504
752 # 1504
753 # 1504
754 # 1504
755 # 1504
756 # 1504
757 # 1504
758 # 1504
759 # 1504
760 # 1504
761 # 1504
762 # 1504
763 # 1504
764 # 1504
765 # 1504
766 # 1504
767 # 1504
768 # 1504
769 # 1504
770 # 1504
771 # 1504
772 # 1504
773 # 1504
774 # 1504
775 # 1504
776 # 1504
777 # 1504
778 # 1504
779 # 1504
780 # 1504
781 # 1504
782 # 1504
783 # 1504
784 # 1504
785 # 1504
786 # 1504
787 # 1504
788 # 1504
789 # 1504
790 # 1504
791 # 1504
792 # 1504
793 # 1504
794 # 1504
795 # 1504
796 # 1504
797 # 1504
798 # 1504
799 # 1504
800 # 1504
801 # 1504
802 # 1504
803 # 1504
804 # 1504
805 # 1504
806 # 1504
807 # 1504
808 # 1504
809 # 1504
810 # 1504
811 # 1504
812 # 1504
813 # 1504
814 # 1504
815 # 1504
816 # 1504
817 # 1504
818 # 1504
819 # 1504
820 # 1504
821 # 1504
822 # 1504
823 # 1504
824 # 1504
825 # 1504
826 # 1504
827 # 1504
828 # 1504
829 # 1504
830 # 1504
831 # 1504
832 # 1504
833 # 1504
834 # 1504
835 # 1504
836 # 1504
837 # 1504
838 # 1504
839 # 1504
840 # 1504
841 # 1504
842 # 1504
843 # 1504
844 # 1504
845 # 1504
846 # 1504
847 # 1504
848 # 1504
849 # 1504
850 # 1504
851 # 1504
852 # 1504
853 # 1504
854 # 1504
855 # 1504
856 # 1504
857 # 1504
858 # 1504
859 # 1504
860 # 1504
861 # 1504
862 # 1504
863 # 1504
864 # 1504
865 # 1504
866 # 1504
867 # 1504
868 # 1504
869 # 1504
870 # 1504
871 # 1504
872 # 1504
873 # 1504
874 # 1504
875 # 1504
876 # 1504
877 # 1504
878 # 1504
879 # 1504
880 # 1504
881 # 1504
882 # 1504
883 # 1504
884 # 1504
885 # 1504
886 # 1504
887 # 1504
888 # 1504
889 # 1504
890 # 1504
891 # 1504
892 # 1504
893 # 1504
894 # 1504
895 # 1504
896 # 1504
897 # 1504
898 # 1504
899 # 1504
900 # 1504
901 # 1504
902 # 1504
903 # 1504
904 # 1504
905 # 1504
906 # 1504
907 # 1504
908 # 1504
909 # 1504
910 # 1504
911 # 1504
912 # 1504
913 # 1504
914 # 1504
915 # 1504
916 # 1504
917 # 1504
918 # 1504
919 # 1504
920 # 1504
921 # 1504
922 # 1504
923 # 1504
924 # 1504
925 # 1504
926 # 1504
927 # 1504
928 # 1504
929 # 1504
930 # 1504
931 # 1504
932 # 1504
933 # 1504
934 # 1504
935 # 1504
936 # 1504
937 # 1504
938 # 1504
939 # 1504
940 # 1504
941 # 1504
942 # 1504
943 # 1504
944 # 1504
945 # 1504
946 # 1504
947 # 1504
948 # 1504
949 # 1504
950 # 1504
951 # 1504
952 # 1504
953 # 1504
954 # 1504
955 # 1504
956 # 1504
957 # 1504
958 # 1504
959 # 1504
960 # 1504
961 # 1504
962 # 1504
963 # 1504
964 # 1504
965 # 1504
966 # 1504
967 # 1504
968 # 1504
969 # 1504
970 # 1504
971 # 1504
972 # 1504
973 # 1504
974 # 1504
975 # 1504
976 # 1504
977 # 1504
978 # 1504
979 # 1504
980 # 1504
981 # 1504
982 # 1504
983 # 1504
984 # 1504
985 # 1504
986 # 1504
987 # 1504
988 # 1504
989 # 1504
990 # 1504
991 # 1504
992 # 1504
993 # 1504
994 # 1504
995 # 1504
996 # 1504
997 # 1504
998 # 1504
999 # 1504
1000 # 1504
1001 # 1504
1002 # 1504
1003 # 1504
1004 # 1504
1005 # 1504
1006 # 1504
1007 # 1504
1008 # 1504
1009 # 1504
1010 # 1504
1011 # 1504
1012 # 1504
1013 # 1504
1014 # 1504
1015 # 1504
1016 # 1504
1017 # 1504
1018 # 1504
1019 # 1504
1020 # 1504
1021 # 1504
1022 # 1504
1023 # 1504
1024 # 1504
1025 # 1504
1026 # 1504
1027 # 1504
1028 # 1504
1029 # 1504
1030 # 1504
1031 # 1504
1032 # 1504
1033 # 1504
1034 # 1504
1035 # 1504
1036 # 1504
1037 # 1504
1038 # 1504
1039 # 1504
1040 # 1504
1041 # 1504
1042 # 1504
1043 # 1504
1044 # 1504
1045 # 1504
1046 # 1504
1047 # 1504
1048 # 1504
1049 # 1504
1050 # 1504
1051 # 1504
1052 # 1504
1053 # 1504
1054 # 1504
1055 # 1504
1056 # 1504
1057 # 1504
1058 # 1504
1059 # 1504
1060 # 1504
1060 + 80
1061 # 1504
1061 - 80 1
1062 # 1504
1063 # 1504
1064 # 1504
1065 # 1504
1066 # 1504
1067 # 1504
1068 # 1504
1069 # 1504
1070 # 1504
1071 # 1504
1072 # 1504
1073 # 1504
1074 # 1504
1075 # 1504
1076 # 1504
1077 # 1504
1078 # 1504
1079 # 1504
1080 # 1504
1081 # 1504
1082 # 1504
1083 # 1504
1084 # 1504
1085 # 1504
1086 # 1504
1087 # 1504
1088 # 1504
1089 # 1504
1090 # 1504
1091 # 1504
1092 # 1504
1093 # 1504
1094 # 1504
1095 # 1504
1096 # 1504
1097 # 1504
1098 # 1504
1099 # 1504
1100 # 1504
1101 # 1504
1102 # 1504
1103 # 1504
1104 # 1504
1105 # 1504
1106 # 1504
1107 # 1504
1108 # 1504
1109 # 1504
1110 # 1504
1111 # 1504
1112 # 1504
1113 # 1504
1114 # 1504
1115 # 1504
1116 # 1504
1117 # 1504
1118 # 1504
1119 # 1504
1120 # 1504
1121 # 1504
1122 # 1504
1123 # 1504
1124 # 1504
1125 # 1504
1126 # 1504
1127 # 1504
1128 # 1504
1129 # 1504
1130 # 1504
1131 # 1504
1132 # 1504
1133 # 1504
1134 # 1504
1135 # 1504
1136 # 1504
1137 # 1504
1138 # 1504
1139 # 1504
1140 # 1504
1141 # 1504
1142 # 1504
1143 # 1504
1144 # 1504
1145 # 1504
1146 # 1504
1147 # 1504
1148 # 1504
1149 # 1504
1150 # 1504
1151 # 1504
1152 # 1504
1153 # 1504
1154 # 1504
1155 # 1504
1156 # 1504
1157 # 1504
1158 # 1504
1159 # 1504
1160 # 1504
1161 # 1504
1162 # 1504
1163 # 1504
1164 # 1504
1165 # 1504
1166 # 1504
1167 # 1504
1168 # 1504
1169 # 1504
1170 # 1504
1171 # 1504
1172 # 1504
1173 # 1504
1174 # 1504
1175 # 1504
1176 # 1504
1177 # 1504
1178 # 1504
1179 # 1504
1180 # 1504
1181 # 1504
1182 # 1504
1183 # 1504
1184 # 1504
1185 # 1504
1186 # 1504
1187 # 1504
1188 # 1504
1189 # 1504
1190 # 1504
1191 # 1504
1192 # 1504
1193 # 1504
1194 # 1504
1195 # 1504
1196 # 1504
1197 # 1504
1198 # 1504
1199 # 1504
1200 # 1504
1201 # 1504
1202 # 1504
1203 # 1504
1204 # 1504
1205 # 1504
1206 # 1504
1207 # 1504
1208 # 1504
1209 # 1504
1210 # 1504
1211 # 1504
1212 # 1504
1213 # 1504
1214 # 1504
1215 # 1504
1216 # 1504
1217 # 1504
1218 # 1504
1219 # 1504
1220 # 1504
1221 # 1504
1222 # 1504
1223 # 1504
1224 # 1504
1225 # 1504
1226 # 1504
1227 # 1504
1228 # 1504
1229 # 1504
1230 # 1504
1231 # 1504
1232 # 1504
1233 # 1504
1234 # 1504
1235 # 1504
1236 # 1504
1237 # 1504
1238 # 1504
1239 # 1504
1240 # 1504
1241 # 1504
1242 # 1504
1243 # 1504
1244 # 1504
1245 # 1504
1246 # 1504
1247 # 1504
1248 # 1504
1249 # 1504
1250 # 1504
1251 # 1504
1252 # 1504
1253 # 1504
1254 # 1504
1255 # 1504
1256 # 1504
1257 # 1504
1258 # 1504
1259 # 1504
1260 # 1504
1261 # 1504
1262 # 1504
1263 # 1504
1264 # 1504
1265 # 1504
1266 # 1504
1267 # 1504
1268 # 1504
1269 # 1504
1270 # 1504
1271 # 1504
1272 # 1504
1273 # 1504
1274 # 1504
1275 # 1504
1276 # 1504
1277 # 1504
1278 # 1504
1279 # 1504
1280 # 1504
1281 # 1504
1282 # 1504
1283 # 1504
1284 # 1504
1285 # 1504
1286 # 1504
1287 # 1504
1288 # 1504
1289 # 1504
1290 # 1504
1291 # 1504
1292 # 1504
1293 # 1504
1294 # 1504
1295 # 1504
1296 # 1504
1297 # 1504
1298 # 1504
1299 # 1504
1300 # 1504
1301 # 1504
1302 # 1504
1303 # 1504
1304 # 1504
1305 # 1504
1306 # 1504
1307 # 1504
1308 # 1504
1309 # 1504
1310 # 1504
1311 # 1504
1312 # 1504
1313 # 1504
1314 # 1504
1315 # 1504
1316 # 1504
1317 # 1504
1318 # 1504
1319 # 1504
1320 # 1504
1321 # 1504
1322 # 1504
1323 # 1504
1324 # 1504
1325 # 1504
1326 # 1504
1327 # 1504
1328 # 1504
1329 # 1504
1330 # 1504
1331 # 1504
1332 # 1504
1333 # 1504
1334 # 1504
1335 # 1504
1336 # 1504
1337 # 1504
1338 # 1504
1339 # 1504
1340 # 1504
1341 # 1504
1342 # 1504
1343 # 1504
1344 # 1504
1345 # 1504
1346 # 1504
1347 # 1504
1348 # 1504
1349 # 1504
1350 # 1504
1351 # 1504
1352 # 1504
1353 # 1504
1354 # 1504
1355 # 1504
1356 # 1504
1357 # 1504
1358 # 1504
1359 # 1504
1360 # 1504
1361 # 1504
1362 # 1504
1363 # 1504
1364 # 1504
1365 # 1504
1366 # 1504
1367 # 1504
1368 # 1504
1369 # 1504
1370 # 1504
1371 # 1504
1372 # 1504
1373 # 1504
1374 # 1504
1375 # 1504
1376 # 1504
1377 # 1504
1378 # 1504
1379 # 1504
1380 # 1504
1381 # 1504
1382 # 1504
1383 # 1504
1384 # 1504
1385 # 1504
1386 # 1504
1387 # 1504
1388 # 1504
1389 # 1504
1390 # 1504
1391 # 1504
1392 # 1504
1393 # 1504
1394 # 1504
1395 # 1504
1396 # 1504
1397 # 1504
1398 # 1504
1399 # 1504
1400 # 1504
1401 # 1504
1402 # 1504
1403 # 1504
1404 # 1504
1405 # 1504
1406 # 1504
1407 # 1504
1408 # 1504
1409 # 1504
1410 # 1504
1411 # 1504
1412 # 1504
1413 # 1504
1414 # 1504
1415 # 1504
1416 # 1504
1417 # 1504
1418 # 1504
1419 # 1504
1420 # 1504
1421 # 1504
1422 # 1504
1423 # 1504
1424 # 1504
1425 # 1504
1426 # 1504
1427 # 1504
1428 # 1504
1429 # 1504
1430 # 1504
1431 # 1504
1432 # 1504
1433 # 1504
1434 # 1504
1435 # 1504
1436 # 1504
1437 # 1504
1438 # 1504
1439 # 1504
1440 # 1504
1441 # 1504
1442 # 1504
1443 # 1504
1444 # 1504
1445 # 1504
1446 # 1504
1447 # 1504
1448 # 1504
1449 # 1504
1450 # 1504
1451 # 1504
1452 # 1504
1453 # 1504
1454 # 1504
1455 # 1504
1456 # 1504
1457 # 1504
1458 # 1504
1459 # 1504
1460 # 1504
1461 # 1504
1462 # 1504
1463 # 1504
1464 # 1504
1465 # 1504
1466 # 1504
1467 # 1504
1468 # 1504
1469 # 1504
1470 # 1504
1471 # 1504
1472 # 1504
1473 # 1504
1474 # 1504
1475 # 1504
1476 # 1504
1477 # 1504
1478 # 1504
1479 # 1504
1480 # 1504
1481 # 1504
1482 # 1504
1483 # 1504
1484 # 1504
1485 # 1504
1486 # 1504
1487 # 1504
1488 # 1504
1489 # 1504
1490 # 1504
1491 # 1504
1492 # 1504
1493 # 1504
1494 # 1504
1495 # 1504
1496 # 1504
1497 # 1504
1498 # 1504
1499 # 1504
1500 # 1504
1501 # 1504
1502 # 1504
1503 # 1504
1504 # 1504
1505 # 1504
1506 # 1504
1507 # 1504
1508 # 1504
1509 # 1504
1510 # 1504
1511 # 1504
1512 # 1504
1513 # 1504
1514 # 1504
1515 # 1504
1516 # 1504
1517 # 1504
1518 # 1504
1519 # 1504
1520 # 1504
1521 # 1504
1522 # 1504
1523 # 1504
1524 # 1504
1525 # 1504
1526 # 1504
1527 # 1504
1528 # 1504
1529 # 1504
1530 # 1504
1531 # 1504
1532 # 1504
1533 # 1504
1534 # 1504
1535 # 1504
1536 # 1504
1537 # 1504
1538 # 1504
1539 # 1504
1540 # 1504
1541 # 1504
1542 # 1504
1543 # 1504
1544 # 1504
1545 # 1504
1546 # 1504
1547 # 1504
1548 # 1504
1549 # 1504
1550 # 1504
1551 # 1504
1552 # 1504
1553 # 1504
1554 # 1504
1555 # 1504
1556 # 1504
1557 # 1504
1558 # 1504
1559 # 1504
1560 # 1504
1561 # 1504
1562 # 1504
1563 # 1504
1564 # 1504
1565 # 1504
1566 # 1504
1567 # 1504
1568 # 1504
1569 # 1504
1570 # 1504
1571 # 1504
1572 # 1504
1573 # 1504
1574 # 1504
1575 # 1504
1576 # 1504
1577 # 1504
1578 # 1504
1579 # 1504
1580 # 1504
1581 # 1504
1582 # 1504
1583 # 1504
1584 # 1504
1585 # 1504
1586 # 1504
1587 # 1504
1588 # 1504
1589 # 1504
1590 # 1504
1591 # 1504
1592 # 1504
1593 # 1504
1594 # 1504
1595 # 1504
1596 # 1504
1597 # 1504
1598 # 1504
1599 # 1504
1600 # 1504
1601 # 1504
1602 # 1504
1603 # 1504
1604 # 1504
1605 # 1504
1606 # 1504
1607 # 1504
1608 # 1504
1609 # 1504
1610 # 1504
1611 # 1504
1612 # 1504
1613 # 1504
1614 # 1504
1615 # 1504
1616 # 1504
1617 # 1504
1618 # 1504
1619 # 1504
1620 # 1504
1621 # 1504
1622 # 1504
1623 # 1504
1624 # 1504
1625 # 1504
1626 # 1504
1627 # 1504
1628 # 1504
1629 # 1504
1630 # 1504
1631 # 1504
1632 # 1504
1633 # 1504
1634 # 1504
1635 # 1504
1636 # 1504
1637 # 1504
1638 # 1504
1639 # 1504
1640 # 1504
1641 # 1504
1642 # 1504
1643 # 1504
1644 # 1504
1645 # 1504
1646 # 1504
1647 # 1504
1648 # 1504
1649 # 1504
1650 # 1504
1651 # 1504
1652 # 1504
1653 # 1504
1654 # 1504
1655 # 1504
1656 # 1504
1657 # 1504
1658 # 1504
1659 # 1504
1660 # 1504
1661 # 1504
1662 # 1504
1663 # 1504
1664 # 1504
1665 # 1504
1666 # 1504
1667 # 1504
1668 # 1504
1669 # 1504
1670 # 1504
1671 # 1504
1672 # 1504
1673 # 1504
1674 # 1504
1675 # 1504
1676 # 1504
1677 # 1504
1678 # 1504
1679 # 1504
1680 # 1504
1681 # 1504
1682 # 1504
1683 # 1504
1684 # 1504
1685 # 1504
1686 # 1504
1687 # 1504
1688 # 1504
1689 # 1504
1690 # 1504
1691 # 1504
1692 # 1504
1693 # 1504
1694 # 1504
1695 # 1504
1696 # 1504
1697 # 1504
1698 # 1504
1699 # 1504
1700 # 1504
1701 # 1504
1702 # 1504
1703 # 1504
1704 # 1504
1705 # 1504
1706 # 1504
1707 # 1504
1708 # 1504
1709 # 1504
1710 # 1504
1711 # 1504
1712 # 1504
1713 # 1504
1714 # 1504
1715 # 1504
1716 # 1504
1717 # 1504
1718 # 1504
1719 # 1504
1720 # 1504
1721 # 1504
1722 # 1504
1723 # 1504
1724 # 1504
1725 # 1504
1726 # 1504
1727 # 1504
1728 # 1504
1729 # 1504
1730 # 1504
1731 # 1504
1732 # 1504
1733 # 1504
1734 # 1504
1735 # 1504
1736 # 1504
1737 # 1504
1738 # 1504
1739 # 1504
1740 # 1504
1741 # 1504
1742 # 1504
1743 # 1504
1744 # 1504
1745 # 1504
1746 # 1504
1747 # 1504
1748 # 1504
1749 # 1504
1750 # 1504
1751 # 1504
1752 # 1504
1753 # 1504
1754 # 1504
1755 # 1504
1756 # 1504
1757 # 1504
1758 # 1504
1759 # 1504
1760 # 1504
1761 # 1504
1762 # 1504
1763 # 1504
1764 # 1504
1765 # 1504
1766 # 1504
1767 # 1504
1768 # 1504
1769 # 1504
1770 # 1504
1771 # 1504
1772 # 1504
1773 # 1504
1774 # 1504
1775 # 1504
1776 # 1504
1777 # 1504
1778 # 1504
1779 # 1504
1780 # 1504
1781 # 1504
1782 # 1504
1783 # 1504
1784 # 1504
1785 # 1504
1786 # 1504
1787 # 1504
1788 # 1504
1789 # 1504
1790 # 1504
1791 # 1504
1792 # 1504
1793 # 1504
1794 # 1504
1795 # 1504
1796 # 1504
1797 # 1504
1798 # 1504
1799 # 1504
1800 # 1504
1801 # 1504
1802 # 1504
1803 # 1504
1804 # 1504
1805 # 1504
1806 # 1504
1807 # 1504
1808 # 1504
1809 # 1504
1810 # 1504
1811 # 1504
1812 # 1504
1813 # 1504
1814 # 1504
1815 # 1504
1816 # 1504
1817 # 1504
1818 # 1504
1819 # 1504
1820 # 1504
1821 # 1504
1822 # 1504
1823 # 1504
1824 # 1504
1825 # 1504
1826 # 1504
1827 # 1504
1828 # 1504
1829 # 1504
1830 # 1504
1831 # 1504
1832 # 1504
1833 # 1504
1834 # 1504
1835 # 1504
1836 # 1504
1837 # 1504
1838 # 1504
1839 # 1504
1840 # 1504
1841 # 1504
1842 # 1504
1843 # 1504
1844 # 1504
1845 # 1504
1846 # 1504
1847 # 1504
1848 # 1504
1849 # 1504
1850 # 1504
1851 # 1504
1852 # 1504
1853 # 1504
1854 # 1504
1855 # 1504
1856 # 1504
1857 # 1504
1858 # 1504
1859 # 1504
1860 # 1504
1861 # 1504
1862 # 1504
1863 # 1504
1864 # 1504
1865 # 1504
1866 # 1504
1867 # 1504
1868 # 1504
1869 # 1504
1870 # 1504
1871 # 1504
1872 # 1504
1873 # 1504
1874 # 1504
1875 # 1504
1876 # 1504
1877 # 1504
1878 # 1504
1879 # 1504
1880 # 1504
1881 # 1504
1882 # 1504
1883 # 1504
1884 # 1504
1885 # 1504
1886 # 1504
1887 # 1504
1888 # 1504
1889 # 1504
1890 # 1504
1891 # 1504
1892 # 1504
1893 # 1504
1894 # 1504
1895 # 1504
1896 # 1504
1897 # 1504
1898 # 1504
1899 # 1504
1900 # 1504
1901 # 1504
1902 # 1504
1903 # 1504
1904 # 1504
1905 # 1504
1906 # 1504
1907 # 1504
1908 # 1504
1909 # 1504
1910 # 1504
1911 # 1504
1912 # 1504
1913 # 1504
1914 # 1504
1915 # 1504
1916 # 1504
1917 # 1504
1918 # 1504
1919 # 1504
1920 # 1504
1921 # 1504
1922 # 1504
1923 # 1504
1924 # 1504
1925 # 1504
1926 # 1504
1927 # 1504
1928 # 1504
1929 # 1504
1930 # 1504
1931 # 1504
1932 # 1504
1933 # 1504
1934 # 1504
1935 # 1504
1936 # 1504
1937 # 1504
1938 # 1504
1939 # 1504
1940 # 1504
1941 # 1504
1942 # 1504
1943 # 1504
1944 # 1504
1945 # 1504
1946 # 1504
1947 # 1504
1948 # 1504
1949 # 1504
1950 # 1504
1951 # 1504
1952 # 1504
1953 # 1504
1954 # 1504
1955 # 1504
1956 # 1504
1957 # 1504
1958 # 1504
1959 # 1504
1960 # 1504
1961 # 1504
1962 # 1504
1963 # 1504
1964 # 1504
1965 # 1504
1966 # 1504
1967 # 1504
1968 # 1504
1969 # 1504
1970 # 1504
1971 # 1504
1972 # 1504
1973 # 1504
1974 # 1504
1975 # 1504
1976 # 1504
1977 # 1504
1978 # 1504
1979 # 1504
1980 # 1504
1981 # 1504
1982 # 1504
1983 # 1504
1984 # 1504
1985 # 1504
1986 # 1504
1987 # 1504
1988 # 1504
1989 # 1504
1990 # 1504
1991 # 1504
1992 # 1504
1993 # 1504
1994 # 1504
1995 # 1504
1996 # 1504
1997 # 1504
1998 # 1504
1999 # 1504
2000 # 1504
2001 # 1504
2002 # 1504
2003 # 1504
2004 # 1504
2005 # 1504
2006 # 1504
2007 # 1504
2008 # 1504
2009 # 1504
2010 # 1504
2011 # 1504
2012 # 1504
2013 # 1504
2014 # 1504
2015 # 1504
2016 # 1504
2017 # 1504
2018 # 1504
2019 # 1504
2020 # 1504
2021 # 1504
2022 # 1504
2023 # 1504
2024 # 1504
2025 # 1504
2026 # 1504
2027 # 1504
2028 # 1504
2029 # 1504
2030 # 1504
2031 # 1504
2032 # 1504
2033 # 1504
2034 # 1504
2035 # 1504
2036 # 1504
2037 # 1504
2038 # 1504
2039 # 1504
2040 # 1504
2041 # 1504
2042 # 1504
2043 # 1504
2044 # 1504
2045 # 1504
2046 # 1504
2047 # 1504
2048 # 1504
2049 # 1504
2050 # 1504
2051 # 1504
2052 # 1504
2053 # 1504
2054 # 1504
2055 # 1504
2056 # 1504
2057 # 1504
2058 # 1504
2059 # 1504
2060 # 1504
2061 # 1504
2062 # 1504
2063 # 1504
2064 # 1504
2065 # 1504
2066 # 1504
2067 # 1504
2068 # 1504
2069 # 1504
2070 # 1504
2071 # 1504
2072 # 1504
2073 # 1504
2074 # 1504
2075 # 1504
2076 # 1504
2077 # 1504
2078 # 1504
2079 # 1504
2080 # 1504
2081 # 1504
2082 # 1504
2083 # 1504
2084 # 1504
2085 # 1504
2086 # 1504
2087 # 1504
2088 # 1504
2089 # 1504
2090 # 1504
2091 # 1504
2092 # 1504
2093 # 1504
2094 # 1504
2095 # 1504
2096 # 1504
2097 # 1504
2098 # 1504
2099 # 1504
2100 # 1504
2101 # 1504
2102 # 1504
2103 # 1504
2104 # 1504
2105 # 1504
2106 # 1504
2107 # 1504
2108 # 1504
2109 # 1504
2110 # 1504
2111 # 1504
2112 # 1504
2113 # 1504
2114 # 1504
2115 # 1504
2116 # 1504
2117 # 1504
2118 # 1504
2119 # 1504
2120 # 1504
2121 # 1504
2122 # 1504
2123 # 1504
2124 # 1504
2125 # 1504
2126 # 1504
2127 # 1504
2128 # 1504
2129 # 1504
2130 # 1504
2131 # 1504
2132 # 1504
2133 # 1504
2134 # 1504
2135 # 1504
2136 # 1504
2137 # 1504
2138 # 1504
2139 # 1504
2140 # 1504
2141 # 1504
2142 # 1504
2143 # 1504
2144 # 1504
2145 # 1504
2146 # 1504
2147 # 1504
2148 # 1504
2149 # 1504
2150 # 1504
2151 # 1504
2152 # 1504
2153 # 1504
2154 # 1504
2155 # 1504
2156 # 1504
2157 # 1504
2158 # 1504
2159 # 1504
2160 # 1504
2161 # 1504
2162 # 1504
2163 # 1504
2164 # 1504
2165 # 1504
2166 # 1504
2167 # 1504
2168 # 1504
2169 # 1504
2170 # 1504
2171 # 1504
2172 # 1504
2173 # 1504
2174 # 1504
2175 # 1504
2176 # 1504
2177 # 1504
2178 # 1504
2179 # 1504
2180 # 1504
2181 # 1504
2182 # 1504
2183 # 1504
2184 # 1504
2185 # 1504
2186 # 1504
2187 # 1504
2188 # 1504
2189 # 1504
2190 # 1504
2191 # 1504
2192 # 1504
2193 # 1504
2194 # 1504
2195 # 1504
2196 # 1504
2197 # 1504
2198 # 1504
2199 # 1504
2200 # 1504
2201 # 1504
2202 # 1504
2203 # 1504
2204 # 1504
2205 # 1504
2206 # 1504
2207 # 1504
2208 # 1504
2209 # 1504
2210 # 1504
2211 # 1504
2212 # 1504
2213 # 1504
2214 # 1504
2215 # 1504
2216 # 1504
2217 # 1504
2218 # 1504
2219 # 1504
2220 # 1504
2221 # 1504
2222 # 1504
2223 # 1504
2224 # 1504
2225 # 1504
2226 # 1504
2227 # 1504
2228 # 1504
2229 # 1504
2230 # 1504
2231 # 1504
2232 # 1504
2233 # 1504
2234 # 1504
2235 # 1504
2236 # 1504
2237 # 1504
2238 # 1504
2239 # 1504
2240 # 1504
2241 # 1504
2242 # 1504
2243 # 1504
2244 # 1504
2245 # 1504
2246 # 1504
2247 # 1504
2248 # 1504
2249 # 1504
2250 # 1504
2251 # 1504
2252 # 1504
2253 # 1504
2254 # 1504
2255 # 1504
2256 # 1504
2257 # 1504
2258 # 1504
2259 # 1504
2260 # 1504
2261 # 1504
2262 # 1504
2263 # 1504
2264 # 1504
2265 # 1504
2266 # 1504
2267 # 1504
2268 # 1504
2269 # 1504
2270 # 1504
2271 # 1504
2272 # 1504
2273 # 1504
2274 # 1504
2275 # 1504
2276 # 1504
2277 # 1504
2278 # 1504
2279 # 1504
2280 # 1504
2281 # 1504
2282 # 1504
2283 # 1504
2284 # 1504
2285 # 1504
2286 # 1504
2287 # 1504
2288 # 1504
2289 # 1504
2290 # 1504
2291 # 1504
2292 # 1504
2293 # 1504
2294 # 1504
2295 # 1504
2296 # 1504
2297 # 1504
2298 # 1504
2299 # 1504
2300 # 1504
2301 # 1504
2302 # 1504
2303 # 1504
2304 # 1504
2305 # 1504
2306 # 1504
2307 # 1504
2308 # 1504
2309 # 1504
2310 # 1504
2311 # 1504
2312 # 1504
2313 # 1504
2314 # 1504
2315 # 1504
2316 # 1504
2317 # 1504
2318 # 1504
2319 # 1504
2320 # 1504
2321 # 1504
2322 # 1504
2323 # 1504
2324 # 1504
2325 # 1504
2326 # 1504
2327 # 1504
2328 # 1504
2329 # 1504
2330 # 1504
2331 # 1504
2332 # 1504
2333 # 1504
2334 # 1504
2335 # 1504
2336 # 1504
2337 # 1504
2338 # 1504
2339 # 1504
2340 # 1504
2341 # 1504
2342 # 1504
2343 # 1504
2344 # 1504
2345 # 1504
2346 # 1504
2347 # 1504
2348 # 1504
2349 # 1504
2350 # 1504
2351 # 1504
2352 # 1504
2353 # 1504
2354 # 1504
2355 # 1504
2356 # 1504
2357 # 1504
2358 # 1504
2359 # 1504
2360 # 1504
2361 # 1504
2362 # 1504
2363 # 1504
2364 # 1504
2365 # 1504
2366 # 1504
2367 # 1504
2368 # 1504
2369 # 1504
2370 # 1504
2371 # 1504
2372 # 1504
2373 # 1504
2374 # 1504
2375 # 1504
2376 # 1504
2377 # 1504
2378 # 1504
2379 # 1504
2380 # 1504
2381 # 1504
2382 # 1504
2383 # 1504
2384 # 1504
2385 # 1504
2386 # 1504
2387 # 1504
2388 # 1504
2389 # 1504
2390 # 1504
2391 # 1504
2392 # 1504
2393 # 1504
2394 # 1504
2395 # 1504
2396 # 1504
2397 # 1504
2398 # 1504
2399 # 1504
2400 # 1504
2401 # 1504
2402 # 1504
2403 # 1504
2404 # 1504
2405 # 1504
2406 # 1504
2407 # 1504
2408 # 1504
2409 # 1504
2410 # 1504
2411 # 1504
2412 # 1504
2413 # 1504
2414 # 1504
2415 # 1504
2416 # 1504
2417 # 1504
2418 # 1504
2419 # 1504
2420 # 1504
2421 # 1504
2422 # 1504
2423 # 1504
2424 # 1504
2425 # 1504
2426 # 1504
2427 # 1504
2428 # 1504
2429 # 1504
2430 # 1504
2431 # 1504
2432 # 1504
2433 # 1504
2434 # 1504
2435 # 1504
2436 # 1504
2437 # 1504
2438 # 1504
2439 # 1504
2440 # 1504
2441 # 1504
2442 # 1504
2443 # 1504
2444 # 1504
2445 # 1504
2446 # 1504
2447 # 1504
2448 # 1504
2449 # 1504
2450 # 1504
2451 # 1504
2452 # 1504
2453 # 1504
2454 # 1504
2455 # 1504
2456 # 1504
2457 # 1504
2458 # 1504
2459 # 1504
2460 # 1504
2461 # 1504
2462 # 1504
2463 # 1504
2464 # 1504
2465 # 1504
2466 # 1504
2467 # 1504
2468 # 1504
2469 # 1504
2470 # 1504
2471 # 1504
2472 # 1504
2473 # 1504
2474 # 1504
2475 # 1504
2476 # 1504
2477 # 1504
2478 # 1504
2479 # 1504
2480 # 1504
2481 # 1504
2482 # 1504
2483 # 1504
2484 # 1504
2485 # 1504
2486 # 1504
2487 # 1504
2488 # 1504
2489 # 1504
2490 # 1504
2491 # 1504
2492 # 1504
2493 # 1504
2494 # 1504
2495 # 1504
2496 # 1504
2497 # 1504
2498 # 1504
2499 # 1504
2500 # 1504
2501 # 1504
2502 # 1504
2503 # 1504
2504 # 1504
2505 # 1504
2506 # 1504
2507 # 1504
2508 # 1504
2509 # 1504
2510 # 1504
2511 # 1504
2512 # 1504
2513 # 1504
2514 # 1504
2515 # 1504
2516 # 1504
2517 # 1504
2518 # 1504
2519 # 1504
2520 # 1504
2521 # 1504
2522 # 1504
2523 # 1504
2524 # 1504
2525 # 1504
2526 # 1504
2527 # 1504
2528 # 1504
2529 # 1504
2530 # 1504
2531 # 1504
2532 # 1504
2533 # 1504
2534 # 1504
2535 # 1504
2536 # 1504
2537 # 1504
2538 # 1504
2539 # 1504
2540 # 1504
2541 # 1504
2542 # 1504
2543 # 1504
2544 # 1504
2545 # 1504
2546 # 1504
2547 # 1504
2548 # 1504
2549 # 1504
2550 # 1504
2551 # 1504
2552 # 1504
2553 # 1504
2554 # 1504
2555 # 1504
2556 # 1504
2557 # 1504
2558 # 1504
2559 # 1504
2560 # 1504
2561 # 1504
2562 # 1504
2563 # 1504
2564 # 1504
2565 # 1504
2566 # 1504
2567 # 1504
2568 # 1504
2569 # 1504
2570 # 1504
2571 # 1504
2572 # 1504
2573 # 1504
2574 # 1504
2575 # 1504
2576 # 1504
2577 # 1504
2578 # 1504
2579 # 1504
2580 # 1504
2581 # 1504
2582 # 1504
2583 # 1504
2584 # 1504
2585 # 1504
2586 # 1504
2587 # 1504
2588 # 1504
2589 # 1504
2590 # 1504
2591 # 1504
2592 # 1504
2593 # 1504
2594 # 1504
2595 # 1504
2596 # 1504
2597 # 1504
2598 # 1504
2599 # 1504
2600 # 1504
2601 # 1504
2602 # 1504
2603 # 1504
2604 # 1504
2605 # 1504
2606 # 1504
2607 # 1504
2608 # 1504
2609 # 1504
2610 # 1504
2611 # 1504
2612 # 1504
2613 # 1504
2614 # 1504
2615 # 1504
2616 # 1504
2617 # 1504
2618 # 1504
2619 # 1504
2620 # 1504
2621 # 1504
2622 # 1504
2623 # 1504
2624 # 1504
2625 # 1504
2626 # 1504
2627 # 1504
2628 # 1504
2629 # 1504
2630 # 1504
2631 # 1504
2632 # 1504
2633 # 1504
2634 # 1504
2635 # 1504
2636 # 1504
2637 # 1504
2638 # 1504
2639 # 1504
2640 # 1504
2641 # 1504
2642 # 1504
2643 # 1504
2644 # 1504
2645 # 1504
2646 # 1504
2647 # 1504
2648 # 1504
2649 # 1504
2650 # 1504
2651 # 1504
2652 # 1504
2653 # 1504
2654 # 1504
2655 # 1504
2656 # 1504
2657 # 1504
2658 # 1504
2659 # 1504
2660 # 1504
2661 # 1504
2662 # 1504
2663 # 1504
2664 # 1504
2665 # 1504
2666 # 1504
2667 # 1504
2668 # 1504
2669 # 1504
2670 # 1504
2671 # 1504
2672 # 1504
2673 # 1504
2674 # 1504
2675 # 1504
2676 # 1504
2677 # 1504
2678 # 1504
2679 # 1504
2680 # 1504
2681 # 1504
2682 # 1504
2683 # 1504
2684 # 1504
2685 # 1504
2686 # 1504
2687 # 1504
2688 # 1504
2689 # 1504
2690 # 1504
2691 # 1504
2692 # 1504
2693 # 1504
2694 # 1504
2695 # 1504
2696 # 1504
2697 # 1504
2698 # 1504
2699 # 1504
2700 # 1504
2701 # 1504
2702 # 1504
2703 # 1504
2704 # 1504
2705 # 1504
2706 # 1504
2707 # 1504
2708 # 1504
2709 # 1504
2710 # 1504
2711 # 1504
2712 # 1504
2713 # 1504
2714 # 1504
2715 # 1504
2716 # 1504
2717 # 1504
2718 # 1504
2719 # 1504
2720 # 1504
2721 # 1504
2722 # 1504
2723 # 1504
2724 # 1504
2725 # 1504
2726 # 1504
2727 # 1504
2728 # 1504
2729 # 1504
2730 # 1504
2731 # 1504
2732 # 1504
2733 # 1504
2734 # 1504
2735 # 1504
2736 # 1504
2737 # 1504
2738 # 1504
2739 # 1504
2740 # 1504
2741 # 1504
2742 # 1504
2743 # 1504
2744 # 1504
2745 # 1504
2746 # 1504
2747 # 1504
2748 # 1504
2749 # 1504
2750 # 1504
2751 # 1504
2752 # 1504
2753 # 1504
2754 # 1504
2755 # 1504
2756 # 1504
2757 # 1504
2758 # 1504
2759 # 1504
2760 # 1504
2761 # 1504
2762 # 1504
2763 # 1504
2764 # 1504
2765 # 1504
2766 # 1504
2767 # 1504
2768 # 1504
2769 # 1504
2770 # 1504
2771 # 1504
2772 # 1504
2773 # 1504
2774 # 1504
2775 # 1504
2776 # 1504
2777 # 1504
2778 # 1504
2779 # 1504
2780 # 1504
2781 # 1504
2782 # 1504
2783 # 1504
2784 # 1504
2785 # 1504
2786 # 1504
2787 # 1504
2788 # 1504
2789 # 1504
2790 # 1504
2791 # 1504
2792 # 1504
2793 # 1504
2794 # 1504
2795 # 1504
2796 # 1504
2797 # 1504
2798 # 1504
2799 # 1504
2800 # 1504
2801 # 1504
2802 # 1504
2803 # 1504
2804 # 1504
2805 # 1504
2806 # 1504
2807 # 1504
2808 # 1504
2809 # 1504
2810 # 1504
2811 # 1504
2812 # 1504
2813 # 1504
2814 # 1504
2815 # 1504
2816 # 1504
2817 # 1504
2818 # 1504
2819 # 1504
2820 # 1504
2821 # 1504
2822 # 1504
2823 # 1504
2824 # 1504
2825 # 1504
2826 # 1504
2827 # 1504
2828 # 1504
2829 # 1504
2830 # 1504
2831 # 1504
2832 # 1504
2833 # 1504
2834 # 1504
2835 # 1504
2836 # 1504
2837 # 1504
2838 # 1504
2839 # 1504
2840 # 1504
2841 # 1504
2842 # 1504
2843 # 1504
2844 # 1504
2845 # 1504
2846 # 1504
2847 # 1504
2848 # 1504
2849 # 1504
2850 # 1504
2851 # 1504
2852 # 1504
2853 # 1504
2854 # 1504
2855 # 1504
2856 # 1504
2857 # 1504
2858 # 1504
2859 # 1504
2860 # 1504
2861 # 1504
2862 # 1504
2863 # 1504
2864 # 1504
2865 # 1504
2866 # 1504
2867 # 1504
2868 # 1504
2869 # 1504
2870 # 1504
2871 # 1504
2872 # 1504
2873 # 1504
2874 # 1504
2875 # 1504
2876 # 1504
2877 # 1504
2878 # 1504
2879 # 1504
2880 # 1504
2881 # 1504
2882 # 1504
2883 # 1504
2884 # 1504
2885 # 1504
2886 # 1504
2887 # 1504
2888 # 1504
2889 # 1504
2890 # 1504
2891 # 1504
2892 # 1504
2893 # 1504
2894 # 1504
2895 # 1504
2896 # 1504
2897 # 1504
2898 # 1504
2899 # 1504
2900 # 1504
2901 # 1504
2902 # 1504
2903 # 1504
2904 # 1504
2905 # 1504
2906 # 1504
2907 # 1504
2908 # 1504
2909 # 1504
2910 # 1504
2911 # 1504
2912 # 1504
2913 # 1504
2914 # 1504
2915 # 1504
2916 # 1504
2917 # 1504
2918 # 1504
2919 # 1504
2920 # 1504
2921 # 1504
2922 # 1504
2923 # 1504
2924 # 1504
2925 # 1504
2926 # 1504
2927 # 1504
2928 # 1504
2929 # 1504
2930 # 1504
2931 # 1504
2932 # 1504
2933 # 1504
2934 # 1504
2935 # 1504
2936 # 1504
2937 # 1504
2938 # 1504
2939 # 1504
2940 # 1504
2941 # 1504
2942 # 1504
2943 # 1504
2944 # 1504
2945 # 1504
2946 # 1504
2947 # 1504
2948 # 1504
2949 # 1504
2950 # 1504
2951 # 1504
2952 # 1504
2953 # 1504
2954 # 1504
2955 # 1504
2956 # 1504
2957 # 1504
2958 # 1504
2959 # 1504
2960 # 1504
2961 # 1504
2962 # 1504
2963 # 1504
2964 # 1504
2965 # 1504
2966 # 1504
2967 # 1504
2968 # 1504
2969 # 1504
2970 # 1504
2971 # 1504
2972 # 1504
2973 # 1504
2974 # 1504
2975 # 1504
2976 # 1504
2977 # 1504
2978 # 1504
2979 # 1504
2980 # 1504
2981 # 1504
2982 # 1504
2983 # 1504
2984 # 1504
2985 # 1504
2986 # 1504
2987 # 1504
2988 # 1504
2989 # 1504
2990 # 1504
2991 # 1504
2992 # 1504
2993 # 1504
2994 # 1504
2995 # 1504
2996 # 1504
2997 # 1504
2998 # 1504
2999 # 1504
3000 # 1504
3001 # 1504
3002 # 1504
3003 # 1504
3004 # 1504
3005 # 1504
3006 # 1504
3007 # 1504
3008 # 1504
3009 # 1504
3010 # 1504
3011 # 1504
3012 # 1504
3013 # 1504
3014 # 1504
3015 # 1504
3016 # 1504
3017 # 1504
3018 # 1504
3019 # 1504
3020 # 1504
3021 # 1504
3022 # 1504
3023 # 1504
3024 # 1504
3025 # 1504
3026 # 1504
3027 # 1504
3028 # 1504
3029 # 1504
3030 # 1504
3031 # 1504
3032 # 1504
3033 # 1504
3034 # 1504
3035 # 1504
3036 # 1504
3037 # 1504
3038 # 1504
3039 # 1504
3040 # 1504
3041 # 1504
3042 # 1504
3043 # 1504
3044 # 1504
3045 # 1504
3046 # 1504
3047 # 1504
3048 # 1504
3049 # 1504
3050 # 1504
3051 # 1504
3052 # 1504
3053 # 1504
3054 # 1504
3055 # 1504
3056 # 1504
3057 # 1504
3058 # 1504
3059 # 1504
3060 # 1504
3061 # 1504
3062 # 1504
3063 # 1504
3064 # 1504
3065 # 1504
3066 # 1504
3067 # 1504
3068 # 1504
3069 # 1504
3070 # 1504
3071 # 1504
3072 # 1504
3073 # 1504
3074 # 1504
3075 # 1504
3076 # 1504
3077 # 1504
3078 # 1504
3079 # 1504
3080 # 1504
3081 # 1504
3082 # 1504
3083 # 1504
3084 # 1504
3085 # 1504
3086 # 1504
3087 # 1504
3088 # 1504
3089 # 1504
3090 # 1504
3091 # 1504
3092 # 1504
3093 # 1504
3094 # 1504
3095 # 1504
3096 # 1504
3097 # 1504
3098 # 1504
3099 # 1504
3100 # 1504
3101 # 1504
3102 # 1504
3103 # 1504
3104 # 1504
3105 # 1504
3106 # 1504
3107 # 1504
3108 # 1504
3109 # 1504
3110 # 1504
3111 # 1504
3112 # 1504
3113 # 1504
3114 # 1504
3115 # 1504
3116 # 1504
3117 # 1504
3118 # 1504
3119 # 1504
3120 # 1504
3120 + 132
3121 # 1504
3121 - 132 1
3122 # 1504
3123 # 1504
3124 # 1504
3125 # 1504
3126 # 1504
3127 # 1504
3127 + 1500
3127 + 68
3127 + 1500
3127 + 68
3128 # 1504
3128 - 1500 1
3129 # 1504
3129 - 68 2
3130 # 1504
3130 - 1500 3
3130 - 68 3
3131 # 1504
3132 # 1504
3132 + 1500
3132 + 68
3132 + 1500
3132 + 68
3132 + 1500
3132 + 68
3132 + 1500
3132 + 68
3132 + 1500
3132 + 68
3132 + 1500
3132 + 68
3132 + 1500
3132 + 68
3132 + 1500
3132 + 68
3132 + 1500
3132 + 68
3132 + 1500
3132 + 68
3132 + 1500
3132 + 68
3132 + 1500
3132 + 68
3132 + 1500
3132 + 68
3132 + 1500
3132 + 68
3132 + 1500
3132 + 68
3132 + 1500
3132 + 68
3133 # 1504
3133 - 1500 1
3133 + 1500
3133 + 68
3133 + 1500
3133 + 68
3133 + 1500
3133 + 68
3133 + 1500
3133 + 68
3133 + 1500
3133 + 68
3133 + 1500
3133 + 68
3133 + 1500
3133 + 68
3133 + 1500
3133 + 68
3133 + 1500
3133 + 68
3133 + 1500
3133 + 68
3133 + 1500
3133 + 68
3133 + 1500
3133 + 68
3133 + 1500
3133 + 68
3133 + 1500
3133 + 68
3133 + 1500
3133 + 68
3133 + 1500
3133 + 68
3133 + 1500
3133 + 68
3133 + 1500
3133 + 68
3133 + 1500
3133 + 68
3133 + 1500
3133 + 68
3133 + 1500
3133 + 68
3133 + 1500
3133 + 68
3134 # 1504
3134 - 68 2
3134 + 1500
3134 + 68
3134 + 1500
3134 + 68
3134 + 1500
3134 + 68
3134 + 1500
3134 + 68
3134 + 1500
3134 + 68
3134 + 1500
3134 + 68
3134 + 1500
3134 + 68
3134 + 1500
3134 + 68
3134 + 1500
3134 + 68
3134 + 1500
3134 + 68
3134 + 1500
3134 + 68
3134 + 1500
3134 + 68
3134 + 1500
3134 + 68
3134 + 1500
3134 + 68
3134 + 1500
3134 + 68
3134 + 1500
3134 + 68
3134 + 1500
3134 + 68
3134 + 1500
3134 + 68
3134 + 1500
3134 + 68
3134 + 1500
3134 + 68
3134 + 1500
3134 + 68
3134 + 1500
3134 + 68
3134 + 1500
3135 # 1504
3135 - 1500 3
3135 - 68 3
3135 + 68
3135 + 1500
3135 + 68
3135 + 1500
3135 + 68
3135 + 1500
3135 + 68
3135 + 1500
3135 + 68
3135 + 1500
3135 + 68
3135 + 1500
3135 + 68
3135 + 1500
3135 + 68
3135 + 1500
3136 # 1504
3136 - 1500 4
3136 - 68 4
3136 + 68
3136 + 1500
3136 + 68
3136 + 1500
3136 + 68
3136 + 1500
3136 + 68
3137 # 1504
3137 - 1500 5
3137 - 68 5
3137 + 1500
3137 + 68
3137 + 1500
3137 + 68
3138 # 1504
3138 - 1500 6
3138 - 68 6
3138 + 1500
3138 + 68
3138 + 1500
3138 + 68
3138 + 1500
3138 + 68
3138 + 1500
3138 + 68
3139 # 1504
3139 - 1500 7
3139 - 68 7
3140 # 1504
3140 - 1500 8
3140 - 68 8
3141 # 1504
3141 - 1500 9
3141 - 68 9
3142 # 1504
3142 - 1500 10
3142 - 68 10
3143 # 1504
3143 - 1500 11
3143 - 68 11
3144 # 1504
3144 - 1500 12
3144 - 68 12
3145 # 1504
3145 - 1500 13
3145 - 68 13
3145 + 1500
3145 + 68
3145 + 1500
3145 + 68
3145 + 1500
3145 + 68
3145 + 1500
3145 + 68
3145 + 1500
3145 + 68
3145 + 1500
3145 + 68
3145 + 1500
3145 + 68
3145 + 1500
3145 + 68
3145 + 1500
3145 + 68
3145 + 1500
3145 + 68
3145 + 1500
3145 + 68
3145 + 1500
3145 + 68
3145 + 1500
3145 + 68
3145 + 1500
3145 + 68
3145 + 1500
3145 + 68
3145 + 1500
3145 + 68
3145 + 1500
3145 + 68
3145 + 1500
3145 + 68
3145 + 1500
3145 + 68
3145 + 1500
3145 + 68
3145 + 1500
3145 + 68
3146 # 1504
3146 - 1500 14
3146 - 68 14
3146 + 1500
3146 + 68
3146 + 1500
3146 + 68
3146 + 1500
3146 + 68
3147 # 1504
3147 - 1500 15
3147 - 68 15
3148 # 1504
3148 - 1500 16
3148 - 68 16
3149 # 1504
3149 - 1500 17
3149 - 68 17
3150 # 1504
3150 - 1500 17
3150 - 68 17
3151 # 1504
3151 - 1500 18
3151 - 68 18
3152 # 1504
3152 - 1500 19
3152 - 68 19
3153 # 1504
3153 - 1500 20
3153 - 68 20
3154 # 1504
3154 - 1500 21
3154 - 68 21
3155 # 1504
3155 - 1500 22
3155 - 68 22
3156 # 1504
3156 - 1500 23
3156 - 68 23
3157 # 1504
3157 - 1500 24
3158 # 1504
3158 - 68 25
3159 # 1504
3159 - 1500 26
3159 - 68 26
3160 # 1504
3160 - 1500 27
3160 - 68 27
3161 # 1504
3161 - 1500 28
3161 - 68 28
3162 # 1504
3162 - 1500 29
3162 - 68 29
3163 # 1504
3163 - 1500 30
3163 - 68 30
3164 # 1504
3164 - 1500 31
3164 - 68 31
3165 # 1504
3165 - 1500 32
3165 - 68 32
3166 # 1504
3166 - 1500 33
3166 - 68 33
3167 # 1504
3167 - 1500 34
3167 - 68 34
3168 # 1504
3168 - 1500 35
3168 - 68 35
3169 # 1504
3169 - 1500 36
3169 - 68 36
3170 # 1504
3170 - 1500 37
3170 - 68 37
3171 # 1504
3171 - 1500 38
3171 - 68 38
3172 # 1504
3172 - 1500 39
3172 - 68 39
3173 # 1504
3173 - 1500 39
3173 - 68 39
3174 # 1504
3174 - 1500 40
3174 - 68 40
3175 # 1504
3175 - 1500 41
3175 - 68 41
3176 # 1504
3176 - 1500 42
3176 - 68 42
3177 # 1504
3177 - 1500 43
3177 - 68 43
3177 + 1500
3177 + 68
3177 + 1500
3177 + 68
3178 # 1504
3178 - 1500 44
3178 - 68 44
3179 # 1504
3179 - 1500 45
3179 - 68 45
3179 + 1500
3179 + 68
3180 # 1504
3180 - 1500 46
3180 - 68 46
3181 # 1504
3181 - 1500 47
3181 - 68 47
3181 + 1500
3181 + 68
3182 # 1504
3182 - 1500 48
3183 # 1504
3183 - 68 49
3184 # 1504
3184 - 1500 50
3184 - 68 50
3184 + 1500
3184 + 68
3185 # 1504
3185 - 1500 51
3185 - 68 51
3186 # 1504
3186 - 1500 52
3186 - 68 52
3186 + 1500
3186 + 68
3187 # 1504
3187 - 1500 53
3187 - 68 53
3188 # 1504
3188 - 1500 54
3188 - 68 54
3188 + 1500
3188 + 68
3189 # 1504
3189 - 1500 55
3189 - 68 55
3190 # 1504
3190 - 1500 56
3190 - 68 56
3190 + 1500
3190 + 68
3191 # 1504
3191 - 1500 57
3191 - 68 57
3192 # 1504
3192 - 1500 58
3192 - 68 58
3193 # 1504
3193 - 1500 59
3193 - 68 59
3194 # 1504
3194 - 1500 60
3194 - 68 60
3195 # 1504
3195 - 1500 61
3195 - 68 61
3195 + 1500
3195 + 68
3195 + 1500
3195 + 68
3196 # 1504
3196 - 1500 62
3196 - 68 61
3197 # 1504
3197 - 1500 62
3197 - 68 62
3198 # 1504
3198 - 1500 63
3198 - 68 63
3198 + 1500
3198 + 68
3199 # 1504
3199 - 1500 64
3199 - 68 64
3199 + 1500
3199 + 68
3200 # 1504
3200 - 1500 65
3200 - 68 65
3201 # 1504
3201 - 1500 66
3201 - 68 66
3202 # 1504
3202 - 1500 67
3202 - 68 67
3203 # 1504
3203 - 1500 68
3203 - 68 68
3204 # 1504
3204 - 1500 69
3204 - 68 68
3204 + 1500
3204 + 68
3204 + 1500
3204 + 68
3205 # 1504
3205 - 1500 69
3205 - 68 69
3206 # 1504
3206 - 1500 70
3207 # 1504
3207 - 68 71
3207 + 1500
3207 + 68
3208 # 1504
3208 - 1500 72
3208 - 68 72
3209 # 1504
3209 - 1500 72
3209 - 68 72
3209 + 1500
3209 + 68
3210 # 1504
3210 - 1500 73
3210 - 68 73
3211 # 1504
3211 - 1500 73
3211 - 68 73
3212 # 1504
3212 - 1500 74
3212 - 68 74
3212 + 1500
3212 + 68
3213 # 1504
3213 - 1500 75
3213 - 68 75
3213 + 1500
3213 + 68
3214 # 1504
3214 - 1500 76
3214 - 68 76
3215 # 1504
3215 - 1500 70
3215 - 68 70
3215 + 1500
3215 + 68
3216 # 1504
3216 - 1500 71
3216 - 68 71
3217 # 1504
3217 - 1500 72
3217 - 68 72
3218 # 1504
3218 - 1500 73
3218 - 68 73
3219 # 1504
3219 - 1500 74
3219 - 68 74
3220 # 1504
3220 - 1500 75
3220 - 68 75
3220 + 1500
3220 + 68
3220 + 1500
3220 + 68
3221 # 1504
3221 - 1500 76
3221 - 68 76
3222 # 1504
3222 - 1500 77
3222 - 68 77
3223 # 1504
3223 - 1500 78
3223 - 68 78
3223 + 1500
3223 + 68
3224 # 1504
3224 - 1500 79
3224 - 68 79
3225 # 1504
3225 - 1500 80
3225 - 68 80
3226 # 1504
3226 - 1500 81
3226 - 68 81
3227 # 1504
3227 - 1500 82
3227 - 68 82
3228 # 1504
3228 - 1500 83
3228 - 68 83
3228 + 1500
3228 + 68
3228 + 1500
3228 + 68
3229 # 1504
3229 - 1500 84
3229 - 68 84
3229 + 1500
3229 + 68
3230 # 1504
3230 - 1500 85
3230 - 68 85
3231 # 1504
3231 - 1500 86
3232 # 1504
3232 - 68 87
3233 # 1504
3233 - 1500 88
3233 - 68 88
3234 # 1504
3234 - 1500 89
3234 - 68 89
3235 # 1504
3235 - 1500 90
3235 - 68 90
3236 # 1504
3236 - 1500 91
3236 - 68 91
3236 + 1500
3236 + 68
3236 + 1500
3236 + 68
3237 # 1504
3237 - 1500 91
3237 - 68 91
3238 # 1504
3238 - 1500 92
3238 - 68 92
3238 + 1500
3238 + 68
3239 # 1504
3239 - 1500 93
3239 - 68 93
3240 # 1504
3240 - 1500 63
3240 - 68 63
3241 # 1504
3241 - 1500 64
3241 - 68 64
3242 # 1504
3242 - 1500 63
3242 - 68 63
3243 # 1504
3243 - 1500 62
3243 - 68 62
3244 # 1504
3244 - 1500 60
3244 - 68 60
3244 + 1500
3244 + 68
3244 + 1500
3244 + 68
3245 # 1504
3245 - 1500 59
3245 - 68 59
3246 # 1504
3246 - 1500 58
3246 - 68 58
3246 + 1500
3246 + 68
3247 # 1504
3247 - 1500 57
3247 - 68 57
3248 # 1504
3248 - 1500 53
3248 - 68 53
3249 # 1504
3249 - 1500 54
3249 - 68 54
3250 # 1504
3250 - 1500 52
3250 - 68 52
3251 # 1504
3251 - 1500 52
3251 - 68 52
3251 + 1500
3252 # 1504
3252 - 1500 48
3252 - 68 48
3252 + 68
3252 + 1500
3252 + 68
3253 # 1504
3253 - 1500 49
3253 - 68 49
3254 # 1504
3254 - 1500 47
3254 - 68 47
3255 # 1504
3255 - 1500 46
3256 # 1504
3256 - 68 47
3256 + 1500
3256 + 68
3257 # 1504
3257 - 1500 45
3257 - 68 45
3258 # 1504
3258 - 1500 45
3258 - 68 45
3259 # 1504
3259 - 1500 44
3259 - 68 44
3260 # 1504
3260 - 1500 40
3260 - 68 40
3260 + 1500
3260 + 68
3260 + 1500
3260 + 68
3261 # 1504
3261 - 1500 41
3261 - 68 41
3262 # 1504
3262 - 1500 39
3262 - 68 39
3263 # 1504
3263 - 1500 35
3263 - 68 35
3263 + 1500
3263 + 68
3264 # 1504
3264 - 1500 36
3264 - 68 36
3265 # 1504
3265 - 1500 36
3265 - 68 36
3266 # 1504
3266 - 1500 30
3266 - 68 30
3266 + 1500
3266 + 68
3267 # 1504
3267 - 1500 31
3267 - 68 31
3268 # 1504
3268 - 1500 30
3268 - 68 30
3268 + 1500
3268 + 68
3269 # 1504
3269 - 1500 25
3269 - 68 25
3270 # 1504
3270 - 1500 26
3270 - 68 26
3271 # 1504
3271 - 1500 25
3271 - 68 25
3271 + 1500
3271 + 68
3272 # 1504
3272 - 1500 21
3272 - 68 20
3273 # 1504
3273 - 1500 21
3273 - 68 21
3274 # 1504
3274 - 1500 18
3274 - 68 18
3275 # 1504
3275 - 1500 15
3275 - 68 15
3276 # 1504
3276 - 1500 16
3276 - 68 16
3276 + 1500
3276 + 68
3277 # 1504
3277 - 1500 14
3277 - 68 14
3277 + 1500
3277 + 68
3278 # 1504
3278 - 1500 12
3278 - 68 12
3279 # 1504
3279 - 1500 11
3279 - 68 11
3280 # 1504
3280 - 1500 9
3280 + 1500
3280 + 68
3281 # 1504
3281 - 68 10
3282 # 1504
3282 - 1500 6
3282 - 68 6
3283 # 1504
3283 - 1500 6
3283 - 68 6
3284 # 1504
3284 - 1500 4
3284 - 68 4
3284 + 1500
3284 + 68
3285 # 1504
3285 - 1500 1
3285 + 1500
3285 + 68
3286 # 1504
3286 - 68 2
3287 # 1504
3287 - 1500 2
3287 - 68 2
3288 # 1504
3289 # 1504
3290 # 1504
3291 # 1504
3292 # 1504
3292 + 1500
3292 + 68
3292 + 1500
3292 + 68
3293 # 1504
3293 - 1500 1
3294 # 1504
3294 - 68 2
3295 # 1504
3295 - 1500 3
3295 - 68 3
3296 # 1504
3297 # 1504
3297 + 1500
3297 + 68
3297 + 1500
3297 + 68
3298 # 1504
3298 - 1500 1
3299 # 1504
3299 - 68 2
3300 # 1504
3300 - 1500 3
3300 - 68 3
3301 # 1504
3302 # 1504
3303 # 1504
3303 + 1500
3303 + 68
3303 + 1500
3303 + 68
3304 # 1504
3304 - 1500 1
3305 # 1504
3305 - 68 2
3305 + 1500
3305 + 68
3306 # 1504
3306 - 1500 3
3306 - 68 3
3307 # 1504
3307 - 1500 2
3307 - 68 2
3308 # 1504
3308 + 1500
3308 + 68
3309 # 1504
3309 - 1500 1
3310 # 1504
3310 - 68 2
3311 # 1504
3312 # 1504
3313 # 1504
3313 + 1500
3313 + 68
3313 + 1500
3313 + 68
3314 # 1504
3314 - 1500 1
3315 # 1504
3315 - 68 2
3316 # 1504
3316 - 1500 3
3316 - 68 3
3317 # 1504
3318 # 1504
3319 # 1504
3320 # 1504
3320 + 1500
3320 + 68
3320 + 1500
3320 + 68
3321 # 1504
3321 - 1500 1
3321 + 1500
3321 + 68
3322 # 1504
3322 - 68 2
3323 # 1504
3323 - 1500 3
3323 - 68 3
3324 # 1504
3324 - 1500 3
3324 - 68 3
3325 # 1504
3325 + 1500
3325 + 68
3326 # 1504
3326 - 1500 1
3326 + 1500
3326 + 68
3327 # 1504
3327 - 68 2
3328 # 1504
3328 - 1500 2
3328 - 68 2
3328 + 1500
3328 + 68
3329 # 1504
3329 - 1500 1
3330 # 1504
3330 - 68 2
3330 + 1500
3330 + 68
3331 # 1504
3331 - 1500 1
3332 # 1504
3332 - 68 2
3332 + 1500
3332 + 68
3333 # 1504
3333 - 1500 1
3333 + 1500
3333 + 68
3334 # 1504
3334 - 68 2
3334 + 1500
3334 + 68
3335 # 1504
3335 - 1500 2
3335 - 68 2
3336 # 1504
3336 - 1500 2
3336 - 68 2
3336 + 1500
3336 + 68
3337 # 1504
3337 - 1500 1
3337 + 1500
3337 + 68
3338 # 1504
3338 - 68 2
3339 # 1504
3339 - 1500 2
3339 - 68 2
3339 + 1500
3339 + 68
3339 + 1500
3339 + 68
3340 # 1504
3340 - 1500 1
3340 + 1500
3340 + 68
3341 # 1504
3341 - 68 2
3341 + 1500
3341 + 68
3342 # 1504
3342 - 1500 3
3342 - 68 3
3342 + 1500
3342 + 68
3343 # 1504
3343 - 1500 3
3343 - 68 3
3343 + 1500
3344 # 1504
3344 - 1500 3
3344 - 68 3
3344 + 68
3345 # 1504
3345 - 1500 3
3345 - 68 3
3346 # 1504
3346 - 1500 3
3346 - 68 2
3347 # 1504
3348 # 1504
3348 + 1500
3348 + 68
3348 + 1500
3348 + 68
3349 # 1504
3349 - 1500 1
3350 # 1504
3350 - 68 2
3351 # 1504
3351 - 1500 3
3351 - 68 3
3352 # 1504
3353 # 1504
3354 # 1504
3355 # 1504
3356 # 1504
3356 + 1500
3356 + 68
3356 + 1500
3356 + 68
3356 + 1500
3356 + 68
3357 # 1504
3357 - 1500 1
3358 # 1504
3358 - 68 2
3359 # 1504
3359 - 1500 3
3359 - 68 3
3360 # 1504
3360 - 1500 4
3360 - 68 4
3361 # 1504
3362 # 1504
3362 + 1500
3362 + 68
3362 + 1500
3362 + 68
3363 # 1504
3363 - 1500 1
3363 + 1500
3363 + 68
3364 # 1504
3364 - 68 2
3365 # 1504
3365 - 1500 3
3365 - 68 3
3366 # 1504
3366 - 1500 3
3366 - 68 3
3367 # 1504
3367 + 1500
3367 + 68
3368 # 1504
3368 - 1500 1
3368 + 1500
3368 + 68
3369 # 1504
3369 - 68 2
3370 # 1504
3370 - 1500 2
3370 - 68 2
3371 # 1504
3372 # 1504
3373 # 1504
3373 + 1500
3373 + 68
3373 + 1500
3373 + 68
3374 # 1504
3374 - 1500 1
3375 # 1504
3375 - 68 2
3376 # 1504
3376 - 1500 3
3376 - 68 3
3376 + 1500
3376 + 68
3377 # 1504
3377 - 1500 1
3378 # 1504
3378 - 68 2
3378 + 1500
3378 + 68
3379 # 1504
3379 - 1500 1
3380 # 1504
3380 - 68 2
3381 # 1504
3381 + 1500
3381 + 68
3382 # 1504
3382 - 1500 1
3382 + 1500
3382 + 68
3383 # 1504
3383 - 68 2
3384 # 1504
3384 - 1500 2
3384 - 68 2
3384 + 1500
3384 + 68
3385 # 1504
3385 - 1500 1
3386 # 1504
3386 - 68 2
3387 # 1504
3388 # 1504
3388 + 1500
3388 + 68
3388 + 1500
3388 + 68
3389 # 1504
3389 - 1500 1
3390 # 1504
3390 - 68 2
3391 # 1504
3391 - 1500 3
3391 - 68 3
3391 + 1500
3391 + 68
3392 # 1504
3392 - 1500 1
3393 # 1504
3393 - 68 2
3393 + 1500
3393 + 68
3394 # 1504
3394 - 1500 1
3395 # 1504
3395 - 68 2
3395 + 1500
3395 + 68
3396 # 1504
3396 - 1500 1
3397 # 1504
3397 - 68 2
3397 + 1500
3397 + 68
3398 # 1504
3398 - 1500 1
3398 + 1500
3398 + 68
3399 # 1504
3399 - 68 2
3400 # 1504
3400 - 1500 2
3400 - 68 2
3400 + 1500
3400 + 68
3401 # 1504
3401 - 1500 1
3402 # 1504
3402 - 68 2
3402 + 1500
3402 + 68
3403 # 1504
3403 - 1500 1
3404 # 1504
3404 - 68 2
3404 + 1500
3404 + 68
3405 # 1504
3405 - 1500 1
3405 + 1500
3405 + 68
3406 # 1504
3406 - 68 2
3407 # 1504
3407 - 1500 2
3407 - 68 2
3407 + 1500
3407 + 68
3408 # 1504
3408 - 1500 1
3408 + 1500
3408 + 68
3409 # 1504
3409 - 68 2
3410 # 1504
3410 - 1500 2
3410 - 68 2
3410 + 1500
3410 + 68
3410 + 1500
3410 + 68
3411 # 1504
3411 - 1500 1
3412 # 1504
3412 - 68 2
3412 + 1500
3412 + 68
3413 # 1504
3413 - 1500 3
3413 - 68 3
3413 + 1500
3413 + 68
3414 # 1504
3414 - 1500 2
3414 - 68 2
3415 # 1504
3415 - 1500 2
3415 - 68 2
3415 + 1500
3415 + 68
3416 # 1504
3416 - 1500 1
3416 + 1500
3416 + 68
3417 # 1504
3417 - 68 2
3418 # 1504
3418 - 1500 2
3418 - 68 2
3418 + 1500
3418 + 68
3419 # 1504
3419 - 1500 1
3420 # 1504
3420 - 68 2
3420 + 1500
3420 + 68
3421 # 1504
3421 - 1500 1
3422 # 1504
3422 - 68 2
3422 + 1500
3422 + 68
3423 # 1504
3423 - 1500 1
3423 + 1500
3423 + 68
3424 # 1504
3424 - 68 2
3425 # 1504
3425 - 1500 2
3425 - 68 2
3425 + 1500
3425 + 68
3426 # 1504
3426 - 1500 1
3426 + 1500
3426 + 68
3427 # 1504
3427 - 68 2
3428 # 1504
3428 - 1500 2
3428 - 68 2
3428 + 1500
3428 + 68
3429 # 1504
3429 - 1500 1
3429 + 1500
3429 + 68
3430 # 1504
3430 - 68 2
3430 + 1500
3430 + 68
3431 # 1504
3431 - 1500 2
3431 - 68 2
3431 + 1500
3431 + 68
3432 # 1504
3432 - 1500 2
3432 - 68 2
3433 # 1504
3433 - 1500 2
3433 - 68 2
3433 + 1500
3433 + 68
3434 # 1504
3434 - 1500 1
3434 + 1500
3434 + 68
3435 # 1504
3435 - 68 2
3436 # 1504
3436 - 1500 2
3436 - 68 2
3436 + 1500
3436 + 68
3437 # 1504
3437 - 1500 1
3437 + 1500
3437 + 68
3438 # 1504
3438 - 68 2
3438 + 1500
3438 + 68
3439 # 1504
3439 - 1500 2
3439 - 68 2
3439 + 1500
3439 + 68
3440 # 1504
3440 - 1500 2
3440 - 68 2
3440 + 1500
3440 + 68
3441 # 1504
3441 - 1500 2
3441 - 68 2
3441 + 1500
3441 + 68
3442 # 1504
3442 - 1500 2
3442 - 68 2
3443 # 1504
3443 - 1500 2
3443 - 68 2
3443 + 1500
3443 + 68
3444 # 1504
3444 - 1500 1
3445 # 1504
3445 - 68 2
3445 + 1500
3445 + 68
3446 # 1504
3446 - 1500 1
3446 + 1500
3446 + 68
3447 # 1504
3447 - 68 2
3448 # 1504
3448 - 1500 2
3448 - 68 2
3448 + 1500
3448 + 68
3449 # 1504
3449 - 1500 1
3449 + 1500
3449 + 68
3450 # 1504
3450 - 68 2
3450 + 1500
3450 + 68
3451 # 1504
3451 - 1500 2
3451 - 68 2
3452 # 1504
3452 - 1500 2
3452 - 68 2
3452 + 1500
3452 + 68
3453 # 1504
3453 - 1500 1
3453 + 1500
3453 + 68
3453 + 1500
3453 + 68
3454 # 1504
3454 - 68 2
3454 + 1500
3454 + 68
3455 # 1504
3455 - 1500 2
3455 - 68 2
3455 + 1500
3455 + 68
3456 # 1504
3456 - 1500 3
3456 - 68 3
3457 # 1504
3457 - 1500 3
3457 - 68 3
3457 + 1500
3457 + 68
3458 # 1504
3458 - 1500 3
3458 - 68 3
3459 # 1504
3459 - 1500 2
3459 - 68 2
3459 + 1500
3459 + 68
3460 # 1504
3460 - 1500 1
3461 # 1504
3461 - 68 2
3461 + 1500
3461 + 68
3462 # 1504
3462 - 1500 1
3462 + 1500
3462 + 68
3463 # 1504
3463 - 68 2
3464 # 1504
3464 - 1500 2
3464 - 68 2
3464 + 1500
3464 + 68
3465 # 1504
3465 - 1500 1
3465 + 1500
3465 + 68
3466 # 1504
3466 - 68 2
3466 + 1500
3466 + 68
3467 # 1504
3467 - 1500 2
3467 - 68 2
3468 # 1504
3468 - 1500 2
3468 - 68 2
3468 + 1500
3468 + 68
3469 # 1504
3469 - 1500 1
3469 + 1500
3469 + 68
3469 + 1500
3469 + 68
3470 # 1504
3470 - 68 2
3470 + 1500
3470 + 68
3471 # 1504
3471 - 1500 2
3471 - 68 2
3471 + 1500
3471 + 68
3472 # 1504
3472 - 1500 3
3472 - 68 3
3472 + 1500
3472 + 68
3473 # 1504
3473 - 1500 3
3473 - 68 3
3474 # 1504
3474 - 1500 3
3474 - 68 3
3475 # 1504
3475 - 1500 3
3475 - 68 3
3475 + 1500
3475 + 68
3476 # 1504
3476 - 1500 1
3477 # 1504
3477 - 68 2
3477 + 1500
3477 + 68
3478 # 1504
3478 - 1500 1
3479 # 1504
3479 - 68 2
3479 + 1500
3479 + 68
3480 # 1504
3480 - 1500 1
3480 + 1500
3480 + 68
3481 # 1504
3481 - 68 2
3481 + 1500
3481 + 68
3482 # 1504
3482 - 1500 2
3482 - 68 2
3482 + 1500
3482 + 68
3483 # 1504
3483 - 1500 2
3483 - 68 2
3484 # 1504
3484 - 1500 2
3484 - 68 2
3484 + 1500
3484 + 68
3485 # 1504
3485 - 1500 1
3485 + 1500
3485 + 68
3486 # 1504
3486 - 68 2
3487 # 1504
3487 - 1500 2
3487 - 68 2
3487 + 1500
3487 + 68
3488 # 1504
3488 - 1500 1
3489 # 1504
3489 - 68 2
3489 + 1500
3489 + 68
3490 # 1504
3490 - 1500 1
3491 # 1504
3491 - 68 2
3491 + 1500
3491 + 68
3492 # 1504
3492 - 1500 1
3492 + 1500
3492 + 68
3493 # 1504
3493 - 68 2
3494 # 1504
3494 - 1500 2
3494 - 68 2
3494 + 1500
3494 + 68
3495 # 1504
3495 - 1500 1
3495 + 1500
3495 + 68
3496 # 1504
3496 - 68 2
3497 # 1504
3497 - 1500 2
3497 - 68 2
3497 + 1500
3497 + 68
3498 # 1504
3498 - 1500 1
3498 + 1500
3498 + 68
3499 # 1504
3499 - 68 2
3500 # 1504
3500 - 1500 2
3500 - 68 2
3500 + 1500
3500 + 68
3501 # 1504
3501 - 1500 1
3501 + 1500
3501 + 68
3502 # 1504
3502 - 68 2
3503 # 1504
3503 - 1500 2
3503 - 68 2
3503 + 1500
3503 + 68
3504 # 1504
3504 - 1500 1
3505 # 1504
3505 - 68 2
3505 + 1500
3505 + 68
3506 # 1504
3506 - 1500 1
3507 # 1504
3507 - 68 2
3507 + 1500
3507 + 68
3508 # 1504
3508 - 1500 1
3508 + 1500
3508 + 68
3509 # 1504
3509 - 68 2
3510 # 1504
3510 - 1500 2
3510 - 68 2
3510 + 1500
3510 + 68
3511 # 1504
3511 - 1500 1
3512 # 1504
3512 - 68 2
3512 + 1500
3512 + 68
3513 # 1504
3513 - 1500 1
3514 # 1504
3514 - 68 2
3514 + 1500
3514 + 68
3515 # 1504
3515 - 1500 1
3516 # 1504
3516 - 68 2
3516 + 1500
3516 + 68
3517 # 1504
3517 - 1500 1
3517 + 1500
3517 + 68
3518 # 1504
3518 - 68 2
3519 # 1504
3519 - 1500 2
3519 - 68 2
3519 + 1500
3519 + 68
3520 # 1504
3520 - 1500 1
3521 # 1504
3521 - 68 2
3522 # 1504
3522 + 1500
3522 + 68
3523 # 1504
3523 - 1500 1
3524 # 1504
3524 - 68 2
3524 + 1500
3524 + 68
3525 # 1504
3525 - 1500 1
3526 # 1504
3526 - 68 2
3527 # 1504
3527 + 1500
3527 + 68
3528 # 1504
3528 - 1500 1
3529 # 1504
3529 - 68 2
3529 + 1500
3529 + 68
3530 # 1504
3530 - 1500 1
3531 # 1504
3531 - 68 2
3532 # 1504
3532 + 1500
3532 + 68
3533 # 1504
3533 - 1500 1
3534 # 1504
3534 - 68 2
3535 # 1504
3535 + 1500
3535 + 68
3536 # 1504
3536 - 1500 1
3537 # 1504
3537 - 68 2
3537 + 1500
3537 + 68
3538 # 1504
3538 - 1500 1
3539 # 1504
3539 - 68 2
3540 # 1504
3540 + 1500
3540 + 68
3541 # 1504
3541 - 1500 1
3542 # 1504
3542 - 68 2
3542 + 1500
3542 + 68
3543 # 1504
3543 - 1500 1
3544 # 1504
3544 - 68 2
3545 # 1504
3545 + 1500
3545 + 68
3546 # 1504
3546 - 1500 1
3547 # 1504
3547 - 68 2
3547 + 1500
3547 + 68
3548 # 1504
3548 - 1500 1
3548 + 1500
3548 + 68
3549 # 1504
3549 - 68 2
3550 # 1504
3550 - 1500 2
3550 - 68 2
3550 + 1500
3550 + 68
3551 # 1504
3551 - 1500 1
3552 # 1504
3552 - 68 2
3552 + 1500
3552 + 68
3553 # 1504
3553 - 1500 1
3554 # 1504
3554 - 68 2
3554 + 1500
3554 + 68
3555 # 1504
3555 - 1500 1
3556 # 1504
3556 - 68 2
3556 + 1500
3556 + 68
3557 # 1504
3557 - 1500 1
3557 + 1500
3557 + 68
3558 # 1504
3558 - 68 2
3559 # 1504
3559 - 1500 2
3559 - 68 2
3559 + 1500
3559 + 68
3560 # 1504
3560 - 1500 1
3560 + 1500
3560 + 68
3561 # 1504
3561 - 68 2
3562 # 1504
3562 - 1500 2
3562 - 68 2
3562 + 1500
3562 + 68
3563 # 1504
3563 - 1500 1
3563 + 1500
3563 + 68
3564 # 1504
3564 - 68 2
3565 # 1504
3565 - 1500 2
3565 - 68 2
3565 + 1500
3565 + 68
3566 # 1504
3566 - 1500 1
3566 + 1500
3566 + 68
3567 # 1504
3567 - 68 2
3568 # 1504
3568 - 1500 2
3568 - 68 2
3568 + 1500
3568 + 68
3569 # 1504
3569 - 1500 1
3570 # 1504
3570 - 68 2
3570 + 1500
3570 + 68
3571 # 1504
3571 - 1500 1
3572 # 1504
3572 - 68 2
3572 + 1500
3572 + 68
3573 # 1504
3573 - 1500 1
3574 # 1504
3574 - 68 2
3574 + 1500
3574 + 68
3575 # 1504
3575 - 1500 1
3576 # 1504
3576 - 68 2
3577 # 1504
3577 + 1500
3577 + 68
3578 # 1504
3578 - 1500 1
3579 # 1504
3579 - 68 2
3579 + 1500
3580 # 1504
3580 - 1500 1
3580 + 68
3581 # 1504
3581 - 68 1
3582 # 1504
3582 + 1500
3582 + 68
3583 # 1504
3583 - 1500 1
3584 # 1504
3584 - 68 2
3584 + 1500
3584 + 68
3585 # 1504
3585 - 1500 1
3586 # 1504
3586 - 68 2
3586 + 1500
3586 + 68
3587 # 1504
3587 - 1500 1
3587 + 1500
3587 + 68
3588 # 1504
3588 - 68 2
3589 # 1504
3589 - 1500 2
3589 - 68 2
3589 + 1500
3589 + 68
3590 # 1504
3590 - 1500 1
3591 # 1504
3591 - 68 2
3591 + 1500
3591 + 68
3592 # 1504
3592 - 1500 1
3593 # 1504
3593 - 68 2
3593 + 1500
3593 + 68
3594 # 1504
3594 - 1500 1
3595 # 1504
3595 - 68 2
3595 + 1500
3595 + 68
3596 # 1504
3596 - 1500 1
3596 + 1500
3596 + 68
3597 # 1504
3597 - 68 2
3598 # 1504
3598 - 1500 2
3598 - 68 2
3598 + 1500
3598 + 68
3599 # 1504
3599 - 1500 1
3600 # 1504
3600 - 68 2
3600 + 1500
3600 + 68
3601 # 1504
3601 - 1500 1
3602 # 1504
3602 - 68 2
3602 + 1500
3602 + 68
3603 # 1504
3603 - 1500 1
3603 + 1500
3603 + 68
3604 # 1504
3604 - 68 2
3605 # 1504
3605 - 1500 2
3605 - 68 2
3606 # 1504
3606 + 1500
3606 + 68
3607 # 1504
3607 - 1500 1
3607 + 1500
3607 + 68
3608 # 1504
3608 - 68 2
3609 # 1504
3609 - 1500 2
3609 - 68 2
3609 + 1500
3609 + 68
3610 # 1504
3610 - 1500 1
3611 # 1504
3611 - 68 2
3611 + 1500
3611 + 68
3612 # 1504
3612 - 1500 1
3612 + 1500
3612 + 68
3613 # 1504
3613 - 68 2
3614 # 1504
3614 - 1500 2
3614 - 68 2
3614 + 1500
3614 + 68
3615 # 1504
3615 - 1500 1
3615 + 1500
3615 + 68
3616 # 1504
3616 - 68 2
3617 # 1504
3617 - 1500 2
3617 - 68 2
3617 + 1500
3617 + 68
3618 # 1504
3618 - 1500 1
3618 + 1500
3618 + 68
3619 # 1504
3619 - 68 2
3619 + 1500
3619 + 68
3620 # 1504
3620 - 1500 2
3620 - 68 2
3621 # 1504
3621 - 1500 2
3621 - 68 2
3621 + 1500
3621 + 68
3622 # 1504
3622 - 1500 1
3623 # 1504
3623 - 68 2
3623 + 1500
3623 + 68
3624 # 1504
3624 - 1500 1
3625 # 1504
3625 - 68 2
3625 + 1500
3625 + 68
3626 # 1504
3626 - 1500 1
3627 # 1504
3627 - 68 2
3627 + 1500
3627 + 68
3628 # 1504
3628 - 1500 1
3628 + 1500
3628 + 68
3629 # 1504
3629 - 68 2
3630 # 1504
3630 - 1500 2
3630 - 68 2
3630 + 1500
3630 + 68
3631 # 1504
3631 - 1500 1
3632 # 1504
3632 - 68 2
3632 + 1500
3632 + 68
3633 # 1504
3633 - 1500 1
3634 # 1504
3634 - 68 2
3635 # 1504
3635 + 1500
3635 + 68
3636 # 1504
3636 - 1500 1
3636 + 1500
3636 + 68
3637 # 1504
3637 - 68 2
3638 # 1504
3638 - 1500 2
3638 - 68 2
3638 + 1500
3638 + 68
3639 # 1504
3639 - 1500 1
3640 # 1504
3640 - 68 2
3640 + 1500
3640 + 68
3641 # 1504
3641 - 1500 1
3642 # 1504
3642 - 68 2
3642 + 1500
3642 + 68
3643 # 1504
3643 - 1500 1
3643 + 1500
3643 + 68
3644 # 1504
3644 - 68 2
3645 # 1504
3645 - 1500 2
3645 - 68 2
3645 + 1500
3645 + 68
3646 # 1504
3646 - 1500 1
3647 # 1504
3647 - 68 2
3647 + 1500
3647 + 68
3648 # 1504
3648 - 1500 1
3649 # 1504
3649 - 68 2
3649 + 1500
3649 + 68
3650 # 1504
3650 - 1500 1
3651 # 1504
3651 - 68 2
3651 + 1500
3651 + 68
3652 # 1504
3652 - 1500 1
3652 + 1500
3652 + 68
3653 # 1504
3653 - 68 2
3654 # 1504
3654 - 1500 2
3654 - 68 2
3654 + 1500
3654 + 68
3655 # 1504
3655 - 1500 1
3656 # 1504
3656 - 68 2
3657 # 1504
3657 + 1500
3657 + 68
3658 # 1504
3658 - 1500 1
3659 # 1504
3659 - 68 2
3659 + 1500
3659 + 68
3660 # 1504
3660 - 1500 1
3661 # 1504
3661 - 68 2
3662 # 1504
3662 + 1500
3662 + 68
3663 # 1504
3663 - 1500 1
3664 # 1504
3664 - 68 2
3664 + 1500
3664 + 68
3665 # 1504
3665 - 1500 1
3666 # 1504
3666 - 68 2
3667 # 1504
3667 + 1500
3667 + 68
3668 # 1504
3668 - 1500 1
3669 # 1504
3669 - 68 2
3670 # 1504
3670 + 1500
3670 + 68
3671 # 1504
3671 - 1500 1
3672 # 1504
3672 - 68 2
3672 + 1500
3672 + 68
3673 # 1504
3673 - 1500 1
3674 # 1504
3674 - 68 2
3675 # 1504
3675 + 1500
3675 + 68
3676 # 1504
3676 - 1500 1
3677 # 1504
3677 - 68 2
3677 + 1500
3677 + 68
3678 # 1504
3678 - 1500 1
3679 # 1504
3679 - 68 2
3680 # 1504
3680 + 1500
3680 + 68
3681 # 1504
3681 - 1500 1
3682 # 1504
3682 - 68 2
3682 + 1500
3682 + 68
3683 # 1504
3683 - 1500 1
3684 # 1504
3684 - 68 2
3685 # 1504
3685 + 1500
3685 + 68
3686 # 1504
3686 - 1500 1
3687 # 1504
3687 - 68 2
3688 # 1504
3688 + 1500
3688 + 68
3689 # 1504
3689 - 1500 1
3690 # 1504
3690 - 68 2
3690 + 1500
3690 + 68
3691 # 1504
3691 - 1500 1
3692 # 1504
3692 - 68 2
3693 # 1504
3693 + 1500
3693 + 68
3694 # 1504
3694 - 1500 1
3695 # 1504
3695 - 68 2
3695 + 1500
3695 + 68
3696 # 1504
3696 - 1500 1
3697 # 1504
3697 - 68 2
3698 # 1504
3698 + 1500
3698 + 68
3699 # 1504
3699 - 1500 1
3700 # 1504
3700 - 68 2
3700 + 1500
3700 + 68
3701 # 1504
3701 - 1500 1
3702 # 1504
3702 - 68 2
3703 # 1504
3703 + 1500
3703 + 68
3704 # 1504
3704 - 1500 1
3705 # 1504
3705 - 68 2
3706 # 1504
3706 + 1500
3706 + 68
3707 # 1504
3707 - 1500 1
3708 # 1504
3708 - 68 2
3708 + 1500
3708 + 68
3709 # 1504
3709 - 1500 1
3710 # 1504
3710 - 68 2
3711 # 1504
3711 + 1500
3711 + 68
3711 + 1500
3711 + 68
3711 + 1500
3711 + 68
3712 # 1504
3712 - 1500 1
3712 + 1500
3712 + 68
3713 # 1504
3713 - 68 2
3713 + 1500
3713 + 68
3714 # 1504
3714 - 1500 3
3714 - 68 3
3714 + 1500
3714 + 68
3715 # 1504
3715 - 1500 4
3715 - 68 4
3716 # 1504
3716 - 1500 4
3716 - 68 4
3717 # 1504
3717 - 1500 4
3717 - 68 4
3717 + 1500
3717 + 68
3718 # 1504
3718 - 1500 4
3718 - 68 4
3719 # 1504
3719 - 1500 2
3719 - 68 2
3719 + 1500
3719 + 68
3720 # 1504
3720 - 1500 1
3721 # 1504
3721 - 68 2
3722 # 1504
3722 + 1500
3722 + 68
3723 # 1504
3723 - 1500 1
3724 # 1504
3724 - 68 2
3724 + 1500
3724 + 68
3725 # 1504
3725 - 1500 1
3726 # 1504
3726 - 68 2
3727 # 1504
3727 + 1500
3727 + 68
3728 # 1504
3728 - 1500 1
3729 # 1504
3729 - 68 2
3730 # 1504
3730 + 1500
3730 + 68
3731 # 1504
3731 - 1500 1
3732 # 1504
3732 - 68 2
3732 + 1500
3732 + 68
3733 # 1504
3733 - 1500 1
3734 # 1504
3734 - 68 2
3735 # 1504
3735 + 1500
3735 + 68
3736 # 1504
3736 - 1500 1
3737 # 1504
3737 - 68 2
3737 + 1500
3737 + 68
3738 # 1504
3738 - 1500 1
3739 # 1504
3739 - 68 2
3740 # 1504
3740 + 1500
3740 + 68
3741 # 1504
3741 - 1500 1
3742 # 1504
3742 - 68 2
3742 + 1500
3742 + 68
3743 # 1504
3743 - 1500 1
3744 # 1504
3744 - 68 2
3745 # 1504
3745 + 1500
3745 + 68
3746 # 1504
3746 - 1500 1
3747 # 1504
3747 - 68 2
3748 # 1504
3748 + 1500
3748 + 68
3749 # 1504
3749 - 1500 1
3750 # 1504
3750 - 68 2
3750 + 1500
3750 + 68
3751 # 1504
3751 - 1500 1
3752 # 1504
3752 - 68 2
3753 # 1504
3753 + 1500
3753 + 68
3754 # 1504
3754 - 1500 1
3755 # 1504
3755 - 68 2
3755 + 1500
3755 + 68
3756 # 1504
3756 - 1500 1
3757 # 1504
3757 - 68 2
3758 # 1504
3758 + 1500
3758 + 68
3759 # 1504
3759 - 1500 1
3760 # 1504
3760 - 68 2
3760 + 1500
3760 + 68
3761 # 1504
3761 - 1500 1
3762 # 1504
3762 - 68 2
3763 # 1504
3763 + 1500
3763 + 68
3764 # 1504
3764 - 1500 1
3765 # 1504
3765 - 68 2
3765 + 1500
3766 # 1504
3766 - 1500 1
3766 + 68
3767 # 1504
3767 - 68 1
3768 # 1504
3768 + 1500
3768 + 68
3769 # 1504
3769 - 1500 1
3770 # 1504
3770 - 68 2
3770 + 1500
3770 + 68
3771 # 1504
3771 - 1500 1
3772 # 1504
3772 - 68 2
3773 # 1504
3773 + 1500
3773 + 68
3774 # 1504
3774 - 1500 1
3775 # 1504
3775 - 68 2
3775 + 1500
3775 + 68
3776 # 1504
3776 - 1500 1
3777 # 1504
3777 - 68 2
3778 # 1504
3778 + 1500
3778 + 68
3779 # 1504
3779 - 1500 1
3779 + 1500
3779 + 68
3780 # 1504
3780 - 68 2
3781 # 1504
3781 - 1500 2
3781 - 68 2
3781 + 1500
3781 + 68
3782 # 1504
3782 - 1500 1
3783 # 1504
3783 - 68 2
3783 + 1500
3783 + 68
3784 # 1504
3784 - 1500 1
3784 + 1500
3784 + 68
3785 # 1504
3785 - 68 2
3786 # 1504
3786 - 1500 2
3786 - 68 2
3786 + 1500
3786 + 68
3787 # 1504
3787 - 1500 1
3788 # 1504
3788 - 68 2
3788 + 1500
3788 + 68
3789 # 1504
3789 - 1500 1
3790 # 1504
3790 - 68 2
3790 + 1500
3790 + 68
3791 # 1504
3791 - 1500 1
3792 # 1504
3792 - 68 2
3792 + 1500
3792 + 68
3793 # 1504
3793 - 1500 1
3794 # 1504
3794 - 68 2
3794 + 1500
3794 + 68
3795 # 1504
3795 - 1500 1
3795 + 1500
3795 + 68
3796 # 1504
3796 - 68 2
3797 # 1504
3797 - 1500 2
3797 - 68 2
3797 + 1500
3797 + 68
3798 # 1504
3798 - 1500 1
3799 # 1504
3799 - 68 2
3800 # 1504
3800 + 1500
3800 + 68
3801 # 1504
3801 - 1500 1
3802 # 1504
3802 - 68 2
3803 # 1504
3803 + 1500
3803 + 68
3804 # 1504
3804 - 1500 1
3805 # 1504
3805 - 68 2
3806 # 1504
3806 + 1500
3806 + 68
3807 # 1504
3807 - 1500 1
3807 + 1500
3807 + 68
3808 # 1504
3808 - 68 2
3809 # 1504
3809 - 1500 2
3809 - 68 2
3810 # 1504
3810 + 1500
3810 + 68
3811 # 1504
3811 - 1500 1
3812 # 1504
3812 - 68 2
3812 + 1500
3812 + 68
3813 # 1504
3813 - 1500 1
3814 # 1504
3814 - 68 2
3814 + 1500
3814 + 68
3815 # 1504
3815 - 1500 1
3815 + 1500
3815 + 68
3816 # 1504
3816 - 68 2
3817 # 1504
3817 - 1500 2
3817 - 68 2
3817 + 1500
3817 + 68
3818 # 1504
3818 - 1500 1
3819 # 1504
3819 - 68 2
3819 + 1500
3819 + 68
3820 # 1504
3820 - 1500 1
3821 # 1504
3821 - 68 2
3821 + 1500
3821 + 68
3822 # 1504
3822 - 1500 1
3822 + 1500
3822 + 68
3823 # 1504
3823 - 68 2
3824 # 1504
3824 - 1500 2
3824 - 68 2
3825 # 1504
3825 + 1500
3825 + 68
3826 # 1504
3826 - 1500 1
3827 # 1504
3827 - 68 2
3827 + 1500
3827 + 68
3828 # 1504
3828 - 1500 1
3829 # 1504
3829 - 68 2
3829 + 1500
3829 + 68
3830 # 1504
3830 - 1500 1
3831 # 1504
3831 - 68 2
3832 # 1504
3832 + 1500
3832 + 68
3833 # 1504
3833 - 1500 1
3834 # 1504
3834 - 68 2
3835 # 1504
3835 + 1500
3835 + 68
3836 # 1504
3836 - 1500 1
3837 # 1504
3837 - 68 2
3837 + 1500
3837 + 68
3838 # 1504
3838 - 1500 1
3839 # 1504
3839 - 68 2
3840 # 1504
3840 + 1500
3840 + 68
3841 # 1504
3841 - 1500 1
3842 # 1504
3842 - 68 2
3843 # 1504
3843 + 1500
3843 + 68
3844 # 1504
3844 - 1500 1
3845 # 1504
3845 - 68 2
3846 # 1504
3846 + 1500
3846 + 68
3847 # 1504
3847 - 1500 1
3847 + 1500
3847 + 68
3848 # 1504
3848 - 68 2
3849 # 1504
3849 - 1500 2
3849 - 68 2
3850 # 1504
3850 + 1500
3850 + 68
3851 # 1504
3851 - 1500 1
3852 # 1504
3852 - 68 2
3852 + 1500
3852 + 68
3853 # 1504
3853 - 1500 1
3853 + 1500
3853 + 68
3854 # 1504
3854 - 68 2
3855 # 1504
3855 - 1500 2
3855 - 68 2
3855 + 1500
3855 + 68
3856 # 1504
3856 - 1500 1
3857 # 1504
3857 - 68 2
3857 + 1500
3857 + 68
3858 # 1504
3858 - 1500 1
3859 # 1504
3859 - 68 2
3859 + 1500
3859 + 68
3860 # 1504
3860 - 1500 1
3861 # 1504
3861 - 68 2
3861 + 1500
3861 + 68
3862 # 1504
3862 - 1500 1
3862 + 1500
3862 + 68
3863 # 1504
3863 - 68 2
3864 # 1504
3864 - 1500 2
3864 - 68 2
3864 + 1500
3864 + 68
3865 # 1504
3865 - 1500 1
3866 # 1504
3866 - 68 2
3867 # 1504
3867 + 1500
3867 + 68
3868 # 1504
3868 - 1500 1
3869 # 1504
3869 - 68 2
3869 + 1500
3869 + 68
3870 # 1504
3870 - 1500 1
3871 # 1504
3871 - 68 2
3872 # 1504
3872 + 1500
3872 + 68
3873 # 1504
3873 - 1500 1
3874 # 1504
3874 - 68 2
3875 # 1504
3875 + 1500
3875 + 68
3876 # 1504
3876 - 1500 1
3877 # 1504
3877 - 68 2
3877 + 1500
3877 + 68
3878 # 1504
3878 - 1500 1
3879 # 1504
3879 - 68 2
3880 # 1504
3880 + 1500
3880 + 68
3881 # 1504
3881 - 1500 1
3882 # 1504
3882 - 68 2
3882 + 1500
3882 + 68
3883 # 1504
3883 - 1500 1
3884 # 1504
3884 - 68 2
3885 # 1504
3885 + 1500
3885 + 68
3886 # 1504
3886 - 1500 1
3887 # 1504
3887 - 68 2
3887 + 1500
3887 + 68
3888 # 1504
3888 - 1500 1
3889 # 1504
3889 - 68 2
3890 # 1504
3890 + 1500
3890 + 68
3891 # 1504
3891 - 1500 1
3892 # 1504
3892 - 68 2
3892 + 1500
3892 + 68
3893 # 1504
3893 - 1500 1
3893 + 1500
3893 + 68
3894 # 1504
3894 - 68 2
3895 # 1504
3895 - 1500 2
3895 - 68 2
3895 + 1500
3895 + 68
3896 # 1504
3896 - 1500 1
3897 # 1504
3897 - 68 2
3897 + 1500
3897 + 68
3898 # 1504
3898 - 1500 1
3899 # 1504
3899 - 68 2
3899 + 1500
3899 + 68
3900 # 1504
3900 - 1500 1
3901 # 1504
3901 - 68 2
3901 + 1500
3901 + 68
3902 # 1504
3902 - 1500 1
3903 # 1504
3903 - 68 2
3903 + 1500
3903 + 68
3904 # 1504
3904 - 1500 1
3905 # 1504
3905 - 68 2
3905 + 1500
3905 + 68
3906 # 1504
3906 - 1500 1
3907 # 1504
3907 - 68 2
3908 # 1504
3908 + 1500
3908 + 68
3909 # 1504
3909 - 1500 1
3910 # 1504
3910 - 68 2
3910 + 1500
3910 + 68
3911 # 1504
3911 - 1500 1
3912 # 1504
3912 - 68 2
3913 # 1504
3913 + 1500
3913 + 68
3914 # 1504
3914 - 1500 1
3915 # 1504
3915 - 68 2
3915 + 1500
3915 + 68
3916 # 1504
3916 - 1500 1
3917 # 1504
3917 - 68 2
3918 # 1504
3918 + 1500
3918 + 68
3919 # 1504
3919 - 1500 1
3920 # 1504
3920 - 68 2
3920 + 1500
3920 + 68
3921 # 1504
3921 - 1500 1
3922 # 1504
3922 - 68 2
3923 # 1504
3923 + 1500
3923 + 68
3924 # 1504
3924 - 1500 1
3925 # 1504
3925 - 68 2
3926 # 1504
3926 + 1500
3926 + 68
3927 # 1504
3927 - 1500 1
3928 # 1504
3928 - 68 2
3928 + 1500
3928 + 68
3929 # 1504
3929 - 1500 1
3930 # 1504
3930 - 68 2
3931 # 1504
3931 + 1500
3931 + 68
3932 # 1504
3932 - 1500 1
3933 # 1504
3933 - 68 2
3933 + 1500
3933 + 68
3934 # 1504
3934 - 1500 1
3935 # 1504
3935 - 68 2
3936 # 1504
3936 + 1500
3936 + 68
3937 # 1504
3937 - 1500 1
3938 # 1504
3938 - 68 2
3938 + 1500
3938 + 68
3939 # 1504
3939 - 1500 1
3940 # 1504
3940 - 68 2
3941 # 1504
3941 + 1500
3941 + 68
3942 # 1504
3942 - 1500 1
3943 # 1504
3943 - 68 2
3944 # 1504
3944 + 1500
3944 + 68
3945 # 1504
3945 - 1500 1
3946 # 1504
3946 - 68 2
3946 + 1500
3946 + 68
3947 # 1504
3947 - 1500 1
3948 # 1504
3948 - 68 2
3949 # 1504
3950 # 1504
3950 + 1500
3950 + 68
3951 # 1504
3951 - 1500 1
3951 + 1500
3951 + 68
3952 # 1504
3952 - 68 2
3953 # 1504
3953 - 1500 2
3953 - 68 2
3954 # 1504
3954 + 1500
3954 + 68
3955 # 1504
3955 - 1500 1
3956 # 1504
3956 - 68 2
3957 # 1504
3957 + 1500
3957 + 68
3958 # 1504
3958 - 1500 1
3959 # 1504
3959 - 68 2
3959 + 1500
3959 + 68
3960 # 1504
3960 - 1500 1
3961 # 1504
3961 - 68 2
3961 + 1500
3961 + 68
3962 # 1504
3962 - 1500 1
3963 # 1504
3963 - 68 2
3964 # 1504
3964 + 1500
3964 + 68
3965 # 1504
3965 - 1500 1
3966 # 1504
3966 - 68 2
3966 + 1500
3966 + 68
3967 # 1504
3967 - 1500 1
3968 # 1504
3968 - 68 2
3969 # 1504
3970 # 1504
3970 + 1500
3970 + 68
3971 # 1504
3971 - 1500 1
3972 # 1504
3972 - 68 2
3972 + 1500
3972 + 68
3973 # 1504
3973 - 1500 1
3974 # 1504
3974 - 68 2
3975 # 1504
3975 + 1500
3975 + 68
3976 # 1504
3976 - 1500 1
3977 # 1504
3977 - 68 2
3977 + 1500
3977 + 68
3978 # 1504
3978 - 1500 1
3979 # 1504
3979 - 68 2
3980 # 1504
3980 + 1500
3980 + 68
3981 # 1504
3981 - 1500 1
3982 # 1504
3982 - 68 2
3982 + 1500
3982 + 68
3983 # 1504
3983 - 1500 1
3984 # 1504
3984 - 68 2
3985 # 1504
3985 + 1500
3985 + 68
3986 # 1504
3986 - 1500 1
3987 # 1504
3987 - 68 2
3987 + 1500
3987 + 68
3988 # 1504
3988 - 1500 1
3989 # 1504
3989 - 68 2
3990 # 1504
3990 + 1500
3990 + 68
3991 # 1504
3991 - 1500 1
3992 # 1504
3992 - 68 2
3992 + 1500
3992 + 68
3993 # 1504
3993 - 1500 1
3994 # 1504
3994 - 68 2
3995 # 1504
3995 + 1500
3995 + 68
3996 # 1504
3996 - 1500 1
3997 # 1504
3997 - 68 2
3997 + 1500
3997 + 68
3998 # 1504
3998 - 1500 1
3999 # 1504
3999 - 68 2
3999 + 1500
3999 + 68
4000 # 1504
4000 - 1500 1
4000 + 1500
4000 + 68
4001 # 1504
4001 - 68 2
4002 # 1504
4002 - 1500 2
4002 - 68 2
4002 + 1500
4002 + 68
4003 # 1504
4003 - 1500 1
4004 # 1504
4004 - 68 2
4004 + 1500
4004 + 68
4005 # 1504
4005 - 1500 1
4006 # 1504
4006 - 68 2
4006 + 1500
4006 + 68
4007 # 1504
4007 - 1500 1
4008 # 1504
4008 - 68 2
4008 + 1500
4008 + 68
4009 # 1504
4009 - 1500 1
4009 + 1500
4009 + 68
4010 # 1504
4010 - 68 2
4011 # 1504
4011 - 1500 2
4011 - 68 2
4012 # 1504
4012 + 1500
4012 + 68
4013 # 1504
4013 - 1500 1
4014 # 1504
4014 - 68 2
4015 # 1504
4015 + 1500
4015 + 68
4016 # 1504
4016 - 1500 1
4017 # 1504
4017 - 68 2
4017 + 1500
4017 + 68
4018 # 1504
4018 - 1500 1
4019 # 1504
4019 - 68 2
4020 # 1504
4020 + 1500
4020 + 68
4021 # 1504
4021 - 1500 1
4022 # 1504
4022 - 68 2
4022 + 1500
4022 + 68
4023 # 1504
4023 - 1500 1
4024 # 1504
4024 - 68 2
4025 # 1504
4025 + 1500
4025 + 68
4026 # 1504
4026 - 1500 1
4027 # 1504
4027 - 68 2
4027 + 1500
4027 + 68
4028 # 1504
4028 - 1500 1
4028 + 1500
4028 + 68
4029 # 1504
4029 - 68 2
4030 # 1504
4030 - 1500 2
4030 - 68 2
4031 # 1504
4031 + 1500
4031 + 68
4032 # 1504
4032 - 1500 1
4032 + 1500
4032 + 68
4033 # 1504
4033 - 68 2
4034 # 1504
4034 - 1500 2
4034 - 68 2
4034 + 1500
4034 + 68
4035 # 1504
4035 - 1500 1
4036 # 1504
4036 - 68 2
4036 + 52
4037 # 1504
4037 - 52 1
4037 + 1500
4037 + 68
4038 # 1504
4038 - 1500 1
4039 # 1504
4039 - 68 2
4039 + 1500
4039 + 68
4040 # 1504
4040 - 1500 1
4041 # 1504
4041 - 68 2
4041 + 1500
4041 + 68
4042 # 1504
4042 - 1500 1
4042 + 1500
4042 + 68
4043 # 1504
4043 - 68 2
4044 # 1504
4044 - 1500 2
4044 - 68 2
4044 + 1500
4044 + 68
4045 # 1504
4045 - 1500 1
4046 # 1504
4046 - 68 2
4046 + 1500
4046 + 68
4047 # 1504
4047 - 1500 1
4048 # 1504
4048 - 68 2
4049 # 1504
4049 + 1500
4049 + 68
4050 # 1504
4050 - 1500 1
4051 # 1504
4051 - 68 2
4051 + 1500
4051 + 68
4052 # 1504
4052 - 1500 1
4052 + 1500
4052 + 68
4053 # 1504
4053 - 68 2
4054 # 1504
4054 - 1500 2
4054 - 68 2
4054 + 1500
4054 + 68
4055 # 1504
4055 - 1500 1
4056 # 1504
4056 - 68 2
4056 + 1500
4056 + 68
4057 # 1504
4057 - 1500 1
4057 + 1500
4057 + 68
4058 # 1504
4058 - 68 2
4059 # 1504
4059 - 1500 2
4059 - 68 2
4060 # 1504
4060 + 1500
4060 + 68
4061 # 1504
4061 - 1500 1
4061 + 1500
4061 + 68
4062 # 1504
4062 - 68 2
4063 # 1504
4063 - 1500 2
4063 - 68 2
4064 # 1504
4064 + 1500
4064 + 68
4065 # 1504
4065 - 1500 1
4066 # 1504
4066 - 68 2
4066 + 1500
4066 + 68
4067 # 1504
4067 - 1500 1
4067 + 1500
4067 + 68
4068 # 1504
4068 - 68 2
4069 # 1504
4069 - 1500 2
4069 - 68 2
4070 # 1504
4070 + 1500
4070 + 68
4071 # 1504
4071 - 1500 1
4072 # 1504
4072 - 68 2
4073 # 1504
4073 + 1500
4073 + 68
4074 # 1504
4074 - 1500 1
4075 # 1504
4075 - 68 2
4075 + 1500
4075 + 68
4076 # 1504
4076 - 1500 1
4077 # 1504
4077 - 68 2
4077 + 1500
4077 + 68
4078 # 1504
4078 - 1500 1
4079 # 1504
4079 - 68 2
4080 # 1504
4080 + 1500
4080 + 68
4081 # 1504
4081 - 1500 1
4082 # 1504
4082 - 68 2
4082 + 1500
4082 + 68
4083 # 1504
4083 - 1500 1
4084 # 1504
4084 - 68 2
4084 + 1500
4084 + 68
4085 # 1504
4085 - 1500 1
4085 + 1500
4085 + 68
4086 # 1504
4086 - 68 2
4087 # 1504
4087 - 1500 2
4087 - 68 2
4087 + 1500
4087 + 68
4088 # 1504
4088 - 1500 1
4089 # 1504
4089 - 68 2
4089 + 1500
4089 + 68
4090 # 1504
4090 - 1500 1
4091 # 1504
4091 - 68 2
4091 + 1500
4091 + 68
4092 # 1504
4092 - 1500 1
4093 # 1504
4093 - 68 2
4093 + 1500
4093 + 68
4094 # 1504
4094 - 1500 1
4094 + 1500
4094 + 68
4095 # 1504
4095 - 68 2
4096 # 1504
4096 - 1500 2
4096 - 68 2
4096 + 1500
4096 + 68
4097 # 1504
4097 - 1500 1
4098 # 1504
4098 - 68 2
4098 + 1500
4098 + 68
4099 # 1504
4099 - 1500 1
4100 # 1504
4100 - 68 2
4101 # 1504
4101 + 1500
4101 + 68
4102 # 1504
4102 - 1500 1
4103 # 1504
4103 - 68 2
4103 + 1500
4103 + 68
4104 # 1504
4104 - 1500 1
4105 # 1504
4105 - 68 2
4106 # 1504
4106 + 1500
4106 + 68
4107 # 1504
4107 - 1500 1
4108 # 1504
4108 - 68 2
4108 + 1500
4108 + 68
4109 # 1504
4109 - 1500 1
4110 # 1504
4110 - 68 2
4110 + 1500
4110 + 68
4111 # 1504
4111 - 1500 1
4112 # 1504
4112 - 68 2
4113 # 1504
4113 + 1500
4113 + 68
4114 # 1504
4114 - 1500 1
4115 # 1504
4115 - 68 2
4115 + 1500
4115 + 68
4116 # 1504
4116 - 1500 1
4117 # 1504
4117 - 68 2
4118 # 1504
4118 + 1500
4118 + 68
4119 # 1504
4119 - 1500 1
4120 # 1504
4120 - 68 2
4120 + 1500
4120 + 68
4121 # 1504
4121 - 1500 1
4122 # 1504
4122 - 68 2
4123 # 1504
4123 + 1500
4123 + 68
4124 # 1504
4124 - 1500 1
4125 # 1504
4125 - 68 2
4125 + 1500
4125 + 68
4126 # 1504
4126 - 1500 1
4127 # 1504
4127 - 68 2
4128 # 1504
4128 + 1500
4128 + 68
4129 # 1504
4129 - 1500 1
4130 # 1504
4130 - 68 2
4130 + 1500
4130 + 68
4131 # 1504
4131 - 1500 1
4132 # 1504
4132 - 68 2
4132 + 1500
4132 + 68
4133 # 1504
4133 - 1500 1
4134 # 1504
4134 - 68 2
4135 # 1504
4135 + 1500
4135 + 68
4136 # 1504
4136 - 1500 1
4137 # 1504
4137 - 68 2
4138 # 1504
4138 + 1500
4138 + 68
4139 # 1504
4139 - 1500 1
4140 # 1504
4140 - 68 2
4140 + 1500
4140 + 68
4141 # 1504
4141 - 1500 1
4142 # 1504
4142 - 68 2
4143 # 1504
4143 + 1500
4143 + 68
4144 # 1504
4144 - 1500 1
4145 # 1504
4145 - 68 2
4146 # 1504
4146 + 1500
4146 + 68
4147 # 1504
4147 - 1500 1
4148 # 1504
4148 - 68 2
4149 # 1504
4150 # 1504
4150 + 1500
4150 + 68
4151 # 1504
4151 - 1500 1
4152 # 1504
4152 - 68 2
4153 # 1504
4154 # 1504
4154 + 1500
4154 + 68
4155 # 1504
4155 - 1500 1
4156 # 1504
4156 - 68 2
4157 # 1504
4158 # 1504
4159 # 1504
4159 + 1500
4159 + 68
4160 # 1504
4160 - 1500 1
4161 # 1504
4161 - 68 2
4162 # 1504
4163 # 1504
4164 # 1504
4164 + 1500
4164 + 68
4165 # 1504
4165 - 1500 1
4166 # 1504
4166 - 68 2
4167 # 1504
4168 # 1504
4169 # 1504
4169 + 1500
4169 + 68
4170 # 1504
4170 - 1500 1
4171 # 1504
4171 - 68 2
4172 # 1504
4173 # 1504
4173 + 1500
4173 + 68
4174 # 1504
4174 - 1500 1
4175 # 1504
4175 - 68 2
4176 # 1504
4177 # 1504
4178 # 1504
4178 + 1500
4178 + 68
4179 # 1504
4179 - 1500 1
4180 # 1504
4180 - 68 2
4181 # 1504
4181 + 1500
4181 + 68
4182 # 1504
4182 - 1500 1
4183 # 1504
4183 - 68 2
4184 # 1504
4184 + 1500
4184 + 68
4185 # 1504
4185 - 1500 1
4186 # 1504
4186 - 68 2
4187 # 1504
4188 # 1504
4189 # 1504
4189 + 1500
4189 + 68
4190 # 1504
4190 - 1500 1
4191 # 1504
4191 - 68 2
4192 # 1504
4193 # 1504
4194 # 1504
4194 + 1500
4194 + 68
4195 # 1504
4195 - 1500 1
4196 # 1504
4196 - 68 2
4197 # 1504
4198 # 1504
4198 + 1500
4198 + 68
4199 # 1504
4199 - 1500 1
4200 # 1504
4200 - 68 2
4201 # 1504
4202 # 1504
4203 # 1504
4203 + 1500
4203 + 68
4204 # 1504
4204 - 1500 1
4205 # 1504
4205 - 68 2
4206 # 1504
4206 + 1500
4206 + 68
4207 # 1504
4207 - 1500 1
4208 # 1504
4208 - 68 2
4209 # 1504
4209 + 1500
4209 + 68
4210 # 1504
4210 - 1500 1
4211 # 1504
4211 - 68 2
4212 # 1504
4212 + 1500
4212 + 68
4213 # 1504
4213 - 1500 1
4214 # 1504
4214 - 68 2
4214 + 1500
4214 + 68
4215 # 1504
4215 - 1500 1
4216 # 1504
4216 - 68 2
4217 # 1504
4217 + 1500
4217 + 68
4218 # 1504
4218 - 1500 1
4219 # 1504
4219 - 68 2
4220 # 1504
4220 + 1500
4220 + 68
4221 # 1504
4221 - 1500 1
4221 + 1500
4221 + 68
4222 # 1504
4222 - 68 2
4223 # 1504
4223 - 1500 2
4223 - 68 2
4224 # 1504
4224 + 1500
4224 + 68
4225 # 1504
4225 - 1500 1
4226 # 1504
4226 - 68 2
4227 # 1504
4228 # 1504
4229 # 1504
4229 + 1500
4229 + 68
4230 # 1504
4230 - 1500 1
4231 # 1504
4231 - 68 2
4232 # 1504
4233 # 1504
4234 # 1504
4234 + 1500
4234 + 68
4235 # 1504
4235 - 1500 1
4236 # 1504
4236 - 68 2
4237 # 1504
4238 # 1504
4239 # 1504
4240 # 1504
4240 + 1500
4240 + 68
4241 # 1504
4241 - 1500 1
4242 # 1504
4242 - 68 2
4243 # 1504
4243 + 1500
4243 + 68
4244 # 1504
4244 - 1500 1
4245 # 1504
4245 - 68 2
4246 # 1504
4247 # 1504
4248 # 1504
4248 + 1500
4248 + 68
4249 # 1504
4249 - 1500 1
4250 # 1504
4250 - 68 2
4251 # 1504
4252 # 1504
4253 # 1504
4253 + 1500
4253 + 68
4254 # 1504
4254 - 1500 1
4255 # 1504
4255 - 68 2
4256 # 1504
4257 # 1504
4258 # 1504
4258 + 1500
4258 + 68
4259 # 1504
4259 - 1500 1
4260 # 1504
4260 - 68 2
4261 # 1504
4262 # 1504
4262 + 1500
4262 + 68
4263 # 1504
4263 - 1500 1
4264 # 1504
4264 - 68 2
4265 # 1504
4265 + 1500
4265 + 68
4266 # 1504
4266 - 1500 1
4267 # 1504
4267 - 68 2
4268 # 1504
4268 + 1500
4268 + 68
4269 # 1504
4269 - 1500 1
4270 # 1504
4270 - 68 2
4271 # 1504
4272 # 1504
4273 # 1504
4273 + 1500
4273 + 68
4274 # 1504
4274 - 1500 1
4275 # 1504
4275 - 68 2
4276 # 1504
4277 # 1504
4278 # 1504
4278 + 1500
4278 + 68
4279 # 1504
4279 - 1500 1
4280 # 1504
4280 - 68 2
4281 # 1504
4282 # 1504
4283 # 1504
4284 # 1504
4284 + 1500
4284 + 68
4285 # 1504
4285 - 1500 1
4286 # 1504
4286 - 68 2
4287 # 1504
4287 + 1500
4287 + 68
4288 # 1504
4288 - 1500 1
4289 # 1504
4289 - 68 2
4290 # 1504
4291 # 1504
4292 # 1504
4292 + 1500
4292 + 68
4293 # 1504
4293 - 1500 1
4294 # 1504
4294 - 68 2
4295 # 1504
4296 # 1504
4297 # 1504
4297 + 1500
4297 + 68
4298 # 1504
4298 - 1500 1
4299 # 1504
4299 - 68 2
4300 # 1504
4301 # 1504
4302 # 1504
4302 + 1500
4302 + 68
4303 # 1504
4303 - 1500 1
4304 # 1504
4304 - 68 2
4305 # 1504
4306 # 1504
4306 + 1500
4306 + 68
4307 # 1504
4307 - 1500 1
4308 # 1504
4308 - 68 2
4309 # 1504
4310 # 1504
4311 # 1504
4311 + 1500
4311 + 68
4312 # 1504
4312 - 1500 1
4313 # 1504
4313 - 68 2
4314 # 1504
4315 # 1504
4315 + 1500
4315 + 68
4316 # 1504
4316 - 1500 1
4317 # 1504
4317 - 68 2
4317 + 1500
4317 + 68
4318 # 1504
4318 - 1500 1
4319 # 1504
4319 - 68 2
4320 # 1504
4321 # 1504
4322 # 1504
4322 + 1500
4322 + 68
4323 # 1504
4323 - 1500 1
4324 # 1504
4324 - 68 2
4325 # 1504
4326 # 1504
4327 # 1504
4327 + 1500
4327 + 68
4328 # 1504
4328 - 1500 1
4329 # 1504
4329 - 68 2
4330 # 1504
4331 # 1504
4331 + 1500
4331 + 68
4332 # 1504
4332 - 1500 1
4333 # 1504
4333 - 68 2
4334 # 1504
4335 # 1504
4336 # 1504
4336 + 1500
4336 + 68
4337 # 1504
4337 - 1500 1
4338 # 1504
4338 - 68 2
4339 # 1504
4340 # 1504
4341 # 1504
4341 + 1500
4341 + 68
4342 # 1504
4342 - 1500 1
4343 # 1504
4343 - 68 2
4344 # 1504
4345 # 1504
4346 # 1504
4346 + 1500
4346 + 68
4347 # 1504
4347 - 1500 1
4348 # 1504
4348 - 68 2
4349 # 1504
4350 # 1504
4351 # 1504
4351 + 1500
4351 + 68
4352 # 1504
4352 - 1500 1
4353 # 1504
4353 - 68 2
4354 # 1504
4355 # 1504
4355 + 1500
4355 + 68
4356 # 1504
4356 - 1500 1
4357 # 1504
4357 - 68 2
4358 # 1504
4359 # 1504
4360 # 1504
4360 + 1500
4360 + 68
4361 # 1504
4361 - 1500 1
4362 # 1504
4362 - 68 2
4363 # 1504
4364 # 1504
4365 # 1504
4365 + 1500
4365 + 68
4366 # 1504
4366 - 1500 1
4367 # 1504
4367 - 68 2
4368 # 1504
4369 # 1504
4370 # 1504
4370 + 1500
4370 + 68
4371 # 1504
4371 - 1500 1
4372 # 1504
4372 - 68 2
4373 # 1504
4374 # 1504
4374 + 1500
4374 + 68
4375 # 1504
4375 - 1500 1
4376 # 1504
4376 - 68 2
4377 # 1504
4378 # 1504
4379 # 1504
4379 + 1500
4379 + 68
4380 # 1504
4380 - 1500 1
4381 # 1504
4381 - 68 2
4382 # 1504
4383 # 1504
4384 # 1504
4384 + 1500
4384 + 68
4385 # 1504
4385 - 1500 1
4386 # 1504
4386 - 68 2
4387 # 1504
4388 # 1504
4389 # 1504
4389 + 1500
4389 + 68
4390 # 1504
4390 - 1500 1
4391 # 1504
4391 - 68 2
4392 # 1504
4393 # 1504
4394 # 1504
4394 + 1500
4394 + 68
4395 # 1504
4395 - 1500 1
4396 # 1504
4396 - 68 2
4397 # 1504
4398 # 1504
4398 + 1500
4399 # 1504
4399 - 1500 1
4399 + 68
4400 # 1504
4400 - 68 1
4401 # 1504
4401 + 1500
4401 + 68
4402 # 1504
4402 - 1500 1
4403 # 1504
4403 - 68 2
4404 # 1504
4404 + 1500
4404 + 68
4405 # 1504
4405 - 1500 1
4406 # 1504
4406 - 68 2
4407 # 1504
4407 + 1500
4407 + 68
4408 # 1504
4408 - 1500 1
4409 # 1504
4409 - 68 2
4410 # 1504
4411 # 1504
4412 # 1504
4412 + 1500
4412 + 68
4413 # 1504
4413 - 1500 1
4414 # 1504
4414 - 68 2
4415 # 1504
4416 # 1504
4417 # 1504
4417 + 1500
4417 + 68
4418 # 1504
4418 - 1500 1
4419 # 1504
4419 - 68 2
4420 # 1504
4420 + 1500
4420 + 68
4421 # 1504
4421 - 1500 1
4422 # 1504
4422 - 68 2
4422 + 1500
4422 + 68
4423 # 1504
4423 - 1500 1
4424 # 1504
4424 - 68 2
4425 # 1504
4426 # 1504
4427 # 1504
4427 + 1500
4427 + 68
4428 # 1504
4428 - 1500 1
4429 # 1504
4429 - 68 2
4430 # 1504
4431 # 1504
4432 # 1504
4432 + 1500
4432 + 68
4433 # 1504
4433 - 1500 1
4434 # 1504
4434 - 68 2
4435 # 1504
4436 # 1504
4437 # 1504
4437 + 1500
4437 + 68
4438 # 1504
4438 - 1500 1
4439 # 1504
4439 - 68 2
4440 # 1504
4441 # 1504
4441 + 1500
4441 + 68
4442 # 1504
4442 - 1500 1
4443 # 1504
4443 - 68 2
4444 # 1504
4445 # 1504
4446 # 1504
4446 + 1500
4446 + 68
4447 # 1504
4447 - 1500 1
4448 # 1504
4448 - 68 2
4449 # 1504
4450 # 1504
4451 # 1504
4451 + 1500
4451 + 68
4452 # 1504
4452 - 1500 1
4453 # 1504
4453 - 68 2
4454 # 1504
4455 # 1504
4456 # 1504
4456 + 1500
4456 + 68
4457 # 1504
4457 - 1500 1
4458 # 1504
4458 - 68 2
4459 # 1504
4460 # 1504
4461 # 1504
4461 + 1500
4461 + 68
4462 # 1504
4462 - 1500 1
4463 # 1504
4463 - 68 2
4464 # 1504
4465 # 1504
4465 + 1500
4465 + 68
4466 # 1504
4466 - 1500 1
4467 # 1504
4467 - 68 2
4468 # 1504
4468 + 1500
4468 + 68
4469 # 1504
4469 - 1500 1
4470 # 1504
4470 - 68 2
4471 # 1504
4471 + 1500
4471 + 68
4472 # 1504
4472 - 1500 1
4473 # 1504
4473 - 68 2
4474 # 1504
4475 # 1504
4476 # 1504
4476 + 1500
4476 + 68
4477 # 1504
4477 - 1500 1
4478 # 1504
4478 - 68 2
4479 # 1504
4480 # 1504
4481 # 1504
4481 + 1500
4481 + 68
4482 # 1504
4482 - 1500 1
4483 # 1504
4483 - 68 2
4484 # 1504
4485 # 1504
4485 + 1500
4485 + 68
4486 # 1504
4486 - 1500 1
4487 # 1504
4487 - 68 2
4488 # 1504
4488 + 1500
4488 + 68
4489 # 1504
4489 - 1500 1
4490 # 1504
4490 - 68 2
4490 + 1500
4490 + 68
4491 # 1504
4491 - 1500 1
4492 # 1504
4492 - 68 2
4493 # 1504
4493 + 1500
4493 + 68
4494 # 1504
4494 - 1500 1
4495 # 1504
4495 - 68 2
4496 # 1504
4497 # 1504
4498 # 1504
4498 + 1500
4498 + 68
4499 # 1504
4499 - 1500 1
4500 # 1504
4500 - 68 2
4501 # 1504
4502 # 1504
4502 + 1500
4502 + 68
4503 # 1504
4503 - 1500 1
4504 # 1504
4504 - 68 2
4505 # 1504
4505 + 1500
4505 + 68
4506 # 1504
4506 - 1500 1
4507 # 1504
4507 - 68 2
4507 + 1500
4507 + 68
4508 # 1504
4508 - 1500 1
4509 # 1504
4509 - 68 2
4510 # 1504
4510 + 1500
4510 + 68
4511 # 1504
4511 - 1500 1
4512 # 1504
4512 - 68 2
4513 # 1504
4514 # 1504
4514 + 1500
4514 + 68
4515 # 1504
4515 - 1500 1
4516 # 1504
4516 - 68 2
4517 # 1504
4517 + 1500
4517 + 68
4518 # 1504
4518 - 1500 1
4519 # 1504
4519 - 68 2
4519 + 1500
4519 + 68
4520 # 1504
4520 - 1500 1
4521 # 1504
4521 - 68 2
4522 # 1504
4522 + 1500
4522 + 68
4523 # 1504
4523 - 1500 1
4524 # 1504
4524 - 68 2
4525 # 1504
4526 # 1504
4527 # 1504
4527 + 1500
4527 + 68
4528 # 1504
4528 - 1500 1
4529 # 1504
4529 - 68 2
4530 # 1504
4531 # 1504
4532 # 1504
4532 + 1500
4532 + 68
4533 # 1504
4533 - 1500 1
4534 # 1504
4534 - 68 2
4535 # 1504
4536 # 1504
4536 + 1500
4536 + 68
4537 # 1504
4537 - 1500 1
4538 # 1504
4538 - 68 2
4539 # 1504
4539 + 1500
4539 + 68
4540 # 1504
4540 - 1500 1
4541 # 1504
4541 - 68 2
4542 # 1504
4542 + 1500
4542 + 68
4543 # 1504
4543 - 1500 1
4544 # 1504
4544 - 68 2
4545 # 1504
4545 + 1500
4545 + 68
4546 # 1504
4546 - 1500 1
4547 # 1504
4547 - 68 2
4548 # 1504
4549 # 1504
4549 + 1500
4549 + 68
4550 # 1504
4550 - 1500 1
4551 # 1504
4551 - 68 2
4552 # 1504
4553 # 1504
4554 # 1504
4554 + 1500
4554 + 68
4555 # 1504
4555 - 1500 1
4556 # 1504
4556 - 68 2
4557 # 1504
4558 # 1504
4558 + 1500
4558 + 68
4559 # 1504
4559 - 1500 1
4560 # 1504
4560 - 68 2
4561 # 1504
4561 + 1500
4561 + 68
4562 # 1504
4562 - 1500 1
4563 # 1504
4563 - 68 2
4563 + 1500
4563 + 68
4564 # 1504
4564 - 1500 1
4565 # 1504
4565 - 68 2
4566 # 1504
4566 + 1500
4566 + 68
4567 # 1504
4567 - 1500 1
4568 # 1504
4568 - 68 2
4569 # 1504
4570 # 1504
4571 # 1504
4571 + 1500
4571 + 68
4572 # 1504
4572 - 1500 1
4573 # 1504
4573 - 68 2
4574 # 1504
4575 # 1504
4575 + 1500
4575 + 68
4576 # 1504
4576 - 1500 1
4577 # 1504
4577 - 68 2
4578 # 1504
4578 + 1500
4578 + 68
4579 # 1504
4579 - 1500 1
4580 # 1504
4580 - 68 2
4581 # 1504
4581 + 1500
4581 + 68
4582 # 1504
4582 - 1500 1
4583 # 1504
4583 - 68 2
4584 # 1504
4585 # 1504
4586 # 1504
4586 + 1500
4586 + 68
4587 # 1504
4587 - 1500 1
4588 # 1504
4588 - 68 2
4589 # 1504
4590 # 1504
4591 # 1504
4591 + 1500
4591 + 68
4592 # 1504
4592 - 1500 1
4593 # 1504
4593 - 68 2
4594 # 1504
4595 # 1504
4596 # 1504
4596 + 1500
4596 + 68
4597 # 1504
4597 - 1500 1
4598 # 1504
4598 - 68 2
4599 # 1504
4600 # 1504
4600 + 1500
4600 + 68
4601 # 1504
4601 - 1500 1
4602 # 1504
4602 - 68 2
4603 # 1504
4603 + 1500
4603 + 68
4604 # 1504
4604 - 1500 1
4605 # 1504
4605 - 68 2
4605 + 1500
4605 + 68
4606 # 1504
4606 - 1500 1
4607 # 1504
4607 - 68 2
4608 # 1504
4608 + 1500
4608 + 68
4609 # 1504
4609 - 1500 1
4610 # 1504
4610 - 68 2
4611 # 1504
4611 + 1500
4611 + 68
4612 # 1504
4612 - 1500 1
4613 # 1504
4613 - 68 2
4614 # 1504
4615 # 1504
4615 + 1500
4615 + 68
4616 # 1504
4616 - 1500 1
4617 # 1504
4617 - 68 2
4618 # 1504
4619 # 1504
4620 # 1504
4620 + 1500
4620 + 68
4621 # 1504
4621 - 1500 1
4622 # 1504
4622 - 68 2
4623 # 1504
4624 # 1504
4625 # 1504
4625 + 1500
4625 + 68
4626 # 1504
4626 - 1500 1
4627 # 1504
4627 - 68 2
4628 # 1504
4629 # 1504
4629 + 1500
4629 + 68
4630 # 1504
4630 - 1500 1
4631 # 1504
4631 - 68 2
4632 # 1504
4633 # 1504
4634 # 1504
4634 + 1500
4634 + 68
4635 # 1504
4635 - 1500 1
4636 # 1504
4636 - 68 2
4637 # 1504
4638 # 1504
4639 # 1504
4639 + 1500
4639 + 68
4640 # 1504
4640 - 1500 1
4641 # 1504
4641 - 68 2
4642 # 1504
4643 # 1504
4644 # 1504
4644 + 1500
4644 + 68
4645 # 1504
4645 - 1500 1
4646 # 1504
4646 - 68 2
4647 # 1504
4648 # 1504
4649 # 1504
4649 + 1500
4649 + 68
4650 # 1504
4650 - 1500 1
4651 # 1504
4651 - 68 2
4652 # 1504
4653 # 1504
4653 + 1500
4653 + 68
4654 # 1504
4654 - 1500 1
4655 # 1504
4655 - 68 2
4656 # 1504
4656 + 1500
4656 + 68
4657 # 1504
4657 - 1500 1
4658 # 1504
4658 - 68 2
4659 # 1504
4659 + 1500
4659 + 68
4660 # 1504
4660 - 1500 1
4661 # 1504
4661 - 68 2
4662 # 1504
4663 # 1504
4664 # 1504
4664 + 1500
4664 + 68
4665 # 1504
4665 - 1500 1
4666 # 1504
4666 - 68 2
4667 # 1504
4668 # 1504
4669 # 1504
4669 + 1500
4669 + 68
4670 # 1504
4670 - 1500 1
4671 # 1504
4671 - 68 2
4672 # 1504
4673 # 1504
4674 # 1504
4674 + 1500
4674 + 68
4675 # 1504
4675 - 1500 1
4676 # 1504
4676 - 68 2
4677 # 1504
4678 # 1504
4678 + 1500
4678 + 68
4679 # 1504
4679 - 1500 1
4680 # 1504
4680 - 68 2
4681 # 1504
4682 # 1504
4683 # 1504
4683 + 1500
4683 + 68
4684 # 1504
4684 - 1500 1
4685 # 1504
4685 - 68 2
4686 # 1504
4687 # 1504
4688 # 1504
4688 + 1500
4688 + 68
4689 # 1504
4689 - 1500 1
4690 # 1504
4690 - 68 2
4691 # 1504
4692 # 1504
4693 # 1504
4693 + 1500
4693 + 68
4694 # 1504
4694 - 1500 1
4695 # 1504
4695 - 68 2
4696 # 1504
4697 # 1504
4698 # 1504
4698 + 1500
4698 + 68
4699 # 1504
4699 - 1500 1
4700 # 1504
4700 - 68 2
4701 # 1504
4702 # 1504
4702 + 1500
4702 + 68
4703 # 1504
4703 - 1500 1
4704 # 1504
4704 - 68 2
4705 # 1504
4706 # 1504
4707 # 1504
4707 + 1500
4707 + 68
4708 # 1504
4708 - 1500 1
4709 # 1504
4709 - 68 2
4710 # 1504
4711 # 1504
4712 # 1504
4712 + 1500
4712 + 68
4713 # 1504
4713 - 1500 1
4714 # 1504
4714 - 68 2
4715 # 1504
4716 # 1504
4717 # 1504
4717 + 1500
4717 + 68
4718 # 1504
4718 - 1500 1
4719 # 1504
4719 - 68 2
4720 # 1504
4721 # 1504
4722 # 1504
4722 + 1500
4722 + 68
4723 # 1504
4723 - 1500 1
4724 # 1504
4724 - 68 2
4725 # 1504
4726 # 1504
4726 + 1500
4726 + 68
4727 # 1504
4727 - 1500 1
4728 # 1504
4728 - 68 2
4729 # 1504
4730 # 1504
4731 # 1504
4731 + 1500
4731 + 68
4732 # 1504
4732 - 1500 1
4733 # 1504
4733 - 68 2
4734 # 1504
4735 # 1504
4736 # 1504
4736 + 1500
4736 + 68
4737 # 1504
4737 - 1500 1
4738 # 1504
4738 - 68 2
4739 # 1504
4740 # 1504
4741 # 1504
4741 + 1500
4741 + 68
4742 # 1504
4742 - 1500 1
4743 # 1504
4743 - 68 2
4744 # 1504
4745 # 1504
4746 # 1504
4746 + 1500
4746 + 68
4747 # 1504
4747 - 1500 1
4748 # 1504
4748 - 68 2
4749 # 1504
4750 # 1504
4750 + 1500
4750 + 68
4751 # 1504
4751 - 1500 1
4752 # 1504
4752 - 68 2
4753 # 1504
4754 # 1504
4755 # 1504
4755 + 1500
4755 + 68
4756 # 1504
4756 - 1500 1
4757 # 1504
4757 - 68 2
4758 # 1504
4759 # 1504
4760 # 1504
4760 + 1500
4760 + 68
4761 # 1504
4761 - 1500 1
4762 # 1504
4762 - 68 2
4763 # 1504
4764 # 1504
4765 # 1504
4765 + 1500
4765 + 68
4766 # 1504
4766 - 1500 1
4767 # 1504
4767 - 68 2
4768 # 1504
4769 # 1504
4770 # 1504
4770 + 1500
4770 + 68
4771 # 1504
4771 - 1500 1
4772 # 1504
4772 - 68 2
4773 # 1504
4774 # 1504
4774 + 1500
4774 + 68
4775 # 1504
4775 - 1500 1
4776 # 1504
4776 - 68 2
4777 # 1504
4778 # 1504
4779 # 1504
4779 + 1500
4779 + 68
4780 # 1504
4780 - 1500 1
4781 # 1504
4781 - 68 2
4782 # 1504
4783 # 1504
4784 # 1504
4784 + 1500
4784 + 68
4785 # 1504
4785 - 1500 1
4786 # 1504
4786 - 68 2
4787 # 1504
4788 # 1504
4789 # 1504
4789 + 1500
4789 + 68
4790 # 1504
4790 - 1500 1
4791 # 1504
4791 - 68 2
4792 # 1504
4793 # 1504
4794 # 1504
4794 + 1500
4794 + 68
4795 # 1504
4795 - 1500 1
4796 # 1504
4796 - 68 2
4797 # 1504
4798 # 1504
4798 + 1500
4798 + 68
4799 # 1504
4799 - 1500 1
4800 # 1504
4800 - 68 2
4801 # 1504
4802 # 1504
4803 # 1504
4803 + 1500
4803 + 68
4804 # 1504
4804 - 1500 1
4805 # 1504
4805 - 68 2
4806 # 1504
4807 # 1504
4808 # 1504
4808 + 1500
4808 + 68
4809 # 1504
4809 - 1500 1
4810 # 1504
4810 - 68 2
4811 # 1504
4812 # 1504
4813 # 1504
4813 + 1500
4813 + 68
4814 # 1504
4814 - 1500 1
4815 # 1504
4815 - 68 2
4816 # 1504
4817 # 1504
4817 + 1500
4817 + 68
4818 # 1504
4818 - 1500 1
4819 # 1504
4819 - 68 2
4820 # 1504
4821 # 1504
4822 # 1504
4822 + 1500
4822 + 68
4823 # 1504
4823 - 1500 1
4824 # 1504
4824 - 68 2
4825 # 1504
4826 # 1504
4827 # 1504
4827 + 1500
4827 + 68
4828 # 1504
4828 - 1500 1
4829 # 1504
4829 - 68 2
4830 # 1504
4831 # 1504
4832 # 1504
4832 + 1500
4832 + 68
4833 # 1504
4833 - 1500 1
4834 # 1504
4834 - 68 2
4835 # 1504
4836 # 1504
4837 # 1504
4837 + 1500
4837 + 68
4838 # 1504
4838 - 1500 1
4839 # 1504
4839 - 68 2
4840 # 1504
4841 # 1504
4841 + 1500
4841 + 68
4842 # 1504
4842 - 1500 1
4843 # 1504
4843 - 68 2
4844 # 1504
4845 # 1504
4846 # 1504
4846 + 1500
4846 + 68
4847 # 1504
4847 - 1500 1
4848 # 1504
4848 - 68 2
4849 # 1504
4850 # 1504
4851 # 1504
4851 + 1500
4851 + 68
4852 # 1504
4852 - 1500 1
4853 # 1504
4853 - 68 2
4854 # 1504
4854 + 1500
4854 + 68
4855 # 1504
4855 - 1500 1
4856 # 1504
4856 - 68 2
4857 # 1504
4857 + 1500
4857 + 68
4858 # 1504
4858 - 1500 1
4859 # 1504
4859 - 68 2
4860 # 1504
4860 + 1500
4860 + 68
4861 # 1504
4861 - 1500 1
4862 # 1504
4862 - 68 2
4863 # 1504
4864 # 1504
4864 + 1500
4864 + 68
4865 # 1504
4865 - 1500 1
4866 # 1504
4866 - 68 2
4867 # 1504
4868 # 1504
4869 # 1504
4869 + 1500
4869 + 68
4870 # 1504
4870 - 1500 1
4871 # 1504
4871 - 68 2
4872 # 1504
4873 # 1504
4874 # 1504
4874 + 1500
4874 + 68
4875 # 1504
4875 - 1500 1
4876 # 1504
4876 - 68 2
4877 # 1504
4878 # 1504
4879 # 1504
4879 + 1500
4879 + 68
4880 # 1504
4880 - 1500 1
4881 # 1504
4881 - 68 2
4882 # 1504
4883 # 1504
4884 # 1504
4884 + 1500
4884 + 68
4885 # 1504
4885 - 1500 1
4886 # 1504
4886 - 68 2
4887 # 1504
4888 # 1504
4888 + 1500
4888 + 68
4889 # 1504
4889 - 1500 1
4890 # 1504
4890 - 68 2
4891 # 1504
4892 # 1504
4893 # 1504
4893 + 1500
4893 + 68
4894 # 1504
4894 - 1500 1
4895 # 1504
4895 - 68 2
4896 # 1504
4897 # 1504
4898 # 1504
4898 + 1500
4898 + 68
4899 # 1504
4899 - 1500 1
4900 # 1504
4900 - 68 2
4901 # 1504
4901 + 1500
4901 + 68
4902 # 1504
4902 - 1500 1
4903 # 1504
4903 - 68 2
4904 # 1504
4904 + 1500
4904 + 68
4905 # 1504
4905 - 1500 1
4906 # 1504
4906 - 68 2
4907 # 1504
4907 + 1500
4907 + 68
4908 # 1504
4908 - 1500 1
4909 # 1504
4909 - 68 2
4909 + 1500
4909 + 68
4910 # 1504
4910 - 1500 1
4911 # 1504
4911 - 68 2
4912 # 1504
4913 # 1504
4914 # 1504
4914 + 1500
4914 + 68
4915 # 1504
4915 - 1500 1
4916 # 1504
4916 - 68 2
4917 # 1504
4918 # 1504
4919 # 1504
4919 + 1500
4919 + 68
4920 # 1504
4920 - 1500 1
4921 # 1504
4921 - 68 2
4922 # 1504
4923 # 1504
4924 # 1504
4924 + 1500
4924 + 68
4925 # 1504
4925 - 1500 1
4926 # 1504
4926 - 68 2
4927 # 1504
4928 # 1504
4928 + 1500
4928 + 68
4929 # 1504
4929 - 1500 1
4930 # 1504
4930 - 68 2
4931 # 1504
4931 + 1500
4931 + 68
4932 # 1504
4932 - 1500 1
4933 # 1504
4933 - 68 2
4933 + 1500
4933 + 68
4934 # 1504
4934 - 1500 1
4935 # 1504
4935 - 68 2
4936 # 1504
4937 # 1504
4938 # 1504
4938 + 1500
4938 + 68
4939 # 1504
4939 - 1500 1
4940 # 1504
4940 - 68 2
4941 # 1504
4942 # 1504
4943 # 1504
4943 + 1500
4943 + 68
4944 # 1504
4944 - 1500 1
4945 # 1504
4945 - 68 2
4946 # 1504
4947 # 1504
4947 + 1500
4947 + 68
4948 # 1504
4948 - 1500 1
4949 # 1504
4949 - 68 2
4950 # 1504
4951 # 1504
4952 # 1504
4952 + 1500
4952 + 68
4953 # 1504
4953 - 1500 1
4954 # 1504
4954 - 68 2
4955 # 1504
4956 # 1504
4957 # 1504
4957 + 1500
4957 + 68
4958 # 1504
4958 - 1500 1
4959 # 1504
4959 - 68 2
4960 # 1504
4961 # 1504
4962 # 1504
4962 + 1500
4962 + 68
4963 # 1504
4963 - 1500 1
4964 # 1504
4964 - 68 2
4965 # 1504
4966 # 1504
4967 # 1504
4967 + 1500
4967 + 68
4968 # 1504
4968 - 1500 1
4969 # 1504
4969 - 68 2
4970 # 1504
4971 # 1504
4971 + 1500
4971 + 68
4972 # 1504
4972 - 1500 1
4973 # 1504
4973 - 68 2
4974 # 1504
4975 # 1504
4976 # 1504
4976 + 1500
4976 + 68
4977 # 1504
4977 - 1500 1
4978 # 1504
4978 - 68 2
4979 # 1504
4980 # 1504
4981 # 1504
4981 + 1500
4981 + 68
4982 # 1504
4982 - 1500 1
4983 # 1504
4983 - 68 2
4984 # 1504
4985 # 1504
4986 # 1504
4986 + 1500
4986 + 68
4987 # 1504
4987 - 1500 1
4988 # 1504
4988 - 68 2
4989 # 1504
4990 # 1504
4990 + 1500
4990 + 68
4991 # 1504
4991 - 1500 1
4992 # 1504
4992 - 68 2
4993 # 1504
4993 + 1500
4993 + 68
4994 # 1504
4994 - 1500 1
4995 # 1504
4995 - 68 2
4995 + 1500
4995 + 68
4996 # 1504
4996 - 1500 1
4997 # 1504
4997 - 68 2
4998 # 1504
4998 + 1500
4998 + 68
4999 # 1504
4999 - 1500 1
5000 # 1504
5000 - 68 2
5001 # 1504
5002 # 1504
5003 # 1504
5003 + 1500
5003 + 68
5004 # 1504
5004 - 1500 1
5005 # 1504
5005 - 68 2
5006 # 1504
5006 + 1500
5006 + 68
5007 # 1504
5007 - 1500 1
5008 # 1504
5008 - 68 2
5008 + 1500
5009 # 1504
5009 - 1500 1
5009 + 68
5010 # 1504
5010 - 68 1
5011 # 1504
5011 + 1500
5011 + 68
5012 # 1504
5012 - 1500 1
5013 # 1504
5013 - 68 2
5014 # 1504
5014 + 1500
5014 + 68
5015 # 1504
5015 - 1500 1
5016 # 1504
5016 - 68 2
5017 # 1504
5018 # 1504
5019 # 1504
5019 + 1500
5019 + 68
5020 # 1504
5020 - 1500 1
5021 # 1504
5021 - 68 2
5022 # 1504
5022 + 1500
5022 + 68
5023 # 1504
5023 - 1500 1
5024 # 1504
5024 - 68 2
5024 + 1500
5024 + 68
5025 # 1504
5025 - 1500 1
5026 # 1504
5026 - 68 2
5027 # 1504
5027 + 1500
5027 + 68
5028 # 1504
5028 - 1500 1
5029 # 1504
5029 - 68 2
5029 + 1500
5029 + 68
5030 # 1504
5030 - 1500 1
5031 # 1504
5031 - 68 2
5032 # 1504
5032 + 1500
5032 + 68
5033 # 1504
5033 - 1500 1
5034 # 1504
5034 - 68 2
5035 # 1504
5036 # 1504
5037 # 1504
5037 + 1500
5037 + 68
5038 # 1504
5038 - 1500 1
5039 # 1504
5039 - 68 2
5040 # 1504
5041 # 1504
5041 + 1500
5041 + 68
5042 # 1504
5042 - 1500 1
5043 # 1504
5043 - 68 2
5044 # 1504
5045 # 1504
5046 # 1504
5046 + 1500
5046 + 68
5047 # 1504
5047 - 1500 1
5048 # 1504
5048 - 68 2
5049 # 1504
5050 # 1504
5051 # 1504
5051 + 1500
5051 + 68
5052 # 1504
5052 - 1500 1
5053 # 1504
5053 - 68 2
5054 # 1504
5055 # 1504
5056 # 1504
5056 + 1500
5056 + 68
5057 # 1504
5057 - 1500 1
5058 # 1504
5058 - 68 2
5059 # 1504
5060 # 1504
5061 # 1504
5061 + 1500
5061 + 68
5062 # 1504
5062 - 1500 1
5063 # 1504
5063 - 68 2
5064 # 1504
5065 # 1504
5065 + 1500
5065 + 68
5066 # 1504
5066 - 1500 1
5067 # 1504
5067 - 68 2
5068 # 1504
5069 # 1504
5070 # 1504
5070 + 1500
5070 + 68
5071 # 1504
5071 - 1500 1
5072 # 1504
5072 - 68 2
5073 # 1504
5074 # 1504
5075 # 1504
5075 + 1500
5075 + 68
5076 # 1504
5076 - 1500 1
5077 # 1504
5077 - 68 2
5078 # 1504
5079 # 1504
5080 # 1504
5080 + 1500
5080 + 68
5081 # 1504
5081 - 1500 1
5082 # 1504
5082 - 68 2
5083 # 1504
5084 # 1504
5085 # 1504
5085 + 1500
5085 + 68
5086 # 1504
5086 - 1500 1
5087 # 1504
5087 - 68 2
5088 # 1504
5089 # 1504
5089 + 1500
5089 + 68
5090 # 1504
5090 - 1500 1
5091 # 1504
5091 - 68 2
5092 # 1504
5093 # 1504
5094 # 1504
5094 + 1500
5094 + 68
5095 # 1504
5095 - 1500 1
5096 # 1504
5096 - 68 2
5097 # 1504
5098 # 1504
5099 # 1504
5099 + 1500
5099 + 68
5100 # 1504
5100 - 1500 1
5101 # 1504
5101 - 68 2
5102 # 1504
5103 # 1504
5104 # 1504
5104 + 1500
5104 + 68
5105 # 1504
5105 - 1500 1
5106 # 1504
5106 - 68 2
5107 # 1504
5108 # 1504
5108 + 1500
5108 + 68
5109 # 1504
5109 - 1500 1
5110 # 1504
5110 - 68 2
5111 # 1504
5111 + 1500
5111 + 68
5112 # 1504
5112 - 1500 1
5113 # 1504
5113 - 68 2
5113 + 1500
5113 + 68
5114 # 1504
5114 - 1500 1
5115 # 1504
5115 - 68 2
5116 # 1504
5116 + 1500
5116 + 68
5117 # 1504
5117 - 1500 1
5118 # 1504
5118 - 68 2
5119 # 1504
5119 + 1500
5119 + 68
5120 # 1504
5120 - 1500 1
5121 # 1504
5121 - 68 2
5121 + 1500
5121 + 68
5122 # 1504
5122 - 1500 1
5123 # 1504
5123 - 68 2
5124 # 1504
5124 + 1500
5124 + 68
5125 # 1504
5125 - 1500 1
5126 # 1504
5126 - 68 2
5126 + 1500
5126 + 68
5127 # 1504
5127 - 1500 1
5128 # 1504
5128 - 68 2
5129 # 1504
5129 + 1500
5129 + 68
5130 # 1504
5130 - 1500 1
5131 # 1504
5131 - 68 2
5132 # 1504
5133 # 1504
5133 + 1500
5133 + 68
5134 # 1504
5134 - 1500 1
5135 # 1504
5135 - 68 2
5136 # 1504
5136 + 1500
5136 + 68
5137 # 1504
5137 - 1500 1
5138 # 1504
5138 - 68 2
5138 + 1500
5138 + 68
5139 # 1504
5139 - 1500 1
5140 # 1504
5140 - 68 2
5141 # 1504
5141 + 1500
5141 + 68
5142 # 1504
5142 - 1500 1
5143 # 1504
5143 - 68 2
5144 # 1504
5145 # 1504
5146 # 1504
5146 + 1500
5146 + 68
5147 # 1504
5147 - 1500 1
5148 # 1504
5148 - 68 2
5149 # 1504
5149 + 1500
5149 + 68
5150 # 1504
5150 - 1500 1
5151 # 1504
5151 - 68 2
5151 + 1500
5151 + 68
5152 # 1504
5152 - 1500 1
5153 # 1504
5153 - 68 2
5154 # 1504
5155 # 1504
5156 # 1504
5156 + 1500
5156 + 68
5157 # 1504
5157 - 1500 1
5158 # 1504
5158 - 68 2
5159 # 1504
5160 # 1504
5161 # 1504
5161 + 1500
5161 + 68
5162 # 1504
5162 - 1500 1
5163 # 1504
5163 - 68 2
5164 # 1504
5165 # 1504
5166 # 1504
5166 + 1500
5166 + 68
5167 # 1504
5167 - 1500 1
5168 # 1504
5168 - 68 2
5169 # 1504
5169 + 1500
5169 + 68
5170 # 1504
5170 - 1500 1
5171 # 1504
5171 - 68 2
5171 + 1500
5171 + 68
5172 # 1504
5172 - 1500 1
5173 # 1504
5173 - 68 2
5174 # 1504
5175 # 1504
5176 # 1504
5176 + 1500
5176 + 68
5177 # 1504
5177 - 1500 1
5178 # 1504
5178 - 68 2
5179 # 1504
5180 # 1504
5180 + 1500
5180 + 68
5181 # 1504
5181 - 1500 1
5182 # 1504
5182 - 68 2
5182 + 1500
5182 + 68
5183 # 1504
5183 - 1500 1
5184 # 1504
5184 - 68 2
5185 # 1504
5185 + 1500
5185 + 68
5186 # 1504
5186 - 1500 1
5187 # 1504
5187 - 68 2
5188 # 1504
5189 # 1504
5189 + 1500
5189 + 68
5190 # 1504
5190 - 1500 1
5191 # 1504
5191 - 68 2
5192 # 1504
5192 + 1500
5192 + 68
5193 # 1504
5193 - 1500 1
5194 # 1504
5194 - 68 2
5194 + 1500
5194 + 68
5195 # 1504
5195 - 1500 1
5196 # 1504
5196 - 68 2
5197 # 1504
5197 + 1500
5197 + 68
5198 # 1504
5198 - 1500 1
5199 # 1504
5199 - 68 2
5200 # 1504
5201 # 1504
5202 # 1504
5202 + 1500
5202 + 68
5203 # 1504
5203 - 1500 1
5204 # 1504
5204 - 68 2
5205 # 1504
5206 # 1504
5206 + 1500
5206 + 68
5207 # 1504
5207 - 1500 1
5208 # 1504
5208 - 68 2
5209 # 1504
5209 + 1500
5209 + 68
5210 # 1504
5210 - 1500 1
5211 # 1504
5211 - 68 2
5211 + 1500
5211 + 68
5212 # 1504
5212 - 1500 1
5213 # 1504
5213 - 68 2
5213 + 1500
5213 + 68
5214 # 1504
5214 - 1500 1
5215 # 1504
5215 - 68 2
5216 # 1504
5216 + 1500
5216 + 68
5217 # 1504
5217 - 1500 1
5218 # 1504
5218 - 68 2
5219 # 1504
5220 # 1504
5221 # 1504
5221 + 1500
5221 + 68
5222 # 1504
5222 - 1500 1
5223 # 1504
5223 - 68 2
5224 # 1504
5225 # 1504
5225 + 1500
5225 + 68
5226 # 1504
5226 - 1500 1
5227 # 1504
5227 - 68 2
5228 # 1504
5228 + 1500
5228 + 68
5229 # 1504
5229 - 1500 1
5230 # 1504
5230 - 68 2
5230 + 1500
5230 + 68
5231 # 1504
5231 - 1500 1
5232 # 1504
5232 - 68 2
5233 # 1504
5233 + 1500
5233 + 68
5234 # 1504
5234 - 1500 1
5235 # 1504
5235 - 68 2
5236 # 1504
5237 # 1504
5238 # 1504
5238 + 1500
5238 + 68
5239 # 1504
5239 - 1500 1
5240 # 1504
5240 - 68 2
5241 # 1504
5241 + 1500
5241 + 68
5242 # 1504
5242 - 1500 1
5243 # 1504
5243 - 68 2
5243 + 1500
5243 + 68
5244 # 1504
5244 - 1500 1
5245 # 1504
5245 - 68 2
5246 # 1504
5246 + 1500
5246 + 68
5247 # 1504
5247 - 1500 1
5248 # 1504
5248 - 68 2
5249 # 1504
5250 # 1504
5251 # 1504
5251 + 1500
5251 + 68
5252 # 1504
5252 - 1500 1
5253 # 1504
5253 - 68 2
5254 # 1504
5255 # 1504
5256 # 1504
5256 + 1500
5256 + 68
5257 # 1504
5257 - 1500 1
5258 # 1504
5258 - 68 2
5259 # 1504
5260 # 1504
5260 + 1500
5260 + 68
5261 # 1504
5261 - 1500 1
5262 # 1504
5262 - 68 2
5263 # 1504
5263 + 1500
5263 + 68
5264 # 1504
5264 - 1500 1
5265 # 1504
5265 - 68 2
5265 + 1500
5265 + 68
5266 # 1504
5266 - 1500 1
5267 # 1504
5267 - 68 2
5268 # 1504
5269 # 1504
5270 # 1504
5270 + 1500
5270 + 68
5271 # 1504
5271 - 1500 1
5272 # 1504
5272 - 68 2
5273 # 1504
5274 # 1504
5275 # 1504
5275 + 1500
5275 + 68
5276 # 1504
5276 - 1500 1
5277 # 1504
5277 - 68 2
5278 # 1504
5278 + 1500
5278 + 68
5279 # 1504
5279 - 1500 1
5280 # 1504
5280 - 68 2
5280 + 1500
5280 + 68
5281 # 1504
5281 - 1500 1
5282 # 1504
5282 - 68 2
5283 # 1504
5284 # 1504
5285 # 1504
5285 + 1500
5285 + 68
5286 # 1504
5286 - 1500 1
5287 # 1504
5287 - 68 2
5288 # 1504
5289 # 1504
5290 # 1504
5290 + 1500
5290 + 68
5291 # 1504
5291 - 1500 1
5292 # 1504
5292 - 68 2
5293 # 1504
5294 # 1504
5295 # 1504
5295 + 1500
5295 + 68
5296 # 1504
5296 - 1500 1
5297 # 1504
5297 - 68 2
5298 # 1504
5299 # 1504
5299 + 1500
5299 + 68
5300 # 1504
5300 - 1500 1
5301 # 1504
5301 - 68 2
5302 # 1504
5302 + 1500
5302 + 68
5303 # 1504
5303 - 1500 1
5304 # 1504
5304 - 68 2
5304 + 1500
5304 + 68
5305 # 1504
5305 - 1500 1
5306 # 1504
5306 - 68 2
5307 # 1504
5307 + 1500
5307 + 68
5308 # 1504
5308 - 1500 1
5309 # 1504
5309 - 68 2
5310 # 1504
5311 # 1504
5312 # 1504
5312 + 1500
5312 + 68
5313 # 1504
5313 - 1500 1
5314 # 1504
5314 - 68 2
5315 # 1504
5316 # 1504
5316 + 1500
5316 + 68
5317 # 1504
5317 - 1500 1
5318 # 1504
5318 - 68 2
5319 # 1504
5320 # 1504
5320 + 1500
5320 + 68
5321 # 1504
5321 - 1500 1
5322 # 1504
5322 - 68 2
5322 + 1500
5322 + 68
5323 # 1504
5323 - 1500 1
5324 # 1504
5324 - 68 2
5325 # 1504
5326 # 1504
5327 # 1504
5327 + 1500
5327 + 68
5328 # 1504
5328 - 1500 1
5329 # 1504
5329 - 68 2
5330 # 1504
5331 # 1504
5332 # 1504
5332 + 1500
5332 + 68
5333 # 1504
5333 - 1500 1
5334 # 1504
5334 - 68 2
5335 # 1504
5335 + 1500
5335 + 68
5336 # 1504
5336 - 1500 1
5337 # 1504
5337 - 68 2
5337 + 1500
5337 + 68
5338 # 1504
5338 - 1500 1
5339 # 1504
5339 - 68 2
5340 # 1504
5341 # 1504
5342 # 1504
5342 + 1500
5342 + 68
5343 # 1504
5343 - 1500 1
5344 # 1504
5344 - 68 2
5345 # 1504
5346 # 1504
5347 # 1504
5347 + 1500
5347 + 68
5348 # 1504
5348 - 1500 1
5349 # 1504
5349 - 68 2
5350 # 1504
5351 # 1504
5352 # 1504
5352 + 1500
5352 + 68
5353 # 1504
5353 - 1500 1
5354 # 1504
5354 - 68 2
5355 # 1504
5355 + 1500
5355 + 68
5356 # 1504
5356 - 1500 1
5357 # 1504
5357 - 68 2
5357 + 1500
5357 + 68
5358 # 1504
5358 - 1500 1
5359 # 1504
5359 - 68 2
5360 # 1504
5361 # 1504
5362 # 1504
5362 + 1500
5362 + 68
5363 # 1504
5363 - 1500 1
5364 # 1504
5364 - 68 2
5365 # 1504
5366 # 1504
5367 # 1504
5367 + 1500
5367 + 68
5368 # 1504
5368 - 1500 1
5369 # 1504
5369 - 68 2
5370 # 1504
5371 # 1504
5372 # 1504
5372 + 1500
5372 + 68
5373 # 1504
5373 - 1500 1
5374 # 1504
5374 - 68 2
5375 # 1504
5375 + 1500
5375 + 68
5376 # 1504
5376 - 1500 1
5377 # 1504
5377 - 68 2
5377 + 1500
5377 + 68
5378 # 1504
5378 - 1500 1
5379 # 1504
5379 - 68 2
5380 # 1504
5380 + 1500
5380 + 68
5381 # 1504
5381 - 1500 1
5382 # 1504
5382 - 68 2
5383 # 1504
5384 # 1504
5384 + 1500
5384 + 68
5385 # 1504
5385 - 1500 1
5386 # 1504
5386 - 68 2
5386 + 1500
5386 + 68
5387 # 1504
5387 - 1500 1
5388 # 1504
5388 - 68 2
5389 # 1504
5389 + 1500
5389 + 68
5390 # 1504
5390 - 1500 1
5391 # 1504
5391 - 68 2
5392 # 1504
5392 + 1500
5392 + 68
5393 # 1504
5393 - 1500 1
5394 # 1504
5394 - 68 2
5394 + 1500
5394 + 68
5395 # 1504
5395 - 1500 1
5396 # 1504
5396 - 68 2
5397 # 1504
5397 + 1500
5397 + 68
5398 # 1504
5398 - 1500 1
5399 # 1504
5399 - 68 2
5399 + 1500
5399 + 68
5400 # 1504
5400 - 1500 1
5401 # 1504
5401 - 68 2
5402 # 1504
5403 # 1504
5404 # 1504
5404 + 1500
5404 + 68
5405 # 1504
5405 - 1500 1
5406 # 1504
5406 - 68 2
5407 # 1504
5408 # 1504
5408 + 1500
5408 + 68
5409 # 1504
5409 - 1500 1
5410 # 1504
5410 - 68 2
5411 # 1504
5411 + 1500
5411 + 68
5412 # 1504
5412 - 1500 1
5413 # 1504
5413 - 68 2
5413 + 1500
5413 + 68
5414 # 1504
5414 - 1500 1
5415 # 1504
5415 - 68 2
5416 # 1504
5417 # 1504
5418 # 1504
5418 + 1500
5418 + 68
5419 # 1504
5419 - 1500 1
5420 # 1504
5420 - 68 2
5421 # 1504
5421 + 1500
5421 + 68
5422 # 1504
5422 - 1500 1
5423 # 1504
5423 - 68 2
5423 + 1500
5423 + 68
5424 # 1504
5424 - 1500 1
5425 # 1504
5425 - 68 2
5426 # 1504
5427 # 1504
5428 # 1504
5428 + 1500
5428 + 68
5429 # 1504
5429 - 1500 1
5430 # 1504
5430 - 68 2
5431 # 1504
5432 # 1504
5433 # 1504
5433 + 1500
5433 + 68
5434 # 1504
5434 - 1500 1
5435 # 1504
5435 - 68 2
5436 # 1504
5437 # 1504
5438 # 1504
5438 + 1500
5438 + 68
5439 # 1504
5439 - 1500 1
5440 # 1504
5440 - 68 2
5441 # 1504
5442 # 1504
5443 # 1504
5443 + 1500
5443 + 68
5444 # 1504
5444 - 1500 1
5445 # 1504
5445 - 68 2
5446 # 1504
5447 # 1504
5447 + 1500
5447 + 68
5448 # 1504
5448 - 1500 1
5449 # 1504
5449 - 68 2
5450 # 1504
5450 + 1500
5450 + 68
5451 # 1504
5451 - 1500 1
5452 # 1504
5452 - 68 2
5452 + 1500
5452 + 68
5453 # 1504
5453 - 1500 1
5454 # 1504
5454 - 68 2
5455 # 1504
5455 + 1500
5455 + 68
5456 # 1504
5456 - 1500 1
5457 # 1504
5457 - 68 2
5458 # 1504
5459 # 1504
5459 + 1500
5459 + 68
5460 # 1504
5460 - 1500 1
5461 # 1504
5461 - 68 2
5462 # 1504
5462 + 1500
5462 + 68
5463 # 1504
5463 - 1500 1
5464 # 1504
5464 - 68 2
5464 + 1500
5464 + 68
5465 # 1504
5465 - 1500 1
5466 # 1504
5466 - 68 2
5467 # 1504
5467 + 1500
5467 + 68
5468 # 1504
5468 - 1500 1
5469 # 1504
5469 - 68 2
5470 # 1504
5471 # 1504
5472 # 1504
5472 + 1500
5472 + 68
5473 # 1504
5473 - 1500 1
5474 # 1504
5474 - 68 2
5475 # 1504
5475 + 1500
5475 + 68
5476 # 1504
5476 - 1500 1
5477 # 1504
5477 - 68 2
5477 + 1500
5477 + 68
5478 # 1504
5478 - 1500 1
5479 # 1504
5479 - 68 2
5480 # 1504
5481 # 1504
5481 + 1500
5481 + 68
5482 # 1504
5482 - 1500 1
5483 # 1504
5483 - 68 2
5483 + 1500
5483 + 68
5484 # 1504
5484 - 1500 1
5485 # 1504
5485 - 68 2
5486 # 1504
5487 # 1504
5488 # 1504
5488 + 1500
5488 + 68
5489 # 1504
5489 - 1500 1
5490 # 1504
5490 - 68 2
5491 # 1504
5492 # 1504
5493 # 1504
5493 + 1500
5493 + 68
5494 # 1504
5494 - 1500 1
5495 # 1504
5495 - 68 2
5496 # 1504
5497 # 1504
5497 + 1500
5497 + 68
5498 # 1504
5498 - 1500 1
5499 # 1504
5499 - 68 2
5500 # 1504
5501 # 1504
5501 + 1500
5501 + 68
5502 # 1504
5502 - 1500 1
5503 # 1504
5503 - 68 2
5503 + 1500
5503 + 68
5504 # 1504
5504 - 1500 1
5505 # 1504
5505 - 68 2
5506 # 1504
5506 + 1500
5506 + 68
5507 # 1504
5507 - 1500 1
5508 # 1504
5508 - 68 2
5509 # 1504
5510 # 1504
5511 # 1504
5511 + 1500
5511 + 68
5512 # 1504
5512 - 1500 1
5513 # 1504
5513 - 68 2
5514 # 1504
5514 + 1500
5514 + 68
5515 # 1504
5515 - 1500 1
5516 # 1504
5516 - 68 2
5516 + 1500
5516 + 68
5517 # 1504
5517 - 1500 1
5518 # 1504
5518 - 68 2
5519 # 1504
5519 + 1500
5519 + 68
5520 # 1504
5520 - 1500 1
5521 # 1504
5521 - 68 2
5522 # 1504
5523 # 1504
5524 # 1504
5524 + 1500
5524 + 68
5525 # 1504
5525 - 1500 1
5526 # 1504
5526 - 68 2
5527 # 1504
5528 # 1504
5529 # 1504
5529 + 1500
5529 + 68
5530 # 1504
5530 - 1500 1
5531 # 1504
5531 - 68 2
5532 # 1504
5532 + 1500
5532 + 68
5533 # 1504
5533 - 1500 1
5534 # 1504
5534 - 68 2
5534 + 1500
5534 + 68
5535 # 1504
5535 - 1500 1
5536 # 1504
5536 - 68 2
5537 # 1504
5537 + 1500
5537 + 68
5538 # 1504
5538 - 1500 1
5539 # 1504
5539 - 68 2
5540 # 1504
5540 + 1500
5540 + 68
5541 # 1504
5541 - 1500 1
5542 # 1504
5542 - 68 2
5542 + 1500
5542 + 68
5543 # 1504
5543 - 1500 1
5544 # 1504
5544 - 68 2
5545 # 1504
5545 + 1500
5545 + 68
5546 # 1504
5546 - 1500 1
5547 # 1504
5547 - 68 2
5548 # 1504
5549 # 1504
5549 + 1500
5549 + 68
5550 # 1504
5550 - 1500 1
5551 # 1504
5551 - 68 2
5552 # 1504
5553 # 1504
5554 # 1504
5554 + 1500
5554 + 68
5555 # 1504
5555 - 1500 1
5556 # 1504
5556 - 68 2
5557 # 1504
5558 # 1504
5559 # 1504
5559 + 1500
5559 + 68
5560 # 1504
5560 - 1500 1
5561 # 1504
5561 - 68 2
5562 # 1504
5563 # 1504
5564 # 1504
5564 + 1500
5564 + 68
5565 # 1504
5565 - 1500 1
5566 # 1504
5566 - 68 2
5567 # 1504
5568 # 1504
5569 # 1504
5569 + 1500
5569 + 68
5570 # 1504
5570 - 1500 1
5571 # 1504
5571 - 68 2
5572 # 1504
5572 + 1500
5572 + 68
5573 # 1504
5573 - 1500 1
5574 # 1504
5574 - 68 2
5574 + 1500
5574 + 68
5575 # 1504
5575 - 1500 1
5576 # 1504
5576 - 68 2
5577 # 1504
5578 # 1504
5579 # 1504
5579 + 1500
5579 + 68
5580 # 1504
5580 - 1500 1
5581 # 1504
5581 - 68 2
5582 # 1504
5583 # 1504
5584 # 1504
5584 + 1500
5584 + 68
5585 # 1504
5585 - 1500 1
5586 # 1504
5586 - 68 2
5587 # 1504
5588 # 1504
5589 # 1504
5589 + 1500
5589 + 68
5590 # 1504
5590 - 1500 1
5591 # 1504
5591 - 68 2
5592 # 1504
5592 + 1500
5592 + 68
5593 # 1504
5593 - 1500 1
5594 # 1504
5594 - 68 2
5594 + 1500
5594 + 68
5595 # 1504
5595 - 1500 1
5596 # 1504
5596 - 68 2
5597 # 1504
5597 + 1500
5597 + 68
5598 # 1504
5598 - 1500 1
5599 # 1504
5599 - 68 2
5600 # 1504
5601 # 1504
5601 + 1500
5601 + 68
5602 # 1504
5602 - 1500 1
5603 # 1504
5603 - 68 2
5603 + 1500
5603 + 68
5604 # 1504
5604 - 1500 1
5605 # 1504
5605 - 68 2
5606 # 1504
5606 + 1500
5606 + 68
5607 # 1504
5607 - 1500 1
5608 # 1504
5608 - 68 2
5609 # 1504
5610 # 1504
5610 + 1500
5610 + 68
5611 # 1504
5611 - 1500 1
5612 # 1504
5612 - 68 2
5613 # 1504
5614 # 1504
5615 # 1504
5615 + 1500
5615 + 68
5616 # 1504
5616 - 1500 1
5617 # 1504
5617 - 68 2
5618 # 1504
5618 + 1500
5619 # 1504
5619 - 1500 1
5619 + 68
5620 # 1504
5620 - 68 1
5621 # 1504
5621 + 1500
5621 + 68
5622 # 1504
5622 - 1500 1
5623 # 1504
5623 - 68 2
5624 # 1504
5624 + 1500
5624 + 68
5625 # 1504
5625 - 1500 1
5626 # 1504
5626 - 68 2
5627 # 1504
5628 # 1504
5628 + 1500
5629 # 1504
5629 - 1500 1
5629 + 68
5630 # 1504
5630 - 68 1
5631 # 1504
5631 + 1500
5631 + 68
5632 # 1504
5632 - 1500 1
5633 # 1504
5633 - 68 2
5633 + 1500
5633 + 68
5634 # 1504
5634 - 1500 1
5635 # 1504
5635 - 68 2
5636 # 1504
5636 + 1500
5636 + 68
5637 # 1504
5637 - 1500 1
5638 # 1504
5638 - 68 2
5639 # 1504
5639 + 1500
5639 + 68
5640 # 1504
5640 - 1500 1
5641 # 1504
5641 - 68 2
5641 + 1500
5641 + 68
5642 # 1504
5642 - 1500 1
5643 # 1504
5643 - 68 2
5644 # 1504
5644 + 1500
5644 + 68
5645 # 1504
5645 - 1500 1
5645 + 1500
5645 + 68
5646 # 1504
5646 - 68 2
5647 # 1504
5647 - 1500 2
5647 - 68 2
5647 + 1500
5647 + 68
5648 # 1504
5648 - 1500 1
5649 # 1504
5649 - 68 2
5650 # 1504
5650 + 1500
5650 + 68
5651 # 1504
5651 - 1500 1
5652 # 1504
5652 - 68 2
5652 + 1500
5652 + 68
5653 # 1504
5653 - 1500 1
5654 # 1504
5654 - 68 2
5654 + 1500
5654 + 68
5655 # 1504
5655 - 1500 1
5656 # 1504
5656 - 68 2
5657 # 1504
5658 # 1504
5659 # 1504
5659 + 1500
5659 + 68
5660 # 1504
5660 - 1500 1
5661 # 1504
5661 - 68 2
5662 # 1504
5663 # 1504
5664 # 1504
5664 + 1500
5664 + 68
5665 # 1504
5665 - 1500 1
5666 # 1504
5666 - 68 2
5667 # 1504
5668 # 1504
5669 # 1504
5669 + 1500
5669 + 68
5670 # 1504
5670 - 1500 1
5671 # 1504
5671 - 68 2
5672 # 1504
5673 # 1504
5674 # 1504
5674 + 1500
5674 + 68
5675 # 1504
5675 - 1500 1
5676 # 1504
5676 - 68 2
5677 # 1504
5678 # 1504
5678 + 1500
5678 + 68
5679 # 1504
5679 - 1500 1
5680 # 1504
5680 - 68 2
5681 # 1504
5682 # 1504
5683 # 1504
5683 + 1500
5683 + 68
5684 # 1504
5684 - 1500 1
5685 # 1504
5685 - 68 2
5686 # 1504
5687 # 1504
5688 # 1504
5688 + 1500
5688 + 68
5689 # 1504
5689 - 1500 1
5690 # 1504
5690 - 68 2
5691 # 1504
5692 # 1504
5693 # 1504
5693 + 1500
5693 + 68
5694 # 1504
5694 - 1500 1
5695 # 1504
5695 - 68 2
5696 # 1504
5697 # 1504
5698 # 1504
5698 + 1500
5698 + 68
5699 # 1504
5699 - 1500 1
5700 # 1504
5700 - 68 2
5701 # 1504
5702 # 1504
5702 + 1500
5702 + 68
5703 # 1504
5703 - 1500 1
5704 # 1504
5704 - 68 2
5705 # 1504
5706 # 1504
5707 # 1504
5707 + 1500
5707 + 68
5708 # 1504
5708 - 1500 1
5709 # 1504
5709 - 68 2
5710 # 1504
5711 # 1504
5712 # 1504
5712 + 1500
5712 + 68
5713 # 1504
5713 - 1500 1
5714 # 1504
5714 - 68 2
5715 # 1504
5716 # 1504
5717 # 1504
5717 + 1500
5717 + 68
5718 # 1504
5718 - 1500 1
5719 # 1504
5719 - 68 2
5720 # 1504
5720 + 1500
5720 + 68
5721 # 1504
5721 - 1500 1
5722 # 1504
5722 - 68 2
5722 + 1500
5722 + 68
5723 # 1504
5723 - 1500 1
5724 # 1504
5724 - 68 2
5725 # 1504
5726 # 1504
5727 # 1504
5727 + 1500
5727 + 68
5728 # 1504
5728 - 1500 1
5729 # 1504
5729 - 68 2
5730 # 1504
5731 # 1504
5732 # 1504
5732 + 1500
5732 + 68
5733 # 1504
5733 - 1500 1
5734 # 1504
5734 - 68 2
5735 # 1504
5736 # 1504
5737 # 1504
5737 + 1500
5737 + 68
5738 # 1504
5738 - 1500 1
5739 # 1504
5739 - 68 2
5740 # 1504
5741 # 1504
5742 # 1504
5742 + 1500
5742 + 68
5743 # 1504
5743 - 1500 1
5744 # 1504
5744 - 68 2
5745 # 1504
5746 # 1504
5746 + 1500
5746 + 68
5747 # 1504
5747 - 1500 1
5748 # 1504
5748 - 68 2
5749 # 1504
5749 + 1500
5749 + 68
5750 # 1504
5750 - 1500 1
5751 # 1504
5751 - 68 2
5751 + 1500
5751 + 68
5752 # 1504
5752 - 1500 1
5753 # 1504
5753 - 68 2
5754 # 1504
5754 + 1500
5754 + 68
5755 # 1504
5755 - 1500 1
5756 # 1504
5756 - 68 2
5757 # 1504
5758 # 1504
5758 + 1500
5758 + 68
5759 # 1504
5759 - 1500 1
5760 # 1504
5760 - 68 2
5761 # 1504
5761 + 1500
5761 + 68
5762 # 1504
5762 - 1500 1
5763 # 1504
5763 - 68 2
5764 # 1504
5764 + 1500
5764 + 68
5765 # 1504
5765 - 1500 1
5766 # 1504
5766 - 68 2
5767 # 1504
5768 # 1504
5769 # 1504
5769 + 1500
5769 + 68
5770 # 1504
5770 - 1500 1
5771 # 1504
5771 - 68 2
5772 # 1504
5773 # 1504
5774 # 1504
5774 + 1500
5774 + 68
5775 # 1504
5775 - 1500 1
5776 # 1504
5776 - 68 2
5777 # 1504
5778 # 1504
5779 # 1504
5779 + 1500
5779 + 68
5780 # 1504
5780 - 1500 1
5781 # 1504
5781 - 68 2
5782 # 1504
5783 # 1504
5784 # 1504
5784 + 1500
5784 + 68
5785 # 1504
5785 - 1500 1
5786 # 1504
5786 - 68 2
5787 # 1504
5788 # 1504
5788 + 1500
5788 + 68
5789 # 1504
5789 - 1500 1
5790 # 1504
5790 - 68 2
5791 # 1504
5792 # 1504
5793 # 1504
5793 + 1500
5793 + 68
5794 # 1504
5794 - 1500 1
5795 # 1504
5795 - 68 2
5796 # 1504
5797 # 1504
5798 # 1504
5798 + 1500
5798 + 68
5799 # 1504
5799 - 1500 1
5800 # 1504
5800 - 68 2
5801 # 1504
5802 # 1504
5803 # 1504
5803 + 1500
5803 + 68
5804 # 1504
5804 - 1500 1
5805 # 1504
5805 - 68 2
5806 # 1504
5807 # 1504
5807 + 1500
5807 + 68
5808 # 1504
5808 - 1500 1
5809 # 1504
5809 - 68 2
5810 # 1504
5810 + 1500
5810 + 68
5811 # 1504
5811 - 1500 1
5812 # 1504
5812 - 68 2
5813 # 1504
5813 + 1500
5813 + 68
5814 # 1504
5814 - 1500 1
5815 # 1504
5815 - 68 2
5816 # 1504
5816 + 1500
5816 + 68
5817 # 1504
5817 - 1500 1
5818 # 1504
5818 - 68 2
5819 # 1504
5820 # 1504
5821 # 1504
5821 + 1500
5821 + 68
5822 # 1504
5822 - 1500 1
5823 # 1504
5823 - 68 2
5824 # 1504
5825 # 1504
5825 + 1500
5825 + 68
5826 # 1504
5826 - 1500 1
5827 # 1504
5827 - 68 2
5828 # 1504
5829 # 1504
5830 # 1504
5830 + 1500
5830 + 68
5831 # 1504
5831 - 1500 1
5832 # 1504
5832 - 68 2
5833 # 1504
5834 # 1504
5835 # 1504
5835 + 1500
5835 + 68
5836 # 1504
5836 - 1500 1
5837 # 1504
5837 - 68 2
5838 # 1504
5838 + 1500
5838 + 68
5839 # 1504
5839 - 1500 1
5840 # 1504
5840 - 68 2
5841 # 1504
5841 + 1500
5841 + 68
5842 # 1504
5842 - 1500 1
5843 # 1504
5843 - 68 2
5844 # 1504
5844 + 1500
5844 + 68
5845 # 1504
5845 - 1500 1
5846 # 1504
5846 - 68 2
5847 # 1504
5848 # 1504
5849 # 1504
5849 + 1500
5849 + 68
5850 # 1504
5850 - 1500 1
5851 # 1504
5851 - 68 2
5852 # 1504
5853 # 1504
5853 + 1500
5853 + 68
5854 # 1504
5854 - 1500 1
5855 # 1504
5855 - 68 2
5856 # 1504
5857 # 1504
5858 # 1504
5858 + 1500
5858 + 68
5859 # 1504
5859 - 1500 1
5860 # 1504
5860 - 68 2
5861 # 1504
5862 # 1504
5863 # 1504
5863 + 1500
5863 + 68
5864 # 1504
5864 - 1500 1
5865 # 1504
5865 - 68 2
5866 # 1504
5867 # 1504
5868 # 1504
5868 + 1500
5868 + 68
5869 # 1504
5869 - 1500 1
5870 # 1504
5870 - 68 2
5871 # 1504
5872 # 1504
5872 + 1500
5872 + 68
5873 # 1504
5873 - 1500 1
5874 # 1504
5874 - 68 2
5875 # 1504
5875 + 1500
5875 + 68
5876 # 1504
5876 - 1500 1
5877 # 1504
5877 - 68 2
5878 # 1504
5878 + 1500
5878 + 68
5879 # 1504
5879 - 1500 1
5880 # 1504
5880 - 68 2
5881 # 1504
5882 # 1504
5883 # 1504
5883 + 1500
5883 + 68
5884 # 1504
5884 - 1500 1
5885 # 1504
5885 - 68 2
5886 # 1504
5887 # 1504
5888 # 1504
5888 + 1500
5888 + 68
5889 # 1504
5889 - 1500 1
5890 # 1504
5890 - 68 2
5891 # 1504
5892 # 1504
5892 + 1500
5892 + 68
5893 # 1504
5893 - 1500 1
5894 # 1504
5894 - 68 2
5895 # 1504
5896 # 1504
5896 + 1500
5896 + 68
5897 # 1504
5897 - 1500 1
5898 # 1504
5898 - 68 2
5898 + 1500
5898 + 68
5899 # 1504
5899 - 1500 1
5900 # 1504
5900 - 68 2
5901 # 1504
5902 # 1504
5903 # 1504
5903 + 1500
5903 + 68
5904 # 1504
5904 - 1500 1
5905 # 1504
5905 - 68 2
5906 # 1504
5907 # 1504
5908 # 1504
5908 + 1500
5908 + 68
5909 # 1504
5909 - 1500 1
5910 # 1504
5910 - 68 2
5911 # 1504
5912 # 1504
5912 + 1500
5912 + 68
5913 # 1504
5913 - 1500 1
5914 # 1504
5914 - 68 2
5915 # 1504
5915 + 1500
5915 + 68
5916 # 1504
5916 - 1500 1
5917 # 1504
5917 - 68 2
5918 # 1504
5918 + 1500
5918 + 68
5919 # 1504
5919 - 1500 1
5920 # 1504
5920 - 68 2
5921 # 1504
5921 + 1500
5921 + 68
5922 # 1504
5922 - 1500 1
5923 # 1504
5923 - 68 2
5924 # 1504
5925 # 1504
5926 # 1504
5926 + 1500
5926 + 68
5927 # 1504
5927 - 1500 1
5928 # 1504
5928 - 68 2
5929 # 1504
5930 # 1504
5931 # 1504
5931 + 1500
5931 + 68
5932 # 1504
5932 - 1500 1
5933 # 1504
5933 - 68 2
5934 # 1504
5935 # 1504
5935 + 1500
5935 + 68
5936 # 1504
5936 - 1500 1
5937 # 1504
5937 - 68 2
5938 # 1504
5938 + 1500
5938 + 68
5939 # 1504
5939 - 1500 1
5940 # 1504
5940 - 68 2
5941 # 1504
5941 + 1500
5941 + 68
5942 # 1504
5942 - 1500 1
5943 # 1504
5943 - 68 2
5944 # 1504
5945 # 1504
5946 # 1504
5947 # 1504
5947 + 1500
5947 + 68
5948 # 1504
5948 - 1500 1
5949 # 1504
5949 - 68 2
5950 # 1504
5951 # 1504
5951 + 1500
5951 + 68
5952 # 1504
5952 - 1500 1
5953 # 1504
5953 - 68 2
5954 # 1504
5955 # 1504
5955 + 1500
5955 + 68
5956 # 1504
5956 - 1500 1
5957 # 1504
5957 - 68 2
5958 # 1504
5959 # 1504
5960 # 1504
5960 + 1500
5960 + 68
5961 # 1504
5961 - 1500 1
5962 # 1504
5962 - 68 2
5963 # 1504
5964 # 1504
5965 # 1504
5966 # 1504
5966 + 1500
5966 + 68
5967 # 1504
5967 - 1500 1
5968 # 1504
5968 - 68 2
5969 # 1504
5970 # 1504
5970 + 1500
5970 + 68
5971 # 1504
5971 - 1500 1
5972 # 1504
5972 - 68 2
5973 # 1504
5974 # 1504
5975 # 1504
5975 + 1500
5975 + 68
5976 # 1504
5976 - 1500 1
5977 # 1504
5977 - 68 2
5978 # 1504
5979 # 1504
5979 + 1500
5980 # 1504
5980 - 1500 1
5980 + 68
5981 # 1504
5981 - 68 1
5982 # 1504
5982 + 1500
5982 + 68
5983 # 1504
5983 - 1500 1
5984 # 1504
5984 - 68 2
5985 # 1504
5985 + 1500
5985 + 68
5986 # 1504
5986 - 1500 1
5987 # 1504
5987 - 68 2
5988 # 1504
5988 + 1500
5988 + 68
5989 # 1504
5989 - 1500 1
5990 # 1504
5990 - 68 2
5991 # 1504
5992 # 1504
5993 # 1504
5993 + 1500
5993 + 68
5994 # 1504
5994 - 1500 1
5995 # 1504
5995 - 68 2
5996 # 1504
5997 # 1504
5998 # 1504
5998 + 1500
5998 + 68
5999 # 1504
5999 - 1500 1
6000 # 1504
6000 - 68 2
6001 # 1504
6002 # 1504
6002 + 1500
6002 + 68
6003 # 1504
6003 - 1500 1
6004 # 1504
6004 - 68 2
6005 # 1504
6006 # 1504
6007 # 1504
6007 + 1500
6007 + 68
6008 # 1504
6008 - 1500 1
6009 # 1504
6009 - 68 2
6010 # 1504
6010 + 1500
6010 + 68
6011 # 1504
6011 - 1500 1
6012 # 1504
6012 - 68 2
6013 # 1504
6013 + 1500
6013 + 68
6014 # 1504
6014 - 1500 1
6015 # 1504
6015 - 68 2
6016 # 1504
6017 # 1504
6018 # 1504
6018 + 1500
6018 + 68
6019 # 1504
6019 - 1500 1
6020 # 1504
6020 - 68 2
6021 # 1504
6022 # 1504
6022 + 1500
6023 # 1504
6023 - 1500 1
6023 + 68
6024 # 1504
6024 - 68 1
6025 # 1504
6026 # 1504
6026 + 1500
6026 + 68
6027 # 1504
6027 - 1500 1
6028 # 1504
6028 - 68 2
6028 + 1500
6028 + 68
6029 # 1504
6029 - 1500 1
6030 # 1504
6030 - 68 2
6031 # 1504
6031 + 1500
6031 + 68
6032 # 1504
6032 - 1500 1
6033 # 1504
6033 - 68 2
6034 # 1504
6034 + 1500
6034 + 68
6035 # 1504
6035 - 1500 1
6036 # 1504
6036 - 68 2
6037 # 1504
6037 + 1500
6037 + 68
6038 # 1504
6038 - 1500 1
6039 # 1504
6039 - 68 2
6039 + 1500
6039 + 68
6040 # 1504
6040 - 1500 1
6041 # 1504
6041 - 68 2
6042 # 1504
6042 + 1500
6042 + 68
6043 # 1504
6043 - 1500 1
6044 # 1504
6044 - 68 2
6044 + 1500
6044 + 68
6045 # 1504
6045 - 1500 1
6046 # 1504
6046 - 68 2
6047 # 1504
6047 + 1500
6047 + 68
6048 # 1504
6048 - 1500 1
6049 # 1504
6049 - 68 2
6050 # 1504
6051 # 1504
6051 + 1500
6051 + 68
6052 # 1504
6052 - 1500 1
6053 # 1504
6053 - 68 2
6054 # 1504
6054 + 1500
6054 + 68
6055 # 1504
6055 - 1500 1
6056 # 1504
6056 - 68 2
6057 # 1504
6057 + 1500
6057 + 68
6058 # 1504
6058 - 1500 1
6059 # 1504
6059 - 68 2
6060 # 1504
6060 + 1500
6060 + 68
6061 # 1504
6061 - 1500 1
6062 # 1504
6062 - 68 2
6063 # 1504
6063 + 1500
6063 + 68
6064 # 1504
6064 - 1500 1
6065 # 1504
6065 - 68 2
6066 # 1504
6066 + 1500
6066 + 68
6067 # 1504
6067 - 1500 1
6068 # 1504
6068 - 68 2
6069 # 1504
6070 # 1504
6070 + 1500
6070 + 68
6071 # 1504
6071 - 1500 1
6072 # 1504
6072 - 68 2
6073 # 1504
6073 + 1500
6073 + 68
6074 # 1504
6074 - 1500 1
6075 # 1504
6075 - 68 2
6076 # 1504
6076 + 1500
6076 + 68
6077 # 1504
6077 - 1500 1
6077 + 1500
6077 + 68
6078 # 1504
6078 - 68 2
6079 # 1504
6079 - 1500 2
6079 - 68 2
6080 # 1504
6081 # 1504
6082 # 1504
6082 + 1500
6082 + 68
6083 # 1504
6083 - 1500 1
6084 # 1504
6084 - 68 2
6085 # 1504
6086 # 1504
6087 # 1504
6087 + 1500
6087 + 68
6088 # 1504
6088 - 1500 1
6089 # 1504
6089 - 68 2
6090 # 1504
6091 # 1504
6092 # 1504
6092 + 1500
6092 + 68
6093 # 1504
6093 - 1500 1
6094 # 1504
6094 - 68 2
6095 # 1504
6096 # 1504
6096 + 1500
6096 + 68
6097 # 1504
6097 - 1500 1
6098 # 1504
6098 - 68 2
6099 # 1504
6100 # 1504
6101 # 1504
6101 + 1500
6101 + 68
6102 # 1504
6102 - 1500 1
6103 # 1504
6103 - 68 2
6104 # 1504
6105 # 1504
6106 # 1504
6106 + 1500
6106 + 68
6107 # 1504
6107 - 1500 1
6108 # 1504
6108 - 68 2
6109 # 1504
6110 # 1504
6111 # 1504
6111 + 1500
6111 + 68
6112 # 1504
6112 - 1500 1
6113 # 1504
6113 - 68 2
6114 # 1504
6115 # 1504
6116 # 1504
6116 + 1500
6116 + 68
6117 # 1504
6117 - 1500 1
6118 # 1504
6118 - 68 2
6119 # 1504
6119 + 1500
6119 + 68
6120 # 1504
6120 - 1500 1
6121 # 1504
6121 - 68 2
6121 + 1500
6121 + 68
6122 # 1504
6122 - 1500 1
6123 # 1504
6123 - 68 2
6124 # 1504
6124 + 1500
6124 + 68
6125 # 1504
6125 - 1500 1
6126 # 1504
6126 - 68 2
6127 # 1504
6128 # 1504
6129 # 1504
6129 + 1500
6129 + 68
6130 # 1504
6130 - 1500 1
6131 # 1504
6131 - 68 2
6132 # 1504
6133 # 1504
6134 # 1504
6134 + 1500
6134 + 68
6135 # 1504
6135 - 1500 1
6136 # 1504
6136 - 68 2
6137 # 1504
6138 # 1504
6139 # 1504
6139 + 1500
6139 + 68
6140 # 1504
6140 - 1500 1
6141 # 1504
6141 - 68 2
6142 # 1504
6143 # 1504
6143 + 1500
6143 + 68
6144 # 1504
6144 - 1500 1
6145 # 1504
6145 - 68 2
6146 # 1504
6147 # 1504
6148 # 1504
6148 + 1500
6148 + 68
6149 # 1504
6149 - 1500 1
6150 # 1504
6150 - 68 2
6151 # 1504
6152 # 1504
6153 # 1504
6153 + 1500
6153 + 68
6154 # 1504
6154 - 1500 1
6155 # 1504
6155 - 68 2
6156 # 1504
6157 # 1504
6158 # 1504
6158 + 1500
6158 + 68
6159 # 1504
6159 - 1500 1
6160 # 1504
6160 - 68 2
6161 # 1504
6162 # 1504
6163 # 1504
6163 + 1500
6163 + 68
6164 # 1504
6164 - 1500 1
6165 # 1504
6165 - 68 2
6166 # 1504
6167 # 1504
6167 + 1500
6167 + 68
6168 # 1504
6168 - 1500 1
6169 # 1504
6169 - 68 2
6170 # 1504
6171 # 1504
6172 # 1504
6173 # 1504
6173 + 1500
6173 + 68
6174 # 1504
6174 - 1500 1
6175 # 1504
6175 - 68 2
6176 # 1504
6177 # 1504
6177 + 1500
6177 + 68
6178 # 1504
6178 - 1500 1
6179 # 1504
6179 - 68 2
6180 # 1504
6181 # 1504
6182 # 1504
6182 + 1500
6182 + 68
6183 # 1504
6183 - 1500 1
6184 # 1504
6184 - 68 2
6185 # 1504
6186 # 1504
6186 + 1500
6186 + 68
6187 # 1504
6187 - 1500 1
6188 # 1504
6188 - 68 2
6189 # 1504
6189 + 1500
6189 + 68
6190 # 1504
6190 - 1500 1
6191 # 1504
6191 - 68 2
6192 # 1504
6192 + 1500
6192 + 68
6193 # 1504
6193 - 1500 1
6194 # 1504
6194 - 68 2
6195 # 1504
6196 # 1504
6197 # 1504
6197 + 1500
6197 + 68
6198 # 1504
6198 - 1500 1
6199 # 1504
6199 - 68 2
6200 # 1504
6201 # 1504
6202 # 1504
6202 + 1500
6202 + 68
6203 # 1504
6203 - 1500 1
6204 # 1504
6204 - 68 2
6205 # 1504
6206 # 1504
6206 + 1500
6207 # 1504
6207 - 1500 1
6207 + 68
6208 # 1504
6208 - 68 1
6209 # 1504
6209 + 1500
6209 + 68
6210 # 1504
6210 - 1500 1
6211 # 1504
6211 - 68 2
6212 # 1504
6212 + 1500
6212 + 68
6213 # 1504
6213 - 1500 1
6214 # 1504
6214 - 68 2
6215 # 1504
6216 # 1504
6217 # 1504
6218 # 1504
6218 + 1500
6218 + 68
6219 # 1504
6219 - 1500 1
6220 # 1504
6220 - 68 2
6221 # 1504
6222 # 1504
6222 + 1500
6222 + 68
6223 # 1504
6223 - 1500 1
6224 # 1504
6224 - 68 2
6225 # 1504
6226 # 1504
6227 # 1504
6227 + 1500
6227 + 68
6228 # 1504
6228 - 1500 1
6229 # 1504
6229 - 68 2
6230 # 1504
6231 # 1504
6231 + 1500
6231 + 68
6232 # 1504
6232 - 1500 1
6233 # 1504
6233 - 68 2
6234 # 1504
6234 + 1500
6234 + 68
6235 # 1504
6235 - 1500 1
6236 # 1504
6236 - 68 2
6236 + 1500
6236 + 68
6237 # 1504
6237 - 1500 1
6238 # 1504
6238 - 68 2
6239 # 1504
6239 + 1500
6239 + 68
6240 # 1504
6240 - 1500 1
6241 # 1504
6241 - 68 2
6242 # 1504
6243 # 1504
6244 # 1504
6244 + 1500
6244 + 68
6245 # 1504
6245 - 1500 1
6246 # 1504
6246 - 68 2
6247 # 1504
6248 # 1504
6248 + 1500
6248 + 68
6249 # 1504
6249 - 1500 1
6250 # 1504
6250 - 68 2
6251 # 1504
6252 # 1504
6253 # 1504
6253 + 1500
6253 + 68
6254 # 1504
6254 - 1500 1
6255 # 1504
6255 - 68 2
6256 # 1504
6257 # 1504
6258 # 1504
6258 + 1500
6258 + 68
6259 # 1504
6259 - 1500 1
6260 # 1504
6260 - 68 2
6261 # 1504
6262 # 1504
6263 # 1504
6263 + 1500
6263 + 68
6264 # 1504
6264 - 1500 1
6265 # 1504
6265 - 68 2
6266 # 1504
6267 # 1504
6267 + 1500
6267 + 68
6268 # 1504
6268 - 1500 1
6269 # 1504
6269 - 68 2
6270 # 1504
6270 + 1500
6270 + 68
6271 # 1504
6271 - 1500 1
6272 # 1504
6272 - 68 2
6272 + 1500
6272 + 68
6273 # 1504
6273 - 1500 1
6274 # 1504
6274 - 68 2
6275 # 1504
6275 + 1500
6275 + 68
6276 # 1504
6276 - 1500 1
6277 # 1504
6277 - 68 2
6278 # 1504
6279 # 1504
6279 + 1500
6279 + 68
6280 # 1504
6280 - 1500 1
6281 # 1504
6281 - 68 2
6282 # 1504
6282 + 1500
6282 + 68
6283 # 1504
6283 - 1500 1
6284 # 1504
6284 - 68 2
6285 # 1504
6285 + 1500
6285 + 68
6286 # 1504
6286 - 1500 1
6287 # 1504
6287 - 68 2
6287 + 1500
6287 + 68
6288 # 1504
6288 - 1500 1
6289 # 1504
6289 - 68 2
6290 # 1504
6290 + 1500
6290 + 68
6291 # 1504
6291 - 1500 1
6292 # 1504
6292 - 68 2
6293 # 1504
6294 # 1504
6294 + 1500
6294 + 68
6295 # 1504
6295 - 1500 1
6296 # 1504
6296 - 68 2
6297 # 1504
6297 + 1500
6297 + 68
6298 # 1504
6298 - 1500 1
6299 # 1504
6299 - 68 2
6299 + 1500
6299 + 68
6300 # 1504
6300 - 1500 1
6301 # 1504
6301 - 68 2
6302 # 1504
6302 + 1500
6302 + 68
6303 # 1504
6303 - 1500 1
6304 # 1504
6304 - 68 2
6305 # 1504
6306 # 1504
6307 # 1504
6307 + 1500
6307 + 68
6308 # 1504
6308 - 1500 1
6309 # 1504
6309 - 68 2
6310 # 1504
6311 # 1504
6311 + 1500
6311 + 68
6312 # 1504
6312 - 1500 1
6313 # 1504
6313 - 68 2
6314 # 1504
6314 + 1500
6314 + 68
6315 # 1504
6315 - 1500 1
6316 # 1504
6316 - 68 2
6317 # 1504
6317 + 1500
6317 + 68
6318 # 1504
6318 - 1500 1
6319 # 1504
6319 - 68 2
6320 # 1504
6320 + 1500
6320 + 68
6321 # 1504
6321 - 1500 1
6322 # 1504
6322 - 68 2
6323 # 1504
6323 + 1500
6323 + 68
6324 # 1504
6324 - 1500 1
6325 # 1504
6325 - 68 2
6326 # 1504
6326 + 1500
6326 + 68
6327 # 1504
6327 - 1500 1
6328 # 1504
6328 - 68 2
6328 + 1500
6328 + 68
6329 # 1504
6329 - 1500 1
6330 # 1504
6330 - 68 2
6331 # 1504
6331 + 1500
6331 + 68
6332 # 1504
6332 - 1500 1
6333 # 1504
6333 - 68 2
6334 # 1504
6335 # 1504
6336 # 1504
6336 + 1500
6336 + 68
6337 # 1504
6337 - 1500 1
6338 # 1504
6338 - 68 2
6339 # 1504
6340 # 1504
6341 # 1504
6341 + 1500
6341 + 68
6342 # 1504
6342 - 1500 1
6343 # 1504
6343 - 68 2
6344 # 1504
6345 # 1504
6346 # 1504
6346 + 1500
6346 + 68
6347 # 1504
6347 - 1500 1
6348 # 1504
6348 - 68 2
6349 # 1504
6349 + 1500
6349 + 68
6350 # 1504
6350 - 1500 1
6351 # 1504
6351 - 68 2
6351 + 1500
6351 + 68
6352 # 1504
6352 - 1500 1
6353 # 1504
6353 - 68 2
6354 # 1504
6354 + 1500
6354 + 68
6355 # 1504
6355 - 1500 1
6356 # 1504
6356 - 68 2
6357 # 1504
6357 + 1500
6357 + 68
6358 # 1504
6358 - 1500 1
6359 # 1504
6359 - 68 2
6360 # 1504
6361 # 1504
6362 # 1504
6362 + 1500
6362 + 68
6363 # 1504
6363 - 1500 1
6364 # 1504
6364 - 68 2
6365 # 1504
6366 # 1504
6367 # 1504
6367 + 1500
6367 + 68
6368 # 1504
6368 - 1500 1
6369 # 1504
6369 - 68 2
6370 # 1504
6371 # 1504
6371 + 1500
6371 + 68
6372 # 1504
6372 - 1500 1
6373 # 1504
6373 - 68 2
6374 # 1504
6374 + 1500
6374 + 68
6375 # 1504
6375 - 1500 1
6376 # 1504
6376 - 68 2
6377 # 1504
6377 + 1500
6377 + 68
6378 # 1504
6378 - 1500 1
6379 # 1504
6379 - 68 2
6380 # 1504
6381 # 1504
6382 # 1504
6382 + 1500
6382 + 68
6383 # 1504
6383 - 1500 1
6384 # 1504
6384 - 68 2
6385 # 1504
6386 # 1504
6387 # 1504
6387 + 1500
6387 + 68
6388 # 1504
6388 - 1500 1
6389 # 1504
6389 - 68 2
6390 # 1504
6391 # 1504
6391 + 1500
6391 + 68
6392 # 1504
6392 - 1500 1
6393 # 1504
6393 - 68 2
6394 # 1504
6395 # 1504
6396 # 1504
6396 + 1500
6396 + 68
6397 # 1504
6397 - 1500 1
6398 # 1504
6398 - 68 2
6399 # 1504
6400 # 1504
6401 # 1504
6401 + 1500
6401 + 68
6402 # 1504
6402 - 1500 1
6403 # 1504
6403 - 68 2
6404 # 1504
6405 # 1504
6406 # 1504
6406 + 1500
6406 + 68
6407 # 1504
6407 - 1500 1
6408 # 1504
6408 - 68 2
6409 # 1504
6410 # 1504
6411 # 1504
6411 + 1500
6411 + 68
6412 # 1504
6412 - 1500 1
6413 # 1504
6413 - 68 2
6414 # 1504
6415 # 1504
6416 # 1504
6416 + 1500
6416 + 68
6417 # 1504
6417 - 1500 1
6418 # 1504
6418 - 68 2
6419 # 1504
6420 # 1504
6420 + 1500
6420 + 68
6421 # 1504
6421 - 1500 1
6422 # 1504
6422 - 68 2
6423 # 1504
6423 + 1500
6423 + 68
6424 # 1504
6424 - 1500 1
6425 # 1504
6425 - 68 2
6426 # 1504
6426 + 1500
6426 + 68
6427 # 1504
6427 - 1500 1
6428 # 1504
6428 - 68 2
6429 # 1504
6430 # 1504
6431 # 1504
6431 + 1500
6431 + 68
6432 # 1504
6432 - 1500 1
6433 # 1504
6433 - 68 2
6434 # 1504
6435 # 1504
6435 + 1500
6435 + 68
6436 # 1504
6436 - 1500 1
6437 # 1504
6437 - 68 2
6438 # 1504
6439 # 1504
6439 + 1500
6439 + 68
6440 # 1504
6440 - 1500 1
6441 # 1504
6441 - 68 2
6441 + 1500
6441 + 68
6442 # 1504
6442 - 1500 1
6443 # 1504
6443 - 68 2
6444 # 1504
6445 # 1504
6446 # 1504
6446 + 1500
6446 + 68
6447 # 1504
6447 - 1500 1
6448 # 1504
6448 - 68 2
6449 # 1504
6450 # 1504
6451 # 1504
6451 + 1500
6451 + 68
6452 # 1504
6452 - 1500 1
6453 # 1504
6453 - 68 2
6454 # 1504
6455 # 1504
6456 # 1504
6456 + 1500
6456 + 68
6457 # 1504
6457 - 1500 1
6458 # 1504
6458 - 68 2
6459 # 1504
6460 # 1504
6460 + 1500
6460 + 68
6461 # 1504
6461 - 1500 1
6462 # 1504
6462 - 68 2
6463 # 1504
6464 # 1504
6465 # 1504
6465 + 1500
6465 + 68
6466 # 1504
6466 - 1500 1
6467 # 1504
6467 - 68 2
6468 # 1504
6469 # 1504
6470 # 1504
6470 + 1500
6470 + 68
6471 # 1504
6471 - 1500 1
6472 # 1504
6472 - 68 2
6473 # 1504
6474 # 1504
6475 # 1504
6475 + 1500
6475 + 68
6476 # 1504
6476 - 1500 1
6477 # 1504
6477 - 68 2
6478 # 1504
6479 # 1504
6479 + 1500
6479 + 68
6480 # 1504
6480 - 1500 1
6481 # 1504
6481 - 68 2
6482 # 1504
6483 # 1504
6484 # 1504
6484 + 1500
6484 + 68
6485 # 1504
6485 - 1500 1
6486 # 1504
6486 - 68 2
6487 # 1504
6488 # 1504
6489 # 1504
6489 + 1500
6489 + 68
6490 # 1504
6490 - 1500 1
6491 # 1504
6491 - 68 2
6492 # 1504
6493 # 1504
6494 # 1504
6494 + 1500
6494 + 68
6495 # 1504
6495 - 1500 1
6496 # 1504
6496 - 68 2
6497 # 1504
6498 # 1504
6499 # 1504
6499 + 1500
6499 + 68
6500 # 1504
6500 - 1500 1
6501 # 1504
6501 - 68 2
6502 # 1504
6503 # 1504
6504 # 1504
6504 + 1500
6504 + 68
6505 # 1504
6505 - 1500 1
6506 # 1504
6506 - 68 2
6507 # 1504
6508 # 1504
6508 + 1500
6508 + 68
6509 # 1504
6509 - 1500 1
6510 # 1504
6510 - 68 2
6511 # 1504
6512 # 1504
6513 # 1504
6513 + 1500
6513 + 68
6514 # 1504
6514 - 1500 1
6515 # 1504
6515 - 68 2
6516 # 1504
6517 # 1504
6518 # 1504
6518 + 1500
6518 + 68
6519 # 1504
6519 - 1500 1
6520 # 1504
6520 - 68 2
6521 # 1504
6522 # 1504
6523 # 1504
6523 + 1500
6523 + 68
6524 # 1504
6524 - 1500 1
6525 # 1504
6525 - 68 2
6526 # 1504
6527 # 1504
6527 + 1500
6527 + 68
6528 # 1504
6528 - 1500 1
6529 # 1504
6529 - 68 2
6530 # 1504
6530 + 1500
6530 + 68
6531 # 1504
6531 - 1500 1
6532 # 1504
6532 - 68 2
6533 # 1504
6533 + 1500
6533 + 68
6534 # 1504
6534 - 1500 1
6535 # 1504
6535 - 68 2
6536 # 1504
6537 # 1504
6538 # 1504
6538 + 1500
6538 + 68
6539 # 1504
6539 - 1500 1
6540 # 1504
6540 - 68 2
6541 # 1504
6542 # 1504
6543 # 1504
6543 + 1500
6543 + 68
6544 # 1504
6544 - 1500 1
6545 # 1504
6545 - 68 2
6546 # 1504
6547 # 1504
6548 # 1504
6548 + 1500
6548 + 68
6549 # 1504
6549 - 1500 1
6550 # 1504
6550 - 68 2
6551 # 1504
6551 + 1500
6551 + 68
6552 # 1504
6552 - 1500 1
6552 + 1500
6552 + 68
6553 # 1504
6553 - 68 2
6554 # 1504
6554 - 1500 2
6554 - 68 2
6554 + 1500
6554 + 68
6555 # 1504
6555 - 1500 1
6556 # 1504
6556 - 68 2
6557 # 1504
6557 + 1500
6557 + 68
6558 # 1504
6558 - 1500 1
6559 # 1504
6559 - 68 2
6560 # 1504
6560 + 1500
6560 + 68
6561 # 1504
6561 - 1500 1
6562 # 1504
6562 - 68 2
6563 # 1504
6564 # 1504
6565 # 1504
6565 + 1500
6565 + 68
6566 # 1504
6566 - 1500 1
6567 # 1504
6567 - 68 2
6568 # 1504
6569 # 1504
6569 + 1500
6569 + 68
6570 # 1504
6570 - 1500 1
6571 # 1504
6571 - 68 2
6572 # 1504
6572 + 1500
6572 + 68
6573 # 1504
6573 - 1500 1
6574 # 1504
6574 - 68 2
6574 + 1500
6574 + 68
6575 # 1504
6575 - 1500 1
6576 # 1504
6576 - 68 2
6577 # 1504
6577 + 1500
6577 + 68
6578 # 1504
6578 - 1500 1
6579 # 1504
6579 - 68 2
6580 # 1504
6581 # 1504
6582 # 1504
6582 + 1500
6582 + 68
6583 # 1504
6583 - 1500 1
6584 # 1504
6584 - 68 2
6585 # 1504
6586 # 1504
6586 + 1500
6586 + 68
6587 # 1504
6587 - 1500 1
6588 # 1504
6588 - 68 2
6589 # 1504
6589 + 1500
6589 + 68
6590 # 1504
6590 - 1500 1
6591 # 1504
6591 - 68 2
6592 # 1504
6592 + 1500
6592 + 68
6593 # 1504
6593 - 1500 1
6594 # 1504
6594 - 68 2
6594 + 1500
6594 + 68
6595 # 1504
6595 - 1500 1
6596 # 1504
6596 - 68 2
6597 # 1504
6597 + 1500
6597 + 68
6598 # 1504
6598 - 1500 1
6599 # 1504
6599 - 68 2
6600 # 1504
6600 + 1500
6600 + 68
6601 # 1504
6601 - 1500 1
6602 # 1504
6602 - 68 2
6602 + 1500
6602 + 68
6603 # 1504
6603 - 1500 1
6604 # 1504
6604 - 68 2
6605 # 1504
6606 # 1504
6607 # 1504
6607 + 1500
6607 + 68
6608 # 1504
6608 - 1500 1
6609 # 1504
6609 - 68 2
6610 # 1504
6611 # 1504
6612 # 1504
6612 + 1500
6612 + 68
6613 # 1504
6613 - 1500 1
6614 # 1504
6614 - 68 2
6615 # 1504
6616 # 1504
6617 # 1504
6617 + 1500
6617 + 68
6618 # 1504
6618 - 1500 1
6619 # 1504
6619 - 68 2
6620 # 1504
6621 # 1504
6622 # 1504
6622 + 1500
6622 + 68
6623 # 1504
6623 - 1500 1
6624 # 1504
6624 - 68 2
6625 # 1504
6626 # 1504
6627 # 1504
6627 + 1500
6627 + 68
6628 # 1504
6628 - 1500 1
6629 # 1504
6629 - 68 2
6630 # 1504
6630 + 1500
6630 + 68
6631 # 1504
6631 - 1500 1
6632 # 1504
6632 - 68 2
6632 + 1500
6632 + 68
6633 # 1504
6633 - 1500 1
6634 # 1504
6634 - 68 2
6635 # 1504
6635 + 1500
6635 + 68
6636 # 1504
6636 - 1500 1
6637 # 1504
6637 - 68 2
6638 # 1504
6639 # 1504
6640 # 1504
6640 + 1500
6640 + 68
6641 # 1504
6641 - 1500 1
6642 # 1504
6642 - 68 2
6643 # 1504
6644 # 1504
6644 + 1500
6644 + 68
6645 # 1504
6645 - 1500 1
6646 # 1504
6646 - 68 2
6647 # 1504
6647 + 1500
6647 + 68
6648 # 1504
6648 - 1500 1
6649 # 1504
6649 - 68 2
6650 # 1504
6650 + 1500
6650 + 68
6651 # 1504
6651 - 1500 1
6652 # 1504
6652 - 68 2
6653 # 1504
6654 # 1504
6655 # 1504
6655 + 1500
6655 + 68
6656 # 1504
6656 - 1500 1
6657 # 1504
6657 - 68 2
6658 # 1504
6659 # 1504
6660 # 1504
6660 + 1500
6660 + 68
6661 # 1504
6661 - 1500 1
6662 # 1504
6662 - 68 2
6663 # 1504
6664 # 1504
6664 + 1500
6664 + 68
6665 # 1504
6665 - 1500 1
6666 # 1504
6666 - 68 2
6667 # 1504
6667 + 1500
6667 + 68
6668 # 1504
6668 - 1500 1
6669 # 1504
6669 - 68 2
6670 # 1504
6670 + 1500
6670 + 68
6671 # 1504
6671 - 1500 1
6672 # 1504
6672 - 68 2
6673 # 1504
6674 # 1504
6674 + 1500
6674 + 68
6675 # 1504
6675 - 1500 1
6676 # 1504
6676 - 68 2
6676 + 1500
6676 + 68
6677 # 1504
6677 - 1500 1
6678 # 1504
6678 - 68 2
6679 # 1504
6680 # 1504
6681 # 1504
6681 + 1500
6681 + 68
6682 # 1504
6682 - 1500 1
6683 # 1504
6683 - 68 2
6684 # 1504
6685 # 1504
6685 + 1500
6685 + 68
6686 # 1504
6686 - 1500 1
6687 # 1504
6687 - 68 2
6688 # 1504
6689 # 1504
6690 # 1504
6690 + 1500
6690 + 68
6691 # 1504
6691 - 1500 1
6692 # 1504
6692 - 68 2
6693 # 1504
6694 # 1504
6695 # 1504
6695 + 1500
6695 + 68
6696 # 1504
6696 - 1500 1
6697 # 1504
6697 - 68 2
6698 # 1504
6699 # 1504
6700 # 1504
6700 + 1500
6700 + 68
6701 # 1504
6701 - 1500 1
6702 # 1504
6702 - 68 2
6703 # 1504
6704 # 1504
6704 + 1500
6704 + 68
6705 # 1504
6705 - 1500 1
6706 # 1504
6706 - 68 2
6707 # 1504
6707 + 1500
6707 + 68
6708 # 1504
6708 - 1500 1
6709 # 1504
6709 - 68 2
6709 + 1500
6709 + 68
6710 # 1504
6710 - 1500 1
6711 # 1504
6711 - 68 2
6712 # 1504
6712 + 1500
6712 + 68
6713 # 1504
6713 - 1500 1
6714 # 1504
6714 - 68 2
6715 # 1504
6716 # 1504
6717 # 1504
6717 + 1500
6717 + 68
6718 # 1504
6718 - 1500 1
6719 # 1504
6719 - 68 2
6720 # 1504
6721 # 1504
6721 + 1500
6721 + 68
6722 # 1504
6722 - 1500 1
6723 # 1504
6723 - 68 2
6724 # 1504
6725 # 1504
6726 # 1504
6726 + 1500
6726 + 68
6727 # 1504
6727 - 1500 1
6728 # 1504
6728 - 68 2
6729 # 1504
6730 # 1504
6731 # 1504
6731 + 1500
6731 + 68
6732 # 1504
6732 - 1500 1
6733 # 1504
6733 - 68 2
6734 # 1504
6735 # 1504
6736 # 1504
6736 + 1500
6736 + 68
6737 # 1504
6737 - 1500 1
6738 # 1504
6738 - 68 2
6739 # 1504
6739 + 1500
6739 + 68
6740 # 1504
6740 - 1500 1
6741 # 1504
6741 - 68 2
6742 # 1504
6742 + 1500
6742 + 68
6743 # 1504
6743 - 1500 1
6744 # 1504
6744 - 68 2
6745 # 1504
6746 # 1504
6746 + 1500
6746 + 68
6747 # 1504
6747 - 1500 1
6748 # 1504
6748 - 68 2
6749 # 1504
6750 # 1504
6751 # 1504
6751 + 1500
6751 + 68
6752 # 1504
6752 - 1500 1
6753 # 1504
6753 - 68 2
6754 # 1504
6755 # 1504
6756 # 1504
6756 + 1500
6756 + 68
6757 # 1504
6757 - 1500 1
6758 # 1504
6758 - 68 2
6759 # 1504
6760 # 1504
6761 # 1504
6761 + 1500
6761 + 68
6762 # 1504
6762 - 1500 1
6763 # 1504
6763 - 68 2
6764 # 1504
6765 # 1504
6765 + 1500
6765 + 68
6766 # 1504
6766 - 1500 1
6767 # 1504
6767 - 68 2
6768 # 1504
6769 # 1504
6769 + 1500
6769 + 68
6770 # 1504
6770 - 1500 1
6771 # 1504
6771 - 68 2
6771 + 1500
6771 + 68
6772 # 1504
6772 - 1500 1
6773 # 1504
6773 - 68 2
6774 # 1504
6775 # 1504
6776 # 1504
6776 + 1500
6776 + 68
6777 # 1504
6777 - 1500 1
6778 # 1504
6778 - 68 2
6779 # 1504
6780 # 1504
6781 # 1504
6781 + 1500
6781 + 68
6782 # 1504
6782 - 1500 1
6783 # 1504
6783 - 68 2
6784 # 1504
6785 # 1504
6785 + 1500
6785 + 68
6786 # 1504
6786 - 1500 1
6787 # 1504
6787 - 68 2
6788 # 1504
6788 + 1500
6788 + 68
6789 # 1504
6789 - 1500 1
6790 # 1504
6790 - 68 2
6791 # 1504
6791 + 1500
6791 + 68
6792 # 1504
6792 - 1500 1
6793 # 1504
6793 - 68 2
6794 # 1504
6795 # 1504
6796 # 1504
6796 + 1500
6796 + 68
6797 # 1504
6797 - 1500 1
6798 # 1504
6798 - 68 2
6799 # 1504
6800 # 1504
6801 # 1504
6801 + 1500
6801 + 68
6802 # 1504
6802 - 1500 1
6803 # 1504
6803 - 68 2
6804 # 1504
6805 # 1504
6806 # 1504
6806 + 1500
6806 + 68
6807 # 1504
6807 - 1500 1
6808 # 1504
6808 - 68 2
6809 # 1504
6810 # 1504
6810 + 1500
6810 + 68
6811 # 1504
6811 - 1500 1
6812 # 1504
6812 - 68 2
6813 # 1504
6814 # 1504
6815 # 1504
6815 + 1500
6815 + 68
6816 # 1504
6816 - 1500 1
6817 # 1504
6817 - 68 2
6818 # 1504
6819 # 1504
6820 # 1504
6820 + 1500
6820 + 68
6821 # 1504
6821 - 1500 1
6822 # 1504
6822 - 68 2
6823 # 1504
6824 # 1504
6825 # 1504
6825 + 1500
6825 + 68
6826 # 1504
6826 - 1500 1
6827 # 1504
6827 - 68 2
6828 # 1504
6829 # 1504
6830 # 1504
6830 + 1500
6830 + 68
6831 # 1504
6831 - 1500 1
6832 # 1504
6832 - 68 2
6833 # 1504
6834 # 1504
6834 + 1500
6834 + 68
6835 # 1504
6835 - 1500 1
6836 # 1504
6836 - 68 2
6837 # 1504
6838 # 1504
6839 # 1504
6840 # 1504
6840 + 1500
6840 + 68
6841 # 1504
6841 - 1500 1
6842 # 1504
6842 - 68 2
6843 # 1504
6844 # 1504
6844 + 1500
6844 + 68
6845 # 1504
6845 - 1500 1
6846 # 1504
6846 - 68 2
6847 # 1504
6848 # 1504
6849 # 1504
6849 + 1500
6849 + 68
6850 # 1504
6850 - 1500 1
6851 # 1504
6851 - 68 2
6852 # 1504
6853 # 1504
6853 + 1500
6853 + 68
6854 # 1504
6854 - 1500 1
6855 # 1504
6855 - 68 2
6856 # 1504
6857 # 1504
6858 # 1504
6858 + 1500
6858 + 68
6859 # 1504
6859 - 1500 1
6860 # 1504
6860 - 68 2
6861 # 1504
6861 + 1500
6861 + 68
6862 # 1504
6862 - 1500 1
6863 # 1504
6863 - 68 2
6864 # 1504
6864 + 1500
6864 + 68
6865 # 1504
6865 - 1500 1
6866 # 1504
6866 - 68 2
6867 # 1504
6867 + 1500
6867 + 68
6868 # 1504
6868 - 1500 1
6869 # 1504
6869 - 68 2
6870 # 1504
6871 # 1504
6872 # 1504
6872 + 1500
6872 + 68
6873 # 1504
6873 - 1500 1
6874 # 1504
6874 - 68 2
6875 # 1504
6876 # 1504
6877 # 1504
6877 + 1500
6877 + 68
6878 # 1504
6878 - 1500 1
6879 # 1504
6879 - 68 2
6880 # 1504
6881 # 1504
6881 + 1500
6881 + 68
6882 # 1504
6882 - 1500 1
6883 # 1504
6883 - 68 2
6884 # 1504
6884 + 1500
6884 + 68
6885 # 1504
6885 - 1500 1
6886 # 1504
6886 - 68 2
6887 # 1504
6887 + 1500
6887 + 68
6888 # 1504
6888 - 1500 1
6889 # 1504
6889 - 68 2
6890 # 1504
6890 + 1500
6890 + 68
6891 # 1504
6891 - 1500 1
6892 # 1504
6892 - 68 2
6893 # 1504
6894 # 1504
6895 # 1504
6895 + 1500
6895 + 68
6896 # 1504
6896 - 1500 1
6897 # 1504
6897 - 68 2
6898 # 1504
6899 # 1504
6899 + 1500
6899 + 68
6900 # 1504
6900 - 1500 1
6901 # 1504
6901 - 68 2
6902 # 1504
6902 + 1500
6902 + 68
6903 # 1504
6903 - 1500 1
6904 # 1504
6904 - 68 2
6905 # 1504
6905 + 1500
6905 + 68
6906 # 1504
6906 - 1500 1
6907 # 1504
6907 - 68 2
6908 # 1504
6908 + 1500
6908 + 68
6909 # 1504
6909 - 1500 1
6910 # 1504
6910 - 68 2
6911 # 1504
6912 # 1504
6913 # 1504
6913 + 1500
6913 + 68
6914 # 1504
6914 - 1500 1
6915 # 1504
6915 - 68 2
6916 # 1504
6917 # 1504
6918 # 1504
6918 + 1500
6918 + 68
6919 # 1504
6919 - 1500 1
6920 # 1504
6920 - 68 2
6921 # 1504
6922 # 1504
6922 + 1500
6922 + 68
6923 # 1504
6923 - 1500 1
6924 # 1504
6924 - 68 2
6925 # 1504
6925 + 1500
6925 + 68
6926 # 1504
6926 - 1500 1
6927 # 1504
6927 - 68 2
6928 # 1504
6928 + 1500
6928 + 68
6929 # 1504
6929 - 1500 1
6930 # 1504
6930 - 68 2
6931 # 1504
6931 + 1500
6931 + 68
6932 # 1504
6932 - 1500 1
6933 # 1504
6933 - 68 2
6934 # 1504
6935 # 1504
6936 # 1504
6936 + 1500
6936 + 68
6937 # 1504
6937 - 1500 1
6938 # 1504
6938 - 68 2
6939 # 1504
6940 # 1504
6940 + 1500
6940 + 68
6941 # 1504
6941 - 1500 1
6942 # 1504
6942 - 68 2
6943 # 1504
6943 + 1500
6943 + 68
6944 # 1504
6944 - 1500 1
6945 # 1504
6945 - 68 2
6946 # 1504
6946 + 1500
6946 + 68
6947 # 1504
6947 - 1500 1
6948 # 1504
6948 - 68 2
6949 # 1504
6950 # 1504
6951 # 1504
6951 + 1500
6951 + 68
6952 # 1504
6952 - 1500 1
6953 # 1504
6953 - 68 2
6954 # 1504
6955 # 1504
6956 # 1504
6956 + 1500
6956 + 68
6957 # 1504
6957 - 1500 1
6958 # 1504
6958 - 68 2
6959 # 1504
6960 # 1504
6960 + 1500
6960 + 68
6961 # 1504
6961 - 1500 1
6962 # 1504
6962 - 68 2
6963 # 1504
6963 + 1500
6963 + 68
6964 # 1504
6964 - 1500 1
6965 # 1504
6965 - 68 2
6966 # 1504
6966 + 1500
6966 + 68
6967 # 1504
6967 - 1500 1
6968 # 1504
6968 - 68 2
6969 # 1504
6970 # 1504
6970 + 1500
6970 + 68
6971 # 1504
6971 - 1500 1
6972 # 1504
6972 - 68 2
6973 # 1504
6974 # 1504
6974 + 1500
6974 + 68
6975 # 1504
6975 - 1500 1
6976 # 1504
6976 - 68 2
6977 # 1504
6978 # 1504
6979 # 1504
6979 + 1500
6979 + 68
6980 # 1504
6980 - 1500 1
6981 # 1504
6981 - 68 2
6982 # 1504
6983 # 1504
6983 + 1500
6983 + 68
6984 # 1504
6984 - 1500 1
6985 # 1504
6985 - 68 2
6986 # 1504
6986 + 1500
6986 + 68
6987 # 1504
6987 - 1500 1
6988 # 1504
6988 - 68 2
6989 # 1504
6989 + 1500
6989 + 68
6990 # 1504
6990 - 1500 1
6991 # 1504
6991 - 68 2
6992 # 1504
6993 # 1504
6994 # 1504
6994 + 1500
6994 + 68
6995 # 1504
6995 - 1500 1
6996 # 1504
6996 - 68 2
6997 # 1504
6998 # 1504
6999 # 1504
6999 + 1500
6999 + 68
7000 # 1504
7000 - 1500 1
7001 # 1504
7001 - 68 2
7002 # 1504
7003 # 1504
7003 + 1500
7003 + 68
7004 # 1504
7004 - 1500 1
7005 # 1504
7005 - 68 2
7006 # 1504
7007 # 1504
7008 # 1504
7008 + 1500
7008 + 68
7009 # 1504
7009 - 1500 1
7010 # 1504
7010 - 68 2
7011 # 1504
7012 # 1504
7013 # 1504
7013 + 1500
7013 + 68
7014 # 1504
7014 - 1500 1
7015 # 1504
7015 - 68 2
7016 # 1504
7017 # 1504
7018 # 1504
7018 + 1500
7018 + 68
7019 # 1504
7019 - 1500 1
7020 # 1504
7020 - 68 2
7021 # 1504
7022 # 1504
7022 + 1500
7023 # 1504
7023 - 1500 1
7023 + 68
7024 # 1504
7024 - 68 1
7025 # 1504
7025 + 1500
7025 + 68
7026 # 1504
7026 - 1500 1
7027 # 1504
7027 - 68 2
7028 # 1504
7028 + 1500
7028 + 68
7029 # 1504
7029 - 1500 1
7030 # 1504
7030 - 68 2
7031 # 1504
7032 # 1504
7033 # 1504
7033 + 1500
7033 + 68
7034 # 1504
7034 - 1500 1
7035 # 1504
7035 - 68 2
7036 # 1504
7037 # 1504
7038 # 1504
7038 + 1500
7038 + 68
7039 # 1504
7039 - 1500 1
7040 # 1504
7040 - 68 2
7041 # 1504
7042 # 1504
7043 # 1504
7043 + 1500
7043 + 68
7044 # 1504
7044 - 1500 1
7045 # 1504
7045 - 68 2
7046 # 1504
7047 # 1504
7047 + 1500
7047 + 68
7048 # 1504
7048 - 1500 1
7049 # 1504
7049 - 68 2
7050 # 1504
7050 + 1500
7050 + 68
7051 # 1504
7051 - 1500 1
7052 # 1504
7052 - 68 2
7053 # 1504
7053 + 1500
7053 + 68
7054 # 1504
7054 - 1500 1
7055 # 1504
7055 - 68 2
7056 # 1504
7057 # 1504
7058 # 1504
7058 + 1500
7058 + 68
7059 # 1504
7059 - 1500 1
7060 # 1504
7060 - 68 2
7061 # 1504
7062 # 1504
7063 # 1504
7063 + 1500
7063 + 68
7064 # 1504
7064 - 1500 1
7065 # 1504
7065 - 68 2
7066 # 1504
7067 # 1504
7067 + 1500
7067 + 68
7068 # 1504
7068 - 1500 1
7069 # 1504
7069 - 68 2
7070 # 1504
7070 + 1500
7070 + 68
7071 # 1504
7071 - 1500 1
7072 # 1504
7072 - 68 2
7073 # 1504
7073 + 1500
7073 + 68
7074 # 1504
7074 - 1500 1
7075 # 1504
7075 - 68 2
7076 # 1504
7076 + 1500
7076 + 68
7077 # 1504
7077 - 1500 1
7078 # 1504
7078 - 68 2
7079 # 1504
7080 # 1504
7081 # 1504
7081 + 1500
7081 + 68
7082 # 1504
7082 - 1500 1
7083 # 1504
7083 - 68 2
7084 # 1504
7085 # 1504
7086 # 1504
7086 + 1500
7086 + 68
7087 # 1504
7087 - 1500 1
7088 # 1504
7088 - 68 2
7089 # 1504
7090 # 1504
7090 + 1500
7090 + 68
7091 # 1504
7091 - 1500 1
7092 # 1504
7092 - 68 2
7093 # 1504
7093 + 1500
7093 + 68
7094 # 1504
7094 - 1500 1
7095 # 1504
7095 - 68 2
7095 + 1500
7095 + 68
7096 # 1504
7096 - 1500 1
7097 # 1504
7097 - 68 2
7098 # 1504
7098 + 1500
7098 + 68
7099 # 1504
7099 - 1500 1
7100 # 1504
7100 - 68 2
7101 # 1504
7102 # 1504
7102 + 1500
7102 + 68
7103 # 1504
7103 - 1500 1
7104 # 1504
7104 - 68 2
7105 # 1504
7105 + 1500
7106 # 1504
7106 - 1500 1
7106 + 68
7107 # 1504
7107 - 68 1
7108 # 1504
7108 + 1500
7108 + 68
7109 # 1504
7109 - 1500 1
7110 # 1504
7110 - 68 2
7111 # 1504
7111 + 1500
7111 + 68
7112 # 1504
7112 - 1500 1
7113 # 1504
7113 - 68 2
7114 # 1504
7115 # 1504
7116 # 1504
7116 + 1500
7116 + 68
7117 # 1504
7117 - 1500 1
7118 # 1504
7118 - 68 2
7119 # 1504
7120 # 1504
7121 # 1504
7121 + 1500
7121 + 68
7122 # 1504
7122 - 1500 1
7123 # 1504
7123 - 68 2
7124 # 1504
7125 # 1504
7125 + 1500
7125 + 68
7126 # 1504
7126 - 1500 1
7127 # 1504
7127 - 68 2
7128 # 1504
7128 + 1500
7128 + 68
7129 # 1504
7129 - 1500 1
7130 # 1504
7130 - 68 2
7131 # 1504
7131 + 1500
7131 + 68
7132 # 1504
7132 - 1500 1
7133 # 1504
7133 - 68 2
7134 # 1504
7134 + 1500
7134 + 68
7135 # 1504
7135 - 1500 1
7136 # 1504
7136 - 68 2
7137 # 1504
7137 + 1500
7137 + 68
7138 # 1504
7138 - 1500 1
7139 # 1504
7139 - 68 2
7140 # 1504
7141 # 1504
7142 # 1504
7142 + 1500
7142 + 68
7143 # 1504
7143 - 1500 1
7144 # 1504
7144 - 68 2
7145 # 1504
7146 # 1504
7146 + 1500
7146 + 68
7147 # 1504
7147 - 1500 1
7148 # 1504
7148 - 68 2
7149 # 1504
7149 + 1500
7149 + 68
7150 # 1504
7150 - 1500 1
7151 # 1504
7151 - 68 2
7152 # 1504
7152 + 1500
7152 + 68
7153 # 1504
7153 - 1500 1
7154 # 1504
7154 - 68 2
7155 # 1504
7155 + 1500
7155 + 68
7156 # 1504
7156 - 1500 1
7157 # 1504
7157 - 68 2
7158 # 1504
7159 # 1504
7160 # 1504
7160 + 1500
7160 + 68
7161 # 1504
7161 - 1500 1
7162 # 1504
7162 - 68 2
7163 # 1504
7164 # 1504
7164 + 1500
7164 + 68
7165 # 1504
7165 - 1500 1
7166 # 1504
7166 - 68 2
7167 # 1504
7167 + 1500
7167 + 68
7168 # 1504
7168 - 1500 1
7169 # 1504
7169 - 68 2
7170 # 1504
7170 + 1500
7170 + 68
7171 # 1504
7171 - 1500 1
7172 # 1504
7172 - 68 2
7173 # 1504
7173 + 1500
7173 + 68
7174 # 1504
7174 - 1500 1
7175 # 1504
7175 - 68 2
7176 # 1504
7177 # 1504
7178 # 1504
7178 + 1500
7178 + 68
7179 # 1504
7179 - 1500 1
7180 # 1504
7180 - 68 2
7181 # 1504
7182 # 1504
7183 # 1504
7183 + 1500
7183 + 68
7184 # 1504
7184 - 1500 1
7185 # 1504
7185 - 68 2
7186 # 1504
7187 # 1504
7187 + 1500
7187 + 68
7188 # 1504
7188 - 1500 1
7189 # 1504
7189 - 68 2
7190 # 1504
7191 # 1504
7192 # 1504
7192 + 1500
7192 + 68
7193 # 1504
7193 - 1500 1
7194 # 1504
7194 - 68 2
7195 # 1504
7196 # 1504
7197 # 1504
7197 + 1500
7197 + 68
7198 # 1504
7198 - 1500 1
7199 # 1504
7199 - 68 2
7200 # 1504
7201 # 1504
7202 # 1504
7202 + 1500
7202 + 68
7203 # 1504
7203 - 1500 1
7204 # 1504
7204 - 68 2
7205 # 1504
7205 + 1500
7205 + 68
7206 # 1504
7206 - 1500 1
7207 # 1504
7207 - 68 2
7207 + 1500
7207 + 68
7208 # 1504
7208 - 1500 1
7209 # 1504
7209 - 68 2
7210 # 1504
7210 + 1500
7210 + 68
7211 # 1504
7211 - 1500 1
7212 # 1504
7212 - 68 2
7213 # 1504
7213 + 1500
7213 + 68
7214 # 1504
7214 - 1500 1
7215 # 1504
7215 - 68 2
7216 # 1504
7217 # 1504
7218 # 1504
7218 + 1500
7218 + 68
7219 # 1504
7219 - 1500 1
7220 # 1504
7220 - 68 2
7221 # 1504
7222 # 1504
7223 # 1504
7223 + 1500
7223 + 68
7224 # 1504
7224 - 1500 1
7225 # 1504
7225 - 68 2
7226 # 1504
7227 # 1504
7227 + 1500
7227 + 68
7228 # 1504
7228 - 1500 1
7229 # 1504
7229 - 68 2
7230 # 1504
7231 # 1504
7232 # 1504
7232 + 1500
7232 + 68
7233 # 1504
7233 - 1500 1
7234 # 1504
7234 - 68 2
7235 # 1504
7236 # 1504
7237 # 1504
7237 + 1500
7237 + 68
7238 # 1504
7238 - 1500 1
7239 # 1504
7239 - 68 2
7240 # 1504
7241 # 1504
7242 # 1504
7242 + 1500
7242 + 68
7243 # 1504
7243 - 1500 1
7244 # 1504
7244 - 68 2
7245 # 1504
7246 # 1504
7247 # 1504
7247 + 1500
7247 + 68
7248 # 1504
7248 - 1500 1
7249 # 1504
7249 - 68 2
7250 # 1504
7251 # 1504
7251 + 1500
7251 + 68
7252 # 1504
7252 - 1500 1
7253 # 1504
7253 - 68 2
7254 # 1504
7254 + 1500
7254 + 68
7255 # 1504
7255 - 1500 1
7256 # 1504
7256 - 68 2
7257 # 1504
7257 + 1500
7257 + 68
7258 # 1504
7258 - 1500 1
7259 # 1504
7259 - 68 2
7259 + 1500
7259 + 68
7260 # 1504
7260 - 1500 1
7261 # 1504
7261 - 68 2
7262 # 1504
7262 + 1500
7262 + 68
7263 # 1504
7263 - 1500 1
7264 # 1504
7264 - 68 2
7264 + 1500
7264 + 68
7265 # 1504
7265 - 1500 1
7266 # 1504
7266 - 68 2
7267 # 1504
7267 + 1500
7267 + 68
7268 # 1504
7268 - 1500 1
7269 # 1504
7269 - 68 2
7270 # 1504
7270 + 1500
7270 + 68
7271 # 1504
7271 - 1500 1
7272 # 1504
7272 - 68 2
7273 # 1504
7274 # 1504
7275 # 1504
7275 + 1500
7275 + 68
7276 # 1504
7276 - 1500 1
7277 # 1504
7277 - 68 2
7278 # 1504
7279 # 1504
7280 # 1504
7280 + 1500
7280 + 68
7281 # 1504
7281 - 1500 1
7282 # 1504
7282 - 68 2
7283 # 1504
7284 # 1504
7285 # 1504
7285 + 1500
7285 + 68
7286 # 1504
7286 - 1500 1
7287 # 1504
7287 - 68 2
7288 # 1504
7289 # 1504
7289 + 1500
7289 + 68
7290 # 1504
7290 - 1500 1
7291 # 1504
7291 - 68 2
7292 # 1504
7292 + 1500
7292 + 68
7293 # 1504
7293 - 1500 1
7294 # 1504
7294 - 68 2
7295 # 1504
7295 + 1500
7295 + 68
7296 # 1504
7296 - 1500 1
7297 # 1504
7297 - 68 2
7298 # 1504
7299 # 1504
7300 # 1504
7300 + 1500
7300 + 68
7301 # 1504
7301 - 1500 1
7302 # 1504
7302 - 68 2
7303 # 1504
7304 # 1504
7305 # 1504
7305 + 1500
7305 + 68
7306 # 1504
7306 - 1500 1
7307 # 1504
7307 - 68 2
7308 # 1504
7309 # 1504
7309 + 1500
7309 + 68
7310 # 1504
7310 - 1500 1
7311 # 1504
7311 - 68 2
7312 # 1504
7312 + 1500
7312 + 68
7313 # 1504
7313 - 1500 1
7314 # 1504
7314 - 68 2
7315 # 1504
7315 + 1500
7315 + 68
7316 # 1504
7316 - 1500 1
7317 # 1504
7317 - 68 2
7318 # 1504
7318 + 1500
7318 + 68
7319 # 1504
7319 - 1500 1
7320 # 1504
7320 - 68 2
7321 # 1504
7322 # 1504
7323 # 1504
7323 + 1500
7323 + 68
7324 # 1504
7324 - 1500 1
7325 # 1504
7325 - 68 2
7326 # 1504
7327 # 1504
7327 + 1500
7327 + 68
7328 # 1504
7328 - 1500 1
7329 # 1504
7329 - 68 2
7330 # 1504
7330 + 1500
7330 + 68
7331 # 1504
7331 - 1500 1
7332 # 1504
7332 - 68 2
7333 # 1504
7333 + 1500
7333 + 68
7334 # 1504
7334 - 1500 1
7335 # 1504
7335 - 68 2
7336 # 1504
7336 + 1500
7336 + 68
7337 # 1504
7337 - 1500 1
7338 # 1504
7338 - 68 2
7339 # 1504
7340 # 1504
7341 # 1504
7341 + 1500
7341 + 68
7342 # 1504
7342 - 1500 1
7343 # 1504
7343 - 68 2
7344 # 1504
7345 # 1504
7346 # 1504
7346 + 1500
7346 + 68
7347 # 1504
7347 - 1500 1
7348 # 1504
7348 - 68 2
7349 # 1504
7350 # 1504
7351 # 1504
7351 + 1500
7351 + 68
7352 # 1504
7352 - 1500 1
7353 # 1504
7353 - 68 2
7354 # 1504
7355 # 1504
7355 + 1500
7355 + 68
7356 # 1504
7356 - 1500 1
7357 # 1504
7357 - 68 2
7358 # 1504
7359 # 1504
7360 # 1504
7360 + 1500
7360 + 68
7361 # 1504
7361 - 1500 1
7362 # 1504
7362 - 68 2
7363 # 1504
7364 # 1504
7365 # 1504
7365 + 1500
7365 + 68
7366 # 1504
7366 - 1500 1
7367 # 1504
7367 - 68 2
7368 # 1504
7369 # 1504
7369 + 1500
7369 + 68
7370 # 1504
7370 - 1500 1
7371 # 1504
7371 - 68 2
7372 # 1504
7372 + 1500
7372 + 68
7373 # 1504
7373 - 1500 1
7374 # 1504
7374 - 68 2
7374 + 1500
7374 + 68
7375 # 1504
7375 - 1500 1
7376 # 1504
7376 - 68 2
7377 # 1504
7377 + 1500
7377 + 68
7378 # 1504
7378 - 1500 1
7379 # 1504
7379 - 68 2
7380 # 1504
7381 # 1504
7382 # 1504
7382 + 1500
7382 + 68
7383 # 1504
7383 - 1500 1
7384 # 1504
7384 - 68 2
7385 # 1504
7386 # 1504
7386 + 1500
7386 + 68
7387 # 1504
7387 - 1500 1
7388 # 1504
7388 - 68 2
7389 # 1504
7390 # 1504
7391 # 1504
7391 + 1500
7391 + 68
7392 # 1504
7392 - 1500 1
7393 # 1504
7393 - 68 2
7394 # 1504
7395 # 1504
7396 # 1504
7396 + 1500
7396 + 68
7397 # 1504
7397 - 1500 1
7398 # 1504
7398 - 68 2
7399 # 1504
7400 # 1504
7401 # 1504
7401 + 1500
7401 + 68
7402 # 1504
7402 - 1500 1
7403 # 1504
7403 - 68 2
7404 # 1504
7405 # 1504
7406 # 1504
7406 + 1500
7406 + 68
7407 # 1504
7407 - 1500 1
7408 # 1504
7408 - 68 2
7409 # 1504
7409 + 1500
7409 + 68
7410 # 1504
7410 - 1500 1
7411 # 1504
7411 - 68 2
7411 + 1500
7411 + 68
7412 # 1504
7412 - 1500 1
7413 # 1504
7413 - 68 2
7414 # 1504
7414 + 1500
7414 + 68
7415 # 1504
7415 - 1500 1
7416 # 1504
7416 - 68 2
7417 # 1504
7418 # 1504
7419 # 1504
7419 + 1500
7419 + 68
7420 # 1504
7420 - 1500 1
7421 # 1504
7421 - 68 2
7422 # 1504
7422 + 1500
7422 + 68
7423 # 1504
7423 - 1500 1
7424 # 1504
7424 - 68 2
7425 # 1504
7425 + 1500
7425 + 68
7426 # 1504
7426 - 1500 1
7427 # 1504
7427 - 68 2
7427 + 1500
7427 + 68
7428 # 1504
7428 - 1500 1
7429 # 1504
7429 - 68 2
7430 # 1504
7430 + 1500
7430 + 68
7431 # 1504
7431 - 1500 1
7432 # 1504
7432 - 68 2
7433 # 1504
7433 + 1500
7433 + 68
7434 # 1504
7434 - 1500 1
7435 # 1504
7435 - 68 2
7436 # 1504
7437 # 1504
7438 # 1504
7438 + 1500
7438 + 68
7439 # 1504
7439 - 1500 1
7440 # 1504
7440 - 68 2
7441 # 1504
7442 # 1504
7443 # 1504
7443 + 1500
7443 + 68
7444 # 1504
7444 - 1500 1
7445 # 1504
7445 - 68 2
7446 # 1504
7446 + 1500
7446 + 68
7447 # 1504
7447 - 1500 1
7448 # 1504
7448 - 68 2
7448 + 1500
7448 + 68
7449 # 1504
7449 - 1500 1
7450 # 1504
7450 - 68 2
7451 # 1504
7451 + 1500
7451 + 68
7452 # 1504
7452 - 1500 1
7453 # 1504
7453 - 68 2
7454 # 1504
7454 + 1500
7454 + 68
7455 # 1504
7455 - 1500 1
7456 # 1504
7456 - 68 2
7457 # 1504
7457 + 1500
7457 + 68
7458 # 1504
7458 - 1500 1
7459 # 1504
7459 - 68 2
7460 # 1504
7460 + 1500
7460 + 68
7461 # 1504
7461 - 1500 1
7462 # 1504
7462 - 68 2
7462 + 1500
7462 + 68
7463 # 1504
7463 - 1500 1
7464 # 1504
7464 - 68 2
7465 # 1504
7465 + 1500
7465 + 68
7466 # 1504
7466 - 1500 1
7467 # 1504
7467 - 68 2
7467 + 1500
7467 + 68
7468 # 1504
7468 - 1500 1
7469 # 1504
7469 - 68 2
7470 # 1504
7470 + 1500
7470 + 68
7471 # 1504
7471 - 1500 1
7472 # 1504
7472 - 68 2
7473 # 1504
7473 + 1500
7473 + 68
7474 # 1504
7474 - 1500 1
7475 # 1504
7475 - 68 2
7476 # 1504
7476 + 1500
7476 + 68
7477 # 1504
7477 - 1500 1
7478 # 1504
7478 - 68 2
7478 + 1500
7478 + 68
7479 # 1504
7479 - 1500 1
7480 # 1504
7480 - 68 2
7481 # 1504
7481 + 1500
7481 + 68
7482 # 1504
7482 - 1500 1
7483 # 1504
7483 - 68 2
7484 # 1504
7485 # 1504
7486 # 1504
7486 + 1500
7486 + 68
7487 # 1504
7487 - 1500 1
7488 # 1504
7488 - 68 2
7489 # 1504
7490 # 1504
7491 # 1504
7491 + 1500
7491 + 68
7492 # 1504
7492 - 1500 1
7493 # 1504
7493 - 68 2
7494 # 1504
7495 # 1504
7495 + 1500
7496 # 1504
7496 - 1500 1
7496 + 68
7497 # 1504
7497 - 68 1
7498 # 1504
7498 + 1500
7498 + 68
7499 # 1504
7499 - 1500 1
7500 # 1504
7500 - 68 2
7500 + 1500
7500 + 68
7501 # 1504
7501 - 1500 1
7502 # 1504
7502 - 68 2
7503 # 1504
7503 + 1500
7503 + 68
7504 # 1504
7504 - 1500 1
7505 # 1504
7505 - 68 2
7506 # 1504
7507 # 1504
7508 # 1504
7508 + 1500
7508 + 68
7509 # 1504
7509 - 1500 1
7510 # 1504
7510 - 68 2
7511 # 1504
7512 # 1504
7513 # 1504
7513 + 1500
7513 + 68
7514 # 1504
7514 - 1500 1
7515 # 1504
7515 - 68 2
7516 # 1504
7517 # 1504
7517 + 1500
7517 + 68
7518 # 1504
7518 - 1500 1
7519 # 1504
7519 - 68 2
7520 # 1504
7520 + 1500
7520 + 68
7521 # 1504
7521 - 1500 1
7522 # 1504
7522 - 68 2
7522 + 1500
7522 + 68
7523 # 1504
7523 - 1500 1
7524 # 1504
7524 - 68 2
7525 # 1504
7525 + 1500
7525 + 68
7526 # 1504
7526 - 1500 1
7527 # 1504
7527 - 68 2
7528 # 1504
7528 + 1500
7528 + 68
7529 # 1504
7529 - 1500 1
7530 # 1504
7530 - 68 2
7531 # 1504
7531 + 1500
7531 + 68
7532 # 1504
7532 - 1500 1
7533 # 1504
7533 - 68 2
7534 # 1504
7535 # 1504
7535 + 1500
7535 + 68
7536 # 1504
7536 - 1500 1
7537 # 1504
7537 - 68 2
7538 # 1504
7539 # 1504
7540 # 1504
7540 + 1500
7540 + 68
7541 # 1504
7541 - 1500 1
7542 # 1504
7542 - 68 2
7543 # 1504
7544 # 1504
7545 # 1504
7546 # 1504
7546 + 1500
7546 + 68
7547 # 1504
7547 - 1500 1
7548 # 1504
7548 - 68 2
7549 # 1504
7550 # 1504
7550 + 1500
7550 + 68
7551 # 1504
7551 - 1500 1
7552 # 1504
7552 - 68 2
7553 # 1504
7554 # 1504
7555 # 1504
7555 + 1500
7555 + 68
7556 # 1504
7556 - 1500 1
7557 # 1504
7557 - 68 2
7558 # 1504
7559 # 1504
7560 # 1504
7560 + 1500
7560 + 68
7561 # 1504
7561 - 1500 1
7562 # 1504
7562 - 68 2
7563 # 1504
7564 # 1504
7565 # 1504
7566 # 1504
7566 + 1500
7566 + 68
7567 # 1504
7567 - 1500 1
7568 # 1504
7568 - 68 2
7569 # 1504
7570 # 1504
7570 + 1500
7570 + 68
7571 # 1504
7571 - 1500 1
7572 # 1504
7572 - 68 2
7573 # 1504
7573 + 1500
7573 + 68
7574 # 1504
7574 - 1500 1
7575 # 1504
7575 - 68 2
7576 # 1504
7577 # 1504
7578 # 1504
7578 + 1500
7578 + 68
7579 # 1504
7579 - 1500 1
7580 # 1504
7580 - 68 2
7581 # 1504
7582 # 1504
7583 # 1504
7584 # 1504
7584 + 1500
7584 + 68
7585 # 1504
7585 - 1500 1
7586 # 1504
7586 - 68 2
7587 # 1504
7588 # 1504
7589 # 1504
7589 + 1500
7589 + 68
7590 # 1504
7590 - 1500 1
7591 # 1504
7591 - 68 2
7592 # 1504
7593 # 1504
7593 + 1500
7593 + 68
7594 # 1504
7594 - 1500 1
7595 # 1504
7595 - 68 2
7596 # 1504
7597 # 1504
7597 + 1500
7597 + 68
7598 # 1504
7598 - 1500 1
7599 # 1504
7599 - 68 2
7600 # 1504
7601 # 1504
7602 # 1504
7602 + 1500
7602 + 68
7603 # 1504
7603 - 1500 1
7604 # 1504
7604 - 68 2
7605 # 1504
7606 # 1504
7607 # 1504
7607 + 1500
7607 + 68
7608 # 1504
7608 - 1500 1
7609 # 1504
7609 - 68 2
7610 # 1504
7611 # 1504
7612 # 1504
7613 # 1504
7613 + 1500
7613 + 68
7614 # 1504
7614 - 1500 1
7615 # 1504
7615 - 68 2
7616 # 1504
7617 # 1504
7617 + 1500
7617 + 68
7618 # 1504
7618 - 1500 1
7619 # 1504
7619 - 68 2
7620 # 1504
7621 # 1504
7622 # 1504
7623 # 1504
7624 # 1504
7624 + 1500
7624 + 68
7625 # 1504
7625 - 1500 1
7626 # 1504
7626 - 68 2
7627 # 1504
7627 + 1500
7627 + 68
7628 # 1504
7628 - 1500 1
7629 # 1504
7629 - 68 2
7630 # 1504
7631 # 1504
7631 + 1500
7631 + 68
7632 # 1504
7632 - 1500 1
7633 # 1504
7633 - 68 2
7634 # 1504
7635 # 1504
7636 # 1504
7637 # 1504
7637 + 1500
7637 + 68
7638 # 1504
7638 - 1500 1
7639 # 1504
7639 - 68 2
7640 # 1504
7641 # 1504
7641 + 1500
7641 + 68
7642 # 1504
7642 - 1500 1
7643 # 1504
7643 - 68 2
7644 # 1504
7645 # 1504
7645 + 1500
7645 + 68
7646 # 1504
7646 - 1500 1
7646 + 1500
7646 + 68
7647 # 1504
7647 - 68 2
7648 # 1504
7648 - 1500 2
7648 - 68 2
7649 # 1504
7649 + 1500
7649 + 68
7650 # 1504
7650 - 1500 1
7651 # 1504
7651 - 68 2
7652 # 1504
7652 + 1500
7652 + 68
7653 # 1504
7653 - 1500 1
7654 # 1504
7654 - 68 2
7655 # 1504
7656 # 1504
7657 # 1504
7657 + 1500
7657 + 68
7658 # 1504
7658 - 1500 1
7659 # 1504
7659 - 68 2
7660 # 1504
7661 # 1504
7662 # 1504
7662 + 1500
7662 + 68
7663 # 1504
7663 - 1500 1
7664 # 1504
7664 - 68 2
7665 # 1504
7666 # 1504
7666 + 1500
7666 + 68
7667 # 1504
7667 - 1500 1
7668 # 1504
7668 - 68 2
7669 # 1504
7670 # 1504
7671 # 1504
7671 + 1500
7671 + 68
7672 # 1504
7672 - 1500 1
7673 # 1504
7673 - 68 2
7674 # 1504
7675 # 1504
7675 + 1500
7675 + 68
7676 # 1504
7676 - 1500 1
7677 # 1504
7677 - 68 2
7677 + 1500
7677 + 68
7678 # 1504
7678 - 1500 1
7679 # 1504
7679 - 68 2
7680 # 1504
7681 # 1504
7682 # 1504
7682 + 1500
7682 + 68
7683 # 1504
7683 - 1500 1
7684 # 1504
7684 - 68 2
7685 # 1504
7686 # 1504
7686 + 1500
7686 + 68
7687 # 1504
7687 - 1500 1
7688 # 1504
7688 - 68 2
7689 # 1504
7690 # 1504
7691 # 1504
7691 + 1500
7691 + 68
7692 # 1504
7692 - 1500 1
7693 # 1504
7693 - 68 2
7694 # 1504
7695 # 1504
7696 # 1504
7697 # 1504
7697 + 1500
7697 + 68
7698 # 1504
7698 - 1500 1
7699 # 1504
7699 - 68 2
7700 # 1504
7701 # 1504
7701 + 1500
7701 + 68
7702 # 1504
7702 - 1500 1
7703 # 1504
7703 - 68 2
7704 # 1504
7705 # 1504
7706 # 1504
7706 + 1500
7706 + 68
7707 # 1504
7707 - 1500 1
7708 # 1504
7708 - 68 2
7709 # 1504
7710 # 1504
7710 + 1500
7710 + 68
7711 # 1504
7711 - 1500 1
7712 # 1504
7712 - 68 2
7713 # 1504
7714 # 1504
7715 # 1504
7715 + 1500
7715 + 68
7716 # 1504
7716 - 1500 1
7717 # 1504
7717 - 68 2
7718 # 1504
7719 # 1504
7720 # 1504
7720 + 1500
7720 + 68
7721 # 1504
7721 - 1500 1
7722 # 1504
7722 - 68 2
7723 # 1504
7723 + 1500
7723 + 68
7724 # 1504
7724 - 1500 1
7725 # 1504
7725 - 68 2
7726 # 1504
7726 + 1500
7726 + 68
7727 # 1504
7727 - 1500 1
7728 # 1504
7728 - 68 2
7728 + 1500
7728 + 68
7729 # 1504
7729 - 1500 1
7730 # 1504
7730 - 68 2
7731 # 1504
7732 # 1504
7733 # 1504
7733 + 1500
7733 + 68
7734 # 1504
7734 - 1500 1
7735 # 1504
7735 - 68 2
7736 # 1504
7737 # 1504
7738 # 1504
7739 # 1504
7740 # 1504
7740 + 1500
7740 + 68
7741 # 1504
7741 - 1500 1
7742 # 1504
7742 - 68 2
7743 # 1504
7743 + 1500
7743 + 68
7744 # 1504
7744 - 1500 1
7745 # 1504
7745 - 68 2
7746 # 1504
7747 # 1504
7748 # 1504
7749 # 1504
7750 # 1504
7751 # 1504
7752 # 1504
7753 # 1504
7754 # 1504
7755 # 1504
7756 # 1504
7757 # 1504
7758 # 1504
7759 # 1504
7760 # 1504
7761 # 1504
7762 # 1504
7763 # 1504
7764 # 1504
7765 # 1504
7766 # 1504
7767 # 1504
7768 # 1504
7769 # 1504
7770 # 1504
7771 # 1504
7772 # 1504
7773 # 1504
7774 # 1504
7775 # 1504
7776 # 1504
7777 # 1504
7778 # 1504
7779 # 1504
7780 # 1504
7781 # 1504
7782 # 1504
7783 # 1504
7784 # 1504
7785 # 1504
7786 # 1504
7787 # 1504
7788 # 1504
7789 # 1504
7790 # 1504
7791 # 1504
7792 # 1504
7793 # 1504
7794 # 1504
7795 # 1504
7796 # 1504
7797 # 1504
7798 # 1504
7799 # 1504
7800 # 1504
7801 # 1504
7802 # 1504
7803 # 1504
7804 # 1504
7805 # 1504
7806 # 1504
7807 # 1504
7808 # 1504
7809 # 1504
7810 # 1504
7811 # 1504
7812 # 1504
7813 # 1504
7814 # 1504
7815 # 1504
7816 # 1504
7817 # 1504
7818 # 1504
7819 # 1504
7820 # 1504
7821 # 1504
7822 # 1504
7823 # 1504
7824 # 1504
7825 # 1504
7826 # 1504
7827 # 1504
7828 # 1504
7829 # 1504
7830 # 1504
7831 # 1504
7832 # 1504
7833 # 1504
7834 # 1504
7835 # 1504
7836 # 1504
7837 # 1504
7838 # 1504
7839 # 1504
7840 # 1504
7841 # 1504
7842 # 1504
7843 # 1504
7844 # 1504
7845 # 1504
7846 # 1504
7847 # 1504
7848 # 1504
7849 # 1504
7850 # 1504
7851 # 1504
7852 # 1504
7853 # 1504
7854 # 1504
7855 # 1504
7855 + 1500
7855 + 68
7855 + 1500
7855 + 68
7855 + 1500
7855 + 68
7855 + 1500
7855 + 68
7855 + 1500
7855 + 68
7855 + 1500
7855 + 68
7855 + 1500
7855 + 68
7855 + 1500
7855 + 68
7855 + 1500
7855 + 68
7855 + 1500
7855 + 68
7855 + 1500
7855 + 68
7855 + 1500
7855 + 68
7855 + 1500
7855 + 68
7855 + 1500
7855 + 68
7855 + 1500
7855 + 68
7855 + 1500
7855 + 68
7855 + 1500
7855 + 68
7855 + 1500
7855 + 68
7855 + 1500
7855 + 68
7855 + 1500
7855 + 68
7855 + 1500
7855 + 68
7855 + 1500
7855 + 68
7855 + 1500
7855 + 68
7856 # 1504
7856 - 1500 1
7857 # 1504
7857 - 68 2
7858 # 1504
7858 - 1500 3
7858 - 68 3
7859 # 1504
7859 - 1500 4
7859 - 68 4
7860 # 1504
7860 - 1500 5
7860 - 68 5
7861 # 1504
7861 - 1500 6
7861 - 68 6
7862 # 1504
7862 - 1500 7
7862 - 68 7
7863 # 1504
7863 - 1500 8
7863 - 68 8
7864 # 1504
7864 - 1500 9
7864 - 68 9
7865 # 1504
7865 - 1500 10
7865 - 68 10
7866 # 1504
7866 - 1500 11
7866 - 68 11
7867 # 1504
7867 - 1500 12
7867 - 68 12
7868 # 1504
7868 - 1500 13
7868 - 68 13
7869 # 1504
7869 - 1500 14
7869 - 68 14
7870 # 1504
7870 - 1500 15
7870 - 68 15
7871 # 1504
7871 - 1500 16
7871 - 68 16
7872 # 1504
7872 - 1500 17
7872 - 68 17
7873 # 1504
7873 - 1500 18
7873 - 68 18
7874 # 1504
7874 - 1500 19
7874 - 68 19
7875 # 1504
7875 - 1500 20
7875 - 68 20
7876 # 1504
7876 - 1500 21
7876 - 68 21
7877 # 1504
7877 - 1500 22
7877 - 68 22
7878 # 1504
7878 - 1500 23
7878 - 68 23
7879 # 1504
7879 - 1500 24
7879 - 68 24
7880 # 1504
7881 # 1504
7882 # 1504
7883 # 1504
7884 # 1504
7885 # 1504
7886 # 1504
7887 # 1504
7888 # 1504
7889 # 1504
7890 # 1504
7891 # 1504
7892 # 1504
7893 # 1504
7894 # 1504
7895 # 1504
7896 # 1504
7897 # 1504
7898 # 1504
7899 # 1504
7900 # 1504
7901 # 1504
7902 # 1504
7903 # 1504
7904 # 1504
7905 # 1504
7906 # 1504
7907 # 1504
7908 # 1504
7909 # 1504
7910 # 1504
7911 # 1504
7912 # 1504
7913 # 1504
7914 # 1504
7915 # 1504
7916 # 1504
7917 # 1504
7918 # 1504
7919 # 1504
7920 # 1504
7921 # 1504
7922 # 1504
7923 # 1504
7923 + 1500
7923 + 68
7923 + 1500
7923 + 68
7923 + 1500
7923 + 68
7923 + 1500
7923 + 68
7923 + 1500
7923 + 68
7923 + 1500
7923 + 68
7923 + 1500
7923 + 68
7923 + 1500
7923 + 68
7923 + 1500
7923 + 68
7923 + 1500
7923 + 68
7923 + 1500
7923 + 68
7924 # 1504
7924 - 1500 1
7924 + 1500
7924 + 68
7925 # 1504
7925 - 68 2
7926 # 1504
7926 - 1500 3
7926 - 68 3
7927 # 1504
7927 - 1500 4
7927 - 68 4
7927 + 1500
7927 + 68
7928 # 1504
7928 - 1500 5
7928 - 68 5
7928 + 1500
7928 + 68
7929 # 1504
7929 - 1500 6
7929 - 68 6
7930 # 1504
7930 - 1500 7
7930 - 68 7
7931 # 1504
7931 - 1500 8
7931 - 68 8
7932 # 1504
7932 - 1500 9
7932 - 68 9
7932 + 1500
7932 + 68
7933 # 1504
7933 - 1500 10
7933 - 68 10
7934 # 1504
7934 - 1500 11
7934 - 68 11
7935 # 1504
7935 - 1500 12
7935 - 68 12
7936 # 1504
7936 - 1500 12
7936 - 68 12
7936 + 1500
7936 + 68
7937 # 1504
7937 - 1500 10
7937 - 68 10
7938 # 1504
7938 - 1500 10
7938 - 68 10
7939 # 1504
7939 - 1500 7
7939 - 68 7
7940 # 1504
7940 - 1500 4
7940 - 68 4
7940 + 1500
7940 + 68
7941 # 1504
7941 - 1500 1
7942 # 1504
7942 - 68 2
7943 # 1504
7943 + 1500
7943 + 68
7944 # 1504
7944 - 1500 1
7944 + 1500
7944 + 68
7945 # 1504
7945 - 68 2
7946 # 1504
7946 - 1500 2
7946 - 68 2
7947 # 1504
7947 + 1500
7947 + 68
7948 # 1504
7948 - 1500 1
7949 # 1504
7949 - 68 2
7950 # 1504
7950 + 1500
7950 + 68
7951 # 1504
7951 - 1500 1
7952 # 1504
7952 - 68 2
7953 # 1504
7953 + 1500
7953 + 68
7954 # 1504
7954 - 1500 1
7955 # 1504
7955 - 68 2
7956 # 1504
7957 # 1504
7957 + 1500
7957 + 68
7958 # 1504
7958 - 1500 1
7959 # 1504
7959 - 68 2
7960 # 1504
7961 # 1504
7961 + 1500
7961 + 68
7962 # 1504
7962 - 1500 1
7963 # 1504
7963 - 68 2
7964 # 1504
7965 # 1504
7965 + 1500
7965 + 68
7966 # 1504
7966 - 1500 1
7967 # 1504
7967 - 68 2
7968 # 1504
7969 # 1504
7969 + 1500
7969 + 68
7970 # 1504
7970 - 1500 1
7971 # 1504
7971 - 68 2
7972 # 1504
7973 # 1504
7974 # 1504
7974 + 1500
7974 + 68
7975 # 1504
7975 - 1500 1
7976 # 1504
7976 - 68 2
7977 # 1504
7978 # 1504
7979 # 1504
7979 + 1500
7979 + 68
7980 # 1504
7980 - 1500 1
7981 # 1504
7981 - 68 2
7982 # 1504
7983 # 1504
7983 + 1500
7983 + 68
7984 # 1504
7984 - 1500 1
7985 # 1504
7985 - 68 2
7986 # 1504
7986 + 1500
7986 + 68
7987 # 1504
7987 - 1500 1
7988 # 1504
7988 - 68 2
7989 # 1504
7989 + 1500
7989 + 68
7990 # 1504
7990 - 1500 1
7991 # 1504
7991 - 68 2
7992 # 1504
7992 + 1500
7992 + 68
7993 # 1504
7993 - 1500 1
7994 # 1504
7994 - 68 2
7995 # 1504
7996 # 1504
7997 # 1504
7997 + 1500
7997 + 68
7998 # 1504
7998 - 1500 1
7999 # 1504
7999 - 68 2
8000 # 1504
8001 # 1504
8002 # 1504
8002 + 1500
8002 + 68
8003 # 1504
8003 - 1500 1
8004 # 1504
8004 - 68 2
8005 # 1504
8006 # 1504
8006 + 1500
8006 + 68
8007 # 1504
8007 - 1500 1
8008 # 1504
8008 - 68 2
8009 # 1504
8009 + 1500
8009 + 68
8010 # 1504
8010 - 1500 1
8011 # 1504
8011 - 68 2
8012 # 1504
8012 + 1500
8012 + 68
8013 # 1504
8013 - 1500 1
8014 # 1504
8014 - 68 2
8015 # 1504
8016 # 1504
8017 # 1504
8017 + 1500
8017 + 68
8018 # 1504
8018 - 1500 1
8019 # 1504
8019 - 68 2
8020 # 1504
8021 # 1504
8021 + 1500
8021 + 68
8022 # 1504
8022 - 1500 1
8023 # 1504
8023 - 68 2
8024 # 1504
8025 # 1504
8026 # 1504
8026 + 1500
8026 + 68
8027 # 1504
8027 - 1500 1
8028 # 1504
8028 - 68 2
8029 # 1504
8030 # 1504
8031 # 1504
8032 # 1504
8032 + 1500
8032 + 68
8033 # 1504
8033 - 1500 1
8034 # 1504
8034 - 68 2
8035 # 1504
8036 # 1504
8036 + 1500
8036 + 68
8037 # 1504
8037 - 1500 1
8038 # 1504
8038 - 68 2
8039 # 1504
8040 # 1504
8041 # 1504
8041 + 1500
8041 + 68
8042 # 1504
8042 - 1500 1
8043 # 1504
8043 - 68 2
8044 # 1504
8045 # 1504
8045 + 1500
8045 + 68
8046 # 1504
8046 - 1500 1
8047 # 1504
8047 - 68 2
8048 # 1504
8049 # 1504
8050 # 1504
8050 + 1500
8050 + 68
8051 # 1504
8051 - 1500 1
8052 # 1504
8052 - 68 2
8053 # 1504
8054 # 1504
8055 # 1504
8055 + 1500
8055 + 68
8056 # 1504
8056 - 1500 1
8057 # 1504
8057 - 68 2
8058 # 1504
8059 # 1504
8060 # 1504
8060 + 1500
8060 + 68
8061 # 1504
8061 - 1500 1
8062 # 1504
8062 - 68 2
8063 # 1504
8064 # 1504
8065 # 1504
8065 + 1500
8065 + 68
8066 # 1504
8066 - 1500 1
8067 # 1504
8067 - 68 2
8068 # 1504
8069 # 1504
8069 + 1500
8069 + 68
8070 # 1504
8070 - 1500 1
8071 # 1504
8071 - 68 2
8072 # 1504
8072 + 1500
8072 + 68
8073 # 1504
8073 - 1500 1
8074 # 1504
8074 - 68 2
8075 # 1504
8075 + 1500
8075 + 68
8076 # 1504
8076 - 1500 1
8077 # 1504
8077 - 68 2
8078 # 1504
8079 # 1504
8080 # 1504
8081 # 1504
8081 + 1500
8081 + 68
8082 # 1504
8082 - 1500 1
8083 # 1504
8083 - 68 2
8084 # 1504
8085 # 1504
8085 + 1500
8085 + 68
8086 # 1504
8086 - 1500 1
8087 # 1504
8087 - 68 2
8088 # 1504
8089 # 1504
8089 + 1500
8089 + 68
8090 # 1504
8090 - 1500 1
8091 # 1504
8091 - 68 2
8092 # 1504
8093 # 1504
8094 # 1504
8094 + 1500
8094 + 68
8095 # 1504
8095 - 1500 1
8096 # 1504
8096 - 68 2
8097 # 1504
8098 # 1504
8099 # 1504
8099 + 1500
8099 + 68
8100 # 1504
8100 - 1500 1
8101 # 1504
8101 - 68 2
8102 # 1504
8103 # 1504
8104 # 1504
8104 + 1500
8104 + 68
8105 # 1504
8105 - 1500 1
8106 # 1504
8106 - 68 2
8107 # 1504
8108 # 1504
8109 # 1504
8110 # 1504
8110 + 1500
8110 + 68
8111 # 1504
8111 - 1500 1
8112 # 1504
8112 - 68 2
8113 # 1504
8113 + 1500
8113 + 68
8114 # 1504
8114 - 1500 1
8115 # 1504
8115 - 68 2
8116 # 1504
8116 + 1500
8116 + 68
8117 # 1504
8117 - 1500 1
8118 # 1504
8118 - 68 2
8119 # 1504
8119 + 1500
8119 + 68
8120 # 1504
8120 - 1500 1
8121 # 1504
8121 - 68 2
8122 # 1504
8123 # 1504
8124 # 1504
8124 + 1500
8124 + 68
8125 # 1504
8125 - 1500 1
8126 # 1504
8126 - 68 2
8127 # 1504
8128 # 1504
8129 # 1504
8130 # 1504
8131 # 1504
8131 + 1500
8131 + 68
8132 # 1504
8132 - 1500 1
8133 # 1504
8133 - 68 2
8134 # 1504
8134 + 1500
8134 + 68
8135 # 1504
8135 - 1500 1
8136 # 1504
8136 - 68 2
8137 # 1504
8138 # 1504
8138 + 1500
8138 + 68
8139 # 1504
8139 - 1500 1
8140 # 1504
8140 - 68 2
8141 # 1504
8142 # 1504
8142 + 1500
8142 + 68
8143 # 1504
8143 - 1500 1
8144 # 1504
8144 - 68 2
8144 + 1500
8144 + 68
8145 # 1504
8145 - 1500 1
8146 # 1504
8146 - 68 2
8147 # 1504
8147 + 1500
8147 + 68
8148 # 1504
8148 - 1500 1
8149 # 1504
8149 - 68 2
8150 # 1504
8150 + 1500
8150 + 68
8151 # 1504
8151 - 1500 1
8152 # 1504
8152 - 68 2
8153 # 1504
8154 # 1504
8154 + 1500
8154 + 68
8155 # 1504
8155 - 1500 1
8156 # 1504
8156 - 68 2
8157 # 1504
8157 + 1500
8157 + 68
8158 # 1504
8158 - 1500 1
8159 # 1504
8159 - 68 2
8160 # 1504
8160 + 1500
8160 + 68
8161 # 1504
8161 - 1500 1
8162 # 1504
8162 - 68 2
8163 # 1504
8164 # 1504
8165 # 1504
8165 + 1500
8165 + 68
8166 # 1504
8166 - 1500 1
8167 # 1504
8167 - 68 2
8168 # 1504
8169 # 1504
8170 # 1504
8170 + 1500
8170 + 68
8171 # 1504
8171 - 1500 1
8172 # 1504
8172 - 68 2
8173 # 1504
8174 # 1504
8175 # 1504
8175 + 1500
8175 + 68
8176 # 1504
8176 - 1500 1
8177 # 1504
8177 - 68 2
8178 # 1504
8179 # 1504
8179 + 1500
8179 + 68
8180 # 1504
8180 - 1500 1
8181 # 1504
8181 - 68 2
8182 # 1504
8182 + 1500
8182 + 68
8183 # 1504
8183 - 1500 1
8184 # 1504
8184 - 68 2
8185 # 1504
8185 + 1500
8185 + 68
8186 # 1504
8186 - 1500 1
8187 # 1504
8187 - 68 2
8188 # 1504
8189 # 1504
8190 # 1504
8190 + 1500
8190 + 68
8191 # 1504
8191 - 1500 1
8192 # 1504
8192 - 68 2
8193 # 1504
8194 # 1504
8195 # 1504
8195 + 1500
8195 + 68
8196 # 1504
8196 - 1500 1
8197 # 1504
8197 - 68 2
8198 # 1504
8198 + 1500
8198 + 68
8199 # 1504
8199 - 1500 1
8200 # 1504
8200 - 68 2
8200 + 1500
8200 + 68
8201 # 1504
8201 - 1500 1
8202 # 1504
8202 - 68 2
8203 # 1504
8203 + 1500
8203 + 68
8204 # 1504
8204 - 1500 1
8205 # 1504
8205 - 68 2
8206 # 1504
8206 + 1500
8206 + 68
8207 # 1504
8207 - 1500 1
8208 # 1504
8208 - 68 2
8209 # 1504
8210 # 1504
8211 # 1504
8211 + 1500
8211 + 68
8212 # 1504
8212 - 1500 1
8213 # 1504
8213 - 68 2
8214 # 1504
8215 # 1504
8216 # 1504
8216 + 1500
8216 + 68
8217 # 1504
8217 - 1500 1
8218 # 1504
8218 - 68 2
8219 # 1504
8220 # 1504
8221 # 1504
8221 + 1500
8221 + 68
8222 # 1504
8222 - 1500 1
8223 # 1504
8223 - 68 2
8224 # 1504
8225 # 1504
8225 + 1500
8225 + 68
8226 # 1504
8226 - 1500 1
8227 # 1504
8227 - 68 2
8228 # 1504
8229 # 1504
8230 # 1504
8230 + 1500
8230 + 68
8231 # 1504
8231 - 1500 1
8232 # 1504
8232 - 68 2
8233 # 1504
8234 # 1504
8235 # 1504
8235 + 1500
8235 + 68
8236 # 1504
8236 - 1500 1
8237 # 1504
8237 - 68 2
8238 # 1504
8239 # 1504
8240 # 1504
8240 + 1500
8240 + 68
8241 # 1504
8241 - 1500 1
8242 # 1504
8242 - 68 2
8243 # 1504
8244 # 1504
8244 + 1500
8244 + 68
8245 # 1504
8245 - 1500 1
8246 # 1504
8246 - 68 2
8247 # 1504
8248 # 1504
8249 # 1504
8249 + 1500
8249 + 68
8250 # 1504
8250 - 1500 1
8251 # 1504
8251 - 68 2
8252 # 1504
8253 # 1504
8254 # 1504
8254 + 1500
8254 + 68
8255 # 1504
8255 - 1500 1
8256 # 1504
8256 - 68 2
8257 # 1504
8258 # 1504
8259 # 1504
8259 + 1500
8259 + 68
8260 # 1504
8260 - 1500 1
8261 # 1504
8261 - 68 2
8262 # 1504
8263 # 1504
8263 + 1500
8264 # 1504
8264 - 1500 1
8264 + 68
8265 # 1504
8265 - 68 1
8266 # 1504
8266 + 1500
8266 + 68
8267 # 1504
8267 - 1500 1
8268 # 1504
8268 - 68 2
8269 # 1504
8269 + 1500
8269 + 68
8270 # 1504
8270 - 1500 1
8271 # 1504
8271 - 68 2
8272 # 1504
8273 # 1504
8274 # 1504
8274 + 1500
8274 + 68
8275 # 1504
8275 - 1500 1
8276 # 1504
8276 - 68 2
8277 # 1504
8278 # 1504
8279 # 1504
8279 + 1500
8279 + 68
8280 # 1504
8280 - 1500 1
8281 # 1504
8281 - 68 2
8282 # 1504
8283 # 1504
8284 # 1504
8285 # 1504
8285 + 1500
8285 + 68
8286 # 1504
8286 - 1500 1
8287 # 1504
8287 - 68 2
8288 # 1504
8289 # 1504
8290 # 1504
8290 + 1500
8290 + 68
8291 # 1504
8291 - 1500 1
8292 # 1504
8292 - 68 2
8293 # 1504
8293 + 1500
8293 + 68
8294 # 1504
8294 - 1500 1
8295 # 1504
8295 - 68 2
8296 # 1504
8297 # 1504
8297 + 1500
8297 + 68
8298 # 1504
8298 - 1500 1
8299 # 1504
8299 - 68 2
8300 # 1504
8300 + 1500
8300 + 68
8301 # 1504
8301 - 1500 1
8302 # 1504
8302 - 68 2
8302 + 1500
8302 + 68
8303 # 1504
8303 - 1500 1
8304 # 1504
8304 - 68 2
8305 # 1504
8305 + 1500
8305 + 68
8306 # 1504
8306 - 1500 1
8307 # 1504
8307 - 68 2
8308 # 1504
8309 # 1504
8309 + 1500
8309 + 68
8310 # 1504
8310 - 1500 1
8311 # 1504
8311 - 68 2
8312 # 1504
8312 + 1500
8312 + 68
8313 # 1504
8313 - 1500 1
8314 # 1504
8314 - 68 2
8315 # 1504
8315 + 1500
8315 + 68
8316 # 1504
8316 - 1500 1
8317 # 1504
8317 - 68 2
8318 # 1504
8319 # 1504
8319 + 1500
8319 + 68
8320 # 1504
8320 - 1500 1
8321 # 1504
8321 - 68 2
8322 # 1504
8323 # 1504
8323 + 1500
8323 + 68
8324 # 1504
8324 - 1500 1
8325 # 1504
8325 - 68 2
8326 # 1504
8327 # 1504
8328 # 1504
8329 # 1504
8329 + 1500
8329 + 68
8330 # 1504
8330 - 1500 1
8331 # 1504
8331 - 68 2
8332 # 1504
8333 # 1504
8333 + 1500
8333 + 68
8334 # 1504
8334 - 1500 1
8335 # 1504
8335 - 68 2
8336 # 1504
8337 # 1504
8337 + 1500
8337 + 68
8338 # 1504
8338 - 1500 1
8339 # 1504
8339 - 68 2
8340 # 1504
8341 # 1504
8342 # 1504
8342 + 1500
8342 + 68
8343 # 1504
8343 - 1500 1
8344 # 1504
8344 - 68 2
8345 # 1504
8346 # 1504
8347 # 1504
8347 + 1500
8347 + 68
8348 # 1504
8348 - 1500 1
8349 # 1504
8349 - 68 2
8350 # 1504
8351 # 1504
8352 # 1504
8352 + 1500
8352 + 68
8353 # 1504
8353 - 1500 1
8354 # 1504
8354 - 68 2
8355 # 1504
8356 # 1504
8356 + 1500
8356 + 68
8357 # 1504
8357 - 1500 1
8358 # 1504
8358 - 68 2
8359 # 1504
8360 # 1504
8361 # 1504
8361 + 1500
8361 + 68
8362 # 1504
8362 - 1500 1
8363 # 1504
8363 - 68 2
8364 # 1504
8365 # 1504
8366 # 1504
8366 + 1500
8366 + 68
8367 # 1504
8367 - 1500 1
8368 # 1504
8368 - 68 2
8369 # 1504
8370 # 1504
8371 # 1504
8371 + 1500
8371 + 68
8372 # 1504
8372 - 1500 1
8373 # 1504
8373 - 68 2
8374 # 1504
8375 # 1504
8375 + 1500
8375 + 68
8376 # 1504
8376 - 1500 1
8377 # 1504
8377 - 68 2
8378 # 1504
8379 # 1504
8380 # 1504
8380 + 1500
8380 + 68
8381 # 1504
8381 - 1500 1
8382 # 1504
8382 - 68 2
8383 # 1504
8384 # 1504
8385 # 1504
8385 + 1500
8385 + 68
8386 # 1504
8386 - 1500 1
8387 # 1504
8387 - 68 2
8388 # 1504
8389 # 1504
8390 # 1504
8390 + 1500
8390 + 68
8391 # 1504
8391 - 1500 1
8392 # 1504
8392 - 68 2
8393 # 1504
8394 # 1504
8395 # 1504
8395 + 1500
8395 + 68
8396 # 1504
8396 - 1500 1
8397 # 1504
8397 - 68 2
8398 # 1504
8399 # 1504
8399 + 1500
8399 + 68
8400 # 1504
8400 - 1500 1
8401 # 1504
8401 - 68 2
8402 # 1504
8403 # 1504
8404 # 1504
8404 + 1500
8404 + 68
8405 # 1504
8405 - 1500 1
8406 # 1504
8406 - 68 2
8407 # 1504
8408 # 1504
8409 # 1504
8409 + 1500
8409 + 68
8410 # 1504
8410 - 1500 1
8411 # 1504
8411 - 68 2
8412 # 1504
8413 # 1504
8414 # 1504
8414 + 1500
8414 + 68
8415 # 1504
8415 - 1500 1
8416 # 1504
8416 - 68 2
8417 # 1504
8418 # 1504
8418 + 1500
8418 + 68
8419 # 1504
8419 - 1500 1
8420 # 1504
8420 - 68 2
8421 # 1504
8421 + 1500
8421 + 68
8422 # 1504
8422 - 1500 1
8423 # 1504
8423 - 68 2
8423 + 1500
8423 + 68
8424 # 1504
8424 - 1500 1
8425 # 1504
8425 - 68 2
8426 # 1504
8427 # 1504
8428 # 1504
8428 + 1500
8428 + 68
8429 # 1504
8429 - 1500 1
8430 # 1504
8430 - 68 2
8431 # 1504
8432 # 1504
8432 + 1500
8432 + 68
8433 # 1504
8433 - 1500 1
8434 # 1504
8434 - 68 2
8435 # 1504
8435 + 1500
8435 + 68
8436 # 1504
8436 - 1500 1
8437 # 1504
8437 - 68 2
8437 + 1500
8437 + 68
8438 # 1504
8438 - 1500 1
8439 # 1504
8439 - 68 2
8440 # 1504
8440 + 1500
8440 + 68
8441 # 1504
8441 - 1500 1
8442 # 1504
8442 - 68 2
8443 # 1504
8443 + 1500
8443 + 68
8444 # 1504
8444 - 1500 1
8445 # 1504
8445 - 68 2
8445 + 1500
8445 + 68
8446 # 1504
8446 - 1500 1
8447 # 1504
8447 - 68 2
8448 # 1504
8448 + 1500
8448 + 68
8449 # 1504
8449 - 1500 1
8450 # 1504
8450 - 68 2
8450 + 1500
8450 + 68
8451 # 1504
8451 - 1500 1
8452 # 1504
8452 - 68 2
8453 # 1504
8454 # 1504
8455 # 1504
8455 + 1500
8455 + 68
8456 # 1504
8456 - 1500 1
8457 # 1504
8457 - 68 2
8458 # 1504
8459 # 1504
8460 # 1504
8460 + 1500
8460 + 68
8461 # 1504
8461 - 1500 1
8462 # 1504
8462 - 68 2
8463 # 1504
8464 # 1504
8465 # 1504
8465 + 1500
8465 + 68
8466 # 1504
8466 - 1500 1
8467 # 1504
8467 - 68 2
8468 # 1504
8468 + 1500
8468 + 68
8469 # 1504
8469 - 1500 1
8470 # 1504
8470 - 68 2
8470 + 1500
8470 + 68
8471 # 1504
8471 - 1500 1
8472 # 1504
8472 - 68 2
8472 + 1500
8472 + 68
8473 # 1504
8473 - 1500 1
8474 # 1504
8474 - 68 2
8475 # 1504
8476 # 1504
8477 # 1504
8477 + 1500
8477 + 68
8478 # 1504
8478 - 1500 1
8479 # 1504
8479 - 68 2
8480 # 1504
8481 # 1504
8482 # 1504
8483 # 1504
8483 + 1500
8483 + 68
8484 # 1504
8484 - 1500 1
8485 # 1504
8485 - 68 2
8486 # 1504
8487 # 1504
8487 + 1500
8487 + 68
8488 # 1504
8488 - 1500 1
8489 # 1504
8489 - 68 2
8490 # 1504
8491 # 1504
8492 # 1504
8492 + 1500
8492 + 68
8493 # 1504
8493 - 1500 1
8494 # 1504
8494 - 68 2
8495 # 1504
8496 # 1504
8496 + 1500
8496 + 68
8497 # 1504
8497 - 1500 1
8498 # 1504
8498 - 68 2
8499 # 1504
8500 # 1504
8501 # 1504
8501 + 1500
8501 + 68
8502 # 1504
8502 - 1500 1
8503 # 1504
8503 - 68 2
8504 # 1504
8505 # 1504
8506 # 1504
8506 + 1500
8506 + 68
8507 # 1504
8507 - 1500 1
8508 # 1504
8508 - 68 2
8509 # 1504
8510 # 1504
8511 # 1504
8511 + 1500
8511 + 68
8512 # 1504
8512 - 1500 1
8513 # 1504
8513 - 68 2
8514 # 1504
8515 # 1504
8516 # 1504
8516 + 1500
8516 + 68
8517 # 1504
8517 - 1500 1
8518 # 1504
8518 - 68 2
8519 # 1504
8520 # 1504
8521 # 1504
8521 + 1500
8521 + 68
8522 # 1504
8522 - 1500 1
8523 # 1504
8523 - 68 2
8524 # 1504
8525 # 1504
8525 + 1500
8525 + 68
8526 # 1504
8526 - 1500 1
8527 # 1504
8527 - 68 2
8528 # 1504
8529 # 1504
8530 # 1504
8530 + 1500
8530 + 68
8531 # 1504
8531 - 1500 1
8532 # 1504
8532 - 68 2
8533 # 1504
8534 # 1504
8535 # 1504
8535 + 1500
8535 + 68
8536 # 1504
8536 - 1500 1
8537 # 1504
8537 - 68 2
8538 # 1504
8539 # 1504
8540 # 1504
8540 + 1500
8540 + 68
8541 # 1504
8541 - 1500 1
8542 # 1504
8542 - 68 2
8543 # 1504
8544 # 1504
8544 + 1500
8544 + 68
8545 # 1504
8545 - 1500 1
8546 # 1504
8546 - 68 2
8547 # 1504
8548 # 1504
8549 # 1504
8549 + 1500
8549 + 68
8550 # 1504
8550 - 1500 1
8551 # 1504
8551 - 68 2
8552 # 1504
8553 # 1504
8554 # 1504
8554 + 1500
8554 + 68
8555 # 1504
8555 - 1500 1
8556 # 1504
8556 - 68 2
8557 # 1504
8558 # 1504
8559 # 1504
8559 + 1500
8559 + 68
8560 # 1504
8560 - 1500 1
8561 # 1504
8561 - 68 2
8562 # 1504
8563 # 1504
8563 + 1500
8563 + 68
8564 # 1504
8564 - 1500 1
8565 # 1504
8565 - 68 2
8566 # 1504
8566 + 1500
8566 + 68
8567 # 1504
8567 - 1500 1
8568 # 1504
8568 - 68 2
8568 + 1500
8568 + 68
8569 # 1504
8569 - 1500 1
8570 # 1504
8570 - 68 2
8571 # 1504
8572 # 1504
8573 # 1504
8573 + 1500
8573 + 68
8574 # 1504
8574 - 1500 1
8575 # 1504
8575 - 68 2
8576 # 1504
8577 # 1504
8577 + 1500
8577 + 68
8578 # 1504
8578 - 1500 1
8579 # 1504
8579 - 68 2
8580 # 1504
8580 + 1500
8580 + 68
8581 # 1504
8581 - 1500 1
8582 # 1504
8582 - 68 2
8583 # 1504
8583 + 1500
8583 + 68
8584 # 1504
8584 - 1500 1
8585 # 1504
8585 - 68 2
8586 # 1504
8587 # 1504
8588 # 1504
8588 + 1500
8588 + 68
8589 # 1504
8589 - 1500 1
8590 # 1504
8590 - 68 2
8591 # 1504
8592 # 1504
8593 # 1504
8593 + 1500
8593 + 68
8594 # 1504
8594 - 1500 1
8595 # 1504
8595 - 68 2
8596 # 1504
8597 # 1504
8598 # 1504
8598 + 1500
8598 + 68
8599 # 1504
8599 - 1500 1
8600 # 1504
8600 - 68 2
8601 # 1504
8602 # 1504
8602 + 1500
8602 + 68
8603 # 1504
8603 - 1500 1
8604 # 1504
8604 - 68 2
8605 # 1504
8605 + 1500
8605 + 68
8606 # 1504
8606 - 1500 1
8607 # 1504
8607 - 68 2
8607 + 1500
8607 + 68
8608 # 1504
8608 - 1500 1
8609 # 1504
8609 - 68 2
8610 # 1504
8611 # 1504
8612 # 1504
8613 # 1504
8613 + 1500
8613 + 68
8614 # 1504
8614 - 1500 1
8615 # 1504
8615 - 68 2
8616 # 1504
8617 # 1504
8618 # 1504
8619 # 1504
8620 # 1504
8621 # 1504
8622 # 1504
8623 # 1504
8623 + 1500
8623 + 68
8623 + 1500
8623 + 68
8624 # 1504
8624 - 1500 1
8625 # 1504
8625 - 68 2
8626 # 1504
8626 - 1500 3
8626 - 68 3
8627 # 1504
8628 # 1504
8629 # 1504
8630 # 1504
8630 + 1500
8630 + 68
8631 # 1504
8631 - 1500 1
8631 + 1500
8631 + 68
8632 # 1504
8632 - 68 2
8633 # 1504
8633 - 1500 2
8633 - 68 2
8634 # 1504
8635 # 1504
8636 # 1504
8636 + 1500
8636 + 68
8637 # 1504
8637 - 1500 1
8638 # 1504
8638 - 68 2
8639 # 1504
8640 # 1504
8640 + 1500
8640 + 68
8641 # 1504
8641 - 1500 1
8642 # 1504
8642 - 68 2
8643 # 1504
8644 # 1504
8645 # 1504
8646 # 1504
8646 + 1500
8646 + 68
8647 # 1504
8647 - 1500 1
8648 # 1504
8648 - 68 2
8649 # 1504
8650 # 1504
8651 # 1504
8651 + 1500
8651 + 68
8652 # 1504
8652 - 1500 1
8653 # 1504
8653 - 68 2
8654 # 1504
8655 # 1504
8656 # 1504
8656 + 1500
8656 + 68
8657 # 1504
8657 - 1500 1
8658 # 1504
8658 - 68 2
8659 # 1504
8660 # 1504
8661 # 1504
8662 # 1504
8663 # 1504
8664 # 1504
8664 + 1500
8664 + 68
8664 + 1500
8664 + 68
8665 # 1504
8665 - 1500 1
8666 # 1504
8666 - 68 2
8667 # 1504
8667 - 1500 3
8667 - 68 3
8668 # 1504
8669 # 1504
8670 # 1504
8670 + 1500
8670 + 68
8671 # 1504
8671 - 1500 1
8672 # 1504
8672 - 68 2
8673 # 1504
8674 # 1504
8674 + 1500
8674 + 68
8675 # 1504
8675 - 1500 1
8676 # 1504
8676 - 68 2
8677 # 1504
8678 # 1504
8679 # 1504
8679 + 1500
8679 + 68
8680 # 1504
8680 - 1500 1
8681 # 1504
8681 - 68 2
8682 # 1504
8683 # 1504
8684 # 1504
8685 # 1504
8686 # 1504
8686 + 1500
8686 + 68
8687 # 1504
8687 - 1500 1
8688 # 1504
8688 - 68 2
8688 + 1500
8688 + 68
8689 # 1504
8689 - 1500 1
8690 # 1504
8690 - 68 2
8691 # 1504
8692 # 1504
8693 # 1504
8694 # 1504
8695 # 1504
8696 # 1504
8697 # 1504
8697 + 1500
8697 + 68
8698 # 1504
8698 - 1500 1
8698 + 1500
8698 + 68
8699 # 1504
8699 - 68 2
8700 # 1504
8700 - 1500 2
8700 - 68 2
8701 # 1504
8702 # 1504
8703 # 1504
8703 + 1500
8703 + 68
8704 # 1504
8704 - 1500 1
8705 # 1504
8705 - 68 2
8706 # 1504
8707 # 1504
8708 # 1504
8708 + 1500
8708 + 68
8709 # 1504
8709 - 1500 1
8710 # 1504
8710 - 68 2
8711 # 1504
8712 # 1504
8713 # 1504
8714 # 1504
8715 # 1504
8715 + 1500
8715 + 68
8716 # 1504
8716 - 1500 1
8717 # 1504
8717 - 68 2
8718 # 1504
8718 + 1500
8718 + 68
8719 # 1504
8719 - 1500 1
8720 # 1504
8720 - 68 2
8720 + 1500
8720 + 68
8721 # 1504
8721 - 1500 1
8722 # 1504
8722 - 68 2
8723 # 1504
8724 # 1504
8725 # 1504
8726 # 1504
8727 # 1504
8728 # 1504
8729 # 1504
8729 + 1500
8729 + 68
8729 + 1500
8729 + 68
8729 + 1500
8729 + 68
8730 # 1504
8730 - 1500 1
8731 # 1504
8731 - 68 2
8732 # 1504
8732 - 1500 3
8732 - 68 3
8733 # 1504
8733 - 1500 4
8733 - 68 4
8734 # 1504
8735 # 1504
8736 # 1504
8737 # 1504
8738 # 1504
8739 # 1504
8739 + 1500
8739 + 68
8739 + 1500
8739 + 68
8740 # 1504
8740 - 1500 1
8741 # 1504
8741 - 68 2
8742 # 1504
8742 - 1500 3
8742 - 68 3
8743 # 1504
8743 + 1500
8743 + 68
8744 # 1504
8744 - 1500 1
8745 # 1504
8745 - 68 2
8746 # 1504
8747 # 1504
8748 # 1504
8748 + 1500
8748 + 68
8749 # 1504
8749 - 1500 1
8750 # 1504
8750 - 68 2
8751 # 1504
8752 # 1504
8752 + 1500
8752 + 68
8753 # 1504
8753 - 1500 1
8754 # 1504
8754 - 68 2
8755 # 1504
8756 # 1504
8757 # 1504
8757 + 1500
8757 + 68
8758 # 1504
8758 - 1500 1
8759 # 1504
8759 - 68 2
8760 # 1504
8761 # 1504
8762 # 1504
8763 # 1504
8763 + 1500
8763 + 68
8764 # 1504
8764 - 1500 1
8765 # 1504
8765 - 68 2
8766 # 1504
8767 # 1504
8768 # 1504
8769 # 1504
8770 # 1504
8771 # 1504
8772 # 1504
8772 + 1500
8772 + 68
8772 + 1500
8772 + 68
8773 # 1504
8773 - 1500 1
8774 # 1504
8774 - 68 2
8775 # 1504
8775 - 1500 3
8775 - 68 3
8776 # 1504
8777 # 1504
8778 # 1504
8778 + 1500
8778 + 68
8779 # 1504
8779 - 1500 1
8780 # 1504
8780 - 68 2
8781 # 1504
8781 + 1500
8781 + 68
8782 # 1504
8782 - 1500 1
8783 # 1504
8783 - 68 2
8784 # 1504
8784 + 1500
8784 + 68
8785 # 1504
8785 - 1500 1
8786 # 1504
8786 - 68 2
8787 # 1504
8787 + 1500
8787 + 68
8788 # 1504
8788 - 1500 1
8788 + 1500
8788 + 68
8789 # 1504
8789 - 68 2
8790 # 1504
8790 - 1500 2
8790 - 68 2
8791 # 1504
8791 + 1500
8791 + 68
8792 # 1504
8792 - 1500 1
8793 # 1504
8793 - 68 2
8793 + 1500
8793 + 68
8794 # 1504
8794 - 1500 1
8795 # 1504
8795 - 68 2
8796 # 1504
8796 + 1500
8796 + 68
8797 # 1504
8797 - 1500 1
8798 # 1504
8798 - 68 2
8799 # 1504
8799 + 1500
8799 + 68
8800 # 1504
8800 - 1500 1
8801 # 1504
8801 - 68 2
8801 + 1500
8801 + 68
8802 # 1504
8802 - 1500 1
8803 # 1504
8803 - 68 2
8804 # 1504
8804 + 1500
8804 + 68
8805 # 1504
8805 - 1500 1
8805 + 1500
8805 + 68
8806 # 1504
8806 - 68 2
8807 # 1504
8807 - 1500 2
8807 - 68 2
8807 + 1500
8807 + 68
8808 # 1504
8808 - 1500 1
8809 # 1504
8809 - 68 2
8810 # 1504
8810 + 1500
8810 + 68
8811 # 1504
8811 - 1500 1
8812 # 1504
8812 - 68 2
8813 # 1504
8813 + 1500
8813 + 68
8814 # 1504
8814 - 1500 1
8815 # 1504
8815 - 68 2
8816 # 1504
8816 + 1500
8816 + 68
8817 # 1504
8817 - 1500 1
8818 # 1504
8818 - 68 2
8818 + 1500
8818 + 68
8819 # 1504
8819 - 1500 1
8820 # 1504
8820 - 68 2
8821 # 1504
8821 + 1500
8821 + 68
8822 # 1504
8822 - 1500 1
8823 # 1504
8823 - 68 2
8823 + 1500
8823 + 68
8824 # 1504
8824 - 1500 1
8825 # 1504
8825 - 68 2
8826 # 1504
8826 + 1500
8826 + 68
8827 # 1504
8827 - 1500 1
8828 # 1504
8828 - 68 2
8828 + 1500
8828 + 68
8829 # 1504
8829 - 1500 1
8830 # 1504
8830 - 68 2
8831 # 1504
8832 # 1504
8833 # 1504
8833 + 1500
8833 + 68
8834 # 1504
8834 - 1500 1
8835 # 1504
8835 - 68 2
8836 # 1504
8837 # 1504
8838 # 1504
8838 + 1500
8838 + 68
8839 # 1504
8839 - 1500 1
8840 # 1504
8840 - 68 2
8841 # 1504
8842 # 1504
8842 + 1500
8842 + 68
8843 # 1504
8843 - 1500 1
8844 # 1504
8844 - 68 2
8845 # 1504
8846 # 1504
8846 + 1500
8846 + 68
8847 # 1504
8847 - 1500 1
8848 # 1504
8848 - 68 2
8848 + 1500
8848 + 68
8849 # 1504
8849 - 1500 1
8850 # 1504
8850 - 68 2
8851 # 1504
8851 + 1500
8851 + 68
8852 # 1504
8852 - 1500 1
8853 # 1504
8853 - 68 2
8854 # 1504
8854 + 1500
8854 + 68
8855 # 1504
8855 - 1500 1
8856 # 1504
8856 - 68 2
8857 # 1504
8858 # 1504
8858 + 1500
8858 + 68
8859 # 1504
8859 - 1500 1
8860 # 1504
8860 - 68 2
8861 # 1504
8861 + 1500
8861 + 68
8862 # 1504
8862 - 1500 1
8862 + 1500
8862 + 68
8863 # 1504
8863 - 68 2
8864 # 1504
8864 - 1500 2
8864 - 68 2
8864 + 1500
8864 + 68
8865 # 1504
8865 - 1500 1
8866 # 1504
8866 - 68 2
8867 # 1504
8867 + 1500
8867 + 68
8868 # 1504
8868 - 1500 1
8869 # 1504
8869 - 68 2
8870 # 1504
8871 # 1504
8872 # 1504
8872 + 1500
8872 + 68
8873 # 1504
8873 - 1500 1
8874 # 1504
8874 - 68 2
8875 # 1504
8876 # 1504
8877 # 1504
8878 # 1504
8878 + 1500
8878 + 68
8879 # 1504
8879 - 1500 1
8880 # 1504
8880 - 68 2
8881 # 1504
8881 + 1500
8881 + 68
8882 # 1504
8882 - 1500 1
8882 + 1500
8882 + 68
8883 # 1504
8883 - 68 2
8884 # 1504
8884 - 1500 2
8884 - 68 2
8885 # 1504
8885 + 1500
8885 + 68
8886 # 1504
8886 - 1500 1
8887 # 1504
8887 - 68 2
8888 # 1504
8889 # 1504
8890 # 1504
8890 + 1500
8890 + 68
8891 # 1504
8891 - 1500 1
8892 # 1504
8892 - 68 2
8893 # 1504
8893 + 1500
8893 + 68
8894 # 1504
8894 - 1500 1
8895 # 1504
8895 - 68 2
8896 # 1504
8896 + 1500
8896 + 68
8897 # 1504
8897 - 1500 1
8898 # 1504
8898 - 68 2
8899 # 1504
8900 # 1504
8900 + 1500
8900 + 68
8901 # 1504
8901 - 1500 1
8902 # 1504
8902 - 68 2
8903 # 1504
8904 # 1504
8905 # 1504
8905 + 1500
8905 + 68
8906 # 1504
8906 - 1500 1
8907 # 1504
8907 - 68 2
8908 # 1504
8909 # 1504
8909 + 1500
8909 + 68
8910 # 1504
8910 - 1500 1
8911 # 1504
8911 - 68 2
8911 + 1500
8911 + 68
8912 # 1504
8912 - 1500 1
8913 # 1504
8913 - 68 2
8914 # 1504
8915 # 1504
8916 # 1504
8916 + 1500
8916 + 68
8917 # 1504
8917 - 1500 1
8918 # 1504
8918 - 68 2
8919 # 1504
8920 # 1504
8921 # 1504
8922 # 1504
8923 # 1504
8923 + 1500
8923 + 68
8924 # 1504
8924 - 1500 1
8925 # 1504
8925 - 68 2
8925 + 1500
8925 + 68
8926 # 1504
8926 - 1500 1
8927 # 1504
8927 - 68 2
8928 # 1504
8928 + 1500
8928 + 68
8929 # 1504
8929 - 1500 1
8930 # 1504
8930 - 68 2
8930 + 1500
8930 + 68
8931 # 1504
8931 - 1500 1
8932 # 1504
8932 - 68 2
8932 + 1500
8932 + 68
8933 # 1504
8933 - 1500 1
8934 # 1504
8934 - 68 2
8935 # 1504
8935 + 1500
8935 + 68
8936 # 1504
8936 - 1500 1
8937 # 1504
8937 - 68 2
8938 # 1504
8938 + 1500
8938 + 68
8939 # 1504
8939 - 1500 1
8940 # 1504
8940 - 68 2
8941 # 1504
8942 # 1504
8943 # 1504
8944 # 1504
8944 + 1500
8944 + 68
8945 # 1504
8945 - 1500 1
8946 # 1504
8946 - 68 2
8947 # 1504
8947 + 1500
8947 + 68
8948 # 1504
8948 - 1500 1
8949 # 1504
8949 - 68 2
8950 # 1504
8951 # 1504
8951 + 1500
8951 + 68
8952 # 1504
8952 - 1500 1
8953 # 1504
8953 - 68 2
8954 # 1504
8955 # 1504
8956 # 1504
8957 # 1504
8958 # 1504
8958 + 1500
8958 + 68
8959 # 1504
8959 - 1500 1
8960 # 1504
8960 - 68 2
8961 # 1504
8961 + 1500
8961 + 68
8961 + 1500
8961 + 68
8962 # 1504
8962 - 1500 1
8963 # 1504
8963 - 68 2
8964 # 1504
8964 - 1500 3
8964 - 68 3
8964 + 1500
8964 + 68
8965 # 1504
8965 - 1500 1
8966 # 1504
8966 - 68 2
8967 # 1504
8967 + 1500
8967 + 68
8968 # 1504
8968 - 1500 1
8968 + 1500
8968 + 68
8969 # 1504
8969 - 68 2
8970 # 1504
8970 - 1500 2
8970 - 68 2
8971 # 1504
8971 + 1500
8971 + 68
8972 # 1504
8972 - 1500 1
8973 # 1504
8973 - 68 2
8974 # 1504
8974 + 1500
8974 + 68
8975 # 1504
8975 - 1500 1
8976 # 1504
8976 - 68 2
8977 # 1504
8978 # 1504
8979 # 1504
8980 # 1504
8981 # 1504
8981 + 1500
8981 + 68
8982 # 1504
8982 - 1500 1
8983 # 1504
8983 - 68 2
8984 # 1504
8984 + 1500
8984 + 68
8985 # 1504
8985 - 1500 1
8986 # 1504
8986 - 68 2
8987 # 1504
8987 + 1500
8987 + 68
8988 # 1504
8988 - 1500 1
8989 # 1504
8989 - 68 2
8990 # 1504
8991 # 1504
8992 # 1504
8992 + 1500
8992 + 68
8993 # 1504
8993 - 1500 1
8994 # 1504
8994 - 68 2
8995 # 1504
8996 # 1504
8996 + 1500
8996 + 68
8997 # 1504
8997 - 1500 1
8998 # 1504
8998 - 68 2
8999 # 1504
8999 + 1500
8999 + 68
9000 # 1504
9000 - 1500 1
9001 # 1504
9001 - 68 2
9002 # 1504
9002 + 1500
9002 + 68
9003 # 1504
9003 - 1500 1
9004 # 1504
9004 - 68 2
9005 # 1504
9006 # 1504
9007 # 1504
9007 + 1500
9007 + 68
9008 # 1504
9008 - 1500 1
9009 # 1504
9009 - 68 2
9010 # 1504
9011 # 1504
9011 + 1500
9011 + 68
9012 # 1504
9012 - 1500 1
9013 # 1504
9013 - 68 2
9014 # 1504
9014 + 1500
9014 + 68
9015 # 1504
9015 - 1500 1
9016 # 1504
9016 - 68 2
9016 + 1500
9016 + 68
9017 # 1504
9017 - 1500 1
9018 # 1504
9018 - 68 2
9019 # 1504
9019 + 1500
9019 + 68
9020 # 1504
9020 - 1500 1
9021 # 1504
9021 - 68 2
9022 # 1504
9023 # 1504
9024 # 1504
9024 + 1500
9024 + 68
9025 # 1504
9025 - 1500 1
9026 # 1504
9026 - 68 2
9027 # 1504
9027 + 1500
9027 + 68
9028 # 1504
9028 - 1500 1
9029 # 1504
9029 - 68 2
9029 + 1500
9029 + 68
9030 # 1504
9030 - 1500 1
9031 # 1504
9031 - 68 2
9032 # 1504
9033 # 1504
9034 # 1504
9034 + 1500
9034 + 68
9035 # 1504
9035 - 1500 1
9036 # 1504
9036 - 68 2
9037 # 1504
9038 # 1504
9039 # 1504
9039 + 1500
9039 + 68
9040 # 1504
9040 - 1500 1
9041 # 1504
9041 - 68 2
9042 # 1504
9043 # 1504
9044 # 1504
9044 + 1500
9044 + 68
9045 # 1504
9045 - 1500 1
9046 # 1504
9046 - 68 2
9047 # 1504
9048 # 1504
9048 + 1500
9048 + 68
9049 # 1504
9049 - 1500 1
9050 # 1504
9050 - 68 2
9051 # 1504
9052 # 1504
9053 # 1504
9053 + 1500
9053 + 68
9054 # 1504
9054 - 1500 1
9055 # 1504
9055 - 68 2
9056 # 1504
9057 # 1504
9058 # 1504
9058 + 1500
9058 + 68
9059 # 1504
9059 - 1500 1
9060 # 1504
9060 - 68 2
9061 # 1504
9062 # 1504
9063 # 1504
9063 + 1500
9063 + 68
9064 # 1504
9064 - 1500 1
9065 # 1504
9065 - 68 2
9066 # 1504
9067 # 1504
9068 # 1504
9069 # 1504
9069 + 1500
9069 + 68
9070 # 1504
9070 - 1500 1
9071 # 1504
9071 - 68 2
9072 # 1504
9073 # 1504
9074 # 1504
9074 + 1500
9074 + 68
9075 # 1504
9075 - 1500 1
9076 # 1504
9076 - 68 2
9077 # 1504
9077 + 1500
9077 + 68
9078 # 1504
9078 - 1500 1
9078 + 1500
9078 + 68
9079 # 1504
9079 - 68 2
9080 # 1504
9080 - 1500 2
9080 - 68 2
9081 # 1504
9081 + 1500
9081 + 68
9082 # 1504
9082 - 1500 1
9083 # 1504
9083 - 68 2
9084 # 1504
9085 # 1504
9086 # 1504
9087 # 1504
9087 + 1500
9087 + 68
9088 # 1504
9088 - 1500 1
9089 # 1504
9089 - 68 2
9090 # 1504
9091 # 1504
9092 # 1504
9093 # 1504
9093 + 1500
9093 + 68
9094 # 1504
9094 - 1500 1
9095 # 1504
9095 - 68 2
9096 # 1504
9096 + 1500
9096 + 68
9097 # 1504
9097 - 1500 1
9098 # 1504
9098 - 68 2
9099 # 1504
9100 # 1504
9101 # 1504
9101 + 1500
9101 + 68
9102 # 1504
9102 - 1500 1
9103 # 1504
9103 - 68 2
9104 # 1504
9105 # 1504
9106 # 1504
9106 + 1500
9106 + 68
9107 # 1504
9107 - 1500 1
9108 # 1504
9108 - 68 2
9109 # 1504
9110 # 1504
9111 # 1504
9111 + 1500
9111 + 68
9112 # 1504
9112 - 1500 1
9113 # 1504
9113 - 68 2
9114 # 1504
9115 # 1504
9115 + 1500
9115 + 68
9116 # 1504
9116 - 1500 1
9117 # 1504
9117 - 68 2
9118 # 1504
9119 # 1504
9120 # 1504
9121 # 1504
9122 # 1504
9122 + 1500
9122 + 68
9123 # 1504
9123 - 1500 1
9124 # 1504
9124 - 68 2
9124 + 1500
9124 + 68
9125 # 1504
9125 - 1500 1
9126 # 1504
9126 - 68 2
9127 # 1504
9128 # 1504
9129 # 1504
9129 + 1500
9129 + 68
9130 # 1504
9130 - 1500 1
9131 # 1504
9131 - 68 2
9132 # 1504
9133 # 1504
9134 # 1504
9135 # 1504
9135 + 1500
9135 + 68
9136 # 1504
9136 - 1500 1
9137 # 1504
9137 - 68 2
9138 # 1504
9139 # 1504
9139 + 1500
9139 + 68
9140 # 1504
9140 - 1500 1
9141 # 1504
9141 - 68 2
9142 # 1504
9143 # 1504
9144 # 1504
9145 # 1504
9146 # 1504
9146 + 1500
9146 + 68
9147 # 1504
9147 - 1500 1
9148 # 1504
9148 - 68 2
9148 + 1500
9148 + 68
9149 # 1504
9149 - 1500 1
9150 # 1504
9150 - 68 2
9151 # 1504
9152 # 1504
9153 # 1504
9153 + 1500
9153 + 68
9154 # 1504
9154 - 1500 1
9155 # 1504
9155 - 68 2
9156 # 1504
9157 # 1504
9158 # 1504
9158 + 1500
9158 + 68
9159 # 1504
9159 - 1500 1
9160 # 1504
9160 - 68 2
9161 # 1504
9162 # 1504
9163 # 1504
9164 # 1504
9165 # 1504
9165 + 1500
9165 + 68
9166 # 1504
9166 - 1500 1
9167 # 1504
9167 - 68 2
9167 + 1500
9167 + 68
9168 # 1504
9168 - 1500 1
9169 # 1504
9169 - 68 2
9170 # 1504
9171 # 1504
9172 # 1504
9173 # 1504
9173 + 1500
9173 + 68
9174 # 1504
9174 - 1500 1
9175 # 1504
9175 - 68 2
9176 # 1504
9177 # 1504
9178 # 1504
9179 # 1504
9179 + 1500
9179 + 68
9180 # 1504
9180 - 1500 1
9181 # 1504
9181 - 68 2
9182 # 1504
9182 + 1500
9182 + 68
9183 # 1504
9183 - 1500 1
9184 # 1504
9184 - 68 2
9185 # 1504
9186 # 1504
9186 + 1500
9187 # 1504
9187 - 1500 1
9187 + 68
9188 # 1504
9188 - 68 1
9189 # 1504
9190 # 1504
9191 # 1504
9191 + 1500
9191 + 68
9192 # 1504
9192 - 1500 1
9193 # 1504
9193 - 68 2
9194 # 1504
9195 # 1504
9196 # 1504
9197 # 1504
9197 + 1500
9197 + 68
9198 # 1504
9198 - 1500 1
9199 # 1504
9199 - 68 2
9200 # 1504
9201 # 1504
9201 + 1500
9201 + 68
9202 # 1504
9202 - 1500 1
9203 # 1504
9203 - 68 2
9204 # 1504
9205 # 1504
9206 # 1504
9206 + 1500
9206 + 68
9207 # 1504
9207 - 1500 1
9208 # 1504
9208 - 68 2
9209 # 1504
9210 # 1504
9211 # 1504
9211 + 1500
9211 + 68
9212 # 1504
9212 - 1500 1
9213 # 1504
9213 - 68 2
9214 # 1504
9215 # 1504
9216 # 1504
9217 # 1504
9217 + 1500
9217 + 68
9218 # 1504
9218 - 1500 1
9219 # 1504
9219 - 68 2
9220 # 1504
9221 # 1504
9221 + 1500
9221 + 68
9222 # 1504
9222 - 1500 1
9223 # 1504
9223 - 68 2
9224 # 1504
9225 # 1504
9226 # 1504
9226 + 1500
9226 + 68
9227 # 1504
9227 - 1500 1
9228 # 1504
9228 - 68 2
9229 # 1504
9229 + 1500
9229 + 68
9230 # 1504
9230 - 1500 1
9231 # 1504
9231 - 68 2
9231 + 1500
9231 + 68
9232 # 1504
9232 - 1500 1
9233 # 1504
9233 - 68 2
9233 + 1500
9233 + 68
9234 # 1504
9234 - 1500 1
9235 # 1504
9235 - 68 2
9236 # 1504
9237 # 1504
9238 # 1504
9238 + 1500
9238 + 68
9239 # 1504
9239 - 1500 1
9240 # 1504
9240 - 68 2
9241 # 1504
9242 # 1504
9243 # 1504
9244 # 1504
9245 # 1504
9245 + 1500
9245 + 68
9246 # 1504
9246 - 1500 1
9247 # 1504
9247 - 68 2
9248 # 1504
9248 + 1500
9248 + 68
9249 # 1504
9249 - 1500 1
9250 # 1504
9250 - 68 2
9251 # 1504
9252 # 1504
9253 # 1504
9253 + 1500
9253 + 68
9254 # 1504
9254 - 1500 1
9255 # 1504
9255 - 68 2
9256 # 1504
9257 # 1504
9258 # 1504
9259 # 1504
9259 + 1500
9259 + 68
9260 # 1504
9260 - 1500 1
9261 # 1504
9261 - 68 2
9262 # 1504
9262 + 1500
9262 + 68
9263 # 1504
9263 - 1500 1
9264 # 1504
9264 - 68 2
9265 # 1504
9265 + 1500
9265 + 68
9266 # 1504
9266 - 1500 1
9267 # 1504
9267 - 68 2
9268 # 1504
9269 # 1504
9270 # 1504
9270 + 1500
9270 + 68
9271 # 1504
9271 - 1500 1
9272 # 1504
9272 - 68 2
9273 # 1504
9274 # 1504
9275 # 1504
9275 + 1500
9275 + 68
9276 # 1504
9276 - 1500 1
9277 # 1504
9277 - 68 2
9278 # 1504
9279 # 1504
9280 # 1504
9281 # 1504
9281 + 1500
9281 + 68
9282 # 1504
9282 - 1500 1
9283 # 1504
9283 - 68 2
9284 # 1504
9284 + 1500
9284 + 68
9285 # 1504
9285 - 1500 1
9286 # 1504
9286 - 68 2
9287 # 1504
9288 # 1504
9289 # 1504
9289 + 1500
9289 + 68
9290 # 1504
9290 - 1500 1
9291 # 1504
9291 - 68 2
9292 # 1504
9293 # 1504
9294 # 1504
9294 + 1500
9294 + 68
9295 # 1504
9295 - 1500 1
9296 # 1504
9296 - 68 2
9297 # 1504
9298 # 1504
9299 # 1504
9299 + 1500
9299 + 68
9300 # 1504
9300 - 1500 1
9301 # 1504
9301 - 68 2
9302 # 1504
9303 # 1504
9303 + 1500
9303 + 68
9304 # 1504
9304 - 1500 1
9305 # 1504
9305 - 68 2
9306 # 1504
9307 # 1504
9308 # 1504
9308 + 1500
9308 + 68
9309 # 1504
9309 - 1500 1
9310 # 1504
9310 - 68 2
9311 # 1504
9312 # 1504
9313 # 1504
9313 + 1500
9313 + 68
9314 # 1504
9314 - 1500 1
9315 # 1504
9315 - 68 2
9316 # 1504
9317 # 1504
9318 # 1504
9318 + 1500
9318 + 68
9319 # 1504
9319 - 1500 1
9320 # 1504
9320 - 68 2
9321 # 1504
9321 + 1500
9321 + 68
9322 # 1504
9322 - 1500 1
9323 # 1504
9323 - 68 2
9323 + 1500
9323 + 68
9324 # 1504
9324 - 1500 1
9325 # 1504
9325 - 68 2
9326 # 1504
9327 # 1504
9327 + 1500
9327 + 68
9328 # 1504
9328 - 1500 1
9329 # 1504
9329 - 68 2
9329 + 1500
9329 + 68
9330 # 1504
9330 - 1500 1
9331 # 1504
9331 - 68 2
9332 # 1504
9332 + 1500
9332 + 68
9333 # 1504
9333 - 1500 1
9334 # 1504
9334 - 68 2
9335 # 1504
9335 + 1500
9335 + 68
9336 # 1504
9336 - 1500 1
9337 # 1504
9337 - 68 2
9338 # 1504
9338 + 1500
9338 + 68
9339 # 1504
9339 - 1500 1
9340 # 1504
9340 - 68 2
9341 # 1504
9342 # 1504
9342 + 1500
9342 + 68
9343 # 1504
9343 - 1500 1
9344 # 1504
9344 - 68 2
9345 # 1504
9346 # 1504
9347 # 1504
9347 + 1500
9347 + 68
9348 # 1504
9348 - 1500 1
9349 # 1504
9349 - 68 2
9350 # 1504
9351 # 1504
9352 # 1504
9352 + 1500
9352 + 68
9353 # 1504
9353 - 1500 1
9354 # 1504
9354 - 68 2
9355 # 1504
9356 # 1504
9357 # 1504
9357 + 1500
9357 + 68
9358 # 1504
9358 - 1500 1
9359 # 1504
9359 - 68 2
9360 # 1504
9361 # 1504
9362 # 1504
9362 + 1500
9362 + 68
9363 # 1504
9363 - 1500 1
9364 # 1504
9364 - 68 2
9365 # 1504
9366 # 1504
9366 + 1500
9366 + 68
9367 # 1504
9367 - 1500 1
9368 # 1504
9368 - 68 2
9369 # 1504
9369 + 1500
9369 + 68
9370 # 1504
9370 - 1500 1
9371 # 1504
9371 - 68 2
9371 + 1500
9371 + 68
9372 # 1504
9372 - 1500 1
9373 # 1504
9373 - 68 2
9374 # 1504
9374 + 1500
9374 + 68
9375 # 1504
9375 - 1500 1
9376 # 1504
9376 - 68 2
9377 # 1504
9378 # 1504
9378 + 1500
9378 + 68
9379 # 1504
9379 - 1500 1
9380 # 1504
9380 - 68 2
9381 # 1504
9381 + 1500
9381 + 68
9382 # 1504
9382 - 1500 1
9382 + 1500
9382 + 68
9383 # 1504
9383 - 68 2
9384 # 1504
9384 - 1500 2
9384 - 68 2
9384 + 1500
9384 + 68
9385 # 1504
9385 - 1500 1
9386 # 1504
9386 - 68 2
9387 # 1504
9387 + 1500
9387 + 68
9388 # 1504
9388 - 1500 1
9389 # 1504
9389 - 68 2
9390 # 1504
9390 + 1500
9390 + 68
9391 # 1504
9391 - 1500 1
9392 # 1504
9392 - 68 2
9393 # 1504
9393 + 1500
9393 + 68
9394 # 1504
9394 - 1500 1
9395 # 1504
9395 - 68 2
9396 # 1504
9396 + 1500
9396 + 68
9397 # 1504
9397 - 1500 1
9398 # 1504
9398 - 68 2
9398 + 1500
9398 + 68
9399 # 1504
9399 - 1500 1
9400 # 1504
9400 - 68 2
9401 # 1504
9401 + 1500
9401 + 68
9402 # 1504
9402 - 1500 1
9403 # 1504
9403 - 68 2
9404 # 1504
9404 + 1500
9404 + 68
9405 # 1504
9405 - 1500 1
9406 # 1504
9406 - 68 2
9407 # 1504
9407 + 1500
9407 + 68
9408 # 1504
9408 - 1500 1
9409 # 1504
9409 - 68 2
9410 # 1504
9410 + 1500
9410 + 68
9411 # 1504
9411 - 1500 1
9412 # 1504
9412 - 68 2
9412 + 1500
9412 + 68
9413 # 1504
9413 - 1500 1
9414 # 1504
9414 - 68 2
9415 # 1504
9415 + 1500
9415 + 68
9416 # 1504
9416 - 1500 1
9417 # 1504
9417 - 68 2
9417 + 1500
9417 + 68
9418 # 1504
9418 - 1500 1
9419 # 1504
9419 - 68 2
9420 # 1504
9421 # 1504
9422 # 1504
9422 + 1500
9422 + 68
9423 # 1504
9423 - 1500 1
9424 # 1504
9424 - 68 2
9425 # 1504
9426 # 1504
9426 + 1500
9426 + 68
9427 # 1504
9427 - 1500 1
9427 + 1500
9427 + 68
9428 # 1504
9428 - 68 2
9429 # 1504
9429 - 1500 2
9429 - 68 2
9430 # 1504
9430 + 1500
9430 + 68
9431 # 1504
9431 - 1500 1
9432 # 1504
9432 - 68 2
9433 # 1504
9434 # 1504
9435 # 1504
9435 + 1500
9435 + 68
9436 # 1504
9436 - 1500 1
9437 # 1504
9437 - 68 2
9438 # 1504
9438 + 1500
9438 + 68
9439 # 1504
9439 - 1500 1
9440 # 1504
9440 - 68 2
9441 # 1504
9441 + 1500
9441 + 68
9442 # 1504
9442 - 1500 1
9442 + 1500
9442 + 68
9443 # 1504
9443 - 68 2
9444 # 1504
9444 - 1500 2
9444 - 68 2
9445 # 1504
9445 + 1500
9445 + 68
9446 # 1504
9446 - 1500 1
9447 # 1504
9447 - 68 2
9447 + 1500
9447 + 68
9448 # 1504
9448 - 1500 1
9449 # 1504
9449 - 68 2
9450 # 1504
9450 + 1500
9450 + 68
9451 # 1504
9451 - 1500 1
9452 # 1504
9452 - 68 2
9453 # 1504
9454 # 1504
9454 + 1500
9454 + 68
9455 # 1504
9455 - 1500 1
9456 # 1504
9456 - 68 2
9457 # 1504
9457 + 1500
9457 + 68
9458 # 1504
9458 - 1500 1
9459 # 1504
9459 - 68 2
9460 # 1504
9460 + 1500
9460 + 68
9461 # 1504
9461 - 1500 1
9462 # 1504
9462 - 68 2
9463 # 1504
9464 # 1504
9464 + 1500
9464 + 68
9465 # 1504
9465 - 1500 1
9466 # 1504
9466 - 68 2
9466 + 1500
9466 + 68
9467 # 1504
9467 - 1500 1
9468 # 1504
9468 - 68 2
9469 # 1504
9470 # 1504
9471 # 1504
9472 # 1504
9472 + 1500
9472 + 68
9473 # 1504
9473 - 1500 1
9474 # 1504
9474 - 68 2
9475 # 1504
9476 # 1504
9476 + 1500
9476 + 68
9477 # 1504
9477 - 1500 1
9478 # 1504
9478 - 68 2
9479 # 1504
9480 # 1504
9480 + 1500
9480 + 68
9481 # 1504
9481 - 1500 1
9482 # 1504
9482 - 68 2
9483 # 1504
9483 + 1500
9483 + 68
9484 # 1504
9484 - 1500 1
9485 # 1504
9485 - 68 2
9486 # 1504
9487 # 1504
9488 # 1504
9488 + 1500
9488 + 68
9489 # 1504
9489 - 1500 1
9490 # 1504
9490 - 68 2
9491 # 1504
9492 # 1504
9493 # 1504
9493 + 1500
9493 + 68
9494 # 1504
9494 - 1500 1
9495 # 1504
9495 - 68 2
9496 # 1504
9497 # 1504
9498 # 1504
9499 # 1504
9500 # 1504
9500 + 1500
9500 + 68
9501 # 1504
9501 - 1500 1
9502 # 1504
9502 - 68 2
9503 # 1504
9503 + 1500
9503 + 68
9504 # 1504
9504 - 1500 1
9505 # 1504
9505 - 68 2
9506 # 1504
9507 # 1504
9508 # 1504
9509 # 1504
9510 # 1504
9511 # 1504
9511 + 1500
9511 + 68
9512 # 1504
9512 - 1500 1
9512 + 1500
9512 + 68
9513 # 1504
9513 - 68 2
9514 # 1504
9514 - 1500 2
9514 - 68 2
9515 # 1504
9516 # 1504
9517 # 1504
9518 # 1504
9518 + 1500
9518 + 68
9519 # 1504
9519 - 1500 1
9520 # 1504
9520 - 68 2
9521 # 1504
9522 # 1504
9523 # 1504
9524 # 1504
9525 # 1504
9526 # 1504
9527 # 1504
9527 + 1500
9527 + 68
9527 + 1500
9527 + 68
9528 # 1504
9528 - 1500 1
9529 # 1504
9529 - 68 2
9530 # 1504
9530 - 1500 3
9530 - 68 3
9531 # 1504
9532 # 1504
9533 # 1504
9533 + 1500
9533 + 68
9534 # 1504
9534 - 1500 1
9535 # 1504
9535 - 68 2
9536 # 1504
9536 + 1500
9536 + 68
9537 # 1504
9537 - 1500 1
9538 # 1504
9538 - 68 2
9539 # 1504
9539 + 1500
9539 + 68
9540 # 1504
9540 - 1500 1
9541 # 1504
9541 - 68 2
9542 # 1504
9543 # 1504
9544 # 1504
9545 # 1504
9546 # 1504
9547 # 1504
9548 # 1504
9549 # 1504
9550 # 1504
9551 # 1504
9552 # 1504
9552 + 1500
9552 + 68
9552 + 1500
9552 + 68
9552 + 1500
9552 + 68
9552 + 1500
9552 + 68
9553 # 1504
9553 - 1500 1
9554 # 1504
9554 - 68 2
9555 # 1504
9555 - 1500 3
9555 - 68 3
9555 + 1500
9555 + 68
9556 # 1504
9556 - 1500 4
9556 - 68 4
9557 # 1504
9557 - 1500 5
9557 - 68 5
9558 # 1504
9558 - 1500 3
9558 - 68 3
9559 # 1504
9560 # 1504
9560 + 1500
9560 + 68
9561 # 1504
9561 - 1500 1
9562 # 1504
9562 - 68 2
9563 # 1504
9564 # 1504
9565 # 1504
9565 + 1500
9565 + 68
9566 # 1504
9566 - 1500 1
9567 # 1504
9567 - 68 2
9568 # 1504
9569 # 1504
9570 # 1504
9571 # 1504
9572 # 1504
9573 # 1504
9574 # 1504
9575 # 1504
9576 # 1504
9577 # 1504
9578 # 1504
9579 # 1504
9580 # 1504
9581 # 1504
9582 # 1504
9583 # 1504
9584 # 1504
9584 + 1500
9584 + 68
9584 + 1500
9584 + 68
9584 + 1500
9584 + 68
9584 + 1500
9584 + 68
9585 # 1504
9585 - 1500 1
9586 # 1504
9586 - 68 2
9587 # 1504
9587 - 1500 3
9587 - 68 3
9588 # 1504
9588 - 1500 4
9588 - 68 4
9589 # 1504
9589 - 1500 5
9589 - 68 5
9589 + 1500
9589 + 68
9590 # 1504
9590 - 1500 1
9591 # 1504
9591 - 68 2
9592 # 1504
9593 # 1504
9594 # 1504
9594 + 1500
9594 + 68
9595 # 1504
9595 - 1500 1
9596 # 1504
9596 - 68 2
9597 # 1504
9598 # 1504
9599 # 1504
9600 # 1504
9601 # 1504
9601 + 1500
9601 + 68
9602 # 1504
9602 - 1500 1
9603 # 1504
9603 - 68 2
9603 + 1500
9603 + 68
9604 # 1504
9604 - 1500 1
9605 # 1504
9605 - 68 2
9606 # 1504
9607 # 1504
9608 # 1504
9608 + 1500
9608 + 68
9609 # 1504
9609 - 1500 1
9610 # 1504
9610 - 68 2
9611 # 1504
9612 # 1504
9613 # 1504
9614 # 1504
9614 + 1500
9614 + 68
9615 # 1504
9615 - 1500 1
9616 # 1504
9616 - 68 2
9617 # 1504
9618 # 1504
9619 # 1504
9620 # 1504
9621 # 1504
9622 # 1504
9623 # 1504
9624 # 1504
9625 # 1504
9626 # 1504
9627 # 1504
9628 # 1504
9629 # 1504
9630 # 1504
9631 # 1504
9632 # 1504
9633 # 1504
9634 # 1504
9635 # 1504
9636 # 1504
9637 # 1504
9638 # 1504
9638 + 1500
9638 + 68
9638 + 1500
9638 + 68
9638 + 1500
9638 + 68
9638 + 1500
9638 + 68
9638 + 1500
9638 + 68
9639 # 1504
9639 - 1500 1
9640 # 1504
9640 - 68 2
9641 # 1504
9641 - 1500 3
9641 - 68 3
9642 # 1504
9642 - 1500 4
9642 - 68 4
9643 # 1504
9643 - 1500 5
9643 - 68 5
9644 # 1504
9644 - 1500 6
9644 - 68 6
9645 # 1504
9646 # 1504
9647 # 1504
9648 # 1504
9649 # 1504
9650 # 1504
9651 # 1504
9652 # 1504
9653 # 1504
9654 # 1504
9655 # 1504
9656 # 1504
9657 # 1504
9658 # 1504
9659 # 1504
9660 # 1504
9661 # 1504
9662 # 1504
9663 # 1504
9664 # 1504
9665 # 1504
9665 + 1500
9665 + 68
9665 + 1500
9665 + 68
9665 + 1500
9665 + 68
9665 + 1500
9665 + 68
9665 + 1500
9665 + 68
9665 + 1500
9665 + 68
9666 # 1504
9666 - 1500 1
9667 # 1504
9667 - 68 2
9668 # 1504
9668 - 1500 3
9668 - 68 3
9669 # 1504
9669 - 1500 4
9669 - 68 4
9670 # 1504
9670 - 1500 5
9670 - 68 5
9671 # 1504
9671 - 1500 6
9671 - 68 6
9672 # 1504
9672 - 1500 7
9672 - 68 7
9673 # 1504
9674 # 1504
9675 # 1504
9676 # 1504
9677 # 1504
9678 # 1504
9679 # 1504
9680 # 1504
9681 # 1504
9682 # 1504
9683 # 1504
9684 # 1504
9684 + 1500
9684 + 68
9684 + 1500
9684 + 68
9684 + 1500
9684 + 68
9684 + 1500
9684 + 68
9685 # 1504
9685 - 1500 1
9686 # 1504
9686 - 68 2
9687 # 1504
9687 - 1500 3
9687 - 68 3
9688 # 1504
9688 - 1500 4
9688 - 68 4
9689 # 1504
9689 - 1500 5
9689 - 68 5
9689 + 1500
9689 + 68
9690 # 1504
9690 - 1500 1
9691 # 1504
9691 - 68 2
9692 # 1504
9693 # 1504
9694 # 1504
9694 + 1500
9694 + 68
9695 # 1504
9695 - 1500 1
9696 # 1504
9696 - 68 2
9697 # 1504
9698 # 1504
9699 # 1504
9699 + 1500
9699 + 68
9700 # 1504
9700 - 1500 1
9701 # 1504
9701 - 68 2
9702 # 1504
9703 # 1504
9704 # 1504
9705 # 1504
9706 # 1504
9706 + 1500
9706 + 68
9707 # 1504
9707 - 1500 1
9708 # 1504
9708 - 68 2
9708 + 1500
9708 + 68
9709 # 1504
9709 - 1500 1
9710 # 1504
9710 - 68 2
9711 # 1504
9711 + 1500
9711 + 68
9712 # 1504
9712 - 1500 1
9713 # 1504
9713 - 68 2
9714 # 1504
9714 + 1500
9714 + 68
9715 # 1504
9715 - 1500 1
9716 # 1504
9716 - 68 2
9717 # 1504
9718 # 1504
9719 # 1504
9719 + 1500
9719 + 68
9720 # 1504
9720 - 1500 1
9721 # 1504
9721 - 68 2
9722 # 1504
9723 # 1504
9724 # 1504
9724 + 1500
9724 + 68
9725 # 1504
9725 - 1500 1
9726 # 1504
9726 - 68 2
9727 # 1504
9728 # 1504
9729 # 1504
9730 # 1504
9730 + 1500
9730 + 68
9731 # 1504
9731 - 1500 1
9732 # 1504
9732 - 68 2
9733 # 1504
9734 # 1504
9734 + 1500
9734 + 68
9735 # 1504
9735 - 1500 1
9736 # 1504
9736 - 68 2
9737 # 1504
9738 # 1504
9738 + 1500
9738 + 68
9739 # 1504
9739 - 1500 1
9740 # 1504
9740 - 68 2
9741 # 1504
9742 # 1504
9743 # 1504
9743 + 1500
9743 + 68
9744 # 1504
9744 - 1500 1
9745 # 1504
9745 - 68 2
9746 # 1504
9747 # 1504
9748 # 1504
9748 + 1500
9748 + 68
9749 # 1504
9749 - 1500 1
9750 # 1504
9750 - 68 2
9751 # 1504
9752 # 1504
9753 # 1504
9754 # 1504
9755 # 1504
9755 + 1500
9755 + 68
9756 # 1504
9756 - 1500 1
9757 # 1504
9757 - 68 2
9757 + 1500
9757 + 68
9758 # 1504
9758 - 1500 1
9759 # 1504
9759 - 68 2
9760 # 1504
9761 # 1504
9762 # 1504
9762 + 1500
9762 + 68
9763 # 1504
9763 - 1500 1
9764 # 1504
9764 - 68 2
9765 # 1504
9766 # 1504
9767 # 1504
9767 + 1500
9767 + 68
9768 # 1504
9768 - 1500 1
9769 # 1504
9769 - 68 2
9770 # 1504
9771 # 1504
9772 # 1504
9772 + 1500
9772 + 68
9773 # 1504
9773 - 1500 1
9774 # 1504
9774 - 68 2
9775 # 1504
9776 # 1504
9777 # 1504
9777 + 1500
9777 + 68
9778 # 1504
9778 - 1500 1
9779 # 1504
9779 - 68 2
9780 # 1504
9781 # 1504
9781 + 1500
9781 + 68
9782 # 1504
9782 - 1500 1
9783 # 1504
9783 - 68 2
9784 # 1504
9784 + 1500
9784 + 68
9785 # 1504
9785 - 1500 1
9786 # 1504
9786 - 68 2
9787 # 1504
9788 # 1504
9788 + 1500
9788 + 68
9789 # 1504
9789 - 1500 1
9790 # 1504
9790 - 68 2
9791 # 1504
9792 # 1504
9792 + 1500
9792 + 68
9793 # 1504
9793 - 1500 1
9794 # 1504
9794 - 68 2
9795 # 1504
9796 # 1504
9797 # 1504
9798 # 1504
9798 + 1500
9798 + 68
9799 # 1504
9799 - 1500 1
9800 # 1504
9800 - 68 2
9801 # 1504
9801 + 1500
9801 + 68
9802 # 1504
9802 - 1500 1
9803 # 1504
9803 - 68 2
9804 # 1504
9805 # 1504
9806 # 1504
9806 + 1500
9806 + 68
9807 # 1504
9807 - 1500 1
9808 # 1504
9808 - 68 2
9809 # 1504
9810 # 1504
9811 # 1504
9811 + 1500
9811 + 68
9812 # 1504
9812 - 1500 1
9813 # 1504
9813 - 68 2
9814 # 1504
9815 # 1504
9816 # 1504
9816 + 1500
9816 + 68
9817 # 1504
9817 - 1500 1
9818 # 1504
9818 - 68 2
9819 # 1504
9820 # 1504
9821 # 1504
9821 + 1500
9821 + 68
9822 # 1504
9822 - 1500 1
9823 # 1504
9823 - 68 2
9824 # 1504
9825 # 1504
9825 + 1500
9825 + 68
9826 # 1504
9826 - 1500 1
9826 + 1500
9826 + 68
9827 # 1504
9827 - 68 2
9828 # 1504
9828 - 1500 2
9828 - 68 2
9829 # 1504
9829 + 1500
9829 + 68
9830 # 1504
9830 - 1500 1
9831 # 1504
9831 - 68 2
9832 # 1504
9833 # 1504
9834 # 1504
9834 + 1500
9834 + 68
9835 # 1504
9835 - 1500 1
9836 # 1504
9836 - 68 2
9837 # 1504
9838 # 1504
9839 # 1504
9839 + 1500
9839 + 68
9840 # 1504
9840 - 1500 1
9841 # 1504
9841 - 68 2
9842 # 1504
9843 # 1504
9843 + 1500
9843 + 68
9844 # 1504
9844 - 1500 1
9845 # 1504
9845 - 68 2
9846 # 1504
9847 # 1504
9848 # 1504
9848 + 1500
9848 + 68
9849 # 1504
9849 - 1500 1
9850 # 1504
9850 - 68 2
9851 # 1504
9852 # 1504
9853 # 1504
9853 + 1500
9853 + 68
9854 # 1504
9854 - 1500 1
9855 # 1504
9855 - 68 2
9856 # 1504
9857 # 1504
9858 # 1504
9858 + 1500
9858 + 68
9859 # 1504
9859 - 1500 1
9860 # 1504
9860 - 68 2
9861 # 1504
9862 # 1504
9862 + 1500
9862 + 68
9863 # 1504
9863 - 1500 1
9864 # 1504
9864 - 68 2
9865 # 1504
9866 # 1504
9867 # 1504
9867 + 1500
9867 + 68
9868 # 1504
9868 - 1500 1
9869 # 1504
9869 - 68 2
9870 # 1504
9871 # 1504
9872 # 1504
9873 # 1504
9873 + 1500
9873 + 68
9874 # 1504
9874 - 1500 1
9875 # 1504
9875 - 68 2
9876 # 1504
9877 # 1504
9877 + 1500
9878 # 1504
9878 - 1500 1
9878 + 68
9879 # 1504
9879 - 68 1
9880 # 1504
9881 # 1504
9882 # 1504
9883 # 1504
9883 + 1500
9883 + 68
9884 # 1504
9884 - 1500 1
9885 # 1504
9885 - 68 2
9886 # 1504
9886 + 1500
9886 + 68
9887 # 1504
9887 - 1500 1
9888 # 1504
9888 - 68 2
9889 # 1504
9889 + 1500
9889 + 68
9890 # 1504
9890 - 1500 1
9891 # 1504
9891 - 68 2
9892 # 1504
9892 + 1500
9892 + 68
9893 # 1504
9893 - 1500 1
9894 # 1504
9894 - 68 2
9895 # 1504
9895 + 1500
9895 + 68
9896 # 1504
9896 - 1500 1
9897 # 1504
9897 - 68 2
9898 # 1504
9899 # 1504
9900 # 1504
9900 + 1500
9900 + 68
9901 # 1504
9901 - 1500 1
9902 # 1504
9902 - 68 2
9903 # 1504
9904 # 1504
9905 # 1504
9906 # 1504
9906 + 1500
9906 + 68
9907 # 1504
9907 - 1500 1
9908 # 1504
9908 - 68 2
9909 # 1504
9910 # 1504
9911 # 1504
9911 + 1500
9911 + 68
9912 # 1504
9912 - 1500 1
9913 # 1504
9913 - 68 2
9914 # 1504
9914 + 1500
9914 + 68
9915 # 1504
9915 - 1500 1
9916 # 1504
9916 - 68 2
9917 # 1504
9918 # 1504
9918 + 1500
9918 + 68
9919 # 1504
9919 - 1500 1
9920 # 1504
9920 - 68 2
9920 + 1500
9920 + 68
9921 # 1504
9921 - 1500 1
9922 # 1504
9922 - 68 2
9923 # 1504
9924 # 1504
9925 # 1504
9925 + 1500
9925 + 68
9926 # 1504
9926 - 1500 1
9927 # 1504
9927 - 68 2
9928 # 1504
9929 # 1504
9930 # 1504
9930 + 1500
9930 + 68
9931 # 1504
9931 - 1500 1
9932 # 1504
9932 - 68 2
9933 # 1504
9934 # 1504
9934 + 1500
9934 + 68
9935 # 1504
9935 - 1500 1
9936 # 1504
9936 - 68 2
9937 # 1504
9938 # 1504
9939 # 1504
9939 + 1500
9939 + 68
9940 # 1504
9940 - 1500 1
9941 # 1504
9941 - 68 2
9942 # 1504
9943 # 1504
9944 # 1504
9944 + 1500
9944 + 68
9945 # 1504
9945 - 1500 1
9946 # 1504
9946 - 68 2
9947 # 1504
9948 # 1504
9949 # 1504
9950 # 1504
9950 + 1500
9950 + 68
9951 # 1504
9951 - 1500 1
9952 # 1504
9952 - 68 2
9953 # 1504
9954 # 1504
9955 # 1504
9955 + 1500
9955 + 68
9956 # 1504
9956 - 1500 1
9957 # 1504
9957 - 68 2
9958 # 1504
9959 # 1504
9960 # 1504
9960 + 1500
9960 + 68
9961 # 1504
9961 - 1500 1
9962 # 1504
9962 - 68 2
9963 # 1504
9963 + 1500
9963 + 68
9964 # 1504
9964 - 1500 1
9965 # 1504
9965 - 68 2
9966 # 1504
9967 # 1504
9968 # 1504
9968 + 1500
9968 + 68
9969 # 1504
9969 - 1500 1
9970 # 1504
9970 - 68 2
9971 # 1504
9972 # 1504
9973 # 1504
9973 + 1500
9973 + 68
9974 # 1504
9974 - 1500 1
9975 # 1504
9975 - 68 2
9976 # 1504
9977 # 1504
9977 + 1500
9977 + 68
9978 # 1504
9978 - 1500 1
9979 # 1504
9979 - 68 2
9980 # 1504
9980 + 1500
9980 + 68
9981 # 1504
9981 - 1500 1
9982 # 1504
9982 - 68 2
9983 # 1504
9983 + 1500
9983 + 68
9984 # 1504
9984 - 1500 1
9985 # 1504
9985 - 68 2
9986 # 1504
9987 # 1504
9988 # 1504
9988 + 1500
9988 + 68
9989 # 1504
9989 - 1500 1
9990 # 1504
9990 - 68 2
9991 # 1504
9992 # 1504
9993 # 1504
9994 # 1504
9994 + 1500
9994 + 68
9995 # 1504
9995 - 1500 1
9996 # 1504
9996 - 68 2
9997 # 1504
9997 + 1500
9997 + 68
9997 + 1500
9997 + 68
9998 # 1504
9998 - 1500 1
9999 # 1504
9999 - 68 2
9999 + 1500
9999 + 68
10000 # 1504
10000 - 1500 3
10000 - 68 3
10001 # 1504
10001 - 1500 2
10001 - 68 2
10002 # 1504
10003 # 1504
10004 # 1504
10004 + 1500
10004 + 68
10005 # 1504
10005 - 1500 1
10006 # 1504
10006 - 68 2
10007 # 1504
10007 + 1500
10007 + 68
10008 # 1504
10008 - 1500 1
10009 # 1504
10009 - 68 2
10010 # 1504
10010 + 1500
10010 + 68
10011 # 1504
10011 - 1500 1
10012 # 1504
10012 - 68 2
10013 # 1504
10014 # 1504
10015 # 1504
10015 + 1500
10015 + 68
10016 # 1504
10016 - 1500 1
10017 # 1504
10017 - 68 2
10018 # 1504
10019 # 1504
10020 # 1504
10020 + 1500
10020 + 68
10021 # 1504
10021 - 1500 1
10022 # 1504
10022 - 68 2
10023 # 1504
10024 # 1504
10024 + 1500
10024 + 68
10025 # 1504
10025 - 1500 1
10026 # 1504
10026 - 68 2
10027 # 1504
10027 + 1500
10027 + 68
10028 # 1504
10028 - 1500 1
10029 # 1504
10029 - 68 2
10030 # 1504
10030 + 1500
10030 + 68
10031 # 1504
10031 - 1500 1
10032 # 1504
10032 - 68 2
10033 # 1504
10034 # 1504
10035 # 1504
10035 + 1500
10035 + 68
10036 # 1504
10036 - 1500 1
10037 # 1504
10037 - 68 2
10038 # 1504
10039 # 1504
10040 # 1504
10041 # 1504
10041 + 1500
10041 + 68
10042 # 1504
10042 - 1500 1
10043 # 1504
10043 - 68 2
10044 # 1504
10044 + 1500
10044 + 68
10045 # 1504
10045 - 1500 1
10046 # 1504
10046 - 68 2
10047 # 1504
10047 + 1500
10047 + 68
10048 # 1504
10048 - 1500 1
10049 # 1504
10049 - 68 2
10050 # 1504
10051 # 1504
10051 + 1500
10051 + 68
10052 # 1504
10052 - 1500 1
10053 # 1504
10053 - 68 2
10054 # 1504
10055 # 1504
10056 # 1504
10056 + 1500
10056 + 68
10057 # 1504
10057 - 1500 1
10058 # 1504
10058 - 68 2
10059 # 1504
10060 # 1504
10060 + 1500
10060 + 68
10061 # 1504
10061 - 1500 1
10062 # 1504
10062 - 68 2
10063 # 1504
10063 + 1500
10063 + 68
10064 # 1504
10064 - 1500 1
10065 # 1504
10065 - 68 2
10066 # 1504
10066 + 1500
10066 + 68
10067 # 1504
10067 - 1500 1
10068 # 1504
10068 - 68 2
10069 # 1504
10070 # 1504
10070 + 1500
10070 + 68
10071 # 1504
10071 - 1500 1
10072 # 1504
10072 - 68 2
10073 # 1504
10074 # 1504
10075 # 1504
10075 + 1500
10075 + 68
10076 # 1504
10076 - 1500 1
10077 # 1504
10077 - 68 2
10078 # 1504
10079 # 1504
10080 # 1504
10080 + 1500
10080 + 68
10081 # 1504
10081 - 1500 1
10082 # 1504
10082 - 68 2
10083 # 1504
10084 # 1504
10084 + 1500
10084 + 68
10085 # 1504
10085 - 1500 1
10086 # 1504
10086 - 68 2
10087 # 1504
10087 + 1500
10087 + 68
10088 # 1504
10088 - 1500 1
10089 # 1504
10089 - 68 2
10090 # 1504
10090 + 1500
10090 + 68
10091 # 1504
10091 - 1500 1
10092 # 1504
10092 - 68 2
10093 # 1504
10093 + 1500
10093 + 68
10094 # 1504
10094 - 1500 1
10095 # 1504
10095 - 68 2
10096 # 1504
10097 # 1504
10098 # 1504
10098 + 1500
10098 + 68
10099 # 1504
10099 - 1500 1
10100 # 1504
10100 - 68 2
10101 # 1504
10102 # 1504
10103 # 1504
10103 + 1500
10103 + 68
10104 # 1504
10104 - 1500 1
10105 # 1504
10105 - 68 2
10106 # 1504
10107 # 1504
10107 + 1500
10107 + 68
10108 # 1504
10108 - 1500 1
10109 # 1504
10109 - 68 2
10110 # 1504
10111 # 1504
10112 # 1504
10113 # 1504
10114 # 1504
10114 + 1500
10114 + 68
10115 # 1504
10115 - 1500 1
10116 # 1504
10116 - 68 2
10117 # 1504
10117 + 1500
10117 + 68
10118 # 1504
10118 - 1500 1
10119 # 1504
10119 - 68 2
10120 # 1504
10120 + 1500
10120 + 68
10121 # 1504
10121 - 1500 1
10122 # 1504
10122 - 68 2
10123 # 1504
10124 # 1504
10125 # 1504
10125 + 1500
10125 + 68
10126 # 1504
10126 - 1500 1
10127 # 1504
10127 - 68 2
10128 # 1504
10129 # 1504
10130 # 1504
10130 + 1500
10130 + 68
10131 # 1504
10131 - 1500 1
10132 # 1504
10132 - 68 2
10133 # 1504
10134 # 1504
10134 + 1500
10134 + 68
10135 # 1504
10135 - 1500 1
10136 # 1504
10136 - 68 2
10137 # 1504
10138 # 1504
10139 # 1504
10139 + 1500
10139 + 68
10140 # 1504
10140 - 1500 1
10141 # 1504
10141 - 68 2
10142 # 1504
10143 # 1504
10144 # 1504
10145 # 1504
10145 + 1500
10145 + 68
10146 # 1504
10146 - 1500 1
10147 # 1504
10147 - 68 2
10148 # 1504
10148 + 1500
10148 + 68
10148 + 1500
10148 + 68
10149 # 1504
10149 - 1500 1
10150 # 1504
10150 - 68 2
10151 # 1504
10151 - 1500 3
10151 - 68 3
10151 + 1500
10151 + 68
10152 # 1504
10152 - 1500 1
10153 # 1504
10153 - 68 2
10154 # 1504
10155 # 1504
10155 + 1500
10155 + 68
10156 # 1504
10156 - 1500 1
10157 # 1504
10157 - 68 2
10158 # 1504
10159 # 1504
10160 # 1504
10160 + 1500
10160 + 68
10161 # 1504
10161 - 1500 1
10162 # 1504
10162 - 68 2
10163 # 1504
10164 # 1504
10165 # 1504
10166 # 1504
10167 # 1504
10167 + 1500
10167 + 68
10168 # 1504
10168 - 1500 1
10169 # 1504
10169 - 68 2
10170 # 1504
10170 + 1500
10170 + 68
10171 # 1504
10171 - 1500 1
10172 # 1504
10172 - 68 2
10173 # 1504
10174 # 1504
10174 + 1500
10174 + 68
10175 # 1504
10175 - 1500 1
10176 # 1504
10176 - 68 2
10177 # 1504
10178 # 1504
10178 + 1500
10178 + 68
10179 # 1504
10179 - 1500 1
10180 # 1504
10180 - 68 2
10180 + 1500
10180 + 68
10181 # 1504
10181 - 1500 1
10182 # 1504
10182 - 68 2
10183 # 1504
10184 # 1504
10185 # 1504
10185 + 1500
10185 + 68
10186 # 1504
10186 - 1500 1
10187 # 1504
10187 - 68 2
10188 # 1504
10189 # 1504
10190 # 1504
10190 + 1500
10190 + 68
10191 # 1504
10191 - 1500 1
10192 # 1504
10192 - 68 2
10193 # 1504
10194 # 1504
10194 + 1500
10194 + 68
10195 # 1504
10195 - 1500 1
10196 # 1504
10196 - 68 2
10197 # 1504
10197 + 1500
10197 + 68
10198 # 1504
10198 - 1500 1
10199 # 1504
10199 - 68 2
10200 # 1504
10200 + 1500
10200 + 68
10201 # 1504
10201 - 1500 1
10202 # 1504
10202 - 68 2
10203 # 1504
10204 # 1504
10205 # 1504
10205 + 1500
10205 + 68
10206 # 1504
10206 - 1500 1
10207 # 1504
10207 - 68 2
10208 # 1504
10209 # 1504
10210 # 1504
10210 + 1500
10210 + 68
10211 # 1504
10211 - 1500 1
10212 # 1504
10212 - 68 2
10213 # 1504
10214 # 1504
10214 + 1500
10214 + 68
10215 # 1504
10215 - 1500 1
10216 # 1504
10216 - 68 2
10217 # 1504
10217 + 1500
10217 + 68
10218 # 1504
10218 - 1500 1
10219 # 1504
10219 - 68 2
10219 + 1500
10219 + 68
10220 # 1504
10220 - 1500 1
10221 # 1504
10221 - 68 2
10222 # 1504
10223 # 1504
10224 # 1504
10224 + 1500
10224 + 68
10225 # 1504
10225 - 1500 1
10226 # 1504
10226 - 68 2
10227 # 1504
10228 # 1504
10229 # 1504
10229 + 1500
10229 + 68
10230 # 1504
10230 - 1500 1
10231 # 1504
10231 - 68 2
10232 # 1504
10233 # 1504
10233 + 1500
10233 + 68
10234 # 1504
10234 - 1500 1
10235 # 1504
10235 - 68 2
10236 # 1504
10237 # 1504
10238 # 1504
10238 + 1500
10238 + 68
10239 # 1504
10239 - 1500 1
10240 # 1504
10240 - 68 2
10241 # 1504
10242 # 1504
10243 # 1504
10243 + 1500
10243 + 68
10244 # 1504
10244 - 1500 1
10245 # 1504
10245 - 68 2
10246 # 1504
10247 # 1504
10248 # 1504
10248 + 1500
10248 + 68
10249 # 1504
10249 - 1500 1
10250 # 1504
10250 - 68 2
10251 # 1504
10252 # 1504
10253 # 1504
10253 + 1500
10253 + 68
10254 # 1504
10254 - 1500 1
10255 # 1504
10255 - 68 2
10256 # 1504
10257 # 1504
10257 + 1500
10257 + 68
10258 # 1504
10258 - 1500 1
10259 # 1504
10259 - 68 2
10260 # 1504
10261 # 1504
10262 # 1504
10262 + 1500
10262 + 68
10263 # 1504
10263 - 1500 1
10264 # 1504
10264 - 68 2
10265 # 1504
10266 # 1504
10267 # 1504
10267 + 1500
10267 + 68
10268 # 1504
10268 - 1500 1
10269 # 1504
10269 - 68 2
10270 # 1504
10271 # 1504
10272 # 1504
10272 + 1500
10272 + 68
10273 # 1504
10273 - 1500 1
10274 # 1504
10274 - 68 2
10275 # 1504
10276 # 1504
10276 + 1500
10276 + 68
10277 # 1504
10277 - 1500 1
10278 # 1504
10278 - 68 2
10279 # 1504
10279 + 1500
10279 + 68
10280 # 1504
10280 - 1500 1
10281 # 1504
10281 - 68 2
10281 + 1500
10281 + 68
10282 # 1504
10282 - 1500 1
10283 # 1504
10283 - 68 2
10284 # 1504
10285 # 1504
10286 # 1504
10286 + 1500
10286 + 68
10287 # 1504
10287 - 1500 1
10288 # 1504
10288 - 68 2
10289 # 1504
10290 # 1504
10291 # 1504
10291 + 1500
10291 + 68
10292 # 1504
10292 - 1500 1
10293 # 1504
10293 - 68 2
10294 # 1504
10295 # 1504
10295 + 1500
10295 + 68
10296 # 1504
10296 - 1500 1
10297 # 1504
10297 - 68 2
10298 # 1504
10299 # 1504
10300 # 1504
10300 + 1500
10300 + 68
10301 # 1504
10301 - 1500 1
10302 # 1504
10302 - 68 2
10303 # 1504
10304 # 1504
10305 # 1504
10305 + 1500
10305 + 68
10306 # 1504
10306 - 1500 1
10307 # 1504
10307 - 68 2
10308 # 1504
10309 # 1504
10310 # 1504
10310 + 1500
10310 + 68
10311 # 1504
10311 - 1500 1
10312 # 1504
10312 - 68 2
10313 # 1504
10314 # 1504
10315 # 1504
10315 + 1500
10315 + 68
10316 # 1504
10316 - 1500 1
10317 # 1504
10317 - 68 2
10318 # 1504
10319 # 1504
10319 + 1500
10319 + 68
10320 # 1504
10320 - 1500 1
10321 # 1504
10321 - 68 2
10322 # 1504
10322 + 1500
10322 + 68
10323 # 1504
10323 - 1500 1
10324 # 1504
10324 - 68 2
10325 # 1504
10325 + 1500
10325 + 68
10326 # 1504
10326 - 1500 1
10327 # 1504
10327 - 68 2
10328 # 1504
10329 # 1504
10330 # 1504
10330 + 1500
10330 + 68
10331 # 1504
10331 - 1500 1
10332 # 1504
10332 - 68 2
10333 # 1504
10334 # 1504
10335 # 1504
10335 + 1500
10335 + 68
10336 # 1504
10336 - 1500 1
10337 # 1504
10337 - 68 2
10338 # 1504
10339 # 1504
10339 + 1500
10339 + 68
10340 # 1504
10340 - 1500 1
10341 # 1504
10341 - 68 2
10342 # 1504
10342 + 1500
10342 + 68
10343 # 1504
10343 - 1500 1
10344 # 1504
10344 - 68 2
10345 # 1504
10345 + 1500
10345 + 68
10346 # 1504
10346 - 1500 1
10347 # 1504
10347 - 68 2
10348 # 1504
10349 # 1504
10350 # 1504
10350 + 1500
10350 + 68
10351 # 1504
10351 - 1500 1
10352 # 1504
10352 - 68 2
10353 # 1504
10354 # 1504
10355 # 1504
10355 + 1500
10355 + 68
10356 # 1504
10356 - 1500 1
10357 # 1504
10357 - 68 2
10358 # 1504
10359 # 1504
10360 # 1504
10360 + 1500
10360 + 68
10361 # 1504
10361 - 1500 1
10362 # 1504
10362 - 68 2
10363 # 1504
10364 # 1504
10364 + 1500
10364 + 68
10365 # 1504
10365 - 1500 1
10366 # 1504
10366 - 68 2
10367 # 1504
10368 # 1504
10369 # 1504
10369 + 1500
10369 + 68
10370 # 1504
10370 - 1500 1
10371 # 1504
10371 - 68 2
10372 # 1504
10373 # 1504
10374 # 1504
10374 + 1500
10374 + 68
10375 # 1504
10375 - 1500 1
10376 # 1504
10376 - 68 2
10377 # 1504
10378 # 1504
10379 # 1504
10379 + 1500
10379 + 68
10380 # 1504
10380 - 1500 1
10381 # 1504
10381 - 68 2
10382 # 1504
10383 # 1504
10384 # 1504
10384 + 1500
10384 + 68
10385 # 1504
10385 - 1500 1
10386 # 1504
10386 - 68 2
10387 # 1504
10388 # 1504
10388 + 1500
10388 + 68
10389 # 1504
10389 - 1500 1
10390 # 1504
10390 - 68 2
10391 # 1504
10392 # 1504
10393 # 1504
10393 + 1500
10393 + 68
10394 # 1504
10394 - 1500 1
10395 # 1504
10395 - 68 2
10396 # 1504
10397 # 1504
10398 # 1504
10398 + 1500
10398 + 68
10399 # 1504
10399 - 1500 1
10400 # 1504
10400 - 68 2
10401 # 1504
10402 # 1504
10403 # 1504
10403 + 1500
10403 + 68
10404 # 1504
10404 - 1500 1
10405 # 1504
10405 - 68 2
10406 # 1504
10407 # 1504
10407 + 1500
10407 + 68
10408 # 1504
10408 - 1500 1
10409 # 1504
10409 - 68 2
10410 # 1504
10410 + 1500
10410 + 68
10411 # 1504
10411 - 1500 1
10412 # 1504
10412 - 68 2
10413 # 1504
10413 + 1500
10413 + 68
10414 # 1504
10414 - 1500 1
10415 # 1504
10415 - 68 2
10416 # 1504
10417 # 1504
10418 # 1504
10418 + 1500
10418 + 68
10419 # 1504
10419 - 1500 1
10420 # 1504
10420 - 68 2
10421 # 1504
10422 # 1504
10423 # 1504
10423 + 1500
10423 + 68
10424 # 1504
10424 - 1500 1
10425 # 1504
10425 - 68 2
10426 # 1504
10427 # 1504
10428 # 1504
10428 + 1500
10428 + 68
10429 # 1504
10429 - 1500 1
10430 # 1504
10430 - 68 2
10431 # 1504
10432 # 1504
10432 + 1500
10432 + 68
10433 # 1504
10433 - 1500 1
10434 # 1504
10434 - 68 2
10435 # 1504
10436 # 1504
10437 # 1504
10437 + 1500
10437 + 68
10438 # 1504
10438 - 1500 1
10439 # 1504
10439 - 68 2
10440 # 1504
10441 # 1504
10442 # 1504
10442 + 1500
10442 + 68
10443 # 1504
10443 - 1500 1
10444 # 1504
10444 - 68 2
10445 # 1504
10446 # 1504
10447 # 1504
10447 + 1500
10447 + 68
10448 # 1504
10448 - 1500 1
10449 # 1504
10449 - 68 2
10450 # 1504
10451 # 1504
10452 # 1504
10452 + 1500
10452 + 68
10453 # 1504
10453 - 1500 1
10454 # 1504
10454 - 68 2
10455 # 1504
10456 # 1504
10456 + 1500
10456 + 68
10457 # 1504
10457 - 1500 1
10458 # 1504
10458 - 68 2
10459 # 1504
10460 # 1504
10461 # 1504
10461 + 1500
10461 + 68
10462 # 1504
10462 - 1500 1
10463 # 1504
10463 - 68 2
10464 # 1504
10465 # 1504
10466 # 1504
10466 + 1500
10466 + 68
10467 # 1504
10467 - 1500 1
10468 # 1504
10468 - 68 2
10469 # 1504
10470 # 1504
10471 # 1504
10471 + 1500
10471 + 68
10472 # 1504
10472 - 1500 1
10473 # 1504
10473 - 68 2
10474 # 1504
10475 # 1504
10476 # 1504
10476 + 1500
10476 + 68
10477 # 1504
10477 - 1500 1
10478 # 1504
10478 - 68 2
10479 # 1504
10480 # 1504
10480 + 1500
10480 + 68
10481 # 1504
10481 - 1500 1
10482 # 1504
10482 - 68 2
10483 # 1504
10484 # 1504
10485 # 1504
10485 + 1500
10485 + 68
10486 # 1504
10486 - 1500 1
10487 # 1504
10487 - 68 2
10488 # 1504
10489 # 1504
10490 # 1504
10490 + 1500
10490 + 68
10491 # 1504
10491 - 1500 1
10492 # 1504
10492 - 68 2
10493 # 1504
10494 # 1504
10495 # 1504
10495 + 1500
10495 + 68
10496 # 1504
10496 - 1500 1
10497 # 1504
10497 - 68 2
10498 # 1504
10499 # 1504
10500 # 1504
10500 + 1500
10500 + 68
10501 # 1504
10501 - 1500 1
10502 # 1504
10502 - 68 2
10503 # 1504
10504 # 1504
10504 + 1500
10504 + 68
10505 # 1504
10505 - 1500 1
10506 # 1504
10506 - 68 2
10507 # 1504
10508 # 1504
10509 # 1504
10509 + 1500
10509 + 68
10510 # 1504
10510 - 1500 1
10511 # 1504
10511 - 68 2
10512 # 1504
10513 # 1504
10514 # 1504
10514 + 1500
10514 + 68
10515 # 1504
10515 - 1500 1
10516 # 1504
10516 - 68 2
10517 # 1504
10518 # 1504
10519 # 1504
10519 + 1500
10519 + 68
10520 # 1504
10520 - 1500 1
10521 # 1504
10521 - 68 2
10522 # 1504
10523 # 1504
10523 + 1500
10523 + 68
10524 # 1504
10524 - 1500 1
10525 # 1504
10525 - 68 2
10526 # 1504
10527 # 1504
10528 # 1504
10528 + 1500
10528 + 68
10529 # 1504
10529 - 1500 1
10530 # 1504
10530 - 68 2
10531 # 1504
10532 # 1504
10533 # 1504
10533 + 1500
10533 + 68
10534 # 1504
10534 - 1500 1
10535 # 1504
10535 - 68 2
10536 # 1504
10537 # 1504
10538 # 1504
10538 + 1500
10538 + 68
10539 # 1504
10539 - 1500 1
10540 # 1504
10540 - 68 2
10541 # 1504
10542 # 1504
10543 # 1504
10543 + 1500
10543 + 68
10544 # 1504
10544 - 1500 1
10545 # 1504
10545 - 68 2
10546 # 1504
10547 # 1504
10547 + 1500
10547 + 68
10548 # 1504
10548 - 1500 1
10549 # 1504
10549 - 68 2
10550 # 1504
10551 # 1504
10552 # 1504
10552 + 1500
10552 + 68
10553 # 1504
10553 - 1500 1
10554 # 1504
10554 - 68 2
10555 # 1504
10556 # 1504
10557 # 1504
10557 + 1500
10557 + 68
10558 # 1504
10558 - 1500 1
10559 # 1504
10559 - 68 2
10560 # 1504
10561 # 1504
10562 # 1504
10562 + 1500
10562 + 68
10563 # 1504
10563 - 1500 1
10564 # 1504
10564 - 68 2
10565 # 1504
10566 # 1504
10567 # 1504
10567 + 1500
10567 + 68
10568 # 1504
10568 - 1500 1
10569 # 1504
10569 - 68 2
10570 # 1504
10571 # 1504
10571 + 1500
10571 + 68
10572 # 1504
10572 - 1500 1
10573 # 1504
10573 - 68 2
10574 # 1504
10574 + 1500
10574 + 68
10575 # 1504
10575 - 1500 1
10576 # 1504
10576 - 68 2
10576 + 1500
10576 + 68
10577 # 1504
10577 - 1500 1
10578 # 1504
10578 - 68 2
10579 # 1504
10580 # 1504
10581 # 1504
10581 + 1500
10581 + 68
10582 # 1504
10582 - 1500 1
10583 # 1504
10583 - 68 2
10584 # 1504
10585 # 1504
10586 # 1504
10586 + 1500
10586 + 68
10587 # 1504
10587 - 1500 1
10588 # 1504
10588 - 68 2
10589 # 1504
10590 # 1504
10590 + 1500
10590 + 68
10591 # 1504
10591 - 1500 1
10592 # 1504
10592 - 68 2
10593 # 1504
10594 # 1504
10595 # 1504
10595 + 1500
10595 + 68
10596 # 1504
10596 - 1500 1
10597 # 1504
10597 - 68 2
10598 # 1504
10599 # 1504
10600 # 1504
10600 + 1500
10600 + 68
10601 # 1504
10601 - 1500 1
10602 # 1504
10602 - 68 2
10603 # 1504
10604 # 1504
10605 # 1504
10605 + 1500
10605 + 68
10606 # 1504
10606 - 1500 1
10607 # 1504
10607 - 68 2
10608 # 1504
10609 # 1504
10609 + 1500
10609 + 68
10610 # 1504
10610 - 1500 1
10611 # 1504
10611 - 68 2
10612 # 1504
10612 + 1500
10612 + 68
10613 # 1504
10613 - 1500 1
10614 # 1504
10614 - 68 2
10614 + 1500
10614 + 68
10615 # 1504
10615 - 1500 1
10616 # 1504
10616 - 68 2
10617 # 1504
10618 # 1504
10619 # 1504
10619 + 1500
10619 + 68
10620 # 1504
10620 - 1500 1
10621 # 1504
10621 - 68 2
10622 # 1504
10623 # 1504
10624 # 1504
10624 + 1500
10624 + 68
10625 # 1504
10625 - 1500 1
10626 # 1504
10626 - 68 2
10627 # 1504
10628 # 1504
10628 + 1500
10628 + 68
10629 # 1504
10629 - 1500 1
10630 # 1504
10630 - 68 2
10631 # 1504
10632 # 1504
10633 # 1504
10633 + 1500
10633 + 68
10634 # 1504
10634 - 1500 1
10635 # 1504
10635 - 68 2
10636 # 1504
10637 # 1504
10638 # 1504
10638 + 1500
10638 + 68
10639 # 1504
10639 - 1500 1
10640 # 1504
10640 - 68 2
10641 # 1504
10642 # 1504
10643 # 1504
10643 + 1500
10643 + 68
10644 # 1504
10644 - 1500 1
10645 # 1504
10645 - 68 2
10646 # 1504
10647 # 1504
10648 # 1504
10648 + 1500
10648 + 68
10649 # 1504
10649 - 1500 1
10650 # 1504
10650 - 68 2
10651 # 1504
10652 # 1504
10652 + 1500
10652 + 68
10653 # 1504
10653 - 1500 1
10654 # 1504
10654 - 68 2
10655 # 1504
10656 # 1504
10657 # 1504
10657 + 1500
10657 + 68
10658 # 1504
10658 - 1500 1
10659 # 1504
10659 - 68 2
10660 # 1504
10661 # 1504
10662 # 1504
10662 + 1500
10662 + 68
10663 # 1504
10663 - 1500 1
10664 # 1504
10664 - 68 2
10665 # 1504
10666 # 1504
10667 # 1504
10667 + 1500
10667 + 68
10668 # 1504
10668 - 1500 1
10669 # 1504
10669 - 68 2
10670 # 1504
10671 # 1504
10672 # 1504
10672 + 1500
10672 + 68
10673 # 1504
10673 - 1500 1
10674 # 1504
10674 - 68 2
10675 # 1504
10676 # 1504
10676 + 1500
10676 + 68
10677 # 1504
10677 - 1500 1
10678 # 1504
10678 - 68 2
10679 # 1504
10680 # 1504
10681 # 1504
10681 + 1500
10681 + 68
10682 # 1504
10682 - 1500 1
10683 # 1504
10683 - 68 2
10684 # 1504
10685 # 1504
10686 # 1504
10686 + 1500
10686 + 68
10687 # 1504
10687 - 1500 1
10688 # 1504
10688 - 68 2
10689 # 1504
10690 # 1504
10691 # 1504
10691 + 1500
10691 + 68
10692 # 1504
10692 - 1500 1
10693 # 1504
10693 - 68 2
10694 # 1504
10695 # 1504
10696 # 1504
10696 + 1500
10696 + 68
10697 # 1504
10697 - 1500 1
10698 # 1504
10698 - 68 2
10699 # 1504
10700 # 1504
10700 + 1500
10700 + 68
10701 # 1504
10701 - 1500 1
10702 # 1504
10702 - 68 2
10703 # 1504
10704 # 1504
10705 # 1504
10705 + 1500
10705 + 68
10706 # 1504
10706 - 1500 1
10707 # 1504
10707 - 68 2
10708 # 1504
10709 # 1504
10710 # 1504
10710 + 1500
10710 + 68
10711 # 1504
10711 - 1500 1
10712 # 1504
10712 - 68 2
10713 # 1504
10714 # 1504
10715 # 1504
10715 + 1500
10715 + 68
10716 # 1504
10716 - 1500 1
10717 # 1504
10717 - 68 2
10718 # 1504
10719 # 1504
10719 + 1500
10719 + 68
10720 # 1504
10720 - 1500 1
10721 # 1504
10721 - 68 2
10722 # 1504
10722 + 1500
10722 + 68
10723 # 1504
10723 - 1500 1
10724 # 1504
10724 - 68 2
10725 # 1504
10725 + 1500
10725 + 68
10726 # 1504
10726 - 1500 1
10727 # 1504
10727 - 68 2
10728 # 1504
10729 # 1504
10730 # 1504
10730 + 1500
10730 + 68
10731 # 1504
10731 - 1500 1
10732 # 1504
10732 - 68 2
10733 # 1504
10734 # 1504
10735 # 1504
10735 + 1500
10735 + 68
10736 # 1504
10736 - 1500 1
10737 # 1504
10737 - 68 2
10738 # 1504
10739 # 1504
10740 # 1504
10740 + 1500
10740 + 68
10741 # 1504
10741 - 1500 1
10742 # 1504
10742 - 68 2
10743 # 1504
10744 # 1504
10744 + 1500
10744 + 68
10745 # 1504
10745 - 1500 1
10746 # 1504
10746 - 68 2
10747 # 1504
10748 # 1504
10749 # 1504
10749 + 1500
10749 + 68
10750 # 1504
10750 - 1500 1
10751 # 1504
10751 - 68 2
10752 # 1504
10753 # 1504
10754 # 1504
10754 + 1500
10754 + 68
10755 # 1504
10755 - 1500 1
10756 # 1504
10756 - 68 2
10757 # 1504
10758 # 1504
10759 # 1504
10759 + 1500
10759 + 68
10760 # 1504
10760 - 1500 1
10761 # 1504
10761 - 68 2
10762 # 1504
10763 # 1504
10764 # 1504
10764 + 1500
10764 + 68
10765 # 1504
10765 - 1500 1
10766 # 1504
10766 - 68 2
10767 # 1504
10768 # 1504
10768 + 1500
10768 + 68
10769 # 1504
10769 - 1500 1
10770 # 1504
10770 - 68 2
10771 # 1504
10772 # 1504
10773 # 1504
10773 + 1500
10773 + 68
10774 # 1504
10774 - 1500 1
10775 # 1504
10775 - 68 2
10776 # 1504
10777 # 1504
10778 # 1504
10778 + 1500
10778 + 68
10779 # 1504
10779 - 1500 1
10780 # 1504
10780 - 68 2
10781 # 1504
10782 # 1504
10783 # 1504
10783 + 1500
10783 + 68
10784 # 1504
10784 - 1500 1
10785 # 1504
10785 - 68 2
10786 # 1504
10787 # 1504
10788 # 1504
10788 + 1500
10788 + 68
10789 # 1504
10789 - 1500 1
10790 # 1504
10790 - 68 2
10791 # 1504
10792 # 1504
10792 + 1500
10792 + 68
10793 # 1504
10793 - 1500 1
10794 # 1504
10794 - 68 2
10795 # 1504
10795 + 1500
10795 + 68
10796 # 1504
10796 - 1500 1
10797 # 1504
10797 - 68 2
10797 + 1500
10797 + 68
10798 # 1504
10798 - 1500 1
10799 # 1504
10799 - 68 2
10800 # 1504
10800 + 1500
10800 + 68
10801 # 1504
10801 - 1500 1
10802 # 1504
10802 - 68 2
10803 # 1504
10804 # 1504
10804 + 1500
10804 + 68
10805 # 1504
10805 - 1500 1
10806 # 1504
10806 - 68 2
10807 # 1504
10808 # 1504
10809 # 1504
10809 + 1500
10809 + 68
10810 # 1504
10810 - 1500 1
10811 # 1504
10811 - 68 2
10812 # 1504
10813 # 1504
10814 # 1504
10814 + 1500
10814 + 68
10815 # 1504
10815 - 1500 1
10816 # 1504
10816 - 68 2
10817 # 1504
10818 # 1504
10819 # 1504
10819 + 1500
10819 + 68
10820 # 1504
10820 - 1500 1
10821 # 1504
10821 - 68 2
10822 # 1504
10823 # 1504
10824 # 1504
10824 + 1500
10824 + 68
10825 # 1504
10825 - 1500 1
10826 # 1504
10826 - 68 2
10827 # 1504
10828 # 1504
10828 + 1500
10828 + 68
10829 # 1504
10829 - 1500 1
10830 # 1504
10830 - 68 2
10831 # 1504
10832 # 1504
10833 # 1504
10833 + 1500
10833 + 68
10834 # 1504
10834 - 1500 1
10835 # 1504
10835 - 68 2
10836 # 1504
10837 # 1504
10838 # 1504
10838 + 1500
10838 + 68
10839 # 1504
10839 - 1500 1
10840 # 1504
10840 - 68 2
10841 # 1504
10842 # 1504
10843 # 1504
10843 + 1500
10843 + 68
10844 # 1504
10844 - 1500 1
10845 # 1504
10845 - 68 2
10846 # 1504
10847 # 1504
10848 # 1504
10848 + 1500
10848 + 68
10849 # 1504
10849 - 1500 1
10850 # 1504
10850 - 68 2
10851 # 1504
10852 # 1504
10852 + 1500
10852 + 68
10853 # 1504
10853 - 1500 1
10854 # 1504
10854 - 68 2
10855 # 1504
10856 # 1504
10857 # 1504
10857 + 1500
10857 + 68
10858 # 1504
10858 - 1500 1
10859 # 1504
10859 - 68 2
10860 # 1504
10861 # 1504
10862 # 1504
10862 + 1500
10862 + 68
10863 # 1504
10863 - 1500 1
10864 # 1504
10864 - 68 2
10865 # 1504
10866 # 1504
10867 # 1504
10867 + 1500
10867 + 68
10868 # 1504
10868 - 1500 1
10869 # 1504
10869 - 68 2
10870 # 1504
10871 # 1504
10872 # 1504
10872 + 1500
10872 + 68
10873 # 1504
10873 - 1500 1
10874 # 1504
10874 - 68 2
10875 # 1504
10876 # 1504
10876 + 1500
10876 + 68
10877 # 1504
10877 - 1500 1
10878 # 1504
10878 - 68 2
10879 # 1504
10880 # 1504
10881 # 1504
10881 + 1500
10881 + 68
10882 # 1504
10882 - 1500 1
10883 # 1504
10883 - 68 2
10884 # 1504
10885 # 1504
10886 # 1504
10886 + 1500
10886 + 68
10887 # 1504
10887 - 1500 1
10888 # 1504
10888 - 68 2
10889 # 1504
10890 # 1504
10891 # 1504
10891 + 1500
10891 + 68
10892 # 1504
10892 - 1500 1
10893 # 1504
10893 - 68 2
10894 # 1504
10895 # 1504
10896 # 1504
10896 + 1500
10896 + 68
10897 # 1504
10897 - 1500 1
10898 # 1504
10898 - 68 2
10899 # 1504
10900 # 1504
10900 + 1500
10900 + 68
10901 # 1504
10901 - 1500 1
10902 # 1504
10902 - 68 2
10903 # 1504
10904 # 1504
10905 # 1504
10905 + 1500
10905 + 68
10906 # 1504
10906 - 1500 1
10907 # 1504
10907 - 68 2
10908 # 1504
10909 # 1504
10910 # 1504
10910 + 1500
10910 + 68
10911 # 1504
10911 - 1500 1
10912 # 1504
10912 - 68 2
10913 # 1504
10914 # 1504
10915 # 1504
10915 + 1500
10915 + 68
10916 # 1504
10916 - 1500 1
10917 # 1504
10917 - 68 2
10918 # 1504
10919 # 1504
10920 # 1504
10920 + 1500
10920 + 68
10921 # 1504
10921 - 1500 1
10922 # 1504
10922 - 68 2
10923 # 1504
10924 # 1504
10924 + 1500
10924 + 68
10925 # 1504
10925 - 1500 1
10926 # 1504
10926 - 68 2
10927 # 1504
10928 # 1504
10929 # 1504
10929 + 1500
10929 + 68
10930 # 1504
10930 - 1500 1
10931 # 1504
10931 - 68 2
10932 # 1504
10933 # 1504
10934 # 1504
10934 + 1500
10934 + 68
10935 # 1504
10935 - 1500 1
10936 # 1504
10936 - 68 2
10937 # 1504
10938 # 1504
10939 # 1504
10939 + 1500
10939 + 68
10940 # 1504
10940 - 1500 1
10941 # 1504
10941 - 68 2
10942 # 1504
10943 # 1504
10943 + 1500
10944 # 1504
10944 - 1500 1
10944 + 68
10945 # 1504
10945 - 68 1
10946 # 1504
10946 + 1500
10946 + 68
10947 # 1504
10947 - 1500 1
10948 # 1504
10948 - 68 2
10949 # 1504
10949 + 1500
10949 + 68
10950 # 1504
10950 - 1500 1
10951 # 1504
10951 - 68 2
10952 # 1504
10953 # 1504
10954 # 1504
10954 + 1500
10954 + 68
10955 # 1504
10955 - 1500 1
10956 # 1504
10956 - 68 2
10957 # 1504
10958 # 1504
10959 # 1504
10959 + 1500
10959 + 68
10960 # 1504
10960 - 1500 1
10961 # 1504
10961 - 68 2
10962 # 1504
10963 # 1504
10964 # 1504
10964 + 1500
10964 + 68
10965 # 1504
10965 - 1500 1
10966 # 1504
10966 - 68 2
10967 # 1504
10968 # 1504
10968 + 1500
10968 + 68
10969 # 1504
10969 - 1500 1
10970 # 1504
10970 - 68 2
10971 # 1504
10972 # 1504
10973 # 1504
10973 + 1500
10973 + 68
10974 # 1504
10974 - 1500 1
10975 # 1504
10975 - 68 2
10976 # 1504
10977 # 1504
10978 # 1504
10978 + 1500
10978 + 68
10979 # 1504
10979 - 1500 1
10980 # 1504
10980 - 68 2
10981 # 1504
10982 # 1504
10983 # 1504
10983 + 1500
10983 + 68
10984 # 1504
10984 - 1500 1
10985 # 1504
10985 - 68 2
10986 # 1504
10987 # 1504
10988 # 1504
10988 + 1500
10988 + 68
10989 # 1504
10989 - 1500 1
10990 # 1504
10990 - 68 2
10991 # 1504
10992 # 1504
10992 + 1500
10992 + 68
10993 # 1504
10993 - 1500 1
10994 # 1504
10994 - 68 2
10995 # 1504
10996 # 1504
10997 # 1504
10997 + 1500
10997 + 68
10998 # 1504
10998 - 1500 1
10999 # 1504
10999 - 68 2
11000 # 1504
11001 # 1504
11002 # 1504
11002 + 1500
11002 + 68
11003 # 1504
11003 - 1500 1
11004 # 1504
11004 - 68 2
11005 # 1504
11006 # 1504
11007 # 1504
11007 + 1500
11007 + 68
11008 # 1504
11008 - 1500 1
11009 # 1504
11009 - 68 2
11010 # 1504
11011 # 1504
11012 # 1504
11012 + 1500
11012 + 68
11013 # 1504
11013 - 1500 1
11014 # 1504
11014 - 68 2
11015 # 1504
11016 # 1504
11016 + 1500
11016 + 68
11017 # 1504
11017 - 1500 1
11018 # 1504
11018 - 68 2
11019 # 1504
11020 # 1504
11021 # 1504
11021 + 1500
11021 + 68
11022 # 1504
11022 - 1500 1
11023 # 1504
11023 - 68 2
11024 # 1504
11025 # 1504
11026 # 1504
11026 + 1500
11026 + 68
11027 # 1504
11027 - 1500 1
11028 # 1504
11028 - 68 2
11029 # 1504
11030 # 1504
11031 # 1504
11031 + 1500
11031 + 68
11032 # 1504
11032 - 1500 1
11033 # 1504
11033 - 68 2
11034 # 1504
11035 # 1504
11036 # 1504
11036 + 1500
11036 + 68
11037 # 1504
11037 - 1500 1
11038 # 1504
11038 - 68 2
11039 # 1504
11040 # 1504
11040 + 1500
11040 + 68
11041 # 1504
11041 - 1500 1
11042 # 1504
11042 - 68 2
11043 # 1504
11044 # 1504
11045 # 1504
11045 + 1500
11045 + 68
11046 # 1504
11046 - 1500 1
11047 # 1504
11047 - 68 2
11048 # 1504
11049 # 1504
11050 # 1504
11050 + 1500
11050 + 68
11051 # 1504
11051 - 1500 1
11052 # 1504
11052 - 68 2
11053 # 1504
11054 # 1504
11055 # 1504
11055 + 1500
11055 + 68
11056 # 1504
11056 - 1500 1
11057 # 1504
11057 - 68 2
11058 # 1504
11059 # 1504
11059 + 1500
11059 + 68
11060 # 1504
11060 - 1500 1
11061 # 1504
11061 - 68 2
11062 # 1504
11063 # 1504
11064 # 1504
11064 + 1500
11064 + 68
11065 # 1504
11065 - 1500 1
11066 # 1504
11066 - 68 2
11067 # 1504
11068 # 1504
11069 # 1504
11069 + 1500
11069 + 68
11070 # 1504
11070 - 1500 1
11071 # 1504
11071 - 68 2
11072 # 1504
11073 # 1504
11074 # 1504
11074 + 1500
11074 + 68
11075 # 1504
11075 - 1500 1
11076 # 1504
11076 - 68 2
11077 # 1504
11078 # 1504
11079 # 1504
11079 + 1500
11079 + 68
11080 # 1504
11080 - 1500 1
11081 # 1504
11081 - 68 2
11082 # 1504
11083 # 1504
11083 + 1500
11083 + 68
11084 # 1504
11084 - 1500 1
11085 # 1504
11085 - 68 2
11086 # 1504
11086 + 1500
11086 + 68
11087 # 1504
11087 - 1500 1
11088 # 1504
11088 - 68 2
11089 # 1504
11089 + 1500
11089 + 68
11090 # 1504
11090 - 1500 1
11091 # 1504
11091 - 68 2
11092 # 1504
11093 # 1504
11094 # 1504
11094 + 1500
11094 + 68
11095 # 1504
11095 - 1500 1
11096 # 1504
11096 - 68 2
11097 # 1504
11098 # 1504
11099 # 1504
11099 + 1500
11099 + 68
11100 # 1504
11100 - 1500 1
11101 # 1504
11101 - 68 2
11102 # 1504
11103 # 1504
11104 # 1504
11104 + 1500
11104 + 68
11105 # 1504
11105 - 1500 1
11106 # 1504
11106 - 68 2
11107 # 1504
11108 # 1504
11108 + 1500
11108 + 68
11109 # 1504
11109 - 1500 1
11110 # 1504
11110 - 68 2
11111 # 1504
11112 # 1504
11113 # 1504
11113 + 1500
11113 + 68
11114 # 1504
11114 - 1500 1
11115 # 1504
11115 - 68 2
11116 # 1504
11117 # 1504
11118 # 1504
11118 + 1500
11118 + 68
11119 # 1504
11119 - 1500 1
11120 # 1504
11120 - 68 2
11121 # 1504
11122 # 1504
11123 # 1504
11123 + 1500
11123 + 68
11124 # 1504
11124 - 1500 1
11125 # 1504
11125 - 68 2
11126 # 1504
11127 # 1504
11128 # 1504
11128 + 1500
11128 + 68
11129 # 1504
11129 - 1500 1
11130 # 1504
11130 - 68 2
11131 # 1504
11132 # 1504
11132 + 1500
11132 + 68
11133 # 1504
11133 - 1500 1
11134 # 1504
11134 - 68 2
11135 # 1504
11136 # 1504
11137 # 1504
11137 + 1500
11137 + 68
11138 # 1504
11138 - 1500 1
11139 # 1504
11139 - 68 2
11140 # 1504
11141 # 1504
11142 # 1504
11142 + 1500
11142 + 68
11143 # 1504
11143 - 1500 1
11144 # 1504
11144 - 68 2
11145 # 1504
11146 # 1504
11147 # 1504
11147 + 1500
11147 + 68
11148 # 1504
11148 - 1500 1
11149 # 1504
11149 - 68 2
11150 # 1504
11151 # 1504
11151 + 1500
11151 + 68
11152 # 1504
11152 - 1500 1
11153 # 1504
11153 - 68 2
11154 # 1504
11154 + 1500
11154 + 68
11155 # 1504
11155 - 1500 1
11156 # 1504
11156 - 68 2
11156 + 1500
11156 + 68
11157 # 1504
11157 - 1500 1
11158 # 1504
11158 - 68 2
11159 # 1504
11159 + 1500
11159 + 68
11160 # 1504
11160 - 1500 1
11161 # 1504
11161 - 68 2
11162 # 1504
11163 # 1504
11163 + 1500
11163 + 68
11164 # 1504
11164 - 1500 1
11165 # 1504
11165 - 68 2
11166 # 1504
11166 + 1500
11166 + 68
11167 # 1504
11167 - 1500 1
11168 # 1504
11168 - 68 2
11168 + 1500
11168 + 68
11169 # 1504
11169 - 1500 1
11170 # 1504
11170 - 68 2
11171 # 1504
11171 + 1500
11171 + 68
11172 # 1504
11172 - 1500 1
11173 # 1504
11173 - 68 2
11174 # 1504
11175 # 1504
11176 # 1504
11176 + 1500
11176 + 68
11177 # 1504
11177 - 1500 1
11178 # 1504
11178 - 68 2
11179 # 1504
11180 # 1504
11181 # 1504
11181 + 1500
11181 + 68
11182 # 1504
11182 - 1500 1
11183 # 1504
11183 - 68 2
11184 # 1504
11185 # 1504
11185 + 1500
11185 + 68
11186 # 1504
11186 - 1500 1
11187 # 1504
11187 - 68 2
11188 # 1504
11189 # 1504
11190 # 1504
11190 + 1500
11190 + 68
11191 # 1504
11191 - 1500 1
11192 # 1504
11192 - 68 2
11193 # 1504
11194 # 1504
11195 # 1504
11195 + 1500
11195 + 68
11196 # 1504
11196 - 1500 1
11197 # 1504
11197 - 68 2
11198 # 1504
11199 # 1504
11200 # 1504
11200 + 1500
11200 + 68
11201 # 1504
11201 - 1500 1
11202 # 1504
11202 - 68 2
11203 # 1504
11204 # 1504
11204 + 1500
11204 + 68
11205 # 1504
11205 - 1500 1
11206 # 1504
11206 - 68 2
11207 # 1504
11207 + 1500
11207 + 68
11208 # 1504
11208 - 1500 1
11209 # 1504
11209 - 68 2
11210 # 1504
11210 + 1500
11210 + 68
11211 # 1504
11211 - 1500 1
11212 # 1504
11212 - 68 2
11213 # 1504
11213 + 1500
11213 + 68
11214 # 1504
11214 - 1500 1
11215 # 1504
11215 - 68 2
11216 # 1504
11217 # 1504
11218 # 1504
11218 + 1500
11218 + 68
11219 # 1504
11219 - 1500 1
11220 # 1504
11220 - 68 2
11221 # 1504
11222 # 1504
11222 + 1500
11222 + 68
11223 # 1504
11223 - 1500 1
11224 # 1504
11224 - 68 2
11225 # 1504
11225 + 1500
11225 + 68
11226 # 1504
11226 - 1500 1
11227 # 1504
11227 - 68 2
11227 + 1500
11227 + 68
11228 # 1504
11228 - 1500 1
11229 # 1504
11229 - 68 2
11230 # 1504
11231 # 1504
11232 # 1504
11232 + 1500
11232 + 68
11233 # 1504
11233 - 1500 1
11234 # 1504
11234 - 68 2
11235 # 1504
11236 # 1504
11237 # 1504
11237 + 1500
11237 + 68
11238 # 1504
11238 - 1500 1
11239 # 1504
11239 - 68 2
11240 # 1504
11241 # 1504
11241 + 1500
11241 + 68
11242 # 1504
11242 - 1500 1
11243 # 1504
11243 - 68 2
11244 # 1504
11244 + 1500
11244 + 68
11245 # 1504
11245 - 1500 1
11246 # 1504
11246 - 68 2
11247 # 1504
11247 + 1500
11247 + 68
11248 # 1504
11248 - 1500 1
11249 # 1504
11249 - 68 2
11250 # 1504
11251 # 1504
11252 # 1504
11252 + 1500
11252 + 68
11253 # 1504
11253 - 1500 1
11254 # 1504
11254 - 68 2
11255 # 1504
11256 # 1504
11257 # 1504
11258 # 1504
11258 + 1500
11258 + 68
11259 # 1504
11259 - 1500 1
11260 # 1504
11260 - 68 2
11261 # 1504
11261 + 1500
11261 + 68
11262 # 1504
11262 - 1500 1
11263 # 1504
11263 - 68 2
11264 # 1504
11265 # 1504
11266 # 1504
11266 + 1500
11266 + 68
11267 # 1504
11267 - 1500 1
11268 # 1504
11268 - 68 2
11269 # 1504
11270 # 1504
11271 # 1504
11271 + 1500
11271 + 68
11272 # 1504
11272 - 1500 1
11273 # 1504
11273 - 68 2
11274 # 1504
11275 # 1504
11276 # 1504
11276 + 1500
11276 + 68
11277 # 1504
11277 - 1500 1
11278 # 1504
11278 - 68 2
11279 # 1504
11280 # 1504
11281 # 1504
11282 # 1504
11282 + 1500
11282 + 68
11283 # 1504
11283 - 1500 1
11284 # 1504
11284 - 68 2
11285 # 1504
11285 + 1500
11285 + 68
11286 # 1504
11286 - 1500 1
11287 # 1504
11287 - 68 2
11288 # 1504
11289 # 1504
11290 # 1504
11290 + 1500
11290 + 68
11291 # 1504
11291 - 1500 1
11292 # 1504
11292 - 68 2
11293 # 1504
11294 # 1504
11295 # 1504
11295 + 1500
11295 + 68
11296 # 1504
11296 - 1500 1
11297 # 1504
11297 - 68 2
11298 # 1504
11299 # 1504
11300 # 1504
11300 + 1500
11300 + 68
11301 # 1504
11301 - 1500 1
11302 # 1504
11302 - 68 2
11303 # 1504
11304 # 1504
11305 # 1504
11305 + 1500
11305 + 68
11306 # 1504
11306 - 1500 1
11307 # 1504
11307 - 68 2
11308 # 1504
11309 # 1504
11309 + 1500
11309 + 68
11310 # 1504
11310 - 1500 1
11311 # 1504
11311 - 68 2
11312 # 1504
11313 # 1504
11314 # 1504
11314 + 1500
11314 + 68
11315 # 1504
11315 - 1500 1
11316 # 1504
11316 - 68 2
11317 # 1504
11318 # 1504
11319 # 1504
11319 + 1500
11319 + 68
11320 # 1504
11320 - 1500 1
11321 # 1504
11321 - 68 2
11322 # 1504
11323 # 1504
11324 # 1504
11324 + 1500
11324 + 68
11325 # 1504
11325 - 1500 1
11326 # 1504
11326 - 68 2
11327 # 1504
11328 # 1504
11329 # 1504
11329 + 1500
11329 + 68
11330 # 1504
11330 - 1500 1
11331 # 1504
11331 - 68 2
11332 # 1504
11333 # 1504
11334 # 1504
11334 + 1500
11334 + 68
11335 # 1504
11335 - 1500 1
11336 # 1504
11336 - 68 2
11337 # 1504
11338 # 1504
11338 + 1500
11338 + 68
11339 # 1504
11339 - 1500 1
11340 # 1504
11340 - 68 2
11341 # 1504
11342 # 1504
11343 # 1504
11343 + 1500
11343 + 68
11344 # 1504
11344 - 1500 1
11345 # 1504
11345 - 68 2
11346 # 1504
11347 # 1504
11348 # 1504
11348 + 1500
11348 + 68
11349 # 1504
11349 - 1500 1
11350 # 1504
11350 - 68 2
11351 # 1504
11352 # 1504
11353 # 1504
11353 + 1500
11353 + 68
11354 # 1504
11354 - 1500 1
11355 # 1504
11355 - 68 2
11356 # 1504
11357 # 1504
11357 + 1500
11357 + 68
11358 # 1504
11358 - 1500 1
11359 # 1504
11359 - 68 2
11360 # 1504
11360 + 1500
11360 + 68
11361 # 1504
11361 - 1500 1
11362 # 1504
11362 - 68 2
11362 + 1500
11362 + 68
11363 # 1504
11363 - 1500 1
11364 # 1504
11364 - 68 2
11365 # 1504
11366 # 1504
11367 # 1504
11367 + 1500
11367 + 68
11368 # 1504
11368 - 1500 1
11369 # 1504
11369 - 68 2
11370 # 1504
11371 # 1504
11371 + 1500
11371 + 68
11372 # 1504
11372 - 1500 1
11373 # 1504
11373 - 68 2
11374 # 1504
11374 + 1500
11374 + 68
11375 # 1504
11375 - 1500 1
11376 # 1504
11376 - 68 2
11377 # 1504
11377 + 1500
11377 + 68
11378 # 1504
11378 - 1500 1
11379 # 1504
11379 - 68 2
11380 # 1504
11380 + 1500
11380 + 68
11381 # 1504
11381 - 1500 1
11382 # 1504
11382 - 68 2
11383 # 1504
11383 + 1500
11383 + 68
11384 # 1504
11384 - 1500 1
11385 # 1504
11385 - 68 2
11386 # 1504
11387 # 1504
11388 # 1504
11388 + 1500
11388 + 68
11389 # 1504
11389 - 1500 1
11390 # 1504
11390 - 68 2
11391 # 1504
11392 # 1504
11393 # 1504
11393 + 1500
11393 + 68
11394 # 1504
11394 - 1500 1
11395 # 1504
11395 - 68 2
11396 # 1504
11397 # 1504
11397 + 1500
11397 + 68
11398 # 1504
11398 - 1500 1
11399 # 1504
11399 - 68 2
11400 # 1504
11401 # 1504
11402 # 1504
11402 + 1500
11402 + 68
11403 # 1504
11403 - 1500 1
11404 # 1504
11404 - 68 2
11405 # 1504
11406 # 1504
11407 # 1504
11407 + 1500
11407 + 68
11408 # 1504
11408 - 1500 1
11409 # 1504
11409 - 68 2
11410 # 1504
11411 # 1504
11412 # 1504
11412 + 1500
11412 + 68
11413 # 1504
11413 - 1500 1
11414 # 1504
11414 - 68 2
11415 # 1504
11416 # 1504
11417 # 1504
11417 + 1500
11417 + 68
11418 # 1504
11418 - 1500 1
11419 # 1504
11419 - 68 2
11420 # 1504
11421 # 1504
11421 + 1500
11421 + 68
11422 # 1504
11422 - 1500 1
11423 # 1504
11423 - 68 2
11424 # 1504
11425 # 1504
11426 # 1504
11426 + 1500
11426 + 68
11427 # 1504
11427 - 1500 1
11428 # 1504
11428 - 68 2
11429 # 1504
11430 # 1504
11431 # 1504
11431 + 1500
11431 + 68
11432 # 1504
11432 - 1500 1
11433 # 1504
11433 - 68 2
11434 # 1504
11434 + 1500
11434 + 68
11435 # 1504
11435 - 1500 1
11435 + 1500
11435 + 68
11436 # 1504
11436 - 68 2
11437 # 1504
11437 - 1500 2
11437 - 68 2
11438 # 1504
11438 + 1500
11438 + 68
11439 # 1504
11439 - 1500 1
11440 # 1504
11440 - 68 2
11441 # 1504
11442 # 1504
11443 # 1504
11443 + 1500
11443 + 68
11444 # 1504
11444 - 1500 1
11445 # 1504
11445 - 68 2
11446 # 1504
11447 # 1504
11447 + 1500
11447 + 68
11448 # 1504
11448 - 1500 1
11449 # 1504
11449 - 68 2
11450 # 1504
11451 # 1504
11452 # 1504
11452 + 1500
11452 + 68
11453 # 1504
11453 - 1500 1
11454 # 1504
11454 - 68 2
11455 # 1504
11456 # 1504
11457 # 1504
11457 + 1500
11457 + 68
11458 # 1504
11458 - 1500 1
11459 # 1504
11459 - 68 2
11460 # 1504
11461 # 1504
11461 + 1500
11461 + 68
11462 # 1504
11462 - 1500 1
11463 # 1504
11463 - 68 2
11464 # 1504
11464 + 1500
11464 + 68
11465 # 1504
11465 - 1500 1
11466 # 1504
11466 - 68 2
11466 + 1500
11466 + 68
11467 # 1504
11467 - 1500 1
11468 # 1504
11468 - 68 2
11469 # 1504
11469 + 1500
11469 + 68
11470 # 1504
11470 - 1500 1
11471 # 1504
11471 - 68 2
11472 # 1504
11473 # 1504
11474 # 1504
11474 + 1500
11474 + 68
11475 # 1504
11475 - 1500 1
11476 # 1504
11476 - 68 2
11477 # 1504
11477 + 1500
11477 + 68
11478 # 1504
11478 - 1500 1
11479 # 1504
11479 - 68 2
11479 + 1500
11479 + 68
11480 # 1504
11480 - 1500 1
11481 # 1504
11481 - 68 2
11482 # 1504
11482 + 1500
11482 + 68
11483 # 1504
11483 - 1500 1
11484 # 1504
11484 - 68 2
11485 # 1504
11485 + 1500
11485 + 68
11486 # 1504
11486 - 1500 1
11487 # 1504
11487 - 68 2
11488 # 1504
11488 + 1500
11488 + 68
11489 # 1504
11489 - 1500 1
11490 # 1504
11490 - 68 2
11491 # 1504
11491 + 1500
11491 + 68
11492 # 1504
11492 - 1500 1
11493 # 1504
11493 - 68 2
11493 + 1500
11493 + 68
11494 # 1504
11494 - 1500 1
11495 # 1504
11495 - 68 2
11496 # 1504
11497 # 1504
11498 # 1504
11498 + 1500
11498 + 68
11499 # 1504
11499 - 1500 1
11500 # 1504
11500 - 68 2
11501 # 1504
11501 + 1500
11501 + 68
11502 # 1504
11502 - 1500 1
11503 # 1504
11503 - 68 2
11504 # 1504
11504 + 1500
11504 + 68
11505 # 1504
11505 - 1500 1
11506 # 1504
11506 - 68 2
11507 # 1504
11507 + 1500
11507 + 68
11508 # 1504
11508 - 1500 1
11509 # 1504
11509 - 68 2
11510 # 1504
11511 # 1504
11512 # 1504
11512 + 1500
11512 + 68
11513 # 1504
11513 - 1500 1
11514 # 1504
11514 - 68 2
11515 # 1504
11516 # 1504
11516 + 1500
11516 + 68
11517 # 1504
11517 - 1500 1
11518 # 1504
11518 - 68 2
11519 # 1504
11520 # 1504
11521 # 1504
11521 + 1500
11521 + 68
11522 # 1504
11522 - 1500 1
11523 # 1504
11523 - 68 2
11524 # 1504
11525 # 1504
11526 # 1504
11526 + 1500
11526 + 68
11527 # 1504
11527 - 1500 1
11528 # 1504
11528 - 68 2
11529 # 1504
11530 # 1504
11531 # 1504
11531 + 1500
11531 + 68
11532 # 1504
11532 - 1500 1
11533 # 1504
11533 - 68 2
11534 # 1504
11535 # 1504
11536 # 1504
11536 + 1500
11536 + 68
11537 # 1504
11537 - 1500 1
11538 # 1504
11538 - 68 2
11539 # 1504
11540 # 1504
11540 + 1500
11540 + 68
11541 # 1504
11541 - 1500 1
11542 # 1504
11542 - 68 2
11543 # 1504
11544 # 1504
11545 # 1504
11545 + 1500
11545 + 68
11546 # 1504
11546 - 1500 1
11547 # 1504
11547 - 68 2
11548 # 1504
11549 # 1504
11550 # 1504
11550 + 1500
11550 + 68
11551 # 1504
11551 - 1500 1
11552 # 1504
11552 - 68 2
11553 # 1504
11554 # 1504
11555 # 1504
11555 + 1500
11555 + 68
11556 # 1504
11556 - 1500 1
11557 # 1504
11557 - 68 2
11558 # 1504
11559 # 1504
11559 + 1500
11559 + 68
11560 # 1504
11560 - 1500 1
11561 # 1504
11561 - 68 2
11562 # 1504
11562 + 1500
11562 + 68
11563 # 1504
11563 - 1500 1
11564 # 1504
11564 - 68 2
11564 + 1500
11564 + 68
11565 # 1504
11565 - 1500 1
11566 # 1504
11566 - 68 2
11567 # 1504
11568 # 1504
11569 # 1504
11569 + 1500
11569 + 68
11570 # 1504
11570 - 1500 1
11571 # 1504
11571 - 68 2
11572 # 1504
11573 # 1504
11573 + 1500
11573 + 68
11574 # 1504
11574 - 1500 1
11575 # 1504
11575 - 68 2
11576 # 1504
11576 + 1500
11576 + 68
11577 # 1504
11577 - 1500 1
11578 # 1504
11578 - 68 2
11578 + 1500
11578 + 68
11579 # 1504
11579 - 1500 1
11580 # 1504
11580 - 68 2
11581 # 1504
11581 + 1500
11581 + 68
11582 # 1504
11582 - 1500 1
11583 # 1504
11583 - 68 2
11584 # 1504
11585 # 1504
11586 # 1504
11586 + 1500
11586 + 68
11587 # 1504
11587 - 1500 1
11588 # 1504
11588 - 68 2
11589 # 1504
11590 # 1504
11590 + 1500
11590 + 68
11591 # 1504
11591 - 1500 1
11592 # 1504
11592 - 68 2
11593 # 1504
11594 # 1504
11595 # 1504
11595 + 1500
11595 + 68
11596 # 1504
11596 - 1500 1
11597 # 1504
11597 - 68 2
11598 # 1504
11599 # 1504
11599 + 1500
11599 + 68
11600 # 1504
11600 - 1500 1
11601 # 1504
11601 - 68 2
11601 + 1500
11601 + 68
11602 # 1504
11602 - 1500 1
11603 # 1504
11603 - 68 2
11604 # 1504
11605 # 1504
11606 # 1504
11606 + 1500
11606 + 68
11607 # 1504
11607 - 1500 1
11608 # 1504
11608 - 68 2
11609 # 1504
11610 # 1504
11611 # 1504
11611 + 1500
11611 + 68
11612 # 1504
11612 - 1500 1
11613 # 1504
11613 - 68 2
11614 # 1504
11615 # 1504
11615 + 1500
11615 + 68
11616 # 1504
11616 - 1500 1
11617 # 1504
11617 - 68 2
11618 # 1504
11619 # 1504
11620 # 1504
11620 + 1500
11620 + 68
11621 # 1504
11621 - 1500 1
11622 # 1504
11622 - 68 2
11623 # 1504
11624 # 1504
11625 # 1504
11625 + 1500
11625 + 68
11626 # 1504
11626 - 1500 1
11627 # 1504
11627 - 68 2
11628 # 1504
11629 # 1504
11630 # 1504
11630 + 1500
11630 + 68
11631 # 1504
11631 - 1500 1
11632 # 1504
11632 - 68 2
11633 # 1504
11634 # 1504
11635 # 1504
11635 + 1500
11635 + 68
11636 # 1504
11636 - 1500 1
11637 # 1504
11637 - 68 2
11638 # 1504
11639 # 1504
11639 + 1500
11639 + 68
11640 # 1504
11640 - 1500 1
11641 # 1504
11641 - 68 2
11642 # 1504
11643 # 1504
11643 + 1500
11643 + 68
11644 # 1504
11644 - 1500 1
11645 # 1504
11645 - 68 2
11645 + 1500
11645 + 68
11646 # 1504
11646 - 1500 1
11647 # 1504
11647 - 68 2
11648 # 1504
11649 # 1504
11650 # 1504
11650 + 1500
11650 + 68
11651 # 1504
11651 - 1500 1
11652 # 1504
11652 - 68 2
11653 # 1504
11654 # 1504
11655 # 1504
11655 + 1500
11655 + 68
11656 # 1504
11656 - 1500 1
11657 # 1504
11657 - 68 2
11658 # 1504
11659 # 1504
11659 + 1500
11659 + 68
11660 # 1504
11660 - 1500 1
11661 # 1504
11661 - 68 2
11662 # 1504
11663 # 1504
11664 # 1504
11664 + 1500
11664 + 68
11665 # 1504
11665 - 1500 1
11666 # 1504
11666 - 68 2
11667 # 1504
11668 # 1504
11669 # 1504
11669 + 1500
11669 + 68
11670 # 1504
11670 - 1500 1
11671 # 1504
11671 - 68 2
11672 # 1504
11673 # 1504
11674 # 1504
11674 + 1500
11674 + 68
11675 # 1504
11675 - 1500 1
11676 # 1504
11676 - 68 2
11677 # 1504
11678 # 1504
11678 + 1500
11678 + 68
11679 # 1504
11679 - 1500 1
11680 # 1504
11680 - 68 2
11681 # 1504
11681 + 1500
11681 + 68
11682 # 1504
11682 - 1500 1
11683 # 1504
11683 - 68 2
11683 + 1500
11683 + 68
11684 # 1504
11684 - 1500 1
11685 # 1504
11685 - 68 2
11686 # 1504
11686 + 1500
11686 + 68
11687 # 1504
11687 - 1500 1
11688 # 1504
11688 - 68 2
11689 # 1504
11690 # 1504
11691 # 1504
11691 + 1500
11691 + 68
11692 # 1504
11692 - 1500 1
11693 # 1504
11693 - 68 2
11694 # 1504
11695 # 1504
11695 + 1500
11695 + 68
11696 # 1504
11696 - 1500 1
11697 # 1504
11697 - 68 2
11698 # 1504
11699 # 1504
11700 # 1504
11700 + 1500
11700 + 68
11701 # 1504
11701 - 1500 1
11702 # 1504
11702 - 68 2
11703 # 1504
11704 # 1504
11705 # 1504
11705 + 1500
11705 + 68
11706 # 1504
11706 - 1500 1
11707 # 1504
11707 - 68 2
11708 # 1504
11709 # 1504
11710 # 1504
11710 + 1500
11710 + 68
11711 # 1504
11711 - 1500 1
11712 # 1504
11712 - 68 2
11713 # 1504
11714 # 1504
11715 # 1504
11715 + 1500
11715 + 68
11716 # 1504
11716 - 1500 1
11717 # 1504
11717 - 68 2
11718 # 1504
11719 # 1504
11719 + 1500
11719 + 68
11720 # 1504
11720 - 1500 1
11721 # 1504
11721 - 68 2
11722 # 1504
11723 # 1504
11724 # 1504
11724 + 1500
11724 + 68
11725 # 1504
11725 - 1500 1
11726 # 1504
11726 - 68 2
11727 # 1504
11728 # 1504
11729 # 1504
11729 + 1500
11729 + 68
11730 # 1504
11730 - 1500 1
11731 # 1504
11731 - 68 2
11732 # 1504
11733 # 1504
11734 # 1504
11734 + 1500
11734 + 68
11735 # 1504
11735 - 1500 1
11736 # 1504
11736 - 68 2
11737 # 1504
11738 # 1504
11739 # 1504
11739 + 1500
11739 + 68
11740 # 1504
11740 - 1500 1
11741 # 1504
11741 - 68 2
11742 # 1504
11743 # 1504
11743 + 1500
11743 + 68
11744 # 1504
11744 - 1500 1
11745 # 1504
11745 - 68 2
11746 # 1504
11747 # 1504
11748 # 1504
11748 + 1500
11748 + 68
11749 # 1504
11749 - 1500 1
11750 # 1504
11750 - 68 2
11751 # 1504
11752 # 1504
11753 # 1504
11753 + 1500
11753 + 68
11754 # 1504
11754 - 1500 1
11755 # 1504
11755 - 68 2
11756 # 1504
11757 # 1504
11758 # 1504
11758 + 1500
11758 + 68
11759 # 1504
11759 - 1500 1
11760 # 1504
11760 - 68 2
11761 # 1504
11762 # 1504
11763 # 1504
11763 + 1500
11763 + 68
11764 # 1504
11764 - 1500 1
11765 # 1504
11765 - 68 2
11766 # 1504
11767 # 1504
11767 + 1500
11767 + 68
11768 # 1504
11768 - 1500 1
11769 # 1504
11769 - 68 2
11770 # 1504
11771 # 1504
11772 # 1504
11772 + 1500
11772 + 68
11773 # 1504
11773 - 1500 1
11774 # 1504
11774 - 68 2
11775 # 1504
11776 # 1504
11777 # 1504
11777 + 1500
11777 + 68
11778 # 1504
11778 - 1500 1
11779 # 1504
11779 - 68 2
11780 # 1504
11781 # 1504
11782 # 1504
11782 + 1500
11782 + 68
11783 # 1504
11783 - 1500 1
11784 # 1504
11784 - 68 2
11785 # 1504
11786 # 1504
11787 # 1504
11787 + 1500
11787 + 68
11788 # 1504
11788 - 1500 1
11789 # 1504
11789 - 68 2
11790 # 1504
11791 # 1504
11791 + 1500
11791 + 68
11792 # 1504
11792 - 1500 1
11793 # 1504
11793 - 68 2
11794 # 1504
11795 # 1504
11796 # 1504
11796 + 1500
11796 + 68
11797 # 1504
11797 - 1500 1
11798 # 1504
11798 - 68 2
11799 # 1504
11800 # 1504
11801 # 1504
11801 + 1500
11801 + 68
11802 # 1504
11802 - 1500 1
11803 # 1504
11803 - 68 2
11804 # 1504
11805 # 1504
11806 # 1504
11806 + 1500
11806 + 68
11807 # 1504
11807 - 1500 1
11808 # 1504
11808 - 68 2
11809 # 1504
11810 # 1504
11811 # 1504
11811 + 1500
11811 + 68
11812 # 1504
11812 - 1500 1
11813 # 1504
11813 - 68 2
11814 # 1504
11815 # 1504
11815 + 1500
11815 + 68
11816 # 1504
11816 - 1500 1
11817 # 1504
11817 - 68 2
11818 # 1504
11819 # 1504
11820 # 1504
11820 + 1500
11820 + 68
11821 # 1504
11821 - 1500 1
11822 # 1504
11822 - 68 2
11823 # 1504
11824 # 1504
11825 # 1504
11825 + 1500
11825 + 68
11826 # 1504
11826 - 1500 1
11827 # 1504
11827 - 68 2
11828 # 1504
11829 # 1504
11830 # 1504
11830 + 1500
11830 + 68
11831 # 1504
11831 - 1500 1
11832 # 1504
11832 - 68 2
11833 # 1504
11834 # 1504
11835 # 1504
11835 + 1500
11835 + 68
11836 # 1504
11836 - 1500 1
11837 # 1504
11837 - 68 2
11838 # 1504
11839 # 1504
11840 # 1504
11840 + 1500
11840 + 68
11841 # 1504
11841 - 1500 1
11842 # 1504
11842 - 68 2
11843 # 1504
11844 # 1504
11844 + 1500
11844 + 68
11845 # 1504
11845 - 1500 1
11846 # 1504
11846 - 68 2
11847 # 1504
11847 + 1500
11847 + 68
11848 # 1504
11848 - 1500 1
11849 # 1504
11849 - 68 2
11849 + 1500
11849 + 68
11850 # 1504
11850 - 1500 1
11851 # 1504
11851 - 68 2
11851 + 1500
11851 + 68
11852 # 1504
11852 - 1500 1
11853 # 1504
11853 - 68 2
11854 # 1504
11854 + 1500
11854 + 68
11855 # 1504
11855 - 1500 1
11856 # 1504
11856 - 68 2
11856 + 1500
11856 + 68
11857 # 1504
11857 - 1500 1
11858 # 1504
11858 - 68 2
11859 # 1504
11859 + 1500
11859 + 68
11860 # 1504
11860 - 1500 1
11861 # 1504
11861 - 68 2
11862 # 1504
11863 # 1504
11863 + 1500
11863 + 68
11864 # 1504
11864 - 1500 1
11865 # 1504
11865 - 68 2
11866 # 1504
11866 + 1500
11866 + 68
11867 # 1504
11867 - 1500 1
11868 # 1504
11868 - 68 2
11868 + 1500
11868 + 68
11869 # 1504
11869 - 1500 1
11870 # 1504
11870 - 68 2
11871 # 1504
11871 + 1500
11871 + 68
11872 # 1504
11872 - 1500 1
11873 # 1504
11873 - 68 2
11874 # 1504
11875 # 1504
11876 # 1504
11876 + 1500
11876 + 68
11877 # 1504
11877 - 1500 1
11878 # 1504
11878 - 68 2
11879 # 1504
11879 + 1500
11879 + 68
11880 # 1504
11880 - 1500 1
11881 # 1504
11881 - 68 2
11882 # 1504
11882 + 1500
11882 + 68
11883 # 1504
11883 - 1500 1
11884 # 1504
11884 - 68 2
11885 # 1504
11886 # 1504
11886 + 1500
11886 + 68
11887 # 1504
11887 - 1500 1
11888 # 1504
11888 - 68 2
11889 # 1504
11890 # 1504
11891 # 1504
11891 + 1500
11891 + 68
11892 # 1504
11892 - 1500 1
11893 # 1504
11893 - 68 2
11894 # 1504
11895 # 1504
11896 # 1504
11896 + 1500
11896 + 68
11897 # 1504
11897 - 1500 1
11898 # 1504
11898 - 68 2
11899 # 1504
11900 # 1504
11901 # 1504
11901 + 1500
11901 + 68
11902 # 1504
11902 - 1500 1
11903 # 1504
11903 - 68 2
11904 # 1504
11905 # 1504
11906 # 1504
11906 + 1500
11906 + 68
11907 # 1504
11907 - 1500 1
11908 # 1504
11908 - 68 2
11909 # 1504
11909 + 1500
11909 + 68
11910 # 1504
11910 - 1500 1
11911 # 1504
11911 - 68 2
11911 + 1500
11911 + 68
11912 # 1504
11912 - 1500 1
11913 # 1504
11913 - 68 2
11914 # 1504
11914 + 1500
11914 + 68
11915 # 1504
11915 - 1500 1
11916 # 1504
11916 - 68 2
11917 # 1504
11918 # 1504
11919 # 1504
11919 + 1500
11919 + 68
11920 # 1504
11920 - 1500 1
11921 # 1504
11921 - 68 2
11922 # 1504
11922 + 1500
11922 + 68
11923 # 1504
11923 - 1500 1
11924 # 1504
11924 - 68 2
11924 + 1500
11924 + 68
11925 # 1504
11925 - 1500 1
11926 # 1504
11926 - 68 2
11927 # 1504
11927 + 1500
11927 + 68
11928 # 1504
11928 - 1500 1
11929 # 1504
11929 - 68 2
11930 # 1504
11930 + 1500
11930 + 68
11931 # 1504
11931 - 1500 1
11932 # 1504
11932 - 68 2
11933 # 1504
11933 + 1500
11933 + 68
11934 # 1504
11934 - 1500 1
11935 # 1504
11935 - 68 2
11936 # 1504
11936 + 1500
11936 + 68
11937 # 1504
11937 - 1500 1
11938 # 1504
11938 - 68 2
11939 # 1504
11940 # 1504
11940 + 1500
11940 + 68
11941 # 1504
11941 - 1500 1
11942 # 1504
11942 - 68 2
11943 # 1504
11944 # 1504
11944 + 1500
11944 + 68
11945 # 1504
11945 - 1500 1
11946 # 1504
11946 - 68 2
11946 + 1500
11946 + 68
11947 # 1504
11947 - 1500 1
11948 # 1504
11948 - 68 2
11949 # 1504
11949 + 1500
11949 + 68
11950 # 1504
11950 - 1500 1
11951 # 1504
11951 - 68 2
11952 # 1504
11952 + 1500
11952 + 68
11953 # 1504
11953 - 1500 1
11954 # 1504
11954 - 68 2
11955 # 1504
11955 + 1500
11955 + 68
11956 # 1504
11956 - 1500 1
11957 # 1504
11957 - 68 2
11957 + 1500
11957 + 68
11958 # 1504
11958 - 1500 1
11959 # 1504
11959 - 68 2
11960 # 1504
11960 + 1500
11960 + 68
11961 # 1504
11961 - 1500 1
11962 # 1504
11962 - 68 2
11963 # 1504
11963 + 1500
11963 + 68
11964 # 1504
11964 - 1500 1
11965 # 1504
11965 - 68 2
11966 # 1504
11966 + 1500
11966 + 68
11967 # 1504
11967 - 1500 1
11968 # 1504
11968 - 68 2
11969 # 1504
11969 + 1500
11969 + 68
11970 # 1504
11970 - 1500 1
11971 # 1504
11971 - 68 2
11972 # 1504
11972 + 1500
11972 + 68
11972 + 52
11973 # 1504
11973 - 1500 1
11974 # 1504
11974 - 68 2
11974 - 52 2
11974 + 1500
11974 + 68
11975 # 1504
11975 - 1500 1
11976 # 1504
11976 - 68 2
11977 # 1504
11978 # 1504
11978 + 1500
11978 + 68
11979 # 1504
11979 - 1500 1
11980 # 1504
11980 - 68 2
11980 + 1500
11980 + 68
11981 # 1504
11981 - 1500 1
11982 # 1504
11982 - 68 2
11983 # 1504
11983 + 1500
11983 + 68
11984 # 1504
11984 - 1500 1
11985 # 1504
11985 - 68 2
11986 # 1504
11986 + 1500
11986 + 68
11987 # 1504
11987 - 1500 1
11988 # 1504
11988 - 68 2
11989 # 1504
11989 + 1500
11989 + 68
11990 # 1504
11990 - 1500 1
11991 # 1504
11991 - 68 2
11992 # 1504
11993 # 1504
11993 + 1500
11993 + 68
11994 # 1504
11994 - 1500 1
11995 # 1504
11995 - 68 2
11996 # 1504
11997 # 1504
11997 + 1500
11997 + 68
11998 # 1504
11998 - 1500 1
11999 # 1504
11999 - 68 2
11999 + 1500
11999 + 68
12000 # 1504
12000 - 1500 1
12001 # 1504
12001 - 68 2
12002 # 1504
12002 + 1500
12002 + 68
12003 # 1504
12003 - 1500 1
12004 # 1504
12004 - 68 2
12005 # 1504
12005 + 1500
12005 + 68
12006 # 1504
12006 - 1500 1
12007 # 1504
12007 - 68 2
12008 # 1504
12008 + 1500
12008 + 68
12009 # 1504
12009 - 1500 1
12010 # 1504
12010 - 68 2
12010 + 1500
12010 + 68
12011 # 1504
12011 - 1500 1
12012 # 1504
12012 - 68 2
12013 # 1504
12013 + 1500
12013 + 68
12014 # 1504
12014 - 1500 1
12015 # 1504
12015 - 68 2
12016 # 1504
12016 + 1500
12016 + 68
12017 # 1504
12017 - 1500 1
12018 # 1504
12018 - 68 2
12019 # 1504
12020 # 1504
12021 # 1504
12021 + 1500
12021 + 68
12022 # 1504
12022 - 1500 1
12023 # 1504
12023 - 68 2
12024 # 1504
12025 # 1504
12026 # 1504
12026 + 1500
12026 + 68
12027 # 1504
12027 - 1500 1
12028 # 1504
12028 - 68 2
12029 # 1504
12030 # 1504
12030 + 1500
12030 + 68
12031 # 1504
12031 - 1500 1
12032 # 1504
12032 - 68 2
12033 # 1504
12033 + 1500
12033 + 68
12034 # 1504
12034 - 1500 1
12035 # 1504
12035 - 68 2
12035 + 1500
12035 + 68
12036 # 1504
12036 - 1500 1
12037 # 1504
12037 - 68 2
12038 # 1504
12039 # 1504
12040 # 1504
12040 + 1500
12040 + 68
12041 # 1504
12041 - 1500 1
12042 # 1504
12042 - 68 2
12043 # 1504
12044 # 1504
12045 # 1504
12045 + 1500
12045 + 68
12046 # 1504
12046 - 1500 1
12047 # 1504
12047 - 68 2
12048 # 1504
12049 # 1504
12050 # 1504
12050 + 1500
12050 + 68
12051 # 1504
12051 - 1500 1
12052 # 1504
12052 - 68 2
12053 # 1504
12053 + 1500
12053 + 68
12054 # 1504
12054 - 1500 1
12055 # 1504
12055 - 68 2
12055 + 1500
12055 + 68
12056 # 1504
12056 - 1500 1
12057 # 1504
12057 - 68 2
12058 # 1504
12059 # 1504
12060 # 1504
12060 + 1500
12060 + 68
12061 # 1504
12061 - 1500 1
12062 # 1504
12062 - 68 2
12063 # 1504
12064 # 1504
12065 # 1504
12065 + 1500
12065 + 68
12066 # 1504
12066 - 1500 1
12067 # 1504
12067 - 68 2
12068 # 1504
12069 # 1504
12069 + 1500
12069 + 68
12070 # 1504
12070 - 1500 1
12071 # 1504
12071 - 68 2
12072 # 1504
12072 + 1500
12072 + 68
12073 # 1504
12073 - 1500 1
12074 # 1504
12074 - 68 2
12074 + 1500
12074 + 68
12075 # 1504
12075 - 1500 1
12076 # 1504
12076 - 68 2
12077 # 1504
12077 + 1500
12077 + 68
12078 # 1504
12078 - 1500 1
12079 # 1504
12079 - 68 2
12080 # 1504
12081 # 1504
12082 # 1504
12082 + 1500
12082 + 68
12083 # 1504
12083 - 1500 1
12084 # 1504
12084 - 68 2
12085 # 1504
12086 # 1504
12086 + 1500
12086 + 68
12087 # 1504
12087 - 1500 1
12088 # 1504
12088 - 68 2
12089 # 1504
12090 # 1504
12091 # 1504
12091 + 1500
12091 + 68
12092 # 1504
12092 - 1500 1
12093 # 1504
12093 - 68 2
12094 # 1504
12095 # 1504
12096 # 1504
12096 + 1500
12096 + 68
12097 # 1504
12097 - 1500 1
12098 # 1504
12098 - 68 2
12099 # 1504
12100 # 1504
12101 # 1504
12101 + 1500
12101 + 68
12102 # 1504
12102 - 1500 1
12103 # 1504
12103 - 68 2
12104 # 1504
12105 # 1504
12106 # 1504
12106 + 1500
12106 + 68
12107 # 1504
12107 - 1500 1
12108 # 1504
12108 - 68 2
12109 # 1504
12110 # 1504
12110 + 1500
12110 + 68
12111 # 1504
12111 - 1500 1
12112 # 1504
12112 - 68 2
12113 # 1504
12114 # 1504
12115 # 1504
12115 + 1500
12115 + 68
12116 # 1504
12116 - 1500 1
12117 # 1504
12117 - 68 2
12118 # 1504
12119 # 1504
12120 # 1504
12120 + 1500
12120 + 68
12121 # 1504
12121 - 1500 1
12122 # 1504
12122 - 68 2
12123 # 1504
12124 # 1504
12125 # 1504
12125 + 1500
12125 + 68
12126 # 1504
12126 - 1500 1
12127 # 1504
12127 - 68 2
12128 # 1504
12129 # 1504
12129 + 1500
12129 + 68
12130 # 1504
12130 - 1500 1
12131 # 1504
12131 - 68 2
12132 # 1504
12132 + 1500
12132 + 68
12133 # 1504
12133 - 1500 1
12134 # 1504
12134 - 68 2
12134 + 1500
12134 + 68
12135 # 1504
12135 - 1500 1
12136 # 1504
12136 - 68 2
12137 # 1504
12138 # 1504
12139 # 1504
12139 + 1500
12139 + 68
12140 # 1504
12140 - 1500 1
12141 # 1504
12141 - 68 2
12142 # 1504
12143 # 1504
12144 # 1504
12144 + 1500
12144 + 68
12145 # 1504
12145 - 1500 1
12146 # 1504
12146 - 68 2
12147 # 1504
12148 # 1504
12148 + 1500
12148 + 68
12149 # 1504
12149 - 1500 1
12150 # 1504
12150 - 68 2
12151 # 1504
12152 # 1504
12153 # 1504
12153 + 1500
12153 + 68
12154 # 1504
12154 - 1500 1
12155 # 1504
12155 - 68 2
12156 # 1504
12157 # 1504
12158 # 1504
12158 + 1500
12158 + 68
12159 # 1504
12159 - 1500 1
12160 # 1504
12160 - 68 2
12161 # 1504
12161 + 1500
12161 + 68
12162 # 1504
12162 - 1500 1
12163 # 1504
12163 - 68 2
12164 # 1504
12164 + 1500
12164 + 68
12165 # 1504
12165 - 1500 1
12166 # 1504
12166 - 68 2
12167 # 1504
12167 + 1500
12167 + 68
12168 # 1504
12168 - 1500 1
12169 # 1504
12169 - 68 2
12169 + 1500
12169 + 68
12170 # 1504
12170 - 1500 1
12171 # 1504
12171 - 68 2
12172 # 1504
12173 # 1504
12174 # 1504
12174 + 1500
12174 + 68
12175 # 1504
12175 - 1500 1
12176 # 1504
12176 - 68 2
12177 # 1504
12178 # 1504
12179 # 1504
12179 + 1500
12179 + 68
12180 # 1504
12180 - 1500 1
12181 # 1504
12181 - 68 2
12182 # 1504
12183 # 1504
12184 # 1504
12184 + 1500
12184 + 68
12185 # 1504
12185 - 1500 1
12186 # 1504
12186 - 68 2
12187 # 1504
12188 # 1504
12189 # 1504
12190 # 1504
12191 # 1504
12192 # 1504
12192 + 1500
12192 + 68
12193 # 1504
12193 - 1500 1
12193 + 1500
12193 + 68
12194 # 1504
12194 - 68 2
12195 # 1504
12195 - 1500 2
12195 - 68 2
12196 # 1504
12197 # 1504
12197 + 1500
12197 + 68
12198 # 1504
12198 - 1500 1
12199 # 1504
12199 - 68 2
12200 # 1504
12200 + 1500
12200 + 68
12201 # 1504
12201 - 1500 1
12202 # 1504
12202 - 68 2
12203 # 1504
12204 # 1504
12204 + 1500
12204 + 68
12205 # 1504
12205 - 1500 1
12206 # 1504
12206 - 68 2
12207 # 1504
12207 + 1500
12207 + 68
12208 # 1504
12208 - 1500 1
12209 # 1504
12209 - 68 2
12210 # 1504
12211 # 1504
12212 # 1504
12212 + 1500
12212 + 68
12212 + 1500
12212 + 68
12213 # 1504
12213 - 1500 1
12214 # 1504
12214 - 68 2
12215 # 1504
12215 - 1500 3
12215 - 68 3
12216 # 1504
12217 # 1504
12217 + 1500
12217 + 68
12218 # 1504
12218 - 1500 1
12219 # 1504
12219 - 68 2
12220 # 1504
12221 # 1504
12222 # 1504
12223 # 1504
12224 # 1504
12225 # 1504
12226 # 1504
12227 # 1504
12228 # 1504
12229 # 1504
12230 # 1504
12231 # 1504
12232 # 1504
12233 # 1504
12234 # 1504
12235 # 1504
12236 # 1504
12237 # 1504
12238 # 1504
12239 # 1504
12240 # 1504
12241 # 1504
12242 # 1504
12242 + 1500
12242 + 68
12242 + 1500
12242 + 68
12242 + 1500
12242 + 68
12242 + 1500
12242 + 68
12242 + 1500
12242 + 68
12243 # 1504
12243 - 1500 1
12244 # 1504
12244 - 68 2
12245 # 1504
12245 - 1500 3
12245 - 68 3
12246 # 1504
12246 - 1500 4
12246 - 68 4
12247 # 1504
12247 - 1500 5
12247 - 68 5
12248 # 1504
12248 - 1500 6
12248 - 68 6
12249 # 1504
12250 # 1504
12251 # 1504
12252 # 1504
12253 # 1504
12254 # 1504
12255 # 1504
12256 # 1504
12257 # 1504
12258 # 1504
12259 # 1504
12260 # 1504
12261 # 1504
12262 # 1504
12263 # 1504
12264 # 1504
12265 # 1504
12266 # 1504
12267 # 1504
12268 # 1504
12268 + 1500
12268 + 68
12268 + 1500
12268 + 68
12268 + 1500
12268 + 68
12268 + 1500
12268 + 68
12268 + 1500
12268 + 68
12269 # 1504
12269 - 1500 1
12270 # 1504
12270 - 68 2
12270 + 1500
12270 + 68
12271 # 1504
12271 - 1500 3
12271 - 68 3
12272 # 1504
12272 - 1500 4
12272 - 68 4
12273 # 1504
12273 - 1500 5
12273 - 68 5
12274 # 1504
12274 - 1500 6
12274 - 68 6
12275 # 1504
12275 - 1500 5
12275 - 68 5
12275 + 1500
12275 + 68
12276 # 1504
12276 - 1500 1
12277 # 1504
12277 - 68 2
12278 # 1504
12279 # 1504
12279 + 1500
12279 + 68
12280 # 1504
12280 - 1500 1
12281 # 1504
12281 - 68 2
12282 # 1504
12283 # 1504
12284 # 1504
12284 + 1500
12284 + 68
12285 # 1504
12285 - 1500 1
12286 # 1504
12286 - 68 2
12287 # 1504
12288 # 1504
12289 # 1504
12289 + 1500
12289 + 68
12290 # 1504
12290 - 1500 1
12291 # 1504
12291 - 68 2
12292 # 1504
12293 # 1504
12294 # 1504
12294 + 1500
12294 + 68
12295 # 1504
12295 - 1500 1
12296 # 1504
12296 - 68 2
12297 # 1504
12298 # 1504
12299 # 1504
12300 # 1504
12301 # 1504
12302 # 1504
12303 # 1504
12304 # 1504
12305 # 1504
12306 # 1504
12307 # 1504
12308 # 1504
12309 # 1504
12310 # 1504
12311 # 1504
12312 # 1504
12313 # 1504
12314 # 1504
12315 # 1504
12316 # 1504
12317 # 1504
12318 # 1504
12319 # 1504
12319 + 1500
12319 + 68
12319 + 1500
12319 + 68
12319 + 1500
12319 + 68
12319 + 1500
12319 + 68
12319 + 1500
12319 + 68
12320 # 1504
12320 - 1500 1
12321 # 1504
12321 - 68 2
12322 # 1504
12322 - 1500 3
12322 - 68 3
12323 # 1504
12323 - 1500 4
12323 - 68 4
12324 # 1504
12324 - 1500 5
12324 - 68 5
12325 # 1504
12325 - 1500 6
12325 - 68 6
12325 + 1500
12325 + 68
12326 # 1504
12326 - 1500 1
12327 # 1504
12327 - 68 2
12327 + 1500
12327 + 68
12328 # 1504
12328 - 1500 1
12329 # 1504
12329 - 68 2
12330 # 1504
12331 # 1504
12332 # 1504
12332 + 1500
12332 + 68
12333 # 1504
12333 - 1500 1
12334 # 1504
12334 - 68 2
12335 # 1504
12336 # 1504
12337 # 1504
12337 + 1500
12337 + 68
12338 # 1504
12338 - 1500 1
12339 # 1504
12339 - 68 2
12340 # 1504
12341 # 1504
12342 # 1504
12343 # 1504
12343 + 1500
12343 + 68
12344 # 1504
12344 - 1500 1
12345 # 1504
12345 - 68 2
12346 # 1504
12347 # 1504
12348 # 1504
12349 # 1504
12350 # 1504
12351 # 1504
12352 # 1504
12353 # 1504
12354 # 1504
12355 # 1504
12356 # 1504
12357 # 1504
12358 # 1504
12359 # 1504
12360 # 1504
12361 # 1504
12362 # 1504
12363 # 1504
12364 # 1504
12365 # 1504
12366 # 1504
12367 # 1504
12368 # 1504
12369 # 1504
12370 # 1504
12371 # 1504
12372 # 1504
12373 # 1504
12374 # 1504
12375 # 1504
12376 # 1504
12377 # 1504
12378 # 1504
12379 # 1504
12380 # 1504
12381 # 1504
12382 # 1504
12383 # 1504
12384 # 1504
12385 # 1504
12386 # 1504
12387 # 1504
12388 # 1504
12389 # 1504
12390 # 1504
12391 # 1504
12392 # 1504
12393 # 1504
12394 # 1504
12395 # 1504
12396 # 1504
12397 # 1504
12398 # 1504
12399 # 1504
12400 # 1504
12401 # 1504
12402 # 1504
12403 # 1504
12404 # 1504
12405 # 1504
12406 # 1504
12407 # 1504
12408 # 1504
12409 # 1504
12410 # 1504
12411 # 1504
12412 # 1504
12413 # 1504
12414 # 1504
12415 # 1504
12416 # 1504
12417 # 1504
12418 # 1504
12419 # 1504
12420 # 1504
12421 # 1504
12422 # 1504
12423 # 1504
12424 # 1504
12425 # 1504
12426 # 1504
12427 # 1504
12428 # 1504
12429 # 1504
12430 # 1504
12431 # 1504
12432 # 1504
12433 # 1504
12434 # 1504
12435 # 1504
12436 # 1504
12437 # 1504
12438 # 1504
12439 # 1504
12440 # 1504
12441 # 1504
12442 # 1504
12443 # 1504
12444 # 1504
12445 # 1504
12446 # 1504
12447 # 1504
12448 # 1504
12449 # 1504
12450 # 1504
12451 # 1504
12452 # 1504
12453 # 1504
12454 # 1504
12455 # 1504
12456 # 1504
12457 # 1504
12458 # 1504
12459 # 1504
12460 # 1504
12461 # 1504
12462 # 1504
12463 # 1504
12464 # 1504
12465 # 1504
12465 + 1500
12465 + 68
12465 + 1500
12465 + 68
12465 + 1500
12465 + 68
12465 + 1500
12465 + 68
12465 + 1500
12465 + 68
12465 + 1500
12465 + 68
12465 + 1500
12465 + 68
12465 + 1500
12465 + 68
12465 + 1500
12465 + 68
12465 + 1500
12465 + 68
12465 + 1500
12465 + 68
12465 + 1500
12465 + 68
12465 + 1500
12465 + 68
12465 + 1500
12465 + 68
12465 + 1500
12465 + 68
12465 + 1500
12465 + 68
12465 + 1500
12465 + 68
12465 + 1500
12465 + 68
12465 + 1500
12465 + 68
12466 # 1504
12466 - 1500 1
12466 + 1500
12466 + 68
12466 + 1500
12466 + 68
12466 + 1500
12466 + 68
12466 + 1500
12466 + 68
12466 + 1500
12466 + 68
12466 + 1500
12466 + 68
12467 # 1504
12467 - 68 2
12467 + 1500
12467 + 68
12468 # 1504
12468 - 1500 3
12468 - 68 3
12469 # 1504
12469 - 1500 4
12469 - 68 4
12470 # 1504
12470 - 1500 5
12470 - 68 5
12471 # 1504
12471 - 1500 6
12471 - 68 6
12471 + 1500
12471 + 68
12472 # 1504
12472 - 1500 7
12472 - 68 7
12473 # 1504
12473 - 1500 8
12473 - 68 8
12474 # 1504
12474 - 1500 9
12474 - 68 9
12475 # 1504
12475 - 1500 10
12475 - 68 10
12476 # 1504
12476 - 1500 11
12476 - 68 11
12476 + 1500
12476 + 68
12477 # 1504
12477 - 1500 12
12477 - 68 12
12478 # 1504
12478 - 1500 13
12478 - 68 13
12479 # 1504
12479 - 1500 14
12479 - 68 14
12480 # 1504
12480 - 1500 15
12480 - 68 15
12481 # 1504
12481 - 1500 16
12481 - 68 16
12481 + 1500
12481 + 68
12482 # 1504
12482 - 1500 17
12482 - 68 17
12483 # 1504
12483 - 1500 18
12483 - 68 18
12484 # 1504
12484 - 1500 19
12484 - 68 19
12485 # 1504
12485 - 1500 20
12485 - 68 20
12486 # 1504
12486 - 1500 20
12486 - 68 20
12487 # 1504
12487 - 1500 21
12487 - 68 21
12487 + 1500
12487 + 68
12488 # 1504
12488 - 1500 22
12488 - 68 22
12489 # 1504
12489 - 1500 23
12489 - 68 23
12490 # 1504
12490 - 1500 24
12490 + 1500
12490 + 68
12491 # 1504
12491 - 68 25
12492 # 1504
12492 - 1500 26
12492 - 68 26
12493 # 1504
12493 - 1500 26
12493 - 68 26
12494 # 1504
12494 - 1500 23
12494 - 68 23
12494 + 1500
12494 + 68
12495 # 1504
12495 - 1500 19
12495 - 68 19
12496 # 1504
12496 - 1500 15
12496 - 68 15
12497 # 1504
12497 - 1500 10
12497 - 68 10
12497 + 1500
12497 + 68
12498 # 1504
12498 - 1500 8
12498 - 68 8
12499 # 1504
12499 - 1500 5
12499 - 68 5
12500 # 1504
12500 - 1500 3
12500 - 68 3
12501 # 1504
12501 + 1500
12501 + 68
12502 # 1504
12502 - 1500 1
12503 # 1504
12503 - 68 2
12504 # 1504
12505 # 1504
12505 + 1500
12505 + 68
12506 # 1504
12506 - 1500 1
12507 # 1504
12507 - 68 2
12508 # 1504
12509 # 1504
12509 + 1500
12509 + 68
12510 # 1504
12510 - 1500 1
12510 + 1500
12510 + 68
12511 # 1504
12511 - 68 2
12512 # 1504
12512 - 1500 2
12512 - 68 2
12512 + 1500
12512 + 68
12513 # 1504
12513 - 1500 1
12514 # 1504
12514 - 68 2
12515 # 1504
12516 # 1504
12516 + 1500
12516 + 68
12517 # 1504
12517 - 1500 1
12518 # 1504
12518 - 68 2
12519 # 1504
12520 # 1504
12520 + 1500
12520 + 68
12521 # 1504
12521 - 1500 1
12522 # 1504
12522 - 68 2
12523 # 1504
12524 # 1504
12524 + 1500
12524 + 68
12525 # 1504
12525 - 1500 1
12526 # 1504
12526 - 68 2
12527 # 1504
12528 # 1504
12528 + 1500
12528 + 68
12529 # 1504
12529 - 1500 1
12530 # 1504
12530 - 68 2
12531 # 1504
12532 # 1504
12533 # 1504
12533 + 1500
12533 + 68
12534 # 1504
12534 - 1500 1
12535 # 1504
12535 - 68 2
12536 # 1504
12537 # 1504
12537 + 1500
12537 + 68
12538 # 1504
12538 - 1500 1
12539 # 1504
12539 - 68 2
12540 # 1504
12540 + 1500
12540 + 68
12541 # 1504
12541 - 1500 1
12542 # 1504
12542 - 68 2
12543 # 1504
12543 + 1500
12543 + 68
12544 # 1504
12544 - 1500 1
12545 # 1504
12545 - 68 2
12546 # 1504
12546 + 1500
12546 + 68
12547 # 1504
12547 - 1500 1
12548 # 1504
12548 - 68 2
12549 # 1504
12550 # 1504
12551 # 1504
12552 # 1504
12553 # 1504
12554 # 1504
12555 # 1504
12556 # 1504
12557 # 1504
12558 # 1504
12559 # 1504
12560 # 1504
12561 # 1504
12562 # 1504
12563 # 1504
12564 # 1504
12565 # 1504
12566 # 1504
12567 # 1504
12568 # 1504
12569 # 1504
12570 # 1504
12571 # 1504
12572 # 1504
12573 # 1504
12574 # 1504
12575 # 1504
12576 # 1504
12577 # 1504
12578 # 1504
12579 # 1504
12579 + 1500
12579 + 68
12579 + 1500
12579 + 68
12579 + 1500
12579 + 68
12579 + 1500
12579 + 68
12579 + 1500
12579 + 68
12579 + 1500
12579 + 68
12580 # 1504
12580 - 1500 1
12580 + 1500
12580 + 68
12581 # 1504
12581 - 68 2
12582 # 1504
12582 - 1500 3
12582 - 68 3
12583 # 1504
12583 - 1500 4
12583 - 68 4
12584 # 1504
12584 - 1500 5
12584 - 68 5
12585 # 1504
12585 - 1500 6
12585 - 68 6
12585 + 1500
12585 + 68
12586 # 1504
12586 - 1500 7
12586 - 68 7
12587 # 1504
12587 - 1500 7
12587 - 68 7
12588 # 1504
12588 - 1500 3
12588 - 68 3
12589 # 1504
12589 + 1500
12589 + 68
12590 # 1504
12590 - 1500 1
12591 # 1504
12591 - 68 2
12592 # 1504
12593 # 1504
12594 # 1504
12594 + 1500
12594 + 68
12595 # 1504
12595 - 1500 1
12596 # 1504
12596 - 68 2
12597 # 1504
12598 # 1504
12599 # 1504
12600 # 1504
12600 + 1500
12600 + 68
12601 # 1504
12601 - 1500 1
12602 # 1504
12602 - 68 2
12603 # 1504
12604 # 1504
12605 # 1504
12605 + 1500
12605 + 68
12606 # 1504
12606 - 1500 1
12607 # 1504
12607 - 68 2
12608 # 1504
12609 # 1504
12609 + 1500
12609 + 68
12610 # 1504
12610 - 1500 1
12611 # 1504
12611 - 68 2
12612 # 1504
12613 # 1504
12613 + 1500
12613 + 68
12614 # 1504
12614 - 1500 1
12615 # 1504
12615 - 68 2
12616 # 1504
12617 # 1504
12618 # 1504
12618 + 1500
12618 + 68
12619 # 1504
12619 - 1500 1
12620 # 1504
12620 - 68 2
12621 # 1504
12622 # 1504
12623 # 1504
12624 # 1504
12624 + 1500
12624 + 68
12625 # 1504
12625 - 1500 1
12626 # 1504
12626 - 68 2
12627 # 1504
12628 # 1504
12628 + 1500
12628 + 68
12629 # 1504
12629 - 1500 1
12630 # 1504
12630 - 68 2
12631 # 1504
12632 # 1504
12632 + 1500
12632 + 68
12633 # 1504
12633 - 1500 1
12634 # 1504
12634 - 68 2
12635 # 1504
12636 # 1504
12637 # 1504
12637 + 1500
12637 + 68
12638 # 1504
12638 - 1500 1
12639 # 1504
12639 - 68 2
12640 # 1504
12641 # 1504
12642 # 1504
12642 + 1500
12642 + 68
12643 # 1504
12643 - 1500 1
12644 # 1504
12644 - 68 2
12645 # 1504
12646 # 1504
12647 # 1504
12647 + 1500
12647 + 68
12648 # 1504
12648 - 1500 1
12649 # 1504
12649 - 68 2
12650 # 1504
12651 # 1504
12652 # 1504
12652 + 1500
12652 + 68
12653 # 1504
12653 - 1500 1
12654 # 1504
12654 - 68 2
12655 # 1504
12656 # 1504
12656 + 1500
12656 + 68
12657 # 1504
12657 - 1500 1
12658 # 1504
12658 - 68 2
12659 # 1504
12660 # 1504
12661 # 1504
12661 + 1500
12661 + 68
12662 # 1504
12662 - 1500 1
12663 # 1504
12663 - 68 2
12664 # 1504
12664 + 1500
12664 + 68
12665 # 1504
12665 - 1500 1
12666 # 1504
12666 - 68 2
12667 # 1504
12667 + 1500
12667 + 68
12668 # 1504
12668 - 1500 1
12669 # 1504
12669 - 68 2
12670 # 1504
12670 + 1500
12670 + 68
12671 # 1504
12671 - 1500 1
12672 # 1504
12672 - 68 2
12673 # 1504
12674 # 1504
12674 + 1500
12674 + 68
12675 # 1504
12675 - 1500 1
12676 # 1504
12676 - 68 2
12677 # 1504
12677 + 1500
12677 + 68
12678 # 1504
12678 - 1500 1
12679 # 1504
12679 - 68 2
12680 # 1504
12680 + 1500
12680 + 68
12681 # 1504
12681 - 1500 1
12682 # 1504
12682 - 68 2
12683 # 1504
12683 + 1500
12683 + 68
12684 # 1504
12684 - 1500 1
12685 # 1504
12685 - 68 2
12686 # 1504
12687 # 1504
12688 # 1504
12688 + 1500
12688 + 68
12689 # 1504
12689 - 1500 1
12690 # 1504
12690 - 68 2
12691 # 1504
12692 # 1504
12693 # 1504
12694 # 1504
12694 + 1500
12694 + 68
12695 # 1504
12695 - 1500 1
12696 # 1504
12696 - 68 2
12697 # 1504
12698 # 1504
12698 + 1500
12698 + 68
12699 # 1504
12699 - 1500 1
12700 # 1504
12700 - 68 2
12701 # 1504
12702 # 1504
12703 # 1504
12703 + 1500
12703 + 68
12704 # 1504
12704 - 1500 1
12705 # 1504
12705 - 68 2
12706 # 1504
12707 # 1504
12707 + 1500
12707 + 68
12708 # 1504
12708 - 1500 1
12709 # 1504
12709 - 68 2
12710 # 1504
12711 # 1504
12712 # 1504
12712 + 1500
12712 + 68
12713 # 1504
12713 - 1500 1
12714 # 1504
12714 - 68 2
12715 # 1504
12716 # 1504
12716 + 1500
12716 + 68
12717 # 1504
12717 - 1500 1
12718 # 1504
12718 - 68 2
12719 # 1504
12720 # 1504
12720 + 1500
12720 + 68
12721 # 1504
12721 - 1500 1
12722 # 1504
12722 - 68 2
12722 + 1500
12722 + 68
12723 # 1504
12723 - 1500 1
12724 # 1504
12724 - 68 2
12725 # 1504
12726 # 1504
12727 # 1504
12727 + 1500
12727 + 68
12728 # 1504
12728 - 1500 1
12729 # 1504
12729 - 68 2
12730 # 1504
12731 # 1504
12732 # 1504
12732 + 1500
12732 + 68
12733 # 1504
12733 - 1500 1
12734 # 1504
12734 - 68 2
12735 # 1504
12736 # 1504
12737 # 1504
12737 + 1500
12737 + 68
12738 # 1504
12738 - 1500 1
12739 # 1504
12739 - 68 2
12740 # 1504
12741 # 1504
12741 + 1500
12741 + 68
12742 # 1504
12742 - 1500 1
12743 # 1504
12743 - 68 2
12744 # 1504
12744 + 1500
12744 + 68
12745 # 1504
12745 - 1500 1
12746 # 1504
12746 - 68 2
12747 # 1504
12747 + 1500
12747 + 68
12748 # 1504
12748 - 1500 1
12749 # 1504
12749 - 68 2
12750 # 1504
12750 + 1500
12750 + 68
12751 # 1504
12751 - 1500 1
12752 # 1504
12752 - 68 2
12753 # 1504
12754 # 1504
12755 # 1504
12755 + 1500
12755 + 68
12756 # 1504
12756 - 1500 1
12757 # 1504
12757 - 68 2
12758 # 1504
12759 # 1504
12759 + 1500
12759 + 68
12760 # 1504
12760 - 1500 1
12761 # 1504
12761 - 68 2
12762 # 1504
12763 # 1504
12764 # 1504
12764 + 1500
12764 + 68
12765 # 1504
12765 - 1500 1
12766 # 1504
12766 - 68 2
12767 # 1504
12767 + 1500
12767 + 68
12768 # 1504
12768 - 1500 1
12769 # 1504
12769 - 68 2
12770 # 1504
12770 + 1500
12770 + 68
12771 # 1504
12771 - 1500 1
12772 # 1504
12772 - 68 2
12773 # 1504
12774 # 1504
12775 # 1504
12776 # 1504
12777 # 1504
12778 # 1504
12779 # 1504
12780 # 1504
12781 # 1504
12782 # 1504
12783 # 1504
12784 # 1504
12785 # 1504
12786 # 1504
12787 # 1504
12788 # 1504
12789 # 1504
12790 # 1504
12791 # 1504
12792 # 1504
12793 # 1504
12794 # 1504
12795 # 1504
12796 # 1504
12797 # 1504
12798 # 1504
12799 # 1504
12800 # 1504
12801 # 1504
12802 # 1504
12803 # 1504
12804 # 1504
12805 # 1504
12806 # 1504
12807 # 1504
12808 # 1504
12809 # 1504
12810 # 1504
12811 # 1504
12812 # 1504
12813 # 1504
12814 # 1504
12815 # 1504
12815 + 1500
12815 + 68
12815 + 1500
12815 + 68
12815 + 1500
12815 + 68
12815 + 1500
12815 + 68
12815 + 1500
12815 + 68
12815 + 1500
12815 + 68
12815 + 1500
12815 + 68
12815 + 1500
12815 + 68
12815 + 1500
12815 + 68
12816 # 1504
12816 - 1500 1
12817 # 1504
12817 - 68 2
12818 # 1504
12818 - 1500 3
12818 - 68 3
12818 + 1500
12818 + 68
12819 # 1504
12819 - 1500 4
12819 - 68 4
12820 # 1504
12820 - 1500 5
12820 - 68 5
12821 # 1504
12821 - 1500 6
12821 - 68 6
12822 # 1504
12822 - 1500 7
12822 - 68 7
12823 # 1504
12823 - 1500 8
12823 - 68 8
12824 # 1504
12824 - 1500 9
12824 - 68 9
12825 # 1504
12825 - 1500 10
12825 - 68 10
12826 # 1504
12826 - 1500 8
12826 - 68 8
12827 # 1504
12828 # 1504
12829 # 1504
12830 # 1504
12831 # 1504
12832 # 1504
12833 # 1504
12834 # 1504
12835 # 1504
12836 # 1504
12837 # 1504
12837 + 1500
12837 + 68
12837 + 1500
12837 + 68
12837 + 1500
12837 + 68
12837 + 1500
12837 + 68
12838 # 1504
12838 - 1500 1
12839 # 1504
12839 - 68 2
12840 # 1504
12840 - 1500 3
12840 - 68 3
12841 # 1504
12841 - 1500 4
12841 - 68 4
12842 # 1504
12842 - 1500 5
12842 - 68 5
12842 + 1500
12842 + 68
12843 # 1504
12843 - 1500 1
12844 # 1504
12844 - 68 2
12845 # 1504
12846 # 1504
12847 # 1504
12847 + 1500
12847 + 68
12848 # 1504
12848 - 1500 1
12849 # 1504
12849 - 68 2
12850 # 1504
12851 # 1504
12852 # 1504
12852 + 1500
12852 + 68
12853 # 1504
12853 - 1500 1
12854 # 1504
12854 - 68 2
12855 # 1504
12856 # 1504
12857 # 1504
12858 # 1504
12858 + 1500
12858 + 68
12859 # 1504
12859 - 1500 1
12860 # 1504
12860 - 68 2
12861 # 1504
12862 # 1504
12863 # 1504
12863 + 1500
12863 + 68
12864 # 1504
12864 - 1500 1
12865 # 1504
12865 - 68 2
12866 # 1504
12866 + 1500
12866 + 68
12867 # 1504
12867 - 1500 1
12868 # 1504
12868 - 68 2
12869 # 1504
12870 # 1504
12871 # 1504
12871 + 1500
12871 + 68
12872 # 1504
12872 - 1500 1
12873 # 1504
12873 - 68 2
12874 # 1504
12875 # 1504
12875 + 1500
12875 + 68
12876 # 1504
12876 - 1500 1
12877 # 1504
12877 - 68 2
12878 # 1504
12879 # 1504
12880 # 1504
12880 + 1500
12880 + 68
12881 # 1504
12881 - 1500 1
12882 # 1504
12882 - 68 2
12883 # 1504
12884 # 1504
12885 # 1504
12885 + 1500
12885 + 68
12886 # 1504
12886 - 1500 1
12887 # 1504
12887 - 68 2
12888 # 1504
12889 # 1504
12890 # 1504
12890 + 1500
12890 + 68
12891 # 1504
12891 - 1500 1
12892 # 1504
12892 - 68 2
12893 # 1504
12894 # 1504
12895 # 1504
12895 + 1500
12895 + 68
12896 # 1504
12896 - 1500 1
12897 # 1504
12897 - 68 2
12898 # 1504
12899 # 1504
12900 # 1504
12900 + 1500
12900 + 68
12901 # 1504
12901 - 1500 1
12902 # 1504
12902 - 68 2
12903 # 1504
12904 # 1504
12904 + 1500
12904 + 68
12905 # 1504
12905 - 1500 1
12906 # 1504
12906 - 68 2
12907 # 1504
12908 # 1504
12909 # 1504
12909 + 1500
12909 + 68
12910 # 1504
12910 - 1500 1
12911 # 1504
12911 - 68 2
12912 # 1504
12913 # 1504
12914 # 1504
12914 + 1500
12914 + 68
12915 # 1504
12915 - 1500 1
12916 # 1504
12916 - 68 2
12917 # 1504
12918 # 1504
12919 # 1504
12919 + 1500
12919 + 68
12920 # 1504
12920 - 1500 1
12921 # 1504
12921 - 68 2
12922 # 1504
12923 # 1504
12923 + 1500
12923 + 68
12924 # 1504
12924 - 1500 1
12925 # 1504
12925 - 68 2
12926 # 1504
12927 # 1504
12928 # 1504
12928 + 1500
12928 + 68
12929 # 1504
12929 - 1500 1
12930 # 1504
12930 - 68 2
12931 # 1504
12932 # 1504
12933 # 1504
12933 + 1500
12933 + 68
12934 # 1504
12934 - 1500 1
12935 # 1504
12935 - 68 2
12936 # 1504
12937 # 1504
12938 # 1504
12938 + 1500
12938 + 68
12939 # 1504
12939 - 1500 1
12940 # 1504
12940 - 68 2
12941 # 1504
12942 # 1504
12942 + 1500
12942 + 68
12943 # 1504
12943 - 1500 1
12944 # 1504
12944 - 68 2
12945 # 1504
12945 + 1500
12945 + 68
12946 # 1504
12946 - 1500 1
12947 # 1504
12947 - 68 2
12948 # 1504
12948 + 1500
12948 + 68
12949 # 1504
12949 - 1500 1
12950 # 1504
12950 - 68 2
12951 # 1504
12952 # 1504
12953 # 1504
12953 + 1500
12953 + 68
12954 # 1504
12954 - 1500 1
12955 # 1504
12955 - 68 2
12956 # 1504
12957 # 1504
12958 # 1504
12958 + 1500
12958 + 68
12959 # 1504
12959 - 1500 1
12960 # 1504
12960 - 68 2
12961 # 1504
12962 # 1504
12963 # 1504
12963 + 1500
12963 + 68
12964 # 1504
12964 - 1500 1
12965 # 1504
12965 - 68 2
12966 # 1504
12967 # 1504
12967 + 1500
12967 + 68
12968 # 1504
12968 - 1500 1
12969 # 1504
12969 - 68 2
12970 # 1504
12971 # 1504
12972 # 1504
12972 + 1500
12972 + 68
12973 # 1504
12973 - 1500 1
12974 # 1504
12974 - 68 2
12975 # 1504
12976 # 1504
12977 # 1504
12977 + 1500
12977 + 68
12978 # 1504
12978 - 1500 1
12979 # 1504
12979 - 68 2
12980 # 1504
12981 # 1504
12982 # 1504
12982 + 1500
12982 + 68
12983 # 1504
12983 - 1500 1
12984 # 1504
12984 - 68 2
12985 # 1504
12986 # 1504
12986 + 1500
12986 + 68
12987 # 1504
12987 - 1500 1
12988 # 1504
12988 - 68 2
12989 # 1504
12990 # 1504
12990 + 1500
12990 + 68
12991 # 1504
12991 - 1500 1
12992 # 1504
12992 - 68 2
12992 + 1500
12992 + 68
12993 # 1504
12993 - 1500 1
12994 # 1504
12994 - 68 2
12995 # 1504
12996 # 1504
12997 # 1504
12997 + 1500
12997 + 68
12998 # 1504
12998 - 1500 1
12999 # 1504
12999 - 68 2
13000 # 1504
13001 # 1504
13002 # 1504
13002 + 1500
13002 + 68
13003 # 1504
13003 - 1500 1
13004 # 1504
13004 - 68 2
13005 # 1504
13006 # 1504
13007 # 1504
13007 + 1500
13007 + 68
13008 # 1504
13008 - 1500 1
13009 # 1504
13009 - 68 2
13010 # 1504
13011 # 1504
13011 + 1500
13011 + 68
13012 # 1504
13012 - 1500 1
13013 # 1504
13013 - 68 2
13014 # 1504
13015 # 1504
13016 # 1504
13016 + 1500
13016 + 68
13017 # 1504
13017 - 1500 1
13018 # 1504
13018 - 68 2
13019 # 1504
13020 # 1504
13021 # 1504
13021 + 1500
13021 + 68
13022 # 1504
13022 - 1500 1
13023 # 1504
13023 - 68 2
13024 # 1504
13025 # 1504
13026 # 1504
13026 + 1500
13026 + 68
13027 # 1504
13027 - 1500 1
13028 # 1504
13028 - 68 2
13029 # 1504
13030 # 1504
13031 # 1504
13031 + 1500
13031 + 68
13032 # 1504
13032 - 1500 1
13033 # 1504
13033 - 68 2
13034 # 1504
13035 # 1504
13035 + 1500
13035 + 68
13036 # 1504
13036 - 1500 1
13037 # 1504
13037 - 68 2
13038 # 1504
13038 + 1500
13038 + 68
13039 # 1504
13039 - 1500 1
13040 # 1504
13040 - 68 2
13041 # 1504
13041 + 1500
13041 + 68
13042 # 1504
13042 - 1500 1
13043 # 1504
13043 - 68 2
13044 # 1504
13045 # 1504
13046 # 1504
13046 + 1500
13046 + 68
13047 # 1504
13047 - 1500 1
13048 # 1504
13048 - 68 2
13049 # 1504
13050 # 1504
13051 # 1504
13051 + 1500
13051 + 68
13052 # 1504
13052 - 1500 1
13053 # 1504
13053 - 68 2
13054 # 1504
13055 # 1504
13055 + 1500
13055 + 68
13056 # 1504
13056 - 1500 1
13057 # 1504
13057 - 68 2
13058 # 1504
13058 + 1500
13058 + 68
13059 # 1504
13059 - 1500 1
13060 # 1504
13060 - 68 2
13061 # 1504
13061 + 1500
13061 + 68
13062 # 1504
13062 - 1500 1
13063 # 1504
13063 - 68 2
13064 # 1504
13065 # 1504
13066 # 1504
13066 + 1500
13066 + 68
13067 # 1504
13067 - 1500 1
13068 # 1504
13068 - 68 2
13069 # 1504
13070 # 1504
13071 # 1504
13071 + 1500
13071 + 68
13072 # 1504
13072 - 1500 1
13073 # 1504
13073 - 68 2
13074 # 1504
13075 # 1504
13075 + 1500
13075 + 68
13076 # 1504
13076 - 1500 1
13077 # 1504
13077 - 68 2
13078 # 1504
13078 + 1500
13078 + 68
13079 # 1504
13079 - 1500 1
13080 # 1504
13080 - 68 2
13081 # 1504
13081 + 1500
13081 + 68
13082 # 1504
13082 - 1500 1
13083 # 1504
13083 - 68 2
13084 # 1504
13085 # 1504
13086 # 1504
13086 + 1500
13086 + 68
13087 # 1504
13087 - 1500 1
13088 # 1504
13088 - 68 2
13089 # 1504
13090 # 1504
13091 # 1504
13091 + 1500
13091 + 68
13092 # 1504
13092 - 1500 1
13093 # 1504
13093 - 68 2
13094 # 1504
13095 # 1504
13096 # 1504
13096 + 1500
13096 + 68
13097 # 1504
13097 - 1500 1
13098 # 1504
13098 - 68 2
13099 # 1504
13100 # 1504
13100 + 1500
13100 + 68
13101 # 1504
13101 - 1500 1
13102 # 1504
13102 - 68 2
13103 # 1504
13104 # 1504
13105 # 1504
13105 + 1500
13105 + 68
13106 # 1504
13106 - 1500 1
13107 # 1504
13107 - 68 2
13108 # 1504
13109 # 1504
13110 # 1504
13110 + 1500
13110 + 68
13111 # 1504
13111 - 1500 1
13112 # 1504
13112 - 68 2
13113 # 1504
13114 # 1504
13115 # 1504
13115 + 1500
13115 + 68
13116 # 1504
13116 - 1500 1
13117 # 1504
13117 - 68 2
13118 # 1504
13118 + 1500
13118 + 68
13119 # 1504
13119 - 1500 1
13120 # 1504
13120 - 68 2
13120 + 1500
13120 + 68
13121 # 1504
13121 - 1500 1
13122 # 1504
13122 - 68 2
13123 # 1504
13123 + 1500
13123 + 68
13124 # 1504
13124 - 1500 1
13125 # 1504
13125 - 68 2
13126 # 1504
13126 + 1500
13126 + 68
13127 # 1504
13127 - 1500 1
13128 # 1504
13128 - 68 2
13129 # 1504
13130 # 1504
13131 # 1504
13131 + 1500
13131 + 68
13132 # 1504
13132 - 1500 1
13133 # 1504
13133 - 68 2
13134 # 1504
13135 # 1504
13136 # 1504
13136 + 1500
13136 + 68
13137 # 1504
13137 - 1500 1
13138 # 1504
13138 - 68 2
13139 # 1504
13140 # 1504
13140 + 1500
13140 + 68
13141 # 1504
13141 - 1500 1
13142 # 1504
13142 - 68 2
13143 # 1504
13143 + 1500
13143 + 68
13144 # 1504
13144 - 1500 1
13145 # 1504
13145 - 68 2
13146 # 1504
13146 + 1500
13146 + 68
13147 # 1504
13147 - 1500 1
13148 # 1504
13148 - 68 2
13149 # 1504
13149 + 1500
13149 + 68
13150 # 1504
13150 - 1500 1
13151 # 1504
13151 - 68 2
13152 # 1504
13153 # 1504
13154 # 1504
13154 + 1500
13154 + 68
13155 # 1504
13155 - 1500 1
13156 # 1504
13156 - 68 2
13157 # 1504
13158 # 1504
13159 # 1504
13159 + 1500
13159 + 68
13160 # 1504
13160 - 1500 1
13161 # 1504
13161 - 68 2
13162 # 1504
13163 # 1504
13163 + 1500
13163 + 68
13164 # 1504
13164 - 1500 1
13165 # 1504
13165 - 68 2
13166 # 1504
13167 # 1504
13168 # 1504
13168 + 1500
13168 + 68
13169 # 1504
13169 - 1500 1
13170 # 1504
13170 - 68 2
13171 # 1504
13172 # 1504
13173 # 1504
13173 + 1500
13173 + 68
13174 # 1504
13174 - 1500 1
13175 # 1504
13175 - 68 2
13176 # 1504
13177 # 1504
13178 # 1504
13178 + 1500
13178 + 68
13179 # 1504
13179 - 1500 1
13180 # 1504
13180 - 68 2
13181 # 1504
13182 # 1504
13183 # 1504
13183 + 1500
13183 + 68
13184 # 1504
13184 - 1500 1
13185 # 1504
13185 - 68 2
13186 # 1504
13187 # 1504
13187 + 1500
13187 + 68
13188 # 1504
13188 - 1500 1
13189 # 1504
13189 - 68 2
13190 # 1504
13190 + 1500
13190 + 68
13191 # 1504
13191 - 1500 1
13192 # 1504
13192 - 68 2
13193 # 1504
13193 + 1500
13193 + 68
13194 # 1504
13194 - 1500 1
13195 # 1504
13195 - 68 2
13196 # 1504
13197 # 1504
13198 # 1504
13198 + 1500
13198 + 68
13199 # 1504
13199 - 1500 1
13200 # 1504
13200 - 68 2
13201 # 1504
13202 # 1504
13203 # 1504
13203 + 1500
13203 + 68
13204 # 1504
13204 - 1500 1
13205 # 1504
13205 - 68 2
13206 # 1504
13207 # 1504
13207 + 1500
13207 + 68
13208 # 1504
13208 - 1500 1
13209 # 1504
13209 - 68 2
13210 # 1504
13210 + 1500
13210 + 68
13211 # 1504
13211 - 1500 1
13212 # 1504
13212 - 68 2
13212 + 1500
13212 + 68
13213 # 1504
13213 - 1500 1
13214 # 1504
13214 - 68 2
13215 # 1504
13216 # 1504
13217 # 1504
13217 + 1500
13217 + 68
13218 # 1504
13218 - 1500 1
13219 # 1504
13219 - 68 2
13220 # 1504
13221 # 1504
13221 + 1500
13221 + 68
13222 # 1504
13222 - 1500 1
13223 # 1504
13223 - 68 2
13224 # 1504
13224 + 1500
13224 + 68
13225 # 1504
13225 - 1500 1
13226 # 1504
13226 - 68 2
13227 # 1504
13227 + 1500
13227 + 68
13228 # 1504
13228 - 1500 1
13229 # 1504
13229 - 68 2
13230 # 1504
13231 # 1504
13232 # 1504
13233 # 1504
13233 + 1500
13233 + 68
13234 # 1504
13234 - 1500 1
13235 # 1504
13235 - 68 2
13236 # 1504
13237 # 1504
13237 + 1500
13237 + 68
13238 # 1504
13238 - 1500 1
13239 # 1504
13239 - 68 2
13240 # 1504
13241 # 1504
13242 # 1504
13242 + 1500
13242 + 68
13243 # 1504
13243 - 1500 1
13244 # 1504
13244 - 68 2
13245 # 1504
13246 # 1504
13246 + 1500
13246 + 68
13247 # 1504
13247 - 1500 1
13248 # 1504
13248 - 68 2
13249 # 1504
13249 + 1500
13249 + 68
13250 # 1504
13250 - 1500 1
13251 # 1504
13251 - 68 2
13252 # 1504
13252 + 1500
13252 + 68
13253 # 1504
13253 - 1500 1
13254 # 1504
13254 - 68 2
13255 # 1504
13256 # 1504
13257 # 1504
13257 + 1500
13257 + 68
13258 # 1504
13258 - 1500 1
13259 # 1504
13259 - 68 2
13260 # 1504
13261 # 1504
13262 # 1504
13262 + 1500
13262 + 68
13263 # 1504
13263 - 1500 1
13264 # 1504
13264 - 68 2
13265 # 1504
13266 # 1504
13266 + 1500
13266 + 68
13267 # 1504
13267 - 1500 1
13268 # 1504
13268 - 68 2
13269 # 1504
13270 # 1504
13271 # 1504
13271 + 1500
13271 + 68
13272 # 1504
13272 - 1500 1
13273 # 1504
13273 - 68 2
13274 # 1504
13274 + 1500
13274 + 68
13275 # 1504
13275 - 1500 1
13276 # 1504
13276 - 68 2
13277 # 1504
13277 + 1500
13277 + 68
13278 # 1504
13278 - 1500 1
13279 # 1504
13279 - 68 2
13280 # 1504
13281 # 1504
13282 # 1504
13282 + 1500
13282 + 68
13283 # 1504
13283 - 1500 1
13284 # 1504
13284 - 68 2
13285 # 1504
13286 # 1504
13286 + 1500
13286 + 68
13287 # 1504
13287 - 1500 1
13288 # 1504
13288 - 68 2
13289 # 1504
13289 + 1500
13289 + 68
13290 # 1504
13290 - 1500 1
13291 # 1504
13291 - 68 2
13291 + 1500
13291 + 68
13292 # 1504
13292 - 1500 1
13293 # 1504
13293 - 68 2
13294 # 1504
13294 + 1500
13294 + 68
13295 # 1504
13295 - 1500 1
13296 # 1504
13296 - 68 2
13297 # 1504
13298 # 1504
13299 # 1504
13299 + 1500
13299 + 68
13300 # 1504
13300 - 1500 1
13301 # 1504
13301 - 68 2
13302 # 1504
13303 # 1504
13303 + 1500
13303 + 68
13304 # 1504
13304 - 1500 1
13305 # 1504
13305 - 68 2
13306 # 1504
13306 + 1500
13306 + 68
13307 # 1504
13307 - 1500 1
13308 # 1504
13308 - 68 2
13309 # 1504
13309 + 1500
13309 + 68
13310 # 1504
13310 - 1500 1
13311 # 1504
13311 - 68 2
13312 # 1504
13313 # 1504
13314 # 1504
13314 + 1500
13314 + 68
13315 # 1504
13315 - 1500 1
13316 # 1504
13316 - 68 2
13317 # 1504
13318 # 1504
13319 # 1504
13319 + 1500
13319 + 68
13320 # 1504
13320 - 1500 1
13321 # 1504
13321 - 68 2
13322 # 1504
13323 # 1504
13323 + 1500
13323 + 68
13324 # 1504
13324 - 1500 1
13325 # 1504
13325 - 68 2
13326 # 1504
13326 + 1500
13326 + 68
13327 # 1504
13327 - 1500 1
13328 # 1504
13328 - 68 2
13329 # 1504
13330 # 1504
13330 + 1500
13330 + 68
13331 # 1504
13331 - 1500 1
13332 # 1504
13332 - 68 2
13333 # 1504
13334 # 1504
13334 + 1500
13334 + 68
13335 # 1504
13335 - 1500 1
13336 # 1504
13336 - 68 2
13337 # 1504
13338 # 1504
13339 # 1504
13339 + 1500
13339 + 68
13340 # 1504
13340 - 1500 1
13341 # 1504
13341 - 68 2
13342 # 1504
13343 # 1504
13344 # 1504
13345 # 1504
13346 # 1504
13347 # 1504
13348 # 1504
13349 # 1504
13350 # 1504
13351 # 1504
13352 # 1504
13353 # 1504
13354 # 1504
13355 # 1504
13356 # 1504
13357 # 1504
13358 # 1504
13359 # 1504
13360 # 1504
13361 # 1504
13362 # 1504
13363 # 1504
13364 # 1504
13365 # 1504
13366 # 1504
13367 # 1504
13367 + 1500
13367 + 68
13367 + 1500
13367 + 68
13367 + 1500
13367 + 68
13367 + 1500
13367 + 68
13367 + 1500
13367 + 68
13367 + 1500
13367 + 68
13368 # 1504
13368 - 1500 1
13369 # 1504
13369 - 68 2
13370 # 1504
13370 - 1500 3
13370 - 68 3
13370 + 1500
13370 + 68
13371 # 1504
13371 - 1500 4
13371 - 68 4
13372 # 1504
13372 - 1500 5
13372 - 68 5
13373 # 1504
13373 - 1500 6
13373 - 68 6
13374 # 1504
13374 - 1500 7
13374 - 68 7
13375 # 1504
13375 - 1500 5
13375 - 68 5
13375 + 1500
13375 + 68
13376 # 1504
13376 - 1500 1
13377 # 1504
13377 - 68 2
13378 # 1504
13379 # 1504
13380 # 1504
13380 + 1500
13380 + 68
13381 # 1504
13381 - 1500 1
13382 # 1504
13382 - 68 2
13383 # 1504
13384 # 1504
13385 # 1504
13385 + 1500
13385 + 68
13386 # 1504
13386 - 1500 1
13387 # 1504
13387 - 68 2
13388 # 1504
13389 # 1504
13389 + 1500
13389 + 68
13390 # 1504
13390 - 1500 1
13391 # 1504
13391 - 68 2
13392 # 1504
13392 + 1500
13392 + 68
13393 # 1504
13393 - 1500 1
13394 # 1504
13394 - 68 2
13395 # 1504
13395 + 1500
13395 + 68
13396 # 1504
13396 - 1500 1
13397 # 1504
13397 - 68 2
13398 # 1504
13398 + 1500
13398 + 68
13399 # 1504
13399 - 1500 1
13400 # 1504
13400 - 68 2
13401 # 1504
13402 # 1504
13403 # 1504
13403 + 1500
13403 + 68
13404 # 1504
13404 - 1500 1
13405 # 1504
13405 - 68 2
13406 # 1504
13407 # 1504
13408 # 1504
13408 + 1500
13408 + 68
13409 # 1504
13409 - 1500 1
13410 # 1504
13410 - 68 2
13411 # 1504
13412 # 1504
13413 # 1504
13413 + 1500
13413 + 68
13414 # 1504
13414 - 1500 1
13415 # 1504
13415 - 68 2
13416 # 1504
13417 # 1504
13417 + 1500
13417 + 68
13418 # 1504
13418 - 1500 1
13419 # 1504
13419 - 68 2
13420 # 1504
13421 # 1504
13422 # 1504
13422 + 1500
13422 + 68
13423 # 1504
13423 - 1500 1
13424 # 1504
13424 - 68 2
13425 # 1504
13426 # 1504
13427 # 1504
13427 + 1500
13427 + 68
13428 # 1504
13428 - 1500 1
13429 # 1504
13429 - 68 2
13430 # 1504
13431 # 1504
13432 # 1504
13432 + 1500
13432 + 68
13433 # 1504
13433 - 1500 1
13434 # 1504
13434 - 68 2
13435 # 1504
13436 # 1504
13436 + 1500
13436 + 68
13437 # 1504
13437 - 1500 1
13438 # 1504
13438 - 68 2
13439 # 1504
13440 # 1504
13440 + 1500
13440 + 68
13441 # 1504
13441 - 1500 1
13442 # 1504
13442 - 68 2
13442 + 1500
13442 + 68
13443 # 1504
13443 - 1500 1
13444 # 1504
13444 - 68 2
13445 # 1504
13446 # 1504
13447 # 1504
13447 + 1500
13447 + 68
13448 # 1504
13448 - 1500 1
13449 # 1504
13449 - 68 2
13450 # 1504
13451 # 1504
13452 # 1504
13453 # 1504
13454 # 1504
13455 # 1504
13456 # 1504
13457 # 1504
13458 # 1504
13459 # 1504
13460 # 1504
13461 # 1504
13462 # 1504
13463 # 1504
13464 # 1504
13465 # 1504
13466 # 1504
13467 # 1504
13468 # 1504
13469 # 1504
13470 # 1504
13471 # 1504
13472 # 1504
13473 # 1504
13474 # 1504
13475 # 1504
13476 # 1504
13477 # 1504
13478 # 1504
13479 # 1504
13480 # 1504
13481 # 1504
13482 # 1504
13483 # 1504
13484 # 1504
13485 # 1504
13486 # 1504
13487 # 1504
13487 + 1500
13487 + 68
13487 + 1500
13487 + 68
13487 + 1500
13487 + 68
13487 + 1500
13487 + 68
13487 + 1500
13487 + 68
13487 + 1500
13487 + 68
13487 + 1500
13487 + 68
13487 + 1500
13487 + 68
13488 # 1504
13488 - 1500 1
13489 # 1504
13489 - 68 2
13490 # 1504
13490 - 1500 3
13490 - 68 3
13490 + 1500
13490 + 68
13491 # 1504
13491 - 1500 4
13491 - 68 4
13492 # 1504
13492 - 1500 5
13492 - 68 5
13493 # 1504
13493 - 1500 6
13493 - 68 6
13494 # 1504
13494 - 1500 7
13494 - 68 7
13495 # 1504
13495 - 1500 8
13495 - 68 8
13495 + 1500
13495 + 68
13496 # 1504
13496 - 1500 9
13496 - 68 9
13497 # 1504
13497 - 1500 7
13497 - 68 7
13498 # 1504
13498 - 1500 3
13498 - 68 3
13499 # 1504
13500 # 1504
13500 + 1500
13500 + 68
13501 # 1504
13501 - 1500 1
13502 # 1504
13502 - 68 2
13503 # 1504
13504 # 1504
13504 + 1500
13504 + 68
13505 # 1504
13505 - 1500 1
13506 # 1504
13506 - 68 2
13507 # 1504
13508 # 1504
13509 # 1504
13509 + 1500
13509 + 68
13510 # 1504
13510 - 1500 1
13511 # 1504
13511 - 68 2
13512 # 1504
13512 + 1500
13512 + 68
13513 # 1504
13513 - 1500 1
13514 # 1504
13514 - 68 2
13515 # 1504
13516 # 1504
13517 # 1504
13517 + 1500
13517 + 68
13518 # 1504
13518 - 1500 1
13518 + 1500
13518 + 68
13519 # 1504
13519 - 68 2
13520 # 1504
13520 - 1500 2
13520 - 68 2
13521 # 1504
13522 # 1504
13523 # 1504
13523 + 1500
13523 + 68
13524 # 1504
13524 - 1500 1
13525 # 1504
13525 - 68 2
13526 # 1504
13527 # 1504
13528 # 1504
13528 + 1500
13528 + 68
13529 # 1504
13529 - 1500 1
13530 # 1504
13530 - 68 2
13531 # 1504
13532 # 1504
13532 + 1500
13532 + 68
13533 # 1504
13533 - 1500 1
13534 # 1504
13534 - 68 2
13535 # 1504
13536 # 1504
13537 # 1504
13537 + 1500
13537 + 68
13538 # 1504
13538 - 1500 1
13539 # 1504
13539 - 68 2
13540 # 1504
13541 # 1504
13542 # 1504
13542 + 1500
13542 + 68
13543 # 1504
13543 - 1500 1
13544 # 1504
13544 - 68 2
13545 # 1504
13546 # 1504
13547 # 1504
13547 + 1500
13547 + 68
13548 # 1504
13548 - 1500 1
13549 # 1504
13549 - 68 2
13550 # 1504
13551 # 1504
13551 + 1500
13551 + 68
13552 # 1504
13552 - 1500 1
13553 # 1504
13553 - 68 2
13554 # 1504
13555 # 1504
13555 + 1500
13555 + 68
13556 # 1504
13556 - 1500 1
13557 # 1504
13557 - 68 2
13557 + 1500
13557 + 68
13558 # 1504
13558 - 1500 1
13559 # 1504
13559 - 68 2
13560 # 1504
13561 # 1504
13562 # 1504
13562 + 1500
13562 + 68
13563 # 1504
13563 - 1500 1
13564 # 1504
13564 - 68 2
13565 # 1504
13566 # 1504
13567 # 1504
13567 + 1500
13567 + 68
13568 # 1504
13568 - 1500 1
13569 # 1504
13569 - 68 2
13570 # 1504
13571 # 1504
13571 + 1500
13571 + 68
13572 # 1504
13572 - 1500 1
13573 # 1504
13573 - 68 2
13574 # 1504
13575 # 1504
13576 # 1504
13576 + 1500
13576 + 68
13577 # 1504
13577 - 1500 1
13578 # 1504
13578 - 68 2
13579 # 1504
13579 + 1500
13579 + 68
13580 # 1504
13580 - 1500 1
13581 # 1504
13581 - 68 2
13582 # 1504
13582 + 1500
13582 + 68
13583 # 1504
13583 - 1500 1
13584 # 1504
13584 - 68 2
13585 # 1504
13586 # 1504
13587 # 1504
13587 + 1500
13587 + 68
13588 # 1504
13588 - 1500 1
13589 # 1504
13589 - 68 2
13590 # 1504
13591 # 1504
13592 # 1504
13593 # 1504
13594 # 1504
13595 # 1504
13596 # 1504
13597 # 1504
13598 # 1504
13599 # 1504
13600 # 1504
13601 # 1504
13602 # 1504
13603 # 1504
13604 # 1504
13605 # 1504
13606 # 1504
13607 # 1504
13607 + 1500
13607 + 68
13607 + 1500
13607 + 68
13607 + 1500
13607 + 68
13607 + 1500
13607 + 68
13608 # 1504
13608 - 1500 1
13609 # 1504
13609 - 68 2
13610 # 1504
13610 - 1500 3
13610 - 68 3
13611 # 1504
13611 - 1500 4
13611 - 68 4
13611 + 1500
13611 + 68
13612 # 1504
13612 - 1500 5
13612 - 68 5
13613 # 1504
13613 - 1500 2
13613 - 68 2
13614 # 1504
13615 # 1504
13616 # 1504
13616 + 1500
13616 + 68
13617 # 1504
13617 - 1500 1
13618 # 1504
13618 - 68 2
13619 # 1504
13620 # 1504
13620 + 1500
13620 + 68
13621 # 1504
13621 - 1500 1
13622 # 1504
13622 - 68 2
13623 # 1504
13624 # 1504
13625 # 1504
13626 # 1504
13627 # 1504
13628 # 1504
13629 # 1504
13630 # 1504
13631 # 1504
13632 # 1504
13633 # 1504
13634 # 1504
13635 # 1504
13636 # 1504
13637 # 1504
13638 # 1504
13639 # 1504
13640 # 1504
13641 # 1504
13642 # 1504
13643 # 1504
13644 # 1504
13645 # 1504
13646 # 1504
13647 # 1504
13648 # 1504
13649 # 1504
13650 # 1504
13651 # 1504
13652 # 1504
13653 # 1504
13654 # 1504
13655 # 1504
13656 # 1504
13657 # 1504
13658 # 1504
13659 # 1504
13660 # 1504
13661 # 1504
13662 # 1504
13663 # 1504
13664 # 1504
13665 # 1504
13666 # 1504
13667 # 1504
13667 + 1500
13667 + 68
13667 + 1500
13667 + 68
13667 + 1500
13667 + 68
13667 + 1500
13667 + 68
13667 + 1500
13667 + 68
13667 + 1500
13667 + 68
13667 + 1500
13667 + 68
13667 + 1500
13667 + 68
13667 + 1500
13667 + 68
13668 # 1504
13668 - 1500 1
13668 + 1500
13668 + 68
13669 # 1504
13669 - 68 2
13670 # 1504
13670 - 1500 3
13670 - 68 3
13671 # 1504
13671 - 1500 4
13671 - 68 4
13672 # 1504
13672 - 1500 5
13672 - 68 5
13673 # 1504
13673 - 1500 6
13673 - 68 6
13674 # 1504
13674 - 1500 7
13674 - 68 7
13675 # 1504
13675 - 1500 8
13675 - 68 8
13676 # 1504
13676 - 1500 9
13676 - 68 9
13677 # 1504
13677 - 1500 10
13677 - 68 10
13678 # 1504
13678 - 1500 10
13678 - 68 10
13679 # 1504
13680 # 1504
13681 # 1504
13682 # 1504
13683 # 1504
13684 # 1504
13685 # 1504
13686 # 1504
13687 # 1504
13688 # 1504
13689 # 1504
13690 # 1504
13691 # 1504
13692 # 1504
13692 + 1500
13692 + 68
13692 + 1500
13692 + 68
13692 + 1500
13692 + 68
13692 + 1500
13692 + 68
13692 + 1500
13692 + 68
13693 # 1504
13693 - 1500 1
13694 # 1504
13694 - 68 2
13695 # 1504
13695 - 1500 3
13695 - 68 3
13695 + 1500
13695 + 68
13696 # 1504
13696 - 1500 4
13696 - 68 4
13697 # 1504
13697 - 1500 5
13697 - 68 5
13698 # 1504
13698 - 1500 6
13698 - 68 6
13699 # 1504
13699 - 1500 4
13699 - 68 4
13700 # 1504
13701 # 1504
13702 # 1504
13703 # 1504
13704 # 1504
13705 # 1504
13706 # 1504
13707 # 1504
13708 # 1504
13709 # 1504
13710 # 1504
13711 # 1504
13712 # 1504
13713 # 1504
13714 # 1504
13715 # 1504
13716 # 1504
13717 # 1504
13718 # 1504
13718 + 1500
13718 + 68
13718 + 1500
13718 + 68
13718 + 1500
13718 + 68
13718 + 1500
13718 + 68
13719 # 1504
13719 - 1500 1
13719 + 1500
13719 + 68
13720 # 1504
13720 - 68 2
13721 # 1504
13721 - 1500 3
13721 - 68 3
13722 # 1504
13722 - 1500 4
13722 - 68 4
13723 # 1504
13723 - 1500 5
13723 - 68 5
13724 # 1504
13724 - 1500 5
13724 - 68 5
13724 + 1500
13724 + 68
13725 # 1504
13725 - 1500 1
13726 # 1504
13726 - 68 2
13727 # 1504
13728 # 1504
13728 + 1500
13728 + 68
13729 # 1504
13729 - 1500 1
13730 # 1504
13730 - 68 2
13731 # 1504
13732 # 1504
13732 + 1500
13732 + 68
13733 # 1504
13733 - 1500 1
13734 # 1504
13734 - 68 2
13735 # 1504
13736 # 1504
13736 + 1500
13736 + 68
13737 # 1504
13737 - 1500 1
13738 # 1504
13738 - 68 2
13739 # 1504
13740 # 1504
13741 # 1504
13741 + 1500
13741 + 68
13742 # 1504
13742 - 1500 1
13743 # 1504
13743 - 68 2
13744 # 1504
13745 # 1504
13746 # 1504
13747 # 1504
13748 # 1504
13749 # 1504
13750 # 1504
13751 # 1504
13752 # 1504
13753 # 1504
13754 # 1504
13755 # 1504
13756 # 1504
13757 # 1504
13758 # 1504
13759 # 1504
13760 # 1504
13761 # 1504
13762 # 1504
13763 # 1504
13764 # 1504
13765 # 1504
13766 # 1504
13767 # 1504
13768 # 1504
13769 # 1504
13769 + 1500
13769 + 68
13769 + 1500
13769 + 68
13769 + 1500
13769 + 68
13769 + 1500
13769 + 68
13769 + 1500
13769 + 68
13770 # 1504
13770 - 1500 1
13770 + 1500
13770 + 68
13771 # 1504
13771 - 68 2
13772 # 1504
13772 - 1500 3
13772 - 68 3
13773 # 1504
13773 - 1500 4
13773 - 68 4
13774 # 1504
13774 - 1500 5
13774 - 68 5
13775 # 1504
13775 - 1500 6
13775 - 68 6
13776 # 1504
13776 - 1500 6
13776 - 68 6
13777 # 1504
13778 # 1504
13779 # 1504
13780 # 1504
13781 # 1504
13782 # 1504
13783 # 1504
13784 # 1504
13785 # 1504
13786 # 1504
13787 # 1504
13788 # 1504
13788 + 1500
13788 + 68
13788 + 1500
13788 + 68
13788 + 1500
13788 + 68
13789 # 1504
13789 - 1500 1
13790 # 1504
13790 - 68 2
13791 # 1504
13791 - 1500 3
13791 - 68 3
13792 # 1504
13792 - 1500 4
13792 - 68 4
13793 # 1504
13794 # 1504
13794 + 1500
13794 + 68
13794 + 1500
13794 + 68
13795 # 1504
13795 - 1500 1
13796 # 1504
13796 - 68 2
13797 # 1504
13797 - 1500 3
13797 - 68 3
13798 # 1504
13799 # 1504
13800 # 1504
13801 # 1504
13802 # 1504
13803 # 1504
13804 # 1504
13805 # 1504
13806 # 1504
13807 # 1504
13808 # 1504
13809 # 1504
13810 # 1504
13811 # 1504
13812 # 1504
13813 # 1504
13814 # 1504
13815 # 1504
13815 + 1500
13815 + 68
13815 + 1500
13815 + 68
13815 + 1500
13815 + 68
13815 + 1500
13815 + 68
13816 # 1504
13816 - 1500 1
13817 # 1504
13817 - 68 2
13818 # 1504
13818 - 1500 3
13818 - 68 3
13819 # 1504
13819 - 1500 4
13819 - 68 4
13820 # 1504
13820 - 1500 5
13820 - 68 5
13820 + 1500
13820 + 68
13821 # 1504
13821 - 1500 1
13822 # 1504
13822 - 68 2
13823 # 1504
13823 + 1500
13823 + 68
13824 # 1504
13824 - 1500 1
13825 # 1504
13825 - 68 2
13826 # 1504
13827 # 1504
13828 # 1504
13829 # 1504
13830 # 1504
13831 # 1504
13832 # 1504
13833 # 1504
13834 # 1504
13835 # 1504
13836 # 1504
13837 # 1504
13838 # 1504
13839 # 1504
13840 # 1504
13841 # 1504
13842 # 1504
13843 # 1504
13844 # 1504
13845 # 1504
13846 # 1504
13847 # 1504
13847 + 1500
13847 + 68
13847 + 1500
13847 + 68
13847 + 1500
13847 + 68
13847 + 1500
13847 + 68
13847 + 1500
13847 + 68
13848 # 1504
13848 - 1500 1
13849 # 1504
13849 - 68 2
13850 # 1504
13850 - 1500 3
13850 - 68 3
13851 # 1504
13851 - 1500 4
13851 - 68 4
13852 # 1504
13852 - 1500 5
13852 - 68 5
13852 + 1500
13852 + 68
13853 # 1504
13853 - 1500 6
13853 - 68 6
13854 # 1504
13854 - 1500 2
13854 - 68 2
13855 # 1504
13856 # 1504
13856 + 1500
13857 # 1504
13857 - 1500 1
13857 + 68
13858 # 1504
13858 - 68 1
13859 # 1504
13859 + 1500
13859 + 68
13860 # 1504
13860 - 1500 1
13861 # 1504
13861 - 68 2
13862 # 1504
13863 # 1504
13863 + 1500
13863 + 68
13864 # 1504
13864 - 1500 1
13865 # 1504
13865 - 68 2
13866 # 1504
13867 # 1504
13867 + 1500
13867 + 68
13867 + 1500
13867 + 68
13868 # 1504
13868 - 1500 1
13869 # 1504
13869 - 68 2
13870 # 1504
13870 - 1500 3
13870 - 68 3
13871 # 1504
13872 # 1504
13872 + 1500
13872 + 68
13872 + 1500
13872 + 68
13873 # 1504
13873 - 1500 1
13874 # 1504
13874 - 68 2
13875 # 1504
13875 - 1500 3
13875 - 68 3
13876 # 1504
13876 + 1500
13876 + 68
13877 # 1504
13877 - 1500 1
13878 # 1504
13878 - 68 2
13879 # 1504
13880 # 1504
13881 # 1504
13881 + 1500
13881 + 68
13882 # 1504
13882 - 1500 1
13883 # 1504
13883 - 68 2
13884 # 1504
13885 # 1504
13885 + 1500
13886 # 1504
13886 - 1500 1
13886 + 68
13887 # 1504
13887 - 68 1
13888 # 1504
13889 # 1504
13890 # 1504
13891 # 1504
13892 # 1504
13893 # 1504
13894 # 1504
13895 # 1504
13896 # 1504
13897 # 1504
13897 + 1500
13897 + 68
13897 + 1500
13897 + 68
13898 # 1504
13898 - 1500 1
13899 # 1504
13899 - 68 2
13900 # 1504
13900 - 1500 3
13900 - 68 3
13901 # 1504
13902 # 1504
13903 # 1504
13904 # 1504
13905 # 1504
13906 # 1504
13907 # 1504
13908 # 1504
13909 # 1504
13910 # 1504
13911 # 1504
13912 # 1504
13913 # 1504
13914 # 1504
13915 # 1504
13916 # 1504
13917 # 1504
13918 # 1504
13919 # 1504
13920 # 1504
13921 # 1504
13922 # 1504
13923 # 1504
13924 # 1504
13925 # 1504
13926 # 1504
13927 # 1504
13928 # 1504
13929 # 1504
13930 # 1504
13931 # 1504
13932 # 1504
13933 # 1504
13934 # 1504
13935 # 1504
13936 # 1504
13937 # 1504
13938 # 1504
13939 # 1504
13940 # 1504
13941 # 1504
13942 # 1504
13943 # 1504
13944 # 1504
13945 # 1504
13946 # 1504
13947 # 1504
13948 # 1504
13949 # 1504
13950 # 1504
13951 # 1504
13952 # 1504
13953 # 1504
13954 # 1504
13954 + 1500
13954 + 68
13954 + 1500
13954 + 68
13954 + 1500
13954 + 68
13954 + 1500
13954 + 68
13954 + 1500
13954 + 68
13954 + 1500
13954 + 68
13954 + 1500
13954 + 68
13954 + 1500
13954 + 68
13954 + 1500
13954 + 68
13954 + 1500
13954 + 68
13954 + 1500
13954 + 68
13954 + 1500
13954 + 68
13955 # 1504
13955 - 1500 1
13956 # 1504
13956 - 68 2
13957 # 1504
13957 - 1500 3
13957 - 68 3
13958 # 1504
13958 - 1500 4
13958 - 68 4
13958 + 1500
13958 + 68
13959 # 1504
13959 - 1500 5
13959 - 68 5
13960 # 1504
13960 - 1500 6
13960 - 68 6
13961 # 1504
13961 - 1500 7
13961 - 68 7
13962 # 1504
13962 - 1500 8
13962 - 68 8
13962 + 1500
13962 + 68
13963 # 1504
13963 - 1500 9
13963 - 68 9
13964 # 1504
13964 - 1500 10
13964 - 68 10
13965 # 1504
13965 - 1500 11
13965 - 68 11
13966 # 1504
13966 - 1500 12
13966 - 68 12
13967 # 1504
13967 - 1500 13
13967 - 68 13
13968 # 1504
13968 - 1500 10
13968 - 68 10
13968 + 1500
13968 + 68
13969 # 1504
13969 - 1500 7
13969 - 68 7
13970 # 1504
13970 - 1500 2
13970 - 68 2
13971 # 1504
13972 # 1504
13973 # 1504
13974 # 1504
13975 # 1504
13976 # 1504
13977 # 1504
13978 # 1504
13979 # 1504
13980 # 1504
13981 # 1504
13982 # 1504
13983 # 1504
13984 # 1504
13985 # 1504
13986 # 1504
13987 # 1504
13988 # 1504
13989 # 1504
13990 # 1504
13991 # 1504
13992 # 1504
13993 # 1504
13994 # 1504
13995 # 1504
13996 # 1504
13997 # 1504
13998 # 1504
13999 # 1504
14000 # 1504
14001 # 1504
14002 # 1504
14003 # 1504
14004 # 1504
14005 # 1504
14006 # 1504
14007 # 1504
14008 # 1504
14009 # 1504
14010 # 1504
14011 # 1504
14012 # 1504
14013 # 1504
14014 # 1504
14015 # 1504
14016 # 1504
14017 # 1504
14018 # 1504
14019 # 1504
14020 # 1504
14020 + 1500
14020 + 68
14020 + 1500
14020 + 68
14020 + 1500
14020 + 68
14020 + 1500
14020 + 68
14020 + 1500
14020 + 68
14020 + 1500
14020 + 68
14020 + 1500
14020 + 68
14020 + 1500
14020 + 68
14020 + 1500
14020 + 68
14020 + 1500
14020 + 68
14020 + 1500
14020 + 68
14021 # 1504
14021 - 1500 1
14022 # 1504
14022 - 68 2
14023 # 1504
14023 - 1500 3
14023 - 68 3
14023 + 1500
14023 + 68
14024 # 1504
14024 - 1500 4
14024 - 68 4
14025 # 1504
14025 - 1500 5
14025 - 68 5
14026 # 1504
14026 - 1500 6
14026 - 68 6
14027 # 1504
14027 - 1500 7
14027 - 68 7
14028 # 1504
14028 - 1500 8
14028 - 68 8
14029 # 1504
14029 - 1500 9
14029 - 68 9
14030 # 1504
14030 - 1500 10
14030 - 68 10
14031 # 1504
14031 - 1500 11
14031 - 68 11
14032 # 1504
14032 - 1500 12
14032 - 68 12
14033 # 1504
14033 - 1500 10
14033 - 68 10
14034 # 1504
14035 # 1504
14036 # 1504
14037 # 1504
14038 # 1504
14039 # 1504
14040 # 1504
14041 # 1504
14042 # 1504
14043 # 1504
14044 # 1504
14045 # 1504
14046 # 1504
14047 # 1504
14048 # 1504
14049 # 1504
14050 # 1504
14051 # 1504
14052 # 1504
14053 # 1504
14054 # 1504
14055 # 1504
14056 # 1504
14057 # 1504
14058 # 1504
14059 # 1504
14060 # 1504
14061 # 1504
14062 # 1504
14063 # 1504
14064 # 1504
14065 # 1504
14066 # 1504
14067 # 1504
14068 # 1504
14069 # 1504
14070 # 1504
14071 # 1504
14072 # 1504
14073 # 1504
14074 # 1504
14075 # 1504
14076 # 1504
14077 # 1504
14078 # 1504
14079 # 1504
14080 # 1504
14081 # 1504
14082 # 1504
14083 # 1504
14084 # 1504
14085 # 1504
14086 # 1504
14087 # 1504
14088 # 1504
14089 # 1504
14090 # 1504
14091 # 1504
14092 # 1504
14093 # 1504
14094 # 1504
14095 # 1504
14096 # 1504
14097 # 1504
14098 # 1504
14099 # 1504
14100 # 1504
14101 # 1504
14102 # 1504
14103 # 1504
14104 # 1504
14105 # 1504
14106 # 1504
14107 # 1504
14108 # 1504
14109 # 1504
14110 # 1504
14111 # 1504
14112 # 1504
14113 # 1504
14114 # 1504
14115 # 1504
14116 # 1504
14117 # 1504
14118 # 1504
14119 # 1504
14120 # 1504
14121 # 1504
14122 # 1504
14123 # 1504
14124 # 1504
14125 # 1504
14126 # 1504
14127 # 1504
14128 # 1504
14129 # 1504
14130 # 1504
14131 # 1504
14132 # 1504
14133 # 1504
14134 # 1504
14135 # 1504
14136 # 1504
14137 # 1504
14138 # 1504
14139 # 1504
14140 # 1504
14141 # 1504
14142 # 1504
14143 # 1504
14144 # 1504
14145 # 1504
14146 # 1504
14147 # 1504
14148 # 1504
14149 # 1504
14150 # 1504
14151 # 1504
14152 # 1504
14153 # 1504
14154 # 1504
14155 # 1504
14156 # 1504
14157 # 1504
14158 # 1504
14159 # 1504
14160 # 1504
14161 # 1504
14162 # 1504
14163 # 1504
14164 # 1504
14165 # 1504
14166 # 1504
14167 # 1504
14168 # 1504
14169 # 1504
14170 # 1504
14171 # 1504
14172 # 1504
14173 # 1504
14174 # 1504
14175 # 1504
14176 # 1504
14177 # 1504
14178 # 1504
14179 # 1504
14180 # 1504
14181 # 1504
14182 # 1504
14183 # 1504
14184 # 1504
14185 # 1504
14186 # 1504
14187 # 1504
14188 # 1504
14189 # 1504
14190 # 1504
14191 # 1504
14192 # 1504
14193 # 1504
14194 # 1504
14195 # 1504
14196 # 1504
14197 # 1504
14198 # 1504
14199 # 1504
14200 # 1504
14201 # 1504
14202 # 1504
14203 # 1504
14204 # 1504
14205 # 1504
14206 # 1504
14207 # 1504
14208 # 1504
14209 # 1504
14210 # 1504
14211 # 1504
14212 # 1504
14213 # 1504
14214 # 1504
14215 # 1504
14216 # 1504
14217 # 1504
14218 # 1504
14219 # 1504
14220 # 1504
14221 # 1504
14222 # 1504
14223 # 1504
14224 # 1504
14225 # 1504
14226 # 1504
14227 # 1504
14228 # 1504
14229 # 1504
14230 # 1504
14231 # 1504
14232 # 1504
14233 # 1504
14234 # 1504
14235 # 1504
14236 # 1504
14237 # 1504
14238 # 1504
14239 # 1504
14240 # 1504
14241 # 1504
14242 # 1504
14243 # 1504
14244 # 1504
14245 # 1504
14246 # 1504
14247 # 1504
14248 # 1504
14249 # 1504
14250 # 1504
14251 # 1504
14252 # 1504
14253 # 1504
14254 # 1504
14255 # 1504
14256 # 1504
14257 # 1504
14258 # 1504
14259 # 1504
14260 # 1504
14261 # 1504
14262 # 1504
14263 # 1504
14264 # 1504
14265 # 1504
14266 # 1504
14267 # 1504
14267 + 1500
14267 + 68
14267 + 1500
14267 + 68
14267 + 1500
14267 + 68
14267 + 1500
14268 # 1504
14268 - 1500 1
14268 + 68
14268 + 1500
14268 + 68
14268 + 1500
14268 + 68
14268 + 1500
14268 + 68
14268 + 1500
14268 + 68
14268 + 1500
14268 + 68
14268 + 1500
14268 + 68
14268 + 1500
14268 + 68
14268 + 1500
14268 + 68
14268 + 1500
14268 + 68
14268 + 1500
14268 + 68
14268 + 1500
14268 + 68
14268 + 1500
14268 + 68
14268 + 1500
14268 + 68
14268 + 1500
14268 + 68
14268 + 1500
14268 + 68
14268 + 1500
14268 + 68
14268 + 1500
14268 + 68
14268 + 1500
14268 + 68
14268 + 1500
14268 + 68
14268 + 1500
14268 + 68
14268 + 1500
14268 + 68
14268 + 1500
14268 + 68
14269 # 1504
14269 - 68 2
14270 # 1504
14270 - 1500 3
14270 - 68 3
14271 # 1504
14271 - 1500 4
14271 - 68 4
14272 # 1504
14272 - 1500 5
14272 - 68 4
14273 # 1504
14273 - 1500 5
14273 - 68 5
14274 # 1504
14274 - 1500 6
14274 - 68 6
14274 + 1500
14274 + 68
14275 # 1504
14275 - 1500 7
14275 - 68 7
14276 # 1504
14276 - 1500 8
14276 - 68 8
14277 # 1504
14277 - 1500 9
14277 - 68 9
14278 # 1504
14278 - 1500 10
14278 - 68 10
14279 # 1504
14279 - 1500 11
14279 - 68 11
14279 + 1500
14279 + 68
14280 # 1504
14280 - 1500 12
14280 - 68 12
14281 # 1504
14281 - 1500 13
14281 - 68 13
14282 # 1504
14282 - 1500 14
14282 - 68 14
14283 # 1504
14283 - 1500 15
14283 - 68 15
14284 # 1504
14284 - 1500 16
14284 - 68 16
14284 + 1500
14284 + 68
14285 # 1504
14285 - 1500 17
14285 - 68 17
14286 # 1504
14286 - 1500 18
14286 - 68 18
14287 # 1504
14287 - 1500 19
14287 - 68 19
14288 # 1504
14288 - 1500 20
14288 - 68 20
14288 + 1500
14288 + 68
14289 # 1504
14289 - 1500 21
14289 - 68 21
14290 # 1504
14290 - 1500 22
14290 - 68 22
14291 # 1504
14291 - 1500 23
14291 - 68 23
14291 + 1500
14291 + 68
14292 # 1504
14292 - 1500 24
14293 # 1504
14293 - 68 25
14294 # 1504
14294 - 1500 26
14294 - 68 26
14295 # 1504
14295 - 1500 27
14295 - 68 27
14295 + 1500
14295 + 68
14296 # 1504
14296 - 1500 22
14296 - 68 22
14297 # 1504
14297 - 1500 18
14297 - 68 18
14298 # 1504
14298 - 1500 14
14298 - 68 14
14299 # 1504
14299 - 1500 11
14299 - 68 11
14299 + 1500
14299 + 68
14300 # 1504
14300 - 1500 9
14300 - 68 9
14301 # 1504
14301 - 1500 6
14301 - 68 6
14302 # 1504
14302 - 1500 3
14302 - 68 3
14303 # 1504
14303 + 1500
14303 + 68
14304 # 1504
14304 - 1500 1
14305 # 1504
14305 - 68 2
14306 # 1504
14307 # 1504
14307 + 1500
14307 + 68
14308 # 1504
14308 - 1500 1
14309 # 1504
14309 - 68 2
14310 # 1504
14310 + 1500
14310 + 68
14311 # 1504
14311 - 1500 1
14312 # 1504
14312 - 68 2
14313 # 1504
14314 # 1504
14314 + 1500
14314 + 68
14315 # 1504
14315 - 1500 1
14315 + 1500
14315 + 68
14316 # 1504
14316 - 68 2
14317 # 1504
14317 - 1500 2
14317 - 68 2
14317 + 1500
14317 + 68
14318 # 1504
14318 - 1500 1
14319 # 1504
14319 - 68 2
14320 # 1504
14320 + 1500
14320 + 68
14321 # 1504
14321 - 1500 1
14321 + 1500
14322 # 1504
14322 - 68 2
14322 + 68
14323 # 1504
14323 - 1500 2
14323 - 68 1
14324 # 1504
14324 + 1500
14324 + 68
14325 # 1504
14325 - 1500 1
14326 # 1504
14326 - 68 2
14326 + 1500
14326 + 68
14327 # 1504
14327 - 1500 1
14328 # 1504
14328 - 68 2
14329 # 1504
14330 # 1504
14330 + 1500
14330 + 68
14331 # 1504
14331 - 1500 1
14332 # 1504
14332 - 68 2
14333 # 1504
14334 # 1504
14334 + 1500
14334 + 68
14335 # 1504
14335 - 1500 1
14336 # 1504
14336 - 68 2
14337 # 1504
14338 # 1504
14339 # 1504
14340 # 1504
14340 + 1500
14340 + 68
14341 # 1504
14341 - 1500 1
14342 # 1504
14342 - 68 2
14343 # 1504
14343 + 1500
14343 + 68
14344 # 1504
14344 - 1500 1
14345 # 1504
14345 - 68 2
14346 # 1504
14347 # 1504
14348 # 1504
14349 # 1504
14350 # 1504
14351 # 1504
14352 # 1504
14353 # 1504
14354 # 1504
14355 # 1504
14356 # 1504
14357 # 1504
14358 # 1504
14359 # 1504
14360 # 1504
14361 # 1504
14362 # 1504
14363 # 1504
14364 # 1504
14365 # 1504
14366 # 1504
14367 # 1504
14368 # 1504
14369 # 1504
14369 + 1500
14369 + 68
14369 + 1500
14369 + 68
14369 + 1500
14369 + 68
14369 + 1500
14369 + 68
14369 + 1500
14369 + 68
14370 # 1504
14370 - 1500 1
14371 # 1504
14371 - 68 2
14371 + 1500
14371 + 68
14372 # 1504
14372 - 1500 3
14372 - 68 3
14373 # 1504
14373 - 1500 4
14373 - 68 4
14374 # 1504
14374 - 1500 5
14374 - 68 5
14375 # 1504
14375 - 1500 6
14375 - 68 6
14376 # 1504
14376 - 1500 5
14376 - 68 5
14376 + 1500
14376 + 68
14377 # 1504
14377 - 1500 1
14378 # 1504
14378 - 68 2
14379 # 1504
14380 # 1504
14381 # 1504
14382 # 1504
14383 # 1504
14384 # 1504
14385 # 1504
14386 # 1504
14387 # 1504
14388 # 1504
14389 # 1504
14390 # 1504
14391 # 1504
14392 # 1504
14393 # 1504
14394 # 1504
14394 + 1500
14394 + 68
14394 + 1500
14394 + 68
14394 + 1500
14394 + 68
14395 # 1504
14395 - 1500 1
14396 # 1504
14396 - 68 2
14397 # 1504
14397 - 1500 3
14397 - 68 3
14398 # 1504
14398 - 1500 4
14398 - 68 4
14399 # 1504
14400 # 1504
14401 # 1504
14402 # 1504
14403 # 1504
14404 # 1504
14405 # 1504
14406 # 1504
14407 # 1504
14408 # 1504
14409 # 1504
14410 # 1504
14411 # 1504
14412 # 1504
14413 # 1504
14414 # 1504
14415 # 1504
14416 # 1504
14417 # 1504
14418 # 1504
14419 # 1504
14420 # 1504
14421 # 1504
14422 # 1504
14423 # 1504
14424 # 1504
14425 # 1504
14426 # 1504
14427 # 1504
14428 # 1504
14429 # 1504
14430 # 1504
14431 # 1504
14432 # 1504
14433 # 1504
14434 # 1504
14435 # 1504
14436 # 1504
14437 # 1504
14438 # 1504
14439 # 1504
14440 # 1504
14441 # 1504
14442 # 1504
14443 # 1504
14444 # 1504
14445 # 1504
14446 # 1504
14447 # 1504
14448 # 1504
14449 # 1504
14450 # 1504
14451 # 1504
14452 # 1504
14453 # 1504
14454 # 1504
14455 # 1504
14456 # 1504
14457 # 1504
14458 # 1504
14459 # 1504
14460 # 1504
14461 # 1504
14462 # 1504
14463 # 1504
14464 # 1504
14465 # 1504
14466 # 1504
14467 # 1504
14468 # 1504
14468 + 1500
14468 + 68
14468 + 1500
14468 + 68
14468 + 1500
14468 + 68
14468 + 1500
14468 + 68
14468 + 1500
14468 + 68
14468 + 1500
14468 + 68
14468 + 1500
14468 + 68
14468 + 1500
14468 + 68
14468 + 1500
14468 + 68
14468 + 1500
14468 + 68
14468 + 1500
14468 + 68
14468 + 1500
14468 + 68
14468 + 1500
14468 + 68
14468 + 1500
14468 + 68
14468 + 1500
14468 + 68
14468 + 1500
14468 + 68
14469 # 1504
14469 - 1500 1
14470 # 1504
14470 - 68 2
14471 # 1504
14471 - 1500 3
14471 - 68 3
14472 # 1504
14472 - 1500 4
14472 - 68 4
14472 + 1500
14472 + 68
14473 # 1504
14473 - 1500 5
14473 - 68 5
14474 # 1504
14474 - 1500 6
14474 - 68 6
14475 # 1504
14475 - 1500 7
14475 - 68 7
14476 # 1504
14476 - 1500 8
14476 - 68 8
14477 # 1504
14477 - 1500 9
14477 - 68 9
14477 + 1500
14477 + 68
14478 # 1504
14478 - 1500 10
14478 - 68 10
14479 # 1504
14479 - 1500 11
14479 - 68 11
14480 # 1504
14480 - 1500 12
14480 - 68 12
14481 # 1504
14481 - 1500 13
14481 - 68 13
14482 # 1504
14482 - 1500 14
14482 - 68 14
14482 + 1500
14482 + 68
14483 # 1504
14483 - 1500 15
14483 - 68 15
14484 # 1504
14484 - 1500 16
14484 - 68 16
14485 # 1504
14485 - 1500 17
14485 - 68 17
14486 # 1504
14486 - 1500 14
14486 - 68 14
14487 # 1504
14487 - 1500 10
14487 - 68 10
14488 # 1504
14488 - 1500 6
14488 - 68 6
14488 + 1500
14488 + 68
14489 # 1504
14489 - 1500 1
14489 + 1500
14489 + 68
14490 # 1504
14490 - 68 2
14491 # 1504
14491 - 1500 2
14491 - 68 2
14491 + 1500
14491 + 68
14492 # 1504
14492 - 1500 1
14493 # 1504
14493 - 68 2
14494 # 1504
14495 # 1504
14496 # 1504
14497 # 1504
14498 # 1504
14499 # 1504
14500 # 1504
14501 # 1504
14502 # 1504
14503 # 1504
14504 # 1504
14505 # 1504
14506 # 1504
14507 # 1504
14508 # 1504
14509 # 1504
14510 # 1504
14511 # 1504
14512 # 1504
14513 # 1504
14514 # 1504
14515 # 1504
14516 # 1504
14517 # 1504
14518 # 1504
14519 # 1504
14520 # 1504
14521 # 1504
14522 # 1504
14523 # 1504
14524 # 1504
14525 # 1504
14526 # 1504
14527 # 1504
14528 # 1504
14529 # 1504
14530 # 1504
14531 # 1504
14532 # 1504
14532 + 1500
14532 + 68
14532 + 1500
14532 + 68
14532 + 1500
14532 + 68
14532 + 1500
14532 + 68
14532 + 1500
14532 + 68
14532 + 1500
14532 + 68
14532 + 1500
14532 + 68
14532 + 1500
14532 + 68
14532 + 1500
14532 + 68
14532 + 1500
14532 + 68
14533 # 1504
14533 - 1500 1
14534 # 1504
14534 - 68 2
14535 # 1504
14535 - 1500 3
14535 - 68 3
14535 + 1500
14535 + 68
14536 # 1504
14536 - 1500 4
14536 - 68 4
14537 # 1504
14537 - 1500 5
14537 - 68 5
14538 # 1504
14538 - 1500 6
14538 - 68 6
14539 # 1504
14539 - 1500 7
14539 - 68 7
14540 # 1504
14540 - 1500 8
14540 - 68 8
14540 + 1500
14540 + 68
14541 # 1504
14541 - 1500 9
14541 - 68 9
14542 # 1504
14542 - 1500 10
14542 - 68 10
14543 # 1504
14543 - 1500 11
14543 - 68 11
14544 # 1504
14544 - 1500 9
14544 - 68 9
14544 + 1500
14544 + 68
14545 # 1504
14545 - 1500 5
14545 - 68 5
14546 # 1504
14546 - 1500 2
14546 - 68 2
14547 # 1504
14548 # 1504
14548 + 1500
14548 + 68
14549 # 1504
14549 - 1500 1
14550 # 1504
14550 - 68 2
14551 # 1504
14552 # 1504
14553 # 1504
14554 # 1504
14555 # 1504
14556 # 1504
14557 # 1504
14558 # 1504
14559 # 1504
14560 # 1504
14561 # 1504
14562 # 1504
14563 # 1504
14564 # 1504
14565 # 1504
14566 # 1504
14567 # 1504
14568 # 1504
14569 # 1504
14569 + 1500
14569 + 68
14569 + 1500
14569 + 68
14569 + 1500
14569 + 68
14569 + 1500
14569 + 68
14569 + 1500
14569 + 68
14570 # 1504
14570 - 1500 1
14571 # 1504
14571 - 68 2
14572 # 1504
14572 - 1500 3
14572 - 68 3
14572 + 1500
14572 + 68
14573 # 1504
14573 - 1500 4
14573 - 68 4
14574 # 1504
14574 - 1500 5
14574 - 68 5
14575 # 1504
14575 - 1500 6
14575 - 68 6
14576 # 1504
14576 - 1500 4
14576 - 68 4
14577 # 1504
14577 + 1500
14577 + 68
14578 # 1504
14578 - 1500 1
14579 # 1504
14579 - 68 2
14580 # 1504
14581 # 1504
14582 # 1504
14583 # 1504
14584 # 1504
14584 + 1500
14584 + 68
14585 # 1504
14585 - 1500 1
14586 # 1504
14586 - 68 2
14587 # 1504
14587 + 1500
14587 + 68
14588 # 1504
14588 - 1500 1
14589 # 1504
14589 - 68 2
14590 # 1504
14591 # 1504
14591 + 1500
14591 + 68
14592 # 1504
14592 - 1500 1
14593 # 1504
14593 - 68 2
14594 # 1504
14595 # 1504
14596 # 1504
14596 + 1500
14596 + 68
14597 # 1504
14597 - 1500 1
14598 # 1504
14598 - 68 2
14599 # 1504
14600 # 1504
14601 # 1504
14601 + 1500
14601 + 68
14602 # 1504
14602 - 1500 1
14603 # 1504
14603 - 68 2
14604 # 1504
14605 # 1504
14606 # 1504
14606 + 1500
14606 + 68
14607 # 1504
14607 - 1500 1
14608 # 1504
14608 - 68 2
14609 # 1504
14610 # 1504
14611 # 1504
14611 + 1500
14611 + 68
14612 # 1504
14612 - 1500 1
14613 # 1504
14613 - 68 2
14614 # 1504
14615 # 1504
14616 # 1504
14616 + 1500
14616 + 68
14617 # 1504
14617 - 1500 1
14618 # 1504
14618 - 68 2
14619 # 1504
14620 # 1504
14620 + 1500
14620 + 68
14621 # 1504
14621 - 1500 1
14622 # 1504
14622 - 68 2
14623 # 1504
14624 # 1504
14625 # 1504
14626 # 1504
14627 # 1504
14628 # 1504
14628 + 1500
14628 + 68
14629 # 1504
14629 - 1500 1
14630 # 1504
14630 - 68 2
14630 + 1500
14630 + 68
14631 # 1504
14631 - 1500 1
14632 # 1504
14632 - 68 2
14633 # 1504
14633 + 1500
14633 + 68
14634 # 1504
14634 - 1500 1
14635 # 1504
14635 - 68 2
14636 # 1504
14637 # 1504
14638 # 1504
14638 + 1500
14638 + 68
14639 # 1504
14639 - 1500 1
14640 # 1504
14640 - 68 2
14641 # 1504
14642 # 1504
14642 + 1500
14642 + 68
14643 # 1504
14643 - 1500 1
14644 # 1504
14644 - 68 2
14645 # 1504
14646 # 1504
14647 # 1504
14647 + 1500
14647 + 68
14648 # 1504
14648 - 1500 1
14649 # 1504
14649 - 68 2
14650 # 1504
14650 + 1500
14650 + 68
14651 # 1504
14651 - 1500 1
14652 # 1504
14652 - 68 2
14653 # 1504
14653 + 1500
14653 + 68
14654 # 1504
14654 - 1500 1
14655 # 1504
14655 - 68 2
14656 # 1504
14656 + 1500
14656 + 68
14657 # 1504
14657 - 1500 1
14658 # 1504
14658 - 68 2
14659 # 1504
14660 # 1504
14660 + 1500
14660 + 68
14661 # 1504
14661 - 1500 1
14662 # 1504
14662 - 68 2
14663 # 1504
14664 # 1504
14665 # 1504
14666 # 1504
14666 + 1500
14666 + 68
14667 # 1504
14667 - 1500 1
14668 # 1504
14668 - 68 2
14669 # 1504
14670 # 1504
14670 + 1500
14670 + 68
14671 # 1504
14671 - 1500 1
14672 # 1504
14672 - 68 2
14673 # 1504
14674 # 1504
14675 # 1504
14675 + 1500
14675 + 68
14676 # 1504
14676 - 1500 1
14677 # 1504
14677 - 68 2
14678 # 1504
14679 # 1504
14679 + 1500
14679 + 68
14680 # 1504
14680 - 1500 1
14681 # 1504
14681 - 68 2
14682 # 1504
14683 # 1504
14684 # 1504
14684 + 1500
14684 + 68
14685 # 1504
14685 - 1500 1
14686 # 1504
14686 - 68 2
14687 # 1504
14687 + 1500
14687 + 68
14688 # 1504
14688 - 1500 1
14689 # 1504
14689 - 68 2
14690 # 1504
14690 + 1500
14690 + 68
14691 # 1504
14691 - 1500 1
14692 # 1504
14692 - 68 2
14693 # 1504
14693 + 1500
14693 + 68
14694 # 1504
14694 - 1500 1
14695 # 1504
14695 - 68 2
14696 # 1504
14697 # 1504
14698 # 1504
14698 + 1500
14698 + 68
14699 # 1504
14699 - 1500 1
14700 # 1504
14700 - 68 2
14701 # 1504
14702 # 1504
14702 + 1500
14702 + 68
14703 # 1504
14703 - 1500 1
14704 # 1504
14704 - 68 2
14705 # 1504
14706 # 1504
14707 # 1504
14707 + 1500
14707 + 68
14708 # 1504
14708 - 1500 1
14709 # 1504
14709 - 68 2
14710 # 1504
14711 # 1504
14712 # 1504
14712 + 1500
14712 + 68
14713 # 1504
14713 - 1500 1
14714 # 1504
14714 - 68 2
14715 # 1504
14716 # 1504
14717 # 1504
14717 + 1500
14717 + 68
14718 # 1504
14718 - 1500 1
14719 # 1504
14719 - 68 2
14720 # 1504
14721 # 1504
14722 # 1504
14722 + 1500
14722 + 68
14723 # 1504
14723 - 1500 1
14724 # 1504
14724 - 68 2
14725 # 1504
14726 # 1504
14726 + 1500
14726 + 68
14727 # 1504
14727 - 1500 1
14728 # 1504
14728 - 68 2
14729 # 1504
14729 + 1500
14729 + 68
14730 # 1504
14730 - 1500 1
14731 # 1504
14731 - 68 2
14732 # 1504
14732 + 1500
14732 + 68
14733 # 1504
14733 - 1500 1
14734 # 1504
14734 - 68 2
14735 # 1504
14735 + 1500
14735 + 68
14736 # 1504
14736 - 1500 1
14737 # 1504
14737 - 68 2
14738 # 1504
14739 # 1504
14740 # 1504
14740 + 1500
14740 + 68
14741 # 1504
14741 - 1500 1
14742 # 1504
14742 - 68 2
14743 # 1504
14744 # 1504
14744 + 1500
14744 + 68
14745 # 1504
14745 - 1500 1
14746 # 1504
14746 - 68 2
14747 # 1504
14747 + 1500
14747 + 68
14748 # 1504
14748 - 1500 1
14749 # 1504
14749 - 68 2
14749 + 1500
14749 + 68
14750 # 1504
14750 - 1500 1
14751 # 1504
14751 - 68 2
14752 # 1504
14753 # 1504
14754 # 1504
14755 # 1504
14756 # 1504
14757 # 1504
14758 # 1504
14759 # 1504
14760 # 1504
14761 # 1504
14762 # 1504
14763 # 1504
14764 # 1504
14765 # 1504
14766 # 1504
14767 # 1504
14768 # 1504
14769 # 1504
14770 # 1504
14771 # 1504
14772 # 1504
14773 # 1504
14774 # 1504
14775 # 1504
14776 # 1504
14777 # 1504
14778 # 1504
14779 # 1504
14780 # 1504
14781 # 1504
14782 # 1504
14783 # 1504
14784 # 1504
14785 # 1504
14786 # 1504
14787 # 1504
14788 # 1504
14789 # 1504
14790 # 1504
14791 # 1504
14792 # 1504
14792 + 1500
14792 + 68
14792 + 1500
14792 + 68
14792 + 1500
14792 + 68
14792 + 1500
14792 + 68
14792 + 1500
14792 + 68
14792 + 1500
14792 + 68
14792 + 1500
14792 + 68
14792 + 1500
14792 + 68
14792 + 1500
14793 # 1504
14793 - 1500 1
14793 + 68
14794 # 1504
14794 - 68 2
14795 # 1504
14795 - 1500 3
14795 - 68 3
14795 + 1500
14795 + 68
14796 # 1504
14796 - 1500 4
14796 - 68 4
14797 # 1504
14797 - 1500 5
14797 - 68 5
14798 # 1504
14798 - 1500 6
14798 - 68 6
14799 # 1504
14799 - 1500 7
14799 - 68 7
14800 # 1504
14800 - 1500 8
14800 - 68 8
14800 + 1500
14800 + 68
14801 # 1504
14801 - 1500 9
14801 - 68 9
14802 # 1504
14802 - 1500 10
14802 - 68 9
14803 # 1504
14803 - 1500 8
14803 - 68 8
14804 # 1504
14804 - 1500 4
14804 - 68 4
14805 # 1504
14806 # 1504
14807 # 1504
14808 # 1504
14808 + 1500
14808 + 68
14809 # 1504
14809 - 1500 1
14810 # 1504
14810 - 68 2
14810 + 1500
14810 + 68
14811 # 1504
14811 - 1500 1
14812 # 1504
14812 - 68 2
14813 # 1504
14814 # 1504
14814 + 1500
14814 + 68
14815 # 1504
14815 - 1500 1
14816 # 1504
14816 - 68 2
14817 # 1504
14818 # 1504
14819 # 1504
14820 # 1504
14821 # 1504
14822 # 1504
14823 # 1504
14824 # 1504
14825 # 1504
14826 # 1504
14827 # 1504
14828 # 1504
14829 # 1504
14830 # 1504
14831 # 1504
14832 # 1504
14833 # 1504
14834 # 1504
14835 # 1504
14836 # 1504
14837 # 1504
14838 # 1504
14839 # 1504
14840 # 1504
14841 # 1504
14842 # 1504
14843 # 1504
14844 # 1504
14845 # 1504
14846 # 1504
14847 # 1504
14848 # 1504
14849 # 1504
14850 # 1504
14851 # 1504
14852 # 1504
14853 # 1504
14854 # 1504
14855 # 1504
14856 # 1504
14857 # 1504
14858 # 1504
14859 # 1504
14860 # 1504
14861 # 1504
14862 # 1504
14863 # 1504
14863 + 1500
14863 + 68
14863 + 1500
14863 + 68
14863 + 1500
14863 + 68
14863 + 1500
14863 + 68
14863 + 1500
14863 + 68
14863 + 1500
14863 + 68
14863 + 1500
14863 + 68
14863 + 1500
14863 + 68
14863 + 1500
14863 + 68
14863 + 1500
14863 + 68
14864 # 1504
14864 - 1500 1
14865 # 1504
14865 - 68 2
14865 + 1500
14865 + 68
14866 # 1504
14866 - 1500 3
14866 - 68 3
14867 # 1504
14867 - 1500 4
14867 - 68 4
14868 # 1504
14868 - 1500 5
14868 - 68 5
14869 # 1504
14869 - 1500 6
14869 - 68 6
14870 # 1504
14870 - 1500 7
14870 - 68 7
14870 + 1500
14870 + 68
14871 # 1504
14871 - 1500 8
14871 - 68 8
14872 # 1504
14872 - 1500 9
14872 - 68 9
14873 # 1504
14873 - 1500 10
14873 - 68 10
14874 # 1504
14874 - 1500 11
14874 - 68 11
14875 # 1504
14875 - 1500 10
14875 - 68 10
14875 + 1500
14875 + 68
14876 # 1504
14876 - 1500 6
14876 - 68 6
14877 # 1504
14877 - 1500 2
14877 - 68 2
14878 # 1504
14879 # 1504
14879 + 1500
14879 + 68
14880 # 1504
14880 - 1500 1
14881 # 1504
14881 - 68 2
14882 # 1504
14883 # 1504
14883 + 1500
14883 + 68
14884 # 1504
14884 - 1500 1
14885 # 1504
14885 - 68 2
14886 # 1504
14886 + 1500
14886 + 68
14887 # 1504
14887 - 1500 1
14888 # 1504
14888 - 68 2
14889 # 1504
14889 + 1500
14889 + 68
14890 # 1504
14890 - 1500 1
14891 # 1504
14891 - 68 2
14892 # 1504
14892 + 1500
14892 + 68
14893 # 1504
14893 - 1500 1
14893 + 1500
14893 + 68
14894 # 1504
14894 - 68 2
14895 # 1504
14895 - 1500 2
14895 - 68 2
14896 # 1504
14896 + 1500
14896 + 68
14897 # 1504
14897 - 1500 1
14897 + 1500
14897 + 68
14898 # 1504
14898 - 68 2
14899 # 1504
14899 - 1500 2
14899 - 68 2
14900 # 1504
14900 + 1500
14900 + 68
14901 # 1504
14901 - 1500 1
14902 # 1504
14902 - 68 2
14903 # 1504
14904 # 1504
14904 + 1500
14904 + 68
14905 # 1504
14905 - 1500 1
14906 # 1504
14906 - 68 2
14907 # 1504
14907 + 1500
14907 + 68
14908 # 1504
14908 - 1500 1
14908 + 1500
14908 + 68
14909 # 1504
14909 - 68 2
14910 # 1504
14910 - 1500 2
14910 - 68 2
14911 # 1504
14911 + 1500
14911 + 68
14912 # 1504
14912 - 1500 1
14913 # 1504
14913 - 68 2
14914 # 1504
14914 + 1500
14914 + 68
14915 # 1504
14915 - 1500 1
14916 # 1504
14916 - 68 2
14917 # 1504
14918 # 1504
14919 # 1504
14920 # 1504
14921 # 1504
14922 # 1504
14923 # 1504
14924 # 1504
14925 # 1504
14926 # 1504
14927 # 1504
14928 # 1504
14929 # 1504
14930 # 1504
14931 # 1504
14932 # 1504
14933 # 1504
14934 # 1504
14935 # 1504
14936 # 1504
14937 # 1504
14938 # 1504
14939 # 1504
14940 # 1504
14941 # 1504
14942 # 1504
14943 # 1504
14944 # 1504
14945 # 1504
14946 # 1504
14947 # 1504
14948 # 1504
14949 # 1504
14950 # 1504
14951 # 1504
14952 # 1504
14953 # 1504
14954 # 1504
14955 # 1504
14956 # 1504
14957 # 1504
14958 # 1504
14959 # 1504
14960 # 1504
14961 # 1504
14962 # 1504
14963 # 1504
14964 # 1504
14965 # 1504
14966 # 1504
14967 # 1504
14968 # 1504
14969 # 1504
14970 # 1504
14971 # 1504
14972 # 1504
14973 # 1504
14974 # 1504
14975 # 1504
14976 # 1504
14977 # 1504
14978 # 1504
14979 # 1504
14980 # 1504
14980 + 1500
14980 + 68
14980 + 1500
14980 + 68
14980 + 1500
14980 + 68
14980 + 1500
14980 + 68
14980 + 1500
14980 + 68
14980 + 1500
14980 + 68
14980 + 1500
14980 + 68
14980 + 1500
14980 + 68
14980 + 1500
14980 + 68
14980 + 1500
14980 + 68
14980 + 1500
14980 + 68
14980 + 1500
14980 + 68
14980 + 1500
14980 + 68
14980 + 1500
14980 + 68
14980 + 1500
14980 + 68
14980 + 1500
14980 + 68
14981 # 1504
14981 - 1500 1
14982 # 1504
14982 - 68 2
14982 + 1500
14982 + 68
14983 # 1504
14983 - 1500 3
14983 - 68 3
14984 # 1504
14984 - 1500 4
14984 - 68 4
14984 + 1500
14984 + 68
14985 # 1504
14985 - 1500 5
14985 - 68 5
14986 # 1504
14986 - 1500 6
14986 - 68 6
14987 # 1504
14987 - 1500 7
14987 - 68 7
14988 # 1504
14988 - 1500 8
14988 - 68 8
14989 # 1504
14989 - 1500 9
14989 - 68 9
14989 + 1500
14989 + 68
14990 # 1504
14990 - 1500 10
14990 - 68 10
14991 # 1504
14991 - 1500 11
14991 - 68 11
14992 # 1504
14992 - 1500 12
14992 - 68 12
14993 # 1504
14993 - 1500 13
14993 - 68 13
14994 # 1504
14994 - 1500 14
14994 - 68 14
14994 + 1500
14994 + 68
14995 # 1504
14995 - 1500 15
14995 - 68 15
14996 # 1504
14996 - 1500 16
14996 - 68 16
14997 # 1504
14997 - 1500 17
14997 - 68 17
14997 + 1500
14997 + 68
14998 # 1504
14998 - 1500 16
14998 - 68 16
14999 # 1504
14999 - 1500 15
14999 - 68 15
15000 # 1504
15000 - 1500 11
15000 - 68 11
15001 # 1504
15001 - 1500 7
15001 - 68 7
15001 + 1500
15001 + 68
15002 # 1504
15002 - 1500 5
15002 - 68 5
15003 # 1504
15003 - 1500 2
15003 - 68 2
15004 # 1504
15005 # 1504
15005 + 1500
15005 + 68
15006 # 1504
15006 - 1500 1
15007 # 1504
15007 - 68 2
15008 # 1504
15008 + 1500
15009 # 1504
15009 - 1500 1
15009 + 68
15010 # 1504
15010 - 68 1
15011 # 1504
15011 + 1500
15011 + 68
15012 # 1504
15012 - 1500 1
15013 # 1504
15013 - 68 2
15013 + 1500
15013 + 68
15014 # 1504
15014 - 1500 1
15015 # 1504
15015 - 68 2
15015 + 1500
15015 + 68
15016 # 1504
15016 - 1500 1
15017 # 1504
15017 - 68 2
15017 + 1500
15017 + 68
15018 # 1504
15018 - 1500 1
15019 # 1504
15019 - 68 2
15020 # 1504
15021 # 1504
15022 # 1504
15023 # 1504
15024 # 1504
15025 # 1504
15026 # 1504
15027 # 1504
15028 # 1504
15029 # 1504
15030 # 1504
15031 # 1504
15032 # 1504
15032 + 1500
15032 + 68
15032 + 1500
15032 + 68
15032 + 1500
15032 + 68
15033 # 1504
15033 - 1500 1
15033 + 1500
15033 + 68
15034 # 1504
15034 - 68 2
15035 # 1504
15035 - 1500 3
15035 - 68 3
15036 # 1504
15036 - 1500 4
15036 - 68 4
15037 # 1504
15037 - 1500 4
15037 - 68 4
15038 # 1504
15039 # 1504
15040 # 1504
15041 # 1504
15042 # 1504
15042 + 1500
15042 + 68
15042 + 1500
15042 + 68
15043 # 1504
15043 - 1500 1
15044 # 1504
15044 - 68 2
15045 # 1504
15045 - 1500 3
15045 - 68 3
15045 + 1500
15045 + 68
15046 # 1504
15046 - 1500 1
15047 # 1504
15047 - 68 2
15048 # 1504
15049 # 1504
15050 # 1504
15050 + 1500
15050 + 68
15051 # 1504
15051 - 1500 1
15052 # 1504
15052 - 68 2
15053 # 1504
15054 # 1504
15054 + 1500
15054 + 68
15055 # 1504
15055 - 1500 1
15056 # 1504
15056 - 68 2
15057 # 1504
15058 # 1504
15059 # 1504
15060 # 1504
15060 + 1500
15060 + 68
15061 # 1504
15061 - 1500 1
15062 # 1504
15062 - 68 2
15063 # 1504
15064 # 1504
15064 + 1500
15064 + 68
15065 # 1504
15065 - 1500 1
15066 # 1504
15066 - 68 2
15067 # 1504
15068 # 1504
15069 # 1504
15069 + 1500
15069 + 68
15070 # 1504
15070 - 1500 1
15071 # 1504
15071 - 68 2
15072 # 1504
15073 # 1504
15074 # 1504
15074 + 1500
15074 + 68
15075 # 1504
15075 - 1500 1
15076 # 1504
15076 - 68 2
15077 # 1504
15078 # 1504
15079 # 1504
15079 + 1500
15079 + 68
15080 # 1504
15080 - 1500 1
15081 # 1504
15081 - 68 2
15082 # 1504
15083 # 1504
15083 + 1500
15083 + 68
15084 # 1504
15084 - 1500 1
15085 # 1504
15085 - 68 2
15086 # 1504
15087 # 1504
15088 # 1504
15088 + 1500
15088 + 68
15089 # 1504
15089 - 1500 1
15090 # 1504
15090 - 68 2
15091 # 1504
15092 # 1504
15092 + 1500
15092 + 68
15093 # 1504
15093 - 1500 1
15094 # 1504
15094 - 68 2
15094 + 1500
15094 + 68
15095 # 1504
15095 - 1500 1
15096 # 1504
15096 - 68 2
15097 # 1504
15098 # 1504
15098 + 1500
15098 + 68
15099 # 1504
15099 - 1500 1
15100 # 1504
15100 - 68 2
15101 # 1504
15101 + 1500
15101 + 68
15102 # 1504
15102 - 1500 1
15103 # 1504
15103 - 68 2
15104 # 1504
15104 + 1500
15104 + 68
15105 # 1504
15105 - 1500 1
15106 # 1504
15106 - 68 2
15107 # 1504
15107 + 1500
15107 + 68
15108 # 1504
15108 - 1500 1
15109 # 1504
15109 - 68 2
15110 # 1504
15111 # 1504
15112 # 1504
15112 + 1500
15112 + 68
15113 # 1504
15113 - 1500 1
15114 # 1504
15114 - 68 2
15115 # 1504
15116 # 1504
15116 + 1500
15116 + 68
15117 # 1504
15117 - 1500 1
15118 # 1504
15118 - 68 2
15119 # 1504
15119 + 1500
15119 + 68
15120 # 1504
15120 - 1500 1
15121 # 1504
15121 - 68 2
15122 # 1504
15122 + 1500
15122 + 68
15123 # 1504
15123 - 1500 1
15124 # 1504
15124 - 68 2
15125 # 1504
15125 + 1500
15125 + 68
15126 # 1504
15126 - 1500 1
15127 # 1504
15127 - 68 2
15128 # 1504
15129 # 1504
15130 # 1504
15130 + 1500
15130 + 68
15131 # 1504
15131 - 1500 1
15132 # 1504
15132 - 68 2
15133 # 1504
15134 # 1504
15135 # 1504
15135 + 1500
15135 + 68
15136 # 1504
15136 - 1500 1
15137 # 1504
15137 - 68 2
15138 # 1504
15139 # 1504
15139 + 1500
15139 + 68
15140 # 1504
15140 - 1500 1
15141 # 1504
15141 - 68 2
15142 # 1504
15142 + 1500
15142 + 68
15143 # 1504
15143 - 1500 1
15144 # 1504
15144 - 68 2
15145 # 1504
15145 + 1500
15145 + 68
15146 # 1504
15146 - 1500 1
15147 # 1504
15147 - 68 2
15148 # 1504
15149 # 1504
15150 # 1504
15150 + 1500
15150 + 68
15151 # 1504
15151 - 1500 1
15152 # 1504
15152 - 68 2
15153 # 1504
15154 # 1504
15155 # 1504
15155 + 1500
15155 + 68
15156 # 1504
15156 - 1500 1
15157 # 1504
15157 - 68 2
15158 # 1504
15159 # 1504
15159 + 1500
15159 + 68
15160 # 1504
15160 - 1500 1
15161 # 1504
15161 - 68 2
15162 # 1504
15163 # 1504
15163 + 1500
15163 + 68
15164 # 1504
15164 - 1500 1
15165 # 1504
15165 - 68 2
15165 + 1500
15165 + 68
15166 # 1504
15166 - 1500 1
15167 # 1504
15167 - 68 2
15168 # 1504
15169 # 1504
15170 # 1504
15170 + 1500
15170 + 68
15171 # 1504
15171 - 1500 1
15172 # 1504
15172 - 68 2
15173 # 1504
15174 # 1504
15175 # 1504
15175 + 1500
15175 + 68
15176 # 1504
15176 - 1500 1
15177 # 1504
15177 - 68 2
15178 # 1504
15179 # 1504
15180 # 1504
15180 + 1500
15180 + 68
15181 # 1504
15181 - 1500 1
15182 # 1504
15182 - 68 2
15183 # 1504
15184 # 1504
15184 + 1500
15184 + 68
15185 # 1504
15185 - 1500 1
15186 # 1504
15186 - 68 2
15187 # 1504
15188 # 1504
15189 # 1504
15189 + 1500
15189 + 68
15190 # 1504
15190 - 1500 1
15191 # 1504
15191 - 68 2
15192 # 1504
15193 # 1504
15194 # 1504
15194 + 1500
15194 + 68
15195 # 1504
15195 - 1500 1
15196 # 1504
15196 - 68 2
15197 # 1504
15198 # 1504
15199 # 1504
15199 + 1500
15199 + 68
15200 # 1504
15200 - 1500 1
15201 # 1504
15201 - 68 2
15202 # 1504
15203 # 1504
15204 # 1504
15204 + 1500
15204 + 68
15205 # 1504
15205 - 1500 1
15206 # 1504
15206 - 68 2
15207 # 1504
15208 # 1504
15208 + 1500
15208 + 68
15209 # 1504
15209 - 1500 1
15210 # 1504
15210 - 68 2
15211 # 1504
15211 + 1500
15211 + 68
15212 # 1504
15212 - 1500 1
15213 # 1504
15213 - 68 2
15214 # 1504
15214 + 1500
15214 + 68
15215 # 1504
15215 - 1500 1
15216 # 1504
15216 - 68 2
15217 # 1504
15218 # 1504
15219 # 1504
15219 + 1500
15219 + 68
15220 # 1504
15220 - 1500 1
15221 # 1504
15221 - 68 2
15222 # 1504
15223 # 1504
15224 # 1504
15224 + 1500
15224 + 68
15225 # 1504
15225 - 1500 1
15226 # 1504
15226 - 68 2
15227 # 1504
15228 # 1504
15228 + 1500
15228 + 68
15229 # 1504
15229 - 1500 1
15230 # 1504
15230 - 68 2
15231 # 1504
15231 + 1500
15231 + 68
15232 # 1504
15232 - 1500 1
15233 # 1504
15233 - 68 2
15234 # 1504
15234 + 1500
15234 + 68
15235 # 1504
15235 - 1500 1
15236 # 1504
15236 - 68 2
15237 # 1504
15238 # 1504
15239 # 1504
15239 + 1500
15239 + 68
15240 # 1504
15240 - 1500 1
15241 # 1504
15241 - 68 2
15242 # 1504
15243 # 1504
15244 # 1504
15244 + 1500
15244 + 68
15245 # 1504
15245 - 1500 1
15246 # 1504
15246 - 68 2
15247 # 1504
15248 # 1504
15248 + 1500
15248 + 68
15249 # 1504
15249 - 1500 1
15250 # 1504
15250 - 68 2
15251 # 1504
15251 + 1500
15251 + 68
15252 # 1504
15252 - 1500 1
15253 # 1504
15253 - 68 2
15254 # 1504
15254 + 1500
15254 + 68
15255 # 1504
15255 - 1500 1
15256 # 1504
15256 - 68 2
15257 # 1504
15258 # 1504
15259 # 1504
15259 + 1500
15259 + 68
15260 # 1504
15260 - 1500 1
15261 # 1504
15261 - 68 2
15262 # 1504
15263 # 1504
15264 # 1504
15264 + 1500
15264 + 68
15265 # 1504
15265 - 1500 1
15266 # 1504
15266 - 68 2
15267 # 1504
15268 # 1504
15268 + 1500
15268 + 68
15269 # 1504
15269 - 1500 1
15270 # 1504
15270 - 68 2
15271 # 1504
15271 + 1500
15271 + 68
15272 # 1504
15272 - 1500 1
15273 # 1504
15273 - 68 2
15274 # 1504
15274 + 1500
15274 + 68
15275 # 1504
15275 - 1500 1
15276 # 1504
15276 - 68 2
15277 # 1504
15277 + 1500
15277 + 68
15278 # 1504
15278 - 1500 1
15279 # 1504
15279 - 68 2
15280 # 1504
15281 # 1504
15282 # 1504
15282 + 1500
15282 + 68
15283 # 1504
15283 - 1500 1
15284 # 1504
15284 - 68 2
15285 # 1504
15286 # 1504
15287 # 1504
15287 + 1500
15287 + 68
15288 # 1504
15288 - 1500 1
15289 # 1504
15289 - 68 2
15290 # 1504
15291 # 1504
15291 + 1500
15291 + 68
15292 # 1504
15292 - 1500 1
15293 # 1504
15293 - 68 2
15294 # 1504
15295 # 1504
15296 # 1504
15296 + 1500
15296 + 68
15297 # 1504
15297 - 1500 1
15298 # 1504
15298 - 68 2
15299 # 1504
15300 # 1504
15301 # 1504
15301 + 1500
15301 + 68
15302 # 1504
15302 - 1500 1
15303 # 1504
15303 - 68 2
15304 # 1504
15305 # 1504
15306 # 1504
15306 + 1500
15306 + 68
15307 # 1504
15307 - 1500 1
15308 # 1504
15308 - 68 2
15309 # 1504
15310 # 1504
15311 # 1504
15311 + 1500
15311 + 68
15312 # 1504
15312 - 1500 1
15313 # 1504
15313 - 68 2
15314 # 1504
15315 # 1504
15315 + 1500
15315 + 68
15316 # 1504
15316 - 1500 1
15317 # 1504
15317 - 68 2
15318 # 1504
15319 # 1504
15320 # 1504
15320 + 1500
15320 + 68
15321 # 1504
15321 - 1500 1
15322 # 1504
15322 - 68 2
15323 # 1504
15324 # 1504
15325 # 1504
15325 + 1500
15325 + 68
15326 # 1504
15326 - 1500 1
15327 # 1504
15327 - 68 2
15328 # 1504
15329 # 1504
15330 # 1504
15330 + 1500
15330 + 68
15331 # 1504
15331 - 1500 1
15332 # 1504
15332 - 68 2
15333 # 1504
15334 # 1504
15335 # 1504
15335 + 1500
15335 + 68
15336 # 1504
15336 - 1500 1
15337 # 1504
15337 - 68 2
15338 # 1504
15339 # 1504
15339 + 1500
15339 + 68
15340 # 1504
15340 - 1500 1
15341 # 1504
15341 - 68 2
15342 # 1504
15343 # 1504
15344 # 1504
15344 + 1500
15344 + 68
15345 # 1504
15345 - 1500 1
15346 # 1504
15346 - 68 2
15347 # 1504
15348 # 1504
15349 # 1504
15349 + 1500
15349 + 68
15350 # 1504
15350 - 1500 1
15351 # 1504
15351 - 68 2
15352 # 1504
15353 # 1504
15354 # 1504
15354 + 1500
15354 + 68
15355 # 1504
15355 - 1500 1
15356 # 1504
15356 - 68 2
15357 # 1504
15358 # 1504
15358 + 1500
15358 + 68
15359 # 1504
15359 - 1500 1
15360 # 1504
15360 - 68 2
15361 # 1504
15361 + 1500
15361 + 68
15362 # 1504
15362 - 1500 1
15363 # 1504
15363 - 68 2
15364 # 1504
15364 + 1500
15364 + 68
15365 # 1504
15365 - 1500 1
15366 # 1504
15366 - 68 2
15367 # 1504
15368 # 1504
15369 # 1504
15369 + 1500
15369 + 68
15370 # 1504
15370 - 1500 1
15371 # 1504
15371 - 68 2
15372 # 1504
15373 # 1504
15374 # 1504
15374 + 1500
15374 + 68
15375 # 1504
15375 - 1500 1
15376 # 1504
15376 - 68 2
15377 # 1504
15378 # 1504
15379 # 1504
15379 + 1500
15379 + 68
15380 # 1504
15380 - 1500 1
15381 # 1504
15381 - 68 2
15382 # 1504
15383 # 1504
15383 + 1500
15383 + 68
15384 # 1504
15384 - 1500 1
15385 # 1504
15385 - 68 2
15386 # 1504
15387 # 1504
15388 # 1504
15388 + 1500
15388 + 68
15389 # 1504
15389 - 1500 1
15390 # 1504
15390 - 68 2
15391 # 1504
15392 # 1504
15393 # 1504
15393 + 1500
15393 + 68
15394 # 1504
15394 - 1500 1
15395 # 1504
15395 - 68 2
15396 # 1504
15397 # 1504
15398 # 1504
15398 + 1500
15398 + 68
15399 # 1504
15399 - 1500 1
15400 # 1504
15400 - 68 2
15401 # 1504
15402 # 1504
15402 + 1500
15402 + 68
15403 # 1504
15403 - 1500 1
15404 # 1504
15404 - 68 2
15405 # 1504
15405 + 1500
15405 + 68
15406 # 1504
15406 - 1500 1
15407 # 1504
15407 - 68 2
15408 # 1504
15408 + 1500
15408 + 68
15409 # 1504
15409 - 1500 1
15410 # 1504
15410 - 68 2
15411 # 1504
15411 + 1500
15411 + 68
15412 # 1504
15412 - 1500 1
15413 # 1504
15413 - 68 2
15414 # 1504
15415 # 1504
15416 # 1504
15416 + 1500
15416 + 68
15417 # 1504
15417 - 1500 1
15418 # 1504
15418 - 68 2
15419 # 1504
15420 # 1504
15421 # 1504
15421 + 1500
15421 + 68
15422 # 1504
15422 - 1500 1
15423 # 1504
15423 - 68 2
15424 # 1504
15424 + 1500
15424 + 68
15425 # 1504
15425 - 1500 1
15425 + 1500
15425 + 68
15426 # 1504
15426 - 68 2
15427 # 1504
15427 - 1500 2
15427 - 68 2
15427 + 1500
15427 + 68
15428 # 1504
15428 - 1500 1
15429 # 1504
15429 - 68 2
15430 # 1504
15430 + 1500
15430 + 68
15431 # 1504
15431 - 1500 1
15432 # 1504
15432 - 68 2
15432 + 1500
15432 + 68
15433 # 1504
15433 - 1500 1
15434 # 1504
15434 - 68 2
15435 # 1504
15435 + 1500
15435 + 68
15436 # 1504
15436 - 1500 1
15437 # 1504
15437 - 68 2
15438 # 1504
15439 # 1504
15439 + 1500
15439 + 68
15440 # 1504
15440 - 1500 1
15441 # 1504
15441 - 68 2
15442 # 1504
15442 + 1500
15442 + 68
15443 # 1504
15443 - 1500 1
15444 # 1504
15444 - 68 2
15445 # 1504
15445 + 1500
15445 + 68
15446 # 1504
15446 - 1500 1
15447 # 1504
15447 - 68 2
15447 + 1500
15447 + 68
15448 # 1504
15448 - 1500 1
15449 # 1504
15449 - 68 2
15449 + 1500
15449 + 68
15450 # 1504
15450 - 1500 1
15451 # 1504
15451 - 68 2
15452 # 1504
15452 + 1500
15452 + 68
15453 # 1504
15453 - 1500 1
15454 # 1504
15454 - 68 2
15455 # 1504
15455 + 1500
15455 + 68
15456 # 1504
15456 - 1500 1
15457 # 1504
15457 - 68 2
15457 + 1500
15457 + 68
15458 # 1504
15458 - 1500 1
15459 # 1504
15459 - 68 2
15460 # 1504
15460 + 1500
15460 + 68
15461 # 1504
15461 - 1500 1
15462 # 1504
15462 - 68 2
15463 # 1504
15463 + 1500
15463 + 68
15464 # 1504
15464 - 1500 1
15465 # 1504
15465 - 68 2
15465 + 1500
15465 + 68
15466 # 1504
15466 - 1500 1
15467 # 1504
15467 - 68 2
15468 # 1504
15468 + 1500
15468 + 68
15469 # 1504
15469 - 1500 1
15470 # 1504
15470 - 68 2
15471 # 1504
15471 + 1500
15471 + 68
15472 # 1504
15472 - 1500 1
15473 # 1504
15473 - 68 2
15474 # 1504
15475 # 1504
15476 # 1504
15476 + 1500
15476 + 68
15477 # 1504
15477 - 1500 1
15478 # 1504
15478 - 68 2
15479 # 1504
15480 # 1504
15481 # 1504
15481 + 1500
15481 + 68
15482 # 1504
15482 - 1500 1
15483 # 1504
15483 - 68 2
15484 # 1504
15485 # 1504
15486 # 1504
15486 + 1500
15486 + 68
15487 # 1504
15487 - 1500 1
15488 # 1504
15488 - 68 2
15489 # 1504
15490 # 1504
15490 + 1500
15490 + 68
15491 # 1504
15491 - 1500 1
15492 # 1504
15492 - 68 2
15493 # 1504
15494 # 1504
15495 # 1504
15495 + 1500
15495 + 68
15496 # 1504
15496 - 1500 1
15497 # 1504
15497 - 68 2
15498 # 1504
15499 # 1504
15500 # 1504
15500 + 1500
15500 + 68
15501 # 1504
15501 - 1500 1
15502 # 1504
15502 - 68 2
15503 # 1504
15504 # 1504
15505 # 1504
15505 + 1500
15505 + 68
15506 # 1504
15506 - 1500 1
15507 # 1504
15507 - 68 2
15508 # 1504
15509 # 1504
15509 + 1500
15509 + 68
15510 # 1504
15510 - 1500 1
15511 # 1504
15511 - 68 2
15512 # 1504
15512 + 1500
15512 + 68
15513 # 1504
15513 - 1500 1
15514 # 1504
15514 - 68 2
15515 # 1504
15515 + 1500
15515 + 68
15516 # 1504
15516 - 1500 1
15517 # 1504
15517 - 68 2
15518 # 1504
15519 # 1504
15520 # 1504
15520 + 1500
15520 + 68
15521 # 1504
15521 - 1500 1
15522 # 1504
15522 - 68 2
15523 # 1504
15524 # 1504
15525 # 1504
15525 + 1500
15525 + 68
15526 # 1504
15526 - 1500 1
15527 # 1504
15527 - 68 2
15528 # 1504
15529 # 1504
15529 + 1500
15529 + 68
15530 # 1504
15530 - 1500 1
15531 # 1504
15531 - 68 2
15532 # 1504
15532 + 1500
15532 + 68
15533 # 1504
15533 - 1500 1
15534 # 1504
15534 - 68 2
15535 # 1504
15535 + 1500
15535 + 68
15536 # 1504
15536 - 1500 1
15537 # 1504
15537 - 68 2
15538 # 1504
15539 # 1504
15540 # 1504
15540 + 1500
15540 + 68
15541 # 1504
15541 - 1500 1
15542 # 1504
15542 - 68 2
15543 # 1504
15544 # 1504
15545 # 1504
15545 + 1500
15545 + 68
15546 # 1504
15546 - 1500 1
15547 # 1504
15547 - 68 2
15548 # 1504
15549 # 1504
15549 + 1500
15549 + 68
15550 # 1504
15550 - 1500 1
15551 # 1504
15551 - 68 2
15552 # 1504
15552 + 1500
15552 + 68
15553 # 1504
15553 - 1500 1
15554 # 1504
15554 - 68 2
15555 # 1504
15555 + 1500
15555 + 68
15556 # 1504
15556 - 1500 1
15557 # 1504
15557 - 68 2
15558 # 1504
15558 + 1500
15558 + 68
15559 # 1504
15559 - 1500 1
15560 # 1504
15560 - 68 2
15561 # 1504
15562 # 1504
15563 # 1504
15563 + 1500
15563 + 68
15564 # 1504
15564 - 1500 1
15565 # 1504
15565 - 68 2
15566 # 1504
15567 # 1504
15568 # 1504
15568 + 1500
15568 + 68
15569 # 1504
15569 - 1500 1
15570 # 1504
15570 - 68 2
15571 # 1504
15572 # 1504
15573 # 1504
15573 + 1500
15573 + 68
15574 # 1504
15574 - 1500 1
15575 # 1504
15575 - 68 2
15576 # 1504
15577 # 1504
15577 + 1500
15577 + 68
15578 # 1504
15578 - 1500 1
15579 # 1504
15579 - 68 2
15580 # 1504
15581 # 1504
15582 # 1504
15582 + 1500
15582 + 68
15583 # 1504
15583 - 1500 1
15584 # 1504
15584 - 68 2
15585 # 1504
15586 # 1504
15587 # 1504
15587 + 1500
15587 + 68
15588 # 1504
15588 - 1500 1
15589 # 1504
15589 - 68 2
15590 # 1504
15591 # 1504
15592 # 1504
15592 + 1500
15592 + 68
15593 # 1504
15593 - 1500 1
15594 # 1504
15594 - 68 2
15595 # 1504
15596 # 1504
15596 + 1500
15596 + 68
15597 # 1504
15597 - 1500 1
15598 # 1504
15598 - 68 2
15599 # 1504
15599 + 1500
15599 + 68
15600 # 1504
15600 - 1500 1
15601 # 1504
15601 - 68 2
15602 # 1504
15602 + 1500
15602 + 68
15603 # 1504
15603 - 1500 1
15604 # 1504
15604 - 68 2
15605 # 1504
15605 + 1500
15605 + 68
15606 # 1504
15606 - 1500 1
15607 # 1504
15607 - 68 2
15608 # 1504
15609 # 1504
15610 # 1504
15610 + 1500
15610 + 68
15611 # 1504
15611 - 1500 1
15612 # 1504
15612 - 68 2
15613 # 1504
15614 # 1504
15614 + 1500
15614 + 68
15615 # 1504
15615 - 1500 1
15616 # 1504
15616 - 68 2
15617 # 1504
15617 + 1500
15617 + 68
15618 # 1504
15618 - 1500 1
15619 # 1504
15619 - 68 2
15619 + 1500
15619 + 68
15620 # 1504
15620 - 1500 1
15621 # 1504
15621 - 68 2
15622 # 1504
15622 + 1500
15622 + 68
15623 # 1504
15623 - 1500 1
15624 # 1504
15624 - 68 2
15625 # 1504
15626 # 1504
15627 # 1504
15627 + 1500
15627 + 68
15628 # 1504
15628 - 1500 1
15629 # 1504
15629 - 68 2
15630 # 1504
15631 # 1504
15631 + 1500
15631 + 68
15632 # 1504
15632 - 1500 1
15633 # 1504
15633 - 68 2
15634 # 1504
15634 + 1500
15634 + 68
15635 # 1504
15635 - 1500 1
15636 # 1504
15636 - 68 2
15637 # 1504
15637 + 1500
15637 + 68
15638 # 1504
15638 - 1500 1
15639 # 1504
15639 - 68 2
15640 # 1504
15641 # 1504
15642 # 1504
15642 + 1500
15642 + 68
15643 # 1504
15643 - 1500 1
15644 # 1504
15644 - 68 2
15645 # 1504
15646 # 1504
15647 # 1504
15647 + 1500
15647 + 68
15648 # 1504
15648 - 1500 1
15649 # 1504
15649 - 68 2
15650 # 1504
15651 # 1504
15651 + 1500
15651 + 68
15652 # 1504
15652 - 1500 1
15653 # 1504
15653 - 68 2
15654 # 1504
15654 + 1500
15654 + 68
15655 # 1504
15655 - 1500 1
15656 # 1504
15656 - 68 2
15656 + 1500
15656 + 68
15657 # 1504
15657 - 1500 1
15658 # 1504
15658 - 68 2
15659 # 1504
15660 # 1504
15661 # 1504
15661 + 1500
15661 + 68
15662 # 1504
15662 - 1500 1
15663 # 1504
15663 - 68 2
15664 # 1504
15665 # 1504
15666 # 1504
15666 + 1500
15666 + 68
15667 # 1504
15667 - 1500 1
15668 # 1504
15668 - 68 2
15669 # 1504
15670 # 1504
15670 + 1500
15670 + 68
15671 # 1504
15671 - 1500 1
15672 # 1504
15672 - 68 2
15673 # 1504
15673 + 1500
15673 + 68
15674 # 1504
15674 - 1500 1
15675 # 1504
15675 - 68 2
15676 # 1504
15676 + 1500
15676 + 68
15677 # 1504
15677 - 1500 1
15678 # 1504
15678 - 68 2
15679 # 1504
15680 # 1504
15681 # 1504
15681 + 1500
15681 + 68
15682 # 1504
15682 - 1500 1
15683 # 1504
15683 - 68 2
15684 # 1504
15685 # 1504
15686 # 1504
15686 + 1500
15686 + 68
15687 # 1504
15687 - 1500 1
15688 # 1504
15688 - 68 2
15689 # 1504
15690 # 1504
15690 + 1500
15690 + 68
15691 # 1504
15691 - 1500 1
15692 # 1504
15692 - 68 2
15693 # 1504
15693 + 1500
15693 + 68
15694 # 1504
15694 - 1500 1
15695 # 1504
15695 - 68 2
15696 # 1504
15696 + 1500
15696 + 68
15697 # 1504
15697 - 1500 1
15698 # 1504
15698 - 68 2
15699 # 1504
15699 + 1500
15699 + 68
15700 # 1504
15700 - 1500 1
15701 # 1504
15701 - 68 2
15702 # 1504
15703 # 1504
15704 # 1504
15704 + 1500
15704 + 68
15705 # 1504
15705 - 1500 1
15706 # 1504
15706 - 68 2
15707 # 1504
15708 # 1504
15708 + 1500
15708 + 68
15709 # 1504
15709 - 1500 1
15710 # 1504
15710 - 68 2
15711 # 1504
15711 + 1500
15711 + 68
15712 # 1504
15712 - 1500 1
15713 # 1504
15713 - 68 2
15714 # 1504
15714 + 1500
15714 + 68
15715 # 1504
15715 - 1500 1
15716 # 1504
15716 - 68 2
15717 # 1504
15717 + 1500
15717 + 68
15718 # 1504
15718 - 1500 1
15719 # 1504
15719 - 68 2
15720 # 1504
15721 # 1504
15722 # 1504
15722 + 1500
15722 + 68
15723 # 1504
15723 - 1500 1
15724 # 1504
15724 - 68 2
15725 # 1504
15726 # 1504
15727 # 1504
15727 + 1500
15727 + 68
15728 # 1504
15728 - 1500 1
15729 # 1504
15729 - 68 2
15730 # 1504
15731 # 1504
15731 + 1500
15731 + 68
15732 # 1504
15732 - 1500 1
15733 # 1504
15733 - 68 2
15734 # 1504
15734 + 1500
15734 + 68
15735 # 1504
15735 - 1500 1
15736 # 1504
15736 - 68 2
15737 # 1504
15737 + 1500
15737 + 68
15738 # 1504
15738 - 1500 1
15739 # 1504
15739 - 68 2
15740 # 1504
15740 + 1500
15740 + 68
15741 # 1504
15741 - 1500 1
15742 # 1504
15742 - 68 2
15743 # 1504
15744 # 1504
15745 # 1504
15745 + 1500
15745 + 68
15746 # 1504
15746 - 1500 1
15747 # 1504
15747 - 68 2
15748 # 1504
15749 # 1504
15749 + 1500
15749 + 68
15750 # 1504
15750 - 1500 1
15751 # 1504
15751 - 68 2
15752 # 1504
15752 + 1500
15752 + 68
15753 # 1504
15753 - 1500 1
15754 # 1504
15754 - 68 2
15755 # 1504
15755 + 1500
15755 + 68
15756 # 1504
15756 - 1500 1
15757 # 1504
15757 - 68 2
15758 # 1504
15759 # 1504
15760 # 1504
15760 + 1500
15760 + 68
15761 # 1504
15761 - 1500 1
15762 # 1504
15762 - 68 2
15763 # 1504
15764 # 1504
15765 # 1504
15765 + 1500
15765 + 68
15766 # 1504
15766 - 1500 1
15767 # 1504
15767 - 68 2
15768 # 1504
15769 # 1504
15770 # 1504
15770 + 1500
15770 + 68
15771 # 1504
15771 - 1500 1
15772 # 1504
15772 - 68 2
15773 # 1504
15774 # 1504
15774 + 1500
15774 + 68
15775 # 1504
15775 - 1500 1
15776 # 1504
15776 - 68 2
15777 # 1504
15777 + 1500
15777 + 68
15778 # 1504
15778 - 1500 1
15779 # 1504
15779 - 68 2
15780 # 1504
15780 + 1500
15780 + 68
15781 # 1504
15781 - 1500 1
15782 # 1504
15782 - 68 2
15783 # 1504
15784 # 1504
15785 # 1504
15785 + 1500
15785 + 68
15786 # 1504
15786 - 1500 1
15787 # 1504
15787 - 68 2
15788 # 1504
15789 # 1504
15790 # 1504
15790 + 1500
15790 + 68
15791 # 1504
15791 - 1500 1
15792 # 1504
15792 - 68 2
15793 # 1504
15794 # 1504
15794 + 1500
15794 + 68
15795 # 1504
15795 - 1500 1
15796 # 1504
15796 - 68 2
15797 # 1504
15797 + 1500
15797 + 68
15798 # 1504
15798 - 1500 1
15799 # 1504
15799 - 68 2
15800 # 1504
15800 + 1500
15800 + 68
15801 # 1504
15801 - 1500 1
15802 # 1504
15802 - 68 2
15803 # 1504
15804 # 1504
15805 # 1504
15805 + 1500
15805 + 68
15806 # 1504
15806 - 1500 1
15807 # 1504
15807 - 68 2
15808 # 1504
15809 # 1504
15810 # 1504
15810 + 1500
15810 + 68
15811 # 1504
15811 - 1500 1
15812 # 1504
15812 - 68 2
15813 # 1504
15814 # 1504
15814 + 1500
15814 + 68
15815 # 1504
15815 - 1500 1
15816 # 1504
15816 - 68 2
15817 # 1504
15817 + 1500
15817 + 68
15818 # 1504
15818 - 1500 1
15819 # 1504
15819 - 68 2
15820 # 1504
15820 + 1500
15820 + 68
15821 # 1504
15821 - 1500 1
15822 # 1504
15822 - 68 2
15823 # 1504
15823 + 1500
15823 + 68
15824 # 1504
15824 - 1500 1
15825 # 1504
15825 - 68 2
15826 # 1504
15826 + 1500
15826 + 68
15827 # 1504
15827 - 1500 1
15828 # 1504
15828 - 68 2
15829 # 1504
15829 + 1500
15829 + 68
15830 # 1504
15830 - 1500 1
15831 # 1504
15831 - 68 2
15832 # 1504
15832 + 1500
15832 + 68
15833 # 1504
15833 - 1500 1
15834 # 1504
15834 - 68 2
15835 # 1504
15836 # 1504
15836 + 1500
15836 + 68
15837 # 1504
15837 - 1500 1
15838 # 1504
15838 - 68 2
15839 # 1504
15840 # 1504
15841 # 1504
15841 + 1500
15841 + 68
15842 # 1504
15842 - 1500 1
15843 # 1504
15843 - 68 2
15844 # 1504
15845 # 1504
15846 # 1504
15846 + 1500
15846 + 68
15847 # 1504
15847 - 1500 1
15848 # 1504
15848 - 68 2
15849 # 1504
15850 # 1504
15851 # 1504
15851 + 1500
15851 + 68
15852 # 1504
15852 - 1500 1
15853 # 1504
15853 - 68 2
15854 # 1504
15855 # 1504
15855 + 1500
15855 + 68
15856 # 1504
15856 - 1500 1
15857 # 1504
15857 - 68 2
15858 # 1504
15858 + 1500
15858 + 68
15859 # 1504
15859 - 1500 1
15860 # 1504
15860 - 68 2
15861 # 1504
15861 + 1500
15861 + 68
15862 # 1504
15862 - 1500 1
15863 # 1504
15863 - 68 2
15864 # 1504
15864 + 1500
15864 + 68
15865 # 1504
15865 - 1500 1
15866 # 1504
15866 - 68 2
15867 # 1504
15868 # 1504
15869 # 1504
15869 + 1500
15869 + 68
15870 # 1504
15870 - 1500 1
15871 # 1504
15871 - 68 2
15872 # 1504
15873 # 1504
15874 # 1504
15874 + 1500
15874 + 68
15875 # 1504
15875 - 1500 1
15876 # 1504
15876 - 68 2
15877 # 1504
15878 # 1504
15878 + 1500
15878 + 68
15879 # 1504
15879 - 1500 1
15880 # 1504
15880 - 68 2
15881 # 1504
15881 + 1500
15881 + 68
15882 # 1504
15882 - 1500 1
15883 # 1504
15883 - 68 2
15884 # 1504
15884 + 1500
15884 + 68
15885 # 1504
15885 - 1500 1
15886 # 1504
15886 - 68 2
15887 # 1504
15888 # 1504
15889 # 1504
15889 + 1500
15889 + 68
15890 # 1504
15890 - 1500 1
15891 # 1504
15891 - 68 2
15892 # 1504
15893 # 1504
15894 # 1504
15894 + 1500
15894 + 68
15895 # 1504
15895 - 1500 1
15896 # 1504
15896 - 68 2
15897 # 1504
15898 # 1504
15898 + 1500
15898 + 68
15899 # 1504
15899 - 1500 1
15900 # 1504
15900 - 68 2
15901 # 1504
15902 # 1504
15903 # 1504
15903 + 1500
15903 + 68
15904 # 1504
15904 - 1500 1
15905 # 1504
15905 - 68 2
15906 # 1504
15906 + 1500
15906 + 68
15907 # 1504
15907 - 1500 1
15908 # 1504
15908 - 68 2
15909 # 1504
15909 + 1500
15909 + 68
15910 # 1504
15910 - 1500 1
15911 # 1504
15911 - 68 2
15912 # 1504
15913 # 1504
15914 # 1504
15914 + 1500
15914 + 68
15915 # 1504
15915 - 1500 1
15916 # 1504
15916 - 68 2
15917 # 1504
15918 # 1504
15918 + 1500
15918 + 68
15919 # 1504
15919 - 1500 1
15920 # 1504
15920 - 68 2
15921 # 1504
15921 + 1500
15921 + 68
15922 # 1504
15922 - 1500 1
15923 # 1504
15923 - 68 2
15923 + 1500
15923 + 68
15924 # 1504
15924 - 1500 1
15925 # 1504
15925 - 68 2
15926 # 1504
15926 + 1500
15926 + 68
15927 # 1504
15927 - 1500 1
15928 # 1504
15928 - 68 2
15929 # 1504
15930 # 1504
15931 # 1504
15931 + 1500
15931 + 68
15932 # 1504
15932 - 1500 1
15933 # 1504
15933 - 68 2
15934 # 1504
15934 + 1500
15934 + 68
15935 # 1504
15935 - 1500 1
15936 # 1504
15936 - 68 2
15936 + 1500
15936 + 68
15937 # 1504
15937 - 1500 1
15938 # 1504
15938 - 68 2
15939 # 1504
15940 # 1504
15941 # 1504
15941 + 1500
15941 + 68
15942 # 1504
15942 - 1500 1
15943 # 1504
15943 - 68 2
15944 # 1504
15945 # 1504
15946 # 1504
15946 + 1500
15946 + 68
15947 # 1504
15947 - 1500 1
15948 # 1504
15948 - 68 2
15949 # 1504
15950 # 1504
15951 # 1504
15951 + 1500
15951 + 68
15952 # 1504
15952 - 1500 1
15953 # 1504
15953 - 68 2
15954 # 1504
15955 # 1504
15956 # 1504
15956 + 1500
15956 + 68
15957 # 1504
15957 - 1500 1
15958 # 1504
15958 - 68 2
15959 # 1504
15960 # 1504
15960 + 1500
15960 + 68
15961 # 1504
15961 - 1500 1
15962 # 1504
15962 - 68 2
15963 # 1504
15964 # 1504
15965 # 1504
15965 + 1500
15965 + 68
15966 # 1504
15966 - 1500 1
15967 # 1504
15967 - 68 2
15968 # 1504
15969 # 1504
15970 # 1504
15970 + 1500
15970 + 68
15971 # 1504
15971 - 1500 1
15972 # 1504
15972 - 68 2
15973 # 1504
15974 # 1504
15975 # 1504
15975 + 1500
15975 + 68
15976 # 1504
15976 - 1500 1
15977 # 1504
15977 - 68 2
15978 # 1504
15979 # 1504
15979 + 1500
15979 + 68
15980 # 1504
15980 - 1500 1
15981 # 1504
15981 - 68 2
15982 # 1504
15982 + 1500
15982 + 68
15983 # 1504
15983 - 1500 1
15984 # 1504
15984 - 68 2
15985 # 1504
15985 + 1500
15985 + 68
15986 # 1504
15986 - 1500 1
15987 # 1504
15987 - 68 2
15988 # 1504
15989 # 1504
15990 # 1504
15990 + 1500
15990 + 68
15991 # 1504
15991 - 1500 1
15992 # 1504
15992 - 68 2
15993 # 1504
15994 # 1504
15995 # 1504
15995 + 1500
15995 + 68
15996 # 1504
15996 - 1500 1
15997 # 1504
15997 - 68 2
15998 # 1504
15999 # 1504
16000 # 1504
16000 + 1500
16000 + 68
16001 # 1504
16001 - 1500 1
16002 # 1504
16002 - 68 2
16003 # 1504
16004 # 1504
16004 + 1500
16004 + 68
16005 # 1504
16005 - 1500 1
16006 # 1504
16006 - 68 2
16007 # 1504
16007 + 1500
16007 + 68
16008 # 1504
16008 - 1500 1
16009 # 1504
16009 - 68 2
16010 # 1504
16010 + 1500
16010 + 68
16011 # 1504
16011 - 1500 1
16012 # 1504
16012 - 68 2
16013 # 1504
16013 + 1500
16013 + 68
16014 # 1504
16014 - 1500 1
16015 # 1504
16015 - 68 2
16016 # 1504
16017 # 1504
16018 # 1504
16018 + 1500
16018 + 68
16019 # 1504
16019 - 1500 1
16020 # 1504
16020 - 68 2
16021 # 1504
16022 # 1504
16023 # 1504
16023 + 1500
16023 + 68
16024 # 1504
16024 - 1500 1
16025 # 1504
16025 - 68 2
16026 # 1504
16027 # 1504
16027 + 1500
16027 + 68
16028 # 1504
16028 - 1500 1
16029 # 1504
16029 - 68 2
16030 # 1504
16030 + 1500
16030 + 68
16031 # 1504
16031 - 1500 1
16032 # 1504
16032 - 68 2
16033 # 1504
16033 + 1500
16033 + 68
16034 # 1504
16034 - 1500 1
16035 # 1504
16035 - 68 2
16036 # 1504
16037 # 1504
16038 # 1504
16038 + 1500
16038 + 68
16039 # 1504
16039 - 1500 1
16040 # 1504
16040 - 68 2
16041 # 1504
16042 # 1504
16042 + 1500
16042 + 68
16043 # 1504
16043 - 1500 1
16044 # 1504
16044 - 68 2
16045 # 1504
16045 + 1500
16045 + 68
16046 # 1504
16046 - 1500 1
16047 # 1504
16047 - 68 2
16048 # 1504
16048 + 1500
16048 + 68
16049 # 1504
16049 - 1500 1
16050 # 1504
16050 - 68 2
16051 # 1504
16051 + 1500
16051 + 68
16052 # 1504
16052 - 1500 1
16053 # 1504
16053 - 68 2
16054 # 1504
16055 # 1504
16056 # 1504
16056 + 1500
16056 + 68
16057 # 1504
16057 - 1500 1
16058 # 1504
16058 - 68 2
16059 # 1504
16060 # 1504
16061 # 1504
16061 + 1500
16061 + 68
16062 # 1504
16062 - 1500 1
16063 # 1504
16063 - 68 2
16064 # 1504
16065 # 1504
16065 + 1500
16065 + 68
16066 # 1504
16066 - 1500 1
16067 # 1504
16067 - 68 2
16068 # 1504
16068 + 1500
16068 + 68
16069 # 1504
16069 - 1500 1
16070 # 1504
16070 - 68 2
16071 # 1504
16071 + 1500
16071 + 68
16072 # 1504
16072 - 1500 1
16073 # 1504
16073 - 68 2
16074 # 1504
16074 + 1500
16074 + 68
16075 # 1504
16075 - 1500 1
16076 # 1504
16076 - 68 2
16077 # 1504
16078 # 1504
16079 # 1504
16079 + 1500
16079 + 68
16080 # 1504
16080 - 1500 1
16081 # 1504
16081 - 68 2
16082 # 1504
16083 # 1504
16084 # 1504
16084 + 1500
16084 + 68
16085 # 1504
16085 - 1500 1
16086 # 1504
16086 - 68 2
16087 # 1504
16088 # 1504
16088 + 1500
16088 + 68
16089 # 1504
16089 - 1500 1
16090 # 1504
16090 - 68 2
16091 # 1504
16091 + 1500
16091 + 68
16092 # 1504
16092 - 1500 1
16093 # 1504
16093 - 68 2
16094 # 1504
16094 + 1500
16094 + 68
16095 # 1504
16095 - 1500 1
16096 # 1504
16096 - 68 2
16097 # 1504
16098 # 1504
16099 # 1504
16099 + 1500
16099 + 68
16100 # 1504
16100 - 1500 1
16101 # 1504
16101 - 68 2
16102 # 1504
16103 # 1504
16104 # 1504
16104 + 1500
16104 + 68
16105 # 1504
16105 - 1500 1
16106 # 1504
16106 - 68 2
16107 # 1504
16108 # 1504
16108 + 1500
16108 + 68
16109 # 1504
16109 - 1500 1
16110 # 1504
16110 - 68 2
16111 # 1504
16111 + 1500
16111 + 68
16112 # 1504
16112 - 1500 1
16113 # 1504
16113 - 68 2
16114 # 1504
16114 + 1500
16114 + 68
16115 # 1504
16115 - 1500 1
16116 # 1504
16116 - 68 2
16117 # 1504
16117 + 1500
16117 + 68
16118 # 1504
16118 - 1500 1
16119 # 1504
16119 - 68 2
16120 # 1504
16121 # 1504
16122 # 1504
16122 + 1500
16122 + 68
16123 # 1504
16123 - 1500 1
16124 # 1504
16124 - 68 2
16125 # 1504
16126 # 1504
16126 + 1500
16126 + 68
16127 # 1504
16127 - 1500 1
16128 # 1504
16128 - 68 2
16129 # 1504
16129 + 1500
16129 + 68
16130 # 1504
16130 - 1500 1
16131 # 1504
16131 - 68 2
16132 # 1504
16132 + 1500
16132 + 68
16133 # 1504
16133 - 1500 1
16134 # 1504
16134 - 68 2
16135 # 1504
16135 + 1500
16135 + 68
16136 # 1504
16136 - 1500 1
16137 # 1504
16137 - 68 2
16138 # 1504
16139 # 1504
16140 # 1504
16140 + 1500
16140 + 68
16141 # 1504
16141 - 1500 1
16142 # 1504
16142 - 68 2
16143 # 1504
16144 # 1504
16145 # 1504
16145 + 1500
16145 + 68
16146 # 1504
16146 - 1500 1
16147 # 1504
16147 - 68 2
16148 # 1504
16149 # 1504
16149 + 1500
16149 + 68
16150 # 1504
16150 - 1500 1
16151 # 1504
16151 - 68 2
16152 # 1504
16152 + 1500
16152 + 68
16153 # 1504
16153 - 1500 1
16154 # 1504
16154 - 68 2
16155 # 1504
16155 + 1500
16155 + 68
16156 # 1504
16156 - 1500 1
16157 # 1504
16157 - 68 2
16158 # 1504
16159 # 1504
16160 # 1504
16160 + 1500
16160 + 68
16161 # 1504
16161 - 1500 1
16162 # 1504
16162 - 68 2
16163 # 1504
16164 # 1504
16165 # 1504
16165 + 1500
16165 + 68
16166 # 1504
16166 - 1500 1
16167 # 1504
16167 - 68 2
16168 # 1504
16169 # 1504
16169 + 1500
16169 + 68
16170 # 1504
16170 - 1500 1
16171 # 1504
16171 - 68 2
16172 # 1504
16172 + 1500
16172 + 68
16173 # 1504
16173 - 1500 1
16174 # 1504
16174 - 68 2
16175 # 1504
16175 + 1500
16175 + 68
16176 # 1504
16176 - 1500 1
16177 # 1504
16177 - 68 2
16178 # 1504
16178 + 1500
16178 + 68
16179 # 1504
16179 - 1500 1
16180 # 1504
16180 - 68 2
16181 # 1504
16182 # 1504
16183 # 1504
16183 + 1500
16183 + 68
16184 # 1504
16184 - 1500 1
16185 # 1504
16185 - 68 2
16186 # 1504
16187 # 1504
16188 # 1504
16188 + 1500
16188 + 68
16189 # 1504
16189 - 1500 1
16190 # 1504
16190 - 68 2
16191 # 1504
16192 # 1504
16192 + 1500
16192 + 68
16193 # 1504
16193 - 1500 1
16194 # 1504
16194 - 68 2
16195 # 1504
16195 + 1500
16195 + 68
16196 # 1504
16196 - 1500 1
16197 # 1504
16197 - 68 2
16198 # 1504
16198 + 1500
16198 + 68
16199 # 1504
16199 - 1500 1
16200 # 1504
16200 - 68 2
16201 # 1504
16201 + 1500
16201 + 68
16202 # 1504
16202 - 1500 1
16203 # 1504
16203 - 68 2
16204 # 1504
16205 # 1504
16206 # 1504
16206 + 1500
16206 + 68
16207 # 1504
16207 - 1500 1
16208 # 1504
16208 - 68 2
16209 # 1504
16210 # 1504
16210 + 1500
16210 + 68
16211 # 1504
16211 - 1500 1
16212 # 1504
16212 - 68 2
16213 # 1504
16213 + 1500
16213 + 68
16214 # 1504
16214 - 1500 1
16215 # 1504
16215 - 68 2
16216 # 1504
16216 + 1500
16216 + 68
16217 # 1504
16217 - 1500 1
16218 # 1504
16218 - 68 2
16219 # 1504
16219 + 1500
16219 + 68
16220 # 1504
16220 - 1500 1
16221 # 1504
16221 - 68 2
16222 # 1504
16223 # 1504
16224 # 1504
16224 + 1500
16224 + 68
16225 # 1504
16225 - 1500 1
16226 # 1504
16226 - 68 2
16227 # 1504
16228 # 1504
16229 # 1504
16229 + 1500
16229 + 68
16230 # 1504
16230 - 1500 1
16231 # 1504
16231 - 68 2
16232 # 1504
16233 # 1504
16233 + 1500
16233 + 68
16234 # 1504
16234 - 1500 1
16235 # 1504
16235 - 68 2
16236 # 1504
16236 + 1500
16236 + 68
16237 # 1504
16237 - 1500 1
16238 # 1504
16238 - 68 2
16239 # 1504
16239 + 1500
16239 + 68
16240 # 1504
16240 - 1500 1
16241 # 1504
16241 - 68 2
16242 # 1504
16243 # 1504
16244 # 1504
16244 + 1500
16244 + 68
16245 # 1504
16245 - 1500 1
16246 # 1504
16246 - 68 2
16247 # 1504
16248 # 1504
16249 # 1504
16249 + 1500
16249 + 68
16250 # 1504
16250 - 1500 1
16251 # 1504
16251 - 68 2
16252 # 1504
16253 # 1504
16253 + 1500
16253 + 68
16254 # 1504
16254 - 1500 1
16255 # 1504
16255 - 68 2
16256 # 1504
16256 + 1500
16256 + 68
16257 # 1504
16257 - 1500 1
16258 # 1504
16258 - 68 2
16259 # 1504
16259 + 1500
16259 + 68
16260 # 1504
16260 - 1500 1
16261 # 1504
16261 - 68 2
16262 # 1504
16262 + 1500
16262 + 68
16263 # 1504
16263 - 1500 1
16264 # 1504
16264 - 68 2
16265 # 1504
16266 # 1504
16267 # 1504
16267 + 1500
16267 + 68
16268 # 1504
16268 - 1500 1
16269 # 1504
16269 - 68 2
16270 # 1504
16271 # 1504
16272 # 1504
16272 + 1500
16272 + 68
16273 # 1504
16273 - 1500 1
16274 # 1504
16274 - 68 2
16275 # 1504
16276 # 1504
16276 + 1500
16276 + 68
16277 # 1504
16277 - 1500 1
16278 # 1504
16278 - 68 2
16279 # 1504
16280 # 1504
16281 # 1504
16281 + 1500
16281 + 68
16282 # 1504
16282 - 1500 1
16283 # 1504
16283 - 68 2
16284 # 1504
16285 # 1504
16286 # 1504
16286 + 1500
16286 + 68
16287 # 1504
16287 - 1500 1
16288 # 1504
16288 - 68 2
16289 # 1504
16290 # 1504
16291 # 1504
16291 + 1500
16291 + 68
16292 # 1504
16292 - 1500 1
16293 # 1504
16293 - 68 2
16294 # 1504
16295 # 1504
16295 + 1500
16295 + 68
16296 # 1504
16296 - 1500 1
16297 # 1504
16297 - 68 2
16298 # 1504
16298 + 1500
16298 + 68
16299 # 1504
16299 - 1500 1
16300 # 1504
16300 - 68 2
16301 # 1504
16301 + 1500
16301 + 68
16302 # 1504
16302 - 1500 1
16303 # 1504
16303 - 68 2
16304 # 1504
16305 # 1504
16306 # 1504
16306 + 1500
16306 + 68
16307 # 1504
16307 - 1500 1
16308 # 1504
16308 - 68 2
16309 # 1504
16310 # 1504
16311 # 1504
16311 + 1500
16311 + 68
16312 # 1504
16312 - 1500 1
16313 # 1504
16313 - 68 2
16314 # 1504
16315 # 1504
16315 + 1500
16315 + 68
16316 # 1504
16316 - 1500 1
16317 # 1504
16317 - 68 2
16318 # 1504
16318 + 1500
16318 + 68
16319 # 1504
16319 - 1500 1
16320 # 1504
16320 - 68 2
16321 # 1504
16321 + 1500
16321 + 68
16322 # 1504
16322 - 1500 1
16323 # 1504
16323 - 68 2
16324 # 1504
16324 + 1500
16324 + 68
16325 # 1504
16325 - 1500 1
16326 # 1504
16326 - 68 2
16327 # 1504
16328 # 1504
16329 # 1504
16329 + 1500
16329 + 68
16330 # 1504
16330 - 1500 1
16331 # 1504
16331 - 68 2
16332 # 1504
16333 # 1504
16333 + 1500
16334 # 1504
16334 - 1500 1
16334 + 68
16335 # 1504
16335 - 68 1
16336 # 1504
16336 + 1500
16336 + 68
16337 # 1504
16337 - 1500 1
16338 # 1504
16338 - 68 2
16338 + 1500
16338 + 68
16339 # 1504
16339 - 1500 1
16340 # 1504
16340 - 68 2
16341 # 1504
16341 + 1500
16341 + 68
16342 # 1504
16342 - 1500 1
16343 # 1504
16343 - 68 2
16344 # 1504
16345 # 1504
16346 # 1504
16346 + 1500
16346 + 68
16347 # 1504
16347 - 1500 1
16348 # 1504
16348 - 68 2
16349 # 1504
16350 # 1504
16350 + 1500
16350 + 68
16351 # 1504
16351 - 1500 1
16352 # 1504
16352 - 68 2
16353 # 1504
16353 + 1500
16353 + 68
16354 # 1504
16354 - 1500 1
16355 # 1504
16355 - 68 2
16356 # 1504
16356 + 1500
16356 + 68
16357 # 1504
16357 - 1500 1
16358 # 1504
16358 - 68 2
16358 + 1500
16358 + 68
16359 # 1504
16359 - 1500 1
16360 # 1504
16360 - 68 2
16361 # 1504
16361 + 1500
16361 + 68
16362 # 1504
16362 - 1500 1
16363 # 1504
16363 - 68 2
16364 # 1504
16365 # 1504
16365 + 1500
16365 + 68
16366 # 1504
16366 - 1500 1
16367 # 1504
16367 - 68 2
16368 # 1504
16368 + 1500
16368 + 68
16369 # 1504
16369 - 1500 1
16370 # 1504
16370 - 68 2
16371 # 1504
16371 + 1500
16371 + 68
16372 # 1504
16372 - 1500 1
16373 # 1504
16373 - 68 2
16374 # 1504
16374 + 1500
16374 + 68
16375 # 1504
16375 - 1500 1
16376 # 1504
16376 - 68 2
16377 # 1504
16377 + 1500
16377 + 68
16378 # 1504
16378 - 1500 1
16379 # 1504
16379 - 68 2
16379 + 1500
16379 + 68
16380 # 1504
16380 - 1500 1
16381 # 1504
16381 - 68 2
16382 # 1504
16383 # 1504
16384 # 1504
16385 # 1504
16386 # 1504
16387 # 1504
16388 # 1504
16389 # 1504
16390 # 1504
16391 # 1504
16392 # 1504
16393 # 1504
16394 # 1504
16395 # 1504
16396 # 1504
16397 # 1504
16398 # 1504
16399 # 1504
16400 # 1504
16401 # 1504
16402 # 1504
16403 # 1504
16404 # 1504
16405 # 1504
16406 # 1504
16407 # 1504
16408 # 1504
16409 # 1504
16410 # 1504
16411 # 1504
16412 # 1504
16413 # 1504
16414 # 1504
16415 # 1504
16416 # 1504
16417 # 1504
16418 # 1504
16419 # 1504
16420 # 1504
16421 # 1504
16422 # 1504
16423 # 1504
16424 # 1504
16425 # 1504
16426 # 1504
16427 # 1504
16428 # 1504
16429 # 1504
16430 # 1504
16431 # 1504
16432 # 1504
16433 # 1504
16434 # 1504
16435 # 1504
16436 # 1504
16437 # 1504
16438 # 1504
16439 # 1504
16440 # 1504
16441 # 1504
16442 # 1504
16443 # 1504
16444 # 1504
16445 # 1504
16446 # 1504
16447 # 1504
16448 # 1504
16449 # 1504
16450 # 1504
16451 # 1504
16452 # 1504
16453 # 1504
16454 # 1504
16455 # 1504
16456 # 1504
16457 # 1504
16458 # 1504
16459 # 1504
16460 # 1504
16461 # 1504
16462 # 1504
16463 # 1504
16464 # 1504
16465 # 1504
16466 # 1504
16467 # 1504
16468 # 1504
16469 # 1504
16470 # 1504
16471 # 1504
16472 # 1504
16473 # 1504
16474 # 1504
16475 # 1504
16476 # 1504
16477 # 1504
16478 # 1504
16479 # 1504
16480 # 1504
16481 # 1504
16482 # 1504
16483 # 1504
16484 # 1504
16485 # 1504
16485 + 1500
16485 + 68
16485 + 1500
16485 + 68
16485 + 1500
16485 + 68
16485 + 1500
16485 + 68
16485 + 1500
16485 + 68
16485 + 1500
16485 + 68
16485 + 1500
16485 + 68
16485 + 1500
16485 + 68
16485 + 1500
16485 + 68
16485 + 1500
16485 + 68
16485 + 1500
16485 + 68
16485 + 1500
16485 + 68
16485 + 1500
16485 + 68
16485 + 1500
16485 + 68
16485 + 1500
16485 + 68
16485 + 1500
16485 + 68
16485 + 1500
16485 + 68
16485 + 1500
16485 + 68
16485 + 1500
16485 + 68
16485 + 1500
16485 + 68
16485 + 1500
16485 + 68
16485 + 1500
16485 + 68
16486 # 1504
16486 - 1500 1
16487 # 1504
16487 - 68 2
16488 # 1504
16488 - 1500 3
16488 - 68 3
16489 # 1504
16489 - 1500 4
16489 - 68 4
16490 # 1504
16490 - 1500 5
16490 - 68 5
16491 # 1504
16491 - 1500 6
16491 - 68 6
16491 + 1500
16491 + 68
16492 # 1504
16492 - 1500 7
16492 - 68 7
16493 # 1504
16493 - 1500 8
16493 - 68 8
16494 # 1504
16494 - 1500 9
16494 - 68 9
16495 # 1504
16495 - 1500 10
16495 - 68 10
16496 # 1504
16496 - 1500 11
16496 - 68 11
16497 # 1504
16497 - 1500 12
16497 - 68 12
16498 # 1504
16498 - 1500 13
16498 - 68 13
16499 # 1504
16499 - 1500 14
16499 - 68 14
16500 # 1504
16500 - 1500 15
16500 - 68 15
16501 # 1504
16501 - 1500 16
16501 - 68 16
16502 # 1504
16502 - 1500 17
16502 - 68 17
16503 # 1504
16503 - 1500 18
16503 - 68 18
16504 # 1504
16504 - 1500 19
16504 - 68 19
16505 # 1504
16505 - 1500 20
16505 - 68 20
16506 # 1504
16506 - 1500 21
16506 - 68 21
16507 # 1504
16507 - 1500 22
16507 - 68 22
16508 # 1504
16508 - 1500 23
16508 - 68 23
16509 # 1504
16509 - 1500 18
16509 - 68 18
16510 # 1504
16511 # 1504
16512 # 1504
16513 # 1504
16514 # 1504
16515 # 1504
16516 # 1504
16517 # 1504
16518 # 1504
16519 # 1504
16520 # 1504
16521 # 1504
16522 # 1504
16523 # 1504
16524 # 1504
16525 # 1504
16526 # 1504
16527 # 1504
16528 # 1504
16529 # 1504
16530 # 1504
16530 + 1500
16530 + 68
16530 + 1500
16530 + 68
16530 + 1500
16530 + 68
16530 + 1500
16530 + 68
16530 + 1500
16530 + 68
16530 + 1500
16530 + 68
16530 + 1500
16530 + 68
16530 + 1500
16530 + 68
16531 # 1504
16531 - 1500 1
16532 # 1504
16532 - 68 2
16533 # 1504
16533 - 1500 3
16533 - 68 3
16534 # 1504
16534 - 1500 4
16534 - 68 4
16535 # 1504
16535 - 1500 5
16535 - 68 5
16536 # 1504
16536 - 1500 6
16536 - 68 6
16537 # 1504
16537 - 1500 7
16537 - 68 7
16538 # 1504
16538 - 1500 8
16538 - 68 8
16539 # 1504
16539 - 1500 9
16539 - 68 9
16540 # 1504
16541 # 1504
16542 # 1504
16543 # 1504
16544 # 1504
16545 # 1504
16546 # 1504
16547 # 1504
16548 # 1504
16549 # 1504
16550 # 1504
16551 # 1504
16552 # 1504
16553 # 1504
16554 # 1504
16555 # 1504
16556 # 1504
16557 # 1504
16557 + 1500
16557 + 68
16557 + 1500
16557 + 68
16557 + 1500
16557 + 68
16557 + 1500
16557 + 68
16557 + 1500
16557 + 68
16557 + 1500
16557 + 68
16558 # 1504
16558 - 1500 1
16559 # 1504
16559 - 68 2
16560 # 1504
16560 - 1500 3
16560 - 68 3
16560 + 1500
16560 + 68
16561 # 1504
16561 - 1500 4
16561 - 68 4
16562 # 1504
16562 - 1500 5
16562 - 68 5
16563 # 1504
16563 - 1500 6
16563 - 68 6
16564 # 1504
16564 - 1500 7
16564 - 68 7
16564 + 1500
16564 + 68
16565 # 1504
16565 - 1500 5
16565 - 68 5
16566 # 1504
16566 - 1500 2
16566 - 68 2
16567 # 1504
16568 # 1504
16569 # 1504
16569 + 1500
16569 + 68
16570 # 1504
16570 - 1500 1
16571 # 1504
16571 - 68 2
16571 + 1500
16571 + 68
16572 # 1504
16572 - 1500 1
16573 # 1504
16573 - 68 2
16574 # 1504
16575 # 1504
16576 # 1504
16577 # 1504
16578 # 1504
16579 # 1504
16580 # 1504
16581 # 1504
16582 # 1504
16583 # 1504
16584 # 1504
16585 # 1504
16586 # 1504
16587 # 1504
16588 # 1504
16589 # 1504
16590 # 1504
16591 # 1504
16592 # 1504
16593 # 1504
16594 # 1504
16595 # 1504
16596 # 1504
16597 # 1504
16598 # 1504
16599 # 1504
16600 # 1504
16601 # 1504
16602 # 1504
16603 # 1504
16604 # 1504
16605 # 1504
16606 # 1504
16607 # 1504
16607 + 1500
16607 + 68
16607 + 1500
16607 + 68
16607 + 1500
16607 + 68
16607 + 1500
16607 + 68
16607 + 1500
16607 + 68
16607 + 1500
16607 + 68
16607 + 1500
16607 + 68
16607 + 1500
16607 + 68
16607 + 1500
16607 + 68
16608 # 1504
16608 - 1500 1
16609 # 1504
16609 - 68 2
16610 # 1504
16610 - 1500 3
16610 - 68 3
16611 # 1504
16611 - 1500 4
16611 - 68 4
16612 # 1504
16612 - 1500 5
16612 - 68 5
16612 + 1500
16612 + 68
16613 # 1504
16613 - 1500 6
16613 - 68 6
16614 # 1504
16614 - 1500 7
16614 - 68 7
16615 # 1504
16615 - 1500 8
16615 - 68 8
16616 # 1504
16616 - 1500 9
16616 - 68 9
16616 + 1500
16616 + 68
16617 # 1504
16617 - 1500 10
16617 - 68 10
16618 # 1504
16618 - 1500 6
16618 - 68 6
16619 # 1504
16619 - 1500 3
16619 - 68 3
16620 # 1504
16621 # 1504
16621 + 1500
16621 + 68
16622 # 1504
16622 - 1500 1
16623 # 1504
16623 - 68 2
16624 # 1504
16624 + 1500
16624 + 68
16625 # 1504
16625 - 1500 1
16626 # 1504
16626 - 68 2
16627 # 1504
16628 # 1504
16629 # 1504
16630 # 1504
16630 + 1500
16630 + 68
16631 # 1504
16631 - 1500 1
16632 # 1504
16632 - 68 2
16632 + 1500
16632 + 68
16633 # 1504
16633 - 1500 1
16634 # 1504
16634 - 68 2
16635 # 1504
16636 # 1504
16637 # 1504
16637 + 1500
16637 + 68
16638 # 1504
16638 - 1500 1
16639 # 1504
16639 - 68 2
16640 # 1504
16641 # 1504
16642 # 1504
16643 # 1504
16644 # 1504
16645 # 1504
16646 # 1504
16647 # 1504
16647 + 1500
16647 + 68
16647 + 1500
16647 + 68
16648 # 1504
16648 - 1500 1
16649 # 1504
16649 - 68 2
16650 # 1504
16650 - 1500 3
16650 - 68 3
16651 # 1504
16652 # 1504
16653 # 1504
16653 + 1500
16653 + 68
16654 # 1504
16654 - 1500 1
16655 # 1504
16655 - 68 2
16656 # 1504
16657 # 1504
16658 # 1504
16659 # 1504
16660 # 1504
16661 # 1504
16662 # 1504
16663 # 1504
16664 # 1504
16665 # 1504
16666 # 1504
16667 # 1504
16668 # 1504
16669 # 1504
16670 # 1504
16671 # 1504
16672 # 1504
16672 + 1500
16672 + 68
16672 + 1500
16672 + 68
16672 + 1500
16672 + 68
16672 + 1500
16672 + 68
16673 # 1504
16673 - 1500 1
16674 # 1504
16674 - 68 2
16675 # 1504
16675 - 1500 3
16675 - 68 3
16676 # 1504
16676 - 1500 4
16676 - 68 4
16676 + 1500
16676 + 68
16677 # 1504
16677 - 1500 5
16677 - 68 5
16678 # 1504
16678 - 1500 2
16678 - 68 2
16679 # 1504
16680 # 1504
16681 # 1504
16682 # 1504
16683 # 1504
16684 # 1504
16684 + 1500
16684 + 68
16685 # 1504
16685 - 1500 1
16685 + 1500
16685 + 68
16686 # 1504
16686 - 68 2
16687 # 1504
16687 - 1500 2
16687 - 68 2
16688 # 1504
16689 # 1504
16690 # 1504
16690 + 1500
16690 + 68
16691 # 1504
16691 - 1500 1
16692 # 1504
16692 - 68 2
16693 # 1504
16694 # 1504
16695 # 1504
16695 + 1500
16695 + 68
16696 # 1504
16696 - 1500 1
16697 # 1504
16697 - 68 2
16698 # 1504
16699 # 1504
16700 # 1504
16701 # 1504
16702 # 1504
16702 + 1500
16702 + 68
16703 # 1504
16703 - 1500 1
16704 # 1504
16704 - 68 2
16705 # 1504
16706 # 1504
16706 + 1500
16706 + 68
16707 # 1504
16707 - 1500 1
16708 # 1504
16708 - 68 2
16709 # 1504
16709 + 1500
16709 + 68
16710 # 1504
16710 - 1500 1
16711 # 1504
16711 - 68 2
16712 # 1504
16713 # 1504
16714 # 1504
16715 # 1504
16716 # 1504
16717 # 1504
16718 # 1504
16719 # 1504
16720 # 1504
16721 # 1504
16722 # 1504
16722 + 1500
16723 # 1504
16723 - 1500 1
16723 + 68
16723 + 1500
16723 + 68
16724 # 1504
16724 - 68 1
16724 + 1500
16724 + 68
16725 # 1504
16725 - 1500 2
16725 - 68 2
16726 # 1504
16726 - 1500 2
16726 - 68 2
16727 # 1504
16728 # 1504
16729 # 1504
16729 + 1500
16729 + 68
16730 # 1504
16730 - 1500 1
16731 # 1504
16731 - 68 2
16732 # 1504
16733 # 1504
16734 # 1504
16735 # 1504
16736 # 1504
16737 # 1504
16738 # 1504
16738 + 1500
16738 + 68
16738 + 1500
16738 + 68
16739 # 1504
16739 - 1500 1
16740 # 1504
16740 - 68 2
16741 # 1504
16741 - 1500 3
16741 - 68 3
16742 # 1504
16743 # 1504
16743 + 1500
16743 + 68
16744 # 1504
16744 - 1500 1
16745 # 1504
16745 - 68 2
16746 # 1504
16747 # 1504
16748 # 1504
16749 # 1504
16750 # 1504
16750 + 1500
16750 + 68
16751 # 1504
16751 - 1500 1
16752 # 1504
16752 - 68 2
16752 + 1500
16752 + 68
16753 # 1504
16753 - 1500 1
16754 # 1504
16754 - 68 2
16755 # 1504
16756 # 1504
16757 # 1504
16758 # 1504
16759 # 1504
16760 # 1504
16761 # 1504
16762 # 1504
16763 # 1504
16764 # 1504
16765 # 1504
16766 # 1504
16767 # 1504
16768 # 1504
16769 # 1504
16770 # 1504
16771 # 1504
16772 # 1504
16772 + 1500
16772 + 68
16772 + 1500
16772 + 68
16772 + 1500
16772 + 68
16772 + 1500
16772 + 68
16773 # 1504
16773 - 1500 1
16774 # 1504
16774 - 68 2
16775 # 1504
16775 - 1500 3
16775 - 68 3
16776 # 1504
16776 - 1500 4
16776 - 68 4
16777 # 1504
16777 - 1500 5
16777 - 68 5
16778 # 1504
16779 # 1504
16780 # 1504
16781 # 1504
16782 # 1504
16783 # 1504
16784 # 1504
16785 # 1504
16786 # 1504
16787 # 1504
16787 + 1500
16787 + 68
16787 + 1500
16787 + 68
16787 + 1500
16787 + 68
16788 # 1504
16788 - 1500 1
16789 # 1504
16789 - 68 2
16790 # 1504
16790 - 1500 3
16790 - 68 3
16791 # 1504
16791 - 1500 4
16791 - 68 4
16791 + 1500
16791 + 68
16792 # 1504
16792 - 1500 1
16793 # 1504
16793 - 68 2
16794 # 1504
16795 # 1504
16795 + 1500
16795 + 68
16796 # 1504
16796 - 1500 1
16797 # 1504
16797 - 68 2
16798 # 1504
16799 # 1504
16799 + 1500
16799 + 68
16800 # 1504
16800 - 1500 1
16801 # 1504
16801 - 68 2
16801 + 1500
16801 + 68
16802 # 1504
16802 - 1500 1
16803 # 1504
16803 - 68 2
16804 # 1504
16804 + 1500
16804 + 68
16805 # 1504
16805 - 1500 1
16805 + 1500
16805 + 68
16806 # 1504
16806 - 68 2
16807 # 1504
16807 - 1500 2
16807 - 68 2
16808 # 1504
16809 # 1504
16809 + 1500
16809 + 68
16810 # 1504
16810 - 1500 1
16811 # 1504
16811 - 68 2
16812 # 1504
16813 # 1504
16814 # 1504
16815 # 1504
16816 # 1504
16817 # 1504
16817 + 1500
16817 + 68
16817 + 1500
16817 + 68
16818 # 1504
16818 - 1500 1
16819 # 1504
16819 - 68 2
16820 # 1504
16820 - 1500 3
16820 - 68 3
16821 # 1504
16822 # 1504
16822 + 1500
16822 + 68
16823 # 1504
16823 - 1500 1
16824 # 1504
16824 - 68 2
16825 # 1504
16826 # 1504
16827 # 1504
16827 + 1500
16827 + 68
16828 # 1504
16828 - 1500 1
16829 # 1504
16829 - 68 2
16830 # 1504
16831 # 1504
16832 # 1504
16833 # 1504
16834 # 1504
16834 + 1500
16834 + 68
16835 # 1504
16835 - 1500 1
16836 # 1504
16836 - 68 2
16837 # 1504
16837 + 1500
16837 + 68
16838 # 1504
16838 - 1500 1
16839 # 1504
16839 - 68 2
16840 # 1504
16841 # 1504
16841 + 1500
16841 + 68
16842 # 1504
16842 - 1500 1
16843 # 1504
16843 - 68 2
16844 # 1504
16845 # 1504
16846 # 1504
16846 + 1500
16846 + 68
16847 # 1504
16847 - 1500 1
16848 # 1504
16848 - 68 2
16849 # 1504
16850 # 1504
16851 # 1504
16851 + 1500
16851 + 68
16852 # 1504
16852 - 1500 1
16853 # 1504
16853 - 68 2
16854 # 1504
16855 # 1504
16856 # 1504
16856 + 1500
16856 + 68
16857 # 1504
16857 - 1500 1
16858 # 1504
16858 - 68 2
16859 # 1504
16860 # 1504
16861 # 1504
16862 # 1504
16863 # 1504
16863 + 1500
16863 + 68
16864 # 1504
16864 - 1500 1
16865 # 1504
16865 - 68 2
16866 # 1504
16866 + 1500
16866 + 68
16867 # 1504
16867 - 1500 1
16868 # 1504
16868 - 68 2
16869 # 1504
16870 # 1504
16870 + 1500
16870 + 68
16871 # 1504
16871 - 1500 1
16872 # 1504
16872 - 68 2
16873 # 1504
16874 # 1504
16875 # 1504
16876 # 1504
16876 + 1500
16876 + 68
16877 # 1504
16877 - 1500 1
16878 # 1504
16878 - 68 2
16879 # 1504
16880 # 1504
16881 # 1504
16881 + 1500
16881 + 68
16882 # 1504
16882 - 1500 1
16883 # 1504
16883 - 68 2
16884 # 1504
16885 # 1504
16886 # 1504
16887 # 1504
16887 + 1500
16887 + 68
16888 # 1504
16888 - 1500 1
16889 # 1504
16889 - 68 2
16890 # 1504
16890 + 1500
16890 + 68
16891 # 1504
16891 - 1500 1
16892 # 1504
16892 - 68 2
16893 # 1504
16894 # 1504
16895 # 1504
16895 + 1500
16895 + 68
16896 # 1504
16896 - 1500 1
16897 # 1504
16897 - 68 2
16898 # 1504
16899 # 1504
16900 # 1504
16900 + 1500
16900 + 68
16901 # 1504
16901 - 1500 1
16902 # 1504
16902 - 68 2
16903 # 1504
16904 # 1504
16904 + 1500
16904 + 68
16905 # 1504
16905 - 1500 1
16906 # 1504
16906 - 68 2
16907 # 1504
16908 # 1504
16909 # 1504
16909 + 1500
16909 + 68
16910 # 1504
16910 - 1500 1
16911 # 1504
16911 - 68 2
16912 # 1504
16913 # 1504
16914 # 1504
16914 + 1500
16914 + 68
16915 # 1504
16915 - 1500 1
16916 # 1504
16916 - 68 2
16917 # 1504
16918 # 1504
16919 # 1504
16920 # 1504
16920 + 1500
16920 + 68
16921 # 1504
16921 - 1500 1
16922 # 1504
16922 - 68 2
16923 # 1504
16924 # 1504
16924 + 1500
16924 + 68
16925 # 1504
16925 - 1500 1
16926 # 1504
16926 - 68 2
16927 # 1504
16928 # 1504
16929 # 1504
16930 # 1504
16931 # 1504
16932 # 1504
16932 + 1500
16932 + 68
16933 # 1504
16933 - 1500 1
16933 + 1500
16933 + 68
16934 # 1504
16934 - 68 2
16935 # 1504
16935 - 1500 2
16935 - 68 2
16936 # 1504
16937 # 1504
16937 + 1500
16937 + 68
16938 # 1504
16938 - 1500 1
16939 # 1504
16939 - 68 2
16940 # 1504
16941 # 1504
16942 # 1504
16942 + 1500
16942 + 68
16943 # 1504
16943 - 1500 1
16944 # 1504
16944 - 68 2
16945 # 1504
16946 # 1504
16947 # 1504
16948 # 1504
16949 # 1504
16949 + 1500
16949 + 68
16950 # 1504
16950 - 1500 1
16951 # 1504
16951 - 68 2
16952 # 1504
16952 + 1500
16952 + 68
16953 # 1504
16953 - 1500 1
16954 # 1504
16954 - 68 2
16955 # 1504
16956 # 1504
16957 # 1504
16957 + 1500
16957 + 68
16958 # 1504
16958 - 1500 1
16959 # 1504
16959 - 68 2
16960 # 1504
16960 + 1500
16960 + 68
16961 # 1504
16961 - 1500 1
16962 # 1504
16962 - 68 2
16962 + 1500
16962 + 68
16963 # 1504
16963 - 1500 1
16964 # 1504
16964 - 68 2
16965 # 1504
16965 + 1500
16965 + 68
16966 # 1504
16966 - 1500 1
16967 # 1504
16967 - 68 2
16968 # 1504
16969 # 1504
16969 + 1500
16969 + 68
16970 # 1504
16970 - 1500 1
16971 # 1504
16971 - 68 2
16972 # 1504
16972 + 1500
16972 + 68
16973 # 1504
16973 - 1500 1
16974 # 1504
16974 - 68 2
16975 # 1504
16976 # 1504
16977 # 1504
16978 # 1504
16979 # 1504
16980 # 1504
16981 # 1504
16981 + 1500
16981 + 68
16981 + 1500
16981 + 68
16982 # 1504
16982 - 1500 1
16983 # 1504
16983 - 68 2
16984 # 1504
16984 - 1500 3
16984 - 68 3
16985 # 1504
16986 # 1504
16987 # 1504
16988 # 1504
16988 + 1500
16988 + 68
16989 # 1504
16989 - 1500 1
16990 # 1504
16990 - 68 2
16990 + 1500
16990 + 68
16991 # 1504
16991 - 1500 1
16992 # 1504
16992 - 68 2
16993 # 1504
16994 # 1504
16995 # 1504
16996 # 1504
16997 # 1504
16998 # 1504
16998 + 1500
16998 + 68
16999 # 1504
16999 - 1500 1
17000 # 1504
17000 - 68 2
17001 # 1504
17002 # 1504
17003 # 1504
17004 # 1504
17005 # 1504
17005 + 1500
17005 + 68
17005 + 1500
17005 + 68
17006 # 1504
17006 - 1500 1
17007 # 1504
17007 - 68 2
17008 # 1504
17008 - 1500 3
17008 - 68 3
17009 # 1504
17009 + 1500
17009 + 68
17010 # 1504
17010 - 1500 1
17011 # 1504
17011 - 68 2
17012 # 1504
17013 # 1504
17014 # 1504
17015 # 1504
17015 + 1500
17015 + 68
17016 # 1504
17016 - 1500 1
17017 # 1504
17017 - 68 2
17018 # 1504
17019 # 1504
17019 + 1500
17019 + 68
17020 # 1504
17020 - 1500 1
17021 # 1504
17021 - 68 2
17022 # 1504
17023 # 1504
17024 # 1504
17025 # 1504
17026 # 1504
17027 # 1504
17028 # 1504
17029 # 1504
17030 # 1504
17031 # 1504
17032 # 1504
17033 # 1504
17034 # 1504
17035 # 1504
17036 # 1504
17037 # 1504
17038 # 1504
17039 # 1504
17040 # 1504
17041 # 1504
17042 # 1504
17043 # 1504
17044 # 1504
17045 # 1504
17046 # 1504
17047 # 1504
17048 # 1504
17049 # 1504
17050 # 1504
17051 # 1504
17052 # 1504
17053 # 1504
17054 # 1504
17055 # 1504
17056 # 1504
17057 # 1504
17058 # 1504
17059 # 1504
17060 # 1504
17061 # 1504
17062 # 1504
17063 # 1504
17064 # 1504
17065 # 1504
17066 # 1504
17067 # 1504
17068 # 1504
17069 # 1504
17070 # 1504
17071 # 1504
17072 # 1504
17073 # 1504
17074 # 1504
17075 # 1504
17076 # 1504
17077 # 1504
17078 # 1504
17079 # 1504
17080 # 1504
17081 # 1504
17082 # 1504
17083 # 1504
17084 # 1504
17085 # 1504
17086 # 1504
17087 # 1504
17088 # 1504
17089 # 1504
17090 # 1504
17091 # 1504
17092 # 1504
17093 # 1504
17094 # 1504
17095 # 1504
17096 # 1504
17097 # 1504
17098 # 1504
17099 # 1504
17100 # 1504
17101 # 1504
17102 # 1504
17103 # 1504
17104 # 1504
17105 # 1504
17106 # 1504
17107 # 1504
17108 # 1504
17109 # 1504
17110 # 1504
17111 # 1504
17112 # 1504
17113 # 1504
17114 # 1504
17115 # 1504
17116 # 1504
17117 # 1504
17118 # 1504
17119 # 1504
17120 # 1504
17121 # 1504
17122 # 1504
17123 # 1504
17124 # 1504
17125 # 1504
17126 # 1504
17127 # 1504
17128 # 1504
17129 # 1504
17130 # 1504
17131 # 1504
17132 # 1504
17133 # 1504
17134 # 1504
17135 # 1504
17136 # 1504
17137 # 1504
17138 # 1504
17139 # 1504
17140 # 1504
17141 # 1504
17142 # 1504
17143 # 1504
17144 # 1504
17145 # 1504
17146 # 1504
17147 # 1504
17148 # 1504
17149 # 1504
17150 # 1504
17151 # 1504
17152 # 1504
17153 # 1504
17154 # 1504
17155 # 1504
17156 # 1504
17157 # 1504
17158 # 1504
17159 # 1504
17160 # 1504
17161 # 1504
17162 # 1504
17163 # 1504
17164 # 1504
17165 # 1504
17166 # 1504
17167 # 1504
17168 # 1504
17169 # 1504
17170 # 1504
17171 # 1504
17172 # 1504
17173 # 1504
17174 # 1504
17175 # 1504
17176 # 1504
17177 # 1504
17178 # 1504
17179 # 1504
17180 # 1504
17180 + 1500
17180 + 68
17180 + 1500
17180 + 68
17180 + 1500
17180 + 68
17180 + 1500
17180 + 68
17180 + 1500
17180 + 68
17180 + 1500
17180 + 68
17180 + 1500
17180 + 68
17180 + 1500
17180 + 68
17180 + 1500
17180 + 68
17180 + 1500
17180 + 68
17180 + 1500
17180 + 68
17180 + 1500
17180 + 68
17180 + 1500
17180 + 68
17180 + 1500
17180 + 68
17180 + 1500
17180 + 68
17180 + 1500
17180 + 68
17180 + 1500
17180 + 68
17180 + 1500
17180 + 68
17180 + 1500
17180 + 68
17180 + 1500
17180 + 68
17180 + 1500
17180 + 68
17180 + 1500
17180 + 68
17180 + 1500
17180 + 68
17180 + 1500
17180 + 68
17180 + 1500
17180 + 68
17180 + 1500
17180 + 68
17180 + 1500
17180 + 68
17180 + 1500
17180 + 68
17180 + 1500
17180 + 68
17180 + 1500
17180 + 68
17180 + 1500
17180 + 68
17180 + 1500
17180 + 68
17180 + 1500
17180 + 68
17181 # 1504
17181 - 1500 1
17182 # 1504
17182 - 68 2
17183 # 1504
17183 - 1500 3
17183 - 68 3
17184 # 1504
17184 - 1500 4
17184 - 68 4
17185 # 1504
17185 - 1500 5
17185 - 68 5
17186 # 1504
17186 - 1500 6
17186 - 68 6
17187 # 1504
17187 - 1500 7
17187 - 68 7
17187 + 1500
17187 + 68
17187 + 1500
17187 + 68
17188 # 1504
17188 - 1500 8
17188 - 68 8
17189 # 1504
17189 - 1500 9
17189 - 68 9
17190 # 1504
17190 - 1500 10
17190 - 68 10
17191 # 1504
17191 - 1500 11
17191 - 68 11
17192 # 1504
17192 - 1500 12
17192 - 68 12
17192 + 1500
17192 + 68
17193 # 1504
17193 - 1500 13
17193 - 68 13
17194 # 1504
17194 - 1500 14
17194 - 68 14
17195 # 1504
17195 - 1500 15
17195 - 68 15
17196 # 1504
17196 - 1500 16
17196 - 68 16
17197 # 1504
17197 - 1500 17
17197 - 68 17
17197 + 1500
17197 + 68
17198 # 1504
17198 - 1500 18
17198 - 68 18
17199 # 1504
17199 - 1500 19
17199 - 68 19
17200 # 1504
17200 - 1500 20
17200 - 68 20
17201 # 1504
17201 - 1500 21
17201 - 68 21
17201 + 1500
17201 + 68
17202 # 1504
17202 - 1500 22
17202 - 68 22
17203 # 1504
17203 - 1500 23
17203 - 68 23
17204 # 1504
17204 - 1500 24
17204 - 68 24
17205 # 1504
17205 - 1500 25
17205 + 1500
17205 + 68
17206 # 1504
17206 - 68 26
17207 # 1504
17207 - 1500 27
17207 - 68 27
17208 # 1504
17208 - 1500 28
17208 - 68 28
17209 # 1504
17209 - 1500 29
17209 - 68 29
17210 # 1504
17210 - 1500 30
17210 - 68 30
17210 + 1500
17210 + 68
17211 # 1504
17211 - 1500 31
17211 - 68 31
17212 # 1504
17212 - 1500 32
17212 - 68 32
17212 + 1500
17212 + 68
17213 # 1504
17213 - 1500 33
17213 - 68 33
17214 # 1504
17214 - 1500 34
17214 - 68 34
17215 # 1504
17215 - 1500 35
17215 - 68 35
17216 # 1504
17216 - 1500 29
17216 - 68 29
17216 + 1500
17216 + 68
17217 # 1504
17217 - 1500 30
17217 - 68 30
17218 # 1504
17218 - 1500 26
17218 - 68 26
17219 # 1504
17219 - 1500 22
17219 - 68 22
17219 + 1500
17219 + 68
17220 # 1504
17220 - 1500 19
17220 - 68 19
17221 # 1504
17221 - 1500 16
17221 - 68 16
17222 # 1504
17222 - 1500 12
17222 - 68 12
17223 # 1504
17223 - 1500 11
17223 - 68 11
17223 + 1500
17223 + 68
17224 # 1504
17224 - 1500 8
17224 - 68 8
17225 # 1504
17225 - 1500 6
17225 - 68 6
17226 # 1504
17226 - 1500 3
17226 - 68 3
17227 # 1504
17228 # 1504
17229 # 1504
17230 # 1504
17231 # 1504
17232 # 1504
17233 # 1504
17234 # 1504
17235 # 1504
17236 # 1504
17237 # 1504
17238 # 1504
17239 # 1504
17240 # 1504
17241 # 1504
17242 # 1504
17243 # 1504
17244 # 1504
17245 # 1504
17246 # 1504
17247 # 1504
17248 # 1504
17249 # 1504
17250 # 1504
17251 # 1504
17252 # 1504
17253 # 1504
17254 # 1504
17255 # 1504
17256 # 1504
17257 # 1504
17258 # 1504
17259 # 1504
17260 # 1504
17261 # 1504
17262 # 1504
17263 # 1504
17264 # 1504
17265 # 1504
17266 # 1504
17267 # 1504
17268 # 1504
17269 # 1504
17270 # 1504
17271 # 1504
17272 # 1504
17273 # 1504
17273 + 1500
17273 + 68
17273 + 1500
17273 + 68
17273 + 1500
17273 + 68
17273 + 1500
17273 + 68
17273 + 1500
17273 + 68
17273 + 1500
17273 + 68
17273 + 1500
17273 + 68
17273 + 1500
17273 + 68
17273 + 1500
17273 + 68
17273 + 1500
17273 + 68
17273 + 1500
17273 + 68
17273 + 1500
17273 + 68
17274 # 1504
17274 - 1500 1
17274 + 1500
17274 + 68
17275 # 1504
17275 - 68 2
17276 # 1504
17276 - 1500 3
17276 - 68 3
17277 # 1504
17277 - 1500 4
17277 - 68 4
17278 # 1504
17278 - 1500 5
17278 - 68 5
17279 # 1504
17279 - 1500 6
17279 - 68 6
17280 # 1504
17280 - 1500 7
17280 - 68 7
17280 + 1500
17280 + 68
17281 # 1504
17281 - 1500 8
17281 - 68 8
17282 # 1504
17282 - 1500 9
17282 - 68 9
17283 # 1504
17283 - 1500 10
17283 - 68 10
17284 # 1504
17284 - 1500 11
17284 - 68 11
17284 + 1500
17284 + 68
17285 # 1504
17285 - 1500 12
17285 - 68 12
17286 # 1504
17286 - 1500 13
17286 - 68 13
17287 # 1504
17287 - 1500 13
17287 - 68 13
17288 # 1504
17288 - 1500 8
17288 - 68 8
17288 + 1500
17288 + 68
17289 # 1504
17289 - 1500 5
17289 - 68 5
17290 # 1504
17290 - 1500 2
17290 - 68 2
17291 # 1504
17292 # 1504
17292 + 1500
17292 + 68
17293 # 1504
17293 - 1500 1
17294 # 1504
17294 - 68 2
17295 # 1504
17296 # 1504
17297 # 1504
17298 # 1504
17299 # 1504
17300 # 1504
17301 # 1504
17302 # 1504
17303 # 1504
17304 # 1504
17305 # 1504
17306 # 1504
17307 # 1504
17308 # 1504
17309 # 1504
17310 # 1504
17311 # 1504
17312 # 1504
17313 # 1504
17314 # 1504
17315 # 1504
17316 # 1504
17317 # 1504
17318 # 1504
17319 # 1504
17320 # 1504
17321 # 1504
17322 # 1504
17323 # 1504
17324 # 1504
17325 # 1504
17326 # 1504
17327 # 1504
17328 # 1504
17329 # 1504
17330 # 1504
17331 # 1504
17332 # 1504
17333 # 1504
17334 # 1504
17335 # 1504
17336 # 1504
17337 # 1504
17338 # 1504
17339 # 1504
17340 # 1504
17341 # 1504
17342 # 1504
17343 # 1504
17344 # 1504
17345 # 1504
17346 # 1504
17347 # 1504
17348 # 1504
17349 # 1504
17350 # 1504
17351 # 1504
17352 # 1504
17353 # 1504
17354 # 1504
17355 # 1504
17356 # 1504
17357 # 1504
17358 # 1504
17359 # 1504
17360 # 1504
17361 # 1504
17362 # 1504
17363 # 1504
17364 # 1504
17365 # 1504
17366 # 1504
17367 # 1504
17368 # 1504
17369 # 1504
17370 # 1504
17371 # 1504
17372 # 1504
17373 # 1504
17374 # 1504
17375 # 1504
17376 # 1504
17377 # 1504
17378 # 1504
17379 # 1504
17380 # 1504
17381 # 1504
17382 # 1504
17383 # 1504
17384 # 1504
17385 # 1504
17386 # 1504
17387 # 1504
17388 # 1504
17389 # 1504
17390 # 1504
17391 # 1504
17392 # 1504
17393 # 1504
17394 # 1504
17395 # 1504
17396 # 1504
17397 # 1504
17398 # 1504
17399 # 1504
17400 # 1504
17401 # 1504
17402 # 1504
17403 # 1504
17404 # 1504
17405 # 1504
17406 # 1504
17407 # 1504
17408 # 1504
17409 # 1504
17410 # 1504
17411 # 1504
17412 # 1504
17413 # 1504
17414 # 1504
17415 # 1504
17416 # 1504
17417 # 1504
17418 # 1504
17419 # 1504
17420 # 1504
17421 # 1504
17422 # 1504
17423 # 1504
17424 # 1504
17425 # 1504
17426 # 1504
17427 # 1504
17428 # 1504
17429 # 1504
17430 # 1504
17431 # 1504
17432 # 1504
17433 # 1504
17434 # 1504
17435 # 1504
17436 # 1504
17437 # 1504
17438 # 1504
17439 # 1504
17440 # 1504
17441 # 1504
17442 # 1504
17443 # 1504
17444 # 1504
17445 # 1504
17446 # 1504
17447 # 1504
17448 # 1504
17449 # 1504
17450 # 1504
17451 # 1504
17452 # 1504
17453 # 1504
17454 # 1504
17455 # 1504
17456 # 1504
17457 # 1504
17458 # 1504
17459 # 1504
17460 # 1504
17461 # 1504
17462 # 1504
17463 # 1504
17464 # 1504
17465 # 1504
17466 # 1504
17467 # 1504
17468 # 1504
17469 # 1504
17469 + 1500
17469 + 68
17469 + 1500
17469 + 68
17469 + 1500
17469 + 68
17469 + 1500
17469 + 68
17469 + 1500
17469 + 68
17469 + 1500
17469 + 68
17469 + 1500
17469 + 68
17469 + 1500
17469 + 68
17469 + 1500
17469 + 68
17469 + 1500
17469 + 68
17469 + 1500
17469 + 68
17469 + 1500
17469 + 68
17469 + 1500
17469 + 68
17469 + 1500
17469 + 68
17469 + 1500
17469 + 68
17469 + 1500
17469 + 68
17469 + 1500
17469 + 68
17469 + 1500
17469 + 68
17469 + 1500
17469 + 68
17469 + 1500
17469 + 68
17469 + 1500
17469 + 68
17469 + 1500
17469 + 68
17469 + 1500
17469 + 68
17469 + 1500
17469 + 68
17469 + 1500
17469 + 68
17469 + 1500
17469 + 68
17469 + 1500
17469 + 68
17469 + 1500
17469 + 68
17469 + 1500
17470 # 1504
17470 - 1500 1
17470 + 68
17470 + 1500
17470 + 68
17470 + 1500
17470 + 68
17470 + 1500
17470 + 68
17470 + 1500
17470 + 68
17470 + 1500
17470 + 68
17470 + 1500
17470 + 68
17470 + 1500
17470 + 68
17470 + 1500
17470 + 68
17470 + 1500
17470 + 68
17470 + 1500
17470 + 68
17470 + 1500
17470 + 68
17470 + 1500
17470 + 68
17470 + 1500
17470 + 68
17470 + 1500
17470 + 68
17470 + 1500
17470 + 68
17470 + 1500
17470 + 68
17471 # 1504
17471 - 68 2
17472 # 1504
17472 - 1500 3
17472 - 68 3
17473 # 1504
17473 - 1500 4
17473 - 68 4
17474 # 1504
17474 - 1500 5
17474 - 68 5
17475 # 1504
17475 - 1500 6
17475 - 68 6
17476 # 1504
17476 - 1500 7
17476 - 68 7
17477 # 1504
17477 - 1500 8
17477 - 68 8
17478 # 1504
17478 - 1500 9
17478 - 68 9
17479 # 1504
17479 - 1500 10
17479 - 68 10
17480 # 1504
17480 - 1500 11
17480 - 68 11
17481 # 1504
17481 - 1500 12
17481 - 68 12
17482 # 1504
17482 - 1500 13
17482 - 68 13
17483 # 1504
17483 - 1500 14
17483 - 68 14
17484 # 1504
17484 - 1500 15
17484 - 68 15
17485 # 1504
17485 - 1500 16
17485 - 68 16
17486 # 1504
17486 - 1500 17
17486 - 68 17
17487 # 1504
17487 - 1500 18
17487 - 68 18
17488 # 1504
17488 - 1500 19
17488 - 68 19
17489 # 1504
17489 - 1500 20
17489 - 68 20
17490 # 1504
17490 - 1500 21
17490 - 68 21
17491 # 1504
17491 - 1500 22
17491 - 68 22
17492 # 1504
17492 - 1500 23
17492 - 68 23
17493 # 1504
17493 - 1500 24
17493 - 68 24
17494 # 1504
17494 - 1500 25
17495 # 1504
17495 - 68 26
17496 # 1504
17496 - 1500 27
17496 - 68 27
17497 # 1504
17497 - 1500 28
17497 - 68 28
17498 # 1504
17498 - 1500 29
17498 - 68 29
17499 # 1504
17499 - 1500 30
17499 - 68 30
17500 # 1504
17500 - 1500 31
17500 - 68 30
17500 + 1500
17500 + 68
17501 # 1504
17501 - 1500 31
17501 - 68 31
17502 # 1504
17502 - 1500 32
17502 - 68 32
17503 # 1504
17503 - 1500 33
17503 - 68 33
17503 + 1500
17503 + 68
17504 # 1504
17504 - 1500 34
17504 - 68 34
17505 # 1504
17505 - 1500 35
17505 - 68 35
17506 # 1504
17506 - 1500 36
17506 - 68 36
17507 # 1504
17507 - 1500 37
17507 - 68 37
17507 + 1500
17507 + 68
17508 # 1504
17508 - 1500 38
17508 - 68 38
17509 # 1504
17509 - 1500 39
17509 - 68 39
17510 # 1504
17510 - 1500 40
17510 - 68 40
17511 # 1504
17511 - 1500 41
17511 - 68 41
17511 + 1500
17511 + 68
17512 # 1504
17512 - 1500 42
17512 - 68 42
17513 # 1504
17513 - 1500 43
17513 - 68 43
17514 # 1504
17514 - 1500 44
17514 - 68 44
17515 # 1504
17515 - 1500 45
17515 - 68 45
17516 # 1504
17516 - 1500 46
17516 - 68 46
17517 # 1504
17517 - 1500 17
17517 - 68 17
17518 # 1504
17518 - 1500 15
17518 - 68 15
17519 # 1504
17519 - 1500 12
17520 # 1504
17520 - 68 13
17520 + 1500
17520 + 68
17521 # 1504
17521 - 1500 10
17521 - 68 10
17522 # 1504
17522 - 1500 2
17522 - 68 2
17523 # 1504
17524 # 1504
17525 # 1504
17526 # 1504
17527 # 1504
17528 # 1504
17529 # 1504
17530 # 1504
17531 # 1504
17532 # 1504
17533 # 1504
17534 # 1504
17535 # 1504
17536 # 1504
17537 # 1504
17538 # 1504
17539 # 1504
17540 # 1504
17541 # 1504
17542 # 1504
17543 # 1504
17544 # 1504
17545 # 1504
17546 # 1504
17547 # 1504
17548 # 1504
17549 # 1504
17550 # 1504
17551 # 1504
17551 + 1500
17551 + 68
17551 + 1500
17551 + 68
17551 + 1500
17551 + 68
17551 + 1500
17551 + 68
17551 + 1500
17551 + 68
17551 + 1500
17551 + 68
17551 + 1500
17551 + 68
17552 # 1504
17552 - 1500 1
17552 + 1500
17552 + 68
17553 # 1504
17553 - 68 2
17554 # 1504
17554 - 1500 3
17554 - 68 3
17555 # 1504
17555 - 1500 4
17555 - 68 4
17556 # 1504
17556 - 1500 5
17556 - 68 5
17557 # 1504
17557 - 1500 6
17557 - 68 6
17557 + 1500
17557 + 68
17558 # 1504
17558 - 1500 7
17558 - 68 7
17559 # 1504
17559 - 1500 8
17559 - 68 8
17560 # 1504
17560 - 1500 8
17560 - 68 8
17560 + 1500
17560 + 68
17561 # 1504
17561 - 1500 4
17561 - 68 4
17562 # 1504
17562 - 1500 2
17562 - 68 2
17563 # 1504
17564 # 1504
17565 # 1504
17565 + 1500
17565 + 68
17566 # 1504
17566 - 1500 1
17567 # 1504
17567 - 68 2
17568 # 1504
17569 # 1504
17570 # 1504
17570 + 1500
17570 + 68
17571 # 1504
17571 - 1500 1
17572 # 1504
17572 - 68 2
17572 + 1500
17572 + 68
17573 # 1504
17573 - 1500 1
17574 # 1504
17574 - 68 2
17575 # 1504
17576 # 1504
17576 + 1500
17576 + 68
17577 # 1504
17577 - 1500 1
17577 + 1500
17577 + 68
17578 # 1504
17578 - 68 2
17579 # 1504
17579 - 1500 2
17579 - 68 2
17579 + 1500
17579 + 68
17580 # 1504
17580 - 1500 1
17581 # 1504
17581 - 68 2
17582 # 1504
17583 # 1504
17583 + 1500
17583 + 68
17584 # 1504
17584 - 1500 1
17585 # 1504
17585 - 68 2
17586 # 1504
17587 # 1504
17588 # 1504
17589 # 1504
17590 # 1504
17590 + 1500
17590 + 68
17591 # 1504
17591 - 1500 1
17592 # 1504
17592 - 68 2
17593 # 1504
17593 + 1500
17593 + 68
17594 # 1504
17594 - 1500 1
17595 # 1504
17595 - 68 2
17596 # 1504
17597 # 1504
17598 # 1504
17599 # 1504
17600 # 1504
17601 # 1504
17602 # 1504
17603 # 1504
17604 # 1504
17605 # 1504
17606 # 1504
17606 + 1500
17606 + 68
17606 + 1500
17606 + 68
17607 # 1504
17607 - 1500 1
17607 + 1500
17607 + 68
17608 # 1504
17608 - 68 2
17609 # 1504
17609 - 1500 3
17609 - 68 3
17610 # 1504
17610 - 1500 3
17610 - 68 3
17611 # 1504
17612 # 1504
17612 + 1500
17612 + 68
17613 # 1504
17613 - 1500 1
17614 # 1504
17614 - 68 2
17615 # 1504
17615 + 1500
17615 + 68
17616 # 1504
17616 - 1500 1
17617 # 1504
17617 - 68 2
17618 # 1504
17619 # 1504
17620 # 1504
17620 + 1500
17620 + 68
17620 + 1500
17620 + 68
17621 # 1504
17621 - 1500 1
17622 # 1504
17622 - 68 2
17623 # 1504
17623 - 1500 3
17623 - 68 3
17623 + 1500
17623 + 68
17624 # 1504
17624 - 1500 1
17625 # 1504
17625 - 68 2
17626 # 1504
17627 # 1504
17628 # 1504
17628 + 1500
17628 + 68
17629 # 1504
17629 - 1500 1
17630 # 1504
17630 - 68 2
17631 # 1504
17632 # 1504
17633 # 1504
17633 + 1500
17633 + 68
17634 # 1504
17634 - 1500 1
17635 # 1504
17635 - 68 2
17636 # 1504
17637 # 1504
17638 # 1504
17638 + 1500
17638 + 68
17639 # 1504
17639 - 1500 1
17640 # 1504
17640 - 68 2
17641 # 1504
17642 # 1504
17643 # 1504
17644 # 1504
17645 # 1504
17646 # 1504
17647 # 1504
17648 # 1504
17649 # 1504
17650 # 1504
17651 # 1504
17652 # 1504
17653 # 1504
17654 # 1504
17655 # 1504
17656 # 1504
17657 # 1504
17658 # 1504
17659 # 1504
17660 # 1504
17661 # 1504
17662 # 1504
17663 # 1504
17664 # 1504
17665 # 1504
17666 # 1504
17667 # 1504
17668 # 1504
17669 # 1504
17670 # 1504
17671 # 1504
17672 # 1504
17673 # 1504
17674 # 1504
17675 # 1504
17676 # 1504
17677 # 1504
17678 # 1504
17679 # 1504
17680 # 1504
17681 # 1504
17682 # 1504
17683 # 1504
17684 # 1504
17685 # 1504
17686 # 1504
17687 # 1504
17688 # 1504
17689 # 1504
17690 # 1504
17691 # 1504
17692 # 1504
17693 # 1504
17694 # 1504
17695 # 1504
17696 # 1504
17697 # 1504
17698 # 1504
17699 # 1504
17700 # 1504
17701 # 1504
17702 # 1504
17703 # 1504
17704 # 1504
17705 # 1504
17706 # 1504
17707 # 1504
17708 # 1504
17709 # 1504
17710 # 1504
17711 # 1504
17712 # 1504
17713 # 1504
17714 # 1504
17715 # 1504
17716 # 1504
17717 # 1504
17718 # 1504
17719 # 1504
17720 # 1504
17721 # 1504
17722 # 1504
17723 # 1504
17724 # 1504
17725 # 1504
17726 # 1504
17727 # 1504
17728 # 1504
17729 # 1504
17730 # 1504
17731 # 1504
17732 # 1504
17733 # 1504
17734 # 1504
17735 # 1504
17736 # 1504
17737 # 1504
17738 # 1504
17739 # 1504
17740 # 1504
17741 # 1504
17742 # 1504
17743 # 1504
17744 # 1504
17745 # 1504
17746 # 1504
17747 # 1504
17748 # 1504
17749 # 1504
17750 # 1504
17751 # 1504
17752 # 1504
17753 # 1504
17754 # 1504
17755 # 1504
17756 # 1504
17757 # 1504
17758 # 1504
17758 + 1500
17758 + 68
17758 + 1500
17758 + 68
17758 + 1500
17758 + 68
17758 + 1500
17758 + 68
17758 + 1500
17758 + 68
17758 + 1500
17758 + 68
17758 + 1500
17758 + 68
17758 + 1500
17758 + 68
17758 + 1500
17758 + 68
17758 + 1500
17758 + 68
17758 + 1500
17758 + 68
17758 + 1500
17758 + 68
17758 + 1500
17758 + 68
17758 + 1500
17758 + 68
17758 + 1500
17758 + 68
17758 + 1500
17758 + 68
17758 + 1500
17758 + 68
17758 + 1500
17758 + 68
17758 + 1500
17758 + 68
17758 + 1500
17758 + 68
17758 + 1500
17758 + 68
17758 + 1500
17758 + 68
17758 + 1500
17758 + 68
17758 + 1500
17758 + 68
17758 + 1500
17758 + 68
17759 # 1504
17759 - 1500 1
17760 # 1504
17760 - 68 2
17761 # 1504
17761 - 1500 3
17761 - 68 3
17762 # 1504
17762 - 1500 4
17762 - 68 4
17762 + 1500
17762 + 68
17763 # 1504
17763 - 1500 5
17763 - 68 5
17764 # 1504
17764 - 1500 6
17764 - 68 6
17765 # 1504
17765 - 1500 7
17765 - 68 7
17766 # 1504
17766 - 1500 8
17766 - 68 8
17767 # 1504
17767 - 1500 9
17767 - 68 9
17767 + 1500
17767 + 68
17768 # 1504
17768 - 1500 10
17768 - 68 10
17769 # 1504
17769 - 1500 11
17769 - 68 11
17770 # 1504
17770 - 1500 12
17770 - 68 12
17771 # 1504
17771 - 1500 13
17771 - 68 13
17772 # 1504
17772 - 1500 14
17772 - 68 14
17772 + 1500
17772 + 68
17773 # 1504
17773 - 1500 15
17773 - 68 15
17774 # 1504
17774 - 1500 16
17774 - 68 16
17775 # 1504
17775 - 1500 17
17775 - 68 17
17776 # 1504
17776 - 1500 18
17776 - 68 18
17777 # 1504
17777 - 1500 19
17777 - 68 19
17778 # 1504
17778 - 1500 20
17778 - 68 20
17779 # 1504
17779 - 1500 21
17779 - 68 21
17780 # 1504
17780 - 1500 22
17780 - 68 22
17781 # 1504
17781 - 1500 23
17781 - 68 23
17782 # 1504
17782 - 1500 24
17782 - 68 24
17783 # 1504
17783 - 1500 25
17784 # 1504
17784 - 68 26
17785 # 1504
17785 - 1500 27
17785 - 68 27
17786 # 1504
17786 - 1500 24
17786 - 68 24
17787 # 1504
17787 - 1500 20
17787 - 68 20
17788 # 1504
17788 - 1500 16
17788 - 68 16
17789 # 1504
17790 # 1504
17791 # 1504
17792 # 1504
17793 # 1504
17794 # 1504
17795 # 1504
17796 # 1504
17797 # 1504
17798 # 1504
17799 # 1504
17800 # 1504
17801 # 1504
17802 # 1504
17803 # 1504
17804 # 1504
17805 # 1504
17806 # 1504
17807 # 1504
17808 # 1504
17809 # 1504
17810 # 1504
17811 # 1504
17812 # 1504
17813 # 1504
17814 # 1504
17815 # 1504
17816 # 1504
17817 # 1504
17818 # 1504
17819 # 1504
17820 # 1504
17821 # 1504
17822 # 1504
17823 # 1504
17824 # 1504
17825 # 1504
17826 # 1504
17827 # 1504
17828 # 1504
17829 # 1504
17830 # 1504
17831 # 1504
17832 # 1504
17833 # 1504
17834 # 1504
17835 # 1504
17836 # 1504
17837 # 1504
17838 # 1504
17839 # 1504
17840 # 1504
17841 # 1504
17842 # 1504
17843 # 1504
17844 # 1504
17845 # 1504
17846 # 1504
17847 # 1504
17848 # 1504
17849 # 1504
17850 # 1504
17851 # 1504
17852 # 1504
17853 # 1504
17854 # 1504
17855 # 1504
17856 # 1504
17857 # 1504
17858 # 1504
17859 # 1504
17860 # 1504
17860 + 1500
17860 + 68
17860 + 1500
17860 + 68
17860 + 1500
17860 + 68
17860 + 1500
17860 + 68
17860 + 1500
17860 + 68
17860 + 1500
17860 + 68
17860 + 1500
17860 + 68
17860 + 1500
17860 + 68
17860 + 1500
17860 + 68
17860 + 1500
17860 + 68
17860 + 1500
17860 + 68
17860 + 1500
17860 + 68
17860 + 1500
17860 + 68
17860 + 1500
17860 + 68
17860 + 1500
17860 + 68
17860 + 1500
17860 + 68
17860 + 1500
17860 + 68
17860 + 1500
17860 + 68
17861 # 1504
17861 - 1500 1
17862 # 1504
17862 - 68 2
17863 # 1504
17863 - 1500 3
17863 - 68 3
17864 # 1504
17864 - 1500 4
17864 - 68 4
17865 # 1504
17865 - 1500 5
17865 - 68 5
17866 # 1504
17866 - 1500 6
17866 - 68 6
17867 # 1504
17867 - 1500 7
17867 - 68 7
17868 # 1504
17868 - 1500 8
17868 - 68 8
17869 # 1504
17869 - 1500 9
17869 - 68 9
17870 # 1504
17870 - 1500 10
17870 - 68 10
17871 # 1504
17871 - 1500 11
17871 - 68 11
17872 # 1504
17872 - 1500 12
17872 - 68 12
17873 # 1504
17873 - 1500 13
17873 - 68 13
17874 # 1504
17874 - 1500 14
17874 - 68 14
17875 # 1504
17875 - 1500 15
17875 - 68 15
17876 # 1504
17876 - 1500 16
17876 - 68 16
17877 # 1504
17877 - 1500 17
17877 - 68 17
17878 # 1504
17878 - 1500 18
17878 - 68 18
17879 # 1504
17879 - 1500 19
17879 - 68 19
17880 # 1504
17881 # 1504
17882 # 1504
17883 # 1504
17884 # 1504
17885 # 1504
17886 # 1504
17887 # 1504
17888 # 1504
17889 # 1504
17890 # 1504
17891 # 1504
17892 # 1504
17893 # 1504
17894 # 1504
17895 # 1504
17896 # 1504
17897 # 1504
17898 # 1504
17899 # 1504
17900 # 1504
17901 # 1504
17902 # 1504
17903 # 1504
17904 # 1504
17905 # 1504
17906 # 1504
17907 # 1504
17908 # 1504
17909 # 1504
17910 # 1504
17910 + 1500
17910 + 68
17910 + 1500
17910 + 68
17910 + 1500
17910 + 68
17911 # 1504
17911 - 1500 1
17912 # 1504
17912 - 68 2
17913 # 1504
17913 - 1500 3
17913 - 68 3
17914 # 1504
17914 - 1500 4
17914 - 68 4
17914 + 1500
17914 + 68
17915 # 1504
17915 - 1500 1
17916 # 1504
17916 - 68 2
17917 # 1504
17918 # 1504
17918 + 1500
17918 + 68
17919 # 1504
17919 - 1500 1
17920 # 1504
17920 - 68 2
17921 # 1504
17922 # 1504
17922 + 1500
17922 + 68
17923 # 1504
17923 - 1500 1
17924 # 1504
17924 - 68 2
17925 # 1504
17926 # 1504
17926 + 1500
17926 + 68
17927 # 1504
17927 - 1500 1
17928 # 1504
17928 - 68 2
17929 # 1504
17930 # 1504
17930 + 1500
17930 + 68
17931 # 1504
17931 - 1500 1
17932 # 1504
17932 - 68 2
17933 # 1504
17933 + 1500
17933 + 68
17934 # 1504
17934 - 1500 1
17935 # 1504
17935 - 68 2
17936 # 1504
17937 # 1504
17938 # 1504
17938 + 1500
17938 + 68
17939 # 1504
17939 - 1500 1
17940 # 1504
17940 - 68 2
17941 # 1504
17942 # 1504
17943 # 1504
17944 # 1504
17945 # 1504
17946 # 1504
17947 # 1504
17948 # 1504
17949 # 1504
17950 # 1504
17951 # 1504
17952 # 1504
17953 # 1504
17954 # 1504
17955 # 1504
17956 # 1504
17956 + 1500
17956 + 68
17956 + 1500
17956 + 68
17956 + 1500
17956 + 68
17956 + 1500
17956 + 68
17957 # 1504
17957 - 1500 1
17957 + 1500
17957 + 68
17958 # 1504
17958 - 68 2
17959 # 1504
17959 - 1500 3
17959 - 68 3
17960 # 1504
17960 - 1500 4
17960 - 68 4
17961 # 1504
17961 - 1500 5
17961 - 68 5
17962 # 1504
17962 - 1500 5
17962 - 68 5
17963 # 1504
17964 # 1504
17964 + 1500
17964 + 68
17965 # 1504
17965 - 1500 1
17966 # 1504
17966 - 68 2
17967 # 1504
17968 # 1504
17968 + 1500
17968 + 68
17969 # 1504
17969 - 1500 1
17970 # 1504
17970 - 68 2
17971 # 1504
17972 # 1504
17972 + 1500
17972 + 68
17973 # 1504
17973 - 1500 1
17974 # 1504
17974 - 68 2
17975 # 1504
17976 # 1504
17977 # 1504
17978 # 1504
17978 + 1500
17978 + 68
17979 # 1504
17979 - 1500 1
17980 # 1504
17980 - 68 2
17981 # 1504
17982 # 1504
17982 + 1500
17982 + 68
17983 # 1504
17983 - 1500 1
17984 # 1504
17984 - 68 2
17985 # 1504
17986 # 1504
17987 # 1504
17987 + 1500
17987 + 68
17988 # 1504
17988 - 1500 1
17989 # 1504
17989 - 68 2
17990 # 1504
17991 # 1504
17991 + 1500
17991 + 68
17992 # 1504
17992 - 1500 1
17993 # 1504
17993 - 68 2
17994 # 1504
17995 # 1504
17996 # 1504
17996 + 1500
17996 + 68
17997 # 1504
17997 - 1500 1
17998 # 1504
17998 - 68 2
17999 # 1504
18000 # 1504
18000 + 1500
18000 + 68
18001 # 1504
18001 - 1500 1
18002 # 1504
18002 - 68 2
18003 # 1504
18004 # 1504
18005 # 1504
18006 # 1504
18007 # 1504
18008 # 1504
18009 # 1504
18010 # 1504
18011 # 1504
18012 # 1504
18013 # 1504
18014 # 1504
18015 # 1504
18016 # 1504
18017 # 1504
18018 # 1504
18019 # 1504
18020 # 1504
18021 # 1504
18022 # 1504
18023 # 1504
18024 # 1504
18025 # 1504
18026 # 1504
18027 # 1504
18028 # 1504
18029 # 1504
18030 # 1504
18031 # 1504
18032 # 1504
18033 # 1504
18034 # 1504
18035 # 1504
18036 # 1504
18037 # 1504
18038 # 1504
18039 # 1504
18040 # 1504
18041 # 1504
18042 # 1504
18043 # 1504
18044 # 1504
18045 # 1504
18046 # 1504
18047 # 1504
18048 # 1504
18049 # 1504
18050 # 1504
18051 # 1504
18052 # 1504
18052 + 1500
18052 + 68
18052 + 1500
18052 + 68
18052 + 1500
18052 + 68
18052 + 1500
18052 + 68
18052 + 1500
18052 + 68
18052 + 1500
18052 + 68
18052 + 1500
18052 + 68
18052 + 1500
18052 + 68
18052 + 1500
18052 + 68
18052 + 1500
18052 + 68
18053 # 1504
18053 - 1500 1
18053 + 1500
18053 + 68
18054 # 1504
18054 - 68 2
18055 # 1504
18055 - 1500 3
18055 - 68 3
18056 # 1504
18056 - 1500 4
18056 - 68 4
18057 # 1504
18057 - 1500 5
18057 - 68 5
18058 # 1504
18058 - 1500 6
18058 - 68 6
18058 + 1500
18058 + 68
18059 # 1504
18059 - 1500 7
18059 - 68 7
18060 # 1504
18060 - 1500 8
18060 - 68 8
18061 # 1504
18061 - 1500 9
18061 - 68 9
18062 # 1504
18062 - 1500 10
18062 - 68 10
18063 # 1504
18063 - 1500 11
18063 - 68 11
18063 + 1500
18063 + 68
18064 # 1504
18064 - 1500 11
18064 - 68 11
18065 # 1504
18065 - 1500 7
18065 - 68 7
18066 # 1504
18066 - 1500 3
18066 - 68 3
18067 # 1504
18068 # 1504
18069 # 1504
18070 # 1504
18071 # 1504
18072 # 1504
18073 # 1504
18073 + 1500
18073 + 68
18073 + 1500
18073 + 68
18074 # 1504
18074 - 1500 1
18075 # 1504
18075 - 68 2
18076 # 1504
18076 - 1500 3
18076 - 68 3
18077 # 1504
18078 # 1504
18079 # 1504
18079 + 1500
18079 + 68
18080 # 1504
18080 - 1500 1
18081 # 1504
18081 - 68 2
18082 # 1504
18083 # 1504
18084 # 1504
18085 # 1504
18086 # 1504
18087 # 1504
18088 # 1504
18089 # 1504
18090 # 1504
18091 # 1504
18092 # 1504
18093 # 1504
18094 # 1504
18095 # 1504
18096 # 1504
18097 # 1504
18098 # 1504
18099 # 1504
18100 # 1504
18101 # 1504
18102 # 1504
18103 # 1504
18104 # 1504
18105 # 1504
18106 # 1504
18107 # 1504
18108 # 1504
18109 # 1504
18110 # 1504
18111 # 1504
18112 # 1504
18113 # 1504
18114 # 1504
18115 # 1504
18116 # 1504
18117 # 1504
18118 # 1504
18119 # 1504
18120 # 1504
18121 # 1504
18122 # 1504
18123 # 1504
18124 # 1504
18125 # 1504
18126 # 1504
18127 # 1504
18128 # 1504
18129 # 1504
18130 # 1504
18131 # 1504
18132 # 1504
18133 # 1504
18134 # 1504
18135 # 1504
18136 # 1504
18137 # 1504
18138 # 1504
18139 # 1504
18140 # 1504
18141 # 1504
18142 # 1504
18143 # 1504
18144 # 1504
18145 # 1504
18146 # 1504
18147 # 1504
18148 # 1504
18149 # 1504
18150 # 1504
18151 # 1504
18152 # 1504
18153 # 1504
18154 # 1504
18155 # 1504
18156 # 1504
18157 # 1504
18158 # 1504
18159 # 1504
18160 # 1504
18161 # 1504
18162 # 1504
18163 # 1504
18164 # 1504
18165 # 1504
18166 # 1504
18167 # 1504
18168 # 1504
18169 # 1504
18170 # 1504
18171 # 1504
18172 # 1504
18173 # 1504
18174 # 1504
18175 # 1504
18176 # 1504
18177 # 1504
18178 # 1504
18179 # 1504
18180 # 1504
18181 # 1504
18182 # 1504
18183 # 1504
18184 # 1504
18185 # 1504
18186 # 1504
18187 # 1504
18188 # 1504
18189 # 1504
18190 # 1504
18191 # 1504
18192 # 1504
18193 # 1504
18194 # 1504
18195 # 1504
18196 # 1504
18197 # 1504
18198 # 1504
18199 # 1504
18200 # 1504
18201 # 1504
18202 # 1504
18203 # 1504
18204 # 1504
18205 # 1504
18206 # 1504
18207 # 1504
18208 # 1504
18209 # 1504
18209 + 1500
18209 + 68
18209 + 1500
18209 + 68
18209 + 1500
18209 + 68
18209 + 1500
18209 + 68
18209 + 1500
18209 + 68
18209 + 1500
18209 + 68
18209 + 1500
18209 + 68
18209 + 1500
18209 + 68
18209 + 1500
18209 + 68
18209 + 1500
18209 + 68
18209 + 1500
18209 + 68
18209 + 1500
18209 + 68
18209 + 1500
18209 + 68
18209 + 1500
18209 + 68
18209 + 1500
18209 + 68
18209 + 1500
18209 + 68
18209 + 1500
18209 + 68
18209 + 1500
18209 + 68
18209 + 1500
18209 + 68
18209 + 1500
18209 + 68
18209 + 1500
18209 + 68
18209 + 1500
18209 + 68
18209 + 1500
18210 # 1504
18210 - 1500 1
18210 + 68
18210 + 1500
18210 + 68
18210 + 1500
18210 + 68
18210 + 1500
18210 + 68
18210 + 1500
18210 + 68
18211 # 1504
18211 - 68 2
18212 # 1504
18212 - 1500 3
18212 - 68 3
18212 + 1500
18212 + 68
18213 # 1504
18213 - 1500 4
18213 - 68 4
18214 # 1504
18214 - 1500 5
18214 - 68 5
18215 # 1504
18215 - 1500 6
18215 - 68 6
18216 # 1504
18216 - 1500 7
18216 - 68 7
18216 + 1500
18216 + 68
18217 # 1504
18217 - 1500 8
18217 - 68 8
18218 # 1504
18218 - 1500 9
18218 - 68 9
18219 # 1504
18219 - 1500 10
18219 - 68 10
18220 # 1504
18220 - 1500 11
18220 - 68 11
18221 # 1504
18221 - 1500 12
18221 - 68 12
18222 # 1504
18222 - 1500 13
18222 - 68 13
18223 # 1504
18223 - 1500 14
18223 - 68 14
18224 # 1504
18224 - 1500 15
18224 - 68 15
18225 # 1504
18225 - 1500 16
18225 - 68 16
18226 # 1504
18226 - 1500 17
18226 - 68 17
18227 # 1504
18227 - 1500 18
18227 - 68 18
18228 # 1504
18228 - 1500 19
18228 - 68 19
18229 # 1504
18229 - 1500 20
18229 - 68 20
18230 # 1504
18230 - 1500 21
18230 - 68 21
18231 # 1504
18231 - 1500 22
18231 - 68 22
18232 # 1504
18232 - 1500 23
18232 - 68 23
18233 # 1504
18233 - 1500 24
18233 - 68 23
18234 # 1504
18234 - 1500 24
18235 # 1504
18235 - 68 25
18236 # 1504
18236 - 1500 26
18236 - 68 26
18237 # 1504
18237 - 1500 27
18237 - 68 27
18238 # 1504
18238 - 1500 28
18238 - 68 28
18239 # 1504
18239 - 1500 27
18239 - 68 27
18240 # 1504
18240 - 1500 24
18240 - 68 24
18241 # 1504
18242 # 1504
18243 # 1504
18244 # 1504
18245 # 1504
18246 # 1504
18247 # 1504
18248 # 1504
18249 # 1504
18250 # 1504
18251 # 1504
18252 # 1504
18253 # 1504
18254 # 1504
18255 # 1504
18256 # 1504
18257 # 1504
18258 # 1504
18259 # 1504
18260 # 1504
18261 # 1504
18262 # 1504
18263 # 1504
18264 # 1504
18265 # 1504
18266 # 1504
18267 # 1504
18268 # 1504
18269 # 1504
18270 # 1504
18271 # 1504
18272 # 1504
18273 # 1504
18274 # 1504
18275 # 1504
18276 # 1504
18277 # 1504
18278 # 1504
18279 # 1504
18280 # 1504
18281 # 1504
18282 # 1504
18283 # 1504
18284 # 1504
18285 # 1504
18286 # 1504
18287 # 1504
18288 # 1504
18289 # 1504
18290 # 1504
18291 # 1504
18292 # 1504
18293 # 1504
18294 # 1504
18295 # 1504
18296 # 1504
18297 # 1504
18298 # 1504
18299 # 1504
18300 # 1504
18301 # 1504
18302 # 1504
18303 # 1504
18304 # 1504
18305 # 1504
18306 # 1504
18307 # 1504
18308 # 1504
18309 # 1504
18310 # 1504
18311 # 1504
18312 # 1504
18313 # 1504
18314 # 1504
18315 # 1504
18316 # 1504
18317 # 1504
18318 # 1504
18319 # 1504
18320 # 1504
18321 # 1504
18322 # 1504
18323 # 1504
18324 # 1504
18325 # 1504
18326 # 1504
18327 # 1504
18328 # 1504
18329 # 1504
18330 # 1504
18331 # 1504
18332 # 1504
18333 # 1504
18334 # 1504
18335 # 1504
18336 # 1504
18337 # 1504
18338 # 1504
18339 # 1504
18340 # 1504
18341 # 1504
18341 + 1500
18341 + 68
18341 + 1500
18341 + 68
18341 + 1500
18341 + 68
18341 + 1500
18341 + 68
18341 + 1500
18341 + 68
18341 + 1500
18341 + 68
18341 + 1500
18341 + 68
18341 + 1500
18341 + 68
18341 + 1500
18341 + 68
18341 + 1500
18341 + 68
18341 + 1500
18341 + 68
18341 + 1500
18341 + 68
18342 # 1504
18342 - 1500 1
18343 # 1504
18343 - 68 2
18344 # 1504
18344 - 1500 3
18344 - 68 3
18345 # 1504
18345 - 1500 4
18345 - 68 4
18345 + 1500
18345 + 68
18346 # 1504
18346 - 1500 5
18346 - 68 5
18347 # 1504
18347 - 1500 6
18347 - 68 6
18348 # 1504
18348 - 1500 7
18348 - 68 7
18349 # 1504
18349 - 1500 8
18349 - 68 8
18349 + 1500
18349 + 68
18350 # 1504
18350 - 1500 9
18350 - 68 9
18351 # 1504
18351 - 1500 10
18351 - 68 10
18352 # 1504
18352 - 1500 11
18352 - 68 11
18353 # 1504
18353 - 1500 12
18353 - 68 12
18354 # 1504
18354 - 1500 13
18354 - 68 13
18355 # 1504
18355 - 1500 10
18355 - 68 10
18356 # 1504
18356 - 1500 7
18356 - 68 7
18357 # 1504
18358 # 1504
18359 # 1504
18360 # 1504
18361 # 1504
18362 # 1504
18363 # 1504
18364 # 1504
18365 # 1504
18366 # 1504
18367 # 1504
18368 # 1504
18369 # 1504
18370 # 1504
18371 # 1504
18372 # 1504
18373 # 1504
18374 # 1504
18375 # 1504
18376 # 1504
18377 # 1504
18378 # 1504
18379 # 1504
18380 # 1504
18381 # 1504
18382 # 1504
18383 # 1504
18384 # 1504
18385 # 1504
18386 # 1504
18387 # 1504
18388 # 1504
18389 # 1504
18390 # 1504
18391 # 1504
18392 # 1504
18393 # 1504
18394 # 1504
18395 # 1504
18396 # 1504
18397 # 1504
18398 # 1504
18399 # 1504
18400 # 1504
18401 # 1504
18402 # 1504
18403 # 1504
18404 # 1504
18405 # 1504
18406 # 1504
18407 # 1504
18408 # 1504
18409 # 1504
18410 # 1504
18411 # 1504
18412 # 1504
18413 # 1504
18414 # 1504
18415 # 1504
18416 # 1504
18417 # 1504
18418 # 1504
18419 # 1504
18420 # 1504
18421 # 1504
18422 # 1504
18423 # 1504
18424 # 1504
18425 # 1504
18426 # 1504
18427 # 1504
18428 # 1504
18429 # 1504
18430 # 1504
18431 # 1504
18432 # 1504
18433 # 1504
18434 # 1504
18435 # 1504
18436 # 1504
18437 # 1504
18438 # 1504
18439 # 1504
18440 # 1504
18441 # 1504
18442 # 1504
18443 # 1504
18444 # 1504
18445 # 1504
18446 # 1504
18447 # 1504
18448 # 1504
18449 # 1504
18450 # 1504
18451 # 1504
18452 # 1504
18453 # 1504
18454 # 1504
18455 # 1504
18456 # 1504
18457 # 1504
18458 # 1504
18459 # 1504
18460 # 1504
18461 # 1504
18462 # 1504
18463 # 1504
18464 # 1504
18465 # 1504
18466 # 1504
18467 # 1504
18468 # 1504
18468 + 1500
18468 + 68
18468 + 1500
18468 + 68
18468 + 1500
18468 + 68
18468 + 1500
18468 + 68
18468 + 1500
18468 + 68
18468 + 1500
18468 + 68
18468 + 1500
18468 + 68
18468 + 1500
18468 + 68
18468 + 1500
18468 + 68
18468 + 1500
18468 + 68
18468 + 1500
18468 + 68
18468 + 1500
18468 + 68
18468 + 1500
18468 + 68
18468 + 1500
18468 + 68
18468 + 1500
18468 + 68
18468 + 1500
18468 + 68
18468 + 1500
18468 + 68
18468 + 1500
18468 + 68
18468 + 1500
18468 + 68
18468 + 1500
18468 + 68
18468 + 1500
18468 + 68
18468 + 1500
18468 + 68
18468 + 1500
18468 + 68
18468 + 1500
18468 + 68
18468 + 1500
18468 + 68
18468 + 1500
18468 + 68
18468 + 1500
18468 + 68
18468 + 1500
18468 + 68
18468 + 1500
18468 + 68
18469 # 1504
18469 - 1500 1
18469 + 1500
18469 + 68
18470 # 1504
18470 - 68 2
18471 # 1504
18471 - 1500 3
18471 - 68 3
18472 # 1504
18472 - 1500 4
18472 - 68 4
18473 # 1504
18473 - 1500 5
18473 - 68 5
18474 # 1504
18474 - 1500 6
18474 - 68 6
18474 + 1500
18474 + 68
18475 # 1504
18475 - 1500 7
18475 - 68 7
18476 # 1504
18476 - 1500 8
18476 - 68 8
18477 # 1504
18477 - 1500 9
18477 - 68 9
18478 # 1504
18478 - 1500 10
18478 - 68 10
18478 + 1500
18478 + 68
18479 # 1504
18479 - 1500 11
18479 - 68 11
18480 # 1504
18480 - 1500 12
18480 - 68 12
18481 # 1504
18481 - 1500 13
18481 - 68 13
18482 # 1504
18482 - 1500 14
18482 - 68 14
18483 # 1504
18483 - 1500 15
18483 - 68 15
18483 + 1500
18483 + 68
18484 # 1504
18484 - 1500 16
18484 - 68 16
18485 # 1504
18485 - 1500 17
18485 - 68 17
18486 # 1504
18486 - 1500 18
18486 - 68 18
18486 + 1500
18486 + 68
18487 # 1504
18487 - 1500 19
18487 - 68 19
18488 # 1504
18488 - 1500 20
18488 - 68 20
18489 # 1504
18489 - 1500 21
18489 - 68 21
18490 # 1504
18490 - 1500 22
18490 - 68 22
18490 + 1500
18490 + 68
18491 # 1504
18491 - 1500 23
18491 - 68 23
18492 # 1504
18492 - 1500 24
18492 - 68 24
18493 # 1504
18493 - 1500 25
18494 # 1504
18494 - 68 26
18494 + 1500
18494 + 68
18495 # 1504
18495 - 1500 27
18495 - 68 27
18496 # 1504
18496 - 1500 28
18496 - 68 28
18497 # 1504
18497 - 1500 29
18497 - 68 29
18497 + 1500
18497 + 68
18498 # 1504
18498 - 1500 30
18498 - 68 30
18499 # 1504
18499 - 1500 31
18499 - 68 31
18500 # 1504
18500 - 1500 31
18500 - 68 31
18501 # 1504
18501 - 1500 27
18501 - 68 27
18502 # 1504
18502 - 1500 24
18502 - 68 24
18503 # 1504
18503 - 1500 20
18503 - 68 20
18504 # 1504
18504 - 1500 18
18504 - 68 18
18505 # 1504
18505 - 1500 15
18505 - 68 15
18506 # 1504
18506 - 1500 12
18506 - 68 12
18507 # 1504
18507 - 1500 10
18507 - 68 10
18508 # 1504
18509 # 1504
18510 # 1504
18510 + 1500
18510 + 68
18510 + 1500
18510 + 68
18510 + 1500
18510 + 68
18511 # 1504
18511 - 1500 1
18512 # 1504
18512 - 68 2
18512 + 1500
18512 + 68
18513 # 1504
18513 - 1500 3
18513 - 68 3
18514 # 1504
18514 - 1500 4
18514 - 68 4
18515 # 1504
18515 - 1500 3
18515 - 68 3
18516 # 1504
18516 + 1500
18516 + 68
18517 # 1504
18517 - 1500 1
18518 # 1504
18518 - 68 2
18519 # 1504
18520 # 1504
18520 + 1500
18520 + 68
18521 # 1504
18521 - 1500 1
18522 # 1504
18522 - 68 2
18523 # 1504
18524 # 1504
18525 # 1504
18526 # 1504
18527 # 1504
18528 # 1504
18529 # 1504
18530 # 1504
18531 # 1504
18532 # 1504
18533 # 1504
18534 # 1504
18535 # 1504
18536 # 1504
18537 # 1504
18538 # 1504
18539 # 1504
18540 # 1504
18541 # 1504
18542 # 1504
18543 # 1504
18544 # 1504
18545 # 1504
18546 # 1504
18547 # 1504
18548 # 1504
18549 # 1504
18550 # 1504
18551 # 1504
18552 # 1504
18553 # 1504
18554 # 1504
18555 # 1504
18556 # 1504
18557 # 1504
18558 # 1504
18559 # 1504
18560 # 1504
18561 # 1504
18562 # 1504
18563 # 1504
18564 # 1504
18565 # 1504
18566 # 1504
18567 # 1504
18568 # 1504
18569 # 1504
18570 # 1504
18571 # 1504
18572 # 1504
18573 # 1504
18574 # 1504
18575 # 1504
18576 # 1504
18577 # 1504
18578 # 1504
18579 # 1504
18580 # 1504
18581 # 1504
18582 # 1504
18583 # 1504
18584 # 1504
18585 # 1504
18586 # 1504
18587 # 1504
18588 # 1504
18589 # 1504
18590 # 1504
18591 # 1504
18592 # 1504
18593 # 1504
18594 # 1504
18595 # 1504
18596 # 1504
18597 # 1504
18598 # 1504
18599 # 1504
18600 # 1504
18601 # 1504
18602 # 1504
18603 # 1504
18604 # 1504
18605 # 1504
18606 # 1504
18607 # 1504
18608 # 1504
18608 + 1500
18608 + 68
18608 + 1500
18608 + 68
18608 + 1500
18608 + 68
18608 + 1500
18608 + 68
18608 + 1500
18608 + 68
18608 + 1500
18608 + 68
18608 + 1500
18608 + 68
18608 + 1500
18608 + 68
18608 + 1500
18608 + 68
18608 + 1500
18608 + 68
18608 + 1500
18608 + 68
18608 + 1500
18608 + 68
18608 + 1500
18608 + 68
18608 + 1500
18608 + 68
18608 + 1500
18608 + 68
18608 + 1500
18608 + 68
18608 + 1500
18608 + 68
18608 + 1500
18608 + 68
18608 + 1500
18608 + 68
18608 + 1500
18608 + 68
18608 + 1500
18608 + 68
18608 + 1500
18608 + 68
18609 # 1504
18609 - 1500 1
18610 # 1504
18610 - 68 2
18611 # 1504
18611 - 1500 3
18611 - 68 3
18612 # 1504
18612 - 1500 4
18612 - 68 4
18613 # 1504
18613 - 1500 5
18613 - 68 5
18614 # 1504
18614 - 1500 6
18614 - 68 6
18615 # 1504
18615 - 1500 7
18615 - 68 7
18616 # 1504
18616 - 1500 8
18616 - 68 8
18617 # 1504
18617 - 1500 9
18617 - 68 9
18618 # 1504
18618 - 1500 10
18618 - 68 10
18619 # 1504
18619 - 1500 11
18619 - 68 11
18620 # 1504
18620 - 1500 12
18620 - 68 12
18621 # 1504
18621 - 1500 13
18621 - 68 13
18622 # 1504
18622 - 1500 14
18622 - 68 14
18623 # 1504
18623 - 1500 15
18623 - 68 15
18624 # 1504
18624 - 1500 16
18624 - 68 16
18625 # 1504
18625 - 1500 17
18625 - 68 17
18626 # 1504
18626 - 1500 18
18626 - 68 18
18627 # 1504
18627 - 1500 19
18627 - 68 19
18628 # 1504
18628 - 1500 20
18628 - 68 20
18628 + 1500
18628 + 68
18628 + 1500
18628 + 68
18628 + 1500
18628 + 68
18629 # 1504
18629 - 1500 21
18629 - 68 21
18629 + 1500
18629 + 68
18630 # 1504
18630 - 1500 22
18630 - 68 22
18630 + 1500
18630 + 68
18631 # 1504
18631 - 1500 23
18631 - 68 23
18632 # 1504
18632 - 1500 4
18632 - 68 4
18633 # 1504
18633 - 1500 5
18634 # 1504
18634 - 68 6
18635 # 1504
18635 - 1500 7
18635 - 68 7
18636 # 1504
18636 - 1500 7
18636 - 68 7
18637 # 1504
18637 - 1500 7
18637 - 68 7
18638 # 1504
18639 # 1504
18640 # 1504
18641 # 1504
18642 # 1504
18643 # 1504
18644 # 1504
18645 # 1504
18646 # 1504
18647 # 1504
18648 # 1504
18649 # 1504
18650 # 1504
18651 # 1504
18652 # 1504
18653 # 1504
18654 # 1504
18655 # 1504
18656 # 1504
18657 # 1504
18658 # 1504
18659 # 1504
18660 # 1504
18661 # 1504
18662 # 1504
18663 # 1504
18664 # 1504
18665 # 1504
18666 # 1504
18667 # 1504
18668 # 1504
18669 # 1504
18670 # 1504
18671 # 1504
18672 # 1504
18673 # 1504
18674 # 1504
18675 # 1504
18676 # 1504
18677 # 1504
18678 # 1504
18679 # 1504
18680 # 1504
18681 # 1504
18682 # 1504
18683 # 1504
18684 # 1504
18685 # 1504
18686 # 1504
18687 # 1504
18688 # 1504
18689 # 1504
18690 # 1504
18691 # 1504
18692 # 1504
18693 # 1504
18694 # 1504
18695 # 1504
18696 # 1504
18697 # 1504
18698 # 1504
18699 # 1504
18700 # 1504
18701 # 1504
18702 # 1504
18703 # 1504
18704 # 1504
18705 # 1504
18706 # 1504
18707 # 1504
18708 # 1504
18709 # 1504
18710 # 1504
18711 # 1504
18712 # 1504
18713 # 1504
18714 # 1504
18715 # 1504
18716 # 1504
18717 # 1504
18718 # 1504
18719 # 1504
18720 # 1504
18720 + 1500
18720 + 68
18720 + 1500
18720 + 68
18720 + 1500
18720 + 68
18720 + 1500
18720 + 68
18720 + 1500
18720 + 68
18720 + 1500
18720 + 68
18720 + 1500
18720 + 68
18720 + 1500
18720 + 68
18720 + 1500
18720 + 68
18720 + 1500
18720 + 68
18720 + 1500
18720 + 68
18720 + 1500
18720 + 68
18720 + 1500
18720 + 68
18720 + 1500
18720 + 68
18720 + 1500
18720 + 68
18720 + 1500
18720 + 68
18720 + 1500
18720 + 68
18720 + 1500
18720 + 68
18720 + 1500
18720 + 68
18720 + 1500
18720 + 68
18720 + 1500
18720 + 68
18720 + 1500
18720 + 68
18720 + 1500
18720 + 68
18720 + 1500
18720 + 68
18720 + 1500
18720 + 68
18721 # 1504
18721 - 1500 1
18722 # 1504
18722 - 68 2
18723 # 1504
18723 - 1500 3
18723 - 68 3
18724 # 1504
18724 - 1500 4
18724 - 68 4
18724 + 1500
18724 + 68
18725 # 1504
18725 - 1500 5
18725 - 68 5
18726 # 1504
18726 - 1500 6
18726 - 68 6
18727 # 1504
18727 - 1500 7
18727 - 68 7
18728 # 1504
18728 - 1500 8
18728 - 68 8
18729 # 1504
18729 - 1500 9
18729 - 68 9
18729 + 1500
18729 + 68
18730 # 1504
18730 - 1500 10
18730 - 68 10
18731 # 1504
18731 - 1500 11
18731 - 68 11
18732 # 1504
18732 - 1500 12
18732 - 68 12
18733 # 1504
18733 - 1500 13
18733 - 68 13
18734 # 1504
18734 - 1500 14
18734 - 68 14
18735 # 1504
18735 - 1500 15
18735 - 68 15
18736 # 1504
18736 - 1500 16
18736 - 68 16
18737 # 1504
18737 - 1500 17
18737 - 68 17
18738 # 1504
18738 - 1500 18
18738 - 68 18
18739 # 1504
18739 - 1500 19
18739 - 68 19
18740 # 1504
18740 - 1500 20
18740 - 68 20
18741 # 1504
18741 - 1500 21
18741 - 68 21
18742 # 1504
18742 - 1500 22
18742 - 68 22
18743 # 1504
18743 - 1500 23
18743 - 68 23
18744 # 1504
18744 - 1500 24
18744 - 68 24
18745 # 1504
18745 - 1500 25
18746 # 1504
18746 - 68 26
18747 # 1504
18747 - 1500 27
18747 - 68 27
18748 # 1504
18748 - 1500 24
18748 - 68 24
18749 # 1504
18749 - 1500 20
18749 - 68 20
18750 # 1504
18751 # 1504
18752 # 1504
18753 # 1504
18754 # 1504
18755 # 1504
18756 # 1504
18757 # 1504
18758 # 1504
18759 # 1504
18760 # 1504
18761 # 1504
18762 # 1504
18763 # 1504
18764 # 1504
18765 # 1504
18766 # 1504
18767 # 1504
18768 # 1504
18769 # 1504
18770 # 1504
18771 # 1504
18772 # 1504
18773 # 1504
18774 # 1504
18775 # 1504
18776 # 1504
18777 # 1504
18778 # 1504
18779 # 1504
18780 # 1504
18781 # 1504
18782 # 1504
18783 # 1504
18784 # 1504
18785 # 1504
18785 + 1500
18785 + 68
18785 + 1500
18785 + 68
18785 + 1500
18785 + 68
18785 + 1500
18785 + 68
18785 + 1500
18785 + 68
18785 + 1500
18785 + 68
18785 + 1500
18785 + 68
18785 + 1500
18785 + 68
18785 + 1500
18785 + 68
18785 + 1500
18785 + 68
18785 + 1500
18785 + 68
18785 + 1500
18785 + 68
18786 # 1504
18786 - 1500 1
18787 # 1504
18787 - 68 2
18788 # 1504
18788 - 1500 3
18788 - 68 3
18789 # 1504
18789 - 1500 4
18789 - 68 4
18789 + 1500
18789 + 68
18790 # 1504
18790 - 1500 5
18790 - 68 5
18791 # 1504
18791 - 1500 6
18791 - 68 6
18792 # 1504
18792 - 1500 7
18792 - 68 7
18793 # 1504
18793 - 1500 8
18793 - 68 8
18793 + 1500
18793 + 68
18794 # 1504
18794 - 1500 9
18794 - 68 9
18795 # 1504
18795 - 1500 10
18795 - 68 10
18796 # 1504
18796 - 1500 11
18796 - 68 11
18797 # 1504
18797 - 1500 12
18797 - 68 12
18797 + 1500
18797 + 68
18798 # 1504
18798 - 1500 13
18798 - 68 13
18799 # 1504
18799 - 1500 10
18799 - 68 10
18800 # 1504
18800 - 1500 7
18800 - 68 7
18800 + 1500
18800 + 68
18801 # 1504
18801 - 1500 4
18801 - 68 4
18802 # 1504
18802 - 1500 2
18802 - 68 2
18803 # 1504
18804 # 1504
18805 # 1504
18806 # 1504
18807 # 1504
18808 # 1504
18809 # 1504
18809 + 1500
18809 + 68
18809 + 1500
18809 + 68
18810 # 1504
18810 - 1500 1
18811 # 1504
18811 - 68 2
18811 + 1500
18811 + 68
18812 # 1504
18812 - 1500 3
18812 - 68 3
18813 # 1504
18813 - 1500 2
18813 - 68 2
18814 # 1504
18815 # 1504
18815 + 1500
18815 + 68
18816 # 1504
18816 - 1500 1
18817 # 1504
18817 - 68 2
18818 # 1504
18818 + 1500
18818 + 68
18819 # 1504
18819 - 1500 1
18820 # 1504
18820 - 68 2
18820 + 1500
18820 + 68
18821 # 1504
18821 - 1500 1
18822 # 1504
18822 - 68 2
18823 # 1504
18824 # 1504
18824 + 1500
18824 + 68
18825 # 1504
18825 - 1500 1
18826 # 1504
18826 - 68 2
18827 # 1504
18828 # 1504
18828 + 1500
18828 + 68
18829 # 1504
18829 - 1500 1
18830 # 1504
18830 - 68 2
18831 # 1504
18832 # 1504
18832 + 1500
18832 + 68
18833 # 1504
18833 - 1500 1
18834 # 1504
18834 - 68 2
18835 # 1504
18835 + 1500
18835 + 68
18836 # 1504
18836 - 1500 1
18837 # 1504
18837 - 68 2
18838 # 1504
18839 # 1504
18840 # 1504
18841 # 1504
18842 # 1504
18843 # 1504
18844 # 1504
18845 # 1504
18846 # 1504
18847 # 1504
18848 # 1504
18849 # 1504
18850 # 1504
18851 # 1504
18852 # 1504
18853 # 1504
18854 # 1504
18855 # 1504
18856 # 1504
18857 # 1504
18858 # 1504
18859 # 1504
18860 # 1504
18861 # 1504
18862 # 1504
18863 # 1504
18863 + 1500
18863 + 68
18863 + 1500
18863 + 68
18863 + 1500
18863 + 68
18863 + 1500
18863 + 68
18863 + 1500
18863 + 68
18864 # 1504
18864 - 1500 1
18864 + 1500
18864 + 68
18865 # 1504
18865 - 68 2
18866 # 1504
18866 - 1500 3
18866 - 68 3
18867 # 1504
18867 - 1500 4
18867 - 68 4
18868 # 1504
18868 - 1500 5
18868 - 68 5
18869 # 1504
18869 - 1500 6
18869 - 68 6
18869 + 1500
18869 + 68
18870 # 1504
18870 - 1500 6
18870 - 68 6
18871 # 1504
18871 - 1500 2
18871 - 68 2
18872 # 1504
18873 # 1504
18874 # 1504
18874 + 1500
18874 + 68
18875 # 1504
18875 - 1500 1
18876 # 1504
18876 - 68 2
18877 # 1504
18878 # 1504
18879 # 1504
18879 + 1500
18879 + 68
18880 # 1504
18880 - 1500 1
18881 # 1504
18881 - 68 2
18882 # 1504
18883 # 1504
18883 + 1500
18883 + 68
18884 # 1504
18884 - 1500 1
18885 # 1504
18885 - 68 2
18886 # 1504
18887 # 1504
18888 # 1504
18889 # 1504
18890 # 1504
18890 + 1500
18890 + 68
18891 # 1504
18891 - 1500 1
18892 # 1504
18892 - 68 2
18893 # 1504
18893 + 1500
18893 + 68
18894 # 1504
18894 - 1500 1
18895 # 1504
18895 - 68 2
18896 # 1504
18897 # 1504
18898 # 1504
18898 + 1500
18898 + 68
18899 # 1504
18899 - 1500 1
18900 # 1504
18900 - 68 2
18901 # 1504
18902 # 1504
18903 # 1504
18903 + 1500
18903 + 68
18904 # 1504
18904 - 1500 1
18905 # 1504
18905 - 68 2
18906 # 1504
18907 # 1504
18907 + 1500
18907 + 68
18908 # 1504
18908 - 1500 1
18909 # 1504
18909 - 68 2
18910 # 1504
18910 + 1500
18910 + 68
18911 # 1504
18911 - 1500 1
18912 # 1504
18912 - 68 2
18913 # 1504
18913 + 1500
18913 + 68
18914 # 1504
18914 - 1500 1
18915 # 1504
18915 - 68 2
18916 # 1504
18916 + 1500
18916 + 68
18917 # 1504
18917 - 1500 1
18918 # 1504
18918 - 68 2
18919 # 1504
18920 # 1504
18921 # 1504
18921 + 1500
18921 + 68
18922 # 1504
18922 - 1500 1
18923 # 1504
18923 - 68 2
18924 # 1504
18925 # 1504
18925 + 1500
18925 + 68
18926 # 1504
18926 - 1500 1
18927 # 1504
18927 - 68 2
18928 # 1504
18929 # 1504
18930 # 1504
18931 # 1504
18931 + 1500
18931 + 68
18932 # 1504
18932 - 1500 1
18933 # 1504
18933 - 68 2
18934 # 1504
18935 # 1504
18935 + 1500
18935 + 68
18936 # 1504
18936 - 1500 1
18937 # 1504
18937 - 68 2
18938 # 1504
18939 # 1504
18940 # 1504
18940 + 1500
18940 + 68
18941 # 1504
18941 - 1500 1
18942 # 1504
18942 - 68 2
18943 # 1504
18943 + 1500
18943 + 68
18944 # 1504
18944 - 1500 1
18945 # 1504
18945 - 68 2
18945 + 1500
18945 + 68
18946 # 1504
18946 - 1500 1
18947 # 1504
18947 - 68 2
18948 # 1504
18948 + 1500
18948 + 68
18949 # 1504
18949 - 1500 1
18950 # 1504
18950 - 68 2
18951 # 1504
18951 + 1500
18951 + 68
18952 # 1504
18952 - 1500 1
18953 # 1504
18953 - 68 2
18954 # 1504
18954 + 1500
18954 + 68
18955 # 1504
18955 - 1500 1
18956 # 1504
18956 - 68 2
18957 # 1504
18958 # 1504
18959 # 1504
18960 # 1504
18961 # 1504
18962 # 1504
18963 # 1504
18964 # 1504
18965 # 1504
18966 # 1504
18967 # 1504
18968 # 1504
18969 # 1504
18970 # 1504
18971 # 1504
18972 # 1504
18973 # 1504
18974 # 1504
18975 # 1504
18976 # 1504
18977 # 1504
18978 # 1504
18979 # 1504
18980 # 1504
18980 + 1500
18980 + 68
18980 + 1500
18980 + 68
18980 + 1500
18980 + 68
18980 + 1500
18980 + 68
18980 + 1500
18980 + 68
18980 + 1500
18980 + 68
18980 + 1500
18980 + 68
18980 + 1500
18980 + 68
18980 + 1500
18980 + 68
18981 # 1504
18981 - 1500 1
18982 # 1504
18982 - 68 2
18983 # 1504
18983 - 1500 3
18983 - 68 3
18983 + 1500
18983 + 68
18984 # 1504
18984 - 1500 4
18984 - 68 4
18985 # 1504
18985 - 1500 5
18985 - 68 5
18986 # 1504
18986 - 1500 6
18986 - 68 6
18987 # 1504
18987 - 1500 7
18987 - 68 7
18987 + 1500
18987 + 68
18988 # 1504
18988 - 1500 8
18988 - 68 8
18989 # 1504
18989 - 1500 9
18989 - 68 9
18990 # 1504
18990 - 1500 10
18990 - 68 10
18991 # 1504
18991 - 1500 8
18991 - 68 8
18992 # 1504
18992 - 1500 5
18992 - 68 5
18992 + 1500
18992 + 68
18993 # 1504
18993 - 1500 1
18994 # 1504
18994 - 68 2
18995 # 1504
18996 # 1504
18996 + 1500
18996 + 68
18997 # 1504
18997 - 1500 1
18998 # 1504
18998 - 68 2
18999 # 1504
19000 # 1504
19000 + 1500
19000 + 68
19001 # 1504
19001 - 1500 1
19002 # 1504
19002 - 68 2
19003 # 1504
19003 + 1500
19003 + 68
19004 # 1504
19004 - 1500 1
19005 # 1504
19005 - 68 2
19006 # 1504
19007 # 1504
19007 + 1500
19007 + 68
19008 # 1504
19008 - 1500 1
19009 # 1504
19009 - 68 2
19009 + 1500
19009 + 68
19010 # 1504
19010 - 1500 1
19011 # 1504
19011 - 68 2
19012 # 1504
19013 # 1504
19014 # 1504
19014 + 1500
19014 + 68
19015 # 1504
19015 - 1500 1
19016 # 1504
19016 - 68 2
19017 # 1504
19018 # 1504
19019 # 1504
19020 # 1504
19021 # 1504
19021 + 1500
19021 + 68
19022 # 1504
19022 - 1500 1
19023 # 1504
19023 - 68 2
19024 # 1504
19025 # 1504
19026 # 1504
19027 # 1504
19028 # 1504
19029 # 1504
19030 # 1504
19031 # 1504
19032 # 1504
19032 + 1500
19032 + 68
19032 + 1500
19032 + 68
19033 # 1504
19033 - 1500 1
19033 + 1500
19033 + 68
19034 # 1504
19034 - 68 2
19035 # 1504
19035 - 1500 3
19035 - 68 3
19036 # 1504
19036 - 1500 3
19036 - 68 3
19037 # 1504
19038 # 1504
19039 # 1504
19040 # 1504
19040 + 1500
19040 + 68
19041 # 1504
19041 - 1500 1
19042 # 1504
19042 - 68 2
19043 # 1504
19043 + 1500
19043 + 68
19044 # 1504
19044 - 1500 1
19045 # 1504
19045 - 68 2
19046 # 1504
19047 # 1504
19048 # 1504
19049 # 1504
19050 # 1504
19051 # 1504
19052 # 1504
19053 # 1504
19054 # 1504
19055 # 1504
19056 # 1504
19057 # 1504
19057 + 1500
19057 + 68
19057 + 1500
19057 + 68
19057 + 1500
19057 + 68
19058 # 1504
19058 - 1500 1
19059 # 1504
19059 - 68 2
19060 # 1504
19060 - 1500 3
19060 - 68 3
19061 # 1504
19061 - 1500 4
19061 - 68 4
19062 # 1504
19062 + 1500
19062 + 68
19063 # 1504
19063 - 1500 1
19064 # 1504
19064 - 68 2
19065 # 1504
19066 # 1504
19067 # 1504
19068 # 1504
19069 # 1504
19070 # 1504
19071 # 1504
19072 # 1504
19073 # 1504
19074 # 1504
19075 # 1504
19076 # 1504
19077 # 1504
19078 # 1504
19079 # 1504
19080 # 1504
19081 # 1504
19082 # 1504
19082 + 1500
19082 + 68
19082 + 1500
19082 + 68
19082 + 1500
19082 + 68
19082 + 1500
19082 + 68
19083 # 1504
19083 - 1500 1
19084 # 1504
19084 - 68 2
19085 # 1504
19085 - 1500 3
19085 - 68 3
19086 # 1504
19086 - 1500 4
19086 - 68 4
19086 + 1500
19086 + 68
19087 # 1504
19087 - 1500 5
19087 - 68 5
19088 # 1504
19088 - 1500 2
19088 - 68 2
19089 # 1504
19090 # 1504
19091 # 1504
19091 + 1500
19091 + 68
19092 # 1504
19092 - 1500 1
19093 # 1504
19093 - 68 2
19094 # 1504
19095 # 1504
19096 # 1504
19096 + 1500
19096 + 68
19097 # 1504
19097 - 1500 1
19098 # 1504
19098 - 68 2
19099 # 1504
19100 # 1504
19101 # 1504
19102 # 1504
19103 # 1504
19103 + 1500
19103 + 68
19104 # 1504
19104 - 1500 1
19105 # 1504
19105 - 68 2
19105 + 1500
19105 + 68
19106 # 1504
19106 - 1500 1
19107 # 1504
19107 - 68 2
19108 # 1504
19109 # 1504
19110 # 1504
19111 # 1504
19111 + 1500
19111 + 68
19112 # 1504
19112 - 1500 1
19113 # 1504
19113 - 68 2
19114 # 1504
19115 # 1504
19116 # 1504
19117 # 1504
19118 # 1504
19119 # 1504
19120 # 1504
19121 # 1504
19122 # 1504
19123 # 1504
19124 # 1504
19125 # 1504
19126 # 1504
19127 # 1504
19128 # 1504
19129 # 1504
19130 # 1504
19131 # 1504
19132 # 1504
19133 # 1504
19134 # 1504
19135 # 1504
19136 # 1504
19136 + 1500
19136 + 68
19136 + 1500
19136 + 68
19136 + 1500
19136 + 68
19136 + 1500
19136 + 68
19136 + 1500
19136 + 68
19137 # 1504
19137 - 1500 1
19138 # 1504
19138 - 68 2
19139 # 1504
19139 - 1500 3
19139 - 68 3
19140 # 1504
19140 - 1500 4
19140 - 68 4
19141 # 1504
19141 - 1500 5
19141 - 68 5
19142 # 1504
19142 - 1500 6
19142 - 68 6
19143 # 1504
19144 # 1504
19145 # 1504
19146 # 1504
19147 # 1504
19148 # 1504
19149 # 1504
19150 # 1504
19151 # 1504
19152 # 1504
19153 # 1504
19154 # 1504
19155 # 1504
19155 + 1500
19155 + 68
19155 + 1500
19155 + 68
19155 + 1500
19155 + 68
19155 + 1500
19155 + 68
19156 # 1504
19156 - 1500 1
19157 # 1504
19157 - 68 2
19158 # 1504
19158 - 1500 3
19158 - 68 3
19158 + 1500
19158 + 68
19159 # 1504
19159 - 1500 4
19159 - 68 4
19160 # 1504
19160 - 1500 5
19160 - 68 5
19161 # 1504
19161 - 1500 3
19161 - 68 3
19162 # 1504
19162 + 1500
19162 + 68
19163 # 1504
19163 - 1500 1
19164 # 1504
19164 - 68 2
19165 # 1504
19166 # 1504
19167 # 1504
19168 # 1504
19168 + 1500
19168 + 68
19169 # 1504
19169 - 1500 1
19170 # 1504
19170 - 68 2
19171 # 1504
19172 # 1504
19173 # 1504
19174 # 1504
19175 # 1504
19176 # 1504
19177 # 1504
19177 + 1500
19177 + 68
19177 + 1500
19177 + 68
19178 # 1504
19178 - 1500 1
19179 # 1504
19179 - 68 2
19180 # 1504
19180 - 1500 3
19180 - 68 3
19181 # 1504
19182 # 1504
19183 # 1504
19183 + 1500
19183 + 68
19184 # 1504
19184 - 1500 1
19185 # 1504
19185 - 68 2
19186 # 1504
19186 + 1500
19186 + 68
19187 # 1504
19187 - 1500 1
19188 # 1504
19188 - 68 2
19189 # 1504
19190 # 1504
19191 # 1504
19192 # 1504
19193 # 1504
19193 + 1500
19193 + 68
19194 # 1504
19194 - 1500 1
19195 # 1504
19195 - 68 2
19196 # 1504
19197 # 1504
19198 # 1504
19198 + 1500
19198 + 68
19199 # 1504
19199 - 1500 1
19200 # 1504
19200 - 68 2
19201 # 1504
19202 # 1504
19203 # 1504
19203 + 1500
19203 + 68
19204 # 1504
19204 - 1500 1
19205 # 1504
19205 - 68 2
19206 # 1504
19206 + 1500
19206 + 68
19207 # 1504
19207 - 1500 1
19208 # 1504
19208 - 68 2
19209 # 1504
19210 # 1504
19211 # 1504
19212 # 1504
19213 # 1504
19214 # 1504
19215 # 1504
19216 # 1504
19217 # 1504
19218 # 1504
19219 # 1504
19220 # 1504
19221 # 1504
19222 # 1504
19223 # 1504
19224 # 1504
19225 # 1504
19226 # 1504
19227 # 1504
19228 # 1504
19229 # 1504
19230 # 1504
19231 # 1504
19232 # 1504
19233 # 1504
19234 # 1504
19235 # 1504
19236 # 1504
19237 # 1504
19238 # 1504
19239 # 1504
19240 # 1504
19241 # 1504
19242 # 1504
19243 # 1504
19244 # 1504
19245 # 1504
19246 # 1504
19247 # 1504
19248 # 1504
19249 # 1504
19250 # 1504
19251 # 1504
19252 # 1504
19253 # 1504
19253 + 1500
19253 + 68
19253 + 1500
19253 + 68
19253 + 1500
19253 + 68
19253 + 1500
19253 + 68
19253 + 1500
19253 + 68
19253 + 1500
19253 + 68
19253 + 1500
19253 + 68
19253 + 1500
19253 + 68
19253 + 1500
19253 + 68
19254 # 1504
19254 - 1500 1
19254 + 1500
19254 + 68
19255 # 1504
19255 - 68 2
19256 # 1504
19256 - 1500 3
19256 - 68 3
19257 # 1504
19257 - 1500 4
19257 - 68 4
19258 # 1504
19258 - 1500 5
19258 - 68 5
19259 # 1504
19259 - 1500 6
19259 - 68 6
19260 # 1504
19260 - 1500 7
19260 - 68 7
19261 # 1504
19261 - 1500 8
19261 - 68 8
19262 # 1504
19262 - 1500 9
19262 - 68 9
19263 # 1504
19263 - 1500 10
19263 - 68 10
19264 # 1504
19264 - 1500 10
19264 - 68 10
19265 # 1504
19266 # 1504
19267 # 1504
19268 # 1504
19269 # 1504
19270 # 1504
19271 # 1504
19272 # 1504
19273 # 1504
19274 # 1504
19275 # 1504
19276 # 1504
19277 # 1504
19278 # 1504
19279 # 1504
19280 # 1504
19281 # 1504
19282 # 1504
19283 # 1504
19284 # 1504
19285 # 1504
19286 # 1504
19287 # 1504
19288 # 1504
19289 # 1504
19290 # 1504
19291 # 1504
19292 # 1504
19293 # 1504
19294 # 1504
19295 # 1504
19296 # 1504
19297 # 1504
19298 # 1504
19299 # 1504
19300 # 1504
19301 # 1504
19302 # 1504
19303 # 1504
19304 # 1504
19305 # 1504
19306 # 1504
19307 # 1504
19308 # 1504
19309 # 1504
19310 # 1504
19311 # 1504
19312 # 1504
19313 # 1504
19314 # 1504
19315 # 1504
19316 # 1504
19317 # 1504
19318 # 1504
19319 # 1504
19320 # 1504
19321 # 1504
19322 # 1504
19323 # 1504
19324 # 1504
19325 # 1504
19326 # 1504
19327 # 1504
19328 # 1504
19329 # 1504
19330 # 1504
19331 # 1504
19332 # 1504
19333 # 1504
19334 # 1504
19335 # 1504
19336 # 1504
19337 # 1504
19338 # 1504
19339 # 1504
19340 # 1504
19341 # 1504
19342 # 1504
19343 # 1504
19344 # 1504
19345 # 1504
19346 # 1504
19347 # 1504
19348 # 1504
19349 # 1504
19350 # 1504
19351 # 1504
19352 # 1504
19353 # 1504
19354 # 1504
19355 # 1504
19356 # 1504
19357 # 1504
19358 # 1504
19359 # 1504
19360 # 1504
19361 # 1504
19362 # 1504
19363 # 1504
19364 # 1504
19364 + 1500
19364 + 68
19364 + 1500
19364 + 68
19364 + 1500
19364 + 68
19364 + 1500
19364 + 68
19364 + 1500
19364 + 68
19364 + 1500
19364 + 68
19364 + 1500
19364 + 68
19364 + 1500
19364 + 68
19364 + 1500
19364 + 68
19364 + 1500
19364 + 68
19364 + 1500
19364 + 68
19364 + 1500
19364 + 68
19364 + 1500
19364 + 68
19364 + 1500
19364 + 68
19364 + 1500
19364 + 68
19364 + 1500
19364 + 68
19364 + 1500
19364 + 68
19364 + 1500
19364 + 68
19364 + 1500
19364 + 68
19364 + 1500
19364 + 68
19364 + 1500
19364 + 68
19364 + 1500
19364 + 68
19364 + 1500
19364 + 68
19365 # 1504
19365 - 1500 1
19366 # 1504
19366 - 68 2
19367 # 1504
19367 - 1500 3
19367 - 68 3
19368 # 1504
19368 - 1500 4
19368 - 68 4
19369 # 1504
19369 - 1500 5
19369 - 68 5
19370 # 1504
19370 - 1500 6
19370 - 68 6
19371 # 1504
19371 - 1500 7
19371 - 68 7
19372 # 1504
19372 - 1500 8
19372 - 68 8
19373 # 1504
19373 - 1500 9
19373 - 68 9
19374 # 1504
19374 - 1500 10
19374 - 68 10
19375 # 1504
19375 - 1500 11
19375 - 68 11
19376 # 1504
19376 - 1500 12
19376 - 68 12
19377 # 1504
19377 - 1500 13
19377 - 68 13
19378 # 1504
19378 - 1500 14
19378 - 68 14
19379 # 1504
19379 - 1500 15
19379 - 68 15
19380 # 1504
19380 - 1500 16
19380 - 68 16
19381 # 1504
19381 - 1500 17
19381 - 68 17
19382 # 1504
19382 - 1500 18
19382 - 68 18
19383 # 1504
19383 - 1500 19
19383 - 68 19
19384 # 1504
19384 - 1500 20
19384 - 68 20
19385 # 1504
19385 - 1500 21
19385 - 68 21
19386 # 1504
19386 - 1500 22
19386 - 68 22
19387 # 1504
19387 - 1500 23
19387 - 68 23
19388 # 1504
19388 - 1500 24
19388 - 68 24
19389 # 1504
19390 # 1504
19391 # 1504
19392 # 1504
19393 # 1504
19394 # 1504
19395 # 1504
19396 # 1504
19397 # 1504
19398 # 1504
19399 # 1504
19400 # 1504
19401 # 1504
19402 # 1504
19403 # 1504
19404 # 1504
19405 # 1504
19406 # 1504
19407 # 1504
19408 # 1504
19409 # 1504
19410 # 1504
19411 # 1504
19411 + 1500
19411 + 68
19411 + 1500
19411 + 68
19411 + 1500
19411 + 68
19412 # 1504
19412 - 1500 1
19413 # 1504
19413 - 68 2
19414 # 1504
19414 - 1500 3
19414 - 68 3
19415 # 1504
19415 - 1500 4
19415 - 68 4
19416 # 1504
19417 # 1504
19418 # 1504
19419 # 1504
19420 # 1504
19421 # 1504
19422 # 1504
19423 # 1504
19424 # 1504
19425 # 1504
19426 # 1504
19427 # 1504
19428 # 1504
19429 # 1504
19430 # 1504
19431 # 1504
19432 # 1504
19433 # 1504
19434 # 1504
19435 # 1504
19436 # 1504
19437 # 1504
19438 # 1504
19439 # 1504
19440 # 1504
19441 # 1504
19442 # 1504
19443 # 1504
19444 # 1504
19445 # 1504
19446 # 1504
19447 # 1504
19448 # 1504
19449 # 1504
19450 # 1504
19451 # 1504
19452 # 1504
19453 # 1504
19454 # 1504
19455 # 1504
19456 # 1504
19457 # 1504
19458 # 1504
19459 # 1504
19460 # 1504
19461 # 1504
19462 # 1504
19463 # 1504
19464 # 1504
19465 # 1504
19466 # 1504
19467 # 1504
19468 # 1504
19469 # 1504
19470 # 1504
19471 # 1504
19472 # 1504
19473 # 1504
19474 # 1504
19475 # 1504
19476 # 1504
19477 # 1504
19478 # 1504
19479 # 1504
19480 # 1504
19481 # 1504
19482 # 1504
19483 # 1504
19484 # 1504
19485 # 1504
19486 # 1504
19487 # 1504
19488 # 1504
19489 # 1504
19490 # 1504
19491 # 1504
19492 # 1504
19492 + 1500
19492 + 68
19492 + 1500
19492 + 68
19492 + 1500
19492 + 68
19492 + 1500
19492 + 68
19492 + 1500
19492 + 68
19492 + 1500
19492 + 68
19492 + 1500
19492 + 68
19492 + 1500
19492 + 68
19492 + 1500
19492 + 68
19492 + 1500
19492 + 68
19493 # 1504
19493 - 1500 1
19493 + 1500
19493 + 68
19494 # 1504
19494 - 68 2
19495 # 1504
19495 - 1500 3
19495 - 68 3
19496 # 1504
19496 - 1500 4
19496 - 68 4
19497 # 1504
19497 - 1500 5
19497 - 68 5
19498 # 1504
19498 - 1500 6
19498 - 68 6
19498 + 1500
19498 + 68
19499 # 1504
19499 - 1500 7
19499 - 68 7
19500 # 1504
19500 - 1500 8
19500 - 68 8
19501 # 1504
19501 - 1500 9
19501 - 68 9
19502 # 1504
19502 - 1500 10
19502 - 68 10
19503 # 1504
19503 - 1500 11
19503 - 68 11
19504 # 1504
19504 - 1500 11
19504 - 68 11
19505 # 1504
19505 - 1500 7
19505 - 68 7
19506 # 1504
19507 # 1504
19508 # 1504
19509 # 1504
19510 # 1504
19511 # 1504
19512 # 1504
19513 # 1504
19514 # 1504
19515 # 1504
19516 # 1504
19517 # 1504
19518 # 1504
19519 # 1504
19520 # 1504
19521 # 1504
19522 # 1504
19523 # 1504
19524 # 1504
19525 # 1504
19526 # 1504
19527 # 1504
19528 # 1504
19529 # 1504
19530 # 1504
19531 # 1504
19532 # 1504
19533 # 1504
19534 # 1504
19535 # 1504
19536 # 1504
19537 # 1504
19538 # 1504
19539 # 1504
19540 # 1504
19541 # 1504
19542 # 1504
19543 # 1504
19544 # 1504
19545 # 1504
19546 # 1504
19547 # 1504
19548 # 1504
19549 # 1504
19550 # 1504
19551 # 1504
19552 # 1504
19553 # 1504
19554 # 1504
19555 # 1504
19556 # 1504
19557 # 1504
19558 # 1504
19559 # 1504
19560 # 1504
19561 # 1504
19562 # 1504
19563 # 1504
19564 # 1504
19565 # 1504
19566 # 1504
19567 # 1504
19568 # 1504
19569 # 1504
19570 # 1504
19571 # 1504
19572 # 1504
19573 # 1504
19574 # 1504
19575 # 1504
19576 # 1504
19577 # 1504
19578 # 1504
19579 # 1504
19580 # 1504
19581 # 1504
19582 # 1504
19583 # 1504
19584 # 1504
19585 # 1504
19586 # 1504
19587 # 1504
19588 # 1504
19589 # 1504
19590 # 1504
19591 # 1504
19592 # 1504
19593 # 1504
19594 # 1504
19595 # 1504
19596 # 1504
19597 # 1504
19598 # 1504
19599 # 1504
19600 # 1504
19601 # 1504
19602 # 1504
19603 # 1504
19604 # 1504
19605 # 1504
19606 # 1504
19607 # 1504
19608 # 1504
19608 + 1500
19608 + 68
19608 + 1500
19608 + 68
19608 + 1500
19608 + 68
19608 + 1500
19609 # 1504
19609 - 1500 1
19609 + 68
19609 + 1500
19609 + 68
19609 + 1500
19609 + 68
19609 + 1500
19609 + 68
19609 + 1500
19609 + 68
19609 + 1500
19609 + 68
19609 + 1500
19609 + 68
19609 + 1500
19609 + 68
19609 + 1500
19609 + 68
19609 + 1500
19609 + 68
19609 + 1500
19609 + 68
19609 + 1500
19609 + 68
19609 + 1500
19609 + 68
19609 + 1500
19609 + 68
19609 + 1500
19609 + 68
19609 + 1500
19609 + 68
19609 + 1500
19609 + 68
19609 + 1500
19609 + 68
19609 + 1500
19609 + 68
19609 + 1500
19609 + 68
19610 # 1504
19610 - 68 2
19611 # 1504
19611 - 1500 3
19611 - 68 3
19612 # 1504
19612 - 1500 4
19612 - 68 4
19613 # 1504
19613 - 1500 5
19613 - 68 4
19613 + 1500
19613 + 68
19614 # 1504
19614 - 1500 5
19614 - 68 5
19615 # 1504
19615 - 1500 6
19615 - 68 6
19616 # 1504
19616 - 1500 7
19616 - 68 7
19617 # 1504
19617 - 1500 8
19617 - 68 8
19618 # 1504
19618 - 1500 9
19618 - 68 9
19618 + 1500
19618 + 68
19619 # 1504
19619 - 1500 10
19619 - 68 10
19620 # 1504
19620 - 1500 11
19620 - 68 11
19621 # 1504
19621 - 1500 12
19621 - 68 12
19622 # 1504
19622 - 1500 13
19622 - 68 13
19623 # 1504
19623 - 1500 14
19623 - 68 14
19624 # 1504
19624 - 1500 15
19624 - 68 15
19625 # 1504
19625 - 1500 16
19625 - 68 16
19626 # 1504
19626 - 1500 17
19626 - 68 17
19627 # 1504
19627 - 1500 18
19627 - 68 18
19628 # 1504
19628 - 1500 19
19628 - 68 19
19629 # 1504
19629 - 1500 20
19629 - 68 20
19630 # 1504
19630 - 1500 21
19630 - 68 21
19631 # 1504
19631 - 1500 22
19631 - 68 22
19632 # 1504
19632 - 1500 23
19632 - 68 23
19633 # 1504
19633 - 1500 20
19634 # 1504
19634 - 68 21
19635 # 1504
19635 - 1500 17
19635 - 68 17
19636 # 1504
19637 # 1504
19638 # 1504
19639 # 1504
19640 # 1504
19641 # 1504
19642 # 1504
19643 # 1504
19644 # 1504
19645 # 1504
19646 # 1504
19647 # 1504
19648 # 1504
19649 # 1504
19650 # 1504
19651 # 1504
19652 # 1504
19653 # 1504
19654 # 1504
19655 # 1504
19656 # 1504
19657 # 1504
19658 # 1504
19659 # 1504
19660 # 1504
19661 # 1504
19662 # 1504
19663 # 1504
19664 # 1504
19665 # 1504
19666 # 1504
19667 # 1504
19668 # 1504
19669 # 1504
19670 # 1504
19671 # 1504
19672 # 1504
19673 # 1504
19674 # 1504
19675 # 1504
19676 # 1504
19677 # 1504
19678 # 1504
19679 # 1504
19680 # 1504
19681 # 1504
19682 # 1504
19683 # 1504
19684 # 1504
19685 # 1504
19686 # 1504
19687 # 1504
19688 # 1504
19689 # 1504
19690 # 1504
19691 # 1504
19692 # 1504
19693 # 1504
19694 # 1504
19695 # 1504
19696 # 1504
19697 # 1504
19698 # 1504
19699 # 1504
19700 # 1504
19701 # 1504
19702 # 1504
19703 # 1504
19704 # 1504
19705 # 1504
19706 # 1504
19707 # 1504
19708 # 1504
19709 # 1504
19710 # 1504
19711 # 1504
19711 + 1500
19711 + 68
19711 + 1500
19711 + 68
19711 + 1500
19711 + 68
19711 + 1500
19711 + 68
19711 + 1500
19711 + 68
19711 + 1500
19711 + 68
19711 + 1500
19711 + 68
19711 + 1500
19711 + 68
19711 + 1500
19711 + 68
19711 + 1500
19711 + 68
19711 + 1500
19711 + 68
19711 + 1500
19711 + 68
19711 + 1500
19711 + 68
19711 + 1500
19711 + 68
19711 + 1500
19711 + 68
19711 + 1500
19711 + 68
19711 + 1500
19711 + 68
19711 + 1500
19711 + 68
19711 + 1500
19711 + 68
19712 # 1504
19712 - 1500 1
19713 # 1504
19713 - 68 2
19714 # 1504
19714 - 1500 3
19714 - 68 3
19715 # 1504
19715 - 1500 4
19715 - 68 4
19716 # 1504
19716 - 1500 5
19716 - 68 5
19716 + 1500
19716 + 68
19717 # 1504
19717 - 1500 6
19717 - 68 6
19718 # 1504
19718 - 1500 7
19718 - 68 7
19719 # 1504
19719 - 1500 8
19719 - 68 8
19720 # 1504
19720 - 1500 9
19720 - 68 9
19720 + 1500
19720 + 68
19721 # 1504
19721 - 1500 10
19721 - 68 10
19722 # 1504
19722 - 1500 11
19722 - 68 11
19723 # 1504
19723 - 1500 12
19723 - 68 12
19724 # 1504
19724 - 1500 13
19724 - 68 13
19725 # 1504
19725 - 1500 14
19725 - 68 14
19726 # 1504
19726 - 1500 15
19726 - 68 15
19727 # 1504
19727 - 1500 16
19727 - 68 16
19728 # 1504
19728 - 1500 17
19728 - 68 17
19729 # 1504
19729 - 1500 18
19729 - 68 18
19730 # 1504
19730 - 1500 19
19730 - 68 19
19731 # 1504
19731 - 1500 20
19731 - 68 20
19732 # 1504
19732 - 1500 16
19732 - 68 16
19733 # 1504
19733 - 1500 13
19733 - 68 13
19734 # 1504
19735 # 1504
19736 # 1504
19737 # 1504
19738 # 1504
19739 # 1504
19740 # 1504
19741 # 1504
19742 # 1504
19743 # 1504
19744 # 1504
19745 # 1504
19746 # 1504
19747 # 1504
19748 # 1504
19749 # 1504
19750 # 1504
19751 # 1504
19752 # 1504
19753 # 1504
19754 # 1504
19755 # 1504
19756 # 1504
19757 # 1504
19758 # 1504
19759 # 1504
19760 # 1504
19761 # 1504
19762 # 1504
19763 # 1504
19764 # 1504
19765 # 1504
19766 # 1504
19767 # 1504
19768 # 1504
19769 # 1504
19770 # 1504
19771 # 1504
19772 # 1504
19773 # 1504
19774 # 1504
19775 # 1504
19776 # 1504
19776 + 1500
19776 + 68
19776 + 1500
19776 + 68
19776 + 1500
19776 + 68
19776 + 1500
19776 + 68
19776 + 1500
19776 + 68
19776 + 1500
19776 + 68
19776 + 1500
19776 + 68
19776 + 1500
19776 + 68
19776 + 1500
19776 + 68
19776 + 1500
19776 + 68
19776 + 1500
19776 + 68
19776 + 1500
19776 + 68
19776 + 1500
19776 + 68
19776 + 1500
19776 + 68
19777 # 1504
19777 - 1500 1
19778 # 1504
19778 - 68 2
19779 # 1504
19779 - 1500 3
19779 - 68 3
19780 # 1504
19780 - 1500 4
19780 - 68 4
19781 # 1504
19781 - 1500 5
19781 - 68 5
19782 # 1504
19782 - 1500 6
19782 - 68 6
19783 # 1504
19783 - 1500 7
19783 - 68 7
19784 # 1504
19784 - 1500 8
19784 - 68 8
19785 # 1504
19785 - 1500 9
19785 - 68 9
19786 # 1504
19786 - 1500 10
19786 - 68 10
19787 # 1504
19787 - 1500 11
19787 - 68 11
19787 + 1500
19787 + 68
19787 + 1500
19787 + 68
19787 + 1500
19787 + 68
19788 # 1504
19788 - 1500 12
19788 - 68 12
19789 # 1504
19789 - 1500 13
19789 - 68 13
19790 # 1504
19790 - 1500 14
19790 - 68 14
19791 # 1504
19791 - 1500 15
19791 - 68 15
19792 # 1504
19792 - 1500 5
19792 - 68 5
19792 + 1500
19792 + 68
19793 # 1504
19793 - 1500 6
19793 - 68 6
19794 # 1504
19794 - 1500 7
19794 - 68 7
19795 # 1504
19795 - 1500 3
19795 - 68 3
19796 # 1504
19797 # 1504
19798 # 1504
19799 # 1504
19800 # 1504
19801 # 1504
19802 # 1504
19803 # 1504
19804 # 1504
19805 # 1504
19806 # 1504
19807 # 1504
19808 # 1504
19809 # 1504
19810 # 1504
19811 # 1504
19812 # 1504
19813 # 1504
19814 # 1504
19815 # 1504
19815 + 1500
19815 + 68
19815 + 1500
19815 + 68
19815 + 1500
19815 + 68
19815 + 1500
19815 + 68
19815 + 1500
19815 + 68
19815 + 1500
19815 + 68
19816 # 1504
19816 - 1500 1
19816 + 1500
19816 + 68
19817 # 1504
19817 - 68 2
19818 # 1504
19818 - 1500 3
19818 - 68 3
19819 # 1504
19819 - 1500 4
19819 - 68 4
19820 # 1504
19820 - 1500 5
19820 - 68 5
19821 # 1504
19821 - 1500 6
19821 - 68 6
19822 # 1504
19822 - 1500 7
19822 - 68 7
19823 # 1504
19823 - 1500 7
19823 - 68 7
19824 # 1504
19825 # 1504
19826 # 1504
19827 # 1504
19828 # 1504
19829 # 1504
19830 # 1504
19831 # 1504
19832 # 1504
19833 # 1504
19834 # 1504
19835 # 1504
19836 # 1504
19837 # 1504
19838 # 1504
19839 # 1504
19840 # 1504
19841 # 1504
19842 # 1504
19843 # 1504
19844 # 1504
19845 # 1504
19846 # 1504
19846 + 1500
19846 + 68
19846 + 1500
19846 + 68
19846 + 1500
19846 + 68
19846 + 1500
19846 + 68
19846 + 1500
19846 + 68
19846 + 1500
19846 + 68
19846 + 1500
19846 + 68
19847 # 1504
19847 - 1500 1
19848 # 1504
19848 - 68 2
19849 # 1504
19849 - 1500 3
19849 - 68 3
19850 # 1504
19850 - 1500 4
19850 - 68 4
19851 # 1504
19851 - 1500 5
19851 - 68 5
19852 # 1504
19852 - 1500 6
19852 - 68 6
19853 # 1504
19853 - 1500 7
19853 - 68 7
19854 # 1504
19854 - 1500 8
19854 - 68 8
19855 # 1504
19856 # 1504
19857 # 1504
19858 # 1504
19859 # 1504
19860 # 1504
19860 + 1500
19860 + 68
19860 + 1500
19860 + 68
19861 # 1504
19861 - 1500 1
19862 # 1504
19862 - 68 2
19863 # 1504
19863 - 1500 3
19863 - 68 3
19864 # 1504
19865 # 1504
19866 # 1504
19867 # 1504
19868 # 1504
19869 # 1504
19870 # 1504
19871 # 1504
19872 # 1504
19872 + 1500
19872 + 68
19872 + 1500
19872 + 68
19872 + 1500
19872 + 68
19873 # 1504
19873 - 1500 1
19874 # 1504
19874 - 68 2
19875 # 1504
19875 - 1500 3
19875 - 68 3
19876 # 1504
19876 - 1500 4
19876 - 68 4
19876 + 1500
19876 + 68
19877 # 1504
19877 - 1500 1
19878 # 1504
19878 - 68 2
19879 # 1504
19880 # 1504
19881 # 1504
19882 # 1504
19883 # 1504
19884 # 1504
19885 # 1504
19886 # 1504
19887 # 1504
19888 # 1504
19889 # 1504
19890 # 1504
19891 # 1504
19892 # 1504
19893 # 1504
19894 # 1504
19895 # 1504
19896 # 1504
19897 # 1504
19898 # 1504
19899 # 1504
19900 # 1504
19901 # 1504
19902 # 1504
19903 # 1504
19904 # 1504
19905 # 1504
19906 # 1504
19907 # 1504
19908 # 1504
19909 # 1504
19910 # 1504
19911 # 1504
19912 # 1504
19912 + 1500
19912 + 68
19912 + 1500
19912 + 68
19912 + 1500
19912 + 68
19912 + 1500
19912 + 68
19912 + 1500
19912 + 68
19912 + 1500
19912 + 68
19912 + 1500
19912 + 68
19912 + 1500
19912 + 68
19912 + 1500
19912 + 68
19913 # 1504
19913 - 1500 1
19914 # 1504
19914 - 68 2
19915 # 1504
19915 - 1500 3
19915 - 68 3
19916 # 1504
19916 - 1500 4
19916 - 68 4
19917 # 1504
19917 - 1500 5
19917 - 68 5
19918 # 1504
19918 - 1500 6
19918 - 68 6
19919 # 1504
19919 - 1500 7
19919 - 68 7
19920 # 1504
19920 - 1500 8
19920 - 68 8
19921 # 1504
19921 - 1500 9
19921 - 68 9
19922 # 1504
19922 - 1500 10
19922 - 68 10
19923 # 1504
19924 # 1504
19925 # 1504
19926 # 1504
19927 # 1504
19928 # 1504
19929 # 1504
19930 # 1504
19931 # 1504
19932 # 1504
19933 # 1504
19934 # 1504
19934 + 1500
19934 + 68
19934 + 1500
19934 + 68
19934 + 1500
19934 + 68
19934 + 1500
19934 + 68
19934 + 1500
19934 + 68
19935 # 1504
19935 - 1500 1
19936 # 1504
19936 - 68 2
19936 + 1500
19936 + 68
19937 # 1504
19937 - 1500 3
19937 - 68 3
19938 # 1504
19938 - 1500 4
19938 - 68 4
19939 # 1504
19939 - 1500 5
19939 - 68 5
19940 # 1504
19940 - 1500 6
19940 - 68 6
19940 + 1500
19940 + 68
19941 # 1504
19941 - 1500 5
19941 - 68 5
19942 # 1504
19942 - 1500 2
19942 - 68 2
19943 # 1504
19944 # 1504
19945 # 1504
19946 # 1504
19947 # 1504
19948 # 1504
19949 # 1504
19950 # 1504
19951 # 1504
19952 # 1504
19953 # 1504
19954 # 1504
19955 # 1504
19956 # 1504
19957 # 1504
19958 # 1504
19959 # 1504
19960 # 1504
19961 # 1504
19962 # 1504
19963 # 1504
19964 # 1504
19965 # 1504
19966 # 1504
19967 # 1504
19968 # 1504
19969 # 1504
19970 # 1504
19971 # 1504
19972 # 1504
19973 # 1504
19974 # 1504
19975 # 1504
19976 # 1504
19977 # 1504
19978 # 1504
19979 # 1504
19980 # 1504
19981 # 1504
19982 # 1504
19983 # 1504
19984 # 1504
19985 # 1504
19986 # 1504
19987 # 1504
19988 # 1504
19989 # 1504
19990 # 1504
19991 # 1504
19992 # 1504
19993 # 1504
19994 # 1504
19995 # 1504
19996 # 1504
19997 # 1504
19998 # 1504
19999 # 1504
20000 # 1504
20001 # 1504
20002 # 1504
20003 # 1504
20004 # 1504
20004 + 1500
20004 + 68
20004 + 1500
20004 + 68
20004 + 1500
20004 + 68
20004 + 1500
20004 + 68
20004 + 1500
20004 + 68
20004 + 1500
20004 + 68
20004 + 1500
20004 + 68
20004 + 1500
20004 + 68
20004 + 1500
20004 + 68
20004 + 1500
20004 + 68
20004 + 1500
20004 + 68
20004 + 1500
20004 + 68
20004 + 1500
20004 + 68
20004 + 1500
20004 + 68
20004 + 1500
20004 + 68
20004 + 1500
20004 + 68
20005 # 1504
20005 - 1500 1
20006 # 1504
20006 - 68 2
20007 # 1504
20007 - 1500 3
20007 - 68 3
20008 # 1504
20008 - 1500 4
20008 - 68 4
20009 # 1504
20009 - 1500 5
20009 - 68 5
20009 + 1500
20009 + 68
20010 # 1504
20010 - 1500 6
20010 - 68 6
20011 # 1504
20011 - 1500 7
20011 - 68 7
20012 # 1504
20012 - 1500 8
20012 - 68 8
20013 # 1504
20013 - 1500 9
20013 - 68 9
20013 + 1500
20013 + 68
20014 # 1504
20014 - 1500 10
20014 - 68 10
20015 # 1504
20015 - 1500 11
20015 - 68 11
20016 # 1504
20016 - 1500 12
20016 - 68 12
20017 # 1504
20017 - 1500 13
20017 - 68 13
20018 # 1504
20018 - 1500 14
20018 - 68 14
20018 + 1500
20019 # 1504
20019 - 1500 15
20019 - 68 15
20019 + 68
20020 # 1504
20020 - 1500 16
20020 - 68 16
20021 # 1504
20021 - 1500 17
20021 - 68 17
20022 # 1504
20022 - 1500 13
20022 - 68 13
20023 # 1504
20023 - 1500 10
20023 - 68 10
20024 # 1504
20024 - 1500 6
20024 - 68 5
20025 # 1504
20026 # 1504
20027 # 1504
20028 # 1504
20029 # 1504
20030 # 1504
20031 # 1504
20032 # 1504
20033 # 1504
20034 # 1504
20035 # 1504
20036 # 1504
20037 # 1504
20038 # 1504
20039 # 1504
20040 # 1504
20041 # 1504
20042 # 1504
20043 # 1504
20044 # 1504
20045 # 1504
20046 # 1504
20047 # 1504
20048 # 1504
20049 # 1504
20050 # 1504
20051 # 1504
20052 # 1504
20053 # 1504
20054 # 1504
20055 # 1504
20056 # 1504
20057 # 1504
20058 # 1504
20059 # 1504
20060 # 1504
20061 # 1504
20062 # 1504
20063 # 1504
20064 # 1504
20064 + 1500
20064 + 68
20064 + 1500
20064 + 68
20064 + 1500
20064 + 68
20064 + 1500
20064 + 68
20064 + 1500
20064 + 68
20064 + 1500
20064 + 68
20064 + 1500
20064 + 68
20064 + 1500
20064 + 68
20064 + 1500
20064 + 68
20065 # 1504
20065 - 1500 1
20065 + 1500
20065 + 68
20066 # 1504
20066 - 68 2
20067 # 1504
20067 - 1500 3
20067 - 68 3
20068 # 1504
20068 - 1500 4
20068 - 68 4
20069 # 1504
20069 - 1500 5
20069 - 68 5
20070 # 1504
20070 - 1500 6
20070 - 68 6
20071 # 1504
20071 - 1500 7
20071 - 68 7
20072 # 1504
20072 - 1500 8
20072 - 68 8
20073 # 1504
20073 - 1500 9
20073 - 68 9
20074 # 1504
20074 - 1500 10
20074 - 68 10
20075 # 1504
20075 - 1500 10
20075 - 68 10
20076 # 1504
20077 # 1504
20078 # 1504
20079 # 1504
20080 # 1504
20081 # 1504
20082 # 1504
20083 # 1504
20084 # 1504
20085 # 1504
20086 # 1504
20087 # 1504
20088 # 1504
20089 # 1504
20090 # 1504
20091 # 1504
20092 # 1504
20093 # 1504
20094 # 1504
20095 # 1504
20095 + 1500
20096 # 1504
20096 - 1500 1
20096 + 68
20096 + 1500
20096 + 68
20096 + 1500
20096 + 68
20096 + 1500
20096 + 68
20096 + 1500
20096 + 68
20096 + 1500
20096 + 68
20096 + 1500
20096 + 68
20096 + 1500
20096 + 68
20097 # 1504
20097 - 68 1
20098 # 1504
20098 - 1500 2
20098 - 68 2
20099 # 1504
20099 - 1500 3
20099 - 68 3
20100 # 1504
20100 - 1500 4
20100 - 68 4
20101 # 1504
20101 - 1500 5
20101 - 68 5
20102 # 1504
20102 - 1500 6
20102 - 68 6
20103 # 1504
20103 - 1500 7
20103 - 68 7
20104 # 1504
20104 - 1500 8
20104 - 68 8
20105 # 1504
20106 # 1504
20107 # 1504
20108 # 1504
20109 # 1504
20110 # 1504
20111 # 1504
20112 # 1504
20113 # 1504
20114 # 1504
20115 # 1504
20116 # 1504
20117 # 1504
20118 # 1504
20119 # 1504
20120 # 1504
20121 # 1504
20122 # 1504
20123 # 1504
20124 # 1504
20125 # 1504
20126 # 1504
20127 # 1504
20128 # 1504
20128 + 1500
20128 + 68
20128 + 1500
20128 + 68
20128 + 1500
20128 + 68
20128 + 1500
20128 + 68
20128 + 1500
20128 + 68
20128 + 1500
20128 + 68
20128 + 1500
20128 + 68
20129 # 1504
20129 - 1500 1
20130 # 1504
20130 - 68 2
20131 # 1504
20131 - 1500 3
20131 - 68 3
20132 # 1504
20132 - 1500 4
20132 - 68 4
20133 # 1504
20133 - 1500 5
20133 - 68 5
20134 # 1504
20134 - 1500 6
20134 - 68 6
20135 # 1504
20135 - 1500 7
20135 - 68 7
20136 # 1504
20136 - 1500 8
20136 - 68 8
20137 # 1504
20138 # 1504
20139 # 1504
20140 # 1504
20141 # 1504
20142 # 1504
20143 # 1504
20144 # 1504
20145 # 1504
20146 # 1504
20147 # 1504
20148 # 1504
20149 # 1504
20150 # 1504
20151 # 1504
20151 + 1500
20151 + 68
20151 + 1500
20151 + 68
20151 + 1500
20151 + 68
20151 + 1500
20151 + 68
20151 + 1500
20151 + 68
20151 + 1500
20151 + 68
20152 # 1504
20152 - 1500 1
20152 + 1500
20152 + 68
20153 # 1504
20153 - 68 2
20154 # 1504
20154 - 1500 3
20154 - 68 3
20155 # 1504
20155 - 1500 4
20155 - 68 4
20156 # 1504
20156 - 1500 5
20156 - 68 5
20157 # 1504
20157 - 1500 6
20157 - 68 6
20158 # 1504
20158 - 1500 7
20158 - 68 7
20159 # 1504
20159 - 1500 7
20159 - 68 7
20160 # 1504
20161 # 1504
20162 # 1504
20163 # 1504
20164 # 1504
20165 # 1504
20166 # 1504
20167 # 1504
20168 # 1504
20169 # 1504
20170 # 1504
20171 # 1504
20172 # 1504
20173 # 1504
20174 # 1504
20175 # 1504
20176 # 1504
20177 # 1504
20178 # 1504
20179 # 1504
20180 # 1504
20181 # 1504
20182 # 1504
20183 # 1504
20184 # 1504
20185 # 1504
20186 # 1504
20187 # 1504
20188 # 1504
20189 # 1504
20190 # 1504
20191 # 1504
20192 # 1504
20193 # 1504
20194 # 1504
20195 # 1504
20196 # 1504
20197 # 1504
20198 # 1504
20199 # 1504
20200 # 1504
20201 # 1504
20202 # 1504
20203 # 1504
20204 # 1504
20205 # 1504
20206 # 1504
20207 # 1504
20208 # 1504
20209 # 1504
20210 # 1504
20211 # 1504
20212 # 1504
20213 # 1504
20214 # 1504
20215 # 1504
20216 # 1504
20217 # 1504
20218 # 1504
20219 # 1504
20220 # 1504
20221 # 1504
20222 # 1504
20223 # 1504
20224 # 1504
20225 # 1504
20226 # 1504
20227 # 1504
20228 # 1504
20229 # 1504
20230 # 1504
20231 # 1504
20232 # 1504
20233 # 1504
20234 # 1504
20235 # 1504
20236 # 1504
20237 # 1504
20238 # 1504
20239 # 1504
20240 # 1504
20241 # 1504
20242 # 1504
20243 # 1504
20244 # 1504
20245 # 1504
20246 # 1504
20247 # 1504
20248 # 1504
20249 # 1504
20250 # 1504
20251 # 1504
20252 # 1504
20253 # 1504
20254 # 1504
20255 # 1504
20256 # 1504
20257 # 1504
20258 # 1504
20259 # 1504
20260 # 1504
20261 # 1504
20262 # 1504
20263 # 1504
20264 # 1504
20265 # 1504
20266 # 1504
20267 # 1504
20268 # 1504
20269 # 1504
20270 # 1504
20271 # 1504
20272 # 1504
20273 # 1504
20274 # 1504
20275 # 1504
20276 # 1504
20277 # 1504
20278 # 1504
20279 # 1504
20280 # 1504
20281 # 1504
20282 # 1504
20283 # 1504
20284 # 1504
20285 # 1504
20286 # 1504
20286 + 1500
20286 + 68
20286 + 1500
20286 + 68
20286 + 1500
20286 + 68
20286 + 1500
20286 + 68
20286 + 1500
20286 + 68
20286 + 1500
20286 + 68
20286 + 1500
20286 + 68
20286 + 1500
20286 + 68
20286 + 1500
20286 + 68
20286 + 1500
20286 + 68
20286 + 1500
20286 + 68
20286 + 1500
20286 + 68
20286 + 1500
20286 + 68
20286 + 1500
20286 + 68
20286 + 1500
20286 + 68
20286 + 1500
20286 + 68
20286 + 1500
20286 + 68
20286 + 1500
20286 + 68
20286 + 1500
20286 + 68
20286 + 1500
20286 + 68
20286 + 1500
20286 + 68
20286 + 1500
20286 + 68
20286 + 1500
20286 + 68
20286 + 1500
20286 + 68
20286 + 1500
20286 + 68
20286 + 1500
20286 + 68
20286 + 1500
20286 + 68
20286 + 1500
20286 + 68
20286 + 1500
20286 + 68
20286 + 1500
20286 + 68
20286 + 1500
20286 + 68
20286 + 1500
20286 + 68
20286 + 1500
20286 + 68
20287 # 1504
20287 - 1500 1
20287 + 1500
20287 + 68
20288 # 1504
20288 - 68 2
20289 # 1504
20289 - 1500 3
20289 - 68 3
20290 # 1504
20290 - 1500 4
20290 - 68 4
20291 # 1504
20291 - 1500 5
20291 - 68 5
20292 # 1504
20292 - 1500 6
20292 - 68 6
20293 # 1504
20293 - 1500 7
20293 - 68 7
20293 + 1500
20293 + 68
20294 # 1504
20294 - 1500 8
20294 - 68 8
20295 # 1504
20295 - 1500 9
20295 - 68 9
20296 # 1504
20296 - 1500 10
20296 - 68 10
20297 # 1504
20297 - 1500 11
20297 - 68 11
20298 # 1504
20298 - 1500 12
20298 - 68 12
20298 + 1500
20298 + 68
20299 # 1504
20299 - 1500 13
20299 - 68 13
20300 # 1504
20300 - 1500 14
20300 - 68 14
20301 # 1504
20301 - 1500 15
20301 - 68 15
20302 # 1504
20302 - 1500 16
20302 - 68 16
20302 + 1500
20302 + 68
20303 # 1504
20303 - 1500 17
20303 - 68 17
20304 # 1504
20304 - 1500 18
20304 - 68 18
20305 # 1504
20305 - 1500 19
20305 - 68 19
20306 # 1504
20306 - 1500 20
20306 - 68 20
20307 # 1504
20307 - 1500 21
20307 - 68 21
20307 + 1500
20307 + 68
20308 # 1504
20308 - 1500 22
20308 - 68 22
20309 # 1504
20309 - 1500 23
20309 - 68 23
20309 + 1500
20309 + 68
20310 # 1504
20310 - 1500 24
20310 - 68 24
20311 # 1504
20311 - 1500 25
20312 # 1504
20312 - 68 26
20313 # 1504
20313 - 1500 27
20313 - 68 27
20313 + 1500
20313 + 68
20314 # 1504
20314 - 1500 28
20314 - 68 28
20315 # 1504
20315 - 1500 29
20315 - 68 29
20316 # 1504
20316 - 1500 30
20316 - 68 30
20316 + 1500
20316 + 68
20317 # 1504
20317 - 1500 31
20317 - 68 31
20318 # 1504
20318 - 1500 32
20318 - 68 32
20319 # 1504
20319 - 1500 33
20319 - 68 33
20320 # 1504
20320 - 1500 34
20320 - 68 34
20320 + 1500
20320 + 68
20321 # 1504
20321 - 1500 35
20321 - 68 35
20322 # 1504
20322 - 1500 35
20322 - 68 35
20323 # 1504
20323 - 1500 30
20323 - 68 30
20324 # 1504
20324 - 1500 26
20324 - 68 26
20324 + 1500
20324 + 68
20325 # 1504
20325 - 1500 23
20325 - 68 23
20326 # 1504
20326 - 1500 19
20326 - 68 19
20327 # 1504
20327 - 1500 18
20327 - 68 18
20328 # 1504
20328 - 1500 15
20328 - 68 15
20329 # 1504
20329 - 1500 13
20329 - 68 13
20330 # 1504
20330 - 1500 10
20330 - 68 10
20331 # 1504
20331 - 1500 7
20331 - 68 7
20332 # 1504
20333 # 1504
20334 # 1504
20335 # 1504
20336 # 1504
20337 # 1504
20338 # 1504
20339 # 1504
20340 # 1504
20341 # 1504
20342 # 1504
20343 # 1504
20344 # 1504
20345 # 1504
20346 # 1504
20347 # 1504
20348 # 1504
20349 # 1504
20350 # 1504
20351 # 1504
20352 # 1504
20353 # 1504
20354 # 1504
20355 # 1504
20356 # 1504
20356 + 1500
20356 + 68
20356 + 1500
20356 + 68
20356 + 1500
20356 + 68
20356 + 1500
20356 + 68
20356 + 1500
20356 + 68
20356 + 1500
20356 + 68
20356 + 1500
20356 + 68
20356 + 1500
20356 + 68
20356 + 1500
20356 + 68
20357 # 1504
20357 - 1500 1
20358 # 1504
20358 - 68 2
20359 # 1504
20359 - 1500 3
20359 - 68 3
20360 # 1504
20360 - 1500 4
20360 - 68 4
20360 + 1500
20360 + 68
20361 # 1504
20361 - 1500 5
20361 - 68 5
20362 # 1504
20362 - 1500 6
20362 - 68 6
20363 # 1504
20363 - 1500 7
20363 - 68 7
20364 # 1504
20364 - 1500 8
20364 - 68 8
20364 + 1500
20364 + 68
20365 # 1504
20365 - 1500 9
20365 - 68 9
20366 # 1504
20366 - 1500 10
20366 - 68 10
20367 # 1504
20367 - 1500 7
20367 - 68 7
20368 # 1504
20368 - 1500 4
20368 - 68 4
20368 + 1500
20368 + 68
20369 # 1504
20369 - 1500 1
20370 # 1504
20370 - 68 2
20371 # 1504
20372 # 1504
20372 + 1500
20372 + 68
20373 # 1504
20373 - 1500 1
20374 # 1504
20374 - 68 2
20375 # 1504
20375 + 1500
20375 + 68
20376 # 1504
20376 - 1500 1
20377 # 1504
20377 - 68 2
20378 # 1504
20379 # 1504
20380 # 1504
20380 + 1500
20380 + 68
20381 # 1504
20381 - 1500 1
20382 # 1504
20382 - 68 2
20383 # 1504
20384 # 1504
20384 + 1500
20384 + 68
20385 # 1504
20385 - 1500 1
20386 # 1504
20386 - 68 2
20387 # 1504
20387 + 1500
20387 + 68
20388 # 1504
20388 - 1500 1
20388 + 1500
20388 + 68
20389 # 1504
20389 - 68 2
20390 # 1504
20390 - 1500 2
20390 - 68 2
20390 + 1500
20390 + 68
20391 # 1504
20391 - 1500 1
20392 # 1504
20392 - 68 2
20393 # 1504
20394 # 1504
20394 + 1500
20394 + 68
20395 # 1504
20395 - 1500 1
20396 # 1504
20396 - 68 2
20397 # 1504
20398 # 1504
20399 # 1504
20400 # 1504
20401 # 1504
20402 # 1504
20403 # 1504
20404 # 1504
20405 # 1504
20406 # 1504
20407 # 1504
20408 # 1504
20409 # 1504
20410 # 1504
20411 # 1504
20412 # 1504
20413 # 1504
20414 # 1504
20415 # 1504
20416 # 1504
20417 # 1504
20418 # 1504
20419 # 1504
20420 # 1504
20421 # 1504
20422 # 1504
20423 # 1504
20424 # 1504
20425 # 1504
20426 # 1504
20427 # 1504
20428 # 1504
20429 # 1504
20430 # 1504
20431 # 1504
20432 # 1504
20433 # 1504
20434 # 1504
20435 # 1504
20436 # 1504
20437 # 1504
20438 # 1504
20439 # 1504
20440 # 1504
20441 # 1504
20442 # 1504
20443 # 1504
20444 # 1504
20445 # 1504
20446 # 1504
20447 # 1504
20448 # 1504
20449 # 1504
20450 # 1504
20451 # 1504
20452 # 1504
20453 # 1504
20454 # 1504
20455 # 1504
20456 # 1504
20457 # 1504
20458 # 1504
20459 # 1504
20460 # 1504
20461 # 1504
20462 # 1504
20463 # 1504
20464 # 1504
20465 # 1504
20466 # 1504
20467 # 1504
20468 # 1504
20469 # 1504
20470 # 1504
20471 # 1504
20472 # 1504
20473 # 1504
20474 # 1504
20475 # 1504
20476 # 1504
20477 # 1504
20478 # 1504
20479 # 1504
20480 # 1504
20481 # 1504
20482 # 1504
20483 # 1504
20484 # 1504
20484 + 1500
20484 + 68
20484 + 1500
20484 + 68
20484 + 1500
20484 + 68
20484 + 1500
20484 + 68
20484 + 1500
20484 + 68
20484 + 1500
20484 + 68
20484 + 1500
20484 + 68
20484 + 1500
20484 + 68
20484 + 1500
20484 + 68
20484 + 1500
20484 + 68
20484 + 1500
20484 + 68
20484 + 1500
20484 + 68
20484 + 1500
20484 + 68
20484 + 1500
20484 + 68
20484 + 1500
20484 + 68
20484 + 1500
20484 + 68
20484 + 1500
20484 + 68
20484 + 1500
20484 + 68
20484 + 1500
20484 + 68
20484 + 1500
20484 + 68
20484 + 1500
20484 + 68
20484 + 1500
20484 + 68
20485 # 1504
20485 - 1500 1
20485 + 1500
20485 + 68
20486 # 1504
20486 - 68 2
20487 # 1504
20487 - 1500 3
20487 - 68 3
20488 # 1504
20488 - 1500 4
20488 - 68 4
20489 # 1504
20489 - 1500 5
20489 - 68 5
20490 # 1504
20490 - 1500 6
20490 - 68 6
20490 + 1500
20490 + 68
20491 # 1504
20491 - 1500 7
20491 - 68 7
20492 # 1504
20492 - 1500 8
20492 - 68 8
20493 # 1504
20493 - 1500 9
20493 - 68 9
20494 # 1504
20494 - 1500 10
20494 - 68 10
20495 # 1504
20495 - 1500 11
20495 - 68 11
20496 # 1504
20496 - 1500 12
20496 - 68 12
20497 # 1504
20497 - 1500 13
20497 - 68 13
20498 # 1504
20498 - 1500 14
20498 - 68 14
20499 # 1504
20499 - 1500 15
20499 - 68 15
20499 + 1500
20499 + 68
20499 + 1500
20499 + 68
20500 # 1504
20500 - 1500 16
20500 - 68 16
20501 # 1504
20501 - 1500 17
20501 - 68 17
20502 # 1504
20502 - 1500 18
20502 - 68 18
20503 # 1504
20503 - 1500 19
20503 - 68 19
20504 # 1504
20504 - 1500 20
20504 - 68 20
20504 + 1500
20504 + 68
20505 # 1504
20505 - 1500 21
20505 - 68 21
20506 # 1504
20506 - 1500 22
20506 - 68 22
20506 + 1500
20506 + 68
20507 # 1504
20507 - 1500 23
20507 - 68 23
20508 # 1504
20508 - 1500 23
20508 - 68 23
20509 # 1504
20509 - 1500 19
20510 # 1504
20510 - 68 20
20511 # 1504
20511 - 1500 12
20511 - 68 12
20512 # 1504
20512 - 1500 13
20512 - 68 13
20513 # 1504
20513 - 1500 9
20513 - 68 9
20514 # 1504
20514 - 1500 8
20514 - 68 8
20515 # 1504
20516 # 1504
20517 # 1504
20518 # 1504
20519 # 1504
20520 # 1504
20521 # 1504
20522 # 1504
20523 # 1504
20524 # 1504
20525 # 1504
20526 # 1504
20527 # 1504
20528 # 1504
20529 # 1504
20530 # 1504
20531 # 1504
20532 # 1504
20533 # 1504
20534 # 1504
20535 # 1504
20536 # 1504
20537 # 1504
20538 # 1504
20539 # 1504
20540 # 1504
20541 # 1504
20542 # 1504
20543 # 1504
20544 # 1504
20545 # 1504
20546 # 1504
20547 # 1504
20548 # 1504
20549 # 1504
20550 # 1504
20551 # 1504
20552 # 1504
20553 # 1504
20554 # 1504
20555 # 1504
20556 # 1504
20557 # 1504
20558 # 1504
20559 # 1504
20560 # 1504
20561 # 1504
20562 # 1504
20563 # 1504
20564 # 1504
20565 # 1504
20566 # 1504
20567 # 1504
20568 # 1504
20569 # 1504
20570 # 1504
20571 # 1504
20572 # 1504
20573 # 1504
20574 # 1504
20575 # 1504
20576 # 1504
20577 # 1504
20578 # 1504
20579 # 1504
20580 # 1504
20581 # 1504
20582 # 1504
20583 # 1504
20584 # 1504
20585 # 1504
20586 # 1504
20587 # 1504
20588 # 1504
20589 # 1504
20590 # 1504
20591 # 1504
20592 # 1504
20593 # 1504
20594 # 1504
20595 # 1504
20596 # 1504
20597 # 1504
20598 # 1504
20599 # 1504
20600 # 1504
20601 # 1504
20602 # 1504
20603 # 1504
20604 # 1504
20605 # 1504
20606 # 1504
20607 # 1504
20608 # 1504
20608 + 1500
20608 + 68
20608 + 1500
20608 + 68
20608 + 1500
20608 + 68
20608 + 1500
20608 + 68
20608 + 1500
20608 + 68
20608 + 1500
20608 + 68
20608 + 1500
20608 + 68
20608 + 1500
20608 + 68
20608 + 1500
20608 + 68
20608 + 1500
20608 + 68
20608 + 1500
20608 + 68
20608 + 1500
20608 + 68
20608 + 1500
20608 + 68
20608 + 1500
20608 + 68
20608 + 1500
20608 + 68
20608 + 1500
20608 + 68
20609 # 1504
20609 - 1500 1
20609 + 1500
20609 + 68
20609 + 1500
20609 + 68
20609 + 1500
20609 + 68
20609 + 1500
20609 + 68
20609 + 1500
20609 + 68
20609 + 1500
20609 + 68
20609 + 1500
20609 + 68
20609 + 1500
20609 + 68
20609 + 1500
20609 + 68
20609 + 1500
20609 + 68
20609 + 1500
20609 + 68
20609 + 1500
20609 + 68
20610 # 1504
20610 - 68 2
20611 # 1504
20611 - 1500 3
20611 - 68 3
20612 # 1504
20612 - 1500 4
20612 - 68 4
20613 # 1504
20613 - 1500 5
20613 - 68 5
20613 + 1500
20613 + 68
20614 # 1504
20614 - 1500 6
20614 - 68 6
20615 # 1504
20615 - 1500 7
20615 - 68 7
20616 # 1504
20616 - 1500 8
20616 - 68 8
20617 # 1504
20617 - 1500 9
20617 - 68 9
20618 # 1504
20618 - 1500 10
20618 - 68 10
20619 # 1504
20619 - 1500 11
20619 - 68 11
20620 # 1504
20620 - 1500 12
20620 - 68 12
20621 # 1504
20621 - 1500 13
20621 - 68 13
20622 # 1504
20622 - 1500 14
20622 - 68 14
20623 # 1504
20623 - 1500 15
20623 - 68 15
20624 # 1504
20624 - 1500 16
20624 - 68 16
20625 # 1504
20625 - 1500 17
20625 - 68 17
20626 # 1504
20626 - 1500 17
20626 - 68 17
20627 # 1504
20627 - 1500 18
20627 - 68 18
20628 # 1504
20628 - 1500 19
20628 - 68 19
20629 # 1504
20629 - 1500 20
20629 - 68 20
20630 # 1504
20630 - 1500 21
20630 - 68 21
20631 # 1504
20631 - 1500 22
20631 - 68 22
20632 # 1504
20632 - 1500 23
20632 - 68 23
20633 # 1504
20633 - 1500 24
20634 # 1504
20634 - 68 25
20635 # 1504
20635 - 1500 26
20635 - 68 26
20636 # 1504
20636 - 1500 27
20636 - 68 27
20637 # 1504
20637 - 1500 28
20637 - 68 28
20638 # 1504
20638 - 1500 29
20638 - 68 29
20639 # 1504
20639 - 1500 26
20639 - 68 26
20640 # 1504
20641 # 1504
20642 # 1504
20643 # 1504
20644 # 1504
20645 # 1504
20646 # 1504
20647 # 1504
20648 # 1504
20649 # 1504
20650 # 1504
20651 # 1504
20652 # 1504
20653 # 1504
20654 # 1504
20655 # 1504
20656 # 1504
20657 # 1504
20658 # 1504
20659 # 1504
20660 # 1504
20661 # 1504
20662 # 1504
20663 # 1504
20664 # 1504
20665 # 1504
20666 # 1504
20667 # 1504
20668 # 1504
20669 # 1504
20670 # 1504
20671 # 1504
20672 # 1504
20673 # 1504
20674 # 1504
20675 # 1504
20676 # 1504
20677 # 1504
20677 + 1500
20677 + 68
20677 + 1500
20677 + 68
20677 + 1500
20677 + 68
20677 + 1500
20677 + 68
20677 + 1500
20677 + 68
20677 + 1500
20677 + 68
20677 + 1500
20677 + 68
20677 + 1500
20677 + 68
20677 + 1500
20677 + 68
20677 + 1500
20677 + 68
20677 + 1500
20677 + 68
20677 + 1500
20677 + 68
20677 + 1500
20677 + 68
20678 # 1504
20678 - 1500 1
20679 # 1504
20679 - 68 2
20679 + 1500
20679 + 68
20679 + 1500
20679 + 68
20679 + 1500
20679 + 68
20679 + 1500
20679 + 68
20680 # 1504
20680 - 1500 3
20680 - 68 3
20681 # 1504
20681 - 1500 4
20681 - 68 4
20682 # 1504
20682 - 1500 5
20682 - 68 5
20683 # 1504
20683 - 1500 6
20683 - 68 6
20684 # 1504
20684 - 1500 7
20684 - 68 7
20685 # 1504
20685 - 1500 8
20685 - 68 8
20686 # 1504
20686 - 1500 9
20686 - 68 9
20687 # 1504
20687 - 1500 10
20687 - 68 10
20688 # 1504
20688 - 1500 11
20688 - 68 11
20689 # 1504
20689 - 1500 12
20689 - 68 12
20690 # 1504
20690 - 1500 13
20690 - 68 13
20691 # 1504
20691 - 1500 14
20691 - 68 14
20692 # 1504
20692 - 1500 13
20692 - 68 13
20693 # 1504
20693 - 1500 14
20693 - 68 14
20694 # 1504
20694 - 1500 15
20694 - 68 15
20695 # 1504
20695 - 1500 16
20695 - 68 16
20696 # 1504
20696 + 1500
20696 + 68
20696 + 1500
20696 + 68
20696 + 1500
20696 + 68
20696 + 1500
20696 + 68
20696 + 1500
20696 + 68
20696 + 1500
20696 + 68
20696 + 1500
20696 + 68
20696 + 1500
20696 + 68
20696 + 1500
20696 + 68
20696 + 1500
20696 + 68
20696 + 1500
20696 + 68
20696 + 1500
20696 + 68
20696 + 1500
20696 + 68
20696 + 1500
20696 + 68
20696 + 1500
20696 + 68
20696 + 1500
20696 + 68
20696 + 1500
20696 + 68
20696 + 1500
20696 + 68
20696 + 1500
20696 + 68
20696 + 1500
20696 + 68
20696 + 1500
20696 + 68
20696 + 1500
20696 + 68
20696 + 1500
20696 + 68
20696 + 1500
20696 + 68
20696 + 1500
20696 + 68
20696 + 1500
20696 + 68
20697 # 1504
20697 - 1500 1
20697 + 1500
20697 + 68
20697 + 1500
20697 + 68
20697 + 1500
20697 + 68
20697 + 1500
20697 + 68
20697 + 1500
20697 + 68
20697 + 1500
20697 + 68
20697 + 1500
20697 + 68
20698 # 1504
20698 - 68 2
20698 + 1500
20698 + 68
20699 # 1504
20699 - 1500 3
20699 - 68 3
20699 + 1500
20699 + 68
20699 + 1500
20699 + 68
20700 # 1504
20700 - 1500 4
20700 - 68 4
20700 + 1500
20700 + 68
20700 + 1500
20700 + 68
20701 # 1504
20701 - 1500 5
20701 - 68 5
20701 + 1500
20701 + 68
20702 # 1504
20702 - 1500 6
20702 - 68 6
20702 + 1500
20702 + 68
20703 # 1504
20703 - 1500 7
20703 - 68 7
20704 # 1504
20704 - 1500 8
20704 - 68 8
20705 # 1504
20705 - 1500 9
20705 - 68 9
20706 # 1504
20706 - 1500 10
20706 - 68 10
20707 # 1504
20707 - 1500 11
20707 - 68 11
20708 # 1504
20708 - 1500 12
20708 - 68 12
20709 # 1504
20709 - 1500 13
20709 - 68 13
20709 + 1500
20709 + 68
20709 + 1500
20709 + 68
20710 # 1504
20710 - 1500 14
20710 - 68 14
20710 + 1500
20710 + 68
20710 + 1500
20710 + 68
20710 + 1500
20710 + 68
20711 # 1504
20711 - 1500 15
20711 - 68 15
20711 + 1500
20711 + 68
20712 # 1504
20712 - 1500 16
20712 - 68 16
20713 # 1504
20713 - 1500 17
20713 - 68 17
20714 # 1504
20714 - 1500 18
20714 - 68 18
20715 # 1504
20715 - 1500 19
20715 - 68 19
20716 # 1504
20716 - 1500 20
20716 - 68 20
20717 # 1504
20717 - 1500 21
20717 - 68 21
20718 # 1504
20718 - 1500 22
20718 - 68 22
20719 # 1504
20719 - 1500 23
20719 - 68 23
20720 # 1504
20720 - 1500 24
20720 - 68 24
20721 # 1504
20721 - 1500 25
20722 # 1504
20722 - 68 26
20723 # 1504
20723 - 1500 27
20723 - 68 27
20724 # 1504
20724 - 1500 28
20724 - 68 28
20724 + 1500
20724 + 68
20724 + 1500
20724 + 68
20724 + 1500
20724 + 68
20725 # 1504
20725 - 1500 28
20725 - 68 28
20725 + 1500
20725 + 68
20726 # 1504
20726 - 1500 29
20726 - 68 29
20726 + 1500
20726 + 68
20726 + 1500
20726 + 68
20727 # 1504
20727 - 1500 30
20727 - 68 30
20727 + 1500
20727 + 68
20727 + 1500
20727 + 68
20728 # 1504
20728 - 1500 31
20728 - 68 31
20728 + 1500
20728 + 68
20728 + 1500
20728 + 68
20729 # 1504
20729 - 1500 32
20729 - 68 32
20729 + 1500
20729 + 68
20730 # 1504
20730 - 1500 33
20730 - 68 33
20731 # 1504
20731 - 1500 34
20731 - 68 34
20732 # 1504
20732 - 1500 34
20732 - 68 34
20733 # 1504
20733 - 1500 34
20733 - 68 34
20733 + 1500
20733 + 68
20734 # 1504
20734 - 1500 35
20734 - 68 35
20735 # 1504
20735 - 1500 35
20735 - 68 35
20736 # 1504
20736 - 1500 36
20736 - 68 36
20737 # 1504
20737 - 1500 36
20737 - 68 36
20738 # 1504
20738 - 1500 36
20738 - 68 36
20739 # 1504
20739 - 1500 30
20739 - 68 30
20740 # 1504
20740 - 1500 31
20740 - 68 31
20741 # 1504
20741 - 1500 31
20741 - 68 31
20742 # 1504
20742 - 1500 32
20742 - 68 32
20743 # 1504
20743 - 1500 33
20743 - 68 33
20744 # 1504
20744 - 1500 33
20744 - 68 33
20745 # 1504
20745 - 1500 21
20745 - 68 21
20746 # 1504
20746 - 1500 22
20747 # 1504
20747 - 68 23
20748 # 1504
20748 - 1500 24
20748 - 68 24
20749 # 1504
20749 - 1500 24
20749 - 68 24
20750 # 1504
20750 - 1500 24
20750 - 68 24
20751 # 1504
20751 - 1500 25
20751 - 68 25
20752 # 1504
20752 - 1500 25
20752 - 68 25
20753 # 1504
20753 - 1500 26
20753 - 68 26
20753 + 1500
20753 + 68
20753 + 1500
20753 + 68
20753 + 1500
20753 + 68
20753 + 1500
20753 + 68
20753 + 1500
20753 + 68
20754 # 1504
20754 - 1500 26
20754 - 68 26
20754 + 1500
20754 + 68
20754 + 1500
20754 + 68
20755 # 1504
20755 - 1500 27
20755 - 68 27
20755 + 1500
20755 + 68
20756 # 1504
20756 - 1500 27
20756 - 68 27
20756 + 1500
20756 + 68
20756 + 1500
20756 + 68
20757 # 1504
20757 - 1500 24
20757 - 68 24
20757 + 1500
20757 + 68
20757 + 1500
20757 + 68
20758 # 1504
20758 - 1500 5
20758 - 68 5
20758 + 1500
20758 + 68
20758 + 1500
20758 + 68
20759 # 1504
20759 - 1500 6
20759 - 68 6
20759 + 1500
20759 + 68
20759 + 1500
20759 + 68
20760 # 1504
20760 - 1500 7
20760 - 68 7
20760 + 1500
20760 + 68
20761 # 1504
20761 - 1500 8
20761 - 68 8
20762 # 1504
20762 - 1500 9
20762 - 68 9
20763 # 1504
20763 - 1500 9
20763 - 68 9
20764 # 1504
20764 - 1500 10
20764 - 68 10
20765 # 1504
20765 - 1500 10
20765 - 68 10
20766 # 1504
20766 - 1500 10
20766 - 68 10
20767 # 1504
20767 - 1500 11
20767 - 68 11
20768 # 1504
20768 - 1500 11
20768 - 68 11
20769 # 1504
20769 - 1500 12
20769 - 68 12
20770 # 1504
20770 - 1500 12
20771 # 1504
20771 - 68 13
20772 # 1504
20772 - 1500 14
20772 - 68 14
20773 # 1504
20773 - 1500 14
20773 - 68 14
20774 # 1504
20774 - 1500 15
20774 - 68 15
20775 # 1504
20775 - 1500 15
20775 - 68 15
20776 # 1504
20777 # 1504
20778 # 1504
20778 + 1500
20778 + 68
20778 + 1500
20778 + 68
20778 + 1500
20778 + 68
20778 + 1500
20778 + 68
20779 # 1504
20779 - 1500 1
20780 # 1504
20780 - 68 2
20781 # 1504
20781 - 1500 3
20781 - 68 3
20782 # 1504
20782 - 1500 4
20782 - 68 4
20783 # 1504
20783 - 1500 5
20783 - 68 5
20784 # 1504
20785 # 1504
20786 # 1504
20787 # 1504
20788 # 1504
20789 # 1504
20790 # 1504
20791 # 1504
20791 + 1500
20791 + 68
20791 + 1500
20791 + 68
20791 + 1500
20791 + 68
20791 + 1500
20791 + 68
20791 + 1500
20791 + 68
20791 + 1500
20791 + 68
20791 + 1500
20791 + 68
20791 + 1500
20791 + 68
20791 + 1500
20791 + 68
20791 + 1500
20791 + 68
20792 # 1504
20792 - 1500 1
20792 + 1500
20792 + 68
20792 + 1500
20792 + 68
20793 # 1504
20793 - 68 2
20794 # 1504
20794 - 1500 3
20794 - 68 3
20795 # 1504
20795 - 1500 4
20795 - 68 4
20796 # 1504
20796 - 1500 5
20796 - 68 5
20797 # 1504
20797 - 1500 6
20797 - 68 6
20798 # 1504
20798 - 1500 7
20798 - 68 7
20799 # 1504
20799 - 1500 8
20799 - 68 8
20800 # 1504
20800 - 1500 9
20800 - 68 9
20801 # 1504
20801 - 1500 10
20801 - 68 10
20802 # 1504
20802 - 1500 11
20802 - 68 11
20803 # 1504
20803 - 1500 11
20803 - 68 11
20804 # 1504
20804 - 1500 12
20804 - 68 12
20805 # 1504
20806 # 1504
20807 # 1504
20808 # 1504
20809 # 1504
20810 # 1504
20810 + 1500
20810 + 68
20810 + 1500
20810 + 68
20810 + 1500
20810 + 68
20810 + 1500
20810 + 68
20810 + 1500
20810 + 68
20811 # 1504
20811 - 1500 1
20812 # 1504
20812 - 68 2
20813 # 1504
20813 - 1500 3
20813 - 68 3
20814 # 1504
20814 - 1500 4
20814 - 68 4
20815 # 1504
20815 - 1500 5
20815 - 68 5
20816 # 1504
20816 - 1500 6
20816 - 68 6
20817 # 1504
20818 # 1504
20818 + 1500
20818 + 68
20818 + 1500
20818 + 68
20819 # 1504
20819 - 1500 1
20820 # 1504
20820 - 68 2
20821 # 1504
20821 - 1500 3
20821 - 68 3
20822 # 1504
20823 # 1504
20824 # 1504
20825 # 1504
20826 # 1504
20827 # 1504
20828 # 1504
20829 # 1504
20830 # 1504
20831 # 1504
20832 # 1504
20833 # 1504
20834 # 1504
20835 # 1504
20835 + 1500
20835 + 68
20835 + 1500
20835 + 68
20835 + 1500
20835 + 68
20836 # 1504
20836 - 1500 1
20836 + 1500
20836 + 68
20836 + 1500
20836 + 68
20837 # 1504
20837 - 68 2
20838 # 1504
20838 - 1500 3
20838 - 68 3
20839 # 1504
20839 - 1500 4
20839 - 68 4
20840 # 1504
20840 - 1500 4
20840 - 68 4
20841 # 1504
20841 - 1500 5
20841 - 68 5
20842 # 1504
20843 # 1504
20844 # 1504
20844 + 1500
20844 + 68
20844 + 1500
20844 + 68
20845 # 1504
20845 - 1500 1
20846 # 1504
20846 - 68 2
20847 # 1504
20847 - 1500 3
20847 - 68 3
20848 # 1504
20849 # 1504
20850 # 1504
20851 # 1504
20852 # 1504
20853 # 1504
20854 # 1504
20855 # 1504
20856 # 1504
20857 # 1504
20858 # 1504
20859 # 1504
20860 # 1504
20861 # 1504
20862 # 1504
20863 # 1504
20864 # 1504
20864 + 1500
20864 + 68
20864 + 1500
20864 + 68
20864 + 1500
20864 + 68
20864 + 1500
20864 + 68
20865 # 1504
20865 - 1500 1
20866 # 1504
20866 - 68 2
20867 # 1504
20867 - 1500 3
20867 - 68 3
20868 # 1504
20868 - 1500 4
20868 - 68 4
20869 # 1504
20869 - 1500 5
20869 - 68 5
20870 # 1504
20871 # 1504
20872 # 1504
20873 # 1504
20874 # 1504
20875 # 1504
20876 # 1504
20876 + 1500
20876 + 68
20876 + 1500
20876 + 68
20876 + 1500
20876 + 68
20877 # 1504
20877 - 1500 1
20878 # 1504
20878 - 68 2
20879 # 1504
20879 - 1500 3
20879 - 68 3
20879 + 1500
20879 + 68
20880 # 1504
20880 - 1500 4
20880 - 68 4
20881 # 1504
20881 - 1500 2
20881 - 68 2
20882 # 1504
20882 + 1500
20882 + 68
20883 # 1504
20883 - 1500 1
20884 # 1504
20884 - 68 2
20885 # 1504
20886 # 1504
20886 + 1500
20886 + 68
20887 # 1504
20887 - 1500 1
20888 # 1504
20888 - 68 2
20889 # 1504
20890 # 1504
20890 + 1500
20890 + 68
20891 # 1504
20891 - 1500 1
20892 # 1504
20892 - 68 2
20893 # 1504
20894 # 1504
20895 # 1504
20896 # 1504
20896 + 1500
20896 + 68
20897 # 1504
20897 - 1500 1
20898 # 1504
20898 - 68 2
20899 # 1504
20899 + 1500
20899 + 68
20900 # 1504
20900 - 1500 1
20901 # 1504
20901 - 68 2
20902 # 1504
20903 # 1504
20904 # 1504
20905 # 1504
20906 # 1504
20906 + 1500
20906 + 68
20907 # 1504
20907 - 1500 1
20908 # 1504
20908 - 68 2
20909 # 1504
20909 + 1500
20909 + 68
20910 # 1504
20910 - 1500 1
20911 # 1504
20911 - 68 2
20912 # 1504
20913 # 1504
20913 + 1500
20913 + 68
20914 # 1504
20914 - 1500 1
20915 # 1504
20915 - 68 2
20916 # 1504
20917 # 1504
20918 # 1504
20918 + 1500
20918 + 68
20919 # 1504
20919 - 1500 1
20920 # 1504
20920 - 68 2
20921 # 1504
20922 # 1504
20923 # 1504
20923 + 1500
20923 + 68
20924 # 1504
20924 - 1500 1
20925 # 1504
20925 - 68 2
20926 # 1504
20927 # 1504
20928 # 1504
20928 + 1500
20928 + 68
20929 # 1504
20929 - 1500 1
20930 # 1504
20930 - 68 2
20931 # 1504
20932 # 1504
20933 # 1504
20934 # 1504
20935 # 1504
20936 # 1504
20936 + 1500
20936 + 68
20937 # 1504
20937 - 1500 1
20938 # 1504
20938 - 68 2
20938 + 1500
20938 + 68
20939 # 1504
20939 - 1500 1
20940 # 1504
20940 - 68 2
20940 + 1500
20940 + 68
20941 # 1504
20941 - 1500 1
20942 # 1504
20942 - 68 2
20943 # 1504
20944 # 1504
20945 # 1504
20945 + 1500
20945 + 68
20946 # 1504
20946 - 1500 1
20947 # 1504
20947 - 68 2
20948 # 1504
20949 # 1504
20949 + 1500
20949 + 68
20950 # 1504
20950 - 1500 1
20951 # 1504
20951 - 68 2
20952 # 1504
20953 # 1504
20953 + 1500
20953 + 68
20954 # 1504
20954 - 1500 1
20955 # 1504
20955 - 68 2
20955 + 1500
20955 + 68
20956 # 1504
20956 - 1500 1
20957 # 1504
20957 - 68 2
20958 # 1504
20959 # 1504
20960 # 1504
20960 + 1500
20960 + 68
20961 # 1504
20961 - 1500 1
20962 # 1504
20962 - 68 2
20963 # 1504
20964 # 1504
20965 # 1504
20966 # 1504
20966 + 1500
20966 + 68
20967 # 1504
20967 - 1500 1
20968 # 1504
20968 - 68 2
20969 # 1504
20970 # 1504
20971 # 1504
20972 # 1504
20973 # 1504
20974 # 1504
20975 # 1504
20976 # 1504
20977 # 1504
20978 # 1504
20979 # 1504
20980 # 1504
20981 # 1504
20982 # 1504
20983 # 1504
20984 # 1504
20985 # 1504
20986 # 1504
20987 # 1504
20988 # 1504
20989 # 1504
20990 # 1504
20991 # 1504
20992 # 1504
20993 # 1504
20994 # 1504
20995 # 1504
20996 # 1504
20997 # 1504
20998 # 1504
20999 # 1504
21000 # 1504
21001 # 1504
21002 # 1504
21003 # 1504
21004 # 1504
21005 # 1504
21006 # 1504
21007 # 1504
21008 # 1504
21009 # 1504
21010 # 1504
21011 # 1504
21012 # 1504
21013 # 1504
21014 # 1504
21015 # 1504
21016 # 1504
21017 # 1504
21018 # 1504
21019 # 1504
21020 # 1504
21021 # 1504
21022 # 1504
21023 # 1504
21023 + 1500
21023 + 68
21023 + 1500
21023 + 68
21023 + 1500
21023 + 68
21023 + 1500
21023 + 68
21023 + 1500
21023 + 68
21023 + 1500
21023 + 68
21023 + 1500
21023 + 68
21023 + 1500
21023 + 68
21023 + 1500
21023 + 68
21023 + 1500
21023 + 68
21023 + 1500
21023 + 68
21023 + 1500
21023 + 68
21024 # 1504
21024 - 1500 1
21025 # 1504
21025 - 68 2
21026 # 1504
21026 - 1500 3
21026 - 68 3
21027 # 1504
21027 - 1500 4
21027 - 68 4
21027 + 1500
21027 + 68
21028 # 1504
21028 - 1500 5
21028 - 68 5
21029 # 1504
21029 - 1500 6
21029 - 68 6
21030 # 1504
21030 - 1500 7
21030 - 68 7
21031 # 1504
21031 - 1500 8
21031 - 68 8
21032 # 1504
21032 - 1500 9
21032 - 68 9
21032 + 1500
21032 + 68
21033 # 1504
21033 - 1500 10
21033 - 68 10
21034 # 1504
21034 - 1500 11
21034 - 68 11
21035 # 1504
21035 - 1500 12
21035 - 68 12
21036 # 1504
21036 - 1500 13
21036 - 68 13
21037 # 1504
21037 - 1500 10
21037 - 68 10
21037 + 1500
21037 + 68
21038 # 1504
21038 - 1500 6
21038 - 68 6
21039 # 1504
21039 - 1500 2
21039 - 68 2
21040 # 1504
21041 # 1504
21041 + 1500
21041 + 68
21042 # 1504
21042 - 1500 1
21043 # 1504
21043 - 68 2
21044 # 1504
21044 + 1500
21044 + 68
21045 # 1504
21045 - 1500 1
21046 # 1504
21046 - 68 2
21047 # 1504
21048 # 1504
21049 # 1504
21049 + 1500
21049 + 68
21050 # 1504
21050 - 1500 1
21051 # 1504
21051 - 68 2
21052 # 1504
21053 # 1504
21053 + 1500
21053 + 68
21054 # 1504
21054 - 1500 1
21055 # 1504
21055 - 68 2
21056 # 1504
21057 # 1504
21058 # 1504
21059 # 1504
21060 # 1504
21061 # 1504
21062 # 1504
21063 # 1504
21064 # 1504
21065 # 1504
21066 # 1504
21067 # 1504
21068 # 1504
21069 # 1504
21070 # 1504
21071 # 1504
21072 # 1504
21073 # 1504
21074 # 1504
21074 + 1500
21074 + 68
21074 + 1500
21074 + 68
21074 + 1500
21074 + 68
21074 + 1500
21074 + 68
21075 # 1504
21075 - 1500 1
21076 # 1504
21076 - 68 2
21077 # 1504
21077 - 1500 3
21077 - 68 3
21078 # 1504
21078 - 1500 4
21078 - 68 4
21079 # 1504
21079 - 1500 5
21079 - 68 5
21080 # 1504
21081 # 1504
21082 # 1504
21083 # 1504
21084 # 1504
21085 # 1504
21086 # 1504
21087 # 1504
21088 # 1504
21089 # 1504
21089 + 1500
21089 + 68
21089 + 1500
21089 + 68
21089 + 1500
21089 + 68
21090 # 1504
21090 - 1500 1
21091 # 1504
21091 - 68 2
21092 # 1504
21092 - 1500 3
21092 - 68 3
21092 + 1500
21092 + 68
21093 # 1504
21093 - 1500 4
21093 - 68 4
21094 # 1504
21094 - 1500 2
21094 - 68 2
21095 # 1504
21096 # 1504
21097 # 1504
21098 # 1504
21099 # 1504
21100 # 1504
21101 # 1504
21102 # 1504
21103 # 1504
21104 # 1504
21105 # 1504
21106 # 1504
21107 # 1504
21108 # 1504
21109 # 1504
21110 # 1504
21111 # 1504
21112 # 1504
21113 # 1504
21114 # 1504
21114 + 1500
21114 + 68
21114 + 1500
21114 + 68
21114 + 1500
21114 + 68
21114 + 1500
21114 + 68
21115 # 1504
21115 - 1500 1
21116 # 1504
21116 - 68 2
21117 # 1504
21117 - 1500 3
21117 - 68 3
21118 # 1504
21118 - 1500 4
21118 - 68 4
21119 # 1504
21119 - 1500 5
21119 - 68 5
21120 # 1504
21121 # 1504
21122 # 1504
21123 # 1504
21124 # 1504
21125 # 1504
21126 # 1504
21127 # 1504
21127 + 1500
21127 + 68
21127 + 1500
21127 + 68
21127 + 1500
21127 + 68
21128 # 1504
21128 - 1500 1
21129 # 1504
21129 - 68 2
21130 # 1504
21130 - 1500 3
21130 - 68 3
21131 # 1504
21131 - 1500 4
21131 - 68 4
21132 # 1504
21133 # 1504
21134 # 1504
21135 # 1504
21136 # 1504
21137 # 1504
21138 # 1504
21139 # 1504
21140 # 1504
21141 # 1504
21142 # 1504
21143 # 1504
21144 # 1504
21145 # 1504
21146 # 1504
21146 + 1500
21146 + 68
21146 + 1500
21146 + 68
21146 + 1500
21146 + 68
21146 + 1500
21146 + 68
21147 # 1504
21147 - 1500 1
21148 # 1504
21148 - 68 2
21149 # 1504
21149 - 1500 3
21149 - 68 3
21150 # 1504
21150 - 1500 4
21150 - 68 4
21151 # 1504
21151 - 1500 5
21151 - 68 5
21151 + 1500
21151 + 68
21152 # 1504
21152 - 1500 1
21153 # 1504
21153 - 68 2
21154 # 1504
21155 # 1504
21156 # 1504
21157 # 1504
21158 # 1504
21159 # 1504
21160 # 1504
21161 # 1504
21162 # 1504
21163 # 1504
21164 # 1504
21165 # 1504
21166 # 1504
21167 # 1504
21168 # 1504
21169 # 1504
21170 # 1504
21170 + 1500
21170 + 68
21170 + 1500
21170 + 68
21170 + 1500
21170 + 68
21170 + 1500
21170 + 68
21171 # 1504
21171 - 1500 1
21172 # 1504
21172 - 68 2
21173 # 1504
21173 - 1500 3
21173 - 68 3
21174 # 1504
21174 - 1500 4
21174 - 68 4
21175 # 1504
21175 - 1500 5
21175 - 68 5
21176 # 1504
21177 # 1504
21178 # 1504
21179 # 1504
21180 # 1504
21181 # 1504
21182 # 1504
21183 # 1504
21184 # 1504
21185 # 1504
21185 + 1500
21185 + 68
21185 + 1500
21185 + 68
21185 + 1500
21185 + 68
21186 # 1504
21186 - 1500 1
21187 # 1504
21187 - 68 2
21187 + 1500
21188 # 1504
21188 - 1500 3
21188 - 68 3
21188 + 68
21189 # 1504
21189 - 1500 4
21189 - 68 4
21190 # 1504
21190 - 1500 3
21190 - 68 2
21191 # 1504
21192 # 1504
21193 # 1504
21194 # 1504
21195 # 1504
21196 # 1504
21197 # 1504
21198 # 1504
21199 # 1504
21200 # 1504
21201 # 1504
21202 # 1504
21203 # 1504
21204 # 1504
21205 # 1504
21206 # 1504
21207 # 1504
21208 # 1504
21209 # 1504
21210 # 1504
21211 # 1504
21212 # 1504
21212 + 1500
21212 + 68
21212 + 1500
21212 + 68
21212 + 1500
21212 + 68
21212 + 1500
21212 + 68
21212 + 1500
21212 + 68
21212 + 1500
21212 + 68
21212 + 1500
21212 + 68
21212 + 1500
21212 + 68
21213 # 1504
21213 - 1500 1
21214 # 1504
21214 - 68 2
21215 # 1504
21215 - 1500 3
21215 - 68 3
21215 + 1500
21215 + 68
21216 # 1504
21216 - 1500 4
21216 - 68 4
21217 # 1504
21217 - 1500 5
21217 - 68 5
21218 # 1504
21218 - 1500 6
21218 - 68 6
21219 # 1504
21219 - 1500 7
21219 - 68 7
21220 # 1504
21220 - 1500 8
21220 - 68 8
21220 + 1500
21220 + 68
21221 # 1504
21221 - 1500 9
21221 - 68 9
21222 # 1504
21222 - 1500 7
21222 - 68 7
21223 # 1504
21223 - 1500 3
21223 - 68 3
21224 # 1504
21224 + 1500
21224 + 68
21225 # 1504
21225 - 1500 1
21226 # 1504
21226 - 68 2
21227 # 1504
21227 + 1500
21227 + 68
21228 # 1504
21228 - 1500 1
21229 # 1504
21229 - 68 2
21230 # 1504
21231 # 1504
21232 # 1504
21233 # 1504
21234 # 1504
21235 # 1504
21236 # 1504
21237 # 1504
21238 # 1504
21239 # 1504
21240 # 1504
21241 # 1504
21242 # 1504
21243 # 1504
21244 # 1504
21245 # 1504
21246 # 1504
21247 # 1504
21248 # 1504
21249 # 1504
21250 # 1504
21251 # 1504
21252 # 1504
21252 + 1500
21252 + 68
21252 + 1500
21252 + 68
21252 + 1500
21252 + 68
21252 + 1500
21252 + 68
21252 + 1500
21252 + 68
21252 + 1500
21252 + 68
21252 + 1500
21252 + 68
21252 + 1500
21252 + 68
21252 + 1500
21252 + 68
21252 + 1500
21252 + 68
21252 + 1500
21252 + 68
21253 # 1504
21253 - 1500 1
21254 # 1504
21254 - 68 2
21255 # 1504
21255 - 1500 3
21255 - 68 3
21256 # 1504
21256 - 1500 4
21256 - 68 4
21256 + 1500
21256 + 68
21257 # 1504
21257 - 1500 5
21257 - 68 5
21258 # 1504
21258 - 1500 6
21258 - 68 6
21259 # 1504
21259 - 1500 7
21259 - 68 7
21260 # 1504
21260 - 1500 8
21260 - 68 8
21261 # 1504
21261 - 1500 9
21261 - 68 9
21261 + 1500
21261 + 68
21262 # 1504
21262 - 1500 10
21262 - 68 10
21263 # 1504
21263 - 1500 11
21263 - 68 11
21264 # 1504
21264 - 1500 12
21264 - 68 12
21265 # 1504
21265 - 1500 9
21265 - 68 9
21265 + 1500
21265 + 68
21266 # 1504
21266 - 1500 5
21266 - 68 5
21267 # 1504
21267 - 1500 2
21267 - 68 2
21268 # 1504
21269 # 1504
21269 + 1500
21269 + 68
21270 # 1504
21270 - 1500 1
21271 # 1504
21271 - 68 2
21272 # 1504
21272 + 1500
21272 + 68
21273 # 1504
21273 - 1500 1
21274 # 1504
21274 - 68 2
21275 # 1504
21276 # 1504
21276 + 1500
21276 + 68
21276 + 1500
21276 + 68
21277 # 1504
21277 - 1500 1
21278 # 1504
21278 - 68 2
21279 # 1504
21279 - 1500 3
21279 - 68 3
21280 # 1504
21281 # 1504
21282 # 1504
21283 # 1504
21284 # 1504
21285 # 1504
21286 # 1504
21287 # 1504
21288 # 1504
21289 # 1504
21290 # 1504
21291 # 1504
21292 # 1504
21293 # 1504
21294 # 1504
21295 # 1504
21296 # 1504
21297 # 1504
21298 # 1504
21299 # 1504
21300 # 1504
21301 # 1504
21302 # 1504
21303 # 1504
21304 # 1504
21305 # 1504
21306 # 1504
21307 # 1504
21308 # 1504
21309 # 1504
21310 # 1504
21311 # 1504
21312 # 1504
21313 # 1504
21314 # 1504
21315 # 1504
21316 # 1504
21317 # 1504
21318 # 1504
21319 # 1504
21320 # 1504
21321 # 1504
21322 # 1504
21323 # 1504
21324 # 1504
21325 # 1504
21326 # 1504
21327 # 1504
21328 # 1504
21329 # 1504
21330 # 1504
21331 # 1504
21332 # 1504
21333 # 1504
21334 # 1504
21335 # 1504
21336 # 1504
21337 # 1504
21338 # 1504
21339 # 1504
21340 # 1504
21341 # 1504
21342 # 1504
21343 # 1504
21344 # 1504
21345 # 1504
21346 # 1504
21347 # 1504
21348 # 1504
21349 # 1504
21350 # 1504
21351 # 1504
21352 # 1504
21353 # 1504
21354 # 1504
21355 # 1504
21356 # 1504
21357 # 1504
21358 # 1504
21359 # 1504
21360 # 1504
21361 # 1504
21362 # 1504
21363 # 1504
21364 # 1504
21365 # 1504
21366 # 1504
21367 # 1504
21368 # 1504
21369 # 1504
21370 # 1504
21371 # 1504
21372 # 1504
21373 # 1504
21374 # 1504
21375 # 1504
21376 # 1504
21377 # 1504
21378 # 1504
21379 # 1504
21380 # 1504
21381 # 1504
21382 # 1504
21383 # 1504
21384 # 1504
21385 # 1504
21386 # 1504
21387 # 1504
21388 # 1504
21389 # 1504
21390 # 1504
21391 # 1504
21392 # 1504
21393 # 1504
21394 # 1504
21395 # 1504
21396 # 1504
21397 # 1504
21398 # 1504
21399 # 1504
21400 # 1504
21401 # 1504
21402 # 1504
21403 # 1504
21404 # 1504
21405 # 1504
21406 # 1504
21407 # 1504
21408 # 1504
21409 # 1504
21410 # 1504
21411 # 1504
21412 # 1504
21413 # 1504
21414 # 1504
21415 # 1504
21416 # 1504
21417 # 1504
21418 # 1504
21419 # 1504
21420 # 1504
21421 # 1504
21422 # 1504
21423 # 1504
21423 + 1500
21423 + 68
21423 + 1500
21423 + 68
21423 + 1500
21423 + 68
21423 + 1500
21423 + 68
21424 # 1504
21424 - 1500 1
21424 + 1500
21424 + 68
21424 + 1500
21424 + 68
21424 + 1500
21424 + 68
21424 + 1500
21424 + 68
21424 + 1500
21424 + 68
21424 + 1500
21424 + 68
21424 + 1500
21424 + 68
21424 + 1500
21424 + 68
21424 + 1500
21424 + 68
21424 + 1500
21424 + 68
21424 + 1500
21424 + 68
21424 + 1500
21424 + 68
21424 + 1500
21424 + 68
21424 + 1500
21424 + 68
21424 + 1500
21424 + 68
21424 + 1500
21424 + 68
21424 + 1500
21424 + 68
21424 + 1500
21424 + 68
21424 + 1500
21424 + 68
21424 + 1500
21424 + 68
21424 + 1500
21424 + 68
21424 + 1500
21424 + 68
21424 + 1500
21424 + 68
21424 + 1500
21424 + 68
21424 + 1500
21424 + 68
21424 + 1500
21424 + 68
21424 + 1500
21424 + 68
21424 + 1500
21424 + 68
21424 + 1500
21424 + 68
21424 + 1500
21424 + 68
21424 + 1500
21424 + 68
21424 + 1500
21424 + 68
21424 + 1500
21424 + 68
21424 + 1500
21424 + 68
21424 + 1500
21424 + 68
21424 + 1500
21424 + 68
21424 + 1500
21424 + 68
21424 + 1500
21424 + 68
21425 # 1504
21425 - 68 2
21425 + 1500
21425 + 68
21425 + 1500
21425 + 68
21425 + 1500
21425 + 68
21425 + 1500
21425 + 68
21425 + 1500
21425 + 68
21425 + 1500
21425 + 68
21425 + 1500
21425 + 68
21425 + 1500
21425 + 68
21425 + 1500
21425 + 68
21425 + 1500
21425 + 68
21425 + 1500
21425 + 68
21425 + 1500
21425 + 68
21425 + 1500
21425 + 68
21425 + 1500
21425 + 68
21425 + 1500
21425 + 68
21425 + 1500
21425 + 68
21425 + 1500
21425 + 68
21425 + 1500
21425 + 68
21425 + 1500
21425 + 68
21425 + 1500
21425 + 68
21426 # 1504
21426 - 1500 3
21426 - 68 3
21427 # 1504
21427 - 1500 4
21427 - 68 4
21428 # 1504
21428 - 1500 5
21428 - 68 5
21429 # 1504
21429 - 1500 5
21429 - 68 5
21430 # 1504
21430 - 1500 6
21430 - 68 6
21431 # 1504
21431 - 1500 7
21431 - 68 7
21432 # 1504
21432 - 1500 8
21432 - 68 8
21433 # 1504
21433 - 1500 9
21433 - 68 9
21434 # 1504
21434 - 1500 10
21434 - 68 10
21435 # 1504
21435 - 1500 11
21435 - 68 11
21436 # 1504
21436 - 1500 12
21436 - 68 12
21437 # 1504
21437 - 1500 13
21437 - 68 13
21438 # 1504
21438 - 1500 14
21438 - 68 14
21439 # 1504
21439 - 1500 15
21439 - 68 15
21440 # 1504
21440 - 1500 16
21440 - 68 16
21441 # 1504
21441 - 1500 17
21441 - 68 17
21442 # 1504
21442 - 1500 18
21442 - 68 18
21443 # 1504
21443 - 1500 19
21443 - 68 19
21444 # 1504
21444 - 1500 20
21444 - 68 20
21445 # 1504
21445 - 1500 21
21445 - 68 21
21446 # 1504
21446 - 1500 22
21446 - 68 22
21447 # 1504
21447 - 1500 23
21447 - 68 23
21448 # 1504
21448 - 1500 24
21449 # 1504
21449 - 68 25
21450 # 1504
21450 - 1500 26
21450 - 68 26
21451 # 1504
21451 - 1500 27
21451 - 68 27
21452 # 1504
21452 - 1500 28
21452 - 68 28
21452 + 1500
21452 + 68
21453 # 1504
21453 - 1500 29
21453 - 68 29
21454 # 1504
21454 - 1500 30
21454 - 68 30
21454 + 1500
21454 + 68
21455 # 1504
21455 - 1500 31
21455 - 68 31
21456 # 1504
21456 - 1500 32
21456 - 68 32
21457 # 1504
21457 - 1500 33
21457 - 68 33
21457 + 1500
21457 + 68
21458 # 1504
21458 - 1500 34
21458 - 68 34
21459 # 1504
21459 - 1500 35
21459 - 68 35
21460 # 1504
21460 - 1500 36
21460 - 68 36
21461 # 1504
21461 - 1500 37
21461 - 68 37
21462 # 1504
21462 - 1500 38
21462 - 68 38
21462 + 1500
21462 + 68
21463 # 1504
21463 - 1500 39
21463 - 68 39
21464 # 1504
21464 - 1500 40
21464 - 68 40
21465 # 1504
21465 - 1500 41
21465 - 68 41
21466 # 1504
21466 - 1500 42
21466 - 68 42
21467 # 1504
21467 - 1500 43
21467 - 68 43
21468 # 1504
21468 - 1500 43
21468 - 68 43
21469 # 1504
21469 - 1500 44
21469 - 68 44
21470 # 1504
21470 - 1500 45
21470 - 68 45
21471 # 1504
21471 - 1500 46
21471 - 68 46
21472 # 1504
21472 - 1500 47
21472 - 68 47
21473 # 1504
21473 - 1500 48
21474 # 1504
21474 - 68 49
21475 # 1504
21475 - 1500 50
21475 - 68 50
21476 # 1504
21476 - 1500 51
21476 - 68 51
21477 # 1504
21477 - 1500 52
21477 - 68 52
21478 # 1504
21478 - 1500 53
21478 - 68 53
21479 # 1504
21479 - 1500 54
21479 - 68 54
21480 # 1504
21480 - 1500 55
21480 - 68 55
21481 # 1504
21481 - 1500 56
21481 - 68 56
21482 # 1504
21482 - 1500 57
21482 - 68 57
21483 # 1504
21483 - 1500 58
21483 - 68 58
21484 # 1504
21484 - 1500 59
21484 - 68 59
21485 # 1504
21485 - 1500 60
21485 - 68 60
21486 # 1504
21486 - 1500 61
21486 - 68 61
21487 # 1504
21487 - 1500 62
21487 - 68 62
21488 # 1504
21488 - 1500 63
21488 - 68 63
21489 # 1504
21489 - 1500 37
21489 - 68 37
21490 # 1504
21490 - 1500 36
21490 - 68 36
21491 # 1504
21491 - 1500 34
21491 - 68 34
21492 # 1504
21492 - 1500 30
21492 - 68 30
21492 + 1500
21492 + 68
21493 # 1504
21493 - 1500 1
21494 # 1504
21494 - 68 2
21495 # 1504
21496 # 1504
21497 # 1504
21497 + 1500
21497 + 68
21498 # 1504
21498 - 1500 1
21499 # 1504
21499 - 68 2
21500 # 1504
21500 + 1500
21500 + 68
21501 # 1504
21501 - 1500 1
21502 # 1504
21502 - 68 2
21502 + 1500
21502 + 68
21503 # 1504
21503 - 1500 1
21504 # 1504
21504 - 68 2
21505 # 1504
21506 # 1504
21506 + 1500
21506 + 68
21507 # 1504
21507 - 1500 1
21508 # 1504
21508 - 68 2
21509 # 1504
21510 # 1504
21510 + 1500
21510 + 68
21511 # 1504
21511 - 1500 1
21512 # 1504
21512 - 68 2
21513 # 1504
21514 # 1504
21514 + 1500
21514 + 68
21515 # 1504
21515 - 1500 1
21516 # 1504
21516 - 68 2
21517 # 1504
21518 # 1504
21518 + 1500
21518 + 68
21519 # 1504
21519 - 1500 1
21520 # 1504
21520 - 68 2
21521 # 1504
21522 # 1504
21522 + 1500
21522 + 68
21523 # 1504
21523 - 1500 1
21524 # 1504
21524 - 68 2
21525 # 1504
21526 # 1504
21526 + 1500
21526 + 68
21527 # 1504
21527 - 1500 1
21528 # 1504
21528 - 68 2
21529 # 1504
21530 # 1504
21531 # 1504
21532 # 1504
21532 + 1500
21532 + 68
21533 # 1504
21533 - 1500 1
21534 # 1504
21534 - 68 2
21535 # 1504
21536 # 1504
21537 # 1504
21537 + 1500
21537 + 68
21538 # 1504
21538 - 1500 1
21539 # 1504
21539 - 68 2
21540 # 1504
21540 + 1500
21540 + 68
21541 # 1504
21541 - 1500 1
21542 # 1504
21542 - 68 2
21543 # 1504
21544 # 1504
21545 # 1504
21545 + 1500
21545 + 68
21546 # 1504
21546 - 1500 1
21547 # 1504
21547 - 68 2
21548 # 1504
21549 # 1504
21550 # 1504
21550 + 1500
21550 + 68
21551 # 1504
21551 - 1500 1
21552 # 1504
21552 - 68 2
21553 # 1504
21554 # 1504
21554 + 1500
21554 + 68
21555 # 1504
21555 - 1500 1
21556 # 1504
21556 - 68 2
21557 # 1504
21558 # 1504
21559 # 1504
21559 + 1500
21559 + 68
21560 # 1504
21560 - 1500 1
21561 # 1504
21561 - 68 2
21562 # 1504
21563 # 1504
21564 # 1504
21564 + 1500
21564 + 68
21565 # 1504
21565 - 1500 1
21566 # 1504
21566 - 68 2
21567 # 1504
21568 # 1504
21569 # 1504
21569 + 1500
21569 + 68
21570 # 1504
21570 - 1500 1
21571 # 1504
21571 - 68 2
21572 # 1504
21573 # 1504
21574 # 1504
21574 + 1500
21574 + 68
21575 # 1504
21575 - 1500 1
21576 # 1504
21576 - 68 2
21577 # 1504
21578 # 1504
21578 + 1500
21578 + 68
21579 # 1504
21579 - 1500 1
21580 # 1504
21580 - 68 2
21581 # 1504
21582 # 1504
21583 # 1504
21583 + 1500
21583 + 68
21584 # 1504
21584 - 1500 1
21585 # 1504
21585 - 68 2
21586 # 1504
21587 # 1504
21588 # 1504
21589 # 1504
21590 # 1504
21591 # 1504
21591 + 1500
21591 + 68
21592 # 1504
21592 - 1500 1
21593 # 1504
21593 - 68 2
21593 + 1500
21593 + 68
21594 # 1504
21594 - 1500 1
21595 # 1504
21595 - 68 2
21596 # 1504
21596 + 1500
21596 + 68
21597 # 1504
21597 - 1500 1
21598 # 1504
21598 - 68 2
21599 # 1504
21600 # 1504
21601 # 1504
21602 # 1504
21602 + 1500
21602 + 68
21603 # 1504
21603 - 1500 1
21604 # 1504
21604 - 68 2
21605 # 1504
21605 + 1500
21605 + 68
21606 # 1504
21606 - 1500 1
21607 # 1504
21607 - 68 2
21608 # 1504
21609 # 1504
21610 # 1504
21610 + 1500
21610 + 68
21611 # 1504
21611 - 1500 1
21612 # 1504
21612 - 68 2
21613 # 1504
21614 # 1504
21615 # 1504
21615 + 1500
21615 + 68
21616 # 1504
21616 - 1500 1
21617 # 1504
21617 - 68 2
21618 # 1504
21619 # 1504
21620 # 1504
21620 + 1500
21620 + 68
21621 # 1504
21621 - 1500 1
21622 # 1504
21622 - 68 2
21623 # 1504
21624 # 1504
21625 # 1504
21626 # 1504
21626 + 1500
21626 + 68
21627 # 1504
21627 - 1500 1
21628 # 1504
21628 - 68 2
21629 # 1504
21629 + 1500
21629 + 68
21630 # 1504
21630 - 1500 1
21631 # 1504
21631 - 68 2
21632 # 1504
21633 # 1504
21634 # 1504
21634 + 1500
21634 + 68
21635 # 1504
21635 - 1500 1
21636 # 1504
21636 - 68 2
21637 # 1504
21638 # 1504
21639 # 1504
21639 + 1500
21639 + 68
21640 # 1504
21640 - 1500 1
21641 # 1504
21641 - 68 2
21642 # 1504
21643 # 1504
21644 # 1504
21645 # 1504
21646 # 1504
21647 # 1504
21648 # 1504
21649 # 1504
21650 # 1504
21651 # 1504
21652 # 1504
21653 # 1504
21654 # 1504
21655 # 1504
21656 # 1504
21657 # 1504
21658 # 1504
21659 # 1504
21660 # 1504
21661 # 1504
21662 # 1504
21663 # 1504
21664 # 1504
21665 # 1504
21666 # 1504
21667 # 1504
21668 # 1504
21669 # 1504
21670 # 1504
21671 # 1504
21672 # 1504
21673 # 1504
21674 # 1504
21675 # 1504
21676 # 1504
21677 # 1504
21678 # 1504
21679 # 1504
21680 # 1504
21681 # 1504
21682 # 1504
21683 # 1504
21684 # 1504
21685 # 1504
21686 # 1504
21687 # 1504
21688 # 1504
21689 # 1504
21690 # 1504
21691 # 1504
21692 # 1504
21693 # 1504
21694 # 1504
21695 # 1504
21696 # 1504
21697 # 1504
21698 # 1504
21699 # 1504
21700 # 1504
21701 # 1504
21702 # 1504
21703 # 1504
21704 # 1504
21705 # 1504
21706 # 1504
21707 # 1504
21708 # 1504
21709 # 1504
21710 # 1504
21711 # 1504
21712 # 1504
21713 # 1504
21714 # 1504
21715 # 1504
21716 # 1504
21717 # 1504
21718 # 1504
21719 # 1504
21720 # 1504
21721 # 1504
21722 # 1504
21723 # 1504
21724 # 1504
21725 # 1504
21726 # 1504
21727 # 1504
21728 # 1504
21729 # 1504
21730 # 1504
21731 # 1504
21732 # 1504
21733 # 1504
21734 # 1504
21735 # 1504
21736 # 1504
21737 # 1504
21738 # 1504
21739 # 1504
21740 # 1504
21741 # 1504
21742 # 1504
21743 # 1504
21744 # 1504
21745 # 1504
21746 # 1504
21747 # 1504
21748 # 1504
21749 # 1504
21750 # 1504
21751 # 1504
21752 # 1504
21753 # 1504
21754 # 1504
21755 # 1504
21756 # 1504
21757 # 1504
21758 # 1504
21759 # 1504
21760 # 1504
21761 # 1504
21762 # 1504
21763 # 1504
21764 # 1504
21765 # 1504
21766 # 1504
21767 # 1504
21768 # 1504
21769 # 1504
21770 # 1504
21771 # 1504
21772 # 1504
21773 # 1504
21774 # 1504
21775 # 1504
21776 # 1504
21777 # 1504
21778 # 1504
21779 # 1504
21780 # 1504
21781 # 1504
21782 # 1504
21783 # 1504
21784 # 1504
21785 # 1504
21786 # 1504
21787 # 1504
21788 # 1504
21789 # 1504
21790 # 1504
21791 # 1504
21792 # 1504
21793 # 1504
21794 # 1504
21795 # 1504
21796 # 1504
21797 # 1504
21798 # 1504
21798 + 1500
21798 + 68
21798 + 1500
21798 + 68
21798 + 1500
21798 + 68
21798 + 1500
21798 + 68
21798 + 1500
21798 + 68
21798 + 1500
21798 + 68
21798 + 1500
21798 + 68
21798 + 1500
21798 + 68
21798 + 1500
21798 + 68
21798 + 1500
21798 + 68
21798 + 1500
21798 + 68
21798 + 1500
21798 + 68
21798 + 1500
21798 + 68
21798 + 1500
21798 + 68
21798 + 1500
21798 + 68
21798 + 1500
21798 + 68
21798 + 1500
21798 + 68
21798 + 1500
21798 + 68
21798 + 1500
21798 + 68
21798 + 1500
21798 + 68
21798 + 1500
21798 + 68
21798 + 1500
21798 + 68
21798 + 1500
21798 + 68
21798 + 1500
21798 + 68
21798 + 1500
21798 + 68
21798 + 1500
21798 + 68
21798 + 1500
21798 + 68
21798 + 1500
21798 + 68
21798 + 1500
21798 + 68
21798 + 1500
21798 + 68
21798 + 1500
21798 + 68
21798 + 1500
21798 + 68
21798 + 1500
21798 + 68
21799 # 1504
21799 - 1500 1
21800 # 1504
21800 - 68 2
21801 # 1504
21801 - 1500 3
21801 - 68 3
21802 # 1504
21802 - 1500 4
21802 - 68 4
21802 + 1500
21802 + 68
21803 # 1504
21803 - 1500 5
21803 - 68 5
21804 # 1504
21804 - 1500 6
21804 - 68 6
21805 # 1504
21805 - 1500 7
21805 - 68 7
21806 # 1504
21806 - 1500 8
21806 - 68 8
21807 # 1504
21807 - 1500 9
21807 - 68 9
21807 + 1500
21807 + 68
21808 # 1504
21808 - 1500 10
21808 - 68 10
21809 # 1504
21809 - 1500 11
21809 - 68 11
21810 # 1504
21810 - 1500 12
21810 - 68 12
21811 # 1504
21811 - 1500 13
21811 - 68 13
21811 + 1500
21811 + 68
21812 # 1504
21812 - 1500 14
21812 - 68 14
21813 # 1504
21813 - 1500 15
21813 - 68 15
21814 # 1504
21814 - 1500 16
21814 - 68 16
21815 # 1504
21815 - 1500 17
21815 - 68 17
21816 # 1504
21816 - 1500 18
21816 - 68 18
21816 + 1500
21816 + 68
21817 # 1504
21817 - 1500 19
21817 - 68 19
21818 # 1504
21818 - 1500 20
21818 - 68 20
21819 # 1504
21819 - 1500 21
21819 - 68 21
21820 # 1504
21820 - 1500 22
21820 - 68 22
21821 # 1504
21821 - 1500 23
21821 - 68 23
21822 # 1504
21822 - 1500 24
21822 - 68 24
21823 # 1504
21823 - 1500 25
21824 # 1504
21824 - 68 26
21825 # 1504
21825 - 1500 27
21825 - 68 27
21826 # 1504
21826 - 1500 28
21826 - 68 28
21827 # 1504
21827 - 1500 29
21827 - 68 29
21828 # 1504
21828 - 1500 30
21828 - 68 30
21828 + 1500
21828 + 68
21828 + 1500
21828 + 68
21829 # 1504
21829 - 1500 31
21829 - 68 31
21830 # 1504
21830 - 1500 32
21830 - 68 32
21831 # 1504
21831 - 1500 33
21831 - 68 33
21832 # 1504
21832 - 1500 34
21832 - 68 34
21832 + 1500
21832 + 68
21833 # 1504
21833 - 1500 35
21833 - 68 35
21834 # 1504
21834 - 1500 32
21834 - 68 32
21835 # 1504
21835 - 1500 28
21835 - 68 28
21836 # 1504
21836 - 1500 25
21836 - 68 25
21836 + 1500
21836 + 68
21837 # 1504
21837 - 1500 21
21837 - 68 21
21838 # 1504
21838 - 1500 10
21838 - 68 10
21839 # 1504
21839 - 1500 11
21839 - 68 11
21839 + 1500
21839 + 68
21840 # 1504
21840 - 1500 8
21840 - 68 8
21841 # 1504
21841 - 1500 5
21841 - 68 5
21842 # 1504
21842 - 1500 3
21842 - 68 3
21843 # 1504
21843 + 1500
21843 + 68
21844 # 1504
21844 - 1500 1
21845 # 1504
21845 - 68 2
21846 # 1504
21847 # 1504
21847 + 1500
21847 + 68
21848 # 1504
21848 - 1500 1
21849 # 1504
21849 - 68 2
21850 # 1504
21850 + 1500
21850 + 68
21851 # 1504
21851 - 1500 1
21852 # 1504
21852 - 68 2
21853 # 1504
21854 # 1504
21855 # 1504
21856 # 1504
21857 # 1504
21858 # 1504
21859 # 1504
21860 # 1504
21861 # 1504
21862 # 1504
21863 # 1504
21863 + 1500
21863 + 68
21863 + 1500
21863 + 68
21863 + 1500
21863 + 68
21864 # 1504
21864 - 1500 1
21865 # 1504
21865 - 68 2
21866 # 1504
21866 - 1500 3
21866 - 68 3
21867 # 1504
21867 - 1500 4
21867 - 68 4
21867 + 1500
21867 + 68
21868 # 1504
21868 - 1500 1
21869 # 1504
21869 - 68 2
21870 # 1504
21871 # 1504
21872 # 1504
21872 + 1500
21872 + 68
21873 # 1504
21873 - 1500 1
21874 # 1504
21874 - 68 2
21875 # 1504
21876 # 1504
21876 + 1500
21876 + 68
21877 # 1504
21877 - 1500 1
21878 # 1504
21878 - 68 2
21879 # 1504
21880 # 1504
21881 # 1504
21881 + 1500
21881 + 68
21882 # 1504
21882 - 1500 1
21883 # 1504
21883 - 68 2
21884 # 1504
21885 # 1504
21886 # 1504
21886 + 1500
21886 + 68
21887 # 1504
21887 - 1500 1
21888 # 1504
21888 - 68 2
21889 # 1504
21890 # 1504
21890 + 1500
21890 + 68
21891 # 1504
21891 - 1500 1
21892 # 1504
21892 - 68 2
21893 # 1504
21894 # 1504
21895 # 1504
21896 # 1504
21897 # 1504
21898 # 1504
21899 # 1504
21900 # 1504
21901 # 1504
21902 # 1504
21903 # 1504
21904 # 1504
21905 # 1504
21906 # 1504
21907 # 1504
21908 # 1504
21909 # 1504
21910 # 1504
21911 # 1504
21912 # 1504
21913 # 1504
21914 # 1504
21915 # 1504
21916 # 1504
21917 # 1504
21918 # 1504
21919 # 1504
21920 # 1504
21921 # 1504
21922 # 1504
21923 # 1504
21924 # 1504
21925 # 1504
21926 # 1504
21927 # 1504
21928 # 1504
21929 # 1504
21930 # 1504
21931 # 1504
21932 # 1504
21933 # 1504
21934 # 1504
21935 # 1504
21936 # 1504
21937 # 1504
21938 # 1504
21939 # 1504
21940 # 1504
21941 # 1504
21942 # 1504
21943 # 1504
21944 # 1504
21945 # 1504
21946 # 1504
21947 # 1504
21948 # 1504
21949 # 1504
21950 # 1504
21951 # 1504
21952 # 1504
21953 # 1504
21954 # 1504
21955 # 1504
21956 # 1504
21957 # 1504
21958 # 1504
21959 # 1504
21960 # 1504
21961 # 1504
21962 # 1504
21963 # 1504
21964 # 1504
21965 # 1504
21966 # 1504
21967 # 1504
21968 # 1504
21969 # 1504
21970 # 1504
21971 # 1504
21972 # 1504
21973 # 1504
21974 # 1504
21975 # 1504
21976 # 1504
21977 # 1504
21978 # 1504
21979 # 1504
21980 # 1504
21981 # 1504
21982 # 1504
21983 # 1504
21984 # 1504
21985 # 1504
21986 # 1504
21987 # 1504
21988 # 1504
21989 # 1504
21990 # 1504
21991 # 1504
21992 # 1504
21993 # 1504
21994 # 1504
21995 # 1504
21996 # 1504
21997 # 1504
21998 # 1504
21999 # 1504
22000 # 1504
22001 # 1504
22002 # 1504
22003 # 1504
22004 # 1504
22005 # 1504
22006 # 1504
22007 # 1504
22008 # 1504
22009 # 1504
22010 # 1504
22011 # 1504
22012 # 1504
22013 # 1504
22014 # 1504
22015 # 1504
22016 # 1504
22017 # 1504
22018 # 1504
22019 # 1504
22020 # 1504
22021 # 1504
22022 # 1504
22023 # 1504
22024 # 1504
22025 # 1504
22026 # 1504
22027 # 1504
22028 # 1504
22029 # 1504
22030 # 1504
22031 # 1504
22032 # 1504
22033 # 1504
22034 # 1504
22035 # 1504
22036 # 1504
22037 # 1504
22038 # 1504
22038 + 1500
22038 + 68
22038 + 1500
22038 + 68
22038 + 1500
22038 + 68
22038 + 1500
22038 + 68
22038 + 1500
22038 + 68
22038 + 1500
22038 + 68
22038 + 1500
22038 + 68
22038 + 1500
22038 + 68
22038 + 1500
22038 + 68
22038 + 1500
22038 + 68
22038 + 1500
22038 + 68
22038 + 1500
22038 + 68
22038 + 1500
22038 + 68
22039 # 1504
22039 - 1500 1
22039 + 1500
22039 + 68
22039 + 1500
22039 + 68
22039 + 1500
22039 + 68
22039 + 1500
22039 + 68
22039 + 1500
22039 + 68
22039 + 1500
22039 + 68
22039 + 1500
22039 + 68
22039 + 1500
22039 + 68
22039 + 1500
22039 + 68
22039 + 1500
22039 + 68
22039 + 1500
22039 + 68
22039 + 1500
22039 + 68
22039 + 1500
22039 + 68
22039 + 1500
22039 + 68
22039 + 1500
22039 + 68
22039 + 1500
22039 + 68
22039 + 1500
22039 + 68
22039 + 1500
22039 + 68
22040 # 1504
22040 - 68 2
22041 # 1504
22041 - 1500 3
22041 - 68 3
22042 # 1504
22042 - 1500 4
22042 - 68 4
22043 # 1504
22043 - 1500 5
22043 - 68 5
22044 # 1504
22044 - 1500 6
22044 - 68 6
22044 + 1500
22044 + 68
22045 # 1504
22045 - 1500 7
22045 - 68 7
22046 # 1504
22046 - 1500 8
22046 - 68 8
22047 # 1504
22047 - 1500 9
22047 - 68 9
22048 # 1504
22048 - 1500 10
22048 - 68 10
22049 # 1504
22049 - 1500 11
22049 - 68 11
22049 + 1500
22049 + 68
22050 # 1504
22050 - 1500 12
22050 - 68 12
22051 # 1504
22051 - 1500 13
22051 - 68 13
22052 # 1504
22052 - 1500 14
22052 - 68 14
22053 # 1504
22053 - 1500 14
22053 - 68 14
22054 # 1504
22054 - 1500 15
22054 - 68 15
22054 + 1500
22054 + 68
22055 # 1504
22055 - 1500 16
22055 - 68 16
22056 # 1504
22056 - 1500 17
22056 - 68 17
22057 # 1504
22057 - 1500 18
22057 - 68 18
22058 # 1504
22058 - 1500 19
22058 - 68 19
22058 + 1500
22058 + 68
22059 # 1504
22059 - 1500 20
22059 - 68 20
22060 # 1504
22060 - 1500 21
22060 - 68 21
22061 # 1504
22061 - 1500 22
22061 - 68 22
22062 # 1504
22062 - 1500 23
22062 - 68 23
22063 # 1504
22063 - 1500 24
22064 # 1504
22064 - 68 25
22064 + 1500
22064 + 68
22065 # 1504
22065 - 1500 26
22065 - 68 26
22065 + 1500
22065 + 68
22066 # 1504
22066 - 1500 27
22066 - 68 27
22067 # 1504
22067 - 1500 28
22067 - 68 28
22068 # 1504
22068 - 1500 29
22068 - 68 29
22069 # 1504
22069 - 1500 30
22069 - 68 30
22069 + 1500
22069 + 68
22070 # 1504
22070 - 1500 31
22070 - 68 31
22071 # 1504
22071 - 1500 32
22071 - 68 32
22072 # 1504
22072 - 1500 28
22072 - 68 28
22073 # 1504
22073 - 1500 24
22073 - 68 24
22073 + 1500
22073 + 68
22074 # 1504
22074 - 1500 20
22074 - 68 20
22075 # 1504
22075 - 1500 17
22075 - 68 17
22076 # 1504
22076 - 1500 12
22076 - 68 12
22076 + 1500
22076 + 68
22077 # 1504
22077 - 1500 12
22077 - 68 12
22078 # 1504
22078 - 1500 9
22078 - 68 9
22079 # 1504
22079 - 1500 6
22079 - 68 6
22080 # 1504
22080 - 1500 4
22080 - 68 4
22081 # 1504
22081 + 1500
22081 + 68
22082 # 1504
22082 - 1500 1
22083 # 1504
22083 - 68 2
22084 # 1504
22084 + 1500
22084 + 68
22085 # 1504
22085 - 1500 1
22086 # 1504
22086 - 68 2
22087 # 1504
22088 # 1504
22088 + 1500
22088 + 68
22089 # 1504
22089 - 1500 1
22090 # 1504
22090 - 68 2
22091 # 1504
22092 # 1504
22092 + 1500
22092 + 68
22093 # 1504
22093 - 1500 1
22094 # 1504
22094 - 68 2
22095 # 1504
22096 # 1504
22097 # 1504
22098 # 1504
22099 # 1504
22100 # 1504
22101 # 1504
22102 # 1504
22103 # 1504
22104 # 1504
22105 # 1504
22106 # 1504
22107 # 1504
22108 # 1504
22109 # 1504
22110 # 1504
22111 # 1504
22112 # 1504
22113 # 1504
22113 + 1500
22113 + 68
22113 + 1500
22113 + 68
22113 + 1500
22114 # 1504
22114 - 1500 1
22114 + 68
22114 + 1500
22114 + 68
22114 + 1500
22114 + 68
22115 # 1504
22115 - 68 2
22116 # 1504
22116 - 1500 3
22116 - 68 3
22116 + 1500
22116 + 68
22117 # 1504
22117 - 1500 4
22117 - 68 3
22117 + 1500
22117 + 68
22118 # 1504
22118 - 1500 4
22118 - 68 4
22119 # 1504
22119 - 1500 5
22119 - 68 5
22120 # 1504
22120 - 1500 4
22120 - 68 4
22121 # 1504
22121 - 1500 4
22121 - 68 4
22122 # 1504
22122 + 1500
22122 + 68
22123 # 1504
22123 - 1500 1
22124 # 1504
22124 - 68 2
22125 # 1504
22126 # 1504
22126 + 1500
22126 + 68
22127 # 1504
22127 - 1500 1
22128 # 1504
22128 - 68 2
22129 # 1504
22129 + 1500
22129 + 68
22130 # 1504
22130 - 1500 1
22131 # 1504
22131 - 68 2
22132 # 1504
22133 # 1504
22134 # 1504
22134 + 1500
22134 + 68
22135 # 1504
22135 - 1500 1
22136 # 1504
22136 - 68 2
22137 # 1504
22138 # 1504
22139 # 1504
22139 + 1500
22139 + 68
22140 # 1504
22140 - 1500 1
22141 # 1504
22141 - 68 2
22142 # 1504
22143 # 1504
22144 # 1504
22144 + 1500
22144 + 68
22145 # 1504
22145 - 1500 1
22146 # 1504
22146 - 68 2
22147 # 1504
22148 # 1504
22149 # 1504
22149 + 1500
22149 + 68
22150 # 1504
22150 - 1500 1
22151 # 1504
22151 - 68 2
22152 # 1504
22152 + 1500
22152 + 68
22153 # 1504
22153 - 1500 1
22154 # 1504
22154 - 68 2
22155 # 1504
22156 # 1504
22157 # 1504
22158 # 1504
22159 # 1504
22160 # 1504
22161 # 1504
22162 # 1504
22163 # 1504
22164 # 1504
22165 # 1504
22166 # 1504
22167 # 1504
22168 # 1504
22169 # 1504
22170 # 1504
22171 # 1504
22172 # 1504
22173 # 1504
22174 # 1504
22175 # 1504
22176 # 1504
22177 # 1504
22178 # 1504
22179 # 1504
22180 # 1504
22181 # 1504
22182 # 1504
22183 # 1504
22184 # 1504
22185 # 1504
22186 # 1504
22187 # 1504
22188 # 1504
22189 # 1504
22190 # 1504
22191 # 1504
22192 # 1504
22193 # 1504
22194 # 1504
22195 # 1504
22196 # 1504
22197 # 1504
22198 # 1504
22199 # 1504
22200 # 1504
22201 # 1504
22202 # 1504
22203 # 1504
22204 # 1504
22205 # 1504
22206 # 1504
22207 # 1504
22208 # 1504
22209 # 1504
22210 # 1504
22211 # 1504
22212 # 1504
22213 # 1504
22214 # 1504
22215 # 1504
22216 # 1504
22217 # 1504
22218 # 1504
22219 # 1504
22220 # 1504
22221 # 1504
22222 # 1504
22223 # 1504
22224 # 1504
22225 # 1504
22226 # 1504
22227 # 1504
22228 # 1504
22229 # 1504
22230 # 1504
22231 # 1504
22232 # 1504
22233 # 1504
22234 # 1504
22235 # 1504
22236 # 1504
22237 # 1504
22238 # 1504
22239 # 1504
22240 # 1504
22241 # 1504
22242 # 1504
22243 # 1504
22244 # 1504
22245 # 1504
22246 # 1504
22247 # 1504
22248 # 1504
22249 # 1504
22250 # 1504
22251 # 1504
22252 # 1504
22253 # 1504
22254 # 1504
22255 # 1504
22256 # 1504
22257 # 1504
22258 # 1504
22259 # 1504
22260 # 1504
22261 # 1504
22262 # 1504
22263 # 1504
22264 # 1504
22265 # 1504
22266 # 1504
22267 # 1504
22268 # 1504
22269 # 1504
22270 # 1504
22271 # 1504
22272 # 1504
22273 # 1504
22274 # 1504
22275 # 1504
22276 # 1504
22277 # 1504
22278 # 1504
22279 # 1504
22280 # 1504
22281 # 1504
22282 # 1504
22283 # 1504
22284 # 1504
22285 # 1504
22286 # 1504
22287 # 1504
22288 # 1504
22289 # 1504
22290 # 1504
22291 # 1504
22292 # 1504
22293 # 1504
22294 # 1504
22295 # 1504
22296 # 1504
22297 # 1504
22298 # 1504
22299 # 1504
22300 # 1504
22301 # 1504
22302 # 1504
22303 # 1504
22304 # 1504
22305 # 1504
22306 # 1504
22307 # 1504
22308 # 1504
22309 # 1504
22310 # 1504
22311 # 1504
22312 # 1504
22313 # 1504
22314 # 1504
22315 # 1504
22316 # 1504
22317 # 1504
22318 # 1504
22319 # 1504
22320 # 1504
22321 # 1504
22322 # 1504
22323 # 1504
22324 # 1504
22325 # 1504
22326 # 1504
22327 # 1504
22328 # 1504
22329 # 1504
22330 # 1504
22331 # 1504
22332 # 1504
22333 # 1504
22334 # 1504
22335 # 1504
22336 # 1504
22337 # 1504
22338 # 1504
22339 # 1504
22340 # 1504
22341 # 1504
22342 # 1504
22343 # 1504
22344 # 1504
22345 # 1504
22346 # 1504
22347 # 1504
22348 # 1504
22349 # 1504
22350 # 1504
22351 # 1504
22352 # 1504
22353 # 1504
22354 # 1504
22355 # 1504
22356 # 1504
22357 # 1504
22358 # 1504
22359 # 1504
22360 # 1504
22361 # 1504
22362 # 1504
22363 # 1504
22364 # 1504
22365 # 1504
22366 # 1504
22367 # 1504
22368 # 1504
22369 # 1504
22370 # 1504
22371 # 1504
22372 # 1504
22372 + 1500
22372 + 68
22372 + 1500
22372 + 68
22372 + 1500
22372 + 68
22372 + 1500
22372 + 68
22372 + 1500
22372 + 68
22372 + 1500
22372 + 68
22372 + 1500
22372 + 68
22372 + 1500
22372 + 68
22372 + 1500
22372 + 68
22372 + 1500
22372 + 68
22372 + 1500
22372 + 68
22372 + 1500
22372 + 68
22372 + 1500
22372 + 68
22372 + 1500
22372 + 68
22372 + 1500
22372 + 68
22372 + 1500
22372 + 68
22372 + 1500
22372 + 68
22372 + 1500
22372 + 68
22372 + 1500
22372 + 68
22372 + 1500
22372 + 68
22372 + 1500
22372 + 68
22372 + 1500
22372 + 68
22372 + 1500
22372 + 68
22372 + 1500
22372 + 68
22373 # 1504
22373 - 1500 1
22373 + 1500
22373 + 68
22373 + 1500
22373 + 68
22373 + 1500
22373 + 68
22373 + 1500
22373 + 68
22373 + 1500
22373 + 68
22373 + 1500
22373 + 68
22373 + 1500
22373 + 68
22373 + 1500
22373 + 68
22373 + 1500
22373 + 68
22373 + 1500
22373 + 68
22373 + 1500
22373 + 68
22373 + 1500
22373 + 68
22373 + 1500
22373 + 68
22373 + 1500
22373 + 68
22373 + 1500
22373 + 68
22373 + 1500
22373 + 68
22373 + 1500
22373 + 68
22374 # 1504
22374 - 68 2
22375 # 1504
22375 - 1500 3
22375 - 68 3
22376 # 1504
22376 - 1500 4
22376 - 68 4
22377 # 1504
22377 - 1500 5
22377 - 68 5
22378 # 1504
22378 - 1500 6
22378 - 68 6
22379 # 1504
22379 - 1500 7
22379 - 68 7
22380 # 1504
22380 - 1500 8
22380 - 68 8
22381 # 1504
22381 - 1500 9
22381 - 68 9
22382 # 1504
22382 - 1500 10
22382 - 68 10
22383 # 1504
22383 - 1500 11
22383 - 68 11
22384 # 1504
22384 - 1500 12
22384 - 68 12
22385 # 1504
22385 - 1500 13
22385 - 68 13
22386 # 1504
22386 - 1500 14
22386 - 68 14
22387 # 1504
22387 - 1500 15
22387 - 68 15
22388 # 1504
22388 - 1500 16
22388 - 68 16
22389 # 1504
22389 - 1500 17
22389 - 68 17
22390 # 1504
22390 - 1500 18
22390 - 68 18
22391 # 1504
22391 - 1500 19
22391 - 68 19
22392 # 1504
22392 - 1500 20
22392 - 68 20
22393 # 1504
22393 - 1500 21
22393 - 68 21
22394 # 1504
22394 - 1500 22
22394 - 68 22
22395 # 1504
22395 - 1500 23
22395 - 68 23
22396 # 1504
22396 - 1500 24
22396 - 68 24
22397 # 1504
22397 - 1500 25
22398 # 1504
22398 - 68 26
22399 # 1504
22399 - 1500 26
22399 - 68 26
22400 # 1504
22400 - 1500 27
22400 - 68 27
22401 # 1504
22401 - 1500 28
22401 - 68 28
22402 # 1504
22402 - 1500 29
22402 - 68 29
22403 # 1504
22403 - 1500 30
22403 - 68 30
22404 # 1504
22404 - 1500 31
22404 - 68 31
22405 # 1504
22405 - 1500 32
22405 - 68 32
22405 + 1500
22405 + 68
22405 + 1500
22405 + 68
22405 + 1500
22405 + 68
22405 + 1500
22405 + 68
22406 # 1504
22406 - 1500 33
22406 - 68 33
22407 # 1504
22407 - 1500 34
22407 - 68 34
22408 # 1504
22408 - 1500 35
22408 - 68 35
22408 + 1500
22408 + 68
22409 # 1504
22409 - 1500 36
22409 - 68 36
22410 # 1504
22410 - 1500 37
22410 - 68 37
22411 # 1504
22411 - 1500 38
22411 - 68 38
22412 # 1504
22412 - 1500 39
22412 - 68 39
22412 + 1500
22412 + 68
22413 # 1504
22413 - 1500 40
22413 - 68 40
22414 # 1504
22414 - 1500 41
22414 - 68 41
22415 # 1504
22415 - 1500 42
22415 - 68 42
22416 # 1504
22416 - 1500 11
22416 - 68 11
22416 + 1500
22416 + 68
22417 # 1504
22417 - 1500 12
22417 - 68 12
22418 # 1504
22418 - 1500 13
22418 - 68 13
22419 # 1504
22419 - 1500 14
22419 - 68 14
22420 # 1504
22420 - 1500 12
22420 - 68 12
22421 # 1504
22421 - 1500 9
22421 - 68 9
22422 # 1504
22422 - 1500 6
22423 # 1504
22423 - 68 7
22424 # 1504
22425 # 1504
22426 # 1504
22427 # 1504
22428 # 1504
22429 # 1504
22430 # 1504
22431 # 1504
22432 # 1504
22433 # 1504
22434 # 1504
22435 # 1504
22436 # 1504
22437 # 1504
22438 # 1504
22439 # 1504
22440 # 1504
22441 # 1504
22442 # 1504
22443 # 1504
22444 # 1504
22445 # 1504
22446 # 1504
22447 # 1504
22448 # 1504
22449 # 1504
22450 # 1504
22451 # 1504
22452 # 1504
22453 # 1504
22454 # 1504
22455 # 1504
22456 # 1504
22457 # 1504
22458 # 1504
22459 # 1504
22460 # 1504
22461 # 1504
22462 # 1504
22463 # 1504
22464 # 1504
22465 # 1504
22465 + 1500
22465 + 68
22465 + 1500
22465 + 68
22465 + 1500
22466 # 1504
22466 - 1500 1
22466 + 68
22466 + 1500
22466 + 68
22466 + 1500
22466 + 68
22466 + 1500
22466 + 68
22466 + 1500
22466 + 68
22466 + 1500
22466 + 68
22466 + 1500
22466 + 68
22466 + 1500
22466 + 68
22466 + 1500
22466 + 68
22466 + 1500
22466 + 68
22467 # 1504
22467 - 68 2
22468 # 1504
22468 - 1500 3
22468 - 68 3
22468 + 1500
22468 + 68
22468 + 1500
22468 + 68
22469 # 1504
22469 - 1500 4
22469 - 68 3
22470 # 1504
22470 - 1500 4
22470 - 68 4
22471 # 1504
22471 - 1500 5
22471 - 68 5
22472 # 1504
22472 - 1500 6
22472 - 68 6
22473 # 1504
22473 - 1500 7
22473 - 68 7
22473 + 1500
22473 + 68
22474 # 1504
22474 - 1500 8
22474 - 68 8
22475 # 1504
22475 - 1500 9
22475 - 68 9
22476 # 1504
22476 - 1500 10
22476 - 68 10
22477 # 1504
22477 - 1500 11
22477 - 68 11
22477 + 1500
22477 + 68
22478 # 1504
22478 - 1500 12
22478 - 68 12
22479 # 1504
22479 - 1500 11
22479 - 68 11
22480 # 1504
22480 - 1500 12
22480 - 68 12
22480 + 1500
22480 + 68
22481 # 1504
22481 - 1500 8
22481 - 68 8
22482 # 1504
22482 - 1500 5
22482 - 68 5
22483 # 1504
22483 - 1500 3
22483 - 68 3
22484 # 1504
22484 + 1500
22484 + 68
22485 # 1504
22485 - 1500 1
22486 # 1504
22486 - 68 2
22487 # 1504
22487 + 1500
22487 + 68
22488 # 1504
22488 - 1500 1
22489 # 1504
22489 - 68 2
22490 # 1504
22490 + 1500
22490 + 68
22491 # 1504
22491 - 1500 1
22492 # 1504
22492 - 68 2
22492 + 1500
22492 + 68
22493 # 1504
22493 - 1500 1
22494 # 1504
22494 - 68 2
22494 + 1500
22494 + 68
22495 # 1504
22495 - 1500 1
22496 # 1504
22496 - 68 2
22497 # 1504
22498 # 1504
22498 + 1500
22498 + 68
22499 # 1504
22499 - 1500 1
22500 # 1504
22500 - 68 2
22501 # 1504
22501 + 1500
22501 + 68
22502 # 1504
22502 - 1500 1
22503 # 1504
22503 - 68 2
22503 + 1500
22503 + 68
22504 # 1504
22504 - 1500 1
22505 # 1504
22505 - 68 2
22506 # 1504
22506 + 1500
22506 + 68
22507 # 1504
22507 - 1500 1
22508 # 1504
22508 - 68 2
22508 + 1500
22508 + 68
22509 # 1504
22509 - 1500 1
22510 # 1504
22510 - 68 2
22510 + 1500
22510 + 68
22511 # 1504
22511 - 1500 1
22512 # 1504
22512 - 68 2
22513 # 1504
22513 + 1500
22513 + 68
22514 # 1504
22514 - 1500 1
22515 # 1504
22515 - 68 2
22516 # 1504
22517 # 1504
22517 + 1500
22517 + 68
22518 # 1504
22518 - 1500 1
22519 # 1504
22519 - 68 2
22520 # 1504
22521 # 1504
22521 + 1500
22521 + 68
22522 # 1504
22522 - 1500 1
22523 # 1504
22523 - 68 2
22524 # 1504
22525 # 1504
22525 + 1500
22525 + 68
22526 # 1504
22526 - 1500 1
22527 # 1504
22527 - 68 2
22528 # 1504
22528 + 1500
22528 + 68
22529 # 1504
22529 - 1500 1
22530 # 1504
22530 - 68 2
22531 # 1504
22532 # 1504
22532 + 1500
22532 + 68
22533 # 1504
22533 - 1500 1
22534 # 1504
22534 - 68 2
22535 # 1504
22535 + 1500
22535 + 68
22536 # 1504
22536 - 1500 1
22537 # 1504
22537 - 68 2
22538 # 1504
22538 + 1500
22538 + 68
22539 # 1504
22539 - 1500 1
22540 # 1504
22540 - 68 2
22541 # 1504
22541 + 1500
22541 + 68
22542 # 1504
22542 - 1500 1
22543 # 1504
22543 - 68 2
22544 # 1504
22544 + 1500
22544 + 68
22545 # 1504
22545 - 1500 1
22546 # 1504
22546 - 68 2
22547 # 1504
22548 # 1504
22549 # 1504
22550 # 1504
22550 + 1500
22550 + 68
22551 # 1504
22551 - 1500 1
22552 # 1504
22552 - 68 2
22553 # 1504
22554 # 1504
22555 # 1504
22556 # 1504
22557 # 1504
22558 # 1504
22559 # 1504
22560 # 1504
22561 # 1504
22562 # 1504
22563 # 1504
22564 # 1504
22565 # 1504
22566 # 1504
22567 # 1504
22568 # 1504
22569 # 1504
22570 # 1504
22571 # 1504
22572 # 1504
22573 # 1504
22574 # 1504
22575 # 1504
22576 # 1504
22577 # 1504
22578 # 1504
22579 # 1504
22580 # 1504
22581 # 1504
22582 # 1504
22583 # 1504
22584 # 1504
22585 # 1504
22586 # 1504
22587 # 1504
22588 # 1504
22589 # 1504
22590 # 1504
22591 # 1504
22592 # 1504
22593 # 1504
22594 # 1504
22595 # 1504
22596 # 1504
22597 # 1504
22598 # 1504
22599 # 1504
22600 # 1504
22601 # 1504
22602 # 1504
22603 # 1504
22604 # 1504
22605 # 1504
22606 # 1504
22606 + 1500
22606 + 68
22606 + 1500
22606 + 68
22606 + 1500
22606 + 68
22606 + 1500
22606 + 68
22606 + 1500
22606 + 68
22606 + 1500
22606 + 68
22606 + 1500
22606 + 68
22606 + 1500
22606 + 68
22606 + 1500
22606 + 68
22606 + 1500
22606 + 68
22606 + 1500
22606 + 68
22606 + 1500
22606 + 68
22607 # 1504
22607 - 1500 1
22608 # 1504
22608 - 68 2
22609 # 1504
22609 - 1500 3
22609 - 68 3
22610 # 1504
22610 - 1500 4
22610 - 68 4
22611 # 1504
22611 - 1500 5
22611 - 68 5
22611 + 1500
22611 + 68
22612 # 1504
22612 - 1500 6
22612 - 68 6
22613 # 1504
22613 - 1500 7
22613 - 68 7
22614 # 1504
22614 - 1500 8
22614 - 68 8
22615 # 1504
22615 - 1500 9
22615 - 68 9
22616 # 1504
22616 - 1500 10
22616 - 68 10
22617 # 1504
22617 - 1500 11
22617 - 68 11
22618 # 1504
22618 - 1500 12
22618 - 68 12
22619 # 1504
22619 - 1500 13
22619 - 68 13
22620 # 1504
22620 - 1500 9
22620 - 68 9
22621 # 1504
22622 # 1504
22623 # 1504
22624 # 1504
22625 # 1504
22626 # 1504
22627 # 1504
22627 + 1500
22627 + 68
22627 + 1500
22627 + 68
22627 + 1500
22627 + 68
22628 # 1504
22628 - 1500 1
22629 # 1504
22629 - 68 2
22630 # 1504
22630 - 1500 3
22630 - 68 3
22631 # 1504
22631 - 1500 4
22631 - 68 4
22632 # 1504
22632 + 1500
22632 + 68
22633 # 1504
22633 - 1500 1
22634 # 1504
22634 - 68 2
22635 # 1504
22635 + 1500
22635 + 68
22636 # 1504
22636 - 1500 1
22637 # 1504
22637 - 68 2
22638 # 1504
22639 # 1504
22640 # 1504
22641 # 1504
22642 # 1504
22643 # 1504
22644 # 1504
22645 # 1504
22646 # 1504
22647 # 1504
22648 # 1504
22649 # 1504
22650 # 1504
22651 # 1504
22652 # 1504
22653 # 1504
22654 # 1504
22655 # 1504
22656 # 1504
22657 # 1504
22658 # 1504
22659 # 1504
22660 # 1504
22661 # 1504
22662 # 1504
22663 # 1504
22664 # 1504
22665 # 1504
22666 # 1504
22667 # 1504
22668 # 1504
22669 # 1504
22670 # 1504
22671 # 1504
22672 # 1504
22673 # 1504
22674 # 1504
22675 # 1504
22676 # 1504
22677 # 1504
22678 # 1504
22679 # 1504
22680 # 1504
22681 # 1504
22682 # 1504
22683 # 1504
22684 # 1504
22685 # 1504
22686 # 1504
22687 # 1504
22688 # 1504
22689 # 1504
22690 # 1504
22691 # 1504
22692 # 1504
22692 + 1500
22692 + 68
22692 + 1500
22692 + 68
22692 + 1500
22692 + 68
22692 + 1500
22692 + 68
22692 + 1500
22692 + 68
22692 + 1500
22692 + 68
22692 + 1500
22692 + 68
22692 + 1500
22692 + 68
22692 + 1500
22692 + 68
22692 + 1500
22692 + 68
22692 + 1500
22692 + 68
22692 + 1500
22692 + 68
22692 + 1500
22692 + 68
22692 + 1500
22692 + 68
22693 # 1504
22693 - 1500 1
22694 # 1504
22694 - 68 2
22695 # 1504
22695 - 1500 3
22695 - 68 3
22695 + 1500
22695 + 68
22696 # 1504
22696 - 1500 4
22696 - 68 4
22697 # 1504
22697 - 1500 5
22697 - 68 5
22698 # 1504
22698 - 1500 6
22698 - 68 6
22699 # 1504
22699 - 1500 7
22699 - 68 7
22699 + 1500
22699 + 68
22700 # 1504
22700 - 1500 8
22700 - 68 8
22701 # 1504
22701 - 1500 9
22701 - 68 9
22702 # 1504
22702 - 1500 10
22702 - 68 10
22703 # 1504
22703 - 1500 11
22703 - 68 11
22704 # 1504
22704 - 1500 12
22704 - 68 12
22705 # 1504
22705 - 1500 13
22705 - 68 13
22706 # 1504
22706 - 1500 14
22706 - 68 14
22707 # 1504
22707 - 1500 15
22707 - 68 15
22708 # 1504
22708 - 1500 13
22708 - 68 13
22709 # 1504
22709 - 1500 10
22709 - 68 10
22710 # 1504
22711 # 1504
22712 # 1504
22713 # 1504
22714 # 1504
22714 + 1500
22714 + 68
22714 + 1500
22714 + 68
22714 + 1500
22714 + 68
22715 # 1504
22715 - 1500 1
22716 # 1504
22716 - 68 2
22717 # 1504
22717 - 1500 3
22717 - 68 3
22717 + 1500
22717 + 68
22718 # 1504
22718 - 1500 4
22718 - 68 4
22719 # 1504
22719 - 1500 2
22719 - 68 2
22720 # 1504
22721 # 1504
22721 + 1500
22721 + 68
22722 # 1504
22722 - 1500 1
22723 # 1504
22723 - 68 2
22724 # 1504
22725 # 1504
22725 + 1500
22725 + 68
22726 # 1504
22726 - 1500 1
22727 # 1504
22727 - 68 2
22728 # 1504
22729 # 1504
22729 + 1500
22729 + 68
22730 # 1504
22730 - 1500 1
22731 # 1504
22731 - 68 2
22732 # 1504
22733 # 1504
22734 # 1504
22735 # 1504
22736 # 1504
22737 # 1504
22738 # 1504
22739 # 1504
22740 # 1504
22741 # 1504
22742 # 1504
22743 # 1504
22744 # 1504
22745 # 1504
22746 # 1504
22747 # 1504
22748 # 1504
22749 # 1504
22750 # 1504
22751 # 1504
22752 # 1504
22753 # 1504
22754 # 1504
22755 # 1504
22756 # 1504
22757 # 1504
22758 # 1504
22759 # 1504
22760 # 1504
22761 # 1504
22762 # 1504
22763 # 1504
22764 # 1504
22765 # 1504
22766 # 1504
22767 # 1504
22768 # 1504
22769 # 1504
22770 # 1504
22771 # 1504
22772 # 1504
22773 # 1504
22774 # 1504
22775 # 1504
22776 # 1504
22777 # 1504
22778 # 1504
22779 # 1504
22780 # 1504
22781 # 1504
22782 # 1504
22783 # 1504
22784 # 1504
22785 # 1504
22786 # 1504
22787 # 1504
22788 # 1504
22789 # 1504
22790 # 1504
22791 # 1504
22792 # 1504
22793 # 1504
22794 # 1504
22795 # 1504
22796 # 1504
22797 # 1504
22798 # 1504
22799 # 1504
22800 # 1504
22801 # 1504
22802 # 1504
22803 # 1504
22804 # 1504
22804 + 1500
22804 + 68
22804 + 1500
22804 + 68
22804 + 1500
22804 + 68
22804 + 1500
22804 + 68
22804 + 1500
22804 + 68
22804 + 1500
22804 + 68
22804 + 1500
22804 + 68
22804 + 1500
22804 + 68
22804 + 1500
22804 + 68
22804 + 1500
22804 + 68
22804 + 1500
22804 + 68
22804 + 1500
22804 + 68
22804 + 1500
22804 + 68
22804 + 1500
22804 + 68
22804 + 1500
22804 + 68
22804 + 1500
22805 # 1504
22805 - 1500 1
22805 + 68
22805 + 1500
22805 + 68
22805 + 1500
22805 + 68
22805 + 1500
22805 + 68
22806 # 1504
22806 - 68 2
22807 # 1504
22807 - 1500 3
22807 - 68 3
22808 # 1504
22808 - 1500 4
22808 - 68 4
22809 # 1504
22809 - 1500 5
22809 - 68 5
22809 + 1500
22809 + 68
22810 # 1504
22810 - 1500 6
22810 - 68 6
22811 # 1504
22811 - 1500 7
22811 - 68 7
22812 # 1504
22812 - 1500 8
22812 - 68 8
22813 # 1504
22813 - 1500 9
22813 - 68 9
22814 # 1504
22814 - 1500 10
22814 - 68 10
22814 + 1500
22814 + 68
22815 # 1504
22815 - 1500 11
22815 - 68 11
22816 # 1504
22816 - 1500 12
22816 - 68 12
22817 # 1504
22817 - 1500 13
22817 - 68 13
22818 # 1504
22818 - 1500 14
22818 - 68 14
22819 # 1504
22819 - 1500 15
22819 - 68 15
22819 + 1500
22819 + 68
22820 # 1504
22820 - 1500 16
22820 - 68 16
22821 # 1504
22821 - 1500 17
22821 - 68 16
22822 # 1504
22822 - 1500 17
22822 - 68 17
22822 + 1500
22822 + 68
22823 # 1504
22823 - 1500 18
22823 - 68 18
22824 # 1504
22824 - 1500 19
22824 - 68 19
22825 # 1504
22825 - 1500 16
22825 - 68 16
22826 # 1504
22826 - 1500 12
22826 - 68 12
22826 + 1500
22826 + 68
22827 # 1504
22827 - 1500 8
22827 - 68 8
22828 # 1504
22828 - 1500 6
22828 - 68 6
22829 # 1504
22829 - 1500 3
22829 + 1500
22830 # 1504
22830 - 68 4
22830 + 68
22831 # 1504
22831 - 1500 2
22831 - 68 1
22832 # 1504
22833 # 1504
22834 # 1504
22835 # 1504
22836 # 1504
22837 # 1504
22838 # 1504
22839 # 1504
22840 # 1504
22841 # 1504
22842 # 1504
22843 # 1504
22844 # 1504
22845 # 1504
22846 # 1504
22847 # 1504
22848 # 1504
22849 # 1504
22850 # 1504
22851 # 1504
22852 # 1504
22853 # 1504
22854 # 1504
22855 # 1504
22856 # 1504
22857 # 1504
22858 # 1504
22859 # 1504
22860 # 1504
22861 # 1504
22862 # 1504
22862 + 1500
22862 + 68
22862 + 1500
22862 + 68
22862 + 1500
22862 + 68
22862 + 1500
22862 + 68
22862 + 1500
22862 + 68
22862 + 1500
22862 + 68
22862 + 1500
22862 + 68
22862 + 1500
22862 + 68
22862 + 1500
22862 + 68
22863 # 1504
22863 - 1500 1
22864 # 1504
22864 - 68 2
22865 # 1504
22865 - 1500 3
22865 - 68 3
22866 # 1504
22866 - 1500 4
22866 - 68 4
22867 # 1504
22867 - 1500 5
22867 - 68 5
22867 + 1500
22867 + 68
22868 # 1504
22868 - 1500 6
22868 - 68 6
22869 # 1504
22869 - 1500 7
22869 - 68 7
22870 # 1504
22870 - 1500 8
22870 - 68 8
22871 # 1504
22871 - 1500 9
22871 - 68 9
22872 # 1504
22872 - 1500 10
22872 - 68 10
22873 # 1504
22873 - 1500 6
22873 - 68 6
22874 # 1504
22875 # 1504
22876 # 1504
22877 # 1504
22878 # 1504
22879 # 1504
22880 # 1504
22881 # 1504
22882 # 1504
22883 # 1504
22884 # 1504
22885 # 1504
22886 # 1504
22887 # 1504
22888 # 1504
22889 # 1504
22890 # 1504
22891 # 1504
22892 # 1504
22893 # 1504
22894 # 1504
22895 # 1504
22896 # 1504
22897 # 1504
22898 # 1504
22899 # 1504
22900 # 1504
22901 # 1504
22902 # 1504
22903 # 1504
22904 # 1504
22905 # 1504
22906 # 1504
22907 # 1504
22908 # 1504
22909 # 1504
22910 # 1504
22911 # 1504
22912 # 1504
22913 # 1504
22914 # 1504
22915 # 1504
22916 # 1504
22917 # 1504
22918 # 1504
22919 # 1504
22920 # 1504
22921 # 1504
22922 # 1504
22923 # 1504
22924 # 1504
22925 # 1504
22926 # 1504
22927 # 1504
22928 # 1504
22929 # 1504
22930 # 1504
22931 # 1504
22932 # 1504
22933 # 1504
22934 # 1504
22935 # 1504
22936 # 1504
22937 # 1504
22938 # 1504
22939 # 1504
22940 # 1504
22941 # 1504
22941 + 1500
22941 + 68
22941 + 1500
22941 + 68
22941 + 1500
22941 + 68
22941 + 1500
22941 + 68
22941 + 1500
22941 + 68
22941 + 1500
22941 + 68
22941 + 1500
22941 + 68
22941 + 1500
22941 + 68
22941 + 1500
22941 + 68
22941 + 1500
22941 + 68
22941 + 1500
22941 + 68
22941 + 1500
22941 + 68
22941 + 1500
22941 + 68
22941 + 1500
22941 + 68
22941 + 1500
22941 + 68
22942 # 1504
22942 - 1500 1
22943 # 1504
22943 - 68 2
22943 + 1500
22943 + 68
22944 # 1504
22944 - 1500 3
22944 - 68 3
22945 # 1504
22945 - 1500 4
22945 - 68 4
22946 # 1504
22946 - 1500 5
22946 - 68 5
22947 # 1504
22947 - 1500 6
22947 - 68 6
22948 # 1504
22948 - 1500 7
22948 - 68 7
22948 + 1500
22948 + 68
22949 # 1504
22949 - 1500 8
22949 - 68 8
22950 # 1504
22950 - 1500 9
22950 - 68 9
22951 # 1504
22951 - 1500 10
22951 - 68 10
22952 # 1504
22952 - 1500 11
22952 - 68 11
22952 + 1500
22952 + 68
22953 # 1504
22953 - 1500 12
22953 - 68 12
22954 # 1504
22954 - 1500 13
22954 - 68 13
22955 # 1504
22955 - 1500 14
22955 - 68 14
22956 # 1504
22956 - 1500 15
22956 - 68 15
22957 # 1504
22957 - 1500 16
22957 - 68 16
22958 # 1504
22958 - 1500 15
22958 - 68 15
22959 # 1504
22959 - 1500 11
22959 - 68 11
22960 # 1504
22960 - 1500 8
22960 - 68 8
22961 # 1504
22962 # 1504
22963 # 1504
22964 # 1504
22965 # 1504
22966 # 1504
22967 # 1504
22968 # 1504
22969 # 1504
22970 # 1504
22971 # 1504
22972 # 1504
22973 # 1504
22974 # 1504
22975 # 1504
22976 # 1504
22977 # 1504
22978 # 1504
22979 # 1504
22980 # 1504
22980 + 1500
22980 + 68
22981 # 1504
22981 - 1500 1
22981 + 1500
22981 + 68
22981 + 1500
22981 + 68
22981 + 1500
22981 + 68
22981 + 1500
22981 + 68
22981 + 1500
22981 + 68
22982 # 1504
22982 - 68 2
22983 # 1504
22983 - 1500 2
22983 - 68 2
22983 + 1500
22983 + 68
22984 # 1504
22984 - 1500 3
22984 - 68 3
22984 + 1500
22984 + 68
22985 # 1504
22985 - 1500 4
22985 - 68 4
22986 # 1504
22986 - 1500 5
22986 - 68 5
22987 # 1504
22987 - 1500 6
22987 - 68 6
22988 # 1504
22988 - 1500 5
22988 - 68 5
22988 + 1500
22988 + 68
22989 # 1504
22989 - 1500 5
22989 - 68 5
22990 # 1504
22990 - 1500 2
22990 - 68 2
22991 # 1504
22991 + 1500
22991 + 68
22992 # 1504
22992 - 1500 1
22993 # 1504
22993 - 68 2
22993 + 1500
22993 + 68
22994 # 1504
22994 - 1500 1
22995 # 1504
22995 - 68 2
22996 # 1504
22997 # 1504
22998 # 1504
22999 # 1504
23000 # 1504
23001 # 1504
23002 # 1504
23003 # 1504
23004 # 1504
23005 # 1504
23006 # 1504
23007 # 1504
23008 # 1504
23009 # 1504
23010 # 1504
23011 # 1504
23012 # 1504
23013 # 1504
23014 # 1504
23015 # 1504
23015 + 1500
23015 + 68
23015 + 1500
23015 + 68
23015 + 1500
23015 + 68
23015 + 1500
23015 + 68
23015 + 1500
23015 + 68
23016 # 1504
23016 - 1500 1
23017 # 1504
23017 - 68 2
23017 + 1500
23017 + 68
23018 # 1504
23018 - 1500 3
23018 - 68 3
23019 # 1504
23019 - 1500 4
23019 - 68 4
23020 # 1504
23020 - 1500 5
23020 - 68 5
23021 # 1504
23021 - 1500 6
23021 - 68 6
23022 # 1504
23022 - 1500 5
23022 - 68 5
23022 + 1500
23022 + 68
23023 # 1504
23023 - 1500 1
23024 # 1504
23024 - 68 2
23025 # 1504
23026 # 1504
23026 + 1500
23026 + 68
23027 # 1504
23027 - 1500 1
23028 # 1504
23028 - 68 2
23029 # 1504
23030 # 1504
23030 + 1500
23030 + 68
23031 # 1504
23031 - 1500 1
23032 # 1504
23032 - 68 2
23033 # 1504
23034 # 1504
23034 + 1500
23034 + 68
23035 # 1504
23035 - 1500 1
23036 # 1504
23036 - 68 2
23037 # 1504
23038 # 1504
23039 # 1504
23040 # 1504
23041 # 1504
23042 # 1504
23043 # 1504
23044 # 1504
23045 # 1504
23046 # 1504
23047 # 1504
23048 # 1504
23049 # 1504
23050 # 1504
23051 # 1504
23052 # 1504
23053 # 1504
23054 # 1504
23055 # 1504
23056 # 1504
23057 # 1504
23058 # 1504
23059 # 1504
23060 # 1504
23061 # 1504
23062 # 1504
23063 # 1504
23064 # 1504
23065 # 1504
23066 # 1504
23067 # 1504
23068 # 1504
23069 # 1504
23070 # 1504
23071 # 1504
23072 # 1504
23073 # 1504
23073 + 1500
23073 + 68
23073 + 1500
23073 + 68
23073 + 1500
23073 + 68
23073 + 1500
23073 + 68
23073 + 1500
23073 + 68
23073 + 1500
23073 + 68
23073 + 1500
23073 + 68
23073 + 1500
23073 + 68
23074 # 1504
23074 - 1500 1
23075 # 1504
23075 - 68 2
23076 # 1504
23076 - 1500 3
23076 - 68 3
23077 # 1504
23077 - 1500 4
23077 - 68 4
23077 + 1500
23077 + 68
23078 # 1504
23078 - 1500 5
23078 - 68 5
23079 # 1504
23079 - 1500 6
23079 - 68 6
23080 # 1504
23080 - 1500 7
23080 - 68 7
23081 # 1504
23081 - 1500 8
23081 - 68 8
23082 # 1504
23082 - 1500 9
23082 - 68 9
23082 + 1500
23082 + 68
23083 # 1504
23083 - 1500 6
23083 - 68 6
23084 # 1504
23084 - 1500 2
23084 - 68 2
23085 # 1504
23086 # 1504
23087 # 1504
23087 + 1500
23087 + 68
23088 # 1504
23088 - 1500 1
23089 # 1504
23089 - 68 2
23090 # 1504
23091 # 1504
23092 # 1504
23092 + 1500
23092 + 68
23093 # 1504
23093 - 1500 1
23094 # 1504
23094 - 68 2
23095 # 1504
23096 # 1504
23097 # 1504
23098 # 1504
23099 # 1504
23100 # 1504
23100 + 1500
23100 + 68
23101 # 1504
23101 - 1500 1
23102 # 1504
23102 - 68 2
23103 # 1504
23104 # 1504
23105 # 1504
23106 # 1504
23107 # 1504
23108 # 1504
23109 # 1504
23110 # 1504
23111 # 1504
23112 # 1504
23113 # 1504
23114 # 1504
23115 # 1504
23116 # 1504
23117 # 1504
23118 # 1504
23119 # 1504
23120 # 1504
23121 # 1504
23122 # 1504
23123 # 1504
23124 # 1504
23125 # 1504
23126 # 1504
23127 # 1504
23128 # 1504
23129 # 1504
23130 # 1504
23131 # 1504
23132 # 1504
23133 # 1504
23134 # 1504
23135 # 1504
23136 # 1504
23137 # 1504
23138 # 1504
23139 # 1504
23140 # 1504
23141 # 1504
23142 # 1504
23143 # 1504
23144 # 1504
23145 # 1504
23146 # 1504
23147 # 1504
23148 # 1504
23149 # 1504
23150 # 1504
23151 # 1504
23152 # 1504
23153 # 1504
23154 # 1504
23155 # 1504
23156 # 1504
23157 # 1504
23158 # 1504
23159 # 1504
23160 # 1504
23161 # 1504
23162 # 1504
23163 # 1504
23164 # 1504
23165 # 1504
23166 # 1504
23167 # 1504
23168 # 1504
23169 # 1504
23170 # 1504
23171 # 1504
23172 # 1504
23173 # 1504
23174 # 1504
23175 # 1504
23176 # 1504
23177 # 1504
23178 # 1504
23179 # 1504
23180 # 1504
23181 # 1504
23182 # 1504
23183 # 1504
23184 # 1504
23185 # 1504
23186 # 1504
23187 # 1504
23188 # 1504
23189 # 1504
23190 # 1504
23191 # 1504
23192 # 1504
23193 # 1504
23194 # 1504
23195 # 1504
23196 # 1504
23197 # 1504
23198 # 1504
23199 # 1504
23200 # 1504
23201 # 1504
23202 # 1504
23203 # 1504
23204 # 1504
23205 # 1504
23206 # 1504
23207 # 1504
23208 # 1504
23209 # 1504
23210 # 1504
23211 # 1504
23212 # 1504
23213 # 1504
23214 # 1504
23215 # 1504
23216 # 1504
23217 # 1504
23218 # 1504
23219 # 1504
23220 # 1504
23221 # 1504
23222 # 1504
23223 # 1504
23224 # 1504
23225 # 1504
23226 # 1504
23227 # 1504
23228 # 1504
23229 # 1504
23230 # 1504
23231 # 1504
23232 # 1504
23233 # 1504
23234 # 1504
23235 # 1504
23236 # 1504
23237 # 1504
23238 # 1504
23239 # 1504
23240 # 1504
23241 # 1504
23242 # 1504
23243 # 1504
23244 # 1504
23245 # 1504
23246 # 1504
23247 # 1504
23248 # 1504
23249 # 1504
23250 # 1504
23251 # 1504
23252 # 1504
23252 + 1500
23252 + 68
23252 + 1500
23252 + 68
23252 + 1500
23252 + 68
23252 + 1500
23252 + 68
23252 + 1500
23252 + 68
23252 + 1500
23252 + 68
23252 + 1500
23252 + 68
23252 + 1500
23252 + 68
23252 + 1500
23252 + 68
23252 + 1500
23252 + 68
23252 + 1500
23252 + 68
23252 + 1500
23252 + 68
23252 + 1500
23252 + 68
23252 + 1500
23252 + 68
23252 + 1500
23252 + 68
23252 + 1500
23252 + 68
23252 + 1500
23252 + 68
23252 + 1500
23252 + 68
23252 + 1500
23253 # 1504
23253 - 1500 1
23253 + 68
23253 + 1500
23253 + 68
23253 + 1500
23253 + 68
23253 + 1500
23253 + 68
23253 + 1500
23253 + 68
23253 + 1500
23253 + 68
23253 + 1500
23253 + 68
23253 + 1500
23253 + 68
23253 + 1500
23253 + 68
23253 + 1500
23253 + 68
23253 + 1500
23253 + 68
23253 + 1500
23253 + 68
23253 + 1500
23253 + 68
23253 + 1500
23253 + 68
23254 # 1504
23254 - 68 2
23255 # 1504
23255 - 1500 3
23255 - 68 3
23255 + 1500
23255 + 68
23256 # 1504
23256 - 1500 4
23256 - 68 4
23257 # 1504
23257 - 1500 5
23257 - 68 5
23258 # 1504
23258 - 1500 6
23258 - 68 6
23259 # 1504
23259 - 1500 7
23259 - 68 7
23259 + 1500
23259 + 68
23260 # 1504
23260 - 1500 8
23260 - 68 8
23261 # 1504
23261 - 1500 9
23261 - 68 9
23262 # 1504
23262 - 1500 10
23262 - 68 10
23263 # 1504
23263 - 1500 11
23263 - 68 11
23264 # 1504
23264 - 1500 12
23264 - 68 12
23264 + 1500
23264 + 68
23265 # 1504
23265 - 1500 13
23265 - 68 13
23266 # 1504
23266 - 1500 14
23266 - 68 14
23267 # 1504
23267 - 1500 15
23267 - 68 15
23268 # 1504
23268 - 1500 16
23268 - 68 16
23269 # 1504
23269 - 1500 17
23269 - 68 17
23269 + 1500
23269 + 68
23270 # 1504
23270 - 1500 18
23270 - 68 18
23271 # 1504
23271 - 1500 19
23271 - 68 19
23272 # 1504
23272 - 1500 20
23272 - 68 19
23273 # 1504
23273 - 1500 20
23273 - 68 20
23274 # 1504
23274 - 1500 21
23274 - 68 21
23274 + 1500
23274 + 68
23275 # 1504
23275 - 1500 22
23275 - 68 22
23276 # 1504
23276 - 1500 23
23276 - 68 23
23277 # 1504
23277 - 1500 24
23277 + 1500
23277 + 68
23278 # 1504
23278 - 68 25
23279 # 1504
23279 - 1500 26
23279 - 68 26
23280 # 1504
23280 - 1500 27
23280 - 68 27
23281 # 1504
23281 - 1500 28
23281 - 68 28
23282 # 1504
23282 - 1500 29
23282 - 68 29
23283 # 1504
23283 - 1500 30
23283 - 68 30
23284 # 1504
23284 - 1500 31
23284 - 68 31
23285 # 1504
23285 - 1500 32
23285 - 68 32
23286 # 1504
23286 - 1500 33
23286 - 68 33
23287 # 1504
23287 - 1500 32
23287 - 68 32
23288 # 1504
23288 - 1500 29
23288 - 68 29
23289 # 1504
23289 - 1500 25
23289 - 68 25
23290 # 1504
23290 - 1500 21
23290 - 68 21
23291 # 1504
23291 - 1500 17
23291 - 68 17
23292 # 1504
23292 - 1500 15
23292 - 68 15
23293 # 1504
23294 # 1504
23295 # 1504
23296 # 1504
23297 # 1504
23298 # 1504
23299 # 1504
23300 # 1504
23301 # 1504
23302 # 1504
23303 # 1504
23304 # 1504
23305 # 1504
23306 # 1504
23307 # 1504
23308 # 1504
23309 # 1504
23310 # 1504
23311 # 1504
23312 # 1504
23313 # 1504
23314 # 1504
23315 # 1504
23315 + 1500
23315 + 68
23315 + 1500
23315 + 68
23315 + 1500
23315 + 68
23315 + 1500
23315 + 68
23315 + 1500
23315 + 68
23315 + 1500
23315 + 68
23315 + 1500
23315 + 68
23315 + 1500
23315 + 68
23315 + 1500
23315 + 68
23315 + 1500
23315 + 68
23316 # 1504
23316 - 1500 1
23317 # 1504
23317 - 68 2
23317 + 1500
23317 + 68
23318 # 1504
23318 - 1500 3
23318 - 68 3
23319 # 1504
23319 - 1500 4
23319 - 68 4
23320 # 1504
23320 - 1500 5
23320 - 68 5
23321 # 1504
23321 - 1500 6
23321 - 68 6
23322 # 1504
23322 - 1500 7
23322 - 68 7
23323 # 1504
23323 - 1500 8
23323 - 68 8
23324 # 1504
23324 - 1500 9
23324 - 68 9
23325 # 1504
23325 - 1500 10
23325 - 68 10
23326 # 1504
23326 - 1500 11
23326 - 68 11
23327 # 1504
23327 - 1500 10
23327 - 68 10
23328 # 1504
23329 # 1504
23330 # 1504
23331 # 1504
23332 # 1504
23333 # 1504
23334 # 1504
23335 # 1504
23336 # 1504
23337 # 1504
23338 # 1504
23339 # 1504
23340 # 1504
23341 # 1504
23342 # 1504
23343 # 1504
23344 # 1504
23345 # 1504
23346 # 1504
23347 # 1504
23348 # 1504
23349 # 1504
23350 # 1504
23351 # 1504
23352 # 1504
23353 # 1504
23354 # 1504
23355 # 1504
23356 # 1504
23357 # 1504
23358 # 1504
23359 # 1504
23360 # 1504
23361 # 1504
23362 # 1504
23363 # 1504
23364 # 1504
23365 # 1504
23366 # 1504
23367 # 1504
23368 # 1504
23369 # 1504
23370 # 1504
23371 # 1504
23372 # 1504
23373 # 1504
23374 # 1504
23375 # 1504
23376 # 1504
23377 # 1504
23378 # 1504
23379 # 1504
23380 # 1504
23381 # 1504
23382 # 1504
23383 # 1504
23384 # 1504
23385 # 1504
23386 # 1504
23387 # 1504
23388 # 1504
23389 # 1504
23390 # 1504
23391 # 1504
23392 # 1504
23393 # 1504
23394 # 1504
23395 # 1504
23396 # 1504
23397 # 1504
23398 # 1504
23399 # 1504
23400 # 1504
23401 # 1504
23402 # 1504
23403 # 1504
23404 # 1504
23405 # 1504
23406 # 1504
23407 # 1504
23408 # 1504
23409 # 1504
23410 # 1504
23411 # 1504
23412 # 1504
23413 # 1504
23414 # 1504
23415 # 1504
23416 # 1504
23417 # 1504
23418 # 1504
23419 # 1504
23420 # 1504
23421 # 1504
23422 # 1504
23423 # 1504
23424 # 1504
23425 # 1504
23426 # 1504
23427 # 1504
23428 # 1504
23429 # 1504
23430 # 1504
23431 # 1504
23432 # 1504
23433 # 1504
23434 # 1504
23435 # 1504
23436 # 1504
23437 # 1504
23438 # 1504
23439 # 1504
23440 # 1504
23441 # 1504
23442 # 1504
23443 # 1504
23444 # 1504
23445 # 1504
23446 # 1504
23447 # 1504
23448 # 1504
23449 # 1504
23450 # 1504
23451 # 1504
23452 # 1504
23453 # 1504
23454 # 1504
23455 # 1504
23456 # 1504
23457 # 1504
23458 # 1504
23459 # 1504
23460 # 1504
23461 # 1504
23462 # 1504
23463 # 1504
23464 # 1504
23465 # 1504
23466 # 1504
23467 # 1504
23468 # 1504
23469 # 1504
23470 # 1504
23471 # 1504
23472 # 1504
23473 # 1504
23474 # 1504
23475 # 1504
23476 # 1504
23477 # 1504
23478 # 1504
23479 # 1504
23480 # 1504
23481 # 1504
23482 # 1504
23483 # 1504
23484 # 1504
23485 # 1504
23486 # 1504
23487 # 1504
23488 # 1504
23489 # 1504
23490 # 1504
23491 # 1504
23492 # 1504
23493 # 1504
23494 # 1504
23495 # 1504
23496 # 1504
23497 # 1504
23498 # 1504
23499 # 1504
23500 # 1504
23501 # 1504
23502 # 1504
23503 # 1504
23504 # 1504
23505 # 1504
23505 + 1500
23506 # 1504
23506 - 1500 1
23506 + 68
23506 + 1500
23506 + 68
23506 + 1500
23506 + 68
23506 + 1500
23506 + 68
23506 + 1500
23506 + 68
23506 + 1500
23506 + 68
23506 + 1500
23506 + 68
23506 + 1500
23506 + 68
23506 + 1500
23506 + 68
23506 + 1500
23506 + 68
23506 + 1500
23506 + 68
23506 + 1500
23506 + 68
23506 + 1500
23506 + 68
23506 + 1500
23506 + 68
23506 + 1500
23506 + 68
23506 + 1500
23506 + 68
23506 + 1500
23506 + 68
23506 + 1500
23506 + 68
23506 + 1500
23506 + 68
23506 + 1500
23506 + 68
23506 + 1500
23506 + 68
23506 + 1500
23506 + 68
23506 + 1500
23506 + 68
23506 + 1500
23506 + 68
23506 + 1500
23506 + 68
23506 + 1500
23506 + 68
23506 + 1500
23506 + 68
23506 + 1500
23506 + 68
23506 + 1500
23506 + 68
23506 + 1500
23506 + 68
23506 + 1500
23506 + 68
23506 + 1500
23506 + 68
23506 + 1500
23506 + 68
23506 + 1500
23506 + 68
23506 + 1500
23506 + 68
23506 + 1500
23506 + 68
23506 + 1500
23506 + 68
23506 + 1500
23506 + 68
23506 + 1500
23506 + 68
23506 + 1500
23506 + 68
23506 + 1500
23506 + 68
23506 + 1500
23506 + 68
23506 + 1500
23506 + 68
23506 + 1500
23506 + 68
23506 + 1500
23506 + 68
23506 + 1500
23506 + 68
23506 + 1500
23506 + 68
23506 + 1500
23506 + 68
23506 + 1500
23506 + 68
23506 + 1500
23506 + 68
23506 + 1500
23506 + 68
23506 + 1500
23506 + 68
23507 # 1504
23507 - 68 1
23508 # 1504
23508 - 1500 2
23508 - 68 2
23508 + 1500
23508 + 68
23509 # 1504
23509 - 1500 3
23509 - 68 3
23510 # 1504
23510 - 1500 4
23510 - 68 4
23511 # 1504
23511 - 1500 5
23511 - 68 5
23512 # 1504
23512 - 1500 6
23512 - 68 6
23513 # 1504
23513 - 1500 7
23513 - 68 7
23514 # 1504
23514 - 1500 8
23514 - 68 8
23515 # 1504
23515 - 1500 9
23515 - 68 9
23516 # 1504
23516 - 1500 10
23516 - 68 10
23517 # 1504
23517 - 1500 11
23517 - 68 11
23518 # 1504
23518 - 1500 12
23518 - 68 12
23519 # 1504
23519 - 1500 13
23519 - 68 13
23520 # 1504
23520 - 1500 14
23520 - 68 14
23521 # 1504
23521 - 1500 15
23521 - 68 15
23522 # 1504
23522 - 1500 16
23522 - 68 16
23523 # 1504
23523 - 1500 17
23523 - 68 17
23524 # 1504
23524 - 1500 18
23524 - 68 18
23525 # 1504
23525 - 1500 19
23525 - 68 19
23526 # 1504
23526 - 1500 20
23526 - 68 20
23527 # 1504
23527 - 1500 21
23527 - 68 21
23528 # 1504
23528 - 1500 22
23528 - 68 22
23529 # 1504
23529 - 1500 23
23529 - 68 23
23530 # 1504
23530 - 1500 24
23531 # 1504
23531 - 68 25
23532 # 1504
23532 - 1500 26
23532 - 68 26
23533 # 1504
23533 - 1500 27
23533 - 68 27
23534 # 1504
23534 - 1500 28
23534 - 68 28
23535 # 1504
23535 - 1500 29
23535 - 68 29
23536 # 1504
23536 - 1500 30
23536 - 68 30
23537 # 1504
23537 - 1500 31
23537 - 68 31
23538 # 1504
23538 - 1500 32
23538 - 68 32
23539 # 1504
23539 - 1500 33
23539 - 68 33
23540 # 1504
23540 - 1500 34
23540 - 68 34
23541 # 1504
23541 - 1500 35
23541 - 68 35
23542 # 1504
23542 - 1500 36
23542 - 68 36
23543 # 1504
23543 - 1500 37
23543 - 68 37
23544 # 1504
23544 - 1500 38
23544 - 68 38
23545 # 1504
23545 - 1500 39
23545 - 68 39
23546 # 1504
23546 - 1500 40
23546 - 68 40
23547 # 1504
23547 - 1500 41
23547 - 68 41
23548 # 1504
23548 - 1500 42
23548 - 68 42
23549 # 1504
23549 - 1500 43
23549 - 68 43
23550 # 1504
23550 - 1500 44
23550 - 68 44
23551 # 1504
23551 - 1500 45
23551 - 68 45
23552 # 1504
23552 - 1500 46
23552 - 68 46
23553 # 1504
23553 - 1500 47
23553 - 68 47
23554 # 1504
23554 - 1500 48
23554 + 1500
23554 + 68
23555 # 1504
23555 - 68 49
23555 - 1500 49
23555 + 1500
23555 + 68
23555 + 1500
23555 + 68
23555 + 1500
23555 + 68
23556 # 1504
23556 - 68 50
23556 + 1500
23556 + 68
23557 # 1504
23557 - 1500 51
23557 - 68 51
23557 + 1500
23557 + 68
23557 + 1500
23557 + 68
23558 # 1504
23558 - 1500 52
23558 - 68 52
23558 + 1500
23558 + 68
23558 + 1500
23558 + 68
23559 # 1504
23559 - 1500 53
23559 - 68 53
23559 + 1500
23559 + 68
23559 + 1500
23559 + 68
23560 # 1504
23560 - 1500 54
23560 - 68 54
23560 + 1500
23560 + 68
23561 # 1504
23561 - 1500 53
23561 - 68 53
23561 + 1500
23561 + 68
23561 + 1500
23561 + 68
23562 # 1504
23562 - 1500 8
23562 - 68 8
23562 + 1500
23562 + 68
23562 + 1500
23562 + 68
23563 # 1504
23563 - 1500 8
23563 - 68 8
23563 + 1500
23563 + 68
23563 + 1500
23563 + 68
23564 # 1504
23564 - 1500 9
23564 - 68 9
23564 + 1500
23564 + 68
23565 # 1504
23565 - 1500 10
23565 - 68 10
23566 # 1504
23566 - 1500 10
23566 - 68 10
23567 # 1504
23567 - 1500 10
23567 - 68 10
23568 # 1504
23568 - 1500 11
23568 - 68 11
23569 # 1504
23569 - 1500 11
23569 - 68 11
23570 # 1504
23570 - 1500 12
23570 - 68 12
23571 # 1504
23571 - 1500 12
23571 - 68 12
23572 # 1504
23572 - 1500 13
23572 - 68 13
23573 # 1504
23573 - 1500 13
23573 - 68 13
23574 # 1504
23574 - 1500 13
23574 - 68 13
23575 # 1504
23575 - 1500 14
23575 - 68 14
23576 # 1504
23576 - 1500 14
23576 - 68 14
23577 # 1504
23577 - 1500 15
23577 - 68 15
23578 # 1504
23578 - 1500 15
23578 - 68 15
23579 # 1504
23579 - 1500 16
23580 # 1504
23580 - 68 17
23581 # 1504
23581 - 1500 17
23581 - 68 17
23582 # 1504
23583 # 1504
23584 # 1504
23585 # 1504
23586 # 1504
23587 # 1504
23588 # 1504
23589 # 1504
23590 # 1504
23591 # 1504
23592 # 1504
23593 # 1504
23594 # 1504
23595 # 1504
23596 # 1504
23597 # 1504
23598 # 1504
23599 # 1504
23600 # 1504
23601 # 1504
23602 # 1504
23603 # 1504
23604 # 1504
23605 # 1504
23606 # 1504
23607 # 1504
23608 # 1504
23609 # 1504
23609 + 1500
23609 + 68
23609 + 1500
23609 + 68
23609 + 1500
23609 + 68
23609 + 1500
23609 + 68
23609 + 1500
23609 + 68
23609 + 1500
23609 + 68
23609 + 1500
23609 + 68
23609 + 1500
23609 + 68
23609 + 1500
23609 + 68
23609 + 1500
23609 + 68
23609 + 1500
23609 + 68
23610 # 1504
23610 - 1500 1
23611 # 1504
23611 - 68 2
23611 + 1500
23611 + 68
23612 # 1504
23612 - 1500 3
23612 - 68 3
23613 # 1504
23613 - 1500 4
23613 - 68 4
23614 # 1504
23614 - 1500 5
23614 - 68 5
23615 # 1504
23615 - 1500 6
23615 - 68 6
23615 + 1500
23615 + 68
23616 # 1504
23616 - 1500 7
23616 - 68 7
23617 # 1504
23617 - 1500 8
23617 - 68 8
23618 # 1504
23618 - 1500 9
23618 - 68 9
23619 # 1504
23619 - 1500 10
23619 - 68 10
23620 # 1504
23620 - 1500 11
23620 - 68 11
23621 # 1504
23621 - 1500 12
23621 - 68 12
23622 # 1504
23622 - 1500 11
23622 - 68 11
23623 # 1504
23623 - 1500 8
23623 - 68 8
23624 # 1504
23625 # 1504
23626 # 1504
23627 # 1504
23628 # 1504
23629 # 1504
23630 # 1504
23631 # 1504
23632 # 1504
23633 # 1504
23634 # 1504
23635 # 1504
23636 # 1504
23637 # 1504
23638 # 1504
23639 # 1504
23640 # 1504
23641 # 1504
23642 # 1504
23643 # 1504
23644 # 1504
23645 # 1504
23646 # 1504
23647 # 1504
23648 # 1504
23649 # 1504
23650 # 1504
23651 # 1504
23652 # 1504
23653 # 1504
23654 # 1504
23655 # 1504
23656 # 1504
23657 # 1504
23658 # 1504
23659 # 1504
23660 # 1504
23661 # 1504
23662 # 1504
23663 # 1504
23664 # 1504
23665 # 1504
23666 # 1504
23667 # 1504
23668 # 1504
23669 # 1504
23670 # 1504
23671 # 1504
23672 # 1504
23673 # 1504
23674 # 1504
23675 # 1504
23676 # 1504
23677 # 1504
23678 # 1504
23679 # 1504
23680 # 1504
23681 # 1504
23682 # 1504
23683 # 1504
23684 # 1504
23685 # 1504
23686 # 1504
23687 # 1504
23688 # 1504
23689 # 1504
23690 # 1504
23691 # 1504
23692 # 1504
23693 # 1504
23694 # 1504
23695 # 1504
23696 # 1504
23697 # 1504
23698 # 1504
23699 # 1504
23700 # 1504
23701 # 1504
23702 # 1504
23703 # 1504
23704 # 1504
23705 # 1504
23706 # 1504
23707 # 1504
23708 # 1504
23709 # 1504
23710 # 1504
23711 # 1504
23712 # 1504
23713 # 1504
23714 # 1504
23715 # 1504
23716 # 1504
23717 # 1504
23718 # 1504
23719 # 1504
23720 # 1504
23721 # 1504
23722 # 1504
23723 # 1504
23724 # 1504
23725 # 1504
23726 # 1504
23727 # 1504
23728 # 1504
23729 # 1504
23730 # 1504
23731 # 1504
23732 # 1504
23733 # 1504
23734 # 1504
23735 # 1504
23736 # 1504
23737 # 1504
23738 # 1504
23739 # 1504
23740 # 1504
23741 # 1504
23742 # 1504
23743 # 1504
23744 # 1504
23745 # 1504
23746 # 1504
23747 # 1504
23748 # 1504
23749 # 1504
23750 # 1504
23751 # 1504
23752 # 1504
23753 # 1504
23754 # 1504
23755 # 1504
23756 # 1504
23757 # 1504
23758 # 1504
23759 # 1504
23760 # 1504
23761 # 1504
23762 # 1504
23763 # 1504
23764 # 1504
23765 # 1504
23766 # 1504
23767 # 1504
23768 # 1504
23769 # 1504
23770 # 1504
23771 # 1504
23772 # 1504
23773 # 1504
23774 # 1504
23775 # 1504
23776 # 1504
23777 # 1504
23778 # 1504
23779 # 1504
23780 # 1504
23781 # 1504
23782 # 1504
23783 # 1504
23784 # 1504
23785 # 1504
23786 # 1504
23787 # 1504
23788 # 1504
23789 # 1504
23790 # 1504
23791 # 1504
23792 # 1504
23793 # 1504
23794 # 1504
23795 # 1504
23796 # 1504
23797 # 1504
23798 # 1504
23799 # 1504
23800 # 1504
23801 # 1504
23802 # 1504
23803 # 1504
23804 # 1504
23805 # 1504
23806 # 1504
23807 # 1504
23808 # 1504
23809 # 1504
23810 # 1504
23811 # 1504
23812 # 1504
23813 # 1504
23814 # 1504
23815 # 1504
23815 + 1500
23815 + 68
23815 + 1500
23815 + 68
23815 + 1500
23815 + 68
23815 + 1500
23815 + 68
23815 + 1500
23815 + 68
23815 + 1500
23815 + 68
23815 + 1500
23815 + 68
23815 + 1500
23815 + 68
23815 + 1500
23815 + 68
23815 + 1500
23815 + 68
23815 + 1500
23815 + 68
23815 + 1500
23815 + 68
23815 + 1500
23815 + 68
23815 + 1500
23815 + 68
23815 + 1500
23815 + 68
23815 + 1500
23815 + 68
23815 + 1500
23815 + 68
23815 + 1500
23815 + 68
23815 + 1500
23815 + 68
23815 + 1500
23815 + 68
23815 + 1500
23815 + 68
23815 + 1500
23815 + 68
23815 + 1500
23815 + 68
23815 + 1500
23815 + 68
23815 + 1500
23815 + 68
23815 + 1500
23815 + 68
23815 + 1500
23815 + 68
23815 + 1500
23815 + 68
23815 + 1500
23815 + 68
23815 + 1500
23815 + 68
23815 + 1500
23815 + 68
23815 + 1500
23815 + 68
23815 + 1500
23815 + 68
23815 + 1500
23815 + 68
23815 + 1500
23815 + 68
23815 + 1500
23815 + 68
23815 + 1500
23815 + 68
23815 + 1500
23815 + 68
23815 + 1500
23815 + 68
23815 + 1500
23815 + 68
23815 + 1500
23815 + 68
23815 + 1500
23815 + 68
23815 + 1500
23815 + 68
23815 + 1500
23815 + 68
23815 + 1500
23815 + 68
23816 # 1504
23816 - 1500 1
23816 + 1500
23816 + 68
23816 + 1500
23816 + 68
23816 + 1500
23816 + 68
23816 + 1500
23816 + 68
23816 + 1500
23816 + 68
23817 # 1504
23817 - 68 2
23818 # 1504
23818 - 1500 3
23818 - 68 3
23819 # 1504
23819 - 1500 4
23819 - 68 4
23820 # 1504
23820 - 1500 5
23820 - 68 5
23821 # 1504
23821 - 1500 6
23821 - 68 6
23822 # 1504
23822 - 1500 7
23822 - 68 7
23823 # 1504
23823 - 1500 8
23823 - 68 8
23824 # 1504
23824 - 1500 9
23824 - 68 9
23825 # 1504
23825 - 1500 10
23825 - 68 10
23826 # 1504
23826 - 1500 11
23826 - 68 11
23827 # 1504
23827 - 1500 12
23827 - 68 12
23828 # 1504
23828 - 1500 13
23828 - 68 13
23829 # 1504
23829 - 1500 14
23829 - 68 14
23830 # 1504
23830 - 1500 15
23830 - 68 15
23831 # 1504
23831 - 1500 16
23831 - 68 16
23832 # 1504
23832 - 1500 17
23832 - 68 17
23833 # 1504
23833 - 1500 18
23833 - 68 18
23834 # 1504
23834 - 1500 19
23834 - 68 19
23835 # 1504
23835 - 1500 20
23835 - 68 20
23836 # 1504
23836 - 1500 21
23836 - 68 21
23836 + 1500
23836 + 68
23837 # 1504
23837 - 1500 22
23837 - 68 22
23838 # 1504
23838 - 1500 23
23838 - 68 23
23839 # 1504
23839 - 1500 24
23839 - 68 24
23839 + 1500
23839 + 68
23840 # 1504
23840 - 1500 25
23841 # 1504
23841 - 68 26
23842 # 1504
23842 - 1500 27
23842 - 68 27
23843 # 1504
23843 - 1500 28
23843 - 68 28
23843 + 1500
23843 + 68
23844 # 1504
23844 - 1500 29
23844 - 68 29
23845 # 1504
23845 - 1500 30
23845 - 68 30
23846 # 1504
23846 - 1500 31
23846 - 68 31
23846 + 1500
23846 + 68
23847 # 1504
23847 - 1500 32
23847 - 68 32
23848 # 1504
23848 - 1500 33
23848 - 68 33
23849 # 1504
23849 - 1500 34
23849 - 68 34
23850 # 1504
23850 - 1500 35
23850 - 68 35
23850 + 1500
23850 + 68
23851 # 1504
23851 - 1500 36
23851 - 68 36
23852 # 1504
23852 - 1500 37
23852 - 68 37
23853 # 1504
23853 - 1500 38
23853 - 68 38
23854 # 1504
23854 - 1500 39
23854 - 68 39
23854 + 1500
23854 + 68
23855 # 1504
23855 - 1500 40
23855 - 68 40
23856 # 1504
23856 - 1500 41
23856 - 68 41
23857 # 1504
23857 - 1500 42
23857 - 68 42
23857 + 1500
23857 + 68
23858 # 1504
23858 - 1500 43
23858 - 68 43
23859 # 1504
23859 - 1500 44
23859 - 68 44
23860 # 1504
23860 - 1500 45
23860 - 68 45
23861 # 1504
23861 - 1500 46
23861 - 68 46
23862 # 1504
23862 - 1500 47
23862 - 68 47
23863 # 1504
23863 - 1500 47
23863 - 68 47
23864 # 1504
23864 - 1500 48
23864 - 68 48
23865 # 1504
23865 - 1500 49
23866 # 1504
23866 - 68 50
23867 # 1504
23867 - 1500 51
23867 - 68 51
23868 # 1504
23868 - 1500 52
23868 - 68 52
23869 # 1504
23869 - 1500 33
23869 - 68 33
23870 # 1504
23870 - 1500 31
23870 - 68 31
23871 # 1504
23871 - 1500 28
23871 - 68 28
23872 # 1504
23872 - 1500 26
23872 - 68 26
23873 # 1504
23873 - 1500 23
23873 - 68 23
23874 # 1504
23874 - 1500 20
23874 - 68 20
23875 # 1504
23875 - 1500 18
23875 - 68 18
23875 + 1500
23875 + 68
23876 # 1504
23876 - 1500 1
23877 # 1504
23877 - 68 2
23878 # 1504
23879 # 1504
23879 + 1500
23879 + 68
23880 # 1504
23880 - 1500 1
23881 # 1504
23881 - 68 2
23882 # 1504
23883 # 1504
23883 + 1500
23883 + 68
23884 # 1504
23884 - 1500 1
23885 # 1504
23885 - 68 2
23886 # 1504
23887 # 1504
23887 + 1500
23887 + 68
23888 # 1504
23888 - 1500 1
23889 # 1504
23889 - 68 2
23890 # 1504
23891 # 1504
23891 + 1500
23891 + 68
23892 # 1504
23892 - 1500 1
23893 # 1504
23893 - 68 2
23894 # 1504
23895 # 1504
23895 + 1500
23895 + 68
23896 # 1504
23896 - 1500 1
23897 # 1504
23897 - 68 2
23898 # 1504
23899 # 1504
23899 + 1500
23899 + 68
23900 # 1504
23900 - 1500 1
23901 # 1504
23901 - 68 2
23902 # 1504
23903 # 1504
23903 + 1500
23903 + 68
23904 # 1504
23904 - 1500 1
23905 # 1504
23905 - 68 2
23906 # 1504
23907 # 1504
23908 # 1504
23908 + 1500
23908 + 68
23909 # 1504
23909 - 1500 1
23910 # 1504
23910 - 68 2
23911 # 1504
23912 # 1504
23912 + 1500
23912 + 68
23913 # 1504
23913 - 1500 1
23914 # 1504
23914 - 68 2
23915 # 1504
23916 # 1504
23917 # 1504
23917 + 1500
23917 + 68
23918 # 1504
23918 - 1500 1
23919 # 1504
23919 - 68 2
23920 # 1504
23921 # 1504
23922 # 1504
23923 # 1504
23923 + 1500
23923 + 68
23924 # 1504
23924 - 1500 1
23925 # 1504
23925 - 68 2
23926 # 1504
23927 # 1504
23928 # 1504
23928 + 1500
23928 + 68
23929 # 1504
23929 - 1500 1
23930 # 1504
23930 - 68 2
23931 # 1504
23932 # 1504
23932 + 1500
23932 + 68
23933 # 1504
23933 - 1500 1
23934 # 1504
23934 - 68 2
23935 # 1504
23936 # 1504
23936 + 1500
23936 + 68
23937 # 1504
23937 - 1500 1
23938 # 1504
23938 - 68 2
23939 # 1504
23940 # 1504
23941 # 1504
23941 + 1500
23941 + 68
23942 # 1504
23942 - 1500 1
23943 # 1504
23943 - 68 2
23944 # 1504
23945 # 1504
23946 # 1504
23947 # 1504
23947 + 1500
23947 + 68
23948 # 1504
23948 - 1500 1
23949 # 1504
23949 - 68 2
23950 # 1504
23951 # 1504
23951 + 1500
23951 + 68
23952 # 1504
23952 - 1500 1
23952 + 1500
23952 + 68
23953 # 1504
23953 - 68 2
23954 # 1504
23954 - 1500 2
23954 - 68 2
23954 + 1500
23954 + 68
23955 # 1504
23955 - 1500 1
23956 # 1504
23956 - 68 2
23957 # 1504
23958 # 1504
23959 # 1504
23959 + 1500
23959 + 68
23960 # 1504
23960 - 1500 1
23961 # 1504
23961 - 68 2
23962 # 1504
23963 # 1504
23964 # 1504
23965 # 1504
23966 # 1504
23966 + 1500
23966 + 68
23967 # 1504
23967 - 1500 1
23968 # 1504
23968 - 68 2
23969 # 1504
23969 + 1500
23969 + 68
23970 # 1504
23970 - 1500 1
23971 # 1504
23971 - 68 2
23972 # 1504
23973 # 1504
23974 # 1504
23975 # 1504
23976 # 1504
23977 # 1504
23978 # 1504
23979 # 1504
23980 # 1504
23981 # 1504
23982 # 1504
23983 # 1504
23984 # 1504
23985 # 1504
23986 # 1504
23987 # 1504
23988 # 1504
23989 # 1504
23990 # 1504
23991 # 1504
23992 # 1504
23993 # 1504
23994 # 1504
23995 # 1504
23996 # 1504
23997 # 1504
23998 # 1504
23999 # 1504
24000 # 1504
24001 # 1504
24002 # 1504
24003 # 1504
24004 # 1504
24005 # 1504
24006 # 1504
24007 # 1504
24008 # 1504
24009 # 1504
24010 # 1504
24011 # 1504
24012 # 1504
24013 # 1504
24014 # 1504
24015 # 1504
24016 # 1504
24017 # 1504
24018 # 1504
24019 # 1504
24020 # 1504
24021 # 1504
24022 # 1504
24023 # 1504
24024 # 1504
24025 # 1504
24026 # 1504
24027 # 1504
24028 # 1504
24029 # 1504
24030 # 1504
24031 # 1504
24032 # 1504
24033 # 1504
24034 # 1504
24035 # 1504
24036 # 1504
24037 # 1504
24038 # 1504
24039 # 1504
24040 # 1504
24041 # 1504
24042 # 1504
24043 # 1504
24044 # 1504
24045 # 1504
24046 # 1504
24047 # 1504
24048 # 1504
24049 # 1504
24050 # 1504
24051 # 1504
24052 # 1504
24053 # 1504
24054 # 1504
24055 # 1504
24056 # 1504
24057 # 1504
24058 # 1504
24059 # 1504
24060 # 1504
24061 # 1504
24062 # 1504
24063 # 1504
24064 # 1504
24065 # 1504
24066 # 1504
24067 # 1504
24068 # 1504
24069 # 1504
24070 # 1504
24071 # 1504
24072 # 1504
24073 # 1504
24074 # 1504
24075 # 1504
24076 # 1504
24077 # 1504
24078 # 1504
24079 # 1504
24080 # 1504
24081 # 1504
24082 # 1504
24083 # 1504
24084 # 1504
24085 # 1504
24086 # 1504
24087 # 1504
24088 # 1504
24089 # 1504
24090 # 1504
24091 # 1504
24092 # 1504
24093 # 1504
24094 # 1504
24095 # 1504
24096 # 1504
24097 # 1504
24098 # 1504
24099 # 1504
24100 # 1504
24100 + 1500
24100 + 68
24100 + 1500
24100 + 68
24100 + 1500
24100 + 68
24100 + 1500
24100 + 68
24100 + 1500
24100 + 68
24100 + 1500
24100 + 68
24100 + 1500
24100 + 68
24100 + 1500
24100 + 68
24100 + 1500
24100 + 68
24100 + 1500
24100 + 68
24100 + 1500
24100 + 68
24100 + 1500
24100 + 68
24100 + 1500
24100 + 68
24100 + 1500
24100 + 68
24100 + 1500
24100 + 68
24100 + 1500
24100 + 68
24100 + 1500
24100 + 68
24100 + 1500
24100 + 68
24100 + 1500
24100 + 68
24100 + 1500
24100 + 68
24100 + 1500
24100 + 68
24100 + 1500
24100 + 68
24100 + 1500
24100 + 68
24100 + 1500
24100 + 68
24100 + 1500
24100 + 68
24100 + 1500
24100 + 68
24100 + 1500
24100 + 68
24101 # 1504
24101 - 1500 1
24102 # 1504
24102 - 68 2
24103 # 1504
24103 - 1500 3
24103 - 68 3
24103 + 1500
24103 + 68
24104 # 1504
24104 - 1500 4
24104 - 68 4
24105 # 1504
24105 - 1500 5
24105 - 68 5
24106 # 1504
24106 - 1500 6
24106 - 68 6
24107 # 1504
24107 - 1500 7
24107 - 68 7
24108 # 1504
24108 - 1500 8
24108 - 68 8
24108 + 1500
24108 + 68
24109 # 1504
24109 - 1500 9
24109 - 68 9
24110 # 1504
24110 - 1500 10
24110 - 68 10
24111 # 1504
24111 - 1500 11
24111 - 68 11
24112 # 1504
24112 - 1500 12
24112 - 68 12
24113 # 1504
24113 - 1500 13
24113 - 68 13
24113 + 1500
24113 + 68
24114 # 1504
24114 - 1500 14
24114 - 68 14
24115 # 1504
24115 - 1500 15
24115 - 68 15
24116 # 1504
24116 - 1500 16
24116 - 68 16
24117 # 1504
24117 - 1500 17
24117 - 68 17
24117 + 1500
24117 + 68
24118 # 1504
24118 - 1500 18
24118 - 68 18
24119 # 1504
24119 - 1500 19
24119 - 68 19
24120 # 1504
24120 - 1500 20
24120 - 68 20
24121 # 1504
24121 - 1500 21
24121 - 68 21
24122 # 1504
24122 - 1500 22
24122 - 68 22
24123 # 1504
24123 - 1500 23
24123 - 68 23
24124 # 1504
24124 - 1500 24
24124 - 68 24
24125 # 1504
24125 - 1500 25
24126 # 1504
24126 - 68 26
24127 # 1504
24127 - 1500 27
24127 - 68 27
24128 # 1504
24128 - 1500 28
24128 - 68 28
24129 # 1504
24129 - 1500 29
24129 - 68 29
24130 # 1504
24130 - 1500 27
24130 - 68 27
24131 # 1504
24131 - 1500 23
24131 - 68 23
24132 # 1504
24132 - 1500 19
24132 - 68 19
24132 + 1500
24132 + 68
24132 + 1500
24132 + 68
24132 + 1500
24132 + 68
24133 # 1504
24133 - 1500 16
24133 - 68 16
24134 # 1504
24134 - 1500 2
24134 - 68 2
24135 # 1504
24135 - 1500 3
24135 - 68 3
24136 # 1504
24136 - 1500 4
24136 - 68 4
24137 # 1504
24138 # 1504
24139 # 1504
24140 # 1504
24141 # 1504
24141 + 1500
24141 + 68
24141 + 1500
24141 + 68
24142 # 1504
24142 - 1500 1
24143 # 1504
24143 - 68 2
24143 + 1500
24143 + 68
24144 # 1504
24144 - 1500 3
24144 - 68 3
24145 # 1504
24145 - 1500 2
24145 - 68 2
24146 # 1504
24147 # 1504
24148 # 1504
24149 # 1504
24150 # 1504
24151 # 1504
24152 # 1504
24152 + 1500
24152 + 68
24152 + 1500
24152 + 68
24153 # 1504
24153 - 1500 1
24154 # 1504
24154 - 68 2
24155 # 1504
24155 - 1500 3
24155 - 68 3
24156 # 1504
24156 + 1500
24157 # 1504
24157 - 1500 1
24157 + 68
24158 # 1504
24158 - 68 1
24159 # 1504
24159 + 1500
24159 + 68
24160 # 1504
24160 - 1500 1
24161 # 1504
24161 - 68 2
24162 # 1504
24163 # 1504
24164 # 1504
24164 + 1500
24164 + 68
24164 + 1500
24164 + 68
24165 # 1504
24165 - 1500 1
24166 # 1504
24166 - 68 2
24167 # 1504
24167 - 1500 3
24167 - 68 3
24167 + 1500
24167 + 68
24168 # 1504
24168 - 1500 1
24169 # 1504
24169 - 68 2
24169 + 1500
24169 + 68
24170 # 1504
24170 - 1500 1
24171 # 1504
24171 - 68 2
24172 # 1504
24173 # 1504
24174 # 1504
24175 # 1504
24176 # 1504
24176 + 1500
24176 + 68
24177 # 1504
24177 - 1500 1
24178 # 1504
24178 - 68 2
24178 + 1500
24178 + 68
24179 # 1504
24179 - 1500 1
24180 # 1504
24180 - 68 2
24181 # 1504
24182 # 1504
24183 # 1504
24183 + 1500
24183 + 68
24184 # 1504
24184 - 1500 1
24185 # 1504
24185 - 68 2
24186 # 1504
24187 # 1504
24188 # 1504
24188 + 1500
24188 + 68
24189 # 1504
24189 - 1500 1
24190 # 1504
24190 - 68 2
24191 # 1504
24192 # 1504
24193 # 1504
24193 + 1500
24193 + 68
24194 # 1504
24194 - 1500 1
24195 # 1504
24195 - 68 2
24196 # 1504
24197 # 1504
24198 # 1504
24199 # 1504
24199 + 1500
24199 + 68
24200 # 1504
24200 - 1500 1
24201 # 1504
24201 - 68 2
24202 # 1504
24203 # 1504
24204 # 1504
24205 # 1504
24206 # 1504
24207 # 1504
24208 # 1504
24209 # 1504
24210 # 1504
24211 # 1504
24212 # 1504
24213 # 1504
24214 # 1504
24215 # 1504
24215 + 1500
24215 + 68
24215 + 1500
24215 + 68
24215 + 1500
24215 + 68
24216 # 1504
24216 - 1500 1
24217 # 1504
24217 - 68 2
24217 + 1500
24217 + 68
24218 # 1504
24218 - 1500 3
24218 - 68 3
24219 # 1504
24219 - 1500 4
24219 - 68 4
24220 # 1504
24220 - 1500 3
24220 - 68 3
24221 # 1504
24221 + 1500
24221 + 68
24222 # 1504
24222 - 1500 1
24223 # 1504
24223 - 68 2
24224 # 1504
24224 + 1500
24224 + 68
24225 # 1504
24225 - 1500 1
24226 # 1504
24226 - 68 2
24227 # 1504
24227 + 1500
24227 + 68
24228 # 1504
24228 - 1500 1
24229 # 1504
24229 - 68 2
24230 # 1504
24230 + 1500
24230 + 68
24231 # 1504
24231 - 1500 1
24232 # 1504
24232 - 68 2
24233 # 1504
24234 # 1504
24235 # 1504
24236 # 1504
24236 + 1500
24236 + 68
24237 # 1504
24237 - 1500 1
24238 # 1504
24238 - 68 2
24239 # 1504
24240 # 1504
24240 + 1500
24240 + 68
24241 # 1504
24241 - 1500 1
24242 # 1504
24242 - 68 2
24243 # 1504
24244 # 1504
24244 + 1500
24244 + 68
24245 # 1504
24245 - 1500 1
24246 # 1504
24246 - 68 2
24247 # 1504
24248 # 1504
24249 # 1504
24249 + 1500
24249 + 68
24250 # 1504
24250 - 1500 1
24251 # 1504
24251 - 68 2
24252 # 1504
24253 # 1504
24254 # 1504
24254 + 1500
24254 + 68
24255 # 1504
24255 - 1500 1
24256 # 1504
24256 - 68 2
24257 # 1504
24258 # 1504
24259 # 1504
24259 + 1500
24259 + 68
24260 # 1504
24260 - 1500 1
24261 # 1504
24261 - 68 2
24262 # 1504
24263 # 1504
24263 + 1500
24263 + 68
24264 # 1504
24264 - 1500 1
24265 # 1504
24265 - 68 2
24266 # 1504
24267 # 1504
24267 + 1500
24267 + 68
24268 # 1504
24268 - 1500 1
24269 # 1504
24269 - 68 2
24270 # 1504
24271 # 1504
24272 # 1504
24273 # 1504
24274 # 1504
24275 # 1504
24276 # 1504
24277 # 1504
24278 # 1504
24279 # 1504
24280 # 1504
24281 # 1504
24282 # 1504
24283 # 1504
24284 # 1504
24285 # 1504
24286 # 1504
24287 # 1504
24288 # 1504
24289 # 1504
24290 # 1504
24291 # 1504
24292 # 1504
24293 # 1504
24294 # 1504
24295 # 1504
24296 # 1504
24297 # 1504
24298 # 1504
24299 # 1504
24300 # 1504
24301 # 1504
24302 # 1504
24303 # 1504
24304 # 1504
24305 # 1504
24306 # 1504
24307 # 1504
24308 # 1504
24309 # 1504
24310 # 1504
24311 # 1504
24312 # 1504
24313 # 1504
24314 # 1504
24315 # 1504
24316 # 1504
24317 # 1504
24318 # 1504
24319 # 1504
24320 # 1504
24321 # 1504
24322 # 1504
24323 # 1504
24324 # 1504
24325 # 1504
24326 # 1504
24327 # 1504
24328 # 1504
24329 # 1504
24330 # 1504
24331 # 1504
24332 # 1504
24333 # 1504
24334 # 1504
24335 # 1504
24336 # 1504
24337 # 1504
24338 # 1504
24339 # 1504
24340 # 1504
24341 # 1504
24342 # 1504
24343 # 1504
24344 # 1504
24345 # 1504
24346 # 1504
24347 # 1504
24348 # 1504
24349 # 1504
24350 # 1504
24351 # 1504
24352 # 1504
24352 + 1500
24352 + 68
24352 + 1500
24352 + 68
24352 + 1500
24352 + 68
24352 + 1500
24352 + 68
24352 + 1500
24352 + 68
24352 + 1500
24352 + 68
24352 + 1500
24352 + 68
24352 + 1500
24352 + 68
24352 + 1500
24352 + 68
24352 + 1500
24352 + 68
24352 + 1500
24352 + 68
24352 + 1500
24352 + 68
24352 + 1500
24352 + 68
24352 + 1500
24352 + 68
24352 + 1500
24352 + 68
24352 + 1500
24352 + 68
24352 + 1500
24352 + 68
24352 + 1500
24352 + 68
24352 + 1500
24352 + 68
24352 + 1500
24352 + 68
24352 + 1500
24352 + 68
24352 + 1500
24352 + 68
24352 + 1500
24352 + 68
24352 + 1500
24352 + 68
24352 + 1500
24352 + 68
24352 + 1500
24352 + 68
24352 + 1500
24352 + 68
24352 + 1500
24352 + 68
24352 + 1500
24352 + 68
24352 + 1500
24352 + 68
24353 # 1504
24353 - 1500 1
24354 # 1504
24354 - 68 2
24355 # 1504
24355 - 1500 3
24355 - 68 3
24356 # 1504
24356 - 1500 4
24356 - 68 4
24356 + 1500
24356 + 68
24357 # 1504
24357 - 1500 5
24357 - 68 5
24358 # 1504
24358 - 1500 6
24358 - 68 6
24359 # 1504
24359 - 1500 7
24359 - 68 7
24360 # 1504
24360 - 1500 8
24360 - 68 8
24361 # 1504
24361 - 1500 9
24361 - 68 9
24361 + 1500
24361 + 68
24362 # 1504
24362 - 1500 10
24362 - 68 10
24363 # 1504
24363 - 1500 11
24363 - 68 11
24364 # 1504
24364 - 1500 12
24364 - 68 12
24365 # 1504
24365 - 1500 13
24365 - 68 13
24366 # 1504
24366 - 1500 14
24366 - 68 14
24366 + 1500
24366 + 68
24367 # 1504
24367 - 1500 15
24367 - 68 15
24368 # 1504
24368 - 1500 16
24368 - 68 16
24369 # 1504
24369 - 1500 17
24369 - 68 17
24370 # 1504
24370 - 1500 18
24370 - 68 18
24371 # 1504
24371 - 1500 19
24371 - 68 19
24371 + 1500
24371 + 68
24372 # 1504
24372 - 1500 20
24372 - 68 20
24373 # 1504
24373 - 1500 21
24373 - 68 21
24374 # 1504
24374 - 1500 22
24374 - 68 22
24374 + 1500
24374 + 68
24375 # 1504
24375 - 1500 23
24375 - 68 23
24376 # 1504
24376 - 1500 24
24376 - 68 24
24377 # 1504
24377 - 1500 25
24378 # 1504
24378 - 68 26
24378 + 1500
24378 + 68
24379 # 1504
24379 - 1500 27
24379 - 68 27
24380 # 1504
24380 - 1500 28
24380 - 68 28
24381 # 1504
24381 - 1500 29
24381 - 68 29
24381 + 1500
24381 + 68
24382 # 1504
24382 - 1500 30
24382 - 68 30
24383 # 1504
24383 - 1500 31
24383 - 68 31
24384 # 1504
24384 - 1500 32
24384 - 68 32
24385 # 1504
24385 - 1500 29
24385 - 68 29
24385 + 1500
24385 + 68
24386 # 1504
24386 - 1500 25
24386 - 68 25
24387 # 1504
24387 - 1500 21
24387 - 68 21
24388 # 1504
24388 - 1500 17
24388 - 68 17
24389 # 1504
24389 - 1500 15
24389 - 68 15
24390 # 1504
24390 - 1500 12
24390 - 68 12
24391 # 1504
24391 - 1500 10
24391 - 68 10
24392 # 1504
24392 - 1500 7
24392 - 68 7
24393 # 1504
24394 # 1504
24395 # 1504
24396 # 1504
24397 # 1504
24398 # 1504
24399 # 1504
24400 # 1504
24401 # 1504
24402 # 1504
24403 # 1504
24404 # 1504
24405 # 1504
24406 # 1504
24407 # 1504
24408 # 1504
24409 # 1504
24410 # 1504
24411 # 1504
24412 # 1504
24413 # 1504
24414 # 1504
24415 # 1504
24416 # 1504
24417 # 1504
24418 # 1504
24419 # 1504
24420 # 1504
24420 + 1500
24420 + 68
24420 + 1500
24420 + 68
24420 + 1500
24420 + 68
24420 + 1500
24420 + 68
24420 + 1500
24420 + 68
24420 + 1500
24420 + 68
24420 + 1500
24420 + 68
24420 + 1500
24420 + 68
24420 + 1500
24420 + 68
24421 # 1504
24421 - 1500 1
24422 # 1504
24422 - 68 2
24423 # 1504
24423 - 1500 3
24423 - 68 3
24423 + 1500
24423 + 68
24424 # 1504
24424 - 1500 4
24424 - 68 4
24425 # 1504
24425 - 1500 5
24425 - 68 5
24426 # 1504
24426 - 1500 6
24426 - 68 6
24427 # 1504
24427 - 1500 7
24427 - 68 7
24427 + 1500
24427 + 68
24428 # 1504
24428 - 1500 8
24428 - 68 8
24429 # 1504
24429 - 1500 9
24429 - 68 9
24430 # 1504
24430 - 1500 10
24430 - 68 10
24431 # 1504
24431 - 1500 8
24431 - 68 8
24431 + 1500
24431 + 68
24432 # 1504
24432 - 1500 5
24432 - 68 5
24433 # 1504
24433 - 1500 2
24433 - 68 2
24434 # 1504
24435 # 1504
24435 + 1500
24435 + 68
24436 # 1504
24436 - 1500 1
24437 # 1504
24437 - 68 2
24438 # 1504
24438 + 1500
24438 + 68
24439 # 1504
24439 - 1500 1
24440 # 1504
24440 - 68 2
24441 # 1504
24442 # 1504
24442 + 1500
24442 + 68
24443 # 1504
24443 - 1500 1
24443 + 1500
24443 + 68
24444 # 1504
24444 - 68 2
24445 # 1504
24445 - 1500 2
24445 - 68 2
24445 + 1500
24445 + 68
24446 # 1504
24446 - 1500 1
24447 # 1504
24447 - 68 2
24448 # 1504
24449 # 1504
24449 + 1500
24449 + 68
24450 # 1504
24450 - 1500 1
24451 # 1504
24451 - 68 2
24452 # 1504
24453 # 1504
24453 + 1500
24453 + 68
24454 # 1504
24454 - 1500 1
24455 # 1504
24455 - 68 2
24456 # 1504
24457 # 1504
24458 # 1504
24459 # 1504
24460 # 1504
24461 # 1504
24462 # 1504
24463 # 1504
24464 # 1504
24465 # 1504
24466 # 1504
24467 # 1504
24468 # 1504
24469 # 1504
24470 # 1504
24471 # 1504
24472 # 1504
24473 # 1504
24474 # 1504
24475 # 1504
24476 # 1504
24477 # 1504
24478 # 1504
24479 # 1504
24480 # 1504
24481 # 1504
24482 # 1504
24483 # 1504
24483 + 1500
24483 + 68
24483 + 1500
24483 + 68
24483 + 1500
24483 + 68
24483 + 1500
24483 + 68
24483 + 1500
24483 + 68
24483 + 1500
24483 + 68
24483 + 1500
24483 + 68
24484 # 1504
24484 - 1500 1
24485 # 1504
24485 - 68 2
24485 + 1500
24485 + 68
24486 # 1504
24486 - 1500 3
24486 - 68 3
24487 # 1504
24487 - 1500 4
24487 - 68 4
24488 # 1504
24488 - 1500 5
24488 - 68 5
24489 # 1504
24489 - 1500 6
24489 - 68 6
24490 # 1504
24490 - 1500 7
24490 - 68 7
24490 + 1500
24490 + 68
24491 # 1504
24491 - 1500 8
24491 - 68 8
24492 # 1504
24492 - 1500 7
24492 - 68 7
24493 # 1504
24493 - 1500 3
24493 - 68 3
24494 # 1504
24495 # 1504
24495 + 1500
24495 + 68
24496 # 1504
24496 - 1500 1
24497 # 1504
24497 - 68 2
24498 # 1504
24499 # 1504
24499 + 1500
24499 + 68
24500 # 1504
24500 - 1500 1
24501 # 1504
24501 - 68 2
24502 # 1504
24503 # 1504
24503 + 1500
24503 + 68
24504 # 1504
24504 - 1500 1
24505 # 1504
24505 - 68 2
24506 # 1504
24507 # 1504
24508 # 1504
24508 + 1500
24508 + 68
24509 # 1504
24509 - 1500 1
24510 # 1504
24510 - 68 2
24511 # 1504
24512 # 1504
24513 # 1504
24514 # 1504
24514 + 1500
24514 + 68
24515 # 1504
24515 - 1500 1
24516 # 1504
24516 - 68 2
24517 # 1504
24518 # 1504
24519 # 1504
24520 # 1504
24520 + 1500
24520 + 68
24521 # 1504
24521 - 1500 1
24522 # 1504
24522 - 68 2
24523 # 1504
24524 # 1504
24524 + 1500
24524 + 68
24525 # 1504
24525 - 1500 1
24526 # 1504
24526 - 68 2
24527 # 1504
24528 # 1504
24529 # 1504
24530 # 1504
24531 # 1504
24532 # 1504
24533 # 1504
24534 # 1504
24535 # 1504
24536 # 1504
24537 # 1504
24538 # 1504
24539 # 1504
24540 # 1504
24541 # 1504
24542 # 1504
24543 # 1504
24544 # 1504
24545 # 1504
24546 # 1504
24547 # 1504
24548 # 1504
24549 # 1504
24550 # 1504
24551 # 1504
24552 # 1504
24553 # 1504
24554 # 1504
24555 # 1504
24556 # 1504
24557 # 1504
24558 # 1504
24559 # 1504
24560 # 1504
24561 # 1504
24562 # 1504
24563 # 1504
24564 # 1504
24565 # 1504
24566 # 1504
24567 # 1504
24568 # 1504
24569 # 1504
24570 # 1504
24571 # 1504
24572 # 1504
24573 # 1504
24574 # 1504
24575 # 1504
24576 # 1504
24577 # 1504
24578 # 1504
24579 # 1504
24580 # 1504
24581 # 1504
24582 # 1504
24583 # 1504
24584 # 1504
24585 # 1504
24586 # 1504
24587 # 1504
24588 # 1504
24589 # 1504
24590 # 1504
24591 # 1504
24592 # 1504
24593 # 1504
24594 # 1504
24595 # 1504
24596 # 1504
24597 # 1504
24598 # 1504
24599 # 1504
24600 # 1504
24601 # 1504
24602 # 1504
24603 # 1504
24604 # 1504
24604 + 1500
24604 + 68
24604 + 1500
24604 + 68
24604 + 1500
24604 + 68
24604 + 1500
24604 + 68
24604 + 1500
24604 + 68
24604 + 1500
24604 + 68
24604 + 1500
24604 + 68
24604 + 1500
24604 + 68
24604 + 1500
24604 + 68
24604 + 1500
24604 + 68
24604 + 1500
24604 + 68
24604 + 1500
24604 + 68
24604 + 1500
24604 + 68
24604 + 1500
24604 + 68
24604 + 1500
24604 + 68
24604 + 1500
24604 + 68
24604 + 1500
24604 + 68
24605 # 1504
24605 - 1500 1
24606 # 1504
24606 - 68 2
24607 # 1504
24607 - 1500 3
24607 - 68 3
24608 # 1504
24608 - 1500 4
24608 - 68 4
24609 # 1504
24609 - 1500 5
24609 - 68 5
24609 + 1500
24609 + 68
24610 # 1504
24610 - 1500 6
24610 - 68 6
24611 # 1504
24611 - 1500 7
24611 - 68 7
24612 # 1504
24612 - 1500 8
24612 - 68 8
24613 # 1504
24613 - 1500 9
24613 - 68 9
24614 # 1504
24614 - 1500 10
24614 - 68 10
24615 # 1504
24615 - 1500 11
24615 - 68 11
24616 # 1504
24616 - 1500 12
24616 - 68 12
24616 + 1500
24616 + 68
24617 # 1504
24617 - 1500 13
24617 - 68 13
24618 # 1504
24618 - 1500 14
24618 - 68 14
24618 + 1500
24618 + 68
24619 # 1504
24619 - 1500 15
24619 - 68 15
24620 # 1504
24620 - 1500 16
24620 - 68 16
24621 # 1504
24621 - 1500 17
24621 - 68 17
24622 # 1504
24622 - 1500 18
24622 - 68 18
24623 # 1504
24623 - 1500 14
24623 - 68 14
24624 # 1504
24624 - 1500 8
24624 - 68 8
24625 # 1504
24625 - 1500 7
24625 - 68 7
24626 # 1504
24627 # 1504
24628 # 1504
24629 # 1504
24630 # 1504
24631 # 1504
24632 # 1504
24633 # 1504
24634 # 1504
24635 # 1504
24636 # 1504
24637 # 1504
24638 # 1504
24639 # 1504
24640 # 1504
24641 # 1504
24642 # 1504
24643 # 1504
24644 # 1504
24645 # 1504
24646 # 1504
24647 # 1504
24648 # 1504
24649 # 1504
24650 # 1504
24651 # 1504
24652 # 1504
24653 # 1504
24654 # 1504
24655 # 1504
24656 # 1504
24657 # 1504
24658 # 1504
24659 # 1504
24660 # 1504
24661 # 1504
24662 # 1504
24663 # 1504
24664 # 1504
24665 # 1504
24666 # 1504
24667 # 1504
24668 # 1504
24669 # 1504
24670 # 1504
24671 # 1504
24672 # 1504
24673 # 1504
24674 # 1504
24675 # 1504
24676 # 1504
24677 # 1504
24678 # 1504
24679 # 1504
24680 # 1504
24681 # 1504
24682 # 1504
24683 # 1504
24684 # 1504
24685 # 1504
24686 # 1504
24687 # 1504
24688 # 1504
24689 # 1504
24690 # 1504
24691 # 1504
24692 # 1504
24693 # 1504
24694 # 1504
24695 # 1504
24696 # 1504
24697 # 1504
24698 # 1504
24699 # 1504
24700 # 1504
24700 + 1500
24700 + 68
24700 + 1500
24700 + 68
24700 + 1500
24700 + 68
24700 + 1500
24700 + 68
24700 + 1500
24700 + 68
24700 + 1500
24700 + 68
24700 + 1500
24700 + 68
24700 + 1500
24700 + 68
24700 + 1500
24700 + 68
24700 + 1500
24700 + 68
24700 + 1500
24700 + 68
24700 + 1500
24700 + 68
24700 + 1500
24700 + 68
24700 + 1500
24700 + 68
24700 + 1500
24700 + 68
24700 + 1500
24700 + 68
24700 + 1500
24700 + 68
24701 # 1504
24701 - 1500 1
24702 # 1504
24702 - 68 2
24703 # 1504
24703 - 1500 3
24703 - 68 3
24704 # 1504
24704 - 1500 4
24704 - 68 4
24705 # 1504
24705 - 1500 5
24705 - 68 5
24706 # 1504
24706 - 1500 6
24706 - 68 6
24707 # 1504
24707 - 1500 7
24707 - 68 7
24708 # 1504
24708 - 1500 8
24708 - 68 8
24709 # 1504
24709 - 1500 9
24709 - 68 9
24709 + 1500
24709 + 68
24709 + 1500
24709 + 68
24710 # 1504
24710 - 1500 10
24710 - 68 10
24711 # 1504
24711 - 1500 11
24711 - 68 11
24712 # 1504
24712 - 1500 12
24712 - 68 12
24713 # 1504
24713 - 1500 13
24713 - 68 13
24713 + 1500
24713 + 68
24714 # 1504
24714 - 1500 14
24714 - 68 14
24715 # 1504
24715 - 1500 15
24715 - 68 15
24716 # 1504
24716 - 1500 16
24716 - 68 16
24717 # 1504
24717 - 1500 17
24717 - 68 17
24718 # 1504
24718 - 1500 18
24718 - 68 18
24719 # 1504
24719 - 1500 10
24719 - 68 10
24720 # 1504
24720 - 1500 11
24720 - 68 11
24721 # 1504
24721 - 1500 8
24721 - 68 8
24722 # 1504
24723 # 1504
24724 # 1504
24725 # 1504
24726 # 1504
24727 # 1504
24728 # 1504
24729 # 1504
24730 # 1504
24731 # 1504
24732 # 1504
24733 # 1504
24734 # 1504
24735 # 1504
24736 # 1504
24737 # 1504
24738 # 1504
24739 # 1504
24740 # 1504
24741 # 1504
24742 # 1504
24743 # 1504
24744 # 1504
24745 # 1504
24746 # 1504
24747 # 1504
24748 # 1504
24749 # 1504
24750 # 1504
24751 # 1504
24752 # 1504
24753 # 1504
24754 # 1504
24755 # 1504
24756 # 1504
24757 # 1504
24758 # 1504
24759 # 1504
24760 # 1504
24761 # 1504
24762 # 1504
24763 # 1504
24764 # 1504
24765 # 1504
24766 # 1504
24767 # 1504
24768 # 1504
24769 # 1504
24770 # 1504
24771 # 1504
24772 # 1504
24773 # 1504
24774 # 1504
24775 # 1504
24776 # 1504
24777 # 1504
24778 # 1504
24779 # 1504
24780 # 1504
24781 # 1504
24782 # 1504
24783 # 1504
24784 # 1504
24785 # 1504
24786 # 1504
24787 # 1504
24788 # 1504
24789 # 1504
24790 # 1504
24791 # 1504
24792 # 1504
24793 # 1504
24794 # 1504
24795 # 1504
24796 # 1504
24796 + 1500
24796 + 68
24796 + 1500
24796 + 68
24796 + 1500
24796 + 68
24796 + 1500
24796 + 68
24796 + 1500
24796 + 68
24796 + 1500
24796 + 68
24796 + 1500
24796 + 68
24796 + 1500
24796 + 68
24796 + 1500
24796 + 68
24796 + 1500
24796 + 68
24796 + 1500
24796 + 68
24796 + 1500
24796 + 68
24796 + 1500
24796 + 68
24796 + 1500
24796 + 68
24796 + 1500
24796 + 68
24796 + 1500
24796 + 68
24796 + 1500
24796 + 68
24796 + 1500
24796 + 68
24796 + 1500
24796 + 68
24796 + 1500
24796 + 68
24796 + 1500
24796 + 68
24797 # 1504
24797 - 1500 1
24798 # 1504
24798 - 68 2
24799 # 1504
24799 - 1500 3
24799 - 68 3
24800 # 1504
24800 - 1500 4
24800 - 68 4
24801 # 1504
24801 - 1500 5
24801 - 68 5
24802 # 1504
24802 - 1500 6
24802 - 68 6
24803 # 1504
24803 - 1500 7
24803 - 68 7
24803 + 1500
24803 + 68
24804 # 1504
24804 - 1500 8
24804 - 68 8
24805 # 1504
24805 - 1500 9
24805 - 68 9
24806 # 1504
24806 - 1500 10
24806 - 68 10
24807 # 1504
24807 - 1500 11
24807 - 68 11
24807 + 1500
24807 + 68
24808 # 1504
24808 - 1500 12
24808 - 68 12
24809 # 1504
24809 - 1500 13
24809 - 68 13
24810 # 1504
24810 - 1500 14
24810 - 68 14
24810 + 1500
24810 + 68
24811 # 1504
24811 - 1500 15
24811 - 68 15
24812 # 1504
24812 - 1500 16
24812 - 68 16
24813 # 1504
24813 - 1500 17
24813 - 68 17
24813 + 1500
24813 + 68
24814 # 1504
24814 - 1500 18
24814 - 68 18
24815 # 1504
24815 - 1500 19
24815 - 68 19
24816 # 1504
24816 - 1500 20
24816 - 68 20
24817 # 1504
24817 - 1500 21
24817 - 68 21
24817 + 1500
24817 + 68
24818 # 1504
24818 - 1500 22
24818 - 68 22
24819 # 1504
24819 - 1500 16
24819 - 68 16
24820 # 1504
24820 - 1500 13
24820 - 68 13
24821 # 1504
24821 - 1500 11
24821 + 1500
24821 + 68
24822 # 1504
24822 - 68 12
24823 # 1504
24823 - 1500 10
24823 - 68 10
24824 # 1504
24824 - 1500 7
24824 - 68 7
24824 + 1500
24824 + 68
24825 # 1504
24825 - 1500 4
24825 - 68 4
24826 # 1504
24826 - 1500 2
24826 - 68 2
24827 # 1504
24828 # 1504
24828 + 1500
24828 + 68
24829 # 1504
24829 - 1500 1
24830 # 1504
24830 - 68 2
24831 # 1504
24832 # 1504
24832 + 1500
24832 + 68
24833 # 1504
24833 - 1500 1
24834 # 1504
24834 - 68 2
24835 # 1504
24836 # 1504
24836 + 1500
24836 + 68
24837 # 1504
24837 - 1500 1
24838 # 1504
24838 - 68 2
24839 # 1504
24840 # 1504
24840 + 1500
24840 + 68
24841 # 1504
24841 - 1500 1
24842 # 1504
24842 - 68 2
24843 # 1504
24844 # 1504
24844 + 1500
24844 + 68
24845 # 1504
24845 - 1500 1
24846 # 1504
24846 - 68 2
24847 # 1504
24848 # 1504
24848 + 1500
24848 + 68
24849 # 1504
24849 - 1500 1
24850 # 1504
24850 - 68 2
24851 # 1504
24852 # 1504
24852 + 1500
24852 + 68
24853 # 1504
24853 - 1500 1
24854 # 1504
24854 - 68 2
24855 # 1504
24856 # 1504
24857 # 1504
24857 + 1500
24857 + 68
24858 # 1504
24858 - 1500 1
24859 # 1504
24859 - 68 2
24860 # 1504
24861 # 1504
24862 # 1504
24862 + 1500
24862 + 68
24863 # 1504
24863 - 1500 1
24864 # 1504
24864 - 68 2
24865 # 1504
24866 # 1504
24867 # 1504
24867 + 1500
24867 + 68
24868 # 1504
24868 - 1500 1
24869 # 1504
24869 - 68 2
24870 # 1504
24871 # 1504
24872 # 1504
24872 + 1500
24872 + 68
24873 # 1504
24873 - 1500 1
24874 # 1504
24874 - 68 2
24875 # 1504
24876 # 1504
24876 + 1500
24876 + 68
24877 # 1504
24877 - 1500 1
24878 # 1504
24878 - 68 2
24879 # 1504
24880 # 1504
24881 # 1504
24881 + 1500
24881 + 68
24882 # 1504
24882 - 1500 1
24883 # 1504
24883 - 68 2
24884 # 1504
24885 # 1504
24886 # 1504
24886 + 1500
24886 + 68
24887 # 1504
24887 - 1500 1
24888 # 1504
24888 - 68 2
24889 # 1504
24890 # 1504
24891 # 1504
24891 + 1500
24891 + 68
24892 # 1504
24892 - 1500 1
24893 # 1504
24893 - 68 2
24894 # 1504
24895 # 1504
24895 + 1500
24896 # 1504
24896 - 1500 1
24896 + 68
24897 # 1504
24897 - 68 1
24898 # 1504
24898 + 1500
24898 + 68
24899 # 1504
24899 - 1500 1
24900 # 1504
24900 - 68 2
24900 + 1500
24900 + 68
24901 # 1504
24901 - 1500 1
24902 # 1504
24902 - 68 2
24903 # 1504
24903 + 1500
24903 + 68
24904 # 1504
24904 - 1500 1
24905 # 1504
24905 - 68 2
24906 # 1504
24907 # 1504
24908 # 1504
24908 + 1500
24908 + 68
24909 # 1504
24909 - 1500 1
24910 # 1504
24910 - 68 2
24911 # 1504
24912 # 1504
24912 + 1500
24912 + 68
24913 # 1504
24913 - 1500 1
24914 # 1504
24914 - 68 2
24915 # 1504
24916 # 1504
24917 # 1504
24917 + 1500
24917 + 68
24918 # 1504
24918 - 1500 1
24919 # 1504
24919 - 68 2
24920 # 1504
24921 # 1504
24922 # 1504
24922 + 1500
24922 + 68
24923 # 1504
24923 - 1500 1
24924 # 1504
24924 - 68 2
24925 # 1504
24926 # 1504
24927 # 1504
24927 + 1500
24927 + 68
24928 # 1504
24928 - 1500 1
24929 # 1504
24929 - 68 2
24930 # 1504
24931 # 1504
24932 # 1504
24932 + 1500
24932 + 68
24933 # 1504
24933 - 1500 1
24934 # 1504
24934 - 68 2
24935 # 1504
24936 # 1504
24936 + 1500
24936 + 68
24937 # 1504
24937 - 1500 1
24938 # 1504
24938 - 68 2
24939 # 1504
24940 # 1504
24940 + 1500
24940 + 68
24941 # 1504
24941 - 1500 1
24942 # 1504
24942 - 68 2
24942 + 1500
24942 + 68
24943 # 1504
24943 - 1500 1
24944 # 1504
24944 - 68 2
24945 # 1504
24946 # 1504
24947 # 1504
24947 + 1500
24947 + 68
24948 # 1504
24948 - 1500 1
24949 # 1504
24949 - 68 2
24950 # 1504
24951 # 1504
24952 # 1504
24952 + 1500
24952 + 68
24953 # 1504
24953 - 1500 1
24954 # 1504
24954 - 68 2
24955 # 1504
24956 # 1504
24956 + 1500
24956 + 68
24957 # 1504
24957 - 1500 1
24958 # 1504
24958 - 68 2
24959 # 1504
24959 + 1500
24959 + 68
24960 # 1504
24960 - 1500 1
24961 # 1504
24961 - 68 2
24961 + 1500
24961 + 68
24962 # 1504
24962 - 1500 1
24963 # 1504
24963 - 68 2
24964 # 1504
24964 + 1500
24964 + 68
24965 # 1504
24965 - 1500 1
24966 # 1504
24966 - 68 2
24967 # 1504
24968 # 1504
24969 # 1504
24969 + 1500
24969 + 68
24970 # 1504
24970 - 1500 1
24971 # 1504
24971 - 68 2
24972 # 1504
24973 # 1504
24973 + 1500
24973 + 68
24974 # 1504
24974 - 1500 1
24975 # 1504
24975 - 68 2
24976 # 1504
24976 + 1500
24976 + 68
24977 # 1504
24977 - 1500 1
24978 # 1504
24978 - 68 2
24978 + 1500
24978 + 68
24979 # 1504
24979 - 1500 1
24980 # 1504
24980 - 68 2
24981 # 1504
24982 # 1504
24983 # 1504
24983 + 1500
24983 + 68
24984 # 1504
24984 - 1500 1
24985 # 1504
24985 - 68 2
24986 # 1504
24987 # 1504
24987 + 1500
24987 + 68
24988 # 1504
24988 - 1500 1
24989 # 1504
24989 - 68 2
24990 # 1504
24990 + 1500
24990 + 68
24991 # 1504
24991 - 1500 1
24992 # 1504
24992 - 68 2
24993 # 1504
24993 + 1500
24993 + 68
24994 # 1504
24994 - 1500 1
24995 # 1504
24995 - 68 2
24996 # 1504
24997 # 1504
24998 # 1504
24998 + 1500
24998 + 68
24999 # 1504
24999 - 1500 1
25000 # 1504
25000 - 68 2
25001 # 1504
25002 # 1504
25003 # 1504
25003 + 1500
25003 + 68
25004 # 1504
25004 - 1500 1
25005 # 1504
25005 - 68 2
25006 # 1504
25007 # 1504
25007 + 1500
25008 # 1504
25008 - 1500 1
25008 + 68
25009 # 1504
25009 - 68 1
25010 # 1504
25010 + 1500
25010 + 68
25011 # 1504
25011 - 1500 1
25012 # 1504
25012 - 68 2
25013 # 1504
25013 + 1500
25013 + 68
25014 # 1504
25014 - 1500 1
25015 # 1504
25015 - 68 2
25016 # 1504
25017 # 1504
25018 # 1504
25018 + 1500
25018 + 68
25019 # 1504
25019 - 1500 1
25020 # 1504
25020 - 68 2
25021 # 1504
25022 # 1504
25023 # 1504
25023 + 1500
25023 + 68
25024 # 1504
25024 - 1500 1
25025 # 1504
25025 - 68 2
25026 # 1504
25027 # 1504
25028 # 1504
25028 + 1500
25028 + 68
25029 # 1504
25029 - 1500 1
25030 # 1504
25030 - 68 2
25031 # 1504
25032 # 1504
25032 + 1500
25032 + 68
25033 # 1504
25033 - 1500 1
25034 # 1504
25034 - 68 2
25035 # 1504
25036 # 1504
25037 # 1504
25037 + 1500
25037 + 68
25038 # 1504
25038 - 1500 1
25039 # 1504
25039 - 68 2
25040 # 1504
25041 # 1504
25042 # 1504
25042 + 1500
25042 + 68
25043 # 1504
25043 - 1500 1
25044 # 1504
25044 - 68 2
25045 # 1504
25046 # 1504
25047 # 1504
25047 + 1500
25047 + 68
25048 # 1504
25048 - 1500 1
25049 # 1504
25049 - 68 2
25050 # 1504
25051 # 1504
25051 + 1500
25052 # 1504
25052 - 1500 1
25052 + 68
25053 # 1504
25053 - 68 1
25054 # 1504
25055 # 1504
25055 + 1500
25055 + 68
25056 # 1504
25056 - 1500 1
25057 # 1504
25057 - 68 2
25057 + 1500
25057 + 68
25058 # 1504
25058 - 1500 1
25059 # 1504
25059 - 68 2
25060 # 1504
25061 # 1504
25062 # 1504
25062 + 1500
25062 + 68
25063 # 1504
25063 - 1500 1
25064 # 1504
25064 - 68 2
25065 # 1504
25066 # 1504
25067 # 1504
25067 + 1500
25067 + 68
25068 # 1504
25068 - 1500 1
25069 # 1504
25069 - 68 2
25070 # 1504
25071 # 1504
25072 # 1504
25072 + 1500
25072 + 68
25073 # 1504
25073 - 1500 1
25074 # 1504
25074 - 68 2
25075 # 1504
25076 # 1504
25076 + 1500
25076 + 68
25077 # 1504
25077 - 1500 1
25078 # 1504
25078 - 68 2
25079 # 1504
25080 # 1504
25081 # 1504
25081 + 1500
25081 + 68
25082 # 1504
25082 - 1500 1
25083 # 1504
25083 - 68 2
25084 # 1504
25085 # 1504
25086 # 1504
25086 + 1500
25086 + 68
25087 # 1504
25087 - 1500 1
25088 # 1504
25088 - 68 2
25089 # 1504
25090 # 1504
25091 # 1504
25092 # 1504
25092 + 1500
25092 + 68
25093 # 1504
25093 - 1500 1
25094 # 1504
25094 - 68 2
25095 # 1504
25096 # 1504
25096 + 1500
25096 + 68
25097 # 1504
25097 - 1500 1
25098 # 1504
25098 - 68 2
25099 # 1504
25100 # 1504
25100 + 1500
25100 + 68
25101 # 1504
25101 - 1500 1
25102 # 1504
25102 - 68 2
25103 # 1504
25104 # 1504
25105 # 1504
25105 + 1500
25105 + 68
25106 # 1504
25106 - 1500 1
25107 # 1504
25107 - 68 2
25108 # 1504
25108 + 1500
25108 + 68
25109 # 1504
25109 - 1500 1
25110 # 1504
25110 - 68 2
25111 # 1504
25111 + 1500
25111 + 68
25112 # 1504
25112 - 1500 1
25113 # 1504
25113 - 68 2
25114 # 1504
25115 # 1504
25116 # 1504
25116 + 1500
25116 + 68
25117 # 1504
25117 - 1500 1
25118 # 1504
25118 - 68 2
25119 # 1504
25119 + 1500
25119 + 68
25120 # 1504
25120 - 1500 1
25121 # 1504
25121 - 68 2
25121 + 1500
25121 + 68
25122 # 1504
25122 - 1500 1
25123 # 1504
25123 - 68 2
25124 # 1504
25124 + 1500
25124 + 68
25125 # 1504
25125 - 1500 1
25126 # 1504
25126 - 68 2
25127 # 1504
25127 + 1500
25127 + 68
25128 # 1504
25128 - 1500 1
25129 # 1504
25129 - 68 2
25130 # 1504
25131 # 1504
25132 # 1504
25132 + 1500
25132 + 68
25133 # 1504
25133 - 1500 1
25134 # 1504
25134 - 68 2
25135 # 1504
25136 # 1504
25137 # 1504
25137 + 1500
25137 + 68
25138 # 1504
25138 - 1500 1
25139 # 1504
25139 - 68 2
25140 # 1504
25141 # 1504
25141 + 1500
25141 + 68
25142 # 1504
25142 - 1500 1
25143 # 1504
25143 - 68 2
25144 # 1504
25145 # 1504
25146 # 1504
25146 + 1500
25146 + 68
25147 # 1504
25147 - 1500 1
25148 # 1504
25148 - 68 2
25149 # 1504
25150 # 1504
25151 # 1504
25152 # 1504
25152 + 1500
25152 + 68
25153 # 1504
25153 - 1500 1
25154 # 1504
25154 - 68 2
25155 # 1504
25156 # 1504
25156 + 1500
25156 + 68
25157 # 1504
25157 - 1500 1
25158 # 1504
25158 - 68 2
25159 # 1504
25160 # 1504
25161 # 1504
25161 + 1500
25161 + 68
25162 # 1504
25162 - 1500 1
25163 # 1504
25163 - 68 2
25164 # 1504
25165 # 1504
25165 + 1500
25165 + 68
25166 # 1504
25166 - 1500 1
25167 # 1504
25167 - 68 2
25168 # 1504
25169 # 1504
25170 # 1504
25171 # 1504
25171 + 1500
25171 + 68
25172 # 1504
25172 - 1500 1
25173 # 1504
25173 - 68 2
25174 # 1504
25175 # 1504
25175 + 1500
25175 + 68
25176 # 1504
25176 - 1500 1
25177 # 1504
25177 - 68 2
25178 # 1504
25179 # 1504
25180 # 1504
25180 + 1500
25180 + 68
25181 # 1504
25181 - 1500 1
25182 # 1504
25182 - 68 2
25183 # 1504
25184 # 1504
25185 # 1504
25185 + 1500
25185 + 68
25186 # 1504
25186 - 1500 1
25187 # 1504
25187 - 68 2
25188 # 1504
25189 # 1504
25190 # 1504
25190 + 1500
25190 + 68
25191 # 1504
25191 - 1500 1
25192 # 1504
25192 - 68 2
25193 # 1504
25194 # 1504
25194 + 1500
25194 + 68
25195 # 1504
25195 - 1500 1
25196 # 1504
25196 - 68 2
25197 # 1504
25198 # 1504
25199 # 1504
25199 + 1500
25199 + 68
25200 # 1504
25200 - 1500 1
25201 # 1504
25201 - 68 2
25202 # 1504
25203 # 1504
25204 # 1504
25204 + 1500
25204 + 68
25205 # 1504
25205 - 1500 1
25206 # 1504
25206 - 68 2
25207 # 1504
25208 # 1504
25209 # 1504
25209 + 1500
25209 + 68
25210 # 1504
25210 - 1500 1
25211 # 1504
25211 - 68 2
25212 # 1504
25213 # 1504
25214 # 1504
25215 # 1504
25216 # 1504
25216 + 1500
25216 + 68
25217 # 1504
25217 - 1500 1
25218 # 1504
25218 - 68 2
25219 # 1504
25220 # 1504
25220 + 1500
25220 + 68
25221 # 1504
25221 - 1500 1
25222 # 1504
25222 - 68 2
25223 # 1504
25223 + 1500
25223 + 68
25224 # 1504
25224 - 1500 1
25225 # 1504
25225 - 68 2
25226 # 1504
25227 # 1504
25228 # 1504
25228 + 1500
25228 + 68
25229 # 1504
25229 - 1500 1
25230 # 1504
25230 - 68 2
25231 # 1504
25232 # 1504
25233 # 1504
25233 + 1500
25233 + 68
25234 # 1504
25234 - 1500 1
25235 # 1504
25235 - 68 2
25236 # 1504
25237 # 1504
25237 + 1500
25237 + 68
25238 # 1504
25238 - 1500 1
25239 # 1504
25239 - 68 2
25240 # 1504
25241 # 1504
25241 + 1500
25241 + 68
25242 # 1504
25242 - 1500 1
25243 # 1504
25243 - 68 2
25243 + 1500
25243 + 68
25244 # 1504
25244 - 1500 1
25245 # 1504
25245 - 68 2
25246 # 1504
25247 # 1504
25248 # 1504
25248 + 1500
25248 + 68
25249 # 1504
25249 - 1500 1
25250 # 1504
25250 - 68 2
25251 # 1504
25251 + 1500
25251 + 68
25252 # 1504
25252 - 1500 1
25253 # 1504
25253 - 68 2
25253 + 1500
25253 + 68
25254 # 1504
25254 - 1500 1
25255 # 1504
25255 - 68 2
25256 # 1504
25256 + 1500
25256 + 68
25257 # 1504
25257 - 1500 1
25258 # 1504
25258 - 68 2
25258 + 1500
25258 + 68
25259 # 1504
25259 - 1500 1
25260 # 1504
25260 - 68 2
25261 # 1504
25261 + 1500
25261 + 68
25262 # 1504
25262 - 1500 1
25263 # 1504
25263 - 68 2
25264 # 1504
25264 + 1500
25264 + 68
25265 # 1504
25265 - 1500 1
25266 # 1504
25266 - 68 2
25266 + 1500
25266 + 68
25267 # 1504
25267 - 1500 1
25268 # 1504
25268 - 68 2
25269 # 1504
25270 # 1504
25271 # 1504
25271 + 1500
25271 + 68
25272 # 1504
25272 - 1500 1
25273 # 1504
25273 - 68 2
25274 # 1504
25275 # 1504
25276 # 1504
25276 + 1500
25276 + 68
25277 # 1504
25277 - 1500 1
25278 # 1504
25278 - 68 2
25279 # 1504
25280 # 1504
25281 # 1504
25281 + 1500
25281 + 68
25282 # 1504
25282 - 1500 1
25283 # 1504
25283 - 68 2
25284 # 1504
25285 # 1504
25286 # 1504
25286 + 1500
25286 + 68
25287 # 1504
25287 - 1500 1
25288 # 1504
25288 - 68 2
25289 # 1504
25290 # 1504
25290 + 1500
25290 + 68
25291 # 1504
25291 - 1500 1
25292 # 1504
25292 - 68 2
25293 # 1504
25294 # 1504
25295 # 1504
25295 + 1500
25295 + 68
25296 # 1504
25296 - 1500 1
25297 # 1504
25297 - 68 2
25298 # 1504
25299 # 1504
25300 # 1504
25300 + 1500
25300 + 68
25301 # 1504
25301 - 1500 1
25302 # 1504
25302 - 68 2
25303 # 1504
25304 # 1504
25305 # 1504
25305 + 1500
25305 + 68
25306 # 1504
25306 - 1500 1
25307 # 1504
25307 - 68 2
25308 # 1504
25309 # 1504
25309 + 1500
25309 + 68
25310 # 1504
25310 - 1500 1
25310 + 1500
25310 + 68
25311 # 1504
25311 - 68 2
25312 # 1504
25312 - 1500 2
25312 - 68 2
25313 # 1504
25313 + 1500
25313 + 68
25314 # 1504
25314 - 1500 1
25315 # 1504
25315 - 68 2
25316 # 1504
25316 + 1500
25316 + 68
25317 # 1504
25317 - 1500 1
25318 # 1504
25318 - 68 2
25319 # 1504
25320 # 1504
25321 # 1504
25321 + 1500
25321 + 68
25322 # 1504
25322 - 1500 1
25323 # 1504
25323 - 68 2
25324 # 1504
25325 # 1504
25326 # 1504
25326 + 1500
25326 + 68
25327 # 1504
25327 - 1500 1
25328 # 1504
25328 - 68 2
25329 # 1504
25330 # 1504
25331 # 1504
25331 + 1500
25331 + 68
25332 # 1504
25332 - 1500 1
25333 # 1504
25333 - 68 2
25334 # 1504
25335 # 1504
25335 + 1500
25335 + 68
25336 # 1504
25336 - 1500 1
25337 # 1504
25337 - 68 2
25338 # 1504
25339 # 1504
25340 # 1504
25340 + 1500
25340 + 68
25341 # 1504
25341 - 1500 1
25342 # 1504
25342 - 68 2
25343 # 1504
25344 # 1504
25345 # 1504
25346 # 1504
25346 + 1500
25346 + 68
25347 # 1504
25347 - 1500 1
25348 # 1504
25348 - 68 2
25349 # 1504
25350 # 1504
25350 + 1500
25350 + 68
25351 # 1504
25351 - 1500 1
25352 # 1504
25352 - 68 2
25353 # 1504
25354 # 1504
25355 # 1504
25355 + 1500
25355 + 68
25356 # 1504
25356 - 1500 1
25357 # 1504
25357 - 68 2
25358 # 1504
25359 # 1504
25359 + 1500
25359 + 68
25360 # 1504
25360 - 1500 1
25361 # 1504
25361 - 68 2
25362 # 1504
25363 # 1504
25364 # 1504
25365 # 1504
25365 + 1500
25365 + 68
25366 # 1504
25366 - 1500 1
25367 # 1504
25367 - 68 2
25368 # 1504
25369 # 1504
25369 + 1500
25369 + 68
25370 # 1504
25370 - 1500 1
25371 # 1504
25371 - 68 2
25372 # 1504
25373 # 1504
25374 # 1504
25374 + 1500
25374 + 68
25375 # 1504
25375 - 1500 1
25376 # 1504
25376 - 68 2
25377 # 1504
25378 # 1504
25379 # 1504
25379 + 1500
25379 + 68
25380 # 1504
25380 - 1500 1
25381 # 1504
25381 - 68 2
25382 # 1504
25383 # 1504
25383 + 1500
25383 + 68
25384 # 1504
25384 - 1500 1
25385 # 1504
25385 - 68 2
25386 # 1504
25387 # 1504
25388 # 1504
25389 # 1504
25390 # 1504
25390 + 1500
25390 + 68
25391 # 1504
25391 - 1500 1
25392 # 1504
25392 - 68 2
25393 # 1504
25394 # 1504
25395 # 1504
25396 # 1504
25397 # 1504
25398 # 1504
25399 # 1504
25400 # 1504
25401 # 1504
25402 # 1504
25403 # 1504
25404 # 1504
25405 # 1504
25406 # 1504
25407 # 1504
25408 # 1504
25409 # 1504
25410 # 1504
25411 # 1504
25412 # 1504
25413 # 1504
25414 # 1504
25415 # 1504
25415 + 1500
25415 + 68
25415 + 1500
25415 + 68
25415 + 1500
25415 + 68
25415 + 1500
25415 + 68
25415 + 1500
25415 + 68
25416 # 1504
25416 - 1500 1
25417 # 1504
25417 - 68 2
25417 + 1500
25417 + 68
25418 # 1504
25418 - 1500 3
25418 - 68 3
25419 # 1504
25419 - 1500 4
25419 - 68 4
25420 # 1504
25420 - 1500 5
25420 - 68 5
25421 # 1504
25421 - 1500 6
25421 - 68 6
25422 # 1504
25422 - 1500 5
25422 - 68 5
25422 + 1500
25422 + 68
25423 # 1504
25423 - 1500 1
25424 # 1504
25424 - 68 2
25425 # 1504
25426 # 1504
25427 # 1504
25428 # 1504
25429 # 1504
25430 # 1504
25431 # 1504
25432 # 1504
25433 # 1504
25434 # 1504
25435 # 1504
25436 # 1504
25437 # 1504
25438 # 1504
25439 # 1504
25440 # 1504
25441 # 1504
25442 # 1504
25443 # 1504
25444 # 1504
25445 # 1504
25446 # 1504
25447 # 1504
25448 # 1504
25449 # 1504
25450 # 1504
25451 # 1504
25452 # 1504
25453 # 1504
25454 # 1504
25455 # 1504
25456 # 1504
25457 # 1504
25458 # 1504
25459 # 1504
25460 # 1504
25461 # 1504
25462 # 1504
25463 # 1504
25464 # 1504
25465 # 1504
25466 # 1504
25467 # 1504
25468 # 1504
25469 # 1504
25470 # 1504
25471 # 1504
25472 # 1504
25473 # 1504
25474 # 1504
25475 # 1504
25476 # 1504
25477 # 1504
25478 # 1504
25479 # 1504
25480 # 1504
25481 # 1504
25482 # 1504
25483 # 1504
25484 # 1504
25485 # 1504
25486 # 1504
25487 # 1504
25488 # 1504
25489 # 1504
25490 # 1504
25491 # 1504
25492 # 1504
25493 # 1504
25494 # 1504
25495 # 1504
25496 # 1504
25497 # 1504
25498 # 1504
25499 # 1504
25500 # 1504
25501 # 1504
25502 # 1504
25503 # 1504
25504 # 1504
25505 # 1504
25506 # 1504
25507 # 1504
25508 # 1504
25509 # 1504
25509 + 1500
25509 + 68
25509 + 1500
25509 + 68
25509 + 1500
25509 + 68
25509 + 1500
25509 + 68
25509 + 1500
25509 + 68
25509 + 1500
25509 + 68
25509 + 1500
25509 + 68
25509 + 1500
25509 + 68
25509 + 1500
25509 + 68
25509 + 1500
25509 + 68
25509 + 1500
25509 + 68
25509 + 1500
25509 + 68
25509 + 1500
25509 + 68
25509 + 1500
25509 + 68
25509 + 1500
25509 + 68
25509 + 1500
25509 + 68
25509 + 1500
25509 + 68
25509 + 1500
25509 + 68
25510 # 1504
25510 - 1500 1
25511 # 1504
25511 - 68 2
25512 # 1504
25512 - 1500 3
25512 - 68 3
25513 # 1504
25513 - 1500 4
25513 - 68 4
25513 + 1500
25513 + 68
25514 # 1504
25514 - 1500 5
25514 - 68 5
25515 # 1504
25515 - 1500 6
25515 - 68 6
25516 # 1504
25516 - 1500 7
25516 - 68 7
25517 # 1504
25517 - 1500 8
25517 - 68 8
25518 # 1504
25518 - 1500 9
25518 - 68 9
25518 + 1500
25518 + 68
25519 # 1504
25519 - 1500 10
25519 - 68 10
25520 # 1504
25520 - 1500 11
25520 - 68 11
25521 # 1504
25521 - 1500 12
25521 - 68 12
25522 # 1504
25522 - 1500 13
25522 - 68 13
25522 + 1500
25522 + 68
25523 # 1504
25523 - 1500 14
25523 - 68 14
25524 # 1504
25524 - 1500 15
25524 - 68 15
25525 # 1504
25525 - 1500 16
25525 - 68 16
25526 # 1504
25526 - 1500 17
25526 - 68 17
25527 # 1504
25527 - 1500 18
25527 - 68 18
25528 # 1504
25528 - 1500 19
25528 - 68 19
25528 + 1500
25528 + 68
25529 # 1504
25529 - 1500 16
25529 - 68 16
25530 # 1504
25530 - 1500 12
25530 - 68 12
25531 # 1504
25531 - 1500 9
25531 - 68 9
25532 # 1504
25532 - 1500 4
25532 - 68 4
25532 + 1500
25532 + 68
25533 # 1504
25533 - 1500 1
25534 # 1504
25534 - 68 2
25535 # 1504
25536 # 1504
25536 + 1500
25536 + 68
25537 # 1504
25537 - 1500 1
25538 # 1504
25538 - 68 2
25539 # 1504
25540 # 1504
25540 + 1500
25540 + 68
25541 # 1504
25541 - 1500 1
25542 # 1504
25542 - 68 2
25543 # 1504
25544 # 1504
25544 + 1500
25544 + 68
25545 # 1504
25545 - 1500 1
25546 # 1504
25546 - 68 2
25547 # 1504
25548 # 1504
25548 + 1500
25548 + 68
25549 # 1504
25549 - 1500 1
25550 # 1504
25550 - 68 2
25551 # 1504
25552 # 1504
25552 + 1500
25552 + 68
25553 # 1504
25553 - 1500 1
25554 # 1504
25554 - 68 2
25555 # 1504
25556 # 1504
25557 # 1504
25557 + 1500
25557 + 68
25558 # 1504
25558 - 1500 1
25559 # 1504
25559 - 68 2
25560 # 1504
25561 # 1504
25562 # 1504
25562 + 1500
25562 + 68
25563 # 1504
25563 - 1500 1
25564 # 1504
25564 - 68 2
25565 # 1504
25566 # 1504
25567 # 1504
25567 + 1500
25567 + 68
25568 # 1504
25568 - 1500 1
25569 # 1504
25569 - 68 2
25570 # 1504
25571 # 1504
25572 # 1504
25572 + 1500
25572 + 68
25573 # 1504
25573 - 1500 1
25574 # 1504
25574 - 68 2
25575 # 1504
25576 # 1504
25577 # 1504
25577 + 1500
25577 + 68
25578 # 1504
25578 - 1500 1
25579 # 1504
25579 - 68 2
25580 # 1504
25581 # 1504
25581 + 1500
25581 + 68
25582 # 1504
25582 - 1500 1
25583 # 1504
25583 - 68 2
25584 # 1504
25585 # 1504
25586 # 1504
25586 + 1500
25586 + 68
25587 # 1504
25587 - 1500 1
25588 # 1504
25588 - 68 2
25589 # 1504
25590 # 1504
25591 # 1504
25591 + 1500
25591 + 68
25592 # 1504
25592 - 1500 1
25593 # 1504
25593 - 68 2
25594 # 1504
25595 # 1504
25596 # 1504
25597 # 1504
25597 + 1500
25597 + 68
25598 # 1504
25598 - 1500 1
25599 # 1504
25599 - 68 2
25600 # 1504
25601 # 1504
25601 + 1500
25601 + 68
25602 # 1504
25602 - 1500 1
25603 # 1504
25603 - 68 2
25604 # 1504
25605 # 1504
25605 + 1500
25605 + 68
25606 # 1504
25606 - 1500 1
25607 # 1504
25607 - 68 2
25608 # 1504
25608 + 1500
25608 + 68
25609 # 1504
25609 - 1500 1
25610 # 1504
25610 - 68 2
25611 # 1504
25611 + 1500
25611 + 68
25612 # 1504
25612 - 1500 1
25613 # 1504
25613 - 68 2
25614 # 1504
25614 + 1500
25614 + 68
25615 # 1504
25615 - 1500 1
25616 # 1504
25616 - 68 2
25617 # 1504
25618 # 1504
25619 # 1504
25619 + 1500
25619 + 68
25620 # 1504
25620 - 1500 1
25621 # 1504
25621 - 68 2
25622 # 1504
25622 + 1500
25622 + 68
25623 # 1504
25623 - 1500 1
25624 # 1504
25624 - 68 2
25624 + 1500
25624 + 68
25625 # 1504
25625 - 1500 1
25626 # 1504
25626 - 68 2
25627 # 1504
25628 # 1504
25629 # 1504
25629 + 1500
25629 + 68
25630 # 1504
25630 - 1500 1
25631 # 1504
25631 - 68 2
25632 # 1504
25633 # 1504
25634 # 1504
25634 + 1500
25634 + 68
25635 # 1504
25635 - 1500 1
25636 # 1504
25636 - 68 2
25637 # 1504
25638 # 1504
25639 # 1504
25639 + 1500
25639 + 68
25640 # 1504
25640 - 1500 1
25641 # 1504
25641 - 68 2
25642 # 1504
25643 # 1504
25643 + 1500
25643 + 68
25644 # 1504
25644 - 1500 1
25645 # 1504
25645 - 68 2
25646 # 1504
25647 # 1504
25648 # 1504
25649 # 1504
25650 # 1504
25650 + 1500
25650 + 68
25651 # 1504
25651 - 1500 1
25652 # 1504
25652 - 68 2
25653 # 1504
25653 + 1500
25653 + 68
25654 # 1504
25654 - 1500 1
25655 # 1504
25655 - 68 2
25656 # 1504
25657 # 1504
25658 # 1504
25658 + 1500
25658 + 68
25659 # 1504
25659 - 1500 1
25660 # 1504
25660 - 68 2
25661 # 1504
25662 # 1504
25663 # 1504
25663 + 1500
25663 + 68
25664 # 1504
25664 - 1500 1
25665 # 1504
25665 - 68 2
25666 # 1504
25667 # 1504
25667 + 1500
25667 + 68
25668 # 1504
25668 - 1500 1
25669 # 1504
25669 - 68 2
25670 # 1504
25671 # 1504
25672 # 1504
25672 + 1500
25672 + 68
25673 # 1504
25673 - 1500 1
25674 # 1504
25674 - 68 2
25675 # 1504
25676 # 1504
25677 # 1504
25678 # 1504
25678 + 1500
25678 + 68
25679 # 1504
25679 - 1500 1
25680 # 1504
25680 - 68 2
25681 # 1504
25682 # 1504
25682 + 1500
25682 + 68
25683 # 1504
25683 - 1500 1
25684 # 1504
25684 - 68 2
25685 # 1504
25686 # 1504
25686 + 1500
25687 # 1504
25687 - 1500 1
25687 + 68
25688 # 1504
25688 - 68 1
25689 # 1504
25690 # 1504
25691 # 1504
25692 # 1504
25692 + 1500
25692 + 68
25693 # 1504
25693 - 1500 1
25694 # 1504
25694 - 68 2
25695 # 1504
25696 # 1504
25696 + 1500
25696 + 68
25697 # 1504
25697 - 1500 1
25698 # 1504
25698 - 68 2
25699 # 1504
25700 # 1504
25701 # 1504
25701 + 1500
25701 + 68
25702 # 1504
25702 - 1500 1
25703 # 1504
25703 - 68 2
25704 # 1504
25705 # 1504
25706 # 1504
25706 + 1500
25706 + 68
25707 # 1504
25707 - 1500 1
25708 # 1504
25708 - 68 2
25709 # 1504
25709 + 1500
25709 + 68
25710 # 1504
25710 - 1500 1
25711 # 1504
25711 - 68 2
25711 + 1500
25711 + 68
25712 # 1504
25712 - 1500 1
25713 # 1504
25713 - 68 2
25714 # 1504
25715 # 1504
25716 # 1504
25716 + 1500
25716 + 68
25717 # 1504
25717 - 1500 1
25718 # 1504
25718 - 68 2
25719 # 1504
25720 # 1504
25721 # 1504
25721 + 1500
25721 + 68
25722 # 1504
25722 - 1500 1
25723 # 1504
25723 - 68 2
25724 # 1504
25725 # 1504
25726 # 1504
25726 + 1500
25726 + 68
25727 # 1504
25727 - 1500 1
25728 # 1504
25728 - 68 2
25729 # 1504
25730 # 1504
25731 # 1504
25731 + 1500
25731 + 68
25732 # 1504
25732 - 1500 1
25733 # 1504
25733 - 68 2
25734 # 1504
25735 # 1504
25735 + 1500
25735 + 68
25736 # 1504
25736 - 1500 1
25737 # 1504
25737 - 68 2
25738 # 1504
25738 + 1500
25738 + 68
25739 # 1504
25739 - 1500 1
25740 # 1504
25740 - 68 2
25741 # 1504
25741 + 1500
25741 + 68
25742 # 1504
25742 - 1500 1
25743 # 1504
25743 - 68 2
25744 # 1504
25744 + 1500
25744 + 68
25745 # 1504
25745 - 1500 1
25746 # 1504
25746 - 68 2
25747 # 1504
25748 # 1504
25749 # 1504
25749 + 1500
25749 + 68
25750 # 1504
25750 - 1500 1
25751 # 1504
25751 - 68 2
25752 # 1504
25753 # 1504
25753 + 1500
25753 + 68
25754 # 1504
25754 - 1500 1
25755 # 1504
25755 - 68 2
25756 # 1504
25756 + 1500
25756 + 68
25757 # 1504
25757 - 1500 1
25758 # 1504
25758 - 68 2
25758 + 1500
25758 + 68
25759 # 1504
25759 - 1500 1
25760 # 1504
25760 - 68 2
25761 # 1504
25762 # 1504
25763 # 1504
25763 + 1500
25763 + 68
25764 # 1504
25764 - 1500 1
25765 # 1504
25765 - 68 2
25766 # 1504
25767 # 1504
25767 + 1500
25768 # 1504
25768 - 1500 1
25768 + 68
25769 # 1504
25769 - 68 1
25770 # 1504
25771 # 1504
25772 # 1504
25772 + 1500
25772 + 68
25773 # 1504
25773 - 1500 1
25774 # 1504
25774 - 68 2
25775 # 1504
25776 # 1504
25777 # 1504
25777 + 1500
25777 + 68
25778 # 1504
25778 - 1500 1
25779 # 1504
25779 - 68 2
25780 # 1504
25781 # 1504
25782 # 1504
25782 + 1500
25782 + 68
25783 # 1504
25783 - 1500 1
25784 # 1504
25784 - 68 2
25785 # 1504
25786 # 1504
25787 # 1504
25787 + 1500
25787 + 68
25788 # 1504
25788 - 1500 1
25789 # 1504
25789 - 68 2
25790 # 1504
25791 # 1504
25792 # 1504
25792 + 1500
25792 + 68
25793 # 1504
25793 - 1500 1
25794 # 1504
25794 - 68 2
25795 # 1504
25796 # 1504
25796 + 1500
25796 + 68
25797 # 1504
25797 - 1500 1
25798 # 1504
25798 - 68 2
25799 # 1504
25800 # 1504
25801 # 1504
25801 + 1500
25801 + 68
25802 # 1504
25802 - 1500 1
25803 # 1504
25803 - 68 2
25804 # 1504
25805 # 1504
25806 # 1504
25806 + 1500
25806 + 68
25807 # 1504
25807 - 1500 1
25808 # 1504
25808 - 68 2
25809 # 1504
25810 # 1504
25811 # 1504
25811 + 1500
25811 + 68
25812 # 1504
25812 - 1500 1
25813 # 1504
25813 - 68 2
25814 # 1504
25815 # 1504
25815 + 1500
25815 + 68
25816 # 1504
25816 - 1500 1
25817 # 1504
25817 - 68 2
25818 # 1504
25818 + 1500
25818 + 68
25819 # 1504
25819 - 1500 1
25820 # 1504
25820 - 68 2
25821 # 1504
25821 + 1500
25821 + 68
25822 # 1504
25822 - 1500 1
25823 # 1504
25823 - 68 2
25824 # 1504
25825 # 1504
25826 # 1504
25826 + 1500
25826 + 68
25827 # 1504
25827 - 1500 1
25828 # 1504
25828 - 68 2
25829 # 1504
25830 # 1504
25831 # 1504
25831 + 1500
25831 + 68
25832 # 1504
25832 - 1500 1
25833 # 1504
25833 - 68 2
25834 # 1504
25835 # 1504
25836 # 1504
25836 + 1500
25836 + 68
25837 # 1504
25837 - 1500 1
25838 # 1504
25838 - 68 2
25839 # 1504
25840 # 1504
25840 + 1500
25840 + 68
25841 # 1504
25841 - 1500 1
25842 # 1504
25842 - 68 2
25843 # 1504
25844 # 1504
25845 # 1504
25845 + 1500
25845 + 68
25846 # 1504
25846 - 1500 1
25847 # 1504
25847 - 68 2
25848 # 1504
25849 # 1504
25850 # 1504
25850 + 1500
25850 + 68
25851 # 1504
25851 - 1500 1
25852 # 1504
25852 - 68 2
25853 # 1504
25854 # 1504
25855 # 1504
25855 + 1500
25855 + 68
25856 # 1504
25856 - 1500 1
25857 # 1504
25857 - 68 2
25858 # 1504
25859 # 1504
25860 # 1504
25860 + 1500
25860 + 68
25861 # 1504
25861 - 1500 1
25862 # 1504
25862 - 68 2
25863 # 1504
25864 # 1504
25864 + 1500
25864 + 68
25865 # 1504
25865 - 1500 1
25866 # 1504
25866 - 68 2
25867 # 1504
25868 # 1504
25869 # 1504
25869 + 1500
25869 + 68
25870 # 1504
25870 - 1500 1
25871 # 1504
25871 - 68 2
25872 # 1504
25873 # 1504
25874 # 1504
25874 + 1500
25874 + 68
25875 # 1504
25875 - 1500 1
25876 # 1504
25876 - 68 2
25877 # 1504
25878 # 1504
25879 # 1504
25879 + 1500
25879 + 68
25880 # 1504
25880 - 1500 1
25881 # 1504
25881 - 68 2
25882 # 1504
25883 # 1504
25884 # 1504
25884 + 1500
25884 + 68
25885 # 1504
25885 - 1500 1
25886 # 1504
25886 - 68 2
25887 # 1504
25888 # 1504
25888 + 1500
25888 + 68
25889 # 1504
25889 - 1500 1
25890 # 1504
25890 - 68 2
25891 # 1504
25892 # 1504
25893 # 1504
25893 + 1500
25893 + 68
25894 # 1504
25894 - 1500 1
25895 # 1504
25895 - 68 2
25896 # 1504
25897 # 1504
25898 # 1504
25898 + 1500
25898 + 68
25899 # 1504
25899 - 1500 1
25900 # 1504
25900 - 68 2
25901 # 1504
25902 # 1504
25903 # 1504
25903 + 1500
25903 + 68
25904 # 1504
25904 - 1500 1
25905 # 1504
25905 - 68 2
25906 # 1504
25907 # 1504
25908 # 1504
25908 + 1500
25908 + 68
25909 # 1504
25909 - 1500 1
25910 # 1504
25910 - 68 2
25911 # 1504
25912 # 1504
25912 + 1500
25912 + 68
25913 # 1504
25913 - 1500 1
25914 # 1504
25914 - 68 2
25915 # 1504
25916 # 1504
25917 # 1504
25917 + 1500
25917 + 68
25918 # 1504
25918 - 1500 1
25919 # 1504
25919 - 68 2
25920 # 1504
25921 # 1504
25922 # 1504
25922 + 1500
25922 + 68
25923 # 1504
25923 - 1500 1
25924 # 1504
25924 - 68 2
25925 # 1504
25926 # 1504
25927 # 1504
25927 + 1500
25927 + 68
25928 # 1504
25928 - 1500 1
25929 # 1504
25929 - 68 2
25930 # 1504
25931 # 1504
25932 # 1504
25932 + 1500
25932 + 68
25933 # 1504
25933 - 1500 1
25934 # 1504
25934 - 68 2
25935 # 1504
25936 # 1504
25936 + 1500
25936 + 68
25937 # 1504
25937 - 1500 1
25938 # 1504
25938 - 68 2
25939 # 1504
25940 # 1504
25941 # 1504
25941 + 1500
25941 + 68
25942 # 1504
25942 - 1500 1
25943 # 1504
25943 - 68 2
25944 # 1504
25945 # 1504
25946 # 1504
25946 + 1500
25946 + 68
25947 # 1504
25947 - 1500 1
25948 # 1504
25948 - 68 2
25949 # 1504
25950 # 1504
25951 # 1504
25951 + 1500
25951 + 68
25952 # 1504
25952 - 1500 1
25953 # 1504
25953 - 68 2
25954 # 1504
25955 # 1504
25956 # 1504
25956 + 1500
25956 + 68
25957 # 1504
25957 - 1500 1
25958 # 1504
25958 - 68 2
25959 # 1504
25960 # 1504
25960 + 1500
25960 + 68
25961 # 1504
25961 - 1500 1
25962 # 1504
25962 - 68 2
25963 # 1504
25964 # 1504
25965 # 1504
25965 + 1500
25965 + 68
25966 # 1504
25966 - 1500 1
25967 # 1504
25967 - 68 2
25968 # 1504
25969 # 1504
25970 # 1504
25970 + 1500
25970 + 68
25971 # 1504
25971 - 1500 1
25972 # 1504
25972 - 68 2
25973 # 1504
25974 # 1504
25975 # 1504
25975 + 1500
25975 + 68
25976 # 1504
25976 - 1500 1
25977 # 1504
25977 - 68 2
25978 # 1504
25979 # 1504
25980 # 1504
25980 + 1500
25980 + 68
25981 # 1504
25981 - 1500 1
25982 # 1504
25982 - 68 2
25983 # 1504
25984 # 1504
25984 + 1500
25984 + 68
25985 # 1504
25985 - 1500 1
25986 # 1504
25986 - 68 2
25987 # 1504
25988 # 1504
25989 # 1504
25989 + 1500
25989 + 68
25990 # 1504
25990 - 1500 1
25991 # 1504
25991 - 68 2
25992 # 1504
25993 # 1504
25994 # 1504
25994 + 1500
25994 + 68
25995 # 1504
25995 - 1500 1
25996 # 1504
25996 - 68 2
25997 # 1504
25998 # 1504
25999 # 1504
25999 + 1500
25999 + 68
26000 # 1504
26000 - 1500 1
26001 # 1504
26001 - 68 2
26002 # 1504
26003 # 1504
26004 # 1504
26004 + 1500
26004 + 68
26005 # 1504
26005 - 1500 1
26006 # 1504
26006 - 68 2
26007 # 1504
26008 # 1504
26008 + 1500
26008 + 68
26009 # 1504
26009 - 1500 1
26010 # 1504
26010 - 68 2
26011 # 1504
26012 # 1504
26013 # 1504
26013 + 1500
26013 + 68
26014 # 1504
26014 - 1500 1
26015 # 1504
26015 - 68 2
26016 # 1504
26017 # 1504
26018 # 1504
26018 + 1500
26018 + 68
26019 # 1504
26019 - 1500 1
26020 # 1504
26020 - 68 2
26021 # 1504
26022 # 1504
26023 # 1504
26023 + 1500
26023 + 68
26024 # 1504
26024 - 1500 1
26025 # 1504
26025 - 68 2
26026 # 1504
26027 # 1504
26028 # 1504
26028 + 1500
26028 + 68
26029 # 1504
26029 - 1500 1
26030 # 1504
26030 - 68 2
26031 # 1504
26032 # 1504
26032 + 1500
26032 + 68
26033 # 1504
26033 - 1500 1
26034 # 1504
26034 - 68 2
26035 # 1504
26036 # 1504
26037 # 1504
26037 + 1500
26037 + 68
26038 # 1504
26038 - 1500 1
26039 # 1504
26039 - 68 2
26040 # 1504
26041 # 1504
26042 # 1504
26042 + 1500
26042 + 68
26043 # 1504
26043 - 1500 1
26044 # 1504
26044 - 68 2
26045 # 1504
26046 # 1504
26047 # 1504
26047 + 1500
26047 + 68
26048 # 1504
26048 - 1500 1
26049 # 1504
26049 - 68 2
26050 # 1504
26051 # 1504
26052 # 1504
26052 + 1500
26052 + 68
26053 # 1504
26053 - 1500 1
26054 # 1504
26054 - 68 2
26055 # 1504
26056 # 1504
26056 + 1500
26056 + 68
26057 # 1504
26057 - 1500 1
26058 # 1504
26058 - 68 2
26059 # 1504
26060 # 1504
26061 # 1504
26061 + 1500
26061 + 68
26062 # 1504
26062 - 1500 1
26063 # 1504
26063 - 68 2
26064 # 1504
26065 # 1504
26066 # 1504
26066 + 1500
26066 + 68
26067 # 1504
26067 - 1500 1
26068 # 1504
26068 - 68 2
26069 # 1504
26070 # 1504
26071 # 1504
26071 + 1500
26071 + 68
26072 # 1504
26072 - 1500 1
26073 # 1504
26073 - 68 2
26074 # 1504
26075 # 1504
26076 # 1504
26076 + 1500
26076 + 68
26077 # 1504
26077 - 1500 1
26078 # 1504
26078 - 68 2
26079 # 1504
26080 # 1504
26080 + 1500
26080 + 68
26081 # 1504
26081 - 1500 1
26082 # 1504
26082 - 68 2
26083 # 1504
26084 # 1504
26085 # 1504
26085 + 1500
26085 + 68
26086 # 1504
26086 - 1500 1
26087 # 1504
26087 - 68 2
26088 # 1504
26089 # 1504
26090 # 1504
26090 + 1500
26090 + 68
26091 # 1504
26091 - 1500 1
26092 # 1504
26092 - 68 2
26093 # 1504
26094 # 1504
26095 # 1504
26095 + 1500
26095 + 68
26096 # 1504
26096 - 1500 1
26097 # 1504
26097 - 68 2
26098 # 1504
26099 # 1504
26099 + 1500
26099 + 68
26100 # 1504
26100 - 1500 1
26101 # 1504
26101 - 68 2
26102 # 1504
26102 + 1500
26102 + 68
26103 # 1504
26103 - 1500 1
26104 # 1504
26104 - 68 2
26105 # 1504
26105 + 1500
26105 + 68
26106 # 1504
26106 - 1500 1
26107 # 1504
26107 - 68 2
26108 # 1504
26109 # 1504
26110 # 1504
26110 + 1500
26110 + 68
26111 # 1504
26111 - 1500 1
26112 # 1504
26112 - 68 2
26113 # 1504
26114 # 1504
26115 # 1504
26115 + 1500
26115 + 68
26116 # 1504
26116 - 1500 1
26117 # 1504
26117 - 68 2
26118 # 1504
26119 # 1504
26120 # 1504
26120 + 1500
26120 + 68
26121 # 1504
26121 - 1500 1
26122 # 1504
26122 - 68 2
26123 # 1504
26124 # 1504
26124 + 1500
26124 + 68
26125 # 1504
26125 - 1500 1
26126 # 1504
26126 - 68 2
26127 # 1504
26128 # 1504
26129 # 1504
26129 + 1500
26129 + 68
26130 # 1504
26130 - 1500 1
26131 # 1504
26131 - 68 2
26132 # 1504
26133 # 1504
26134 # 1504
26134 + 1500
26134 + 68
26135 # 1504
26135 - 1500 1
26136 # 1504
26136 - 68 2
26137 # 1504
26138 # 1504
26139 # 1504
26139 + 1500
26139 + 68
26140 # 1504
26140 - 1500 1
26141 # 1504
26141 - 68 2
26142 # 1504
26143 # 1504
26144 # 1504
26144 + 1500
26144 + 68
26145 # 1504
26145 - 1500 1
26146 # 1504
26146 - 68 2
26147 # 1504
26148 # 1504
26148 + 1500
26148 + 68
26149 # 1504
26149 - 1500 1
26150 # 1504
26150 - 68 2
26151 # 1504
26152 # 1504
26153 # 1504
26153 + 1500
26153 + 68
26154 # 1504
26154 - 1500 1
26155 # 1504
26155 - 68 2
26156 # 1504
26157 # 1504
26158 # 1504
26158 + 1500
26158 + 68
26159 # 1504
26159 - 1500 1
26160 # 1504
26160 - 68 2
26161 # 1504
26162 # 1504
26163 # 1504
26163 + 1500
26163 + 68
26164 # 1504
26164 - 1500 1
26165 # 1504
26165 - 68 2
26166 # 1504
26167 # 1504
26167 + 1500
26167 + 68
26168 # 1504
26168 - 1500 1
26169 # 1504
26169 - 68 2
26170 # 1504
26170 + 1500
26170 + 68
26171 # 1504
26171 - 1500 1
26172 # 1504
26172 - 68 2
26172 + 1500
26172 + 68
26173 # 1504
26173 - 1500 1
26174 # 1504
26174 - 68 2
26175 # 1504
26175 + 1500
26175 + 68
26176 # 1504
26176 - 1500 1
26177 # 1504
26177 - 68 2
26178 # 1504
26179 # 1504
26180 # 1504
26180 + 1500
26180 + 68
26181 # 1504
26181 - 1500 1
26182 # 1504
26182 - 68 2
26183 # 1504
26184 # 1504
26184 + 1500
26184 + 68
26185 # 1504
26185 - 1500 1
26186 # 1504
26186 - 68 2
26187 # 1504
26188 # 1504
26189 # 1504
26189 + 1500
26189 + 68
26190 # 1504
26190 - 1500 1
26191 # 1504
26191 - 68 2
26192 # 1504
26193 # 1504
26194 # 1504
26194 + 1500
26194 + 68
26195 # 1504
26195 - 1500 1
26196 # 1504
26196 - 68 2
26197 # 1504
26198 # 1504
26199 # 1504
26199 + 1500
26199 + 68
26200 # 1504
26200 - 1500 1
26201 # 1504
26201 - 68 2
26202 # 1504
26203 # 1504
26204 # 1504
26204 + 1500
26204 + 68
26205 # 1504
26205 - 1500 1
26206 # 1504
26206 - 68 2
26207 # 1504
26208 # 1504
26208 + 1500
26208 + 68
26209 # 1504
26209 - 1500 1
26210 # 1504
26210 - 68 2
26211 # 1504
26212 # 1504
26213 # 1504
26213 + 1500
26213 + 68
26214 # 1504
26214 - 1500 1
26215 # 1504
26215 - 68 2
26216 # 1504
26217 # 1504
26218 # 1504
26218 + 1500
26218 + 68
26219 # 1504
26219 - 1500 1
26220 # 1504
26220 - 68 2
26221 # 1504
26222 # 1504
26223 # 1504
26223 + 1500
26223 + 68
26224 # 1504
26224 - 1500 1
26225 # 1504
26225 - 68 2
26226 # 1504
26227 # 1504
26227 + 1500
26227 + 68
26228 # 1504
26228 - 1500 1
26229 # 1504
26229 - 68 2
26230 # 1504
26230 + 1500
26230 + 68
26231 # 1504
26231 - 1500 1
26232 # 1504
26232 - 68 2
26232 + 1500
26232 + 68
26233 # 1504
26233 - 1500 1
26234 # 1504
26234 - 68 2
26235 # 1504
26235 + 1500
26235 + 68
26236 # 1504
26236 - 1500 1
26237 # 1504
26237 - 68 2
26238 # 1504
26239 # 1504
26240 # 1504
26240 + 1500
26240 + 68
26241 # 1504
26241 - 1500 1
26242 # 1504
26242 - 68 2
26243 # 1504
26244 # 1504
26244 + 1500
26244 + 68
26245 # 1504
26245 - 1500 1
26246 # 1504
26246 - 68 2
26247 # 1504
26248 # 1504
26248 + 1500
26248 + 68
26249 # 1504
26249 - 1500 1
26250 # 1504
26250 - 68 2
26250 + 1500
26250 + 68
26251 # 1504
26251 - 1500 1
26252 # 1504
26252 - 68 2
26253 # 1504
26254 # 1504
26255 # 1504
26255 + 1500
26255 + 68
26256 # 1504
26256 - 1500 1
26257 # 1504
26257 - 68 2
26258 # 1504
26259 # 1504
26260 # 1504
26260 + 1500
26260 + 68
26261 # 1504
26261 - 1500 1
26262 # 1504
26262 - 68 2
26263 # 1504
26264 # 1504
26264 + 1500
26264 + 68
26265 # 1504
26265 - 1500 1
26266 # 1504
26266 - 68 2
26267 # 1504
26267 + 1500
26267 + 68
26268 # 1504
26268 - 1500 1
26269 # 1504
26269 - 68 2
26269 + 1500
26269 + 68
26270 # 1504
26270 - 1500 1
26271 # 1504
26271 - 68 2
26272 # 1504
26272 + 1500
26272 + 68
26273 # 1504
26273 - 1500 1
26274 # 1504
26274 - 68 2
26275 # 1504
26276 # 1504
26277 # 1504
26277 + 1500
26277 + 68
26278 # 1504
26278 - 1500 1
26279 # 1504
26279 - 68 2
26280 # 1504
26281 # 1504
26281 + 1500
26281 + 68
26282 # 1504
26282 - 1500 1
26283 # 1504
26283 - 68 2
26284 # 1504
26285 # 1504
26285 + 1500
26285 + 68
26286 # 1504
26286 - 1500 1
26287 # 1504
26287 - 68 2
26287 + 1500
26287 + 68
26288 # 1504
26288 - 1500 1
26289 # 1504
26289 - 68 2
26290 # 1504
26291 # 1504
26292 # 1504
26292 + 1500
26292 + 68
26293 # 1504
26293 - 1500 1
26294 # 1504
26294 - 68 2
26295 # 1504
26296 # 1504
26297 # 1504
26297 + 1500
26297 + 68
26298 # 1504
26298 - 1500 1
26299 # 1504
26299 - 68 2
26300 # 1504
26301 # 1504
26301 + 1500
26301 + 68
26302 # 1504
26302 - 1500 1
26303 # 1504
26303 - 68 2
26304 # 1504
26305 # 1504
26306 # 1504
26306 + 1500
26306 + 68
26307 # 1504
26307 - 1500 1
26308 # 1504
26308 - 68 2
26309 # 1504
26310 # 1504
26311 # 1504
26311 + 1500
26311 + 68
26312 # 1504
26312 - 1500 1
26313 # 1504
26313 - 68 2
26314 # 1504
26315 # 1504
26316 # 1504
26316 + 1500
26316 + 68
26317 # 1504
26317 - 1500 1
26318 # 1504
26318 - 68 2
26319 # 1504
26320 # 1504
26321 # 1504
26321 + 1500
26321 + 68
26322 # 1504
26322 - 1500 1
26323 # 1504
26323 - 68 2
26324 # 1504
26325 # 1504
26325 + 1500
26325 + 68
26326 # 1504
26326 - 1500 1
26327 # 1504
26327 - 68 2
26328 # 1504
26328 + 1500
26328 + 68
26329 # 1504
26329 - 1500 1
26330 # 1504
26330 - 68 2
26331 # 1504
26331 + 1500
26331 + 68
26332 # 1504
26332 - 1500 1
26333 # 1504
26333 - 68 2
26334 # 1504
26335 # 1504
26336 # 1504
26336 + 1500
26336 + 68
26337 # 1504
26337 - 1500 1
26338 # 1504
26338 - 68 2
26339 # 1504
26340 # 1504
26341 # 1504
26341 + 1500
26341 + 68
26342 # 1504
26342 - 1500 1
26343 # 1504
26343 - 68 2
26344 # 1504
26345 # 1504
26345 + 1500
26345 + 68
26346 # 1504
26346 - 1500 1
26347 # 1504
26347 - 68 2
26348 # 1504
26349 # 1504
26350 # 1504
26350 + 1500
26350 + 68
26351 # 1504
26351 - 1500 1
26352 # 1504
26352 - 68 2
26353 # 1504
26354 # 1504
26355 # 1504
26355 + 1500
26355 + 68
26356 # 1504
26356 - 1500 1
26357 # 1504
26357 - 68 2
26358 # 1504
26359 # 1504
26360 # 1504
26360 + 1500
26360 + 68
26361 # 1504
26361 - 1500 1
26362 # 1504
26362 - 68 2
26363 # 1504
26364 # 1504
26365 # 1504
26365 + 1500
26365 + 68
26366 # 1504
26366 - 1500 1
26367 # 1504
26367 - 68 2
26368 # 1504
26369 # 1504
26370 # 1504
26370 + 1500
26370 + 68
26371 # 1504
26371 - 1500 1
26372 # 1504
26372 - 68 2
26373 # 1504
26374 # 1504
26374 + 1500
26374 + 68
26375 # 1504
26375 - 1500 1
26376 # 1504
26376 - 68 2
26377 # 1504
26378 # 1504
26379 # 1504
26379 + 1500
26379 + 68
26380 # 1504
26380 - 1500 1
26381 # 1504
26381 - 68 2
26382 # 1504
26383 # 1504
26384 # 1504
26384 + 1500
26384 + 68
26385 # 1504
26385 - 1500 1
26386 # 1504
26386 - 68 2
26387 # 1504
26388 # 1504
26389 # 1504
26389 + 1500
26389 + 68
26390 # 1504
26390 - 1500 1
26391 # 1504
26391 - 68 2
26392 # 1504
26393 # 1504
26393 + 1500
26393 + 68
26394 # 1504
26394 - 1500 1
26395 # 1504
26395 - 68 2
26396 # 1504
26396 + 1500
26396 + 68
26397 # 1504
26397 - 1500 1
26398 # 1504
26398 - 68 2
26398 + 1500
26398 + 68
26399 # 1504
26399 - 1500 1
26400 # 1504
26400 - 68 2
26401 # 1504
26401 + 1500
26401 + 68
26402 # 1504
26402 - 1500 1
26403 # 1504
26403 - 68 2
26404 # 1504
26405 # 1504
26405 + 1500
26405 + 68
26406 # 1504
26406 - 1500 1
26407 # 1504
26407 - 68 2
26408 # 1504
26408 + 1500
26408 + 68
26409 # 1504
26409 - 1500 1
26410 # 1504
26410 - 68 2
26410 + 1500
26410 + 68
26411 # 1504
26411 - 1500 1
26412 # 1504
26412 - 68 2
26413 # 1504
26414 # 1504
26415 # 1504
26415 + 1500
26415 + 68
26416 # 1504
26416 - 1500 1
26417 # 1504
26417 - 68 2
26418 # 1504
26419 # 1504
26420 # 1504
26420 + 1500
26420 + 68
26421 # 1504
26421 - 1500 1
26422 # 1504
26422 - 68 2
26423 # 1504
26424 # 1504
26424 + 1500
26424 + 68
26425 # 1504
26425 - 1500 1
26426 # 1504
26426 - 68 2
26427 # 1504
26428 # 1504
26429 # 1504
26429 + 1500
26429 + 68
26430 # 1504
26430 - 1500 1
26431 # 1504
26431 - 68 2
26432 # 1504
26433 # 1504
26434 # 1504
26434 + 1500
26434 + 68
26435 # 1504
26435 - 1500 1
26436 # 1504
26436 - 68 2
26437 # 1504
26438 # 1504
26439 # 1504
26439 + 1500
26439 + 68
26440 # 1504
26440 - 1500 1
26441 # 1504
26441 - 68 2
26442 # 1504
26443 # 1504
26444 # 1504
26444 + 1500
26444 + 68
26445 # 1504
26445 - 1500 1
26446 # 1504
26446 - 68 2
26447 # 1504
26448 # 1504
26448 + 1500
26448 + 68
26449 # 1504
26449 - 1500 1
26450 # 1504
26450 - 68 2
26451 # 1504
26452 # 1504
26453 # 1504
26453 + 1500
26453 + 68
26454 # 1504
26454 - 1500 1
26455 # 1504
26455 - 68 2
26456 # 1504
26457 # 1504
26458 # 1504
26458 + 1500
26458 + 68
26459 # 1504
26459 - 1500 1
26460 # 1504
26460 - 68 2
26461 # 1504
26461 + 1500
26461 + 68
26462 # 1504
26462 - 1500 1
26463 # 1504
26463 - 68 2
26464 # 1504
26464 + 1500
26464 + 68
26465 # 1504
26465 - 1500 1
26466 # 1504
26466 - 68 2
26467 # 1504
26468 # 1504
26469 # 1504
26469 + 1500
26469 + 68
26470 # 1504
26470 - 1500 1
26471 # 1504
26471 - 68 2
26472 # 1504
26473 # 1504
26473 + 1500
26473 + 68
26474 # 1504
26474 - 1500 1
26474 + 1500
26474 + 68
26475 # 1504
26475 - 68 2
26476 # 1504
26476 - 1500 2
26476 - 68 2
26477 # 1504
26478 # 1504
26479 # 1504
26479 + 1500
26479 + 68
26480 # 1504
26480 - 1500 1
26481 # 1504
26481 - 68 2
26482 # 1504
26483 # 1504
26484 # 1504
26484 + 1500
26484 + 68
26485 # 1504
26485 - 1500 1
26486 # 1504
26486 - 68 2
26487 # 1504
26488 # 1504
26488 + 1500
26488 + 68
26489 # 1504
26489 - 1500 1
26490 # 1504
26490 - 68 2
26491 # 1504
26491 + 1500
26491 + 68
26492 # 1504
26492 - 1500 1
26493 # 1504
26493 - 68 2
26493 + 1500
26493 + 68
26494 # 1504
26494 - 1500 1
26495 # 1504
26495 - 68 2
26496 # 1504
26496 + 1500
26496 + 68
26497 # 1504
26497 - 1500 1
26498 # 1504
26498 - 68 2
26499 # 1504
26500 # 1504
26501 # 1504
26501 + 1500
26501 + 68
26502 # 1504
26502 - 1500 1
26503 # 1504
26503 - 68 2
26504 # 1504
26504 + 1500
26504 + 68
26505 # 1504
26505 - 1500 1
26505 + 1500
26505 + 68
26506 # 1504
26506 - 68 2
26507 # 1504
26507 - 1500 2
26507 - 68 2
26507 + 1500
26507 + 68
26508 # 1504
26508 - 1500 1
26509 # 1504
26509 - 68 2
26510 # 1504
26510 + 1500
26510 + 68
26511 # 1504
26511 - 1500 1
26512 # 1504
26512 - 68 2
26512 + 1500
26512 + 68
26513 # 1504
26513 - 1500 1
26514 # 1504
26514 - 68 2
26515 # 1504
26515 + 1500
26515 + 68
26516 # 1504
26516 - 1500 1
26517 # 1504
26517 - 68 2
26518 # 1504
26519 # 1504
26519 + 1500
26519 + 68
26520 # 1504
26520 - 1500 1
26521 # 1504
26521 - 68 2
26522 # 1504
26523 # 1504
26524 # 1504
26524 + 1500
26524 + 68
26525 # 1504
26525 - 1500 1
26526 # 1504
26526 - 68 2
26527 # 1504
26528 # 1504
26529 # 1504
26529 + 1500
26529 + 68
26530 # 1504
26530 - 1500 1
26531 # 1504
26531 - 68 2
26532 # 1504
26533 # 1504
26534 # 1504
26534 + 1500
26534 + 68
26535 # 1504
26535 - 1500 1
26536 # 1504
26536 - 68 2
26537 # 1504
26538 # 1504
26539 # 1504
26539 + 1500
26539 + 68
26540 # 1504
26540 - 1500 1
26541 # 1504
26541 - 68 2
26542 # 1504
26543 # 1504
26543 + 1500
26543 + 68
26544 # 1504
26544 - 1500 1
26545 # 1504
26545 - 68 2
26546 # 1504
26547 # 1504
26548 # 1504
26548 + 1500
26548 + 68
26549 # 1504
26549 - 1500 1
26550 # 1504
26550 - 68 2
26551 # 1504
26552 # 1504
26553 # 1504
26553 + 1500
26553 + 68
26554 # 1504
26554 - 1500 1
26555 # 1504
26555 - 68 2
26556 # 1504
26557 # 1504
26558 # 1504
26558 + 1500
26558 + 68
26559 # 1504
26559 - 1500 1
26560 # 1504
26560 - 68 2
26561 # 1504
26562 # 1504
26563 # 1504
26563 + 1500
26563 + 68
26564 # 1504
26564 - 1500 1
26565 # 1504
26565 - 68 2
26566 # 1504
26567 # 1504
26567 + 1500
26567 + 68
26568 # 1504
26568 - 1500 1
26569 # 1504
26569 - 68 2
26570 # 1504
26571 # 1504
26572 # 1504
26572 + 1500
26572 + 68
26573 # 1504
26573 - 1500 1
26574 # 1504
26574 - 68 2
26575 # 1504
26576 # 1504
26577 # 1504
26577 + 1500
26577 + 68
26578 # 1504
26578 - 1500 1
26579 # 1504
26579 - 68 2
26580 # 1504
26581 # 1504
26582 # 1504
26582 + 1500
26582 + 68
26583 # 1504
26583 - 1500 1
26584 # 1504
26584 - 68 2
26585 # 1504
26586 # 1504
26587 # 1504
26587 + 1500
26587 + 68
26588 # 1504
26588 - 1500 1
26589 # 1504
26589 - 68 2
26590 # 1504
26591 # 1504
26591 + 1500
26591 + 68
26592 # 1504
26592 - 1500 1
26593 # 1504
26593 - 68 2
26594 # 1504
26595 # 1504
26596 # 1504
26596 + 1500
26596 + 68
26597 # 1504
26597 - 1500 1
26598 # 1504
26598 - 68 2
26599 # 1504
26600 # 1504
26601 # 1504
26601 + 1500
26601 + 68
26602 # 1504
26602 - 1500 1
26603 # 1504
26603 - 68 2
26604 # 1504
26605 # 1504
26606 # 1504
26606 + 1500
26606 + 68
26607 # 1504
26607 - 1500 1
26608 # 1504
26608 - 68 2
26609 # 1504
26610 # 1504
26611 # 1504
26611 + 1500
26611 + 68
26612 # 1504
26612 - 1500 1
26613 # 1504
26613 - 68 2
26614 # 1504
26615 # 1504
26615 + 1500
26615 + 68
26616 # 1504
26616 - 1500 1
26617 # 1504
26617 - 68 2
26618 # 1504
26618 + 1500
26618 + 68
26619 # 1504
26619 - 1500 1
26620 # 1504
26620 - 68 2
26621 # 1504
26621 + 1500
26621 + 68
26622 # 1504
26622 - 1500 1
26623 # 1504
26623 - 68 2
26624 # 1504
26625 # 1504
26626 # 1504
26626 + 1500
26626 + 68
26627 # 1504
26627 - 1500 1
26628 # 1504
26628 - 68 2
26629 # 1504
26630 # 1504
26631 # 1504
26631 + 1500
26631 + 68
26632 # 1504
26632 - 1500 1
26633 # 1504
26633 - 68 2
26634 # 1504
26635 # 1504
26635 + 1500
26635 + 68
26636 # 1504
26636 - 1500 1
26637 # 1504
26637 - 68 2
26638 # 1504
26638 + 1500
26638 + 68
26639 # 1504
26639 - 1500 1
26640 # 1504
26640 - 68 2
26640 + 1500
26640 + 68
26641 # 1504
26641 - 1500 1
26642 # 1504
26642 - 68 2
26643 # 1504
26643 + 1500
26643 + 68
26644 # 1504
26644 - 1500 1
26645 # 1504
26645 - 68 2
26646 # 1504
26647 # 1504
26648 # 1504
26648 + 1500
26648 + 68
26649 # 1504
26649 - 1500 1
26650 # 1504
26650 - 68 2
26651 # 1504
26652 # 1504
26652 + 1500
26652 + 68
26653 # 1504
26653 - 1500 1
26654 # 1504
26654 - 68 2
26655 # 1504
26656 # 1504
26657 # 1504
26657 + 1500
26657 + 68
26658 # 1504
26658 - 1500 1
26659 # 1504
26659 - 68 2
26660 # 1504
26661 # 1504
26662 # 1504
26662 + 1500
26662 + 68
26663 # 1504
26663 - 1500 1
26664 # 1504
26664 - 68 2
26665 # 1504
26666 # 1504
26667 # 1504
26667 + 1500
26667 + 68
26668 # 1504
26668 - 1500 1
26669 # 1504
26669 - 68 2
26670 # 1504
26671 # 1504
26671 + 1500
26671 + 68
26672 # 1504
26672 - 1500 1
26673 # 1504
26673 - 68 2
26674 # 1504
26674 + 1500
26674 + 68
26675 # 1504
26675 - 1500 1
26676 # 1504
26676 - 68 2
26676 + 1500
26676 + 68
26677 # 1504
26677 - 1500 1
26678 # 1504
26678 - 68 2
26679 # 1504
26679 + 1500
26679 + 68
26680 # 1504
26680 - 1500 1
26681 # 1504
26681 - 68 2
26682 # 1504
26683 # 1504
26684 # 1504
26684 + 1500
26684 + 68
26685 # 1504
26685 - 1500 1
26686 # 1504
26686 - 68 2
26687 # 1504
26688 # 1504
26688 + 1500
26688 + 68
26689 # 1504
26689 - 1500 1
26690 # 1504
26690 - 68 2
26691 # 1504
26692 # 1504
26693 # 1504
26693 + 1500
26693 + 68
26694 # 1504
26694 - 1500 1
26695 # 1504
26695 - 68 2
26696 # 1504
26697 # 1504
26698 # 1504
26698 + 1500
26698 + 68
26699 # 1504
26699 - 1500 1
26700 # 1504
26700 - 68 2
26701 # 1504
26702 # 1504
26703 # 1504
26703 + 1500
26703 + 68
26704 # 1504
26704 - 1500 1
26705 # 1504
26705 - 68 2
26706 # 1504
26707 # 1504
26708 # 1504
26708 + 1500
26708 + 68
26709 # 1504
26709 - 1500 1
26710 # 1504
26710 - 68 2
26711 # 1504
26712 # 1504
26712 + 1500
26712 + 68
26713 # 1504
26713 - 1500 1
26714 # 1504
26714 - 68 2
26715 # 1504
26716 # 1504
26717 # 1504
26717 + 1500
26717 + 68
26718 # 1504
26718 - 1500 1
26719 # 1504
26719 - 68 2
26720 # 1504
26721 # 1504
26722 # 1504
26722 + 1500
26722 + 68
26723 # 1504
26723 - 1500 1
26724 # 1504
26724 - 68 2
26725 # 1504
26726 # 1504
26727 # 1504
26727 + 1500
26727 + 68
26728 # 1504
26728 - 1500 1
26729 # 1504
26729 - 68 2
26730 # 1504
26731 # 1504
26732 # 1504
26732 + 1500
26732 + 68
26733 # 1504
26733 - 1500 1
26734 # 1504
26734 - 68 2
26735 # 1504
26736 # 1504
26736 + 1500
26736 + 68
26737 # 1504
26737 - 1500 1
26738 # 1504
26738 - 68 2
26739 # 1504
26740 # 1504
26741 # 1504
26741 + 1500
26741 + 68
26742 # 1504
26742 - 1500 1
26743 # 1504
26743 - 68 2
26744 # 1504
26745 # 1504
26746 # 1504
26746 + 1500
26746 + 68
26747 # 1504
26747 - 1500 1
26748 # 1504
26748 - 68 2
26749 # 1504
26750 # 1504
26751 # 1504
26751 + 1500
26751 + 68
26752 # 1504
26752 - 1500 1
26753 # 1504
26753 - 68 2
26754 # 1504
26755 # 1504
26756 # 1504
26756 + 1500
26756 + 68
26757 # 1504
26757 - 1500 1
26758 # 1504
26758 - 68 2
26759 # 1504
26760 # 1504
26760 + 1500
26760 + 68
26761 # 1504
26761 - 1500 1
26762 # 1504
26762 - 68 2
26763 # 1504
26764 # 1504
26765 # 1504
26765 + 1500
26765 + 68
26766 # 1504
26766 - 1500 1
26767 # 1504
26767 - 68 2
26768 # 1504
26769 # 1504
26770 # 1504
26770 + 1500
26770 + 68
26771 # 1504
26771 - 1500 1
26772 # 1504
26772 - 68 2
26773 # 1504
26774 # 1504
26775 # 1504
26775 + 1500
26775 + 68
26776 # 1504
26776 - 1500 1
26777 # 1504
26777 - 68 2
26778 # 1504
26779 # 1504
26780 # 1504
26780 + 1500
26780 + 68
26781 # 1504
26781 - 1500 1
26782 # 1504
26782 - 68 2
26783 # 1504
26784 # 1504
26784 + 1500
26784 + 68
26785 # 1504
26785 - 1500 1
26786 # 1504
26786 - 68 2
26787 # 1504
26788 # 1504
26789 # 1504
26789 + 1500
26789 + 68
26790 # 1504
26790 - 1500 1
26791 # 1504
26791 - 68 2
26792 # 1504
26793 # 1504
26794 # 1504
26794 + 1500
26794 + 68
26795 # 1504
26795 - 1500 1
26796 # 1504
26796 - 68 2
26797 # 1504
26798 # 1504
26799 # 1504
26799 + 1500
26799 + 68
26800 # 1504
26800 - 1500 1
26801 # 1504
26801 - 68 2
26802 # 1504
26803 # 1504
26803 + 1500
26803 + 68
26804 # 1504
26804 - 1500 1
26805 # 1504
26805 - 68 2
26806 # 1504
26806 + 1500
26806 + 68
26807 # 1504
26807 - 1500 1
26808 # 1504
26808 - 68 2
26809 # 1504
26809 + 1500
26809 + 68
26810 # 1504
26810 - 1500 1
26811 # 1504
26811 - 68 2
26812 # 1504
26813 # 1504
26814 # 1504
26814 + 1500
26814 + 68
26815 # 1504
26815 - 1500 1
26816 # 1504
26816 - 68 2
26817 # 1504
26818 # 1504
26819 # 1504
26819 + 1500
26819 + 68
26820 # 1504
26820 - 1500 1
26821 # 1504
26821 - 68 2
26822 # 1504
26823 # 1504
26824 # 1504
26824 + 1500
26824 + 68
26825 # 1504
26825 - 1500 1
26826 # 1504
26826 - 68 2
26827 # 1504
26828 # 1504
26828 + 1500
26828 + 68
26829 # 1504
26829 - 1500 1
26830 # 1504
26830 - 68 2
26831 # 1504
26832 # 1504
26833 # 1504
26833 + 1500
26833 + 68
26834 # 1504
26834 - 1500 1
26835 # 1504
26835 - 68 2
26836 # 1504
26837 # 1504
26838 # 1504
26838 + 1500
26838 + 68
26839 # 1504
26839 - 1500 1
26840 # 1504
26840 - 68 2
26841 # 1504
26842 # 1504
26843 # 1504
26843 + 1500
26843 + 68
26844 # 1504
26844 - 1500 1
26845 # 1504
26845 - 68 2
26846 # 1504
26847 # 1504
26848 # 1504
26848 + 1500
26848 + 68
26849 # 1504
26849 - 1500 1
26850 # 1504
26850 - 68 2
26851 # 1504
26852 # 1504
26852 + 1500
26852 + 68
26853 # 1504
26853 - 1500 1
26854 # 1504
26854 - 68 2
26855 # 1504
26855 + 1500
26855 + 68
26856 # 1504
26856 - 1500 1
26857 # 1504
26857 - 68 2
26857 + 1500
26857 + 68
26858 # 1504
26858 - 1500 1
26859 # 1504
26859 - 68 2
26860 # 1504
26860 + 1500
26860 + 68
26861 # 1504
26861 - 1500 1
26862 # 1504
26862 - 68 2
26863 # 1504
26864 # 1504
26864 + 1500
26864 + 68
26865 # 1504
26865 - 1500 1
26866 # 1504
26866 - 68 2
26867 # 1504
26867 + 1500
26867 + 68
26868 # 1504
26868 - 1500 1
26869 # 1504
26869 - 68 2
26869 + 1500
26869 + 68
26870 # 1504
26870 - 1500 1
26871 # 1504
26871 - 68 2
26872 # 1504
26872 + 1500
26872 + 68
26873 # 1504
26873 - 1500 1
26874 # 1504
26874 - 68 2
26875 # 1504
26876 # 1504
26877 # 1504
26877 + 1500
26877 + 68
26878 # 1504
26878 - 1500 1
26879 # 1504
26879 - 68 2
26880 # 1504
26881 # 1504
26881 + 1500
26881 + 68
26882 # 1504
26882 - 1500 1
26883 # 1504
26883 - 68 2
26884 # 1504
26885 # 1504
26886 # 1504
26886 + 1500
26886 + 68
26887 # 1504
26887 - 1500 1
26888 # 1504
26888 - 68 2
26889 # 1504
26890 # 1504
26891 # 1504
26891 + 1500
26891 + 68
26892 # 1504
26892 - 1500 1
26893 # 1504
26893 - 68 2
26894 # 1504
26895 # 1504
26896 # 1504
26896 + 1500
26896 + 68
26897 # 1504
26897 - 1500 1
26898 # 1504
26898 - 68 2
26899 # 1504
26900 # 1504
26900 + 1500
26900 + 68
26901 # 1504
26901 - 1500 1
26902 # 1504
26902 - 68 2
26903 # 1504
26903 + 1500
26903 + 68
26904 # 1504
26904 - 1500 1
26905 # 1504
26905 - 68 2
26905 + 1500
26905 + 68
26906 # 1504
26906 - 1500 1
26907 # 1504
26907 - 68 2
26908 # 1504
26908 + 1500
26908 + 68
26909 # 1504
26909 - 1500 1
26910 # 1504
26910 - 68 2
26911 # 1504
26912 # 1504
26913 # 1504
26913 + 1500
26913 + 68
26914 # 1504
26914 - 1500 1
26915 # 1504
26915 - 68 2
26916 # 1504
26917 # 1504
26917 + 1500
26917 + 68
26918 # 1504
26918 - 1500 1
26919 # 1504
26919 - 68 2
26920 # 1504
26921 # 1504
26922 # 1504
26922 + 1500
26922 + 68
26923 # 1504
26923 - 1500 1
26924 # 1504
26924 - 68 2
26925 # 1504
26925 + 1500
26925 + 68
26926 # 1504
26926 - 1500 1
26927 # 1504
26927 - 68 2
26927 + 1500
26927 + 68
26928 # 1504
26928 - 1500 1
26929 # 1504
26929 - 68 2
26929 + 1500
26929 + 68
26930 # 1504
26930 - 1500 1
26931 # 1504
26931 - 68 2
26932 # 1504
26932 + 1500
26932 + 68
26933 # 1504
26933 - 1500 1
26934 # 1504
26934 - 68 2
26934 + 1500
26934 + 68
26935 # 1504
26935 - 1500 1
26936 # 1504
26936 - 68 2
26937 # 1504
26937 + 1500
26937 + 68
26938 # 1504
26938 - 1500 1
26939 # 1504
26939 - 68 2
26940 # 1504
26941 # 1504
26942 # 1504
26942 + 1500
26942 + 68
26943 # 1504
26943 - 1500 1
26944 # 1504
26944 - 68 2
26945 # 1504
26946 # 1504
26946 + 1500
26946 + 68
26947 # 1504
26947 - 1500 1
26948 # 1504
26948 - 68 2
26949 # 1504
26950 # 1504
26951 # 1504
26951 + 1500
26951 + 68
26952 # 1504
26952 - 1500 1
26953 # 1504
26953 - 68 2
26954 # 1504
26955 # 1504
26955 + 1500
26955 + 68
26956 # 1504
26956 - 1500 1
26957 # 1504
26957 - 68 2
26957 + 1500
26957 + 68
26958 # 1504
26958 - 1500 1
26959 # 1504
26959 - 68 2
26960 # 1504
26960 + 1500
26960 + 68
26961 # 1504
26961 - 1500 1
26962 # 1504
26962 - 68 2
26963 # 1504
26964 # 1504
26964 + 1500
26964 + 68
26965 # 1504
26965 - 1500 1
26966 # 1504
26966 - 68 2
26967 # 1504
26967 + 1500
26967 + 68
26968 # 1504
26968 - 1500 1
26969 # 1504
26969 - 68 2
26969 + 1500
26969 + 68
26970 # 1504
26970 - 1500 1
26971 # 1504
26971 - 68 2
26972 # 1504
26972 + 1500
26972 + 68
26973 # 1504
26973 - 1500 1
26974 # 1504
26974 - 68 2
26975 # 1504
26976 # 1504
26977 # 1504
26977 + 1500
26977 + 68
26978 # 1504
26978 - 1500 1
26979 # 1504
26979 - 68 2
26980 # 1504
26981 # 1504
26981 + 1500
26981 + 68
26982 # 1504
26982 - 1500 1
26983 # 1504
26983 - 68 2
26984 # 1504
26984 + 1500
26984 + 68
26985 # 1504
26985 - 1500 1
26986 # 1504
26986 - 68 2
26986 + 1500
26986 + 68
26987 # 1504
26987 - 1500 1
26988 # 1504
26988 - 68 2
26989 # 1504
26989 + 1500
26989 + 68
26990 # 1504
26990 - 1500 1
26991 # 1504
26991 - 68 2
26992 # 1504
26993 # 1504
26994 # 1504
26994 + 1500
26994 + 68
26995 # 1504
26995 - 1500 1
26996 # 1504
26996 - 68 2
26997 # 1504
26997 + 1500
26997 + 68
26998 # 1504
26998 - 1500 1
26999 # 1504
26999 - 68 2
26999 + 1500
26999 + 68
27000 # 1504
27000 - 1500 1
27001 # 1504
27001 - 68 2
27002 # 1504
27002 + 1500
27002 + 68
27003 # 1504
27003 - 1500 1
27004 # 1504
27004 - 68 2
27005 # 1504
27006 # 1504
27007 # 1504
27007 + 1500
27007 + 68
27008 # 1504
27008 - 1500 1
27009 # 1504
27009 - 68 2
27010 # 1504
27010 + 1500
27010 + 68
27011 # 1504
27011 - 1500 1
27012 # 1504
27012 - 68 2
27012 + 1500
27012 + 68
27013 # 1504
27013 - 1500 1
27014 # 1504
27014 - 68 2
27015 # 1504
27015 + 1500
27015 + 68
27016 # 1504
27016 - 1500 1
27017 # 1504
27017 - 68 2
27017 + 1500
27017 + 68
27018 # 1504
27018 - 1500 1
27019 # 1504
27019 - 68 2
27020 # 1504
27020 + 1500
27020 + 68
27021 # 1504
27021 - 1500 1
27022 # 1504
27022 - 68 2
27023 # 1504
27023 + 1500
27023 + 68
27024 # 1504
27024 - 1500 1
27025 # 1504
27025 - 68 2
27025 + 1500
27025 + 68
27026 # 1504
27026 - 1500 1
27027 # 1504
27027 - 68 2
27028 # 1504
27028 + 1500
27028 + 68
27029 # 1504
27029 - 1500 1
27030 # 1504
27030 - 68 2
27030 + 1500
27030 + 68
27031 # 1504
27031 - 1500 1
27032 # 1504
27032 - 68 2
27033 # 1504
27033 + 1500
27033 + 68
27034 # 1504
27034 - 1500 1
27035 # 1504
27035 - 68 2
27036 # 1504
27037 # 1504
27038 # 1504
27038 + 1500
27038 + 68
27039 # 1504
27039 - 1500 1
27040 # 1504
27040 - 68 2
27041 # 1504
27041 + 1500
27041 + 68
27042 # 1504
27042 - 1500 1
27043 # 1504
27043 - 68 2
27043 + 1500
27043 + 68
27044 # 1504
27044 - 1500 1
27045 # 1504
27045 - 68 2
27046 # 1504
27046 + 1500
27046 + 68
27047 # 1504
27047 - 1500 1
27048 # 1504
27048 - 68 2
27049 # 1504
27049 + 1500
27049 + 68
27050 # 1504
27050 - 1500 1
27051 # 1504
27051 - 68 2
27052 # 1504
27053 # 1504
27054 # 1504
27054 + 1500
27054 + 68
27055 # 1504
27055 - 1500 1
27056 # 1504
27056 - 68 2
27057 # 1504
27058 # 1504
27059 # 1504
27059 + 1500
27059 + 68
27060 # 1504
27060 - 1500 1
27061 # 1504
27061 - 68 2
27062 # 1504
27063 # 1504
27063 + 1500
27063 + 68
27064 # 1504
27064 - 1500 1
27065 # 1504
27065 - 68 2
27066 # 1504
27067 # 1504
27068 # 1504
27068 + 1500
27068 + 68
27069 # 1504
27069 - 1500 1
27070 # 1504
27070 - 68 2
27071 # 1504
27072 # 1504
27073 # 1504
27073 + 1500
27073 + 68
27074 # 1504
27074 - 1500 1
27075 # 1504
27075 - 68 2
27076 # 1504
27076 + 1500
27076 + 68
27077 # 1504
27077 - 1500 1
27078 # 1504
27078 - 68 2
27079 # 1504
27079 + 1500
27079 + 68
27080 # 1504
27080 - 1500 1
27081 # 1504
27081 - 68 2
27081 + 1500
27081 + 68
27082 # 1504
27082 - 1500 1
27083 # 1504
27083 - 68 2
27084 # 1504
27085 # 1504
27086 # 1504
27086 + 1500
27086 + 68
27087 # 1504
27087 - 1500 1
27088 # 1504
27088 - 68 2
27089 # 1504
27090 # 1504
27091 # 1504
27091 + 1500
27091 + 68
27092 # 1504
27092 - 1500 1
27093 # 1504
27093 - 68 2
27094 # 1504
27095 # 1504
27096 # 1504
27097 # 1504
27097 + 1500
27097 + 68
27098 # 1504
27098 - 1500 1
27099 # 1504
27099 - 68 2
27100 # 1504
27101 # 1504
27101 + 1500
27101 + 68
27102 # 1504
27102 - 1500 1
27103 # 1504
27103 - 68 2
27104 # 1504
27105 # 1504
27105 + 1500
27105 + 68
27106 # 1504
27106 - 1500 1
27107 # 1504
27107 - 68 2
27108 # 1504
27109 # 1504
27110 # 1504
27110 + 1500
27110 + 68
27111 # 1504
27111 - 1500 1
27112 # 1504
27112 - 68 2
27113 # 1504
27114 # 1504
27115 # 1504
27115 + 1500
27115 + 68
27116 # 1504
27116 - 1500 1
27117 # 1504
27117 - 68 2
27118 # 1504
27119 # 1504
27120 # 1504
27120 + 1500
27120 + 68
27121 # 1504
27121 - 1500 1
27122 # 1504
27122 - 68 2
27123 # 1504
27124 # 1504
27125 # 1504
27125 + 1500
27125 + 68
27126 # 1504
27126 - 1500 1
27127 # 1504
27127 - 68 2
27128 # 1504
27129 # 1504
27129 + 1500
27129 + 68
27130 # 1504
27130 - 1500 1
27131 # 1504
27131 - 68 2
27132 # 1504
27133 # 1504
27134 # 1504
27134 + 1500
27134 + 68
27135 # 1504
27135 - 1500 1
27136 # 1504
27136 - 68 2
27137 # 1504
27138 # 1504
27139 # 1504
27139 + 1500
27139 + 68
27140 # 1504
27140 - 1500 1
27141 # 1504
27141 - 68 2
27142 # 1504
27143 # 1504
27144 # 1504
27144 + 1500
27144 + 68
27145 # 1504
27145 - 1500 1
27146 # 1504
27146 - 68 2
27147 # 1504
27148 # 1504
27149 # 1504
27149 + 1500
27149 + 68
27150 # 1504
27150 - 1500 1
27151 # 1504
27151 - 68 2
27152 # 1504
27153 # 1504
27154 # 1504
27154 + 1500
27154 + 68
27155 # 1504
27155 - 1500 1
27156 # 1504
27156 - 68 2
27157 # 1504
27158 # 1504
27158 + 1500
27158 + 68
27159 # 1504
27159 - 1500 1
27160 # 1504
27160 - 68 2
27161 # 1504
27162 # 1504
27163 # 1504
27163 + 1500
27163 + 68
27164 # 1504
27164 - 1500 1
27165 # 1504
27165 - 68 2
27166 # 1504
27167 # 1504
27168 # 1504
27168 + 1500
27168 + 68
27169 # 1504
27169 - 1500 1
27170 # 1504
27170 - 68 2
27171 # 1504
27172 # 1504
27173 # 1504
27173 + 1500
27173 + 68
27174 # 1504
27174 - 1500 1
27175 # 1504
27175 - 68 2
27176 # 1504
27177 # 1504
27178 # 1504
27178 + 1500
27178 + 68
27179 # 1504
27179 - 1500 1
27180 # 1504
27180 - 68 2
27181 # 1504
27182 # 1504
27182 + 1500
27182 + 68
27183 # 1504
27183 - 1500 1
27184 # 1504
27184 - 68 2
27185 # 1504
27185 + 1500
27185 + 68
27186 # 1504
27186 - 1500 1
27187 # 1504
27187 - 68 2
27188 # 1504
27188 + 1500
27188 + 68
27189 # 1504
27189 - 1500 1
27190 # 1504
27190 - 68 2
27191 # 1504
27192 # 1504
27193 # 1504
27193 + 1500
27193 + 68
27194 # 1504
27194 - 1500 1
27195 # 1504
27195 - 68 2
27196 # 1504
27197 # 1504
27198 # 1504
27198 + 1500
27198 + 68
27199 # 1504
27199 - 1500 1
27200 # 1504
27200 - 68 2
27201 # 1504
27202 # 1504
27202 + 1500
27202 + 68
27203 # 1504
27203 - 1500 1
27204 # 1504
27204 - 68 2
27205 # 1504
27205 + 1500
27205 + 68
27206 # 1504
27206 - 1500 1
27207 # 1504
27207 - 68 2
27208 # 1504
27208 + 1500
27208 + 68
27209 # 1504
27209 - 1500 1
27210 # 1504
27210 - 68 2
27210 + 1500
27210 + 68
27211 # 1504
27211 - 1500 1
27212 # 1504
27212 - 68 2
27213 # 1504
27214 # 1504
27215 # 1504
27215 + 1500
27215 + 68
27216 # 1504
27216 - 1500 1
27217 # 1504
27217 - 68 2
27218 # 1504
27218 + 1500
27218 + 68
27219 # 1504
27219 - 1500 1
27220 # 1504
27220 - 68 2
27221 # 1504
27221 + 1500
27221 + 68
27222 # 1504
27222 - 1500 1
27223 # 1504
27223 - 68 2
27224 # 1504
27225 # 1504
27225 + 1500
27225 + 68
27226 # 1504
27226 - 1500 1
27227 # 1504
27227 - 68 2
27228 # 1504
27229 # 1504
27230 # 1504
27230 + 1500
27230 + 68
27231 # 1504
27231 - 1500 1
27232 # 1504
27232 - 68 2
27233 # 1504
27234 # 1504
27235 # 1504
27235 + 1500
27235 + 68
27236 # 1504
27236 - 1500 1
27237 # 1504
27237 - 68 2
27238 # 1504
27239 # 1504
27240 # 1504
27240 + 1500
27240 + 68
27241 # 1504
27241 - 1500 1
27242 # 1504
27242 - 68 2
27243 # 1504
27243 + 1500
27243 + 68
27244 # 1504
27244 - 1500 1
27245 # 1504
27245 - 68 2
27245 + 1500
27245 + 68
27246 # 1504
27246 - 1500 1
27247 # 1504
27247 - 68 2
27248 # 1504
27248 + 1500
27248 + 68
27249 # 1504
27249 - 1500 1
27250 # 1504
27250 - 68 2
27250 + 1500
27250 + 68
27251 # 1504
27251 - 1500 1
27252 # 1504
27252 - 68 2
27253 # 1504
27254 # 1504
27255 # 1504
27255 + 1500
27255 + 68
27256 # 1504
27256 - 1500 1
27257 # 1504
27257 - 68 2
27258 # 1504
27259 # 1504
27260 # 1504
27260 + 1500
27260 + 68
27261 # 1504
27261 - 1500 1
27262 # 1504
27262 - 68 2
27263 # 1504
27264 # 1504
27264 + 1500
27264 + 68
27265 # 1504
27265 - 1500 1
27266 # 1504
27266 - 68 2
27267 # 1504
27267 + 1500
27267 + 68
27268 # 1504
27268 - 1500 1
27269 # 1504
27269 - 68 2
27270 # 1504
27270 + 1500
27270 + 68
27271 # 1504
27271 - 1500 1
27272 # 1504
27272 - 68 2
27273 # 1504
27274 # 1504
27275 # 1504
27275 + 1500
27275 + 68
27276 # 1504
27276 - 1500 1
27277 # 1504
27277 - 68 2
27278 # 1504
27279 # 1504
27280 # 1504
27280 + 1500
27280 + 68
27281 # 1504
27281 - 1500 1
27282 # 1504
27282 - 68 2
27283 # 1504
27284 # 1504
27284 + 1500
27284 + 68
27285 # 1504
27285 - 1500 1
27286 # 1504
27286 - 68 2
27287 # 1504
27287 + 1500
27287 + 68
27288 # 1504
27288 - 1500 1
27289 # 1504
27289 - 68 2
27290 # 1504
27290 + 1500
27290 + 68
27291 # 1504
27291 - 1500 1
27292 # 1504
27292 - 68 2
27293 # 1504
27293 + 1500
27293 + 68
27294 # 1504
27294 - 1500 1
27295 # 1504
27295 - 68 2
27296 # 1504
27297 # 1504
27298 # 1504
27298 + 1500
27298 + 68
27299 # 1504
27299 - 1500 1
27300 # 1504
27300 - 68 2
27301 # 1504
27302 # 1504
27303 # 1504
27303 + 1500
27303 + 68
27304 # 1504
27304 - 1500 1
27305 # 1504
27305 - 68 2
27306 # 1504
27307 # 1504
27307 + 1500
27307 + 68
27308 # 1504
27308 - 1500 1
27309 # 1504
27309 - 68 2
27310 # 1504
27310 + 1500
27310 + 68
27311 # 1504
27311 - 1500 1
27312 # 1504
27312 - 68 2
27313 # 1504
27313 + 1500
27313 + 68
27314 # 1504
27314 - 1500 1
27315 # 1504
27315 - 68 2
27316 # 1504
27317 # 1504
27318 # 1504
27318 + 1500
27318 + 68
27319 # 1504
27319 - 1500 1
27320 # 1504
27320 - 68 2
27321 # 1504
27322 # 1504
27323 # 1504
27323 + 1500
27323 + 68
27324 # 1504
27324 - 1500 1
27325 # 1504
27325 - 68 2
27326 # 1504
27327 # 1504
27327 + 1500
27327 + 68
27328 # 1504
27328 - 1500 1
27329 # 1504
27329 - 68 2
27330 # 1504
27331 # 1504
27332 # 1504
27332 + 1500
27332 + 68
27333 # 1504
27333 - 1500 1
27334 # 1504
27334 - 68 2
27335 # 1504
27336 # 1504
27337 # 1504
27337 + 1500
27337 + 68
27338 # 1504
27338 - 1500 1
27339 # 1504
27339 - 68 2
27340 # 1504
27341 # 1504
27342 # 1504
27342 + 1500
27342 + 68
27343 # 1504
27343 - 1500 1
27344 # 1504
27344 - 68 2
27345 # 1504
27346 # 1504
27347 # 1504
27348 # 1504
27349 # 1504
27350 # 1504
27351 # 1504
27352 # 1504
27352 + 1500
27352 + 68
27352 + 1500
27352 + 68
27353 # 1504
27353 - 1500 1
27354 # 1504
27354 - 68 2
27355 # 1504
27355 - 1500 3
27355 - 68 3
27356 # 1504
27356 + 1500
27356 + 68
27357 # 1504
27357 - 1500 1
27358 # 1504
27358 - 68 2
27359 # 1504
27360 # 1504
27361 # 1504
27361 + 1500
27361 + 68
27362 # 1504
27362 - 1500 1
27363 # 1504
27363 - 68 2
27364 # 1504
27365 # 1504
27366 # 1504
27366 + 1500
27366 + 68
27367 # 1504
27367 - 1500 1
27368 # 1504
27368 - 68 2
27369 # 1504
27370 # 1504
27371 # 1504
27371 + 1500
27371 + 68
27372 # 1504
27372 - 1500 1
27373 # 1504
27373 - 68 2
27374 # 1504
27375 # 1504
27375 + 1500
27375 + 68
27376 # 1504
27376 - 1500 1
27377 # 1504
27377 - 68 2
27378 # 1504
27379 # 1504
27380 # 1504
27381 # 1504
27381 + 1500
27381 + 68
27382 # 1504
27382 - 1500 1
27383 # 1504
27383 - 68 2
27384 # 1504
27385 # 1504
27385 + 1500
27385 + 68
27386 # 1504
27386 - 1500 1
27387 # 1504
27387 - 68 2
27388 # 1504
27389 # 1504
27390 # 1504
27390 + 1500
27390 + 68
27391 # 1504
27391 - 1500 1
27392 # 1504
27392 - 68 2
27393 # 1504
27394 # 1504
27395 # 1504
27395 + 1500
27395 + 68
27396 # 1504
27396 - 1500 1
27397 # 1504
27397 - 68 2
27398 # 1504
27399 # 1504
27400 # 1504
27401 # 1504
27401 + 1500
27401 + 68
27402 # 1504
27402 - 1500 1
27403 # 1504
27403 - 68 2
27404 # 1504
27404 + 1500
27404 + 68
27405 # 1504
27405 - 1500 1
27406 # 1504
27406 - 68 2
27407 # 1504
27408 # 1504
27409 # 1504
27410 # 1504
27410 + 1500
27410 + 68
27411 # 1504
27411 - 1500 1
27412 # 1504
27412 - 68 2
27413 # 1504
27414 # 1504
27414 + 1500
27414 + 68
27415 # 1504
27415 - 1500 1
27416 # 1504
27416 - 68 2
27417 # 1504
27418 # 1504
27419 # 1504
27419 + 1500
27419 + 68
27420 # 1504
27420 - 1500 1
27421 # 1504
27421 - 68 2
27422 # 1504
27423 # 1504
27424 # 1504
27424 + 1500
27424 + 68
27425 # 1504
27425 - 1500 1
27426 # 1504
27426 - 68 2
27427 # 1504
27428 # 1504
27429 # 1504
27429 + 1500
27429 + 68
27430 # 1504
27430 - 1500 1
27431 # 1504
27431 - 68 2
27432 # 1504
27433 # 1504
27433 + 1500
27433 + 68
27434 # 1504
27434 - 1500 1
27435 # 1504
27435 - 68 2
27436 # 1504
27437 # 1504
27438 # 1504
27438 + 1500
27438 + 68
27439 # 1504
27439 - 1500 1
27440 # 1504
27440 - 68 2
27441 # 1504
27442 # 1504
27443 # 1504
27443 + 1500
27443 + 68
27444 # 1504
27444 - 1500 1
27445 # 1504
27445 - 68 2
27446 # 1504
27447 # 1504
27447 + 1500
27447 + 68
27448 # 1504
27448 - 1500 1
27449 # 1504
27449 - 68 2
27450 # 1504
27451 # 1504
27452 # 1504
27453 # 1504
27454 # 1504
27454 + 1500
27454 + 68
27455 # 1504
27455 - 1500 1
27456 # 1504
27456 - 68 2
27457 # 1504
27457 + 1500
27457 + 68
27458 # 1504
27458 - 1500 1
27459 # 1504
27459 - 68 2
27460 # 1504
27461 # 1504
27462 # 1504
27462 + 1500
27462 + 68
27463 # 1504
27463 - 1500 1
27464 # 1504
27464 - 68 2
27465 # 1504
27466 # 1504
27467 # 1504
27467 + 1500
27467 + 68
27468 # 1504
27468 - 1500 1
27469 # 1504
27469 - 68 2
27470 # 1504
27471 # 1504
27471 + 1500
27471 + 68
27472 # 1504
27472 - 1500 1
27473 # 1504
27473 - 68 2
27474 # 1504
27475 # 1504
27476 # 1504
27476 + 1500
27476 + 68
27477 # 1504
27477 - 1500 1
27478 # 1504
27478 - 68 2
27479 # 1504
27480 # 1504
27481 # 1504
27481 + 1500
27481 + 68
27482 # 1504
27482 - 1500 1
27483 # 1504
27483 - 68 2
27484 # 1504
27485 # 1504
27486 # 1504
27486 + 1500
27486 + 68
27487 # 1504
27487 - 1500 1
27488 # 1504
27488 - 68 2
27489 # 1504
27490 # 1504
27491 # 1504
27492 # 1504
27492 + 1500
27492 + 68
27493 # 1504
27493 - 1500 1
27494 # 1504
27494 - 68 2
27495 # 1504
27496 # 1504
27497 # 1504
27498 # 1504
27498 + 1500
27498 + 68
27499 # 1504
27499 - 1500 1
27500 # 1504
27500 - 68 2
27500 + 1500
27500 + 68
27501 # 1504
27501 - 1500 1
27502 # 1504
27502 - 68 2
27503 # 1504
27504 # 1504
27505 # 1504
27505 + 1500
27505 + 68
27506 # 1504
27506 - 1500 1
27507 # 1504
27507 - 68 2
27508 # 1504
27509 # 1504
27510 # 1504
27511 # 1504
27511 + 1500
27511 + 68
27512 # 1504
27512 - 1500 1
27513 # 1504
27513 - 68 2
27514 # 1504
27515 # 1504
27515 + 1500
27515 + 68
27516 # 1504
27516 - 1500 1
27517 # 1504
27517 - 68 2
27518 # 1504
27519 # 1504
27519 + 1500
27519 + 68
27520 # 1504
27520 - 1500 1
27521 # 1504
27521 - 68 2
27522 # 1504
27523 # 1504
27524 # 1504
27525 # 1504
27526 # 1504
27527 # 1504
27527 + 1500
27527 + 68
27528 # 1504
27528 - 1500 1
27529 # 1504
27529 - 68 2
27529 + 1500
27529 + 68
27530 # 1504
27530 - 1500 1
27531 # 1504
27531 - 68 2
27532 # 1504
27533 # 1504
27534 # 1504
27534 + 1500
27534 + 68
27535 # 1504
27535 - 1500 1
27536 # 1504
27536 - 68 2
27537 # 1504
27538 # 1504
27539 # 1504
27540 # 1504
27541 # 1504
27541 + 1500
27541 + 68
27542 # 1504
27542 - 1500 1
27543 # 1504
27543 - 68 2
27543 + 1500
27543 + 68
27544 # 1504
27544 - 1500 1
27545 # 1504
27545 - 68 2
27546 # 1504
27547 # 1504
27548 # 1504
27548 + 1500
27548 + 68
27549 # 1504
27549 - 1500 1
27550 # 1504
27550 - 68 2
27551 # 1504
27552 # 1504
27553 # 1504
27553 + 1500
27553 + 68
27554 # 1504
27554 - 1500 1
27555 # 1504
27555 - 68 2
27556 # 1504
27557 # 1504
27558 # 1504
27558 + 1500
27558 + 68
27559 # 1504
27559 - 1500 1
27560 # 1504
27560 - 68 2
27561 # 1504
27562 # 1504
27563 # 1504
27564 # 1504
27565 # 1504
27565 + 1500
27565 + 68
27566 # 1504
27566 - 1500 1
27567 # 1504
27567 - 68 2
27567 + 1500
27567 + 68
27568 # 1504
27568 - 1500 1
27569 # 1504
27569 - 68 2
27570 # 1504
27571 # 1504
27572 # 1504
27572 + 1500
27572 + 68
27573 # 1504
27573 - 1500 1
27574 # 1504
27574 - 68 2
27575 # 1504
27576 # 1504
27577 # 1504
27577 + 1500
27577 + 68
27578 # 1504
27578 - 1500 1
27579 # 1504
27579 - 68 2
27580 # 1504
27581 # 1504
27582 # 1504
27582 + 1500
27582 + 68
27583 # 1504
27583 - 1500 1
27584 # 1504
27584 - 68 2
27585 # 1504
27586 # 1504
27586 + 1500
27587 # 1504
27587 - 1500 1
27587 + 68
27588 # 1504
27588 - 68 1
27589 # 1504
27590 # 1504
27591 # 1504
27591 + 1500
27591 + 68
27592 # 1504
27592 - 1500 1
27593 # 1504
27593 - 68 2
27594 # 1504
27595 # 1504
27596 # 1504
27597 # 1504
27597 + 1500
27597 + 68
27598 # 1504
27598 - 1500 1
27599 # 1504
27599 - 68 2
27600 # 1504
27601 # 1504
27601 + 1500
27601 + 68
27602 # 1504
27602 - 1500 1
27603 # 1504
27603 - 68 2
27604 # 1504
27604 + 1500
27604 + 68
27605 # 1504
27605 - 1500 1
27606 # 1504
27606 - 68 2
27606 + 1500
27606 + 68
27607 # 1504
27607 - 1500 1
27608 # 1504
27608 - 68 2
27609 # 1504
27610 # 1504
27611 # 1504
27611 + 1500
27611 + 68
27612 # 1504
27612 - 1500 1
27613 # 1504
27613 - 68 2
27614 # 1504
27615 # 1504
27616 # 1504
27616 + 1500
27616 + 68
27617 # 1504
27617 - 1500 1
27618 # 1504
27618 - 68 2
27619 # 1504
27620 # 1504
27621 # 1504
27621 + 1500
27621 + 68
27622 # 1504
27622 - 1500 1
27623 # 1504
27623 - 68 2
27624 # 1504
27625 # 1504
27626 # 1504
27626 + 1500
27626 + 68
27627 # 1504
27627 - 1500 1
27628 # 1504
27628 - 68 2
27629 # 1504
27629 + 1500
27629 + 68
27630 # 1504
27630 - 1500 1
27631 # 1504
27631 - 68 2
27631 + 1500
27631 + 68
27632 # 1504
27632 - 1500 1
27633 # 1504
27633 - 68 2
27634 # 1504
27635 # 1504
27636 # 1504
27636 + 1500
27636 + 68
27637 # 1504
27637 - 1500 1
27638 # 1504
27638 - 68 2
27639 # 1504
27640 # 1504
27641 # 1504
27641 + 1500
27641 + 68
27642 # 1504
27642 - 1500 1
27643 # 1504
27643 - 68 2
27644 # 1504
27645 # 1504
27646 # 1504
27646 + 1500
27646 + 68
27647 # 1504
27647 - 1500 1
27648 # 1504
27648 - 68 2
27649 # 1504
27650 # 1504
27650 + 1500
27650 + 68
27651 # 1504
27651 - 1500 1
27652 # 1504
27652 - 68 2
27653 # 1504
27654 # 1504
27655 # 1504
27655 + 1500
27655 + 68
27656 # 1504
27656 - 1500 1
27657 # 1504
27657 - 68 2
27658 # 1504
27659 # 1504
27660 # 1504
27660 + 1500
27660 + 68
27661 # 1504
27661 - 1500 1
27662 # 1504
27662 - 68 2
27663 # 1504
27664 # 1504
27665 # 1504
27665 + 1500
27665 + 68
27666 # 1504
27666 - 1500 1
27667 # 1504
27667 - 68 2
27668 # 1504
27669 # 1504
27670 # 1504
27670 + 1500
27670 + 68
27671 # 1504
27671 - 1500 1
27672 # 1504
27672 - 68 2
27673 # 1504
27674 # 1504
27674 + 1500
27674 + 68
27675 # 1504
27675 - 1500 1
27676 # 1504
27676 - 68 2
27677 # 1504
27678 # 1504
27679 # 1504
27679 + 1500
27679 + 68
27680 # 1504
27680 - 1500 1
27681 # 1504
27681 - 68 2
27682 # 1504
27682 + 1500
27682 + 68
27683 # 1504
27683 - 1500 1
27684 # 1504
27684 - 68 2
27685 # 1504
27685 + 1500
27685 + 68
27686 # 1504
27686 - 1500 1
27687 # 1504
27687 - 68 2
27688 # 1504
27688 + 1500
27688 + 68
27689 # 1504
27689 - 1500 1
27690 # 1504
27690 - 68 2
27691 # 1504
27691 + 1500
27691 + 68
27692 # 1504
27692 - 1500 1
27693 # 1504
27693 - 68 2
27694 # 1504
27694 + 1500
27694 + 68
27695 # 1504
27695 - 1500 1
27696 # 1504
27696 - 68 2
27697 # 1504
27698 # 1504
27698 + 1500
27698 + 68
27699 # 1504
27699 - 1500 1
27700 # 1504
27700 - 68 2
27701 # 1504
27702 # 1504
27703 # 1504
27703 + 1500
27703 + 68
27704 # 1504
27704 - 1500 1
27705 # 1504
27705 - 68 2
27706 # 1504
27707 # 1504
27708 # 1504
27708 + 1500
27708 + 68
27709 # 1504
27709 - 1500 1
27710 # 1504
27710 - 68 2
27711 # 1504
27712 # 1504
27713 # 1504
27714 # 1504
27714 + 1500
27714 + 68
27715 # 1504
27715 - 1500 1
27716 # 1504
27716 - 68 2
27717 # 1504
27717 + 1500
27717 + 68
27717 + 1500
27717 + 68
27718 # 1504
27718 - 1500 1
27719 # 1504
27719 - 68 2
27719 + 1500
27719 + 68
27720 # 1504
27720 - 1500 3
27720 - 68 3
27721 # 1504
27721 - 1500 2
27721 - 68 2
27722 # 1504
27723 # 1504
27724 # 1504
27724 + 1500
27724 + 68
27725 # 1504
27725 - 1500 1
27726 # 1504
27726 - 68 2
27727 # 1504
27727 + 1500
27727 + 68
27728 # 1504
27728 - 1500 1
27729 # 1504
27729 - 68 2
27730 # 1504
27730 + 1500
27730 + 68
27731 # 1504
27731 - 1500 1
27732 # 1504
27732 - 68 2
27733 # 1504
27734 # 1504
27735 # 1504
27735 + 1500
27735 + 68
27736 # 1504
27736 - 1500 1
27737 # 1504
27737 - 68 2
27738 # 1504
27739 # 1504
27740 # 1504
27740 + 1500
27740 + 68
27741 # 1504
27741 - 1500 1
27742 # 1504
27742 - 68 2
27743 # 1504
27744 # 1504
27744 + 1500
27744 + 68
27745 # 1504
27745 - 1500 1
27746 # 1504
27746 - 68 2
27747 # 1504
27747 + 1500
27747 + 68
27748 # 1504
27748 - 1500 1
27749 # 1504
27749 - 68 2
27750 # 1504
27750 + 1500
27750 + 68
27751 # 1504
27751 - 1500 1
27752 # 1504
27752 - 68 2
27753 # 1504
27753 + 1500
27753 + 68
27754 # 1504
27754 - 1500 1
27755 # 1504
27755 - 68 2
27756 # 1504
27757 # 1504
27758 # 1504
27758 + 1500
27758 + 68
27759 # 1504
27759 - 1500 1
27760 # 1504
27760 - 68 2
27761 # 1504
27762 # 1504
27762 + 1500
27762 + 68
27763 # 1504
27763 - 1500 1
27764 # 1504
27764 - 68 2
27765 # 1504
27766 # 1504
27767 # 1504
27767 + 1500
27767 + 68
27768 # 1504
27768 - 1500 1
27769 # 1504
27769 - 68 2
27770 # 1504
27771 # 1504
27772 # 1504
27772 + 1500
27772 + 68
27773 # 1504
27773 - 1500 1
27774 # 1504
27774 - 68 2
27775 # 1504
27776 # 1504
27777 # 1504
27777 + 1500
27777 + 68
27778 # 1504
27778 - 1500 1
27779 # 1504
27779 - 68 2
27780 # 1504
27781 # 1504
27782 # 1504
27782 + 1500
27782 + 68
27783 # 1504
27783 - 1500 1
27784 # 1504
27784 - 68 2
27785 # 1504
27786 # 1504
27786 + 1500
27786 + 68
27787 # 1504
27787 - 1500 1
27788 # 1504
27788 - 68 2
27789 # 1504
27790 # 1504
27791 # 1504
27791 + 1500
27791 + 68
27792 # 1504
27792 - 1500 1
27793 # 1504
27793 - 68 2
27794 # 1504
27795 # 1504
27796 # 1504
27796 + 1500
27796 + 68
27797 # 1504
27797 - 1500 1
27798 # 1504
27798 - 68 2
27799 # 1504
27800 # 1504
27801 # 1504
27801 + 1500
27801 + 68
27802 # 1504
27802 - 1500 1
27803 # 1504
27803 - 68 2
27804 # 1504
27805 # 1504
27806 # 1504
27806 + 1500
27806 + 68
27807 # 1504
27807 - 1500 1
27808 # 1504
27808 - 68 2
27809 # 1504
27810 # 1504
27810 + 1500
27810 + 68
27811 # 1504
27811 - 1500 1
27812 # 1504
27812 - 68 2
27813 # 1504
27814 # 1504
27815 # 1504
27815 + 1500
27815 + 68
27816 # 1504
27816 - 1500 1
27817 # 1504
27817 - 68 2
27818 # 1504
27819 # 1504
27820 # 1504
27820 + 1500
27820 + 68
27821 # 1504
27821 - 1500 1
27822 # 1504
27822 - 68 2
27823 # 1504
27824 # 1504
27825 # 1504
27825 + 1500
27825 + 68
27826 # 1504
27826 - 1500 1
27827 # 1504
27827 - 68 2
27828 # 1504
27829 # 1504
27830 # 1504
27830 + 1500
27830 + 68
27831 # 1504
27831 - 1500 1
27832 # 1504
27832 - 68 2
27833 # 1504
27834 # 1504
27835 # 1504
27835 + 1500
27835 + 68
27836 # 1504
27836 - 1500 1
27837 # 1504
27837 - 68 2
27838 # 1504
27839 # 1504
27839 + 1500
27839 + 68
27840 # 1504
27840 - 1500 1
27841 # 1504
27841 - 68 2
27842 # 1504
27842 + 1500
27842 + 68
27843 # 1504
27843 - 1500 1
27844 # 1504
27844 - 68 2
27845 # 1504
27845 + 1500
27845 + 68
27846 # 1504
27846 - 1500 1
27847 # 1504
27847 - 68 2
27848 # 1504
27849 # 1504
27850 # 1504
27850 + 1500
27850 + 68
27851 # 1504
27851 - 1500 1
27852 # 1504
27852 - 68 2
27853 # 1504
27854 # 1504
27854 + 1500
27854 + 68
27855 # 1504
27855 - 1500 1
27856 # 1504
27856 - 68 2
27857 # 1504
27858 # 1504
27859 # 1504
27859 + 1500
27859 + 68
27860 # 1504
27860 - 1500 1
27861 # 1504
27861 - 68 2
27862 # 1504
27863 # 1504
27864 # 1504
27864 + 1500
27864 + 68
27865 # 1504
27865 - 1500 1
27866 # 1504
27866 - 68 2
27867 # 1504
27868 # 1504
27869 # 1504
27869 + 1500
27869 + 68
27870 # 1504
27870 - 1500 1
27871 # 1504
27871 - 68 2
27872 # 1504
27873 # 1504
27873 + 1500
27873 + 68
27874 # 1504
27874 - 1500 1
27875 # 1504
27875 - 68 2
27876 # 1504
27876 + 1500
27876 + 68
27877 # 1504
27877 - 1500 1
27878 # 1504
27878 - 68 2
27879 # 1504
27879 + 1500
27879 + 68
27880 # 1504
27880 - 1500 1
27881 # 1504
27881 - 68 2
27882 # 1504
27883 # 1504
27884 # 1504
27884 + 1500
27884 + 68
27885 # 1504
27885 - 1500 1
27886 # 1504
27886 - 68 2
27887 # 1504
27888 # 1504
27889 # 1504
27889 + 1500
27889 + 68
27890 # 1504
27890 - 1500 1
27891 # 1504
27891 - 68 2
27892 # 1504
27893 # 1504
27894 # 1504
27894 + 1500
27894 + 68
27895 # 1504
27895 - 1500 1
27896 # 1504
27896 - 68 2
27897 # 1504
27898 # 1504
27899 # 1504
27899 + 1500
27899 + 68
27900 # 1504
27900 - 1500 1
27901 # 1504
27901 - 68 2
27902 # 1504
27903 # 1504
27903 + 1500
27903 + 68
27904 # 1504
27904 - 1500 1
27905 # 1504
27905 - 68 2
27906 # 1504
27907 # 1504
27907 + 1500
27907 + 68
27908 # 1504
27908 - 1500 1
27909 # 1504
27909 - 68 2
27909 + 1500
27909 + 68
27910 # 1504
27910 - 1500 1
27911 # 1504
27911 - 68 2
27912 # 1504
27913 # 1504
27914 # 1504
27914 + 1500
27914 + 68
27915 # 1504
27915 - 1500 1
27916 # 1504
27916 - 68 2
27917 # 1504
27918 # 1504
27918 + 1500
27918 + 68
27919 # 1504
27919 - 1500 1
27920 # 1504
27920 - 68 2
27921 # 1504
27922 # 1504
27922 + 1500
27922 + 68
27923 # 1504
27923 - 1500 1
27924 # 1504
27924 - 68 2
27925 # 1504
27925 + 1500
27925 + 68
27926 # 1504
27926 - 1500 1
27927 # 1504
27927 - 68 2
27928 # 1504
27929 # 1504
27929 + 1500
27929 + 68
27930 # 1504
27930 - 1500 1
27931 # 1504
27931 - 68 2
27932 # 1504
27933 # 1504
27934 # 1504
27934 + 1500
27934 + 68
27935 # 1504
27935 - 1500 1
27936 # 1504
27936 - 68 2
27937 # 1504
27938 # 1504
27938 + 1500
27938 + 68
27939 # 1504
27939 - 1500 1
27940 # 1504
27940 - 68 2
27941 # 1504
27941 + 1500
27941 + 68
27942 # 1504
27942 - 1500 1
27943 # 1504
27943 - 68 2
27943 + 1500
27943 + 68
27944 # 1504
27944 - 1500 1
27945 # 1504
27945 - 68 2
27946 # 1504
27946 + 1500
27946 + 68
27947 # 1504
27947 - 1500 1
27948 # 1504
27948 - 68 2
27949 # 1504
27950 # 1504
27951 # 1504
27951 + 1500
27951 + 68
27952 # 1504
27952 - 1500 1
27953 # 1504
27953 - 68 2
27954 # 1504
27955 # 1504
27955 + 1500
27955 + 68
27956 # 1504
27956 - 1500 1
27957 # 1504
27957 - 68 2
27958 # 1504
27958 + 1500
27958 + 68
27959 # 1504
27959 - 1500 1
27960 # 1504
27960 - 68 2
27961 # 1504
27961 + 1500
27961 + 68
27962 # 1504
27962 - 1500 1
27963 # 1504
27963 - 68 2
27964 # 1504
27964 + 1500
27964 + 68
27965 # 1504
27965 - 1500 1
27966 # 1504
27966 - 68 2
27967 # 1504
27968 # 1504
27969 # 1504
27969 + 1500
27969 + 68
27970 # 1504
27970 - 1500 1
27971 # 1504
27971 - 68 2
27972 # 1504
27973 # 1504
27973 + 1500
27973 + 68
27974 # 1504
27974 - 1500 1
27975 # 1504
27975 - 68 2
27976 # 1504
27976 + 1500
27976 + 68
27977 # 1504
27977 - 1500 1
27978 # 1504
27978 - 68 2
27979 # 1504
27979 + 1500
27979 + 68
27980 # 1504
27980 - 1500 1
27981 # 1504
27981 - 68 2
27982 # 1504
27983 # 1504
27984 # 1504
27984 + 1500
27984 + 68
27985 # 1504
27985 - 1500 1
27986 # 1504
27986 - 68 2
27987 # 1504
27988 # 1504
27989 # 1504
27989 + 1500
27989 + 68
27990 # 1504
27990 - 1500 1
27991 # 1504
27991 - 68 2
27992 # 1504
27993 # 1504
27993 + 1500
27993 + 68
27994 # 1504
27994 - 1500 1
27995 # 1504
27995 - 68 2
27996 # 1504
27996 + 1500
27996 + 68
27997 # 1504
27997 - 1500 1
27998 # 1504
27998 - 68 2
27998 + 1500
27998 + 68
27999 # 1504
27999 - 1500 1
28000 # 1504
28000 - 68 2
28001 # 1504
28001 + 1500
28001 + 68
28002 # 1504
28002 - 1500 1
28003 # 1504
28003 - 68 2
28004 # 1504
28005 # 1504
28006 # 1504
28006 + 1500
28006 + 68
28007 # 1504
28007 - 1500 1
28008 # 1504
28008 - 68 2
28009 # 1504
28010 # 1504
28010 + 1500
28010 + 68
28011 # 1504
28011 - 1500 1
28012 # 1504
28012 - 68 2
28013 # 1504
28013 + 1500
28013 + 68
28014 # 1504
28014 - 1500 1
28015 # 1504
28015 - 68 2
28016 # 1504
28016 + 1500
28016 + 68
28017 # 1504
28017 - 1500 1
28018 # 1504
28018 - 68 2
28019 # 1504
28019 + 1500
28019 + 68
28020 # 1504
28020 - 1500 1
28021 # 1504
28021 - 68 2
28022 # 1504
28023 # 1504
28024 # 1504
28024 + 1500
28024 + 68
28025 # 1504
28025 - 1500 1
28026 # 1504
28026 - 68 2
28027 # 1504
28028 # 1504
28029 # 1504
28029 + 1500
28029 + 68
28030 # 1504
28030 - 1500 1
28031 # 1504
28031 - 68 2
28032 # 1504
28033 # 1504
28033 + 1500
28033 + 68
28034 # 1504
28034 - 1500 1
28035 # 1504
28035 - 68 2
28036 # 1504
28036 + 1500
28036 + 68
28037 # 1504
28037 - 1500 1
28038 # 1504
28038 - 68 2
28038 + 1500
28038 + 68
28039 # 1504
28039 - 1500 1
28040 # 1504
28040 - 68 2
28041 # 1504
28041 + 1500
28041 + 68
28042 # 1504
28042 - 1500 1
28043 # 1504
28043 - 68 2
28044 # 1504
28045 # 1504
28045 + 1500
28045 + 68
28046 # 1504
28046 - 1500 1
28047 # 1504
28047 - 68 2
28048 # 1504
28048 + 1500
28048 + 68
28049 # 1504
28049 - 1500 1
28050 # 1504
28050 - 68 2
28050 + 1500
28050 + 68
28051 # 1504
28051 - 1500 1
28052 # 1504
28052 - 68 2
28053 # 1504
28053 + 1500
28053 + 68
28054 # 1504
28054 - 1500 1
28055 # 1504
28055 - 68 2
28056 # 1504
28057 # 1504
28058 # 1504
28058 + 1500
28058 + 68
28059 # 1504
28059 - 1500 1
28060 # 1504
28060 - 68 2
28061 # 1504
28062 # 1504
28062 + 1500
28062 + 68
28063 # 1504
28063 - 1500 1
28064 # 1504
28064 - 68 2
28065 # 1504
28065 + 1500
28065 + 68
28066 # 1504
28066 - 1500 1
28067 # 1504
28067 - 68 2
28068 # 1504
28068 + 1500
28068 + 68
28069 # 1504
28069 - 1500 1
28070 # 1504
28070 - 68 2
28071 # 1504
28072 # 1504
28073 # 1504
28073 + 1500
28073 + 68
28074 # 1504
28074 - 1500 1
28075 # 1504
28075 - 68 2
28076 # 1504
28077 # 1504
28078 # 1504
28078 + 1500
28078 + 68
28079 # 1504
28079 - 1500 1
28080 # 1504
28080 - 68 2
28081 # 1504
28082 # 1504
28083 # 1504
28083 + 1500
28083 + 68
28084 # 1504
28084 - 1500 1
28085 # 1504
28085 - 68 2
28086 # 1504
28087 # 1504
28087 + 1500
28087 + 68
28088 # 1504
28088 - 1500 1
28089 # 1504
28089 - 68 2
28090 # 1504
28091 # 1504
28091 + 1500
28091 + 68
28092 # 1504
28092 - 1500 1
28093 # 1504
28093 - 68 2
28093 + 1500
28093 + 68
28094 # 1504
28094 - 1500 1
28095 # 1504
28095 - 68 2
28096 # 1504
28097 # 1504
28098 # 1504
28098 + 1500
28098 + 68
28099 # 1504
28099 - 1500 1
28100 # 1504
28100 - 68 2
28101 # 1504
28102 # 1504
28102 + 1500
28102 + 68
28103 # 1504
28103 - 1500 1
28104 # 1504
28104 - 68 2
28105 # 1504
28105 + 1500
28105 + 68
28106 # 1504
28106 - 1500 1
28107 # 1504
28107 - 68 2
28108 # 1504
28108 + 1500
28108 + 68
28109 # 1504
28109 - 1500 1
28110 # 1504
28110 - 68 2
28111 # 1504
28111 + 1500
28111 + 68
28112 # 1504
28112 - 1500 1
28113 # 1504
28113 - 68 2
28114 # 1504
28115 # 1504
28116 # 1504
28116 + 1500
28116 + 68
28117 # 1504
28117 - 1500 1
28118 # 1504
28118 - 68 2
28119 # 1504
28120 # 1504
28121 # 1504
28121 + 1500
28121 + 68
28122 # 1504
28122 - 1500 1
28123 # 1504
28123 - 68 2
28124 # 1504
28125 # 1504
28125 + 1500
28125 + 68
28126 # 1504
28126 - 1500 1
28127 # 1504
28127 - 68 2
28128 # 1504
28129 # 1504
28130 # 1504
28130 + 1500
28130 + 68
28131 # 1504
28131 - 1500 1
28132 # 1504
28132 - 68 2
28133 # 1504
28134 # 1504
28135 # 1504
28135 + 1500
28135 + 68
28136 # 1504
28136 - 1500 1
28137 # 1504
28137 - 68 2
28138 # 1504
28139 # 1504
28140 # 1504
28140 + 1500
28140 + 68
28141 # 1504
28141 - 1500 1
28142 # 1504
28142 - 68 2
28143 # 1504
28144 # 1504
28145 # 1504
28145 + 1500
28145 + 68
28146 # 1504
28146 - 1500 1
28147 # 1504
28147 - 68 2
28148 # 1504
28149 # 1504
28149 + 1500
28149 + 68
28150 # 1504
28150 - 1500 1
28151 # 1504
28151 - 68 2
28152 # 1504
28152 + 1500
28152 + 68
28153 # 1504
28153 - 1500 1
28154 # 1504
28154 - 68 2
28155 # 1504
28155 + 1500
28155 + 68
28156 # 1504
28156 - 1500 1
28157 # 1504
28157 - 68 2
28158 # 1504
28159 # 1504
28160 # 1504
28160 + 1500
28160 + 68
28161 # 1504
28161 - 1500 1
28162 # 1504
28162 - 68 2
28163 # 1504
28164 # 1504
28165 # 1504
28165 + 1500
28165 + 68
28166 # 1504
28166 - 1500 1
28167 # 1504
28167 - 68 2
28168 # 1504
28169 # 1504
28169 + 1500
28170 # 1504
28170 - 1500 1
28170 + 68
28171 # 1504
28171 - 68 1
28172 # 1504
28172 + 1500
28172 + 68
28173 # 1504
28173 - 1500 1
28174 # 1504
28174 - 68 2
28175 # 1504
28175 + 1500
28175 + 68
28176 # 1504
28176 - 1500 1
28177 # 1504
28177 - 68 2
28178 # 1504
28178 + 1500
28178 + 68
28179 # 1504
28179 - 1500 1
28180 # 1504
28180 - 68 2
28181 # 1504
28182 # 1504
28183 # 1504
28183 + 1500
28183 + 68
28184 # 1504
28184 - 1500 1
28185 # 1504
28185 - 68 2
28186 # 1504
28186 + 1500
28186 + 68
28187 # 1504
28187 - 1500 1
28188 # 1504
28188 - 68 2
28188 + 1500
28188 + 68
28189 # 1504
28189 - 1500 1
28190 # 1504
28190 - 68 2
28191 # 1504
28191 + 1500
28191 + 68
28192 # 1504
28192 - 1500 1
28193 # 1504
28193 - 68 2
28194 # 1504
28194 + 1500
28194 + 68
28195 # 1504
28195 - 1500 1
28196 # 1504
28196 - 68 2
28197 # 1504
28198 # 1504
28199 # 1504
28199 + 1500
28199 + 68
28200 # 1504
28200 - 1500 1
28201 # 1504
28201 - 68 2
28202 # 1504
28203 # 1504
28204 # 1504
28204 + 1500
28204 + 68
28205 # 1504
28205 - 1500 1
28206 # 1504
28206 - 68 2
28207 # 1504
28208 # 1504
28208 + 1500
28208 + 68
28209 # 1504
28209 - 1500 1
28210 # 1504
28210 - 68 2
28211 # 1504
28211 + 1500
28211 + 68
28212 # 1504
28212 - 1500 1
28213 # 1504
28213 - 68 2
28214 # 1504
28214 + 1500
28214 + 68
28215 # 1504
28215 - 1500 1
28216 # 1504
28216 - 68 2
28217 # 1504
28218 # 1504
28219 # 1504
28219 + 1500
28219 + 68
28220 # 1504
28220 - 1500 1
28221 # 1504
28221 - 68 2
28222 # 1504
28223 # 1504
28224 # 1504
28224 + 1500
28224 + 68
28225 # 1504
28225 - 1500 1
28226 # 1504
28226 - 68 2
28227 # 1504
28228 # 1504
28229 # 1504
28229 + 1500
28229 + 68
28230 # 1504
28230 - 1500 1
28231 # 1504
28231 - 68 2
28232 # 1504
28233 # 1504
28233 + 1500
28233 + 68
28234 # 1504
28234 - 1500 1
28235 # 1504
28235 - 68 2
28236 # 1504
28236 + 1500
28236 + 68
28237 # 1504
28237 - 1500 1
28238 # 1504
28238 - 68 2
28239 # 1504
28239 + 1500
28239 + 68
28240 # 1504
28240 - 1500 1
28241 # 1504
28241 - 68 2
28242 # 1504
28242 + 1500
28242 + 68
28243 # 1504
28243 - 1500 1
28244 # 1504
28244 - 68 2
28245 # 1504
28246 # 1504
28247 # 1504
28247 + 1500
28247 + 68
28248 # 1504
28248 - 1500 1
28249 # 1504
28249 - 68 2
28250 # 1504
28251 # 1504
28251 + 1500
28251 + 68
28252 # 1504
28252 - 1500 1
28253 # 1504
28253 - 68 2
28254 # 1504
28255 # 1504
28255 + 1500
28255 + 68
28256 # 1504
28256 - 1500 1
28257 # 1504
28257 - 68 2
28257 + 1500
28257 + 68
28258 # 1504
28258 - 1500 1
28259 # 1504
28259 - 68 2
28260 # 1504
28261 # 1504
28262 # 1504
28262 + 1500
28262 + 68
28263 # 1504
28263 - 1500 1
28264 # 1504
28264 - 68 2
28265 # 1504
28266 # 1504
28267 # 1504
28267 + 1500
28267 + 68
28268 # 1504
28268 - 1500 1
28269 # 1504
28269 - 68 2
28270 # 1504
28271 # 1504
28271 + 1500
28271 + 68
28272 # 1504
28272 - 1500 1
28273 # 1504
28273 - 68 2
28274 # 1504
28274 + 1500
28274 + 68
28275 # 1504
28275 - 1500 1
28276 # 1504
28276 - 68 2
28277 # 1504
28277 + 1500
28277 + 68
28278 # 1504
28278 - 1500 1
28279 # 1504
28279 - 68 2
28280 # 1504
28280 + 1500
28280 + 68
28281 # 1504
28281 - 1500 1
28282 # 1504
28282 - 68 2
28283 # 1504
28284 # 1504
28285 # 1504
28285 + 1500
28285 + 68
28286 # 1504
28286 - 1500 1
28287 # 1504
28287 - 68 2
28288 # 1504
28289 # 1504
28290 # 1504
28290 + 1500
28290 + 68
28291 # 1504
28291 - 1500 1
28292 # 1504
28292 - 68 2
28293 # 1504
28294 # 1504
28294 + 1500
28294 + 68
28295 # 1504
28295 - 1500 1
28296 # 1504
28296 - 68 2
28297 # 1504
28297 + 1500
28297 + 68
28298 # 1504
28298 - 1500 1
28299 # 1504
28299 - 68 2
28300 # 1504
28300 + 1500
28300 + 68
28301 # 1504
28301 - 1500 1
28302 # 1504
28302 - 68 2
28303 # 1504
28303 + 1500
28303 + 68
28304 # 1504
28304 - 1500 1
28305 # 1504
28305 - 68 2
28306 # 1504
28307 # 1504
28308 # 1504
28308 + 1500
28308 + 68
28309 # 1504
28309 - 1500 1
28310 # 1504
28310 - 68 2
28311 # 1504
28312 # 1504
28313 # 1504
28313 + 1500
28313 + 68
28314 # 1504
28314 - 1500 1
28315 # 1504
28315 - 68 2
28316 # 1504
28317 # 1504
28317 + 1500
28317 + 68
28318 # 1504
28318 - 1500 1
28319 # 1504
28319 - 68 2
28320 # 1504
28320 + 1500
28320 + 68
28321 # 1504
28321 - 1500 1
28322 # 1504
28322 - 68 2
28323 # 1504
28323 + 1500
28323 + 68
28324 # 1504
28324 - 1500 1
28325 # 1504
28325 - 68 2
28326 # 1504
28326 + 1500
28326 + 68
28327 # 1504
28327 - 1500 1
28328 # 1504
28328 - 68 2
28329 # 1504
28330 # 1504
28331 # 1504
28331 + 1500
28331 + 68
28332 # 1504
28332 - 1500 1
28333 # 1504
28333 - 68 2
28334 # 1504
28335 # 1504
28335 + 1500
28335 + 68
28336 # 1504
28336 - 1500 1
28337 # 1504
28337 - 68 2
28338 # 1504
28338 + 1500
28338 + 68
28339 # 1504
28339 - 1500 1
28340 # 1504
28340 - 68 2
28341 # 1504
28342 # 1504
28342 + 1500
28342 + 68
28343 # 1504
28343 - 1500 1
28344 # 1504
28344 - 68 2
28345 # 1504
28346 # 1504
28346 + 1500
28346 + 68
28347 # 1504
28347 - 1500 1
28348 # 1504
28348 - 68 2
28349 # 1504
28350 # 1504
28351 # 1504
28351 + 1500
28351 + 68
28352 # 1504
28352 - 1500 1
28353 # 1504
28353 - 68 2
28354 # 1504
28355 # 1504
28355 + 1500
28356 # 1504
28356 - 1500 1
28356 + 68
28357 # 1504
28357 - 68 1
28358 # 1504
28359 # 1504
28359 + 1500
28359 + 68
28360 # 1504
28360 - 1500 1
28361 # 1504
28361 - 68 2
28361 + 1500
28361 + 68
28362 # 1504
28362 - 1500 1
28363 # 1504
28363 - 68 2
28364 # 1504
28365 # 1504
28366 # 1504
28366 + 1500
28366 + 68
28367 # 1504
28367 - 1500 1
28368 # 1504
28368 - 68 2
28369 # 1504
28370 # 1504
28371 # 1504
28371 + 1500
28371 + 68
28372 # 1504
28372 - 1500 1
28373 # 1504
28373 - 68 2
28374 # 1504
28375 # 1504
28375 + 1500
28376 # 1504
28376 - 1500 1
28376 + 68
28377 # 1504
28377 - 68 1
28378 # 1504
28379 # 1504
28379 + 1500
28379 + 68
28380 # 1504
28380 - 1500 1
28381 # 1504
28381 - 68 2
28381 + 1500
28381 + 68
28382 # 1504
28382 - 1500 1
28383 # 1504
28383 - 68 2
28384 # 1504
28385 # 1504
28386 # 1504
28386 + 1500
28386 + 68
28387 # 1504
28387 - 1500 1
28388 # 1504
28388 - 68 2
28389 # 1504
28390 # 1504
28391 # 1504
28391 + 1500
28391 + 68
28392 # 1504
28392 - 1500 1
28393 # 1504
28393 - 68 2
28394 # 1504
28395 # 1504
28396 # 1504
28396 + 1500
28396 + 68
28397 # 1504
28397 - 1500 1
28398 # 1504
28398 - 68 2
28399 # 1504
28400 # 1504
28400 + 1500
28400 + 68
28401 # 1504
28401 - 1500 1
28402 # 1504
28402 - 68 2
28403 # 1504
28404 # 1504
28404 + 1500
28404 + 68
28405 # 1504
28405 - 1500 1
28406 # 1504
28406 - 68 2
28406 + 1500
28406 + 68
28407 # 1504
28407 - 1500 1
28408 # 1504
28408 - 68 2
28409 # 1504
28410 # 1504
28411 # 1504
28411 + 1500
28411 + 68
28412 # 1504
28412 - 1500 1
28413 # 1504
28413 - 68 2
28414 # 1504
28415 # 1504
28416 # 1504
28417 # 1504
28417 + 1500
28417 + 68
28418 # 1504
28418 - 1500 1
28419 # 1504
28419 - 68 2
28420 # 1504
28420 + 1500
28420 + 68
28421 # 1504
28421 - 1500 1
28422 # 1504
28422 - 68 2
28423 # 1504
28423 + 1500
28423 + 68
28424 # 1504
28424 - 1500 1
28425 # 1504
28425 - 68 2
28426 # 1504
28426 + 1500
28426 + 68
28427 # 1504
28427 - 1500 1
28428 # 1504
28428 - 68 2
28429 # 1504
28429 + 1500
28429 + 68
28430 # 1504
28430 - 1500 1
28431 # 1504
28431 - 68 2
28432 # 1504
28433 # 1504
28434 # 1504
28434 + 1500
28434 + 68
28435 # 1504
28435 - 1500 1
28436 # 1504
28436 - 68 2
28437 # 1504
28438 # 1504
28439 # 1504
28439 + 1500
28439 + 68
28440 # 1504
28440 - 1500 1
28441 # 1504
28441 - 68 2
28442 # 1504
28443 # 1504
28443 + 1500
28443 + 68
28444 # 1504
28444 - 1500 1
28445 # 1504
28445 - 68 2
28446 # 1504
28447 # 1504
28448 # 1504
28448 + 1500
28448 + 68
28449 # 1504
28449 - 1500 1
28450 # 1504
28450 - 68 2
28451 # 1504
28452 # 1504
28453 # 1504
28453 + 1500
28453 + 68
28454 # 1504
28454 - 1500 1
28455 # 1504
28455 - 68 2
28456 # 1504
28457 # 1504
28458 # 1504
28458 + 1500
28458 + 68
28459 # 1504
28459 - 1500 1
28460 # 1504
28460 - 68 2
28461 # 1504
28462 # 1504
28462 + 1500
28463 # 1504
28463 - 1500 1
28463 + 68
28464 # 1504
28464 - 68 1
28465 # 1504
28465 + 1500
28465 + 68
28466 # 1504
28466 - 1500 1
28467 # 1504
28467 - 68 2
28468 # 1504
28468 + 1500
28468 + 68
28469 # 1504
28469 - 1500 1
28470 # 1504
28470 - 68 2
28471 # 1504
28472 # 1504
28473 # 1504
28473 + 1500
28473 + 68
28474 # 1504
28474 - 1500 1
28475 # 1504
28475 - 68 2
28476 # 1504
28477 # 1504
28478 # 1504
28478 + 1500
28478 + 68
28479 # 1504
28479 - 1500 1
28480 # 1504
28480 - 68 2
28481 # 1504
28482 # 1504
28483 # 1504
28483 + 1500
28483 + 68
28484 # 1504
28484 - 1500 1
28485 # 1504
28485 - 68 2
28486 # 1504
28487 # 1504
28487 + 1500
28487 + 68
28488 # 1504
28488 - 1500 1
28489 # 1504
28489 - 68 2
28490 # 1504
28491 # 1504
28492 # 1504
28492 + 1500
28492 + 68
28493 # 1504
28493 - 1500 1
28494 # 1504
28494 - 68 2
28495 # 1504
28496 # 1504
28497 # 1504
28497 + 1500
28497 + 68
28498 # 1504
28498 - 1500 1
28499 # 1504
28499 - 68 2
28500 # 1504
28501 # 1504
28502 # 1504
28502 + 1500
28502 + 68
28503 # 1504
28503 - 1500 1
28504 # 1504
28504 - 68 2
28505 # 1504
28506 # 1504
28507 # 1504
28507 + 1500
28507 + 68
28508 # 1504
28508 - 1500 1
28509 # 1504
28509 - 68 2
28510 # 1504
28511 # 1504
28511 + 1500
28511 + 68
28512 # 1504
28512 - 1500 1
28513 # 1504
28513 - 68 2
28514 # 1504
28515 # 1504
28516 # 1504
28516 + 1500
28516 + 68
28517 # 1504
28517 - 1500 1
28518 # 1504
28518 - 68 2
28519 # 1504
28520 # 1504
28521 # 1504
28521 + 1500
28521 + 68
28522 # 1504
28522 - 1500 1
28523 # 1504
28523 - 68 2
28524 # 1504
28525 # 1504
28526 # 1504
28526 + 1500
28526 + 68
28527 # 1504
28527 - 1500 1
28528 # 1504
28528 - 68 2
28529 # 1504
28530 # 1504
28531 # 1504
28531 + 1500
28531 + 68
28532 # 1504
28532 - 1500 1
28533 # 1504
28533 - 68 2
28534 # 1504
28535 # 1504
28535 + 1500
28535 + 68
28536 # 1504
28536 - 1500 1
28537 # 1504
28537 - 68 2
28538 # 1504
28539 # 1504
28540 # 1504
28540 + 1500
28540 + 68
28541 # 1504
28541 - 1500 1
28542 # 1504
28542 - 68 2
28543 # 1504
28544 # 1504
28545 # 1504
28545 + 1500
28545 + 68
28546 # 1504
28546 - 1500 1
28547 # 1504
28547 - 68 2
28548 # 1504
28549 # 1504
28550 # 1504
28550 + 1500
28550 + 68
28551 # 1504
28551 - 1500 1
28552 # 1504
28552 - 68 2
28553 # 1504
28554 # 1504
28555 # 1504
28555 + 1500
28555 + 68
28556 # 1504
28556 - 1500 1
28557 # 1504
28557 - 68 2
28558 # 1504
28559 # 1504
28559 + 1500
28559 + 68
28560 # 1504
28560 - 1500 1
28561 # 1504
28561 - 68 2
28562 # 1504
28563 # 1504
28564 # 1504
28564 + 1500
28564 + 68
28565 # 1504
28565 - 1500 1
28566 # 1504
28566 - 68 2
28567 # 1504
28568 # 1504
28569 # 1504
28569 + 1500
28569 + 68
28570 # 1504
28570 - 1500 1
28571 # 1504
28571 - 68 2
28572 # 1504
28573 # 1504
28574 # 1504
28574 + 1500
28574 + 68
28575 # 1504
28575 - 1500 1
28576 # 1504
28576 - 68 2
28577 # 1504
28578 # 1504
28578 + 1500
28578 + 68
28579 # 1504
28579 - 1500 1
28580 # 1504
28580 - 68 2
28581 # 1504
28581 + 1500
28581 + 68
28582 # 1504
28582 - 1500 1
28583 # 1504
28583 - 68 2
28584 # 1504
28584 + 1500
28584 + 68
28585 # 1504
28585 - 1500 1
28586 # 1504
28586 - 68 2
28587 # 1504
28588 # 1504
28589 # 1504
28589 + 1500
28589 + 68
28590 # 1504
28590 - 1500 1
28591 # 1504
28591 - 68 2
28592 # 1504
28593 # 1504
28594 # 1504
28594 + 1500
28594 + 68
28595 # 1504
28595 - 1500 1
28596 # 1504
28596 - 68 2
28597 # 1504
28598 # 1504
28599 # 1504
28599 + 1500
28599 + 68
28600 # 1504
28600 - 1500 1
28601 # 1504
28601 - 68 2
28602 # 1504
28603 # 1504
28603 + 1500
28603 + 68
28604 # 1504
28604 - 1500 1
28605 # 1504
28605 - 68 2
28606 # 1504
28607 # 1504
28608 # 1504
28608 + 1500
28608 + 68
28609 # 1504
28609 - 1500 1
28610 # 1504
28610 - 68 2
28611 # 1504
28612 # 1504
28613 # 1504
28613 + 1500
28613 + 68
28614 # 1504
28614 - 1500 1
28615 # 1504
28615 - 68 2
28616 # 1504
28617 # 1504
28618 # 1504
28618 + 1500
28618 + 68
28619 # 1504
28619 - 1500 1
28620 # 1504
28620 - 68 2
28621 # 1504
28622 # 1504
28623 # 1504
28623 + 1500
28623 + 68
28624 # 1504
28624 - 1500 1
28625 # 1504
28625 - 68 2
28626 # 1504
28627 # 1504
28627 + 1500
28627 + 68
28628 # 1504
28628 - 1500 1
28629 # 1504
28629 - 68 2
28630 # 1504
28631 # 1504
28632 # 1504
28632 + 1500
28632 + 68
28633 # 1504
28633 - 1500 1
28634 # 1504
28634 - 68 2
28635 # 1504
28636 # 1504
28637 # 1504
28637 + 1500
28637 + 68
28638 # 1504
28638 - 1500 1
28639 # 1504
28639 - 68 2
28640 # 1504
28641 # 1504
28642 # 1504
28642 + 1500
28642 + 68
28643 # 1504
28643 - 1500 1
28644 # 1504
28644 - 68 2
28645 # 1504
28646 # 1504
28647 # 1504
28647 + 1500
28647 + 68
28648 # 1504
28648 - 1500 1
28649 # 1504
28649 - 68 2
28650 # 1504
28651 # 1504
28651 + 1500
28651 + 68
28652 # 1504
28652 - 1500 1
28653 # 1504
28653 - 68 2
28654 # 1504
28655 # 1504
28656 # 1504
28656 + 1500
28656 + 68
28657 # 1504
28657 - 1500 1
28658 # 1504
28658 - 68 2
28659 # 1504
28660 # 1504
28661 # 1504
28661 + 1500
28661 + 68
28662 # 1504
28662 - 1500 1
28663 # 1504
28663 - 68 2
28664 # 1504
28665 # 1504
28666 # 1504
28666 + 1500
28666 + 68
28667 # 1504
28667 - 1500 1
28668 # 1504
28668 - 68 2
28669 # 1504
28670 # 1504
28671 # 1504
28671 + 1500
28671 + 68
28672 # 1504
28672 - 1500 1
28673 # 1504
28673 - 68 2
28674 # 1504
28675 # 1504
28675 + 1500
28675 + 68
28676 # 1504
28676 - 1500 1
28677 # 1504
28677 - 68 2
28678 # 1504
28679 # 1504
28680 # 1504
28680 + 1500
28680 + 68
28681 # 1504
28681 - 1500 1
28682 # 1504
28682 - 68 2
28683 # 1504
28684 # 1504
28685 # 1504
28685 + 1500
28685 + 68
28686 # 1504
28686 - 1500 1
28687 # 1504
28687 - 68 2
28688 # 1504
28689 # 1504
28690 # 1504
28690 + 1500
28690 + 68
28691 # 1504
28691 - 1500 1
28692 # 1504
28692 - 68 2
28693 # 1504
28694 # 1504
28694 + 1500
28694 + 68
28695 # 1504
28695 - 1500 1
28696 # 1504
28696 - 68 2
28697 # 1504
28698 # 1504
28699 # 1504
28699 + 1500
28699 + 68
28700 # 1504
28700 - 1500 1
28701 # 1504
28701 - 68 2
28702 # 1504
28703 # 1504
28704 # 1504
28704 + 1500
28704 + 68
28705 # 1504
28705 - 1500 1
28706 # 1504
28706 - 68 2
28707 # 1504
28708 # 1504
28709 # 1504
28709 + 1500
28709 + 68
28710 # 1504
28710 - 1500 1
28711 # 1504
28711 - 68 2
28712 # 1504
28713 # 1504
28714 # 1504
28714 + 1500
28714 + 68
28715 # 1504
28715 - 1500 1
28716 # 1504
28716 - 68 2
28717 # 1504
28718 # 1504
28718 + 1500
28718 + 68
28719 # 1504
28719 - 1500 1
28720 # 1504
28720 - 68 2
28721 # 1504
28722 # 1504
28723 # 1504
28723 + 1500
28723 + 68
28724 # 1504
28724 - 1500 1
28725 # 1504
28725 - 68 2
28726 # 1504
28727 # 1504
28728 # 1504
28728 + 1500
28728 + 68
28729 # 1504
28729 - 1500 1
28730 # 1504
28730 - 68 2
28731 # 1504
28732 # 1504
28733 # 1504
28733 + 1500
28733 + 68
28734 # 1504
28734 - 1500 1
28735 # 1504
28735 - 68 2
28736 # 1504
28737 # 1504
28738 # 1504
28738 + 1500
28738 + 68
28739 # 1504
28739 - 1500 1
28740 # 1504
28740 - 68 2
28741 # 1504
28742 # 1504
28742 + 1500
28742 + 68
28743 # 1504
28743 - 1500 1
28744 # 1504
28744 - 68 2
28745 # 1504
28745 + 1500
28745 + 68
28746 # 1504
28746 - 1500 1
28747 # 1504
28747 - 68 2
28748 # 1504
28748 + 1500
28748 + 68
28749 # 1504
28749 - 1500 1
28750 # 1504
28750 - 68 2
28751 # 1504
28751 + 1500
28751 + 68
28752 # 1504
28752 - 1500 1
28753 # 1504
28753 - 68 2
28753 + 1500
28753 + 68
28754 # 1504
28754 - 1500 1
28755 # 1504
28755 - 68 2
28756 # 1504
28757 # 1504
28757 + 1500
28757 + 68
28758 # 1504
28758 - 1500 1
28759 # 1504
28759 - 68 2
28760 # 1504
28761 # 1504
28762 # 1504
28762 + 1500
28762 + 68
28763 # 1504
28763 - 1500 1
28764 # 1504
28764 - 68 2
28765 # 1504
28766 # 1504
28767 # 1504
28767 + 1500
28767 + 68
28768 # 1504
28768 - 1500 1
28769 # 1504
28769 - 68 2
28770 # 1504
28771 # 1504
28772 # 1504
28772 + 1500
28772 + 68
28773 # 1504
28773 - 1500 1
28774 # 1504
28774 - 68 2
28775 # 1504
28776 # 1504
28777 # 1504
28777 + 1500
28777 + 68
28778 # 1504
28778 - 1500 1
28779 # 1504
28779 - 68 2
28780 # 1504
28781 # 1504
28781 + 1500
28781 + 68
28782 # 1504
28782 - 1500 1
28783 # 1504
28783 - 68 2
28784 # 1504
28785 # 1504
28786 # 1504
28786 + 1500
28786 + 68
28787 # 1504
28787 - 1500 1
28788 # 1504
28788 - 68 2
28789 # 1504
28790 # 1504
28791 # 1504
28791 + 1500
28791 + 68
28792 # 1504
28792 - 1500 1
28793 # 1504
28793 - 68 2
28794 # 1504
28795 # 1504
28796 # 1504
28796 + 1500
28796 + 68
28797 # 1504
28797 - 1500 1
28798 # 1504
28798 - 68 2
28799 # 1504
28800 # 1504
28801 # 1504
28801 + 1500
28801 + 68
28802 # 1504
28802 - 1500 1
28803 # 1504
28803 - 68 2
28804 # 1504
28805 # 1504
28805 + 1500
28805 + 68
28806 # 1504
28806 - 1500 1
28807 # 1504
28807 - 68 2
28808 # 1504
28809 # 1504
28810 # 1504
28810 + 1500
28810 + 68
28811 # 1504
28811 - 1500 1
28812 # 1504
28812 - 68 2
28813 # 1504
28814 # 1504
28815 # 1504
28815 + 1500
28815 + 68
28816 # 1504
28816 - 1500 1
28817 # 1504
28817 - 68 2
28818 # 1504
28819 # 1504
28820 # 1504
28820 + 1500
28820 + 68
28821 # 1504
28821 - 1500 1
28822 # 1504
28822 - 68 2
28823 # 1504
28824 # 1504
28825 # 1504
28825 + 1500
28825 + 68
28826 # 1504
28826 - 1500 1
28827 # 1504
28827 - 68 2
28828 # 1504
28829 # 1504
28829 + 1500
28829 + 68
28830 # 1504
28830 - 1500 1
28831 # 1504
28831 - 68 2
28832 # 1504
28833 # 1504
28834 # 1504
28834 + 1500
28834 + 68
28835 # 1504
28835 - 1500 1
28836 # 1504
28836 - 68 2
28837 # 1504
28838 # 1504
28839 # 1504
28839 + 1500
28839 + 68
28840 # 1504
28840 - 1500 1
28841 # 1504
28841 - 68 2
28842 # 1504
28843 # 1504
28844 # 1504
28844 + 1500
28844 + 68
28845 # 1504
28845 - 1500 1
28846 # 1504
28846 - 68 2
28847 # 1504
28848 # 1504
28849 # 1504
28849 + 1500
28849 + 68
28850 # 1504
28850 - 1500 1
28851 # 1504
28851 - 68 2
28852 # 1504
28853 # 1504
28853 + 1500
28853 + 68
28854 # 1504
28854 - 1500 1
28855 # 1504
28855 - 68 2
28856 # 1504
28857 # 1504
28858 # 1504
28858 + 1500
28858 + 68
28859 # 1504
28859 - 1500 1
28860 # 1504
28860 - 68 2
28861 # 1504
28862 # 1504
28863 # 1504
28863 + 1500
28863 + 68
28864 # 1504
28864 - 1500 1
28865 # 1504
28865 - 68 2
28866 # 1504
28867 # 1504
28868 # 1504
28868 + 1500
28868 + 68
28869 # 1504
28869 - 1500 1
28870 # 1504
28870 - 68 2
28871 # 1504
28872 # 1504
28873 # 1504
28873 + 1500
28873 + 68
28874 # 1504
28874 - 1500 1
28875 # 1504
28875 - 68 2
28876 # 1504
28877 # 1504
28877 + 1500
28877 + 68
28878 # 1504
28878 - 1500 1
28879 # 1504
28879 - 68 2
28880 # 1504
28881 # 1504
28882 # 1504
28882 + 1500
28882 + 68
28883 # 1504
28883 - 1500 1
28884 # 1504
28884 - 68 2
28885 # 1504
28886 # 1504
28887 # 1504
28887 + 1500
28887 + 68
28888 # 1504
28888 - 1500 1
28889 # 1504
28889 - 68 2
28890 # 1504
28891 # 1504
28892 # 1504
28892 + 1500
28892 + 68
28893 # 1504
28893 - 1500 1
28894 # 1504
28894 - 68 2
28895 # 1504
28896 # 1504
28896 + 1500
28896 + 68
28897 # 1504
28897 - 1500 1
28898 # 1504
28898 - 68 2
28899 # 1504
28899 + 1500
28899 + 68
28900 # 1504
28900 - 1500 1
28901 # 1504
28901 - 68 2
28902 # 1504
28902 + 1500
28902 + 68
28903 # 1504
28903 - 1500 1
28904 # 1504
28904 - 68 2
28905 # 1504
28906 # 1504
28907 # 1504
28907 + 1500
28907 + 68
28908 # 1504
28908 - 1500 1
28909 # 1504
28909 - 68 2
28910 # 1504
28911 # 1504
28912 # 1504
28912 + 1500
28912 + 68
28913 # 1504
28913 - 1500 1
28914 # 1504
28914 - 68 2
28915 # 1504
28916 # 1504
28917 # 1504
28917 + 1500
28917 + 68
28918 # 1504
28918 - 1500 1
28919 # 1504
28919 - 68 2
28920 # 1504
28921 # 1504
28921 + 1500
28921 + 68
28922 # 1504
28922 - 1500 1
28923 # 1504
28923 - 68 2
28924 # 1504
28925 # 1504
28926 # 1504
28926 + 1500
28926 + 68
28927 # 1504
28927 - 1500 1
28928 # 1504
28928 - 68 2
28929 # 1504
28930 # 1504
28931 # 1504
28931 + 1500
28931 + 68
28932 # 1504
28932 - 1500 1
28933 # 1504
28933 - 68 2
28934 # 1504
28935 # 1504
28936 # 1504
28936 + 1500
28936 + 68
28937 # 1504
28937 - 1500 1
28938 # 1504
28938 - 68 2
28939 # 1504
28940 # 1504
28941 # 1504
28941 + 1500
28941 + 68
28942 # 1504
28942 - 1500 1
28943 # 1504
28943 - 68 2
28944 # 1504
28945 # 1504
28945 + 1500
28945 + 68
28946 # 1504
28946 - 1500 1
28947 # 1504
28947 - 68 2
28948 # 1504
28949 # 1504
28950 # 1504
28950 + 1500
28950 + 68
28951 # 1504
28951 - 1500 1
28952 # 1504
28952 - 68 2
28953 # 1504
28954 # 1504
28955 # 1504
28955 + 1500
28955 + 68
28956 # 1504
28956 - 1500 1
28957 # 1504
28957 - 68 2
28958 # 1504
28959 # 1504
28960 # 1504
28960 + 1500
28960 + 68
28961 # 1504
28961 - 1500 1
28962 # 1504
28962 - 68 2
28963 # 1504
28964 # 1504
28965 # 1504
28965 + 1500
28965 + 68
28966 # 1504
28966 - 1500 1
28967 # 1504
28967 - 68 2
28968 # 1504
28969 # 1504
28969 + 1500
28969 + 68
28970 # 1504
28970 - 1500 1
28971 # 1504
28971 - 68 2
28972 # 1504
28973 # 1504
28974 # 1504
28974 + 1500
28974 + 68
28975 # 1504
28975 - 1500 1
28976 # 1504
28976 - 68 2
28977 # 1504
28978 # 1504
28979 # 1504
28979 + 1500
28979 + 68
28980 # 1504
28980 - 1500 1
28981 # 1504
28981 - 68 2
28982 # 1504
28982 + 1500
28982 + 68
28983 # 1504
28983 - 1500 1
28984 # 1504
28984 - 68 2
28985 # 1504
28985 + 1500
28985 + 68
28986 # 1504
28986 - 1500 1
28987 # 1504
28987 - 68 2
28988 # 1504
28989 # 1504
28989 + 1500
28989 + 68
28990 # 1504
28990 - 1500 1
28991 # 1504
28991 - 68 2
28992 # 1504
28993 # 1504
28994 # 1504
28994 + 1500
28994 + 68
28995 # 1504
28995 - 1500 1
28996 # 1504
28996 - 68 2
28997 # 1504
28998 # 1504
28999 # 1504
28999 + 1500
28999 + 68
29000 # 1504
29000 - 1500 1
29001 # 1504
29001 - 68 2
29002 # 1504
29003 # 1504
29004 # 1504
29004 + 1500
29004 + 68
29005 # 1504
29005 - 1500 1
29006 # 1504
29006 - 68 2
29007 # 1504
29008 # 1504
29009 # 1504
29009 + 1500
29009 + 68
29010 # 1504
29010 - 1500 1
29011 # 1504
29011 - 68 2
29012 # 1504
29013 # 1504
29013 + 1500
29013 + 68
29014 # 1504
29014 - 1500 1
29015 # 1504
29015 - 68 2
29016 # 1504
29017 # 1504
29018 # 1504
29018 + 1500
29018 + 68
29019 # 1504
29019 - 1500 1
29020 # 1504
29020 - 68 2
29021 # 1504
29022 # 1504
29023 # 1504
29023 + 1500
29023 + 68
29024 # 1504
29024 - 1500 1
29025 # 1504
29025 - 68 2
29026 # 1504
29027 # 1504
29028 # 1504
29028 + 1500
29028 + 68
29029 # 1504
29029 - 1500 1
29030 # 1504
29030 - 68 2
29031 # 1504
29032 # 1504
29033 # 1504
29033 + 1500
29033 + 68
29034 # 1504
29034 - 1500 1
29035 # 1504
29035 - 68 2
29036 # 1504
29037 # 1504
29037 + 1500
29037 + 68
29038 # 1504
29038 - 1500 1
29039 # 1504
29039 - 68 2
29040 # 1504
29041 # 1504
29042 # 1504
29042 + 1500
29042 + 68
29043 # 1504
29043 - 1500 1
29044 # 1504
29044 - 68 2
29045 # 1504
29046 # 1504
29047 # 1504
29047 + 1500
29047 + 68
29048 # 1504
29048 - 1500 1
29049 # 1504
29049 - 68 2
29050 # 1504
29051 # 1504
29052 # 1504
29052 + 1500
29052 + 68
29053 # 1504
29053 - 1500 1
29054 # 1504
29054 - 68 2
29055 # 1504
29056 # 1504
29057 # 1504
29057 + 1500
29057 + 68
29058 # 1504
29058 - 1500 1
29059 # 1504
29059 - 68 2
29060 # 1504
29061 # 1504
29061 + 1500
29061 + 68
29062 # 1504
29062 - 1500 1
29063 # 1504
29063 - 68 2
29064 # 1504
29065 # 1504
29066 # 1504
29066 + 1500
29066 + 68
29067 # 1504
29067 - 1500 1
29068 # 1504
29068 - 68 2
29069 # 1504
29070 # 1504
29071 # 1504
29071 + 1500
29071 + 68
29072 # 1504
29072 - 1500 1
29073 # 1504
29073 - 68 2
29074 # 1504
29075 # 1504
29076 # 1504
29076 + 1500
29076 + 68
29077 # 1504
29077 - 1500 1
29078 # 1504
29078 - 68 2
29079 # 1504
29080 # 1504
29081 # 1504
29081 + 1500
29081 + 68
29082 # 1504
29082 - 1500 1
29083 # 1504
29083 - 68 2
29084 # 1504
29085 # 1504
29085 + 1500
29085 + 68
29086 # 1504
29086 - 1500 1
29087 # 1504
29087 - 68 2
29088 # 1504
29089 # 1504
29090 # 1504
29090 + 1500
29090 + 68
29091 # 1504
29091 - 1500 1
29092 # 1504
29092 - 68 2
29093 # 1504
29094 # 1504
29095 # 1504
29095 + 1500
29095 + 68
29096 # 1504
29096 - 1500 1
29097 # 1504
29097 - 68 2
29098 # 1504
29099 # 1504
29100 # 1504
29100 + 1500
29100 + 68
29101 # 1504
29101 - 1500 1
29102 # 1504
29102 - 68 2
29103 # 1504
29104 # 1504
29105 # 1504
29105 + 1500
29105 + 68
29106 # 1504
29106 - 1500 1
29107 # 1504
29107 - 68 2
29108 # 1504
29109 # 1504
29109 + 1500
29109 + 68
29110 # 1504
29110 - 1500 1
29111 # 1504
29111 - 68 2
29112 # 1504
29113 # 1504
29114 # 1504
29114 + 1500
29114 + 68
29115 # 1504
29115 - 1500 1
29116 # 1504
29116 - 68 2
29117 # 1504
29118 # 1504
29119 # 1504
29119 + 1500
29119 + 68
29120 # 1504
29120 - 1500 1
29121 # 1504
29121 - 68 2
29122 # 1504
29123 # 1504
29124 # 1504
29124 + 1500
29124 + 68
29125 # 1504
29125 - 1500 1
29126 # 1504
29126 - 68 2
29127 # 1504
29128 # 1504
29128 + 52
29128 + 1500
29128 + 68
29129 # 1504
29129 - 52 1
29130 # 1504
29130 - 1500 2
29130 - 68 2
29131 # 1504
29131 + 1500
29131 + 68
29132 # 1504
29132 - 1500 1
29133 # 1504
29133 - 68 2
29134 # 1504
29134 + 1500
29134 + 68
29135 # 1504
29135 - 1500 1
29136 # 1504
29136 - 68 2
29137 # 1504
29138 # 1504
29139 # 1504
29139 + 1500
29139 + 68
29140 # 1504
29140 - 1500 1
29141 # 1504
29141 - 68 2
29142 # 1504
29143 # 1504
29144 # 1504
29144 + 1500
29144 + 68
29145 # 1504
29145 - 1500 1
29146 # 1504
29146 - 68 2
29147 # 1504
29148 # 1504
29149 # 1504
29149 + 1500
29149 + 68
29150 # 1504
29150 - 1500 1
29151 # 1504
29151 - 68 2
29152 # 1504
29153 # 1504
29153 + 1500
29153 + 68
29154 # 1504
29154 - 1500 1
29155 # 1504
29155 - 68 2
29156 # 1504
29157 # 1504
29158 # 1504
29158 + 1500
29158 + 68
29159 # 1504
29159 - 1500 1
29160 # 1504
29160 - 68 2
29161 # 1504
29162 # 1504
29163 # 1504
29163 + 1500
29163 + 68
29164 # 1504
29164 - 1500 1
29165 # 1504
29165 - 68 2
29166 # 1504
29167 # 1504
29168 # 1504
29168 + 1500
29168 + 68
29169 # 1504
29169 - 1500 1
29170 # 1504
29170 - 68 2
29171 # 1504
29172 # 1504
29173 # 1504
29173 + 1500
29173 + 68
29174 # 1504
29174 - 1500 1
29175 # 1504
29175 - 68 2
29176 # 1504
29177 # 1504
29177 + 1500
29177 + 68
29178 # 1504
29178 - 1500 1
29179 # 1504
29179 - 68 2
29180 # 1504
29181 # 1504
29182 # 1504
29182 + 1500
29182 + 68
29183 # 1504
29183 - 1500 1
29184 # 1504
29184 - 68 2
29185 # 1504
29186 # 1504
29187 # 1504
29187 + 1500
29187 + 68
29188 # 1504
29188 - 1500 1
29189 # 1504
29189 - 68 2
29190 # 1504
29191 # 1504
29192 # 1504
29192 + 1500
29192 + 68
29193 # 1504
29193 - 1500 1
29194 # 1504
29194 - 68 2
29195 # 1504
29196 # 1504
29196 + 1500
29196 + 68
29197 # 1504
29197 - 1500 1
29198 # 1504
29198 - 68 2
29199 # 1504
29199 + 1500
29199 + 68
29200 # 1504
29200 - 1500 1
29201 # 1504
29201 - 68 2
29202 # 1504
29202 + 1500
29202 + 68
29203 # 1504
29203 - 1500 1
29204 # 1504
29204 - 68 2
29205 # 1504
29206 # 1504
29207 # 1504
29207 + 1500
29207 + 68
29208 # 1504
29208 - 1500 1
29209 # 1504
29209 - 68 2
29210 # 1504
29211 # 1504
29212 # 1504
29212 + 1500
29212 + 68
29213 # 1504
29213 - 1500 1
29214 # 1504
29214 - 68 2
29215 # 1504
29216 # 1504
29217 # 1504
29217 + 1500
29217 + 68
29218 # 1504
29218 - 1500 1
29219 # 1504
29219 - 68 2
29220 # 1504
29221 # 1504
29221 + 1500
29221 + 68
29222 # 1504
29222 - 1500 1
29223 # 1504
29223 - 68 2
29224 # 1504
29224 + 1500
29224 + 68
29225 # 1504
29225 - 1500 1
29226 # 1504
29226 - 68 2
29227 # 1504
29227 + 1500
29227 + 68
29228 # 1504
29228 - 1500 1
29229 # 1504
29229 - 68 2
29230 # 1504
29230 + 1500
29230 + 68
29231 # 1504
29231 - 1500 1
29232 # 1504
29232 - 68 2
29233 # 1504
29234 # 1504
29235 # 1504
29235 + 1500
29235 + 68
29236 # 1504
29236 - 1500 1
29237 # 1504
29237 - 68 2
29238 # 1504
29239 # 1504
29240 # 1504
29240 + 1500
29240 + 68
29241 # 1504
29241 - 1500 1
29242 # 1504
29242 - 68 2
29243 # 1504
29244 # 1504
29244 + 1500
29244 + 68
29245 # 1504
29245 - 1500 1
29246 # 1504
29246 - 68 2
29247 # 1504
29248 # 1504
29249 # 1504
29249 + 1500
29249 + 68
29250 # 1504
29250 - 1500 1
29251 # 1504
29251 - 68 2
29252 # 1504
29253 # 1504
29254 # 1504
29254 + 1500
29254 + 68
29255 # 1504
29255 - 1500 1
29256 # 1504
29256 - 68 2
29257 # 1504
29258 # 1504
29259 # 1504
29259 + 1500
29259 + 68
29260 # 1504
29260 - 1500 1
29261 # 1504
29261 - 68 2
29262 # 1504
29263 # 1504
29263 + 1500
29263 + 68
29264 # 1504
29264 - 1500 1
29265 # 1504
29265 - 68 2
29266 # 1504
29267 # 1504
29268 # 1504
29268 + 1500
29268 + 68
29269 # 1504
29269 - 1500 1
29270 # 1504
29270 - 68 2
29271 # 1504
29272 # 1504
29273 # 1504
29273 + 1500
29273 + 68
29274 # 1504
29274 - 1500 1
29275 # 1504
29275 - 68 2
29276 # 1504
29277 # 1504
29278 # 1504
29278 + 1500
29278 + 68
29279 # 1504
29279 - 1500 1
29280 # 1504
29280 - 68 2
29281 # 1504
29282 # 1504
29283 # 1504
29283 + 1500
29283 + 68
29284 # 1504
29284 - 1500 1
29285 # 1504
29285 - 68 2
29286 # 1504
29287 # 1504
29287 + 1500
29287 + 68
29288 # 1504
29288 - 1500 1
29289 # 1504
29289 - 68 2
29290 # 1504
29290 + 1500
29290 + 68
29291 # 1504
29291 - 1500 1
29292 # 1504
29292 - 68 2
29293 # 1504
29293 + 1500
29293 + 68
29294 # 1504
29294 - 1500 1
29295 # 1504
29295 - 68 2
29296 # 1504
29297 # 1504
29298 # 1504
29298 + 1500
29298 + 68
29299 # 1504
29299 - 1500 1
29300 # 1504
29300 - 68 2
29301 # 1504
29302 # 1504
29303 # 1504
29303 + 1500
29303 + 68
29304 # 1504
29304 - 1500 1
29305 # 1504
29305 - 68 2
29306 # 1504
29307 # 1504
29308 # 1504
29308 + 1500
29308 + 68
29309 # 1504
29309 - 1500 1
29310 # 1504
29310 - 68 2
29311 # 1504
29312 # 1504
29312 + 1500
29312 + 68
29313 # 1504
29313 - 1500 1
29314 # 1504
29314 - 68 2
29315 # 1504
29316 # 1504
29317 # 1504
29317 + 1500
29317 + 68
29318 # 1504
29318 - 1500 1
29319 # 1504
29319 - 68 2
29320 # 1504
29321 # 1504
29322 # 1504
29322 + 1500
29322 + 68
29323 # 1504
29323 - 1500 1
29324 # 1504
29324 - 68 2
29325 # 1504
29326 # 1504
29327 # 1504
29327 + 1500
29327 + 68
29328 # 1504
29328 - 1500 1
29329 # 1504
29329 - 68 2
29330 # 1504
29331 # 1504
29331 + 1500
29331 + 68
29332 # 1504
29332 - 1500 1
29333 # 1504
29333 - 68 2
29334 # 1504
29334 + 1500
29334 + 68
29335 # 1504
29335 - 1500 1
29336 # 1504
29336 - 68 2
29337 # 1504
29337 + 1500
29337 + 68
29338 # 1504
29338 - 1500 1
29339 # 1504
29339 - 68 2
29340 # 1504
29341 # 1504
29342 # 1504
29342 + 1500
29342 + 68
29343 # 1504
29343 - 1500 1
29344 # 1504
29344 - 68 2
29345 # 1504
29346 # 1504
29347 # 1504
29347 + 1500
29347 + 68
29348 # 1504
29348 - 1500 1
29349 # 1504
29349 - 68 2
29350 # 1504
29351 # 1504
29352 # 1504
29352 + 1500
29352 + 68
29353 # 1504
29353 - 1500 1
29354 # 1504
29354 - 68 2
29355 # 1504
29356 # 1504
29356 + 1500
29356 + 68
29357 # 1504
29357 - 1500 1
29358 # 1504
29358 - 68 2
29359 # 1504
29360 # 1504
29361 # 1504
29361 + 1500
29361 + 68
29362 # 1504
29362 - 1500 1
29363 # 1504
29363 - 68 2
29364 # 1504
29365 # 1504
29366 # 1504
29366 + 1500
29366 + 68
29367 # 1504
29367 - 1500 1
29368 # 1504
29368 - 68 2
29369 # 1504
29370 # 1504
29371 # 1504
29371 + 1500
29371 + 68
29372 # 1504
29372 - 1500 1
29373 # 1504
29373 - 68 2
29374 # 1504
29375 # 1504
29375 + 1500
29375 + 68
29376 # 1504
29376 - 1500 1
29377 # 1504
29377 - 68 2
29378 # 1504
29378 + 1500
29378 + 68
29379 # 1504
29379 - 1500 1
29380 # 1504
29380 - 68 2
29380 + 1500
29380 + 68
29381 # 1504
29381 - 1500 1
29382 # 1504
29382 - 68 2
29383 # 1504
29383 + 1500
29383 + 68
29384 # 1504
29384 - 1500 1
29385 # 1504
29385 - 68 2
29386 # 1504
29387 # 1504
29388 # 1504
29388 + 1500
29388 + 68
29389 # 1504
29389 - 1500 1
29390 # 1504
29390 - 68 2
29391 # 1504
29392 # 1504
29392 + 1500
29392 + 68
29393 # 1504
29393 - 1500 1
29394 # 1504
29394 - 68 2
29395 # 1504
29395 + 1500
29395 + 68
29396 # 1504
29396 - 1500 1
29397 # 1504
29397 - 68 2
29397 + 1500
29397 + 68
29398 # 1504
29398 - 1500 1
29399 # 1504
29399 - 68 2
29399 + 1500
29399 + 68
29400 # 1504
29400 - 1500 1
29401 # 1504
29401 - 68 2
29402 # 1504
29403 # 1504
29404 # 1504
29404 + 1500
29404 + 68
29405 # 1504
29405 - 1500 1
29406 # 1504
29406 - 68 2
29407 # 1504
29408 # 1504
29409 # 1504
29410 # 1504
29410 + 1500
29410 + 68
29411 # 1504
29411 - 1500 1
29412 # 1504
29412 - 68 2
29413 # 1504
29413 + 1500
29413 + 68
29414 # 1504
29414 - 1500 1
29414 + 1500
29414 + 68
29415 # 1504
29415 - 68 2
29416 # 1504
29416 - 1500 2
29416 - 68 2
29417 # 1504
29417 + 1500
29417 + 68
29418 # 1504
29418 - 1500 1
29419 # 1504
29419 - 68 2
29420 # 1504
29420 + 1500
29420 + 68
29421 # 1504
29421 - 1500 1
29422 # 1504
29422 - 68 2
29423 # 1504
29424 # 1504
29425 # 1504
29426 # 1504
29426 + 1500
29426 + 68
29427 # 1504
29427 - 1500 1
29428 # 1504
29428 - 68 2
29429 # 1504
29430 # 1504
29430 + 1500
29430 + 68
29431 # 1504
29431 - 1500 1
29432 # 1504
29432 - 68 2
29433 # 1504
29434 # 1504
29435 # 1504
29435 + 1500
29435 + 68
29436 # 1504
29436 - 1500 1
29437 # 1504
29437 - 68 2
29438 # 1504
29439 # 1504
29439 + 1500
29439 + 68
29440 # 1504
29440 - 1500 1
29441 # 1504
29441 - 68 2
29442 # 1504
29443 # 1504
29444 # 1504
29444 + 1500
29444 + 68
29445 # 1504
29445 - 1500 1
29446 # 1504
29446 - 68 2
29447 # 1504
29448 # 1504
29449 # 1504
29449 + 1500
29449 + 68
29450 # 1504
29450 - 1500 1
29451 # 1504
29451 - 68 2
29452 # 1504
29453 # 1504
29454 # 1504
29454 + 1500
29454 + 68
29455 # 1504
29455 - 1500 1
29456 # 1504
29456 - 68 2
29457 # 1504
29458 # 1504
29458 + 1500
29458 + 68
29459 # 1504
29459 - 1500 1
29460 # 1504
29460 - 68 2
29461 # 1504
29461 + 1500
29461 + 68
29462 # 1504
29462 - 1500 1
29463 # 1504
29463 - 68 2
29464 # 1504
29464 + 1500
29464 + 68
29465 # 1504
29465 - 1500 1
29466 # 1504
29466 - 68 2
29467 # 1504
29468 # 1504
29469 # 1504
29469 + 1500
29469 + 68
29470 # 1504
29470 - 1500 1
29471 # 1504
29471 - 68 2
29472 # 1504
29473 # 1504
29474 # 1504
29474 + 1500
29474 + 68
29475 # 1504
29475 - 1500 1
29476 # 1504
29476 - 68 2
29477 # 1504
29478 # 1504
29478 + 1500
29478 + 68
29479 # 1504
29479 - 1500 1
29480 # 1504
29480 - 68 2
29481 # 1504
29482 # 1504
29482 + 1500
29482 + 68
29483 # 1504
29483 - 1500 1
29484 # 1504
29484 - 68 2
29484 + 1500
29484 + 68
29485 # 1504
29485 - 1500 1
29486 # 1504
29486 - 68 2
29487 # 1504
29488 # 1504
29489 # 1504
29489 + 1500
29489 + 68
29490 # 1504
29490 - 1500 1
29491 # 1504
29491 - 68 2
29492 # 1504
29493 # 1504
29494 # 1504
29494 + 1500
29494 + 68
29495 # 1504
29495 - 1500 1
29496 # 1504
29496 - 68 2
29497 # 1504
29498 # 1504
29499 # 1504
29499 + 1500
29499 + 68
29500 # 1504
29500 - 1500 1
29501 # 1504
29501 - 68 2
29502 # 1504
29503 # 1504
29503 + 1500
29503 + 68
29504 # 1504
29504 - 1500 1
29505 # 1504
29505 - 68 2
29506 # 1504
29507 # 1504
29508 # 1504
29508 + 1500
29508 + 68
29509 # 1504
29509 - 1500 1
29510 # 1504
29510 - 68 2
29511 # 1504
29512 # 1504
29513 # 1504
29513 + 1500
29513 + 68
29514 # 1504
29514 - 1500 1
29515 # 1504
29515 - 68 2
29516 # 1504
29517 # 1504
29518 # 1504
29518 + 1500
29518 + 68
29519 # 1504
29519 - 1500 1
29520 # 1504
29520 - 68 2
29521 # 1504
29522 # 1504
29523 # 1504
29523 + 1500
29523 + 68
29524 # 1504
29524 - 1500 1
29525 # 1504
29525 - 68 2
29526 # 1504
29527 # 1504
29527 + 1500
29527 + 68
29528 # 1504
29528 - 1500 1
29529 # 1504
29529 - 68 2
29530 # 1504
29531 # 1504
29532 # 1504
29532 + 1500
29532 + 68
29533 # 1504
29533 - 1500 1
29534 # 1504
29534 - 68 2
29535 # 1504
29536 # 1504
29537 # 1504
29537 + 1500
29537 + 68
29538 # 1504
29538 - 1500 1
29539 # 1504
29539 - 68 2
29540 # 1504
29541 # 1504
29542 # 1504
29542 + 1500
29542 + 68
29543 # 1504
29543 - 1500 1
29544 # 1504
29544 - 68 2
29545 # 1504
29546 # 1504
29547 # 1504
29547 + 1500
29547 + 68
29548 # 1504
29548 - 1500 1
29549 # 1504
29549 - 68 2
29550 # 1504
29551 # 1504
29551 + 1500
29551 + 68
29552 # 1504
29552 - 1500 1
29553 # 1504
29553 - 68 2
29554 # 1504
29555 # 1504
29556 # 1504
29556 + 1500
29556 + 68
29557 # 1504
29557 - 1500 1
29558 # 1504
29558 - 68 2
29559 # 1504
29560 # 1504
29561 # 1504
29561 + 1500
29561 + 68
29562 # 1504
29562 - 1500 1
29563 # 1504
29563 - 68 2
29564 # 1504
29565 # 1504
29566 # 1504
29566 + 1500
29566 + 68
29567 # 1504
29567 - 1500 1
29568 # 1504
29568 - 68 2
29569 # 1504
29570 # 1504
29570 + 1500
29570 + 68
29571 # 1504
29571 - 1500 1
29572 # 1504
29572 - 68 2
29573 # 1504
29574 # 1504
29575 # 1504
29575 + 1500
29575 + 68
29576 # 1504
29576 - 1500 1
29577 # 1504
29577 - 68 2
29578 # 1504
29579 # 1504
29580 # 1504
29580 + 1500
29580 + 68
29581 # 1504
29581 - 1500 1
29582 # 1504
29582 - 68 2
29583 # 1504
29584 # 1504
29585 # 1504
29585 + 1500
29585 + 68
29586 # 1504
29586 - 1500 1
29587 # 1504
29587 - 68 2
29588 # 1504
29589 # 1504
29590 # 1504
29590 + 1500
29590 + 68
29591 # 1504
29591 - 1500 1
29592 # 1504
29592 - 68 2
29593 # 1504
29594 # 1504
29595 # 1504
29595 + 1500
29595 + 68
29596 # 1504
29596 - 1500 1
29597 # 1504
29597 - 68 2
29598 # 1504
29599 # 1504
29599 + 1500
29599 + 68
29600 # 1504
29600 - 1500 1
29601 # 1504
29601 - 68 2
29602 # 1504
29603 # 1504
29604 # 1504
29604 + 1500
29604 + 68
29605 # 1504
29605 - 1500 1
29606 # 1504
29606 - 68 2
29607 # 1504
29608 # 1504
29609 # 1504
29609 + 1500
29609 + 68
29610 # 1504
29610 - 1500 1
29611 # 1504
29611 - 68 2
29612 # 1504
29613 # 1504
29614 # 1504
29614 + 1500
29614 + 68
29615 # 1504
29615 - 1500 1
29616 # 1504
29616 - 68 2
29617 # 1504
29618 # 1504
29619 # 1504
29619 + 1500
29619 + 68
29620 # 1504
29620 - 1500 1
29621 # 1504
29621 - 68 2
29622 # 1504
29623 # 1504
29623 + 1500
29623 + 68
29624 # 1504
29624 - 1500 1
29625 # 1504
29625 - 68 2
29626 # 1504
29626 + 1500
29626 + 68
29627 # 1504
29627 - 1500 1
29628 # 1504
29628 - 68 2
29629 # 1504
29629 + 1500
29629 + 68
29630 # 1504
29630 - 1500 1
29631 # 1504
29631 - 68 2
29632 # 1504
29633 # 1504
29634 # 1504
29634 + 1500
29634 + 68
29635 # 1504
29635 - 1500 1
29636 # 1504
29636 - 68 2
29637 # 1504
29638 # 1504
29639 # 1504
29639 + 1500
29639 + 68
29640 # 1504
29640 - 1500 1
29641 # 1504
29641 - 68 2
29642 # 1504
29643 # 1504
29643 + 1500
29643 + 68
29644 # 1504
29644 - 1500 1
29645 # 1504
29645 - 68 2
29646 # 1504
29647 # 1504
29648 # 1504
29648 + 1500
29648 + 68
29649 # 1504
29649 - 1500 1
29650 # 1504
29650 - 68 2
29651 # 1504
29652 # 1504
29653 # 1504
29653 + 1500
29653 + 68
29654 # 1504
29654 - 1500 1
29655 # 1504
29655 - 68 2
29656 # 1504
29657 # 1504
29658 # 1504
29658 + 1500
29658 + 68
29659 # 1504
29659 - 1500 1
29660 # 1504
29660 - 68 2
29661 # 1504
29662 # 1504
29663 # 1504
29663 + 1500
29663 + 68
29664 # 1504
29664 - 1500 1
29665 # 1504
29665 - 68 2
29666 # 1504
29667 # 1504
29667 + 1500
29667 + 68
29668 # 1504
29668 - 1500 1
29669 # 1504
29669 - 68 2
29670 # 1504
29670 + 1500
29670 + 68
29671 # 1504
29671 - 1500 1
29672 # 1504
29672 - 68 2
29673 # 1504
29673 + 1500
29673 + 68
29674 # 1504
29674 - 1500 1
29675 # 1504
29675 - 68 2
29676 # 1504
29677 # 1504
29678 # 1504
29678 + 1500
29678 + 68
29679 # 1504
29679 - 1500 1
29680 # 1504
29680 - 68 2
29681 # 1504
29682 # 1504
29683 # 1504
29683 + 1500
29683 + 68
29684 # 1504
29684 - 1500 1
29685 # 1504
29685 - 68 2
29686 # 1504
29687 # 1504
29687 + 1500
29687 + 68
29688 # 1504
29688 - 1500 1
29689 # 1504
29689 - 68 2
29690 # 1504
29691 # 1504
29692 # 1504
29692 + 1500
29692 + 68
29693 # 1504
29693 - 1500 1
29694 # 1504
29694 - 68 2
29695 # 1504
29696 # 1504
29697 # 1504
29697 + 1500
29697 + 68
29698 # 1504
29698 - 1500 1
29699 # 1504
29699 - 68 2
29700 # 1504
29701 # 1504
29702 # 1504
29702 + 1500
29702 + 68
29703 # 1504
29703 - 1500 1
29704 # 1504
29704 - 68 2
29705 # 1504
29705 + 1500
29705 + 68
29706 # 1504
29706 - 1500 1
29707 # 1504
29707 - 68 2
29707 + 1500
29707 + 68
29708 # 1504
29708 - 1500 1
29709 # 1504
29709 - 68 2
29710 # 1504
29711 # 1504
29712 # 1504
29712 + 1500
29712 + 68
29713 # 1504
29713 - 1500 1
29714 # 1504
29714 - 68 2
29715 # 1504
29716 # 1504
29717 # 1504
29717 + 1500
29717 + 68
29718 # 1504
29718 - 1500 1
29719 # 1504
29719 - 68 2
29720 # 1504
29721 # 1504
29722 # 1504
29723 # 1504
29723 + 1500
29723 + 68
29724 # 1504
29724 - 1500 1
29725 # 1504
29725 - 68 2
29726 # 1504
29727 # 1504
29727 + 1500
29727 + 68
29728 # 1504
29728 - 1500 1
29729 # 1504
29729 - 68 2
29730 # 1504
29731 # 1504
29731 + 1500
29731 + 68
29732 # 1504
29732 - 1500 1
29733 # 1504
29733 - 68 2
29734 # 1504
29734 + 1500
29734 + 68
29735 # 1504
29735 - 1500 1
29736 # 1504
29736 - 68 2
29737 # 1504
29737 + 1500
29737 + 68
29738 # 1504
29738 - 1500 1
29739 # 1504
29739 - 68 2
29740 # 1504
29741 # 1504
29742 # 1504
29743 # 1504
29743 + 1500
29743 + 68
29744 # 1504
29744 - 1500 1
29745 # 1504
29745 - 68 2
29746 # 1504
29747 # 1504
29747 + 1500
29747 + 68
29748 # 1504
29748 - 1500 1
29749 # 1504
29749 - 68 2
29750 # 1504
29751 # 1504
29752 # 1504
29752 + 1500
29752 + 68
29753 # 1504
29753 - 1500 1
29754 # 1504
29754 - 68 2
29755 # 1504
29756 # 1504
29756 + 1500
29756 + 68
29757 # 1504
29757 - 1500 1
29758 # 1504
29758 - 68 2
29759 # 1504
29760 # 1504
29761 # 1504
29761 + 1500
29761 + 68
29762 # 1504
29762 - 1500 1
29763 # 1504
29763 - 68 2
29764 # 1504
29765 # 1504
29766 # 1504
29766 + 1500
29766 + 68
29767 # 1504
29767 - 1500 1
29768 # 1504
29768 - 68 2
29769 # 1504
29770 # 1504
29771 # 1504
29771 + 1500
29771 + 68
29772 # 1504
29772 - 1500 1
29773 # 1504
29773 - 68 2
29774 # 1504
29775 # 1504
29776 # 1504
29776 + 1500
29776 + 68
29777 # 1504
29777 - 1500 1
29778 # 1504
29778 - 68 2
29779 # 1504
29780 # 1504
29781 # 1504
29781 + 1500
29781 + 68
29782 # 1504
29782 - 1500 1
29783 # 1504
29783 - 68 2
29784 # 1504
29785 # 1504
29785 + 1500
29785 + 68
29786 # 1504
29786 - 1500 1
29787 # 1504
29787 - 68 2
29788 # 1504
29789 # 1504
29790 # 1504
29790 + 1500
29790 + 68
29791 # 1504
29791 - 1500 1
29792 # 1504
29792 - 68 2
29793 # 1504
29794 # 1504
29795 # 1504
29795 + 1500
29795 + 68
29796 # 1504
29796 - 1500 1
29797 # 1504
29797 - 68 2
29798 # 1504
29799 # 1504
29799 + 1500
29799 + 68
29800 # 1504
29800 - 1500 1
29801 # 1504
29801 - 68 2
29802 # 1504
29803 # 1504
29804 # 1504
29804 + 1500
29804 + 68
29805 # 1504
29805 - 1500 1
29806 # 1504
29806 - 68 2
29807 # 1504
29808 # 1504
29809 # 1504
29809 + 1500
29809 + 68
29810 # 1504
29810 - 1500 1
29811 # 1504
29811 - 68 2
29812 # 1504
29813 # 1504
29814 # 1504
29814 + 1500
29814 + 68
29815 # 1504
29815 - 1500 1
29816 # 1504
29816 - 68 2
29817 # 1504
29818 # 1504
29819 # 1504
29819 + 1500
29819 + 68
29820 # 1504
29820 - 1500 1
29821 # 1504
29821 - 68 2
29822 # 1504
29823 # 1504
29823 + 1500
29823 + 68
29824 # 1504
29824 - 1500 1
29825 # 1504
29825 - 68 2
29826 # 1504
29826 + 1500
29826 + 68
29827 # 1504
29827 - 1500 1
29828 # 1504
29828 - 68 2
29829 # 1504
29829 + 1500
29829 + 68
29830 # 1504
29830 - 1500 1
29831 # 1504
29831 - 68 2
29832 # 1504
29833 # 1504
29834 # 1504
29834 + 1500
29834 + 68
29835 # 1504
29835 - 1500 1
29836 # 1504
29836 - 68 2
29837 # 1504
29838 # 1504
29839 # 1504
29839 + 1500
29839 + 68
29840 # 1504
29840 - 1500 1
29841 # 1504
29841 - 68 2
29842 # 1504
29843 # 1504
29844 # 1504
29844 + 1500
29844 + 68
29845 # 1504
29845 - 1500 1
29846 # 1504
29846 - 68 2
29847 # 1504
29848 # 1504
29849 # 1504
29849 + 1500
29849 + 68
29850 # 1504
29850 - 1500 1
29851 # 1504
29851 - 68 2
29852 # 1504
29853 # 1504
29853 + 1500
29853 + 68
29854 # 1504
29854 - 1500 1
29855 # 1504
29855 - 68 2
29856 # 1504
29857 # 1504
29858 # 1504
29858 + 1500
29858 + 68
29859 # 1504
29859 - 1500 1
29860 # 1504
29860 - 68 2
29861 # 1504
29862 # 1504
29863 # 1504
29863 + 1500
29863 + 68
29864 # 1504
29864 - 1500 1
29865 # 1504
29865 - 68 2
29866 # 1504
29867 # 1504
29868 # 1504
29868 + 1500
29868 + 68
29869 # 1504
29869 - 1500 1
29870 # 1504
29870 - 68 2
29871 # 1504
29872 # 1504
29872 + 1500
29872 + 68
29873 # 1504
29873 - 1500 1
29874 # 1504
29874 - 68 2
29875 # 1504
29876 # 1504
29877 # 1504
29877 + 1500
29877 + 68
29878 # 1504
29878 - 1500 1
29879 # 1504
29879 - 68 2
29880 # 1504
29881 # 1504
29882 # 1504
29882 + 1500
29882 + 68
29883 # 1504
29883 - 1500 1
29884 # 1504
29884 - 68 2
29885 # 1504
29886 # 1504
29887 # 1504
29887 + 1500
29887 + 68
29888 # 1504
29888 - 1500 1
29889 # 1504
29889 - 68 2
29890 # 1504
29891 # 1504
29892 # 1504
29892 + 1500
29892 + 68
29893 # 1504
29893 - 1500 1
29894 # 1504
29894 - 68 2
29895 # 1504
29896 # 1504
29896 + 1500
29896 + 68
29897 # 1504
29897 - 1500 1
29898 # 1504
29898 - 68 2
29899 # 1504
29900 # 1504
29901 # 1504
29901 + 1500
29901 + 68
29902 # 1504
29902 - 1500 1
29903 # 1504
29903 - 68 2
29904 # 1504
29905 # 1504
29906 # 1504
29906 + 1500
29906 + 68
29907 # 1504
29907 - 1500 1
29908 # 1504
29908 - 68 2
29909 # 1504
29910 # 1504
29911 # 1504
29911 + 1500
29911 + 68
29912 # 1504
29912 - 1500 1
29913 # 1504
29913 - 68 2
29914 # 1504
29915 # 1504
29916 # 1504
29916 + 1500
29916 + 68
29917 # 1504
29917 - 1500 1
29918 # 1504
29918 - 68 2
29919 # 1504
29920 # 1504
29920 + 1500
29920 + 68
29921 # 1504
29921 - 1500 1
29922 # 1504
29922 - 68 2
29923 # 1504
29924 # 1504
29925 # 1504
29925 + 1500
29925 + 68
29926 # 1504
29926 - 1500 1
29927 # 1504
29927 - 68 2
29928 # 1504
29929 # 1504
29930 # 1504
29930 + 1500
29930 + 68
29931 # 1504
29931 - 1500 1
29932 # 1504
29932 - 68 2
29933 # 1504
29934 # 1504
29935 # 1504
29935 + 1500
29935 + 68
29936 # 1504
29936 - 1500 1
29937 # 1504
29937 - 68 2
29938 # 1504
29939 # 1504
29939 + 1500
29939 + 68
29940 # 1504
29940 - 1500 1
29941 # 1504
29941 - 68 2
29942 # 1504
29943 # 1504
29944 # 1504
29944 + 1500
29944 + 68
29945 # 1504
29945 - 1500 1
29946 # 1504
29946 - 68 2
29947 # 1504
29948 # 1504
29949 # 1504
29949 + 1500
29949 + 68
29950 # 1504
29950 - 1500 1
29951 # 1504
29951 - 68 2
29952 # 1504
29953 # 1504
29954 # 1504
29954 + 1500
29954 + 68
29955 # 1504
29955 - 1500 1
29956 # 1504
29956 - 68 2
29957 # 1504
29958 # 1504
29959 # 1504
29959 + 1500
29959 + 68
29960 # 1504
29960 - 1500 1
29961 # 1504
29961 - 68 2
29962 # 1504
29963 # 1504
29963 + 1500
29963 + 68
29964 # 1504
29964 - 1500 1
29965 # 1504
29965 - 68 2
29966 # 1504
29967 # 1504
29968 # 1504
29968 + 1500
29968 + 68
29969 # 1504
29969 - 1500 1
29970 # 1504
29970 - 68 2
29971 # 1504
29972 # 1504
29973 # 1504
29973 + 1500
29973 + 68
29974 # 1504
29974 - 1500 1
29975 # 1504
29975 - 68 2
29976 # 1504
29977 # 1504
29978 # 1504
29978 + 1500
29978 + 68
29979 # 1504
29979 - 1500 1
29980 # 1504
29980 - 68 2
29981 # 1504
29982 # 1504
29983 # 1504
29983 + 1500
29983 + 68
29984 # 1504
29984 - 1500 1
29985 # 1504
29985 - 68 2
29986 # 1504
29987 # 1504
29987 + 1500
29987 + 68
29988 # 1504
29988 - 1500 1
29989 # 1504
29989 - 68 2
29990 # 1504
29990 + 1500
29990 + 68
29991 # 1504
29991 - 1500 1
29992 # 1504
29992 - 68 2
29993 # 1504
29993 + 1500
29993 + 68
29994 # 1504
29994 - 1500 1
29995 # 1504
29995 - 68 2
29996 # 1504
29997 # 1504
29998 # 1504
29998 + 1500
29998 + 68
29999 # 1504
29999 - 1500 1
30000 # 1504
30000 - 68 2
30001 # 1504
30002 # 1504
30003 # 1504
30003 + 1500
30003 + 68
30004 # 1504
30004 - 1500 1
30005 # 1504
30005 - 68 2
30006 # 1504
30007 # 1504
30007 + 1500
30007 + 68
30008 # 1504
30008 - 1500 1
30009 # 1504
30009 - 68 2
30010 # 1504
30010 + 1500
30010 + 68
30011 # 1504
30011 - 1500 1
30012 # 1504
30012 - 68 2
30012 + 1500
30012 + 68
30013 # 1504
30013 - 1500 1
30014 # 1504
30014 - 68 2
30015 # 1504
30015 + 1500
30015 + 68
30016 # 1504
30016 - 1500 1
30017 # 1504
30017 - 68 2
30018 # 1504
30019 # 1504
30020 # 1504
30020 + 1500
30020 + 68
30021 # 1504
30021 - 1500 1
30022 # 1504
30022 - 68 2
30023 # 1504
30024 # 1504
30024 + 1500
30024 + 68
30025 # 1504
30025 - 1500 1
30026 # 1504
30026 - 68 2
30027 # 1504
30027 + 1500
30027 + 68
30028 # 1504
30028 - 1500 1
30029 # 1504
30029 - 68 2
30030 # 1504
30030 + 1500
30030 + 68
30031 # 1504
30031 - 1500 1
30032 # 1504
30032 - 68 2
30033 # 1504
30033 + 1500
30033 + 68
30034 # 1504
30034 - 1500 1
30035 # 1504
30035 - 68 2
30036 # 1504
30037 # 1504
30038 # 1504
30038 + 1500
30038 + 68
30039 # 1504
30039 - 1500 1
30040 # 1504
30040 - 68 2
30041 # 1504
30042 # 1504
30042 + 1500
30042 + 68
30043 # 1504
30043 - 1500 1
30044 # 1504
30044 - 68 2
30045 # 1504
30046 # 1504
30047 # 1504
30047 + 1500
30047 + 68
30048 # 1504
30048 - 1500 1
30049 # 1504
30049 - 68 2
30050 # 1504
30050 + 1500
30050 + 68
30051 # 1504
30051 - 1500 1
30052 # 1504
30052 - 68 2
30053 # 1504
30053 + 1500
30053 + 68
30054 # 1504
30054 - 1500 1
30055 # 1504
30055 - 68 2
30056 # 1504
30056 + 1500
30056 + 68
30057 # 1504
30057 - 1500 1
30058 # 1504
30058 - 68 2
30059 # 1504
30060 # 1504
30061 # 1504
30061 + 1500
30061 + 68
30062 # 1504
30062 - 1500 1
30063 # 1504
30063 - 68 2
30064 # 1504
30065 # 1504
30065 + 1500
30065 + 68
30066 # 1504
30066 - 1500 1
30067 # 1504
30067 - 68 2
30068 # 1504
30068 + 1500
30068 + 68
30069 # 1504
30069 - 1500 1
30070 # 1504
30070 - 68 2
30071 # 1504
30071 + 1500
30071 + 68
30072 # 1504
30072 - 1500 1
30073 # 1504
30073 - 68 2
30074 # 1504
30075 # 1504
30076 # 1504
30077 # 1504
30077 + 1500
30077 + 68
30078 # 1504
30078 - 1500 1
30079 # 1504
30079 - 68 2
30080 # 1504
30080 + 1500
30080 + 68
30081 # 1504
30081 - 1500 1
30081 + 1500
30081 + 68
30082 # 1504
30082 - 68 2
30083 # 1504
30083 - 1500 2
30083 - 68 2
30084 # 1504
30084 + 1500
30084 + 68
30085 # 1504
30085 - 1500 1
30086 # 1504
30086 - 68 2
30087 # 1504
30087 + 1500
30087 + 68
30088 # 1504
30088 - 1500 1
30089 # 1504
30089 - 68 2
30090 # 1504
30090 + 1500
30090 + 68
30091 # 1504
30091 - 1500 1
30092 # 1504
30092 - 68 2
30093 # 1504
30093 + 1500
30093 + 68
30094 # 1504
30094 - 1500 1
30095 # 1504
30095 - 68 2
30096 # 1504
30097 # 1504
30098 # 1504
30098 + 1500
30098 + 68
30099 # 1504
30099 - 1500 1
30100 # 1504
30100 - 68 2
30101 # 1504
30102 # 1504
30102 + 1500
30102 + 68
30103 # 1504
30103 - 1500 1
30104 # 1504
30104 - 68 2
30105 # 1504
30106 # 1504
30107 # 1504
30107 + 1500
30107 + 68
30108 # 1504
30108 - 1500 1
30109 # 1504
30109 - 68 2
30110 # 1504
30110 + 1500
30110 + 68
30111 # 1504
30111 - 1500 1
30112 # 1504
30112 - 68 2
30113 # 1504
30113 + 1500
30113 + 68
30114 # 1504
30114 - 1500 1
30115 # 1504
30115 - 68 2
30116 # 1504
30117 # 1504
30118 # 1504
30118 + 1500
30118 + 68
30119 # 1504
30119 - 1500 1
30120 # 1504
30120 - 68 2
30121 # 1504
30122 # 1504
30122 + 1500
30122 + 68
30123 # 1504
30123 - 1500 1
30124 # 1504
30124 - 68 2
30125 # 1504
30126 # 1504
30127 # 1504
30127 + 1500
30127 + 68
30128 # 1504
30128 - 1500 1
30129 # 1504
30129 - 68 2
30130 # 1504
30131 # 1504
30132 # 1504
30132 + 1500
30132 + 68
30133 # 1504
30133 - 1500 1
30134 # 1504
30134 - 68 2
30135 # 1504
30136 # 1504
30137 # 1504
30138 # 1504
30138 + 1500
30138 + 68
30139 # 1504
30139 - 1500 1
30140 # 1504
30140 - 68 2
30141 # 1504
30142 # 1504
30143 # 1504
30143 + 1500
30143 + 68
30144 # 1504
30144 - 1500 1
30145 # 1504
30145 - 68 2
30146 # 1504
30147 # 1504
30147 + 1500
30147 + 68
30148 # 1504
30148 - 1500 1
30149 # 1504
30149 - 68 2
30150 # 1504
30151 # 1504
30152 # 1504
30153 # 1504
30153 + 1500
30153 + 68
30154 # 1504
30154 - 1500 1
30155 # 1504
30155 - 68 2
30156 # 1504
30157 # 1504
30157 + 1500
30157 + 68
30158 # 1504
30158 - 1500 1
30159 # 1504
30159 - 68 2
30160 # 1504
30161 # 1504
30162 # 1504
30162 + 1500
30162 + 68
30163 # 1504
30163 - 1500 1
30164 # 1504
30164 - 68 2
30165 # 1504
30166 # 1504
30166 + 1500
30166 + 68
30167 # 1504
30167 - 1500 1
30168 # 1504
30168 - 68 2
30169 # 1504
30170 # 1504
30171 # 1504
30172 # 1504
30172 + 1500
30172 + 68
30173 # 1504
30173 - 1500 1
30174 # 1504
30174 - 68 2
30175 # 1504
30175 + 1500
30175 + 68
30176 # 1504
30176 - 1500 1
30177 # 1504
30177 - 68 2
30178 # 1504
30179 # 1504
30180 # 1504
30181 # 1504
30182 # 1504
30182 + 1500
30182 + 68
30183 # 1504
30183 - 1500 1
30184 # 1504
30184 - 68 2
30185 # 1504
30185 + 1500
30185 + 68
30186 # 1504
30186 - 1500 1
30187 # 1504
30187 - 68 2
30188 # 1504
30189 # 1504
30190 # 1504
30190 + 1500
30190 + 68
30191 # 1504
30191 - 1500 1
30192 # 1504
30192 - 68 2
30193 # 1504
30194 # 1504
30194 + 1500
30194 + 68
30195 # 1504
30195 - 1500 1
30196 # 1504
30196 - 68 2
30197 # 1504
30198 # 1504
30199 # 1504
30199 + 1500
30199 + 68
30200 # 1504
30200 - 1500 1
30201 # 1504
30201 - 68 2
30202 # 1504
30202 + 1500
30202 + 68
30203 # 1504
30203 - 1500 1
30204 # 1504
30204 - 68 2
30205 # 1504
30205 + 1500
30205 + 68
30206 # 1504
30206 - 1500 1
30207 # 1504
30207 - 68 2
30208 # 1504
30209 # 1504
30210 # 1504
30210 + 1500
30210 + 68
30211 # 1504
30211 - 1500 1
30212 # 1504
30212 - 68 2
30213 # 1504
30214 # 1504
30214 + 1500
30214 + 68
30215 # 1504
30215 - 1500 1
30216 # 1504
30216 - 68 2
30217 # 1504
30218 # 1504
30218 + 1500
30218 + 68
30219 # 1504
30219 - 1500 1
30220 # 1504
30220 - 68 2
30220 + 1500
30220 + 68
30221 # 1504
30221 - 1500 1
30222 # 1504
30222 - 68 2
30223 # 1504
30224 # 1504
30225 # 1504
30225 + 1500
30225 + 68
30226 # 1504
30226 - 1500 1
30227 # 1504
30227 - 68 2
30228 # 1504
30229 # 1504
30230 # 1504
30230 + 1500
30230 + 68
30231 # 1504
30231 - 1500 1
30232 # 1504
30232 - 68 2
30233 # 1504
30234 # 1504
30235 # 1504
30235 + 1500
30235 + 68
30236 # 1504
30236 - 1500 1
30237 # 1504
30237 - 68 2
30238 # 1504
30239 # 1504
30240 # 1504
30240 + 1500
30240 + 68
30241 # 1504
30241 - 1500 1
30242 # 1504
30242 - 68 2
30243 # 1504
30244 # 1504
30244 + 1500
30244 + 68
30245 # 1504
30245 - 1500 1
30246 # 1504
30246 - 68 2
30247 # 1504
30248 # 1504
30249 # 1504
30249 + 1500
30249 + 68
30250 # 1504
30250 - 1500 1
30251 # 1504
30251 - 68 2
30252 # 1504
30253 # 1504
30254 # 1504
30254 + 1500
30254 + 68
30255 # 1504
30255 - 1500 1
30256 # 1504
30256 - 68 2
30257 # 1504
30258 # 1504
30259 # 1504
30259 + 1500
30259 + 68
30260 # 1504
30260 - 1500 1
30261 # 1504
30261 - 68 2
30262 # 1504
30263 # 1504
30263 + 1500
30263 + 68
30264 # 1504
30264 - 1500 1
30265 # 1504
30265 - 68 2
30266 # 1504
30267 # 1504
30268 # 1504
30269 # 1504
30270 # 1504
30270 + 1500
30270 + 68
30271 # 1504
30271 - 1500 1
30272 # 1504
30272 - 68 2
30273 # 1504
30273 + 1500
30273 + 68
30274 # 1504
30274 - 1500 1
30275 # 1504
30275 - 68 2
30276 # 1504
30277 # 1504
30278 # 1504
30278 + 1500
30278 + 68
30279 # 1504
30279 - 1500 1
30280 # 1504
30280 - 68 2
30281 # 1504
30282 # 1504
30283 # 1504
30283 + 1500
30283 + 68
30284 # 1504
30284 - 1500 1
30285 # 1504
30285 - 68 2
30286 # 1504
30287 # 1504
30287 + 1500
30287 + 68
30288 # 1504
30288 - 1500 1
30289 # 1504
30289 - 68 2
30290 # 1504
30291 # 1504
30292 # 1504
30292 + 1500
30292 + 68
30293 # 1504
30293 - 1500 1
30294 # 1504
30294 - 68 2
30295 # 1504
30296 # 1504
30297 # 1504
30297 + 1500
30297 + 68
30298 # 1504
30298 - 1500 1
30299 # 1504
30299 - 68 2
30300 # 1504
30301 # 1504
30302 # 1504
30302 + 1500
30302 + 68
30303 # 1504
30303 - 1500 1
30304 # 1504
30304 - 68 2
30305 # 1504
30306 # 1504
30306 + 1500
30306 + 68
30307 # 1504
30307 - 1500 1
30308 # 1504
30308 - 68 2
30309 # 1504
30310 # 1504
30311 # 1504
30311 + 1500
30311 + 68
30312 # 1504
30312 - 1500 1
30313 # 1504
30313 - 68 2
30314 # 1504
30315 # 1504
30316 # 1504
30316 + 1500
30316 + 68
30317 # 1504
30317 - 1500 1
30318 # 1504
30318 - 68 2
30319 # 1504
30320 # 1504
30321 # 1504
30321 + 1500
30321 + 68
30322 # 1504
30322 - 1500 1
30323 # 1504
30323 - 68 2
30324 # 1504
30325 # 1504
30326 # 1504
30326 + 1500
30326 + 68
30327 # 1504
30327 - 1500 1
30328 # 1504
30328 - 68 2
30329 # 1504
30330 # 1504
30331 # 1504
30332 # 1504
30332 + 1500
30332 + 68
30333 # 1504
30333 - 1500 1
30334 # 1504
30334 - 68 2
30335 # 1504
30336 # 1504
30336 + 1500
30336 + 68
30337 # 1504
30337 - 1500 1
30338 # 1504
30338 - 68 2
30339 # 1504
30340 # 1504
30341 # 1504
30341 + 1500
30341 + 68
30342 # 1504
30342 - 1500 1
30343 # 1504
30343 - 68 2
30344 # 1504
30345 # 1504
30345 + 1500
30345 + 68
30346 # 1504
30346 - 1500 1
30347 # 1504
30347 - 68 2
30348 # 1504
30349 # 1504
30350 # 1504
30350 + 1500
30350 + 68
30351 # 1504
30351 - 1500 1
30352 # 1504
30352 - 68 2
30353 # 1504
30354 # 1504
30355 # 1504
30355 + 1500
30355 + 68
30356 # 1504
30356 - 1500 1
30357 # 1504
30357 - 68 2
30358 # 1504
30359 # 1504
30360 # 1504
30360 + 1500
30360 + 68
30361 # 1504
30361 - 1500 1
30362 # 1504
30362 - 68 2
30363 # 1504
30364 # 1504
30365 # 1504
30365 + 1500
30365 + 68
30366 # 1504
30366 - 1500 1
30367 # 1504
30367 - 68 2
30368 # 1504
30369 # 1504
30369 + 1500
30370 # 1504
30370 - 1500 1
30370 + 68
30371 # 1504
30371 - 68 1
30372 # 1504
30372 + 1500
30372 + 68
30373 # 1504
30373 - 1500 1
30374 # 1504
30374 - 68 2
30375 # 1504
30375 + 1500
30375 + 68
30376 # 1504
30376 - 1500 1
30377 # 1504
30377 - 68 2
30378 # 1504
30379 # 1504
30379 + 1500
30379 + 68
30380 # 1504
30380 - 1500 1
30381 # 1504
30381 - 68 2
30382 # 1504
30383 # 1504
30384 # 1504
30385 # 1504
30386 # 1504
30386 + 1500
30386 + 68
30387 # 1504
30387 - 1500 1
30388 # 1504
30388 - 68 2
30389 # 1504
30389 + 1500
30389 + 68
30390 # 1504
30390 - 1500 1
30391 # 1504
30391 - 68 2
30392 # 1504
30392 + 1500
30392 + 68
30393 # 1504
30393 - 1500 1
30394 # 1504
30394 - 68 2
30395 # 1504
30396 # 1504
30397 # 1504
30397 + 1500
30397 + 68
30398 # 1504
30398 - 1500 1
30399 # 1504
30399 - 68 2
30400 # 1504
30401 # 1504
30401 + 1500
30401 + 68
30402 # 1504
30402 - 1500 1
30403 # 1504
30403 - 68 2
30404 # 1504
30405 # 1504
30406 # 1504
30406 + 1500
30406 + 68
30407 # 1504
30407 - 1500 1
30408 # 1504
30408 - 68 2
30409 # 1504
30409 + 1500
30409 + 68
30410 # 1504
30410 - 1500 1
30411 # 1504
30411 - 68 2
30412 # 1504
30412 + 1500
30412 + 68
30413 # 1504
30413 - 1500 1
30414 # 1504
30414 - 68 2
30415 # 1504
30416 # 1504
30417 # 1504
30417 + 1500
30417 + 68
30418 # 1504
30418 - 1500 1
30419 # 1504
30419 - 68 2
30420 # 1504
30421 # 1504
30421 + 1500
30421 + 68
30422 # 1504
30422 - 1500 1
30423 # 1504
30423 - 68 2
30424 # 1504
30425 # 1504
30426 # 1504
30427 # 1504
30427 + 1500
30427 + 68
30428 # 1504
30428 - 1500 1
30429 # 1504
30429 - 68 2
30430 # 1504
30431 # 1504
30431 + 1500
30431 + 68
30432 # 1504
30432 - 1500 1
30433 # 1504
30433 - 68 2
30434 # 1504
30435 # 1504
30436 # 1504
30436 + 1500
30436 + 68
30437 # 1504
30437 - 1500 1
30438 # 1504
30438 - 68 2
30439 # 1504
30440 # 1504
30441 # 1504
30441 + 1500
30441 + 68
30442 # 1504
30442 - 1500 1
30443 # 1504
30443 - 68 2
30444 # 1504
30445 # 1504
30445 + 1500
30446 # 1504
30446 - 1500 1
30446 + 68
30447 # 1504
30447 - 68 1
30448 # 1504
30448 + 1500
30448 + 68
30449 # 1504
30449 - 1500 1
30450 # 1504
30450 - 68 2
30451 # 1504
30451 + 1500
30451 + 68
30452 # 1504
30452 - 1500 1
30453 # 1504
30453 - 68 2
30454 # 1504
30454 + 1500
30454 + 68
30455 # 1504
30455 - 1500 1
30456 # 1504
30456 - 68 2
30457 # 1504
30458 # 1504
30459 # 1504
30459 + 1500
30459 + 68
30460 # 1504
30460 - 1500 1
30461 # 1504
30461 - 68 2
30462 # 1504
30463 # 1504
30464 # 1504
30464 + 1500
30464 + 68
30465 # 1504
30465 - 1500 1
30466 # 1504
30466 - 68 2
30467 # 1504
30468 # 1504
30468 + 1500
30468 + 68
30469 # 1504
30469 - 1500 1
30470 # 1504
30470 - 68 2
30471 # 1504
30471 + 1500
30471 + 68
30472 # 1504
30472 - 1500 1
30473 # 1504
30473 - 68 2
30474 # 1504
30475 # 1504
30476 # 1504
30476 + 1500
30476 + 68
30477 # 1504
30477 - 1500 1
30477 + 1500
30477 + 68
30478 # 1504
30478 - 68 2
30479 # 1504
30479 - 1500 2
30479 - 68 2
30480 # 1504
30480 + 1500
30480 + 68
30481 # 1504
30481 - 1500 1
30482 # 1504
30482 - 68 2
30483 # 1504
30484 # 1504
30484 + 1500
30484 + 68
30485 # 1504
30485 - 1500 1
30486 # 1504
30486 - 68 2
30487 # 1504
30487 + 1500
30487 + 68
30488 # 1504
30488 - 1500 1
30489 # 1504
30489 - 68 2
30489 + 1500
30489 + 68
30490 # 1504
30490 - 1500 1
30491 # 1504
30491 - 68 2
30492 # 1504
30493 # 1504
30494 # 1504
30494 + 1500
30494 + 68
30495 # 1504
30495 - 1500 1
30496 # 1504
30496 - 68 2
30497 # 1504
30498 # 1504
30498 + 1500
30498 + 68
30499 # 1504
30499 - 1500 1
30500 # 1504
30500 - 68 2
30501 # 1504
30501 + 1500
30501 + 68
30502 # 1504
30502 - 1500 1
30503 # 1504
30503 - 68 2
30504 # 1504
30504 + 1500
30504 + 68
30505 # 1504
30505 - 1500 1
30506 # 1504
30506 - 68 2
30507 # 1504
30508 # 1504
30509 # 1504
30509 + 1500
30509 + 68
30510 # 1504
30510 - 1500 1
30511 # 1504
30511 - 68 2
30512 # 1504
30512 + 1500
30512 + 68
30513 # 1504
30513 - 1500 1
30514 # 1504
30514 - 68 2
30515 # 1504
30515 + 1500
30515 + 68
30516 # 1504
30516 - 1500 1
30517 # 1504
30517 - 68 2
30518 # 1504
30519 # 1504
30520 # 1504
30520 + 1500
30520 + 68
30521 # 1504
30521 - 1500 1
30522 # 1504
30522 - 68 2
30523 # 1504
30524 # 1504
30524 + 1500
30524 + 68
30525 # 1504
30525 - 1500 1
30526 # 1504
30526 - 68 2
30527 # 1504
30527 + 1500
30527 + 68
30528 # 1504
30528 - 1500 1
30529 # 1504
30529 - 68 2
30530 # 1504
30531 # 1504
30531 + 1500
30531 + 68
30532 # 1504
30532 - 1500 1
30533 # 1504
30533 - 68 2
30534 # 1504
30535 # 1504
30536 # 1504
30536 + 1500
30536 + 68
30537 # 1504
30537 - 1500 1
30538 # 1504
30538 - 68 2
30539 # 1504
30540 # 1504
30540 + 1500
30540 + 68
30541 # 1504
30541 - 1500 1
30542 # 1504
30542 - 68 2
30543 # 1504
30543 + 1500
30543 + 68
30544 # 1504
30544 - 1500 1
30544 + 1500
30544 + 68
30545 # 1504
30545 - 68 2
30546 # 1504
30546 - 1500 2
30546 - 68 2
30546 + 1500
30546 + 68
30547 # 1504
30547 - 1500 1
30548 # 1504
30548 - 68 2
30549 # 1504
30550 # 1504
30551 # 1504
30551 + 1500
30551 + 68
30552 # 1504
30552 - 1500 1
30553 # 1504
30553 - 68 2
30554 # 1504
30555 # 1504
30556 # 1504
30556 + 1500
30556 + 68
30557 # 1504
30557 - 1500 1
30558 # 1504
30558 - 68 2
30559 # 1504
30560 # 1504
30561 # 1504
30561 + 1500
30561 + 68
30562 # 1504
30562 - 1500 1
30563 # 1504
30563 - 68 2
30564 # 1504
30565 # 1504
30565 + 1500
30565 + 68
30566 # 1504
30566 - 1500 1
30567 # 1504
30567 - 68 2
30568 # 1504
30568 + 1500
30568 + 68
30569 # 1504
30569 - 1500 1
30570 # 1504
30570 - 68 2
30571 # 1504
30572 # 1504
30572 + 1500
30572 + 68
30573 # 1504
30573 - 1500 1
30574 # 1504
30574 - 68 2
30575 # 1504
30576 # 1504
30576 + 1500
30576 + 68
30577 # 1504
30577 - 1500 1
30578 # 1504
30578 - 68 2
30579 # 1504
30580 # 1504
30581 # 1504
30582 # 1504
30583 # 1504
30583 + 1500
30583 + 68
30584 # 1504
30584 - 1500 1
30585 # 1504
30585 - 68 2
30586 # 1504
30587 # 1504
30588 # 1504
30588 + 1500
30588 + 68
30589 # 1504
30589 - 1500 1
30590 # 1504
30590 - 68 2
30590 + 1500
30590 + 68
30591 # 1504
30591 - 1500 1
30592 # 1504
30592 - 68 2
30593 # 1504
30594 # 1504
30595 # 1504
30596 # 1504
30596 + 1500
30596 + 68
30597 # 1504
30597 - 1500 1
30598 # 1504
30598 - 68 2
30599 # 1504
30600 # 1504
30601 # 1504
30602 # 1504
30603 # 1504
30604 # 1504
30605 # 1504
30606 # 1504
30607 # 1504
30608 # 1504
30608 + 1500
30608 + 68
30608 + 1500
30608 + 68
30609 # 1504
30609 - 1500 1
30610 # 1504
30610 - 68 2
30611 # 1504
30611 - 1500 3
30611 - 68 3
30612 # 1504
30613 # 1504
30613 + 1500
30613 + 68
30614 # 1504
30614 - 1500 1
30614 + 1500
30614 + 68
30615 # 1504
30615 - 68 2
30616 # 1504
30616 - 1500 2
30616 - 68 2
30617 # 1504
30618 # 1504
30619 # 1504
30620 # 1504
30621 # 1504
30622 # 1504
30623 # 1504
30624 # 1504
30625 # 1504
30626 # 1504
30627 # 1504
30628 # 1504
30629 # 1504
30630 # 1504
30631 # 1504
30631 + 1500
30631 + 68
30631 + 1500
30631 + 68
30631 + 1500
30631 + 68
30632 # 1504
30632 - 1500 1
30633 # 1504
30633 - 68 2
30633 + 1500
30633 + 68
30634 # 1504
30634 - 1500 3
30634 - 68 3
30635 # 1504
30635 - 1500 4
30635 - 68 4
30636 # 1504
30636 - 1500 3
30636 - 68 3
30637 # 1504
30638 # 1504
30638 + 1500
30638 + 68
30639 # 1504
30639 - 1500 1
30640 # 1504
30640 - 68 2
30641 # 1504
30641 + 1500
30641 + 68
30642 # 1504
30642 - 1500 1
30643 # 1504
30643 - 68 2
30644 # 1504
30644 + 1500
30644 + 68
30645 # 1504
30645 - 1500 1
30646 # 1504
30646 - 68 2
30647 # 1504
30648 # 1504
30649 # 1504
30649 + 1500
30649 + 68
30650 # 1504
30650 - 1500 1
30651 # 1504
30651 - 68 2
30652 # 1504
30653 # 1504
30653 + 1500
30653 + 68
30654 # 1504
30654 - 1500 1
30655 # 1504
30655 - 68 2
30656 # 1504
30657 # 1504
30658 # 1504
30659 # 1504
30660 # 1504
30660 + 1500
30660 + 68
30661 # 1504
30661 - 1500 1
30662 # 1504
30662 - 68 2
30663 # 1504
30664 # 1504
30665 # 1504
30666 # 1504
30667 # 1504
30667 + 1500
30667 + 68
30668 # 1504
30668 - 1500 1
30668 + 1500
30668 + 68
30669 # 1504
30669 - 68 2
30670 # 1504
30670 - 1500 2
30670 - 68 2
30671 # 1504
30672 # 1504
30673 # 1504
30673 + 1500
30673 + 68
30674 # 1504
30674 - 1500 1
30675 # 1504
30675 - 68 2
30676 # 1504
30677 # 1504
30678 # 1504
30678 + 1500
30678 + 68
30679 # 1504
30679 - 1500 1
30680 # 1504
30680 - 68 2
30681 # 1504
30682 # 1504
30682 + 1500
30682 + 68
30683 # 1504
30683 - 1500 1
30684 # 1504
30684 - 68 2
30685 # 1504
30686 # 1504
30687 # 1504
30687 + 1500
30687 + 68
30688 # 1504
30688 - 1500 1
30689 # 1504
30689 - 68 2
30690 # 1504
30691 # 1504
30692 # 1504
30692 + 1500
30692 + 68
30693 # 1504
30693 - 1500 1
30694 # 1504
30694 - 68 2
30695 # 1504
30696 # 1504
30697 # 1504
30698 # 1504
30698 + 1500
30698 + 68
30699 # 1504
30699 - 1500 1
30700 # 1504
30700 - 68 2
30701 # 1504
30702 # 1504
30702 + 1500
30702 + 68
30703 # 1504
30703 - 1500 1
30704 # 1504
30704 - 68 2
30705 # 1504
30706 # 1504
30707 # 1504
30707 + 1500
30707 + 68
30708 # 1504
30708 - 1500 1
30709 # 1504
30709 - 68 2
30710 # 1504
30711 # 1504
30711 + 1500
30711 + 68
30712 # 1504
30712 - 1500 1
30713 # 1504
30713 - 68 2
30714 # 1504
30715 # 1504
30716 # 1504
30717 # 1504
30717 + 1500
30717 + 68
30718 # 1504
30718 - 1500 1
30719 # 1504
30719 - 68 2
30720 # 1504
30721 # 1504
30722 # 1504
30723 # 1504
30723 + 1500
30723 + 68
30724 # 1504
30724 - 1500 1
30725 # 1504
30725 - 68 2
30726 # 1504
30726 + 1500
30726 + 68
30727 # 1504
30727 - 1500 1
30728 # 1504
30728 - 68 2
30729 # 1504
30730 # 1504
30730 + 1500
30730 + 68
30731 # 1504
30731 - 1500 1
30732 # 1504
30732 - 68 2
30733 # 1504
30734 # 1504
30735 # 1504
30735 + 1500
30735 + 68
30736 # 1504
30736 - 1500 1
30737 # 1504
30737 - 68 2
30738 # 1504
30739 # 1504
30740 # 1504
30740 + 1500
30740 + 68
30741 # 1504
30741 - 1500 1
30742 # 1504
30742 - 68 2
30743 # 1504
30744 # 1504
30745 # 1504
30746 # 1504
30747 # 1504
30748 # 1504
30749 # 1504
30750 # 1504
30751 # 1504
30752 # 1504
30753 # 1504
30754 # 1504
30755 # 1504
30755 + 1500
30755 + 68
30755 + 1500
30755 + 68
30755 + 1500
30755 + 68
30756 # 1504
30756 - 1500 1
30757 # 1504
30757 - 68 2
30758 # 1504
30758 - 1500 3
30758 - 68 3
30759 # 1504
30759 - 1500 4
30759 - 68 4
30760 # 1504
30760 + 1500
30760 + 68
30761 # 1504
30761 - 1500 1
30762 # 1504
30762 - 68 2
30763 # 1504
30764 # 1504
30764 + 1500
30764 + 68
30765 # 1504
30765 - 1500 1
30766 # 1504
30766 - 68 2
30767 # 1504
30768 # 1504
30769 # 1504
30769 + 1500
30769 + 68
30770 # 1504
30770 - 1500 1
30771 # 1504
30771 - 68 2
30772 # 1504
30772 + 1500
30772 + 68
30773 # 1504
30773 - 1500 1
30774 # 1504
30774 - 68 2
30775 # 1504
30775 + 1500
30775 + 68
30776 # 1504
30776 - 1500 1
30777 # 1504
30777 - 68 2
30778 # 1504
30779 # 1504
30780 # 1504
30781 # 1504
30782 # 1504
30783 # 1504
30783 + 1500
30783 + 68
30784 # 1504
30784 - 1500 1
30785 # 1504
30785 - 68 2
30786 # 1504
30787 # 1504
30787 + 1500
30787 + 68
30788 # 1504
30788 - 1500 1
30789 # 1504
30789 - 68 2
30790 # 1504
30790 + 1500
30790 + 68
30791 # 1504
30791 - 1500 1
30792 # 1504
30792 - 68 2
30793 # 1504
30793 + 1500
30793 + 68
30794 # 1504
30794 - 1500 1
30795 # 1504
30795 - 68 2
30796 # 1504
30797 # 1504
30798 # 1504
30798 + 1500
30798 + 68
30799 # 1504
30799 - 1500 1
30800 # 1504
30800 - 68 2
30801 # 1504
30802 # 1504
30803 # 1504
30804 # 1504
30805 # 1504
30805 + 1500
30805 + 68
30806 # 1504
30806 - 1500 1
30807 # 1504
30807 - 68 2
30808 # 1504
30809 # 1504
30809 + 1500
30809 + 68
30810 # 1504
30810 - 1500 1
30811 # 1504
30811 - 68 2
30812 # 1504
30813 # 1504
30814 # 1504
30815 # 1504
30815 + 1500
30815 + 68
30816 # 1504
30816 - 1500 1
30817 # 1504
30817 - 68 2
30818 # 1504
30818 + 1500
30818 + 68
30819 # 1504
30819 - 1500 1
30820 # 1504
30820 - 68 2
30821 # 1504
30821 + 1500
30821 + 68
30822 # 1504
30822 - 1500 1
30823 # 1504
30823 - 68 2
30823 + 1500
30823 + 68
30824 # 1504
30824 - 1500 1
30825 # 1504
30825 - 68 2
30826 # 1504
30827 # 1504
30828 # 1504
30828 + 1500
30828 + 68
30829 # 1504
30829 - 1500 1
30830 # 1504
30830 - 68 2
30831 # 1504
30831 + 1500
30831 + 68
30832 # 1504
30832 - 1500 1
30833 # 1504
30833 - 68 2
30834 # 1504
30835 # 1504
30835 + 1500
30835 + 68
30836 # 1504
30836 - 1500 1
30837 # 1504
30837 - 68 2
30838 # 1504
30839 # 1504
30840 # 1504
30840 + 1500
30840 + 68
30841 # 1504
30841 - 1500 1
30842 # 1504
30842 - 68 2
30843 # 1504
30844 # 1504
30845 # 1504
30846 # 1504
30846 + 1500
30846 + 68
30847 # 1504
30847 - 1500 1
30848 # 1504
30848 - 68 2
30849 # 1504
30850 # 1504
30851 # 1504
30852 # 1504
30853 # 1504
30854 # 1504
30855 # 1504
30856 # 1504
30857 # 1504
30857 + 1500
30857 + 68
30857 + 1500
30857 + 68
30858 # 1504
30858 - 1500 1
30859 # 1504
30859 - 68 2
30860 # 1504
30860 - 1500 3
30860 - 68 3
30861 # 1504
30862 # 1504
30863 # 1504
30863 + 1500
30863 + 68
30864 # 1504
30864 - 1500 1
30864 + 1500
30864 + 68
30865 # 1504
30865 - 68 2
30866 # 1504
30866 - 1500 2
30866 - 68 2
30867 # 1504
30868 # 1504
30869 # 1504
30870 # 1504
30871 # 1504
30871 + 1500
30871 + 68
30872 # 1504
30872 - 1500 1
30873 # 1504
30873 - 68 2
30874 # 1504
30874 + 1500
30874 + 68
30875 # 1504
30875 - 1500 1
30876 # 1504
30876 - 68 2
30877 # 1504
30878 # 1504
30879 # 1504
30880 # 1504
30881 # 1504
30882 # 1504
30883 # 1504
30884 # 1504
30885 # 1504
30886 # 1504
30887 # 1504
30888 # 1504
30889 # 1504
30890 # 1504
30891 # 1504
30892 # 1504
30893 # 1504
30894 # 1504
30895 # 1504
30896 # 1504
30897 # 1504
30898 # 1504
30899 # 1504
30900 # 1504
30901 # 1504
30902 # 1504
30903 # 1504
30904 # 1504
30905 # 1504
30906 # 1504
30907 # 1504
30908 # 1504
30909 # 1504
30910 # 1504
30911 # 1504
30912 # 1504
30913 # 1504
30914 # 1504
30915 # 1504
30916 # 1504
30917 # 1504
30918 # 1504
30919 # 1504
30920 # 1504
30921 # 1504
30922 # 1504
30923 # 1504
30924 # 1504
30925 # 1504
30926 # 1504
30927 # 1504
30928 # 1504
30929 # 1504
30930 # 1504
30931 # 1504
30932 # 1504
30932 + 1500
30932 + 68
30932 + 1500
30932 + 68
30932 + 1500
30932 + 68
30932 + 1500
30932 + 68
30932 + 1500
30932 + 68
30932 + 1500
30932 + 68
30932 + 1500
30932 + 68
30932 + 1500
30932 + 68
30932 + 1500
30932 + 68
30932 + 1500
30932 + 68
30932 + 1500
30932 + 68
30932 + 1500
30932 + 68
30932 + 1500
30932 + 68
30932 + 1500
30932 + 68
30932 + 1500
30932 + 68
30932 + 1500
30932 + 68
30932 + 1500
30932 + 68
30932 + 1500
30932 + 68
30932 + 1500
30932 + 68
30932 + 1500
30932 + 68
30933 # 1504
30933 - 1500 1
30934 # 1504
30934 - 68 2
30935 # 1504
30935 - 1500 3
30935 - 68 3
30935 + 1500
30935 + 68
30936 # 1504
30936 - 1500 4
30936 - 68 4
30937 # 1504
30937 - 1500 5
30937 - 68 5
30938 # 1504
30938 - 1500 6
30938 - 68 6
30939 # 1504
30939 - 1500 7
30939 - 68 7
30940 # 1504
30940 - 1500 8
30940 - 68 8
30941 # 1504
30941 - 1500 9
30941 - 68 9
30942 # 1504
30942 - 1500 10
30942 - 68 10
30942 + 1500
30942 + 68
30943 # 1504
30943 - 1500 11
30943 - 68 11
30944 # 1504
30944 - 1500 12
30944 - 68 12
30945 # 1504
30945 - 1500 13
30945 - 68 13
30945 + 1500
30945 + 68
30946 # 1504
30946 - 1500 14
30946 - 68 14
30947 # 1504
30947 - 1500 15
30947 - 68 15
30948 # 1504
30948 - 1500 16
30948 - 68 16
30949 # 1504
30949 - 1500 17
30949 - 68 17
30950 # 1504
30950 - 1500 18
30950 - 68 18
30950 + 1500
30950 + 68
30951 # 1504
30951 - 1500 19
30951 - 68 19
30952 # 1504
30952 - 1500 20
30952 - 68 20
30952 + 1500
30952 + 68
30953 # 1504
30953 - 1500 21
30953 - 68 21
30954 # 1504
30954 - 1500 19
30954 - 68 19
30955 # 1504
30955 - 1500 13
30955 - 68 13
30956 # 1504
30956 - 1500 11
30956 - 68 11
30956 + 1500
30956 + 68
30957 # 1504
30957 - 1500 7
30958 # 1504
30958 - 68 8
30959 # 1504
30959 - 1500 7
30959 - 68 7
30959 + 1500
30959 + 68
30960 # 1504
30960 - 1500 4
30960 - 68 4
30961 # 1504
30961 - 1500 2
30961 - 68 2
30962 # 1504
30963 # 1504
30964 # 1504
30964 + 1500
30964 + 68
30965 # 1504
30965 - 1500 1
30966 # 1504
30966 - 68 2
30967 # 1504
30967 + 1500
30967 + 68
30968 # 1504
30968 - 1500 1
30969 # 1504
30969 - 68 2
30970 # 1504
30971 # 1504
30972 # 1504
30972 + 1500
30972 + 68
30973 # 1504
30973 - 1500 1
30974 # 1504
30974 - 68 2
30975 # 1504
30975 + 1500
30975 + 68
30976 # 1504
30976 - 1500 1
30977 # 1504
30977 - 68 2
30977 + 1500
30977 + 68
30978 # 1504
30978 - 1500 1
30979 # 1504
30979 - 68 2
30980 # 1504
30980 + 1500
30980 + 68
30981 # 1504
30981 - 1500 1
30981 + 1500
30981 + 68
30982 # 1504
30982 - 68 2
30983 # 1504
30983 - 1500 2
30983 - 68 2
30984 # 1504
30985 # 1504
30986 # 1504
30987 # 1504
30988 # 1504
30989 # 1504
30990 # 1504
30991 # 1504
30992 # 1504
30993 # 1504
30994 # 1504
30995 # 1504
30996 # 1504
30997 # 1504
30998 # 1504
30999 # 1504
31000 # 1504
31001 # 1504
31002 # 1504
31003 # 1504
31004 # 1504
31005 # 1504
31006 # 1504
31007 # 1504
31008 # 1504
31009 # 1504
31010 # 1504
31011 # 1504
31012 # 1504
31013 # 1504
31014 # 1504
31015 # 1504
31016 # 1504
31017 # 1504
31018 # 1504
31019 # 1504
31020 # 1504
31021 # 1504
31022 # 1504
31023 # 1504
31024 # 1504
31025 # 1504
31026 # 1504
31027 # 1504
31028 # 1504
31029 # 1504
31030 # 1504
31031 # 1504
31032 # 1504
31033 # 1504
31034 # 1504
31035 # 1504
31036 # 1504
31037 # 1504
31038 # 1504
31039 # 1504
31040 # 1504
31041 # 1504
31042 # 1504
31043 # 1504
31044 # 1504
31044 + 1500
31044 + 68
31044 + 1500
31044 + 68
31044 + 1500
31044 + 68
31044 + 1500
31044 + 68
31044 + 1500
31044 + 68
31044 + 1500
31044 + 68
31044 + 1500
31044 + 68
31044 + 1500
31044 + 68
31044 + 1500
31044 + 68
31044 + 1500
31044 + 68
31044 + 1500
31044 + 68
31044 + 1500
31044 + 68
31044 + 1500
31044 + 68
31044 + 1500
31044 + 68
31044 + 1500
31044 + 68
31044 + 1500
31044 + 68
31044 + 1500
31044 + 68
31044 + 1500
31044 + 68
31044 + 1500
31044 + 68
31044 + 1500
31044 + 68
31044 + 1500
31044 + 68
31044 + 1500
31044 + 68
31044 + 1500
31044 + 68
31044 + 1500
31044 + 68
31044 + 1500
31044 + 68
31044 + 1500
31044 + 68
31044 + 1500
31044 + 68
31044 + 1500
31044 + 68
31045 # 1504
31045 - 1500 1
31045 + 1500
31045 + 68
31046 # 1504
31046 - 68 2
31047 # 1504
31047 - 1500 3
31047 - 68 3
31048 # 1504
31048 - 1500 4
31048 - 68 4
31049 # 1504
31049 - 1500 5
31049 - 68 5
31050 # 1504
31050 - 1500 6
31050 - 68 6
31050 + 1500
31050 + 68
31051 # 1504
31051 - 1500 7
31051 - 68 7
31052 # 1504
31052 - 1500 8
31052 - 68 8
31053 # 1504
31053 - 1500 9
31053 - 68 9
31054 # 1504
31054 - 1500 10
31054 - 68 10
31055 # 1504
31055 - 1500 11
31055 - 68 11
31056 # 1504
31056 - 1500 12
31056 - 68 12
31057 # 1504
31057 - 1500 13
31057 - 68 13
31058 # 1504
31058 - 1500 14
31058 - 68 14
31059 # 1504
31059 - 1500 15
31059 - 68 15
31060 # 1504
31060 - 1500 16
31060 - 68 16
31061 # 1504
31061 - 1500 17
31061 - 68 17
31062 # 1504
31062 - 1500 18
31062 - 68 18
31063 # 1504
31063 - 1500 19
31063 - 68 19
31064 # 1504
31064 - 1500 20
31064 - 68 20
31065 # 1504
31065 - 1500 21
31065 - 68 21
31066 # 1504
31066 - 1500 22
31066 - 68 22
31067 # 1504
31067 - 1500 23
31067 - 68 23
31068 # 1504
31068 - 1500 24
31068 - 68 24
31069 # 1504
31069 - 1500 25
31070 # 1504
31070 - 68 26
31071 # 1504
31071 - 1500 27
31071 - 68 27
31072 # 1504
31072 - 1500 28
31072 - 68 28
31073 # 1504
31073 - 1500 29
31073 - 68 29
31074 # 1504
31074 - 1500 30
31074 - 68 30
31075 # 1504
31075 - 1500 30
31075 - 68 30
31076 # 1504
31076 - 1500 26
31076 - 68 26
31077 # 1504
31078 # 1504
31079 # 1504
31080 # 1504
31081 # 1504
31082 # 1504
31083 # 1504
31084 # 1504
31085 # 1504
31086 # 1504
31087 # 1504
31088 # 1504
31089 # 1504
31090 # 1504
31091 # 1504
31092 # 1504
31093 # 1504
31094 # 1504
31095 # 1504
31096 # 1504
31097 # 1504
31098 # 1504
31099 # 1504
31100 # 1504
31101 # 1504
31102 # 1504
31103 # 1504
31104 # 1504
31105 # 1504
31106 # 1504
31107 # 1504
31108 # 1504
31109 # 1504
31110 # 1504
31111 # 1504
31112 # 1504
31113 # 1504
31114 # 1504
31115 # 1504
31115 + 1500
31115 + 68
31115 + 1500
31115 + 68
31115 + 1500
31115 + 68
31115 + 1500
31115 + 68
31115 + 1500
31115 + 68
31115 + 1500
31115 + 68
31115 + 1500
31115 + 68
31115 + 1500
31115 + 68
31115 + 1500
31115 + 68
31116 # 1504
31116 - 1500 1
31117 # 1504
31117 - 68 2
31117 + 1500
31117 + 68
31117 + 1500
31117 + 68
31117 + 1500
31117 + 68
31117 + 1500
31117 + 68
31118 # 1504
31118 - 1500 3
31118 - 68 3
31118 + 1500
31118 + 68
31118 + 1500
31118 + 68
31119 # 1504
31119 - 1500 4
31119 - 68 4
31119 + 1500
31119 + 68
31120 # 1504
31120 - 1500 5
31120 - 68 5
31121 # 1504
31121 - 1500 6
31121 - 68 6
31122 # 1504
31122 - 1500 7
31122 - 68 7
31123 # 1504
31123 - 1500 8
31123 - 68 8
31123 + 1500
31123 + 68
31124 # 1504
31124 - 1500 9
31124 - 68 9
31125 # 1504
31125 - 1500 10
31125 - 68 10
31126 # 1504
31126 - 1500 9
31126 - 68 9
31127 # 1504
31127 - 1500 10
31127 - 68 10
31128 # 1504
31128 - 1500 11
31128 - 68 11
31129 # 1504
31129 - 1500 12
31129 - 68 12
31130 # 1504
31130 - 1500 12
31130 - 68 12
31131 # 1504
31131 - 1500 13
31131 - 68 13
31132 # 1504
31132 - 1500 13
31132 - 68 13
31133 # 1504
31133 - 1500 10
31133 - 68 10
31134 # 1504
31135 # 1504
31136 # 1504
31137 # 1504
31138 # 1504
31139 # 1504
31140 # 1504
31141 # 1504
31142 # 1504
31143 # 1504
31144 # 1504
31145 # 1504
31146 # 1504
31147 # 1504
31148 # 1504
31149 # 1504
31150 # 1504
31151 # 1504
31152 # 1504
31153 # 1504
31154 # 1504
31155 # 1504
31156 # 1504
31157 # 1504
31158 # 1504
31159 # 1504
31160 # 1504
31161 # 1504
31162 # 1504
31163 # 1504
31164 # 1504
31165 # 1504
31166 # 1504
31167 # 1504
31168 # 1504
31169 # 1504
31170 # 1504
31171 # 1504
31172 # 1504
31173 # 1504
31174 # 1504
31175 # 1504
31176 # 1504
31177 # 1504
31178 # 1504
31179 # 1504
31180 # 1504
31181 # 1504
31182 # 1504
31183 # 1504
31184 # 1504
31185 # 1504
31186 # 1504
31187 # 1504
31188 # 1504
31189 # 1504
31190 # 1504
31191 # 1504
31192 # 1504
31193 # 1504
31194 # 1504
31195 # 1504
31196 # 1504
31197 # 1504
31198 # 1504
31199 # 1504
31200 # 1504
31201 # 1504
31202 # 1504
31203 # 1504
31204 # 1504
31205 # 1504
31206 # 1504
31207 # 1504
31208 # 1504
31209 # 1504
31210 # 1504
31211 # 1504
31212 # 1504
31213 # 1504
31214 # 1504
31215 # 1504
31216 # 1504
31217 # 1504
31218 # 1504
31219 # 1504
31220 # 1504
31221 # 1504
31222 # 1504
31223 # 1504
31224 # 1504
31225 # 1504
31226 # 1504
31227 # 1504
31228 # 1504
31229 # 1504
31230 # 1504
31231 # 1504
31232 # 1504
31233 # 1504
31234 # 1504
31235 # 1504
31236 # 1504
31237 # 1504
31238 # 1504
31239 # 1504
31240 # 1504
31241 # 1504
31242 # 1504
31243 # 1504
31244 # 1504
31245 # 1504
31246 # 1504
31247 # 1504
31248 # 1504
31249 # 1504
31250 # 1504
31251 # 1504
31252 # 1504
31253 # 1504
31254 # 1504
31255 # 1504
31256 # 1504
31257 # 1504
31258 # 1504
31259 # 1504
31260 # 1504
31261 # 1504
31262 # 1504
31263 # 1504
31264 # 1504
31265 # 1504
31266 # 1504
31267 # 1504
31268 # 1504
31269 # 1504
31270 # 1504
31271 # 1504
31272 # 1504
31273 # 1504
31274 # 1504
31275 # 1504
31276 # 1504
31277 # 1504
31278 # 1504
31279 # 1504
31280 # 1504
31281 # 1504
31282 # 1504
31283 # 1504
31284 # 1504
31285 # 1504
31286 # 1504
31287 # 1504
31288 # 1504
31289 # 1504
31290 # 1504
31291 # 1504
31292 # 1504
31293 # 1504
31294 # 1504
31295 # 1504
31296 # 1504
31297 # 1504
31298 # 1504
31299 # 1504
31300 # 1504
31301 # 1504
31302 # 1504
31303 # 1504
31304 # 1504
31305 # 1504
31306 # 1504
31307 # 1504
31308 # 1504
31309 # 1504
31310 # 1504
31311 # 1504
31312 # 1504
31313 # 1504
31314 # 1504
31315 # 1504
31316 # 1504
31317 # 1504
31318 # 1504
31319 # 1504
31320 # 1504
31321 # 1504
31322 # 1504
31323 # 1504
31324 # 1504
31325 # 1504
31326 # 1504
31327 # 1504
31328 # 1504
31329 # 1504
31330 # 1504
31331 # 1504
31332 # 1504
31332 + 1500
31332 + 68
31332 + 1500
31332 + 68
31332 + 1500
31332 + 68
31332 + 1500
31332 + 68
31332 + 1500
31332 + 68
31332 + 1500
31332 + 68
31332 + 1500
31332 + 68
31332 + 1500
31332 + 68
31332 + 1500
31332 + 68
31332 + 1500
31332 + 68
31332 + 1500
31332 + 68
31332 + 1500
31332 + 68
31332 + 1500
31332 + 68
31332 + 1500
31332 + 68
31332 + 1500
31332 + 68
31332 + 1500
31332 + 68
31332 + 1500
31332 + 68
31332 + 1500
31332 + 68
31332 + 1500
31332 + 68
31332 + 1500
31332 + 68
31332 + 1500
31332 + 68
31332 + 1500
31332 + 68
31332 + 1500
31332 + 68
31332 + 1500
31332 + 68
31332 + 1500
31332 + 68
31332 + 1500
31332 + 68
31332 + 1500
31332 + 68
31332 + 1500
31332 + 68
31332 + 1500
31332 + 68
31332 + 1500
31332 + 68
31332 + 1500
31332 + 68
31332 + 1500
31332 + 68
31332 + 1500
31332 + 68
31332 + 1500
31332 + 68
31332 + 1500
31332 + 68
31332 + 1500
31332 + 68
31332 + 1500
31332 + 68
31332 + 1500
31332 + 68
31332 + 1500
31332 + 68
31332 + 1500
31332 + 68
31332 + 1500
31332 + 68
31332 + 1500
31332 + 68
31332 + 1500
31332 + 68
31332 + 1500
31332 + 68
31332 + 1500
31332 + 68
31332 + 1500
31332 + 68
31332 + 1500
31332 + 68
31332 + 1500
31332 + 68
31332 + 1500
31332 + 68
31332 + 1500
31332 + 68
31332 + 1500
31332 + 68
31332 + 1500
31332 + 68
31333 # 1504
31333 - 1500 1
31333 + 1500
31333 + 68
31334 # 1504
31334 - 68 2
31335 # 1504
31335 - 1500 3
31335 - 68 3
31336 # 1504
31336 - 1500 4
31336 - 68 4
31337 # 1504
31337 - 1500 5
31337 - 68 5
31338 # 1504
31338 - 1500 6
31338 - 68 6
31339 # 1504
31339 - 1500 7
31339 - 68 7
31340 # 1504
31340 - 1500 8
31340 - 68 8
31341 # 1504
31341 - 1500 9
31341 - 68 9
31342 # 1504
31342 - 1500 10
31342 - 68 10
31343 # 1504
31343 - 1500 11
31343 - 68 11
31344 # 1504
31344 - 1500 12
31344 - 68 12
31345 # 1504
31345 - 1500 13
31345 - 68 13
31346 # 1504
31346 - 1500 14
31346 - 68 14
31347 # 1504
31347 - 1500 15
31347 - 68 15
31348 # 1504
31348 - 1500 16
31348 - 68 16
31349 # 1504
31349 - 1500 17
31349 - 68 17
31350 # 1504
31350 - 1500 18
31350 - 68 18
31351 # 1504
31351 - 1500 19
31351 - 68 19
31352 # 1504
31352 - 1500 20
31352 - 68 20
31353 # 1504
31353 - 1500 21
31353 - 68 21
31354 # 1504
31354 - 1500 22
31354 - 68 22
31355 # 1504
31355 - 1500 23
31355 - 68 23
31356 # 1504
31356 - 1500 24
31356 - 68 24
31357 # 1504
31357 - 1500 25
31358 # 1504
31358 - 68 26
31359 # 1504
31359 - 1500 27
31359 - 68 27
31360 # 1504
31360 - 1500 28
31360 - 68 28
31361 # 1504
31361 - 1500 29
31361 - 68 29
31362 # 1504
31362 - 1500 30
31362 - 68 30
31363 # 1504
31363 - 1500 31
31363 - 68 31
31364 # 1504
31364 - 1500 32
31364 - 68 32
31365 # 1504
31365 - 1500 33
31365 - 68 33
31366 # 1504
31366 - 1500 34
31366 - 68 34
31367 # 1504
31367 - 1500 35
31367 - 68 35
31368 # 1504
31368 - 1500 36
31368 - 68 36
31369 # 1504
31369 - 1500 37
31369 - 68 37
31370 # 1504
31370 - 1500 38
31370 - 68 38
31371 # 1504
31371 - 1500 39
31371 - 68 39
31372 # 1504
31372 - 1500 40
31372 - 68 40
31373 # 1504
31373 - 1500 41
31373 - 68 41
31374 # 1504
31374 - 1500 42
31374 - 68 42
31375 # 1504
31375 - 1500 43
31375 - 68 43
31376 # 1504
31376 - 1500 44
31376 - 68 44
31377 # 1504
31377 - 1500 45
31377 - 68 45
31378 # 1504
31378 - 1500 46
31378 - 68 46
31379 # 1504
31379 - 1500 47
31379 - 68 47
31380 # 1504
31380 - 1500 48
31380 - 68 48
31381 # 1504
31381 - 1500 49
31381 - 68 49
31382 # 1504
31382 - 1500 50
31383 # 1504
31383 - 68 51
31384 # 1504
31384 - 1500 52
31384 - 68 52
31385 # 1504
31385 - 1500 53
31385 - 68 53
31386 # 1504
31386 - 1500 54
31386 - 68 54
31387 # 1504
31387 - 1500 55
31387 - 68 55
31388 # 1504
31388 - 1500 55
31388 - 68 55
31389 # 1504
31390 # 1504
31391 # 1504
31392 # 1504
31393 # 1504
31394 # 1504
31395 # 1504
31396 # 1504
31397 # 1504
31398 # 1504
31399 # 1504
31400 # 1504
31401 # 1504
31402 # 1504
31403 # 1504
31404 # 1504
31405 # 1504
31406 # 1504
31407 # 1504
31408 # 1504
31409 # 1504
31410 # 1504
31411 # 1504
31412 # 1504
31413 # 1504
31414 # 1504
31415 # 1504
31416 # 1504
31417 # 1504
31418 # 1504
31419 # 1504
31420 # 1504
31421 # 1504
31422 # 1504
31423 # 1504
31424 # 1504
31424 + 1500
31424 + 68
31424 + 1500
31424 + 68
31425 # 1504
31425 - 1500 1
31425 + 1500
31425 + 68
31426 # 1504
31426 - 68 2
31426 + 1500
31426 + 68
31426 + 1500
31426 + 68
31427 # 1504
31427 - 1500 3
31427 - 68 3
31427 + 1500
31427 + 68
31427 + 1500
31427 + 68
31428 # 1504
31428 - 1500 3
31428 - 68 3
31428 + 1500
31428 + 68
31428 + 1500
31428 + 68
31429 # 1504
31429 - 1500 3
31429 - 68 3
31429 + 1500
31429 + 68
31429 + 1500
31429 + 68
31430 # 1504
31430 - 1500 4
31430 - 68 4
31430 + 1500
31430 + 68
31431 # 1504
31431 - 1500 4
31431 - 68 4
31432 # 1504
31432 - 1500 5
31432 - 68 5
31433 # 1504
31433 - 1500 5
31433 - 68 5
31434 # 1504
31434 - 1500 6
31434 - 68 6
31434 + 1500
31434 + 68
31435 # 1504
31435 - 1500 6
31435 - 68 6
31436 # 1504
31436 - 1500 7
31436 - 68 7
31437 # 1504
31437 - 1500 7
31437 - 68 7
31438 # 1504
31438 - 1500 4
31438 - 68 4
31438 + 1500
31438 + 68
31439 # 1504
31439 - 1500 1
31440 # 1504
31440 - 68 2
31441 # 1504
31442 # 1504
31442 + 1500
31442 + 68
31443 # 1504
31443 - 1500 1
31444 # 1504
31444 - 68 2
31445 # 1504
31446 # 1504
31446 + 1500
31446 + 68
31447 # 1504
31447 - 1500 1
31448 # 1504
31448 - 68 2
31449 # 1504
31450 # 1504
31450 + 1500
31450 + 68
31451 # 1504
31451 - 1500 1
31452 # 1504
31452 - 68 2
31453 # 1504
31454 # 1504
31454 + 1500
31454 + 68
31455 # 1504
31455 - 1500 1
31456 # 1504
31456 - 68 2
31457 # 1504
31458 # 1504
31458 + 1500
31458 + 68
31459 # 1504
31459 - 1500 1
31460 # 1504
31460 - 68 2
31461 # 1504
31462 # 1504
31462 + 1500
31462 + 68
31463 # 1504
31463 - 1500 1
31464 # 1504
31464 - 68 2
31465 # 1504
31466 # 1504
31466 + 1500
31466 + 68
31467 # 1504
31467 - 1500 1
31468 # 1504
31468 - 68 2
31469 # 1504
31469 + 1500
31469 + 68
31470 # 1504
31470 - 1500 1
31471 # 1504
31471 - 68 2
31471 + 1500
31471 + 68
31472 # 1504
31472 - 1500 1
31473 # 1504
31473 - 68 2
31474 # 1504
31474 + 1500
31474 + 68
31475 # 1504
31475 - 1500 1
31476 # 1504
31476 - 68 2
31477 # 1504
31478 # 1504
31478 + 1500
31478 + 68
31479 # 1504
31479 - 1500 1
31480 # 1504
31480 - 68 2
31481 # 1504
31481 + 1500
31481 + 68
31482 # 1504
31482 - 1500 1
31483 # 1504
31483 - 68 2
31483 + 1500
31483 + 68
31484 # 1504
31484 - 1500 1
31485 # 1504
31485 - 68 2
31486 # 1504
31486 + 1500
31486 + 68
31487 # 1504
31487 - 1500 1
31488 # 1504
31488 - 68 2
31489 # 1504
31490 # 1504
31490 + 1500
31491 # 1504
31491 - 1500 1
31491 + 68
31492 # 1504
31492 - 68 1
31493 # 1504
31493 + 1500
31493 + 68
31494 # 1504
31494 - 1500 1
31495 # 1504
31495 - 68 2
31495 + 1500
31495 + 68
31496 # 1504
31496 - 1500 1
31497 # 1504
31497 - 68 2
31498 # 1504
31499 # 1504
31500 # 1504
31500 + 1500
31500 + 68
31501 # 1504
31501 - 1500 1
31502 # 1504
31502 - 68 2
31503 # 1504
31504 # 1504
31505 # 1504
31505 + 1500
31505 + 68
31506 # 1504
31506 - 1500 1
31507 # 1504
31507 - 68 2
31508 # 1504
31509 # 1504
31509 + 1500
31509 + 68
31510 # 1504
31510 - 1500 1
31511 # 1504
31511 - 68 2
31512 # 1504
31512 + 1500
31512 + 68
31513 # 1504
31513 - 1500 1
31514 # 1504
31514 - 68 2
31514 + 1500
31514 + 68
31515 # 1504
31515 - 1500 1
31516 # 1504
31516 - 68 2
31517 # 1504
31518 # 1504
31519 # 1504
31519 + 1500
31519 + 68
31520 # 1504
31520 - 1500 1
31521 # 1504
31521 - 68 2
31522 # 1504
31523 # 1504
31523 + 1500
31523 + 68
31524 # 1504
31524 - 1500 1
31525 # 1504
31525 - 68 2
31526 # 1504
31526 + 1500
31526 + 68
31527 # 1504
31527 - 1500 1
31528 # 1504
31528 - 68 2
31529 # 1504
31529 + 1500
31529 + 68
31530 # 1504
31530 - 1500 1
31531 # 1504
31531 - 68 2
31531 + 1500
31531 + 68
31532 # 1504
31532 - 1500 1
31533 # 1504
31533 - 68 2
31534 # 1504
31535 # 1504
31536 # 1504
31536 + 1500
31536 + 68
31537 # 1504
31537 - 1500 1
31538 # 1504
31538 - 68 2
31539 # 1504
31540 # 1504
31540 + 1500
31540 + 68
31541 # 1504
31541 - 1500 1
31542 # 1504
31542 - 68 2
31543 # 1504
31543 + 1500
31543 + 68
31544 # 1504
31544 - 1500 1
31545 # 1504
31545 - 68 2
31545 + 1500
31545 + 68
31546 # 1504
31546 - 1500 1
31547 # 1504
31547 - 68 2
31548 # 1504
31549 # 1504
31550 # 1504
31550 + 1500
31550 + 68
31551 # 1504
31551 - 1500 1
31552 # 1504
31552 - 68 2
31553 # 1504
31554 # 1504
31555 # 1504
31555 + 1500
31555 + 68
31556 # 1504
31556 - 1500 1
31557 # 1504
31557 - 68 2
31558 # 1504
31559 # 1504
31559 + 1500
31559 + 68
31560 # 1504
31560 - 1500 1
31561 # 1504
31561 - 68 2
31562 # 1504
31563 # 1504
31564 # 1504
31564 + 1500
31564 + 68
31565 # 1504
31565 - 1500 1
31566 # 1504
31566 - 68 2
31567 # 1504
31568 # 1504
31569 # 1504
31569 + 1500
31569 + 68
31570 # 1504
31570 - 1500 1
31571 # 1504
31571 - 68 2
31572 # 1504
31573 # 1504
31574 # 1504
31574 + 1500
31574 + 68
31575 # 1504
31575 - 1500 1
31576 # 1504
31576 - 68 2
31577 # 1504
31578 # 1504
31578 + 1500
31578 + 68
31579 # 1504
31579 - 1500 1
31580 # 1504
31580 - 68 2
31581 # 1504
31581 + 1500
31581 + 68
31582 # 1504
31582 - 1500 1
31583 # 1504
31583 - 68 2
31583 + 1500
31583 + 68
31584 # 1504
31584 - 1500 1
31585 # 1504
31585 - 68 2
31586 # 1504
31587 # 1504
31588 # 1504
31588 + 1500
31588 + 68
31589 # 1504
31589 - 1500 1
31590 # 1504
31590 - 68 2
31591 # 1504
31592 # 1504
31593 # 1504
31593 + 1500
31593 + 68
31594 # 1504
31594 - 1500 1
31595 # 1504
31595 - 68 2
31596 # 1504
31597 # 1504
31597 + 1500
31597 + 68
31598 # 1504
31598 - 1500 1
31599 # 1504
31599 - 68 2
31600 # 1504
31601 # 1504
31602 # 1504
31602 + 1500
31602 + 68
31603 # 1504
31603 - 1500 1
31604 # 1504
31604 - 68 2
31605 # 1504
31606 # 1504
31607 # 1504
31607 + 1500
31607 + 68
31608 # 1504
31608 - 1500 1
31609 # 1504
31609 - 68 2
31610 # 1504
31611 # 1504
31612 # 1504
31612 + 1500
31612 + 68
31613 # 1504
31613 - 1500 1
31614 # 1504
31614 - 68 2
31615 # 1504
31615 + 1500
31615 + 68
31616 # 1504
31616 - 1500 1
31617 # 1504
31617 - 68 2
31617 + 1500
31617 + 68
31618 # 1504
31618 - 1500 1
31619 # 1504
31619 - 68 2
31620 # 1504
31620 + 1500
31620 + 68
31621 # 1504
31621 - 1500 1
31622 # 1504
31622 - 68 2
31622 + 1500
31622 + 68
31623 # 1504
31623 - 1500 1
31624 # 1504
31624 - 68 2
31625 # 1504
31626 # 1504
31627 # 1504
31627 + 1500
31627 + 68
31628 # 1504
31628 - 1500 1
31629 # 1504
31629 - 68 2
31630 # 1504
31631 # 1504
31631 + 1500
31631 + 68
31632 # 1504
31632 - 1500 1
31633 # 1504
31633 - 68 2
31634 # 1504
31634 + 1500
31634 + 68
31635 # 1504
31635 - 1500 1
31636 # 1504
31636 - 68 2
31637 # 1504
31637 + 1500
31637 + 68
31638 # 1504
31638 - 1500 1
31639 # 1504
31639 - 68 2
31640 # 1504
31641 # 1504
31642 # 1504
31642 + 1500
31642 + 68
31643 # 1504
31643 - 1500 1
31644 # 1504
31644 - 68 2
31645 # 1504
31646 # 1504
31647 # 1504
31647 + 1500
31647 + 68
31648 # 1504
31648 - 1500 1
31649 # 1504
31649 - 68 2
31650 # 1504
31651 # 1504
31651 + 1500
31651 + 68
31652 # 1504
31652 - 1500 1
31653 # 1504
31653 - 68 2
31654 # 1504
31654 + 1500
31654 + 68
31655 # 1504
31655 - 1500 1
31656 # 1504
31656 - 68 2
31656 + 1500
31656 + 68
31657 # 1504
31657 - 1500 1
31658 # 1504
31658 - 68 2
31659 # 1504
31659 + 1500
31659 + 68
31660 # 1504
31660 - 1500 1
31661 # 1504
31661 - 68 2
31662 # 1504
31663 # 1504
31664 # 1504
31664 + 1500
31664 + 68
31665 # 1504
31665 - 1500 1
31666 # 1504
31666 - 68 2
31667 # 1504
31668 # 1504
31668 + 1500
31668 + 68
31669 # 1504
31669 - 1500 1
31670 # 1504
31670 - 68 2
31671 # 1504
31671 + 1500
31671 + 68
31672 # 1504
31672 - 1500 1
31673 # 1504
31673 - 68 2
31673 + 1500
31673 + 68
31674 # 1504
31674 - 1500 1
31675 # 1504
31675 - 68 2
31676 # 1504
31677 # 1504
31678 # 1504
31678 + 1500
31678 + 68
31679 # 1504
31679 - 1500 1
31680 # 1504
31680 - 68 2
31681 # 1504
31682 # 1504
31682 + 1500
31682 + 68
31683 # 1504
31683 - 1500 1
31684 # 1504
31684 - 68 2
31685 # 1504
31685 + 1500
31685 + 68
31686 # 1504
31686 - 1500 1
31687 # 1504
31687 - 68 2
31687 + 1500
31687 + 68
31688 # 1504
31688 - 1500 1
31689 # 1504
31689 - 68 2
31690 # 1504
31691 # 1504
31692 # 1504
31692 + 1500
31692 + 68
31693 # 1504
31693 - 1500 1
31694 # 1504
31694 - 68 2
31695 # 1504
31696 # 1504
31696 + 1500
31696 + 68
31697 # 1504
31697 - 1500 1
31698 # 1504
31698 - 68 2
31699 # 1504
31699 + 1500
31699 + 68
31700 # 1504
31700 - 1500 1
31701 # 1504
31701 - 68 2
31701 + 1500
31701 + 68
31702 # 1504
31702 - 1500 1
31703 # 1504
31703 - 68 2
31704 # 1504
31704 + 1500
31704 + 68
31705 # 1504
31705 - 1500 1
31706 # 1504
31706 - 68 2
31707 # 1504
31708 # 1504
31709 # 1504
31709 + 1500
31709 + 68
31710 # 1504
31710 - 1500 1
31711 # 1504
31711 - 68 2
31712 # 1504
31713 # 1504
31713 + 1500
31713 + 68
31714 # 1504
31714 - 1500 1
31715 # 1504
31715 - 68 2
31716 # 1504
31716 + 1500
31716 + 68
31717 # 1504
31717 - 1500 1
31718 # 1504
31718 - 68 2
31718 + 1500
31718 + 68
31719 # 1504
31719 - 1500 1
31720 # 1504
31720 - 68 2
31721 # 1504
31721 + 1500
31721 + 68
31722 # 1504
31722 - 1500 1
31723 # 1504
31723 - 68 2
31724 # 1504
31725 # 1504
31726 # 1504
31726 + 1500
31726 + 68
31727 # 1504
31727 - 1500 1
31728 # 1504
31728 - 68 2
31729 # 1504
31730 # 1504
31730 + 1500
31730 + 68
31731 # 1504
31731 - 1500 1
31732 # 1504
31732 - 68 2
31733 # 1504
31733 + 1500
31733 + 68
31734 # 1504
31734 - 1500 1
31735 # 1504
31735 - 68 2
31735 + 1500
31735 + 68
31736 # 1504
31736 - 1500 1
31737 # 1504
31737 - 68 2
31738 # 1504
31738 + 1500
31738 + 68
31739 # 1504
31739 - 1500 1
31740 # 1504
31740 - 68 2
31741 # 1504
31742 # 1504
31742 + 1500
31743 # 1504
31743 - 1500 1
31743 + 68
31744 # 1504
31744 - 68 1
31745 # 1504
31745 + 1500
31745 + 68
31746 # 1504
31746 - 1500 1
31747 # 1504
31747 - 68 2
31748 # 1504
31748 + 1500
31748 + 68
31749 # 1504
31749 - 1500 1
31750 # 1504
31750 - 68 2
31751 # 1504
31752 # 1504
31753 # 1504
31754 # 1504
31754 + 1500
31754 + 68
31755 # 1504
31755 - 1500 1
31756 # 1504
31756 - 68 2
31757 # 1504
31758 # 1504
31758 + 1500
31758 + 68
31759 # 1504
31759 - 1500 1
31760 # 1504
31760 - 68 2
31761 # 1504
31762 # 1504
31762 + 1500
31762 + 68
31763 # 1504
31763 - 1500 1
31764 # 1504
31764 - 68 2
31765 # 1504
31765 + 1500
31765 + 68
31766 # 1504
31766 - 1500 1
31767 # 1504
31767 - 68 2
31767 + 1500
31767 + 68
31768 # 1504
31768 - 1500 1
31769 # 1504
31769 - 68 2
31770 # 1504
31770 + 1500
31770 + 68
31771 # 1504
31771 - 1500 1
31772 # 1504
31772 - 68 2
31773 # 1504
31774 # 1504
31775 # 1504
31775 + 1500
31775 + 68
31776 # 1504
31776 - 1500 1
31777 # 1504
31777 - 68 2
31778 # 1504
31779 # 1504
31779 + 1500
31779 + 68
31780 # 1504
31780 - 1500 1
31781 # 1504
31781 - 68 2
31782 # 1504
31783 # 1504
31784 # 1504
31784 + 1500
31784 + 68
31785 # 1504
31785 - 1500 1
31786 # 1504
31786 - 68 2
31787 # 1504
31788 # 1504
31789 # 1504
31789 + 1500
31789 + 68
31790 # 1504
31790 - 1500 1
31791 # 1504
31791 - 68 2
31792 # 1504
31793 # 1504
31794 # 1504
31794 + 1500
31794 + 68
31795 # 1504
31795 - 1500 1
31796 # 1504
31796 - 68 2
31797 # 1504
31798 # 1504
31799 # 1504
31799 + 1500
31799 + 68
31800 # 1504
31800 - 1500 1
31801 # 1504
31801 - 68 2
31802 # 1504
31803 # 1504
31803 + 1500
31803 + 68
31804 # 1504
31804 - 1500 1
31805 # 1504
31805 - 68 2
31806 # 1504
31806 + 1500
31806 + 68
31807 # 1504
31807 - 1500 1
31808 # 1504
31808 - 68 2
31809 # 1504
31809 + 1500
31809 + 68
31810 # 1504
31810 - 1500 1
31811 # 1504
31811 - 68 2
31811 + 1500
31811 + 68
31812 # 1504
31812 - 1500 1
31813 # 1504
31813 - 68 2
31813 + 1500
31813 + 68
31814 # 1504
31814 - 1500 1
31815 # 1504
31815 - 68 2
31816 # 1504
31816 + 1500
31816 + 68
31817 # 1504
31817 - 1500 1
31818 # 1504
31818 - 68 2
31819 # 1504
31819 + 1500
31819 + 68
31820 # 1504
31820 - 1500 1
31821 # 1504
31821 - 68 2
31821 + 1500
31821 + 68
31822 # 1504
31822 - 1500 1
31823 # 1504
31823 - 68 2
31824 # 1504
31824 + 1500
31824 + 68
31825 # 1504
31825 - 1500 1
31826 # 1504
31826 - 68 2
31827 # 1504
31828 # 1504
31829 # 1504
31829 + 1500
31829 + 68
31830 # 1504
31830 - 1500 1
31831 # 1504
31831 - 68 2
31832 # 1504
31833 # 1504
31833 + 1500
31833 + 68
31834 # 1504
31834 - 1500 1
31835 # 1504
31835 - 68 2
31836 # 1504
31836 + 1500
31836 + 68
31837 # 1504
31837 - 1500 1
31838 # 1504
31838 - 68 2
31839 # 1504
31839 + 1500
31839 + 68
31840 # 1504
31840 - 1500 1
31841 # 1504
31841 - 68 2
31842 # 1504
31843 # 1504
31844 # 1504
31844 + 1500
31844 + 68
31845 # 1504
31845 - 1500 1
31846 # 1504
31846 - 68 2
31847 # 1504
31848 # 1504
31849 # 1504
31849 + 1500
31849 + 68
31850 # 1504
31850 - 1500 1
31851 # 1504
31851 - 68 2
31852 # 1504
31853 # 1504
31853 + 1500
31853 + 68
31854 # 1504
31854 - 1500 1
31855 # 1504
31855 - 68 2
31856 # 1504
31856 + 1500
31856 + 68
31857 # 1504
31857 - 1500 1
31858 # 1504
31858 - 68 2
31859 # 1504
31859 + 1500
31859 + 68
31860 # 1504
31860 - 1500 1
31861 # 1504
31861 - 68 2
31862 # 1504
31863 # 1504
31864 # 1504
31864 + 1500
31864 + 68
31865 # 1504
31865 - 1500 1
31866 # 1504
31866 - 68 2
31867 # 1504
31867 + 1500
31867 + 68
31868 # 1504
31868 - 1500 1
31869 # 1504
31869 - 68 2
31869 + 1500
31869 + 68
31870 # 1504
31870 - 1500 1
31871 # 1504
31871 - 68 2
31872 # 1504
31872 + 1500
31872 + 68
31873 # 1504
31873 - 1500 1
31874 # 1504
31874 - 68 2
31874 + 1500
31874 + 68
31875 # 1504
31875 - 1500 1
31876 # 1504
31876 - 68 2
31877 # 1504
31878 # 1504
31878 + 1500
31878 + 68
31879 # 1504
31879 - 1500 1
31880 # 1504
31880 - 68 2
31881 # 1504
31882 # 1504
31882 + 1500
31882 + 68
31883 # 1504
31883 - 1500 1
31884 # 1504
31884 - 68 2
31885 # 1504
31886 # 1504
31886 + 1500
31886 + 68
31887 # 1504
31887 - 1500 1
31888 # 1504
31888 - 68 2
31889 # 1504
31889 + 1500
31889 + 68
31890 # 1504
31890 - 1500 1
31891 # 1504
31891 - 68 2
31892 # 1504
31892 + 1500
31892 + 68
31893 # 1504
31893 - 1500 1
31894 # 1504
31894 - 68 2
31895 # 1504
31895 + 1500
31895 + 68
31896 # 1504
31896 - 1500 1
31897 # 1504
31897 - 68 2
31898 # 1504
31899 # 1504
31900 # 1504
31900 + 1500
31900 + 68
31901 # 1504
31901 - 1500 1
31902 # 1504
31902 - 68 2
31903 # 1504
31903 + 1500
31903 + 68
31904 # 1504
31904 - 1500 1
31905 # 1504
31905 - 68 2
31906 # 1504
31906 + 1500
31906 + 68
31907 # 1504
31907 - 1500 1
31908 # 1504
31908 - 68 2
31908 + 1500
31908 + 68
31909 # 1504
31909 - 1500 1
31910 # 1504
31910 - 68 2
31911 # 1504
31912 # 1504
31913 # 1504
31913 + 1500
31913 + 68
31914 # 1504
31914 - 1500 1
31915 # 1504
31915 - 68 2
31916 # 1504
31917 # 1504
31918 # 1504
31918 + 1500
31918 + 68
31919 # 1504
31919 - 1500 1
31920 # 1504
31920 - 68 2
31921 # 1504
31922 # 1504
31923 # 1504
31923 + 1500
31923 + 68
31924 # 1504
31924 - 1500 1
31925 # 1504
31925 - 68 2
31926 # 1504
31927 # 1504
31927 + 1500
31927 + 68
31928 # 1504
31928 - 1500 1
31929 # 1504
31929 - 68 2
31930 # 1504
31931 # 1504
31932 # 1504
31932 + 1500
31932 + 68
31933 # 1504
31933 - 1500 1
31934 # 1504
31934 - 68 2
31935 # 1504
31935 + 1500
31935 + 68
31936 # 1504
31936 - 1500 1
31937 # 1504
31937 - 68 2
31938 # 1504
31938 + 1500
31938 + 68
31939 # 1504
31939 - 1500 1
31940 # 1504
31940 - 68 2
31941 # 1504
31942 # 1504
31943 # 1504
31943 + 1500
31943 + 68
31944 # 1504
31944 - 1500 1
31945 # 1504
31945 - 68 2
31946 # 1504
31947 # 1504
31948 # 1504
31948 + 1500
31948 + 68
31949 # 1504
31949 - 1500 1
31950 # 1504
31950 - 68 2
31951 # 1504
31952 # 1504
31952 + 1500
31952 + 68
31953 # 1504
31953 - 1500 1
31954 # 1504
31954 - 68 2
31955 # 1504
31956 # 1504
31957 # 1504
31957 + 1500
31957 + 68
31958 # 1504
31958 - 1500 1
31959 # 1504
31959 - 68 2
31960 # 1504
31961 # 1504
31962 # 1504
31962 + 1500
31962 + 68
31963 # 1504
31963 - 1500 1
31964 # 1504
31964 - 68 2
31965 # 1504
31966 # 1504
31967 # 1504
31967 + 1500
31967 + 68
31968 # 1504
31968 - 1500 1
31969 # 1504
31969 - 68 2
31970 # 1504
31971 # 1504
31972 # 1504
31972 + 1500
31972 + 68
31973 # 1504
31973 - 1500 1
31974 # 1504
31974 - 68 2
31975 # 1504
31976 # 1504
31976 + 1500
31976 + 68
31977 # 1504
31977 - 1500 1
31978 # 1504
31978 - 68 2
31979 # 1504
31980 # 1504
31981 # 1504
31981 + 1500
31981 + 68
31982 # 1504
31982 - 1500 1
31983 # 1504
31983 - 68 2
31984 # 1504
31985 # 1504
31986 # 1504
31986 + 1500
31986 + 68
31987 # 1504
31987 - 1500 1
31988 # 1504
31988 - 68 2
31989 # 1504
31990 # 1504
31991 # 1504
31991 + 1500
31991 + 68
31992 # 1504
31992 - 1500 1
31993 # 1504
31993 - 68 2
31994 # 1504
31995 # 1504
31995 + 1500
31995 + 68
31996 # 1504
31996 - 1500 1
31997 # 1504
31997 - 68 2
31998 # 1504
31998 + 1500
31998 + 68
31999 # 1504
31999 - 1500 1
32000 # 1504
32000 - 68 2
32001 # 1504
32001 + 1500
32001 + 68
32002 # 1504
32002 - 1500 1
32003 # 1504
32003 - 68 2
32003 + 1500
32003 + 68
32004 # 1504
32004 - 1500 1
32005 # 1504
32005 - 68 2
32006 # 1504
32006 + 1500
32006 + 68
32007 # 1504
32007 - 1500 1
32008 # 1504
32008 - 68 2
32009 # 1504
32010 # 1504
32010 + 1500
32010 + 68
32011 # 1504
32011 - 1500 1
32012 # 1504
32012 - 68 2
32013 # 1504
32013 + 1500
32013 + 68
32014 # 1504
32014 - 1500 1
32015 # 1504
32015 - 68 2
32016 # 1504
32016 + 1500
32016 + 68
32017 # 1504
32017 - 1500 1
32018 # 1504
32018 - 68 2
32019 # 1504
32020 # 1504
32021 # 1504
32021 + 1500
32021 + 68
32022 # 1504
32022 - 1500 1
32023 # 1504
32023 - 68 2
32024 # 1504
32025 # 1504
32026 # 1504
32026 + 1500
32026 + 68
32027 # 1504
32027 - 1500 1
32028 # 1504
32028 - 68 2
32029 # 1504
32030 # 1504
32031 # 1504
32031 + 1500
32031 + 68
32032 # 1504
32032 - 1500 1
32033 # 1504
32033 - 68 2
32034 # 1504
32035 # 1504
32035 + 1500
32035 + 68
32036 # 1504
32036 - 1500 1
32037 # 1504
32037 - 68 2
32038 # 1504
32038 + 1500
32038 + 68
32039 # 1504
32039 - 1500 1
32040 # 1504
32040 - 68 2
32041 # 1504
32041 + 1500
32041 + 68
32042 # 1504
32042 - 1500 1
32043 # 1504
32043 - 68 2
32044 # 1504
32045 # 1504
32046 # 1504
32046 + 1500
32046 + 68
32047 # 1504
32047 - 1500 1
32048 # 1504
32048 - 68 2
32049 # 1504
32050 # 1504
32050 + 1500
32050 + 68
32051 # 1504
32051 - 1500 1
32052 # 1504
32052 - 68 2
32053 # 1504
32053 + 1500
32053 + 68
32054 # 1504
32054 - 1500 1
32055 # 1504
32055 - 68 2
32055 + 1500
32055 + 68
32056 # 1504
32056 - 1500 1
32057 # 1504
32057 - 68 2
32058 # 1504
32058 + 1500
32058 + 68
32059 # 1504
32059 - 1500 1
32060 # 1504
32060 - 68 2
32061 # 1504
32062 # 1504
32063 # 1504
32063 + 1500
32063 + 68
32064 # 1504
32064 - 1500 1
32065 # 1504
32065 - 68 2
32066 # 1504
32067 # 1504
32067 + 1500
32067 + 68
32068 # 1504
32068 - 1500 1
32069 # 1504
32069 - 68 2
32070 # 1504
32070 + 1500
32070 + 68
32071 # 1504
32071 - 1500 1
32072 # 1504
32072 - 68 2
32072 + 1500
32072 + 68
32073 # 1504
32073 - 1500 1
32074 # 1504
32074 - 68 2
32075 # 1504
32075 + 1500
32075 + 68
32076 # 1504
32076 - 1500 1
32077 # 1504
32077 - 68 2
32078 # 1504
32079 # 1504
32080 # 1504
32080 + 1500
32080 + 68
32081 # 1504
32081 - 1500 1
32082 # 1504
32082 - 68 2
32083 # 1504
32084 # 1504
32084 + 1500
32084 + 68
32085 # 1504
32085 - 1500 1
32086 # 1504
32086 - 68 2
32087 # 1504
32088 # 1504
32089 # 1504
32089 + 1500
32089 + 68
32090 # 1504
32090 - 1500 1
32091 # 1504
32091 - 68 2
32092 # 1504
32093 # 1504
32094 # 1504
32094 + 1500
32094 + 68
32095 # 1504
32095 - 1500 1
32096 # 1504
32096 - 68 2
32097 # 1504
32098 # 1504
32099 # 1504
32099 + 1500
32099 + 68
32100 # 1504
32100 - 1500 1
32101 # 1504
32101 - 68 2
32102 # 1504
32103 # 1504
32104 # 1504
32104 + 1500
32104 + 68
32105 # 1504
32105 - 1500 1
32106 # 1504
32106 - 68 2
32107 # 1504
32108 # 1504
32108 + 1500
32108 + 68
32109 # 1504
32109 - 1500 1
32110 # 1504
32110 - 68 2
32111 # 1504
32112 # 1504
32113 # 1504
32113 + 1500
32113 + 68
32114 # 1504
32114 - 1500 1
32115 # 1504
32115 - 68 2
32116 # 1504
32117 # 1504
32118 # 1504
32118 + 1500
32118 + 68
32119 # 1504
32119 - 1500 1
32120 # 1504
32120 - 68 2
32121 # 1504
32122 # 1504
32123 # 1504
32123 + 1500
32123 + 68
32124 # 1504
32124 - 1500 1
32125 # 1504
32125 - 68 2
32126 # 1504
32127 # 1504
32128 # 1504
32128 + 1500
32128 + 68
32129 # 1504
32129 - 1500 1
32130 # 1504
32130 - 68 2
32131 # 1504
32132 # 1504
32132 + 1500
32132 + 68
32133 # 1504
32133 - 1500 1
32134 # 1504
32134 - 68 2
32135 # 1504
32135 + 1500
32135 + 68
32136 # 1504
32136 - 1500 1
32137 # 1504
32137 - 68 2
32138 # 1504
32138 + 1500
32138 + 68
32139 # 1504
32139 - 1500 1
32140 # 1504
32140 - 68 2
32141 # 1504
32141 + 1500
32141 + 68
32142 # 1504
32142 - 1500 1
32143 # 1504
32143 - 68 2
32144 # 1504
32145 # 1504
32146 # 1504
32146 + 1500
32146 + 68
32147 # 1504
32147 - 1500 1
32148 # 1504
32148 - 68 2
32149 # 1504
32150 # 1504
32150 + 1500
32150 + 68
32151 # 1504
32151 - 1500 1
32152 # 1504
32152 - 68 2
32153 # 1504
32153 + 1500
32153 + 68
32154 # 1504
32154 - 1500 1
32155 # 1504
32155 - 68 2
32156 # 1504
32156 + 1500
32156 + 68
32157 # 1504
32157 - 1500 1
32158 # 1504
32158 - 68 2
32159 # 1504
32160 # 1504
32161 # 1504
32161 + 1500
32161 + 68
32162 # 1504
32162 - 1500 1
32163 # 1504
32163 - 68 2
32164 # 1504
32165 # 1504
32166 # 1504
32166 + 1500
32166 + 68
32167 # 1504
32167 - 1500 1
32168 # 1504
32168 - 68 2
32169 # 1504
32170 # 1504
32170 + 1500
32171 # 1504
32171 - 1500 1
32171 + 68
32172 # 1504
32172 - 68 1
32173 # 1504
32173 + 1500
32173 + 68
32174 # 1504
32174 - 1500 1
32175 # 1504
32175 - 68 2
32176 # 1504
32176 + 1500
32176 + 68
32177 # 1504
32177 - 1500 1
32178 # 1504
32178 - 68 2
32179 # 1504
32179 + 1500
32179 + 68
32180 # 1504
32180 - 1500 1
32181 # 1504
32181 - 68 2
32182 # 1504
32183 # 1504
32184 # 1504
32184 + 1500
32184 + 68
32185 # 1504
32185 - 1500 1
32186 # 1504
32186 - 68 2
32187 # 1504
32188 # 1504
32189 # 1504
32189 + 1500
32189 + 68
32190 # 1504
32190 - 1500 1
32191 # 1504
32191 - 68 2
32192 # 1504
32193 # 1504
32194 # 1504
32194 + 1500
32195 # 1504
32195 - 1500 1
32195 + 68
32196 # 1504
32196 - 68 1
32197 # 1504
32198 # 1504
32198 + 1500
32198 + 68
32199 # 1504
32199 - 1500 1
32200 # 1504
32200 - 68 2
32201 # 1504
32202 # 1504
32203 # 1504
32203 + 1500
32203 + 68
32204 # 1504
32204 - 1500 1
32205 # 1504
32205 - 68 2
32206 # 1504
32207 # 1504
32208 # 1504
32208 + 1500
32208 + 68
32209 # 1504
32209 - 1500 1
32210 # 1504
32210 - 68 2
32211 # 1504
32212 # 1504
32213 # 1504
32213 + 1500
32213 + 68
32214 # 1504
32214 - 1500 1
32215 # 1504
32215 - 68 2
32216 # 1504
32217 # 1504
32217 + 1500
32217 + 68
32218 # 1504
32218 - 1500 1
32219 # 1504
32219 - 68 2
32220 # 1504
32220 + 1500
32220 + 68
32221 # 1504
32221 - 1500 1
32222 # 1504
32222 - 68 2
32223 # 1504
32223 + 1500
32223 + 68
32224 # 1504
32224 - 1500 1
32225 # 1504
32225 - 68 2
32226 # 1504
32227 # 1504
32228 # 1504
32228 + 1500
32228 + 68
32229 # 1504
32229 - 1500 1
32230 # 1504
32230 - 68 2
32231 # 1504
32232 # 1504
32233 # 1504
32233 + 1500
32233 + 68
32234 # 1504
32234 - 1500 1
32235 # 1504
32235 - 68 2
32236 # 1504
32237 # 1504
32237 + 1500
32237 + 68
32238 # 1504
32238 - 1500 1
32239 # 1504
32239 - 68 2
32240 # 1504
32240 + 1500
32240 + 68
32241 # 1504
32241 - 1500 1
32242 # 1504
32242 - 68 2
32242 + 1500
32242 + 68
32243 # 1504
32243 - 1500 1
32244 # 1504
32244 - 68 2
32245 # 1504
32245 + 1500
32245 + 68
32246 # 1504
32246 - 1500 1
32247 # 1504
32247 - 68 2
32248 # 1504
32249 # 1504
32249 + 1500
32249 + 68
32250 # 1504
32250 - 1500 1
32251 # 1504
32251 - 68 2
32252 # 1504
32252 + 1500
32252 + 68
32253 # 1504
32253 - 1500 1
32254 # 1504
32254 - 68 2
32254 + 1500
32254 + 68
32255 # 1504
32255 - 1500 1
32256 # 1504
32256 - 68 2
32257 # 1504
32257 + 1500
32257 + 68
32258 # 1504
32258 - 1500 1
32259 # 1504
32259 - 68 2
32260 # 1504
32261 # 1504
32262 # 1504
32262 + 1500
32262 + 68
32263 # 1504
32263 - 1500 1
32264 # 1504
32264 - 68 2
32265 # 1504
32266 # 1504
32266 + 1500
32266 + 68
32267 # 1504
32267 - 1500 1
32268 # 1504
32268 - 68 2
32269 # 1504
32269 + 1500
32269 + 68
32270 # 1504
32270 - 1500 1
32271 # 1504
32271 - 68 2
32272 # 1504
32272 + 1500
32272 + 68
32273 # 1504
32273 - 1500 1
32274 # 1504
32274 - 68 2
32274 + 1500
32274 + 68
32275 # 1504
32275 - 1500 1
32276 # 1504
32276 - 68 2
32277 # 1504
32277 + 1500
32277 + 68
32278 # 1504
32278 - 1500 1
32279 # 1504
32279 - 68 2
32280 # 1504
32281 # 1504
32281 + 1500
32281 + 68
32282 # 1504
32282 - 1500 1
32283 # 1504
32283 - 68 2
32284 # 1504
32284 + 1500
32284 + 68
32285 # 1504
32285 - 1500 1
32286 # 1504
32286 - 68 2
32286 + 1500
32286 + 68
32287 # 1504
32287 - 1500 1
32288 # 1504
32288 - 68 2
32289 # 1504
32289 + 1500
32289 + 68
32290 # 1504
32290 - 1500 1
32291 # 1504
32291 - 68 2
32292 # 1504
32293 # 1504
32293 + 1500
32293 + 68
32294 # 1504
32294 - 1500 1
32295 # 1504
32295 - 68 2
32296 # 1504
32296 + 1500
32296 + 68
32297 # 1504
32297 - 1500 1
32298 # 1504
32298 - 68 2
32298 + 1500
32298 + 68
32299 # 1504
32299 - 1500 1
32300 # 1504
32300 - 68 2
32301 # 1504
32301 + 1500
32301 + 68
32302 # 1504
32302 - 1500 1
32303 # 1504
32303 - 68 2
32304 # 1504
32305 # 1504
32306 # 1504
32306 + 1500
32306 + 68
32307 # 1504
32307 - 1500 1
32308 # 1504
32308 - 68 2
32309 # 1504
32310 # 1504
32310 + 1500
32310 + 68
32311 # 1504
32311 - 1500 1
32312 # 1504
32312 - 68 2
32313 # 1504
32313 + 1500
32313 + 68
32314 # 1504
32314 - 1500 1
32315 # 1504
32315 - 68 2
32316 # 1504
32316 + 1500
32316 + 68
32317 # 1504
32317 - 1500 1
32318 # 1504
32318 - 68 2
32319 # 1504
32320 # 1504
32321 # 1504
32321 + 1500
32321 + 68
32322 # 1504
32322 - 1500 1
32323 # 1504
32323 - 68 2
32324 # 1504
32325 # 1504
32326 # 1504
32326 + 1500
32326 + 68
32327 # 1504
32327 - 1500 1
32328 # 1504
32328 - 68 2
32329 # 1504
32330 # 1504
32330 + 1500
32330 + 68
32331 # 1504
32331 - 1500 1
32332 # 1504
32332 - 68 2
32333 # 1504
32333 + 1500
32333 + 68
32334 # 1504
32334 - 1500 1
32335 # 1504
32335 - 68 2
32336 # 1504
32336 + 1500
32336 + 68
32337 # 1504
32337 - 1500 1
32338 # 1504
32338 - 68 2
32339 # 1504
32340 # 1504
32341 # 1504
32341 + 1500
32341 + 68
32342 # 1504
32342 - 1500 1
32343 # 1504
32343 - 68 2
32344 # 1504
32345 # 1504
32346 # 1504
32346 + 1500
32346 + 68
32347 # 1504
32347 - 1500 1
32348 # 1504
32348 - 68 2
32349 # 1504
32350 # 1504
32350 + 1500
32350 + 68
32351 # 1504
32351 - 1500 1
32352 # 1504
32352 - 68 2
32353 # 1504
32353 + 1500
32353 + 68
32354 # 1504
32354 - 1500 1
32355 # 1504
32355 - 68 2
32355 + 1500
32355 + 68
32356 # 1504
32356 - 1500 1
32357 # 1504
32357 - 68 2
32358 # 1504
32358 + 1500
32358 + 68
32359 # 1504
32359 - 1500 1
32360 # 1504
32360 - 68 2
32361 # 1504
32362 # 1504
32362 + 1500
32362 + 68
32363 # 1504
32363 - 1500 1
32364 # 1504
32364 - 68 2
32365 # 1504
32365 + 1500
32365 + 68
32366 # 1504
32366 - 1500 1
32367 # 1504
32367 - 68 2
32367 + 1500
32367 + 68
32368 # 1504
32368 - 1500 1
32369 # 1504
32369 - 68 2
32370 # 1504
32371 # 1504
32372 # 1504
32372 + 1500
32372 + 68
32373 # 1504
32373 - 1500 1
32374 # 1504
32374 - 68 2
32375 # 1504
32376 # 1504
32377 # 1504
32377 + 1500
32377 + 68
32378 # 1504
32378 - 1500 1
32379 # 1504
32379 - 68 2
32380 # 1504
32381 # 1504
32381 + 1500
32381 + 68
32382 # 1504
32382 - 1500 1
32383 # 1504
32383 - 68 2
32384 # 1504
32385 # 1504
32386 # 1504
32386 + 1500
32386 + 68
32387 # 1504
32387 - 1500 1
32388 # 1504
32388 - 68 2
32389 # 1504
32390 # 1504
32391 # 1504
32391 + 1500
32391 + 68
32392 # 1504
32392 - 1500 1
32393 # 1504
32393 - 68 2
32394 # 1504
32395 # 1504
32396 # 1504
32396 + 1500
32396 + 68
32397 # 1504
32397 - 1500 1
32398 # 1504
32398 - 68 2
32399 # 1504
32400 # 1504
32401 # 1504
32401 + 1500
32401 + 68
32402 # 1504
32402 - 1500 1
32403 # 1504
32403 - 68 2
32404 # 1504
32405 # 1504
32405 + 1500
32405 + 68
32406 # 1504
32406 - 1500 1
32407 # 1504
32407 - 68 2
32408 # 1504
32408 + 1500
32408 + 68
32409 # 1504
32409 - 1500 1
32410 # 1504
32410 - 68 2
32410 + 1500
32410 + 68
32411 # 1504
32411 - 1500 1
32412 # 1504
32412 - 68 2
32413 # 1504
32413 + 1500
32413 + 68
32414 # 1504
32414 - 1500 1
32415 # 1504
32415 - 68 2
32416 # 1504
32417 # 1504
32417 + 1500
32417 + 68
32418 # 1504
32418 - 1500 1
32419 # 1504
32419 - 68 2
32420 # 1504
32420 + 1500
32420 + 68
32421 # 1504
32421 - 1500 1
32422 # 1504
32422 - 68 2
32423 # 1504
32423 + 1500
32423 + 68
32424 # 1504
32424 - 1500 1
32425 # 1504
32425 - 68 2
32425 + 1500
32425 + 68
32426 # 1504
32426 - 1500 1
32427 # 1504
32427 - 68 2
32428 # 1504
32428 + 1500
32428 + 68
32429 # 1504
32429 - 1500 1
32430 # 1504
32430 - 68 2
32431 # 1504
32432 # 1504
32432 + 1500
32432 + 68
32433 # 1504
32433 - 1500 1
32434 # 1504
32434 - 68 2
32435 # 1504
32435 + 1500
32435 + 68
32436 # 1504
32436 - 1500 1
32437 # 1504
32437 - 68 2
32437 + 1500
32437 + 68
32438 # 1504
32438 - 1500 1
32439 # 1504
32439 - 68 2
32440 # 1504
32441 # 1504
32442 # 1504
32442 + 1500
32442 + 68
32443 # 1504
32443 - 1500 1
32444 # 1504
32444 - 68 2
32445 # 1504
32446 # 1504
32447 # 1504
32447 + 1500
32447 + 68
32448 # 1504
32448 - 1500 1
32449 # 1504
32449 - 68 2
32450 # 1504
32451 # 1504
32451 + 1500
32451 + 68
32452 # 1504
32452 - 1500 1
32453 # 1504
32453 - 68 2
32454 # 1504
32454 + 1500
32454 + 68
32455 # 1504
32455 - 1500 1
32456 # 1504
32456 - 68 2
32457 # 1504
32457 + 1500
32457 + 68
32458 # 1504
32458 - 1500 1
32459 # 1504
32459 - 68 2
32460 # 1504
32461 # 1504
32462 # 1504
32462 + 1500
32462 + 68
32463 # 1504
32463 - 1500 1
32464 # 1504
32464 - 68 2
32465 # 1504
32466 # 1504
32467 # 1504
32467 + 1500
32467 + 68
32468 # 1504
32468 - 1500 1
32469 # 1504
32469 - 68 2
32470 # 1504
32471 # 1504
32471 + 1500
32471 + 68
32472 # 1504
32472 - 1500 1
32473 # 1504
32473 - 68 2
32474 # 1504
32474 + 1500
32474 + 68
32475 # 1504
32475 - 1500 1
32476 # 1504
32476 - 68 2
32477 # 1504
32477 + 1500
32477 + 68
32478 # 1504
32478 - 1500 1
32479 # 1504
32479 - 68 2
32480 # 1504
32480 + 1500
32480 + 68
32481 # 1504
32481 - 1500 1
32482 # 1504
32482 - 68 2
32483 # 1504
32484 # 1504
32485 # 1504
32485 + 1500
32485 + 68
32486 # 1504
32486 - 1500 1
32487 # 1504
32487 - 68 2
32488 # 1504
32489 # 1504
32490 # 1504
32490 + 1500
32490 + 68
32491 # 1504
32491 - 1500 1
32492 # 1504
32492 - 68 2
32493 # 1504
32494 # 1504
32494 + 1500
32494 + 68
32495 # 1504
32495 - 1500 1
32496 # 1504
32496 - 68 2
32497 # 1504
32497 + 1500
32497 + 68
32498 # 1504
32498 - 1500 1
32499 # 1504
32499 - 68 2
32500 # 1504
32500 + 1500
32500 + 68
32501 # 1504
32501 - 1500 1
32502 # 1504
32502 - 68 2
32503 # 1504
32504 # 1504
32505 # 1504
32505 + 1500
32505 + 68
32506 # 1504
32506 - 1500 1
32507 # 1504
32507 - 68 2
32508 # 1504
32509 # 1504
32510 # 1504
32510 + 1500
32510 + 68
32511 # 1504
32511 - 1500 1
32512 # 1504
32512 - 68 2
32513 # 1504
32514 # 1504
32514 + 1500
32514 + 68
32515 # 1504
32515 - 1500 1
32516 # 1504
32516 - 68 2
32517 # 1504
32517 + 1500
32517 + 68
32518 # 1504
32518 - 1500 1
32519 # 1504
32519 - 68 2
32519 + 1500
32519 + 68
32520 # 1504
32520 - 1500 1
32521 # 1504
32521 - 68 2
32522 # 1504
32522 + 1500
32522 + 68
32523 # 1504
32523 - 1500 1
32524 # 1504
32524 - 68 2
32525 # 1504
32526 # 1504
32526 + 1500
32526 + 68
32527 # 1504
32527 - 1500 1
32528 # 1504
32528 - 68 2
32529 # 1504
32529 + 1500
32529 + 68
32530 # 1504
32530 - 1500 1
32531 # 1504
32531 - 68 2
32531 + 1500
32531 + 68
32532 # 1504
32532 - 1500 1
32533 # 1504
32533 - 68 2
32534 # 1504
32534 + 1500
32534 + 68
32535 # 1504
32535 - 1500 1
32536 # 1504
32536 - 68 2
32537 # 1504
32538 # 1504
32539 # 1504
32539 + 1500
32539 + 68
32540 # 1504
32540 - 1500 1
32541 # 1504
32541 - 68 2
32542 # 1504
32543 # 1504
32543 + 1500
32543 + 68
32544 # 1504
32544 - 1500 1
32545 # 1504
32545 - 68 2
32546 # 1504
32547 # 1504
32548 # 1504
32548 + 1500
32548 + 68
32549 # 1504
32549 - 1500 1
32550 # 1504
32550 - 68 2
32551 # 1504
32552 # 1504
32553 # 1504
32553 + 1500
32553 + 68
32554 # 1504
32554 - 1500 1
32555 # 1504
32555 - 68 2
32556 # 1504
32557 # 1504
32558 # 1504
32558 + 1500
32558 + 68
32559 # 1504
32559 - 1500 1
32560 # 1504
32560 - 68 2
32561 # 1504
32562 # 1504
32563 # 1504
32563 + 1500
32563 + 68
32564 # 1504
32564 - 1500 1
32565 # 1504
32565 - 68 2
32566 # 1504
32567 # 1504
32567 + 1500
32567 + 68
32568 # 1504
32568 - 1500 1
32569 # 1504
32569 - 68 2
32570 # 1504
32570 + 1500
32570 + 68
32571 # 1504
32571 - 1500 1
32572 # 1504
32572 - 68 2
32572 + 1500
32572 + 68
32573 # 1504
32573 - 1500 1
32574 # 1504
32574 - 68 2
32575 # 1504
32575 + 1500
32575 + 68
32576 # 1504
32576 - 1500 1
32577 # 1504
32577 - 68 2
32578 # 1504
32579 # 1504
32579 + 1500
32579 + 68
32580 # 1504
32580 - 1500 1
32581 # 1504
32581 - 68 2
32582 # 1504
32582 + 1500
32582 + 68
32583 # 1504
32583 - 1500 1
32584 # 1504
32584 - 68 2
32584 + 1500
32584 + 68
32585 # 1504
32585 - 1500 1
32586 # 1504
32586 - 68 2
32587 # 1504
32588 # 1504
32589 # 1504
32589 + 1500
32589 + 68
32590 # 1504
32590 - 1500 1
32591 # 1504
32591 - 68 2
32592 # 1504
32593 # 1504
32593 + 1500
32593 + 68
32594 # 1504
32594 - 1500 1
32595 # 1504
32595 - 68 2
32596 # 1504
32596 + 1500
32596 + 68
32597 # 1504
32597 - 1500 1
32598 # 1504
32598 - 68 2
32598 + 1500
32598 + 68
32599 # 1504
32599 - 1500 1
32600 # 1504
32600 - 68 2
32601 # 1504
32602 # 1504
32603 # 1504
32603 + 1500
32603 + 68
32604 # 1504
32604 - 1500 1
32605 # 1504
32605 - 68 2
32606 # 1504
32607 # 1504
32608 # 1504
32608 + 1500
32608 + 68
32609 # 1504
32609 - 1500 1
32610 # 1504
32610 - 68 2
32611 # 1504
32612 # 1504
32612 + 1500
32612 + 68
32613 # 1504
32613 - 1500 1
32614 # 1504
32614 - 68 2
32615 # 1504
32616 # 1504
32617 # 1504
32617 + 1500
32617 + 68
32618 # 1504
32618 - 1500 1
32619 # 1504
32619 - 68 2
32620 # 1504
32621 # 1504
32622 # 1504
32622 + 1500
32622 + 68
32623 # 1504
32623 - 1500 1
32624 # 1504
32624 - 68 2
32625 # 1504
32626 # 1504
32627 # 1504
32627 + 1500
32627 + 68
32628 # 1504
32628 - 1500 1
32629 # 1504
32629 - 68 2
32630 # 1504
32631 # 1504
32632 # 1504
32632 + 1500
32632 + 68
32633 # 1504
32633 - 1500 1
32634 # 1504
32634 - 68 2
32635 # 1504
32636 # 1504
32636 + 1500
32636 + 68
32637 # 1504
32637 - 1500 1
32638 # 1504
32638 - 68 2
32639 # 1504
32639 + 1500
32639 + 68
32640 # 1504
32640 - 1500 1
32641 # 1504
32641 - 68 2
32642 # 1504
32642 + 1500
32642 + 68
32643 # 1504
32643 - 1500 1
32644 # 1504
32644 - 68 2
32645 # 1504
32645 + 1500
32645 + 68
32646 # 1504
32646 - 1500 1
32647 # 1504
32647 - 68 2
32648 # 1504
32649 # 1504
32650 # 1504
32650 + 1500
32650 + 68
32651 # 1504
32651 - 1500 1
32652 # 1504
32652 - 68 2
32653 # 1504
32654 # 1504
32654 + 1500
32654 + 68
32655 # 1504
32655 - 1500 1
32656 # 1504
32656 - 68 2
32657 # 1504
32658 # 1504
32659 # 1504
32659 + 1500
32659 + 68
32660 # 1504
32660 - 1500 1
32661 # 1504
32661 - 68 2
32662 # 1504
32663 # 1504
32664 # 1504
32664 + 1500
32664 + 68
32665 # 1504
32665 - 1500 1
32666 # 1504
32666 - 68 2
32667 # 1504
32668 # 1504
32669 # 1504
32669 + 1500
32669 + 68
32670 # 1504
32670 - 1500 1
32671 # 1504
32671 - 68 2
32672 # 1504
32673 # 1504
32674 # 1504
32674 + 1500
32674 + 68
32675 # 1504
32675 - 1500 1
32676 # 1504
32676 - 68 2
32677 # 1504
32678 # 1504
32678 + 1500
32679 # 1504
32679 - 1500 1
32679 + 68
32680 # 1504
32680 - 68 1
32681 # 1504
32681 + 1500
32681 + 68
32682 # 1504
32682 - 1500 1
32683 # 1504
32683 - 68 2
32684 # 1504
32684 + 1500
32684 + 68
32685 # 1504
32685 - 1500 1
32686 # 1504
32686 - 68 2
32687 # 1504
32687 + 1500
32687 + 68
32688 # 1504
32688 - 1500 1
32689 # 1504
32689 - 68 2
32690 # 1504
32691 # 1504
32692 # 1504
32692 + 1500
32692 + 68
32693 # 1504
32693 - 1500 1
32694 # 1504
32694 - 68 2
32695 # 1504
32696 # 1504
32697 # 1504
32697 + 1500
32697 + 68
32698 # 1504
32698 - 1500 1
32699 # 1504
32699 - 68 2
32700 # 1504
32701 # 1504
32701 + 1500
32701 + 68
32702 # 1504
32702 - 1500 1
32703 # 1504
32703 - 68 2
32704 # 1504
32704 + 1500
32704 + 68
32705 # 1504
32705 - 1500 1
32706 # 1504
32706 - 68 2
32707 # 1504
32707 + 1500
32707 + 68
32708 # 1504
32708 - 1500 1
32709 # 1504
32709 - 68 2
32710 # 1504
32711 # 1504
32712 # 1504
32712 + 1500
32712 + 68
32713 # 1504
32713 - 1500 1
32714 # 1504
32714 - 68 2
32715 # 1504
32716 # 1504
32717 # 1504
32717 + 1500
32717 + 68
32718 # 1504
32718 - 1500 1
32719 # 1504
32719 - 68 2
32720 # 1504
32721 # 1504
32721 + 1500
32721 + 68
32722 # 1504
32722 - 1500 1
32723 # 1504
32723 - 68 2
32724 # 1504
32725 # 1504
32726 # 1504
32726 + 1500
32726 + 68
32727 # 1504
32727 - 1500 1
32728 # 1504
32728 - 68 2
32729 # 1504
32730 # 1504
32731 # 1504
32731 + 1500
32731 + 68
32732 # 1504
32732 - 1500 1
32733 # 1504
32733 - 68 2
32734 # 1504
32735 # 1504
32736 # 1504
32736 + 1500
32736 + 68
32737 # 1504
32737 - 1500 1
32738 # 1504
32738 - 68 2
32739 # 1504
32740 # 1504
32741 # 1504
32741 + 1500
32741 + 68
32742 # 1504
32742 - 1500 1
32743 # 1504
32743 - 68 2
32744 # 1504
32745 # 1504
32745 + 1500
32745 + 68
32746 # 1504
32746 - 1500 1
32747 # 1504
32747 - 68 2
32748 # 1504
32749 # 1504
32750 # 1504
32750 + 1500
32750 + 68
32751 # 1504
32751 - 1500 1
32752 # 1504
32752 - 68 2
32753 # 1504
32754 # 1504
32755 # 1504
32755 + 1500
32755 + 68
32756 # 1504
32756 - 1500 1
32757 # 1504
32757 - 68 2
32758 # 1504
32759 # 1504
32760 # 1504
32760 + 1500
32760 + 68
32761 # 1504
32761 - 1500 1
32762 # 1504
32762 - 68 2
32763 # 1504
32764 # 1504
32764 + 1500
32764 + 68
32765 # 1504
32765 - 1500 1
32766 # 1504
32766 - 68 2
32767 # 1504
32768 # 1504
32769 # 1504
32769 + 1500
32769 + 68
32770 # 1504
32770 - 1500 1
32771 # 1504
32771 - 68 2
32772 # 1504
32772 + 1500
32772 + 68
32773 # 1504
32773 - 1500 1
32774 # 1504
32774 - 68 2
32775 # 1504
32775 + 1500
32775 + 68
32776 # 1504
32776 - 1500 1
32777 # 1504
32777 - 68 2
32778 # 1504
32779 # 1504
32780 # 1504
32780 + 1500
32780 + 68
32781 # 1504
32781 - 1500 1
32782 # 1504
32782 - 68 2
32783 # 1504
32784 # 1504
32785 # 1504
32785 + 1500
32785 + 68
32786 # 1504
32786 - 1500 1
32787 # 1504
32787 - 68 2
32788 # 1504
32789 # 1504
32789 + 1500
32789 + 68
32790 # 1504
32790 - 1500 1
32791 # 1504
32791 - 68 2
32792 # 1504
32793 # 1504
32794 # 1504
32794 + 1500
32794 + 68
32795 # 1504
32795 - 1500 1
32796 # 1504
32796 - 68 2
32797 # 1504
32798 # 1504
32799 # 1504
32799 + 1500
32799 + 68
32800 # 1504
32800 - 1500 1
32801 # 1504
32801 - 68 2
32802 # 1504
32803 # 1504
32804 # 1504
32804 + 1500
32804 + 68
32805 # 1504
32805 - 1500 1
32806 # 1504
32806 - 68 2
32807 # 1504
32808 # 1504
32809 # 1504
32809 + 1500
32809 + 68
32810 # 1504
32810 - 1500 1
32811 # 1504
32811 - 68 2
32812 # 1504
32812 + 1500
32812 + 68
32813 # 1504
32813 - 1500 1
32814 # 1504
32814 - 68 2
32814 + 1500
32814 + 68
32815 # 1504
32815 - 1500 1
32816 # 1504
32816 - 68 2
32817 # 1504
32818 # 1504
32819 # 1504
32819 + 1500
32819 + 68
32820 # 1504
32820 - 1500 1
32821 # 1504
32821 - 68 2
32822 # 1504
32823 # 1504
32824 # 1504
32824 + 1500
32824 + 68
32825 # 1504
32825 - 1500 1
32826 # 1504
32826 - 68 2
32827 # 1504
32828 # 1504
32829 # 1504
32829 + 1500
32829 + 68
32830 # 1504
32830 - 1500 1
32831 # 1504
32831 - 68 2
32832 # 1504
32833 # 1504
32834 # 1504
32834 + 1500
32834 + 68
32835 # 1504
32835 - 1500 1
32836 # 1504
32836 - 68 2
32837 # 1504
32838 # 1504
32838 + 1500
32838 + 68
32839 # 1504
32839 - 1500 1
32840 # 1504
32840 - 68 2
32841 # 1504
32842 # 1504
32842 + 1500
32842 + 68
32843 # 1504
32843 - 1500 1
32844 # 1504
32844 - 68 2
32844 + 1500
32844 + 68
32845 # 1504
32845 - 1500 1
32846 # 1504
32846 - 68 2
32847 # 1504
32848 # 1504
32849 # 1504
32849 + 1500
32849 + 68
32850 # 1504
32850 - 1500 1
32851 # 1504
32851 - 68 2
32852 # 1504
32853 # 1504
32853 + 1500
32853 + 68
32854 # 1504
32854 - 1500 1
32855 # 1504
32855 - 68 2
32856 # 1504
32856 + 1500
32856 + 68
32857 # 1504
32857 - 1500 1
32858 # 1504
32858 - 68 2
32859 # 1504
32859 + 1500
32859 + 68
32860 # 1504
32860 - 1500 1
32861 # 1504
32861 - 68 2
32861 + 1500
32861 + 68
32862 # 1504
32862 - 1500 1
32863 # 1504
32863 - 68 2
32864 # 1504
32865 # 1504
32866 # 1504
32866 + 1500
32866 + 68
32867 # 1504
32867 - 1500 1
32868 # 1504
32868 - 68 2
32869 # 1504
32870 # 1504
32870 + 1500
32870 + 68
32871 # 1504
32871 - 1500 1
32872 # 1504
32872 - 68 2
32873 # 1504
32873 + 1500
32873 + 68
32874 # 1504
32874 - 1500 1
32875 # 1504
32875 - 68 2
32876 # 1504
32876 + 1500
32876 + 68
32877 # 1504
32877 - 1500 1
32878 # 1504
32878 - 68 2
32879 # 1504
32880 # 1504
32881 # 1504
32881 + 1500
32881 + 68
32882 # 1504
32882 - 1500 1
32883 # 1504
32883 - 68 2
32884 # 1504
32885 # 1504
32886 # 1504
32886 + 1500
32886 + 68
32887 # 1504
32887 - 1500 1
32888 # 1504
32888 - 68 2
32889 # 1504
32890 # 1504
32890 + 1500
32890 + 68
32891 # 1504
32891 - 1500 1
32892 # 1504
32892 - 68 2
32893 # 1504
32894 # 1504
32894 + 1500
32894 + 68
32895 # 1504
32895 - 1500 1
32896 # 1504
32896 - 68 2
32896 + 1500
32896 + 68
32897 # 1504
32897 - 1500 1
32898 # 1504
32898 - 68 2
32899 # 1504
32900 # 1504
32901 # 1504
32901 + 1500
32901 + 68
32902 # 1504
32902 - 1500 1
32903 # 1504
32903 - 68 2
32904 # 1504
32904 + 1500
32904 + 68
32905 # 1504
32905 - 1500 1
32906 # 1504
32906 - 68 2
32907 # 1504
32907 + 1500
32907 + 68
32908 # 1504
32908 - 1500 1
32909 # 1504
32909 - 68 2
32910 # 1504
32911 # 1504
32912 # 1504
32912 + 1500
32912 + 68
32913 # 1504
32913 - 1500 1
32914 # 1504
32914 - 68 2
32915 # 1504
32916 # 1504
32916 + 1500
32916 + 68
32917 # 1504
32917 - 1500 1
32918 # 1504
32918 - 68 2
32919 # 1504
32920 # 1504
32921 # 1504
32921 + 1500
32921 + 68
32922 # 1504
32922 - 1500 1
32923 # 1504
32923 - 68 2
32924 # 1504
32925 # 1504
32926 # 1504
32926 + 1500
32926 + 68
32927 # 1504
32927 - 1500 1
32928 # 1504
32928 - 68 2
32929 # 1504
32930 # 1504
32931 # 1504
32931 + 1500
32931 + 68
32932 # 1504
32932 - 1500 1
32933 # 1504
32933 - 68 2
32934 # 1504
32935 # 1504
32935 + 1500
32935 + 68
32936 # 1504
32936 - 1500 1
32937 # 1504
32937 - 68 2
32938 # 1504
32938 + 1500
32938 + 68
32939 # 1504
32939 - 1500 1
32940 # 1504
32940 - 68 2
32941 # 1504
32941 + 1500
32941 + 68
32942 # 1504
32942 - 1500 1
32943 # 1504
32943 - 68 2
32944 # 1504
32945 # 1504
32946 # 1504
32947 # 1504
32948 # 1504
32948 + 1500
32948 + 68
32949 # 1504
32949 - 1500 1
32950 # 1504
32950 - 68 2
32951 # 1504
32951 + 1500
32951 + 68
32952 # 1504
32952 - 1500 1
32953 # 1504
32953 - 68 2
32953 + 1500
32953 + 68
32954 # 1504
32954 - 1500 1
32955 # 1504
32955 - 68 2
32956 # 1504
32957 # 1504
32958 # 1504
32958 + 1500
32958 + 68
32959 # 1504
32959 - 1500 1
32960 # 1504
32960 - 68 2
32961 # 1504
32962 # 1504
32962 + 1500
32962 + 68
32963 # 1504
32963 - 1500 1
32964 # 1504
32964 - 68 2
32965 # 1504
32965 + 1500
32965 + 68
32966 # 1504
32966 - 1500 1
32967 # 1504
32967 - 68 2
32968 # 1504
32968 + 1500
32968 + 68
32969 # 1504
32969 - 1500 1
32970 # 1504
32970 - 68 2
32971 # 1504
32972 # 1504
32973 # 1504
32973 + 1500
32973 + 68
32974 # 1504
32974 - 1500 1
32975 # 1504
32975 - 68 2
32976 # 1504
32977 # 1504
32978 # 1504
32978 + 1500
32978 + 68
32979 # 1504
32979 - 1500 1
32980 # 1504
32980 - 68 2
32981 # 1504
32982 # 1504
32983 # 1504
32983 + 1500
32983 + 68
32984 # 1504
32984 - 1500 1
32985 # 1504
32985 - 68 2
32986 # 1504
32987 # 1504
32987 + 1500
32987 + 68
32988 # 1504
32988 - 1500 1
32989 # 1504
32989 - 68 2
32990 # 1504
32991 # 1504
32992 # 1504
32992 + 1500
32992 + 68
32993 # 1504
32993 - 1500 1
32994 # 1504
32994 - 68 2
32995 # 1504
32996 # 1504
32997 # 1504
32997 + 1500
32997 + 68
32998 # 1504
32998 - 1500 1
32999 # 1504
32999 - 68 2
33000 # 1504
33001 # 1504
33002 # 1504
33002 + 1500
33002 + 68
33003 # 1504
33003 - 1500 1
33004 # 1504
33004 - 68 2
33005 # 1504
33006 # 1504
33007 # 1504
33007 + 1500
33007 + 68
33008 # 1504
33008 - 1500 1
33009 # 1504
33009 - 68 2
33010 # 1504
33011 # 1504
33011 + 1500
33011 + 68
33012 # 1504
33012 - 1500 1
33013 # 1504
33013 - 68 2
33014 # 1504
33015 # 1504
33016 # 1504
33016 + 1500
33016 + 68
33017 # 1504
33017 - 1500 1
33018 # 1504
33018 - 68 2
33019 # 1504
33020 # 1504
33021 # 1504
33021 + 1500
33021 + 68
33022 # 1504
33022 - 1500 1
33023 # 1504
33023 - 68 2
33024 # 1504
33025 # 1504
33026 # 1504
33026 + 1500
33026 + 68
33027 # 1504
33027 - 1500 1
33028 # 1504
33028 - 68 2
33029 # 1504
33030 # 1504
33030 + 1500
33030 + 68
33031 # 1504
33031 - 1500 1
33032 # 1504
33032 - 68 2
33033 # 1504
33034 # 1504
33035 # 1504
33035 + 1500
33035 + 68
33036 # 1504
33036 - 1500 1
33037 # 1504
33037 - 68 2
33038 # 1504
33039 # 1504
33040 # 1504
33040 + 1500
33040 + 68
33041 # 1504
33041 - 1500 1
33042 # 1504
33042 - 68 2
33043 # 1504
33044 # 1504
33045 # 1504
33045 + 1500
33045 + 68
33046 # 1504
33046 - 1500 1
33047 # 1504
33047 - 68 2
33048 # 1504
33049 # 1504
33050 # 1504
33050 + 1500
33050 + 68
33051 # 1504
33051 - 1500 1
33052 # 1504
33052 - 68 2
33053 # 1504
33054 # 1504
33054 + 1500
33054 + 68
33055 # 1504
33055 - 1500 1
33056 # 1504
33056 - 68 2
33057 # 1504
33058 # 1504
33059 # 1504
33059 + 1500
33059 + 68
33060 # 1504
33060 - 1500 1
33061 # 1504
33061 - 68 2
33062 # 1504
33063 # 1504
33064 # 1504
33064 + 1500
33064 + 68
33065 # 1504
33065 - 1500 1
33066 # 1504
33066 - 68 2
33067 # 1504
33068 # 1504
33069 # 1504
33069 + 1500
33069 + 68
33070 # 1504
33070 - 1500 1
33071 # 1504
33071 - 68 2
33072 # 1504
33073 # 1504
33074 # 1504
33074 + 1500
33074 + 68
33075 # 1504
33075 - 1500 1
33076 # 1504
33076 - 68 2
33077 # 1504
33078 # 1504
33078 + 1500
33078 + 68
33079 # 1504
33079 - 1500 1
33080 # 1504
33080 - 68 2
33081 # 1504
33082 # 1504
33083 # 1504
33083 + 1500
33083 + 68
33084 # 1504
33084 - 1500 1
33085 # 1504
33085 - 68 2
33086 # 1504
33087 # 1504
33088 # 1504
33088 + 1500
33088 + 68
33089 # 1504
33089 - 1500 1
33090 # 1504
33090 - 68 2
33091 # 1504
33092 # 1504
33093 # 1504
33093 + 1500
33093 + 68
33094 # 1504
33094 - 1500 1
33095 # 1504
33095 - 68 2
33096 # 1504
33097 # 1504
33098 # 1504
33098 + 1500
33098 + 68
33099 # 1504
33099 - 1500 1
33100 # 1504
33100 - 68 2
33101 # 1504
33102 # 1504
33102 + 1500
33102 + 68
33103 # 1504
33103 - 1500 1
33104 # 1504
33104 - 68 2
33105 # 1504
33106 # 1504
33107 # 1504
33107 + 1500
33107 + 68
33108 # 1504
33108 - 1500 1
33109 # 1504
33109 - 68 2
33110 # 1504
33111 # 1504
33112 # 1504
33112 + 1500
33112 + 68
33113 # 1504
33113 - 1500 1
33114 # 1504
33114 - 68 2
33115 # 1504
33116 # 1504
33117 # 1504
33118 # 1504
33119 # 1504
33120 # 1504
33121 # 1504
33122 # 1504
33123 # 1504
33124 # 1504
33125 # 1504
33126 # 1504
33127 # 1504
33128 # 1504
33129 # 1504
33130 # 1504
33131 # 1504
33132 # 1504
