# mahimahi mm-link (Downlink) [/home/vboxuser/pantheon/src/experiments/12mbps.trace] > /home/vboxuser/pantheon/src/experiments/data/taova_mm_acklink_run1.log
# command line: 'mm-link' '/home/vboxuser/pantheon/src/experiments/12mbps.trace' '/home/vboxuser/pantheon/src/experiments/12mbps.trace' '--uplink-log=/home/vboxuser/pantheon/src/experiments/data/taova_mm_datalink_run1.log' '--downlink-log=/home/vboxuser/pantheon/src/experiments/data/taova_mm_acklink_run1.log' 'python' '/home/vboxuser/pantheon/src/experiments/tunnel_manager.py'
# queue: infinite
# init timestamp: 1744939575859
# base timestamp: 33
33 + 80
33 + 52
33 + 80
34 # 1504
34 - 80 1
34 - 52 1
34 - 80 1
35 # 1504
36 # 1504
37 # 1504
38 # 1504
39 # 1504
40 # 1504
41 # 1504
42 # 1504
43 # 1504
44 # 1504
45 # 1504
46 # 1504
47 # 1504
48 # 1504
49 # 1504
50 # 1504
51 # 1504
52 # 1504
52 + 80
53 # 1504
53 - 80 1
54 # 1504
55 # 1504
56 # 1504
57 # 1504
58 # 1504
59 # 1504
60 # 1504
61 # 1504
62 # 1504
63 # 1504
64 # 1504
65 # 1504
66 # 1504
67 # 1504
68 # 1504
69 # 1504
70 # 1504
71 # 1504
72 # 1504
73 # 1504
74 # 1504
75 # 1504
76 # 1504
77 # 1504
78 # 1504
79 # 1504
80 # 1504
81 # 1504
82 # 1504
83 # 1504
84 # 1504
85 # 1504
86 # 1504
87 # 1504
88 # 1504
89 # 1504
90 # 1504
91 # 1504
92 # 1504
93 # 1504
94 # 1504
95 # 1504
96 # 1504
97 # 1504
98 # 1504
98 + 40
99 # 1504
99 - 40 1
100 # 1504
101 # 1504
102 # 1504
103 # 1504
104 # 1504
105 # 1504
106 # 1504
107 # 1504
108 # 1504
109 # 1504
110 # 1504
111 # 1504
112 # 1504
113 # 1504
114 # 1504
115 # 1504
116 # 1504
117 # 1504
118 # 1504
119 # 1504
120 # 1504
121 # 1504
122 # 1504
123 # 1504
124 # 1504
125 # 1504
126 # 1504
127 # 1504
128 # 1504
129 # 1504
130 # 1504
131 # 1504
132 # 1504
133 # 1504
134 # 1504
135 # 1504
136 # 1504
137 # 1504
138 # 1504
139 # 1504
140 # 1504
141 # 1504
142 # 1504
143 # 1504
144 # 1504
145 # 1504
146 # 1504
147 # 1504
148 # 1504
149 # 1504
150 # 1504
151 # 1504
152 # 1504
153 # 1504
154 # 1504
155 # 1504
156 # 1504
157 # 1504
158 # 1504
159 # 1504
160 # 1504
161 # 1504
162 # 1504
163 # 1504
164 # 1504
165 # 1504
166 # 1504
167 # 1504
168 # 1504
169 # 1504
170 # 1504
171 # 1504
172 # 1504
173 # 1504
174 # 1504
175 # 1504
176 # 1504
177 # 1504
178 # 1504
179 # 1504
180 # 1504
181 # 1504
182 # 1504
183 # 1504
184 # 1504
185 # 1504
186 # 1504
187 # 1504
188 # 1504
189 # 1504
190 # 1504
191 # 1504
192 # 1504
193 # 1504
194 # 1504
195 # 1504
196 # 1504
197 # 1504
198 # 1504
199 # 1504
200 # 1504
201 # 1504
202 # 1504
203 # 1504
204 # 1504
205 # 1504
206 # 1504
207 # 1504
208 # 1504
209 # 1504
210 # 1504
211 # 1504
212 # 1504
213 # 1504
214 # 1504
215 # 1504
216 # 1504
217 # 1504
218 # 1504
219 # 1504
220 # 1504
221 # 1504
222 # 1504
223 # 1504
224 # 1504
225 # 1504
226 # 1504
227 # 1504
228 # 1504
229 # 1504
230 # 1504
231 # 1504
232 # 1504
233 # 1504
234 # 1504
235 # 1504
236 # 1504
237 # 1504
238 # 1504
239 # 1504
240 # 1504
241 # 1504
242 # 1504
243 # 1504
244 # 1504
245 # 1504
246 # 1504
247 # 1504
248 # 1504
249 # 1504
250 # 1504
251 # 1504
252 # 1504
253 # 1504
254 # 1504
255 # 1504
256 # 1504
257 # 1504
258 # 1504
259 # 1504
260 # 1504
261 # 1504
262 # 1504
263 # 1504
264 # 1504
265 # 1504
266 # 1504
267 # 1504
268 # 1504
269 # 1504
270 # 1504
271 # 1504
272 # 1504
273 # 1504
274 # 1504
275 # 1504
276 # 1504
277 # 1504
278 # 1504
279 # 1504
280 # 1504
281 # 1504
282 # 1504
283 # 1504
284 # 1504
285 # 1504
286 # 1504
287 # 1504
288 # 1504
289 # 1504
290 # 1504
291 # 1504
292 # 1504
293 # 1504
294 # 1504
295 # 1504
296 # 1504
297 # 1504
298 # 1504
299 # 1504
300 # 1504
301 # 1504
302 # 1504
303 # 1504
304 # 1504
305 # 1504
306 # 1504
307 # 1504
308 # 1504
309 # 1504
310 # 1504
311 # 1504
312 # 1504
313 # 1504
314 # 1504
315 # 1504
316 # 1504
317 # 1504
318 # 1504
319 # 1504
320 # 1504
321 # 1504
322 # 1504
323 # 1504
324 # 1504
325 # 1504
326 # 1504
327 # 1504
328 # 1504
329 # 1504
330 # 1504
331 # 1504
332 # 1504
333 # 1504
334 # 1504
335 # 1504
336 # 1504
337 # 1504
338 # 1504
339 # 1504
340 # 1504
341 # 1504
342 # 1504
343 # 1504
344 # 1504
345 # 1504
346 # 1504
347 # 1504
348 # 1504
349 # 1504
350 # 1504
351 # 1504
352 # 1504
353 # 1504
354 # 1504
355 # 1504
356 # 1504
357 # 1504
358 # 1504
359 # 1504
360 # 1504
361 # 1504
362 # 1504
363 # 1504
364 # 1504
365 # 1504
366 # 1504
367 # 1504
368 # 1504
369 # 1504
370 # 1504
371 # 1504
372 # 1504
373 # 1504
374 # 1504
375 # 1504
376 # 1504
377 # 1504
378 # 1504
379 # 1504
380 # 1504
381 # 1504
382 # 1504
383 # 1504
384 # 1504
385 # 1504
386 # 1504
387 # 1504
388 # 1504
389 # 1504
390 # 1504
391 # 1504
392 # 1504
393 # 1504
394 # 1504
395 # 1504
396 # 1504
397 # 1504
398 # 1504
399 # 1504
400 # 1504
401 # 1504
402 # 1504
403 # 1504
404 # 1504
405 # 1504
406 # 1504
407 # 1504
408 # 1504
409 # 1504
410 # 1504
411 # 1504
412 # 1504
413 # 1504
414 # 1504
415 # 1504
416 # 1504
417 # 1504
418 # 1504
419 # 1504
420 # 1504
421 # 1504
422 # 1504
423 # 1504
424 # 1504
425 # 1504
426 # 1504
427 # 1504
428 # 1504
429 # 1504
430 # 1504
431 # 1504
432 # 1504
433 # 1504
434 # 1504
435 # 1504
436 # 1504
437 # 1504
438 # 1504
439 # 1504
440 # 1504
441 # 1504
442 # 1504
443 # 1504
444 # 1504
445 # 1504
446 # 1504
447 # 1504
448 # 1504
449 # 1504
450 # 1504
451 # 1504
452 # 1504
453 # 1504
454 # 1504
455 # 1504
456 # 1504
457 # 1504
458 # 1504
459 # 1504
460 # 1504
461 # 1504
462 # 1504
463 # 1504
464 # 1504
465 # 1504
466 # 1504
467 # 1504
468 # 1504
469 # 1504
470 # 1504
471 # 1504
472 # 1504
473 # 1504
474 # 1504
475 # 1504
476 # 1504
477 # 1504
478 # 1504
479 # 1504
480 # 1504
481 # 1504
482 # 1504
483 # 1504
484 # 1504
485 # 1504
486 # 1504
487 # 1504
488 # 1504
489 # 1504
490 # 1504
491 # 1504
492 # 1504
493 # 1504
494 # 1504
495 # 1504
496 # 1504
497 # 1504
498 # 1504
499 # 1504
500 # 1504
501 # 1504
502 # 1504
503 # 1504
504 # 1504
505 # 1504
506 # 1504
507 # 1504
508 # 1504
509 # 1504
510 # 1504
511 # 1504
512 # 1504
513 # 1504
514 # 1504
515 # 1504
516 # 1504
517 # 1504
518 # 1504
519 # 1504
520 # 1504
521 # 1504
522 # 1504
523 # 1504
524 # 1504
525 # 1504
526 # 1504
527 # 1504
528 # 1504
529 # 1504
530 # 1504
531 # 1504
532 # 1504
533 # 1504
534 # 1504
535 # 1504
536 # 1504
537 # 1504
538 # 1504
539 # 1504
540 # 1504
541 # 1504
542 # 1504
543 # 1504
544 # 1504
545 # 1504
546 # 1504
547 # 1504
548 # 1504
549 # 1504
550 # 1504
551 # 1504
552 # 1504
553 # 1504
554 # 1504
555 # 1504
556 # 1504
557 # 1504
558 # 1504
559 # 1504
560 # 1504
561 # 1504
562 # 1504
563 # 1504
564 # 1504
565 # 1504
566 # 1504
567 # 1504
568 # 1504
569 # 1504
570 # 1504
571 # 1504
572 # 1504
573 # 1504
574 # 1504
575 # 1504
576 # 1504
577 # 1504
578 # 1504
579 # 1504
580 # 1504
581 # 1504
582 # 1504
583 # 1504
584 # 1504
585 # 1504
586 # 1504
587 # 1504
588 # 1504
589 # 1504
590 # 1504
591 # 1504
592 # 1504
593 # 1504
594 # 1504
595 # 1504
596 # 1504
597 # 1504
598 # 1504
599 # 1504
600 # 1504
601 # 1504
602 # 1504
603 # 1504
604 # 1504
605 # 1504
606 # 1504
607 # 1504
608 # 1504
609 # 1504
610 # 1504
611 # 1504
612 # 1504
613 # 1504
614 # 1504
615 # 1504
616 # 1504
617 # 1504
618 # 1504
619 # 1504
620 # 1504
621 # 1504
622 # 1504
623 # 1504
624 # 1504
625 # 1504
626 # 1504
627 # 1504
628 # 1504
629 # 1504
630 # 1504
631 # 1504
632 # 1504
633 # 1504
634 # 1504
635 # 1504
636 # 1504
637 # 1504
638 # 1504
639 # 1504
640 # 1504
641 # 1504
642 # 1504
643 # 1504
644 # 1504
645 # 1504
646 # 1504
647 # 1504
648 # 1504
649 # 1504
650 # 1504
651 # 1504
652 # 1504
653 # 1504
654 # 1504
655 # 1504
656 # 1504
657 # 1504
658 # 1504
659 # 1504
660 # 1504
661 # 1504
662 # 1504
663 # 1504
664 # 1504
665 # 1504
666 # 1504
667 # 1504
668 # 1504
669 # 1504
670 # 1504
671 # 1504
672 # 1504
673 # 1504
674 # 1504
675 # 1504
676 # 1504
677 # 1504
678 # 1504
679 # 1504
680 # 1504
681 # 1504
682 # 1504
683 # 1504
684 # 1504
685 # 1504
686 # 1504
687 # 1504
688 # 1504
689 # 1504
690 # 1504
691 # 1504
692 # 1504
693 # 1504
694 # 1504
695 # 1504
696 # 1504
697 # 1504
698 # 1504
699 # 1504
700 # 1504
701 # 1504
702 # 1504
703 # 1504
704 # 1504
705 # 1504
706 # 1504
707 # 1504
708 # 1504
709 # 1504
710 # 1504
711 # 1504
712 # 1504
713 # 1504
714 # 1504
715 # 1504
716 # 1504
717 # 1504
718 # 1504
719 # 1504
720 # 1504
721 # 1504
722 # 1504
723 # 1504
724 # 1504
725 # 1504
726 # 1504
727 # 1504
728 # 1504
729 # 1504
730 # 1504
731 # 1504
732 # 1504
733 # 1504
734 # 1504
735 # 1504
736 # 1504
737 # 1504
738 # 1504
739 # 1504
740 # 1504
741 # 1504
742 # 1504
743 # 1504
744 # 1504
745 # 1504
746 # 1504
747 # 1504
748 # 1504
749 # 1504
750 # 1504
751 # 1504
752 # 1504
753 # 1504
754 # 1504
755 # 1504
756 # 1504
757 # 1504
758 # 1504
759 # 1504
760 # 1504
761 # 1504
762 # 1504
763 # 1504
764 # 1504
765 # 1504
766 # 1504
767 # 1504
768 # 1504
769 # 1504
770 # 1504
771 # 1504
772 # 1504
773 # 1504
774 # 1504
775 # 1504
776 # 1504
777 # 1504
778 # 1504
779 # 1504
780 # 1504
781 # 1504
782 # 1504
783 # 1504
784 # 1504
785 # 1504
786 # 1504
787 # 1504
788 # 1504
789 # 1504
790 # 1504
791 # 1504
792 # 1504
793 # 1504
794 # 1504
795 # 1504
796 # 1504
797 # 1504
798 # 1504
799 # 1504
800 # 1504
801 # 1504
802 # 1504
803 # 1504
804 # 1504
805 # 1504
806 # 1504
807 # 1504
808 # 1504
809 # 1504
810 # 1504
811 # 1504
812 # 1504
813 # 1504
814 # 1504
815 # 1504
816 # 1504
817 # 1504
818 # 1504
819 # 1504
820 # 1504
821 # 1504
822 # 1504
823 # 1504
824 # 1504
825 # 1504
826 # 1504
827 # 1504
828 # 1504
829 # 1504
830 # 1504
831 # 1504
832 # 1504
833 # 1504
834 # 1504
835 # 1504
836 # 1504
837 # 1504
838 # 1504
839 # 1504
840 # 1504
841 # 1504
842 # 1504
843 # 1504
844 # 1504
845 # 1504
846 # 1504
847 # 1504
848 # 1504
849 # 1504
850 # 1504
851 # 1504
852 # 1504
853 # 1504
854 # 1504
855 # 1504
856 # 1504
857 # 1504
858 # 1504
859 # 1504
860 # 1504
861 # 1504
862 # 1504
863 # 1504
864 # 1504
865 # 1504
866 # 1504
867 # 1504
868 # 1504
869 # 1504
870 # 1504
871 # 1504
872 # 1504
873 # 1504
874 # 1504
875 # 1504
876 # 1504
877 # 1504
878 # 1504
879 # 1504
880 # 1504
881 # 1504
882 # 1504
883 # 1504
884 # 1504
885 # 1504
886 # 1504
887 # 1504
888 # 1504
889 # 1504
890 # 1504
891 # 1504
892 # 1504
893 # 1504
894 # 1504
895 # 1504
896 # 1504
897 # 1504
898 # 1504
899 # 1504
900 # 1504
901 # 1504
901 + 80
902 # 1504
902 - 80 1
903 # 1504
904 # 1504
905 # 1504
906 # 1504
907 # 1504
908 # 1504
909 # 1504
910 # 1504
911 # 1504
912 # 1504
913 # 1504
914 # 1504
915 # 1504
916 # 1504
917 # 1504
918 # 1504
919 # 1504
920 # 1504
921 # 1504
922 # 1504
923 # 1504
924 # 1504
925 # 1504
926 # 1504
927 # 1504
928 # 1504
929 # 1504
930 # 1504
931 # 1504
932 # 1504
933 # 1504
934 # 1504
935 # 1504
936 # 1504
937 # 1504
938 # 1504
939 # 1504
940 # 1504
941 # 1504
942 # 1504
943 # 1504
944 # 1504
945 # 1504
946 # 1504
947 # 1504
948 # 1504
949 # 1504
950 # 1504
951 # 1504
952 # 1504
953 # 1504
954 # 1504
955 # 1504
956 # 1504
957 # 1504
958 # 1504
959 # 1504
960 # 1504
961 # 1504
962 # 1504
963 # 1504
964 # 1504
965 # 1504
966 # 1504
967 # 1504
968 # 1504
969 # 1504
970 # 1504
971 # 1504
972 # 1504
973 # 1504
974 # 1504
975 # 1504
976 # 1504
977 # 1504
978 # 1504
979 # 1504
980 # 1504
981 # 1504
982 # 1504
983 # 1504
984 # 1504
985 # 1504
986 # 1504
987 # 1504
988 # 1504
989 # 1504
990 # 1504
991 # 1504
992 # 1504
993 # 1504
994 # 1504
995 # 1504
996 # 1504
997 # 1504
998 # 1504
999 # 1504
1000 # 1504
1001 # 1504
1002 # 1504
1003 # 1504
1004 # 1504
1005 # 1504
1006 # 1504
1007 # 1504
1008 # 1504
1009 # 1504
1010 # 1504
1011 # 1504
1012 # 1504
1013 # 1504
1014 # 1504
1015 # 1504
1016 # 1504
1017 # 1504
1018 # 1504
1019 # 1504
1020 # 1504
1021 # 1504
1022 # 1504
1023 # 1504
1024 # 1504
1025 # 1504
1026 # 1504
1027 # 1504
1028 # 1504
1029 # 1504
1030 # 1504
1031 # 1504
1032 # 1504
1033 # 1504
1034 # 1504
1035 # 1504
1036 # 1504
1037 # 1504
1038 # 1504
1039 # 1504
1040 # 1504
1041 # 1504
1042 # 1504
1043 # 1504
1044 # 1504
1045 # 1504
1046 # 1504
1047 # 1504
1048 # 1504
1049 # 1504
1050 # 1504
1051 # 1504
1052 # 1504
1053 # 1504
1054 # 1504
1055 # 1504
1056 # 1504
1057 # 1504
1058 # 1504
1059 # 1504
1060 # 1504
1061 # 1504
1062 # 1504
1063 # 1504
1064 # 1504
1065 # 1504
1066 # 1504
1067 # 1504
1068 # 1504
1069 # 1504
1070 # 1504
1071 # 1504
1072 # 1504
1073 # 1504
1074 # 1504
1075 # 1504
1076 # 1504
1077 # 1504
1078 # 1504
1079 # 1504
1080 # 1504
1081 # 1504
1082 # 1504
1083 # 1504
1084 # 1504
1085 # 1504
1086 # 1504
1087 # 1504
1088 # 1504
1089 # 1504
1090 # 1504
1091 # 1504
1092 # 1504
1093 # 1504
1094 # 1504
1095 # 1504
1096 # 1504
1097 # 1504
1098 # 1504
1099 # 1504
1100 # 1504
1101 # 1504
1102 # 1504
1103 # 1504
1104 # 1504
1105 # 1504
1106 # 1504
1107 # 1504
1108 # 1504
1109 # 1504
1110 # 1504
1111 # 1504
1112 # 1504
1113 # 1504
1114 # 1504
1115 # 1504
1116 # 1504
1117 # 1504
1118 # 1504
1119 # 1504
1120 # 1504
1121 # 1504
1122 # 1504
1123 # 1504
1124 # 1504
1125 # 1504
1126 # 1504
1127 # 1504
1128 # 1504
1129 # 1504
1130 # 1504
1131 # 1504
1132 # 1504
1133 # 1504
1134 # 1504
1135 # 1504
1136 # 1504
1137 # 1504
1138 # 1504
1139 # 1504
1140 # 1504
1141 # 1504
1142 # 1504
1143 # 1504
1144 # 1504
1145 # 1504
1146 # 1504
1147 # 1504
1148 # 1504
1149 # 1504
1150 # 1504
1151 # 1504
1152 # 1504
1153 # 1504
1154 # 1504
1155 # 1504
1156 # 1504
1157 # 1504
1158 # 1504
1159 # 1504
1160 # 1504
1161 # 1504
1162 # 1504
1163 # 1504
1164 # 1504
1165 # 1504
1166 # 1504
1167 # 1504
1168 # 1504
1169 # 1504
1170 # 1504
1171 # 1504
1172 # 1504
1173 # 1504
1174 # 1504
1175 # 1504
1176 # 1504
1177 # 1504
1178 # 1504
1179 # 1504
1180 # 1504
1181 # 1504
1182 # 1504
1183 # 1504
1184 # 1504
1185 # 1504
1186 # 1504
1187 # 1504
1188 # 1504
1189 # 1504
1190 # 1504
1191 # 1504
1192 # 1504
1193 # 1504
1194 # 1504
1195 # 1504
1196 # 1504
1197 # 1504
1198 # 1504
1199 # 1504
1200 # 1504
1201 # 1504
1202 # 1504
1203 # 1504
1204 # 1504
1205 # 1504
1206 # 1504
1207 # 1504
1208 # 1504
1209 # 1504
1210 # 1504
1211 # 1504
1212 # 1504
1213 # 1504
1214 # 1504
1215 # 1504
1216 # 1504
1217 # 1504
1218 # 1504
1219 # 1504
1220 # 1504
1221 # 1504
1222 # 1504
1223 # 1504
1224 # 1504
1225 # 1504
1226 # 1504
1227 # 1504
1228 # 1504
1229 # 1504
1230 # 1504
1231 # 1504
1232 # 1504
1233 # 1504
1234 # 1504
1235 # 1504
1236 # 1504
1237 # 1504
1238 # 1504
1239 # 1504
1240 # 1504
1241 # 1504
1242 # 1504
1243 # 1504
1244 # 1504
1245 # 1504
1246 # 1504
1247 # 1504
1248 # 1504
1249 # 1504
1250 # 1504
1251 # 1504
1252 # 1504
1253 # 1504
1254 # 1504
1255 # 1504
1256 # 1504
1257 # 1504
1258 # 1504
1259 # 1504
1260 # 1504
1261 # 1504
1262 # 1504
1263 # 1504
1264 # 1504
1265 # 1504
1266 # 1504
1267 # 1504
1268 # 1504
1269 # 1504
1270 # 1504
1271 # 1504
1272 # 1504
1273 # 1504
1274 # 1504
1275 # 1504
1276 # 1504
1277 # 1504
1278 # 1504
1279 # 1504
1280 # 1504
1281 # 1504
1282 # 1504
1283 # 1504
1284 # 1504
1285 # 1504
1286 # 1504
1287 # 1504
1288 # 1504
1289 # 1504
1290 # 1504
1291 # 1504
1292 # 1504
1293 # 1504
1294 # 1504
1295 # 1504
1296 # 1504
1297 # 1504
1298 # 1504
1299 # 1504
1300 # 1504
1301 # 1504
1302 # 1504
1303 # 1504
1304 # 1504
1305 # 1504
1306 # 1504
1307 # 1504
1308 # 1504
1309 # 1504
1310 # 1504
1311 # 1504
1312 # 1504
1313 # 1504
1314 # 1504
1315 # 1504
1316 # 1504
1317 # 1504
1318 # 1504
1319 # 1504
1320 # 1504
1321 # 1504
1322 # 1504
1323 # 1504
1324 # 1504
1325 # 1504
1326 # 1504
1327 # 1504
1328 # 1504
1329 # 1504
1330 # 1504
1331 # 1504
1332 # 1504
1333 # 1504
1334 # 1504
1335 # 1504
1336 # 1504
1337 # 1504
1338 # 1504
1339 # 1504
1340 # 1504
1341 # 1504
1342 # 1504
1343 # 1504
1344 # 1504
1345 # 1504
1346 # 1504
1347 # 1504
1348 # 1504
1349 # 1504
1350 # 1504
1351 # 1504
1352 # 1504
1353 # 1504
1354 # 1504
1355 # 1504
1356 # 1504
1357 # 1504
1358 # 1504
1359 # 1504
1360 # 1504
1361 # 1504
1362 # 1504
1363 # 1504
1364 # 1504
1365 # 1504
1366 # 1504
1367 # 1504
1368 # 1504
1369 # 1504
1370 # 1504
1371 # 1504
1372 # 1504
1373 # 1504
1374 # 1504
1375 # 1504
1376 # 1504
1377 # 1504
1378 # 1504
1379 # 1504
1380 # 1504
1381 # 1504
1382 # 1504
1383 # 1504
1384 # 1504
1385 # 1504
1386 # 1504
1387 # 1504
1388 # 1504
1389 # 1504
1390 # 1504
1391 # 1504
1392 # 1504
1393 # 1504
1394 # 1504
1395 # 1504
1396 # 1504
1397 # 1504
1398 # 1504
1399 # 1504
1400 # 1504
1401 # 1504
1402 # 1504
1403 # 1504
1404 # 1504
1405 # 1504
1406 # 1504
1407 # 1504
1408 # 1504
1409 # 1504
1410 # 1504
1411 # 1504
1412 # 1504
1413 # 1504
1414 # 1504
1415 # 1504
1416 # 1504
1417 # 1504
1418 # 1504
1419 # 1504
1420 # 1504
1421 # 1504
1422 # 1504
1423 # 1504
1424 # 1504
1425 # 1504
1426 # 1504
1427 # 1504
1428 # 1504
1429 # 1504
1430 # 1504
1431 # 1504
1432 # 1504
1433 # 1504
1434 # 1504
1435 # 1504
1436 # 1504
1437 # 1504
1438 # 1504
1439 # 1504
1440 # 1504
1441 # 1504
1442 # 1504
1443 # 1504
1444 # 1504
1445 # 1504
1446 # 1504
1447 # 1504
1448 # 1504
1449 # 1504
1450 # 1504
1451 # 1504
1452 # 1504
1453 # 1504
1454 # 1504
1455 # 1504
1456 # 1504
1457 # 1504
1458 # 1504
1459 # 1504
1460 # 1504
1461 # 1504
1462 # 1504
1463 # 1504
1464 # 1504
1465 # 1504
1466 # 1504
1467 # 1504
1468 # 1504
1469 # 1504
1470 # 1504
1471 # 1504
1472 # 1504
1473 # 1504
1474 # 1504
1475 # 1504
1476 # 1504
1477 # 1504
1478 # 1504
1479 # 1504
1480 # 1504
1481 # 1504
1482 # 1504
1483 # 1504
1484 # 1504
1485 # 1504
1486 # 1504
1487 # 1504
1488 # 1504
1489 # 1504
1490 # 1504
1491 # 1504
1492 # 1504
1493 # 1504
1494 # 1504
1495 # 1504
1496 # 1504
1497 # 1504
1498 # 1504
1499 # 1504
1500 # 1504
1501 # 1504
1502 # 1504
1503 # 1504
1504 # 1504
1505 # 1504
1506 # 1504
1507 # 1504
1508 # 1504
1509 # 1504
1510 # 1504
1511 # 1504
1512 # 1504
1513 # 1504
1514 # 1504
1515 # 1504
1516 # 1504
1517 # 1504
1518 # 1504
1519 # 1504
1520 # 1504
1521 # 1504
1522 # 1504
1523 # 1504
1524 # 1504
1525 # 1504
1526 # 1504
1527 # 1504
1528 # 1504
1529 # 1504
1530 # 1504
1531 # 1504
1532 # 1504
1533 # 1504
1534 # 1504
1535 # 1504
1536 # 1504
1537 # 1504
1538 # 1504
1539 # 1504
1540 # 1504
1541 # 1504
1542 # 1504
1543 # 1504
1544 # 1504
1545 # 1504
1546 # 1504
1547 # 1504
1548 # 1504
1549 # 1504
1550 # 1504
1551 # 1504
1552 # 1504
1553 # 1504
1554 # 1504
1555 # 1504
1556 # 1504
1557 # 1504
1558 # 1504
1559 # 1504
1560 # 1504
1561 # 1504
1562 # 1504
1563 # 1504
1564 # 1504
1565 # 1504
1566 # 1504
1567 # 1504
1568 # 1504
1569 # 1504
1570 # 1504
1571 # 1504
1572 # 1504
1573 # 1504
1574 # 1504
1575 # 1504
1576 # 1504
1577 # 1504
1578 # 1504
1579 # 1504
1580 # 1504
1581 # 1504
1582 # 1504
1583 # 1504
1584 # 1504
1585 # 1504
1586 # 1504
1587 # 1504
1588 # 1504
1589 # 1504
1590 # 1504
1591 # 1504
1592 # 1504
1593 # 1504
1594 # 1504
1595 # 1504
1596 # 1504
1597 # 1504
1598 # 1504
1599 # 1504
1600 # 1504
1601 # 1504
1602 # 1504
1603 # 1504
1604 # 1504
1605 # 1504
1606 # 1504
1607 # 1504
1608 # 1504
1609 # 1504
1610 # 1504
1611 # 1504
1612 # 1504
1613 # 1504
1614 # 1504
1615 # 1504
1616 # 1504
1617 # 1504
1618 # 1504
1619 # 1504
1620 # 1504
1621 # 1504
1622 # 1504
1623 # 1504
1624 # 1504
1625 # 1504
1626 # 1504
1627 # 1504
1628 # 1504
1629 # 1504
1630 # 1504
1631 # 1504
1632 # 1504
1633 # 1504
1634 # 1504
1635 # 1504
1636 # 1504
1637 # 1504
1638 # 1504
1639 # 1504
1640 # 1504
1641 # 1504
1642 # 1504
1643 # 1504
1644 # 1504
1645 # 1504
1646 # 1504
1647 # 1504
1648 # 1504
1649 # 1504
1650 # 1504
1651 # 1504
1652 # 1504
1653 # 1504
1654 # 1504
1655 # 1504
1656 # 1504
1657 # 1504
1658 # 1504
1659 # 1504
1660 # 1504
1661 # 1504
1662 # 1504
1663 # 1504
1664 # 1504
1665 # 1504
1666 # 1504
1667 # 1504
1668 # 1504
1669 # 1504
1670 # 1504
1671 # 1504
1672 # 1504
1673 # 1504
1674 # 1504
1675 # 1504
1676 # 1504
1677 # 1504
1678 # 1504
1679 # 1504
1680 # 1504
1681 # 1504
1682 # 1504
1683 # 1504
1684 # 1504
1685 # 1504
1686 # 1504
1687 # 1504
1688 # 1504
1689 # 1504
1690 # 1504
1691 # 1504
1692 # 1504
1693 # 1504
1694 # 1504
1695 # 1504
1696 # 1504
1697 # 1504
1698 # 1504
1699 # 1504
1700 # 1504
1701 # 1504
1702 # 1504
1703 # 1504
1704 # 1504
1705 # 1504
1706 # 1504
1707 # 1504
1708 # 1504
1709 # 1504
1710 # 1504
1711 # 1504
1712 # 1504
1713 # 1504
1714 # 1504
1715 # 1504
1716 # 1504
1717 # 1504
1718 # 1504
1719 # 1504
1720 # 1504
1721 # 1504
1722 # 1504
1723 # 1504
1724 # 1504
1725 # 1504
1726 # 1504
1727 # 1504
1728 # 1504
1729 # 1504
1730 # 1504
1731 # 1504
1732 # 1504
1733 # 1504
1734 # 1504
1735 # 1504
1736 # 1504
1737 # 1504
1738 # 1504
1739 # 1504
1740 # 1504
1741 # 1504
1742 # 1504
1743 # 1504
1744 # 1504
1745 # 1504
1746 # 1504
1747 # 1504
1748 # 1504
1749 # 1504
1750 # 1504
1751 # 1504
1752 # 1504
1753 # 1504
1754 # 1504
1755 # 1504
1756 # 1504
1757 # 1504
1758 # 1504
1759 # 1504
1760 # 1504
1761 # 1504
1762 # 1504
1763 # 1504
1764 # 1504
1765 # 1504
1766 # 1504
1767 # 1504
1768 # 1504
1769 # 1504
1770 # 1504
1771 # 1504
1772 # 1504
1773 # 1504
1774 # 1504
1775 # 1504
1776 # 1504
1777 # 1504
1778 # 1504
1779 # 1504
1780 # 1504
1781 # 1504
1782 # 1504
1783 # 1504
1784 # 1504
1785 # 1504
1786 # 1504
1787 # 1504
1788 # 1504
1789 # 1504
1790 # 1504
1791 # 1504
1792 # 1504
1793 # 1504
1794 # 1504
1795 # 1504
1796 # 1504
1797 # 1504
1798 # 1504
1799 # 1504
1800 # 1504
1801 # 1504
1802 # 1504
1803 # 1504
1804 # 1504
1805 # 1504
1806 # 1504
1807 # 1504
1808 # 1504
1809 # 1504
1810 # 1504
1811 # 1504
1812 # 1504
1813 # 1504
1814 # 1504
1815 # 1504
1816 # 1504
1817 # 1504
1818 # 1504
1819 # 1504
1820 # 1504
1821 # 1504
1822 # 1504
1823 # 1504
1824 # 1504
1825 # 1504
1826 # 1504
1827 # 1504
1828 # 1504
1829 # 1504
1830 # 1504
1831 # 1504
1832 # 1504
1833 # 1504
1834 # 1504
1835 # 1504
1836 # 1504
1837 # 1504
1838 # 1504
1839 # 1504
1840 # 1504
1841 # 1504
1842 # 1504
1843 # 1504
1844 # 1504
1845 # 1504
1846 # 1504
1847 # 1504
1848 # 1504
1849 # 1504
1850 # 1504
1851 # 1504
1852 # 1504
1853 # 1504
1854 # 1504
1855 # 1504
1856 # 1504
1857 # 1504
1858 # 1504
1859 # 1504
1860 # 1504
1861 # 1504
1862 # 1504
1863 # 1504
1864 # 1504
1865 # 1504
1866 # 1504
1867 # 1504
1868 # 1504
1869 # 1504
1870 # 1504
1871 # 1504
1872 # 1504
1873 # 1504
1874 # 1504
1875 # 1504
1876 # 1504
1877 # 1504
1878 # 1504
1879 # 1504
1880 # 1504
1881 # 1504
1882 # 1504
1883 # 1504
1884 # 1504
1885 # 1504
1886 # 1504
1887 # 1504
1888 # 1504
1889 # 1504
1890 # 1504
1891 # 1504
1892 # 1504
1893 # 1504
1894 # 1504
1895 # 1504
1896 # 1504
1897 # 1504
1898 # 1504
1899 # 1504
1900 # 1504
1901 # 1504
1902 # 1504
1903 # 1504
1904 # 1504
1905 # 1504
1906 # 1504
1907 # 1504
1908 # 1504
1909 # 1504
1910 # 1504
1911 # 1504
1912 # 1504
1913 # 1504
1914 # 1504
1915 # 1504
1916 # 1504
1917 # 1504
1918 # 1504
1919 # 1504
1920 # 1504
1921 # 1504
1922 # 1504
1923 # 1504
1924 # 1504
1925 # 1504
1926 # 1504
1927 # 1504
1928 # 1504
1929 # 1504
1930 # 1504
1931 # 1504
1932 # 1504
1933 # 1504
1934 # 1504
1935 # 1504
1936 # 1504
1937 # 1504
1938 # 1504
1939 # 1504
1940 # 1504
1941 # 1504
1942 # 1504
1943 # 1504
1944 # 1504
1945 # 1504
1946 # 1504
1947 # 1504
1948 # 1504
1949 # 1504
1950 # 1504
1951 # 1504
1952 # 1504
1953 # 1504
1954 # 1504
1955 # 1504
1956 # 1504
1957 # 1504
1958 # 1504
1959 # 1504
1960 # 1504
1961 # 1504
1962 # 1504
1963 # 1504
1964 # 1504
1965 # 1504
1966 # 1504
1967 # 1504
1968 # 1504
1969 # 1504
1970 # 1504
1971 # 1504
1972 # 1504
1973 # 1504
1974 # 1504
1975 # 1504
1976 # 1504
1977 # 1504
1978 # 1504
1979 # 1504
1980 # 1504
1981 # 1504
1982 # 1504
1983 # 1504
1984 # 1504
1985 # 1504
1986 # 1504
1987 # 1504
1988 # 1504
1989 # 1504
1990 # 1504
1991 # 1504
1992 # 1504
1993 # 1504
1994 # 1504
1995 # 1504
1996 # 1504
1997 # 1504
1998 # 1504
1999 # 1504
2000 # 1504
2001 # 1504
2002 # 1504
2003 # 1504
2004 # 1504
2005 # 1504
2006 # 1504
2007 # 1504
2008 # 1504
2009 # 1504
2010 # 1504
2011 # 1504
2012 # 1504
2013 # 1504
2014 # 1504
2015 # 1504
2016 # 1504
2017 # 1504
2018 # 1504
2019 # 1504
2020 # 1504
2021 # 1504
2022 # 1504
2023 # 1504
2024 # 1504
2025 # 1504
2026 # 1504
2027 # 1504
2028 # 1504
2029 # 1504
2030 # 1504
2031 # 1504
2032 # 1504
2033 # 1504
2034 # 1504
2035 # 1504
2036 # 1504
2037 # 1504
2038 # 1504
2039 # 1504
2040 # 1504
2041 # 1504
2042 # 1504
2043 # 1504
2044 # 1504
2045 # 1504
2046 # 1504
2047 # 1504
2048 # 1504
2049 # 1504
2050 # 1504
2051 # 1504
2052 # 1504
2053 # 1504
2054 # 1504
2055 # 1504
2056 # 1504
2057 # 1504
2058 # 1504
2059 # 1504
2060 # 1504
2061 # 1504
2062 # 1504
2063 # 1504
2064 # 1504
2065 # 1504
2066 # 1504
2067 # 1504
2068 # 1504
2069 # 1504
2070 # 1504
2071 # 1504
2072 # 1504
2073 # 1504
2074 # 1504
2075 # 1504
2076 # 1504
2077 # 1504
2078 # 1504
2079 # 1504
2080 # 1504
2081 # 1504
2082 # 1504
2083 # 1504
2084 # 1504
2085 # 1504
2086 # 1504
2087 # 1504
2088 # 1504
2089 # 1504
2090 # 1504
2091 # 1504
2092 # 1504
2093 # 1504
2094 # 1504
2095 # 1504
2096 # 1504
2097 # 1504
2098 # 1504
2099 # 1504
2100 # 1504
2101 # 1504
2102 # 1504
2103 # 1504
2104 # 1504
2105 # 1504
2106 # 1504
2107 # 1504
2108 # 1504
2109 # 1504
2110 # 1504
2111 # 1504
2112 # 1504
2113 # 1504
2114 # 1504
2115 # 1504
2116 # 1504
2117 # 1504
2118 # 1504
2119 # 1504
2120 # 1504
2121 # 1504
2122 # 1504
2123 # 1504
2124 # 1504
2125 # 1504
2126 # 1504
2127 # 1504
2128 # 1504
2129 # 1504
2130 # 1504
2131 # 1504
2132 # 1504
2133 # 1504
2134 # 1504
2135 # 1504
2136 # 1504
2137 # 1504
2138 # 1504
2139 # 1504
2140 # 1504
2141 # 1504
2142 # 1504
2143 # 1504
2144 # 1504
2145 # 1504
2146 # 1504
2147 # 1504
2148 # 1504
2149 # 1504
2150 # 1504
2151 # 1504
2152 # 1504
2153 # 1504
2154 # 1504
2155 # 1504
2156 # 1504
2157 # 1504
2158 # 1504
2159 # 1504
2160 # 1504
2161 # 1504
2162 # 1504
2163 # 1504
2164 # 1504
2165 # 1504
2166 # 1504
2167 # 1504
2168 # 1504
2169 # 1504
2170 # 1504
2171 # 1504
2172 # 1504
2173 # 1504
2174 # 1504
2175 # 1504
2176 # 1504
2177 # 1504
2178 # 1504
2179 # 1504
2180 # 1504
2181 # 1504
2182 # 1504
2183 # 1504
2184 # 1504
2185 # 1504
2186 # 1504
2187 # 1504
2188 # 1504
2189 # 1504
2190 # 1504
2191 # 1504
2192 # 1504
2193 # 1504
2194 # 1504
2195 # 1504
2196 # 1504
2197 # 1504
2198 # 1504
2199 # 1504
2200 # 1504
2201 # 1504
2202 # 1504
2203 # 1504
2204 # 1504
2205 # 1504
2206 # 1504
2207 # 1504
2208 # 1504
2209 # 1504
2210 # 1504
2211 # 1504
2212 # 1504
2213 # 1504
2214 # 1504
2215 # 1504
2216 # 1504
2217 # 1504
2218 # 1504
2219 # 1504
2220 # 1504
2221 # 1504
2222 # 1504
2223 # 1504
2224 # 1504
2225 # 1504
2226 # 1504
2227 # 1504
2228 # 1504
2229 # 1504
2230 # 1504
2231 # 1504
2232 # 1504
2233 # 1504
2234 # 1504
2235 # 1504
2236 # 1504
2237 # 1504
2238 # 1504
2239 # 1504
2240 # 1504
2241 # 1504
2242 # 1504
2243 # 1504
2244 # 1504
2245 # 1504
2246 # 1504
2247 # 1504
2248 # 1504
2249 # 1504
2250 # 1504
2251 # 1504
2252 # 1504
2253 # 1504
2254 # 1504
2255 # 1504
2256 # 1504
2257 # 1504
2258 # 1504
2259 # 1504
2260 # 1504
2261 # 1504
2262 # 1504
2263 # 1504
2264 # 1504
2265 # 1504
2266 # 1504
2267 # 1504
2268 # 1504
2269 # 1504
2270 # 1504
2271 # 1504
2272 # 1504
2273 # 1504
2274 # 1504
2275 # 1504
2276 # 1504
2277 # 1504
2278 # 1504
2279 # 1504
2280 # 1504
2281 # 1504
2282 # 1504
2283 # 1504
2284 # 1504
2285 # 1504
2286 # 1504
2287 # 1504
2288 # 1504
2289 # 1504
2290 # 1504
2291 # 1504
2292 # 1504
2293 # 1504
2294 # 1504
2295 # 1504
2296 # 1504
2297 # 1504
2298 # 1504
2299 # 1504
2300 # 1504
2301 # 1504
2302 # 1504
2303 # 1504
2304 # 1504
2305 # 1504
2306 # 1504
2307 # 1504
2308 # 1504
2309 # 1504
2310 # 1504
2311 # 1504
2312 # 1504
2313 # 1504
2314 # 1504
2315 # 1504
2316 # 1504
2317 # 1504
2318 # 1504
2319 # 1504
2320 # 1504
2321 # 1504
2322 # 1504
2323 # 1504
2324 # 1504
2325 # 1504
2326 # 1504
2327 # 1504
2328 # 1504
2329 # 1504
2330 # 1504
2331 # 1504
2332 # 1504
2333 # 1504
2334 # 1504
2335 # 1504
2336 # 1504
2337 # 1504
2338 # 1504
2339 # 1504
2340 # 1504
2341 # 1504
2342 # 1504
2343 # 1504
2344 # 1504
2345 # 1504
2346 # 1504
2347 # 1504
2348 # 1504
2349 # 1504
2350 # 1504
2351 # 1504
2352 # 1504
2353 # 1504
2354 # 1504
2355 # 1504
2356 # 1504
2357 # 1504
2358 # 1504
2359 # 1504
2360 # 1504
2361 # 1504
2362 # 1504
2363 # 1504
2364 # 1504
2365 # 1504
2366 # 1504
2367 # 1504
2368 # 1504
2369 # 1504
2370 # 1504
2371 # 1504
2372 # 1504
2373 # 1504
2374 # 1504
2375 # 1504
2376 # 1504
2377 # 1504
2378 # 1504
2379 # 1504
2380 # 1504
2381 # 1504
2382 # 1504
2383 # 1504
2384 # 1504
2385 # 1504
2386 # 1504
2387 # 1504
2388 # 1504
2389 # 1504
2390 # 1504
2391 # 1504
2392 # 1504
2393 # 1504
2394 # 1504
2395 # 1504
2396 # 1504
2397 # 1504
2398 # 1504
2399 # 1504
2400 # 1504
2401 # 1504
2402 # 1504
2403 # 1504
2404 # 1504
2405 # 1504
2406 # 1504
2407 # 1504
2408 # 1504
2409 # 1504
2410 # 1504
2411 # 1504
2412 # 1504
2413 # 1504
2414 # 1504
2415 # 1504
2416 # 1504
2417 # 1504
2418 # 1504
2419 # 1504
2420 # 1504
2421 # 1504
2422 # 1504
2423 # 1504
2424 # 1504
2425 # 1504
2426 # 1504
2427 # 1504
2428 # 1504
2429 # 1504
2430 # 1504
2431 # 1504
2432 # 1504
2433 # 1504
2434 # 1504
2435 # 1504
2436 # 1504
2437 # 1504
2438 # 1504
2439 # 1504
2440 # 1504
2441 # 1504
2442 # 1504
2443 # 1504
2444 # 1504
2445 # 1504
2446 # 1504
2447 # 1504
2448 # 1504
2449 # 1504
2450 # 1504
2451 # 1504
2452 # 1504
2453 # 1504
2454 # 1504
2455 # 1504
2456 # 1504
2457 # 1504
2458 # 1504
2459 # 1504
2460 # 1504
2461 # 1504
2462 # 1504
2463 # 1504
2464 # 1504
2465 # 1504
2466 # 1504
2467 # 1504
2468 # 1504
2469 # 1504
2470 # 1504
2471 # 1504
2472 # 1504
2473 # 1504
2474 # 1504
2475 # 1504
2476 # 1504
2477 # 1504
2478 # 1504
2479 # 1504
2480 # 1504
2481 # 1504
2482 # 1504
2483 # 1504
2484 # 1504
2485 # 1504
2486 # 1504
2487 # 1504
2488 # 1504
2489 # 1504
2490 # 1504
2491 # 1504
2492 # 1504
2493 # 1504
2494 # 1504
2495 # 1504
2496 # 1504
2497 # 1504
2498 # 1504
2499 # 1504
2500 # 1504
2501 # 1504
2502 # 1504
2503 # 1504
2504 # 1504
2505 # 1504
2506 # 1504
2507 # 1504
2508 # 1504
2509 # 1504
2510 # 1504
2511 # 1504
2512 # 1504
2513 # 1504
2514 # 1504
2515 # 1504
2516 # 1504
2517 # 1504
2518 # 1504
2519 # 1504
2520 # 1504
2521 # 1504
2522 # 1504
2523 # 1504
2524 # 1504
2525 # 1504
2526 # 1504
2527 # 1504
2528 # 1504
2529 # 1504
2530 # 1504
2531 # 1504
2532 # 1504
2533 # 1504
2534 # 1504
2535 # 1504
2536 # 1504
2537 # 1504
2538 # 1504
2539 # 1504
2540 # 1504
2541 # 1504
2542 # 1504
2543 # 1504
2544 # 1504
2545 # 1504
2546 # 1504
2547 # 1504
2548 # 1504
2549 # 1504
2550 # 1504
2551 # 1504
2552 # 1504
2553 # 1504
2554 # 1504
2555 # 1504
2556 # 1504
2557 # 1504
2558 # 1504
2559 # 1504
2560 # 1504
2561 # 1504
2562 # 1504
2563 # 1504
2564 # 1504
2565 # 1504
2566 # 1504
2567 # 1504
2568 # 1504
2569 # 1504
2570 # 1504
2571 # 1504
2572 # 1504
2573 # 1504
2574 # 1504
2575 # 1504
2576 # 1504
2577 # 1504
2578 # 1504
2579 # 1504
2580 # 1504
2581 # 1504
2582 # 1504
2583 # 1504
2584 # 1504
2585 # 1504
2586 # 1504
2587 # 1504
2588 # 1504
2589 # 1504
2590 # 1504
2591 # 1504
2592 # 1504
2593 # 1504
2594 # 1504
2595 # 1504
2596 # 1504
2597 # 1504
2598 # 1504
2599 # 1504
2600 # 1504
2601 # 1504
2602 # 1504
2603 # 1504
2604 # 1504
2605 # 1504
2606 # 1504
2607 # 1504
2608 # 1504
2609 # 1504
2610 # 1504
2611 # 1504
2612 # 1504
2613 # 1504
2614 # 1504
2615 # 1504
2616 # 1504
2617 # 1504
2618 # 1504
2619 # 1504
2620 # 1504
2621 # 1504
2622 # 1504
2623 # 1504
2624 # 1504
2625 # 1504
2626 # 1504
2627 # 1504
2628 # 1504
2629 # 1504
2630 # 1504
2631 # 1504
2632 # 1504
2633 # 1504
2634 # 1504
2635 # 1504
2636 # 1504
2637 # 1504
2638 # 1504
2639 # 1504
2640 # 1504
2641 # 1504
2642 # 1504
2643 # 1504
2644 # 1504
2645 # 1504
2646 # 1504
2647 # 1504
2648 # 1504
2649 # 1504
2650 # 1504
2651 # 1504
2652 # 1504
2653 # 1504
2654 # 1504
2655 # 1504
2656 # 1504
2657 # 1504
2658 # 1504
2659 # 1504
2660 # 1504
2661 # 1504
2662 # 1504
2663 # 1504
2664 # 1504
2665 # 1504
2666 # 1504
2667 # 1504
2668 # 1504
2669 # 1504
2670 # 1504
2671 # 1504
2672 # 1504
2673 # 1504
2674 # 1504
2675 # 1504
2676 # 1504
2677 # 1504
2678 # 1504
2679 # 1504
2680 # 1504
2681 # 1504
2682 # 1504
2683 # 1504
2684 # 1504
2685 # 1504
2686 # 1504
2687 # 1504
2688 # 1504
2689 # 1504
2690 # 1504
2691 # 1504
2692 # 1504
2693 # 1504
2694 # 1504
2695 # 1504
2696 # 1504
2697 # 1504
2698 # 1504
2699 # 1504
2700 # 1504
2701 # 1504
2702 # 1504
2703 # 1504
2704 # 1504
2705 # 1504
2706 # 1504
2707 # 1504
2708 # 1504
2709 # 1504
2710 # 1504
2711 # 1504
2712 # 1504
2713 # 1504
2714 # 1504
2715 # 1504
2716 # 1504
2717 # 1504
2718 # 1504
2719 # 1504
2720 # 1504
2721 # 1504
2722 # 1504
2723 # 1504
2724 # 1504
2725 # 1504
2726 # 1504
2727 # 1504
2728 # 1504
2729 # 1504
2730 # 1504
2731 # 1504
2732 # 1504
2733 # 1504
2734 # 1504
2735 # 1504
2736 # 1504
2737 # 1504
2738 # 1504
2739 # 1504
2740 # 1504
2741 # 1504
2742 # 1504
2743 # 1504
2744 # 1504
2745 # 1504
2746 # 1504
2747 # 1504
2748 # 1504
2749 # 1504
2750 # 1504
2751 # 1504
2752 # 1504
2753 # 1504
2754 # 1504
2755 # 1504
2756 # 1504
2757 # 1504
2758 # 1504
2759 # 1504
2760 # 1504
2761 # 1504
2762 # 1504
2763 # 1504
2764 # 1504
2765 # 1504
2766 # 1504
2767 # 1504
2768 # 1504
2769 # 1504
2770 # 1504
2771 # 1504
2772 # 1504
2773 # 1504
2774 # 1504
2775 # 1504
2776 # 1504
2777 # 1504
2778 # 1504
2779 # 1504
2780 # 1504
2781 # 1504
2782 # 1504
2783 # 1504
2784 # 1504
2785 # 1504
2786 # 1504
2787 # 1504
2788 # 1504
2789 # 1504
2790 # 1504
2791 # 1504
2792 # 1504
2793 # 1504
2794 # 1504
2795 # 1504
2796 # 1504
2797 # 1504
2798 # 1504
2799 # 1504
2800 # 1504
2801 # 1504
2802 # 1504
2803 # 1504
2804 # 1504
2805 # 1504
2806 # 1504
2807 # 1504
2808 # 1504
2809 # 1504
2810 # 1504
2811 # 1504
2812 # 1504
2813 # 1504
2814 # 1504
2815 # 1504
2816 # 1504
2817 # 1504
2818 # 1504
2819 # 1504
2820 # 1504
2821 # 1504
2822 # 1504
2823 # 1504
2824 # 1504
2825 # 1504
2826 # 1504
2827 # 1504
2828 # 1504
2829 # 1504
2830 # 1504
2831 # 1504
2832 # 1504
2833 # 1504
2834 # 1504
2835 # 1504
2836 # 1504
2837 # 1504
2838 # 1504
2839 # 1504
2840 # 1504
2841 # 1504
2842 # 1504
2843 # 1504
2844 # 1504
2845 # 1504
2846 # 1504
2847 # 1504
2848 # 1504
2849 # 1504
2850 # 1504
2851 # 1504
2852 # 1504
2853 # 1504
2854 # 1504
2855 # 1504
2856 # 1504
2857 # 1504
2858 # 1504
2859 # 1504
2860 # 1504
2861 # 1504
2862 # 1504
2863 # 1504
2864 # 1504
2865 # 1504
2866 # 1504
2867 # 1504
2868 # 1504
2869 # 1504
2870 # 1504
2871 # 1504
2872 # 1504
2873 # 1504
2874 # 1504
2875 # 1504
2876 # 1504
2877 # 1504
2878 # 1504
2879 # 1504
2880 # 1504
2881 # 1504
2882 # 1504
2883 # 1504
2884 # 1504
2885 # 1504
2886 # 1504
2887 # 1504
2888 # 1504
2889 # 1504
2890 # 1504
2891 # 1504
2892 # 1504
2893 # 1504
2894 # 1504
2895 # 1504
2896 # 1504
2897 # 1504
2898 # 1504
2899 # 1504
2900 # 1504
2901 # 1504
2902 # 1504
2903 # 1504
2904 # 1504
2905 # 1504
2906 # 1504
2907 # 1504
2908 # 1504
2909 # 1504
2910 # 1504
2911 # 1504
2912 # 1504
2913 # 1504
2914 # 1504
2915 # 1504
2916 # 1504
2917 # 1504
2918 # 1504
2919 # 1504
2920 # 1504
2921 # 1504
2922 # 1504
2923 # 1504
2924 # 1504
2925 # 1504
2926 # 1504
2927 # 1504
2928 # 1504
2929 # 1504
2930 # 1504
2931 # 1504
2932 # 1504
2933 # 1504
2934 # 1504
2935 # 1504
2936 # 1504
2937 # 1504
2938 # 1504
2939 # 1504
2940 # 1504
2941 # 1504
2942 # 1504
2943 # 1504
2944 # 1504
2945 # 1504
2946 # 1504
2947 # 1504
2948 # 1504
2949 # 1504
2950 # 1504
2951 # 1504
2952 # 1504
2953 # 1504
2954 # 1504
2955 # 1504
2956 # 1504
2957 # 1504
2958 # 1504
2959 # 1504
2960 # 1504
2961 # 1504
2962 # 1504
2963 # 1504
2964 # 1504
2965 # 1504
2966 # 1504
2967 # 1504
2968 # 1504
2969 # 1504
2970 # 1504
2971 # 1504
2972 # 1504
2973 # 1504
2974 # 1504
2975 # 1504
2976 # 1504
2977 # 1504
2978 # 1504
2979 # 1504
2980 # 1504
2981 # 1504
2982 # 1504
2983 # 1504
2984 # 1504
2985 # 1504
2986 # 1504
2987 # 1504
2988 # 1504
2989 # 1504
2990 # 1504
2991 # 1504
2992 # 1504
2993 # 1504
2994 # 1504
2995 # 1504
2996 # 1504
2997 # 1504
2998 # 1504
2999 # 1504
3000 # 1504
3001 # 1504
3002 # 1504
3003 # 1504
3004 # 1504
3005 # 1504
3006 # 1504
3007 # 1504
3008 # 1504
3009 # 1504
3010 # 1504
3011 # 1504
3012 # 1504
3013 # 1504
3014 # 1504
3015 # 1504
3016 # 1504
3017 # 1504
3018 # 1504
3019 # 1504
3020 # 1504
3021 # 1504
3022 # 1504
3023 # 1504
3024 # 1504
3025 # 1504
3026 # 1504
3027 # 1504
3028 # 1504
3029 # 1504
3030 # 1504
3031 # 1504
3032 # 1504
3033 # 1504
3034 # 1504
3035 # 1504
3036 # 1504
3037 # 1504
3038 # 1504
3039 # 1504
3040 # 1504
3041 # 1504
3042 # 1504
3043 # 1504
3044 # 1504
3045 # 1504
3046 # 1504
3047 # 1504
3048 # 1504
3049 # 1504
3050 # 1504
3051 # 1504
3052 # 1504
3053 # 1504
3054 # 1504
3055 # 1504
3056 # 1504
3057 # 1504
3058 # 1504
3059 # 1504
3060 # 1504
3061 # 1504
3062 # 1504
3063 # 1504
3064 # 1504
3065 # 1504
3066 # 1504
3067 # 1504
3068 # 1504
3069 # 1504
3070 # 1504
3071 # 1504
3072 # 1504
3073 # 1504
3074 # 1504
3075 # 1504
3076 # 1504
3077 # 1504
3078 # 1504
3079 # 1504
3080 # 1504
3081 # 1504
3082 # 1504
3083 # 1504
3084 # 1504
3085 # 1504
3086 # 1504
3087 # 1504
3088 # 1504
3089 # 1504
3090 # 1504
3091 # 1504
3092 # 1504
3093 # 1504
3094 # 1504
3095 # 1504
3096 # 1504
3097 # 1504
3098 # 1504
3099 # 1504
3100 # 1504
3101 # 1504
3102 # 1504
3103 # 1504
3104 # 1504
3105 # 1504
3106 # 1504
3107 # 1504
3108 # 1504
3109 # 1504
3110 # 1504
3111 # 1504
3112 # 1504
3113 # 1504
3114 # 1504
3115 # 1504
3116 # 1504
3117 # 1504
3118 # 1504
3119 # 1504
3120 # 1504
3121 # 1504
3122 # 1504
3123 # 1504
3124 # 1504
3124 + 100
3125 # 1504
3125 - 100 1
3126 # 1504
3127 # 1504
3128 # 1504
3129 # 1504
3130 # 1504
3130 + 100
3130 + 100
3131 # 1504
3131 - 100 1
3131 - 100 1
3132 # 1504
3133 # 1504
3134 # 1504
3134 + 100
3135 # 1504
3135 - 100 1
3135 + 100
3136 # 1504
3136 - 100 1
3136 + 100
3137 # 1504
3137 - 100 1
3137 + 100
3138 # 1504
3138 - 100 1
3138 + 100
3139 # 1504
3139 - 100 1
3140 # 1504
3141 # 1504
3142 # 1504
3143 # 1504
3144 # 1504
3145 # 1504
3146 # 1504
3146 + 100
3146 + 100
3146 + 100
3146 + 100
3146 + 100
3146 + 100
3146 + 100
3147 # 1504
3147 - 100 1
3147 - 100 1
3147 - 100 1
3147 - 100 1
3147 - 100 1
3147 - 100 1
3147 - 100 1
3147 + 100
3148 # 1504
3148 - 100 1
3148 + 100
3149 # 1504
3149 - 100 1
3149 + 100
3149 + 100
3150 # 1504
3150 - 100 1
3150 - 100 1
3150 + 100
3151 # 1504
3151 - 100 1
3151 + 100
3152 # 1504
3152 - 100 1
3153 # 1504
3153 + 100
3154 # 1504
3154 - 100 1
3154 + 100
3155 # 1504
3155 - 100 1
3155 + 100
3155 + 100
3156 # 1504
3156 - 100 1
3156 - 100 1
3156 + 100
3157 # 1504
3157 - 100 1
3158 # 1504
3159 # 1504
3159 + 100
3160 # 1504
3160 - 100 1
3160 + 100
3160 + 100
3161 # 1504
3161 - 100 1
3161 - 100 1
3161 + 100
3162 # 1504
3162 - 100 1
3162 + 100
3163 # 1504
3163 - 100 1
3164 # 1504
3164 + 100
3165 # 1504
3165 - 100 1
3165 + 100
3166 # 1504
3166 - 100 1
3167 # 1504
3168 # 1504
3168 + 100
3168 + 100
3168 + 100
3168 + 100
3169 # 1504
3169 - 100 1
3169 - 100 1
3169 - 100 1
3169 - 100 1
3170 # 1504
3171 # 1504
3171 + 100
3171 + 100
3172 # 1504
3172 - 100 1
3172 - 100 1
3172 + 100
3172 + 100
3173 # 1504
3173 - 100 1
3173 - 100 1
3173 + 100
3174 # 1504
3174 - 100 1
3175 # 1504
3176 # 1504
3177 # 1504
3177 + 100
3177 + 100
3177 + 100
3177 + 100
3178 # 1504
3178 - 100 1
3178 - 100 1
3178 - 100 1
3178 - 100 1
3178 + 100
3179 # 1504
3179 - 100 1
3179 + 100
3180 # 1504
3180 - 100 1
3181 # 1504
3181 + 100
3181 + 100
3182 # 1504
3182 - 100 1
3182 - 100 1
3183 # 1504
3184 # 1504
3184 + 100
3184 + 100
3185 # 1504
3185 - 100 1
3185 - 100 1
3186 # 1504
3186 + 100
3186 + 100
3187 # 1504
3187 - 100 1
3187 - 100 1
3188 # 1504
3188 + 100
3188 + 100
3189 # 1504
3189 - 100 1
3189 - 100 1
3189 + 100
3190 # 1504
3190 - 100 1
3190 + 100
3191 # 1504
3191 - 100 1
3192 # 1504
3193 # 1504
3194 # 1504
3195 # 1504
3196 # 1504
3196 + 100
3196 + 100
3196 + 100
3196 + 100
3196 + 100
3197 # 1504
3197 - 100 1
3197 - 100 1
3197 - 100 1
3197 - 100 1
3197 - 100 1
3198 # 1504
3199 # 1504
3199 + 100
3199 + 100
3199 + 100
3200 # 1504
3200 - 100 1
3200 - 100 1
3200 - 100 1
3200 + 100
3201 # 1504
3201 - 100 1
3202 # 1504
3203 # 1504
3204 # 1504
3204 + 100
3204 + 100
3204 + 100
3204 + 100
3204 + 100
3205 # 1504
3205 - 100 1
3205 - 100 1
3205 - 100 1
3205 - 100 1
3205 - 100 1
3206 # 1504
3207 # 1504
3207 + 100
3207 + 100
3208 # 1504
3208 - 100 1
3208 - 100 1
3209 # 1504
3209 + 100
3209 + 100
3210 # 1504
3210 - 100 1
3210 - 100 1
3211 # 1504
3212 # 1504
3212 + 100
3212 + 100
3212 + 100
3213 # 1504
3213 - 100 1
3213 - 100 1
3213 - 100 1
3213 + 100
3214 # 1504
3214 - 100 1
3214 + 100
3215 # 1504
3215 - 100 1
3216 # 1504
3216 + 100
3217 # 1504
3217 - 100 1
3218 # 1504
3219 # 1504
3220 # 1504
3221 # 1504
3221 + 100
3221 + 100
3221 + 100
3221 + 100
3221 + 100
3222 # 1504
3222 - 100 1
3222 - 100 1
3222 - 100 1
3222 - 100 1
3222 - 100 1
3223 # 1504
3223 + 100
3223 + 100
3223 + 100
3224 # 1504
3224 - 100 1
3224 - 100 1
3224 - 100 1
3225 # 1504
3226 # 1504
3227 # 1504
3228 # 1504
3228 + 100
3228 + 100
3228 + 100
3228 + 100
3228 + 100
3229 # 1504
3229 - 100 1
3229 - 100 1
3229 - 100 1
3229 - 100 1
3229 - 100 1
3229 + 100
3230 # 1504
3230 - 100 1
3231 # 1504
3232 # 1504
3233 # 1504
3234 # 1504
3235 # 1504
3236 # 1504
3236 + 100
3236 + 100
3236 + 100
3236 + 100
3236 + 100
3236 + 100
3237 # 1504
3237 - 100 1
3237 - 100 1
3237 - 100 1
3237 - 100 1
3237 - 100 1
3237 - 100 1
3238 # 1504
3238 + 100
3238 + 100
3239 # 1504
3239 - 100 1
3239 - 100 1
3240 # 1504
3241 # 1504
3242 # 1504
3243 # 1504
3244 # 1504
3244 + 100
3244 + 100
3244 + 100
3244 + 100
3244 + 100
3244 + 100
3245 # 1504
3245 - 100 1
3245 - 100 1
3245 - 100 1
3245 - 100 1
3245 - 100 1
3245 - 100 1
3246 # 1504
3246 + 100
3246 + 100
3247 # 1504
3247 - 100 1
3247 - 100 1
3248 # 1504
3249 # 1504
3250 # 1504
3251 # 1504
3252 # 1504
3252 + 100
3252 + 100
3252 + 100
3252 + 100
3252 + 100
3252 + 100
3253 # 1504
3253 - 100 1
3253 - 100 1
3253 - 100 1
3253 - 100 1
3253 - 100 1
3253 - 100 1
3254 # 1504
3255 # 1504
3256 # 1504
3256 + 100
3256 + 100
3256 + 100
3257 # 1504
3257 - 100 1
3257 - 100 1
3257 - 100 1
3258 # 1504
3259 # 1504
3260 # 1504
3260 + 100
3260 + 100
3260 + 100
3260 + 100
3261 # 1504
3261 - 100 1
3261 - 100 1
3261 - 100 1
3261 - 100 1
3262 # 1504
3262 + 100
3262 + 100
3263 # 1504
3263 - 100 1
3263 - 100 1
3263 + 100
3264 # 1504
3264 - 100 1
3264 + 100
3265 # 1504
3265 - 100 1
3266 # 1504
3266 + 100
3266 + 100
3267 # 1504
3267 - 100 1
3267 - 100 1
3268 # 1504
3268 + 100
3268 + 100
3269 # 1504
3269 - 100 1
3269 - 100 1
3270 # 1504
3270 + 100
3270 + 100
3271 # 1504
3271 - 100 1
3271 - 100 1
3271 + 100
3272 # 1504
3272 - 100 1
3273 # 1504
3274 # 1504
3275 # 1504
3276 # 1504
3276 + 100
3276 + 100
3276 + 100
3276 + 100
3276 + 100
3277 # 1504
3277 - 100 1
3277 - 100 1
3277 - 100 1
3277 - 100 1
3277 - 100 1
3277 + 100
3278 # 1504
3278 - 100 1
3278 + 100
3279 # 1504
3279 - 100 1
3280 # 1504
3280 + 100
3281 # 1504
3281 - 100 1
3282 # 1504
3283 # 1504
3284 # 1504
3284 + 100
3284 + 100
3284 + 100
3284 + 100
3285 # 1504
3285 - 100 1
3285 - 100 1
3285 - 100 1
3285 - 100 1
3286 # 1504
3287 # 1504
3287 + 100
3287 + 100
3288 # 1504
3288 - 100 1
3288 - 100 1
3289 # 1504
3290 # 1504
3291 # 1504
3292 # 1504
3293 # 1504
3294 # 1504
3295 # 1504
3296 # 1504
3297 # 1504
3297 + 100
3297 + 100
3298 # 1504
3298 - 100 1
3298 - 100 1
3299 # 1504
3300 # 1504
3301 # 1504
3302 # 1504
3303 # 1504
3303 + 100
3303 + 100
3304 # 1504
3304 - 100 1
3304 - 100 1
3305 # 1504
3305 + 100
3306 # 1504
3306 - 100 1
3307 # 1504
3307 + 100
3307 + 100
3308 # 1504
3308 - 100 1
3308 - 100 1
3309 # 1504
3310 # 1504
3311 # 1504
3312 # 1504
3313 # 1504
3313 + 100
3314 # 1504
3314 - 100 1
3315 # 1504
3316 # 1504
3317 # 1504
3318 # 1504
3319 # 1504
3320 # 1504
3320 + 100
3320 + 100
3321 # 1504
3321 - 100 1
3321 - 100 1
3322 # 1504
3323 # 1504
3324 # 1504
3325 # 1504
3325 + 100
3325 + 100
3325 + 100
3326 # 1504
3326 - 100 1
3326 - 100 1
3326 - 100 1
3327 # 1504
3328 # 1504
3328 + 100
3328 + 100
3329 # 1504
3329 - 100 1
3329 - 100 1
3330 # 1504
3330 + 100
3331 # 1504
3331 - 100 1
3332 # 1504
3332 + 100
3333 # 1504
3333 - 100 1
3334 # 1504
3334 + 100
3335 # 1504
3335 - 100 1
3336 # 1504
3336 + 100
3336 + 100
3337 # 1504
3337 - 100 1
3337 - 100 1
3338 # 1504
3339 # 1504
3339 + 100
3339 + 100
3340 # 1504
3340 - 100 1
3340 - 100 1
3341 # 1504
3341 + 100
3342 # 1504
3342 - 100 1
3342 + 100
3343 # 1504
3343 - 100 1
3343 + 100
3344 # 1504
3344 - 100 1
3344 + 100
3345 # 1504
3345 - 100 1
3346 # 1504
3347 # 1504
3348 # 1504
3348 + 100
3348 + 100
3349 # 1504
3349 - 100 1
3349 - 100 1
3350 # 1504
3351 # 1504
3352 # 1504
3353 # 1504
3354 # 1504
3355 # 1504
3356 # 1504
3356 + 100
3356 + 100
3357 # 1504
3357 - 100 1
3357 - 100 1
3358 # 1504
3359 # 1504
3360 # 1504
3361 # 1504
3362 # 1504
3362 + 100
3362 + 100
3362 + 100
3363 # 1504
3363 - 100 1
3363 - 100 1
3363 - 100 1
3364 # 1504
3365 # 1504
3366 # 1504
3367 # 1504
3367 + 100
3367 + 100
3367 + 100
3368 # 1504
3368 - 100 1
3368 - 100 1
3368 - 100 1
3369 # 1504
3369 + 100
3370 # 1504
3370 - 100 1
3371 # 1504
3372 # 1504
3373 # 1504
3373 + 100
3374 # 1504
3374 - 100 1
3375 # 1504
3376 # 1504
3376 + 100
3376 + 100
3377 # 1504
3377 - 100 1
3377 - 100 1
3378 # 1504
3378 + 100
3379 # 1504
3379 - 100 1
3380 # 1504
3380 + 100
3381 # 1504
3381 - 100 1
3382 # 1504
3383 # 1504
3384 # 1504
3384 + 100
3384 + 100
3385 # 1504
3385 - 100 1
3385 - 100 1
3386 # 1504
3387 # 1504
3388 # 1504
3388 + 100
3389 # 1504
3389 - 100 1
3390 # 1504
3391 # 1504
3391 + 100
3391 + 100
3392 # 1504
3392 - 100 1
3392 - 100 1
3393 # 1504
3393 + 100
3394 # 1504
3394 - 100 1
3395 # 1504
3395 + 100
3396 # 1504
3396 - 100 1
3397 # 1504
3397 + 100
3398 # 1504
3398 - 100 1
3399 # 1504
3400 # 1504
3400 + 100
3400 + 100
3401 # 1504
3401 - 100 1
3401 - 100 1
3402 # 1504
3402 + 100
3403 # 1504
3403 - 100 1
3404 # 1504
3404 + 100
3405 # 1504
3405 - 100 1
3406 # 1504
3407 # 1504
3407 + 100
3407 + 100
3408 # 1504
3408 - 100 1
3408 - 100 1
3409 # 1504
3410 # 1504
3410 + 100
3410 + 100
3411 # 1504
3411 - 100 1
3411 - 100 1
3412 # 1504
3412 + 100
3413 # 1504
3413 - 100 1
3413 + 100
3414 # 1504
3414 - 100 1
3414 + 100
3415 # 1504
3415 - 100 1
3415 + 100
3416 # 1504
3416 - 100 1
3417 # 1504
3418 # 1504
3418 + 100
3419 # 1504
3419 - 100 1
3419 + 100
3420 # 1504
3420 - 100 1
3420 + 100
3421 # 1504
3421 - 100 1
3422 # 1504
3423 # 1504
3423 + 100
3424 # 1504
3424 - 100 1
3425 # 1504
3425 + 100
3425 + 100
3426 # 1504
3426 - 100 1
3426 - 100 1
3427 # 1504
3428 # 1504
3428 + 100
3428 + 100
3429 # 1504
3429 - 100 1
3429 - 100 1
3430 # 1504
3430 + 100
3431 # 1504
3431 - 100 1
3431 + 100
3432 # 1504
3432 - 100 1
3432 + 100
3433 # 1504
3433 - 100 1
3433 + 100
3434 # 1504
3434 - 100 1
3435 # 1504
3436 # 1504
3436 + 100
3436 + 100
3437 # 1504
3437 - 100 1
3437 - 100 1
3438 # 1504
3439 # 1504
3439 + 100
3439 + 100
3440 # 1504
3440 - 100 1
3440 - 100 1
3440 + 100
3441 # 1504
3441 - 100 1
3441 + 100
3442 # 1504
3442 - 100 1
3443 # 1504
3443 + 100
3443 + 100
3444 # 1504
3444 - 100 1
3444 - 100 1
3445 # 1504
3445 + 100
3446 # 1504
3446 - 100 1
3447 # 1504
3448 # 1504
3448 + 100
3448 + 100
3449 # 1504
3449 - 100 1
3449 - 100 1
3450 # 1504
3451 # 1504
3451 + 100
3452 # 1504
3452 - 100 1
3452 + 100
3452 + 100
3453 # 1504
3453 - 100 1
3453 - 100 1
3454 # 1504
3454 + 100
3455 # 1504
3455 - 100 1
3455 + 100
3456 # 1504
3456 - 100 1
3457 # 1504
3457 + 100
3457 + 100
3458 # 1504
3458 - 100 1
3458 - 100 1
3458 + 100
3459 # 1504
3459 - 100 1
3459 + 100
3460 # 1504
3460 - 100 1
3461 # 1504
3461 + 100
3462 # 1504
3462 - 100 1
3463 # 1504
3464 # 1504
3464 + 100
3464 + 100
3465 # 1504
3465 - 100 1
3465 - 100 1
3466 # 1504
3467 # 1504
3467 + 100
3468 # 1504
3468 - 100 1
3468 + 100
3468 + 100
3469 # 1504
3469 - 100 1
3469 - 100 1
3470 # 1504
3471 # 1504
3471 + 100
3471 + 100
3472 # 1504
3472 - 100 1
3472 - 100 1
3472 + 100
3473 # 1504
3473 - 100 1
3474 # 1504
3474 + 100
3475 # 1504
3475 - 100 1
3475 + 100
3475 + 100
3476 # 1504
3476 - 100 1
3476 - 100 1
3477 # 1504
3477 + 100
3478 # 1504
3478 - 100 1
3479 # 1504
3479 + 100
3480 # 1504
3480 - 100 1
3481 # 1504
3481 + 100
3482 # 1504
3482 - 100 1
3482 + 100
3483 # 1504
3483 - 100 1
3483 + 100
3484 # 1504
3484 - 100 1
3484 + 100
3485 # 1504
3485 - 100 1
3486 # 1504
3487 # 1504
3487 + 100
3488 # 1504
3488 - 100 1
3488 + 100
3489 # 1504
3489 - 100 1
3489 + 100
3490 # 1504
3490 - 100 1
3491 # 1504
3491 + 100
3492 # 1504
3492 - 100 1
3493 # 1504
3494 # 1504
3494 + 100
3494 + 100
3495 # 1504
3495 - 100 1
3495 - 100 1
3496 # 1504
3497 # 1504
3497 + 100
3497 + 100
3498 # 1504
3498 - 100 1
3498 - 100 1
3499 # 1504
3499 + 100
3500 # 1504
3500 - 100 1
3500 + 100
3501 # 1504
3501 - 100 1
3502 # 1504
3503 # 1504
3503 + 100
3503 + 100
3504 # 1504
3504 - 100 1
3504 - 100 1
3505 # 1504
3505 + 100
3506 # 1504
3506 - 100 1
3507 # 1504
3507 + 100
3508 # 1504
3508 - 100 1
3509 # 1504
3510 # 1504
3510 + 100
3510 + 100
3511 # 1504
3511 - 100 1
3511 - 100 1
3512 # 1504
3512 + 100
3513 # 1504
3513 - 100 1
3514 # 1504
3514 + 100
3515 # 1504
3515 - 100 1
3516 # 1504
3516 + 100
3517 # 1504
3517 - 100 1
3518 # 1504
3519 # 1504
3519 + 100
3520 # 1504
3520 - 100 1
3520 + 100
3521 # 1504
3521 - 100 1
3522 # 1504
3522 + 100
3523 # 1504
3523 - 100 1
3524 # 1504
3524 + 100
3525 # 1504
3525 - 100 1
3526 # 1504
3527 # 1504
3527 + 100
3528 # 1504
3528 - 100 1
3529 # 1504
3529 + 100
3530 # 1504
3530 - 100 1
3531 # 1504
3532 # 1504
3532 + 100
3533 # 1504
3533 - 100 1
3534 # 1504
3535 # 1504
3535 + 100
3536 # 1504
3536 - 100 1
3537 # 1504
3537 + 100
3538 # 1504
3538 - 100 1
3539 # 1504
3540 # 1504
3540 + 100
3541 # 1504
3541 - 100 1
3542 # 1504
3542 + 100
3543 # 1504
3543 - 100 1
3544 # 1504
3545 # 1504
3545 + 100
3546 # 1504
3546 - 100 1
3547 # 1504
3547 + 100
3548 # 1504
3548 - 100 1
3549 # 1504
3550 # 1504
3550 + 100
3551 # 1504
3551 - 100 1
3551 + 100
3552 # 1504
3552 - 100 1
3552 + 100
3553 # 1504
3553 - 100 1
3554 # 1504
3554 + 100
3555 # 1504
3555 - 100 1
3556 # 1504
3556 + 100
3557 # 1504
3557 - 100 1
3558 # 1504
3559 # 1504
3559 + 100
3559 + 100
3560 # 1504
3560 - 100 1
3560 - 100 1
3561 # 1504
3562 # 1504
3562 + 100
3562 + 100
3563 # 1504
3563 - 100 1
3563 - 100 1
3564 # 1504
3564 + 100
3565 # 1504
3565 - 100 1
3565 + 100
3566 # 1504
3566 - 100 1
3567 # 1504
3568 # 1504
3568 + 100
3568 + 100
3569 # 1504
3569 - 100 1
3569 - 100 1
3570 # 1504
3570 + 100
3571 # 1504
3571 - 100 1
3572 # 1504
3572 + 100
3573 # 1504
3573 - 100 1
3574 # 1504
3574 + 100
3575 # 1504
3575 - 100 1
3576 # 1504
3577 # 1504
3577 + 100
3578 # 1504
3578 - 100 1
3579 # 1504
3579 + 100
3580 # 1504
3580 - 100 1
3581 # 1504
3581 + 100
3582 # 1504
3582 - 100 1
3583 # 1504
3584 # 1504
3584 + 100
3585 # 1504
3585 - 100 1
3586 # 1504
3586 + 100
3587 # 1504
3587 - 100 1
3588 # 1504
3589 # 1504
3589 + 100
3589 + 100
3590 # 1504
3590 - 100 1
3590 - 100 1
3591 # 1504
3591 + 100
3592 # 1504
3592 - 100 1
3593 # 1504
3593 + 100
3594 # 1504
3594 - 100 1
3595 # 1504
3595 + 100
3596 # 1504
3596 - 100 1
3597 # 1504
3598 # 1504
3598 + 100
3598 + 100
3599 # 1504
3599 - 100 1
3599 - 100 1
3600 # 1504
3600 + 100
3601 # 1504
3601 - 100 1
3602 # 1504
3602 + 100
3603 # 1504
3603 - 100 1
3604 # 1504
3605 # 1504
3605 + 100
3605 + 100
3606 # 1504
3606 - 100 1
3606 - 100 1
3607 # 1504
3608 # 1504
3608 + 100
3609 # 1504
3609 - 100 1
3609 + 100
3610 # 1504
3610 - 100 1
3611 # 1504
3611 + 100
3612 # 1504
3612 - 100 1
3613 # 1504
3614 # 1504
3614 + 100
3614 + 100
3615 # 1504
3615 - 100 1
3615 - 100 1
3616 # 1504
3617 # 1504
3617 + 100
3617 + 100
3618 # 1504
3618 - 100 1
3618 - 100 1
3619 # 1504
3619 + 100
3620 # 1504
3620 - 100 1
3621 # 1504
3621 + 100
3621 + 100
3622 # 1504
3622 - 100 1
3622 - 100 1
3623 # 1504
3623 + 100
3624 # 1504
3624 - 100 1
3625 # 1504
3625 + 100
3626 # 1504
3626 - 100 1
3627 # 1504
3627 + 100
3628 # 1504
3628 - 100 1
3629 # 1504
3630 # 1504
3630 + 100
3630 + 100
3631 # 1504
3631 - 100 1
3631 - 100 1
3632 # 1504
3632 + 100
3633 # 1504
3633 - 100 1
3634 # 1504
3634 + 100
3635 # 1504
3635 - 100 1
3636 # 1504
3637 # 1504
3638 # 1504
3638 + 100
3638 + 100
3639 # 1504
3639 - 100 1
3639 - 100 1
3640 # 1504
3640 + 100
3641 # 1504
3641 - 100 1
3642 # 1504
3642 + 100
3643 # 1504
3643 - 100 1
3644 # 1504
3645 # 1504
3645 + 100
3645 + 100
3646 # 1504
3646 - 100 1
3646 - 100 1
3647 # 1504
3647 + 100
3648 # 1504
3648 - 100 1
3649 # 1504
3649 + 100
3650 # 1504
3650 - 100 1
3651 # 1504
3651 + 100
3652 # 1504
3652 - 100 1
3653 # 1504
3654 # 1504
3654 + 100
3654 + 100
3655 # 1504
3655 - 100 1
3655 - 100 1
3656 # 1504
3656 + 100
3657 # 1504
3657 - 100 1
3658 # 1504
3659 # 1504
3659 + 100
3660 # 1504
3660 - 100 1
3661 # 1504
3662 # 1504
3662 + 100
3663 # 1504
3663 - 100 1
3664 # 1504
3664 + 100
3665 # 1504
3665 - 100 1
3666 # 1504
3667 # 1504
3667 + 100
3668 # 1504
3668 - 100 1
3669 # 1504
3669 + 100
3670 # 1504
3670 - 100 1
3671 # 1504
3672 # 1504
3672 + 100
3673 # 1504
3673 - 100 1
3674 # 1504
3675 # 1504
3675 + 100
3676 # 1504
3676 - 100 1
3677 # 1504
3677 + 100
3678 # 1504
3678 - 100 1
3679 # 1504
3680 # 1504
3680 + 100
3681 # 1504
3681 - 100 1
3682 # 1504
3682 + 100
3683 # 1504
3683 - 100 1
3684 # 1504
3685 # 1504
3685 + 100
3686 # 1504
3686 - 100 1
3687 # 1504
3687 + 100
3688 # 1504
3688 - 100 1
3689 # 1504
3690 # 1504
3690 + 100
3691 # 1504
3691 - 100 1
3692 # 1504
3692 + 100
3693 # 1504
3693 - 100 1
3694 # 1504
3695 # 1504
3695 + 100
3696 # 1504
3696 - 100 1
3697 # 1504
3698 # 1504
3698 + 100
3699 # 1504
3699 - 100 1
3700 # 1504
3700 + 100
3701 # 1504
3701 - 100 1
3702 # 1504
3703 # 1504
3703 + 100
3704 # 1504
3704 - 100 1
3705 # 1504
3705 + 100
3706 # 1504
3706 - 100 1
3707 # 1504
3708 # 1504
3708 + 100
3709 # 1504
3709 - 100 1
3710 # 1504
3710 + 100
3711 # 1504
3711 - 100 1
3712 # 1504
3713 # 1504
3713 + 100
3714 # 1504
3714 - 100 1
3714 + 100
3715 # 1504
3715 - 100 1
3715 + 100
3716 # 1504
3716 - 100 1
3716 + 100
3717 # 1504
3717 - 100 1
3717 + 100
3718 # 1504
3718 - 100 1
3718 + 100
3719 # 1504
3719 - 100 1
3719 + 100
3720 # 1504
3720 - 100 1
3721 # 1504
3722 # 1504
3722 + 100
3723 # 1504
3723 - 100 1
3724 # 1504
3724 + 100
3725 # 1504
3725 - 100 1
3726 # 1504
3727 # 1504
3727 + 100
3728 # 1504
3728 - 100 1
3729 # 1504
3729 + 100
3730 # 1504
3730 - 100 1
3731 # 1504
3732 # 1504
3732 + 100
3733 # 1504
3733 - 100 1
3734 # 1504
3734 + 100
3735 # 1504
3735 - 100 1
3736 # 1504
3737 # 1504
3737 + 100
3738 # 1504
3738 - 100 1
3739 # 1504
3740 # 1504
3740 + 100
3741 # 1504
3741 - 100 1
3742 # 1504
3742 + 100
3743 # 1504
3743 - 100 1
3744 # 1504
3745 # 1504
3745 + 100
3746 # 1504
3746 - 100 1
3747 # 1504
3747 + 100
3748 # 1504
3748 - 100 1
3749 # 1504
3750 # 1504
3750 + 100
3751 # 1504
3751 - 100 1
3752 # 1504
3752 + 100
3753 # 1504
3753 - 100 1
3754 # 1504
3755 # 1504
3755 + 100
3756 # 1504
3756 - 100 1
3757 # 1504
3758 # 1504
3758 + 100
3759 # 1504
3759 - 100 1
3760 # 1504
3760 + 100
3761 # 1504
3761 - 100 1
3762 # 1504
3763 # 1504
3763 + 100
3764 # 1504
3764 - 100 1
3765 # 1504
3765 + 100
3766 # 1504
3766 - 100 1
3767 # 1504
3767 + 100
3768 # 1504
3768 - 100 1
3769 # 1504
3770 # 1504
3771 # 1504
3771 + 100
3772 # 1504
3772 - 100 1
3773 # 1504
3773 + 100
3774 # 1504
3774 - 100 1
3775 # 1504
3775 + 100
3776 # 1504
3776 - 100 1
3777 # 1504
3777 + 100
3778 # 1504
3778 - 100 1
3779 # 1504
3780 # 1504
3780 + 52
3780 + 100
3781 # 1504
3781 - 52 1
3781 - 100 1
3781 + 100
3782 # 1504
3782 - 100 1
3783 # 1504
3783 + 100
3784 # 1504
3784 - 100 1
3785 # 1504
3786 # 1504
3786 + 100
3786 + 100
3787 # 1504
3787 - 100 1
3787 - 100 1
3788 # 1504
3788 + 100
3789 # 1504
3789 - 100 1
3790 # 1504
3790 + 100
3791 # 1504
3791 - 100 1
3792 # 1504
3792 + 100
3793 # 1504
3793 - 100 1
3794 # 1504
3794 + 100
3795 # 1504
3795 - 100 1
3796 # 1504
3796 + 100
3797 # 1504
3797 - 100 1
3797 + 100
3798 # 1504
3798 - 100 1
3799 # 1504
3800 # 1504
3800 + 100
3801 # 1504
3801 - 100 1
3802 # 1504
3802 + 100
3803 # 1504
3803 - 100 1
3804 # 1504
3805 # 1504
3806 # 1504
3806 + 100
3807 # 1504
3807 - 100 1
3808 # 1504
3809 # 1504
3809 + 100
3809 + 100
3810 # 1504
3810 - 100 1
3810 - 100 1
3811 # 1504
3812 # 1504
3812 + 100
3813 # 1504
3813 - 100 1
3814 # 1504
3814 + 100
3815 # 1504
3815 - 100 1
3816 # 1504
3817 # 1504
3817 + 100
3817 + 100
3818 # 1504
3818 - 100 1
3818 - 100 1
3819 # 1504
3819 + 100
3820 # 1504
3820 - 100 1
3821 # 1504
3821 + 100
3822 # 1504
3822 - 100 1
3823 # 1504
3824 # 1504
3824 + 100
3824 + 100
3825 # 1504
3825 - 100 1
3825 - 100 1
3826 # 1504
3827 # 1504
3827 + 100
3828 # 1504
3828 - 100 1
3829 # 1504
3829 + 100
3830 # 1504
3830 - 100 1
3831 # 1504
3832 # 1504
3832 + 100
3833 # 1504
3833 - 100 1
3834 # 1504
3835 # 1504
3835 + 100
3836 # 1504
3836 - 100 1
3837 # 1504
3837 + 100
3838 # 1504
3838 - 100 1
3839 # 1504
3839 + 100
3840 # 1504
3840 - 100 1
3841 # 1504
3842 # 1504
3842 + 100
3843 # 1504
3843 - 100 1
3844 # 1504
3845 # 1504
3845 + 100
3846 # 1504
3846 - 100 1
3847 # 1504
3848 # 1504
3849 # 1504
3849 + 100
3849 + 100
3850 # 1504
3850 - 100 1
3850 - 100 1
3851 # 1504
3852 # 1504
3852 + 100
3853 # 1504
3853 - 100 1
3854 # 1504
3855 # 1504
3855 + 100
3855 + 100
3856 # 1504
3856 - 100 1
3856 - 100 1
3857 # 1504
3857 + 100
3858 # 1504
3858 - 100 1
3859 # 1504
3859 + 100
3860 # 1504
3860 - 100 1
3861 # 1504
3861 + 100
3862 # 1504
3862 - 100 1
3863 # 1504
3864 # 1504
3864 + 100
3865 # 1504
3865 - 100 1
3865 + 100
3866 # 1504
3866 - 100 1
3867 # 1504
3867 + 100
3868 # 1504
3868 - 100 1
3869 # 1504
3869 + 100
3870 # 1504
3870 - 100 1
3871 # 1504
3872 # 1504
3872 + 100
3873 # 1504
3873 - 100 1
3874 # 1504
3874 + 100
3875 # 1504
3875 - 100 1
3876 # 1504
3877 # 1504
3877 + 100
3878 # 1504
3878 - 100 1
3879 # 1504
3879 + 100
3880 # 1504
3880 - 100 1
3881 # 1504
3882 # 1504
3882 + 100
3883 # 1504
3883 - 100 1
3884 # 1504
3885 # 1504
3885 + 100
3886 # 1504
3886 - 100 1
3887 # 1504
3888 # 1504
3888 + 100
3889 # 1504
3889 - 100 1
3889 + 100
3890 # 1504
3890 - 100 1
3891 # 1504
3892 # 1504
3892 + 100
3893 # 1504
3893 - 100 1
3894 # 1504
3895 # 1504
3895 + 100
3895 + 100
3896 # 1504
3896 - 100 1
3896 - 100 1
3897 # 1504
3898 # 1504
3898 + 100
3899 # 1504
3899 - 100 1
3899 + 100
3900 # 1504
3900 - 100 1
3901 # 1504
3901 + 100
3902 # 1504
3902 - 100 1
3903 # 1504
3903 + 100
3904 # 1504
3904 - 100 1
3905 # 1504
3905 + 100
3906 # 1504
3906 - 100 1
3907 # 1504
3907 + 100
3908 # 1504
3908 - 100 1
3909 # 1504
3910 # 1504
3910 + 100
3911 # 1504
3911 - 100 1
3912 # 1504
3912 + 100
3913 # 1504
3913 - 100 1
3914 # 1504
3915 # 1504
3915 + 100
3916 # 1504
3916 - 100 1
3917 # 1504
3918 # 1504
3918 + 100
3919 # 1504
3919 - 100 1
3920 # 1504
3920 + 100
3921 # 1504
3921 - 100 1
3922 # 1504
3923 # 1504
3923 + 100
3924 # 1504
3924 - 100 1
3925 # 1504
3925 + 100
3926 # 1504
3926 - 100 1
3927 # 1504
3928 # 1504
3928 + 100
3929 # 1504
3929 - 100 1
3930 # 1504
3930 + 100
3931 # 1504
3931 - 100 1
3932 # 1504
3933 # 1504
3933 + 100
3934 # 1504
3934 - 100 1
3935 # 1504
3936 # 1504
3936 + 100
3937 # 1504
3937 - 100 1
3938 # 1504
3938 + 100
3939 # 1504
3939 - 100 1
3940 # 1504
3941 # 1504
3941 + 100
3942 # 1504
3942 - 100 1
3943 # 1504
3943 + 100
3944 # 1504
3944 - 100 1
3945 # 1504
3946 # 1504
3946 + 100
3947 # 1504
3947 - 100 1
3948 # 1504
3948 + 100
3949 # 1504
3949 - 100 1
3950 # 1504
3951 # 1504
3952 # 1504
3953 # 1504
3953 + 100
3954 # 1504
3954 - 100 1
3954 + 100
3955 # 1504
3955 - 100 1
3956 # 1504
3956 + 100
3957 # 1504
3957 - 100 1
3958 # 1504
3959 # 1504
3959 + 100
3960 # 1504
3960 - 100 1
3961 # 1504
3961 + 100
3962 # 1504
3962 - 100 1
3963 # 1504
3963 + 100
3964 # 1504
3964 - 100 1
3965 # 1504
3966 # 1504
3966 + 100
3967 # 1504
3967 - 100 1
3968 # 1504
3968 + 100
3969 # 1504
3969 - 100 1
3970 # 1504
3971 # 1504
3972 # 1504
3972 + 100
3973 # 1504
3973 - 100 1
3974 # 1504
3974 + 100
3975 # 1504
3975 - 100 1
3976 # 1504
3977 # 1504
3977 + 100
3978 # 1504
3978 - 100 1
3979 # 1504
3980 # 1504
3980 + 100
3981 # 1504
3981 - 100 1
3982 # 1504
3982 + 100
3983 # 1504
3983 - 100 1
3984 # 1504
3984 + 100
3985 # 1504
3985 - 100 1
3986 # 1504
3987 # 1504
3987 + 100
3988 # 1504
3988 - 100 1
3989 # 1504
3990 # 1504
3990 + 100
3991 # 1504
3991 - 100 1
3992 # 1504
3992 + 100
3993 # 1504
3993 - 100 1
3994 # 1504
3994 + 100
3995 # 1504
3995 - 100 1
3996 # 1504
3997 # 1504
3997 + 100
3998 # 1504
3998 - 100 1
3999 # 1504
3999 + 100
4000 # 1504
4000 - 100 1
4001 # 1504
4002 # 1504
4002 + 100
4002 + 100
4003 # 1504
4003 - 100 1
4003 - 100 1
4004 # 1504
4004 + 100
4005 # 1504
4005 - 100 1
4006 # 1504
4006 + 100
4007 # 1504
4007 - 100 1
4008 # 1504
4008 + 100
4009 # 1504
4009 - 100 1
4010 # 1504
4011 # 1504
4012 # 1504
4012 + 100
4012 + 100
4013 # 1504
4013 - 100 1
4013 - 100 1
4014 # 1504
4015 # 1504
4015 + 100
4016 # 1504
4016 - 100 1
4017 # 1504
4017 + 100
4018 # 1504
4018 - 100 1
4019 # 1504
4019 + 100
4020 # 1504
4020 - 100 1
4021 # 1504
4022 # 1504
4022 + 100
4023 # 1504
4023 - 100 1
4024 # 1504
4024 + 100
4025 # 1504
4025 - 100 1
4026 # 1504
4027 # 1504
4027 + 100
4028 # 1504
4028 - 100 1
4029 # 1504
4030 # 1504
4030 + 100
4031 # 1504
4031 - 100 1
4031 + 100
4032 # 1504
4032 - 100 1
4033 # 1504
4034 # 1504
4034 + 100
4034 + 100
4035 # 1504
4035 - 100 1
4035 - 100 1
4036 # 1504
4036 + 100
4037 # 1504
4037 - 100 1
4038 # 1504
4039 # 1504
4039 + 100
4040 # 1504
4040 - 100 1
4041 # 1504
4041 + 100
4042 # 1504
4042 - 100 1
4043 # 1504
4044 # 1504
4044 + 100
4044 + 100
4045 # 1504
4045 - 100 1
4045 - 100 1
4046 # 1504
4047 # 1504
4047 + 100
4048 # 1504
4048 - 100 1
4048 + 100
4049 # 1504
4049 - 100 1
4050 # 1504
4051 # 1504
4051 + 100
4052 # 1504
4052 - 100 1
4053 # 1504
4053 + 100
4054 # 1504
4054 - 100 1
4054 + 100
4055 # 1504
4055 - 100 1
4056 # 1504
4056 + 100
4057 # 1504
4057 - 100 1
4058 # 1504
4059 # 1504
4060 # 1504
4060 + 100
4060 + 100
4061 # 1504
4061 - 100 1
4061 - 100 1
4062 # 1504
4063 # 1504
4063 + 100
4063 + 100
4064 # 1504
4064 - 100 1
4064 - 100 1
4065 # 1504
4066 # 1504
4066 + 100
4067 # 1504
4067 - 100 1
4068 # 1504
4068 + 100
4069 # 1504
4069 - 100 1
4070 # 1504
4070 + 100
4071 # 1504
4071 - 100 1
4072 # 1504
4073 # 1504
4073 + 100
4074 # 1504
4074 - 100 1
4075 # 1504
4075 + 100
4076 # 1504
4076 - 100 1
4077 # 1504
4077 + 100
4078 # 1504
4078 - 100 1
4079 # 1504
4079 + 100
4080 # 1504
4080 - 100 1
4081 # 1504
4082 # 1504
4082 + 100
4083 # 1504
4083 - 100 1
4084 # 1504
4084 + 100
4085 # 1504
4085 - 100 1
4086 # 1504
4087 # 1504
4087 + 100
4087 + 100
4088 # 1504
4088 - 100 1
4088 - 100 1
4089 # 1504
4089 + 100
4090 # 1504
4090 - 100 1
4091 # 1504
4091 + 100
4092 # 1504
4092 - 100 1
4093 # 1504
4093 + 100
4094 # 1504
4094 - 100 1
4095 # 1504
4096 # 1504
4096 + 100
4096 + 100
4097 # 1504
4097 - 100 1
4097 - 100 1
4098 # 1504
4099 # 1504
4099 + 100
4100 # 1504
4100 - 100 1
4101 # 1504
4101 + 100
4102 # 1504
4102 - 100 1
4103 # 1504
4103 + 100
4104 # 1504
4104 - 100 1
4105 # 1504
4105 + 100
4106 # 1504
4106 - 100 1
4107 # 1504
4108 # 1504
4108 + 100
4109 # 1504
4109 - 100 1
4110 # 1504
4110 + 100
4111 # 1504
4111 - 100 1
4112 # 1504
4113 # 1504
4113 + 100
4114 # 1504
4114 - 100 1
4115 # 1504
4115 + 100
4116 # 1504
4116 - 100 1
4117 # 1504
4118 # 1504
4118 + 100
4119 # 1504
4119 - 100 1
4120 # 1504
4120 + 100
4121 # 1504
4121 - 100 1
4122 # 1504
4123 # 1504
4123 + 100
4124 # 1504
4124 - 100 1
4125 # 1504
4126 # 1504
4126 + 100
4127 # 1504
4127 - 100 1
4127 + 100
4128 # 1504
4128 - 100 1
4129 # 1504
4130 # 1504
4130 + 100
4131 # 1504
4131 - 100 1
4132 # 1504
4132 + 100
4133 # 1504
4133 - 100 1
4134 # 1504
4135 # 1504
4135 + 100
4136 # 1504
4136 - 100 1
4137 # 1504
4137 + 100
4138 # 1504
4138 - 100 1
4139 # 1504
4140 # 1504
4140 + 100
4141 # 1504
4141 - 100 1
4142 # 1504
4143 # 1504
4143 + 100
4144 # 1504
4144 - 100 1
4145 # 1504
4146 # 1504
4146 + 100
4147 # 1504
4147 - 100 1
4148 # 1504
4148 + 100
4149 # 1504
4149 - 100 1
4150 # 1504
4151 # 1504
4152 # 1504
4153 # 1504
4153 + 100
4154 # 1504
4154 - 100 1
4155 # 1504
4156 # 1504
4156 + 100
4157 # 1504
4157 - 100 1
4158 # 1504
4159 # 1504
4160 # 1504
4161 # 1504
4162 # 1504
4163 # 1504
4163 + 100
4164 # 1504
4164 - 100 1
4165 # 1504
4166 # 1504
4167 # 1504
4168 # 1504
4168 + 100
4169 # 1504
4169 - 100 1
4170 # 1504
4171 # 1504
4172 # 1504
4172 + 100
4173 # 1504
4173 - 100 1
4174 # 1504
4175 # 1504
4176 # 1504
4176 + 100
4177 # 1504
4177 - 100 1
4178 # 1504
4179 # 1504
4180 # 1504
4180 + 100
4181 # 1504
4181 - 100 1
4182 # 1504
4183 # 1504
4184 # 1504
4184 + 100
4185 # 1504
4185 - 100 1
4186 # 1504
4186 + 100
4187 # 1504
4187 - 100 1
4188 # 1504
4189 # 1504
4190 # 1504
4191 # 1504
4192 # 1504
4192 + 100
4193 # 1504
4193 - 100 1
4194 # 1504
4195 # 1504
4196 # 1504
4197 # 1504
4197 + 100
4198 # 1504
4198 - 100 1
4199 # 1504
4200 # 1504
4200 + 100
4201 # 1504
4201 - 100 1
4202 # 1504
4203 # 1504
4204 # 1504
4205 # 1504
4205 + 100
4206 # 1504
4206 - 100 1
4207 # 1504
4208 # 1504
4208 + 100
4209 # 1504
4209 - 100 1
4210 # 1504
4211 # 1504
4211 + 100
4212 # 1504
4212 - 100 1
4213 # 1504
4214 # 1504
4215 # 1504
4215 + 100
4216 # 1504
4216 - 100 1
4216 + 100
4217 # 1504
4217 - 100 1
4218 # 1504
4219 # 1504
4220 # 1504
4220 + 100
4221 # 1504
4221 - 100 1
4222 # 1504
4222 + 100
4223 # 1504
4223 - 100 1
4224 # 1504
4224 + 100
4225 # 1504
4225 - 100 1
4226 # 1504
4227 # 1504
4227 + 100
4228 # 1504
4228 - 100 1
4229 # 1504
4230 # 1504
4231 # 1504
4231 + 100
4232 # 1504
4232 - 100 1
4233 # 1504
4234 # 1504
4235 # 1504
4236 # 1504
4236 + 100
4237 # 1504
4237 - 100 1
4238 # 1504
4239 # 1504
4240 # 1504
4241 # 1504
4242 # 1504
4243 # 1504
4243 + 100
4244 # 1504
4244 - 100 1
4245 # 1504
4246 # 1504
4246 + 100
4247 # 1504
4247 - 100 1
4248 # 1504
4249 # 1504
4250 # 1504
4251 # 1504
4251 + 100
4252 # 1504
4252 - 100 1
4253 # 1504
4254 # 1504
4255 # 1504
4256 # 1504
4256 + 100
4257 # 1504
4257 - 100 1
4258 # 1504
4259 # 1504
4260 # 1504
4260 + 100
4261 # 1504
4261 - 100 1
4262 # 1504
4263 # 1504
4264 # 1504
4264 + 100
4265 # 1504
4265 - 100 1
4266 # 1504
4267 # 1504
4268 # 1504
4268 + 100
4269 # 1504
4269 - 100 1
4270 # 1504
4271 # 1504
4271 + 100
4272 # 1504
4272 - 100 1
4273 # 1504
4274 # 1504
4275 # 1504
4276 # 1504
4276 + 100
4277 # 1504
4277 - 100 1
4278 # 1504
4279 # 1504
4280 # 1504
4280 + 100
4281 # 1504
4281 - 100 1
4282 # 1504
4283 # 1504
4284 # 1504
4285 # 1504
4286 # 1504
4287 # 1504
4288 # 1504
4288 + 100
4289 # 1504
4289 - 100 1
4290 # 1504
4291 # 1504
4292 # 1504
4293 # 1504
4293 + 100
4294 # 1504
4294 - 100 1
4295 # 1504
4296 # 1504
4296 + 100
4297 # 1504
4297 - 100 1
4298 # 1504
4299 # 1504
4300 # 1504
4300 + 100
4301 # 1504
4301 - 100 1
4302 # 1504
4303 # 1504
4304 # 1504
4304 + 100
4305 # 1504
4305 - 100 1
4306 # 1504
4307 # 1504
4308 # 1504
4308 + 100
4309 # 1504
4309 - 100 1
4310 # 1504
4311 # 1504
4312 # 1504
4313 # 1504
4313 + 100
4314 # 1504
4314 - 100 1
4315 # 1504
4316 # 1504
4317 # 1504
4317 + 100
4318 # 1504
4318 - 100 1
4319 # 1504
4320 # 1504
4320 + 100
4321 # 1504
4321 - 100 1
4322 # 1504
4323 # 1504
4324 # 1504
4325 # 1504
4325 + 100
4326 # 1504
4326 - 100 1
4327 # 1504
4328 # 1504
4329 # 1504
4329 + 100
4330 # 1504
4330 - 100 1
4331 # 1504
4332 # 1504
4333 # 1504
4334 # 1504
4334 + 100
4335 # 1504
4335 - 100 1
4336 # 1504
4337 # 1504
4338 # 1504
4339 # 1504
4340 # 1504
4340 + 100
4341 # 1504
4341 - 100 1
4342 # 1504
4343 # 1504
4344 # 1504
4344 + 100
4345 # 1504
4345 - 100 1
4346 # 1504
4347 # 1504
4348 # 1504
4348 + 100
4349 # 1504
4349 - 100 1
4350 # 1504
4351 # 1504
4352 # 1504
4353 # 1504
4354 # 1504
4354 + 100
4355 # 1504
4355 - 100 1
4356 # 1504
4357 # 1504
4358 # 1504
4359 # 1504
4360 # 1504
4360 + 100
4361 # 1504
4361 - 100 1
4362 # 1504
4363 # 1504
4363 + 100
4364 # 1504
4364 - 100 1
4365 # 1504
4366 # 1504
4367 # 1504
4368 # 1504
4369 # 1504
4369 + 100
4370 # 1504
4370 - 100 1
4371 # 1504
4372 # 1504
4373 # 1504
4373 + 100
4374 # 1504
4374 - 100 1
4375 # 1504
4376 # 1504
4377 # 1504
4377 + 100
4378 # 1504
4378 - 100 1
4379 # 1504
4380 # 1504
4381 # 1504
4382 # 1504
4383 # 1504
4383 + 100
4384 # 1504
4384 - 100 1
4385 # 1504
4386 # 1504
4387 # 1504
4388 # 1504
4388 + 100
4389 # 1504
4389 - 100 1
4390 # 1504
4391 # 1504
4392 # 1504
4392 + 100
4393 # 1504
4393 - 100 1
4394 # 1504
4395 # 1504
4396 # 1504
4396 + 100
4397 # 1504
4397 - 100 1
4398 # 1504
4399 # 1504
4400 # 1504
4400 + 100
4401 # 1504
4401 - 100 1
4402 # 1504
4403 # 1504
4403 + 100
4404 # 1504
4404 - 100 1
4405 # 1504
4406 # 1504
4407 # 1504
4407 + 100
4408 # 1504
4408 - 100 1
4409 # 1504
4409 + 100
4410 # 1504
4410 - 100 1
4411 # 1504
4412 # 1504
4413 # 1504
4414 # 1504
4414 + 100
4415 # 1504
4415 - 100 1
4416 # 1504
4417 # 1504
4418 # 1504
4419 # 1504
4419 + 100
4420 # 1504
4420 - 100 1
4421 # 1504
4422 # 1504
4422 + 100
4423 # 1504
4423 - 100 1
4424 # 1504
4425 # 1504
4425 + 100
4426 # 1504
4426 - 100 1
4427 # 1504
4428 # 1504
4429 # 1504
4429 + 100
4430 # 1504
4430 - 100 1
4431 # 1504
4432 # 1504
4433 # 1504
4434 # 1504
4435 # 1504
4435 + 100
4436 # 1504
4436 - 100 1
4437 # 1504
4438 # 1504
4439 # 1504
4439 + 100
4440 # 1504
4440 - 100 1
4441 # 1504
4442 # 1504
4443 # 1504
4444 # 1504
4444 + 100
4445 # 1504
4445 - 100 1
4446 # 1504
4447 # 1504
4448 # 1504
4449 # 1504
4449 + 100
4450 # 1504
4450 - 100 1
4451 # 1504
4452 # 1504
4453 # 1504
4454 # 1504
4454 + 100
4455 # 1504
4455 - 100 1
4456 # 1504
4457 # 1504
4458 # 1504
4458 + 100
4459 # 1504
4459 - 100 1
4460 # 1504
4461 # 1504
4462 # 1504
4463 # 1504
4463 + 100
4464 # 1504
4464 - 100 1
4465 # 1504
4466 # 1504
4467 # 1504
4467 + 100
4468 # 1504
4468 - 100 1
4469 # 1504
4470 # 1504
4471 # 1504
4471 + 100
4472 # 1504
4472 - 100 1
4473 # 1504
4474 # 1504
4474 + 100
4475 # 1504
4475 - 100 1
4476 # 1504
4477 # 1504
4478 # 1504
4479 # 1504
4480 # 1504
4480 + 100
4481 # 1504
4481 - 100 1
4482 # 1504
4483 # 1504
4483 + 100
4484 # 1504
4484 - 100 1
4485 # 1504
4486 # 1504
4487 # 1504
4487 + 100
4488 # 1504
4488 - 100 1
4489 # 1504
4490 # 1504
4490 + 100
4491 # 1504
4491 - 100 1
4492 # 1504
4493 # 1504
4493 + 100
4494 # 1504
4494 - 100 1
4495 # 1504
4495 + 100
4496 # 1504
4496 - 100 1
4497 # 1504
4498 # 1504
4499 # 1504
4500 # 1504
4501 # 1504
4501 + 100
4502 # 1504
4502 - 100 1
4503 # 1504
4504 # 1504
4504 + 100
4505 # 1504
4505 - 100 1
4506 # 1504
4507 # 1504
4507 + 100
4508 # 1504
4508 - 100 1
4509 # 1504
4509 + 100
4510 # 1504
4510 - 100 1
4511 # 1504
4512 # 1504
4512 + 100
4513 # 1504
4513 - 100 1
4514 # 1504
4515 # 1504
4516 # 1504
4516 + 100
4517 # 1504
4517 - 100 1
4518 # 1504
4519 # 1504
4519 + 100
4520 # 1504
4520 - 100 1
4521 # 1504
4521 + 100
4522 # 1504
4522 - 100 1
4523 # 1504
4524 # 1504
4524 + 100
4525 # 1504
4525 - 100 1
4526 # 1504
4527 # 1504
4528 # 1504
4529 # 1504
4529 + 100
4530 # 1504
4530 - 100 1
4531 # 1504
4532 # 1504
4533 # 1504
4534 # 1504
4534 + 100
4535 # 1504
4535 - 100 1
4536 # 1504
4537 # 1504
4538 # 1504
4538 + 100
4539 # 1504
4539 - 100 1
4540 # 1504
4541 # 1504
4541 + 100
4542 # 1504
4542 - 100 1
4543 # 1504
4544 # 1504
4545 # 1504
4545 + 100
4546 # 1504
4546 - 100 1
4547 # 1504
4547 + 100
4548 # 1504
4548 - 100 1
4549 # 1504
4550 # 1504
4551 # 1504
4551 + 100
4552 # 1504
4552 - 100 1
4553 # 1504
4554 # 1504
4555 # 1504
4556 # 1504
4556 + 100
4557 # 1504
4557 - 100 1
4558 # 1504
4559 # 1504
4560 # 1504
4560 + 100
4561 # 1504
4561 - 100 1
4562 # 1504
4563 # 1504
4563 + 100
4564 # 1504
4564 - 100 1
4565 # 1504
4565 + 100
4566 # 1504
4566 - 100 1
4567 # 1504
4568 # 1504
4568 + 100
4569 # 1504
4569 - 100 1
4570 # 1504
4571 # 1504
4572 # 1504
4573 # 1504
4573 + 100
4574 # 1504
4574 - 100 1
4575 # 1504
4576 # 1504
4577 # 1504
4577 + 100
4578 # 1504
4578 - 100 1
4579 # 1504
4580 # 1504
4581 # 1504
4581 + 100
4582 # 1504
4582 - 100 1
4583 # 1504
4583 + 100
4584 # 1504
4584 - 100 1
4585 # 1504
4586 # 1504
4587 # 1504
4588 # 1504
4588 + 100
4589 # 1504
4589 - 100 1
4590 # 1504
4591 # 1504
4592 # 1504
4593 # 1504
4593 + 100
4594 # 1504
4594 - 100 1
4595 # 1504
4596 # 1504
4597 # 1504
4598 # 1504
4599 # 1504
4599 + 100
4600 # 1504
4600 - 100 1
4601 # 1504
4602 # 1504
4602 + 100
4603 # 1504
4603 - 100 1
4604 # 1504
4605 # 1504
4605 + 100
4606 # 1504
4606 - 100 1
4607 # 1504
4607 + 100
4608 # 1504
4608 - 100 1
4609 # 1504
4610 # 1504
4610 + 100
4611 # 1504
4611 - 100 1
4612 # 1504
4613 # 1504
4613 + 100
4614 # 1504
4614 - 100 1
4615 # 1504
4616 # 1504
4617 # 1504
4618 # 1504
4618 + 100
4619 # 1504
4619 - 100 1
4620 # 1504
4621 # 1504
4622 # 1504
4623 # 1504
4624 # 1504
4624 + 100
4625 # 1504
4625 - 100 1
4626 # 1504
4627 # 1504
4628 # 1504
4628 + 100
4629 # 1504
4629 - 100 1
4630 # 1504
4631 # 1504
4632 # 1504
4632 + 100
4633 # 1504
4633 - 100 1
4634 # 1504
4635 # 1504
4636 # 1504
4636 + 100
4637 # 1504
4637 - 100 1
4638 # 1504
4639 # 1504
4640 # 1504
4641 # 1504
4642 # 1504
4643 # 1504
4643 + 100
4644 # 1504
4644 - 100 1
4645 # 1504
4646 # 1504
4647 # 1504
4648 # 1504
4648 + 100
4649 # 1504
4649 - 100 1
4650 # 1504
4651 # 1504
4652 # 1504
4652 + 100
4653 # 1504
4653 - 100 1
4654 # 1504
4655 # 1504
4655 + 100
4656 # 1504
4656 - 100 1
4657 # 1504
4658 # 1504
4659 # 1504
4659 + 100
4660 # 1504
4660 - 100 1
4661 # 1504
4662 # 1504
4663 # 1504
4663 + 100
4664 # 1504
4664 - 100 1
4665 # 1504
4666 # 1504
4666 + 100
4667 # 1504
4667 - 100 1
4668 # 1504
4669 # 1504
4670 # 1504
4671 # 1504
4672 # 1504
4672 + 100
4673 # 1504
4673 - 100 1
4674 # 1504
4675 # 1504
4676 # 1504
4676 + 100
4677 # 1504
4677 - 100 1
4678 # 1504
4679 # 1504
4680 # 1504
4681 # 1504
4681 + 100
4682 # 1504
4682 - 100 1
4683 # 1504
4684 # 1504
4685 # 1504
4686 # 1504
4687 # 1504
4687 + 100
4688 # 1504
4688 - 100 1
4689 # 1504
4690 # 1504
4691 # 1504
4692 # 1504
4692 + 100
4693 # 1504
4693 - 100 1
4694 # 1504
4695 # 1504
4696 # 1504
4696 + 100
4697 # 1504
4697 - 100 1
4698 # 1504
4699 # 1504
4700 # 1504
4700 + 100
4701 # 1504
4701 - 100 1
4702 # 1504
4703 # 1504
4704 # 1504
4705 # 1504
4705 + 100
4706 # 1504
4706 - 100 1
4707 # 1504
4708 # 1504
4709 # 1504
4710 # 1504
4711 # 1504
4711 + 100
4712 # 1504
4712 - 100 1
4713 # 1504
4714 # 1504
4715 # 1504
4715 + 100
4716 # 1504
4716 - 100 1
4717 # 1504
4718 # 1504
4719 # 1504
4720 # 1504
4720 + 100
4721 # 1504
4721 - 100 1
4722 # 1504
4723 # 1504
4724 # 1504
4724 + 100
4725 # 1504
4725 - 100 1
4726 # 1504
4727 # 1504
4728 # 1504
4728 + 100
4729 # 1504
4729 - 100 1
4730 # 1504
4731 # 1504
4732 # 1504
4733 # 1504
4734 # 1504
4735 # 1504
4735 + 100
4736 # 1504
4736 - 100 1
4737 # 1504
4738 # 1504
4739 # 1504
4740 # 1504
4740 + 100
4741 # 1504
4741 - 100 1
4742 # 1504
4743 # 1504
4744 # 1504
4744 + 100
4745 # 1504
4745 - 100 1
4746 # 1504
4747 # 1504
4748 # 1504
4748 + 100
4749 # 1504
4749 - 100 1
4750 # 1504
4751 # 1504
4752 # 1504
4752 + 100
4753 # 1504
4753 - 100 1
4754 # 1504
4755 # 1504
4756 # 1504
4757 # 1504
4758 # 1504
4759 # 1504
4760 # 1504
4760 + 100
4761 # 1504
4761 - 100 1
4762 # 1504
4763 # 1504
4764 # 1504
4765 # 1504
4765 + 100
4766 # 1504
4766 - 100 1
4767 # 1504
4767 + 100
4768 # 1504
4768 - 100 1
4769 # 1504
4770 # 1504
4771 # 1504
4772 # 1504
4772 + 100
4773 # 1504
4773 - 100 1
4774 # 1504
4775 # 1504
4776 # 1504
4776 + 100
4777 # 1504
4777 - 100 1
4778 # 1504
4779 # 1504
4780 # 1504
4781 # 1504
4782 # 1504
4782 + 100
4783 # 1504
4783 - 100 1
4784 # 1504
4785 # 1504
4786 # 1504
4787 # 1504
4788 # 1504
4788 + 100
4789 # 1504
4789 - 100 1
4790 # 1504
4791 # 1504
4792 # 1504
4792 + 100
4793 # 1504
4793 - 100 1
4794 # 1504
4795 # 1504
4796 # 1504
4796 + 100
4797 # 1504
4797 - 100 1
4798 # 1504
4799 # 1504
4800 # 1504
4800 + 100
4801 # 1504
4801 - 100 1
4802 # 1504
4803 # 1504
4804 # 1504
4805 # 1504
4806 # 1504
4807 # 1504
4807 + 100
4808 # 1504
4808 - 100 1
4809 # 1504
4810 # 1504
4811 # 1504
4812 # 1504
4812 + 100
4813 # 1504
4813 - 100 1
4814 # 1504
4815 # 1504
4815 + 100
4816 # 1504
4816 - 100 1
4817 # 1504
4818 # 1504
4819 # 1504
4820 # 1504
4820 + 100
4821 # 1504
4821 - 100 1
4822 # 1504
4823 # 1504
4824 # 1504
4824 + 100
4825 # 1504
4825 - 100 1
4826 # 1504
4827 # 1504
4828 # 1504
4829 # 1504
4830 # 1504
4831 # 1504
4831 + 100
4832 # 1504
4832 - 100 1
4833 # 1504
4834 # 1504
4835 # 1504
4836 # 1504
4836 + 100
4837 # 1504
4837 - 100 1
4838 # 1504
4839 # 1504
4840 # 1504
4840 + 100
4841 # 1504
4841 - 100 1
4842 # 1504
4843 # 1504
4844 # 1504
4844 + 100
4845 # 1504
4845 - 100 1
4846 # 1504
4847 # 1504
4848 # 1504
4849 # 1504
4849 + 100
4850 # 1504
4850 - 100 1
4851 # 1504
4852 # 1504
4853 # 1504
4853 + 100
4854 # 1504
4854 - 100 1
4855 # 1504
4856 # 1504
4856 + 100
4857 # 1504
4857 - 100 1
4858 # 1504
4859 # 1504
4860 # 1504
4860 + 100
4861 # 1504
4861 - 100 1
4862 # 1504
4862 + 100
4863 # 1504
4863 - 100 1
4864 # 1504
4865 # 1504
4866 # 1504
4867 # 1504
4868 # 1504
4868 + 100
4869 # 1504
4869 - 100 1
4870 # 1504
4871 # 1504
4872 # 1504
4872 + 100
4873 # 1504
4873 - 100 1
4874 # 1504
4875 # 1504
4876 # 1504
4877 # 1504
4877 + 100
4878 # 1504
4878 - 100 1
4879 # 1504
4880 # 1504
4881 # 1504
4882 # 1504
4883 # 1504
4883 + 100
4884 # 1504
4884 - 100 1
4885 # 1504
4886 # 1504
4887 # 1504
4888 # 1504
4888 + 100
4889 # 1504
4889 - 100 1
4890 # 1504
4891 # 1504
4892 # 1504
4892 + 100
4893 # 1504
4893 - 100 1
4894 # 1504
4895 # 1504
4896 # 1504
4896 + 100
4897 # 1504
4897 - 100 1
4898 # 1504
4899 # 1504
4900 # 1504
4900 + 100
4901 # 1504
4901 - 100 1
4902 # 1504
4903 # 1504
4903 + 100
4904 # 1504
4904 - 100 1
4905 # 1504
4906 # 1504
4906 + 100
4907 # 1504
4907 - 100 1
4908 # 1504
4909 # 1504
4909 + 100
4910 # 1504
4910 - 100 1
4911 # 1504
4912 # 1504
4912 + 100
4913 # 1504
4913 - 100 1
4914 # 1504
4915 # 1504
4916 # 1504
4916 + 100
4917 # 1504
4917 - 100 1
4918 # 1504
4919 # 1504
4920 # 1504
4921 # 1504
4921 + 100
4922 # 1504
4922 - 100 1
4923 # 1504
4924 # 1504
4925 # 1504
4926 # 1504
4926 + 100
4927 # 1504
4927 - 100 1
4928 # 1504
4929 # 1504
4930 # 1504
4930 + 100
4931 # 1504
4931 - 100 1
4932 # 1504
4933 # 1504
4933 + 100
4934 # 1504
4934 - 100 1
4935 # 1504
4935 + 100
4936 # 1504
4936 - 100 1
4937 # 1504
4938 # 1504
4939 # 1504
4940 # 1504
4940 + 100
4941 # 1504
4941 - 100 1
4942 # 1504
4943 # 1504
4944 # 1504
4945 # 1504
4945 + 100
4946 # 1504
4946 - 100 1
4947 # 1504
4948 # 1504
4949 # 1504
4950 # 1504
4950 + 100
4951 # 1504
4951 - 100 1
4952 # 1504
4953 # 1504
4954 # 1504
4955 # 1504
4955 + 100
4956 # 1504
4956 - 100 1
4957 # 1504
4958 # 1504
4959 # 1504
4959 + 100
4960 # 1504
4960 - 100 1
4961 # 1504
4962 # 1504
4963 # 1504
4964 # 1504
4964 + 100
4965 # 1504
4965 - 100 1
4966 # 1504
4967 # 1504
4968 # 1504
4969 # 1504
4969 + 100
4970 # 1504
4970 - 100 1
4971 # 1504
4972 # 1504
4973 # 1504
4974 # 1504
4974 + 100
4975 # 1504
4975 - 100 1
4976 # 1504
4977 # 1504
4978 # 1504
4978 + 100
4979 # 1504
4979 - 100 1
4980 # 1504
4981 # 1504
4982 # 1504
4983 # 1504
4983 + 100
4984 # 1504
4984 - 100 1
4985 # 1504
4986 # 1504
4987 # 1504
4988 # 1504
4988 + 100
4989 # 1504
4989 - 100 1
4990 # 1504
4991 # 1504
4992 # 1504
4992 + 100
4993 # 1504
4993 - 100 1
4994 # 1504
4995 # 1504
4995 + 100
4996 # 1504
4996 - 100 1
4997 # 1504
4997 + 100
4998 # 1504
4998 - 100 1
4999 # 1504
5000 # 1504
5000 + 100
5001 # 1504
5001 - 100 1
5002 # 1504
5003 # 1504
5004 # 1504
5005 # 1504
5005 + 100
5006 # 1504
5006 - 100 1
5007 # 1504
5008 # 1504
5008 + 100
5009 # 1504
5009 - 100 1
5010 # 1504
5010 + 100
5011 # 1504
5011 - 100 1
5012 # 1504
5013 # 1504
5013 + 100
5014 # 1504
5014 - 100 1
5015 # 1504
5016 # 1504
5016 + 100
5017 # 1504
5017 - 100 1
5018 # 1504
5019 # 1504
5020 # 1504
5021 # 1504
5021 + 100
5022 # 1504
5022 - 100 1
5023 # 1504
5024 # 1504
5024 + 100
5025 # 1504
5025 - 100 1
5026 # 1504
5026 + 100
5027 # 1504
5027 - 100 1
5028 # 1504
5029 # 1504
5029 + 100
5030 # 1504
5030 - 100 1
5031 # 1504
5031 + 100
5032 # 1504
5032 - 100 1
5033 # 1504
5034 # 1504
5034 + 100
5035 # 1504
5035 - 100 1
5036 # 1504
5037 # 1504
5038 # 1504
5039 # 1504
5039 + 100
5040 # 1504
5040 - 100 1
5041 # 1504
5042 # 1504
5043 # 1504
5044 # 1504
5044 + 100
5045 # 1504
5045 - 100 1
5046 # 1504
5047 # 1504
5048 # 1504
5048 + 100
5049 # 1504
5049 - 100 1
5050 # 1504
5051 # 1504
5052 # 1504
5053 # 1504
5053 + 100
5054 # 1504
5054 - 100 1
5055 # 1504
5056 # 1504
5057 # 1504
5058 # 1504
5058 + 100
5059 # 1504
5059 - 100 1
5060 # 1504
5061 # 1504
5062 # 1504
5063 # 1504
5063 + 100
5064 # 1504
5064 - 100 1
5065 # 1504
5066 # 1504
5067 # 1504
5068 # 1504
5068 + 100
5069 # 1504
5069 - 100 1
5070 # 1504
5071 # 1504
5072 # 1504
5073 # 1504
5073 + 100
5074 # 1504
5074 - 100 1
5075 # 1504
5076 # 1504
5077 # 1504
5077 + 100
5078 # 1504
5078 - 100 1
5079 # 1504
5080 # 1504
5081 # 1504
5082 # 1504
5082 + 100
5083 # 1504
5083 - 100 1
5084 # 1504
5085 # 1504
5086 # 1504
5087 # 1504
5087 + 100
5088 # 1504
5088 - 100 1
5089 # 1504
5090 # 1504
5091 # 1504
5092 # 1504
5092 + 100
5093 # 1504
5093 - 100 1
5094 # 1504
5095 # 1504
5096 # 1504
5097 # 1504
5097 + 100
5098 # 1504
5098 - 100 1
5099 # 1504
5100 # 1504
5101 # 1504
5101 + 100
5102 # 1504
5102 - 100 1
5103 # 1504
5104 # 1504
5105 # 1504
5106 # 1504
5106 + 100
5107 # 1504
5107 - 100 1
5108 # 1504
5109 # 1504
5110 # 1504
5110 + 100
5111 # 1504
5111 - 100 1
5112 # 1504
5113 # 1504
5113 + 100
5114 # 1504
5114 - 100 1
5115 # 1504
5115 + 100
5116 # 1504
5116 - 100 1
5117 # 1504
5118 # 1504
5118 + 100
5119 # 1504
5119 - 100 1
5120 # 1504
5121 # 1504
5121 + 100
5122 # 1504
5122 - 100 1
5123 # 1504
5123 + 100
5124 # 1504
5124 - 100 1
5125 # 1504
5126 # 1504
5126 + 100
5127 # 1504
5127 - 100 1
5128 # 1504
5128 + 100
5129 # 1504
5129 - 100 1
5130 # 1504
5131 # 1504
5131 + 100
5132 # 1504
5132 - 100 1
5133 # 1504
5134 # 1504
5135 # 1504
5135 + 100
5136 # 1504
5136 - 100 1
5137 # 1504
5138 # 1504
5138 + 100
5139 # 1504
5139 - 100 1
5140 # 1504
5140 + 100
5141 # 1504
5141 - 100 1
5142 # 1504
5143 # 1504
5143 + 100
5144 # 1504
5144 - 100 1
5145 # 1504
5146 # 1504
5147 # 1504
5148 # 1504
5148 + 100
5149 # 1504
5149 - 100 1
5150 # 1504
5151 # 1504
5151 + 100
5152 # 1504
5152 - 100 1
5153 # 1504
5154 # 1504
5154 + 100
5155 # 1504
5155 - 100 1
5156 # 1504
5157 # 1504
5158 # 1504
5158 + 100
5159 # 1504
5159 - 100 1
5160 # 1504
5161 # 1504
5162 # 1504
5163 # 1504
5163 + 100
5164 # 1504
5164 - 100 1
5165 # 1504
5166 # 1504
5167 # 1504
5168 # 1504
5168 + 100
5169 # 1504
5169 - 100 1
5170 # 1504
5171 # 1504
5171 + 100
5172 # 1504
5172 - 100 1
5173 # 1504
5174 # 1504
5174 + 100
5175 # 1504
5175 - 100 1
5176 # 1504
5177 # 1504
5178 # 1504
5178 + 100
5179 # 1504
5179 - 100 1
5180 # 1504
5181 # 1504
5182 # 1504
5182 + 100
5183 # 1504
5183 - 100 1
5184 # 1504
5184 + 100
5185 # 1504
5185 - 100 1
5186 # 1504
5187 # 1504
5187 + 100
5188 # 1504
5188 - 100 1
5189 # 1504
5190 # 1504
5191 # 1504
5191 + 100
5192 # 1504
5192 - 100 1
5193 # 1504
5194 # 1504
5194 + 100
5195 # 1504
5195 - 100 1
5196 # 1504
5196 + 100
5197 # 1504
5197 - 100 1
5198 # 1504
5199 # 1504
5199 + 100
5200 # 1504
5200 - 100 1
5201 # 1504
5202 # 1504
5203 # 1504
5204 # 1504
5204 + 100
5205 # 1504
5205 - 100 1
5206 # 1504
5207 # 1504
5208 # 1504
5208 + 100
5209 # 1504
5209 - 100 1
5210 # 1504
5211 # 1504
5211 + 100
5212 # 1504
5212 - 100 1
5213 # 1504
5213 + 100
5214 # 1504
5214 - 100 1
5215 # 1504
5216 # 1504
5216 + 100
5217 # 1504
5217 - 100 1
5218 # 1504
5218 + 100
5219 # 1504
5219 - 100 1
5220 # 1504
5221 # 1504
5222 # 1504
5223 # 1504
5223 + 100
5224 # 1504
5224 - 100 1
5225 # 1504
5226 # 1504
5227 # 1504
5227 + 100
5228 # 1504
5228 - 100 1
5229 # 1504
5230 # 1504
5230 + 100
5231 # 1504
5231 - 100 1
5232 # 1504
5232 + 100
5233 # 1504
5233 - 100 1
5234 # 1504
5235 # 1504
5235 + 100
5236 # 1504
5236 - 100 1
5237 # 1504
5238 # 1504
5239 # 1504
5240 # 1504
5240 + 100
5241 # 1504
5241 - 100 1
5242 # 1504
5243 # 1504
5243 + 100
5244 # 1504
5244 - 100 1
5245 # 1504
5246 # 1504
5246 + 100
5247 # 1504
5247 - 100 1
5248 # 1504
5248 + 100
5249 # 1504
5249 - 100 1
5250 # 1504
5251 # 1504
5252 # 1504
5253 # 1504
5253 + 100
5254 # 1504
5254 - 100 1
5255 # 1504
5256 # 1504
5257 # 1504
5258 # 1504
5258 + 100
5259 # 1504
5259 - 100 1
5260 # 1504
5261 # 1504
5262 # 1504
5262 + 100
5263 # 1504
5263 - 100 1
5264 # 1504
5265 # 1504
5265 + 100
5266 # 1504
5266 - 100 1
5267 # 1504
5267 + 100
5268 # 1504
5268 - 100 1
5269 # 1504
5270 # 1504
5271 # 1504
5272 # 1504
5272 + 100
5273 # 1504
5273 - 100 1
5274 # 1504
5275 # 1504
5276 # 1504
5277 # 1504
5277 + 100
5278 # 1504
5278 - 100 1
5279 # 1504
5280 # 1504
5280 + 100
5281 # 1504
5281 - 100 1
5282 # 1504
5283 # 1504
5283 + 100
5284 # 1504
5284 - 100 1
5285 # 1504
5286 # 1504
5287 # 1504
5287 + 100
5288 # 1504
5288 - 100 1
5289 # 1504
5290 # 1504
5291 # 1504
5292 # 1504
5292 + 100
5293 # 1504
5293 - 100 1
5294 # 1504
5295 # 1504
5296 # 1504
5297 # 1504
5297 + 100
5298 # 1504
5298 - 100 1
5299 # 1504
5300 # 1504
5301 # 1504
5301 + 100
5302 # 1504
5302 - 100 1
5303 # 1504
5304 # 1504
5304 + 100
5305 # 1504
5305 - 100 1
5306 # 1504
5306 + 100
5307 # 1504
5307 - 100 1
5308 # 1504
5309 # 1504
5309 + 100
5310 # 1504
5310 - 100 1
5311 # 1504
5312 # 1504
5313 # 1504
5314 # 1504
5314 + 100
5315 # 1504
5315 - 100 1
5316 # 1504
5317 # 1504
5318 # 1504
5319 # 1504
5319 + 100
5320 # 1504
5320 - 100 1
5321 # 1504
5322 # 1504
5322 + 100
5323 # 1504
5323 - 100 1
5324 # 1504
5324 + 100
5325 # 1504
5325 - 100 1
5326 # 1504
5327 # 1504
5328 # 1504
5329 # 1504
5329 + 100
5330 # 1504
5330 - 100 1
5331 # 1504
5332 # 1504
5333 # 1504
5334 # 1504
5334 + 100
5335 # 1504
5335 - 100 1
5336 # 1504
5337 # 1504
5337 + 100
5338 # 1504
5338 - 100 1
5339 # 1504
5340 # 1504
5340 + 100
5341 # 1504
5341 - 100 1
5342 # 1504
5343 # 1504
5344 # 1504
5344 + 100
5345 # 1504
5345 - 100 1
5346 # 1504
5347 # 1504
5348 # 1504
5349 # 1504
5349 + 100
5350 # 1504
5350 - 100 1
5351 # 1504
5352 # 1504
5353 # 1504
5354 # 1504
5354 + 100
5355 # 1504
5355 - 100 1
5356 # 1504
5357 # 1504
5357 + 100
5358 # 1504
5358 - 100 1
5359 # 1504
5360 # 1504
5360 + 100
5361 # 1504
5361 - 100 1
5362 # 1504
5363 # 1504
5364 # 1504
5364 + 100
5365 # 1504
5365 - 100 1
5366 # 1504
5367 # 1504
5368 # 1504
5369 # 1504
5369 + 100
5370 # 1504
5370 - 100 1
5371 # 1504
5372 # 1504
5373 # 1504
5374 # 1504
5374 + 100
5375 # 1504
5375 - 100 1
5376 # 1504
5377 # 1504
5377 + 100
5378 # 1504
5378 - 100 1
5379 # 1504
5380 # 1504
5380 + 100
5381 # 1504
5381 - 100 1
5382 # 1504
5382 + 100
5383 # 1504
5383 - 100 1
5384 # 1504
5385 # 1504
5386 # 1504
5386 + 100
5387 # 1504
5387 - 100 1
5388 # 1504
5389 # 1504
5389 + 100
5390 # 1504
5390 - 100 1
5391 # 1504
5391 + 100
5392 # 1504
5392 - 100 1
5393 # 1504
5394 # 1504
5395 # 1504
5395 + 100
5396 # 1504
5396 - 100 1
5396 + 100
5397 # 1504
5397 - 100 1
5398 # 1504
5399 # 1504
5399 + 100
5400 # 1504
5400 - 100 1
5401 # 1504
5402 # 1504
5402 + 100
5403 # 1504
5403 - 100 1
5404 # 1504
5405 # 1504
5406 # 1504
5406 + 100
5407 # 1504
5407 - 100 1
5408 # 1504
5409 # 1504
5410 # 1504
5410 + 100
5411 # 1504
5411 - 100 1
5412 # 1504
5413 # 1504
5413 + 100
5414 # 1504
5414 - 100 1
5415 # 1504
5415 + 100
5416 # 1504
5416 - 100 1
5417 # 1504
5418 # 1504
5419 # 1504
5420 # 1504
5420 + 100
5421 # 1504
5421 - 100 1
5422 # 1504
5423 # 1504
5424 # 1504
5424 + 100
5425 # 1504
5425 - 100 1
5426 # 1504
5426 + 100
5427 # 1504
5427 - 100 1
5428 # 1504
5429 # 1504
5430 # 1504
5431 # 1504
5431 + 100
5432 # 1504
5432 - 100 1
5433 # 1504
5434 # 1504
5435 # 1504
5435 + 100
5436 # 1504
5436 - 100 1
5437 # 1504
5438 # 1504
5439 # 1504
5440 # 1504
5440 + 100
5441 # 1504
5441 - 100 1
5442 # 1504
5443 # 1504
5444 # 1504
5445 # 1504
5445 + 100
5446 # 1504
5446 - 100 1
5447 # 1504
5448 # 1504
5449 # 1504
5449 + 100
5450 # 1504
5450 - 100 1
5451 # 1504
5452 # 1504
5452 + 100
5453 # 1504
5453 - 100 1
5454 # 1504
5454 + 100
5455 # 1504
5455 - 100 1
5456 # 1504
5457 # 1504
5457 + 100
5458 # 1504
5458 - 100 1
5459 # 1504
5460 # 1504
5461 # 1504
5461 + 100
5462 # 1504
5462 - 100 1
5463 # 1504
5464 # 1504
5464 + 100
5465 # 1504
5465 - 100 1
5466 # 1504
5466 + 100
5467 # 1504
5467 - 100 1
5468 # 1504
5469 # 1504
5469 + 100
5470 # 1504
5470 - 100 1
5471 # 1504
5472 # 1504
5473 # 1504
5474 # 1504
5474 + 100
5475 # 1504
5475 - 100 1
5476 # 1504
5477 # 1504
5477 + 100
5478 # 1504
5478 - 100 1
5479 # 1504
5479 + 100
5480 # 1504
5480 - 100 1
5481 # 1504
5482 # 1504
5483 # 1504
5483 + 100
5484 # 1504
5484 - 100 1
5485 # 1504
5486 # 1504
5486 + 100
5487 # 1504
5487 - 100 1
5488 # 1504
5489 # 1504
5490 # 1504
5490 + 100
5491 # 1504
5491 - 100 1
5492 # 1504
5493 # 1504
5494 # 1504
5495 # 1504
5495 + 100
5496 # 1504
5496 - 100 1
5497 # 1504
5498 # 1504
5499 # 1504
5500 # 1504
5500 + 100
5501 # 1504
5501 - 100 1
5502 # 1504
5503 # 1504
5503 + 100
5504 # 1504
5504 - 100 1
5505 # 1504
5505 + 100
5506 # 1504
5506 - 100 1
5507 # 1504
5508 # 1504
5508 + 100
5509 # 1504
5509 - 100 1
5510 # 1504
5511 # 1504
5512 # 1504
5513 # 1504
5513 + 100
5514 # 1504
5514 - 100 1
5515 # 1504
5516 # 1504
5516 + 100
5517 # 1504
5517 - 100 1
5518 # 1504
5519 # 1504
5519 + 100
5520 # 1504
5520 - 100 1
5521 # 1504
5521 + 100
5522 # 1504
5522 - 100 1
5523 # 1504
5524 # 1504
5525 # 1504
5526 # 1504
5526 + 100
5527 # 1504
5527 - 100 1
5528 # 1504
5529 # 1504
5530 # 1504
5531 # 1504
5531 + 100
5532 # 1504
5532 - 100 1
5533 # 1504
5534 # 1504
5534 + 100
5535 # 1504
5535 - 100 1
5536 # 1504
5536 + 100
5537 # 1504
5537 - 100 1
5538 # 1504
5539 # 1504
5539 + 100
5540 # 1504
5540 - 100 1
5541 # 1504
5542 # 1504
5542 + 100
5543 # 1504
5543 - 100 1
5544 # 1504
5544 + 100
5545 # 1504
5545 - 100 1
5546 # 1504
5547 # 1504
5547 + 100
5548 # 1504
5548 - 100 1
5549 # 1504
5550 # 1504
5551 # 1504
5552 # 1504
5552 + 100
5553 # 1504
5553 - 100 1
5554 # 1504
5555 # 1504
5556 # 1504
5556 + 100
5557 # 1504
5557 - 100 1
5558 # 1504
5559 # 1504
5560 # 1504
5561 # 1504
5561 + 100
5562 # 1504
5562 - 100 1
5563 # 1504
5564 # 1504
5565 # 1504
5566 # 1504
5566 + 100
5567 # 1504
5567 - 100 1
5568 # 1504
5569 # 1504
5570 # 1504
5571 # 1504
5571 + 100
5572 # 1504
5572 - 100 1
5573 # 1504
5574 # 1504
5574 + 100
5575 # 1504
5575 - 100 1
5576 # 1504
5577 # 1504
5577 + 100
5578 # 1504
5578 - 100 1
5579 # 1504
5580 # 1504
5581 # 1504
5581 + 100
5582 # 1504
5582 - 100 1
5583 # 1504
5584 # 1504
5585 # 1504
5586 # 1504
5586 + 100
5587 # 1504
5587 - 100 1
5588 # 1504
5589 # 1504
5590 # 1504
5591 # 1504
5591 + 100
5592 # 1504
5592 - 100 1
5593 # 1504
5594 # 1504
5594 + 100
5595 # 1504
5595 - 100 1
5596 # 1504
5597 # 1504
5597 + 100
5598 # 1504
5598 - 100 1
5599 # 1504
5599 + 100
5600 # 1504
5600 - 100 1
5601 # 1504
5602 # 1504
5603 # 1504
5603 + 100
5604 # 1504
5604 - 100 1
5605 # 1504
5605 + 100
5606 # 1504
5606 - 100 1
5607 # 1504
5608 # 1504
5609 # 1504
5609 + 100
5610 # 1504
5610 - 100 1
5611 # 1504
5612 # 1504
5613 # 1504
5613 + 100
5614 # 1504
5614 - 100 1
5615 # 1504
5616 # 1504
5617 # 1504
5617 + 100
5618 # 1504
5618 - 100 1
5619 # 1504
5620 # 1504
5620 + 100
5621 # 1504
5621 - 100 1
5622 # 1504
5623 # 1504
5624 # 1504
5624 + 100
5625 # 1504
5625 - 100 1
5626 # 1504
5626 + 100
5627 # 1504
5627 - 100 1
5628 # 1504
5629 # 1504
5630 # 1504
5630 + 100
5631 # 1504
5631 - 100 1
5632 # 1504
5633 # 1504
5633 + 100
5634 # 1504
5634 - 100 1
5635 # 1504
5636 # 1504
5636 + 100
5637 # 1504
5637 - 100 1
5638 # 1504
5638 + 100
5639 # 1504
5639 - 100 1
5640 # 1504
5641 # 1504
5642 # 1504
5642 + 100
5643 # 1504
5643 - 100 1
5643 + 100
5644 # 1504
5644 - 100 1
5645 # 1504
5646 # 1504
5646 + 100
5647 # 1504
5647 - 100 1
5647 + 100
5648 # 1504
5648 - 100 1
5649 # 1504
5649 + 100
5650 # 1504
5650 - 100 1
5651 # 1504
5652 # 1504
5652 + 100
5653 # 1504
5653 - 100 1
5654 # 1504
5654 + 100
5655 # 1504
5655 - 100 1
5656 # 1504
5657 # 1504
5657 + 100
5658 # 1504
5658 - 100 1
5659 # 1504
5660 # 1504
5661 # 1504
5662 # 1504
5662 + 100
5663 # 1504
5663 - 100 1
5664 # 1504
5665 # 1504
5666 # 1504
5666 + 100
5667 # 1504
5667 - 100 1
5668 # 1504
5669 # 1504
5670 # 1504
5671 # 1504
5671 + 100
5672 # 1504
5672 - 100 1
5673 # 1504
5674 # 1504
5675 # 1504
5676 # 1504
5676 + 100
5677 # 1504
5677 - 100 1
5678 # 1504
5679 # 1504
5680 # 1504
5681 # 1504
5681 + 100
5682 # 1504
5682 - 100 1
5683 # 1504
5684 # 1504
5685 # 1504
5685 + 100
5686 # 1504
5686 - 100 1
5687 # 1504
5688 # 1504
5689 # 1504
5690 # 1504
5690 + 100
5691 # 1504
5691 - 100 1
5692 # 1504
5693 # 1504
5694 # 1504
5695 # 1504
5696 # 1504
5696 + 100
5697 # 1504
5697 - 100 1
5698 # 1504
5699 # 1504
5700 # 1504
5700 + 100
5701 # 1504
5701 - 100 1
5702 # 1504
5703 # 1504
5704 # 1504
5705 # 1504
5705 + 100
5706 # 1504
5706 - 100 1
5707 # 1504
5708 # 1504
5709 # 1504
5709 + 100
5710 # 1504
5710 - 100 1
5711 # 1504
5712 # 1504
5713 # 1504
5714 # 1504
5714 + 100
5715 # 1504
5715 - 100 1
5716 # 1504
5717 # 1504
5718 # 1504
5719 # 1504
5719 + 100
5720 # 1504
5720 - 100 1
5721 # 1504
5722 # 1504
5723 # 1504
5723 + 100
5724 # 1504
5724 - 100 1
5725 # 1504
5725 + 100
5726 # 1504
5726 - 100 1
5727 # 1504
5728 # 1504
5729 # 1504
5729 + 100
5730 # 1504
5730 - 100 1
5731 # 1504
5732 # 1504
5733 # 1504
5734 # 1504
5734 + 100
5735 # 1504
5735 - 100 1
5736 # 1504
5737 # 1504
5738 # 1504
5739 # 1504
5739 + 100
5740 # 1504
5740 - 100 1
5741 # 1504
5742 # 1504
5743 # 1504
5744 # 1504
5744 + 100
5745 # 1504
5745 - 100 1
5746 # 1504
5747 # 1504
5748 # 1504
5748 + 100
5749 # 1504
5749 - 100 1
5750 # 1504
5751 # 1504
5751 + 100
5752 # 1504
5752 - 100 1
5753 # 1504
5753 + 100
5754 # 1504
5754 - 100 1
5755 # 1504
5756 # 1504
5756 + 100
5757 # 1504
5757 - 100 1
5758 # 1504
5759 # 1504
5760 # 1504
5760 + 100
5761 # 1504
5761 - 100 1
5762 # 1504
5763 # 1504
5764 # 1504
5764 + 100
5765 # 1504
5765 - 100 1
5766 # 1504
5767 # 1504
5767 + 100
5768 # 1504
5768 - 100 1
5769 # 1504
5770 # 1504
5771 # 1504
5771 + 100
5772 # 1504
5772 - 100 1
5773 # 1504
5774 # 1504
5775 # 1504
5776 # 1504
5776 + 100
5777 # 1504
5777 - 100 1
5778 # 1504
5779 # 1504
5780 # 1504
5781 # 1504
5781 + 100
5782 # 1504
5782 - 100 1
5783 # 1504
5784 # 1504
5785 # 1504
5786 # 1504
5786 + 100
5787 # 1504
5787 - 100 1
5788 # 1504
5789 # 1504
5790 # 1504
5791 # 1504
5791 + 100
5792 # 1504
5792 - 100 1
5793 # 1504
5794 # 1504
5795 # 1504
5796 # 1504
5796 + 100
5797 # 1504
5797 - 100 1
5798 # 1504
5799 # 1504
5800 # 1504
5800 + 100
5801 # 1504
5801 - 100 1
5802 # 1504
5803 # 1504
5804 # 1504
5805 # 1504
5806 # 1504
5806 + 100
5807 # 1504
5807 - 100 1
5808 # 1504
5809 # 1504
5809 + 100
5810 # 1504
5810 - 100 1
5811 # 1504
5812 # 1504
5812 + 100
5813 # 1504
5813 - 100 1
5814 # 1504
5815 # 1504
5816 # 1504
5816 + 100
5817 # 1504
5817 - 100 1
5818 # 1504
5818 + 100
5819 # 1504
5819 - 100 1
5820 # 1504
5821 # 1504
5822 # 1504
5823 # 1504
5823 + 100
5824 # 1504
5824 - 100 1
5825 # 1504
5826 # 1504
5827 # 1504
5827 + 100
5828 # 1504
5828 - 100 1
5829 # 1504
5830 # 1504
5831 # 1504
5832 # 1504
5833 # 1504
5833 + 100
5834 # 1504
5834 - 100 1
5835 # 1504
5836 # 1504
5837 # 1504
5837 + 100
5838 # 1504
5838 - 100 1
5839 # 1504
5840 # 1504
5840 + 100
5841 # 1504
5841 - 100 1
5842 # 1504
5843 # 1504
5844 # 1504
5844 + 100
5845 # 1504
5845 - 100 1
5846 # 1504
5846 + 100
5847 # 1504
5847 - 100 1
5848 # 1504
5849 # 1504
5850 # 1504
5851 # 1504
5852 # 1504
5852 + 100
5853 # 1504
5853 - 100 1
5854 # 1504
5855 # 1504
5856 # 1504
5856 + 100
5857 # 1504
5857 - 100 1
5858 # 1504
5859 # 1504
5860 # 1504
5861 # 1504
5861 + 100
5862 # 1504
5862 - 100 1
5863 # 1504
5864 # 1504
5865 # 1504
5866 # 1504
5866 + 100
5867 # 1504
5867 - 100 1
5868 # 1504
5869 # 1504
5870 # 1504
5870 + 100
5871 # 1504
5871 - 100 1
5872 # 1504
5873 # 1504
5874 # 1504
5874 + 100
5875 # 1504
5875 - 100 1
5876 # 1504
5877 # 1504
5877 + 100
5878 # 1504
5878 - 100 1
5879 # 1504
5880 # 1504
5880 + 100
5881 # 1504
5881 - 100 1
5882 # 1504
5883 # 1504
5884 # 1504
5885 # 1504
5885 + 100
5886 # 1504
5886 - 100 1
5887 # 1504
5888 # 1504
5889 # 1504
5890 # 1504
5891 # 1504
5891 + 100
5892 # 1504
5892 - 100 1
5893 # 1504
5894 # 1504
5894 + 100
5895 # 1504
5895 - 100 1
5896 # 1504
5897 # 1504
5898 # 1504
5898 + 100
5899 # 1504
5899 - 100 1
5900 # 1504
5901 # 1504
5901 + 100
5902 # 1504
5902 - 100 1
5903 # 1504
5904 # 1504
5905 # 1504
5906 # 1504
5906 + 100
5907 # 1504
5907 - 100 1
5908 # 1504
5909 # 1504
5910 # 1504
5910 + 100
5911 # 1504
5911 - 100 1
5912 # 1504
5913 # 1504
5914 # 1504
5914 + 100
5915 # 1504
5915 - 100 1
5916 # 1504
5917 # 1504
5917 + 100
5918 # 1504
5918 - 100 1
5919 # 1504
5920 # 1504
5921 # 1504
5921 + 100
5922 # 1504
5922 - 100 1
5923 # 1504
5924 # 1504
5924 + 100
5925 # 1504
5925 - 100 1
5926 # 1504
5927 # 1504
5928 # 1504
5928 + 100
5929 # 1504
5929 - 100 1
5930 # 1504
5931 # 1504
5932 # 1504
5933 # 1504
5933 + 100
5934 # 1504
5934 - 100 1
5935 # 1504
5936 # 1504
5937 # 1504
5937 + 100
5938 # 1504
5938 - 100 1
5939 # 1504
5940 # 1504
5941 # 1504
5941 + 100
5942 # 1504
5942 - 100 1
5943 # 1504
5944 # 1504
5944 + 100
5945 # 1504
5945 - 100 1
5946 # 1504
5947 # 1504
5948 # 1504
5949 # 1504
5949 + 100
5950 # 1504
5950 - 100 1
5951 # 1504
5952 # 1504
5953 # 1504
5953 + 100
5954 # 1504
5954 - 100 1
5955 # 1504
5956 # 1504
5957 # 1504
5958 # 1504
5958 + 100
5959 # 1504
5959 - 100 1
5960 # 1504
5961 # 1504
5962 # 1504
5963 # 1504
5963 + 100
5964 # 1504
5964 - 100 1
5965 # 1504
5966 # 1504
5967 # 1504
5968 # 1504
5968 + 100
5969 # 1504
5969 - 100 1
5970 # 1504
5971 # 1504
5972 # 1504
5973 # 1504
5973 + 100
5974 # 1504
5974 - 100 1
5975 # 1504
5976 # 1504
5977 # 1504
5978 # 1504
5978 + 100
5979 # 1504
5979 - 100 1
5980 # 1504
5981 # 1504
5981 + 100
5982 # 1504
5982 - 100 1
5983 # 1504
5984 # 1504
5984 + 100
5985 # 1504
5985 - 100 1
5986 # 1504
5987 # 1504
5988 # 1504
5988 + 100
5989 # 1504
5989 - 100 1
5990 # 1504
5991 # 1504
5991 + 100
5992 # 1504
5992 - 100 1
5993 # 1504
5994 # 1504
5995 # 1504
5996 # 1504
5996 + 100
5997 # 1504
5997 - 100 1
5998 # 1504
5999 # 1504
6000 # 1504
6000 + 100
6001 # 1504
6001 - 100 1
6002 # 1504
6003 # 1504
6004 # 1504
6005 # 1504
6005 + 100
6006 # 1504
6006 - 100 1
6007 # 1504
6008 # 1504
6009 # 1504
6009 + 100
6010 # 1504
6010 - 100 1
6011 # 1504
6012 # 1504
6013 # 1504
6013 + 100
6014 # 1504
6014 - 100 1
6015 # 1504
6015 + 100
6016 # 1504
6016 - 100 1
6017 # 1504
6018 # 1504
6019 # 1504
6020 # 1504
6020 + 100
6021 # 1504
6021 - 100 1
6022 # 1504
6023 # 1504
6024 # 1504
6024 + 100
6025 # 1504
6025 - 100 1
6026 # 1504
6027 # 1504
6028 # 1504
6028 + 100
6029 # 1504
6029 - 100 1
6030 # 1504
6030 + 100
6031 # 1504
6031 - 100 1
6032 # 1504
6033 # 1504
6033 + 100
6034 # 1504
6034 - 100 1
6035 # 1504
6036 # 1504
6036 + 100
6037 # 1504
6037 - 100 1
6038 # 1504
6039 # 1504
6039 + 100
6040 # 1504
6040 - 100 1
6041 # 1504
6041 + 100
6042 # 1504
6042 - 100 1
6043 # 1504
6044 # 1504
6044 + 100
6045 # 1504
6045 - 100 1
6046 # 1504
6046 + 100
6047 # 1504
6047 - 100 1
6048 # 1504
6049 # 1504
6049 + 100
6050 # 1504
6050 - 100 1
6051 # 1504
6052 # 1504
6053 # 1504
6053 + 100
6054 # 1504
6054 - 100 1
6055 # 1504
6056 # 1504
6057 # 1504
6057 + 100
6058 # 1504
6058 - 100 1
6059 # 1504
6059 + 100
6060 # 1504
6060 - 100 1
6061 # 1504
6062 # 1504
6062 + 100
6063 # 1504
6063 - 100 1
6064 # 1504
6065 # 1504
6065 + 100
6066 # 1504
6066 - 100 1
6067 # 1504
6068 # 1504
6068 + 100
6069 # 1504
6069 - 100 1
6070 # 1504
6071 # 1504
6072 # 1504
6072 + 100
6073 # 1504
6073 - 100 1
6074 # 1504
6075 # 1504
6076 # 1504
6076 + 100
6077 # 1504
6077 - 100 1
6078 # 1504
6079 # 1504
6079 + 100
6080 # 1504
6080 - 100 1
6080 + 100
6081 # 1504
6081 - 100 1
6082 # 1504
6083 # 1504
6084 # 1504
6084 + 100
6085 # 1504
6085 - 100 1
6086 # 1504
6087 # 1504
6088 # 1504
6089 # 1504
6089 + 100
6090 # 1504
6090 - 100 1
6091 # 1504
6092 # 1504
6093 # 1504
6094 # 1504
6094 + 100
6095 # 1504
6095 - 100 1
6096 # 1504
6097 # 1504
6098 # 1504
6099 # 1504
6099 + 100
6100 # 1504
6100 - 100 1
6101 # 1504
6102 # 1504
6103 # 1504
6104 # 1504
6104 + 100
6105 # 1504
6105 - 100 1
6106 # 1504
6107 # 1504
6108 # 1504
6108 + 100
6109 # 1504
6109 - 100 1
6110 # 1504
6111 # 1504
6112 # 1504
6113 # 1504
6113 + 100
6114 # 1504
6114 - 100 1
6115 # 1504
6116 # 1504
6117 # 1504
6118 # 1504
6118 + 100
6119 # 1504
6119 - 100 1
6120 # 1504
6121 # 1504
6121 + 100
6122 # 1504
6122 - 100 1
6123 # 1504
6124 # 1504
6124 + 100
6125 # 1504
6125 - 100 1
6126 # 1504
6127 # 1504
6127 + 100
6128 # 1504
6128 - 100 1
6129 # 1504
6130 # 1504
6131 # 1504
6131 + 100
6132 # 1504
6132 - 100 1
6133 # 1504
6134 # 1504
6135 # 1504
6136 # 1504
6137 # 1504
6137 + 100
6138 # 1504
6138 - 100 1
6139 # 1504
6140 # 1504
6141 # 1504
6141 + 100
6142 # 1504
6142 - 100 1
6143 # 1504
6144 # 1504
6145 # 1504
6145 + 100
6146 # 1504
6146 - 100 1
6147 # 1504
6148 # 1504
6149 # 1504
6150 # 1504
6151 # 1504
6151 + 100
6152 # 1504
6152 - 100 1
6153 # 1504
6154 # 1504
6155 # 1504
6156 # 1504
6156 + 100
6157 # 1504
6157 - 100 1
6158 # 1504
6159 # 1504
6160 # 1504
6160 + 100
6161 # 1504
6161 - 100 1
6162 # 1504
6163 # 1504
6164 # 1504
6165 # 1504
6166 # 1504
6166 + 100
6167 # 1504
6167 - 100 1
6168 # 1504
6169 # 1504
6170 # 1504
6170 + 100
6171 # 1504
6171 - 100 1
6172 # 1504
6173 # 1504
6174 # 1504
6175 # 1504
6175 + 100
6176 # 1504
6176 - 100 1
6177 # 1504
6178 # 1504
6179 # 1504
6179 + 100
6180 # 1504
6180 - 100 1
6181 # 1504
6182 # 1504
6183 # 1504
6184 # 1504
6184 + 100
6185 # 1504
6185 - 100 1
6186 # 1504
6187 # 1504
6188 # 1504
6188 + 100
6189 # 1504
6189 - 100 1
6190 # 1504
6191 # 1504
6192 # 1504
6192 + 100
6193 # 1504
6193 - 100 1
6194 # 1504
6195 # 1504
6195 + 100
6196 # 1504
6196 - 100 1
6197 # 1504
6198 # 1504
6199 # 1504
6200 # 1504
6200 + 100
6201 # 1504
6201 - 100 1
6202 # 1504
6203 # 1504
6204 # 1504
6205 # 1504
6205 + 100
6206 # 1504
6206 - 100 1
6207 # 1504
6208 # 1504
6208 + 100
6209 # 1504
6209 - 100 1
6210 # 1504
6211 # 1504
6212 # 1504
6212 + 100
6213 # 1504
6213 - 100 1
6214 # 1504
6215 # 1504
6215 + 100
6216 # 1504
6216 - 100 1
6217 # 1504
6218 # 1504
6219 # 1504
6220 # 1504
6220 + 100
6221 # 1504
6221 - 100 1
6222 # 1504
6223 # 1504
6224 # 1504
6224 + 100
6225 # 1504
6225 - 100 1
6226 # 1504
6227 # 1504
6228 # 1504
6229 # 1504
6229 + 100
6230 # 1504
6230 - 100 1
6231 # 1504
6232 # 1504
6233 # 1504
6233 + 100
6234 # 1504
6234 - 100 1
6235 # 1504
6236 # 1504
6236 + 100
6237 # 1504
6237 - 100 1
6238 # 1504
6238 + 100
6239 # 1504
6239 - 100 1
6240 # 1504
6241 # 1504
6241 + 100
6242 # 1504
6242 - 100 1
6243 # 1504
6244 # 1504
6245 # 1504
6246 # 1504
6246 + 100
6247 # 1504
6247 - 100 1
6248 # 1504
6249 # 1504
6250 # 1504
6251 # 1504
6251 + 100
6252 # 1504
6252 - 100 1
6253 # 1504
6254 # 1504
6255 # 1504
6255 + 100
6256 # 1504
6256 - 100 1
6257 # 1504
6258 # 1504
6259 # 1504
6260 # 1504
6260 + 100
6261 # 1504
6261 - 100 1
6262 # 1504
6263 # 1504
6264 # 1504
6265 # 1504
6265 + 100
6266 # 1504
6266 - 100 1
6267 # 1504
6268 # 1504
6269 # 1504
6269 + 100
6270 # 1504
6270 - 100 1
6271 # 1504
6272 # 1504
6272 + 100
6273 # 1504
6273 - 100 1
6274 # 1504
6274 + 100
6275 # 1504
6275 - 100 1
6276 # 1504
6277 # 1504
6277 + 100
6278 # 1504
6278 - 100 1
6279 # 1504
6280 # 1504
6281 # 1504
6281 + 100
6282 # 1504
6282 - 100 1
6283 # 1504
6284 # 1504
6284 + 100
6285 # 1504
6285 - 100 1
6286 # 1504
6287 # 1504
6287 + 100
6288 # 1504
6288 - 100 1
6289 # 1504
6289 + 100
6290 # 1504
6290 - 100 1
6291 # 1504
6292 # 1504
6292 + 100
6293 # 1504
6293 - 100 1
6294 # 1504
6295 # 1504
6296 # 1504
6296 + 100
6297 # 1504
6297 - 100 1
6298 # 1504
6299 # 1504
6299 + 100
6300 # 1504
6300 - 100 1
6301 # 1504
6301 + 100
6302 # 1504
6302 - 100 1
6303 # 1504
6304 # 1504
6305 # 1504
6305 + 100
6306 # 1504
6306 - 100 1
6307 # 1504
6308 # 1504
6309 # 1504
6309 + 100
6310 # 1504
6310 - 100 1
6311 # 1504
6312 # 1504
6313 # 1504
6313 + 100
6314 # 1504
6314 - 100 1
6315 # 1504
6316 # 1504
6316 + 100
6317 # 1504
6317 - 100 1
6318 # 1504
6319 # 1504
6319 + 100
6320 # 1504
6320 - 100 1
6321 # 1504
6322 # 1504
6322 + 100
6323 # 1504
6323 - 100 1
6324 # 1504
6325 # 1504
6325 + 100
6326 # 1504
6326 - 100 1
6327 # 1504
6328 # 1504
6328 + 100
6329 # 1504
6329 - 100 1
6330 # 1504
6331 # 1504
6331 + 100
6332 # 1504
6332 - 100 1
6333 # 1504
6334 # 1504
6334 + 100
6335 # 1504
6335 - 100 1
6336 # 1504
6337 # 1504
6338 # 1504
6338 + 100
6339 # 1504
6339 - 100 1
6340 # 1504
6341 # 1504
6342 # 1504
6343 # 1504
6344 # 1504
6344 + 100
6345 # 1504
6345 - 100 1
6346 # 1504
6347 # 1504
6348 # 1504
6348 + 100
6349 # 1504
6349 - 100 1
6350 # 1504
6351 # 1504
6351 + 100
6352 # 1504
6352 - 100 1
6353 # 1504
6353 + 100
6354 # 1504
6354 - 100 1
6355 # 1504
6356 # 1504
6357 # 1504
6357 + 100
6358 # 1504
6358 - 100 1
6359 # 1504
6359 + 100
6360 # 1504
6360 - 100 1
6361 # 1504
6362 # 1504
6363 # 1504
6364 # 1504
6364 + 100
6365 # 1504
6365 - 100 1
6366 # 1504
6367 # 1504
6368 # 1504
6369 # 1504
6369 + 100
6370 # 1504
6370 - 100 1
6371 # 1504
6372 # 1504
6373 # 1504
6373 + 100
6374 # 1504
6374 - 100 1
6375 # 1504
6376 # 1504
6377 # 1504
6377 + 100
6378 # 1504
6378 - 100 1
6379 # 1504
6379 + 100
6380 # 1504
6380 - 100 1
6381 # 1504
6382 # 1504
6383 # 1504
6384 # 1504
6384 + 100
6385 # 1504
6385 - 100 1
6386 # 1504
6387 # 1504
6388 # 1504
6389 # 1504
6389 + 100
6390 # 1504
6390 - 100 1
6391 # 1504
6392 # 1504
6393 # 1504
6394 # 1504
6394 + 100
6395 # 1504
6395 - 100 1
6396 # 1504
6397 # 1504
6398 # 1504
6399 # 1504
6399 + 100
6400 # 1504
6400 - 100 1
6401 # 1504
6402 # 1504
6403 # 1504
6404 # 1504
6404 + 100
6405 # 1504
6405 - 100 1
6406 # 1504
6407 # 1504
6408 # 1504
6408 + 100
6409 # 1504
6409 - 100 1
6410 # 1504
6411 # 1504
6412 # 1504
6413 # 1504
6413 + 100
6414 # 1504
6414 - 100 1
6415 # 1504
6416 # 1504
6417 # 1504
6418 # 1504
6419 # 1504
6419 + 100
6420 # 1504
6420 - 100 1
6421 # 1504
6422 # 1504
6422 + 100
6423 # 1504
6423 - 100 1
6424 # 1504
6425 # 1504
6426 # 1504
6426 + 100
6427 # 1504
6427 - 100 1
6428 # 1504
6428 + 100
6429 # 1504
6429 - 100 1
6430 # 1504
6431 # 1504
6432 # 1504
6433 # 1504
6433 + 100
6434 # 1504
6434 - 100 1
6435 # 1504
6436 # 1504
6437 # 1504
6437 + 100
6438 # 1504
6438 - 100 1
6439 # 1504
6440 # 1504
6441 # 1504
6441 + 100
6442 # 1504
6442 - 100 1
6443 # 1504
6444 # 1504
6444 + 100
6445 # 1504
6445 - 100 1
6446 # 1504
6447 # 1504
6448 # 1504
6449 # 1504
6449 + 100
6450 # 1504
6450 - 100 1
6451 # 1504
6452 # 1504
6453 # 1504
6453 + 100
6454 # 1504
6454 - 100 1
6455 # 1504
6456 # 1504
6457 # 1504
6458 # 1504
6458 + 100
6459 # 1504
6459 - 100 1
6460 # 1504
6461 # 1504
6462 # 1504
6463 # 1504
6463 + 100
6464 # 1504
6464 - 100 1
6465 # 1504
6466 # 1504
6467 # 1504
6468 # 1504
6468 + 100
6469 # 1504
6469 - 100 1
6470 # 1504
6471 # 1504
6472 # 1504
6472 + 100
6473 # 1504
6473 - 100 1
6474 # 1504
6475 # 1504
6476 # 1504
6477 # 1504
6478 # 1504
6478 + 100
6479 # 1504
6479 - 100 1
6480 # 1504
6481 # 1504
6482 # 1504
6482 + 100
6483 # 1504
6483 - 100 1
6484 # 1504
6485 # 1504
6486 # 1504
6486 + 100
6487 # 1504
6487 - 100 1
6488 # 1504
6489 # 1504
6490 # 1504
6491 # 1504
6492 # 1504
6492 + 100
6493 # 1504
6493 - 100 1
6494 # 1504
6495 # 1504
6496 # 1504
6497 # 1504
6497 + 100
6498 # 1504
6498 - 100 1
6499 # 1504
6500 # 1504
6501 # 1504
6501 + 100
6502 # 1504
6502 - 100 1
6503 # 1504
6504 # 1504
6505 # 1504
6506 # 1504
6506 + 100
6507 # 1504
6507 - 100 1
6508 # 1504
6509 # 1504
6510 # 1504
6511 # 1504
6511 + 100
6512 # 1504
6512 - 100 1
6513 # 1504
6514 # 1504
6515 # 1504
6516 # 1504
6516 + 100
6517 # 1504
6517 - 100 1
6518 # 1504
6519 # 1504
6520 # 1504
6520 + 100
6521 # 1504
6521 - 100 1
6522 # 1504
6523 # 1504
6524 # 1504
6525 # 1504
6526 # 1504
6526 + 100
6527 # 1504
6527 - 100 1
6528 # 1504
6529 # 1504
6529 + 100
6530 # 1504
6530 - 100 1
6531 # 1504
6532 # 1504
6533 # 1504
6533 + 100
6534 # 1504
6534 - 100 1
6535 # 1504
6536 # 1504
6536 + 100
6537 # 1504
6537 - 100 1
6538 # 1504
6539 # 1504
6540 # 1504
6540 + 100
6541 # 1504
6541 - 100 1
6542 # 1504
6543 # 1504
6544 # 1504
6545 # 1504
6545 + 100
6546 # 1504
6546 - 100 1
6547 # 1504
6548 # 1504
6549 # 1504
6550 # 1504
6550 + 100
6551 # 1504
6551 - 100 1
6552 # 1504
6553 # 1504
6553 + 100
6554 # 1504
6554 - 100 1
6554 + 100
6555 # 1504
6555 - 100 1
6556 # 1504
6556 + 100
6557 # 1504
6557 - 100 1
6558 # 1504
6559 # 1504
6560 # 1504
6560 + 100
6561 # 1504
6561 - 100 1
6562 # 1504
6563 # 1504
6563 + 100
6564 # 1504
6564 - 100 1
6565 # 1504
6566 # 1504
6567 # 1504
6568 # 1504
6568 + 100
6569 # 1504
6569 - 100 1
6570 # 1504
6571 # 1504
6571 + 100
6572 # 1504
6572 - 100 1
6573 # 1504
6574 # 1504
6574 + 100
6575 # 1504
6575 - 100 1
6576 # 1504
6577 # 1504
6577 + 100
6578 # 1504
6578 - 100 1
6579 # 1504
6579 + 100
6580 # 1504
6580 - 100 1
6581 # 1504
6582 # 1504
6583 # 1504
6584 # 1504
6584 + 100
6585 # 1504
6585 - 100 1
6586 # 1504
6587 # 1504
6588 # 1504
6588 + 100
6589 # 1504
6589 - 100 1
6590 # 1504
6591 # 1504
6591 + 100
6592 # 1504
6592 - 100 1
6593 # 1504
6594 # 1504
6594 + 100
6595 # 1504
6595 - 100 1
6596 # 1504
6596 + 100
6597 # 1504
6597 - 100 1
6598 # 1504
6599 # 1504
6599 + 100
6600 # 1504
6600 - 100 1
6601 # 1504
6602 # 1504
6602 + 100
6603 # 1504
6603 - 100 1
6604 # 1504
6605 # 1504
6605 + 100
6606 # 1504
6606 - 100 1
6607 # 1504
6608 # 1504
6609 # 1504
6609 + 100
6610 # 1504
6610 - 100 1
6611 # 1504
6612 # 1504
6613 # 1504
6614 # 1504
6615 # 1504
6615 + 100
6616 # 1504
6616 - 100 1
6617 # 1504
6618 # 1504
6619 # 1504
6619 + 100
6620 # 1504
6620 - 100 1
6621 # 1504
6622 # 1504
6623 # 1504
6624 # 1504
6624 + 100
6625 # 1504
6625 - 100 1
6626 # 1504
6627 # 1504
6628 # 1504
6629 # 1504
6629 + 100
6630 # 1504
6630 - 100 1
6631 # 1504
6632 # 1504
6632 + 100
6633 # 1504
6633 - 100 1
6634 # 1504
6634 + 100
6635 # 1504
6635 - 100 1
6636 # 1504
6637 # 1504
6637 + 100
6638 # 1504
6638 - 100 1
6639 # 1504
6640 # 1504
6641 # 1504
6642 # 1504
6642 + 100
6643 # 1504
6643 - 100 1
6644 # 1504
6645 # 1504
6646 # 1504
6646 + 100
6647 # 1504
6647 - 100 1
6648 # 1504
6649 # 1504
6650 # 1504
6650 + 100
6651 # 1504
6651 - 100 1
6652 # 1504
6653 # 1504
6653 + 100
6654 # 1504
6654 - 100 1
6655 # 1504
6656 # 1504
6657 # 1504
6658 # 1504
6658 + 100
6659 # 1504
6659 - 100 1
6660 # 1504
6661 # 1504
6662 # 1504
6662 + 100
6663 # 1504
6663 - 100 1
6664 # 1504
6665 # 1504
6666 # 1504
6666 + 100
6667 # 1504
6667 - 100 1
6668 # 1504
6669 # 1504
6670 # 1504
6670 + 100
6671 # 1504
6671 - 100 1
6672 # 1504
6672 + 100
6673 # 1504
6673 - 100 1
6674 # 1504
6675 # 1504
6676 # 1504
6676 + 100
6677 # 1504
6677 - 100 1
6678 # 1504
6678 + 100
6679 # 1504
6679 - 100 1
6680 # 1504
6681 # 1504
6682 # 1504
6683 # 1504
6684 # 1504
6684 + 100
6685 # 1504
6685 - 100 1
6686 # 1504
6687 # 1504
6688 # 1504
6688 + 100
6689 # 1504
6689 - 100 1
6690 # 1504
6691 # 1504
6692 # 1504
6693 # 1504
6693 + 100
6694 # 1504
6694 - 100 1
6695 # 1504
6696 # 1504
6697 # 1504
6697 + 100
6698 # 1504
6698 - 100 1
6699 # 1504
6700 # 1504
6701 # 1504
6702 # 1504
6702 + 100
6703 # 1504
6703 - 100 1
6704 # 1504
6705 # 1504
6706 # 1504
6706 + 100
6707 # 1504
6707 - 100 1
6708 # 1504
6709 # 1504
6709 + 100
6710 # 1504
6710 - 100 1
6711 # 1504
6711 + 100
6712 # 1504
6712 - 100 1
6713 # 1504
6714 # 1504
6714 + 100
6715 # 1504
6715 - 100 1
6716 # 1504
6717 # 1504
6718 # 1504
6719 # 1504
6719 + 100
6720 # 1504
6720 - 100 1
6721 # 1504
6722 # 1504
6723 # 1504
6724 # 1504
6724 + 100
6725 # 1504
6725 - 100 1
6726 # 1504
6727 # 1504
6728 # 1504
6729 # 1504
6729 + 100
6730 # 1504
6730 - 100 1
6731 # 1504
6732 # 1504
6733 # 1504
6733 + 100
6734 # 1504
6734 - 100 1
6735 # 1504
6736 # 1504
6737 # 1504
6738 # 1504
6738 + 100
6739 # 1504
6739 - 100 1
6740 # 1504
6741 # 1504
6742 # 1504
6742 + 100
6743 # 1504
6743 - 100 1
6744 # 1504
6745 # 1504
6745 + 100
6746 # 1504
6746 - 100 1
6747 # 1504
6748 # 1504
6749 # 1504
6749 + 100
6750 # 1504
6750 - 100 1
6751 # 1504
6752 # 1504
6753 # 1504
6753 + 100
6754 # 1504
6754 - 100 1
6755 # 1504
6756 # 1504
6757 # 1504
6758 # 1504
6759 # 1504
6759 + 100
6760 # 1504
6760 - 100 1
6761 # 1504
6762 # 1504
6763 # 1504
6763 + 100
6764 # 1504
6764 - 100 1
6765 # 1504
6766 # 1504
6767 # 1504
6767 + 100
6768 # 1504
6768 - 100 1
6769 # 1504
6770 # 1504
6771 # 1504
6771 + 100
6772 # 1504
6772 - 100 1
6773 # 1504
6774 # 1504
6774 + 100
6775 # 1504
6775 - 100 1
6776 # 1504
6777 # 1504
6778 # 1504
6778 + 100
6779 # 1504
6779 - 100 1
6780 # 1504
6781 # 1504
6782 # 1504
6783 # 1504
6783 + 100
6784 # 1504
6784 - 100 1
6785 # 1504
6786 # 1504
6787 # 1504
6787 + 100
6788 # 1504
6788 - 100 1
6789 # 1504
6790 # 1504
6791 # 1504
6791 + 100
6792 # 1504
6792 - 100 1
6793 # 1504
6794 # 1504
6794 + 100
6795 # 1504
6795 - 100 1
6796 # 1504
6797 # 1504
6798 # 1504
6798 + 100
6799 # 1504
6799 - 100 1
6800 # 1504
6801 # 1504
6802 # 1504
6803 # 1504
6803 + 100
6804 # 1504
6804 - 100 1
6805 # 1504
6806 # 1504
6807 # 1504
6808 # 1504
6808 + 100
6809 # 1504
6809 - 100 1
6810 # 1504
6811 # 1504
6812 # 1504
6813 # 1504
6813 + 100
6814 # 1504
6814 - 100 1
6815 # 1504
6816 # 1504
6817 # 1504
6818 # 1504
6818 + 100
6819 # 1504
6819 - 100 1
6820 # 1504
6821 # 1504
6822 # 1504
6823 # 1504
6823 + 100
6824 # 1504
6824 - 100 1
6825 # 1504
6826 # 1504
6827 # 1504
6827 + 100
6828 # 1504
6828 - 100 1
6829 # 1504
6830 # 1504
6831 # 1504
6832 # 1504
6832 + 100
6833 # 1504
6833 - 100 1
6834 # 1504
6835 # 1504
6836 # 1504
6837 # 1504
6837 + 100
6838 # 1504
6838 - 100 1
6839 # 1504
6840 # 1504
6841 # 1504
6842 # 1504
6842 + 100
6843 # 1504
6843 - 100 1
6844 # 1504
6845 # 1504
6846 # 1504
6847 # 1504
6847 + 100
6848 # 1504
6848 - 100 1
6849 # 1504
6850 # 1504
6851 # 1504
6851 + 100
6852 # 1504
6852 - 100 1
6853 # 1504
6854 # 1504
6855 # 1504
6856 # 1504
6856 + 100
6857 # 1504
6857 - 100 1
6858 # 1504
6859 # 1504
6860 # 1504
6860 + 100
6861 # 1504
6861 - 100 1
6862 # 1504
6863 # 1504
6863 + 100
6864 # 1504
6864 - 100 1
6865 # 1504
6866 # 1504
6866 + 100
6867 # 1504
6867 - 100 1
6868 # 1504
6869 # 1504
6870 # 1504
6870 + 100
6871 # 1504
6871 - 100 1
6872 # 1504
6873 # 1504
6874 # 1504
6874 + 100
6875 # 1504
6875 - 100 1
6876 # 1504
6877 # 1504
6878 # 1504
6879 # 1504
6880 # 1504
6880 + 100
6881 # 1504
6881 - 100 1
6882 # 1504
6883 # 1504
6883 + 100
6884 # 1504
6884 - 100 1
6885 # 1504
6886 # 1504
6886 + 100
6887 # 1504
6887 - 100 1
6888 # 1504
6889 # 1504
6890 # 1504
6890 + 100
6891 # 1504
6891 - 100 1
6892 # 1504
6892 + 100
6893 # 1504
6893 - 100 1
6894 # 1504
6895 # 1504
6896 # 1504
6897 # 1504
6897 + 100
6898 # 1504
6898 - 100 1
6899 # 1504
6900 # 1504
6901 # 1504
6901 + 100
6902 # 1504
6902 - 100 1
6903 # 1504
6904 # 1504
6904 + 100
6905 # 1504
6905 - 100 1
6906 # 1504
6907 # 1504
6908 # 1504
6908 + 100
6909 # 1504
6909 - 100 1
6910 # 1504
6910 + 100
6911 # 1504
6911 - 100 1
6912 # 1504
6913 # 1504
6914 # 1504
6915 # 1504
6915 + 100
6916 # 1504
6916 - 100 1
6917 # 1504
6918 # 1504
6919 # 1504
6920 # 1504
6920 + 100
6921 # 1504
6921 - 100 1
6922 # 1504
6923 # 1504
6924 # 1504
6924 + 100
6925 # 1504
6925 - 100 1
6926 # 1504
6927 # 1504
6927 + 100
6928 # 1504
6928 - 100 1
6929 # 1504
6930 # 1504
6931 # 1504
6931 + 100
6932 # 1504
6932 - 100 1
6933 # 1504
6934 # 1504
6934 + 100
6935 # 1504
6935 - 100 1
6936 # 1504
6937 # 1504
6938 # 1504
6939 # 1504
6939 + 100
6940 # 1504
6940 - 100 1
6941 # 1504
6942 # 1504
6942 + 100
6943 # 1504
6943 - 100 1
6944 # 1504
6945 # 1504
6946 # 1504
6946 + 100
6947 # 1504
6947 - 100 1
6948 # 1504
6949 # 1504
6949 + 100
6950 # 1504
6950 - 100 1
6951 # 1504
6952 # 1504
6953 # 1504
6953 + 100
6954 # 1504
6954 - 100 1
6955 # 1504
6956 # 1504
6957 # 1504
6958 # 1504
6958 + 100
6959 # 1504
6959 - 100 1
6960 # 1504
6961 # 1504
6962 # 1504
6962 + 100
6963 # 1504
6963 - 100 1
6964 # 1504
6965 # 1504
6965 + 100
6966 # 1504
6966 - 100 1
6967 # 1504
6968 # 1504
6969 # 1504
6969 + 100
6970 # 1504
6970 - 100 1
6971 # 1504
6972 # 1504
6972 + 100
6973 # 1504
6973 - 100 1
6974 # 1504
6975 # 1504
6976 # 1504
6976 + 100
6977 # 1504
6977 - 100 1
6978 # 1504
6979 # 1504
6980 # 1504
6981 # 1504
6981 + 100
6982 # 1504
6982 - 100 1
6983 # 1504
6984 # 1504
6985 # 1504
6985 + 100
6986 # 1504
6986 - 100 1
6987 # 1504
6988 # 1504
6989 # 1504
6989 + 100
6990 # 1504
6990 - 100 1
6991 # 1504
6991 + 100
6992 # 1504
6992 - 100 1
6993 # 1504
6994 # 1504
6995 # 1504
6996 # 1504
6997 # 1504
6997 + 100
6998 # 1504
6998 - 100 1
6999 # 1504
7000 # 1504
7001 # 1504
7001 + 100
7002 # 1504
7002 - 100 1
7003 # 1504
7004 # 1504
7005 # 1504
7006 # 1504
7006 + 100
7007 # 1504
7007 - 100 1
7008 # 1504
7009 # 1504
7010 # 1504
7011 # 1504
7011 + 100
7012 # 1504
7012 - 100 1
7013 # 1504
7014 # 1504
7015 # 1504
7015 + 100
7016 # 1504
7016 - 100 1
7017 # 1504
7018 # 1504
7019 # 1504
7020 # 1504
7020 + 100
7021 # 1504
7021 - 100 1
7022 # 1504
7023 # 1504
7024 # 1504
7024 + 100
7025 # 1504
7025 - 100 1
7026 # 1504
7027 # 1504
7028 # 1504
7028 + 100
7029 # 1504
7029 - 100 1
7030 # 1504
7031 # 1504
7031 + 100
7032 # 1504
7032 - 100 1
7033 # 1504
7034 # 1504
7035 # 1504
7036 # 1504
7036 + 100
7037 # 1504
7037 - 100 1
7038 # 1504
7039 # 1504
7040 # 1504
7040 + 100
7041 # 1504
7041 - 100 1
7042 # 1504
7043 # 1504
7044 # 1504
7045 # 1504
7045 + 100
7046 # 1504
7046 - 100 1
7047 # 1504
7048 # 1504
7049 # 1504
7049 + 100
7050 # 1504
7050 - 100 1
7051 # 1504
7052 # 1504
7053 # 1504
7053 + 100
7054 # 1504
7054 - 100 1
7055 # 1504
7056 # 1504
7056 + 100
7057 # 1504
7057 - 100 1
7058 # 1504
7059 # 1504
7060 # 1504
7060 + 100
7061 # 1504
7061 - 100 1
7062 # 1504
7063 # 1504
7064 # 1504
7065 # 1504
7065 + 100
7066 # 1504
7066 - 100 1
7067 # 1504
7068 # 1504
7069 # 1504
7069 + 100
7070 # 1504
7070 - 100 1
7071 # 1504
7072 # 1504
7072 + 100
7073 # 1504
7073 - 100 1
7074 # 1504
7075 # 1504
7076 # 1504
7076 + 100
7077 # 1504
7077 - 100 1
7078 # 1504
7079 # 1504
7079 + 100
7080 # 1504
7080 - 100 1
7081 # 1504
7082 # 1504
7083 # 1504
7083 + 100
7084 # 1504
7084 - 100 1
7085 # 1504
7086 # 1504
7087 # 1504
7088 # 1504
7088 + 100
7089 # 1504
7089 - 100 1
7090 # 1504
7091 # 1504
7092 # 1504
7092 + 100
7093 # 1504
7093 - 100 1
7094 # 1504
7095 # 1504
7095 + 100
7096 # 1504
7096 - 100 1
7097 # 1504
7097 + 100
7098 # 1504
7098 - 100 1
7099 # 1504
7100 # 1504
7100 + 100
7101 # 1504
7101 - 100 1
7102 # 1504
7103 # 1504
7104 # 1504
7104 + 100
7105 # 1504
7105 - 100 1
7106 # 1504
7107 # 1504
7107 + 100
7108 # 1504
7108 - 100 1
7109 # 1504
7110 # 1504
7111 # 1504
7111 + 100
7112 # 1504
7112 - 100 1
7113 # 1504
7113 + 100
7114 # 1504
7114 - 100 1
7115 # 1504
7116 # 1504
7117 # 1504
7118 # 1504
7119 # 1504
7119 + 100
7120 # 1504
7120 - 100 1
7121 # 1504
7122 # 1504
7123 # 1504
7123 + 100
7124 # 1504
7124 - 100 1
7125 # 1504
7126 # 1504
7127 # 1504
7127 + 100
7128 # 1504
7128 - 100 1
7129 # 1504
7130 # 1504
7130 + 100
7131 # 1504
7131 - 100 1
7132 # 1504
7133 # 1504
7133 + 100
7134 # 1504
7134 - 100 1
7135 # 1504
7136 # 1504
7136 + 100
7137 # 1504
7137 - 100 1
7138 # 1504
7139 # 1504
7139 + 100
7140 # 1504
7140 - 100 1
7141 # 1504
7142 # 1504
7143 # 1504
7144 # 1504
7145 # 1504
7145 + 100
7146 # 1504
7146 - 100 1
7147 # 1504
7148 # 1504
7148 + 100
7149 # 1504
7149 - 100 1
7150 # 1504
7151 # 1504
7151 + 100
7152 # 1504
7152 - 100 1
7153 # 1504
7154 # 1504
7154 + 100
7155 # 1504
7155 - 100 1
7156 # 1504
7157 # 1504
7158 # 1504
7158 + 100
7159 # 1504
7159 - 100 1
7160 # 1504
7161 # 1504
7162 # 1504
7163 # 1504
7163 + 100
7164 # 1504
7164 - 100 1
7165 # 1504
7166 # 1504
7166 + 100
7167 # 1504
7167 - 100 1
7168 # 1504
7169 # 1504
7169 + 100
7170 # 1504
7170 - 100 1
7171 # 1504
7172 # 1504
7173 # 1504
7173 + 100
7174 # 1504
7174 - 100 1
7175 # 1504
7175 + 100
7176 # 1504
7176 - 100 1
7177 # 1504
7178 # 1504
7179 # 1504
7180 # 1504
7180 + 100
7181 # 1504
7181 - 100 1
7182 # 1504
7183 # 1504
7184 # 1504
7185 # 1504
7186 # 1504
7186 + 100
7187 # 1504
7187 - 100 1
7188 # 1504
7189 # 1504
7189 + 100
7190 # 1504
7190 - 100 1
7191 # 1504
7192 # 1504
7193 # 1504
7194 # 1504
7195 # 1504
7195 + 100
7196 # 1504
7196 - 100 1
7197 # 1504
7198 # 1504
7199 # 1504
7200 # 1504
7200 + 100
7201 # 1504
7201 - 100 1
7202 # 1504
7203 # 1504
7204 # 1504
7204 + 100
7205 # 1504
7205 - 100 1
7206 # 1504
7207 # 1504
7207 + 100
7208 # 1504
7208 - 100 1
7209 # 1504
7209 + 100
7210 # 1504
7210 - 100 1
7211 # 1504
7212 # 1504
7213 # 1504
7213 + 100
7214 # 1504
7214 - 100 1
7215 # 1504
7216 # 1504
7216 + 100
7217 # 1504
7217 - 100 1
7218 # 1504
7219 # 1504
7220 # 1504
7221 # 1504
7221 + 100
7222 # 1504
7222 - 100 1
7223 # 1504
7224 # 1504
7225 # 1504
7225 + 100
7226 # 1504
7226 - 100 1
7227 # 1504
7228 # 1504
7229 # 1504
7230 # 1504
7230 + 100
7231 # 1504
7231 - 100 1
7232 # 1504
7233 # 1504
7234 # 1504
7235 # 1504
7235 + 100
7236 # 1504
7236 - 100 1
7237 # 1504
7238 # 1504
7239 # 1504
7240 # 1504
7240 + 100
7241 # 1504
7241 - 100 1
7242 # 1504
7243 # 1504
7244 # 1504
7244 + 100
7245 # 1504
7245 - 100 1
7246 # 1504
7247 # 1504
7248 # 1504
7249 # 1504
7249 + 100
7250 # 1504
7250 - 100 1
7251 # 1504
7252 # 1504
7253 # 1504
7253 + 100
7254 # 1504
7254 - 100 1
7255 # 1504
7256 # 1504
7256 + 100
7257 # 1504
7257 - 100 1
7258 # 1504
7259 # 1504
7259 + 100
7260 # 1504
7260 - 100 1
7261 # 1504
7261 + 100
7262 # 1504
7262 - 100 1
7263 # 1504
7264 # 1504
7265 # 1504
7265 + 100
7266 # 1504
7266 - 100 1
7266 + 100
7267 # 1504
7267 - 100 1
7268 # 1504
7269 # 1504
7270 # 1504
7270 + 100
7271 # 1504
7271 - 100 1
7272 # 1504
7273 # 1504
7273 + 100
7274 # 1504
7274 - 100 1
7275 # 1504
7276 # 1504
7277 # 1504
7278 # 1504
7278 + 100
7279 # 1504
7279 - 100 1
7280 # 1504
7281 # 1504
7282 # 1504
7283 # 1504
7283 + 100
7284 # 1504
7284 - 100 1
7285 # 1504
7286 # 1504
7287 # 1504
7287 + 100
7288 # 1504
7288 - 100 1
7289 # 1504
7290 # 1504
7291 # 1504
7291 + 100
7292 # 1504
7292 - 100 1
7293 # 1504
7294 # 1504
7295 # 1504
7295 + 100
7296 # 1504
7296 - 100 1
7297 # 1504
7297 + 100
7298 # 1504
7298 - 100 1
7299 # 1504
7300 # 1504
7301 # 1504
7302 # 1504
7302 + 100
7303 # 1504
7303 - 100 1
7304 # 1504
7305 # 1504
7306 # 1504
7307 # 1504
7308 # 1504
7308 + 100
7309 # 1504
7309 - 100 1
7310 # 1504
7311 # 1504
7311 + 100
7312 # 1504
7312 - 100 1
7313 # 1504
7314 # 1504
7314 + 100
7315 # 1504
7315 - 100 1
7316 # 1504
7317 # 1504
7318 # 1504
7318 + 100
7319 # 1504
7319 - 100 1
7320 # 1504
7320 + 100
7321 # 1504
7321 - 100 1
7322 # 1504
7323 # 1504
7324 # 1504
7325 # 1504
7325 + 100
7326 # 1504
7326 - 100 1
7327 # 1504
7328 # 1504
7329 # 1504
7329 + 100
7330 # 1504
7330 - 100 1
7331 # 1504
7332 # 1504
7332 + 100
7333 # 1504
7333 - 100 1
7334 # 1504
7335 # 1504
7335 + 100
7336 # 1504
7336 - 100 1
7337 # 1504
7338 # 1504
7339 # 1504
7339 + 100
7340 # 1504
7340 - 100 1
7341 # 1504
7342 # 1504
7343 # 1504
7343 + 100
7344 # 1504
7344 - 100 1
7345 # 1504
7346 # 1504
7347 # 1504
7348 # 1504
7348 + 100
7349 # 1504
7349 - 100 1
7350 # 1504
7351 # 1504
7352 # 1504
7353 # 1504
7354 # 1504
7354 + 100
7355 # 1504
7355 - 100 1
7356 # 1504
7357 # 1504
7358 # 1504
7358 + 100
7359 # 1504
7359 - 100 1
7360 # 1504
7361 # 1504
7362 # 1504
7363 # 1504
7363 + 100
7364 # 1504
7364 - 100 1
7365 # 1504
7366 # 1504
7367 # 1504
7367 + 100
7368 # 1504
7368 - 100 1
7369 # 1504
7370 # 1504
7371 # 1504
7371 + 100
7372 # 1504
7372 - 100 1
7373 # 1504
7374 # 1504
7374 + 100
7375 # 1504
7375 - 100 1
7376 # 1504
7377 # 1504
7377 + 100
7378 # 1504
7378 - 100 1
7379 # 1504
7380 # 1504
7380 + 100
7381 # 1504
7381 - 100 1
7382 # 1504
7383 # 1504
7384 # 1504
7384 + 100
7385 # 1504
7385 - 100 1
7386 # 1504
7387 # 1504
7388 # 1504
7389 # 1504
7389 + 100
7390 # 1504
7390 - 100 1
7391 # 1504
7392 # 1504
7393 # 1504
7394 # 1504
7394 + 100
7395 # 1504
7395 - 100 1
7396 # 1504
7397 # 1504
7398 # 1504
7399 # 1504
7399 + 100
7400 # 1504
7400 - 100 1
7401 # 1504
7402 # 1504
7403 # 1504
7403 + 100
7404 # 1504
7404 - 100 1
7405 # 1504
7406 # 1504
7407 # 1504
7408 # 1504
7408 + 100
7409 # 1504
7409 - 100 1
7410 # 1504
7411 # 1504
7411 + 100
7412 # 1504
7412 - 100 1
7413 # 1504
7413 + 100
7414 # 1504
7414 - 100 1
7415 # 1504
7416 # 1504
7416 + 100
7417 # 1504
7417 - 100 1
7418 # 1504
7419 # 1504
7420 # 1504
7421 # 1504
7421 + 100
7422 # 1504
7422 - 100 1
7423 # 1504
7424 # 1504
7424 + 100
7425 # 1504
7425 - 100 1
7426 # 1504
7427 # 1504
7427 + 100
7428 # 1504
7428 - 100 1
7429 # 1504
7430 # 1504
7430 + 100
7431 # 1504
7431 - 100 1
7432 # 1504
7433 # 1504
7433 + 100
7434 # 1504
7434 - 100 1
7435 # 1504
7435 + 100
7436 # 1504
7436 - 100 1
7437 # 1504
7438 # 1504
7439 # 1504
7440 # 1504
7440 + 100
7441 # 1504
7441 - 100 1
7442 # 1504
7443 # 1504
7444 # 1504
7445 # 1504
7445 + 100
7446 # 1504
7446 - 100 1
7447 # 1504
7448 # 1504
7448 + 100
7449 # 1504
7449 - 100 1
7450 # 1504
7450 + 100
7451 # 1504
7451 - 100 1
7452 # 1504
7453 # 1504
7453 + 100
7454 # 1504
7454 - 100 1
7455 # 1504
7456 # 1504
7456 + 100
7457 # 1504
7457 - 100 1
7458 # 1504
7459 # 1504
7460 # 1504
7460 + 100
7461 # 1504
7461 - 100 1
7462 # 1504
7462 + 100
7463 # 1504
7463 - 100 1
7464 # 1504
7464 + 100
7465 # 1504
7465 - 100 1
7466 # 1504
7467 # 1504
7467 + 100
7468 # 1504
7468 - 100 1
7469 # 1504
7469 + 100
7470 # 1504
7470 - 100 1
7471 # 1504
7472 # 1504
7472 + 100
7473 # 1504
7473 - 100 1
7474 # 1504
7475 # 1504
7475 + 100
7476 # 1504
7476 - 100 1
7477 # 1504
7478 # 1504
7478 + 100
7479 # 1504
7479 - 100 1
7480 # 1504
7481 # 1504
7481 + 100
7482 # 1504
7482 - 100 1
7483 # 1504
7484 # 1504
7484 + 100
7485 # 1504
7485 - 100 1
7486 # 1504
7487 # 1504
7488 # 1504
7489 # 1504
7489 + 100
7490 # 1504
7490 - 100 1
7491 # 1504
7492 # 1504
7493 # 1504
7493 + 100
7494 # 1504
7494 - 100 1
7495 # 1504
7496 # 1504
7497 # 1504
7497 + 100
7498 # 1504
7498 - 100 1
7499 # 1504
7500 # 1504
7500 + 100
7501 # 1504
7501 - 100 1
7502 # 1504
7502 + 100
7503 # 1504
7503 - 100 1
7504 # 1504
7505 # 1504
7506 # 1504
7507 # 1504
7507 + 100
7508 # 1504
7508 - 100 1
7509 # 1504
7510 # 1504
7511 # 1504
7512 # 1504
7512 + 100
7513 # 1504
7513 - 100 1
7514 # 1504
7515 # 1504
7516 # 1504
7516 + 100
7517 # 1504
7517 - 100 1
7518 # 1504
7519 # 1504
7519 + 100
7520 # 1504
7520 - 100 1
7521 # 1504
7522 # 1504
7522 + 100
7523 # 1504
7523 - 100 1
7524 # 1504
7524 + 100
7525 # 1504
7525 - 100 1
7526 # 1504
7527 # 1504
7527 + 100
7528 # 1504
7528 - 100 1
7529 # 1504
7530 # 1504
7530 + 100
7531 # 1504
7531 - 100 1
7532 # 1504
7533 # 1504
7534 # 1504
7534 + 100
7535 # 1504
7535 - 100 1
7536 # 1504
7537 # 1504
7538 # 1504
7539 # 1504
7539 + 100
7540 # 1504
7540 - 100 1
7541 # 1504
7542 # 1504
7543 # 1504
7544 # 1504
7544 + 100
7545 # 1504
7545 - 100 1
7546 # 1504
7547 # 1504
7548 # 1504
7548 + 100
7549 # 1504
7549 - 100 1
7550 # 1504
7551 # 1504
7552 # 1504
7553 # 1504
7553 + 100
7554 # 1504
7554 - 100 1
7555 # 1504
7556 # 1504
7557 # 1504
7558 # 1504
7559 # 1504
7559 + 100
7560 # 1504
7560 - 100 1
7561 # 1504
7562 # 1504
7563 # 1504
7564 # 1504
7565 # 1504
7565 + 100
7566 # 1504
7566 - 100 1
7567 # 1504
7568 # 1504
7569 # 1504
7569 + 100
7570 # 1504
7570 - 100 1
7571 # 1504
7572 # 1504
7572 + 100
7573 # 1504
7573 - 100 1
7574 # 1504
7575 # 1504
7575 + 100
7576 # 1504
7576 - 100 1
7577 # 1504
7578 # 1504
7579 # 1504
7580 # 1504
7581 # 1504
7582 # 1504
7583 # 1504
7583 + 100
7584 # 1504
7584 - 100 1
7585 # 1504
7586 # 1504
7587 # 1504
7588 # 1504
7588 + 100
7589 # 1504
7589 - 100 1
7590 # 1504
7591 # 1504
7592 # 1504
7592 + 100
7593 # 1504
7593 - 100 1
7594 # 1504
7595 # 1504
7595 + 100
7596 # 1504
7596 - 100 1
7597 # 1504
7598 # 1504
7599 # 1504
7599 + 100
7600 # 1504
7600 - 100 1
7601 # 1504
7602 # 1504
7603 # 1504
7604 # 1504
7604 + 100
7605 # 1504
7605 - 100 1
7606 # 1504
7607 # 1504
7608 # 1504
7609 # 1504
7610 # 1504
7611 # 1504
7611 + 100
7612 # 1504
7612 - 100 1
7613 # 1504
7614 # 1504
7615 # 1504
7615 + 100
7616 # 1504
7616 - 100 1
7617 # 1504
7618 # 1504
7619 # 1504
7620 # 1504
7621 # 1504
7621 + 100
7622 # 1504
7622 - 100 1
7623 # 1504
7624 # 1504
7625 # 1504
7626 # 1504
7626 + 100
7627 # 1504
7627 - 100 1
7628 # 1504
7629 # 1504
7630 # 1504
7630 + 100
7631 # 1504
7631 - 100 1
7632 # 1504
7633 # 1504
7634 # 1504
7635 # 1504
7635 + 100
7636 # 1504
7636 - 100 1
7637 # 1504
7638 # 1504
7639 # 1504
7640 # 1504
7640 + 100
7641 # 1504
7641 - 100 1
7642 # 1504
7643 # 1504
7643 + 100
7644 # 1504
7644 - 100 1
7645 # 1504
7646 # 1504
7647 # 1504
7648 # 1504
7648 + 100
7648 + 100
7649 # 1504
7649 - 100 1
7649 - 100 1
7650 # 1504
7651 # 1504
7651 + 100
7652 # 1504
7652 - 100 1
7653 # 1504
7654 # 1504
7654 + 100
7655 # 1504
7655 - 100 1
7656 # 1504
7657 # 1504
7658 # 1504
7659 # 1504
7659 + 100
7660 # 1504
7660 - 100 1
7661 # 1504
7662 # 1504
7663 # 1504
7664 # 1504
7665 # 1504
7665 + 100
7666 # 1504
7666 - 100 1
7667 # 1504
7668 # 1504
7668 + 100
7669 # 1504
7669 - 100 1
7670 # 1504
7671 # 1504
7672 # 1504
7673 # 1504
7673 + 100
7674 # 1504
7674 - 100 1
7675 # 1504
7676 # 1504
7677 # 1504
7677 + 100
7678 # 1504
7678 - 100 1
7679 # 1504
7679 + 100
7680 # 1504
7680 - 100 1
7681 # 1504
7682 # 1504
7683 # 1504
7684 # 1504
7685 # 1504
7686 # 1504
7686 + 100
7687 # 1504
7687 - 100 1
7688 # 1504
7688 + 100
7689 # 1504
7689 - 100 1
7690 # 1504
7691 # 1504
7692 # 1504
7693 # 1504
7694 # 1504
7695 # 1504
7695 + 100
7696 # 1504
7696 - 100 1
7697 # 1504
7698 # 1504
7699 # 1504
7700 # 1504
7700 + 100
7701 # 1504
7701 - 100 1
7702 # 1504
7703 # 1504
7704 # 1504
7704 + 100
7705 # 1504
7705 - 100 1
7706 # 1504
7707 # 1504
7708 # 1504
7708 + 100
7709 # 1504
7709 - 100 1
7710 # 1504
7711 # 1504
7712 # 1504
7712 + 100
7713 # 1504
7713 - 100 1
7714 # 1504
7715 # 1504
7716 # 1504
7717 # 1504
7718 # 1504
7719 # 1504
7720 # 1504
7720 + 100
7721 # 1504
7721 - 100 1
7722 # 1504
7722 + 100
7723 # 1504
7723 - 100 1
7724 # 1504
7725 # 1504
7725 + 100
7726 # 1504
7726 - 100 1
7727 # 1504
7728 # 1504
7729 # 1504
7729 + 100
7730 # 1504
7730 - 100 1
7731 # 1504
7732 # 1504
7733 # 1504
7733 + 100
7734 # 1504
7734 - 100 1
7735 # 1504
7736 # 1504
7736 + 100
7737 # 1504
7737 - 100 1
7738 # 1504
7739 # 1504
7740 # 1504
7741 # 1504
7742 # 1504
7743 # 1504
7743 + 100
7744 # 1504
7744 - 100 1
7745 # 1504
7746 # 1504
7747 # 1504
7748 # 1504
7749 # 1504
7750 # 1504
7751 # 1504
7752 # 1504
7753 # 1504
7754 # 1504
7755 # 1504
7756 # 1504
7757 # 1504
7758 # 1504
7759 # 1504
7760 # 1504
7761 # 1504
7762 # 1504
7763 # 1504
7764 # 1504
7765 # 1504
7766 # 1504
7767 # 1504
7768 # 1504
7769 # 1504
7770 # 1504
7771 # 1504
7772 # 1504
7773 # 1504
7774 # 1504
7775 # 1504
7776 # 1504
7777 # 1504
7778 # 1504
7779 # 1504
7780 # 1504
7781 # 1504
7782 # 1504
7783 # 1504
7784 # 1504
7785 # 1504
7786 # 1504
7787 # 1504
7788 # 1504
7789 # 1504
7790 # 1504
7791 # 1504
7792 # 1504
7793 # 1504
7794 # 1504
7795 # 1504
7796 # 1504
7797 # 1504
7798 # 1504
7799 # 1504
7800 # 1504
7801 # 1504
7802 # 1504
7803 # 1504
7804 # 1504
7805 # 1504
7806 # 1504
7807 # 1504
7808 # 1504
7809 # 1504
7810 # 1504
7811 # 1504
7812 # 1504
7813 # 1504
7814 # 1504
7815 # 1504
7816 # 1504
7817 # 1504
7818 # 1504
7819 # 1504
7820 # 1504
7821 # 1504
7822 # 1504
7823 # 1504
7824 # 1504
7825 # 1504
7826 # 1504
7827 # 1504
7828 # 1504
7829 # 1504
7830 # 1504
7831 # 1504
7832 # 1504
7833 # 1504
7834 # 1504
7835 # 1504
7836 # 1504
7837 # 1504
7838 # 1504
7839 # 1504
7840 # 1504
7841 # 1504
7842 # 1504
7843 # 1504
7844 # 1504
7845 # 1504
7846 # 1504
7847 # 1504
7848 # 1504
7849 # 1504
7850 # 1504
7851 # 1504
7852 # 1504
7853 # 1504
7854 # 1504
7855 # 1504
7855 + 100
7856 # 1504
7856 - 100 1
7857 # 1504
7858 # 1504
7859 # 1504
7860 # 1504
7861 # 1504
7862 # 1504
7863 # 1504
7864 # 1504
7865 # 1504
7866 # 1504
7867 # 1504
7868 # 1504
7869 # 1504
7870 # 1504
7871 # 1504
7872 # 1504
7873 # 1504
7874 # 1504
7875 # 1504
7876 # 1504
7877 # 1504
7878 # 1504
7879 # 1504
7880 # 1504
7881 # 1504
7882 # 1504
7883 # 1504
7884 # 1504
7885 # 1504
7886 # 1504
7887 # 1504
7888 # 1504
7889 # 1504
7890 # 1504
7891 # 1504
7892 # 1504
7893 # 1504
7894 # 1504
7895 # 1504
7896 # 1504
7897 # 1504
7898 # 1504
7899 # 1504
7900 # 1504
7901 # 1504
7902 # 1504
7903 # 1504
7904 # 1504
7905 # 1504
7906 # 1504
7907 # 1504
7908 # 1504
7909 # 1504
7910 # 1504
7911 # 1504
7912 # 1504
7913 # 1504
7914 # 1504
7915 # 1504
7916 # 1504
7917 # 1504
7918 # 1504
7919 # 1504
7920 # 1504
7921 # 1504
7922 # 1504
7923 # 1504
7923 + 100
7923 + 100
7923 + 100
7923 + 100
7923 + 100
7924 # 1504
7924 - 100 1
7924 - 100 1
7924 - 100 1
7924 - 100 1
7924 - 100 1
7924 + 100
7924 + 100
7924 + 100
7924 + 100
7924 + 100
7924 + 100
7924 + 100
7924 + 100
7924 + 100
7924 + 100
7924 + 100
7924 + 100
7924 + 100
7924 + 100
7924 + 100
7924 + 100
7924 + 100
7924 + 100
7925 # 1504
7925 - 100 1
7925 - 100 1
7925 - 100 1
7925 - 100 1
7925 - 100 1
7925 - 100 1
7925 - 100 1
7925 - 100 1
7925 - 100 1
7925 - 100 1
7925 - 100 1
7925 - 100 1
7925 - 100 1
7925 - 100 1
7925 - 100 1
7925 + 100
7926 # 1504
7926 - 100 2
7926 - 100 2
7926 - 100 2
7926 - 100 1
7927 # 1504
7927 + 100
7927 + 100
7928 # 1504
7928 - 100 1
7928 - 100 1
7928 + 100
7929 # 1504
7929 - 100 1
7929 + 100
7930 # 1504
7930 - 100 1
7931 # 1504
7931 + 100
7932 # 1504
7932 - 100 1
7932 + 100
7932 + 100
7933 # 1504
7933 - 100 1
7933 - 100 1
7934 # 1504
7935 # 1504
7935 + 100
7935 + 100
7935 + 100
7936 # 1504
7936 - 100 1
7936 - 100 1
7936 - 100 1
7936 + 100
7937 # 1504
7937 - 100 1
7938 # 1504
7939 # 1504
7939 + 100
7939 + 100
7939 + 100
7940 # 1504
7940 - 100 1
7940 - 100 1
7940 - 100 1
7940 + 100
7941 # 1504
7941 - 100 1
7942 # 1504
7942 + 100
7943 # 1504
7943 - 100 1
7944 # 1504
7945 # 1504
7945 + 100
7946 # 1504
7946 - 100 1
7946 + 100
7947 # 1504
7947 - 100 1
7948 # 1504
7949 # 1504
7949 + 100
7950 # 1504
7950 - 100 1
7951 # 1504
7952 # 1504
7952 + 100
7953 # 1504
7953 - 100 1
7954 # 1504
7955 # 1504
7956 # 1504
7956 + 100
7957 # 1504
7957 - 100 1
7958 # 1504
7959 # 1504
7960 # 1504
7960 + 100
7961 # 1504
7961 - 100 1
7962 # 1504
7963 # 1504
7964 # 1504
7964 + 100
7965 # 1504
7965 - 100 1
7966 # 1504
7967 # 1504
7968 # 1504
7968 + 100
7969 # 1504
7969 - 100 1
7970 # 1504
7971 # 1504
7972 # 1504
7972 + 100
7973 # 1504
7973 - 100 1
7974 # 1504
7975 # 1504
7976 # 1504
7977 # 1504
7977 + 100
7978 # 1504
7978 - 100 1
7979 # 1504
7980 # 1504
7981 # 1504
7981 + 100
7982 # 1504
7982 - 100 1
7983 # 1504
7984 # 1504
7985 # 1504
7985 + 100
7986 # 1504
7986 - 100 1
7987 # 1504
7988 # 1504
7988 + 100
7989 # 1504
7989 - 100 1
7990 # 1504
7991 # 1504
7991 + 100
7992 # 1504
7992 - 100 1
7993 # 1504
7994 # 1504
7994 + 100
7995 # 1504
7995 - 100 1
7996 # 1504
7997 # 1504
7998 # 1504
7999 # 1504
7999 + 100
8000 # 1504
8000 - 100 1
8001 # 1504
8002 # 1504
8003 # 1504
8004 # 1504
8004 + 100
8005 # 1504
8005 - 100 1
8006 # 1504
8007 # 1504
8008 # 1504
8008 + 100
8009 # 1504
8009 - 100 1
8010 # 1504
8011 # 1504
8012 # 1504
8012 + 100
8013 # 1504
8013 - 100 1
8014 # 1504
8015 # 1504
8015 + 100
8016 # 1504
8016 - 100 1
8017 # 1504
8018 # 1504
8019 # 1504
8019 + 100
8020 # 1504
8020 - 100 1
8021 # 1504
8022 # 1504
8023 # 1504
8024 # 1504
8024 + 100
8025 # 1504
8025 - 100 1
8026 # 1504
8027 # 1504
8028 # 1504
8029 # 1504
8030 # 1504
8030 + 100
8031 # 1504
8031 - 100 1
8032 # 1504
8033 # 1504
8034 # 1504
8035 # 1504
8035 + 100
8036 # 1504
8036 - 100 1
8037 # 1504
8038 # 1504
8039 # 1504
8039 + 100
8040 # 1504
8040 - 100 1
8041 # 1504
8042 # 1504
8043 # 1504
8043 + 100
8044 # 1504
8044 - 100 1
8045 # 1504
8046 # 1504
8047 # 1504
8048 # 1504
8048 + 100
8049 # 1504
8049 - 100 1
8050 # 1504
8051 # 1504
8052 # 1504
8053 # 1504
8053 + 100
8054 # 1504
8054 - 100 1
8055 # 1504
8056 # 1504
8057 # 1504
8058 # 1504
8059 # 1504
8059 + 100
8060 # 1504
8060 - 100 1
8061 # 1504
8062 # 1504
8063 # 1504
8063 + 100
8064 # 1504
8064 - 100 1
8065 # 1504
8066 # 1504
8067 # 1504
8067 + 100
8068 # 1504
8068 - 100 1
8069 # 1504
8070 # 1504
8071 # 1504
8071 + 100
8072 # 1504
8072 - 100 1
8073 # 1504
8074 # 1504
8075 # 1504
8075 + 100
8076 # 1504
8076 - 100 1
8077 # 1504
8078 # 1504
8079 # 1504
8079 + 100
8080 # 1504
8080 - 100 1
8081 # 1504
8082 # 1504
8083 # 1504
8084 # 1504
8085 # 1504
8085 + 100
8086 # 1504
8086 - 100 1
8087 # 1504
8088 # 1504
8088 + 100
8089 # 1504
8089 - 100 1
8090 # 1504
8091 # 1504
8091 + 100
8092 # 1504
8092 - 100 1
8093 # 1504
8094 # 1504
8095 # 1504
8096 # 1504
8097 # 1504
8097 + 100
8098 # 1504
8098 - 100 1
8099 # 1504
8100 # 1504
8101 # 1504
8102 # 1504
8102 + 100
8103 # 1504
8103 - 100 1
8104 # 1504
8105 # 1504
8106 # 1504
8107 # 1504
8108 # 1504
8108 + 100
8109 # 1504
8109 - 100 1
8110 # 1504
8111 # 1504
8112 # 1504
8112 + 100
8113 # 1504
8113 - 100 1
8114 # 1504
8115 # 1504
8115 + 100
8116 # 1504
8116 - 100 1
8117 # 1504
8118 # 1504
8119 # 1504
8119 + 100
8120 # 1504
8120 - 100 1
8121 # 1504
8122 # 1504
8122 + 100
8123 # 1504
8123 - 100 1
8124 # 1504
8125 # 1504
8126 # 1504
8127 # 1504
8128 # 1504
8128 + 100
8129 # 1504
8129 - 100 1
8130 # 1504
8131 # 1504
8132 # 1504
8133 # 1504
8133 + 100
8134 # 1504
8134 - 100 1
8135 # 1504
8136 # 1504
8136 + 100
8137 # 1504
8137 - 100 1
8138 # 1504
8139 # 1504
8140 # 1504
8140 + 100
8141 # 1504
8141 - 100 1
8142 # 1504
8143 # 1504
8144 # 1504
8144 + 100
8145 # 1504
8145 - 100 1
8146 # 1504
8146 + 100
8147 # 1504
8147 - 100 1
8148 # 1504
8149 # 1504
8150 # 1504
8150 + 100
8151 # 1504
8151 - 100 1
8152 # 1504
8152 + 100
8153 # 1504
8153 - 100 1
8154 # 1504
8155 # 1504
8156 # 1504
8156 + 100
8157 # 1504
8157 - 100 1
8158 # 1504
8159 # 1504
8160 # 1504
8160 + 100
8161 # 1504
8161 - 100 1
8162 # 1504
8162 + 100
8163 # 1504
8163 - 100 1
8164 # 1504
8165 # 1504
8166 # 1504
8167 # 1504
8167 + 100
8168 # 1504
8168 - 100 1
8169 # 1504
8170 # 1504
8171 # 1504
8172 # 1504
8173 # 1504
8173 + 100
8174 # 1504
8174 - 100 1
8175 # 1504
8176 # 1504
8177 # 1504
8178 # 1504
8179 # 1504
8179 + 100
8180 # 1504
8180 - 100 1
8181 # 1504
8181 + 100
8182 # 1504
8182 - 100 1
8183 # 1504
8184 # 1504
8185 # 1504
8185 + 100
8186 # 1504
8186 - 100 1
8187 # 1504
8188 # 1504
8188 + 100
8189 # 1504
8189 - 100 1
8190 # 1504
8191 # 1504
8192 # 1504
8193 # 1504
8194 # 1504
8194 + 100
8195 # 1504
8195 - 100 1
8196 # 1504
8197 # 1504
8197 + 100
8198 # 1504
8198 - 100 1
8199 # 1504
8200 # 1504
8200 + 100
8201 # 1504
8201 - 100 1
8202 # 1504
8202 + 100
8203 # 1504
8203 - 100 1
8204 # 1504
8205 # 1504
8206 # 1504
8206 + 100
8207 # 1504
8207 - 100 1
8208 # 1504
8209 # 1504
8209 + 100
8210 # 1504
8210 - 100 1
8211 # 1504
8212 # 1504
8213 # 1504
8213 + 100
8214 # 1504
8214 - 100 1
8215 # 1504
8216 # 1504
8217 # 1504
8218 # 1504
8219 # 1504
8220 # 1504
8220 + 100
8221 # 1504
8221 - 100 1
8222 # 1504
8223 # 1504
8224 # 1504
8225 # 1504
8225 + 100
8226 # 1504
8226 - 100 1
8227 # 1504
8228 # 1504
8228 + 100
8229 # 1504
8229 - 100 1
8230 # 1504
8231 # 1504
8232 # 1504
8232 + 100
8233 # 1504
8233 - 100 1
8234 # 1504
8235 # 1504
8236 # 1504
8237 # 1504
8237 + 100
8238 # 1504
8238 - 100 1
8239 # 1504
8240 # 1504
8241 # 1504
8242 # 1504
8242 + 100
8243 # 1504
8243 - 100 1
8244 # 1504
8245 # 1504
8246 # 1504
8247 # 1504
8248 # 1504
8248 + 100
8249 # 1504
8249 - 100 1
8250 # 1504
8251 # 1504
8252 # 1504
8252 + 100
8253 # 1504
8253 - 100 1
8254 # 1504
8255 # 1504
8256 # 1504
8256 + 100
8257 # 1504
8257 - 100 1
8258 # 1504
8259 # 1504
8260 # 1504
8261 # 1504
8262 # 1504
8262 + 100
8263 # 1504
8263 - 100 1
8264 # 1504
8265 # 1504
8265 + 100
8266 # 1504
8266 - 100 1
8267 # 1504
8268 # 1504
8268 + 100
8269 # 1504
8269 - 100 1
8270 # 1504
8271 # 1504
8271 + 100
8272 # 1504
8272 - 100 1
8273 # 1504
8274 # 1504
8275 # 1504
8276 # 1504
8276 + 100
8277 # 1504
8277 - 100 1
8278 # 1504
8279 # 1504
8280 # 1504
8281 # 1504
8282 # 1504
8283 # 1504
8283 + 100
8284 # 1504
8284 - 100 1
8285 # 1504
8286 # 1504
8287 # 1504
8288 # 1504
8288 + 100
8289 # 1504
8289 - 100 1
8290 # 1504
8291 # 1504
8292 # 1504
8292 + 100
8293 # 1504
8293 - 100 1
8294 # 1504
8295 # 1504
8296 # 1504
8296 + 100
8297 # 1504
8297 - 100 1
8298 # 1504
8299 # 1504
8299 + 100
8300 # 1504
8300 - 100 1
8301 # 1504
8302 # 1504
8302 + 100
8303 # 1504
8303 - 100 1
8304 # 1504
8304 + 100
8305 # 1504
8305 - 100 1
8306 # 1504
8307 # 1504
8308 # 1504
8308 + 100
8309 # 1504
8309 - 100 1
8310 # 1504
8311 # 1504
8311 + 100
8312 # 1504
8312 - 100 1
8313 # 1504
8314 # 1504
8314 + 100
8315 # 1504
8315 - 100 1
8316 # 1504
8317 # 1504
8318 # 1504
8318 + 100
8319 # 1504
8319 - 100 1
8320 # 1504
8321 # 1504
8321 + 100
8322 # 1504
8322 - 100 1
8323 # 1504
8324 # 1504
8325 # 1504
8326 # 1504
8327 # 1504
8327 + 100
8328 # 1504
8328 - 100 1
8329 # 1504
8330 # 1504
8331 # 1504
8332 # 1504
8332 + 100
8333 # 1504
8333 - 100 1
8334 # 1504
8335 # 1504
8336 # 1504
8336 + 100
8337 # 1504
8337 - 100 1
8338 # 1504
8339 # 1504
8340 # 1504
8340 + 100
8341 # 1504
8341 - 100 1
8342 # 1504
8343 # 1504
8344 # 1504
8344 + 100
8345 # 1504
8345 - 100 1
8346 # 1504
8347 # 1504
8348 # 1504
8349 # 1504
8350 # 1504
8351 # 1504
8351 + 100
8352 # 1504
8352 - 100 1
8353 # 1504
8354 # 1504
8355 # 1504
8355 + 100
8356 # 1504
8356 - 100 1
8357 # 1504
8358 # 1504
8359 # 1504
8359 + 100
8360 # 1504
8360 - 100 1
8361 # 1504
8362 # 1504
8363 # 1504
8363 + 100
8364 # 1504
8364 - 100 1
8365 # 1504
8366 # 1504
8367 # 1504
8368 # 1504
8368 + 100
8369 # 1504
8369 - 100 1
8370 # 1504
8371 # 1504
8372 # 1504
8373 # 1504
8373 + 100
8374 # 1504
8374 - 100 1
8375 # 1504
8376 # 1504
8377 # 1504
8378 # 1504
8378 + 100
8379 # 1504
8379 - 100 1
8380 # 1504
8381 # 1504
8382 # 1504
8382 + 100
8383 # 1504
8383 - 100 1
8384 # 1504
8385 # 1504
8386 # 1504
8387 # 1504
8387 + 100
8388 # 1504
8388 - 100 1
8389 # 1504
8390 # 1504
8391 # 1504
8392 # 1504
8392 + 100
8393 # 1504
8393 - 100 1
8394 # 1504
8395 # 1504
8396 # 1504
8397 # 1504
8397 + 100
8398 # 1504
8398 - 100 1
8399 # 1504
8400 # 1504
8401 # 1504
8402 # 1504
8402 + 100
8403 # 1504
8403 - 100 1
8404 # 1504
8405 # 1504
8406 # 1504
8406 + 100
8407 # 1504
8407 - 100 1
8408 # 1504
8409 # 1504
8410 # 1504
8411 # 1504
8411 + 100
8412 # 1504
8412 - 100 1
8413 # 1504
8414 # 1504
8415 # 1504
8416 # 1504
8416 + 100
8417 # 1504
8417 - 100 1
8418 # 1504
8419 # 1504
8420 # 1504
8420 + 100
8421 # 1504
8421 - 100 1
8422 # 1504
8423 # 1504
8423 + 100
8424 # 1504
8424 - 100 1
8425 # 1504
8425 + 100
8426 # 1504
8426 - 100 1
8427 # 1504
8428 # 1504
8429 # 1504
8430 # 1504
8430 + 100
8431 # 1504
8431 - 100 1
8432 # 1504
8433 # 1504
8434 # 1504
8434 + 100
8435 # 1504
8435 - 100 1
8436 # 1504
8437 # 1504
8437 + 100
8438 # 1504
8438 - 100 1
8439 # 1504
8439 + 100
8440 # 1504
8440 - 100 1
8441 # 1504
8442 # 1504
8442 + 100
8443 # 1504
8443 - 100 1
8444 # 1504
8445 # 1504
8445 + 100
8446 # 1504
8446 - 100 1
8447 # 1504
8447 + 100
8448 # 1504
8448 - 100 1
8449 # 1504
8450 # 1504
8450 + 100
8451 # 1504
8451 - 100 1
8452 # 1504
8453 # 1504
8453 + 100
8454 # 1504
8454 - 100 1
8455 # 1504
8456 # 1504
8457 # 1504
8457 + 100
8458 # 1504
8458 - 100 1
8459 # 1504
8460 # 1504
8461 # 1504
8462 # 1504
8462 + 100
8463 # 1504
8463 - 100 1
8464 # 1504
8465 # 1504
8466 # 1504
8467 # 1504
8467 + 100
8468 # 1504
8468 - 100 1
8469 # 1504
8470 # 1504
8470 + 100
8471 # 1504
8471 - 100 1
8472 # 1504
8472 + 100
8473 # 1504
8473 - 100 1
8474 # 1504
8475 # 1504
8475 + 100
8476 # 1504
8476 - 100 1
8477 # 1504
8478 # 1504
8479 # 1504
8479 + 100
8480 # 1504
8480 - 100 1
8481 # 1504
8482 # 1504
8483 # 1504
8484 # 1504
8485 # 1504
8485 + 100
8486 # 1504
8486 - 100 1
8487 # 1504
8488 # 1504
8489 # 1504
8489 + 100
8490 # 1504
8490 - 100 1
8491 # 1504
8492 # 1504
8493 # 1504
8494 # 1504
8494 + 100
8495 # 1504
8495 - 100 1
8496 # 1504
8497 # 1504
8498 # 1504
8499 # 1504
8499 + 100
8500 # 1504
8500 - 100 1
8501 # 1504
8502 # 1504
8503 # 1504
8504 # 1504
8504 + 100
8505 # 1504
8505 - 100 1
8506 # 1504
8507 # 1504
8508 # 1504
8508 + 100
8509 # 1504
8509 - 100 1
8510 # 1504
8511 # 1504
8512 # 1504
8513 # 1504
8514 # 1504
8514 + 100
8515 # 1504
8515 - 100 1
8516 # 1504
8517 # 1504
8518 # 1504
8518 + 100
8519 # 1504
8519 - 100 1
8520 # 1504
8521 # 1504
8522 # 1504
8523 # 1504
8523 + 100
8524 # 1504
8524 - 100 1
8525 # 1504
8526 # 1504
8527 # 1504
8527 + 100
8528 # 1504
8528 - 100 1
8529 # 1504
8530 # 1504
8531 # 1504
8532 # 1504
8532 + 100
8533 # 1504
8533 - 100 1
8534 # 1504
8535 # 1504
8536 # 1504
8537 # 1504
8537 + 100
8538 # 1504
8538 - 100 1
8539 # 1504
8540 # 1504
8541 # 1504
8542 # 1504
8542 + 100
8543 # 1504
8543 - 100 1
8544 # 1504
8545 # 1504
8546 # 1504
8546 + 100
8547 # 1504
8547 - 100 1
8548 # 1504
8549 # 1504
8550 # 1504
8551 # 1504
8551 + 100
8552 # 1504
8552 - 100 1
8553 # 1504
8554 # 1504
8555 # 1504
8556 # 1504
8556 + 100
8557 # 1504
8557 - 100 1
8558 # 1504
8559 # 1504
8560 # 1504
8561 # 1504
8561 + 100
8562 # 1504
8562 - 100 1
8563 # 1504
8564 # 1504
8565 # 1504
8565 + 100
8566 # 1504
8566 - 100 1
8567 # 1504
8568 # 1504
8568 + 100
8569 # 1504
8569 - 100 1
8570 # 1504
8570 + 100
8571 # 1504
8571 - 100 1
8572 # 1504
8573 # 1504
8574 # 1504
8575 # 1504
8575 + 100
8576 # 1504
8576 - 100 1
8577 # 1504
8578 # 1504
8579 # 1504
8579 + 100
8580 # 1504
8580 - 100 1
8581 # 1504
8582 # 1504
8582 + 100
8583 # 1504
8583 - 100 1
8584 # 1504
8585 # 1504
8586 # 1504
8586 + 100
8587 # 1504
8587 - 100 1
8588 # 1504
8589 # 1504
8590 # 1504
8590 + 100
8591 # 1504
8591 - 100 1
8592 # 1504
8593 # 1504
8594 # 1504
8595 # 1504
8595 + 100
8596 # 1504
8596 - 100 1
8597 # 1504
8598 # 1504
8599 # 1504
8600 # 1504
8600 + 100
8601 # 1504
8601 - 100 1
8602 # 1504
8603 # 1504
8604 # 1504
8604 + 100
8605 # 1504
8605 - 100 1
8606 # 1504
8607 # 1504
8607 + 100
8608 # 1504
8608 - 100 1
8609 # 1504
8609 + 100
8610 # 1504
8610 - 100 1
8611 # 1504
8612 # 1504
8613 # 1504
8614 # 1504
8615 # 1504
8616 # 1504
8617 # 1504
8618 # 1504
8619 # 1504
8620 # 1504
8621 # 1504
8622 # 1504
8623 # 1504
8623 + 100
8624 # 1504
8624 - 100 1
8625 # 1504
8626 # 1504
8627 # 1504
8628 # 1504
8629 # 1504
8630 # 1504
8630 + 100
8630 + 100
8631 # 1504
8631 - 100 1
8631 - 100 1
8632 # 1504
8633 # 1504
8634 # 1504
8635 # 1504
8635 + 100
8635 + 100
8636 # 1504
8636 - 100 1
8636 - 100 1
8637 # 1504
8638 # 1504
8638 + 100
8639 # 1504
8639 - 100 1
8640 # 1504
8641 # 1504
8642 # 1504
8643 # 1504
8644 # 1504
8644 + 100
8645 # 1504
8645 - 100 1
8646 # 1504
8647 # 1504
8648 # 1504
8649 # 1504
8650 # 1504
8651 # 1504
8651 + 100
8652 # 1504
8652 - 100 1
8653 # 1504
8654 # 1504
8655 # 1504
8655 + 100
8656 # 1504
8656 - 100 1
8657 # 1504
8658 # 1504
8659 # 1504
8660 # 1504
8661 # 1504
8662 # 1504
8662 + 100
8663 # 1504
8663 - 100 1
8664 # 1504
8665 # 1504
8666 # 1504
8667 # 1504
8668 # 1504
8668 + 100
8668 + 100
8669 # 1504
8669 - 100 1
8669 - 100 1
8670 # 1504
8671 # 1504
8672 # 1504
8673 # 1504
8674 # 1504
8674 + 100
8675 # 1504
8675 - 100 1
8676 # 1504
8676 + 100
8677 # 1504
8677 - 100 1
8678 # 1504
8679 # 1504
8680 # 1504
8681 # 1504
8682 # 1504
8683 # 1504
8684 # 1504
8684 + 100
8685 # 1504
8685 - 100 1
8686 # 1504
8687 # 1504
8688 # 1504
8688 + 100
8689 # 1504
8689 - 100 1
8690 # 1504
8691 # 1504
8692 # 1504
8693 # 1504
8694 # 1504
8695 # 1504
8696 # 1504
8697 # 1504
8697 + 100
8698 # 1504
8698 - 100 1
8699 # 1504
8700 # 1504
8700 + 100
8700 + 100
8701 # 1504
8701 - 100 1
8701 - 100 1
8702 # 1504
8703 # 1504
8704 # 1504
8705 # 1504
8705 + 100
8706 # 1504
8706 - 100 1
8707 # 1504
8708 # 1504
8709 # 1504
8710 # 1504
8711 # 1504
8712 # 1504
8712 + 100
8713 # 1504
8713 - 100 1
8714 # 1504
8715 # 1504
8716 # 1504
8717 # 1504
8717 + 100
8718 # 1504
8718 - 100 1
8719 # 1504
8720 # 1504
8720 + 100
8721 # 1504
8721 - 100 1
8722 # 1504
8723 # 1504
8724 # 1504
8725 # 1504
8726 # 1504
8727 # 1504
8728 # 1504
8729 # 1504
8729 + 100
8730 # 1504
8730 - 100 1
8731 # 1504
8731 + 100
8732 # 1504
8732 - 100 1
8733 # 1504
8734 # 1504
8735 # 1504
8736 # 1504
8737 # 1504
8738 # 1504
8739 # 1504
8739 + 100
8739 + 100
8740 # 1504
8740 - 100 1
8740 - 100 1
8741 # 1504
8742 # 1504
8742 + 100
8742 + 100
8743 # 1504
8743 - 100 1
8743 - 100 1
8744 # 1504
8745 # 1504
8746 # 1504
8746 + 100
8747 # 1504
8747 - 100 1
8748 # 1504
8749 # 1504
8750 # 1504
8750 + 100
8751 # 1504
8751 - 100 1
8752 # 1504
8753 # 1504
8754 # 1504
8755 # 1504
8756 # 1504
8756 + 100
8757 # 1504
8757 - 100 1
8758 # 1504
8759 # 1504
8760 # 1504
8760 + 100
8761 # 1504
8761 - 100 1
8762 # 1504
8763 # 1504
8764 # 1504
8765 # 1504
8766 # 1504
8767 # 1504
8768 # 1504
8769 # 1504
8770 # 1504
8771 # 1504
8772 # 1504
8772 + 100
8773 # 1504
8773 - 100 1
8774 # 1504
8775 # 1504
8776 # 1504
8777 # 1504
8778 # 1504
8778 + 100
8778 + 100
8779 # 1504
8779 - 100 1
8779 - 100 1
8780 # 1504
8780 + 100
8781 # 1504
8781 - 100 1
8782 # 1504
8783 # 1504
8783 + 100
8784 # 1504
8784 - 100 1
8785 # 1504
8786 # 1504
8786 + 100
8787 # 1504
8787 - 100 1
8788 # 1504
8789 # 1504
8790 # 1504
8790 + 100
8790 + 100
8791 # 1504
8791 - 100 1
8791 - 100 1
8792 # 1504
8793 # 1504
8793 + 100
8794 # 1504
8794 - 100 1
8795 # 1504
8795 + 100
8796 # 1504
8796 - 100 1
8797 # 1504
8798 # 1504
8798 + 100
8799 # 1504
8799 - 100 1
8800 # 1504
8801 # 1504
8801 + 100
8802 # 1504
8802 - 100 1
8803 # 1504
8803 + 100
8804 # 1504
8804 - 100 1
8805 # 1504
8806 # 1504
8806 + 100
8807 # 1504
8807 - 100 1
8807 + 100
8808 # 1504
8808 - 100 1
8809 # 1504
8809 + 100
8810 # 1504
8810 - 100 1
8811 # 1504
8812 # 1504
8812 + 100
8813 # 1504
8813 - 100 1
8814 # 1504
8815 # 1504
8815 + 100
8816 # 1504
8816 - 100 1
8817 # 1504
8818 # 1504
8818 + 100
8819 # 1504
8819 - 100 1
8820 # 1504
8820 + 100
8821 # 1504
8821 - 100 1
8822 # 1504
8823 # 1504
8823 + 100
8824 # 1504
8824 - 100 1
8825 # 1504
8825 + 100
8826 # 1504
8826 - 100 1
8827 # 1504
8828 # 1504
8828 + 100
8829 # 1504
8829 - 100 1
8830 # 1504
8831 # 1504
8831 + 100
8832 # 1504
8832 - 100 1
8833 # 1504
8834 # 1504
8835 # 1504
8836 # 1504
8836 + 100
8837 # 1504
8837 - 100 1
8838 # 1504
8839 # 1504
8840 # 1504
8840 + 100
8841 # 1504
8841 - 100 1
8842 # 1504
8843 # 1504
8844 # 1504
8845 # 1504
8845 + 100
8846 # 1504
8846 - 100 1
8847 # 1504
8848 # 1504
8848 + 100
8849 # 1504
8849 - 100 1
8850 # 1504
8850 + 100
8851 # 1504
8851 - 100 1
8852 # 1504
8853 # 1504
8853 + 100
8854 # 1504
8854 - 100 1
8855 # 1504
8856 # 1504
8856 + 100
8857 # 1504
8857 - 100 1
8858 # 1504
8859 # 1504
8860 # 1504
8860 + 100
8861 # 1504
8861 - 100 1
8862 # 1504
8863 # 1504
8863 + 100
8864 # 1504
8864 - 100 1
8864 + 100
8865 # 1504
8865 - 100 1
8866 # 1504
8866 + 100
8867 # 1504
8867 - 100 1
8868 # 1504
8869 # 1504
8870 # 1504
8870 + 100
8871 # 1504
8871 - 100 1
8872 # 1504
8873 # 1504
8874 # 1504
8875 # 1504
8876 # 1504
8876 + 100
8877 # 1504
8877 - 100 1
8878 # 1504
8879 # 1504
8880 # 1504
8880 + 100
8881 # 1504
8881 - 100 1
8882 # 1504
8883 # 1504
8884 # 1504
8884 + 100
8884 + 100
8885 # 1504
8885 - 100 1
8885 - 100 1
8886 # 1504
8887 # 1504
8887 + 100
8888 # 1504
8888 - 100 1
8889 # 1504
8890 # 1504
8891 # 1504
8892 # 1504
8892 + 100
8893 # 1504
8893 - 100 1
8894 # 1504
8895 # 1504
8895 + 100
8896 # 1504
8896 - 100 1
8897 # 1504
8898 # 1504
8899 # 1504
8899 + 100
8900 # 1504
8900 - 100 1
8901 # 1504
8902 # 1504
8903 # 1504
8903 + 100
8904 # 1504
8904 - 100 1
8905 # 1504
8906 # 1504
8907 # 1504
8907 + 100
8908 # 1504
8908 - 100 1
8909 # 1504
8910 # 1504
8911 # 1504
8911 + 100
8912 # 1504
8912 - 100 1
8913 # 1504
8913 + 100
8914 # 1504
8914 - 100 1
8915 # 1504
8916 # 1504
8917 # 1504
8918 # 1504
8919 # 1504
8920 # 1504
8920 + 100
8921 # 1504
8921 - 100 1
8922 # 1504
8923 # 1504
8924 # 1504
8925 # 1504
8925 + 100
8926 # 1504
8926 - 100 1
8927 # 1504
8927 + 100
8928 # 1504
8928 - 100 1
8929 # 1504
8930 # 1504
8930 + 100
8931 # 1504
8931 - 100 1
8932 # 1504
8932 + 100
8933 # 1504
8933 - 100 1
8934 # 1504
8934 + 100
8935 # 1504
8935 - 100 1
8936 # 1504
8937 # 1504
8938 # 1504
8938 + 100
8939 # 1504
8939 - 100 1
8940 # 1504
8941 # 1504
8942 # 1504
8942 + 100
8943 # 1504
8943 - 100 1
8944 # 1504
8945 # 1504
8946 # 1504
8946 + 100
8947 # 1504
8947 - 100 1
8948 # 1504
8949 # 1504
8950 # 1504
8950 + 100
8951 # 1504
8951 - 100 1
8952 # 1504
8953 # 1504
8954 # 1504
8955 # 1504
8955 + 100
8956 # 1504
8956 - 100 1
8957 # 1504
8958 # 1504
8959 # 1504
8960 # 1504
8960 + 100
8961 # 1504
8961 - 100 1
8962 # 1504
8963 # 1504
8963 + 100
8964 # 1504
8964 - 100 1
8964 + 100
8965 # 1504
8965 - 100 1
8966 # 1504
8966 + 100
8967 # 1504
8967 - 100 1
8968 # 1504
8969 # 1504
8970 # 1504
8970 + 100
8970 + 100
8971 # 1504
8971 - 100 1
8971 - 100 1
8972 # 1504
8973 # 1504
8974 # 1504
8974 + 100
8975 # 1504
8975 - 100 1
8976 # 1504
8977 # 1504
8978 # 1504
8979 # 1504
8979 + 100
8980 # 1504
8980 - 100 1
8981 # 1504
8982 # 1504
8983 # 1504
8983 + 100
8984 # 1504
8984 - 100 1
8985 # 1504
8986 # 1504
8986 + 100
8987 # 1504
8987 - 100 1
8988 # 1504
8989 # 1504
8989 + 100
8990 # 1504
8990 - 100 1
8991 # 1504
8992 # 1504
8993 # 1504
8994 # 1504
8994 + 100
8995 # 1504
8995 - 100 1
8996 # 1504
8997 # 1504
8998 # 1504
8998 + 100
8999 # 1504
8999 - 100 1
9000 # 1504
9001 # 1504
9002 # 1504
9002 + 100
9003 # 1504
9003 - 100 1
9004 # 1504
9004 + 100
9005 # 1504
9005 - 100 1
9006 # 1504
9007 # 1504
9008 # 1504
9009 # 1504
9009 + 100
9010 # 1504
9010 - 100 1
9011 # 1504
9012 # 1504
9013 # 1504
9013 + 100
9014 # 1504
9014 - 100 1
9015 # 1504
9016 # 1504
9016 + 100
9017 # 1504
9017 - 100 1
9018 # 1504
9018 + 100
9019 # 1504
9019 - 100 1
9020 # 1504
9021 # 1504
9021 + 100
9022 # 1504
9022 - 100 1
9023 # 1504
9024 # 1504
9025 # 1504
9026 # 1504
9026 + 100
9027 # 1504
9027 - 100 1
9028 # 1504
9029 # 1504
9029 + 100
9030 # 1504
9030 - 100 1
9031 # 1504
9032 # 1504
9032 + 100
9033 # 1504
9033 - 100 1
9034 # 1504
9035 # 1504
9036 # 1504
9036 + 100
9037 # 1504
9037 - 100 1
9038 # 1504
9039 # 1504
9040 # 1504
9041 # 1504
9042 # 1504
9042 + 100
9043 # 1504
9043 - 100 1
9044 # 1504
9045 # 1504
9046 # 1504
9046 + 100
9047 # 1504
9047 - 100 1
9048 # 1504
9049 # 1504
9050 # 1504
9051 # 1504
9052 # 1504
9053 # 1504
9053 + 100
9054 # 1504
9054 - 100 1
9055 # 1504
9055 + 100
9056 # 1504
9056 - 100 1
9057 # 1504
9058 # 1504
9059 # 1504
9060 # 1504
9061 # 1504
9061 + 100
9062 # 1504
9062 - 100 1
9063 # 1504
9064 # 1504
9065 # 1504
9066 # 1504
9067 # 1504
9067 + 100
9068 # 1504
9068 - 100 1
9069 # 1504
9070 # 1504
9071 # 1504
9072 # 1504
9072 + 100
9073 # 1504
9073 - 100 1
9074 # 1504
9075 # 1504
9076 # 1504
9076 + 100
9077 # 1504
9077 - 100 1
9078 # 1504
9079 # 1504
9080 # 1504
9081 # 1504
9081 + 100
9081 + 100
9082 # 1504
9082 - 100 1
9082 - 100 1
9083 # 1504
9084 # 1504
9085 # 1504
9085 + 100
9086 # 1504
9086 - 100 1
9087 # 1504
9088 # 1504
9089 # 1504
9090 # 1504
9091 # 1504
9091 + 100
9092 # 1504
9092 - 100 1
9093 # 1504
9094 # 1504
9095 # 1504
9095 + 100
9096 # 1504
9096 - 100 1
9097 # 1504
9098 # 1504
9099 # 1504
9100 # 1504
9100 + 100
9101 # 1504
9101 - 100 1
9102 # 1504
9103 # 1504
9104 # 1504
9104 + 100
9105 # 1504
9105 - 100 1
9106 # 1504
9107 # 1504
9108 # 1504
9109 # 1504
9109 + 100
9110 # 1504
9110 - 100 1
9111 # 1504
9112 # 1504
9113 # 1504
9113 + 100
9114 # 1504
9114 - 100 1
9115 # 1504
9116 # 1504
9117 # 1504
9118 # 1504
9119 # 1504
9119 + 100
9120 # 1504
9120 - 100 1
9121 # 1504
9122 # 1504
9123 # 1504
9124 # 1504
9124 + 100
9125 # 1504
9125 - 100 1
9126 # 1504
9127 # 1504
9128 # 1504
9128 + 100
9129 # 1504
9129 - 100 1
9130 # 1504
9131 # 1504
9132 # 1504
9132 + 100
9133 # 1504
9133 - 100 1
9134 # 1504
9135 # 1504
9136 # 1504
9137 # 1504
9137 + 100
9138 # 1504
9138 - 100 1
9139 # 1504
9140 # 1504
9141 # 1504
9142 # 1504
9143 # 1504
9143 + 100
9144 # 1504
9144 - 100 1
9145 # 1504
9146 # 1504
9147 # 1504
9148 # 1504
9148 + 100
9149 # 1504
9149 - 100 1
9150 # 1504
9151 # 1504
9152 # 1504
9152 + 100
9153 # 1504
9153 - 100 1
9154 # 1504
9155 # 1504
9156 # 1504
9156 + 100
9157 # 1504
9157 - 100 1
9158 # 1504
9159 # 1504
9160 # 1504
9161 # 1504
9162 # 1504
9162 + 100
9163 # 1504
9163 - 100 1
9164 # 1504
9165 # 1504
9166 # 1504
9167 # 1504
9167 + 100
9168 # 1504
9168 - 100 1
9169 # 1504
9170 # 1504
9171 # 1504
9171 + 100
9172 # 1504
9172 - 100 1
9173 # 1504
9174 # 1504
9175 # 1504
9176 # 1504
9177 # 1504
9177 + 100
9178 # 1504
9178 - 100 1
9179 # 1504
9180 # 1504
9181 # 1504
9182 # 1504
9182 + 100
9183 # 1504
9183 - 100 1
9184 # 1504
9185 # 1504
9186 # 1504
9186 + 100
9187 # 1504
9187 - 100 1
9188 # 1504
9189 # 1504
9190 # 1504
9190 + 100
9191 # 1504
9191 - 100 1
9192 # 1504
9193 # 1504
9194 # 1504
9195 # 1504
9195 + 100
9196 # 1504
9196 - 100 1
9197 # 1504
9198 # 1504
9199 # 1504
9200 # 1504
9200 + 100
9201 # 1504
9201 - 100 1
9202 # 1504
9203 # 1504
9204 # 1504
9205 # 1504
9205 + 100
9206 # 1504
9206 - 100 1
9207 # 1504
9208 # 1504
9209 # 1504
9209 + 100
9210 # 1504
9210 - 100 1
9211 # 1504
9212 # 1504
9213 # 1504
9214 # 1504
9215 # 1504
9215 + 100
9216 # 1504
9216 - 100 1
9217 # 1504
9218 # 1504
9219 # 1504
9219 + 100
9220 # 1504
9220 - 100 1
9221 # 1504
9222 # 1504
9223 # 1504
9224 # 1504
9225 # 1504
9225 + 100
9226 # 1504
9226 - 100 1
9227 # 1504
9228 # 1504
9228 + 100
9229 # 1504
9229 - 100 1
9230 # 1504
9231 # 1504
9231 + 100
9232 # 1504
9232 - 100 1
9233 # 1504
9233 + 100
9234 # 1504
9234 - 100 1
9235 # 1504
9235 + 100
9236 # 1504
9236 - 100 1
9237 # 1504
9238 # 1504
9239 # 1504
9240 # 1504
9241 # 1504
9242 # 1504
9242 + 100
9243 # 1504
9243 - 100 1
9244 # 1504
9245 # 1504
9246 # 1504
9247 # 1504
9247 + 100
9248 # 1504
9248 - 100 1
9249 # 1504
9250 # 1504
9251 # 1504
9251 + 100
9252 # 1504
9252 - 100 1
9253 # 1504
9254 # 1504
9255 # 1504
9256 # 1504
9257 # 1504
9257 + 100
9258 # 1504
9258 - 100 1
9259 # 1504
9260 # 1504
9261 # 1504
9261 + 100
9262 # 1504
9262 - 100 1
9263 # 1504
9264 # 1504
9265 # 1504
9265 + 100
9266 # 1504
9266 - 100 1
9267 # 1504
9267 + 100
9268 # 1504
9268 - 100 1
9269 # 1504
9270 # 1504
9271 # 1504
9272 # 1504
9272 + 100
9273 # 1504
9273 - 100 1
9274 # 1504
9275 # 1504
9276 # 1504
9277 # 1504
9278 # 1504
9279 # 1504
9279 + 100
9280 # 1504
9280 - 100 1
9281 # 1504
9282 # 1504
9283 # 1504
9284 # 1504
9284 + 100
9285 # 1504
9285 - 100 1
9286 # 1504
9287 # 1504
9287 + 100
9288 # 1504
9288 - 100 1
9289 # 1504
9290 # 1504
9291 # 1504
9291 + 100
9292 # 1504
9292 - 100 1
9293 # 1504
9294 # 1504
9295 # 1504
9296 # 1504
9296 + 100
9297 # 1504
9297 - 100 1
9298 # 1504
9299 # 1504
9300 # 1504
9301 # 1504
9301 + 100
9302 # 1504
9302 - 100 1
9303 # 1504
9304 # 1504
9305 # 1504
9306 # 1504
9306 + 100
9307 # 1504
9307 - 100 1
9308 # 1504
9309 # 1504
9310 # 1504
9310 + 100
9311 # 1504
9311 - 100 1
9312 # 1504
9313 # 1504
9314 # 1504
9315 # 1504
9315 + 100
9316 # 1504
9316 - 100 1
9317 # 1504
9318 # 1504
9319 # 1504
9320 # 1504
9320 + 100
9321 # 1504
9321 - 100 1
9322 # 1504
9323 # 1504
9323 + 100
9324 # 1504
9324 - 100 1
9325 # 1504
9326 # 1504
9326 + 100
9327 # 1504
9327 - 100 1
9328 # 1504
9329 # 1504
9329 + 100
9330 # 1504
9330 - 100 1
9331 # 1504
9331 + 100
9332 # 1504
9332 - 100 1
9333 # 1504
9334 # 1504
9334 + 100
9335 # 1504
9335 - 100 1
9336 # 1504
9337 # 1504
9338 # 1504
9338 + 100
9339 # 1504
9339 - 100 1
9340 # 1504
9340 + 100
9341 # 1504
9341 - 100 1
9342 # 1504
9343 # 1504
9344 # 1504
9345 # 1504
9345 + 100
9346 # 1504
9346 - 100 1
9347 # 1504
9348 # 1504
9349 # 1504
9349 + 100
9350 # 1504
9350 - 100 1
9351 # 1504
9352 # 1504
9353 # 1504
9354 # 1504
9354 + 100
9355 # 1504
9355 - 100 1
9356 # 1504
9357 # 1504
9358 # 1504
9359 # 1504
9360 # 1504
9360 + 100
9361 # 1504
9361 - 100 1
9362 # 1504
9363 # 1504
9364 # 1504
9364 + 100
9365 # 1504
9365 - 100 1
9366 # 1504
9367 # 1504
9368 # 1504
9368 + 100
9369 # 1504
9369 - 100 1
9370 # 1504
9371 # 1504
9371 + 100
9372 # 1504
9372 - 100 1
9373 # 1504
9373 + 100
9374 # 1504
9374 - 100 1
9375 # 1504
9376 # 1504
9376 + 100
9377 # 1504
9377 - 100 1
9378 # 1504
9379 # 1504
9380 # 1504
9380 + 100
9381 # 1504
9381 - 100 1
9382 # 1504
9383 # 1504
9383 + 100
9384 # 1504
9384 - 100 1
9384 + 100
9385 # 1504
9385 - 100 1
9386 # 1504
9386 + 100
9387 # 1504
9387 - 100 1
9388 # 1504
9389 # 1504
9389 + 100
9390 # 1504
9390 - 100 1
9391 # 1504
9392 # 1504
9392 + 100
9393 # 1504
9393 - 100 1
9394 # 1504
9395 # 1504
9395 + 100
9396 # 1504
9396 - 100 1
9397 # 1504
9398 # 1504
9398 + 100
9399 # 1504
9399 - 100 1
9400 # 1504
9400 + 100
9401 # 1504
9401 - 100 1
9402 # 1504
9403 # 1504
9403 + 100
9404 # 1504
9404 - 100 1
9405 # 1504
9406 # 1504
9406 + 100
9407 # 1504
9407 - 100 1
9408 # 1504
9409 # 1504
9409 + 100
9410 # 1504
9410 - 100 1
9411 # 1504
9412 # 1504
9412 + 100
9413 # 1504
9413 - 100 1
9414 # 1504
9414 + 100
9415 # 1504
9415 - 100 1
9416 # 1504
9417 # 1504
9417 + 100
9418 # 1504
9418 - 100 1
9419 # 1504
9419 + 100
9420 # 1504
9420 - 100 1
9421 # 1504
9422 # 1504
9423 # 1504
9424 # 1504
9424 + 100
9425 # 1504
9425 - 100 1
9426 # 1504
9427 # 1504
9428 # 1504
9428 + 100
9429 # 1504
9429 - 100 1
9430 # 1504
9430 + 100
9431 # 1504
9431 - 100 1
9432 # 1504
9432 + 100
9433 # 1504
9433 - 100 1
9434 # 1504
9435 # 1504
9436 # 1504
9437 # 1504
9437 + 100
9438 # 1504
9438 - 100 1
9439 # 1504
9440 # 1504
9440 + 100
9441 # 1504
9441 - 100 1
9442 # 1504
9443 # 1504
9444 # 1504
9444 + 100
9444 + 100
9445 # 1504
9445 - 100 1
9445 - 100 1
9446 # 1504
9447 # 1504
9447 + 100
9448 # 1504
9448 - 100 1
9449 # 1504
9449 + 100
9450 # 1504
9450 - 100 1
9451 # 1504
9452 # 1504
9452 + 100
9453 # 1504
9453 - 100 1
9454 # 1504
9455 # 1504
9456 # 1504
9456 + 100
9457 # 1504
9457 - 100 1
9458 # 1504
9459 # 1504
9460 # 1504
9460 + 100
9461 # 1504
9461 - 100 1
9462 # 1504
9463 # 1504
9463 + 100
9464 # 1504
9464 - 100 1
9465 # 1504
9466 # 1504
9466 + 100
9467 # 1504
9467 - 100 1
9468 # 1504
9469 # 1504
9470 # 1504
9471 # 1504
9472 # 1504
9472 + 100
9473 # 1504
9473 - 100 1
9474 # 1504
9475 # 1504
9476 # 1504
9476 + 100
9477 # 1504
9477 - 100 1
9478 # 1504
9478 + 100
9479 # 1504
9479 - 100 1
9480 # 1504
9481 # 1504
9482 # 1504
9482 + 100
9483 # 1504
9483 - 100 1
9484 # 1504
9485 # 1504
9485 + 100
9486 # 1504
9486 - 100 1
9487 # 1504
9488 # 1504
9489 # 1504
9490 # 1504
9491 # 1504
9491 + 100
9492 # 1504
9492 - 100 1
9493 # 1504
9494 # 1504
9495 # 1504
9495 + 100
9496 # 1504
9496 - 100 1
9497 # 1504
9498 # 1504
9499 # 1504
9500 # 1504
9501 # 1504
9502 # 1504
9503 # 1504
9503 + 100
9504 # 1504
9504 - 100 1
9505 # 1504
9506 # 1504
9507 # 1504
9508 # 1504
9509 # 1504
9510 # 1504
9511 # 1504
9511 + 100
9512 # 1504
9512 - 100 1
9513 # 1504
9514 # 1504
9515 # 1504
9516 # 1504
9517 # 1504
9518 # 1504
9518 + 100
9518 + 100
9519 # 1504
9519 - 100 1
9519 - 100 1
9520 # 1504
9521 # 1504
9522 # 1504
9523 # 1504
9524 # 1504
9525 # 1504
9526 # 1504
9526 + 100
9527 # 1504
9527 - 100 1
9528 # 1504
9529 # 1504
9530 # 1504
9531 # 1504
9532 # 1504
9533 # 1504
9533 + 100
9533 + 100
9534 # 1504
9534 - 100 1
9534 - 100 1
9535 # 1504
9535 + 100
9536 # 1504
9536 - 100 1
9537 # 1504
9538 # 1504
9538 + 100
9539 # 1504
9539 - 100 1
9540 # 1504
9541 # 1504
9542 # 1504
9543 # 1504
9544 # 1504
9545 # 1504
9546 # 1504
9547 # 1504
9548 # 1504
9549 # 1504
9550 # 1504
9551 # 1504
9552 # 1504
9552 + 100
9553 # 1504
9553 - 100 1
9554 # 1504
9555 # 1504
9555 + 100
9555 + 100
9556 # 1504
9556 - 100 1
9556 - 100 1
9557 # 1504
9558 # 1504
9558 + 100
9558 + 100
9558 + 100
9559 # 1504
9559 - 100 1
9559 - 100 1
9559 - 100 1
9560 # 1504
9561 # 1504
9562 # 1504
9562 + 100
9563 # 1504
9563 - 100 1
9564 # 1504
9565 # 1504
9566 # 1504
9567 # 1504
9568 # 1504
9569 # 1504
9570 # 1504
9571 # 1504
9572 # 1504
9573 # 1504
9574 # 1504
9575 # 1504
9576 # 1504
9577 # 1504
9578 # 1504
9579 # 1504
9580 # 1504
9581 # 1504
9582 # 1504
9583 # 1504
9584 # 1504
9584 + 100
9585 # 1504
9585 - 100 1
9586 # 1504
9586 + 100
9587 # 1504
9587 - 100 1
9588 # 1504
9589 # 1504
9589 + 100
9589 + 100
9589 + 100
9590 # 1504
9590 - 100 1
9590 - 100 1
9590 - 100 1
9591 # 1504
9592 # 1504
9592 + 100
9593 # 1504
9593 - 100 1
9594 # 1504
9595 # 1504
9596 # 1504
9597 # 1504
9598 # 1504
9598 + 100
9599 # 1504
9599 - 100 1
9600 # 1504
9601 # 1504
9602 # 1504
9603 # 1504
9603 + 100
9604 # 1504
9604 - 100 1
9605 # 1504
9606 # 1504
9607 # 1504
9608 # 1504
9608 + 100
9609 # 1504
9609 - 100 1
9610 # 1504
9611 # 1504
9611 + 100
9612 # 1504
9612 - 100 1
9613 # 1504
9614 # 1504
9615 # 1504
9616 # 1504
9617 # 1504
9617 + 100
9618 # 1504
9618 - 100 1
9619 # 1504
9620 # 1504
9621 # 1504
9622 # 1504
9623 # 1504
9624 # 1504
9625 # 1504
9626 # 1504
9627 # 1504
9628 # 1504
9629 # 1504
9630 # 1504
9631 # 1504
9632 # 1504
9633 # 1504
9634 # 1504
9635 # 1504
9636 # 1504
9637 # 1504
9638 # 1504
9639 # 1504
9640 # 1504
9641 # 1504
9642 # 1504
9643 # 1504
9644 # 1504
9645 # 1504
9646 # 1504
9647 # 1504
9648 # 1504
9649 # 1504
9650 # 1504
9651 # 1504
9652 # 1504
9653 # 1504
9654 # 1504
9655 # 1504
9656 # 1504
9657 # 1504
9658 # 1504
9659 # 1504
9660 # 1504
9661 # 1504
9662 # 1504
9663 # 1504
9664 # 1504
9665 # 1504
9665 + 100
9665 + 100
9665 + 100
9665 + 100
9665 + 100
9666 # 1504
9666 - 100 1
9666 - 100 1
9666 - 100 1
9666 - 100 1
9666 - 100 1
9667 # 1504
9668 # 1504
9669 # 1504
9670 # 1504
9671 # 1504
9672 # 1504
9673 # 1504
9674 # 1504
9675 # 1504
9676 # 1504
9677 # 1504
9678 # 1504
9679 # 1504
9680 # 1504
9681 # 1504
9682 # 1504
9683 # 1504
9684 # 1504
9684 + 100
9684 + 100
9684 + 100
9684 + 100
9684 + 100
9684 + 100
9685 # 1504
9685 - 100 1
9685 - 100 1
9685 - 100 1
9685 - 100 1
9685 - 100 1
9685 - 100 1
9686 # 1504
9687 # 1504
9687 + 100
9687 + 100
9688 # 1504
9688 - 100 1
9688 - 100 1
9688 + 100
9689 # 1504
9689 - 100 1
9689 + 100
9690 # 1504
9690 - 100 1
9691 # 1504
9692 # 1504
9692 + 100
9693 # 1504
9693 - 100 1
9694 # 1504
9695 # 1504
9696 # 1504
9697 # 1504
9698 # 1504
9698 + 100
9699 # 1504
9699 - 100 1
9700 # 1504
9701 # 1504
9702 # 1504
9703 # 1504
9703 + 100
9704 # 1504
9704 - 100 1
9705 # 1504
9706 # 1504
9707 # 1504
9708 # 1504
9708 + 100
9709 # 1504
9709 - 100 1
9710 # 1504
9710 + 100
9711 # 1504
9711 - 100 1
9712 # 1504
9713 # 1504
9714 # 1504
9714 + 100
9715 # 1504
9715 - 100 1
9716 # 1504
9716 + 100
9717 # 1504
9717 - 100 1
9718 # 1504
9719 # 1504
9720 # 1504
9721 # 1504
9722 # 1504
9723 # 1504
9723 + 100
9724 # 1504
9724 - 100 1
9725 # 1504
9726 # 1504
9727 # 1504
9728 # 1504
9728 + 100
9729 # 1504
9729 - 100 1
9730 # 1504
9731 # 1504
9732 # 1504
9732 + 100
9733 # 1504
9733 - 100 1
9734 # 1504
9735 # 1504
9736 # 1504
9737 # 1504
9737 + 100
9738 # 1504
9738 - 100 1
9739 # 1504
9740 # 1504
9740 + 100
9741 # 1504
9741 - 100 1
9742 # 1504
9743 # 1504
9744 # 1504
9745 # 1504
9746 # 1504
9747 # 1504
9747 + 100
9748 # 1504
9748 - 100 1
9749 # 1504
9750 # 1504
9751 # 1504
9752 # 1504
9752 + 100
9753 # 1504
9753 - 100 1
9754 # 1504
9755 # 1504
9756 # 1504
9757 # 1504
9757 + 100
9758 # 1504
9758 - 100 1
9759 # 1504
9760 # 1504
9760 + 100
9761 # 1504
9761 - 100 1
9762 # 1504
9763 # 1504
9764 # 1504
9765 # 1504
9765 + 100
9766 # 1504
9766 - 100 1
9767 # 1504
9768 # 1504
9769 # 1504
9769 + 100
9770 # 1504
9770 - 100 1
9771 # 1504
9772 # 1504
9773 # 1504
9774 # 1504
9775 # 1504
9776 # 1504
9776 + 100
9777 # 1504
9777 - 100 1
9778 # 1504
9779 # 1504
9780 # 1504
9780 + 100
9781 # 1504
9781 - 100 1
9782 # 1504
9783 # 1504
9783 + 100
9784 # 1504
9784 - 100 1
9785 # 1504
9786 # 1504
9787 # 1504
9787 + 100
9788 # 1504
9788 - 100 1
9789 # 1504
9790 # 1504
9791 # 1504
9791 + 100
9792 # 1504
9792 - 100 1
9793 # 1504
9794 # 1504
9795 # 1504
9796 # 1504
9796 + 100
9797 # 1504
9797 - 100 1
9798 # 1504
9799 # 1504
9800 # 1504
9801 # 1504
9801 + 100
9802 # 1504
9802 - 100 1
9803 # 1504
9804 # 1504
9804 + 100
9805 # 1504
9805 - 100 1
9806 # 1504
9807 # 1504
9808 # 1504
9809 # 1504
9809 + 100
9810 # 1504
9810 - 100 1
9811 # 1504
9812 # 1504
9813 # 1504
9814 # 1504
9815 # 1504
9815 + 100
9816 # 1504
9816 - 100 1
9817 # 1504
9818 # 1504
9819 # 1504
9820 # 1504
9820 + 100
9821 # 1504
9821 - 100 1
9822 # 1504
9823 # 1504
9823 + 100
9824 # 1504
9824 - 100 1
9825 # 1504
9826 # 1504
9827 # 1504
9828 # 1504
9828 + 100
9828 + 100
9829 # 1504
9829 - 100 1
9829 - 100 1
9830 # 1504
9831 # 1504
9832 # 1504
9832 + 100
9833 # 1504
9833 - 100 1
9834 # 1504
9835 # 1504
9836 # 1504
9836 + 100
9837 # 1504
9837 - 100 1
9838 # 1504
9839 # 1504
9840 # 1504
9841 # 1504
9841 + 100
9842 # 1504
9842 - 100 1
9843 # 1504
9844 # 1504
9845 # 1504
9846 # 1504
9847 # 1504
9848 # 1504
9848 + 100
9849 # 1504
9849 - 100 1
9850 # 1504
9851 # 1504
9852 # 1504
9852 + 100
9853 # 1504
9853 - 100 1
9854 # 1504
9855 # 1504
9856 # 1504
9857 # 1504
9857 + 100
9858 # 1504
9858 - 100 1
9859 # 1504
9860 # 1504
9860 + 100
9861 # 1504
9861 - 100 1
9862 # 1504
9863 # 1504
9864 # 1504
9864 + 100
9865 # 1504
9865 - 100 1
9866 # 1504
9867 # 1504
9868 # 1504
9869 # 1504
9870 # 1504
9871 # 1504
9871 + 100
9872 # 1504
9872 - 100 1
9873 # 1504
9874 # 1504
9875 # 1504
9876 # 1504
9876 + 100
9877 # 1504
9877 - 100 1
9878 # 1504
9879 # 1504
9880 # 1504
9880 + 100
9881 # 1504
9881 - 100 1
9882 # 1504
9883 # 1504
9884 # 1504
9885 # 1504
9885 + 100
9886 # 1504
9886 - 100 1
9887 # 1504
9888 # 1504
9888 + 100
9889 # 1504
9889 - 100 1
9890 # 1504
9891 # 1504
9891 + 100
9892 # 1504
9892 - 100 1
9893 # 1504
9894 # 1504
9895 # 1504
9895 + 100
9896 # 1504
9896 - 100 1
9897 # 1504
9898 # 1504
9898 + 100
9899 # 1504
9899 - 100 1
9900 # 1504
9901 # 1504
9902 # 1504
9903 # 1504
9904 # 1504
9904 + 100
9905 # 1504
9905 - 100 1
9906 # 1504
9907 # 1504
9908 # 1504
9909 # 1504
9909 + 100
9910 # 1504
9910 - 100 1
9911 # 1504
9912 # 1504
9913 # 1504
9914 # 1504
9914 + 100
9915 # 1504
9915 - 100 1
9916 # 1504
9916 + 100
9917 # 1504
9917 - 100 1
9918 # 1504
9919 # 1504
9920 # 1504
9920 + 100
9921 # 1504
9921 - 100 1
9922 # 1504
9923 # 1504
9923 + 100
9924 # 1504
9924 - 100 1
9925 # 1504
9926 # 1504
9927 # 1504
9927 + 100
9928 # 1504
9928 - 100 1
9929 # 1504
9930 # 1504
9931 # 1504
9932 # 1504
9933 # 1504
9933 + 100
9934 # 1504
9934 - 100 1
9935 # 1504
9936 # 1504
9937 # 1504
9937 + 100
9938 # 1504
9938 - 100 1
9939 # 1504
9940 # 1504
9941 # 1504
9942 # 1504
9943 # 1504
9943 + 100
9944 # 1504
9944 - 100 1
9945 # 1504
9946 # 1504
9947 # 1504
9948 # 1504
9949 # 1504
9949 + 100
9950 # 1504
9950 - 100 1
9951 # 1504
9952 # 1504
9953 # 1504
9953 + 100
9954 # 1504
9954 - 100 1
9955 # 1504
9956 # 1504
9957 # 1504
9958 # 1504
9958 + 100
9959 # 1504
9959 - 100 1
9960 # 1504
9961 # 1504
9962 # 1504
9962 + 100
9963 # 1504
9963 - 100 1
9964 # 1504
9965 # 1504
9966 # 1504
9966 + 100
9967 # 1504
9967 - 100 1
9968 # 1504
9969 # 1504
9970 # 1504
9970 + 100
9971 # 1504
9971 - 100 1
9972 # 1504
9973 # 1504
9974 # 1504
9975 # 1504
9975 + 100
9976 # 1504
9976 - 100 1
9977 # 1504
9978 # 1504
9979 # 1504
9979 + 100
9980 # 1504
9980 - 100 1
9981 # 1504
9982 # 1504
9983 # 1504
9983 + 100
9984 # 1504
9984 - 100 1
9985 # 1504
9985 + 100
9986 # 1504
9986 - 100 1
9987 # 1504
9988 # 1504
9989 # 1504
9990 # 1504
9991 # 1504
9992 # 1504
9992 + 100
9993 # 1504
9993 - 100 1
9994 # 1504
9995 # 1504
9996 # 1504
9996 + 100
9997 # 1504
9997 - 100 1
9998 # 1504
9999 # 1504
9999 + 100
10000 # 1504
10000 - 100 1
10001 # 1504
10002 # 1504
10002 + 100
10002 + 100
10003 # 1504
10003 - 100 1
10003 - 100 1
10004 # 1504
10005 # 1504
10006 # 1504
10006 + 100
10007 # 1504
10007 - 100 1
10008 # 1504
10009 # 1504
10010 # 1504
10010 + 100
10011 # 1504
10011 - 100 1
10012 # 1504
10012 + 100
10013 # 1504
10013 - 100 1
10014 # 1504
10015 # 1504
10016 # 1504
10017 # 1504
10018 # 1504
10018 + 100
10019 # 1504
10019 - 100 1
10020 # 1504
10021 # 1504
10022 # 1504
10022 + 100
10023 # 1504
10023 - 100 1
10024 # 1504
10025 # 1504
10026 # 1504
10026 + 100
10027 # 1504
10027 - 100 1
10028 # 1504
10029 # 1504
10029 + 100
10030 # 1504
10030 - 100 1
10031 # 1504
10032 # 1504
10032 + 100
10033 # 1504
10033 - 100 1
10034 # 1504
10035 # 1504
10036 # 1504
10037 # 1504
10038 # 1504
10039 # 1504
10039 + 100
10040 # 1504
10040 - 100 1
10041 # 1504
10042 # 1504
10043 # 1504
10043 + 100
10044 # 1504
10044 - 100 1
10045 # 1504
10046 # 1504
10046 + 100
10047 # 1504
10047 - 100 1
10048 # 1504
10049 # 1504
10050 # 1504
10050 + 100
10051 # 1504
10051 - 100 1
10052 # 1504
10053 # 1504
10054 # 1504
10054 + 100
10055 # 1504
10055 - 100 1
10056 # 1504
10057 # 1504
10058 # 1504
10059 # 1504
10059 + 100
10060 # 1504
10060 - 100 1
10061 # 1504
10062 # 1504
10062 + 100
10063 # 1504
10063 - 100 1
10064 # 1504
10065 # 1504
10065 + 100
10066 # 1504
10066 - 100 1
10067 # 1504
10068 # 1504
10068 + 100
10069 # 1504
10069 - 100 1
10070 # 1504
10071 # 1504
10072 # 1504
10073 # 1504
10073 + 100
10074 # 1504
10074 - 100 1
10075 # 1504
10076 # 1504
10077 # 1504
10078 # 1504
10079 # 1504
10079 + 100
10080 # 1504
10080 - 100 1
10081 # 1504
10082 # 1504
10082 + 100
10083 # 1504
10083 - 100 1
10084 # 1504
10085 # 1504
10086 # 1504
10086 + 100
10087 # 1504
10087 - 100 1
10088 # 1504
10089 # 1504
10089 + 100
10090 # 1504
10090 - 100 1
10091 # 1504
10092 # 1504
10093 # 1504
10093 + 100
10094 # 1504
10094 - 100 1
10095 # 1504
10096 # 1504
10096 + 100
10097 # 1504
10097 - 100 1
10098 # 1504
10099 # 1504
10100 # 1504
10101 # 1504
10102 # 1504
10102 + 100
10103 # 1504
10103 - 100 1
10104 # 1504
10105 # 1504
10105 + 100
10106 # 1504
10106 - 100 1
10107 # 1504
10108 # 1504
10109 # 1504
10110 # 1504
10111 # 1504
10112 # 1504
10112 + 100
10113 # 1504
10113 - 100 1
10114 # 1504
10115 # 1504
10116 # 1504
10116 + 100
10117 # 1504
10117 - 100 1
10118 # 1504
10119 # 1504
10120 # 1504
10120 + 100
10121 # 1504
10121 - 100 1
10122 # 1504
10123 # 1504
10123 + 100
10124 # 1504
10124 - 100 1
10125 # 1504
10126 # 1504
10127 # 1504
10128 # 1504
10129 # 1504
10129 + 100
10130 # 1504
10130 - 100 1
10131 # 1504
10132 # 1504
10132 + 100
10133 # 1504
10133 - 100 1
10134 # 1504
10135 # 1504
10136 # 1504
10136 + 100
10137 # 1504
10137 - 100 1
10138 # 1504
10139 # 1504
10140 # 1504
10141 # 1504
10142 # 1504
10143 # 1504
10143 + 100
10144 # 1504
10144 - 100 1
10145 # 1504
10146 # 1504
10147 # 1504
10147 + 100
10148 # 1504
10148 - 100 1
10149 # 1504
10150 # 1504
10150 + 100
10151 # 1504
10151 - 100 1
10152 # 1504
10152 + 100
10153 # 1504
10153 - 100 1
10154 # 1504
10155 # 1504
10155 + 100
10156 # 1504
10156 - 100 1
10157 # 1504
10158 # 1504
10159 # 1504
10159 + 100
10160 # 1504
10160 - 100 1
10161 # 1504
10162 # 1504
10163 # 1504
10164 # 1504
10164 + 100
10165 # 1504
10165 - 100 1
10166 # 1504
10167 # 1504
10168 # 1504
10169 # 1504
10169 + 100
10170 # 1504
10170 - 100 1
10171 # 1504
10172 # 1504
10173 # 1504
10173 + 100
10174 # 1504
10174 - 100 1
10175 # 1504
10176 # 1504
10176 + 100
10177 # 1504
10177 - 100 1
10178 # 1504
10179 # 1504
10180 # 1504
10180 + 100
10181 # 1504
10181 - 100 1
10182 # 1504
10183 # 1504
10183 + 100
10184 # 1504
10184 - 100 1
10185 # 1504
10186 # 1504
10187 # 1504
10187 + 100
10188 # 1504
10188 - 100 1
10189 # 1504
10190 # 1504
10191 # 1504
10192 # 1504
10192 + 100
10193 # 1504
10193 - 100 1
10194 # 1504
10195 # 1504
10196 # 1504
10196 + 100
10197 # 1504
10197 - 100 1
10198 # 1504
10199 # 1504
10200 # 1504
10200 + 100
10201 # 1504
10201 - 100 1
10202 # 1504
10202 + 100
10203 # 1504
10203 - 100 1
10204 # 1504
10205 # 1504
10206 # 1504
10207 # 1504
10207 + 100
10208 # 1504
10208 - 100 1
10209 # 1504
10210 # 1504
10211 # 1504
10212 # 1504
10212 + 100
10213 # 1504
10213 - 100 1
10214 # 1504
10215 # 1504
10216 # 1504
10216 + 100
10217 # 1504
10217 - 100 1
10218 # 1504
10219 # 1504
10219 + 100
10220 # 1504
10220 - 100 1
10221 # 1504
10222 # 1504
10222 + 100
10223 # 1504
10223 - 100 1
10224 # 1504
10225 # 1504
10226 # 1504
10226 + 100
10227 # 1504
10227 - 100 1
10228 # 1504
10229 # 1504
10230 # 1504
10231 # 1504
10231 + 100
10232 # 1504
10232 - 100 1
10233 # 1504
10234 # 1504
10235 # 1504
10236 # 1504
10236 + 100
10237 # 1504
10237 - 100 1
10238 # 1504
10239 # 1504
10240 # 1504
10241 # 1504
10241 + 100
10242 # 1504
10242 - 100 1
10243 # 1504
10244 # 1504
10245 # 1504
10245 + 100
10246 # 1504
10246 - 100 1
10247 # 1504
10248 # 1504
10249 # 1504
10250 # 1504
10250 + 100
10251 # 1504
10251 - 100 1
10252 # 1504
10253 # 1504
10254 # 1504
10255 # 1504
10255 + 100
10256 # 1504
10256 - 100 1
10257 # 1504
10258 # 1504
10259 # 1504
10260 # 1504
10260 + 100
10261 # 1504
10261 - 100 1
10262 # 1504
10263 # 1504
10264 # 1504
10264 + 100
10265 # 1504
10265 - 100 1
10266 # 1504
10267 # 1504
10268 # 1504
10269 # 1504
10269 + 100
10270 # 1504
10270 - 100 1
10271 # 1504
10272 # 1504
10273 # 1504
10274 # 1504
10274 + 100
10275 # 1504
10275 - 100 1
10276 # 1504
10277 # 1504
10278 # 1504
10278 + 100
10279 # 1504
10279 - 100 1
10280 # 1504
10281 # 1504
10281 + 100
10282 # 1504
10282 - 100 1
10283 # 1504
10283 + 100
10284 # 1504
10284 - 100 1
10285 # 1504
10286 # 1504
10287 # 1504
10288 # 1504
10288 + 100
10289 # 1504
10289 - 100 1
10290 # 1504
10291 # 1504
10292 # 1504
10293 # 1504
10293 + 100
10294 # 1504
10294 - 100 1
10295 # 1504
10296 # 1504
10297 # 1504
10298 # 1504
10298 + 100
10299 # 1504
10299 - 100 1
10300 # 1504
10301 # 1504
10302 # 1504
10303 # 1504
10303 + 100
10304 # 1504
10304 - 100 1
10305 # 1504
10306 # 1504
10307 # 1504
10307 + 100
10308 # 1504
10308 - 100 1
10309 # 1504
10310 # 1504
10311 # 1504
10312 # 1504
10312 + 100
10313 # 1504
10313 - 100 1
10314 # 1504
10315 # 1504
10316 # 1504
10317 # 1504
10317 + 100
10318 # 1504
10318 - 100 1
10319 # 1504
10320 # 1504
10321 # 1504
10321 + 100
10322 # 1504
10322 - 100 1
10323 # 1504
10324 # 1504
10325 # 1504
10325 + 100
10326 # 1504
10326 - 100 1
10327 # 1504
10327 + 100
10328 # 1504
10328 - 100 1
10329 # 1504
10330 # 1504
10331 # 1504
10332 # 1504
10332 + 100
10333 # 1504
10333 - 100 1
10334 # 1504
10335 # 1504
10336 # 1504
10337 # 1504
10337 + 100
10338 # 1504
10338 - 100 1
10339 # 1504
10340 # 1504
10341 # 1504
10341 + 100
10342 # 1504
10342 - 100 1
10343 # 1504
10344 # 1504
10345 # 1504
10345 + 100
10346 # 1504
10346 - 100 1
10347 # 1504
10348 # 1504
10348 + 100
10349 # 1504
10349 - 100 1
10350 # 1504
10351 # 1504
10352 # 1504
10352 + 100
10353 # 1504
10353 - 100 1
10354 # 1504
10355 # 1504
10356 # 1504
10357 # 1504
10357 + 100
10358 # 1504
10358 - 100 1
10359 # 1504
10360 # 1504
10361 # 1504
10362 # 1504
10362 + 100
10363 # 1504
10363 - 100 1
10364 # 1504
10365 # 1504
10366 # 1504
10367 # 1504
10367 + 100
10368 # 1504
10368 - 100 1
10369 # 1504
10370 # 1504
10371 # 1504
10371 + 100
10372 # 1504
10372 - 100 1
10373 # 1504
10374 # 1504
10375 # 1504
10376 # 1504
10376 + 100
10377 # 1504
10377 - 100 1
10378 # 1504
10379 # 1504
10380 # 1504
10381 # 1504
10381 + 100
10382 # 1504
10382 - 100 1
10383 # 1504
10384 # 1504
10385 # 1504
10386 # 1504
10386 + 100
10387 # 1504
10387 - 100 1
10388 # 1504
10389 # 1504
10390 # 1504
10391 # 1504
10391 + 100
10392 # 1504
10392 - 100 1
10393 # 1504
10394 # 1504
10395 # 1504
10395 + 100
10396 # 1504
10396 - 100 1
10397 # 1504
10398 # 1504
10399 # 1504
10400 # 1504
10400 + 100
10401 # 1504
10401 - 100 1
10402 # 1504
10403 # 1504
10404 # 1504
10405 # 1504
10405 + 100
10406 # 1504
10406 - 100 1
10407 # 1504
10408 # 1504
10409 # 1504
10409 + 100
10410 # 1504
10410 - 100 1
10411 # 1504
10412 # 1504
10413 # 1504
10413 + 100
10414 # 1504
10414 - 100 1
10415 # 1504
10415 + 100
10416 # 1504
10416 - 100 1
10417 # 1504
10418 # 1504
10419 # 1504
10420 # 1504
10420 + 100
10421 # 1504
10421 - 100 1
10422 # 1504
10423 # 1504
10424 # 1504
10425 # 1504
10425 + 100
10426 # 1504
10426 - 100 1
10427 # 1504
10428 # 1504
10429 # 1504
10430 # 1504
10430 + 100
10431 # 1504
10431 - 100 1
10432 # 1504
10433 # 1504
10434 # 1504
10435 # 1504
10435 + 100
10436 # 1504
10436 - 100 1
10437 # 1504
10438 # 1504
10439 # 1504
10440 # 1504
10440 + 100
10441 # 1504
10441 - 100 1
10442 # 1504
10443 # 1504
10444 # 1504
10444 + 100
10445 # 1504
10445 - 100 1
10446 # 1504
10447 # 1504
10448 # 1504
10449 # 1504
10449 + 100
10450 # 1504
10450 - 100 1
10451 # 1504
10452 # 1504
10453 # 1504
10454 # 1504
10454 + 100
10455 # 1504
10455 - 100 1
10456 # 1504
10457 # 1504
10458 # 1504
10459 # 1504
10459 + 100
10460 # 1504
10460 - 100 1
10461 # 1504
10462 # 1504
10463 # 1504
10464 # 1504
10464 + 100
10465 # 1504
10465 - 100 1
10466 # 1504
10467 # 1504
10468 # 1504
10468 + 100
10469 # 1504
10469 - 100 1
10470 # 1504
10471 # 1504
10472 # 1504
10473 # 1504
10473 + 100
10474 # 1504
10474 - 100 1
10475 # 1504
10476 # 1504
10477 # 1504
10478 # 1504
10478 + 100
10479 # 1504
10479 - 100 1
10480 # 1504
10481 # 1504
10482 # 1504
10483 # 1504
10483 + 100
10484 # 1504
10484 - 100 1
10485 # 1504
10486 # 1504
10487 # 1504
10488 # 1504
10488 + 100
10489 # 1504
10489 - 100 1
10490 # 1504
10491 # 1504
10492 # 1504
10492 + 100
10493 # 1504
10493 - 100 1
10494 # 1504
10495 # 1504
10496 # 1504
10497 # 1504
10497 + 100
10498 # 1504
10498 - 100 1
10499 # 1504
10500 # 1504
10501 # 1504
10502 # 1504
10502 + 100
10503 # 1504
10503 - 100 1
10504 # 1504
10505 # 1504
10506 # 1504
10506 + 100
10507 # 1504
10507 - 100 1
10508 # 1504
10509 # 1504
10510 # 1504
10511 # 1504
10511 + 100
10512 # 1504
10512 - 100 1
10513 # 1504
10514 # 1504
10515 # 1504
10516 # 1504
10516 + 100
10517 # 1504
10517 - 100 1
10518 # 1504
10519 # 1504
10520 # 1504
10521 # 1504
10521 + 100
10522 # 1504
10522 - 100 1
10523 # 1504
10524 # 1504
10525 # 1504
10526 # 1504
10526 + 100
10527 # 1504
10527 - 100 1
10528 # 1504
10529 # 1504
10530 # 1504
10531 # 1504
10531 + 100
10532 # 1504
10532 - 100 1
10533 # 1504
10534 # 1504
10535 # 1504
10535 + 100
10536 # 1504
10536 - 100 1
10537 # 1504
10538 # 1504
10539 # 1504
10540 # 1504
10540 + 100
10541 # 1504
10541 - 100 1
10542 # 1504
10543 # 1504
10544 # 1504
10545 # 1504
10545 + 100
10546 # 1504
10546 - 100 1
10547 # 1504
10548 # 1504
10549 # 1504
10550 # 1504
10550 + 100
10551 # 1504
10551 - 100 1
10552 # 1504
10553 # 1504
10554 # 1504
10555 # 1504
10555 + 100
10556 # 1504
10556 - 100 1
10557 # 1504
10558 # 1504
10559 # 1504
10559 + 100
10560 # 1504
10560 - 100 1
10561 # 1504
10562 # 1504
10563 # 1504
10564 # 1504
10564 + 100
10565 # 1504
10565 - 100 1
10566 # 1504
10567 # 1504
10568 # 1504
10569 # 1504
10569 + 100
10570 # 1504
10570 - 100 1
10571 # 1504
10572 # 1504
10573 # 1504
10573 + 100
10574 # 1504
10574 - 100 1
10575 # 1504
10576 # 1504
10576 + 100
10577 # 1504
10577 - 100 1
10578 # 1504
10579 # 1504
10579 + 100
10580 # 1504
10580 - 100 1
10581 # 1504
10582 # 1504
10583 # 1504
10583 + 100
10584 # 1504
10584 - 100 1
10585 # 1504
10586 # 1504
10587 # 1504
10588 # 1504
10588 + 100
10589 # 1504
10589 - 100 1
10590 # 1504
10591 # 1504
10592 # 1504
10593 # 1504
10593 + 100
10594 # 1504
10594 - 100 1
10595 # 1504
10596 # 1504
10597 # 1504
10598 # 1504
10598 + 100
10599 # 1504
10599 - 100 1
10600 # 1504
10601 # 1504
10602 # 1504
10602 + 100
10603 # 1504
10603 - 100 1
10604 # 1504
10605 # 1504
10606 # 1504
10607 # 1504
10608 # 1504
10608 + 100
10609 # 1504
10609 - 100 1
10610 # 1504
10611 # 1504
10611 + 100
10612 # 1504
10612 - 100 1
10613 # 1504
10614 # 1504
10614 + 100
10615 # 1504
10615 - 100 1
10616 # 1504
10616 + 100
10617 # 1504
10617 - 100 1
10618 # 1504
10619 # 1504
10620 # 1504
10621 # 1504
10621 + 100
10622 # 1504
10622 - 100 1
10623 # 1504
10624 # 1504
10625 # 1504
10626 # 1504
10626 + 100
10627 # 1504
10627 - 100 1
10628 # 1504
10629 # 1504
10630 # 1504
10631 # 1504
10631 + 100
10632 # 1504
10632 - 100 1
10633 # 1504
10634 # 1504
10635 # 1504
10636 # 1504
10636 + 100
10637 # 1504
10637 - 100 1
10638 # 1504
10639 # 1504
10640 # 1504
10640 + 100
10641 # 1504
10641 - 100 1
10642 # 1504
10643 # 1504
10644 # 1504
10645 # 1504
10645 + 100
10646 # 1504
10646 - 100 1
10647 # 1504
10648 # 1504
10649 # 1504
10650 # 1504
10650 + 100
10651 # 1504
10651 - 100 1
10652 # 1504
10653 # 1504
10654 # 1504
10655 # 1504
10655 + 100
10656 # 1504
10656 - 100 1
10657 # 1504
10658 # 1504
10659 # 1504
10660 # 1504
10660 + 100
10661 # 1504
10661 - 100 1
10662 # 1504
10663 # 1504
10664 # 1504
10664 + 100
10665 # 1504
10665 - 100 1
10666 # 1504
10667 # 1504
10668 # 1504
10669 # 1504
10669 + 100
10670 # 1504
10670 - 100 1
10671 # 1504
10672 # 1504
10673 # 1504
10674 # 1504
10674 + 100
10675 # 1504
10675 - 100 1
10676 # 1504
10677 # 1504
10678 # 1504
10679 # 1504
10679 + 100
10680 # 1504
10680 - 100 1
10681 # 1504
10682 # 1504
10683 # 1504
10683 + 100
10684 # 1504
10684 - 100 1
10685 # 1504
10686 # 1504
10687 # 1504
10688 # 1504
10688 + 100
10689 # 1504
10689 - 100 1
10690 # 1504
10691 # 1504
10692 # 1504
10693 # 1504
10693 + 100
10694 # 1504
10694 - 100 1
10695 # 1504
10696 # 1504
10697 # 1504
10698 # 1504
10698 + 100
10699 # 1504
10699 - 100 1
10700 # 1504
10701 # 1504
10702 # 1504
10703 # 1504
10703 + 100
10704 # 1504
10704 - 100 1
10705 # 1504
10706 # 1504
10707 # 1504
10707 + 100
10708 # 1504
10708 - 100 1
10709 # 1504
10710 # 1504
10711 # 1504
10712 # 1504
10712 + 100
10713 # 1504
10713 - 100 1
10714 # 1504
10715 # 1504
10716 # 1504
10717 # 1504
10717 + 100
10718 # 1504
10718 - 100 1
10719 # 1504
10720 # 1504
10721 # 1504
10721 + 100
10722 # 1504
10722 - 100 1
10723 # 1504
10724 # 1504
10725 # 1504
10725 + 100
10726 # 1504
10726 - 100 1
10727 # 1504
10728 # 1504
10728 + 100
10729 # 1504
10729 - 100 1
10730 # 1504
10731 # 1504
10732 # 1504
10732 + 100
10733 # 1504
10733 - 100 1
10734 # 1504
10735 # 1504
10736 # 1504
10737 # 1504
10737 + 100
10738 # 1504
10738 - 100 1
10739 # 1504
10740 # 1504
10741 # 1504
10742 # 1504
10742 + 100
10743 # 1504
10743 - 100 1
10744 # 1504
10745 # 1504
10746 # 1504
10747 # 1504
10747 + 100
10748 # 1504
10748 - 100 1
10749 # 1504
10750 # 1504
10751 # 1504
10752 # 1504
10752 + 100
10753 # 1504
10753 - 100 1
10754 # 1504
10755 # 1504
10756 # 1504
10756 + 100
10757 # 1504
10757 - 100 1
10758 # 1504
10759 # 1504
10760 # 1504
10761 # 1504
10761 + 100
10762 # 1504
10762 - 100 1
10763 # 1504
10764 # 1504
10765 # 1504
10766 # 1504
10766 + 100
10767 # 1504
10767 - 100 1
10768 # 1504
10769 # 1504
10770 # 1504
10771 # 1504
10771 + 100
10772 # 1504
10772 - 100 1
10773 # 1504
10774 # 1504
10775 # 1504
10776 # 1504
10776 + 100
10777 # 1504
10777 - 100 1
10778 # 1504
10779 # 1504
10780 # 1504
10780 + 100
10781 # 1504
10781 - 100 1
10782 # 1504
10783 # 1504
10784 # 1504
10785 # 1504
10785 + 100
10786 # 1504
10786 - 100 1
10787 # 1504
10788 # 1504
10789 # 1504
10790 # 1504
10790 + 100
10791 # 1504
10791 - 100 1
10792 # 1504
10793 # 1504
10794 # 1504
10794 + 100
10795 # 1504
10795 - 100 1
10796 # 1504
10797 # 1504
10797 + 100
10798 # 1504
10798 - 100 1
10799 # 1504
10799 + 100
10800 # 1504
10800 - 100 1
10801 # 1504
10802 # 1504
10803 # 1504
10803 + 100
10804 # 1504
10804 - 100 1
10805 # 1504
10806 # 1504
10807 # 1504
10807 + 100
10808 # 1504
10808 - 100 1
10809 # 1504
10810 # 1504
10811 # 1504
10812 # 1504
10812 + 100
10813 # 1504
10813 - 100 1
10814 # 1504
10815 # 1504
10816 # 1504
10816 + 100
10817 # 1504
10817 - 100 1
10818 # 1504
10819 # 1504
10820 # 1504
10821 # 1504
10821 + 100
10822 # 1504
10822 - 100 1
10823 # 1504
10824 # 1504
10825 # 1504
10826 # 1504
10826 + 100
10827 # 1504
10827 - 100 1
10828 # 1504
10829 # 1504
10830 # 1504
10831 # 1504
10831 + 100
10832 # 1504
10832 - 100 1
10833 # 1504
10834 # 1504
10835 # 1504
10835 + 100
10836 # 1504
10836 - 100 1
10837 # 1504
10838 # 1504
10839 # 1504
10840 # 1504
10840 + 100
10841 # 1504
10841 - 100 1
10842 # 1504
10843 # 1504
10844 # 1504
10845 # 1504
10845 + 100
10846 # 1504
10846 - 100 1
10847 # 1504
10848 # 1504
10849 # 1504
10850 # 1504
10850 + 100
10851 # 1504
10851 - 100 1
10852 # 1504
10853 # 1504
10854 # 1504
10855 # 1504
10855 + 100
10856 # 1504
10856 - 100 1
10857 # 1504
10858 # 1504
10859 # 1504
10859 + 100
10860 # 1504
10860 - 100 1
10861 # 1504
10862 # 1504
10863 # 1504
10864 # 1504
10864 + 100
10865 # 1504
10865 - 100 1
10866 # 1504
10867 # 1504
10868 # 1504
10869 # 1504
10869 + 100
10870 # 1504
10870 - 100 1
10871 # 1504
10872 # 1504
10873 # 1504
10874 # 1504
10874 + 100
10875 # 1504
10875 - 100 1
10876 # 1504
10877 # 1504
10878 # 1504
10879 # 1504
10879 + 100
10880 # 1504
10880 - 100 1
10881 # 1504
10882 # 1504
10883 # 1504
10883 + 100
10884 # 1504
10884 - 100 1
10885 # 1504
10886 # 1504
10887 # 1504
10888 # 1504
10888 + 100
10889 # 1504
10889 - 100 1
10890 # 1504
10891 # 1504
10892 # 1504
10893 # 1504
10893 + 100
10894 # 1504
10894 - 100 1
10895 # 1504
10896 # 1504
10897 # 1504
10898 # 1504
10898 + 100
10899 # 1504
10899 - 100 1
10900 # 1504
10901 # 1504
10902 # 1504
10903 # 1504
10903 + 100
10904 # 1504
10904 - 100 1
10905 # 1504
10906 # 1504
10907 # 1504
10907 + 100
10908 # 1504
10908 - 100 1
10909 # 1504
10910 # 1504
10911 # 1504
10912 # 1504
10912 + 100
10913 # 1504
10913 - 100 1
10914 # 1504
10915 # 1504
10916 # 1504
10917 # 1504
10917 + 100
10918 # 1504
10918 - 100 1
10919 # 1504
10920 # 1504
10921 # 1504
10922 # 1504
10922 + 100
10923 # 1504
10923 - 100 1
10924 # 1504
10925 # 1504
10926 # 1504
10927 # 1504
10927 + 100
10928 # 1504
10928 - 100 1
10929 # 1504
10930 # 1504
10931 # 1504
10932 # 1504
10932 + 100
10933 # 1504
10933 - 100 1
10934 # 1504
10935 # 1504
10936 # 1504
10936 + 100
10937 # 1504
10937 - 100 1
10938 # 1504
10939 # 1504
10940 # 1504
10941 # 1504
10941 + 100
10942 # 1504
10942 - 100 1
10943 # 1504
10944 # 1504
10945 # 1504
10945 + 100
10946 # 1504
10946 - 100 1
10947 # 1504
10948 # 1504
10948 + 52
10949 # 1504
10949 - 52 1
10949 + 100
10950 # 1504
10950 - 100 1
10951 # 1504
10952 # 1504
10952 + 100
10953 # 1504
10953 - 100 1
10954 # 1504
10955 # 1504
10956 # 1504
10956 + 100
10957 # 1504
10957 - 100 1
10958 # 1504
10959 # 1504
10960 # 1504
10961 # 1504
10961 + 100
10962 # 1504
10962 - 100 1
10963 # 1504
10964 # 1504
10965 # 1504
10966 # 1504
10966 + 100
10967 # 1504
10967 - 100 1
10968 # 1504
10969 # 1504
10970 # 1504
10971 # 1504
10971 + 100
10972 # 1504
10972 - 100 1
10973 # 1504
10974 # 1504
10975 # 1504
10975 + 100
10976 # 1504
10976 - 100 1
10977 # 1504
10978 # 1504
10979 # 1504
10980 # 1504
10980 + 100
10981 # 1504
10981 - 100 1
10982 # 1504
10983 # 1504
10984 # 1504
10985 # 1504
10985 + 100
10986 # 1504
10986 - 100 1
10987 # 1504
10988 # 1504
10989 # 1504
10990 # 1504
10990 + 100
10991 # 1504
10991 - 100 1
10992 # 1504
10993 # 1504
10994 # 1504
10995 # 1504
10995 + 100
10996 # 1504
10996 - 100 1
10997 # 1504
10998 # 1504
10999 # 1504
11000 # 1504
11000 + 100
11001 # 1504
11001 - 100 1
11002 # 1504
11003 # 1504
11004 # 1504
11004 + 100
11005 # 1504
11005 - 100 1
11006 # 1504
11007 # 1504
11008 # 1504
11009 # 1504
11009 + 100
11010 # 1504
11010 - 100 1
11011 # 1504
11012 # 1504
11013 # 1504
11014 # 1504
11014 + 100
11015 # 1504
11015 - 100 1
11016 # 1504
11017 # 1504
11018 # 1504
11018 + 100
11019 # 1504
11019 - 100 1
11020 # 1504
11021 # 1504
11022 # 1504
11023 # 1504
11024 # 1504
11024 + 100
11025 # 1504
11025 - 100 1
11026 # 1504
11027 # 1504
11028 # 1504
11029 # 1504
11029 + 100
11030 # 1504
11030 - 100 1
11031 # 1504
11032 # 1504
11033 # 1504
11033 + 100
11034 # 1504
11034 - 100 1
11035 # 1504
11036 # 1504
11037 # 1504
11038 # 1504
11038 + 100
11039 # 1504
11039 - 100 1
11040 # 1504
11041 # 1504
11042 # 1504
11043 # 1504
11043 + 100
11044 # 1504
11044 - 100 1
11045 # 1504
11046 # 1504
11047 # 1504
11047 + 100
11048 # 1504
11048 - 100 1
11049 # 1504
11050 # 1504
11051 # 1504
11052 # 1504
11052 + 100
11053 # 1504
11053 - 100 1
11054 # 1504
11055 # 1504
11056 # 1504
11057 # 1504
11057 + 100
11058 # 1504
11058 - 100 1
11059 # 1504
11060 # 1504
11061 # 1504
11062 # 1504
11062 + 100
11063 # 1504
11063 - 100 1
11064 # 1504
11065 # 1504
11066 # 1504
11067 # 1504
11067 + 100
11068 # 1504
11068 - 100 1
11069 # 1504
11070 # 1504
11071 # 1504
11071 + 100
11072 # 1504
11072 - 100 1
11073 # 1504
11074 # 1504
11075 # 1504
11076 # 1504
11076 + 100
11077 # 1504
11077 - 100 1
11078 # 1504
11079 # 1504
11080 # 1504
11081 # 1504
11081 + 100
11082 # 1504
11082 - 100 1
11083 # 1504
11084 # 1504
11085 # 1504
11085 + 100
11086 # 1504
11086 - 100 1
11087 # 1504
11088 # 1504
11089 # 1504
11089 + 100
11090 # 1504
11090 - 100 1
11091 # 1504
11092 # 1504
11092 + 100
11093 # 1504
11093 - 100 1
11094 # 1504
11095 # 1504
11096 # 1504
11096 + 100
11097 # 1504
11097 - 100 1
11098 # 1504
11099 # 1504
11100 # 1504
11101 # 1504
11101 + 100
11102 # 1504
11102 - 100 1
11103 # 1504
11104 # 1504
11105 # 1504
11106 # 1504
11106 + 100
11107 # 1504
11107 - 100 1
11108 # 1504
11109 # 1504
11110 # 1504
11111 # 1504
11111 + 100
11112 # 1504
11112 - 100 1
11113 # 1504
11114 # 1504
11115 # 1504
11116 # 1504
11116 + 100
11117 # 1504
11117 - 100 1
11118 # 1504
11119 # 1504
11120 # 1504
11120 + 100
11121 # 1504
11121 - 100 1
11122 # 1504
11123 # 1504
11124 # 1504
11125 # 1504
11125 + 100
11126 # 1504
11126 - 100 1
11127 # 1504
11128 # 1504
11129 # 1504
11130 # 1504
11130 + 100
11131 # 1504
11131 - 100 1
11132 # 1504
11133 # 1504
11134 # 1504
11135 # 1504
11135 + 100
11136 # 1504
11136 - 100 1
11137 # 1504
11138 # 1504
11139 # 1504
11140 # 1504
11140 + 100
11141 # 1504
11141 - 100 1
11142 # 1504
11143 # 1504
11144 # 1504
11144 + 100
11145 # 1504
11145 - 100 1
11146 # 1504
11147 # 1504
11148 # 1504
11149 # 1504
11149 + 100
11150 # 1504
11150 - 100 1
11151 # 1504
11152 # 1504
11153 # 1504
11153 + 100
11154 # 1504
11154 - 100 1
11155 # 1504
11156 # 1504
11156 + 100
11157 # 1504
11157 - 100 1
11158 # 1504
11158 + 100
11159 # 1504
11159 - 100 1
11160 # 1504
11161 # 1504
11161 + 100
11162 # 1504
11162 - 100 1
11163 # 1504
11164 # 1504
11165 # 1504
11165 + 100
11166 # 1504
11166 - 100 1
11167 # 1504
11168 # 1504
11168 + 100
11169 # 1504
11169 - 100 1
11170 # 1504
11171 # 1504
11171 + 100
11172 # 1504
11172 - 100 1
11173 # 1504
11173 + 100
11174 # 1504
11174 - 100 1
11175 # 1504
11176 # 1504
11177 # 1504
11178 # 1504
11178 + 100
11179 # 1504
11179 - 100 1
11180 # 1504
11181 # 1504
11182 # 1504
11183 # 1504
11183 + 100
11184 # 1504
11184 - 100 1
11185 # 1504
11186 # 1504
11187 # 1504
11188 # 1504
11188 + 100
11189 # 1504
11189 - 100 1
11190 # 1504
11191 # 1504
11192 # 1504
11193 # 1504
11193 + 100
11194 # 1504
11194 - 100 1
11195 # 1504
11196 # 1504
11197 # 1504
11197 + 100
11198 # 1504
11198 - 100 1
11199 # 1504
11200 # 1504
11201 # 1504
11202 # 1504
11202 + 100
11203 # 1504
11203 - 100 1
11204 # 1504
11205 # 1504
11206 # 1504
11206 + 100
11207 # 1504
11207 - 100 1
11208 # 1504
11209 # 1504
11209 + 100
11210 # 1504
11210 - 100 1
11211 # 1504
11212 # 1504
11213 # 1504
11213 + 100
11214 # 1504
11214 - 100 1
11215 # 1504
11215 + 100
11216 # 1504
11216 - 100 1
11217 # 1504
11218 # 1504
11219 # 1504
11220 # 1504
11220 + 100
11221 # 1504
11221 - 100 1
11222 # 1504
11223 # 1504
11224 # 1504
11224 + 100
11225 # 1504
11225 - 100 1
11226 # 1504
11227 # 1504
11227 + 100
11228 # 1504
11228 - 100 1
11229 # 1504
11230 # 1504
11230 + 100
11231 # 1504
11231 - 100 1
11232 # 1504
11233 # 1504
11234 # 1504
11234 + 100
11235 # 1504
11235 - 100 1
11236 # 1504
11237 # 1504
11238 # 1504
11239 # 1504
11239 + 100
11240 # 1504
11240 - 100 1
11241 # 1504
11242 # 1504
11243 # 1504
11243 + 100
11244 # 1504
11244 - 100 1
11245 # 1504
11246 # 1504
11246 + 100
11247 # 1504
11247 - 100 1
11248 # 1504
11249 # 1504
11250 # 1504
11250 + 100
11251 # 1504
11251 - 100 1
11252 # 1504
11253 # 1504
11254 # 1504
11254 + 100
11255 # 1504
11255 - 100 1
11256 # 1504
11257 # 1504
11258 # 1504
11259 # 1504
11260 # 1504
11260 + 100
11261 # 1504
11261 - 100 1
11262 # 1504
11263 # 1504
11264 # 1504
11264 + 100
11265 # 1504
11265 - 100 1
11266 # 1504
11267 # 1504
11268 # 1504
11268 + 100
11269 # 1504
11269 - 100 1
11270 # 1504
11271 # 1504
11272 # 1504
11273 # 1504
11273 + 100
11274 # 1504
11274 - 100 1
11275 # 1504
11276 # 1504
11277 # 1504
11278 # 1504
11278 + 100
11279 # 1504
11279 - 100 1
11280 # 1504
11281 # 1504
11282 # 1504
11283 # 1504
11284 # 1504
11284 + 100
11285 # 1504
11285 - 100 1
11286 # 1504
11287 # 1504
11288 # 1504
11288 + 100
11289 # 1504
11289 - 100 1
11290 # 1504
11291 # 1504
11292 # 1504
11293 # 1504
11293 + 100
11294 # 1504
11294 - 100 1
11295 # 1504
11296 # 1504
11297 # 1504
11298 # 1504
11298 + 100
11299 # 1504
11299 - 100 1
11300 # 1504
11301 # 1504
11302 # 1504
11302 + 100
11303 # 1504
11303 - 100 1
11304 # 1504
11305 # 1504
11306 # 1504
11307 # 1504
11307 + 100
11308 # 1504
11308 - 100 1
11309 # 1504
11310 # 1504
11311 # 1504
11312 # 1504
11312 + 100
11313 # 1504
11313 - 100 1
11314 # 1504
11315 # 1504
11316 # 1504
11317 # 1504
11317 + 100
11318 # 1504
11318 - 100 1
11319 # 1504
11320 # 1504
11321 # 1504
11321 + 100
11322 # 1504
11322 - 100 1
11323 # 1504
11324 # 1504
11325 # 1504
11326 # 1504
11326 + 100
11327 # 1504
11327 - 100 1
11328 # 1504
11329 # 1504
11330 # 1504
11331 # 1504
11331 + 100
11332 # 1504
11332 - 100 1
11333 # 1504
11334 # 1504
11335 # 1504
11336 # 1504
11336 + 100
11337 # 1504
11337 - 100 1
11338 # 1504
11339 # 1504
11340 # 1504
11341 # 1504
11341 + 100
11342 # 1504
11342 - 100 1
11343 # 1504
11344 # 1504
11345 # 1504
11345 + 100
11346 # 1504
11346 - 100 1
11347 # 1504
11348 # 1504
11349 # 1504
11350 # 1504
11350 + 100
11351 # 1504
11351 - 100 1
11352 # 1504
11353 # 1504
11354 # 1504
11355 # 1504
11355 + 100
11356 # 1504
11356 - 100 1
11357 # 1504
11358 # 1504
11359 # 1504
11359 + 100
11360 # 1504
11360 - 100 1
11361 # 1504
11362 # 1504
11362 + 100
11363 # 1504
11363 - 100 1
11364 # 1504
11364 + 100
11365 # 1504
11365 - 100 1
11366 # 1504
11367 # 1504
11368 # 1504
11369 # 1504
11369 + 100
11370 # 1504
11370 - 100 1
11371 # 1504
11372 # 1504
11373 # 1504
11373 + 100
11374 # 1504
11374 - 100 1
11375 # 1504
11376 # 1504
11377 # 1504
11377 + 100
11378 # 1504
11378 - 100 1
11379 # 1504
11379 + 100
11380 # 1504
11380 - 100 1
11381 # 1504
11382 # 1504
11382 + 100
11383 # 1504
11383 - 100 1
11384 # 1504
11385 # 1504
11385 + 100
11386 # 1504
11386 - 100 1
11387 # 1504
11388 # 1504
11389 # 1504
11390 # 1504
11390 + 100
11391 # 1504
11391 - 100 1
11392 # 1504
11393 # 1504
11394 # 1504
11395 # 1504
11396 # 1504
11396 + 100
11397 # 1504
11397 - 100 1
11398 # 1504
11399 # 1504
11399 + 100
11400 # 1504
11400 - 100 1
11401 # 1504
11402 # 1504
11403 # 1504
11404 # 1504
11404 + 100
11405 # 1504
11405 - 100 1
11406 # 1504
11407 # 1504
11408 # 1504
11409 # 1504
11409 + 100
11410 # 1504
11410 - 100 1
11411 # 1504
11412 # 1504
11413 # 1504
11414 # 1504
11414 + 100
11415 # 1504
11415 - 100 1
11416 # 1504
11417 # 1504
11418 # 1504
11419 # 1504
11420 # 1504
11420 + 100
11421 # 1504
11421 - 100 1
11422 # 1504
11423 # 1504
11423 + 100
11424 # 1504
11424 - 100 1
11425 # 1504
11426 # 1504
11427 # 1504
11428 # 1504
11428 + 100
11429 # 1504
11429 - 100 1
11430 # 1504
11431 # 1504
11432 # 1504
11433 # 1504
11433 + 100
11434 # 1504
11434 - 100 1
11435 # 1504
11436 # 1504
11436 + 100
11437 # 1504
11437 - 100 1
11438 # 1504
11438 + 100
11439 # 1504
11439 - 100 1
11440 # 1504
11440 + 100
11441 # 1504
11441 - 100 1
11442 # 1504
11443 # 1504
11444 # 1504
11445 # 1504
11445 + 100
11446 # 1504
11446 - 100 1
11447 # 1504
11448 # 1504
11449 # 1504
11449 + 100
11450 # 1504
11450 - 100 1
11451 # 1504
11452 # 1504
11453 # 1504
11454 # 1504
11454 + 100
11455 # 1504
11455 - 100 1
11456 # 1504
11457 # 1504
11458 # 1504
11459 # 1504
11459 + 100
11460 # 1504
11460 - 100 1
11461 # 1504
11462 # 1504
11463 # 1504
11463 + 100
11464 # 1504
11464 - 100 1
11465 # 1504
11466 # 1504
11466 + 100
11467 # 1504
11467 - 100 1
11468 # 1504
11468 + 100
11469 # 1504
11469 - 100 1
11470 # 1504
11471 # 1504
11471 + 100
11472 # 1504
11472 - 100 1
11473 # 1504
11474 # 1504
11475 # 1504
11476 # 1504
11476 + 100
11477 # 1504
11477 - 100 1
11478 # 1504
11479 # 1504
11479 + 100
11480 # 1504
11480 - 100 1
11481 # 1504
11481 + 100
11482 # 1504
11482 - 100 1
11483 # 1504
11484 # 1504
11485 # 1504
11485 + 100
11486 # 1504
11486 - 100 1
11487 # 1504
11487 + 100
11488 # 1504
11488 - 100 1
11489 # 1504
11490 # 1504
11490 + 100
11491 # 1504
11491 - 100 1
11492 # 1504
11493 # 1504
11493 + 100
11494 # 1504
11494 - 100 1
11495 # 1504
11496 # 1504
11496 + 100
11497 # 1504
11497 - 100 1
11498 # 1504
11499 # 1504
11500 # 1504
11500 + 100
11501 # 1504
11501 - 100 1
11502 # 1504
11503 # 1504
11503 + 100
11504 # 1504
11504 - 100 1
11505 # 1504
11506 # 1504
11506 + 100
11507 # 1504
11507 - 100 1
11508 # 1504
11509 # 1504
11509 + 100
11510 # 1504
11510 - 100 1
11511 # 1504
11512 # 1504
11513 # 1504
11514 # 1504
11514 + 100
11515 # 1504
11515 - 100 1
11516 # 1504
11517 # 1504
11518 # 1504
11519 # 1504
11519 + 100
11520 # 1504
11520 - 100 1
11521 # 1504
11522 # 1504
11523 # 1504
11523 + 100
11524 # 1504
11524 - 100 1
11525 # 1504
11526 # 1504
11527 # 1504
11528 # 1504
11528 + 100
11529 # 1504
11529 - 100 1
11530 # 1504
11531 # 1504
11532 # 1504
11533 # 1504
11533 + 100
11534 # 1504
11534 - 100 1
11535 # 1504
11536 # 1504
11537 # 1504
11538 # 1504
11538 + 100
11539 # 1504
11539 - 100 1
11540 # 1504
11541 # 1504
11542 # 1504
11543 # 1504
11543 + 100
11544 # 1504
11544 - 100 1
11545 # 1504
11546 # 1504
11547 # 1504
11548 # 1504
11548 + 100
11549 # 1504
11549 - 100 1
11550 # 1504
11551 # 1504
11552 # 1504
11553 # 1504
11553 + 100
11554 # 1504
11554 - 100 1
11555 # 1504
11556 # 1504
11557 # 1504
11557 + 100
11558 # 1504
11558 - 100 1
11559 # 1504
11560 # 1504
11561 # 1504
11561 + 100
11562 # 1504
11562 - 100 1
11563 # 1504
11564 # 1504
11564 + 100
11565 # 1504
11565 - 100 1
11566 # 1504
11566 + 100
11567 # 1504
11567 - 100 1
11568 # 1504
11569 # 1504
11570 # 1504
11571 # 1504
11571 + 100
11572 # 1504
11572 - 100 1
11573 # 1504
11574 # 1504
11575 # 1504
11575 + 100
11576 # 1504
11576 - 100 1
11577 # 1504
11578 # 1504
11578 + 100
11579 # 1504
11579 - 100 1
11580 # 1504
11580 + 100
11581 # 1504
11581 - 100 1
11582 # 1504
11583 # 1504
11583 + 100
11584 # 1504
11584 - 100 1
11585 # 1504
11586 # 1504
11587 # 1504
11588 # 1504
11588 + 100
11589 # 1504
11589 - 100 1
11590 # 1504
11591 # 1504
11592 # 1504
11593 # 1504
11593 + 100
11594 # 1504
11594 - 100 1
11595 # 1504
11596 # 1504
11597 # 1504
11597 + 100
11598 # 1504
11598 - 100 1
11599 # 1504
11600 # 1504
11601 # 1504
11601 + 100
11602 # 1504
11602 - 100 1
11603 # 1504
11603 + 100
11604 # 1504
11604 - 100 1
11605 # 1504
11606 # 1504
11607 # 1504
11608 # 1504
11608 + 100
11609 # 1504
11609 - 100 1
11610 # 1504
11611 # 1504
11612 # 1504
11613 # 1504
11613 + 100
11614 # 1504
11614 - 100 1
11615 # 1504
11616 # 1504
11617 # 1504
11618 # 1504
11618 + 100
11619 # 1504
11619 - 100 1
11620 # 1504
11621 # 1504
11622 # 1504
11622 + 100
11623 # 1504
11623 - 100 1
11624 # 1504
11625 # 1504
11626 # 1504
11627 # 1504
11627 + 100
11628 # 1504
11628 - 100 1
11629 # 1504
11630 # 1504
11631 # 1504
11632 # 1504
11632 + 100
11633 # 1504
11633 - 100 1
11634 # 1504
11635 # 1504
11636 # 1504
11637 # 1504
11637 + 100
11638 # 1504
11638 - 100 1
11639 # 1504
11640 # 1504
11641 # 1504
11642 # 1504
11642 + 100
11643 # 1504
11643 - 100 1
11644 # 1504
11645 # 1504
11645 + 100
11646 # 1504
11646 - 100 1
11647 # 1504
11647 + 100
11648 # 1504
11648 - 100 1
11649 # 1504
11650 # 1504
11651 # 1504
11652 # 1504
11652 + 100
11653 # 1504
11653 - 100 1
11654 # 1504
11655 # 1504
11656 # 1504
11657 # 1504
11658 # 1504
11658 + 100
11659 # 1504
11659 - 100 1
11660 # 1504
11661 # 1504
11662 # 1504
11662 + 100
11663 # 1504
11663 - 100 1
11664 # 1504
11665 # 1504
11666 # 1504
11667 # 1504
11667 + 100
11668 # 1504
11668 - 100 1
11669 # 1504
11670 # 1504
11671 # 1504
11671 + 100
11672 # 1504
11672 - 100 1
11673 # 1504
11674 # 1504
11675 # 1504
11676 # 1504
11676 + 100
11677 # 1504
11677 - 100 1
11678 # 1504
11679 # 1504
11680 # 1504
11680 + 100
11681 # 1504
11681 - 100 1
11682 # 1504
11683 # 1504
11683 + 100
11684 # 1504
11684 - 100 1
11685 # 1504
11685 + 100
11686 # 1504
11686 - 100 1
11687 # 1504
11688 # 1504
11688 + 100
11689 # 1504
11689 - 100 1
11690 # 1504
11691 # 1504
11692 # 1504
11693 # 1504
11693 + 100
11694 # 1504
11694 - 100 1
11695 # 1504
11696 # 1504
11697 # 1504
11698 # 1504
11698 + 100
11699 # 1504
11699 - 100 1
11700 # 1504
11701 # 1504
11702 # 1504
11702 + 100
11703 # 1504
11703 - 100 1
11704 # 1504
11705 # 1504
11706 # 1504
11707 # 1504
11707 + 100
11708 # 1504
11708 - 100 1
11709 # 1504
11710 # 1504
11711 # 1504
11712 # 1504
11712 + 100
11713 # 1504
11713 - 100 1
11714 # 1504
11715 # 1504
11716 # 1504
11717 # 1504
11717 + 100
11718 # 1504
11718 - 100 1
11719 # 1504
11720 # 1504
11721 # 1504
11722 # 1504
11722 + 100
11723 # 1504
11723 - 100 1
11724 # 1504
11725 # 1504
11726 # 1504
11726 + 100
11727 # 1504
11727 - 100 1
11728 # 1504
11729 # 1504
11730 # 1504
11731 # 1504
11731 + 100
11732 # 1504
11732 - 100 1
11733 # 1504
11734 # 1504
11735 # 1504
11736 # 1504
11736 + 100
11737 # 1504
11737 - 100 1
11738 # 1504
11739 # 1504
11740 # 1504
11741 # 1504
11741 + 100
11742 # 1504
11742 - 100 1
11743 # 1504
11744 # 1504
11745 # 1504
11746 # 1504
11746 + 100
11747 # 1504
11747 - 100 1
11748 # 1504
11749 # 1504
11750 # 1504
11750 + 100
11751 # 1504
11751 - 100 1
11752 # 1504
11753 # 1504
11754 # 1504
11755 # 1504
11756 # 1504
11756 + 100
11757 # 1504
11757 - 100 1
11758 # 1504
11759 # 1504
11760 # 1504
11760 + 100
11761 # 1504
11761 - 100 1
11762 # 1504
11763 # 1504
11764 # 1504
11765 # 1504
11765 + 100
11766 # 1504
11766 - 100 1
11767 # 1504
11768 # 1504
11769 # 1504
11770 # 1504
11770 + 100
11771 # 1504
11771 - 100 1
11772 # 1504
11773 # 1504
11774 # 1504
11774 + 100
11775 # 1504
11775 - 100 1
11776 # 1504
11777 # 1504
11778 # 1504
11779 # 1504
11779 + 100
11780 # 1504
11780 - 100 1
11781 # 1504
11782 # 1504
11783 # 1504
11784 # 1504
11784 + 100
11785 # 1504
11785 - 100 1
11786 # 1504
11787 # 1504
11788 # 1504
11789 # 1504
11789 + 100
11790 # 1504
11790 - 100 1
11791 # 1504
11792 # 1504
11793 # 1504
11794 # 1504
11794 + 100
11795 # 1504
11795 - 100 1
11796 # 1504
11797 # 1504
11798 # 1504
11799 # 1504
11799 + 100
11800 # 1504
11800 - 100 1
11801 # 1504
11802 # 1504
11803 # 1504
11803 + 100
11804 # 1504
11804 - 100 1
11805 # 1504
11806 # 1504
11807 # 1504
11808 # 1504
11808 + 100
11809 # 1504
11809 - 100 1
11810 # 1504
11811 # 1504
11812 # 1504
11813 # 1504
11813 + 100
11814 # 1504
11814 - 100 1
11815 # 1504
11816 # 1504
11817 # 1504
11818 # 1504
11818 + 100
11819 # 1504
11819 - 100 1
11820 # 1504
11821 # 1504
11822 # 1504
11822 + 100
11823 # 1504
11823 - 100 1
11824 # 1504
11825 # 1504
11826 # 1504
11827 # 1504
11827 + 100
11828 # 1504
11828 - 100 1
11829 # 1504
11830 # 1504
11831 # 1504
11832 # 1504
11832 + 100
11833 # 1504
11833 - 100 1
11834 # 1504
11835 # 1504
11836 # 1504
11837 # 1504
11837 + 100
11838 # 1504
11838 - 100 1
11839 # 1504
11840 # 1504
11841 # 1504
11842 # 1504
11843 # 1504
11843 + 100
11844 # 1504
11844 - 100 1
11845 # 1504
11846 # 1504
11846 + 100
11847 # 1504
11847 - 100 1
11848 # 1504
11849 # 1504
11849 + 100
11850 # 1504
11850 - 100 1
11851 # 1504
11851 + 100
11852 # 1504
11852 - 100 1
11853 # 1504
11853 + 100
11854 # 1504
11854 - 100 1
11855 # 1504
11856 # 1504
11856 + 100
11857 # 1504
11857 - 100 1
11858 # 1504
11858 + 100
11859 # 1504
11859 - 100 1
11860 # 1504
11861 # 1504
11861 + 100
11862 # 1504
11862 - 100 1
11863 # 1504
11864 # 1504
11865 # 1504
11865 + 100
11866 # 1504
11866 - 100 1
11867 # 1504
11868 # 1504
11868 + 100
11869 # 1504
11869 - 100 1
11870 # 1504
11870 + 100
11871 # 1504
11871 - 100 1
11872 # 1504
11873 # 1504
11873 + 100
11874 # 1504
11874 - 100 1
11875 # 1504
11876 # 1504
11877 # 1504
11878 # 1504
11878 + 100
11879 # 1504
11879 - 100 1
11880 # 1504
11881 # 1504
11882 # 1504
11882 + 100
11883 # 1504
11883 - 100 1
11884 # 1504
11884 + 100
11885 # 1504
11885 - 100 1
11886 # 1504
11887 # 1504
11888 # 1504
11888 + 100
11889 # 1504
11889 - 100 1
11890 # 1504
11891 # 1504
11892 # 1504
11893 # 1504
11893 + 100
11894 # 1504
11894 - 100 1
11895 # 1504
11896 # 1504
11897 # 1504
11898 # 1504
11898 + 100
11899 # 1504
11899 - 100 1
11900 # 1504
11901 # 1504
11902 # 1504
11903 # 1504
11903 + 100
11904 # 1504
11904 - 100 1
11905 # 1504
11906 # 1504
11907 # 1504
11908 # 1504
11908 + 100
11909 # 1504
11909 - 100 1
11910 # 1504
11911 # 1504
11911 + 100
11912 # 1504
11912 - 100 1
11913 # 1504
11913 + 100
11914 # 1504
11914 - 100 1
11915 # 1504
11916 # 1504
11916 + 100
11917 # 1504
11917 - 100 1
11918 # 1504
11919 # 1504
11920 # 1504
11921 # 1504
11921 + 100
11922 # 1504
11922 - 100 1
11923 # 1504
11924 # 1504
11924 + 100
11925 # 1504
11925 - 100 1
11926 # 1504
11926 + 100
11927 # 1504
11927 - 100 1
11928 # 1504
11929 # 1504
11929 + 100
11930 # 1504
11930 - 100 1
11931 # 1504
11932 # 1504
11932 + 100
11933 # 1504
11933 - 100 1
11934 # 1504
11935 # 1504
11935 + 100
11936 # 1504
11936 - 100 1
11937 # 1504
11938 # 1504
11938 + 100
11939 # 1504
11939 - 100 1
11940 # 1504
11941 # 1504
11942 # 1504
11943 # 1504
11943 + 100
11944 # 1504
11944 - 100 1
11945 # 1504
11946 # 1504
11946 + 100
11947 # 1504
11947 - 100 1
11948 # 1504
11948 + 100
11949 # 1504
11949 - 100 1
11950 # 1504
11951 # 1504
11951 + 100
11952 # 1504
11952 - 100 1
11953 # 1504
11954 # 1504
11954 + 100
11955 # 1504
11955 - 100 1
11956 # 1504
11957 # 1504
11957 + 100
11958 # 1504
11958 - 100 1
11959 # 1504
11960 # 1504
11960 + 100
11961 # 1504
11961 - 100 1
11962 # 1504
11962 + 100
11963 # 1504
11963 - 100 1
11964 # 1504
11965 # 1504
11965 + 100
11966 # 1504
11966 - 100 1
11967 # 1504
11968 # 1504
11968 + 100
11969 # 1504
11969 - 100 1
11970 # 1504
11971 # 1504
11971 + 100
11972 # 1504
11972 - 100 1
11973 # 1504
11974 # 1504
11974 + 100
11975 # 1504
11975 - 100 1
11976 # 1504
11977 # 1504
11977 + 100
11978 # 1504
11978 - 100 1
11979 # 1504
11980 # 1504
11980 + 100
11981 # 1504
11981 - 100 1
11982 # 1504
11982 + 100
11983 # 1504
11983 - 100 1
11984 # 1504
11985 # 1504
11985 + 100
11986 # 1504
11986 - 100 1
11987 # 1504
11988 # 1504
11988 + 100
11989 # 1504
11989 - 100 1
11990 # 1504
11991 # 1504
11991 + 100
11992 # 1504
11992 - 100 1
11993 # 1504
11994 # 1504
11995 # 1504
11996 # 1504
11996 + 100
11997 # 1504
11997 - 100 1
11998 # 1504
11999 # 1504
11999 + 100
12000 # 1504
12000 - 100 1
12001 # 1504
12001 + 100
12002 # 1504
12002 - 100 1
12003 # 1504
12004 # 1504
12004 + 100
12005 # 1504
12005 - 100 1
12006 # 1504
12007 # 1504
12007 + 100
12008 # 1504
12008 - 100 1
12009 # 1504
12010 # 1504
12010 + 100
12011 # 1504
12011 - 100 1
12012 # 1504
12013 # 1504
12013 + 100
12014 # 1504
12014 - 100 1
12015 # 1504
12016 # 1504
12016 + 100
12017 # 1504
12017 - 100 1
12018 # 1504
12018 + 100
12019 # 1504
12019 - 100 1
12020 # 1504
12021 # 1504
12022 # 1504
12023 # 1504
12023 + 100
12024 # 1504
12024 - 100 1
12025 # 1504
12026 # 1504
12027 # 1504
12028 # 1504
12028 + 100
12029 # 1504
12029 - 100 1
12030 # 1504
12031 # 1504
12032 # 1504
12032 + 100
12033 # 1504
12033 - 100 1
12034 # 1504
12035 # 1504
12035 + 100
12036 # 1504
12036 - 100 1
12037 # 1504
12037 + 100
12038 # 1504
12038 - 100 1
12039 # 1504
12040 # 1504
12041 # 1504
12042 # 1504
12042 + 100
12043 # 1504
12043 - 100 1
12044 # 1504
12045 # 1504
12046 # 1504
12047 # 1504
12047 + 100
12048 # 1504
12048 - 100 1
12049 # 1504
12050 # 1504
12051 # 1504
12052 # 1504
12052 + 100
12053 # 1504
12053 - 100 1
12054 # 1504
12055 # 1504
12055 + 100
12056 # 1504
12056 - 100 1
12057 # 1504
12057 + 100
12058 # 1504
12058 - 100 1
12059 # 1504
12060 # 1504
12061 # 1504
12062 # 1504
12062 + 100
12063 # 1504
12063 - 100 1
12064 # 1504
12065 # 1504
12066 # 1504
12067 # 1504
12067 + 100
12068 # 1504
12068 - 100 1
12069 # 1504
12070 # 1504
12071 # 1504
12071 + 100
12072 # 1504
12072 - 100 1
12073 # 1504
12074 # 1504
12074 + 100
12075 # 1504
12075 - 100 1
12076 # 1504
12076 + 100
12077 # 1504
12077 - 100 1
12078 # 1504
12079 # 1504
12079 + 100
12080 # 1504
12080 - 100 1
12081 # 1504
12082 # 1504
12083 # 1504
12084 # 1504
12084 + 100
12085 # 1504
12085 - 100 1
12086 # 1504
12087 # 1504
12088 # 1504
12089 # 1504
12089 + 100
12090 # 1504
12090 - 100 1
12091 # 1504
12092 # 1504
12093 # 1504
12093 + 100
12094 # 1504
12094 - 100 1
12095 # 1504
12096 # 1504
12097 # 1504
12098 # 1504
12098 + 100
12099 # 1504
12099 - 100 1
12100 # 1504
12101 # 1504
12102 # 1504
12103 # 1504
12103 + 100
12104 # 1504
12104 - 100 1
12105 # 1504
12106 # 1504
12107 # 1504
12108 # 1504
12108 + 100
12109 # 1504
12109 - 100 1
12110 # 1504
12111 # 1504
12112 # 1504
12113 # 1504
12113 + 100
12114 # 1504
12114 - 100 1
12115 # 1504
12116 # 1504
12117 # 1504
12117 + 100
12118 # 1504
12118 - 100 1
12119 # 1504
12120 # 1504
12121 # 1504
12122 # 1504
12122 + 100
12123 # 1504
12123 - 100 1
12124 # 1504
12125 # 1504
12126 # 1504
12127 # 1504
12127 + 100
12128 # 1504
12128 - 100 1
12129 # 1504
12130 # 1504
12131 # 1504
12131 + 100
12132 # 1504
12132 - 100 1
12133 # 1504
12134 # 1504
12134 + 100
12135 # 1504
12135 - 100 1
12136 # 1504
12136 + 100
12137 # 1504
12137 - 100 1
12138 # 1504
12139 # 1504
12140 # 1504
12141 # 1504
12141 + 100
12142 # 1504
12142 - 100 1
12143 # 1504
12144 # 1504
12145 # 1504
12146 # 1504
12146 + 100
12147 # 1504
12147 - 100 1
12148 # 1504
12149 # 1504
12150 # 1504
12151 # 1504
12151 + 100
12152 # 1504
12152 - 100 1
12153 # 1504
12154 # 1504
12155 # 1504
12156 # 1504
12156 + 100
12157 # 1504
12157 - 100 1
12158 # 1504
12159 # 1504
12160 # 1504
12160 + 100
12161 # 1504
12161 - 100 1
12162 # 1504
12163 # 1504
12164 # 1504
12164 + 100
12165 # 1504
12165 - 100 1
12166 # 1504
12166 + 100
12167 # 1504
12167 - 100 1
12168 # 1504
12169 # 1504
12169 + 100
12170 # 1504
12170 - 100 1
12171 # 1504
12172 # 1504
12172 + 100
12173 # 1504
12173 - 100 1
12174 # 1504
12175 # 1504
12176 # 1504
12176 + 100
12177 # 1504
12177 - 100 1
12178 # 1504
12179 # 1504
12180 # 1504
12181 # 1504
12181 + 100
12182 # 1504
12182 - 100 1
12183 # 1504
12184 # 1504
12185 # 1504
12186 # 1504
12186 + 100
12187 # 1504
12187 - 100 1
12188 # 1504
12189 # 1504
12190 # 1504
12191 # 1504
12192 # 1504
12193 # 1504
12194 # 1504
12195 # 1504
12195 + 100
12195 + 100
12196 # 1504
12196 - 100 1
12196 - 100 1
12197 # 1504
12198 # 1504
12199 # 1504
12199 + 100
12200 # 1504
12200 - 100 1
12201 # 1504
12202 # 1504
12203 # 1504
12204 # 1504
12205 # 1504
12205 + 100
12206 # 1504
12206 - 100 1
12206 + 100
12207 # 1504
12207 - 100 1
12208 # 1504
12209 # 1504
12210 # 1504
12211 # 1504
12212 # 1504
12212 + 100
12213 # 1504
12213 - 100 1
12214 # 1504
12215 # 1504
12215 + 100
12215 + 100
12216 # 1504
12216 - 100 1
12216 - 100 1
12217 # 1504
12218 # 1504
12219 # 1504
12220 # 1504
12220 + 100
12221 # 1504
12221 - 100 1
12222 # 1504
12223 # 1504
12224 # 1504
12225 # 1504
12226 # 1504
12227 # 1504
12228 # 1504
12229 # 1504
12230 # 1504
12231 # 1504
12232 # 1504
12233 # 1504
12234 # 1504
12235 # 1504
12236 # 1504
12237 # 1504
12238 # 1504
12239 # 1504
12240 # 1504
12241 # 1504
12242 # 1504
12243 # 1504
12244 # 1504
12244 + 100
12245 # 1504
12245 - 100 1
12246 # 1504
12247 # 1504
12248 # 1504
12249 # 1504
12250 # 1504
12251 # 1504
12252 # 1504
12253 # 1504
12254 # 1504
12255 # 1504
12256 # 1504
12257 # 1504
12258 # 1504
12259 # 1504
12260 # 1504
12261 # 1504
12262 # 1504
12263 # 1504
12264 # 1504
12265 # 1504
12266 # 1504
12267 # 1504
12268 # 1504
12268 + 100
12268 + 100
12268 + 100
12268 + 100
12269 # 1504
12269 - 100 1
12269 - 100 1
12269 - 100 1
12269 - 100 1
12270 # 1504
12270 + 100
12271 # 1504
12271 - 100 1
12272 # 1504
12272 + 100
12272 + 100
12273 # 1504
12273 - 100 1
12273 - 100 1
12273 + 100
12274 # 1504
12274 - 100 1
12274 + 100
12275 # 1504
12275 - 100 1
12275 + 100
12276 # 1504
12276 - 100 1
12277 # 1504
12277 + 100
12278 # 1504
12278 - 100 1
12279 # 1504
12280 # 1504
12281 # 1504
12281 + 100
12282 # 1504
12282 - 100 1
12283 # 1504
12284 # 1504
12285 # 1504
12286 # 1504
12287 # 1504
12288 # 1504
12289 # 1504
12289 + 100
12290 # 1504
12290 - 100 1
12291 # 1504
12292 # 1504
12292 + 100
12293 # 1504
12293 - 100 1
12294 # 1504
12295 # 1504
12296 # 1504
12297 # 1504
12298 # 1504
12299 # 1504
12300 # 1504
12301 # 1504
12302 # 1504
12303 # 1504
12304 # 1504
12305 # 1504
12306 # 1504
12307 # 1504
12308 # 1504
12309 # 1504
12310 # 1504
12311 # 1504
12312 # 1504
12313 # 1504
12314 # 1504
12315 # 1504
12316 # 1504
12317 # 1504
12318 # 1504
12319 # 1504
12319 + 100
12320 # 1504
12320 - 100 1
12321 # 1504
12322 # 1504
12323 # 1504
12324 # 1504
12325 # 1504
12325 + 100
12325 + 100
12325 + 100
12325 + 100
12325 + 100
12326 # 1504
12326 - 100 1
12326 - 100 1
12326 - 100 1
12326 - 100 1
12326 - 100 1
12327 # 1504
12328 # 1504
12328 + 100
12329 # 1504
12329 - 100 1
12329 + 100
12330 # 1504
12330 - 100 1
12331 # 1504
12332 # 1504
12333 # 1504
12334 # 1504
12335 # 1504
12336 # 1504
12336 + 100
12337 # 1504
12337 - 100 1
12338 # 1504
12339 # 1504
12340 # 1504
12341 # 1504
12342 # 1504
12343 # 1504
12344 # 1504
12344 + 100
12345 # 1504
12345 - 100 1
12346 # 1504
12347 # 1504
12348 # 1504
12349 # 1504
12350 # 1504
12351 # 1504
12352 # 1504
12353 # 1504
12354 # 1504
12355 # 1504
12356 # 1504
12357 # 1504
12358 # 1504
12359 # 1504
12360 # 1504
12361 # 1504
12362 # 1504
12363 # 1504
12364 # 1504
12365 # 1504
12366 # 1504
12367 # 1504
12368 # 1504
12369 # 1504
12370 # 1504
12371 # 1504
12372 # 1504
12373 # 1504
12374 # 1504
12375 # 1504
12376 # 1504
12377 # 1504
12378 # 1504
12379 # 1504
12380 # 1504
12381 # 1504
12382 # 1504
12383 # 1504
12384 # 1504
12385 # 1504
12386 # 1504
12387 # 1504
12388 # 1504
12389 # 1504
12390 # 1504
12391 # 1504
12392 # 1504
12393 # 1504
12394 # 1504
12395 # 1504
12396 # 1504
12397 # 1504
12398 # 1504
12399 # 1504
12400 # 1504
12401 # 1504
12402 # 1504
12403 # 1504
12404 # 1504
12405 # 1504
12406 # 1504
12407 # 1504
12408 # 1504
12409 # 1504
12410 # 1504
12411 # 1504
12412 # 1504
12413 # 1504
12414 # 1504
12415 # 1504
12416 # 1504
12417 # 1504
12418 # 1504
12419 # 1504
12420 # 1504
12421 # 1504
12422 # 1504
12423 # 1504
12424 # 1504
12425 # 1504
12426 # 1504
12427 # 1504
12428 # 1504
12429 # 1504
12430 # 1504
12431 # 1504
12432 # 1504
12433 # 1504
12434 # 1504
12435 # 1504
12436 # 1504
12437 # 1504
12438 # 1504
12439 # 1504
12440 # 1504
12441 # 1504
12442 # 1504
12443 # 1504
12444 # 1504
12445 # 1504
12446 # 1504
12447 # 1504
12448 # 1504
12449 # 1504
12450 # 1504
12451 # 1504
12452 # 1504
12453 # 1504
12454 # 1504
12455 # 1504
12456 # 1504
12457 # 1504
12458 # 1504
12459 # 1504
12460 # 1504
12461 # 1504
12462 # 1504
12463 # 1504
12464 # 1504
12465 # 1504
12466 # 1504
12466 + 100
12467 # 1504
12467 - 100 1
12467 + 100
12468 # 1504
12468 - 100 1
12468 + 100
12469 # 1504
12469 - 100 1
12469 + 100
12470 # 1504
12470 - 100 1
12471 # 1504
12471 + 100
12472 # 1504
12472 - 100 1
12472 + 100
12473 # 1504
12473 - 100 1
12474 # 1504
12475 # 1504
12476 # 1504
12476 + 100
12476 + 100
12476 + 100
12476 + 100
12476 + 100
12477 # 1504
12477 - 100 1
12477 - 100 1
12477 - 100 1
12477 - 100 1
12477 - 100 1
12478 # 1504
12478 + 100
12478 + 100
12479 # 1504
12479 - 100 1
12479 - 100 1
12479 + 100
12480 # 1504
12480 - 100 1
12480 + 100
12481 # 1504
12481 - 100 1
12481 + 100
12482 # 1504
12482 - 100 1
12482 + 100
12483 # 1504
12483 - 100 1
12484 # 1504
12484 + 100
12485 # 1504
12485 - 100 1
12486 # 1504
12486 + 100
12486 + 100
12486 + 100
12487 # 1504
12487 - 100 1
12487 - 100 1
12487 - 100 1
12487 + 100
12488 # 1504
12488 - 100 1
12488 + 100
12489 # 1504
12489 - 100 1
12489 + 100
12490 # 1504
12490 - 100 1
12491 # 1504
12492 # 1504
12492 + 100
12492 + 100
12493 # 1504
12493 - 100 1
12493 - 100 1
12494 # 1504
12494 + 100
12494 + 100
12495 # 1504
12495 - 100 1
12495 - 100 1
12495 + 100
12496 # 1504
12496 - 100 1
12496 + 100
12497 # 1504
12497 - 100 1
12498 # 1504
12498 + 100
12499 # 1504
12499 - 100 1
12499 + 100
12499 + 100
12500 # 1504
12500 - 100 1
12500 - 100 1
12500 + 100
12501 # 1504
12501 - 100 1
12502 # 1504
12503 # 1504
12504 # 1504
12505 # 1504
12505 + 100
12506 # 1504
12506 - 100 1
12507 # 1504
12507 + 100
12508 # 1504
12508 - 100 1
12509 # 1504
12510 # 1504
12511 # 1504
12511 + 100
12512 # 1504
12512 - 100 1
12512 + 100
12513 # 1504
12513 - 100 1
12514 # 1504
12515 # 1504
12515 + 100
12516 # 1504
12516 - 100 1
12517 # 1504
12518 # 1504
12519 # 1504
12519 + 100
12520 # 1504
12520 - 100 1
12521 # 1504
12522 # 1504
12523 # 1504
12523 + 100
12524 # 1504
12524 - 100 1
12525 # 1504
12526 # 1504
12527 # 1504
12527 + 100
12528 # 1504
12528 - 100 1
12529 # 1504
12530 # 1504
12531 # 1504
12531 + 100
12532 # 1504
12532 - 100 1
12533 # 1504
12534 # 1504
12535 # 1504
12536 # 1504
12536 + 100
12537 # 1504
12537 - 100 1
12538 # 1504
12539 # 1504
12539 + 100
12540 # 1504
12540 - 100 1
12541 # 1504
12542 # 1504
12542 + 100
12543 # 1504
12543 - 100 1
12544 # 1504
12545 # 1504
12545 + 100
12546 # 1504
12546 - 100 1
12547 # 1504
12548 # 1504
12548 + 100
12549 # 1504
12549 - 100 1
12550 # 1504
12551 # 1504
12552 # 1504
12553 # 1504
12554 # 1504
12555 # 1504
12556 # 1504
12557 # 1504
12558 # 1504
12559 # 1504
12560 # 1504
12561 # 1504
12562 # 1504
12563 # 1504
12564 # 1504
12565 # 1504
12566 # 1504
12567 # 1504
12568 # 1504
12569 # 1504
12570 # 1504
12571 # 1504
12572 # 1504
12573 # 1504
12574 # 1504
12575 # 1504
12576 # 1504
12577 # 1504
12578 # 1504
12579 # 1504
12580 # 1504
12581 # 1504
12581 + 100
12582 # 1504
12582 - 100 1
12582 + 100
12583 # 1504
12583 - 100 1
12583 + 100
12584 # 1504
12584 - 100 1
12585 # 1504
12585 + 100
12585 + 100
12586 # 1504
12586 - 100 1
12586 - 100 1
12586 + 100
12587 # 1504
12587 - 100 1
12587 + 100
12588 # 1504
12588 - 100 1
12588 + 100
12589 # 1504
12589 - 100 1
12590 # 1504
12591 # 1504
12591 + 100
12592 # 1504
12592 - 100 1
12593 # 1504
12594 # 1504
12595 # 1504
12596 # 1504
12597 # 1504
12598 # 1504
12598 + 100
12599 # 1504
12599 - 100 1
12600 # 1504
12601 # 1504
12602 # 1504
12603 # 1504
12603 + 100
12604 # 1504
12604 - 100 1
12605 # 1504
12606 # 1504
12607 # 1504
12608 # 1504
12608 + 100
12609 # 1504
12609 - 100 1
12610 # 1504
12611 # 1504
12612 # 1504
12613 # 1504
12613 + 100
12614 # 1504
12614 - 100 1
12615 # 1504
12615 + 100
12616 # 1504
12616 - 100 1
12617 # 1504
12618 # 1504
12619 # 1504
12620 # 1504
12621 # 1504
12622 # 1504
12622 + 100
12623 # 1504
12623 - 100 1
12624 # 1504
12625 # 1504
12626 # 1504
12627 # 1504
12628 # 1504
12628 + 100
12629 # 1504
12629 - 100 1
12630 # 1504
12631 # 1504
12631 + 100
12632 # 1504
12632 - 100 1
12633 # 1504
12634 # 1504
12635 # 1504
12635 + 100
12636 # 1504
12636 - 100 1
12637 # 1504
12638 # 1504
12639 # 1504
12639 + 100
12640 # 1504
12640 - 100 1
12641 # 1504
12642 # 1504
12643 # 1504
12644 # 1504
12644 + 100
12645 # 1504
12645 - 100 1
12646 # 1504
12647 # 1504
12648 # 1504
12649 # 1504
12650 # 1504
12651 # 1504
12651 + 100
12652 # 1504
12652 - 100 1
12653 # 1504
12654 # 1504
12655 # 1504
12655 + 100
12656 # 1504
12656 - 100 1
12657 # 1504
12658 # 1504
12659 # 1504
12660 # 1504
12661 # 1504
12661 + 100
12662 # 1504
12662 - 100 1
12663 # 1504
12663 + 100
12664 # 1504
12664 - 100 1
12665 # 1504
12666 # 1504
12666 + 100
12667 # 1504
12667 - 100 1
12668 # 1504
12669 # 1504
12670 # 1504
12670 + 100
12671 # 1504
12671 - 100 1
12672 # 1504
12673 # 1504
12674 # 1504
12674 + 100
12675 # 1504
12675 - 100 1
12676 # 1504
12676 + 100
12677 # 1504
12677 - 100 1
12678 # 1504
12679 # 1504
12679 + 100
12680 # 1504
12680 - 100 1
12681 # 1504
12682 # 1504
12683 # 1504
12683 + 100
12684 # 1504
12684 - 100 1
12685 # 1504
12686 # 1504
12686 + 100
12687 # 1504
12687 - 100 1
12688 # 1504
12689 # 1504
12690 # 1504
12691 # 1504
12692 # 1504
12692 + 100
12693 # 1504
12693 - 100 1
12694 # 1504
12695 # 1504
12696 # 1504
12697 # 1504
12697 + 100
12698 # 1504
12698 - 100 1
12699 # 1504
12700 # 1504
12701 # 1504
12702 # 1504
12702 + 100
12703 # 1504
12703 - 100 1
12704 # 1504
12705 # 1504
12706 # 1504
12706 + 100
12707 # 1504
12707 - 100 1
12708 # 1504
12709 # 1504
12710 # 1504
12711 # 1504
12711 + 100
12712 # 1504
12712 - 100 1
12713 # 1504
12714 # 1504
12714 + 100
12715 # 1504
12715 - 100 1
12716 # 1504
12717 # 1504
12718 # 1504
12718 + 100
12719 # 1504
12719 - 100 1
12720 # 1504
12721 # 1504
12722 # 1504
12722 + 100
12723 # 1504
12723 - 100 1
12724 # 1504
12725 # 1504
12725 + 100
12726 # 1504
12726 - 100 1
12727 # 1504
12728 # 1504
12729 # 1504
12730 # 1504
12730 + 100
12731 # 1504
12731 - 100 1
12732 # 1504
12733 # 1504
12734 # 1504
12735 # 1504
12735 + 100
12736 # 1504
12736 - 100 1
12737 # 1504
12738 # 1504
12739 # 1504
12739 + 100
12740 # 1504
12740 - 100 1
12741 # 1504
12742 # 1504
12743 # 1504
12743 + 100
12744 # 1504
12744 - 100 1
12745 # 1504
12746 # 1504
12746 + 100
12747 # 1504
12747 - 100 1
12748 # 1504
12749 # 1504
12750 # 1504
12750 + 100
12751 # 1504
12751 - 100 1
12752 # 1504
12752 + 100
12753 # 1504
12753 - 100 1
12754 # 1504
12755 # 1504
12756 # 1504
12757 # 1504
12758 # 1504
12758 + 100
12759 # 1504
12759 - 100 1
12760 # 1504
12761 # 1504
12761 + 100
12762 # 1504
12762 - 100 1
12763 # 1504
12764 # 1504
12765 # 1504
12766 # 1504
12766 + 100
12767 # 1504
12767 - 100 1
12768 # 1504
12769 # 1504
12770 # 1504
12770 + 100
12771 # 1504
12771 - 100 1
12772 # 1504
12773 # 1504
12774 # 1504
12775 # 1504
12776 # 1504
12777 # 1504
12778 # 1504
12779 # 1504
12780 # 1504
12781 # 1504
12782 # 1504
12783 # 1504
12784 # 1504
12785 # 1504
12786 # 1504
12787 # 1504
12788 # 1504
12789 # 1504
12790 # 1504
12791 # 1504
12792 # 1504
12793 # 1504
12794 # 1504
12795 # 1504
12796 # 1504
12797 # 1504
12798 # 1504
12799 # 1504
12800 # 1504
12801 # 1504
12802 # 1504
12803 # 1504
12804 # 1504
12805 # 1504
12806 # 1504
12807 # 1504
12808 # 1504
12809 # 1504
12810 # 1504
12811 # 1504
12812 # 1504
12813 # 1504
12814 # 1504
12815 # 1504
12815 + 100
12816 # 1504
12816 - 100 1
12817 # 1504
12817 + 100
12818 # 1504
12818 - 100 1
12818 + 100
12819 # 1504
12819 - 100 1
12820 # 1504
12820 + 100
12820 + 100
12821 # 1504
12821 - 100 1
12821 - 100 1
12822 # 1504
12823 # 1504
12824 # 1504
12825 # 1504
12826 # 1504
12827 # 1504
12828 # 1504
12829 # 1504
12830 # 1504
12831 # 1504
12832 # 1504
12833 # 1504
12834 # 1504
12835 # 1504
12836 # 1504
12837 # 1504
12837 + 100
12837 + 100
12837 + 100
12837 + 100
12837 + 100
12837 + 100
12838 # 1504
12838 - 100 1
12838 - 100 1
12838 - 100 1
12838 - 100 1
12838 - 100 1
12838 - 100 1
12839 # 1504
12840 # 1504
12840 + 100
12840 + 100
12841 # 1504
12841 - 100 1
12841 - 100 1
12842 # 1504
12842 + 100
12842 + 100
12843 # 1504
12843 - 100 1
12843 - 100 1
12844 # 1504
12845 # 1504
12846 # 1504
12846 + 100
12847 # 1504
12847 - 100 1
12848 # 1504
12849 # 1504
12850 # 1504
12850 + 100
12851 # 1504
12851 - 100 1
12852 # 1504
12853 # 1504
12854 # 1504
12855 # 1504
12856 # 1504
12856 + 100
12857 # 1504
12857 - 100 1
12858 # 1504
12859 # 1504
12860 # 1504
12861 # 1504
12862 # 1504
12863 # 1504
12863 + 100
12864 # 1504
12864 - 100 1
12865 # 1504
12865 + 100
12866 # 1504
12866 - 100 1
12867 # 1504
12868 # 1504
12869 # 1504
12869 + 100
12870 # 1504
12870 - 100 1
12871 # 1504
12872 # 1504
12873 # 1504
12873 + 100
12874 # 1504
12874 - 100 1
12875 # 1504
12876 # 1504
12877 # 1504
12878 # 1504
12878 + 100
12879 # 1504
12879 - 100 1
12880 # 1504
12881 # 1504
12882 # 1504
12883 # 1504
12883 + 100
12884 # 1504
12884 - 100 1
12885 # 1504
12886 # 1504
12887 # 1504
12887 + 100
12888 # 1504
12888 - 100 1
12889 # 1504
12890 # 1504
12891 # 1504
12892 # 1504
12892 + 100
12893 # 1504
12893 - 100 1
12894 # 1504
12895 # 1504
12896 # 1504
12897 # 1504
12897 + 100
12898 # 1504
12898 - 100 1
12899 # 1504
12900 # 1504
12901 # 1504
12902 # 1504
12902 + 100
12903 # 1504
12903 - 100 1
12904 # 1504
12905 # 1504
12906 # 1504
12907 # 1504
12907 + 100
12908 # 1504
12908 - 100 1
12909 # 1504
12910 # 1504
12911 # 1504
12911 + 100
12912 # 1504
12912 - 100 1
12913 # 1504
12914 # 1504
12915 # 1504
12916 # 1504
12916 + 100
12917 # 1504
12917 - 100 1
12918 # 1504
12919 # 1504
12920 # 1504
12921 # 1504
12921 + 100
12922 # 1504
12922 - 100 1
12923 # 1504
12924 # 1504
12925 # 1504
12926 # 1504
12926 + 100
12927 # 1504
12927 - 100 1
12928 # 1504
12929 # 1504
12930 # 1504
12931 # 1504
12931 + 100
12932 # 1504
12932 - 100 1
12933 # 1504
12934 # 1504
12935 # 1504
12935 + 100
12936 # 1504
12936 - 100 1
12937 # 1504
12938 # 1504
12939 # 1504
12940 # 1504
12940 + 100
12941 # 1504
12941 - 100 1
12942 # 1504
12943 # 1504
12944 # 1504
12944 + 100
12945 # 1504
12945 - 100 1
12946 # 1504
12947 # 1504
12948 # 1504
12948 + 100
12949 # 1504
12949 - 100 1
12950 # 1504
12951 # 1504
12951 + 100
12952 # 1504
12952 - 100 1
12953 # 1504
12954 # 1504
12955 # 1504
12956 # 1504
12956 + 100
12957 # 1504
12957 - 100 1
12958 # 1504
12959 # 1504
12960 # 1504
12960 + 100
12961 # 1504
12961 - 100 1
12962 # 1504
12963 # 1504
12964 # 1504
12965 # 1504
12965 + 100
12966 # 1504
12966 - 100 1
12967 # 1504
12968 # 1504
12969 # 1504
12970 # 1504
12970 + 100
12971 # 1504
12971 - 100 1
12972 # 1504
12973 # 1504
12974 # 1504
12975 # 1504
12975 + 100
12976 # 1504
12976 - 100 1
12977 # 1504
12978 # 1504
12979 # 1504
12979 + 100
12980 # 1504
12980 - 100 1
12981 # 1504
12982 # 1504
12983 # 1504
12984 # 1504
12984 + 100
12985 # 1504
12985 - 100 1
12986 # 1504
12987 # 1504
12988 # 1504
12988 + 100
12989 # 1504
12989 - 100 1
12990 # 1504
12991 # 1504
12992 # 1504
12992 + 100
12993 # 1504
12993 - 100 1
12994 # 1504
12994 + 100
12995 # 1504
12995 - 100 1
12996 # 1504
12997 # 1504
12998 # 1504
12999 # 1504
13000 # 1504
13000 + 100
13001 # 1504
13001 - 100 1
13002 # 1504
13003 # 1504
13004 # 1504
13004 + 100
13005 # 1504
13005 - 100 1
13006 # 1504
13007 # 1504
13008 # 1504
13009 # 1504
13009 + 100
13010 # 1504
13010 - 100 1
13011 # 1504
13012 # 1504
13013 # 1504
13014 # 1504
13014 + 100
13015 # 1504
13015 - 100 1
13016 # 1504
13017 # 1504
13018 # 1504
13019 # 1504
13019 + 100
13020 # 1504
13020 - 100 1
13021 # 1504
13022 # 1504
13023 # 1504
13023 + 100
13024 # 1504
13024 - 100 1
13025 # 1504
13026 # 1504
13027 # 1504
13028 # 1504
13028 + 100
13029 # 1504
13029 - 100 1
13030 # 1504
13031 # 1504
13032 # 1504
13033 # 1504
13033 + 100
13034 # 1504
13034 - 100 1
13035 # 1504
13036 # 1504
13037 # 1504
13037 + 100
13038 # 1504
13038 - 100 1
13039 # 1504
13040 # 1504
13041 # 1504
13041 + 100
13042 # 1504
13042 - 100 1
13043 # 1504
13044 # 1504
13044 + 100
13045 # 1504
13045 - 100 1
13046 # 1504
13047 # 1504
13048 # 1504
13048 + 100
13049 # 1504
13049 - 100 1
13050 # 1504
13051 # 1504
13052 # 1504
13053 # 1504
13053 + 100
13054 # 1504
13054 - 100 1
13055 # 1504
13056 # 1504
13057 # 1504
13057 + 100
13058 # 1504
13058 - 100 1
13059 # 1504
13060 # 1504
13061 # 1504
13061 + 100
13062 # 1504
13062 - 100 1
13063 # 1504
13064 # 1504
13064 + 100
13065 # 1504
13065 - 100 1
13066 # 1504
13067 # 1504
13068 # 1504
13068 + 100
13069 # 1504
13069 - 100 1
13070 # 1504
13071 # 1504
13072 # 1504
13073 # 1504
13073 + 100
13074 # 1504
13074 - 100 1
13075 # 1504
13076 # 1504
13077 # 1504
13077 + 100
13078 # 1504
13078 - 100 1
13079 # 1504
13080 # 1504
13081 # 1504
13081 + 100
13082 # 1504
13082 - 100 1
13083 # 1504
13084 # 1504
13084 + 100
13085 # 1504
13085 - 100 1
13086 # 1504
13087 # 1504
13088 # 1504
13088 + 100
13089 # 1504
13089 - 100 1
13090 # 1504
13091 # 1504
13092 # 1504
13093 # 1504
13093 + 100
13094 # 1504
13094 - 100 1
13095 # 1504
13096 # 1504
13097 # 1504
13098 # 1504
13098 + 100
13099 # 1504
13099 - 100 1
13100 # 1504
13101 # 1504
13102 # 1504
13103 # 1504
13103 + 100
13104 # 1504
13104 - 100 1
13105 # 1504
13106 # 1504
13107 # 1504
13108 # 1504
13108 + 100
13109 # 1504
13109 - 100 1
13110 # 1504
13111 # 1504
13112 # 1504
13112 + 100
13113 # 1504
13113 - 100 1
13114 # 1504
13115 # 1504
13116 # 1504
13117 # 1504
13117 + 100
13118 # 1504
13118 - 100 1
13119 # 1504
13120 # 1504
13120 + 100
13121 # 1504
13121 - 100 1
13122 # 1504
13122 + 100
13123 # 1504
13123 - 100 1
13124 # 1504
13125 # 1504
13126 # 1504
13126 + 100
13127 # 1504
13127 - 100 1
13128 # 1504
13129 # 1504
13129 + 100
13130 # 1504
13130 - 100 1
13131 # 1504
13132 # 1504
13133 # 1504
13133 + 100
13134 # 1504
13134 - 100 1
13135 # 1504
13136 # 1504
13137 # 1504
13138 # 1504
13138 + 100
13139 # 1504
13139 - 100 1
13140 # 1504
13141 # 1504
13142 # 1504
13142 + 100
13143 # 1504
13143 - 100 1
13144 # 1504
13145 # 1504
13145 + 100
13146 # 1504
13146 - 100 1
13147 # 1504
13148 # 1504
13148 + 100
13149 # 1504
13149 - 100 1
13150 # 1504
13151 # 1504
13152 # 1504
13152 + 100
13153 # 1504
13153 - 100 1
13154 # 1504
13155 # 1504
13156 # 1504
13156 + 100
13157 # 1504
13157 - 100 1
13158 # 1504
13159 # 1504
13160 # 1504
13161 # 1504
13161 + 100
13162 # 1504
13162 - 100 1
13163 # 1504
13164 # 1504
13165 # 1504
13166 # 1504
13166 + 100
13167 # 1504
13167 - 100 1
13168 # 1504
13169 # 1504
13170 # 1504
13171 # 1504
13171 + 100
13172 # 1504
13172 - 100 1
13173 # 1504
13174 # 1504
13175 # 1504
13175 + 100
13176 # 1504
13176 - 100 1
13177 # 1504
13178 # 1504
13179 # 1504
13180 # 1504
13180 + 100
13181 # 1504
13181 - 100 1
13182 # 1504
13183 # 1504
13184 # 1504
13185 # 1504
13185 + 100
13186 # 1504
13186 - 100 1
13187 # 1504
13188 # 1504
13189 # 1504
13189 + 100
13190 # 1504
13190 - 100 1
13191 # 1504
13192 # 1504
13192 + 100
13193 # 1504
13193 - 100 1
13194 # 1504
13195 # 1504
13195 + 100
13196 # 1504
13196 - 100 1
13197 # 1504
13198 # 1504
13199 # 1504
13200 # 1504
13200 + 100
13201 # 1504
13201 - 100 1
13202 # 1504
13203 # 1504
13204 # 1504
13205 # 1504
13205 + 100
13206 # 1504
13206 - 100 1
13207 # 1504
13208 # 1504
13209 # 1504
13209 + 100
13210 # 1504
13210 - 100 1
13211 # 1504
13212 # 1504
13212 + 100
13213 # 1504
13213 - 100 1
13214 # 1504
13215 # 1504
13215 + 100
13216 # 1504
13216 - 100 1
13217 # 1504
13218 # 1504
13219 # 1504
13220 # 1504
13220 + 100
13221 # 1504
13221 - 100 1
13222 # 1504
13223 # 1504
13223 + 100
13224 # 1504
13224 - 100 1
13225 # 1504
13226 # 1504
13227 # 1504
13227 + 100
13228 # 1504
13228 - 100 1
13229 # 1504
13229 + 100
13230 # 1504
13230 - 100 1
13231 # 1504
13232 # 1504
13233 # 1504
13234 # 1504
13235 # 1504
13235 + 100
13236 # 1504
13236 - 100 1
13237 # 1504
13238 # 1504
13239 # 1504
13239 + 100
13240 # 1504
13240 - 100 1
13241 # 1504
13242 # 1504
13243 # 1504
13244 # 1504
13244 + 100
13245 # 1504
13245 - 100 1
13246 # 1504
13247 # 1504
13248 # 1504
13248 + 100
13249 # 1504
13249 - 100 1
13250 # 1504
13251 # 1504
13251 + 100
13252 # 1504
13252 - 100 1
13253 # 1504
13254 # 1504
13255 # 1504
13255 + 100
13256 # 1504
13256 - 100 1
13257 # 1504
13258 # 1504
13259 # 1504
13260 # 1504
13260 + 100
13261 # 1504
13261 - 100 1
13262 # 1504
13263 # 1504
13264 # 1504
13264 + 100
13265 # 1504
13265 - 100 1
13266 # 1504
13267 # 1504
13268 # 1504
13269 # 1504
13269 + 100
13270 # 1504
13270 - 100 1
13271 # 1504
13272 # 1504
13273 # 1504
13273 + 100
13274 # 1504
13274 - 100 1
13275 # 1504
13276 # 1504
13276 + 100
13277 # 1504
13277 - 100 1
13278 # 1504
13279 # 1504
13279 + 100
13280 # 1504
13280 - 100 1
13281 # 1504
13282 # 1504
13283 # 1504
13284 # 1504
13285 # 1504
13285 + 100
13286 # 1504
13286 - 100 1
13287 # 1504
13288 # 1504
13288 + 100
13289 # 1504
13289 - 100 1
13290 # 1504
13291 # 1504
13291 + 100
13292 # 1504
13292 - 100 1
13293 # 1504
13293 + 100
13294 # 1504
13294 - 100 1
13295 # 1504
13296 # 1504
13296 + 100
13297 # 1504
13297 - 100 1
13298 # 1504
13299 # 1504
13300 # 1504
13301 # 1504
13301 + 100
13302 # 1504
13302 - 100 1
13303 # 1504
13304 # 1504
13305 # 1504
13305 + 100
13306 # 1504
13306 - 100 1
13307 # 1504
13308 # 1504
13309 # 1504
13309 + 100
13310 # 1504
13310 - 100 1
13311 # 1504
13312 # 1504
13312 + 100
13313 # 1504
13313 - 100 1
13314 # 1504
13315 # 1504
13316 # 1504
13317 # 1504
13317 + 100
13318 # 1504
13318 - 100 1
13319 # 1504
13320 # 1504
13321 # 1504
13321 + 100
13322 # 1504
13322 - 100 1
13323 # 1504
13324 # 1504
13325 # 1504
13325 + 100
13326 # 1504
13326 - 100 1
13327 # 1504
13328 # 1504
13329 # 1504
13329 + 100
13330 # 1504
13330 - 100 1
13331 # 1504
13332 # 1504
13333 # 1504
13333 + 100
13334 # 1504
13334 - 100 1
13335 # 1504
13336 # 1504
13336 + 100
13337 # 1504
13337 - 100 1
13338 # 1504
13339 # 1504
13340 # 1504
13341 # 1504
13342 # 1504
13343 # 1504
13344 # 1504
13345 # 1504
13346 # 1504
13347 # 1504
13348 # 1504
13349 # 1504
13350 # 1504
13351 # 1504
13352 # 1504
13353 # 1504
13354 # 1504
13355 # 1504
13356 # 1504
13357 # 1504
13358 # 1504
13359 # 1504
13360 # 1504
13361 # 1504
13362 # 1504
13363 # 1504
13364 # 1504
13365 # 1504
13366 # 1504
13367 # 1504
13367 + 100
13368 # 1504
13368 - 100 1
13369 # 1504
13369 + 100
13370 # 1504
13370 - 100 1
13370 + 100
13371 # 1504
13371 - 100 1
13372 # 1504
13372 + 100
13372 + 100
13373 # 1504
13373 - 100 1
13373 - 100 1
13373 + 100
13374 # 1504
13374 - 100 1
13374 + 100
13375 # 1504
13375 - 100 1
13375 + 100
13376 # 1504
13376 - 100 1
13377 # 1504
13378 # 1504
13378 + 100
13379 # 1504
13379 - 100 1
13380 # 1504
13381 # 1504
13382 # 1504
13382 + 100
13383 # 1504
13383 - 100 1
13384 # 1504
13385 # 1504
13386 # 1504
13387 # 1504
13388 # 1504
13388 + 100
13389 # 1504
13389 - 100 1
13390 # 1504
13391 # 1504
13391 + 100
13392 # 1504
13392 - 100 1
13393 # 1504
13394 # 1504
13394 + 100
13395 # 1504
13395 - 100 1
13396 # 1504
13397 # 1504
13398 # 1504
13398 + 100
13399 # 1504
13399 - 100 1
13400 # 1504
13400 + 100
13401 # 1504
13401 - 100 1
13402 # 1504
13403 # 1504
13404 # 1504
13405 # 1504
13406 # 1504
13406 + 100
13407 # 1504
13407 - 100 1
13408 # 1504
13409 # 1504
13410 # 1504
13410 + 100
13411 # 1504
13411 - 100 1
13412 # 1504
13413 # 1504
13414 # 1504
13415 # 1504
13415 + 100
13416 # 1504
13416 - 100 1
13417 # 1504
13418 # 1504
13419 # 1504
13419 + 100
13420 # 1504
13420 - 100 1
13421 # 1504
13422 # 1504
13423 # 1504
13424 # 1504
13425 # 1504
13425 + 100
13426 # 1504
13426 - 100 1
13427 # 1504
13428 # 1504
13429 # 1504
13429 + 100
13430 # 1504
13430 - 100 1
13431 # 1504
13432 # 1504
13433 # 1504
13434 # 1504
13435 # 1504
13435 + 100
13436 # 1504
13436 - 100 1
13437 # 1504
13438 # 1504
13438 + 100
13439 # 1504
13439 - 100 1
13440 # 1504
13441 # 1504
13442 # 1504
13442 + 100
13443 # 1504
13443 - 100 1
13444 # 1504
13445 # 1504
13445 + 100
13446 # 1504
13446 - 100 1
13447 # 1504
13448 # 1504
13449 # 1504
13450 # 1504
13451 # 1504
13452 # 1504
13453 # 1504
13454 # 1504
13455 # 1504
13456 # 1504
13457 # 1504
13458 # 1504
13459 # 1504
13460 # 1504
13461 # 1504
13462 # 1504
13463 # 1504
13464 # 1504
13465 # 1504
13466 # 1504
13467 # 1504
13468 # 1504
13469 # 1504
13470 # 1504
13471 # 1504
13472 # 1504
13473 # 1504
13474 # 1504
13475 # 1504
13476 # 1504
13477 # 1504
13478 # 1504
13479 # 1504
13480 # 1504
13481 # 1504
13482 # 1504
13483 # 1504
13484 # 1504
13485 # 1504
13486 # 1504
13487 # 1504
13487 + 100
13488 # 1504
13488 - 100 1
13489 # 1504
13489 + 100
13490 # 1504
13490 - 100 1
13490 + 100
13491 # 1504
13491 - 100 1
13491 + 100
13492 # 1504
13492 - 100 1
13493 # 1504
13493 + 100
13493 + 100
13494 # 1504
13494 - 100 1
13494 - 100 1
13494 + 100
13495 # 1504
13495 - 100 1
13495 + 100
13496 # 1504
13496 - 100 1
13496 + 100
13497 # 1504
13497 - 100 1
13498 # 1504
13498 + 100
13499 # 1504
13499 - 100 1
13499 + 100
13500 # 1504
13500 - 100 1
13501 # 1504
13502 # 1504
13503 # 1504
13504 # 1504
13504 + 100
13505 # 1504
13505 - 100 1
13506 # 1504
13507 # 1504
13507 + 100
13508 # 1504
13508 - 100 1
13509 # 1504
13510 # 1504
13511 # 1504
13511 + 100
13512 # 1504
13512 - 100 1
13513 # 1504
13514 # 1504
13515 # 1504
13516 # 1504
13517 # 1504
13517 + 100
13518 # 1504
13518 - 100 1
13519 # 1504
13519 + 100
13520 # 1504
13520 - 100 1
13520 + 100
13521 # 1504
13521 - 100 1
13522 # 1504
13523 # 1504
13524 # 1504
13525 # 1504
13526 # 1504
13527 # 1504
13527 + 100
13528 # 1504
13528 - 100 1
13529 # 1504
13530 # 1504
13531 # 1504
13531 + 100
13532 # 1504
13532 - 100 1
13533 # 1504
13534 # 1504
13535 # 1504
13535 + 100
13536 # 1504
13536 - 100 1
13537 # 1504
13538 # 1504
13539 # 1504
13540 # 1504
13541 # 1504
13541 + 100
13542 # 1504
13542 - 100 1
13543 # 1504
13544 # 1504
13544 + 100
13545 # 1504
13545 - 100 1
13546 # 1504
13547 # 1504
13548 # 1504
13549 # 1504
13550 # 1504
13551 # 1504
13551 + 100
13552 # 1504
13552 - 100 1
13553 # 1504
13553 + 100
13554 # 1504
13554 - 100 1
13555 # 1504
13556 # 1504
13557 # 1504
13557 + 100
13558 # 1504
13558 - 100 1
13559 # 1504
13560 # 1504
13560 + 100
13561 # 1504
13561 - 100 1
13562 # 1504
13563 # 1504
13564 # 1504
13565 # 1504
13566 # 1504
13566 + 100
13567 # 1504
13567 - 100 1
13568 # 1504
13569 # 1504
13570 # 1504
13570 + 100
13571 # 1504
13571 - 100 1
13572 # 1504
13573 # 1504
13574 # 1504
13575 # 1504
13576 # 1504
13576 + 100
13577 # 1504
13577 - 100 1
13578 # 1504
13578 + 100
13579 # 1504
13579 - 100 1
13580 # 1504
13581 # 1504
13582 # 1504
13582 + 100
13583 # 1504
13583 - 100 1
13584 # 1504
13584 + 100
13585 # 1504
13585 - 100 1
13586 # 1504
13587 # 1504
13588 # 1504
13589 # 1504
13590 # 1504
13591 # 1504
13592 # 1504
13593 # 1504
13594 # 1504
13595 # 1504
13596 # 1504
13597 # 1504
13598 # 1504
13599 # 1504
13600 # 1504
13601 # 1504
13602 # 1504
13603 # 1504
13604 # 1504
13605 # 1504
13606 # 1504
13607 # 1504
13607 + 100
13608 # 1504
13608 - 100 1
13609 # 1504
13609 + 100
13610 # 1504
13610 - 100 1
13610 + 100
13611 # 1504
13611 - 100 1
13611 + 100
13612 # 1504
13612 - 100 1
13612 + 100
13613 # 1504
13613 - 100 1
13613 + 100
13614 # 1504
13614 - 100 1
13615 # 1504
13616 # 1504
13617 # 1504
13618 # 1504
13619 # 1504
13620 # 1504
13620 + 100
13621 # 1504
13621 - 100 1
13622 # 1504
13623 # 1504
13624 # 1504
13625 # 1504
13626 # 1504
13627 # 1504
13628 # 1504
13629 # 1504
13630 # 1504
13631 # 1504
13632 # 1504
13633 # 1504
13634 # 1504
13635 # 1504
13636 # 1504
13637 # 1504
13638 # 1504
13639 # 1504
13640 # 1504
13641 # 1504
13642 # 1504
13643 # 1504
13644 # 1504
13645 # 1504
13646 # 1504
13647 # 1504
13648 # 1504
13649 # 1504
13650 # 1504
13651 # 1504
13652 # 1504
13653 # 1504
13654 # 1504
13655 # 1504
13656 # 1504
13657 # 1504
13658 # 1504
13659 # 1504
13660 # 1504
13661 # 1504
13662 # 1504
13663 # 1504
13664 # 1504
13665 # 1504
13666 # 1504
13667 # 1504
13667 + 100
13668 # 1504
13668 - 100 1
13669 # 1504
13670 # 1504
13671 # 1504
13672 # 1504
13673 # 1504
13674 # 1504
13675 # 1504
13676 # 1504
13677 # 1504
13678 # 1504
13679 # 1504
13680 # 1504
13681 # 1504
13682 # 1504
13683 # 1504
13684 # 1504
13685 # 1504
13686 # 1504
13687 # 1504
13688 # 1504
13689 # 1504
13690 # 1504
13691 # 1504
13692 # 1504
13692 + 100
13692 + 100
13692 + 100
13692 + 100
13692 + 100
13692 + 100
13692 + 100
13692 + 100
13692 + 100
13692 + 100
13693 # 1504
13693 - 100 1
13693 - 100 1
13693 - 100 1
13693 - 100 1
13693 - 100 1
13693 - 100 1
13693 - 100 1
13693 - 100 1
13693 - 100 1
13693 - 100 1
13694 # 1504
13694 + 100
13695 # 1504
13695 - 100 1
13695 + 100
13696 # 1504
13696 - 100 1
13697 # 1504
13698 # 1504
13699 # 1504
13700 # 1504
13701 # 1504
13702 # 1504
13703 # 1504
13704 # 1504
13705 # 1504
13706 # 1504
13707 # 1504
13708 # 1504
13709 # 1504
13710 # 1504
13711 # 1504
13712 # 1504
13713 # 1504
13714 # 1504
13715 # 1504
13716 # 1504
13717 # 1504
13718 # 1504
13718 + 100
13718 + 100
13718 + 100
13718 + 100
13719 # 1504
13719 - 100 1
13719 - 100 1
13719 - 100 1
13719 - 100 1
13720 # 1504
13720 + 100
13721 # 1504
13721 - 100 1
13722 # 1504
13722 + 100
13723 # 1504
13723 - 100 1
13723 + 100
13723 + 100
13724 # 1504
13724 - 100 1
13724 - 100 1
13724 + 100
13725 # 1504
13725 - 100 1
13726 # 1504
13727 # 1504
13727 + 100
13728 # 1504
13728 - 100 1
13729 # 1504
13730 # 1504
13731 # 1504
13732 # 1504
13732 + 100
13733 # 1504
13733 - 100 1
13734 # 1504
13735 # 1504
13735 + 100
13736 # 1504
13736 - 100 1
13737 # 1504
13738 # 1504
13738 + 100
13739 # 1504
13739 - 100 1
13740 # 1504
13741 # 1504
13742 # 1504
13743 # 1504
13744 # 1504
13744 + 100
13745 # 1504
13745 - 100 1
13746 # 1504
13747 # 1504
13748 # 1504
13749 # 1504
13750 # 1504
13751 # 1504
13752 # 1504
13753 # 1504
13754 # 1504
13755 # 1504
13756 # 1504
13757 # 1504
13758 # 1504
13759 # 1504
13760 # 1504
13761 # 1504
13762 # 1504
13763 # 1504
13764 # 1504
13765 # 1504
13766 # 1504
13767 # 1504
13768 # 1504
13769 # 1504
13770 # 1504
13771 # 1504
13772 # 1504
13773 # 1504
13774 # 1504
13775 # 1504
13776 # 1504
13777 # 1504
13778 # 1504
13779 # 1504
13780 # 1504
13781 # 1504
13782 # 1504
13783 # 1504
13784 # 1504
13785 # 1504
13786 # 1504
13787 # 1504
13788 # 1504
13788 + 100
13788 + 100
13788 + 100
13788 + 100
13788 + 100
13788 + 100
13789 # 1504
13789 - 100 1
13789 - 100 1
13789 - 100 1
13789 - 100 1
13789 - 100 1
13789 - 100 1
13790 # 1504
13791 # 1504
13792 # 1504
13793 # 1504
13794 # 1504
13794 + 100
13794 + 100
13794 + 100
13795 # 1504
13795 - 100 1
13795 - 100 1
13795 - 100 1
13796 # 1504
13796 + 100
13797 # 1504
13797 - 100 1
13798 # 1504
13799 # 1504
13800 # 1504
13801 # 1504
13802 # 1504
13803 # 1504
13804 # 1504
13805 # 1504
13806 # 1504
13807 # 1504
13808 # 1504
13809 # 1504
13810 # 1504
13811 # 1504
13812 # 1504
13813 # 1504
13814 # 1504
13815 # 1504
13815 + 100
13816 # 1504
13816 - 100 1
13817 # 1504
13818 # 1504
13819 # 1504
13820 # 1504
13820 + 100
13820 + 100
13820 + 100
13820 + 100
13821 # 1504
13821 - 100 1
13821 - 100 1
13821 - 100 1
13821 - 100 1
13822 # 1504
13823 # 1504
13823 + 100
13824 # 1504
13824 - 100 1
13825 # 1504
13826 # 1504
13827 # 1504
13828 # 1504
13829 # 1504
13830 # 1504
13831 # 1504
13832 # 1504
13833 # 1504
13834 # 1504
13835 # 1504
13836 # 1504
13837 # 1504
13838 # 1504
13839 # 1504
13840 # 1504
13841 # 1504
13842 # 1504
13843 # 1504
13844 # 1504
13845 # 1504
13846 # 1504
13846 + 100
13847 # 1504
13847 - 100 1
13848 # 1504
13849 # 1504
13850 # 1504
13850 + 100
13851 # 1504
13851 - 100 1
13851 + 100
13851 + 100
13852 # 1504
13852 - 100 1
13852 - 100 1
13852 + 100
13853 # 1504
13853 - 100 1
13853 + 100
13854 # 1504
13854 - 100 1
13854 + 100
13855 # 1504
13855 - 100 1
13856 # 1504
13857 # 1504
13858 # 1504
13858 + 100
13859 # 1504
13859 - 100 1
13860 # 1504
13861 # 1504
13862 # 1504
13863 # 1504
13863 + 100
13864 # 1504
13864 - 100 1
13865 # 1504
13865 + 100
13866 # 1504
13866 - 100 1
13867 # 1504
13868 # 1504
13869 # 1504
13870 # 1504
13871 # 1504
13872 # 1504
13872 + 100
13872 + 100
13873 # 1504
13873 - 100 1
13873 - 100 1
13874 # 1504
13875 # 1504
13876 # 1504
13876 + 100
13876 + 100
13877 # 1504
13877 - 100 1
13877 - 100 1
13878 # 1504
13879 # 1504
13880 # 1504
13880 + 100
13881 # 1504
13881 - 100 1
13882 # 1504
13883 # 1504
13883 + 100
13884 # 1504
13884 - 100 1
13885 # 1504
13886 # 1504
13887 # 1504
13888 # 1504
13889 # 1504
13890 # 1504
13891 # 1504
13892 # 1504
13893 # 1504
13894 # 1504
13895 # 1504
13896 # 1504
13897 # 1504
13897 + 100
13898 # 1504
13898 - 100 1
13899 # 1504
13900 # 1504
13901 # 1504
13902 # 1504
13903 # 1504
13904 # 1504
13905 # 1504
13906 # 1504
13907 # 1504
13908 # 1504
13909 # 1504
13910 # 1504
13911 # 1504
13912 # 1504
13913 # 1504
13914 # 1504
13915 # 1504
13916 # 1504
13917 # 1504
13918 # 1504
13919 # 1504
13920 # 1504
13921 # 1504
13922 # 1504
13923 # 1504
13924 # 1504
13925 # 1504
13926 # 1504
13927 # 1504
13928 # 1504
13929 # 1504
13930 # 1504
13931 # 1504
13932 # 1504
13933 # 1504
13934 # 1504
13935 # 1504
13936 # 1504
13937 # 1504
13938 # 1504
13939 # 1504
13940 # 1504
13941 # 1504
13942 # 1504
13943 # 1504
13944 # 1504
13945 # 1504
13946 # 1504
13947 # 1504
13948 # 1504
13949 # 1504
13950 # 1504
13951 # 1504
13952 # 1504
13953 # 1504
13954 # 1504
13954 + 100
13954 + 100
13955 # 1504
13955 - 100 1
13955 - 100 1
13956 # 1504
13957 # 1504
13957 + 100
13958 # 1504
13958 - 100 1
13958 + 100
13958 + 100
13959 # 1504
13959 - 100 1
13959 - 100 1
13959 + 100
13960 # 1504
13960 - 100 1
13961 # 1504
13961 + 100
13962 # 1504
13962 - 100 1
13962 + 100
13962 + 100
13963 # 1504
13963 - 100 1
13963 - 100 1
13964 # 1504
13964 + 100
13965 # 1504
13965 - 100 1
13966 # 1504
13967 # 1504
13968 # 1504
13968 + 100
13968 + 100
13968 + 100
13968 + 100
13968 + 100
13969 # 1504
13969 - 100 1
13969 - 100 1
13969 - 100 1
13969 - 100 1
13969 - 100 1
13970 # 1504
13971 # 1504
13972 # 1504
13973 # 1504
13974 # 1504
13975 # 1504
13976 # 1504
13977 # 1504
13978 # 1504
13979 # 1504
13980 # 1504
13981 # 1504
13982 # 1504
13983 # 1504
13984 # 1504
13985 # 1504
13986 # 1504
13987 # 1504
13988 # 1504
13989 # 1504
13990 # 1504
13991 # 1504
13992 # 1504
13993 # 1504
13994 # 1504
13995 # 1504
13996 # 1504
13997 # 1504
13998 # 1504
13999 # 1504
14000 # 1504
14001 # 1504
14002 # 1504
14003 # 1504
14004 # 1504
14005 # 1504
14006 # 1504
14007 # 1504
14008 # 1504
14009 # 1504
14010 # 1504
14011 # 1504
14012 # 1504
14013 # 1504
14014 # 1504
14015 # 1504
14016 # 1504
14017 # 1504
14018 # 1504
14019 # 1504
14020 # 1504
14020 + 100
14020 + 100
14021 # 1504
14021 - 100 1
14021 - 100 1
14022 # 1504
14022 + 100
14023 # 1504
14023 - 100 1
14023 + 100
14024 # 1504
14024 - 100 1
14025 # 1504
14026 # 1504
14027 # 1504
14028 # 1504
14029 # 1504
14030 # 1504
14031 # 1504
14032 # 1504
14033 # 1504
14034 # 1504
14035 # 1504
14036 # 1504
14037 # 1504
14038 # 1504
14039 # 1504
14040 # 1504
14041 # 1504
14042 # 1504
14043 # 1504
14044 # 1504
14045 # 1504
14046 # 1504
14047 # 1504
14048 # 1504
14049 # 1504
14050 # 1504
14051 # 1504
14052 # 1504
14053 # 1504
14054 # 1504
14055 # 1504
14056 # 1504
14057 # 1504
14058 # 1504
14059 # 1504
14060 # 1504
14061 # 1504
14062 # 1504
14063 # 1504
14064 # 1504
14065 # 1504
14066 # 1504
14067 # 1504
14068 # 1504
14069 # 1504
14070 # 1504
14071 # 1504
14072 # 1504
14073 # 1504
14074 # 1504
14075 # 1504
14076 # 1504
14077 # 1504
14078 # 1504
14079 # 1504
14080 # 1504
14081 # 1504
14082 # 1504
14083 # 1504
14084 # 1504
14085 # 1504
14086 # 1504
14087 # 1504
14088 # 1504
14089 # 1504
14090 # 1504
14091 # 1504
14092 # 1504
14093 # 1504
14094 # 1504
14095 # 1504
14096 # 1504
14097 # 1504
14098 # 1504
14099 # 1504
14100 # 1504
14101 # 1504
14102 # 1504
14103 # 1504
14104 # 1504
14105 # 1504
14106 # 1504
14107 # 1504
14108 # 1504
14109 # 1504
14110 # 1504
14111 # 1504
14112 # 1504
14113 # 1504
14114 # 1504
14115 # 1504
14116 # 1504
14117 # 1504
14118 # 1504
14119 # 1504
14120 # 1504
14121 # 1504
14122 # 1504
14123 # 1504
14124 # 1504
14125 # 1504
14126 # 1504
14127 # 1504
14128 # 1504
14129 # 1504
14130 # 1504
14131 # 1504
14132 # 1504
14133 # 1504
14134 # 1504
14135 # 1504
14136 # 1504
14137 # 1504
14138 # 1504
14139 # 1504
14140 # 1504
14141 # 1504
14142 # 1504
14143 # 1504
14144 # 1504
14145 # 1504
14146 # 1504
14147 # 1504
14148 # 1504
14149 # 1504
14150 # 1504
14151 # 1504
14152 # 1504
14153 # 1504
14154 # 1504
14155 # 1504
14156 # 1504
14157 # 1504
14158 # 1504
14159 # 1504
14160 # 1504
14161 # 1504
14162 # 1504
14163 # 1504
14164 # 1504
14165 # 1504
14166 # 1504
14167 # 1504
14168 # 1504
14169 # 1504
14170 # 1504
14171 # 1504
14172 # 1504
14173 # 1504
14174 # 1504
14175 # 1504
14176 # 1504
14177 # 1504
14178 # 1504
14179 # 1504
14180 # 1504
14181 # 1504
14182 # 1504
14183 # 1504
14184 # 1504
14185 # 1504
14186 # 1504
14187 # 1504
14188 # 1504
14189 # 1504
14190 # 1504
14191 # 1504
14192 # 1504
14193 # 1504
14194 # 1504
14195 # 1504
14196 # 1504
14197 # 1504
14198 # 1504
14199 # 1504
14200 # 1504
14201 # 1504
14202 # 1504
14203 # 1504
14204 # 1504
14205 # 1504
14206 # 1504
14207 # 1504
14208 # 1504
14209 # 1504
14210 # 1504
14211 # 1504
14212 # 1504
14213 # 1504
14214 # 1504
14215 # 1504
14216 # 1504
14217 # 1504
14218 # 1504
14219 # 1504
14220 # 1504
14221 # 1504
14222 # 1504
14223 # 1504
14224 # 1504
14225 # 1504
14226 # 1504
14227 # 1504
14228 # 1504
14229 # 1504
14230 # 1504
14231 # 1504
14232 # 1504
14233 # 1504
14234 # 1504
14235 # 1504
14236 # 1504
14237 # 1504
14238 # 1504
14239 # 1504
14240 # 1504
14241 # 1504
14242 # 1504
14243 # 1504
14244 # 1504
14245 # 1504
14246 # 1504
14247 # 1504
14248 # 1504
14249 # 1504
14250 # 1504
14251 # 1504
14252 # 1504
14253 # 1504
14254 # 1504
14255 # 1504
14256 # 1504
14257 # 1504
14258 # 1504
14259 # 1504
14260 # 1504
14261 # 1504
14262 # 1504
14263 # 1504
14264 # 1504
14265 # 1504
14266 # 1504
14267 # 1504
14268 # 1504
14268 + 100
14268 + 100
14268 + 100
14268 + 100
14268 + 100
14268 + 100
14268 + 100
14268 + 100
14268 + 100
14268 + 100
14269 # 1504
14269 - 100 1
14269 - 100 1
14269 - 100 1
14269 - 100 1
14269 - 100 1
14269 - 100 1
14269 - 100 1
14269 - 100 1
14269 - 100 1
14269 - 100 1
14269 + 100
14270 # 1504
14270 - 100 1
14270 + 100
14271 # 1504
14271 - 100 1
14272 # 1504
14272 + 100
14273 # 1504
14273 - 100 1
14273 + 100
14273 + 100
14274 # 1504
14274 - 100 1
14274 - 100 1
14274 + 100
14275 # 1504
14275 - 100 1
14276 # 1504
14276 + 100
14276 + 100
14277 # 1504
14277 - 100 1
14277 - 100 1
14277 + 100
14278 # 1504
14278 - 100 1
14279 # 1504
14279 + 100
14279 + 100
14280 # 1504
14280 - 100 1
14280 - 100 1
14280 + 100
14281 # 1504
14281 - 100 1
14282 # 1504
14282 + 100
14283 # 1504
14283 - 100 1
14283 + 100
14283 + 100
14284 # 1504
14284 - 100 1
14284 - 100 1
14284 + 100
14285 # 1504
14285 - 100 1
14285 + 100
14286 # 1504
14286 - 100 1
14287 # 1504
14287 + 100
14288 # 1504
14288 - 100 1
14288 + 100
14288 + 100
14289 # 1504
14289 - 100 1
14289 - 100 1
14289 + 100
14290 # 1504
14290 - 100 1
14290 + 100
14291 # 1504
14291 - 100 1
14292 # 1504
14292 + 100
14293 # 1504
14293 - 100 1
14293 + 100
14294 # 1504
14294 - 100 1
14294 + 100
14295 # 1504
14295 - 100 1
14295 + 100
14296 # 1504
14296 - 100 1
14296 + 100
14297 # 1504
14297 - 100 1
14298 # 1504
14298 + 100
14299 # 1504
14299 - 100 1
14299 + 100
14299 + 100
14300 # 1504
14300 - 100 1
14300 - 100 1
14300 + 100
14301 # 1504
14301 - 100 1
14301 + 100
14302 # 1504
14302 - 100 1
14303 # 1504
14303 + 100
14304 # 1504
14304 - 100 1
14305 # 1504
14306 # 1504
14306 + 100
14307 # 1504
14307 - 100 1
14308 # 1504
14309 # 1504
14309 + 100
14310 # 1504
14310 - 100 1
14311 # 1504
14312 # 1504
14312 + 100
14313 # 1504
14313 - 100 1
14314 # 1504
14315 # 1504
14316 # 1504
14316 + 100
14317 # 1504
14317 - 100 1
14317 + 100
14318 # 1504
14318 - 100 1
14319 # 1504
14319 + 100
14320 # 1504
14320 - 100 1
14321 # 1504
14322 # 1504
14322 + 100
14323 # 1504
14323 - 100 1
14323 + 100
14324 # 1504
14324 - 100 1
14325 # 1504
14326 # 1504
14326 + 100
14327 # 1504
14327 - 100 1
14328 # 1504
14329 # 1504
14329 + 100
14330 # 1504
14330 - 100 1
14331 # 1504
14332 # 1504
14333 # 1504
14333 + 100
14334 # 1504
14334 - 100 1
14335 # 1504
14336 # 1504
14337 # 1504
14338 # 1504
14339 # 1504
14340 # 1504
14340 + 100
14341 # 1504
14341 - 100 1
14342 # 1504
14343 # 1504
14343 + 100
14344 # 1504
14344 - 100 1
14345 # 1504
14346 # 1504
14347 # 1504
14348 # 1504
14349 # 1504
14350 # 1504
14351 # 1504
14352 # 1504
14353 # 1504
14354 # 1504
14355 # 1504
14356 # 1504
14357 # 1504
14358 # 1504
14359 # 1504
14360 # 1504
14361 # 1504
14362 # 1504
14363 # 1504
14364 # 1504
14365 # 1504
14366 # 1504
14367 # 1504
14368 # 1504
14369 # 1504
14369 + 100
14370 # 1504
14370 - 100 1
14371 # 1504
14371 + 100
14372 # 1504
14372 - 100 1
14373 # 1504
14373 + 100
14374 # 1504
14374 - 100 1
14374 + 100
14374 + 100
14375 # 1504
14375 - 100 1
14375 - 100 1
14375 + 100
14376 # 1504
14376 - 100 1
14376 + 100
14377 # 1504
14377 - 100 1
14378 # 1504
14379 # 1504
14380 # 1504
14381 # 1504
14382 # 1504
14383 # 1504
14384 # 1504
14385 # 1504
14386 # 1504
14387 # 1504
14388 # 1504
14389 # 1504
14390 # 1504
14391 # 1504
14392 # 1504
14393 # 1504
14394 # 1504
14394 + 100
14395 # 1504
14395 - 100 1
14396 # 1504
14397 # 1504
14398 # 1504
14399 # 1504
14400 # 1504
14401 # 1504
14402 # 1504
14403 # 1504
14404 # 1504
14405 # 1504
14406 # 1504
14407 # 1504
14408 # 1504
14409 # 1504
14410 # 1504
14411 # 1504
14412 # 1504
14413 # 1504
14414 # 1504
14415 # 1504
14416 # 1504
14417 # 1504
14418 # 1504
14419 # 1504
14420 # 1504
14421 # 1504
14422 # 1504
14423 # 1504
14424 # 1504
14425 # 1504
14426 # 1504
14427 # 1504
14428 # 1504
14429 # 1504
14430 # 1504
14431 # 1504
14432 # 1504
14433 # 1504
14434 # 1504
14435 # 1504
14436 # 1504
14437 # 1504
14438 # 1504
14439 # 1504
14440 # 1504
14441 # 1504
14442 # 1504
14443 # 1504
14444 # 1504
14445 # 1504
14446 # 1504
14447 # 1504
14448 # 1504
14449 # 1504
14450 # 1504
14451 # 1504
14452 # 1504
14453 # 1504
14454 # 1504
14455 # 1504
14456 # 1504
14457 # 1504
14458 # 1504
14459 # 1504
14460 # 1504
14461 # 1504
14462 # 1504
14463 # 1504
14464 # 1504
14465 # 1504
14466 # 1504
14467 # 1504
14468 # 1504
14469 # 1504
14469 + 100
14469 + 100
14469 + 100
14470 # 1504
14470 - 100 1
14470 - 100 1
14470 - 100 1
14471 # 1504
14471 + 100
14471 + 100
14472 # 1504
14472 - 100 1
14472 - 100 1
14472 + 100
14473 # 1504
14473 - 100 1
14473 + 100
14474 # 1504
14474 - 100 1
14475 # 1504
14475 + 100
14476 # 1504
14476 - 100 1
14476 + 100
14476 + 100
14477 # 1504
14477 - 100 1
14477 - 100 1
14477 + 100
14478 # 1504
14478 - 100 1
14478 + 100
14479 # 1504
14479 - 100 1
14479 + 100
14480 # 1504
14480 - 100 1
14481 # 1504
14481 + 100
14481 + 100
14482 # 1504
14482 - 100 1
14482 - 100 1
14482 + 100
14483 # 1504
14483 - 100 1
14483 + 100
14484 # 1504
14484 - 100 1
14484 + 100
14485 # 1504
14485 - 100 1
14486 # 1504
14487 # 1504
14488 # 1504
14488 + 100
14488 + 100
14488 + 100
14488 + 100
14489 # 1504
14489 - 100 1
14489 - 100 1
14489 - 100 1
14489 - 100 1
14490 # 1504
14490 + 100
14491 # 1504
14491 - 100 1
14491 + 100
14492 # 1504
14492 - 100 1
14493 # 1504
14494 # 1504
14495 # 1504
14496 # 1504
14497 # 1504
14498 # 1504
14499 # 1504
14500 # 1504
14501 # 1504
14502 # 1504
14503 # 1504
14504 # 1504
14505 # 1504
14506 # 1504
14507 # 1504
14508 # 1504
14509 # 1504
14510 # 1504
14511 # 1504
14512 # 1504
14513 # 1504
14514 # 1504
14515 # 1504
14516 # 1504
14517 # 1504
14518 # 1504
14519 # 1504
14520 # 1504
14521 # 1504
14522 # 1504
14523 # 1504
14524 # 1504
14525 # 1504
14526 # 1504
14527 # 1504
14528 # 1504
14529 # 1504
14530 # 1504
14531 # 1504
14532 # 1504
14532 + 100
14533 # 1504
14533 - 100 1
14534 # 1504
14535 # 1504
14535 + 100
14535 + 100
14536 # 1504
14536 - 100 1
14536 - 100 1
14537 # 1504
14537 + 100
14538 # 1504
14538 - 100 1
14538 + 100
14538 + 100
14539 # 1504
14539 - 100 1
14539 - 100 1
14539 + 100
14540 # 1504
14540 - 100 1
14540 + 100
14541 # 1504
14541 - 100 1
14542 # 1504
14542 + 100
14543 # 1504
14543 - 100 1
14543 + 100
14543 + 100
14544 # 1504
14544 - 100 1
14544 - 100 1
14544 + 100
14545 # 1504
14545 - 100 1
14546 # 1504
14546 + 100
14547 # 1504
14547 - 100 1
14547 + 100
14548 # 1504
14548 - 100 1
14549 # 1504
14550 # 1504
14551 # 1504
14552 # 1504
14553 # 1504
14554 # 1504
14555 # 1504
14556 # 1504
14557 # 1504
14558 # 1504
14559 # 1504
14560 # 1504
14561 # 1504
14562 # 1504
14563 # 1504
14564 # 1504
14565 # 1504
14566 # 1504
14567 # 1504
14568 # 1504
14569 # 1504
14569 + 100
14570 # 1504
14570 - 100 1
14571 # 1504
14572 # 1504
14572 + 100
14572 + 100
14573 # 1504
14573 - 100 1
14573 - 100 1
14574 # 1504
14574 + 100
14574 + 100
14575 # 1504
14575 - 100 1
14575 - 100 1
14576 # 1504
14576 + 100
14577 # 1504
14577 - 100 1
14577 + 100
14578 # 1504
14578 - 100 1
14579 # 1504
14579 + 100
14580 # 1504
14580 - 100 1
14581 # 1504
14582 # 1504
14583 # 1504
14584 # 1504
14585 # 1504
14586 # 1504
14586 + 100
14587 # 1504
14587 - 100 1
14588 # 1504
14589 # 1504
14590 # 1504
14590 + 100
14591 # 1504
14591 - 100 1
14592 # 1504
14593 # 1504
14594 # 1504
14594 + 100
14595 # 1504
14595 - 100 1
14596 # 1504
14597 # 1504
14598 # 1504
14599 # 1504
14599 + 100
14600 # 1504
14600 - 100 1
14601 # 1504
14602 # 1504
14603 # 1504
14604 # 1504
14604 + 100
14605 # 1504
14605 - 100 1
14606 # 1504
14607 # 1504
14608 # 1504
14609 # 1504
14609 + 100
14610 # 1504
14610 - 100 1
14611 # 1504
14612 # 1504
14613 # 1504
14613 + 100
14614 # 1504
14614 - 100 1
14615 # 1504
14616 # 1504
14617 # 1504
14618 # 1504
14619 # 1504
14619 + 100
14620 # 1504
14620 - 100 1
14621 # 1504
14622 # 1504
14623 # 1504
14624 # 1504
14625 # 1504
14626 # 1504
14627 # 1504
14628 # 1504
14628 + 100
14629 # 1504
14629 - 100 1
14630 # 1504
14630 + 100
14631 # 1504
14631 - 100 1
14632 # 1504
14632 + 100
14633 # 1504
14633 - 100 1
14634 # 1504
14635 # 1504
14636 # 1504
14636 + 100
14637 # 1504
14637 - 100 1
14638 # 1504
14639 # 1504
14640 # 1504
14640 + 100
14641 # 1504
14641 - 100 1
14642 # 1504
14643 # 1504
14644 # 1504
14645 # 1504
14646 # 1504
14647 # 1504
14647 + 100
14648 # 1504
14648 - 100 1
14649 # 1504
14649 + 100
14650 # 1504
14650 - 100 1
14651 # 1504
14652 # 1504
14652 + 100
14653 # 1504
14653 - 100 1
14654 # 1504
14655 # 1504
14656 # 1504
14656 + 100
14657 # 1504
14657 - 100 1
14658 # 1504
14659 # 1504
14659 + 100
14660 # 1504
14660 - 100 1
14661 # 1504
14662 # 1504
14663 # 1504
14664 # 1504
14664 + 100
14665 # 1504
14665 - 100 1
14666 # 1504
14667 # 1504
14668 # 1504
14669 # 1504
14670 # 1504
14670 + 100
14671 # 1504
14671 - 100 1
14672 # 1504
14673 # 1504
14673 + 100
14674 # 1504
14674 - 100 1
14675 # 1504
14676 # 1504
14677 # 1504
14678 # 1504
14678 + 100
14679 # 1504
14679 - 100 1
14680 # 1504
14681 # 1504
14681 + 100
14682 # 1504
14682 - 100 1
14683 # 1504
14684 # 1504
14685 # 1504
14686 # 1504
14686 + 100
14687 # 1504
14687 - 100 1
14688 # 1504
14689 # 1504
14689 + 100
14690 # 1504
14690 - 100 1
14691 # 1504
14692 # 1504
14693 # 1504
14693 + 100
14694 # 1504
14694 - 100 1
14695 # 1504
14695 + 100
14696 # 1504
14696 - 100 1
14697 # 1504
14698 # 1504
14699 # 1504
14700 # 1504
14700 + 100
14701 # 1504
14701 - 100 1
14702 # 1504
14703 # 1504
14704 # 1504
14704 + 100
14705 # 1504
14705 - 100 1
14706 # 1504
14707 # 1504
14708 # 1504
14709 # 1504
14710 # 1504
14711 # 1504
14711 + 100
14712 # 1504
14712 - 100 1
14713 # 1504
14714 # 1504
14715 # 1504
14716 # 1504
14716 + 100
14717 # 1504
14717 - 100 1
14718 # 1504
14719 # 1504
14719 + 100
14720 # 1504
14720 - 100 1
14721 # 1504
14722 # 1504
14723 # 1504
14724 # 1504
14724 + 100
14725 # 1504
14725 - 100 1
14726 # 1504
14727 # 1504
14728 # 1504
14728 + 100
14729 # 1504
14729 - 100 1
14730 # 1504
14731 # 1504
14731 + 100
14732 # 1504
14732 - 100 1
14733 # 1504
14734 # 1504
14734 + 100
14735 # 1504
14735 - 100 1
14736 # 1504
14737 # 1504
14737 + 100
14738 # 1504
14738 - 100 1
14739 # 1504
14740 # 1504
14741 # 1504
14742 # 1504
14743 # 1504
14744 # 1504
14744 + 100
14745 # 1504
14745 - 100 1
14746 # 1504
14746 + 100
14747 # 1504
14747 - 100 1
14748 # 1504
14749 # 1504
14749 + 100
14750 # 1504
14750 - 100 1
14751 # 1504
14752 # 1504
14753 # 1504
14754 # 1504
14755 # 1504
14756 # 1504
14757 # 1504
14758 # 1504
14759 # 1504
14760 # 1504
14761 # 1504
14762 # 1504
14763 # 1504
14764 # 1504
14765 # 1504
14766 # 1504
14767 # 1504
14768 # 1504
14769 # 1504
14770 # 1504
14771 # 1504
14772 # 1504
14773 # 1504
14774 # 1504
14775 # 1504
14776 # 1504
14777 # 1504
14778 # 1504
14779 # 1504
14780 # 1504
14781 # 1504
14782 # 1504
14783 # 1504
14784 # 1504
14785 # 1504
14786 # 1504
14787 # 1504
14788 # 1504
14789 # 1504
14790 # 1504
14791 # 1504
14792 # 1504
14792 + 100
14793 # 1504
14793 - 100 1
14794 # 1504
14794 + 100
14795 # 1504
14795 - 100 1
14795 + 100
14796 # 1504
14796 - 100 1
14797 # 1504
14797 + 100
14797 + 100
14798 # 1504
14798 - 100 1
14798 - 100 1
14799 # 1504
14799 + 100
14799 + 100
14800 # 1504
14800 - 100 1
14800 - 100 1
14800 + 100
14801 # 1504
14801 - 100 1
14802 # 1504
14803 # 1504
14804 # 1504
14805 # 1504
14806 # 1504
14807 # 1504
14808 # 1504
14808 + 100
14808 + 100
14808 + 100
14808 + 100
14809 # 1504
14809 - 100 1
14809 - 100 1
14809 - 100 1
14809 - 100 1
14810 # 1504
14810 + 100
14811 # 1504
14811 - 100 1
14812 # 1504
14813 # 1504
14814 # 1504
14814 + 100
14815 # 1504
14815 - 100 1
14816 # 1504
14817 # 1504
14818 # 1504
14819 # 1504
14820 # 1504
14821 # 1504
14822 # 1504
14823 # 1504
14824 # 1504
14825 # 1504
14826 # 1504
14827 # 1504
14828 # 1504
14829 # 1504
14830 # 1504
14831 # 1504
14832 # 1504
14833 # 1504
14834 # 1504
14835 # 1504
14836 # 1504
14837 # 1504
14838 # 1504
14839 # 1504
14840 # 1504
14841 # 1504
14842 # 1504
14843 # 1504
14844 # 1504
14845 # 1504
14846 # 1504
14847 # 1504
14848 # 1504
14849 # 1504
14850 # 1504
14851 # 1504
14852 # 1504
14853 # 1504
14854 # 1504
14855 # 1504
14856 # 1504
14857 # 1504
14858 # 1504
14859 # 1504
14860 # 1504
14861 # 1504
14862 # 1504
14863 # 1504
14863 + 100
14864 # 1504
14864 - 100 1
14865 # 1504
14865 + 100
14866 # 1504
14866 - 100 1
14866 + 100
14867 # 1504
14867 - 100 1
14867 + 100
14868 # 1504
14868 - 100 1
14869 # 1504
14869 + 100
14869 + 100
14870 # 1504
14870 - 100 1
14870 - 100 1
14870 + 100
14871 # 1504
14871 - 100 1
14871 + 100
14872 # 1504
14872 - 100 1
14872 + 100
14873 # 1504
14873 - 100 1
14873 + 100
14874 # 1504
14874 - 100 1
14875 # 1504
14875 + 100
14875 + 100
14876 # 1504
14876 - 100 1
14876 - 100 1
14876 + 100
14877 # 1504
14877 - 100 1
14878 # 1504
14879 # 1504
14879 + 100
14880 # 1504
14880 - 100 1
14881 # 1504
14882 # 1504
14882 + 100
14883 # 1504
14883 - 100 1
14884 # 1504
14885 # 1504
14885 + 100
14886 # 1504
14886 - 100 1
14887 # 1504
14888 # 1504
14888 + 100
14889 # 1504
14889 - 100 1
14890 # 1504
14891 # 1504
14892 # 1504
14892 + 100
14893 # 1504
14893 - 100 1
14894 # 1504
14895 # 1504
14895 + 100
14895 + 100
14896 # 1504
14896 - 100 1
14896 - 100 1
14897 # 1504
14898 # 1504
14899 # 1504
14899 + 100
14900 # 1504
14900 - 100 1
14900 + 100
14901 # 1504
14901 - 100 1
14902 # 1504
14903 # 1504
14904 # 1504
14904 + 100
14905 # 1504
14905 - 100 1
14906 # 1504
14906 + 100
14907 # 1504
14907 - 100 1
14908 # 1504
14909 # 1504
14909 + 100
14910 # 1504
14910 - 100 1
14911 # 1504
14911 + 100
14912 # 1504
14912 - 100 1
14913 # 1504
14913 + 100
14914 # 1504
14914 - 100 1
14915 # 1504
14916 # 1504
14917 # 1504
14918 # 1504
14919 # 1504
14920 # 1504
14921 # 1504
14922 # 1504
14923 # 1504
14924 # 1504
14925 # 1504
14926 # 1504
14927 # 1504
14928 # 1504
14929 # 1504
14930 # 1504
14931 # 1504
14932 # 1504
14933 # 1504
14934 # 1504
14935 # 1504
14936 # 1504
14937 # 1504
14938 # 1504
14939 # 1504
14940 # 1504
14941 # 1504
14942 # 1504
14943 # 1504
14944 # 1504
14945 # 1504
14946 # 1504
14947 # 1504
14948 # 1504
14949 # 1504
14950 # 1504
14951 # 1504
14952 # 1504
14953 # 1504
14954 # 1504
14955 # 1504
14956 # 1504
14957 # 1504
14958 # 1504
14959 # 1504
14960 # 1504
14961 # 1504
14962 # 1504
14963 # 1504
14964 # 1504
14965 # 1504
14966 # 1504
14967 # 1504
14968 # 1504
14969 # 1504
14970 # 1504
14971 # 1504
14972 # 1504
14973 # 1504
14974 # 1504
14975 # 1504
14976 # 1504
14977 # 1504
14978 # 1504
14979 # 1504
14980 # 1504
14980 + 100
14981 # 1504
14981 - 100 1
14982 # 1504
14982 + 100
14983 # 1504
14983 - 100 1
14983 + 100
14984 # 1504
14984 - 100 1
14984 + 100
14985 # 1504
14985 - 100 1
14986 # 1504
14986 + 100
14986 + 100
14987 # 1504
14987 - 100 1
14987 - 100 1
14987 + 100
14988 # 1504
14988 - 100 1
14988 + 100
14989 # 1504
14989 - 100 1
14989 + 100
14990 # 1504
14990 - 100 1
14990 + 100
14991 # 1504
14991 - 100 1
14992 # 1504
14992 + 100
14993 # 1504
14993 - 100 1
14993 + 100
14993 + 100
14994 # 1504
14994 - 100 1
14994 - 100 1
14994 + 100
14995 # 1504
14995 - 100 1
14995 + 100
14996 # 1504
14996 - 100 1
14996 + 100
14997 # 1504
14997 - 100 1
14997 + 100
14998 # 1504
14998 - 100 1
14999 # 1504
14999 + 100
14999 + 100
15000 # 1504
15000 - 100 1
15000 - 100 1
15000 + 100
15001 # 1504
15001 - 100 1
15001 + 100
15002 # 1504
15002 - 100 1
15002 + 100
15003 # 1504
15003 - 100 1
15004 # 1504
15004 + 100
15005 # 1504
15005 - 100 1
15006 # 1504
15007 # 1504
15007 + 100
15008 # 1504
15008 - 100 1
15009 # 1504
15010 # 1504
15010 + 100
15011 # 1504
15011 - 100 1
15012 # 1504
15013 # 1504
15013 + 100
15014 # 1504
15014 - 100 1
15015 # 1504
15015 + 100
15016 # 1504
15016 - 100 1
15017 # 1504
15017 + 100
15018 # 1504
15018 - 100 1
15019 # 1504
15019 + 100
15020 # 1504
15020 - 100 1
15021 # 1504
15022 # 1504
15023 # 1504
15024 # 1504
15025 # 1504
15026 # 1504
15027 # 1504
15028 # 1504
15029 # 1504
15030 # 1504
15031 # 1504
15032 # 1504
15033 # 1504
15034 # 1504
15035 # 1504
15036 # 1504
15037 # 1504
15038 # 1504
15039 # 1504
15040 # 1504
15041 # 1504
15042 # 1504
15042 + 100
15042 + 100
15042 + 100
15042 + 100
15043 # 1504
15043 - 100 1
15043 - 100 1
15043 - 100 1
15043 - 100 1
15044 # 1504
15045 # 1504
15045 + 100
15045 + 100
15046 # 1504
15046 - 100 1
15046 - 100 1
15047 # 1504
15047 + 100
15048 # 1504
15048 - 100 1
15049 # 1504
15050 # 1504
15051 # 1504
15052 # 1504
15052 + 100
15053 # 1504
15053 - 100 1
15054 # 1504
15055 # 1504
15056 # 1504
15057 # 1504
15057 + 100
15058 # 1504
15058 - 100 1
15059 # 1504
15060 # 1504
15061 # 1504
15062 # 1504
15063 # 1504
15063 + 100
15064 # 1504
15064 - 100 1
15065 # 1504
15066 # 1504
15066 + 100
15067 # 1504
15067 - 100 1
15068 # 1504
15069 # 1504
15070 # 1504
15071 # 1504
15071 + 100
15072 # 1504
15072 - 100 1
15073 # 1504
15074 # 1504
15075 # 1504
15076 # 1504
15076 + 100
15077 # 1504
15077 - 100 1
15078 # 1504
15079 # 1504
15080 # 1504
15081 # 1504
15081 + 100
15082 # 1504
15082 - 100 1
15083 # 1504
15084 # 1504
15085 # 1504
15085 + 100
15086 # 1504
15086 - 100 1
15087 # 1504
15088 # 1504
15089 # 1504
15090 # 1504
15090 + 100
15091 # 1504
15091 - 100 1
15092 # 1504
15093 # 1504
15094 # 1504
15094 + 100
15095 # 1504
15095 - 100 1
15096 # 1504
15096 + 100
15097 # 1504
15097 - 100 1
15098 # 1504
15099 # 1504
15100 # 1504
15100 + 100
15101 # 1504
15101 - 100 1
15102 # 1504
15103 # 1504
15103 + 100
15104 # 1504
15104 - 100 1
15105 # 1504
15106 # 1504
15106 + 100
15107 # 1504
15107 - 100 1
15108 # 1504
15109 # 1504
15109 + 100
15110 # 1504
15110 - 100 1
15111 # 1504
15112 # 1504
15113 # 1504
15114 # 1504
15114 + 100
15115 # 1504
15115 - 100 1
15116 # 1504
15117 # 1504
15118 # 1504
15118 + 100
15119 # 1504
15119 - 100 1
15120 # 1504
15121 # 1504
15121 + 100
15122 # 1504
15122 - 100 1
15123 # 1504
15124 # 1504
15125 # 1504
15125 + 100
15126 # 1504
15126 - 100 1
15127 # 1504
15128 # 1504
15128 + 100
15129 # 1504
15129 - 100 1
15130 # 1504
15131 # 1504
15132 # 1504
15132 + 100
15133 # 1504
15133 - 100 1
15134 # 1504
15135 # 1504
15136 # 1504
15137 # 1504
15137 + 100
15138 # 1504
15138 - 100 1
15139 # 1504
15140 # 1504
15141 # 1504
15141 + 100
15142 # 1504
15142 - 100 1
15143 # 1504
15144 # 1504
15145 # 1504
15145 + 100
15146 # 1504
15146 - 100 1
15147 # 1504
15147 + 100
15148 # 1504
15148 - 100 1
15149 # 1504
15150 # 1504
15151 # 1504
15152 # 1504
15153 # 1504
15153 + 100
15154 # 1504
15154 - 100 1
15155 # 1504
15156 # 1504
15157 # 1504
15157 + 100
15158 # 1504
15158 - 100 1
15159 # 1504
15160 # 1504
15161 # 1504
15161 + 100
15162 # 1504
15162 - 100 1
15163 # 1504
15164 # 1504
15165 # 1504
15165 + 100
15166 # 1504
15166 - 100 1
15167 # 1504
15168 # 1504
15168 + 100
15169 # 1504
15169 - 100 1
15170 # 1504
15171 # 1504
15172 # 1504
15172 + 100
15173 # 1504
15173 - 100 1
15174 # 1504
15175 # 1504
15176 # 1504
15177 # 1504
15177 + 100
15178 # 1504
15178 - 100 1
15179 # 1504
15180 # 1504
15181 # 1504
15182 # 1504
15182 + 100
15183 # 1504
15183 - 100 1
15184 # 1504
15185 # 1504
15186 # 1504
15187 # 1504
15187 + 100
15188 # 1504
15188 - 100 1
15189 # 1504
15190 # 1504
15191 # 1504
15192 # 1504
15192 + 100
15193 # 1504
15193 - 100 1
15194 # 1504
15195 # 1504
15196 # 1504
15196 + 100
15197 # 1504
15197 - 100 1
15198 # 1504
15199 # 1504
15200 # 1504
15201 # 1504
15201 + 100
15202 # 1504
15202 - 100 1
15203 # 1504
15204 # 1504
15205 # 1504
15206 # 1504
15206 + 100
15207 # 1504
15207 - 100 1
15208 # 1504
15209 # 1504
15210 # 1504
15210 + 100
15211 # 1504
15211 - 100 1
15212 # 1504
15213 # 1504
15214 # 1504
15214 + 100
15215 # 1504
15215 - 100 1
15216 # 1504
15216 + 100
15217 # 1504
15217 - 100 1
15218 # 1504
15219 # 1504
15220 # 1504
15221 # 1504
15221 + 100
15222 # 1504
15222 - 100 1
15223 # 1504
15224 # 1504
15225 # 1504
15226 # 1504
15226 + 100
15227 # 1504
15227 - 100 1
15228 # 1504
15229 # 1504
15230 # 1504
15230 + 100
15231 # 1504
15231 - 100 1
15232 # 1504
15233 # 1504
15233 + 100
15234 # 1504
15234 - 100 1
15235 # 1504
15236 # 1504
15237 # 1504
15237 + 100
15238 # 1504
15238 - 100 1
15239 # 1504
15240 # 1504
15241 # 1504
15241 + 100
15242 # 1504
15242 - 100 1
15243 # 1504
15244 # 1504
15245 # 1504
15246 # 1504
15246 + 100
15247 # 1504
15247 - 100 1
15248 # 1504
15249 # 1504
15250 # 1504
15250 + 100
15251 # 1504
15251 - 100 1
15252 # 1504
15253 # 1504
15253 + 100
15254 # 1504
15254 - 100 1
15255 # 1504
15256 # 1504
15257 # 1504
15257 + 100
15258 # 1504
15258 - 100 1
15259 # 1504
15260 # 1504
15261 # 1504
15261 + 100
15262 # 1504
15262 - 100 1
15263 # 1504
15264 # 1504
15265 # 1504
15266 # 1504
15266 + 100
15267 # 1504
15267 - 100 1
15268 # 1504
15269 # 1504
15270 # 1504
15270 + 100
15271 # 1504
15271 - 100 1
15272 # 1504
15273 # 1504
15273 + 100
15274 # 1504
15274 - 100 1
15275 # 1504
15276 # 1504
15277 # 1504
15277 + 100
15278 # 1504
15278 - 100 1
15279 # 1504
15279 + 100
15280 # 1504
15280 - 100 1
15281 # 1504
15282 # 1504
15283 # 1504
15284 # 1504
15284 + 100
15285 # 1504
15285 - 100 1
15286 # 1504
15287 # 1504
15288 # 1504
15289 # 1504
15289 + 100
15290 # 1504
15290 - 100 1
15291 # 1504
15292 # 1504
15293 # 1504
15294 # 1504
15294 + 100
15295 # 1504
15295 - 100 1
15296 # 1504
15297 # 1504
15298 # 1504
15299 # 1504
15299 + 100
15300 # 1504
15300 - 100 1
15301 # 1504
15302 # 1504
15303 # 1504
15303 + 100
15304 # 1504
15304 - 100 1
15305 # 1504
15306 # 1504
15307 # 1504
15308 # 1504
15308 + 100
15309 # 1504
15309 - 100 1
15310 # 1504
15311 # 1504
15312 # 1504
15313 # 1504
15313 + 100
15314 # 1504
15314 - 100 1
15315 # 1504
15316 # 1504
15317 # 1504
15318 # 1504
15318 + 100
15319 # 1504
15319 - 100 1
15320 # 1504
15321 # 1504
15322 # 1504
15323 # 1504
15323 + 100
15324 # 1504
15324 - 100 1
15325 # 1504
15326 # 1504
15327 # 1504
15327 + 100
15328 # 1504
15328 - 100 1
15329 # 1504
15330 # 1504
15331 # 1504
15332 # 1504
15332 + 100
15333 # 1504
15333 - 100 1
15334 # 1504
15335 # 1504
15336 # 1504
15337 # 1504
15337 + 100
15338 # 1504
15338 - 100 1
15339 # 1504
15340 # 1504
15341 # 1504
15342 # 1504
15342 + 100
15343 # 1504
15343 - 100 1
15344 # 1504
15345 # 1504
15346 # 1504
15347 # 1504
15347 + 100
15348 # 1504
15348 - 100 1
15349 # 1504
15350 # 1504
15351 # 1504
15351 + 100
15352 # 1504
15352 - 100 1
15353 # 1504
15354 # 1504
15355 # 1504
15356 # 1504
15356 + 100
15357 # 1504
15357 - 100 1
15358 # 1504
15359 # 1504
15360 # 1504
15360 + 100
15361 # 1504
15361 - 100 1
15362 # 1504
15363 # 1504
15364 # 1504
15364 + 100
15365 # 1504
15365 - 100 1
15366 # 1504
15367 # 1504
15367 + 100
15368 # 1504
15368 - 100 1
15369 # 1504
15370 # 1504
15371 # 1504
15371 + 100
15372 # 1504
15372 - 100 1
15373 # 1504
15374 # 1504
15375 # 1504
15376 # 1504
15376 + 100
15377 # 1504
15377 - 100 1
15378 # 1504
15379 # 1504
15380 # 1504
15381 # 1504
15382 # 1504
15382 + 100
15383 # 1504
15383 - 100 1
15384 # 1504
15385 # 1504
15385 + 100
15386 # 1504
15386 - 100 1
15387 # 1504
15388 # 1504
15389 # 1504
15390 # 1504
15391 # 1504
15391 + 100
15392 # 1504
15392 - 100 1
15393 # 1504
15394 # 1504
15395 # 1504
15396 # 1504
15396 + 100
15397 # 1504
15397 - 100 1
15398 # 1504
15399 # 1504
15400 # 1504
15400 + 100
15401 # 1504
15401 - 100 1
15402 # 1504
15403 # 1504
15404 # 1504
15404 + 100
15405 # 1504
15405 - 100 1
15406 # 1504
15407 # 1504
15407 + 100
15408 # 1504
15408 - 100 1
15409 # 1504
15410 # 1504
15411 # 1504
15411 + 100
15412 # 1504
15412 - 100 1
15413 # 1504
15413 + 100
15414 # 1504
15414 - 100 1
15415 # 1504
15416 # 1504
15417 # 1504
15418 # 1504
15418 + 100
15419 # 1504
15419 - 100 1
15420 # 1504
15421 # 1504
15422 # 1504
15423 # 1504
15423 + 100
15424 # 1504
15424 - 100 1
15425 # 1504
15426 # 1504
15426 + 100
15427 # 1504
15427 - 100 1
15427 + 100
15428 # 1504
15428 - 100 1
15429 # 1504
15429 + 100
15430 # 1504
15430 - 100 1
15431 # 1504
15432 # 1504
15432 + 100
15433 # 1504
15433 - 100 1
15434 # 1504
15434 + 100
15435 # 1504
15435 - 100 1
15436 # 1504
15437 # 1504
15438 # 1504
15438 + 100
15439 # 1504
15439 - 100 1
15440 # 1504
15441 # 1504
15441 + 100
15442 # 1504
15442 - 100 1
15443 # 1504
15444 # 1504
15444 + 100
15445 # 1504
15445 - 100 1
15446 # 1504
15447 # 1504
15447 + 100
15448 # 1504
15448 - 100 1
15449 # 1504
15449 + 100
15450 # 1504
15450 - 100 1
15451 # 1504
15451 + 100
15452 # 1504
15452 - 100 1
15453 # 1504
15454 # 1504
15454 + 100
15455 # 1504
15455 - 100 1
15456 # 1504
15457 # 1504
15457 + 100
15458 # 1504
15458 - 100 1
15459 # 1504
15459 + 100
15460 # 1504
15460 - 100 1
15461 # 1504
15462 # 1504
15462 + 100
15463 # 1504
15463 - 100 1
15464 # 1504
15465 # 1504
15465 + 100
15466 # 1504
15466 - 100 1
15467 # 1504
15467 + 100
15468 # 1504
15468 - 100 1
15469 # 1504
15470 # 1504
15471 # 1504
15471 + 100
15472 # 1504
15472 - 100 1
15473 # 1504
15473 + 100
15474 # 1504
15474 - 100 1
15475 # 1504
15476 # 1504
15477 # 1504
15478 # 1504
15478 + 100
15479 # 1504
15479 - 100 1
15480 # 1504
15481 # 1504
15482 # 1504
15483 # 1504
15483 + 100
15484 # 1504
15484 - 100 1
15485 # 1504
15486 # 1504
15487 # 1504
15488 # 1504
15488 + 100
15489 # 1504
15489 - 100 1
15490 # 1504
15491 # 1504
15492 # 1504
15493 # 1504
15493 + 100
15494 # 1504
15494 - 100 1
15495 # 1504
15496 # 1504
15497 # 1504
15497 + 100
15498 # 1504
15498 - 100 1
15499 # 1504
15500 # 1504
15501 # 1504
15502 # 1504
15502 + 100
15503 # 1504
15503 - 100 1
15504 # 1504
15505 # 1504
15506 # 1504
15507 # 1504
15507 + 100
15508 # 1504
15508 - 100 1
15509 # 1504
15510 # 1504
15511 # 1504
15511 + 100
15512 # 1504
15512 - 100 1
15513 # 1504
15514 # 1504
15515 # 1504
15515 + 100
15516 # 1504
15516 - 100 1
15517 # 1504
15517 + 100
15518 # 1504
15518 - 100 1
15519 # 1504
15520 # 1504
15521 # 1504
15522 # 1504
15522 + 100
15523 # 1504
15523 - 100 1
15524 # 1504
15525 # 1504
15526 # 1504
15527 # 1504
15527 + 100
15528 # 1504
15528 - 100 1
15529 # 1504
15530 # 1504
15531 # 1504
15531 + 100
15532 # 1504
15532 - 100 1
15533 # 1504
15534 # 1504
15535 # 1504
15535 + 100
15536 # 1504
15536 - 100 1
15537 # 1504
15538 # 1504
15538 + 100
15539 # 1504
15539 - 100 1
15540 # 1504
15541 # 1504
15542 # 1504
15542 + 100
15543 # 1504
15543 - 100 1
15544 # 1504
15545 # 1504
15546 # 1504
15547 # 1504
15547 + 100
15548 # 1504
15548 - 100 1
15549 # 1504
15550 # 1504
15551 # 1504
15551 + 100
15552 # 1504
15552 - 100 1
15553 # 1504
15554 # 1504
15554 + 100
15555 # 1504
15555 - 100 1
15556 # 1504
15557 # 1504
15558 # 1504
15558 + 100
15559 # 1504
15559 - 100 1
15560 # 1504
15561 # 1504
15561 + 100
15562 # 1504
15562 - 100 1
15563 # 1504
15564 # 1504
15565 # 1504
15565 + 100
15566 # 1504
15566 - 100 1
15567 # 1504
15568 # 1504
15569 # 1504
15570 # 1504
15570 + 100
15571 # 1504
15571 - 100 1
15572 # 1504
15573 # 1504
15574 # 1504
15575 # 1504
15575 + 100
15576 # 1504
15576 - 100 1
15577 # 1504
15578 # 1504
15579 # 1504
15580 # 1504
15580 + 100
15581 # 1504
15581 - 100 1
15582 # 1504
15583 # 1504
15584 # 1504
15584 + 100
15585 # 1504
15585 - 100 1
15586 # 1504
15587 # 1504
15588 # 1504
15589 # 1504
15589 + 100
15590 # 1504
15590 - 100 1
15591 # 1504
15592 # 1504
15593 # 1504
15594 # 1504
15594 + 100
15595 # 1504
15595 - 100 1
15596 # 1504
15597 # 1504
15598 # 1504
15598 + 100
15599 # 1504
15599 - 100 1
15600 # 1504
15601 # 1504
15601 + 100
15602 # 1504
15602 - 100 1
15603 # 1504
15604 # 1504
15605 # 1504
15605 + 100
15606 # 1504
15606 - 100 1
15607 # 1504
15607 + 100
15608 # 1504
15608 - 100 1
15609 # 1504
15610 # 1504
15611 # 1504
15612 # 1504
15612 + 100
15613 # 1504
15613 - 100 1
15614 # 1504
15615 # 1504
15616 # 1504
15616 + 100
15617 # 1504
15617 - 100 1
15618 # 1504
15619 # 1504
15619 + 100
15620 # 1504
15620 - 100 1
15621 # 1504
15621 + 100
15622 # 1504
15622 - 100 1
15623 # 1504
15624 # 1504
15624 + 100
15625 # 1504
15625 - 100 1
15626 # 1504
15627 # 1504
15628 # 1504
15629 # 1504
15629 + 100
15630 # 1504
15630 - 100 1
15631 # 1504
15632 # 1504
15633 # 1504
15633 + 100
15634 # 1504
15634 - 100 1
15635 # 1504
15636 # 1504
15637 # 1504
15637 + 100
15638 # 1504
15638 - 100 1
15639 # 1504
15640 # 1504
15640 + 100
15641 # 1504
15641 - 100 1
15642 # 1504
15643 # 1504
15644 # 1504
15645 # 1504
15645 + 100
15646 # 1504
15646 - 100 1
15647 # 1504
15648 # 1504
15649 # 1504
15649 + 100
15650 # 1504
15650 - 100 1
15651 # 1504
15652 # 1504
15653 # 1504
15653 + 100
15654 # 1504
15654 - 100 1
15655 # 1504
15656 # 1504
15656 + 100
15657 # 1504
15657 - 100 1
15658 # 1504
15658 + 100
15659 # 1504
15659 - 100 1
15660 # 1504
15661 # 1504
15662 # 1504
15663 # 1504
15663 + 100
15664 # 1504
15664 - 100 1
15665 # 1504
15666 # 1504
15667 # 1504
15668 # 1504
15668 + 100
15669 # 1504
15669 - 100 1
15670 # 1504
15671 # 1504
15672 # 1504
15672 + 100
15673 # 1504
15673 - 100 1
15674 # 1504
15675 # 1504
15676 # 1504
15676 + 100
15677 # 1504
15677 - 100 1
15678 # 1504
15678 + 100
15679 # 1504
15679 - 100 1
15680 # 1504
15681 # 1504
15682 # 1504
15683 # 1504
15683 + 100
15684 # 1504
15684 - 100 1
15685 # 1504
15686 # 1504
15687 # 1504
15688 # 1504
15688 + 100
15689 # 1504
15689 - 100 1
15690 # 1504
15691 # 1504
15692 # 1504
15692 + 100
15693 # 1504
15693 - 100 1
15694 # 1504
15695 # 1504
15695 + 100
15696 # 1504
15696 - 100 1
15697 # 1504
15698 # 1504
15699 # 1504
15699 + 100
15700 # 1504
15700 - 100 1
15701 # 1504
15701 + 100
15702 # 1504
15702 - 100 1
15703 # 1504
15704 # 1504
15705 # 1504
15706 # 1504
15706 + 100
15707 # 1504
15707 - 100 1
15708 # 1504
15709 # 1504
15710 # 1504
15710 + 100
15711 # 1504
15711 - 100 1
15712 # 1504
15713 # 1504
15713 + 100
15714 # 1504
15714 - 100 1
15715 # 1504
15716 # 1504
15717 # 1504
15717 + 100
15718 # 1504
15718 - 100 1
15719 # 1504
15719 + 100
15720 # 1504
15720 - 100 1
15721 # 1504
15722 # 1504
15723 # 1504
15724 # 1504
15724 + 100
15725 # 1504
15725 - 100 1
15726 # 1504
15727 # 1504
15728 # 1504
15729 # 1504
15730 # 1504
15730 + 100
15731 # 1504
15731 - 100 1
15732 # 1504
15733 # 1504
15733 + 100
15734 # 1504
15734 - 100 1
15735 # 1504
15736 # 1504
15736 + 100
15737 # 1504
15737 - 100 1
15738 # 1504
15739 # 1504
15740 # 1504
15740 + 100
15741 # 1504
15741 - 100 1
15742 # 1504
15742 + 100
15743 # 1504
15743 - 100 1
15744 # 1504
15745 # 1504
15746 # 1504
15747 # 1504
15747 + 100
15748 # 1504
15748 - 100 1
15749 # 1504
15750 # 1504
15751 # 1504
15751 + 100
15752 # 1504
15752 - 100 1
15753 # 1504
15754 # 1504
15755 # 1504
15755 + 100
15756 # 1504
15756 - 100 1
15757 # 1504
15757 + 100
15758 # 1504
15758 - 100 1
15759 # 1504
15760 # 1504
15761 # 1504
15762 # 1504
15762 + 100
15763 # 1504
15763 - 100 1
15764 # 1504
15765 # 1504
15766 # 1504
15767 # 1504
15767 + 100
15768 # 1504
15768 - 100 1
15769 # 1504
15770 # 1504
15771 # 1504
15772 # 1504
15772 + 100
15773 # 1504
15773 - 100 1
15774 # 1504
15775 # 1504
15776 # 1504
15776 + 100
15777 # 1504
15777 - 100 1
15778 # 1504
15779 # 1504
15780 # 1504
15780 + 100
15781 # 1504
15781 - 100 1
15782 # 1504
15783 # 1504
15783 + 100
15784 # 1504
15784 - 100 1
15785 # 1504
15786 # 1504
15787 # 1504
15787 + 100
15788 # 1504
15788 - 100 1
15789 # 1504
15790 # 1504
15791 # 1504
15792 # 1504
15792 + 100
15793 # 1504
15793 - 100 1
15794 # 1504
15795 # 1504
15796 # 1504
15796 + 100
15797 # 1504
15797 - 100 1
15798 # 1504
15799 # 1504
15800 # 1504
15800 + 100
15801 # 1504
15801 - 100 1
15802 # 1504
15803 # 1504
15803 + 100
15804 # 1504
15804 - 100 1
15805 # 1504
15806 # 1504
15807 # 1504
15807 + 100
15808 # 1504
15808 - 100 1
15809 # 1504
15810 # 1504
15811 # 1504
15812 # 1504
15812 + 100
15813 # 1504
15813 - 100 1
15814 # 1504
15815 # 1504
15816 # 1504
15816 + 100
15817 # 1504
15817 - 100 1
15818 # 1504
15819 # 1504
15819 + 100
15820 # 1504
15820 - 100 1
15821 # 1504
15822 # 1504
15823 # 1504
15823 + 100
15824 # 1504
15824 - 100 1
15825 # 1504
15825 + 100
15826 # 1504
15826 - 100 1
15827 # 1504
15828 # 1504
15828 + 100
15829 # 1504
15829 - 100 1
15830 # 1504
15831 # 1504
15831 + 100
15832 # 1504
15832 - 100 1
15833 # 1504
15834 # 1504
15834 + 100
15835 # 1504
15835 - 100 1
15836 # 1504
15837 # 1504
15838 # 1504
15839 # 1504
15839 + 100
15840 # 1504
15840 - 100 1
15841 # 1504
15842 # 1504
15843 # 1504
15844 # 1504
15844 + 100
15845 # 1504
15845 - 100 1
15846 # 1504
15847 # 1504
15848 # 1504
15848 + 100
15849 # 1504
15849 - 100 1
15850 # 1504
15851 # 1504
15852 # 1504
15853 # 1504
15854 # 1504
15854 + 100
15855 # 1504
15855 - 100 1
15856 # 1504
15857 # 1504
15857 + 100
15858 # 1504
15858 - 100 1
15859 # 1504
15860 # 1504
15860 + 100
15861 # 1504
15861 - 100 1
15862 # 1504
15863 # 1504
15864 # 1504
15864 + 100
15865 # 1504
15865 - 100 1
15866 # 1504
15866 + 100
15867 # 1504
15867 - 100 1
15868 # 1504
15869 # 1504
15870 # 1504
15871 # 1504
15871 + 100
15872 # 1504
15872 - 100 1
15873 # 1504
15874 # 1504
15875 # 1504
15876 # 1504
15876 + 100
15877 # 1504
15877 - 100 1
15878 # 1504
15879 # 1504
15880 # 1504
15880 + 100
15881 # 1504
15881 - 100 1
15882 # 1504
15883 # 1504
15884 # 1504
15884 + 100
15885 # 1504
15885 - 100 1
15886 # 1504
15886 + 100
15887 # 1504
15887 - 100 1
15888 # 1504
15889 # 1504
15890 # 1504
15891 # 1504
15891 + 100
15892 # 1504
15892 - 100 1
15893 # 1504
15894 # 1504
15895 # 1504
15896 # 1504
15896 + 100
15897 # 1504
15897 - 100 1
15898 # 1504
15899 # 1504
15900 # 1504
15901 # 1504
15901 + 100
15902 # 1504
15902 - 100 1
15903 # 1504
15904 # 1504
15905 # 1504
15905 + 100
15906 # 1504
15906 - 100 1
15907 # 1504
15908 # 1504
15909 # 1504
15909 + 100
15910 # 1504
15910 - 100 1
15911 # 1504
15911 + 100
15912 # 1504
15912 - 100 1
15913 # 1504
15914 # 1504
15915 # 1504
15916 # 1504
15916 + 100
15917 # 1504
15917 - 100 1
15918 # 1504
15919 # 1504
15920 # 1504
15920 + 100
15921 # 1504
15921 - 100 1
15922 # 1504
15923 # 1504
15923 + 100
15924 # 1504
15924 - 100 1
15925 # 1504
15925 + 100
15926 # 1504
15926 - 100 1
15927 # 1504
15928 # 1504
15928 + 100
15929 # 1504
15929 - 100 1
15930 # 1504
15931 # 1504
15932 # 1504
15933 # 1504
15933 + 100
15934 # 1504
15934 - 100 1
15935 # 1504
15936 # 1504
15936 + 100
15937 # 1504
15937 - 100 1
15938 # 1504
15939 # 1504
15939 + 100
15940 # 1504
15940 - 100 1
15941 # 1504
15942 # 1504
15943 # 1504
15943 + 100
15944 # 1504
15944 - 100 1
15945 # 1504
15946 # 1504
15947 # 1504
15948 # 1504
15948 + 100
15949 # 1504
15949 - 100 1
15950 # 1504
15951 # 1504
15952 # 1504
15953 # 1504
15953 + 100
15954 # 1504
15954 - 100 1
15955 # 1504
15956 # 1504
15957 # 1504
15958 # 1504
15958 + 100
15959 # 1504
15959 - 100 1
15960 # 1504
15961 # 1504
15962 # 1504
15963 # 1504
15963 + 100
15964 # 1504
15964 - 100 1
15965 # 1504
15966 # 1504
15967 # 1504
15968 # 1504
15968 + 100
15969 # 1504
15969 - 100 1
15970 # 1504
15971 # 1504
15972 # 1504
15972 + 100
15973 # 1504
15973 - 100 1
15974 # 1504
15975 # 1504
15976 # 1504
15977 # 1504
15977 + 100
15978 # 1504
15978 - 100 1
15979 # 1504
15980 # 1504
15981 # 1504
15981 + 100
15982 # 1504
15982 - 100 1
15983 # 1504
15984 # 1504
15985 # 1504
15985 + 100
15986 # 1504
15986 - 100 1
15987 # 1504
15988 # 1504
15988 + 100
15989 # 1504
15989 - 100 1
15990 # 1504
15991 # 1504
15992 # 1504
15993 # 1504
15993 + 100
15994 # 1504
15994 - 100 1
15995 # 1504
15996 # 1504
15997 # 1504
15997 + 100
15998 # 1504
15998 - 100 1
15999 # 1504
16000 # 1504
16001 # 1504
16002 # 1504
16002 + 100
16003 # 1504
16003 - 100 1
16004 # 1504
16005 # 1504
16006 # 1504
16006 + 100
16007 # 1504
16007 - 100 1
16008 # 1504
16009 # 1504
16009 + 100
16010 # 1504
16010 - 100 1
16011 # 1504
16012 # 1504
16013 # 1504
16013 + 100
16014 # 1504
16014 - 100 1
16015 # 1504
16016 # 1504
16016 + 100
16017 # 1504
16017 - 100 1
16018 # 1504
16019 # 1504
16020 # 1504
16020 + 100
16021 # 1504
16021 - 100 1
16022 # 1504
16023 # 1504
16024 # 1504
16025 # 1504
16025 + 100
16026 # 1504
16026 - 100 1
16027 # 1504
16028 # 1504
16029 # 1504
16029 + 100
16030 # 1504
16030 - 100 1
16031 # 1504
16032 # 1504
16033 # 1504
16033 + 100
16034 # 1504
16034 - 100 1
16035 # 1504
16036 # 1504
16036 + 100
16037 # 1504
16037 - 100 1
16038 # 1504
16039 # 1504
16040 # 1504
16040 + 100
16041 # 1504
16041 - 100 1
16042 # 1504
16043 # 1504
16044 # 1504
16044 + 100
16045 # 1504
16045 - 100 1
16046 # 1504
16047 # 1504
16047 + 100
16048 # 1504
16048 - 100 1
16049 # 1504
16050 # 1504
16051 # 1504
16051 + 100
16052 # 1504
16052 - 100 1
16053 # 1504
16053 + 100
16054 # 1504
16054 - 100 1
16055 # 1504
16056 # 1504
16057 # 1504
16058 # 1504
16058 + 100
16059 # 1504
16059 - 100 1
16060 # 1504
16061 # 1504
16062 # 1504
16063 # 1504
16063 + 100
16064 # 1504
16064 - 100 1
16065 # 1504
16066 # 1504
16067 # 1504
16067 + 100
16068 # 1504
16068 - 100 1
16069 # 1504
16070 # 1504
16070 + 100
16071 # 1504
16071 - 100 1
16072 # 1504
16073 # 1504
16073 + 100
16074 # 1504
16074 - 100 1
16075 # 1504
16076 # 1504
16077 # 1504
16077 + 100
16078 # 1504
16078 - 100 1
16079 # 1504
16080 # 1504
16081 # 1504
16082 # 1504
16082 + 100
16083 # 1504
16083 - 100 1
16084 # 1504
16085 # 1504
16086 # 1504
16086 + 100
16087 # 1504
16087 - 100 1
16088 # 1504
16089 # 1504
16090 # 1504
16090 + 100
16091 # 1504
16091 - 100 1
16092 # 1504
16093 # 1504
16093 + 100
16094 # 1504
16094 - 100 1
16095 # 1504
16096 # 1504
16097 # 1504
16097 + 100
16098 # 1504
16098 - 100 1
16099 # 1504
16100 # 1504
16101 # 1504
16101 + 100
16102 # 1504
16102 - 100 1
16103 # 1504
16104 # 1504
16105 # 1504
16106 # 1504
16106 + 100
16107 # 1504
16107 - 100 1
16108 # 1504
16109 # 1504
16110 # 1504
16110 + 100
16111 # 1504
16111 - 100 1
16112 # 1504
16113 # 1504
16113 + 100
16114 # 1504
16114 - 100 1
16115 # 1504
16116 # 1504
16117 # 1504
16117 + 100
16118 # 1504
16118 - 100 1
16119 # 1504
16119 + 100
16120 # 1504
16120 - 100 1
16121 # 1504
16122 # 1504
16123 # 1504
16124 # 1504
16124 + 100
16125 # 1504
16125 - 100 1
16126 # 1504
16127 # 1504
16128 # 1504
16128 + 100
16129 # 1504
16129 - 100 1
16130 # 1504
16131 # 1504
16131 + 100
16132 # 1504
16132 - 100 1
16133 # 1504
16134 # 1504
16135 # 1504
16135 + 100
16136 # 1504
16136 - 100 1
16137 # 1504
16138 # 1504
16138 + 100
16139 # 1504
16139 - 100 1
16140 # 1504
16141 # 1504
16142 # 1504
16143 # 1504
16143 + 100
16144 # 1504
16144 - 100 1
16145 # 1504
16146 # 1504
16147 # 1504
16147 + 100
16148 # 1504
16148 - 100 1
16149 # 1504
16150 # 1504
16151 # 1504
16151 + 100
16152 # 1504
16152 - 100 1
16153 # 1504
16154 # 1504
16155 # 1504
16155 + 100
16156 # 1504
16156 - 100 1
16157 # 1504
16157 + 100
16158 # 1504
16158 - 100 1
16159 # 1504
16160 # 1504
16161 # 1504
16162 # 1504
16163 # 1504
16163 + 100
16164 # 1504
16164 - 100 1
16165 # 1504
16166 # 1504
16167 # 1504
16167 + 100
16168 # 1504
16168 - 100 1
16169 # 1504
16170 # 1504
16171 # 1504
16171 + 100
16172 # 1504
16172 - 100 1
16173 # 1504
16174 # 1504
16174 + 100
16175 # 1504
16175 - 100 1
16176 # 1504
16177 # 1504
16177 + 100
16178 # 1504
16178 - 100 1
16179 # 1504
16180 # 1504
16181 # 1504
16181 + 100
16182 # 1504
16182 - 100 1
16183 # 1504
16184 # 1504
16185 # 1504
16185 + 100
16186 # 1504
16186 - 100 1
16187 # 1504
16188 # 1504
16189 # 1504
16190 # 1504
16190 + 100
16191 # 1504
16191 - 100 1
16192 # 1504
16193 # 1504
16194 # 1504
16194 + 100
16195 # 1504
16195 - 100 1
16196 # 1504
16197 # 1504
16197 + 100
16198 # 1504
16198 - 100 1
16199 # 1504
16200 # 1504
16201 # 1504
16201 + 100
16202 # 1504
16202 - 100 1
16203 # 1504
16204 # 1504
16204 + 100
16205 # 1504
16205 - 100 1
16206 # 1504
16207 # 1504
16208 # 1504
16208 + 100
16209 # 1504
16209 - 100 1
16210 # 1504
16211 # 1504
16212 # 1504
16212 + 100
16213 # 1504
16213 - 100 1
16214 # 1504
16215 # 1504
16215 + 100
16216 # 1504
16216 - 100 1
16217 # 1504
16218 # 1504
16218 + 100
16219 # 1504
16219 - 100 1
16220 # 1504
16221 # 1504
16221 + 100
16222 # 1504
16222 - 100 1
16223 # 1504
16224 # 1504
16225 # 1504
16226 # 1504
16227 # 1504
16227 + 100
16228 # 1504
16228 - 100 1
16229 # 1504
16230 # 1504
16231 # 1504
16231 + 100
16232 # 1504
16232 - 100 1
16233 # 1504
16234 # 1504
16235 # 1504
16235 + 100
16236 # 1504
16236 - 100 1
16237 # 1504
16238 # 1504
16239 # 1504
16239 + 100
16240 # 1504
16240 - 100 1
16241 # 1504
16242 # 1504
16242 + 100
16243 # 1504
16243 - 100 1
16244 # 1504
16245 # 1504
16246 # 1504
16246 + 100
16247 # 1504
16247 - 100 1
16248 # 1504
16249 # 1504
16250 # 1504
16251 # 1504
16251 + 100
16252 # 1504
16252 - 100 1
16253 # 1504
16254 # 1504
16255 # 1504
16255 + 100
16256 # 1504
16256 - 100 1
16257 # 1504
16258 # 1504
16258 + 100
16259 # 1504
16259 - 100 1
16260 # 1504
16261 # 1504
16261 + 100
16262 # 1504
16262 - 100 1
16263 # 1504
16264 # 1504
16265 # 1504
16265 + 100
16266 # 1504
16266 - 100 1
16267 # 1504
16268 # 1504
16269 # 1504
16269 + 100
16270 # 1504
16270 - 100 1
16271 # 1504
16272 # 1504
16273 # 1504
16274 # 1504
16274 + 100
16275 # 1504
16275 - 100 1
16276 # 1504
16277 # 1504
16278 # 1504
16279 # 1504
16279 + 100
16280 # 1504
16280 - 100 1
16281 # 1504
16282 # 1504
16283 # 1504
16284 # 1504
16284 + 100
16285 # 1504
16285 - 100 1
16286 # 1504
16287 # 1504
16288 # 1504
16288 + 100
16289 # 1504
16289 - 100 1
16290 # 1504
16291 # 1504
16292 # 1504
16293 # 1504
16293 + 100
16294 # 1504
16294 - 100 1
16295 # 1504
16296 # 1504
16297 # 1504
16297 + 100
16298 # 1504
16298 - 100 1
16299 # 1504
16300 # 1504
16301 # 1504
16301 + 100
16302 # 1504
16302 - 100 1
16303 # 1504
16304 # 1504
16304 + 100
16305 # 1504
16305 - 100 1
16306 # 1504
16307 # 1504
16308 # 1504
16309 # 1504
16309 + 100
16310 # 1504
16310 - 100 1
16311 # 1504
16312 # 1504
16313 # 1504
16314 # 1504
16314 + 100
16315 # 1504
16315 - 100 1
16316 # 1504
16317 # 1504
16317 + 100
16318 # 1504
16318 - 100 1
16319 # 1504
16320 # 1504
16320 + 100
16321 # 1504
16321 - 100 1
16322 # 1504
16323 # 1504
16324 # 1504
16324 + 100
16325 # 1504
16325 - 100 1
16326 # 1504
16327 # 1504
16327 + 100
16328 # 1504
16328 - 100 1
16329 # 1504
16330 # 1504
16331 # 1504
16331 + 100
16332 # 1504
16332 - 100 1
16333 # 1504
16334 # 1504
16335 # 1504
16335 + 100
16336 # 1504
16336 - 100 1
16337 # 1504
16338 # 1504
16338 + 100
16339 # 1504
16339 - 100 1
16340 # 1504
16341 # 1504
16341 + 100
16342 # 1504
16342 - 100 1
16343 # 1504
16343 + 100
16344 # 1504
16344 - 100 1
16345 # 1504
16346 # 1504
16347 # 1504
16348 # 1504
16348 + 100
16349 # 1504
16349 - 100 1
16350 # 1504
16351 # 1504
16352 # 1504
16352 + 100
16353 # 1504
16353 - 100 1
16354 # 1504
16355 # 1504
16355 + 100
16356 # 1504
16356 - 100 1
16357 # 1504
16358 # 1504
16358 + 100
16359 # 1504
16359 - 100 1
16360 # 1504
16360 + 100
16361 # 1504
16361 - 100 1
16362 # 1504
16363 # 1504
16363 + 100
16364 # 1504
16364 - 100 1
16365 # 1504
16366 # 1504
16367 # 1504
16367 + 100
16368 # 1504
16368 - 100 1
16369 # 1504
16370 # 1504
16371 # 1504
16371 + 100
16372 # 1504
16372 - 100 1
16373 # 1504
16373 + 100
16374 # 1504
16374 - 100 1
16375 # 1504
16376 # 1504
16376 + 100
16377 # 1504
16377 - 100 1
16378 # 1504
16379 # 1504
16380 # 1504
16380 + 100
16381 # 1504
16381 - 100 1
16381 + 100
16382 # 1504
16382 - 100 1
16383 # 1504
16384 # 1504
16385 # 1504
16386 # 1504
16387 # 1504
16388 # 1504
16389 # 1504
16390 # 1504
16391 # 1504
16392 # 1504
16393 # 1504
16394 # 1504
16395 # 1504
16396 # 1504
16397 # 1504
16398 # 1504
16399 # 1504
16400 # 1504
16401 # 1504
16402 # 1504
16403 # 1504
16404 # 1504
16405 # 1504
16406 # 1504
16407 # 1504
16408 # 1504
16409 # 1504
16410 # 1504
16411 # 1504
16412 # 1504
16413 # 1504
16414 # 1504
16415 # 1504
16416 # 1504
16417 # 1504
16418 # 1504
16419 # 1504
16420 # 1504
16421 # 1504
16422 # 1504
16423 # 1504
16424 # 1504
16425 # 1504
16426 # 1504
16427 # 1504
16428 # 1504
16429 # 1504
16430 # 1504
16431 # 1504
16432 # 1504
16433 # 1504
16434 # 1504
16435 # 1504
16436 # 1504
16437 # 1504
16438 # 1504
16439 # 1504
16440 # 1504
16441 # 1504
16442 # 1504
16443 # 1504
16444 # 1504
16445 # 1504
16446 # 1504
16447 # 1504
16448 # 1504
16449 # 1504
16450 # 1504
16451 # 1504
16452 # 1504
16453 # 1504
16454 # 1504
16455 # 1504
16456 # 1504
16457 # 1504
16458 # 1504
16459 # 1504
16460 # 1504
16461 # 1504
16462 # 1504
16463 # 1504
16464 # 1504
16465 # 1504
16466 # 1504
16467 # 1504
16468 # 1504
16469 # 1504
16470 # 1504
16471 # 1504
16472 # 1504
16473 # 1504
16474 # 1504
16475 # 1504
16476 # 1504
16477 # 1504
16478 # 1504
16479 # 1504
16480 # 1504
16481 # 1504
16482 # 1504
16483 # 1504
16484 # 1504
16485 # 1504
16486 # 1504
16487 # 1504
16488 # 1504
16489 # 1504
16490 # 1504
16491 # 1504
16491 + 100
16491 + 100
16491 + 100
16491 + 100
16491 + 100
16492 # 1504
16492 - 100 1
16492 - 100 1
16492 - 100 1
16492 - 100 1
16492 - 100 1
16493 # 1504
16493 + 100
16493 + 100
16494 # 1504
16494 - 100 1
16494 - 100 1
16495 # 1504
16496 # 1504
16497 # 1504
16498 # 1504
16499 # 1504
16500 # 1504
16501 # 1504
16502 # 1504
16503 # 1504
16504 # 1504
16505 # 1504
16506 # 1504
16507 # 1504
16508 # 1504
16509 # 1504
16510 # 1504
16511 # 1504
16512 # 1504
16513 # 1504
16514 # 1504
16515 # 1504
16516 # 1504
16517 # 1504
16518 # 1504
16519 # 1504
16520 # 1504
16521 # 1504
16522 # 1504
16523 # 1504
16524 # 1504
16525 # 1504
16526 # 1504
16527 # 1504
16528 # 1504
16529 # 1504
16530 # 1504
16531 # 1504
16531 + 100
16531 + 100
16531 + 100
16531 + 100
16531 + 100
16531 + 100
16531 + 100
16531 + 100
16531 + 100
16531 + 100
16531 + 100
16531 + 100
16531 + 100
16531 + 100
16531 + 100
16531 + 100
16532 # 1504
16532 - 100 1
16532 - 100 1
16532 - 100 1
16532 - 100 1
16532 - 100 1
16532 - 100 1
16532 - 100 1
16532 - 100 1
16532 - 100 1
16532 - 100 1
16532 - 100 1
16532 - 100 1
16532 - 100 1
16532 - 100 1
16532 - 100 1
16533 # 1504
16533 - 100 2
16534 # 1504
16535 # 1504
16536 # 1504
16537 # 1504
16538 # 1504
16539 # 1504
16540 # 1504
16541 # 1504
16542 # 1504
16543 # 1504
16544 # 1504
16545 # 1504
16546 # 1504
16547 # 1504
16548 # 1504
16549 # 1504
16550 # 1504
16551 # 1504
16552 # 1504
16553 # 1504
16554 # 1504
16555 # 1504
16556 # 1504
16557 # 1504
16557 + 100
16557 + 100
16557 + 100
16557 + 100
16557 + 100
16557 + 100
16557 + 100
16557 + 100
16558 # 1504
16558 - 100 1
16558 - 100 1
16558 - 100 1
16558 - 100 1
16558 - 100 1
16558 - 100 1
16558 - 100 1
16558 - 100 1
16559 # 1504
16560 # 1504
16560 + 100
16560 + 100
16561 # 1504
16561 - 100 1
16561 - 100 1
16561 + 100
16562 # 1504
16562 - 100 1
16563 # 1504
16564 # 1504
16564 + 100
16564 + 100
16564 + 100
16565 # 1504
16565 - 100 1
16565 - 100 1
16565 - 100 1
16566 # 1504
16566 + 100
16566 + 100
16567 # 1504
16567 - 100 1
16567 - 100 1
16568 # 1504
16569 # 1504
16570 # 1504
16571 # 1504
16571 + 100
16572 # 1504
16572 - 100 1
16573 # 1504
16574 # 1504
16575 # 1504
16576 # 1504
16577 # 1504
16578 # 1504
16579 # 1504
16580 # 1504
16581 # 1504
16582 # 1504
16583 # 1504
16584 # 1504
16585 # 1504
16586 # 1504
16587 # 1504
16588 # 1504
16589 # 1504
16590 # 1504
16591 # 1504
16592 # 1504
16593 # 1504
16594 # 1504
16595 # 1504
16596 # 1504
16597 # 1504
16598 # 1504
16599 # 1504
16600 # 1504
16601 # 1504
16602 # 1504
16603 # 1504
16604 # 1504
16605 # 1504
16606 # 1504
16607 # 1504
16607 + 100
16608 # 1504
16608 - 100 1
16609 # 1504
16610 # 1504
16611 # 1504
16611 + 100
16611 + 100
16611 + 100
16612 # 1504
16612 - 100 1
16612 - 100 1
16612 - 100 1
16612 + 100
16613 # 1504
16613 - 100 1
16614 # 1504
16615 # 1504
16616 # 1504
16616 + 100
16616 + 100
16616 + 100
16616 + 100
16617 # 1504
16617 - 100 1
16617 - 100 1
16617 - 100 1
16617 - 100 1
16618 # 1504
16618 + 100
16618 + 100
16619 # 1504
16619 - 100 1
16619 - 100 1
16620 # 1504
16621 # 1504
16621 + 100
16622 # 1504
16622 - 100 1
16623 # 1504
16624 # 1504
16624 + 100
16625 # 1504
16625 - 100 1
16626 # 1504
16627 # 1504
16627 + 100
16628 # 1504
16628 - 100 1
16629 # 1504
16630 # 1504
16631 # 1504
16632 # 1504
16632 + 100
16633 # 1504
16633 - 100 1
16634 # 1504
16635 # 1504
16636 # 1504
16636 + 100
16637 # 1504
16637 - 100 1
16638 # 1504
16639 # 1504
16640 # 1504
16641 # 1504
16642 # 1504
16643 # 1504
16644 # 1504
16644 + 100
16645 # 1504
16645 - 100 1
16646 # 1504
16647 # 1504
16648 # 1504
16649 # 1504
16650 # 1504
16651 # 1504
16652 # 1504
16652 + 100
16652 + 100
16653 # 1504
16653 - 100 1
16653 - 100 1
16654 # 1504
16655 # 1504
16656 # 1504
16657 # 1504
16658 # 1504
16659 # 1504
16660 # 1504
16661 # 1504
16662 # 1504
16663 # 1504
16664 # 1504
16665 # 1504
16666 # 1504
16667 # 1504
16668 # 1504
16669 # 1504
16670 # 1504
16671 # 1504
16672 # 1504
16672 + 100
16673 # 1504
16673 - 100 1
16674 # 1504
16674 + 100
16675 # 1504
16675 - 100 1
16676 # 1504
16676 + 100
16676 + 100
16677 # 1504
16677 - 100 1
16677 - 100 1
16678 # 1504
16678 + 100
16678 + 100
16679 # 1504
16679 - 100 1
16679 - 100 1
16680 # 1504
16681 # 1504
16682 # 1504
16683 # 1504
16684 # 1504
16685 # 1504
16686 # 1504
16687 # 1504
16688 # 1504
16689 # 1504
16689 + 100
16689 + 100
16690 # 1504
16690 - 100 1
16690 - 100 1
16691 # 1504
16692 # 1504
16693 # 1504
16694 # 1504
16695 # 1504
16695 + 100
16696 # 1504
16696 - 100 1
16697 # 1504
16698 # 1504
16698 + 100
16699 # 1504
16699 - 100 1
16700 # 1504
16701 # 1504
16702 # 1504
16703 # 1504
16704 # 1504
16705 # 1504
16705 + 100
16706 # 1504
16706 - 100 1
16707 # 1504
16708 # 1504
16709 # 1504
16709 + 100
16710 # 1504
16710 - 100 1
16711 # 1504
16711 + 100
16712 # 1504
16712 - 100 1
16713 # 1504
16714 # 1504
16715 # 1504
16716 # 1504
16717 # 1504
16718 # 1504
16719 # 1504
16720 # 1504
16721 # 1504
16722 # 1504
16723 # 1504
16724 # 1504
16724 + 100
16725 # 1504
16725 - 100 1
16726 # 1504
16727 # 1504
16728 # 1504
16729 # 1504
16729 + 100
16729 + 100
16730 # 1504
16730 - 100 1
16730 - 100 1
16731 # 1504
16732 # 1504
16732 + 100
16733 # 1504
16733 - 100 1
16734 # 1504
16735 # 1504
16736 # 1504
16737 # 1504
16738 # 1504
16739 # 1504
16740 # 1504
16741 # 1504
16742 # 1504
16742 + 100
16742 + 100
16743 # 1504
16743 - 100 1
16743 - 100 1
16744 # 1504
16745 # 1504
16746 # 1504
16746 + 100
16747 # 1504
16747 - 100 1
16748 # 1504
16749 # 1504
16750 # 1504
16751 # 1504
16752 # 1504
16752 + 100
16753 # 1504
16753 - 100 1
16754 # 1504
16755 # 1504
16756 # 1504
16757 # 1504
16758 # 1504
16759 # 1504
16760 # 1504
16761 # 1504
16762 # 1504
16763 # 1504
16764 # 1504
16765 # 1504
16766 # 1504
16767 # 1504
16768 # 1504
16769 # 1504
16770 # 1504
16771 # 1504
16772 # 1504
16772 + 100
16773 # 1504
16773 - 100 1
16774 # 1504
16775 # 1504
16776 # 1504
16777 # 1504
16778 # 1504
16779 # 1504
16780 # 1504
16781 # 1504
16782 # 1504
16783 # 1504
16784 # 1504
16785 # 1504
16786 # 1504
16787 # 1504
16787 + 100
16787 + 100
16787 + 100
16787 + 100
16788 # 1504
16788 - 100 1
16788 - 100 1
16788 - 100 1
16788 - 100 1
16789 # 1504
16790 # 1504
16790 + 100
16790 + 100
16791 # 1504
16791 - 100 1
16791 - 100 1
16791 + 100
16792 # 1504
16792 - 100 1
16793 # 1504
16794 # 1504
16795 # 1504
16795 + 100
16796 # 1504
16796 - 100 1
16797 # 1504
16797 + 100
16798 # 1504
16798 - 100 1
16799 # 1504
16800 # 1504
16801 # 1504
16801 + 100
16802 # 1504
16802 - 100 1
16803 # 1504
16803 + 100
16804 # 1504
16804 - 100 1
16805 # 1504
16806 # 1504
16807 # 1504
16808 # 1504
16808 + 100
16808 + 100
16809 # 1504
16809 - 100 1
16809 - 100 1
16810 # 1504
16811 # 1504
16812 # 1504
16813 # 1504
16814 # 1504
16815 # 1504
16815 + 100
16816 # 1504
16816 - 100 1
16817 # 1504
16818 # 1504
16819 # 1504
16819 + 100
16820 # 1504
16820 - 100 1
16821 # 1504
16822 # 1504
16822 + 100
16823 # 1504
16823 - 100 1
16824 # 1504
16824 + 100
16825 # 1504
16825 - 100 1
16826 # 1504
16827 # 1504
16828 # 1504
16829 # 1504
16830 # 1504
16831 # 1504
16831 + 100
16832 # 1504
16832 - 100 1
16833 # 1504
16834 # 1504
16835 # 1504
16836 # 1504
16837 # 1504
16837 + 100
16838 # 1504
16838 - 100 1
16839 # 1504
16840 # 1504
16840 + 100
16841 # 1504
16841 - 100 1
16842 # 1504
16843 # 1504
16844 # 1504
16844 + 100
16845 # 1504
16845 - 100 1
16846 # 1504
16847 # 1504
16848 # 1504
16849 # 1504
16850 # 1504
16850 + 100
16851 # 1504
16851 - 100 1
16852 # 1504
16853 # 1504
16854 # 1504
16855 # 1504
16855 + 100
16856 # 1504
16856 - 100 1
16857 # 1504
16858 # 1504
16859 # 1504
16860 # 1504
16860 + 100
16861 # 1504
16861 - 100 1
16862 # 1504
16863 # 1504
16864 # 1504
16865 # 1504
16865 + 100
16866 # 1504
16866 - 100 1
16867 # 1504
16868 # 1504
16869 # 1504
16870 # 1504
16870 + 100
16871 # 1504
16871 - 100 1
16872 # 1504
16872 + 100
16873 # 1504
16873 - 100 1
16874 # 1504
16875 # 1504
16876 # 1504
16877 # 1504
16878 # 1504
16879 # 1504
16880 # 1504
16880 + 100
16881 # 1504
16881 - 100 1
16882 # 1504
16883 # 1504
16884 # 1504
16884 + 100
16885 # 1504
16885 - 100 1
16886 # 1504
16887 # 1504
16888 # 1504
16889 # 1504
16889 + 100
16890 # 1504
16890 - 100 1
16891 # 1504
16892 # 1504
16893 # 1504
16894 # 1504
16894 + 100
16895 # 1504
16895 - 100 1
16896 # 1504
16897 # 1504
16898 # 1504
16898 + 100
16899 # 1504
16899 - 100 1
16900 # 1504
16901 # 1504
16902 # 1504
16903 # 1504
16904 # 1504
16904 + 100
16905 # 1504
16905 - 100 1
16906 # 1504
16907 # 1504
16908 # 1504
16908 + 100
16909 # 1504
16909 - 100 1
16910 # 1504
16911 # 1504
16911 + 100
16912 # 1504
16912 - 100 1
16913 # 1504
16914 # 1504
16915 # 1504
16916 # 1504
16917 # 1504
16918 # 1504
16919 # 1504
16920 # 1504
16920 + 100
16921 # 1504
16921 - 100 1
16922 # 1504
16923 # 1504
16924 # 1504
16924 + 100
16925 # 1504
16925 - 100 1
16926 # 1504
16926 + 100
16927 # 1504
16927 - 100 1
16928 # 1504
16929 # 1504
16930 # 1504
16931 # 1504
16932 # 1504
16933 # 1504
16934 # 1504
16935 # 1504
16935 + 100
16935 + 100
16936 # 1504
16936 - 100 1
16936 - 100 1
16937 # 1504
16938 # 1504
16939 # 1504
16940 # 1504
16940 + 100
16941 # 1504
16941 - 100 1
16942 # 1504
16943 # 1504
16944 # 1504
16944 + 100
16945 # 1504
16945 - 100 1
16946 # 1504
16947 # 1504
16948 # 1504
16949 # 1504
16950 # 1504
16951 # 1504
16952 # 1504
16952 + 100
16953 # 1504
16953 - 100 1
16954 # 1504
16955 # 1504
16956 # 1504
16956 + 100
16957 # 1504
16957 - 100 1
16958 # 1504
16959 # 1504
16959 + 100
16960 # 1504
16960 - 100 1
16961 # 1504
16962 # 1504
16962 + 100
16963 # 1504
16963 - 100 1
16964 # 1504
16964 + 100
16965 # 1504
16965 - 100 1
16966 # 1504
16967 # 1504
16968 # 1504
16969 # 1504
16969 + 100
16970 # 1504
16970 - 100 1
16971 # 1504
16972 # 1504
16972 + 100
16973 # 1504
16973 - 100 1
16974 # 1504
16975 # 1504
16976 # 1504
16977 # 1504
16978 # 1504
16979 # 1504
16980 # 1504
16981 # 1504
16981 + 100
16982 # 1504
16982 - 100 1
16983 # 1504
16984 # 1504
16985 # 1504
16986 # 1504
16987 # 1504
16988 # 1504
16988 + 100
16988 + 100
16989 # 1504
16989 - 100 1
16989 - 100 1
16990 # 1504
16990 + 100
16991 # 1504
16991 - 100 1
16992 # 1504
16993 # 1504
16994 # 1504
16995 # 1504
16996 # 1504
16997 # 1504
16998 # 1504
16998 + 100
16999 # 1504
16999 - 100 1
17000 # 1504
17001 # 1504
17002 # 1504
17003 # 1504
17004 # 1504
17005 # 1504
17005 + 100
17006 # 1504
17006 - 100 1
17007 # 1504
17007 + 100
17008 # 1504
17008 - 100 1
17009 # 1504
17009 + 100
17010 # 1504
17010 - 100 1
17011 # 1504
17012 # 1504
17012 + 100
17013 # 1504
17013 - 100 1
17014 # 1504
17015 # 1504
17016 # 1504
17017 # 1504
17017 + 100
17018 # 1504
17018 - 100 1
17019 # 1504
17020 # 1504
17021 # 1504
17022 # 1504
17023 # 1504
17024 # 1504
17025 # 1504
17026 # 1504
17027 # 1504
17028 # 1504
17029 # 1504
17030 # 1504
17031 # 1504
17032 # 1504
17033 # 1504
17034 # 1504
17035 # 1504
17036 # 1504
17037 # 1504
17038 # 1504
17039 # 1504
17040 # 1504
17041 # 1504
17042 # 1504
17043 # 1504
17044 # 1504
17045 # 1504
17046 # 1504
17047 # 1504
17048 # 1504
17049 # 1504
17050 # 1504
17051 # 1504
17052 # 1504
17053 # 1504
17054 # 1504
17055 # 1504
17056 # 1504
17057 # 1504
17058 # 1504
17059 # 1504
17060 # 1504
17061 # 1504
17062 # 1504
17063 # 1504
17064 # 1504
17065 # 1504
17066 # 1504
17067 # 1504
17068 # 1504
17069 # 1504
17070 # 1504
17071 # 1504
17072 # 1504
17073 # 1504
17074 # 1504
17075 # 1504
17076 # 1504
17077 # 1504
17078 # 1504
17079 # 1504
17080 # 1504
17081 # 1504
17082 # 1504
17083 # 1504
17084 # 1504
17085 # 1504
17086 # 1504
17087 # 1504
17088 # 1504
17089 # 1504
17090 # 1504
17091 # 1504
17092 # 1504
17093 # 1504
17094 # 1504
17095 # 1504
17096 # 1504
17097 # 1504
17098 # 1504
17099 # 1504
17100 # 1504
17101 # 1504
17102 # 1504
17103 # 1504
17104 # 1504
17105 # 1504
17106 # 1504
17107 # 1504
17108 # 1504
17109 # 1504
17110 # 1504
17111 # 1504
17112 # 1504
17113 # 1504
17114 # 1504
17115 # 1504
17116 # 1504
17117 # 1504
17118 # 1504
17119 # 1504
17120 # 1504
17121 # 1504
17122 # 1504
17123 # 1504
17124 # 1504
17125 # 1504
17126 # 1504
17127 # 1504
17128 # 1504
17129 # 1504
17130 # 1504
17131 # 1504
17132 # 1504
17133 # 1504
17134 # 1504
17135 # 1504
17136 # 1504
17137 # 1504
17138 # 1504
17139 # 1504
17140 # 1504
17141 # 1504
17142 # 1504
17143 # 1504
17144 # 1504
17145 # 1504
17146 # 1504
17147 # 1504
17148 # 1504
17149 # 1504
17150 # 1504
17151 # 1504
17152 # 1504
17153 # 1504
17154 # 1504
17155 # 1504
17156 # 1504
17157 # 1504
17158 # 1504
17159 # 1504
17160 # 1504
17161 # 1504
17162 # 1504
17163 # 1504
17164 # 1504
17165 # 1504
17166 # 1504
17167 # 1504
17168 # 1504
17169 # 1504
17170 # 1504
17171 # 1504
17172 # 1504
17173 # 1504
17174 # 1504
17175 # 1504
17176 # 1504
17177 # 1504
17178 # 1504
17179 # 1504
17180 # 1504
17180 + 100
17181 # 1504
17181 - 100 1
17182 # 1504
17183 # 1504
17184 # 1504
17185 # 1504
17186 # 1504
17187 # 1504
17187 + 100
17187 + 100
17187 + 100
17187 + 100
17187 + 100
17187 + 100
17188 # 1504
17188 - 100 1
17188 - 100 1
17188 - 100 1
17188 - 100 1
17188 - 100 1
17188 - 100 1
17188 + 100
17189 # 1504
17189 - 100 1
17189 + 100
17190 # 1504
17190 - 100 1
17191 # 1504
17191 + 100
17191 + 100
17192 # 1504
17192 - 100 1
17192 - 100 1
17192 + 100
17193 # 1504
17193 - 100 1
17193 + 100
17194 # 1504
17194 - 100 1
17194 + 100
17195 # 1504
17195 - 100 1
17196 # 1504
17196 + 100
17196 + 100
17197 # 1504
17197 - 100 1
17197 - 100 1
17197 + 100
17198 # 1504
17198 - 100 1
17198 + 100
17199 # 1504
17199 - 100 1
17200 # 1504
17201 # 1504
17201 + 100
17201 + 100
17201 + 100
17202 # 1504
17202 - 100 1
17202 - 100 1
17202 - 100 1
17203 # 1504
17203 + 100
17203 + 100
17204 # 1504
17204 - 100 1
17204 - 100 1
17204 + 100
17205 # 1504
17205 - 100 1
17206 # 1504
17207 # 1504
17208 # 1504
17208 + 100
17208 + 100
17208 + 100
17209 # 1504
17209 - 100 1
17209 - 100 1
17209 - 100 1
17210 # 1504
17210 + 100
17210 + 100
17211 # 1504
17211 - 100 1
17211 - 100 1
17211 + 100
17212 # 1504
17212 - 100 1
17212 + 100
17213 # 1504
17213 - 100 1
17214 # 1504
17214 + 100
17215 # 1504
17215 - 100 1
17216 # 1504
17216 + 100
17216 + 100
17216 + 100
17217 # 1504
17217 - 100 1
17217 - 100 1
17217 - 100 1
17217 + 100
17218 # 1504
17218 - 100 1
17219 # 1504
17219 + 100
17219 + 100
17220 # 1504
17220 - 100 1
17220 - 100 1
17221 # 1504
17221 + 100
17221 + 100
17222 # 1504
17222 - 100 1
17222 - 100 1
17222 + 100
17223 # 1504
17223 - 100 1
17223 + 100
17224 # 1504
17224 - 100 1
17225 # 1504
17226 # 1504
17227 # 1504
17228 # 1504
17229 # 1504
17230 # 1504
17231 # 1504
17232 # 1504
17233 # 1504
17234 # 1504
17235 # 1504
17236 # 1504
17237 # 1504
17238 # 1504
17239 # 1504
17240 # 1504
17241 # 1504
17242 # 1504
17243 # 1504
17244 # 1504
17245 # 1504
17246 # 1504
17247 # 1504
17248 # 1504
17249 # 1504
17250 # 1504
17251 # 1504
17252 # 1504
17253 # 1504
17254 # 1504
17255 # 1504
17256 # 1504
17257 # 1504
17258 # 1504
17259 # 1504
17260 # 1504
17261 # 1504
17262 # 1504
17263 # 1504
17264 # 1504
17265 # 1504
17266 # 1504
17267 # 1504
17268 # 1504
17269 # 1504
17270 # 1504
17271 # 1504
17272 # 1504
17273 # 1504
17273 + 100
17273 + 100
17273 + 100
17274 # 1504
17274 - 100 1
17274 - 100 1
17274 - 100 1
17275 # 1504
17276 # 1504
17276 + 100
17276 + 100
17277 # 1504
17277 - 100 1
17277 - 100 1
17278 # 1504
17279 # 1504
17280 # 1504
17280 + 100
17280 + 100
17280 + 100
17280 + 100
17281 # 1504
17281 - 100 1
17281 - 100 1
17281 - 100 1
17281 - 100 1
17282 # 1504
17282 + 100
17283 # 1504
17283 - 100 1
17283 + 100
17283 + 100
17284 # 1504
17284 - 100 1
17284 - 100 1
17284 + 100
17285 # 1504
17285 - 100 1
17286 # 1504
17286 + 100
17286 + 100
17287 # 1504
17287 - 100 1
17287 - 100 1
17288 # 1504
17288 + 100
17288 + 100
17289 # 1504
17289 - 100 1
17289 - 100 1
17290 # 1504
17291 # 1504
17292 # 1504
17292 + 100
17292 + 100
17293 # 1504
17293 - 100 1
17293 - 100 1
17294 # 1504
17294 + 100
17295 # 1504
17295 - 100 1
17296 # 1504
17297 # 1504
17298 # 1504
17299 # 1504
17300 # 1504
17301 # 1504
17302 # 1504
17303 # 1504
17304 # 1504
17305 # 1504
17306 # 1504
17307 # 1504
17308 # 1504
17309 # 1504
17310 # 1504
17311 # 1504
17312 # 1504
17313 # 1504
17314 # 1504
17315 # 1504
17316 # 1504
17317 # 1504
17318 # 1504
17319 # 1504
17320 # 1504
17321 # 1504
17322 # 1504
17323 # 1504
17324 # 1504
17325 # 1504
17326 # 1504
17327 # 1504
17328 # 1504
17329 # 1504
17330 # 1504
17331 # 1504
17332 # 1504
17333 # 1504
17334 # 1504
17335 # 1504
17336 # 1504
17337 # 1504
17338 # 1504
17339 # 1504
17340 # 1504
17341 # 1504
17342 # 1504
17343 # 1504
17344 # 1504
17345 # 1504
17346 # 1504
17347 # 1504
17348 # 1504
17349 # 1504
17350 # 1504
17351 # 1504
17352 # 1504
17353 # 1504
17354 # 1504
17355 # 1504
17356 # 1504
17357 # 1504
17358 # 1504
17359 # 1504
17360 # 1504
17361 # 1504
17362 # 1504
17363 # 1504
17364 # 1504
17365 # 1504
17366 # 1504
17367 # 1504
17368 # 1504
17369 # 1504
17370 # 1504
17371 # 1504
17372 # 1504
17373 # 1504
17374 # 1504
17375 # 1504
17376 # 1504
17377 # 1504
17378 # 1504
17379 # 1504
17380 # 1504
17381 # 1504
17382 # 1504
17383 # 1504
17384 # 1504
17385 # 1504
17386 # 1504
17387 # 1504
17388 # 1504
17389 # 1504
17390 # 1504
17391 # 1504
17392 # 1504
17393 # 1504
17394 # 1504
17395 # 1504
17396 # 1504
17397 # 1504
17398 # 1504
17399 # 1504
17400 # 1504
17401 # 1504
17402 # 1504
17403 # 1504
17404 # 1504
17405 # 1504
17406 # 1504
17407 # 1504
17408 # 1504
17409 # 1504
17410 # 1504
17411 # 1504
17412 # 1504
17413 # 1504
17414 # 1504
17415 # 1504
17416 # 1504
17417 # 1504
17418 # 1504
17419 # 1504
17420 # 1504
17421 # 1504
17422 # 1504
17423 # 1504
17424 # 1504
17425 # 1504
17426 # 1504
17427 # 1504
17428 # 1504
17429 # 1504
17430 # 1504
17431 # 1504
17432 # 1504
17433 # 1504
17434 # 1504
17435 # 1504
17436 # 1504
17437 # 1504
17438 # 1504
17439 # 1504
17440 # 1504
17441 # 1504
17442 # 1504
17443 # 1504
17444 # 1504
17445 # 1504
17446 # 1504
17447 # 1504
17448 # 1504
17449 # 1504
17450 # 1504
17451 # 1504
17452 # 1504
17453 # 1504
17454 # 1504
17455 # 1504
17456 # 1504
17457 # 1504
17458 # 1504
17459 # 1504
17460 # 1504
17461 # 1504
17462 # 1504
17463 # 1504
17464 # 1504
17465 # 1504
17466 # 1504
17467 # 1504
17468 # 1504
17469 # 1504
17470 # 1504
17471 # 1504
17471 + 100
17472 # 1504
17472 - 100 1
17473 # 1504
17473 + 100
17473 + 100
17474 # 1504
17474 - 100 1
17474 - 100 1
17474 + 100
17475 # 1504
17475 - 100 1
17476 # 1504
17476 + 100
17476 + 100
17477 # 1504
17477 - 100 1
17477 - 100 1
17477 + 100
17478 # 1504
17478 - 100 1
17479 # 1504
17479 + 100
17480 # 1504
17480 - 100 1
17481 # 1504
17482 # 1504
17483 # 1504
17484 # 1504
17485 # 1504
17486 # 1504
17487 # 1504
17488 # 1504
17489 # 1504
17490 # 1504
17491 # 1504
17492 # 1504
17493 # 1504
17494 # 1504
17495 # 1504
17495 + 100
17495 + 100
17495 + 100
17495 + 100
17495 + 100
17495 + 100
17495 + 100
17495 + 100
17495 + 100
17495 + 100
17495 + 100
17495 + 100
17495 + 100
17495 + 100
17495 + 100
17496 # 1504
17496 - 100 1
17496 - 100 1
17496 - 100 1
17496 - 100 1
17496 - 100 1
17496 - 100 1
17496 - 100 1
17496 - 100 1
17496 - 100 1
17496 - 100 1
17496 - 100 1
17496 - 100 1
17496 - 100 1
17496 - 100 1
17496 - 100 1
17496 + 100
17496 + 100
17497 # 1504
17497 - 100 1
17497 - 100 1
17497 + 100
17498 # 1504
17498 - 100 1
17498 + 100
17499 # 1504
17499 - 100 1
17499 + 100
17500 # 1504
17500 - 100 1
17500 + 100
17501 # 1504
17501 - 100 1
17502 # 1504
17502 + 100
17502 + 100
17503 # 1504
17503 - 100 1
17503 - 100 1
17503 + 100
17504 # 1504
17504 - 100 1
17505 # 1504
17505 + 100
17505 + 100
17506 # 1504
17506 - 100 1
17506 - 100 1
17506 + 100
17507 # 1504
17507 - 100 1
17507 + 100
17508 # 1504
17508 - 100 1
17509 # 1504
17509 + 100
17510 # 1504
17510 - 100 1
17510 + 100
17510 + 100
17511 # 1504
17511 - 100 1
17511 - 100 1
17511 + 100
17512 # 1504
17512 - 100 1
17512 + 100
17513 # 1504
17513 - 100 1
17514 # 1504
17514 + 100
17514 + 100
17515 # 1504
17515 - 100 1
17515 - 100 1
17516 # 1504
17516 + 100
17516 + 100
17517 # 1504
17517 - 100 1
17517 - 100 1
17518 # 1504
17518 + 100
17518 + 100
17519 # 1504
17519 - 100 1
17519 - 100 1
17520 # 1504
17520 + 100
17521 # 1504
17521 - 100 1
17522 # 1504
17523 # 1504
17524 # 1504
17525 # 1504
17526 # 1504
17527 # 1504
17528 # 1504
17529 # 1504
17530 # 1504
17531 # 1504
17532 # 1504
17533 # 1504
17534 # 1504
17535 # 1504
17536 # 1504
17537 # 1504
17538 # 1504
17539 # 1504
17540 # 1504
17541 # 1504
17542 # 1504
17543 # 1504
17544 # 1504
17545 # 1504
17546 # 1504
17547 # 1504
17548 # 1504
17549 # 1504
17550 # 1504
17551 # 1504
17551 + 100
17551 + 100
17552 # 1504
17552 - 100 1
17552 - 100 1
17553 # 1504
17553 + 100
17554 # 1504
17554 - 100 1
17555 # 1504
17556 # 1504
17556 + 100
17556 + 100
17556 + 100
17557 # 1504
17557 - 100 1
17557 - 100 1
17557 - 100 1
17557 + 100
17558 # 1504
17558 - 100 1
17559 # 1504
17560 # 1504
17560 + 100
17560 + 100
17560 + 100
17561 # 1504
17561 - 100 1
17561 - 100 1
17561 - 100 1
17562 # 1504
17562 + 100
17562 + 100
17563 # 1504
17563 - 100 1
17563 - 100 1
17564 # 1504
17565 # 1504
17566 # 1504
17567 # 1504
17568 # 1504
17568 + 100
17569 # 1504
17569 - 100 1
17570 # 1504
17571 # 1504
17572 # 1504
17572 + 100
17573 # 1504
17573 - 100 1
17574 # 1504
17574 + 100
17575 # 1504
17575 - 100 1
17576 # 1504
17577 # 1504
17578 # 1504
17579 # 1504
17579 + 100
17579 + 100
17580 # 1504
17580 - 100 1
17580 - 100 1
17581 # 1504
17581 + 100
17582 # 1504
17582 - 100 1
17583 # 1504
17584 # 1504
17585 # 1504
17586 # 1504
17587 # 1504
17588 # 1504
17588 + 100
17589 # 1504
17589 - 100 1
17590 # 1504
17591 # 1504
17592 # 1504
17592 + 100
17593 # 1504
17593 - 100 1
17594 # 1504
17595 # 1504
17596 # 1504
17596 + 100
17597 # 1504
17597 - 100 1
17598 # 1504
17599 # 1504
17600 # 1504
17601 # 1504
17602 # 1504
17603 # 1504
17604 # 1504
17605 # 1504
17606 # 1504
17607 # 1504
17608 # 1504
17609 # 1504
17610 # 1504
17610 + 100
17611 # 1504
17611 - 100 1
17611 + 100
17611 + 100
17612 # 1504
17612 - 100 1
17612 - 100 1
17613 # 1504
17614 # 1504
17614 + 100
17615 # 1504
17615 - 100 1
17616 # 1504
17617 # 1504
17618 # 1504
17619 # 1504
17619 + 100
17620 # 1504
17620 - 100 1
17621 # 1504
17622 # 1504
17622 + 100
17623 # 1504
17623 - 100 1
17623 + 100
17624 # 1504
17624 - 100 1
17625 # 1504
17625 + 100
17626 # 1504
17626 - 100 1
17627 # 1504
17628 # 1504
17629 # 1504
17630 # 1504
17631 # 1504
17631 + 100
17632 # 1504
17632 - 100 1
17633 # 1504
17634 # 1504
17635 # 1504
17636 # 1504
17636 + 100
17637 # 1504
17637 - 100 1
17638 # 1504
17639 # 1504
17640 # 1504
17640 + 100
17641 # 1504
17641 - 100 1
17642 # 1504
17643 # 1504
17644 # 1504
17645 # 1504
17646 # 1504
17647 # 1504
17648 # 1504
17649 # 1504
17650 # 1504
17651 # 1504
17652 # 1504
17653 # 1504
17654 # 1504
17655 # 1504
17656 # 1504
17657 # 1504
17658 # 1504
17659 # 1504
17660 # 1504
17661 # 1504
17662 # 1504
17663 # 1504
17664 # 1504
17665 # 1504
17666 # 1504
17667 # 1504
17668 # 1504
17669 # 1504
17670 # 1504
17671 # 1504
17672 # 1504
17673 # 1504
17674 # 1504
17675 # 1504
17676 # 1504
17677 # 1504
17678 # 1504
17679 # 1504
17680 # 1504
17681 # 1504
17682 # 1504
17683 # 1504
17684 # 1504
17685 # 1504
17686 # 1504
17687 # 1504
17688 # 1504
17689 # 1504
17690 # 1504
17691 # 1504
17692 # 1504
17693 # 1504
17694 # 1504
17695 # 1504
17696 # 1504
17697 # 1504
17698 # 1504
17699 # 1504
17700 # 1504
17701 # 1504
17702 # 1504
17703 # 1504
17704 # 1504
17705 # 1504
17706 # 1504
17707 # 1504
17708 # 1504
17709 # 1504
17710 # 1504
17711 # 1504
17712 # 1504
17713 # 1504
17714 # 1504
17715 # 1504
17716 # 1504
17717 # 1504
17718 # 1504
17719 # 1504
17720 # 1504
17721 # 1504
17722 # 1504
17723 # 1504
17724 # 1504
17725 # 1504
17726 # 1504
17727 # 1504
17728 # 1504
17729 # 1504
17730 # 1504
17731 # 1504
17732 # 1504
17733 # 1504
17734 # 1504
17735 # 1504
17736 # 1504
17737 # 1504
17738 # 1504
17739 # 1504
17740 # 1504
17741 # 1504
17742 # 1504
17743 # 1504
17744 # 1504
17745 # 1504
17746 # 1504
17747 # 1504
17748 # 1504
17749 # 1504
17750 # 1504
17751 # 1504
17752 # 1504
17753 # 1504
17754 # 1504
17755 # 1504
17756 # 1504
17757 # 1504
17758 # 1504
17759 # 1504
17760 # 1504
17761 # 1504
17761 + 100
17761 + 100
17762 # 1504
17762 - 100 1
17762 - 100 1
17762 + 100
17763 # 1504
17763 - 100 1
17764 # 1504
17764 + 100
17764 + 100
17765 # 1504
17765 - 100 1
17765 - 100 1
17766 # 1504
17766 + 100
17767 # 1504
17767 - 100 1
17767 + 100
17767 + 100
17768 # 1504
17768 - 100 1
17768 - 100 1
17769 # 1504
17769 + 100
17769 + 100
17770 # 1504
17770 - 100 1
17770 - 100 1
17770 + 100
17771 # 1504
17771 - 100 1
17772 # 1504
17772 + 100
17772 + 100
17773 # 1504
17773 - 100 1
17773 - 100 1
17774 # 1504
17775 # 1504
17776 # 1504
17777 # 1504
17778 # 1504
17779 # 1504
17780 # 1504
17781 # 1504
17782 # 1504
17783 # 1504
17784 # 1504
17785 # 1504
17786 # 1504
17787 # 1504
17788 # 1504
17789 # 1504
17790 # 1504
17791 # 1504
17792 # 1504
17793 # 1504
17794 # 1504
17795 # 1504
17796 # 1504
17797 # 1504
17798 # 1504
17799 # 1504
17800 # 1504
17801 # 1504
17802 # 1504
17803 # 1504
17804 # 1504
17805 # 1504
17806 # 1504
17807 # 1504
17808 # 1504
17809 # 1504
17810 # 1504
17811 # 1504
17812 # 1504
17813 # 1504
17814 # 1504
17815 # 1504
17816 # 1504
17817 # 1504
17818 # 1504
17819 # 1504
17820 # 1504
17821 # 1504
17822 # 1504
17823 # 1504
17824 # 1504
17825 # 1504
17826 # 1504
17827 # 1504
17828 # 1504
17829 # 1504
17830 # 1504
17831 # 1504
17832 # 1504
17833 # 1504
17834 # 1504
17835 # 1504
17836 # 1504
17837 # 1504
17838 # 1504
17839 # 1504
17840 # 1504
17841 # 1504
17842 # 1504
17843 # 1504
17844 # 1504
17845 # 1504
17846 # 1504
17847 # 1504
17848 # 1504
17849 # 1504
17850 # 1504
17851 # 1504
17852 # 1504
17853 # 1504
17854 # 1504
17855 # 1504
17856 # 1504
17857 # 1504
17858 # 1504
17859 # 1504
17860 # 1504
17860 + 100
17860 + 100
17860 + 100
17860 + 100
17860 + 100
17860 + 100
17860 + 100
17860 + 100
17860 + 100
17860 + 100
17860 + 100
17860 + 100
17860 + 100
17860 + 100
17860 + 100
17861 # 1504
17861 - 100 1
17861 - 100 1
17861 - 100 1
17861 - 100 1
17861 - 100 1
17861 - 100 1
17861 - 100 1
17861 - 100 1
17861 - 100 1
17861 - 100 1
17861 - 100 1
17861 - 100 1
17861 - 100 1
17861 - 100 1
17861 - 100 1
17862 # 1504
17863 # 1504
17864 # 1504
17865 # 1504
17866 # 1504
17867 # 1504
17868 # 1504
17869 # 1504
17870 # 1504
17871 # 1504
17872 # 1504
17873 # 1504
17874 # 1504
17875 # 1504
17876 # 1504
17877 # 1504
17878 # 1504
17879 # 1504
17880 # 1504
17881 # 1504
17882 # 1504
17883 # 1504
17884 # 1504
17885 # 1504
17886 # 1504
17887 # 1504
17888 # 1504
17889 # 1504
17890 # 1504
17891 # 1504
17892 # 1504
17893 # 1504
17894 # 1504
17895 # 1504
17896 # 1504
17897 # 1504
17898 # 1504
17899 # 1504
17900 # 1504
17901 # 1504
17902 # 1504
17903 # 1504
17904 # 1504
17905 # 1504
17906 # 1504
17907 # 1504
17908 # 1504
17909 # 1504
17910 # 1504
17910 + 100
17910 + 100
17910 + 100
17910 + 100
17910 + 100
17910 + 100
17910 + 100
17910 + 100
17910 + 100
17910 + 100
17910 + 100
17910 + 100
17910 + 100
17910 + 100
17910 + 100
17910 + 100
17910 + 100
17910 + 100
17911 # 1504
17911 - 100 1
17911 - 100 1
17911 - 100 1
17911 - 100 1
17911 - 100 1
17911 - 100 1
17911 - 100 1
17911 - 100 1
17911 - 100 1
17911 - 100 1
17911 - 100 1
17911 - 100 1
17911 - 100 1
17911 - 100 1
17911 - 100 1
17912 # 1504
17912 - 100 2
17912 - 100 2
17912 - 100 2
17913 # 1504
17914 # 1504
17914 + 100
17914 + 100
17914 + 100
17915 # 1504
17915 - 100 1
17915 - 100 1
17915 - 100 1
17916 # 1504
17917 # 1504
17917 + 100
17918 # 1504
17918 - 100 1
17919 # 1504
17920 # 1504
17920 + 100
17921 # 1504
17921 - 100 1
17922 # 1504
17923 # 1504
17924 # 1504
17925 # 1504
17925 + 100
17926 # 1504
17926 - 100 1
17927 # 1504
17928 # 1504
17928 + 100
17929 # 1504
17929 - 100 1
17930 # 1504
17931 # 1504
17932 # 1504
17932 + 100
17933 # 1504
17933 - 100 1
17934 # 1504
17935 # 1504
17936 # 1504
17936 + 100
17937 # 1504
17937 - 100 1
17938 # 1504
17939 # 1504
17940 # 1504
17941 # 1504
17942 # 1504
17943 # 1504
17944 # 1504
17945 # 1504
17946 # 1504
17947 # 1504
17948 # 1504
17949 # 1504
17950 # 1504
17951 # 1504
17952 # 1504
17953 # 1504
17954 # 1504
17955 # 1504
17956 # 1504
17956 + 100
17957 # 1504
17957 - 100 1
17958 # 1504
17959 # 1504
17959 + 100
17959 + 100
17960 # 1504
17960 - 100 1
17960 - 100 1
17960 + 100
17961 # 1504
17961 - 100 1
17962 # 1504
17963 # 1504
17964 # 1504
17965 # 1504
17965 + 100
17965 + 100
17966 # 1504
17966 - 100 1
17966 - 100 1
17967 # 1504
17968 # 1504
17968 + 100
17969 # 1504
17969 - 100 1
17970 # 1504
17971 # 1504
17971 + 100
17972 # 1504
17972 - 100 1
17973 # 1504
17974 # 1504
17974 + 100
17975 # 1504
17975 - 100 1
17976 # 1504
17977 # 1504
17978 # 1504
17979 # 1504
17980 # 1504
17980 + 100
17981 # 1504
17981 - 100 1
17982 # 1504
17983 # 1504
17984 # 1504
17985 # 1504
17986 # 1504
17987 # 1504
17987 + 100
17988 # 1504
17988 - 100 1
17989 # 1504
17990 # 1504
17990 + 100
17991 # 1504
17991 - 100 1
17992 # 1504
17993 # 1504
17994 # 1504
17995 # 1504
17996 # 1504
17996 + 100
17997 # 1504
17997 - 100 1
17998 # 1504
17998 + 100
17999 # 1504
17999 - 100 1
18000 # 1504
18001 # 1504
18002 # 1504
18003 # 1504
18004 # 1504
18005 # 1504
18006 # 1504
18007 # 1504
18008 # 1504
18009 # 1504
18010 # 1504
18011 # 1504
18012 # 1504
18013 # 1504
18014 # 1504
18015 # 1504
18016 # 1504
18017 # 1504
18018 # 1504
18019 # 1504
18020 # 1504
18021 # 1504
18022 # 1504
18023 # 1504
18024 # 1504
18025 # 1504
18026 # 1504
18027 # 1504
18028 # 1504
18029 # 1504
18030 # 1504
18031 # 1504
18032 # 1504
18033 # 1504
18034 # 1504
18035 # 1504
18036 # 1504
18037 # 1504
18038 # 1504
18039 # 1504
18040 # 1504
18041 # 1504
18042 # 1504
18043 # 1504
18044 # 1504
18045 # 1504
18046 # 1504
18047 # 1504
18048 # 1504
18049 # 1504
18050 # 1504
18051 # 1504
18052 # 1504
18052 + 100
18053 # 1504
18053 - 100 1
18054 # 1504
18055 # 1504
18056 # 1504
18057 # 1504
18057 + 100
18057 + 100
18057 + 100
18058 # 1504
18058 - 100 1
18058 - 100 1
18058 - 100 1
18058 + 100
18058 + 100
18059 # 1504
18059 - 100 1
18059 - 100 1
18060 # 1504
18060 + 100
18060 + 100
18061 # 1504
18061 - 100 1
18061 - 100 1
18061 + 100
18062 # 1504
18062 - 100 1
18063 # 1504
18063 + 100
18063 + 100
18064 # 1504
18064 - 100 1
18064 - 100 1
18064 + 100
18065 # 1504
18065 - 100 1
18066 # 1504
18067 # 1504
18068 # 1504
18069 # 1504
18070 # 1504
18071 # 1504
18072 # 1504
18073 # 1504
18073 + 100
18073 + 100
18074 # 1504
18074 - 100 1
18074 - 100 1
18075 # 1504
18076 # 1504
18077 # 1504
18078 # 1504
18079 # 1504
18079 + 100
18079 + 100
18080 # 1504
18080 - 100 1
18080 - 100 1
18081 # 1504
18082 # 1504
18083 # 1504
18084 # 1504
18085 # 1504
18086 # 1504
18087 # 1504
18088 # 1504
18089 # 1504
18090 # 1504
18091 # 1504
18092 # 1504
18093 # 1504
18094 # 1504
18095 # 1504
18096 # 1504
18097 # 1504
18098 # 1504
18099 # 1504
18100 # 1504
18101 # 1504
18102 # 1504
18103 # 1504
18104 # 1504
18105 # 1504
18106 # 1504
18107 # 1504
18108 # 1504
18109 # 1504
18110 # 1504
18111 # 1504
18112 # 1504
18113 # 1504
18114 # 1504
18115 # 1504
18116 # 1504
18117 # 1504
18118 # 1504
18119 # 1504
18120 # 1504
18121 # 1504
18122 # 1504
18123 # 1504
18124 # 1504
18125 # 1504
18126 # 1504
18127 # 1504
18128 # 1504
18129 # 1504
18130 # 1504
18131 # 1504
18132 # 1504
18133 # 1504
18134 # 1504
18135 # 1504
18136 # 1504
18137 # 1504
18138 # 1504
18139 # 1504
18140 # 1504
18141 # 1504
18142 # 1504
18143 # 1504
18144 # 1504
18145 # 1504
18146 # 1504
18147 # 1504
18148 # 1504
18149 # 1504
18150 # 1504
18151 # 1504
18152 # 1504
18153 # 1504
18154 # 1504
18155 # 1504
18156 # 1504
18157 # 1504
18158 # 1504
18159 # 1504
18160 # 1504
18161 # 1504
18162 # 1504
18163 # 1504
18164 # 1504
18165 # 1504
18166 # 1504
18167 # 1504
18168 # 1504
18169 # 1504
18170 # 1504
18171 # 1504
18172 # 1504
18173 # 1504
18174 # 1504
18175 # 1504
18176 # 1504
18177 # 1504
18178 # 1504
18179 # 1504
18180 # 1504
18181 # 1504
18182 # 1504
18183 # 1504
18184 # 1504
18185 # 1504
18186 # 1504
18187 # 1504
18188 # 1504
18189 # 1504
18190 # 1504
18191 # 1504
18192 # 1504
18193 # 1504
18194 # 1504
18195 # 1504
18196 # 1504
18197 # 1504
18198 # 1504
18199 # 1504
18200 # 1504
18201 # 1504
18202 # 1504
18203 # 1504
18204 # 1504
18205 # 1504
18206 # 1504
18207 # 1504
18208 # 1504
18209 # 1504
18209 + 100
18210 # 1504
18210 - 100 1
18211 # 1504
18211 + 100
18212 # 1504
18212 - 100 1
18212 + 100
18213 # 1504
18213 - 100 1
18213 + 100
18214 # 1504
18214 - 100 1
18214 + 100
18215 # 1504
18215 - 100 1
18215 + 100
18216 # 1504
18216 - 100 1
18216 + 100
18217 # 1504
18217 - 100 1
18218 # 1504
18219 # 1504
18220 # 1504
18221 # 1504
18222 # 1504
18223 # 1504
18224 # 1504
18225 # 1504
18226 # 1504
18227 # 1504
18228 # 1504
18229 # 1504
18230 # 1504
18231 # 1504
18232 # 1504
18233 # 1504
18234 # 1504
18235 # 1504
18236 # 1504
18237 # 1504
18238 # 1504
18239 # 1504
18240 # 1504
18241 # 1504
18242 # 1504
18243 # 1504
18244 # 1504
18245 # 1504
18246 # 1504
18247 # 1504
18248 # 1504
18249 # 1504
18250 # 1504
18251 # 1504
18252 # 1504
18253 # 1504
18254 # 1504
18255 # 1504
18256 # 1504
18257 # 1504
18258 # 1504
18259 # 1504
18260 # 1504
18261 # 1504
18262 # 1504
18263 # 1504
18264 # 1504
18265 # 1504
18266 # 1504
18267 # 1504
18268 # 1504
18269 # 1504
18270 # 1504
18271 # 1504
18272 # 1504
18273 # 1504
18274 # 1504
18275 # 1504
18276 # 1504
18277 # 1504
18278 # 1504
18279 # 1504
18280 # 1504
18281 # 1504
18282 # 1504
18283 # 1504
18284 # 1504
18285 # 1504
18286 # 1504
18287 # 1504
18288 # 1504
18289 # 1504
18290 # 1504
18291 # 1504
18292 # 1504
18293 # 1504
18294 # 1504
18295 # 1504
18296 # 1504
18297 # 1504
18298 # 1504
18299 # 1504
18300 # 1504
18301 # 1504
18302 # 1504
18303 # 1504
18304 # 1504
18305 # 1504
18306 # 1504
18307 # 1504
18308 # 1504
18309 # 1504
18310 # 1504
18311 # 1504
18312 # 1504
18313 # 1504
18314 # 1504
18315 # 1504
18316 # 1504
18317 # 1504
18318 # 1504
18319 # 1504
18320 # 1504
18321 # 1504
18322 # 1504
18323 # 1504
18324 # 1504
18325 # 1504
18326 # 1504
18327 # 1504
18328 # 1504
18329 # 1504
18330 # 1504
18331 # 1504
18332 # 1504
18333 # 1504
18334 # 1504
18335 # 1504
18336 # 1504
18337 # 1504
18338 # 1504
18339 # 1504
18340 # 1504
18341 # 1504
18341 + 100
18341 + 100
18341 + 100
18341 + 100
18341 + 100
18341 + 100
18341 + 100
18341 + 100
18341 + 100
18341 + 100
18341 + 100
18341 + 100
18341 + 100
18341 + 100
18341 + 100
18341 + 100
18341 + 100
18341 + 100
18341 + 100
18341 + 100
18341 + 100
18341 + 100
18341 + 100
18342 # 1504
18342 - 100 1
18342 - 100 1
18342 - 100 1
18342 - 100 1
18342 - 100 1
18342 - 100 1
18342 - 100 1
18342 - 100 1
18342 - 100 1
18342 - 100 1
18342 - 100 1
18342 - 100 1
18342 - 100 1
18342 - 100 1
18342 - 100 1
18343 # 1504
18343 - 100 2
18343 - 100 2
18343 - 100 2
18343 - 100 2
18343 - 100 2
18343 - 100 2
18343 - 100 2
18343 - 100 2
18344 # 1504
18345 # 1504
18345 + 100
18345 + 100
18345 + 100
18346 # 1504
18346 - 100 1
18346 - 100 1
18346 - 100 1
18347 # 1504
18347 + 100
18347 + 100
18348 # 1504
18348 - 100 1
18348 - 100 1
18348 + 100
18349 # 1504
18349 - 100 1
18349 + 100
18350 # 1504
18350 - 100 1
18351 # 1504
18352 # 1504
18353 # 1504
18354 # 1504
18355 # 1504
18356 # 1504
18357 # 1504
18358 # 1504
18359 # 1504
18360 # 1504
18361 # 1504
18362 # 1504
18363 # 1504
18364 # 1504
18365 # 1504
18366 # 1504
18367 # 1504
18368 # 1504
18369 # 1504
18370 # 1504
18371 # 1504
18372 # 1504
18373 # 1504
18374 # 1504
18375 # 1504
18376 # 1504
18377 # 1504
18378 # 1504
18379 # 1504
18380 # 1504
18381 # 1504
18382 # 1504
18383 # 1504
18384 # 1504
18385 # 1504
18386 # 1504
18387 # 1504
18388 # 1504
18389 # 1504
18390 # 1504
18391 # 1504
18392 # 1504
18393 # 1504
18394 # 1504
18395 # 1504
18396 # 1504
18397 # 1504
18398 # 1504
18399 # 1504
18400 # 1504
18401 # 1504
18402 # 1504
18403 # 1504
18404 # 1504
18405 # 1504
18406 # 1504
18407 # 1504
18408 # 1504
18409 # 1504
18410 # 1504
18411 # 1504
18412 # 1504
18413 # 1504
18414 # 1504
18415 # 1504
18416 # 1504
18417 # 1504
18418 # 1504
18419 # 1504
18420 # 1504
18421 # 1504
18422 # 1504
18423 # 1504
18424 # 1504
18425 # 1504
18426 # 1504
18427 # 1504
18428 # 1504
18429 # 1504
18430 # 1504
18431 # 1504
18432 # 1504
18433 # 1504
18434 # 1504
18435 # 1504
18436 # 1504
18437 # 1504
18438 # 1504
18439 # 1504
18440 # 1504
18441 # 1504
18442 # 1504
18443 # 1504
18444 # 1504
18445 # 1504
18446 # 1504
18447 # 1504
18448 # 1504
18449 # 1504
18450 # 1504
18451 # 1504
18452 # 1504
18453 # 1504
18454 # 1504
18455 # 1504
18456 # 1504
18457 # 1504
18458 # 1504
18459 # 1504
18460 # 1504
18461 # 1504
18462 # 1504
18463 # 1504
18464 # 1504
18465 # 1504
18466 # 1504
18467 # 1504
18468 # 1504
18468 + 100
18468 + 100
18468 + 100
18469 # 1504
18469 - 100 1
18469 - 100 1
18469 - 100 1
18469 + 100
18469 + 100
18469 + 100
18469 + 100
18470 # 1504
18470 - 100 1
18470 - 100 1
18470 - 100 1
18470 - 100 1
18471 # 1504
18472 # 1504
18472 + 100
18472 + 100
18472 + 100
18473 # 1504
18473 - 100 1
18473 - 100 1
18473 - 100 1
18474 # 1504
18474 + 100
18474 + 100
18475 # 1504
18475 - 100 1
18475 - 100 1
18475 + 100
18476 # 1504
18476 - 100 1
18476 + 100
18477 # 1504
18477 - 100 1
18478 # 1504
18479 # 1504
18479 + 100
18479 + 100
18480 # 1504
18480 - 100 1
18480 - 100 1
18481 # 1504
18481 + 100
18481 + 100
18481 + 100
18482 # 1504
18482 - 100 1
18482 - 100 1
18482 - 100 1
18483 # 1504
18483 + 100
18483 + 100
18484 # 1504
18484 - 100 1
18484 - 100 1
18484 + 100
18485 # 1504
18485 - 100 1
18486 # 1504
18486 + 100
18486 + 100
18487 # 1504
18487 - 100 1
18487 - 100 1
18488 # 1504
18488 + 100
18488 + 100
18489 # 1504
18489 - 100 1
18489 - 100 1
18489 + 100
18490 # 1504
18490 - 100 1
18490 + 100
18491 # 1504
18491 - 100 1
18491 + 100
18492 # 1504
18492 - 100 1
18493 # 1504
18494 # 1504
18494 + 100
18494 + 100
18495 # 1504
18495 - 100 1
18495 - 100 1
18496 # 1504
18497 # 1504
18497 + 100
18497 + 100
18497 + 100
18498 # 1504
18498 - 100 1
18498 - 100 1
18498 - 100 1
18498 + 100
18499 # 1504
18499 - 100 1
18500 # 1504
18501 # 1504
18502 # 1504
18503 # 1504
18504 # 1504
18505 # 1504
18506 # 1504
18507 # 1504
18508 # 1504
18509 # 1504
18510 # 1504
18510 + 100
18510 + 100
18510 + 100
18510 + 100
18510 + 100
18510 + 100
18510 + 100
18510 + 100
18510 + 100
18511 # 1504
18511 - 100 1
18511 - 100 1
18511 - 100 1
18511 - 100 1
18511 - 100 1
18511 - 100 1
18511 - 100 1
18511 - 100 1
18511 - 100 1
18512 # 1504
18512 + 100
18513 # 1504
18513 - 100 1
18513 + 100
18514 # 1504
18514 - 100 1
18515 # 1504
18515 + 100
18515 + 100
18516 # 1504
18516 - 100 1
18516 - 100 1
18517 # 1504
18518 # 1504
18518 + 100
18519 # 1504
18519 - 100 1
18520 # 1504
18521 # 1504
18522 # 1504
18523 # 1504
18524 # 1504
18525 # 1504
18526 # 1504
18527 # 1504
18528 # 1504
18529 # 1504
18530 # 1504
18531 # 1504
18532 # 1504
18533 # 1504
18534 # 1504
18535 # 1504
18536 # 1504
18537 # 1504
18538 # 1504
18539 # 1504
18540 # 1504
18541 # 1504
18542 # 1504
18543 # 1504
18544 # 1504
18545 # 1504
18546 # 1504
18547 # 1504
18548 # 1504
18549 # 1504
18550 # 1504
18551 # 1504
18552 # 1504
18553 # 1504
18554 # 1504
18555 # 1504
18556 # 1504
18557 # 1504
18558 # 1504
18559 # 1504
18560 # 1504
18561 # 1504
18562 # 1504
18563 # 1504
18564 # 1504
18565 # 1504
18566 # 1504
18567 # 1504
18568 # 1504
18569 # 1504
18570 # 1504
18571 # 1504
18572 # 1504
18573 # 1504
18574 # 1504
18575 # 1504
18576 # 1504
18577 # 1504
18578 # 1504
18579 # 1504
18580 # 1504
18581 # 1504
18582 # 1504
18583 # 1504
18584 # 1504
18585 # 1504
18586 # 1504
18587 # 1504
18588 # 1504
18589 # 1504
18590 # 1504
18591 # 1504
18592 # 1504
18593 # 1504
18594 # 1504
18595 # 1504
18596 # 1504
18597 # 1504
18598 # 1504
18599 # 1504
18600 # 1504
18601 # 1504
18602 # 1504
18603 # 1504
18604 # 1504
18605 # 1504
18606 # 1504
18607 # 1504
18608 # 1504
18608 + 100
18609 # 1504
18609 - 100 1
18610 # 1504
18610 + 100
18611 # 1504
18611 - 100 1
18612 # 1504
18613 # 1504
18614 # 1504
18615 # 1504
18616 # 1504
18617 # 1504
18618 # 1504
18619 # 1504
18620 # 1504
18621 # 1504
18622 # 1504
18623 # 1504
18624 # 1504
18625 # 1504
18626 # 1504
18627 # 1504
18628 # 1504
18629 # 1504
18629 + 100
18629 + 100
18629 + 100
18629 + 100
18629 + 100
18629 + 100
18629 + 100
18629 + 100
18629 + 100
18629 + 100
18629 + 100
18629 + 100
18629 + 100
18629 + 100
18629 + 100
18629 + 100
18629 + 100
18629 + 100
18629 + 100
18630 # 1504
18630 - 100 1
18630 - 100 1
18630 - 100 1
18630 - 100 1
18630 - 100 1
18630 - 100 1
18630 - 100 1
18630 - 100 1
18630 - 100 1
18630 - 100 1
18630 - 100 1
18630 - 100 1
18630 - 100 1
18630 - 100 1
18630 - 100 1
18630 + 100
18631 # 1504
18631 - 100 2
18631 - 100 2
18631 - 100 2
18631 - 100 2
18631 - 100 1
18632 # 1504
18632 + 100
18632 + 100
18633 # 1504
18633 - 100 1
18633 - 100 1
18634 # 1504
18635 # 1504
18636 # 1504
18637 # 1504
18638 # 1504
18639 # 1504
18640 # 1504
18641 # 1504
18642 # 1504
18643 # 1504
18644 # 1504
18645 # 1504
18646 # 1504
18647 # 1504
18648 # 1504
18649 # 1504
18650 # 1504
18651 # 1504
18652 # 1504
18653 # 1504
18654 # 1504
18655 # 1504
18656 # 1504
18657 # 1504
18658 # 1504
18659 # 1504
18660 # 1504
18661 # 1504
18662 # 1504
18663 # 1504
18664 # 1504
18665 # 1504
18666 # 1504
18667 # 1504
18668 # 1504
18669 # 1504
18670 # 1504
18671 # 1504
18672 # 1504
18673 # 1504
18674 # 1504
18675 # 1504
18676 # 1504
18677 # 1504
18678 # 1504
18679 # 1504
18680 # 1504
18681 # 1504
18682 # 1504
18683 # 1504
18684 # 1504
18685 # 1504
18686 # 1504
18687 # 1504
18688 # 1504
18689 # 1504
18690 # 1504
18691 # 1504
18692 # 1504
18693 # 1504
18694 # 1504
18695 # 1504
18696 # 1504
18697 # 1504
18698 # 1504
18699 # 1504
18700 # 1504
18701 # 1504
18702 # 1504
18703 # 1504
18704 # 1504
18705 # 1504
18706 # 1504
18707 # 1504
18708 # 1504
18709 # 1504
18710 # 1504
18711 # 1504
18712 # 1504
18713 # 1504
18714 # 1504
18715 # 1504
18716 # 1504
18717 # 1504
18718 # 1504
18719 # 1504
18720 # 1504
18720 + 100
18720 + 100
18720 + 100
18720 + 100
18721 # 1504
18721 - 100 1
18721 - 100 1
18721 - 100 1
18721 - 100 1
18722 # 1504
18723 # 1504
18724 # 1504
18724 + 100
18724 + 100
18724 + 100
18725 # 1504
18725 - 100 1
18725 - 100 1
18725 - 100 1
18725 + 100
18726 # 1504
18726 - 100 1
18727 # 1504
18728 # 1504
18729 # 1504
18729 + 100
18729 + 100
18729 + 100
18729 + 100
18730 # 1504
18730 - 100 1
18730 - 100 1
18730 - 100 1
18730 - 100 1
18731 # 1504
18732 # 1504
18733 # 1504
18734 # 1504
18735 # 1504
18736 # 1504
18737 # 1504
18738 # 1504
18739 # 1504
18740 # 1504
18741 # 1504
18742 # 1504
18743 # 1504
18744 # 1504
18745 # 1504
18746 # 1504
18747 # 1504
18748 # 1504
18749 # 1504
18750 # 1504
18751 # 1504
18752 # 1504
18753 # 1504
18754 # 1504
18755 # 1504
18756 # 1504
18757 # 1504
18758 # 1504
18759 # 1504
18760 # 1504
18761 # 1504
18762 # 1504
18763 # 1504
18764 # 1504
18765 # 1504
18766 # 1504
18767 # 1504
18768 # 1504
18769 # 1504
18770 # 1504
18771 # 1504
18772 # 1504
18773 # 1504
18774 # 1504
18775 # 1504
18776 # 1504
18777 # 1504
18778 # 1504
18779 # 1504
18780 # 1504
18781 # 1504
18782 # 1504
18783 # 1504
18784 # 1504
18785 # 1504
18785 + 100
18785 + 100
18785 + 100
18785 + 100
18785 + 100
18785 + 100
18785 + 100
18785 + 100
18785 + 100
18785 + 100
18785 + 100
18785 + 100
18785 + 100
18785 + 100
18785 + 100
18785 + 100
18785 + 100
18785 + 100
18785 + 100
18786 # 1504
18786 - 100 1
18786 - 100 1
18786 - 100 1
18786 - 100 1
18786 - 100 1
18786 - 100 1
18786 - 100 1
18786 - 100 1
18786 - 100 1
18786 - 100 1
18786 - 100 1
18786 - 100 1
18786 - 100 1
18786 - 100 1
18786 - 100 1
18787 # 1504
18787 - 100 2
18787 - 100 2
18787 - 100 2
18787 - 100 2
18788 # 1504
18788 + 100
18788 + 100
18789 # 1504
18789 - 100 1
18789 - 100 1
18789 + 100
18790 # 1504
18790 - 100 1
18791 # 1504
18792 # 1504
18792 + 100
18792 + 100
18792 + 100
18793 # 1504
18793 - 100 1
18793 - 100 1
18793 - 100 1
18793 + 100
18794 # 1504
18794 - 100 1
18794 + 100
18795 # 1504
18795 - 100 1
18795 + 100
18796 # 1504
18796 - 100 1
18796 + 100
18797 # 1504
18797 - 100 1
18797 + 100
18798 # 1504
18798 - 100 1
18798 + 100
18799 # 1504
18799 - 100 1
18800 # 1504
18800 + 100
18800 + 100
18801 # 1504
18801 - 100 1
18801 - 100 1
18802 # 1504
18803 # 1504
18804 # 1504
18805 # 1504
18806 # 1504
18807 # 1504
18808 # 1504
18809 # 1504
18809 + 100
18809 + 100
18810 # 1504
18810 - 100 1
18810 - 100 1
18811 # 1504
18811 + 100
18812 # 1504
18812 - 100 1
18812 + 100
18813 # 1504
18813 - 100 1
18814 # 1504
18815 # 1504
18815 + 100
18816 # 1504
18816 - 100 1
18817 # 1504
18817 + 100
18818 # 1504
18818 - 100 1
18819 # 1504
18820 # 1504
18820 + 100
18821 # 1504
18821 - 100 1
18822 # 1504
18822 + 100
18823 # 1504
18823 - 100 1
18824 # 1504
18825 # 1504
18826 # 1504
18827 # 1504
18827 + 100
18828 # 1504
18828 - 100 1
18829 # 1504
18830 # 1504
18831 # 1504
18831 + 100
18832 # 1504
18832 - 100 1
18833 # 1504
18834 # 1504
18835 # 1504
18835 + 100
18836 # 1504
18836 - 100 1
18837 # 1504
18838 # 1504
18839 # 1504
18840 # 1504
18841 # 1504
18842 # 1504
18843 # 1504
18844 # 1504
18845 # 1504
18846 # 1504
18847 # 1504
18848 # 1504
18849 # 1504
18850 # 1504
18851 # 1504
18852 # 1504
18853 # 1504
18854 # 1504
18855 # 1504
18856 # 1504
18857 # 1504
18858 # 1504
18859 # 1504
18860 # 1504
18861 # 1504
18862 # 1504
18863 # 1504
18863 + 100
18864 # 1504
18864 - 100 1
18865 # 1504
18866 # 1504
18866 + 100
18866 + 100
18867 # 1504
18867 - 100 1
18867 - 100 1
18867 + 100
18868 # 1504
18868 - 100 1
18869 # 1504
18869 + 100
18869 + 100
18870 # 1504
18870 - 100 1
18870 - 100 1
18870 + 100
18871 # 1504
18871 - 100 1
18871 + 100
18872 # 1504
18872 - 100 1
18873 # 1504
18874 # 1504
18875 # 1504
18876 # 1504
18877 # 1504
18878 # 1504
18878 + 100
18879 # 1504
18879 - 100 1
18880 # 1504
18881 # 1504
18882 # 1504
18882 + 100
18883 # 1504
18883 - 100 1
18884 # 1504
18885 # 1504
18886 # 1504
18887 # 1504
18887 + 100
18888 # 1504
18888 - 100 1
18889 # 1504
18890 # 1504
18891 # 1504
18892 # 1504
18892 + 100
18893 # 1504
18893 - 100 1
18894 # 1504
18895 # 1504
18896 # 1504
18896 + 100
18897 # 1504
18897 - 100 1
18898 # 1504
18899 # 1504
18900 # 1504
18901 # 1504
18902 # 1504
18902 + 100
18903 # 1504
18903 - 100 1
18904 # 1504
18905 # 1504
18905 + 100
18906 # 1504
18906 - 100 1
18907 # 1504
18908 # 1504
18909 # 1504
18909 + 100
18910 # 1504
18910 - 100 1
18911 # 1504
18912 # 1504
18912 + 100
18913 # 1504
18913 - 100 1
18914 # 1504
18915 # 1504
18915 + 100
18916 # 1504
18916 - 100 1
18917 # 1504
18918 # 1504
18919 # 1504
18919 + 100
18920 # 1504
18920 - 100 1
18921 # 1504
18922 # 1504
18923 # 1504
18923 + 100
18924 # 1504
18924 - 100 1
18925 # 1504
18926 # 1504
18927 # 1504
18928 # 1504
18929 # 1504
18929 + 100
18930 # 1504
18930 - 100 1
18931 # 1504
18932 # 1504
18933 # 1504
18934 # 1504
18934 + 100
18935 # 1504
18935 - 100 1
18936 # 1504
18937 # 1504
18937 + 100
18938 # 1504
18938 - 100 1
18939 # 1504
18940 # 1504
18941 # 1504
18942 # 1504
18942 + 100
18943 # 1504
18943 - 100 1
18944 # 1504
18945 # 1504
18946 # 1504
18946 + 100
18947 # 1504
18947 - 100 1
18947 + 100
18948 # 1504
18948 - 100 1
18949 # 1504
18950 # 1504
18950 + 100
18951 # 1504
18951 - 100 1
18952 # 1504
18953 # 1504
18954 # 1504
18954 + 100
18955 # 1504
18955 - 100 1
18956 # 1504
18957 # 1504
18958 # 1504
18959 # 1504
18960 # 1504
18961 # 1504
18962 # 1504
18963 # 1504
18964 # 1504
18965 # 1504
18966 # 1504
18967 # 1504
18968 # 1504
18969 # 1504
18970 # 1504
18971 # 1504
18972 # 1504
18973 # 1504
18974 # 1504
18975 # 1504
18976 # 1504
18977 # 1504
18978 # 1504
18979 # 1504
18980 # 1504
18981 # 1504
18981 + 100
18982 # 1504
18982 - 100 1
18982 + 100
18983 # 1504
18983 - 100 1
18983 + 100
18984 # 1504
18984 - 100 1
18985 # 1504
18985 + 100
18985 + 100
18986 # 1504
18986 - 100 1
18986 - 100 1
18986 + 100
18987 # 1504
18987 - 100 1
18987 + 100
18988 # 1504
18988 - 100 1
18988 + 100
18989 # 1504
18989 - 100 1
18990 # 1504
18991 # 1504
18991 + 100
18991 + 100
18991 + 100
18992 # 1504
18992 - 100 1
18992 - 100 1
18992 - 100 1
18992 + 100
18993 # 1504
18993 - 100 1
18994 # 1504
18994 + 100
18995 # 1504
18995 - 100 1
18996 # 1504
18997 # 1504
18998 # 1504
18999 # 1504
18999 + 100
19000 # 1504
19000 - 100 1
19001 # 1504
19002 # 1504
19002 + 100
19003 # 1504
19003 - 100 1
19004 # 1504
19005 # 1504
19005 + 100
19006 # 1504
19006 - 100 1
19007 # 1504
19008 # 1504
19009 # 1504
19009 + 100
19010 # 1504
19010 - 100 1
19011 # 1504
19012 # 1504
19012 + 100
19013 # 1504
19013 - 100 1
19014 # 1504
19015 # 1504
19016 # 1504
19017 # 1504
19018 # 1504
19018 + 100
19019 # 1504
19019 - 100 1
19020 # 1504
19021 # 1504
19022 # 1504
19023 # 1504
19024 # 1504
19025 # 1504
19026 # 1504
19027 # 1504
19028 # 1504
19029 # 1504
19030 # 1504
19031 # 1504
19032 # 1504
19032 + 100
19033 # 1504
19033 - 100 1
19034 # 1504
19035 # 1504
19036 # 1504
19037 # 1504
19037 + 100
19037 + 100
19037 + 100
19038 # 1504
19038 - 100 1
19038 - 100 1
19038 - 100 1
19039 # 1504
19040 # 1504
19041 # 1504
19042 # 1504
19042 + 100
19043 # 1504
19043 - 100 1
19044 # 1504
19045 # 1504
19046 # 1504
19047 # 1504
19048 # 1504
19049 # 1504
19050 # 1504
19051 # 1504
19052 # 1504
19053 # 1504
19054 # 1504
19055 # 1504
19056 # 1504
19057 # 1504
19057 + 100
19058 # 1504
19058 - 100 1
19059 # 1504
19060 # 1504
19060 + 100
19060 + 100
19061 # 1504
19061 - 100 1
19061 - 100 1
19062 # 1504
19062 + 100
19063 # 1504
19063 - 100 1
19064 # 1504
19065 # 1504
19066 # 1504
19067 # 1504
19068 # 1504
19069 # 1504
19070 # 1504
19071 # 1504
19072 # 1504
19073 # 1504
19074 # 1504
19075 # 1504
19076 # 1504
19077 # 1504
19078 # 1504
19079 # 1504
19080 # 1504
19081 # 1504
19082 # 1504
19082 + 100
19083 # 1504
19083 - 100 1
19084 # 1504
19085 # 1504
19085 + 100
19085 + 100
19086 # 1504
19086 - 100 1
19086 - 100 1
19086 + 100
19087 # 1504
19087 - 100 1
19087 + 100
19088 # 1504
19088 - 100 1
19089 # 1504
19090 # 1504
19090 + 100
19091 # 1504
19091 - 100 1
19092 # 1504
19093 # 1504
19094 # 1504
19094 + 100
19095 # 1504
19095 - 100 1
19096 # 1504
19097 # 1504
19098 # 1504
19099 # 1504
19100 # 1504
19100 + 100
19101 # 1504
19101 - 100 1
19102 # 1504
19103 # 1504
19104 # 1504
19105 # 1504
19105 + 100
19106 # 1504
19106 - 100 1
19107 # 1504
19108 # 1504
19108 + 100
19109 # 1504
19109 - 100 1
19110 # 1504
19111 # 1504
19112 # 1504
19113 # 1504
19114 # 1504
19115 # 1504
19116 # 1504
19117 # 1504
19118 # 1504
19119 # 1504
19120 # 1504
19121 # 1504
19122 # 1504
19123 # 1504
19124 # 1504
19125 # 1504
19126 # 1504
19127 # 1504
19128 # 1504
19129 # 1504
19130 # 1504
19131 # 1504
19132 # 1504
19133 # 1504
19134 # 1504
19135 # 1504
19136 # 1504
19136 + 100
19137 # 1504
19137 - 100 1
19138 # 1504
19139 # 1504
19140 # 1504
19141 # 1504
19142 # 1504
19143 # 1504
19144 # 1504
19145 # 1504
19146 # 1504
19147 # 1504
19148 # 1504
19149 # 1504
19150 # 1504
19151 # 1504
19152 # 1504
19153 # 1504
19154 # 1504
19155 # 1504
19155 + 100
19155 + 100
19155 + 100
19155 + 100
19155 + 100
19156 # 1504
19156 - 100 1
19156 - 100 1
19156 - 100 1
19156 - 100 1
19156 - 100 1
19157 # 1504
19157 + 100
19158 # 1504
19158 - 100 1
19158 + 100
19159 # 1504
19159 - 100 1
19160 # 1504
19160 + 100
19160 + 100
19161 # 1504
19161 - 100 1
19161 - 100 1
19162 # 1504
19162 + 100
19163 # 1504
19163 - 100 1
19164 # 1504
19165 # 1504
19166 # 1504
19167 # 1504
19168 # 1504
19168 + 100
19169 # 1504
19169 - 100 1
19170 # 1504
19170 + 100
19171 # 1504
19171 - 100 1
19172 # 1504
19173 # 1504
19174 # 1504
19175 # 1504
19176 # 1504
19177 # 1504
19178 # 1504
19179 # 1504
19180 # 1504
19181 # 1504
19182 # 1504
19183 # 1504
19183 + 100
19183 + 100
19184 # 1504
19184 - 100 1
19184 - 100 1
19185 # 1504
19186 # 1504
19186 + 100
19187 # 1504
19187 - 100 1
19188 # 1504
19189 # 1504
19190 # 1504
19191 # 1504
19192 # 1504
19193 # 1504
19193 + 100
19194 # 1504
19194 - 100 1
19195 # 1504
19196 # 1504
19197 # 1504
19198 # 1504
19198 + 100
19199 # 1504
19199 - 100 1
19200 # 1504
19201 # 1504
19202 # 1504
19203 # 1504
19203 + 100
19204 # 1504
19204 - 100 1
19205 # 1504
19205 + 100
19206 # 1504
19206 - 100 1
19207 # 1504
19208 # 1504
19208 + 100
19209 # 1504
19209 - 100 1
19210 # 1504
19211 # 1504
19212 # 1504
19213 # 1504
19214 # 1504
19215 # 1504
19216 # 1504
19217 # 1504
19218 # 1504
19219 # 1504
19220 # 1504
19221 # 1504
19222 # 1504
19223 # 1504
19224 # 1504
19225 # 1504
19226 # 1504
19227 # 1504
19228 # 1504
19229 # 1504
19230 # 1504
19231 # 1504
19232 # 1504
19233 # 1504
19234 # 1504
19235 # 1504
19236 # 1504
19237 # 1504
19238 # 1504
19239 # 1504
19240 # 1504
19241 # 1504
19242 # 1504
19243 # 1504
19244 # 1504
19245 # 1504
19246 # 1504
19247 # 1504
19248 # 1504
19249 # 1504
19250 # 1504
19251 # 1504
19252 # 1504
19253 # 1504
19254 # 1504
19255 # 1504
19256 # 1504
19257 # 1504
19258 # 1504
19259 # 1504
19260 # 1504
19261 # 1504
19262 # 1504
19263 # 1504
19264 # 1504
19265 # 1504
19266 # 1504
19267 # 1504
19268 # 1504
19269 # 1504
19270 # 1504
19271 # 1504
19272 # 1504
19273 # 1504
19274 # 1504
19275 # 1504
19276 # 1504
19277 # 1504
19278 # 1504
19279 # 1504
19280 # 1504
19281 # 1504
19282 # 1504
19283 # 1504
19284 # 1504
19285 # 1504
19286 # 1504
19287 # 1504
19288 # 1504
19289 # 1504
19290 # 1504
19291 # 1504
19292 # 1504
19293 # 1504
19294 # 1504
19295 # 1504
19296 # 1504
19297 # 1504
19298 # 1504
19299 # 1504
19300 # 1504
19301 # 1504
19302 # 1504
19303 # 1504
19304 # 1504
19305 # 1504
19306 # 1504
19307 # 1504
19308 # 1504
19309 # 1504
19310 # 1504
19311 # 1504
19312 # 1504
19313 # 1504
19314 # 1504
19315 # 1504
19316 # 1504
19317 # 1504
19318 # 1504
19319 # 1504
19320 # 1504
19321 # 1504
19322 # 1504
19323 # 1504
19324 # 1504
19325 # 1504
19326 # 1504
19327 # 1504
19328 # 1504
19329 # 1504
19330 # 1504
19331 # 1504
19332 # 1504
19333 # 1504
19334 # 1504
19335 # 1504
19336 # 1504
19337 # 1504
19338 # 1504
19339 # 1504
19340 # 1504
19341 # 1504
19342 # 1504
19343 # 1504
19344 # 1504
19345 # 1504
19346 # 1504
19347 # 1504
19348 # 1504
19349 # 1504
19350 # 1504
19351 # 1504
19352 # 1504
19353 # 1504
19354 # 1504
19355 # 1504
19356 # 1504
19357 # 1504
19358 # 1504
19359 # 1504
19360 # 1504
19361 # 1504
19362 # 1504
19363 # 1504
19364 # 1504
19364 + 100
19364 + 100
19364 + 100
19364 + 100
19364 + 100
19364 + 100
19364 + 100
19364 + 100
19364 + 100
19364 + 100
19365 # 1504
19365 - 100 1
19365 - 100 1
19365 - 100 1
19365 - 100 1
19365 - 100 1
19365 - 100 1
19365 - 100 1
19365 - 100 1
19365 - 100 1
19365 - 100 1
19366 # 1504
19367 # 1504
19368 # 1504
19369 # 1504
19370 # 1504
19371 # 1504
19372 # 1504
19373 # 1504
19374 # 1504
19375 # 1504
19376 # 1504
19377 # 1504
19378 # 1504
19379 # 1504
19380 # 1504
19381 # 1504
19382 # 1504
19383 # 1504
19384 # 1504
19385 # 1504
19386 # 1504
19387 # 1504
19388 # 1504
19389 # 1504
19390 # 1504
19391 # 1504
19392 # 1504
19393 # 1504
19394 # 1504
19395 # 1504
19396 # 1504
19397 # 1504
19398 # 1504
19399 # 1504
19400 # 1504
19401 # 1504
19402 # 1504
19403 # 1504
19404 # 1504
19405 # 1504
19406 # 1504
19407 # 1504
19408 # 1504
19409 # 1504
19410 # 1504
19411 # 1504
19411 + 100
19411 + 100
19411 + 100
19411 + 100
19411 + 100
19411 + 100
19411 + 100
19411 + 100
19411 + 100
19411 + 100
19411 + 100
19411 + 100
19411 + 100
19411 + 100
19411 + 100
19411 + 100
19411 + 100
19411 + 100
19411 + 100
19411 + 100
19411 + 100
19411 + 100
19411 + 100
19412 # 1504
19412 - 100 1
19412 - 100 1
19412 - 100 1
19412 - 100 1
19412 - 100 1
19412 - 100 1
19412 - 100 1
19412 - 100 1
19412 - 100 1
19412 - 100 1
19412 - 100 1
19412 - 100 1
19412 - 100 1
19412 - 100 1
19412 - 100 1
19413 # 1504
19413 - 100 2
19413 - 100 2
19413 - 100 2
19413 - 100 2
19413 - 100 2
19413 - 100 2
19413 - 100 2
19413 - 100 2
19414 # 1504
19415 # 1504
19416 # 1504
19417 # 1504
19418 # 1504
19419 # 1504
19420 # 1504
19421 # 1504
19422 # 1504
19423 # 1504
19424 # 1504
19425 # 1504
19426 # 1504
19427 # 1504
19428 # 1504
19429 # 1504
19430 # 1504
19431 # 1504
19432 # 1504
19433 # 1504
19434 # 1504
19435 # 1504
19436 # 1504
19437 # 1504
19438 # 1504
19439 # 1504
19440 # 1504
19441 # 1504
19442 # 1504
19443 # 1504
19444 # 1504
19445 # 1504
19446 # 1504
19447 # 1504
19448 # 1504
19449 # 1504
19450 # 1504
19451 # 1504
19452 # 1504
19453 # 1504
19454 # 1504
19455 # 1504
19456 # 1504
19457 # 1504
19458 # 1504
19459 # 1504
19460 # 1504
19461 # 1504
19462 # 1504
19463 # 1504
19464 # 1504
19465 # 1504
19466 # 1504
19467 # 1504
19468 # 1504
19469 # 1504
19470 # 1504
19471 # 1504
19472 # 1504
19473 # 1504
19474 # 1504
19475 # 1504
19476 # 1504
19477 # 1504
19478 # 1504
19479 # 1504
19480 # 1504
19481 # 1504
19482 # 1504
19483 # 1504
19484 # 1504
19485 # 1504
19486 # 1504
19487 # 1504
19488 # 1504
19489 # 1504
19490 # 1504
19491 # 1504
19492 # 1504
19492 + 100
19493 # 1504
19493 - 100 1
19493 + 100
19493 + 100
19494 # 1504
19494 - 100 1
19494 - 100 1
19495 # 1504
19495 + 100
19495 + 100
19496 # 1504
19496 - 100 1
19496 - 100 1
19496 + 100
19497 # 1504
19497 - 100 1
19498 # 1504
19498 + 100
19498 + 100
19499 # 1504
19499 - 100 1
19499 - 100 1
19499 + 100
19500 # 1504
19500 - 100 1
19500 + 100
19501 # 1504
19501 - 100 1
19502 # 1504
19503 # 1504
19504 # 1504
19505 # 1504
19506 # 1504
19507 # 1504
19508 # 1504
19509 # 1504
19510 # 1504
19511 # 1504
19512 # 1504
19513 # 1504
19514 # 1504
19515 # 1504
19516 # 1504
19517 # 1504
19518 # 1504
19519 # 1504
19520 # 1504
19521 # 1504
19522 # 1504
19523 # 1504
19524 # 1504
19525 # 1504
19526 # 1504
19527 # 1504
19528 # 1504
19529 # 1504
19530 # 1504
19531 # 1504
19532 # 1504
19533 # 1504
19534 # 1504
19535 # 1504
19536 # 1504
19537 # 1504
19538 # 1504
19539 # 1504
19540 # 1504
19541 # 1504
19542 # 1504
19543 # 1504
19544 # 1504
19545 # 1504
19546 # 1504
19547 # 1504
19548 # 1504
19549 # 1504
19550 # 1504
19551 # 1504
19552 # 1504
19553 # 1504
19554 # 1504
19555 # 1504
19556 # 1504
19557 # 1504
19558 # 1504
19559 # 1504
19560 # 1504
19561 # 1504
19562 # 1504
19563 # 1504
19564 # 1504
19565 # 1504
19566 # 1504
19567 # 1504
19568 # 1504
19569 # 1504
19570 # 1504
19571 # 1504
19572 # 1504
19573 # 1504
19574 # 1504
19575 # 1504
19576 # 1504
19577 # 1504
19578 # 1504
19579 # 1504
19580 # 1504
19581 # 1504
19582 # 1504
19583 # 1504
19584 # 1504
19585 # 1504
19586 # 1504
19587 # 1504
19588 # 1504
19589 # 1504
19590 # 1504
19591 # 1504
19592 # 1504
19593 # 1504
19594 # 1504
19595 # 1504
19596 # 1504
19597 # 1504
19598 # 1504
19599 # 1504
19600 # 1504
19601 # 1504
19602 # 1504
19603 # 1504
19604 # 1504
19605 # 1504
19606 # 1504
19607 # 1504
19608 # 1504
19609 # 1504
19609 + 100
19609 + 100
19609 + 100
19609 + 100
19609 + 100
19610 # 1504
19610 - 100 1
19610 - 100 1
19610 - 100 1
19610 - 100 1
19610 - 100 1
19610 + 100
19611 # 1504
19611 - 100 1
19612 # 1504
19613 # 1504
19613 + 100
19613 + 100
19613 + 100
19614 # 1504
19614 - 100 1
19614 - 100 1
19614 - 100 1
19614 + 100
19615 # 1504
19615 - 100 1
19616 # 1504
19616 + 100
19616 + 100
19617 # 1504
19617 - 100 1
19617 - 100 1
19617 + 100
19618 # 1504
19618 - 100 1
19618 + 100
19619 # 1504
19619 - 100 1
19620 # 1504
19621 # 1504
19622 # 1504
19623 # 1504
19624 # 1504
19625 # 1504
19626 # 1504
19627 # 1504
19628 # 1504
19629 # 1504
19630 # 1504
19631 # 1504
19632 # 1504
19633 # 1504
19634 # 1504
19635 # 1504
19636 # 1504
19637 # 1504
19638 # 1504
19639 # 1504
19640 # 1504
19641 # 1504
19642 # 1504
19643 # 1504
19644 # 1504
19645 # 1504
19646 # 1504
19647 # 1504
19648 # 1504
19649 # 1504
19650 # 1504
19651 # 1504
19652 # 1504
19653 # 1504
19654 # 1504
19655 # 1504
19656 # 1504
19657 # 1504
19658 # 1504
19659 # 1504
19660 # 1504
19661 # 1504
19662 # 1504
19663 # 1504
19664 # 1504
19665 # 1504
19666 # 1504
19667 # 1504
19668 # 1504
19669 # 1504
19670 # 1504
19671 # 1504
19672 # 1504
19673 # 1504
19674 # 1504
19675 # 1504
19676 # 1504
19677 # 1504
19678 # 1504
19679 # 1504
19680 # 1504
19681 # 1504
19682 # 1504
19683 # 1504
19684 # 1504
19685 # 1504
19686 # 1504
19687 # 1504
19688 # 1504
19689 # 1504
19690 # 1504
19691 # 1504
19692 # 1504
19693 # 1504
19694 # 1504
19695 # 1504
19696 # 1504
19697 # 1504
19698 # 1504
19699 # 1504
19700 # 1504
19701 # 1504
19702 # 1504
19703 # 1504
19704 # 1504
19705 # 1504
19706 # 1504
19707 # 1504
19708 # 1504
19709 # 1504
19710 # 1504
19711 # 1504
19711 + 100
19711 + 100
19712 # 1504
19712 - 100 1
19712 - 100 1
19712 + 100
19712 + 100
19712 + 100
19712 + 100
19712 + 100
19712 + 100
19712 + 100
19712 + 100
19712 + 100
19712 + 100
19712 + 100
19712 + 100
19712 + 100
19712 + 100
19713 # 1504
19713 - 100 1
19713 - 100 1
19713 - 100 1
19713 - 100 1
19713 - 100 1
19713 - 100 1
19713 - 100 1
19713 - 100 1
19713 - 100 1
19713 - 100 1
19713 - 100 1
19713 - 100 1
19713 - 100 1
19713 - 100 1
19714 # 1504
19715 # 1504
19716 # 1504
19716 + 100
19716 + 100
19716 + 100
19716 + 100
19717 # 1504
19717 - 100 1
19717 - 100 1
19717 - 100 1
19717 - 100 1
19718 # 1504
19719 # 1504
19719 + 100
19719 + 100
19719 + 100
19720 # 1504
19720 - 100 1
19720 - 100 1
19720 - 100 1
19720 + 100
19721 # 1504
19721 - 100 1
19722 # 1504
19723 # 1504
19724 # 1504
19725 # 1504
19726 # 1504
19727 # 1504
19728 # 1504
19729 # 1504
19730 # 1504
19731 # 1504
19732 # 1504
19733 # 1504
19734 # 1504
19735 # 1504
19736 # 1504
19737 # 1504
19738 # 1504
19739 # 1504
19740 # 1504
19741 # 1504
19742 # 1504
19743 # 1504
19744 # 1504
19745 # 1504
19746 # 1504
19747 # 1504
19748 # 1504
19749 # 1504
19750 # 1504
19751 # 1504
19752 # 1504
19753 # 1504
19754 # 1504
19755 # 1504
19756 # 1504
19757 # 1504
19758 # 1504
19759 # 1504
19760 # 1504
19761 # 1504
19762 # 1504
19763 # 1504
19764 # 1504
19765 # 1504
19766 # 1504
19767 # 1504
19768 # 1504
19769 # 1504
19770 # 1504
19771 # 1504
19772 # 1504
19773 # 1504
19774 # 1504
19775 # 1504
19776 # 1504
19776 + 100
19776 + 100
19776 + 100
19776 + 100
19776 + 100
19776 + 100
19776 + 100
19776 + 100
19776 + 100
19776 + 100
19776 + 100
19776 + 100
19776 + 100
19777 # 1504
19777 - 100 1
19777 - 100 1
19777 - 100 1
19777 - 100 1
19777 - 100 1
19777 - 100 1
19777 - 100 1
19777 - 100 1
19777 - 100 1
19777 - 100 1
19777 - 100 1
19777 - 100 1
19777 - 100 1
19778 # 1504
19779 # 1504
19780 # 1504
19781 # 1504
19782 # 1504
19783 # 1504
19784 # 1504
19785 # 1504
19786 # 1504
19787 # 1504
19787 + 100
19787 + 100
19787 + 100
19787 + 100
19787 + 100
19787 + 100
19787 + 100
19787 + 100
19787 + 100
19787 + 100
19788 # 1504
19788 - 100 1
19788 - 100 1
19788 - 100 1
19788 - 100 1
19788 - 100 1
19788 - 100 1
19788 - 100 1
19788 - 100 1
19788 - 100 1
19788 - 100 1
19788 + 100
19789 # 1504
19789 - 100 1
19790 # 1504
19791 # 1504
19792 # 1504
19792 + 100
19792 + 100
19792 + 100
19793 # 1504
19793 - 100 1
19793 - 100 1
19793 - 100 1
19793 + 100
19794 # 1504
19794 - 100 1
19795 # 1504
19796 # 1504
19797 # 1504
19798 # 1504
19799 # 1504
19800 # 1504
19801 # 1504
19802 # 1504
19803 # 1504
19804 # 1504
19805 # 1504
19806 # 1504
19807 # 1504
19808 # 1504
19809 # 1504
19810 # 1504
19811 # 1504
19812 # 1504
19813 # 1504
19814 # 1504
19815 # 1504
19816 # 1504
19816 + 100
19816 + 100
19816 + 100
19817 # 1504
19817 - 100 1
19817 - 100 1
19817 - 100 1
19818 # 1504
19819 # 1504
19820 # 1504
19821 # 1504
19822 # 1504
19823 # 1504
19824 # 1504
19825 # 1504
19826 # 1504
19827 # 1504
19828 # 1504
19829 # 1504
19830 # 1504
19831 # 1504
19832 # 1504
19833 # 1504
19834 # 1504
19835 # 1504
19836 # 1504
19837 # 1504
19838 # 1504
19839 # 1504
19840 # 1504
19841 # 1504
19842 # 1504
19843 # 1504
19844 # 1504
19845 # 1504
19846 # 1504
19846 + 100
19846 + 100
19846 + 100
19846 + 100
19846 + 100
19846 + 100
19846 + 100
19847 # 1504
19847 - 100 1
19847 - 100 1
19847 - 100 1
19847 - 100 1
19847 - 100 1
19847 - 100 1
19847 - 100 1
19848 # 1504
19849 # 1504
19850 # 1504
19851 # 1504
19852 # 1504
19853 # 1504
19854 # 1504
19855 # 1504
19856 # 1504
19857 # 1504
19858 # 1504
19859 # 1504
19860 # 1504
19860 + 100
19860 + 100
19860 + 100
19860 + 100
19860 + 100
19860 + 100
19860 + 100
19861 # 1504
19861 - 100 1
19861 - 100 1
19861 - 100 1
19861 - 100 1
19861 - 100 1
19861 - 100 1
19861 - 100 1
19862 # 1504
19863 # 1504
19864 # 1504
19865 # 1504
19866 # 1504
19867 # 1504
19868 # 1504
19869 # 1504
19870 # 1504
19871 # 1504
19872 # 1504
19872 + 100
19872 + 100
19873 # 1504
19873 - 100 1
19873 - 100 1
19874 # 1504
19874 + 100
19875 # 1504
19875 - 100 1
19876 # 1504
19876 + 100
19876 + 100
19877 # 1504
19877 - 100 1
19877 - 100 1
19878 # 1504
19879 # 1504
19880 # 1504
19881 # 1504
19882 # 1504
19883 # 1504
19884 # 1504
19885 # 1504
19886 # 1504
19887 # 1504
19888 # 1504
19889 # 1504
19890 # 1504
19891 # 1504
19892 # 1504
19893 # 1504
19894 # 1504
19895 # 1504
19896 # 1504
19897 # 1504
19898 # 1504
19899 # 1504
19900 # 1504
19901 # 1504
19902 # 1504
19903 # 1504
19904 # 1504
19905 # 1504
19906 # 1504
19907 # 1504
19908 # 1504
19909 # 1504
19910 # 1504
19911 # 1504
19912 # 1504
19912 + 100
19913 # 1504
19913 - 100 1
19914 # 1504
19915 # 1504
19916 # 1504
19917 # 1504
19918 # 1504
19919 # 1504
19920 # 1504
19921 # 1504
19922 # 1504
19923 # 1504
19924 # 1504
19925 # 1504
19926 # 1504
19927 # 1504
19928 # 1504
19929 # 1504
19930 # 1504
19931 # 1504
19932 # 1504
19933 # 1504
19934 # 1504
19934 + 100
19934 + 100
19934 + 100
19934 + 100
19934 + 100
19934 + 100
19934 + 100
19934 + 100
19934 + 100
19935 # 1504
19935 - 100 1
19935 - 100 1
19935 - 100 1
19935 - 100 1
19935 - 100 1
19935 - 100 1
19935 - 100 1
19935 - 100 1
19935 - 100 1
19936 # 1504
19937 # 1504
19937 + 100
19938 # 1504
19938 - 100 1
19938 + 100
19939 # 1504
19939 - 100 1
19939 + 100
19939 + 100
19940 # 1504
19940 - 100 1
19940 - 100 1
19940 + 100
19941 # 1504
19941 - 100 1
19942 # 1504
19943 # 1504
19944 # 1504
19945 # 1504
19946 # 1504
19947 # 1504
19948 # 1504
19949 # 1504
19950 # 1504
19951 # 1504
19952 # 1504
19953 # 1504
19954 # 1504
19955 # 1504
19956 # 1504
19957 # 1504
19958 # 1504
19959 # 1504
19960 # 1504
19961 # 1504
19962 # 1504
19963 # 1504
19964 # 1504
19965 # 1504
19966 # 1504
19967 # 1504
19968 # 1504
19969 # 1504
19970 # 1504
19971 # 1504
19972 # 1504
19973 # 1504
19974 # 1504
19975 # 1504
19976 # 1504
19977 # 1504
19978 # 1504
19979 # 1504
19980 # 1504
19981 # 1504
19982 # 1504
19983 # 1504
19984 # 1504
19985 # 1504
19986 # 1504
19987 # 1504
19988 # 1504
19989 # 1504
19990 # 1504
19991 # 1504
19992 # 1504
19993 # 1504
19994 # 1504
19995 # 1504
19996 # 1504
19997 # 1504
19998 # 1504
19999 # 1504
20000 # 1504
20001 # 1504
20002 # 1504
20003 # 1504
20004 # 1504
20004 + 100
20004 + 100
20005 # 1504
20005 - 100 1
20005 - 100 1
20006 # 1504
20007 # 1504
20008 # 1504
20009 # 1504
20009 + 100
20009 + 100
20009 + 100
20009 + 100
20010 # 1504
20010 - 100 1
20010 - 100 1
20010 - 100 1
20010 - 100 1
20010 + 100
20011 # 1504
20011 - 100 1
20012 # 1504
20012 + 100
20012 + 100
20013 # 1504
20013 - 100 1
20013 - 100 1
20013 + 100
20014 # 1504
20014 - 100 1
20015 # 1504
20016 # 1504
20016 + 100
20016 + 100
20016 + 100
20017 # 1504
20017 - 100 1
20017 - 100 1
20017 - 100 1
20018 # 1504
20019 # 1504
20019 + 100
20019 + 100
20019 + 100
20020 # 1504
20020 - 100 1
20020 - 100 1
20020 - 100 1
20021 # 1504
20022 # 1504
20023 # 1504
20024 # 1504
20025 # 1504
20026 # 1504
20027 # 1504
20028 # 1504
20029 # 1504
20030 # 1504
20031 # 1504
20032 # 1504
20033 # 1504
20034 # 1504
20035 # 1504
20036 # 1504
20037 # 1504
20038 # 1504
20039 # 1504
20040 # 1504
20041 # 1504
20042 # 1504
20043 # 1504
20044 # 1504
20045 # 1504
20046 # 1504
20047 # 1504
20048 # 1504
20049 # 1504
20050 # 1504
20051 # 1504
20052 # 1504
20053 # 1504
20054 # 1504
20055 # 1504
20056 # 1504
20057 # 1504
20058 # 1504
20059 # 1504
20060 # 1504
20061 # 1504
20062 # 1504
20063 # 1504
20064 # 1504
20065 # 1504
20065 + 100
20065 + 100
20065 + 100
20065 + 100
20065 + 100
20066 # 1504
20066 - 100 1
20066 - 100 1
20066 - 100 1
20066 - 100 1
20066 - 100 1
20067 # 1504
20068 # 1504
20069 # 1504
20070 # 1504
20071 # 1504
20072 # 1504
20073 # 1504
20074 # 1504
20075 # 1504
20076 # 1504
20077 # 1504
20078 # 1504
20079 # 1504
20080 # 1504
20081 # 1504
20082 # 1504
20083 # 1504
20084 # 1504
20085 # 1504
20086 # 1504
20087 # 1504
20088 # 1504
20089 # 1504
20090 # 1504
20091 # 1504
20092 # 1504
20093 # 1504
20094 # 1504
20095 # 1504
20095 + 100
20095 + 100
20095 + 100
20095 + 100
20095 + 100
20095 + 100
20095 + 100
20095 + 100
20095 + 100
20096 # 1504
20096 - 100 1
20096 - 100 1
20096 - 100 1
20096 - 100 1
20096 - 100 1
20096 - 100 1
20096 - 100 1
20096 - 100 1
20096 - 100 1
20096 + 100
20097 # 1504
20097 - 100 1
20098 # 1504
20099 # 1504
20100 # 1504
20101 # 1504
20102 # 1504
20103 # 1504
20104 # 1504
20105 # 1504
20106 # 1504
20107 # 1504
20108 # 1504
20109 # 1504
20110 # 1504
20111 # 1504
20112 # 1504
20113 # 1504
20114 # 1504
20115 # 1504
20116 # 1504
20117 # 1504
20118 # 1504
20119 # 1504
20120 # 1504
20121 # 1504
20122 # 1504
20123 # 1504
20124 # 1504
20125 # 1504
20126 # 1504
20127 # 1504
20128 # 1504
20128 + 100
20128 + 100
20128 + 100
20128 + 100
20128 + 100
20128 + 100
20128 + 100
20128 + 100
20129 # 1504
20129 - 100 1
20129 - 100 1
20129 - 100 1
20129 - 100 1
20129 - 100 1
20129 - 100 1
20129 - 100 1
20129 - 100 1
20130 # 1504
20131 # 1504
20132 # 1504
20133 # 1504
20134 # 1504
20135 # 1504
20136 # 1504
20137 # 1504
20138 # 1504
20139 # 1504
20140 # 1504
20141 # 1504
20142 # 1504
20143 # 1504
20144 # 1504
20145 # 1504
20146 # 1504
20147 # 1504
20148 # 1504
20149 # 1504
20150 # 1504
20151 # 1504
20151 + 100
20151 + 100
20151 + 100
20151 + 100
20151 + 100
20151 + 100
20151 + 100
20152 # 1504
20152 - 100 1
20152 - 100 1
20152 - 100 1
20152 - 100 1
20152 - 100 1
20152 - 100 1
20152 - 100 1
20153 # 1504
20154 # 1504
20155 # 1504
20156 # 1504
20157 # 1504
20158 # 1504
20159 # 1504
20160 # 1504
20161 # 1504
20162 # 1504
20163 # 1504
20164 # 1504
20165 # 1504
20166 # 1504
20167 # 1504
20168 # 1504
20169 # 1504
20170 # 1504
20171 # 1504
20172 # 1504
20173 # 1504
20174 # 1504
20175 # 1504
20176 # 1504
20177 # 1504
20178 # 1504
20179 # 1504
20180 # 1504
20181 # 1504
20182 # 1504
20183 # 1504
20184 # 1504
20185 # 1504
20186 # 1504
20187 # 1504
20188 # 1504
20189 # 1504
20190 # 1504
20191 # 1504
20192 # 1504
20193 # 1504
20194 # 1504
20195 # 1504
20196 # 1504
20197 # 1504
20198 # 1504
20199 # 1504
20200 # 1504
20201 # 1504
20202 # 1504
20203 # 1504
20204 # 1504
20205 # 1504
20206 # 1504
20207 # 1504
20208 # 1504
20209 # 1504
20210 # 1504
20211 # 1504
20212 # 1504
20213 # 1504
20214 # 1504
20215 # 1504
20216 # 1504
20217 # 1504
20218 # 1504
20219 # 1504
20220 # 1504
20221 # 1504
20222 # 1504
20223 # 1504
20224 # 1504
20225 # 1504
20226 # 1504
20227 # 1504
20228 # 1504
20229 # 1504
20230 # 1504
20231 # 1504
20232 # 1504
20233 # 1504
20234 # 1504
20235 # 1504
20236 # 1504
20237 # 1504
20238 # 1504
20239 # 1504
20240 # 1504
20241 # 1504
20242 # 1504
20243 # 1504
20244 # 1504
20245 # 1504
20246 # 1504
20247 # 1504
20248 # 1504
20249 # 1504
20250 # 1504
20251 # 1504
20252 # 1504
20253 # 1504
20254 # 1504
20255 # 1504
20256 # 1504
20257 # 1504
20258 # 1504
20259 # 1504
20260 # 1504
20261 # 1504
20262 # 1504
20263 # 1504
20264 # 1504
20265 # 1504
20266 # 1504
20267 # 1504
20268 # 1504
20269 # 1504
20270 # 1504
20271 # 1504
20272 # 1504
20273 # 1504
20274 # 1504
20275 # 1504
20276 # 1504
20277 # 1504
20278 # 1504
20279 # 1504
20280 # 1504
20281 # 1504
20282 # 1504
20283 # 1504
20284 # 1504
20285 # 1504
20286 # 1504
20286 + 100
20286 + 100
20286 + 100
20286 + 100
20286 + 100
20286 + 100
20286 + 100
20287 # 1504
20287 - 100 1
20287 - 100 1
20287 - 100 1
20287 - 100 1
20287 - 100 1
20287 - 100 1
20287 - 100 1
20288 # 1504
20288 + 100
20289 # 1504
20289 - 100 1
20290 # 1504
20290 + 100
20290 + 100
20291 # 1504
20291 - 100 1
20291 - 100 1
20292 # 1504
20292 + 100
20292 + 100
20293 # 1504
20293 - 100 1
20293 - 100 1
20293 + 100
20294 # 1504
20294 - 100 1
20295 # 1504
20296 # 1504
20296 + 100
20296 + 100
20296 + 100
20297 # 1504
20297 - 100 1
20297 - 100 1
20297 - 100 1
20298 # 1504
20298 + 100
20298 + 100
20299 # 1504
20299 - 100 1
20299 - 100 1
20299 + 100
20300 # 1504
20300 - 100 1
20301 # 1504
20301 + 100
20301 + 100
20302 # 1504
20302 - 100 1
20302 - 100 1
20302 + 100
20303 # 1504
20303 - 100 1
20304 # 1504
20304 + 100
20304 + 100
20305 # 1504
20305 - 100 1
20305 - 100 1
20306 # 1504
20307 # 1504
20307 + 100
20307 + 100
20307 + 100
20308 # 1504
20308 - 100 1
20308 - 100 1
20308 - 100 1
20308 + 100
20309 # 1504
20309 - 100 1
20309 + 100
20310 # 1504
20310 - 100 1
20311 # 1504
20312 # 1504
20312 + 100
20312 + 100
20313 # 1504
20313 - 100 1
20313 - 100 1
20313 + 100
20314 # 1504
20314 - 100 1
20315 # 1504
20316 # 1504
20316 + 100
20316 + 100
20316 + 100
20317 # 1504
20317 - 100 1
20317 - 100 1
20317 - 100 1
20318 # 1504
20319 # 1504
20319 + 100
20319 + 100
20319 + 100
20320 # 1504
20320 - 100 1
20320 - 100 1
20320 - 100 1
20320 + 100
20321 # 1504
20321 - 100 1
20322 # 1504
20323 # 1504
20323 + 100
20323 + 100
20323 + 100
20324 # 1504
20324 - 100 1
20324 - 100 1
20324 - 100 1
20324 + 100
20325 # 1504
20325 - 100 1
20326 # 1504
20327 # 1504
20328 # 1504
20329 # 1504
20330 # 1504
20331 # 1504
20332 # 1504
20333 # 1504
20334 # 1504
20335 # 1504
20336 # 1504
20337 # 1504
20338 # 1504
20339 # 1504
20340 # 1504
20341 # 1504
20342 # 1504
20343 # 1504
20344 # 1504
20345 # 1504
20346 # 1504
20347 # 1504
20348 # 1504
20349 # 1504
20350 # 1504
20351 # 1504
20352 # 1504
20353 # 1504
20354 # 1504
20355 # 1504
20356 # 1504
20356 + 100
20356 + 100
20356 + 100
20356 + 100
20356 + 100
20356 + 100
20356 + 100
20357 # 1504
20357 - 100 1
20357 - 100 1
20357 - 100 1
20357 - 100 1
20357 - 100 1
20357 - 100 1
20357 - 100 1
20358 # 1504
20359 # 1504
20359 + 100
20359 + 100
20360 # 1504
20360 - 100 1
20360 - 100 1
20360 + 100
20361 # 1504
20361 - 100 1
20362 # 1504
20362 + 100
20362 + 100
20363 # 1504
20363 - 100 1
20363 - 100 1
20364 # 1504
20364 + 100
20364 + 100
20365 # 1504
20365 - 100 1
20365 - 100 1
20365 + 100
20366 # 1504
20366 - 100 1
20367 # 1504
20367 + 100
20367 + 100
20368 # 1504
20368 - 100 1
20368 - 100 1
20368 + 100
20369 # 1504
20369 - 100 1
20370 # 1504
20371 # 1504
20371 + 100
20372 # 1504
20372 - 100 1
20373 # 1504
20374 # 1504
20375 # 1504
20375 + 100
20376 # 1504
20376 - 100 1
20377 # 1504
20378 # 1504
20379 # 1504
20379 + 100
20380 # 1504
20380 - 100 1
20381 # 1504
20382 # 1504
20383 # 1504
20383 + 100
20384 # 1504
20384 - 100 1
20385 # 1504
20386 # 1504
20386 + 100
20387 # 1504
20387 - 100 1
20388 # 1504
20389 # 1504
20389 + 100
20390 # 1504
20390 - 100 1
20390 + 100
20391 # 1504
20391 - 100 1
20392 # 1504
20393 # 1504
20393 + 100
20394 # 1504
20394 - 100 1
20395 # 1504
20396 # 1504
20397 # 1504
20398 # 1504
20399 # 1504
20400 # 1504
20401 # 1504
20402 # 1504
20403 # 1504
20404 # 1504
20405 # 1504
20406 # 1504
20407 # 1504
20408 # 1504
20409 # 1504
20410 # 1504
20411 # 1504
20412 # 1504
20413 # 1504
20414 # 1504
20415 # 1504
20416 # 1504
20417 # 1504
20418 # 1504
20419 # 1504
20420 # 1504
20421 # 1504
20422 # 1504
20423 # 1504
20424 # 1504
20425 # 1504
20426 # 1504
20427 # 1504
20428 # 1504
20429 # 1504
20430 # 1504
20431 # 1504
20432 # 1504
20433 # 1504
20434 # 1504
20435 # 1504
20436 # 1504
20437 # 1504
20438 # 1504
20439 # 1504
20440 # 1504
20441 # 1504
20442 # 1504
20443 # 1504
20444 # 1504
20445 # 1504
20446 # 1504
20447 # 1504
20448 # 1504
20449 # 1504
20450 # 1504
20451 # 1504
20452 # 1504
20453 # 1504
20454 # 1504
20455 # 1504
20456 # 1504
20457 # 1504
20458 # 1504
20459 # 1504
20460 # 1504
20461 # 1504
20462 # 1504
20463 # 1504
20464 # 1504
20465 # 1504
20466 # 1504
20467 # 1504
20468 # 1504
20469 # 1504
20470 # 1504
20471 # 1504
20472 # 1504
20473 # 1504
20474 # 1504
20475 # 1504
20476 # 1504
20477 # 1504
20478 # 1504
20479 # 1504
20480 # 1504
20481 # 1504
20482 # 1504
20483 # 1504
20484 # 1504
20484 + 100
20485 # 1504
20485 - 100 1
20486 # 1504
20486 + 100
20487 # 1504
20487 - 100 1
20488 # 1504
20488 + 100
20488 + 100
20489 # 1504
20489 - 100 1
20489 - 100 1
20489 + 100
20490 # 1504
20490 - 100 1
20490 + 100
20491 # 1504
20491 - 100 1
20492 # 1504
20493 # 1504
20494 # 1504
20495 # 1504
20496 # 1504
20497 # 1504
20498 # 1504
20499 # 1504
20499 + 100
20499 + 100
20499 + 100
20499 + 100
20499 + 100
20499 + 100
20499 + 100
20499 + 100
20499 + 100
20500 # 1504
20500 - 100 1
20500 - 100 1
20500 - 100 1
20500 - 100 1
20500 - 100 1
20500 - 100 1
20500 - 100 1
20500 - 100 1
20500 - 100 1
20501 # 1504
20501 + 100
20501 + 100
20502 # 1504
20502 - 100 1
20502 - 100 1
20503 # 1504
20503 + 100
20504 # 1504
20504 - 100 1
20504 + 100
20504 + 100
20505 # 1504
20505 - 100 1
20505 - 100 1
20505 + 100
20506 # 1504
20506 - 100 1
20506 + 100
20507 # 1504
20507 - 100 1
20508 # 1504
20508 + 100
20508 + 100
20509 # 1504
20509 - 100 1
20509 - 100 1
20510 # 1504
20511 # 1504
20512 # 1504
20513 # 1504
20514 # 1504
20515 # 1504
20516 # 1504
20517 # 1504
20518 # 1504
20519 # 1504
20520 # 1504
20521 # 1504
20522 # 1504
20523 # 1504
20524 # 1504
20525 # 1504
20526 # 1504
20527 # 1504
20528 # 1504
20529 # 1504
20530 # 1504
20531 # 1504
20532 # 1504
20533 # 1504
20534 # 1504
20535 # 1504
20536 # 1504
20537 # 1504
20538 # 1504
20539 # 1504
20540 # 1504
20541 # 1504
20542 # 1504
20543 # 1504
20544 # 1504
20545 # 1504
20546 # 1504
20547 # 1504
20548 # 1504
20549 # 1504
20550 # 1504
20551 # 1504
20552 # 1504
20553 # 1504
20554 # 1504
20555 # 1504
20556 # 1504
20557 # 1504
20558 # 1504
20559 # 1504
20560 # 1504
20561 # 1504
20562 # 1504
20563 # 1504
20564 # 1504
20565 # 1504
20566 # 1504
20567 # 1504
20568 # 1504
20569 # 1504
20570 # 1504
20571 # 1504
20572 # 1504
20573 # 1504
20574 # 1504
20575 # 1504
20576 # 1504
20577 # 1504
20578 # 1504
20579 # 1504
20580 # 1504
20581 # 1504
20582 # 1504
20583 # 1504
20584 # 1504
20585 # 1504
20586 # 1504
20587 # 1504
20588 # 1504
20589 # 1504
20590 # 1504
20591 # 1504
20592 # 1504
20593 # 1504
20594 # 1504
20595 # 1504
20596 # 1504
20597 # 1504
20598 # 1504
20599 # 1504
20600 # 1504
20601 # 1504
20602 # 1504
20603 # 1504
20604 # 1504
20605 # 1504
20606 # 1504
20607 # 1504
20608 # 1504
20608 + 100
20608 + 100
20608 + 100
20608 + 100
20608 + 100
20609 # 1504
20609 - 100 1
20609 - 100 1
20609 - 100 1
20609 - 100 1
20609 - 100 1
20610 # 1504
20611 # 1504
20612 # 1504
20612 + 100
20612 + 100
20612 + 100
20613 # 1504
20613 - 100 1
20613 - 100 1
20613 - 100 1
20613 + 100
20614 # 1504
20614 - 100 1
20614 + 100
20615 # 1504
20615 - 100 1
20615 + 100
20616 # 1504
20616 - 100 1
20616 + 100
20617 # 1504
20617 - 100 1
20618 # 1504
20619 # 1504
20620 # 1504
20621 # 1504
20622 # 1504
20623 # 1504
20624 # 1504
20625 # 1504
20626 # 1504
20627 # 1504
20628 # 1504
20629 # 1504
20630 # 1504
20631 # 1504
20632 # 1504
20633 # 1504
20634 # 1504
20635 # 1504
20636 # 1504
20637 # 1504
20638 # 1504
20639 # 1504
20640 # 1504
20641 # 1504
20642 # 1504
20643 # 1504
20644 # 1504
20645 # 1504
20646 # 1504
20647 # 1504
20648 # 1504
20649 # 1504
20650 # 1504
20651 # 1504
20652 # 1504
20653 # 1504
20654 # 1504
20655 # 1504
20656 # 1504
20657 # 1504
20658 # 1504
20659 # 1504
20660 # 1504
20661 # 1504
20662 # 1504
20663 # 1504
20664 # 1504
20665 # 1504
20666 # 1504
20667 # 1504
20668 # 1504
20669 # 1504
20670 # 1504
20671 # 1504
20672 # 1504
20673 # 1504
20674 # 1504
20675 # 1504
20676 # 1504
20677 # 1504
20677 + 100
20677 + 100
20677 + 100
20677 + 100
20677 + 100
20677 + 100
20677 + 100
20677 + 100
20677 + 100
20677 + 100
20677 + 100
20677 + 100
20677 + 100
20677 + 100
20677 + 100
20677 + 100
20677 + 100
20677 + 100
20677 + 100
20677 + 100
20677 + 100
20677 + 100
20678 # 1504
20678 - 100 1
20678 - 100 1
20678 - 100 1
20678 - 100 1
20678 - 100 1
20678 - 100 1
20678 - 100 1
20678 - 100 1
20678 - 100 1
20678 - 100 1
20678 - 100 1
20678 - 100 1
20678 - 100 1
20678 - 100 1
20678 - 100 1
20679 # 1504
20679 - 100 2
20679 - 100 2
20679 - 100 2
20679 - 100 2
20679 - 100 2
20679 - 100 2
20679 - 100 2
20679 + 100
20680 # 1504
20680 - 100 1
20681 # 1504
20682 # 1504
20683 # 1504
20684 # 1504
20685 # 1504
20686 # 1504
20687 # 1504
20688 # 1504
20689 # 1504
20690 # 1504
20691 # 1504
20692 # 1504
20693 # 1504
20694 # 1504
20695 # 1504
20696 # 1504
20696 + 100
20696 + 100
20696 + 100
20696 + 100
20696 + 100
20696 + 100
20696 + 100
20696 + 100
20696 + 100
20696 + 100
20696 + 100
20696 + 100
20696 + 100
20696 + 100
20696 + 100
20696 + 100
20697 # 1504
20697 - 100 1
20697 - 100 1
20697 - 100 1
20697 - 100 1
20697 - 100 1
20697 - 100 1
20697 - 100 1
20697 - 100 1
20697 - 100 1
20697 - 100 1
20697 - 100 1
20697 - 100 1
20697 - 100 1
20697 - 100 1
20697 - 100 1
20698 # 1504
20698 - 100 2
20698 + 100
20699 # 1504
20699 - 100 1
20699 + 100
20700 # 1504
20700 - 100 1
20700 + 100
20701 # 1504
20701 - 100 1
20701 + 100
20702 # 1504
20702 - 100 1
20702 + 100
20703 # 1504
20703 - 100 1
20704 # 1504
20705 # 1504
20706 # 1504
20707 # 1504
20708 # 1504
20709 # 1504
20709 + 100
20709 + 100
20709 + 100
20709 + 100
20709 + 100
20709 + 100
20709 + 100
20710 # 1504
20710 - 100 1
20710 - 100 1
20710 - 100 1
20710 - 100 1
20710 - 100 1
20710 - 100 1
20710 - 100 1
20710 + 100
20711 # 1504
20711 - 100 1
20711 + 100
20712 # 1504
20712 - 100 1
20713 # 1504
20714 # 1504
20715 # 1504
20716 # 1504
20717 # 1504
20718 # 1504
20719 # 1504
20720 # 1504
20721 # 1504
20722 # 1504
20723 # 1504
20724 # 1504
20724 + 100
20724 + 100
20724 + 100
20724 + 100
20724 + 100
20724 + 100
20724 + 100
20724 + 100
20724 + 100
20724 + 100
20724 + 100
20724 + 100
20725 # 1504
20725 - 100 1
20725 - 100 1
20725 - 100 1
20725 - 100 1
20725 - 100 1
20725 - 100 1
20725 - 100 1
20725 - 100 1
20725 - 100 1
20725 - 100 1
20725 - 100 1
20725 - 100 1
20726 # 1504
20726 + 100
20726 + 100
20727 # 1504
20727 - 100 1
20727 - 100 1
20727 + 100
20728 # 1504
20728 - 100 1
20728 + 100
20729 # 1504
20729 - 100 1
20729 + 100
20730 # 1504
20730 - 100 1
20731 # 1504
20732 # 1504
20733 # 1504
20733 + 100
20733 + 100
20733 + 100
20733 + 100
20734 # 1504
20734 - 100 1
20734 - 100 1
20734 - 100 1
20734 - 100 1
20735 # 1504
20736 # 1504
20737 # 1504
20738 # 1504
20739 # 1504
20740 # 1504
20741 # 1504
20742 # 1504
20743 # 1504
20744 # 1504
20745 # 1504
20746 # 1504
20747 # 1504
20748 # 1504
20749 # 1504
20750 # 1504
20751 # 1504
20752 # 1504
20753 # 1504
20753 + 100
20753 + 100
20753 + 100
20753 + 100
20753 + 100
20753 + 100
20753 + 100
20753 + 100
20753 + 100
20753 + 100
20753 + 100
20753 + 100
20753 + 100
20753 + 100
20753 + 100
20753 + 100
20753 + 100
20753 + 100
20753 + 100
20754 # 1504
20754 - 100 1
20754 - 100 1
20754 - 100 1
20754 - 100 1
20754 - 100 1
20754 - 100 1
20754 - 100 1
20754 - 100 1
20754 - 100 1
20754 - 100 1
20754 - 100 1
20754 - 100 1
20754 - 100 1
20754 - 100 1
20754 - 100 1
20754 + 100
20755 # 1504
20755 - 100 2
20755 - 100 2
20755 - 100 2
20755 - 100 2
20755 - 100 1
20755 + 100
20756 # 1504
20756 - 100 1
20756 + 100
20757 # 1504
20757 - 100 1
20757 + 100
20758 # 1504
20758 - 100 1
20758 + 100
20759 # 1504
20759 - 100 1
20759 + 100
20760 # 1504
20760 - 100 1
20760 + 100
20761 # 1504
20761 - 100 1
20762 # 1504
20763 # 1504
20764 # 1504
20765 # 1504
20766 # 1504
20767 # 1504
20768 # 1504
20769 # 1504
20770 # 1504
20771 # 1504
20772 # 1504
20773 # 1504
20774 # 1504
20775 # 1504
20776 # 1504
20777 # 1504
20778 # 1504
20778 + 100
20778 + 100
20778 + 100
20778 + 100
20778 + 100
20778 + 100
20778 + 100
20778 + 100
20778 + 100
20778 + 100
20778 + 100
20778 + 100
20778 + 100
20778 + 100
20779 # 1504
20779 - 100 1
20779 - 100 1
20779 - 100 1
20779 - 100 1
20779 - 100 1
20779 - 100 1
20779 - 100 1
20779 - 100 1
20779 - 100 1
20779 - 100 1
20779 - 100 1
20779 - 100 1
20779 - 100 1
20779 - 100 1
20780 # 1504
20781 # 1504
20782 # 1504
20783 # 1504
20784 # 1504
20785 # 1504
20786 # 1504
20787 # 1504
20788 # 1504
20789 # 1504
20790 # 1504
20791 # 1504
20791 + 100
20791 + 100
20791 + 100
20791 + 100
20792 # 1504
20792 - 100 1
20792 - 100 1
20792 - 100 1
20792 - 100 1
20793 # 1504
20794 # 1504
20795 # 1504
20796 # 1504
20797 # 1504
20798 # 1504
20799 # 1504
20800 # 1504
20801 # 1504
20802 # 1504
20803 # 1504
20804 # 1504
20805 # 1504
20806 # 1504
20807 # 1504
20808 # 1504
20809 # 1504
20810 # 1504
20810 + 100
20810 + 100
20810 + 100
20810 + 100
20810 + 100
20810 + 100
20810 + 100
20810 + 100
20810 + 100
20810 + 100
20810 + 100
20810 + 100
20811 # 1504
20811 - 100 1
20811 - 100 1
20811 - 100 1
20811 - 100 1
20811 - 100 1
20811 - 100 1
20811 - 100 1
20811 - 100 1
20811 - 100 1
20811 - 100 1
20811 - 100 1
20811 - 100 1
20812 # 1504
20813 # 1504
20814 # 1504
20815 # 1504
20816 # 1504
20817 # 1504
20817 + 100
20817 + 100
20818 # 1504
20818 - 100 1
20818 - 100 1
20818 + 100
20818 + 100
20818 + 100
20819 # 1504
20819 - 100 1
20819 - 100 1
20819 - 100 1
20820 # 1504
20821 # 1504
20822 # 1504
20823 # 1504
20824 # 1504
20825 # 1504
20826 # 1504
20827 # 1504
20828 # 1504
20829 # 1504
20830 # 1504
20831 # 1504
20832 # 1504
20833 # 1504
20834 # 1504
20835 # 1504
20835 + 100
20835 + 100
20836 # 1504
20836 - 100 1
20836 - 100 1
20837 # 1504
20838 # 1504
20839 # 1504
20840 # 1504
20841 # 1504
20842 # 1504
20843 # 1504
20844 # 1504
20844 + 100
20844 + 100
20844 + 100
20844 + 100
20844 + 100
20845 # 1504
20845 - 100 1
20845 - 100 1
20845 - 100 1
20845 - 100 1
20845 - 100 1
20846 # 1504
20847 # 1504
20848 # 1504
20849 # 1504
20850 # 1504
20851 # 1504
20852 # 1504
20853 # 1504
20854 # 1504
20855 # 1504
20856 # 1504
20857 # 1504
20858 # 1504
20859 # 1504
20860 # 1504
20861 # 1504
20862 # 1504
20863 # 1504
20864 # 1504
20864 + 100
20864 + 100
20865 # 1504
20865 - 100 1
20865 - 100 1
20866 # 1504
20867 # 1504
20868 # 1504
20869 # 1504
20870 # 1504
20871 # 1504
20872 # 1504
20873 # 1504
20874 # 1504
20875 # 1504
20876 # 1504
20876 + 100
20876 + 100
20876 + 100
20876 + 100
20877 # 1504
20877 - 100 1
20877 - 100 1
20877 - 100 1
20877 - 100 1
20878 # 1504
20878 + 100
20879 # 1504
20879 - 100 1
20879 + 100
20880 # 1504
20880 - 100 1
20880 + 100
20881 # 1504
20881 - 100 1
20882 # 1504
20882 + 100
20883 # 1504
20883 - 100 1
20884 # 1504
20884 + 100
20885 # 1504
20885 - 100 1
20886 # 1504
20887 # 1504
20888 # 1504
20888 + 100
20889 # 1504
20889 - 100 1
20890 # 1504
20891 # 1504
20892 # 1504
20893 # 1504
20894 # 1504
20895 # 1504
20895 + 100
20896 # 1504
20896 - 100 1
20897 # 1504
20898 # 1504
20899 # 1504
20899 + 100
20900 # 1504
20900 - 100 1
20901 # 1504
20902 # 1504
20903 # 1504
20904 # 1504
20904 + 100
20905 # 1504
20905 - 100 1
20906 # 1504
20907 # 1504
20908 # 1504
20909 # 1504
20909 + 100
20910 # 1504
20910 - 100 1
20911 # 1504
20911 + 100
20912 # 1504
20912 - 100 1
20913 # 1504
20914 # 1504
20915 # 1504
20916 # 1504
20916 + 100
20917 # 1504
20917 - 100 1
20918 # 1504
20919 # 1504
20920 # 1504
20920 + 100
20921 # 1504
20921 - 100 1
20922 # 1504
20923 # 1504
20924 # 1504
20925 # 1504
20926 # 1504
20927 # 1504
20927 + 100
20928 # 1504
20928 - 100 1
20929 # 1504
20930 # 1504
20931 # 1504
20932 # 1504
20933 # 1504
20934 # 1504
20935 # 1504
20936 # 1504
20936 + 100
20937 # 1504
20937 - 100 1
20938 # 1504
20938 + 100
20939 # 1504
20939 - 100 1
20940 # 1504
20940 + 100
20941 # 1504
20941 - 100 1
20942 # 1504
20943 # 1504
20943 + 100
20944 # 1504
20944 - 100 1
20945 # 1504
20946 # 1504
20947 # 1504
20947 + 100
20948 # 1504
20948 - 100 1
20949 # 1504
20950 # 1504
20951 # 1504
20951 + 100
20952 # 1504
20952 - 100 1
20953 # 1504
20954 # 1504
20955 # 1504
20955 + 100
20956 # 1504
20956 - 100 1
20957 # 1504
20958 # 1504
20958 + 100
20959 # 1504
20959 - 100 1
20960 # 1504
20961 # 1504
20962 # 1504
20963 # 1504
20964 # 1504
20964 + 100
20965 # 1504
20965 - 100 1
20966 # 1504
20967 # 1504
20968 # 1504
20969 # 1504
20970 # 1504
20971 # 1504
20972 # 1504
20973 # 1504
20974 # 1504
20975 # 1504
20976 # 1504
20977 # 1504
20978 # 1504
20979 # 1504
20980 # 1504
20981 # 1504
20982 # 1504
20983 # 1504
20984 # 1504
20985 # 1504
20986 # 1504
20987 # 1504
20988 # 1504
20989 # 1504
20990 # 1504
20991 # 1504
20992 # 1504
20993 # 1504
20994 # 1504
20995 # 1504
20996 # 1504
20997 # 1504
20998 # 1504
20999 # 1504
21000 # 1504
21001 # 1504
21002 # 1504
21003 # 1504
21004 # 1504
21005 # 1504
21006 # 1504
21007 # 1504
21008 # 1504
21009 # 1504
21010 # 1504
21011 # 1504
21012 # 1504
21013 # 1504
21014 # 1504
21015 # 1504
21016 # 1504
21017 # 1504
21018 # 1504
21019 # 1504
21020 # 1504
21021 # 1504
21022 # 1504
21022 + 100
21023 # 1504
21023 - 100 1
21024 # 1504
21025 # 1504
21026 # 1504
21027 # 1504
21027 + 100
21027 + 100
21027 + 100
21028 # 1504
21028 - 100 1
21028 - 100 1
21028 - 100 1
21029 # 1504
21029 + 100
21029 + 100
21030 # 1504
21030 - 100 1
21030 - 100 1
21031 # 1504
21032 # 1504
21032 + 100
21032 + 100
21032 + 100
21033 # 1504
21033 - 100 1
21033 - 100 1
21033 - 100 1
21034 # 1504
21035 # 1504
21036 # 1504
21036 + 100
21036 + 100
21036 + 100
21036 + 100
21037 # 1504
21037 - 100 1
21037 - 100 1
21037 - 100 1
21037 - 100 1
21037 + 100
21038 # 1504
21038 - 100 1
21039 # 1504
21040 # 1504
21040 + 100
21040 + 100
21041 # 1504
21041 - 100 1
21041 - 100 1
21042 # 1504
21043 # 1504
21044 # 1504
21044 + 100
21045 # 1504
21045 - 100 1
21046 # 1504
21047 # 1504
21047 + 100
21048 # 1504
21048 - 100 1
21049 # 1504
21050 # 1504
21051 # 1504
21052 # 1504
21052 + 100
21053 # 1504
21053 - 100 1
21054 # 1504
21055 # 1504
21056 # 1504
21057 # 1504
21058 # 1504
21059 # 1504
21060 # 1504
21061 # 1504
21062 # 1504
21063 # 1504
21064 # 1504
21065 # 1504
21066 # 1504
21067 # 1504
21068 # 1504
21069 # 1504
21070 # 1504
21071 # 1504
21072 # 1504
21073 # 1504
21074 # 1504
21074 + 100
21075 # 1504
21075 - 100 1
21076 # 1504
21077 # 1504
21078 # 1504
21079 # 1504
21080 # 1504
21081 # 1504
21082 # 1504
21083 # 1504
21084 # 1504
21085 # 1504
21086 # 1504
21087 # 1504
21088 # 1504
21089 # 1504
21089 + 100
21089 + 100
21089 + 100
21089 + 100
21090 # 1504
21090 - 100 1
21090 - 100 1
21090 - 100 1
21090 - 100 1
21091 # 1504
21091 + 100
21092 # 1504
21092 - 100 1
21092 + 100
21093 # 1504
21093 - 100 1
21094 # 1504
21095 # 1504
21096 # 1504
21097 # 1504
21098 # 1504
21099 # 1504
21100 # 1504
21101 # 1504
21102 # 1504
21103 # 1504
21104 # 1504
21105 # 1504
21106 # 1504
21107 # 1504
21108 # 1504
21109 # 1504
21110 # 1504
21111 # 1504
21112 # 1504
21113 # 1504
21114 # 1504
21114 + 100
21114 + 100
21115 # 1504
21115 - 100 1
21115 - 100 1
21116 # 1504
21117 # 1504
21118 # 1504
21119 # 1504
21120 # 1504
21121 # 1504
21122 # 1504
21123 # 1504
21124 # 1504
21125 # 1504
21126 # 1504
21127 # 1504
21127 + 100
21127 + 100
21127 + 100
21127 + 100
21128 # 1504
21128 - 100 1
21128 - 100 1
21128 - 100 1
21128 - 100 1
21129 # 1504
21130 # 1504
21131 # 1504
21132 # 1504
21133 # 1504
21134 # 1504
21135 # 1504
21136 # 1504
21137 # 1504
21138 # 1504
21139 # 1504
21140 # 1504
21141 # 1504
21142 # 1504
21143 # 1504
21144 # 1504
21145 # 1504
21146 # 1504
21146 + 100
21146 + 100
21146 + 100
21147 # 1504
21147 - 100 1
21147 - 100 1
21147 - 100 1
21148 # 1504
21149 # 1504
21150 # 1504
21151 # 1504
21151 + 100
21151 + 100
21151 + 100
21151 + 100
21152 # 1504
21152 - 100 1
21152 - 100 1
21152 - 100 1
21152 - 100 1
21153 # 1504
21154 # 1504
21155 # 1504
21156 # 1504
21157 # 1504
21158 # 1504
21159 # 1504
21160 # 1504
21161 # 1504
21162 # 1504
21163 # 1504
21164 # 1504
21165 # 1504
21166 # 1504
21167 # 1504
21168 # 1504
21169 # 1504
21170 # 1504
21170 + 100
21171 # 1504
21171 - 100 1
21172 # 1504
21173 # 1504
21174 # 1504
21175 # 1504
21176 # 1504
21177 # 1504
21178 # 1504
21179 # 1504
21180 # 1504
21181 # 1504
21182 # 1504
21183 # 1504
21184 # 1504
21185 # 1504
21185 + 100
21185 + 100
21185 + 100
21185 + 100
21186 # 1504
21186 - 100 1
21186 - 100 1
21186 - 100 1
21186 - 100 1
21187 # 1504
21187 + 100
21188 # 1504
21188 - 100 1
21188 + 100
21189 # 1504
21189 - 100 1
21190 # 1504
21191 # 1504
21192 # 1504
21193 # 1504
21194 # 1504
21195 # 1504
21196 # 1504
21197 # 1504
21198 # 1504
21199 # 1504
21200 # 1504
21201 # 1504
21202 # 1504
21203 # 1504
21204 # 1504
21205 # 1504
21206 # 1504
21207 # 1504
21208 # 1504
21209 # 1504
21210 # 1504
21211 # 1504
21212 # 1504
21212 + 100
21212 + 100
21213 # 1504
21213 - 100 1
21213 - 100 1
21214 # 1504
21214 + 100
21215 # 1504
21215 - 100 1
21215 + 100
21216 # 1504
21216 - 100 1
21216 + 100
21217 # 1504
21217 - 100 1
21218 # 1504
21218 + 100
21219 # 1504
21219 - 100 1
21219 + 100
21219 + 100
21220 # 1504
21220 - 100 1
21220 - 100 1
21220 + 100
21221 # 1504
21221 - 100 1
21221 + 100
21222 # 1504
21222 - 100 1
21223 # 1504
21224 # 1504
21224 + 100
21224 + 100
21225 # 1504
21225 - 100 1
21225 - 100 1
21226 # 1504
21226 + 100
21227 # 1504
21227 - 100 1
21228 # 1504
21229 # 1504
21230 # 1504
21231 # 1504
21232 # 1504
21233 # 1504
21234 # 1504
21235 # 1504
21236 # 1504
21237 # 1504
21238 # 1504
21239 # 1504
21240 # 1504
21241 # 1504
21242 # 1504
21243 # 1504
21244 # 1504
21245 # 1504
21246 # 1504
21247 # 1504
21248 # 1504
21249 # 1504
21250 # 1504
21251 # 1504
21252 # 1504
21252 + 100
21253 # 1504
21253 - 100 1
21254 # 1504
21255 # 1504
21256 # 1504
21257 # 1504
21257 + 100
21257 + 100
21257 + 100
21258 # 1504
21258 - 100 1
21258 - 100 1
21258 - 100 1
21258 + 100
21258 + 100
21259 # 1504
21259 - 100 1
21259 - 100 1
21259 + 100
21260 # 1504
21260 - 100 1
21261 # 1504
21261 + 100
21262 # 1504
21262 - 100 1
21262 + 100
21263 # 1504
21263 - 100 1
21263 + 100
21263 + 100
21264 # 1504
21264 - 100 1
21264 - 100 1
21264 + 100
21265 # 1504
21265 - 100 1
21265 + 100
21266 # 1504
21266 - 100 1
21266 + 100
21267 # 1504
21267 - 100 1
21268 # 1504
21269 # 1504
21269 + 100
21270 # 1504
21270 - 100 1
21271 # 1504
21272 # 1504
21272 + 100
21273 # 1504
21273 - 100 1
21274 # 1504
21274 + 100
21275 # 1504
21275 - 100 1
21276 # 1504
21277 # 1504
21278 # 1504
21279 # 1504
21280 # 1504
21281 # 1504
21282 # 1504
21283 # 1504
21284 # 1504
21285 # 1504
21286 # 1504
21287 # 1504
21288 # 1504
21289 # 1504
21290 # 1504
21291 # 1504
21292 # 1504
21293 # 1504
21294 # 1504
21295 # 1504
21296 # 1504
21297 # 1504
21298 # 1504
21299 # 1504
21300 # 1504
21301 # 1504
21302 # 1504
21303 # 1504
21304 # 1504
21305 # 1504
21306 # 1504
21307 # 1504
21308 # 1504
21309 # 1504
21310 # 1504
21311 # 1504
21312 # 1504
21313 # 1504
21314 # 1504
21315 # 1504
21316 # 1504
21317 # 1504
21318 # 1504
21319 # 1504
21320 # 1504
21321 # 1504
21322 # 1504
21323 # 1504
21324 # 1504
21325 # 1504
21326 # 1504
21327 # 1504
21328 # 1504
21329 # 1504
21330 # 1504
21331 # 1504
21332 # 1504
21333 # 1504
21334 # 1504
21335 # 1504
21336 # 1504
21337 # 1504
21338 # 1504
21339 # 1504
21340 # 1504
21341 # 1504
21342 # 1504
21343 # 1504
21344 # 1504
21345 # 1504
21346 # 1504
21347 # 1504
21348 # 1504
21349 # 1504
21350 # 1504
21351 # 1504
21352 # 1504
21353 # 1504
21354 # 1504
21355 # 1504
21356 # 1504
21357 # 1504
21358 # 1504
21359 # 1504
21360 # 1504
21361 # 1504
21362 # 1504
21363 # 1504
21364 # 1504
21365 # 1504
21366 # 1504
21367 # 1504
21368 # 1504
21369 # 1504
21370 # 1504
21371 # 1504
21372 # 1504
21373 # 1504
21374 # 1504
21375 # 1504
21376 # 1504
21377 # 1504
21378 # 1504
21379 # 1504
21380 # 1504
21381 # 1504
21382 # 1504
21383 # 1504
21384 # 1504
21385 # 1504
21386 # 1504
21387 # 1504
21388 # 1504
21389 # 1504
21390 # 1504
21391 # 1504
21392 # 1504
21393 # 1504
21394 # 1504
21395 # 1504
21396 # 1504
21397 # 1504
21398 # 1504
21399 # 1504
21400 # 1504
21401 # 1504
21402 # 1504
21403 # 1504
21404 # 1504
21405 # 1504
21406 # 1504
21407 # 1504
21408 # 1504
21409 # 1504
21410 # 1504
21411 # 1504
21412 # 1504
21413 # 1504
21414 # 1504
21415 # 1504
21416 # 1504
21417 # 1504
21418 # 1504
21419 # 1504
21420 # 1504
21421 # 1504
21422 # 1504
21423 # 1504
21423 + 100
21424 # 1504
21424 - 100 1
21424 + 100
21425 # 1504
21425 - 100 1
21425 + 100
21426 # 1504
21426 - 100 1
21427 # 1504
21428 # 1504
21428 + 100
21428 + 100
21428 + 100
21429 # 1504
21429 - 100 1
21429 - 100 1
21429 - 100 1
21430 # 1504
21430 + 100
21430 + 100
21431 # 1504
21431 - 100 1
21431 - 100 1
21432 # 1504
21432 + 100
21433 # 1504
21433 - 100 1
21434 # 1504
21435 # 1504
21436 # 1504
21436 + 100
21436 + 100
21436 + 100
21436 + 100
21436 + 100
21437 # 1504
21437 - 100 1
21437 - 100 1
21437 - 100 1
21437 - 100 1
21437 - 100 1
21438 # 1504
21439 # 1504
21440 # 1504
21440 + 100
21440 + 100
21440 + 100
21440 + 100
21441 # 1504
21441 - 100 1
21441 - 100 1
21441 - 100 1
21441 - 100 1
21442 # 1504
21443 # 1504
21444 # 1504
21444 + 100
21444 + 100
21444 + 100
21444 + 100
21445 # 1504
21445 - 100 1
21445 - 100 1
21445 - 100 1
21445 - 100 1
21446 # 1504
21446 + 100
21446 + 100
21447 # 1504
21447 - 100 1
21447 - 100 1
21448 # 1504
21448 + 100
21449 # 1504
21449 - 100 1
21449 + 100
21450 # 1504
21450 - 100 1
21451 # 1504
21452 # 1504
21452 + 100
21452 + 100
21452 + 100
21453 # 1504
21453 - 100 1
21453 - 100 1
21453 - 100 1
21454 # 1504
21454 + 100
21454 + 100
21455 # 1504
21455 - 100 1
21455 - 100 1
21455 + 100
21456 # 1504
21456 - 100 1
21457 # 1504
21457 + 100
21457 + 100
21458 # 1504
21458 - 100 1
21458 - 100 1
21459 # 1504
21460 # 1504
21460 + 100
21460 + 100
21460 + 100
21461 # 1504
21461 - 100 1
21461 - 100 1
21461 - 100 1
21462 # 1504
21462 + 100
21462 + 100
21463 # 1504
21463 - 100 1
21463 - 100 1
21463 + 100
21464 # 1504
21464 - 100 1
21465 # 1504
21465 + 100
21466 # 1504
21466 - 100 1
21466 + 100
21466 + 100
21467 # 1504
21467 - 100 1
21467 - 100 1
21468 # 1504
21468 + 100
21469 # 1504
21469 - 100 1
21469 + 100
21469 + 100
21470 # 1504
21470 - 100 1
21470 - 100 1
21471 # 1504
21471 + 100
21471 + 100
21472 # 1504
21472 - 100 1
21472 - 100 1
21473 # 1504
21473 + 100
21474 # 1504
21474 - 100 1
21475 # 1504
21475 + 100
21475 + 100
21476 # 1504
21476 - 100 1
21476 - 100 1
21476 + 100
21477 # 1504
21477 - 100 1
21478 # 1504
21479 # 1504
21479 + 100
21479 + 100
21479 + 100
21480 # 1504
21480 - 100 1
21480 - 100 1
21480 - 100 1
21481 # 1504
21481 + 100
21481 + 100
21482 # 1504
21482 - 100 1
21482 - 100 1
21483 # 1504
21483 + 100
21483 + 100
21484 # 1504
21484 - 100 1
21484 - 100 1
21485 # 1504
21486 # 1504
21486 + 100
21486 + 100
21486 + 100
21487 # 1504
21487 - 100 1
21487 - 100 1
21487 - 100 1
21488 # 1504
21488 + 100
21488 + 100
21489 # 1504
21489 - 100 1
21489 - 100 1
21489 + 100
21490 # 1504
21490 - 100 1
21491 # 1504
21491 + 100
21491 + 100
21492 # 1504
21492 - 100 1
21492 - 100 1
21492 + 100
21493 # 1504
21493 - 100 1
21494 # 1504
21495 # 1504
21496 # 1504
21496 + 100
21497 # 1504
21497 - 100 1
21498 # 1504
21499 # 1504
21499 + 100
21500 # 1504
21500 - 100 1
21501 # 1504
21502 # 1504
21502 + 100
21503 # 1504
21503 - 100 1
21504 # 1504
21504 + 100
21505 # 1504
21505 - 100 1
21506 # 1504
21507 # 1504
21508 # 1504
21508 + 100
21509 # 1504
21509 - 100 1
21510 # 1504
21511 # 1504
21512 # 1504
21513 # 1504
21513 + 100
21514 # 1504
21514 - 100 1
21515 # 1504
21516 # 1504
21516 + 100
21517 # 1504
21517 - 100 1
21518 # 1504
21519 # 1504
21520 # 1504
21520 + 100
21521 # 1504
21521 - 100 1
21522 # 1504
21523 # 1504
21524 # 1504
21525 # 1504
21525 + 100
21526 # 1504
21526 - 100 1
21527 # 1504
21528 # 1504
21529 # 1504
21530 # 1504
21530 + 100
21531 # 1504
21531 - 100 1
21532 # 1504
21533 # 1504
21534 # 1504
21535 # 1504
21535 + 100
21536 # 1504
21536 - 100 1
21537 # 1504
21538 # 1504
21539 # 1504
21539 + 100
21540 # 1504
21540 - 100 1
21541 # 1504
21542 # 1504
21543 # 1504
21544 # 1504
21544 + 100
21545 # 1504
21545 - 100 1
21546 # 1504
21547 # 1504
21548 # 1504
21548 + 100
21549 # 1504
21549 - 100 1
21550 # 1504
21551 # 1504
21552 # 1504
21553 # 1504
21554 # 1504
21554 + 100
21555 # 1504
21555 - 100 1
21556 # 1504
21556 + 100
21557 # 1504
21557 - 100 1
21558 # 1504
21559 # 1504
21560 # 1504
21561 # 1504
21561 + 100
21562 # 1504
21562 - 100 1
21563 # 1504
21564 # 1504
21565 # 1504
21566 # 1504
21567 # 1504
21567 + 100
21568 # 1504
21568 - 100 1
21569 # 1504
21570 # 1504
21571 # 1504
21572 # 1504
21572 + 100
21573 # 1504
21573 - 100 1
21574 # 1504
21575 # 1504
21576 # 1504
21576 + 100
21577 # 1504
21577 - 100 1
21578 # 1504
21579 # 1504
21580 # 1504
21581 # 1504
21581 + 100
21582 # 1504
21582 - 100 1
21583 # 1504
21584 # 1504
21585 # 1504
21586 # 1504
21587 # 1504
21587 + 100
21588 # 1504
21588 - 100 1
21589 # 1504
21590 # 1504
21591 # 1504
21592 # 1504
21593 # 1504
21593 + 100
21594 # 1504
21594 - 100 1
21595 # 1504
21596 # 1504
21596 + 100
21597 # 1504
21597 - 100 1
21598 # 1504
21599 # 1504
21600 # 1504
21601 # 1504
21601 + 100
21602 # 1504
21602 - 100 1
21603 # 1504
21604 # 1504
21605 # 1504
21605 + 100
21606 # 1504
21606 - 100 1
21607 # 1504
21608 # 1504
21608 + 100
21609 # 1504
21609 - 100 1
21610 # 1504
21611 # 1504
21612 # 1504
21612 + 100
21613 # 1504
21613 - 100 1
21614 # 1504
21615 # 1504
21616 # 1504
21617 # 1504
21618 # 1504
21619 # 1504
21619 + 100
21620 # 1504
21620 - 100 1
21621 # 1504
21622 # 1504
21623 # 1504
21624 # 1504
21624 + 100
21625 # 1504
21625 - 100 1
21626 # 1504
21627 # 1504
21628 # 1504
21628 + 100
21629 # 1504
21629 - 100 1
21630 # 1504
21631 # 1504
21632 # 1504
21632 + 100
21633 # 1504
21633 - 100 1
21634 # 1504
21635 # 1504
21636 # 1504
21637 # 1504
21638 # 1504
21638 + 100
21639 # 1504
21639 - 100 1
21640 # 1504
21641 # 1504
21642 # 1504
21643 # 1504
21644 # 1504
21645 # 1504
21646 # 1504
21647 # 1504
21648 # 1504
21649 # 1504
21650 # 1504
21651 # 1504
21652 # 1504
21653 # 1504
21654 # 1504
21655 # 1504
21656 # 1504
21657 # 1504
21658 # 1504
21659 # 1504
21660 # 1504
21661 # 1504
21662 # 1504
21663 # 1504
21664 # 1504
21665 # 1504
21666 # 1504
21667 # 1504
21668 # 1504
21669 # 1504
21670 # 1504
21671 # 1504
21672 # 1504
21673 # 1504
21674 # 1504
21675 # 1504
21676 # 1504
21677 # 1504
21678 # 1504
21679 # 1504
21680 # 1504
21681 # 1504
21682 # 1504
21683 # 1504
21684 # 1504
21685 # 1504
21686 # 1504
21687 # 1504
21688 # 1504
21689 # 1504
21690 # 1504
21691 # 1504
21692 # 1504
21693 # 1504
21694 # 1504
21695 # 1504
21696 # 1504
21697 # 1504
21698 # 1504
21699 # 1504
21700 # 1504
21701 # 1504
21702 # 1504
21703 # 1504
21704 # 1504
21705 # 1504
21706 # 1504
21707 # 1504
21708 # 1504
21709 # 1504
21710 # 1504
21711 # 1504
21712 # 1504
21713 # 1504
21714 # 1504
21715 # 1504
21716 # 1504
21717 # 1504
21718 # 1504
21719 # 1504
21720 # 1504
21721 # 1504
21722 # 1504
21723 # 1504
21724 # 1504
21725 # 1504
21726 # 1504
21727 # 1504
21728 # 1504
21729 # 1504
21730 # 1504
21731 # 1504
21732 # 1504
21733 # 1504
21734 # 1504
21735 # 1504
21736 # 1504
21737 # 1504
21738 # 1504
21739 # 1504
21740 # 1504
21741 # 1504
21742 # 1504
21743 # 1504
21744 # 1504
21745 # 1504
21746 # 1504
21747 # 1504
21748 # 1504
21749 # 1504
21750 # 1504
21751 # 1504
21752 # 1504
21753 # 1504
21754 # 1504
21755 # 1504
21756 # 1504
21757 # 1504
21758 # 1504
21759 # 1504
21760 # 1504
21761 # 1504
21762 # 1504
21763 # 1504
21764 # 1504
21765 # 1504
21766 # 1504
21767 # 1504
21768 # 1504
21769 # 1504
21770 # 1504
21771 # 1504
21772 # 1504
21773 # 1504
21774 # 1504
21775 # 1504
21776 # 1504
21777 # 1504
21778 # 1504
21779 # 1504
21780 # 1504
21781 # 1504
21782 # 1504
21783 # 1504
21784 # 1504
21785 # 1504
21786 # 1504
21787 # 1504
21788 # 1504
21789 # 1504
21790 # 1504
21791 # 1504
21792 # 1504
21793 # 1504
21794 # 1504
21795 # 1504
21796 # 1504
21797 # 1504
21798 # 1504
21798 + 100
21799 # 1504
21799 - 100 1
21800 # 1504
21800 + 100
21801 # 1504
21801 - 100 1
21801 + 100
21802 # 1504
21802 - 100 1
21802 + 100
21803 # 1504
21803 - 100 1
21804 # 1504
21804 + 100
21804 + 100
21805 # 1504
21805 - 100 1
21805 - 100 1
21805 + 100
21806 # 1504
21806 - 100 1
21806 + 100
21807 # 1504
21807 - 100 1
21807 + 100
21808 # 1504
21808 - 100 1
21808 + 100
21809 # 1504
21809 - 100 1
21810 # 1504
21810 + 100
21810 + 100
21811 # 1504
21811 - 100 1
21811 - 100 1
21811 + 100
21812 # 1504
21812 - 100 1
21813 # 1504
21813 + 100
21813 + 100
21814 # 1504
21814 - 100 1
21814 - 100 1
21814 + 100
21815 # 1504
21815 - 100 1
21816 # 1504
21816 + 100
21816 + 100
21817 # 1504
21817 - 100 1
21817 - 100 1
21818 # 1504
21818 + 100
21819 # 1504
21819 - 100 1
21820 # 1504
21820 + 100
21820 + 100
21820 + 100
21821 # 1504
21821 - 100 1
21821 - 100 1
21821 - 100 1
21822 # 1504
21823 # 1504
21824 # 1504
21825 # 1504
21826 # 1504
21827 # 1504
21828 # 1504
21828 + 100
21828 + 100
21828 + 100
21828 + 100
21828 + 100
21828 + 100
21828 + 100
21829 # 1504
21829 - 100 1
21829 - 100 1
21829 - 100 1
21829 - 100 1
21829 - 100 1
21829 - 100 1
21829 - 100 1
21829 + 100
21830 # 1504
21830 - 100 1
21831 # 1504
21831 + 100
21831 + 100
21832 # 1504
21832 - 100 1
21832 - 100 1
21832 + 100
21833 # 1504
21833 - 100 1
21833 + 100
21834 # 1504
21834 - 100 1
21835 # 1504
21836 # 1504
21836 + 100
21836 + 100
21836 + 100
21837 # 1504
21837 - 100 1
21837 - 100 1
21837 - 100 1
21838 # 1504
21838 + 100
21838 + 100
21839 # 1504
21839 - 100 1
21839 - 100 1
21839 + 100
21840 # 1504
21840 - 100 1
21840 + 100
21841 # 1504
21841 - 100 1
21842 # 1504
21842 + 100
21842 + 100
21843 # 1504
21843 - 100 1
21843 - 100 1
21844 # 1504
21845 # 1504
21846 # 1504
21846 + 100
21847 # 1504
21847 - 100 1
21848 # 1504
21849 # 1504
21849 + 100
21850 # 1504
21850 - 100 1
21851 # 1504
21852 # 1504
21853 # 1504
21854 # 1504
21855 # 1504
21856 # 1504
21857 # 1504
21858 # 1504
21859 # 1504
21860 # 1504
21861 # 1504
21862 # 1504
21863 # 1504
21863 + 100
21864 # 1504
21864 - 100 1
21865 # 1504
21866 # 1504
21866 + 100
21866 + 100
21867 # 1504
21867 - 100 1
21867 - 100 1
21867 + 100
21868 # 1504
21868 - 100 1
21869 # 1504
21870 # 1504
21871 # 1504
21872 # 1504
21872 + 100
21873 # 1504
21873 - 100 1
21874 # 1504
21874 + 100
21875 # 1504
21875 - 100 1
21876 # 1504
21877 # 1504
21878 # 1504
21878 + 100
21879 # 1504
21879 - 100 1
21880 # 1504
21881 # 1504
21882 # 1504
21883 # 1504
21884 # 1504
21884 + 100
21885 # 1504
21885 - 100 1
21886 # 1504
21887 # 1504
21888 # 1504
21888 + 100
21889 # 1504
21889 - 100 1
21890 # 1504
21891 # 1504
21892 # 1504
21893 # 1504
21893 + 100
21894 # 1504
21894 - 100 1
21895 # 1504
21896 # 1504
21897 # 1504
21898 # 1504
21899 # 1504
21900 # 1504
21901 # 1504
21902 # 1504
21903 # 1504
21904 # 1504
21905 # 1504
21906 # 1504
21907 # 1504
21908 # 1504
21909 # 1504
21910 # 1504
21911 # 1504
21912 # 1504
21913 # 1504
21914 # 1504
21915 # 1504
21916 # 1504
21917 # 1504
21918 # 1504
21919 # 1504
21920 # 1504
21921 # 1504
21922 # 1504
21923 # 1504
21924 # 1504
21925 # 1504
21926 # 1504
21927 # 1504
21928 # 1504
21929 # 1504
21930 # 1504
21931 # 1504
21932 # 1504
21933 # 1504
21934 # 1504
21935 # 1504
21936 # 1504
21937 # 1504
21938 # 1504
21939 # 1504
21940 # 1504
21941 # 1504
21942 # 1504
21943 # 1504
21944 # 1504
21945 # 1504
21946 # 1504
21947 # 1504
21948 # 1504
21949 # 1504
21950 # 1504
21951 # 1504
21952 # 1504
21953 # 1504
21954 # 1504
21955 # 1504
21956 # 1504
21957 # 1504
21958 # 1504
21959 # 1504
21960 # 1504
21961 # 1504
21962 # 1504
21963 # 1504
21964 # 1504
21965 # 1504
21966 # 1504
21967 # 1504
21968 # 1504
21969 # 1504
21970 # 1504
21971 # 1504
21972 # 1504
21973 # 1504
21974 # 1504
21975 # 1504
21976 # 1504
21977 # 1504
21978 # 1504
21979 # 1504
21980 # 1504
21981 # 1504
21982 # 1504
21983 # 1504
21984 # 1504
21985 # 1504
21986 # 1504
21987 # 1504
21988 # 1504
21989 # 1504
21990 # 1504
21991 # 1504
21992 # 1504
21993 # 1504
21994 # 1504
21995 # 1504
21996 # 1504
21997 # 1504
21998 # 1504
21999 # 1504
22000 # 1504
22001 # 1504
22002 # 1504
22003 # 1504
22004 # 1504
22005 # 1504
22006 # 1504
22007 # 1504
22008 # 1504
22009 # 1504
22010 # 1504
22011 # 1504
22012 # 1504
22013 # 1504
22014 # 1504
22015 # 1504
22016 # 1504
22017 # 1504
22018 # 1504
22019 # 1504
22020 # 1504
22021 # 1504
22022 # 1504
22023 # 1504
22024 # 1504
22025 # 1504
22026 # 1504
22027 # 1504
22028 # 1504
22029 # 1504
22030 # 1504
22031 # 1504
22032 # 1504
22033 # 1504
22034 # 1504
22035 # 1504
22036 # 1504
22037 # 1504
22038 # 1504
22039 # 1504
22040 # 1504
22041 # 1504
22041 + 100
22041 + 100
22042 # 1504
22042 - 100 1
22042 - 100 1
22043 # 1504
22044 # 1504
22044 + 100
22044 + 100
22044 + 100
22045 # 1504
22045 - 100 1
22045 - 100 1
22045 - 100 1
22046 # 1504
22046 + 100
22047 # 1504
22047 - 100 1
22048 # 1504
22048 + 100
22048 + 100
22049 # 1504
22049 - 100 1
22049 - 100 1
22049 + 100
22049 + 100
22050 # 1504
22050 - 100 1
22050 - 100 1
22051 # 1504
22051 + 100
22051 + 100
22052 # 1504
22052 - 100 1
22052 - 100 1
22052 + 100
22053 # 1504
22053 - 100 1
22054 # 1504
22054 + 100
22054 + 100
22055 # 1504
22055 - 100 1
22055 - 100 1
22056 # 1504
22056 + 100
22056 + 100
22057 # 1504
22057 - 100 1
22057 - 100 1
22058 # 1504
22058 + 100
22058 + 100
22059 # 1504
22059 - 100 1
22059 - 100 1
22060 # 1504
22061 # 1504
22061 + 100
22061 + 100
22061 + 100
22062 # 1504
22062 - 100 1
22062 - 100 1
22062 - 100 1
22063 # 1504
22064 # 1504
22064 + 100
22064 + 100
22065 # 1504
22065 - 100 1
22065 - 100 1
22065 + 100
22066 # 1504
22066 - 100 1
22067 # 1504
22068 # 1504
22068 + 100
22068 + 100
22068 + 100
22069 # 1504
22069 - 100 1
22069 - 100 1
22069 - 100 1
22069 + 100
22070 # 1504
22070 - 100 1
22070 + 100
22071 # 1504
22071 - 100 1
22072 # 1504
22072 + 100
22072 + 100
22073 # 1504
22073 - 100 1
22073 - 100 1
22073 + 100
22074 # 1504
22074 - 100 1
22075 # 1504
22076 # 1504
22076 + 100
22076 + 100
22076 + 100
22077 # 1504
22077 - 100 1
22077 - 100 1
22077 - 100 1
22078 # 1504
22079 # 1504
22079 + 100
22079 + 100
22079 + 100
22080 # 1504
22080 - 100 1
22080 - 100 1
22080 - 100 1
22081 # 1504
22081 + 100
22082 # 1504
22082 - 100 1
22083 # 1504
22084 # 1504
22084 + 100
22085 # 1504
22085 - 100 1
22086 # 1504
22087 # 1504
22087 + 100
22088 # 1504
22088 - 100 1
22089 # 1504
22090 # 1504
22091 # 1504
22091 + 100
22092 # 1504
22092 - 100 1
22093 # 1504
22094 # 1504
22095 # 1504
22096 # 1504
22097 # 1504
22098 # 1504
22099 # 1504
22100 # 1504
22101 # 1504
22102 # 1504
22103 # 1504
22104 # 1504
22105 # 1504
22106 # 1504
22107 # 1504
22108 # 1504
22109 # 1504
22110 # 1504
22111 # 1504
22112 # 1504
22113 # 1504
22114 # 1504
22114 + 100
22115 # 1504
22115 - 100 1
22115 + 100
22116 # 1504
22116 - 100 1
22116 + 100
22117 # 1504
22117 - 100 1
22117 + 100
22118 # 1504
22118 - 100 1
22119 # 1504
22120 # 1504
22120 + 100
22120 + 100
22121 # 1504
22121 - 100 1
22121 - 100 1
22121 + 100
22122 # 1504
22122 - 100 1
22122 + 100
22123 # 1504
22123 - 100 1
22124 # 1504
22124 + 100
22125 # 1504
22125 - 100 1
22126 # 1504
22127 # 1504
22128 # 1504
22128 + 100
22129 # 1504
22129 - 100 1
22130 # 1504
22131 # 1504
22132 # 1504
22132 + 100
22133 # 1504
22133 - 100 1
22134 # 1504
22135 # 1504
22136 # 1504
22137 # 1504
22137 + 100
22138 # 1504
22138 - 100 1
22139 # 1504
22140 # 1504
22141 # 1504
22141 + 100
22142 # 1504
22142 - 100 1
22143 # 1504
22144 # 1504
22145 # 1504
22146 # 1504
22147 # 1504
22148 # 1504
22148 + 100
22149 # 1504
22149 - 100 1
22150 # 1504
22151 # 1504
22151 + 100
22152 # 1504
22152 - 100 1
22153 # 1504
22154 # 1504
22155 # 1504
22156 # 1504
22157 # 1504
22158 # 1504
22159 # 1504
22160 # 1504
22161 # 1504
22162 # 1504
22163 # 1504
22164 # 1504
22165 # 1504
22166 # 1504
22167 # 1504
22168 # 1504
22169 # 1504
22170 # 1504
22171 # 1504
22172 # 1504
22173 # 1504
22174 # 1504
22175 # 1504
22176 # 1504
22177 # 1504
22178 # 1504
22179 # 1504
22180 # 1504
22181 # 1504
22182 # 1504
22183 # 1504
22184 # 1504
22185 # 1504
22186 # 1504
22187 # 1504
22188 # 1504
22189 # 1504
22190 # 1504
22191 # 1504
22192 # 1504
22193 # 1504
22194 # 1504
22195 # 1504
22196 # 1504
22197 # 1504
22198 # 1504
22199 # 1504
22200 # 1504
22201 # 1504
22202 # 1504
22203 # 1504
22204 # 1504
22205 # 1504
22206 # 1504
22207 # 1504
22208 # 1504
22209 # 1504
22210 # 1504
22211 # 1504
22212 # 1504
22213 # 1504
22214 # 1504
22215 # 1504
22216 # 1504
22217 # 1504
22218 # 1504
22219 # 1504
22220 # 1504
22221 # 1504
22222 # 1504
22223 # 1504
22224 # 1504
22225 # 1504
22226 # 1504
22227 # 1504
22228 # 1504
22229 # 1504
22230 # 1504
22231 # 1504
22232 # 1504
22233 # 1504
22234 # 1504
22235 # 1504
22236 # 1504
22237 # 1504
22238 # 1504
22239 # 1504
22240 # 1504
22241 # 1504
22242 # 1504
22243 # 1504
22244 # 1504
22245 # 1504
22246 # 1504
22247 # 1504
22248 # 1504
22249 # 1504
22250 # 1504
22251 # 1504
22252 # 1504
22253 # 1504
22254 # 1504
22255 # 1504
22256 # 1504
22257 # 1504
22258 # 1504
22259 # 1504
22260 # 1504
22261 # 1504
22262 # 1504
22263 # 1504
22264 # 1504
22265 # 1504
22266 # 1504
22267 # 1504
22268 # 1504
22269 # 1504
22270 # 1504
22271 # 1504
22272 # 1504
22273 # 1504
22274 # 1504
22275 # 1504
22276 # 1504
22277 # 1504
22278 # 1504
22279 # 1504
22280 # 1504
22281 # 1504
22282 # 1504
22283 # 1504
22284 # 1504
22285 # 1504
22286 # 1504
22287 # 1504
22288 # 1504
22289 # 1504
22290 # 1504
22291 # 1504
22292 # 1504
22293 # 1504
22294 # 1504
22295 # 1504
22296 # 1504
22297 # 1504
22298 # 1504
22299 # 1504
22300 # 1504
22301 # 1504
22302 # 1504
22303 # 1504
22304 # 1504
22305 # 1504
22306 # 1504
22307 # 1504
22308 # 1504
22309 # 1504
22310 # 1504
22311 # 1504
22312 # 1504
22313 # 1504
22314 # 1504
22315 # 1504
22316 # 1504
22317 # 1504
22318 # 1504
22319 # 1504
22320 # 1504
22321 # 1504
22322 # 1504
22323 # 1504
22324 # 1504
22325 # 1504
22326 # 1504
22327 # 1504
22328 # 1504
22329 # 1504
22330 # 1504
22331 # 1504
22332 # 1504
22333 # 1504
22334 # 1504
22335 # 1504
22336 # 1504
22337 # 1504
22338 # 1504
22339 # 1504
22340 # 1504
22341 # 1504
22342 # 1504
22343 # 1504
22344 # 1504
22345 # 1504
22346 # 1504
22347 # 1504
22348 # 1504
22349 # 1504
22350 # 1504
22351 # 1504
22352 # 1504
22353 # 1504
22354 # 1504
22355 # 1504
22356 # 1504
22357 # 1504
22358 # 1504
22359 # 1504
22360 # 1504
22361 # 1504
22362 # 1504
22363 # 1504
22364 # 1504
22365 # 1504
22366 # 1504
22367 # 1504
22368 # 1504
22369 # 1504
22370 # 1504
22371 # 1504
22372 # 1504
22372 + 100
22373 # 1504
22373 - 100 1
22374 # 1504
22374 + 100
22375 # 1504
22375 - 100 1
22375 + 100
22376 # 1504
22376 - 100 1
22376 + 100
22377 # 1504
22377 - 100 1
22378 # 1504
22378 + 100
22379 # 1504
22379 - 100 1
22380 # 1504
22380 + 100
22380 + 100
22380 + 100
22381 # 1504
22381 - 100 1
22381 - 100 1
22381 - 100 1
22382 # 1504
22382 + 100
22383 # 1504
22383 - 100 1
22383 + 100
22383 + 100
22384 # 1504
22384 - 100 1
22384 - 100 1
22384 + 100
22385 # 1504
22385 - 100 1
22386 # 1504
22387 # 1504
22388 # 1504
22389 # 1504
22390 # 1504
22391 # 1504
22392 # 1504
22393 # 1504
22394 # 1504
22395 # 1504
22396 # 1504
22397 # 1504
22398 # 1504
22399 # 1504
22400 # 1504
22401 # 1504
22402 # 1504
22403 # 1504
22404 # 1504
22405 # 1504
22405 + 100
22405 + 100
22405 + 100
22405 + 100
22405 + 100
22405 + 100
22405 + 100
22405 + 100
22405 + 100
22405 + 100
22405 + 100
22405 + 100
22405 + 100
22405 + 100
22405 + 100
22405 + 100
22405 + 100
22405 + 100
22405 + 100
22405 + 100
22406 # 1504
22406 - 100 1
22406 - 100 1
22406 - 100 1
22406 - 100 1
22406 - 100 1
22406 - 100 1
22406 - 100 1
22406 - 100 1
22406 - 100 1
22406 - 100 1
22406 - 100 1
22406 - 100 1
22406 - 100 1
22406 - 100 1
22406 - 100 1
22407 # 1504
22407 - 100 2
22407 - 100 2
22407 - 100 2
22407 - 100 2
22407 - 100 2
22407 + 100
22407 + 100
22408 # 1504
22408 - 100 1
22408 - 100 1
22408 + 100
22409 # 1504
22409 - 100 1
22410 # 1504
22410 + 100
22410 + 100
22411 # 1504
22411 - 100 1
22411 - 100 1
22412 # 1504
22412 + 100
22412 + 100
22413 # 1504
22413 - 100 1
22413 - 100 1
22414 # 1504
22414 + 100
22415 # 1504
22415 - 100 1
22415 + 100
22415 + 100
22416 # 1504
22416 - 100 1
22416 - 100 1
22416 + 100
22417 # 1504
22417 - 100 1
22418 # 1504
22419 # 1504
22420 # 1504
22421 # 1504
22422 # 1504
22423 # 1504
22424 # 1504
22425 # 1504
22426 # 1504
22427 # 1504
22428 # 1504
22429 # 1504
22430 # 1504
22431 # 1504
22432 # 1504
22433 # 1504
22434 # 1504
22435 # 1504
22436 # 1504
22437 # 1504
22438 # 1504
22439 # 1504
22440 # 1504
22441 # 1504
22442 # 1504
22443 # 1504
22444 # 1504
22445 # 1504
22446 # 1504
22447 # 1504
22448 # 1504
22449 # 1504
22450 # 1504
22451 # 1504
22452 # 1504
22453 # 1504
22454 # 1504
22455 # 1504
22456 # 1504
22457 # 1504
22458 # 1504
22459 # 1504
22460 # 1504
22461 # 1504
22462 # 1504
22463 # 1504
22464 # 1504
22465 # 1504
22466 # 1504
22466 + 100
22466 + 100
22466 + 100
22466 + 100
22466 + 100
22466 + 100
22467 # 1504
22467 - 100 1
22467 - 100 1
22467 - 100 1
22467 - 100 1
22467 - 100 1
22467 - 100 1
22467 + 100
22468 # 1504
22468 - 100 1
22468 + 100
22469 # 1504
22469 - 100 1
22469 + 100
22470 # 1504
22470 - 100 1
22471 # 1504
22472 # 1504
22472 + 100
22472 + 100
22472 + 100
22473 # 1504
22473 - 100 1
22473 - 100 1
22473 - 100 1
22473 + 100
22474 # 1504
22474 - 100 1
22474 + 100
22475 # 1504
22475 - 100 1
22476 # 1504
22476 + 100
22476 + 100
22477 # 1504
22477 - 100 1
22477 - 100 1
22477 + 100
22478 # 1504
22478 - 100 1
22478 + 100
22479 # 1504
22479 - 100 1
22479 + 100
22480 # 1504
22480 - 100 1
22480 + 100
22481 # 1504
22481 - 100 1
22482 # 1504
22482 + 100
22483 # 1504
22483 - 100 1
22484 # 1504
22484 + 100
22484 + 100
22485 # 1504
22485 - 100 1
22485 - 100 1
22486 # 1504
22486 + 100
22487 # 1504
22487 - 100 1
22488 # 1504
22489 # 1504
22489 + 100
22490 # 1504
22490 - 100 1
22491 # 1504
22492 # 1504
22492 + 100
22493 # 1504
22493 - 100 1
22494 # 1504
22494 + 100
22495 # 1504
22495 - 100 1
22496 # 1504
22496 + 100
22497 # 1504
22497 - 100 1
22498 # 1504
22499 # 1504
22500 # 1504
22500 + 100
22501 # 1504
22501 - 100 1
22502 # 1504
22503 # 1504
22504 # 1504
22504 + 100
22505 # 1504
22505 - 100 1
22505 + 100
22506 # 1504
22506 - 100 1
22507 # 1504
22508 # 1504
22508 + 100
22509 # 1504
22509 - 100 1
22510 # 1504
22510 + 100
22511 # 1504
22511 - 100 1
22512 # 1504
22512 + 100
22513 # 1504
22513 - 100 1
22514 # 1504
22515 # 1504
22516 # 1504
22516 + 100
22517 # 1504
22517 - 100 1
22518 # 1504
22519 # 1504
22520 # 1504
22520 + 100
22521 # 1504
22521 - 100 1
22522 # 1504
22523 # 1504
22524 # 1504
22524 + 100
22525 # 1504
22525 - 100 1
22526 # 1504
22527 # 1504
22527 + 100
22528 # 1504
22528 - 100 1
22529 # 1504
22530 # 1504
22531 # 1504
22532 # 1504
22532 + 100
22533 # 1504
22533 - 100 1
22534 # 1504
22534 + 100
22535 # 1504
22535 - 100 1
22536 # 1504
22537 # 1504
22537 + 100
22538 # 1504
22538 - 100 1
22539 # 1504
22540 # 1504
22541 # 1504
22541 + 100
22542 # 1504
22542 - 100 1
22543 # 1504
22544 # 1504
22544 + 100
22545 # 1504
22545 - 100 1
22546 # 1504
22547 # 1504
22548 # 1504
22548 + 100
22549 # 1504
22549 - 100 1
22550 # 1504
22551 # 1504
22552 # 1504
22552 + 100
22553 # 1504
22553 - 100 1
22554 # 1504
22555 # 1504
22556 # 1504
22557 # 1504
22558 # 1504
22559 # 1504
22560 # 1504
22561 # 1504
22562 # 1504
22563 # 1504
22564 # 1504
22565 # 1504
22566 # 1504
22567 # 1504
22568 # 1504
22569 # 1504
22570 # 1504
22571 # 1504
22572 # 1504
22573 # 1504
22574 # 1504
22575 # 1504
22576 # 1504
22577 # 1504
22578 # 1504
22579 # 1504
22580 # 1504
22581 # 1504
22582 # 1504
22583 # 1504
22584 # 1504
22585 # 1504
22586 # 1504
22587 # 1504
22588 # 1504
22589 # 1504
22590 # 1504
22591 # 1504
22592 # 1504
22593 # 1504
22594 # 1504
22595 # 1504
22596 # 1504
22597 # 1504
22598 # 1504
22599 # 1504
22600 # 1504
22601 # 1504
22602 # 1504
22603 # 1504
22604 # 1504
22605 # 1504
22606 # 1504
22607 # 1504
22608 # 1504
22609 # 1504
22609 + 100
22609 + 100
22610 # 1504
22610 - 100 1
22610 - 100 1
22610 + 100
22611 # 1504
22611 - 100 1
22611 + 100
22612 # 1504
22612 - 100 1
22613 # 1504
22614 # 1504
22615 # 1504
22616 # 1504
22617 # 1504
22618 # 1504
22619 # 1504
22620 # 1504
22621 # 1504
22622 # 1504
22623 # 1504
22624 # 1504
22625 # 1504
22626 # 1504
22627 # 1504
22628 # 1504
22628 + 100
22628 + 100
22628 + 100
22628 + 100
22628 + 100
22628 + 100
22628 + 100
22628 + 100
22628 + 100
22629 # 1504
22629 - 100 1
22629 - 100 1
22629 - 100 1
22629 - 100 1
22629 - 100 1
22629 - 100 1
22629 - 100 1
22629 - 100 1
22629 - 100 1
22629 + 100
22630 # 1504
22630 - 100 1
22631 # 1504
22632 # 1504
22632 + 100
22632 + 100
22633 # 1504
22633 - 100 1
22633 - 100 1
22634 # 1504
22635 # 1504
22635 + 100
22636 # 1504
22636 - 100 1
22637 # 1504
22638 # 1504
22639 # 1504
22640 # 1504
22641 # 1504
22642 # 1504
22643 # 1504
22644 # 1504
22645 # 1504
22646 # 1504
22647 # 1504
22648 # 1504
22649 # 1504
22650 # 1504
22651 # 1504
22652 # 1504
22653 # 1504
22654 # 1504
22655 # 1504
22656 # 1504
22657 # 1504
22658 # 1504
22659 # 1504
22660 # 1504
22661 # 1504
22662 # 1504
22663 # 1504
22664 # 1504
22665 # 1504
22666 # 1504
22667 # 1504
22668 # 1504
22669 # 1504
22670 # 1504
22671 # 1504
22672 # 1504
22673 # 1504
22674 # 1504
22675 # 1504
22676 # 1504
22677 # 1504
22678 # 1504
22679 # 1504
22680 # 1504
22681 # 1504
22682 # 1504
22683 # 1504
22684 # 1504
22685 # 1504
22686 # 1504
22687 # 1504
22688 # 1504
22689 # 1504
22690 # 1504
22691 # 1504
22692 # 1504
22692 + 100
22693 # 1504
22693 - 100 1
22694 # 1504
22695 # 1504
22695 + 100
22695 + 100
22696 # 1504
22696 - 100 1
22696 - 100 1
22696 + 100
22697 # 1504
22697 - 100 1
22698 # 1504
22698 + 100
22698 + 100
22699 # 1504
22699 - 100 1
22699 - 100 1
22699 + 100
22700 # 1504
22700 - 100 1
22701 # 1504
22701 + 100
22701 + 100
22702 # 1504
22702 - 100 1
22702 - 100 1
22703 # 1504
22704 # 1504
22705 # 1504
22706 # 1504
22707 # 1504
22708 # 1504
22709 # 1504
22710 # 1504
22711 # 1504
22712 # 1504
22713 # 1504
22714 # 1504
22714 + 100
22714 + 100
22714 + 100
22714 + 100
22714 + 100
22714 + 100
22714 + 100
22714 + 100
22715 # 1504
22715 - 100 1
22715 - 100 1
22715 - 100 1
22715 - 100 1
22715 - 100 1
22715 - 100 1
22715 - 100 1
22715 - 100 1
22716 # 1504
22716 + 100
22717 # 1504
22717 - 100 1
22717 + 100
22718 # 1504
22718 - 100 1
22719 # 1504
22719 + 100
22720 # 1504
22720 - 100 1
22720 + 100
22721 # 1504
22721 - 100 1
22722 # 1504
22723 # 1504
22724 # 1504
22724 + 100
22725 # 1504
22725 - 100 1
22726 # 1504
22727 # 1504
22728 # 1504
22728 + 100
22729 # 1504
22729 - 100 1
22730 # 1504
22731 # 1504
22732 # 1504
22733 # 1504
22734 # 1504
22735 # 1504
22736 # 1504
22737 # 1504
22738 # 1504
22739 # 1504
22740 # 1504
22741 # 1504
22742 # 1504
22743 # 1504
22744 # 1504
22745 # 1504
22746 # 1504
22747 # 1504
22748 # 1504
22749 # 1504
22750 # 1504
22751 # 1504
22752 # 1504
22753 # 1504
22754 # 1504
22755 # 1504
22756 # 1504
22757 # 1504
22758 # 1504
22759 # 1504
22760 # 1504
22761 # 1504
22762 # 1504
22763 # 1504
22764 # 1504
22765 # 1504
22766 # 1504
22767 # 1504
22768 # 1504
22769 # 1504
22770 # 1504
22771 # 1504
22772 # 1504
22773 # 1504
22774 # 1504
22775 # 1504
22776 # 1504
22777 # 1504
22778 # 1504
22779 # 1504
22780 # 1504
22781 # 1504
22782 # 1504
22783 # 1504
22784 # 1504
22785 # 1504
22786 # 1504
22787 # 1504
22788 # 1504
22789 # 1504
22790 # 1504
22791 # 1504
22792 # 1504
22793 # 1504
22794 # 1504
22795 # 1504
22796 # 1504
22797 # 1504
22798 # 1504
22799 # 1504
22800 # 1504
22801 # 1504
22802 # 1504
22803 # 1504
22804 # 1504
22804 + 100
22805 # 1504
22805 - 100 1
22806 # 1504
22806 + 100
22807 # 1504
22807 - 100 1
22808 # 1504
22808 + 100
22808 + 100
22809 # 1504
22809 - 100 1
22809 - 100 1
22809 + 100
22810 # 1504
22810 - 100 1
22811 # 1504
22811 + 100
22812 # 1504
22812 - 100 1
22813 # 1504
22813 + 100
22813 + 100
22814 # 1504
22814 - 100 1
22814 - 100 1
22814 + 100
22814 + 100
22815 # 1504
22815 - 100 1
22815 - 100 1
22815 + 100
22816 # 1504
22816 - 100 1
22817 # 1504
22817 + 100
22818 # 1504
22818 - 100 1
22818 + 100
22818 + 100
22819 # 1504
22819 - 100 1
22819 - 100 1
22819 + 100
22820 # 1504
22820 - 100 1
22820 + 100
22821 # 1504
22821 - 100 1
22821 + 100
22822 # 1504
22822 - 100 1
22822 + 100
22823 # 1504
22823 - 100 1
22824 # 1504
22824 + 100
22825 # 1504
22825 - 100 1
22826 # 1504
22826 + 100
22826 + 100
22826 + 100
22827 # 1504
22827 - 100 1
22827 - 100 1
22827 - 100 1
22828 # 1504
22828 + 100
22828 + 100
22829 # 1504
22829 - 100 1
22829 - 100 1
22830 # 1504
22830 + 100
22831 # 1504
22831 - 100 1
22832 # 1504
22833 # 1504
22834 # 1504
22835 # 1504
22836 # 1504
22837 # 1504
22838 # 1504
22839 # 1504
22840 # 1504
22841 # 1504
22842 # 1504
22843 # 1504
22844 # 1504
22845 # 1504
22846 # 1504
22847 # 1504
22848 # 1504
22849 # 1504
22850 # 1504
22851 # 1504
22852 # 1504
22853 # 1504
22854 # 1504
22855 # 1504
22856 # 1504
22857 # 1504
22858 # 1504
22859 # 1504
22860 # 1504
22861 # 1504
22862 # 1504
22862 + 100
22863 # 1504
22863 - 100 1
22864 # 1504
22865 # 1504
22866 # 1504
22867 # 1504
22867 + 100
22867 + 100
22867 + 100
22868 # 1504
22868 - 100 1
22868 - 100 1
22868 - 100 1
22868 + 100
22869 # 1504
22869 - 100 1
22870 # 1504
22871 # 1504
22872 # 1504
22873 # 1504
22874 # 1504
22875 # 1504
22876 # 1504
22877 # 1504
22878 # 1504
22879 # 1504
22880 # 1504
22881 # 1504
22882 # 1504
22883 # 1504
22884 # 1504
22885 # 1504
22886 # 1504
22887 # 1504
22888 # 1504
22889 # 1504
22890 # 1504
22891 # 1504
22892 # 1504
22893 # 1504
22894 # 1504
22895 # 1504
22896 # 1504
22897 # 1504
22898 # 1504
22899 # 1504
22900 # 1504
22901 # 1504
22902 # 1504
22903 # 1504
22904 # 1504
22905 # 1504
22906 # 1504
22907 # 1504
22908 # 1504
22909 # 1504
22910 # 1504
22911 # 1504
22912 # 1504
22913 # 1504
22914 # 1504
22915 # 1504
22916 # 1504
22917 # 1504
22918 # 1504
22919 # 1504
22920 # 1504
22921 # 1504
22922 # 1504
22923 # 1504
22924 # 1504
22925 # 1504
22926 # 1504
22927 # 1504
22928 # 1504
22929 # 1504
22930 # 1504
22931 # 1504
22932 # 1504
22933 # 1504
22934 # 1504
22935 # 1504
22936 # 1504
22937 # 1504
22938 # 1504
22939 # 1504
22940 # 1504
22941 # 1504
22941 + 100
22941 + 100
22941 + 100
22941 + 100
22941 + 100
22941 + 100
22942 # 1504
22942 - 100 1
22942 - 100 1
22942 - 100 1
22942 - 100 1
22942 - 100 1
22942 - 100 1
22943 # 1504
22943 + 100
22944 # 1504
22944 - 100 1
22944 + 100
22945 # 1504
22945 - 100 1
22946 # 1504
22947 # 1504
22948 # 1504
22948 + 100
22948 + 100
22948 + 100
22948 + 100
22949 # 1504
22949 - 100 1
22949 - 100 1
22949 - 100 1
22949 - 100 1
22949 + 100
22950 # 1504
22950 - 100 1
22951 # 1504
22952 # 1504
22952 + 100
22952 + 100
22952 + 100
22953 # 1504
22953 - 100 1
22953 - 100 1
22953 - 100 1
22954 # 1504
22955 # 1504
22956 # 1504
22957 # 1504
22958 # 1504
22959 # 1504
22960 # 1504
22961 # 1504
22962 # 1504
22963 # 1504
22964 # 1504
22965 # 1504
22966 # 1504
22967 # 1504
22968 # 1504
22969 # 1504
22970 # 1504
22971 # 1504
22972 # 1504
22973 # 1504
22974 # 1504
22975 # 1504
22976 # 1504
22977 # 1504
22978 # 1504
22979 # 1504
22980 # 1504
22981 # 1504
22981 + 100
22981 + 100
22981 + 100
22981 + 100
22981 + 100
22981 + 100
22981 + 100
22981 + 100
22982 # 1504
22982 - 100 1
22982 - 100 1
22982 - 100 1
22982 - 100 1
22982 - 100 1
22982 - 100 1
22982 - 100 1
22982 - 100 1
22982 + 100
22983 # 1504
22983 - 100 1
22983 + 100
22984 # 1504
22984 - 100 1
22984 + 100
22985 # 1504
22985 - 100 1
22986 # 1504
22986 + 100
22986 + 100
22987 # 1504
22987 - 100 1
22987 - 100 1
22988 # 1504
22988 + 100
22988 + 100
22989 # 1504
22989 - 100 1
22989 - 100 1
22990 # 1504
22990 + 100
22990 + 100
22991 # 1504
22991 - 100 1
22991 - 100 1
22992 # 1504
22993 # 1504
22993 + 100
22994 # 1504
22994 - 100 1
22995 # 1504
22996 # 1504
22997 # 1504
22998 # 1504
22999 # 1504
23000 # 1504
23001 # 1504
23002 # 1504
23003 # 1504
23004 # 1504
23005 # 1504
23006 # 1504
23007 # 1504
23008 # 1504
23009 # 1504
23010 # 1504
23011 # 1504
23012 # 1504
23013 # 1504
23014 # 1504
23015 # 1504
23015 + 100
23016 # 1504
23016 - 100 1
23017 # 1504
23018 # 1504
23018 + 100
23019 # 1504
23019 - 100 1
23020 # 1504
23020 + 100
23020 + 100
23020 + 100
23021 # 1504
23021 - 100 1
23021 - 100 1
23021 - 100 1
23022 # 1504
23022 + 100
23022 + 100
23023 # 1504
23023 - 100 1
23023 - 100 1
23024 # 1504
23024 + 100
23025 # 1504
23025 - 100 1
23026 # 1504
23027 # 1504
23028 # 1504
23028 + 100
23029 # 1504
23029 - 100 1
23030 # 1504
23031 # 1504
23032 # 1504
23033 # 1504
23033 + 100
23034 # 1504
23034 - 100 1
23035 # 1504
23036 # 1504
23037 # 1504
23038 # 1504
23039 # 1504
23040 # 1504
23041 # 1504
23042 # 1504
23043 # 1504
23044 # 1504
23045 # 1504
23046 # 1504
23047 # 1504
23048 # 1504
23049 # 1504
23050 # 1504
23051 # 1504
23052 # 1504
23053 # 1504
23054 # 1504
23055 # 1504
23056 # 1504
23057 # 1504
23058 # 1504
23059 # 1504
23060 # 1504
23061 # 1504
23062 # 1504
23063 # 1504
23064 # 1504
23065 # 1504
23066 # 1504
23067 # 1504
23068 # 1504
23069 # 1504
23070 # 1504
23071 # 1504
23072 # 1504
23073 # 1504
23073 + 100
23074 # 1504
23074 - 100 1
23075 # 1504
23075 + 100
23076 # 1504
23076 - 100 1
23077 # 1504
23077 + 100
23077 + 100
23078 # 1504
23078 - 100 1
23078 - 100 1
23079 # 1504
23080 # 1504
23080 + 100
23080 + 100
23080 + 100
23081 # 1504
23081 - 100 1
23081 - 100 1
23081 - 100 1
23082 # 1504
23082 + 100
23082 + 100
23083 # 1504
23083 - 100 1
23083 - 100 1
23084 # 1504
23084 + 100
23084 + 100
23085 # 1504
23085 - 100 1
23085 - 100 1
23086 # 1504
23087 # 1504
23088 # 1504
23089 # 1504
23089 + 100
23090 # 1504
23090 - 100 1
23091 # 1504
23092 # 1504
23093 # 1504
23094 # 1504
23095 # 1504
23096 # 1504
23096 + 100
23097 # 1504
23097 - 100 1
23098 # 1504
23099 # 1504
23100 # 1504
23101 # 1504
23102 # 1504
23103 # 1504
23104 # 1504
23105 # 1504
23106 # 1504
23107 # 1504
23108 # 1504
23109 # 1504
23110 # 1504
23111 # 1504
23112 # 1504
23113 # 1504
23114 # 1504
23115 # 1504
23116 # 1504
23117 # 1504
23118 # 1504
23119 # 1504
23120 # 1504
23121 # 1504
23122 # 1504
23123 # 1504
23124 # 1504
23125 # 1504
23126 # 1504
23127 # 1504
23128 # 1504
23129 # 1504
23130 # 1504
23131 # 1504
23132 # 1504
23133 # 1504
23134 # 1504
23135 # 1504
23136 # 1504
23137 # 1504
23138 # 1504
23139 # 1504
23140 # 1504
23141 # 1504
23142 # 1504
23143 # 1504
23144 # 1504
23145 # 1504
23146 # 1504
23147 # 1504
23148 # 1504
23149 # 1504
23150 # 1504
23151 # 1504
23152 # 1504
23153 # 1504
23154 # 1504
23155 # 1504
23156 # 1504
23157 # 1504
23158 # 1504
23159 # 1504
23160 # 1504
23161 # 1504
23162 # 1504
23163 # 1504
23164 # 1504
23165 # 1504
23166 # 1504
23167 # 1504
23168 # 1504
23169 # 1504
23170 # 1504
23171 # 1504
23172 # 1504
23173 # 1504
23174 # 1504
23175 # 1504
23176 # 1504
23177 # 1504
23178 # 1504
23179 # 1504
23180 # 1504
23181 # 1504
23182 # 1504
23183 # 1504
23184 # 1504
23185 # 1504
23186 # 1504
23187 # 1504
23188 # 1504
23189 # 1504
23190 # 1504
23191 # 1504
23192 # 1504
23193 # 1504
23194 # 1504
23195 # 1504
23196 # 1504
23197 # 1504
23198 # 1504
23199 # 1504
23200 # 1504
23201 # 1504
23202 # 1504
23203 # 1504
23204 # 1504
23205 # 1504
23206 # 1504
23207 # 1504
23208 # 1504
23209 # 1504
23210 # 1504
23211 # 1504
23212 # 1504
23213 # 1504
23214 # 1504
23215 # 1504
23216 # 1504
23217 # 1504
23218 # 1504
23219 # 1504
23220 # 1504
23221 # 1504
23222 # 1504
23223 # 1504
23224 # 1504
23225 # 1504
23226 # 1504
23227 # 1504
23228 # 1504
23229 # 1504
23230 # 1504
23231 # 1504
23232 # 1504
23233 # 1504
23234 # 1504
23235 # 1504
23236 # 1504
23237 # 1504
23238 # 1504
23239 # 1504
23240 # 1504
23241 # 1504
23242 # 1504
23243 # 1504
23244 # 1504
23245 # 1504
23246 # 1504
23247 # 1504
23248 # 1504
23249 # 1504
23250 # 1504
23251 # 1504
23252 # 1504
23253 # 1504
23253 + 100
23254 # 1504
23254 - 100 1
23255 # 1504
23255 + 100
23255 + 100
23256 # 1504
23256 - 100 1
23256 - 100 1
23257 # 1504
23257 + 100
23258 # 1504
23258 - 100 1
23258 + 100
23259 # 1504
23259 - 100 1
23259 + 100
23259 + 100
23260 # 1504
23260 - 100 1
23260 - 100 1
23261 # 1504
23261 + 100
23261 + 100
23262 # 1504
23262 - 100 1
23262 - 100 1
23263 # 1504
23263 + 100
23263 + 100
23264 # 1504
23264 - 100 1
23264 - 100 1
23264 + 100
23265 # 1504
23265 - 100 1
23266 # 1504
23266 + 100
23267 # 1504
23267 - 100 1
23267 + 100
23268 # 1504
23268 - 100 1
23268 + 100
23268 + 100
23269 # 1504
23269 - 100 1
23269 - 100 1
23269 + 100
23270 # 1504
23270 - 100 1
23271 # 1504
23272 # 1504
23273 # 1504
23273 + 100
23273 + 100
23273 + 100
23274 # 1504
23274 - 100 1
23274 - 100 1
23274 - 100 1
23274 + 100
23274 + 100
23275 # 1504
23275 - 100 1
23275 - 100 1
23276 # 1504
23276 + 100
23276 + 100
23277 # 1504
23277 - 100 1
23277 - 100 1
23278 # 1504
23279 # 1504
23280 # 1504
23281 # 1504
23282 # 1504
23283 # 1504
23284 # 1504
23285 # 1504
23286 # 1504
23287 # 1504
23288 # 1504
23289 # 1504
23290 # 1504
23291 # 1504
23292 # 1504
23293 # 1504
23294 # 1504
23295 # 1504
23296 # 1504
23297 # 1504
23298 # 1504
23299 # 1504
23300 # 1504
23301 # 1504
23302 # 1504
23303 # 1504
23304 # 1504
23305 # 1504
23306 # 1504
23307 # 1504
23308 # 1504
23309 # 1504
23310 # 1504
23311 # 1504
23312 # 1504
23313 # 1504
23314 # 1504
23315 # 1504
23315 + 100
23315 + 100
23315 + 100
23315 + 100
23315 + 100
23315 + 100
23315 + 100
23315 + 100
23315 + 100
23315 + 100
23315 + 100
23315 + 100
23315 + 100
23315 + 100
23315 + 100
23316 # 1504
23316 - 100 1
23316 - 100 1
23316 - 100 1
23316 - 100 1
23316 - 100 1
23316 - 100 1
23316 - 100 1
23316 - 100 1
23316 - 100 1
23316 - 100 1
23316 - 100 1
23316 - 100 1
23316 - 100 1
23316 - 100 1
23316 - 100 1
23317 # 1504
23317 + 100
23318 # 1504
23318 - 100 1
23319 # 1504
23320 # 1504
23321 # 1504
23322 # 1504
23323 # 1504
23324 # 1504
23325 # 1504
23326 # 1504
23327 # 1504
23328 # 1504
23329 # 1504
23330 # 1504
23331 # 1504
23332 # 1504
23333 # 1504
23334 # 1504
23335 # 1504
23336 # 1504
23337 # 1504
23338 # 1504
23339 # 1504
23340 # 1504
23341 # 1504
23342 # 1504
23343 # 1504
23344 # 1504
23345 # 1504
23346 # 1504
23347 # 1504
23348 # 1504
23349 # 1504
23350 # 1504
23351 # 1504
23352 # 1504
23353 # 1504
23354 # 1504
23355 # 1504
23356 # 1504
23357 # 1504
23358 # 1504
23359 # 1504
23360 # 1504
23361 # 1504
23362 # 1504
23363 # 1504
23364 # 1504
23365 # 1504
23366 # 1504
23367 # 1504
23368 # 1504
23369 # 1504
23370 # 1504
23371 # 1504
23372 # 1504
23373 # 1504
23374 # 1504
23375 # 1504
23376 # 1504
23377 # 1504
23378 # 1504
23379 # 1504
23380 # 1504
23381 # 1504
23382 # 1504
23383 # 1504
23384 # 1504
23385 # 1504
23386 # 1504
23387 # 1504
23388 # 1504
23389 # 1504
23390 # 1504
23391 # 1504
23392 # 1504
23393 # 1504
23394 # 1504
23395 # 1504
23396 # 1504
23397 # 1504
23398 # 1504
23399 # 1504
23400 # 1504
23401 # 1504
23402 # 1504
23403 # 1504
23404 # 1504
23405 # 1504
23406 # 1504
23407 # 1504
23408 # 1504
23409 # 1504
23410 # 1504
23411 # 1504
23412 # 1504
23413 # 1504
23414 # 1504
23415 # 1504
23416 # 1504
23417 # 1504
23418 # 1504
23419 # 1504
23420 # 1504
23421 # 1504
23422 # 1504
23423 # 1504
23424 # 1504
23425 # 1504
23426 # 1504
23427 # 1504
23428 # 1504
23429 # 1504
23430 # 1504
23431 # 1504
23432 # 1504
23433 # 1504
23434 # 1504
23435 # 1504
23436 # 1504
23437 # 1504
23438 # 1504
23439 # 1504
23440 # 1504
23441 # 1504
23442 # 1504
23443 # 1504
23444 # 1504
23445 # 1504
23446 # 1504
23447 # 1504
23448 # 1504
23449 # 1504
23450 # 1504
23451 # 1504
23452 # 1504
23453 # 1504
23454 # 1504
23455 # 1504
23456 # 1504
23457 # 1504
23458 # 1504
23459 # 1504
23460 # 1504
23461 # 1504
23462 # 1504
23463 # 1504
23464 # 1504
23465 # 1504
23466 # 1504
23467 # 1504
23468 # 1504
23469 # 1504
23470 # 1504
23471 # 1504
23472 # 1504
23473 # 1504
23474 # 1504
23475 # 1504
23476 # 1504
23477 # 1504
23478 # 1504
23479 # 1504
23480 # 1504
23481 # 1504
23482 # 1504
23483 # 1504
23484 # 1504
23485 # 1504
23486 # 1504
23487 # 1504
23488 # 1504
23489 # 1504
23490 # 1504
23491 # 1504
23492 # 1504
23493 # 1504
23494 # 1504
23495 # 1504
23496 # 1504
23497 # 1504
23498 # 1504
23499 # 1504
23500 # 1504
23501 # 1504
23502 # 1504
23503 # 1504
23504 # 1504
23505 # 1504
23506 # 1504
23506 + 100
23506 + 100
23506 + 100
23506 + 100
23506 + 100
23506 + 100
23506 + 100
23506 + 100
23506 + 100
23506 + 100
23507 # 1504
23507 - 100 1
23507 - 100 1
23507 - 100 1
23507 - 100 1
23507 - 100 1
23507 - 100 1
23507 - 100 1
23507 - 100 1
23507 - 100 1
23507 - 100 1
23508 # 1504
23508 + 100
23508 + 100
23509 # 1504
23509 - 100 1
23509 - 100 1
23510 # 1504
23511 # 1504
23512 # 1504
23513 # 1504
23514 # 1504
23515 # 1504
23516 # 1504
23517 # 1504
23518 # 1504
23519 # 1504
23520 # 1504
23521 # 1504
23522 # 1504
23523 # 1504
23524 # 1504
23525 # 1504
23526 # 1504
23527 # 1504
23528 # 1504
23529 # 1504
23530 # 1504
23531 # 1504
23532 # 1504
23533 # 1504
23534 # 1504
23535 # 1504
23536 # 1504
23537 # 1504
23538 # 1504
23539 # 1504
23540 # 1504
23541 # 1504
23542 # 1504
23543 # 1504
23544 # 1504
23545 # 1504
23546 # 1504
23547 # 1504
23548 # 1504
23549 # 1504
23550 # 1504
23551 # 1504
23552 # 1504
23553 # 1504
23553 + 100
23553 + 100
23553 + 100
23553 + 100
23553 + 100
23553 + 100
23553 + 100
23553 + 100
23553 + 100
23553 + 100
23553 + 100
23553 + 100
23553 + 100
23553 + 100
23553 + 100
23553 + 100
23553 + 100
23553 + 100
23553 + 100
23553 + 100
23553 + 100
23553 + 100
23553 + 100
23553 + 100
23553 + 100
23553 + 100
23553 + 100
23553 + 100
23553 + 100
23553 + 100
23553 + 100
23553 + 100
23553 + 100
23554 # 1504
23554 - 100 1
23554 - 100 1
23554 - 100 1
23554 - 100 1
23554 - 100 1
23554 - 100 1
23554 - 100 1
23554 - 100 1
23554 - 100 1
23554 - 100 1
23554 - 100 1
23554 - 100 1
23554 - 100 1
23554 - 100 1
23554 - 100 1
23554 + 100
23554 + 100
23554 + 100
23554 + 100
23554 + 100
23554 + 100
23554 + 100
23554 + 100
23554 + 100
23554 + 100
23554 + 100
23555 # 1504
23555 - 100 2
23555 - 100 2
23555 - 100 2
23555 - 100 2
23555 - 100 2
23555 - 100 2
23555 - 100 2
23555 - 100 2
23555 - 100 2
23555 - 100 2
23555 - 100 2
23555 - 100 2
23555 - 100 2
23555 - 100 2
23555 - 100 2
23555 + 100
23556 # 1504
23556 - 100 3
23556 - 100 3
23556 - 100 3
23556 - 100 2
23556 - 100 2
23556 - 100 2
23556 - 100 2
23556 - 100 2
23556 - 100 2
23556 - 100 2
23556 - 100 2
23556 - 100 2
23556 - 100 2
23556 - 100 2
23556 - 100 1
23556 + 100
23557 # 1504
23557 - 100 1
23557 + 100
23558 # 1504
23558 - 100 1
23558 + 100
23559 # 1504
23559 - 100 1
23559 + 100
23560 # 1504
23560 - 100 1
23560 + 100
23561 # 1504
23561 - 100 1
23561 + 100
23562 # 1504
23562 - 100 1
23562 + 100
23563 # 1504
23563 - 100 1
23563 + 100
23564 # 1504
23564 - 100 1
23564 + 100
23565 # 1504
23565 - 100 1
23566 # 1504
23567 # 1504
23568 # 1504
23569 # 1504
23570 # 1504
23571 # 1504
23572 # 1504
23573 # 1504
23574 # 1504
23575 # 1504
23576 # 1504
23577 # 1504
23578 # 1504
23579 # 1504
23580 # 1504
23581 # 1504
23582 # 1504
23583 # 1504
23584 # 1504
23585 # 1504
23586 # 1504
23587 # 1504
23588 # 1504
23589 # 1504
23590 # 1504
23591 # 1504
23592 # 1504
23593 # 1504
23594 # 1504
23595 # 1504
23596 # 1504
23597 # 1504
23598 # 1504
23599 # 1504
23600 # 1504
23601 # 1504
23602 # 1504
23603 # 1504
23604 # 1504
23605 # 1504
23606 # 1504
23607 # 1504
23608 # 1504
23608 + 100
23608 + 100
23608 + 100
23608 + 100
23608 + 100
23608 + 100
23608 + 100
23608 + 100
23608 + 100
23608 + 100
23608 + 100
23608 + 100
23608 + 100
23608 + 100
23609 # 1504
23609 - 100 1
23609 - 100 1
23609 - 100 1
23609 - 100 1
23609 - 100 1
23609 - 100 1
23609 - 100 1
23609 - 100 1
23609 - 100 1
23609 - 100 1
23609 - 100 1
23609 - 100 1
23609 - 100 1
23609 - 100 1
23609 + 100
23609 + 100
23610 # 1504
23610 - 100 1
23610 - 100 1
23611 # 1504
23611 + 100
23612 # 1504
23612 - 100 1
23612 + 100
23613 # 1504
23613 - 100 1
23614 # 1504
23615 # 1504
23615 + 100
23615 + 100
23615 + 100
23616 # 1504
23616 - 100 1
23616 - 100 1
23616 - 100 1
23616 + 100
23617 # 1504
23617 - 100 1
23618 # 1504
23619 # 1504
23620 # 1504
23621 # 1504
23622 # 1504
23623 # 1504
23624 # 1504
23625 # 1504
23626 # 1504
23627 # 1504
23628 # 1504
23629 # 1504
23630 # 1504
23631 # 1504
23632 # 1504
23633 # 1504
23634 # 1504
23635 # 1504
23636 # 1504
23637 # 1504
23638 # 1504
23639 # 1504
23640 # 1504
23641 # 1504
23642 # 1504
23643 # 1504
23644 # 1504
23645 # 1504
23646 # 1504
23647 # 1504
23648 # 1504
23649 # 1504
23650 # 1504
23651 # 1504
23652 # 1504
23653 # 1504
23654 # 1504
23655 # 1504
23656 # 1504
23657 # 1504
23658 # 1504
23659 # 1504
23660 # 1504
23661 # 1504
23662 # 1504
23663 # 1504
23664 # 1504
23665 # 1504
23666 # 1504
23667 # 1504
23668 # 1504
23669 # 1504
23670 # 1504
23671 # 1504
23672 # 1504
23673 # 1504
23674 # 1504
23675 # 1504
23676 # 1504
23677 # 1504
23678 # 1504
23679 # 1504
23680 # 1504
23681 # 1504
23682 # 1504
23683 # 1504
23684 # 1504
23685 # 1504
23686 # 1504
23687 # 1504
23688 # 1504
23689 # 1504
23690 # 1504
23691 # 1504
23692 # 1504
23693 # 1504
23694 # 1504
23695 # 1504
23696 # 1504
23697 # 1504
23698 # 1504
23699 # 1504
23700 # 1504
23701 # 1504
23702 # 1504
23703 # 1504
23704 # 1504
23705 # 1504
23706 # 1504
23707 # 1504
23708 # 1504
23709 # 1504
23710 # 1504
23711 # 1504
23712 # 1504
23713 # 1504
23714 # 1504
23715 # 1504
23716 # 1504
23717 # 1504
23718 # 1504
23719 # 1504
23720 # 1504
23721 # 1504
23722 # 1504
23723 # 1504
23724 # 1504
23725 # 1504
23726 # 1504
23727 # 1504
23728 # 1504
23729 # 1504
23730 # 1504
23731 # 1504
23732 # 1504
23733 # 1504
23734 # 1504
23735 # 1504
23736 # 1504
23737 # 1504
23738 # 1504
23739 # 1504
23740 # 1504
23741 # 1504
23742 # 1504
23743 # 1504
23744 # 1504
23745 # 1504
23746 # 1504
23747 # 1504
23748 # 1504
23749 # 1504
23750 # 1504
23751 # 1504
23752 # 1504
23753 # 1504
23754 # 1504
23755 # 1504
23756 # 1504
23757 # 1504
23758 # 1504
23759 # 1504
23760 # 1504
23761 # 1504
23762 # 1504
23763 # 1504
23764 # 1504
23765 # 1504
23766 # 1504
23767 # 1504
23768 # 1504
23769 # 1504
23770 # 1504
23771 # 1504
23772 # 1504
23773 # 1504
23774 # 1504
23775 # 1504
23776 # 1504
23777 # 1504
23778 # 1504
23779 # 1504
23780 # 1504
23781 # 1504
23782 # 1504
23783 # 1504
23784 # 1504
23785 # 1504
23786 # 1504
23787 # 1504
23788 # 1504
23789 # 1504
23790 # 1504
23791 # 1504
23792 # 1504
23793 # 1504
23794 # 1504
23795 # 1504
23796 # 1504
23797 # 1504
23798 # 1504
23799 # 1504
23800 # 1504
23801 # 1504
23802 # 1504
23803 # 1504
23804 # 1504
23805 # 1504
23806 # 1504
23807 # 1504
23808 # 1504
23809 # 1504
23810 # 1504
23811 # 1504
23812 # 1504
23813 # 1504
23814 # 1504
23815 # 1504
23815 + 100
23815 + 100
23815 + 100
23815 + 100
23815 + 100
23815 + 100
23815 + 100
23816 # 1504
23816 - 100 1
23816 - 100 1
23816 - 100 1
23816 - 100 1
23816 - 100 1
23816 - 100 1
23816 - 100 1
23817 # 1504
23817 + 100
23818 # 1504
23818 - 100 1
23818 + 100
23819 # 1504
23819 - 100 1
23819 + 100
23820 # 1504
23820 - 100 1
23820 + 100
23821 # 1504
23821 - 100 1
23822 # 1504
23823 # 1504
23824 # 1504
23824 + 100
23824 + 100
23824 + 100
23825 # 1504
23825 - 100 1
23825 - 100 1
23825 - 100 1
23826 # 1504
23826 + 100
23826 + 100
23826 + 100
23827 # 1504
23827 - 100 1
23827 - 100 1
23827 - 100 1
23828 # 1504
23828 + 100
23829 # 1504
23829 - 100 1
23830 # 1504
23830 + 100
23830 + 100
23830 + 100
23831 # 1504
23831 - 100 1
23831 - 100 1
23831 - 100 1
23831 + 100
23832 # 1504
23832 - 100 1
23833 # 1504
23834 # 1504
23835 # 1504
23835 + 100
23835 + 100
23835 + 100
23835 + 100
23836 # 1504
23836 - 100 1
23836 - 100 1
23836 - 100 1
23836 - 100 1
23836 + 100
23837 # 1504
23837 - 100 1
23837 + 100
23838 # 1504
23838 - 100 1
23839 # 1504
23839 + 100
23839 + 100
23840 # 1504
23840 - 100 1
23840 - 100 1
23841 # 1504
23842 # 1504
23842 + 100
23842 + 100
23843 # 1504
23843 - 100 1
23843 - 100 1
23843 + 100
23844 # 1504
23844 - 100 1
23844 + 100
23845 # 1504
23845 - 100 1
23845 + 100
23846 # 1504
23846 - 100 1
23846 + 100
23847 # 1504
23847 - 100 1
23848 # 1504
23848 + 100
23848 + 100
23849 # 1504
23849 - 100 1
23849 - 100 1
23850 # 1504
23850 + 100
23850 + 100
23851 # 1504
23851 - 100 1
23851 - 100 1
23852 # 1504
23852 + 100
23852 + 100
23853 # 1504
23853 - 100 1
23853 - 100 1
23854 # 1504
23854 + 100
23854 + 100
23855 # 1504
23855 - 100 1
23855 - 100 1
23856 # 1504
23856 + 100
23856 + 100
23857 # 1504
23857 - 100 1
23857 - 100 1
23857 + 100
23858 # 1504
23858 - 100 1
23859 # 1504
23859 + 100
23860 # 1504
23860 - 100 1
23861 # 1504
23861 + 100
23861 + 100
23862 # 1504
23862 - 100 1
23862 - 100 1
23862 + 100
23862 + 100
23863 # 1504
23863 - 100 1
23863 - 100 1
23864 # 1504
23864 + 100
23864 + 100
23865 # 1504
23865 - 100 1
23865 - 100 1
23866 # 1504
23867 # 1504
23867 + 100
23867 + 100
23868 # 1504
23868 - 100 1
23868 - 100 1
23869 # 1504
23870 # 1504
23870 + 100
23870 + 100
23870 + 100
23871 # 1504
23871 - 100 1
23871 - 100 1
23871 - 100 1
23871 + 100
23872 # 1504
23872 - 100 1
23873 # 1504
23873 + 100
23873 + 100
23874 # 1504
23874 - 100 1
23874 - 100 1
23874 + 100
23875 # 1504
23875 - 100 1
23875 + 100
23876 # 1504
23876 - 100 1
23877 # 1504
23878 # 1504
23878 + 100
23879 # 1504
23879 - 100 1
23880 # 1504
23881 # 1504
23882 # 1504
23882 + 100
23883 # 1504
23883 - 100 1
23884 # 1504
23885 # 1504
23886 # 1504
23886 + 100
23887 # 1504
23887 - 100 1
23888 # 1504
23889 # 1504
23890 # 1504
23890 + 100
23891 # 1504
23891 - 100 1
23892 # 1504
23893 # 1504
23894 # 1504
23894 + 100
23895 # 1504
23895 - 100 1
23896 # 1504
23897 # 1504
23897 + 100
23898 # 1504
23898 - 100 1
23899 # 1504
23900 # 1504
23901 # 1504
23901 + 100
23902 # 1504
23902 - 100 1
23903 # 1504
23904 # 1504
23905 # 1504
23906 # 1504
23906 + 100
23907 # 1504
23907 - 100 1
23908 # 1504
23909 # 1504
23910 # 1504
23910 + 100
23911 # 1504
23911 - 100 1
23912 # 1504
23913 # 1504
23914 # 1504
23915 # 1504
23916 # 1504
23916 + 100
23917 # 1504
23917 - 100 1
23918 # 1504
23919 # 1504
23920 # 1504
23921 # 1504
23922 # 1504
23922 + 100
23923 # 1504
23923 - 100 1
23924 # 1504
23925 # 1504
23925 + 100
23926 # 1504
23926 - 100 1
23927 # 1504
23928 # 1504
23929 # 1504
23930 # 1504
23931 # 1504
23931 + 100
23932 # 1504
23932 - 100 1
23933 # 1504
23934 # 1504
23934 + 100
23935 # 1504
23935 - 100 1
23936 # 1504
23937 # 1504
23938 # 1504
23938 + 100
23939 # 1504
23939 - 100 1
23940 # 1504
23941 # 1504
23942 # 1504
23943 # 1504
23944 # 1504
23945 # 1504
23945 + 100
23946 # 1504
23946 - 100 1
23947 # 1504
23948 # 1504
23949 # 1504
23949 + 100
23950 # 1504
23950 - 100 1
23951 # 1504
23952 # 1504
23953 # 1504
23954 # 1504
23954 + 100
23954 + 100
23955 # 1504
23955 - 100 1
23955 - 100 1
23956 # 1504
23956 + 100
23957 # 1504
23957 - 100 1
23958 # 1504
23959 # 1504
23960 # 1504
23961 # 1504
23962 # 1504
23963 # 1504
23963 + 100
23964 # 1504
23964 - 100 1
23965 # 1504
23966 # 1504
23967 # 1504
23968 # 1504
23968 + 100
23969 # 1504
23969 - 100 1
23970 # 1504
23971 # 1504
23972 # 1504
23973 # 1504
23974 # 1504
23975 # 1504
23976 # 1504
23977 # 1504
23978 # 1504
23979 # 1504
23980 # 1504
23981 # 1504
23982 # 1504
23983 # 1504
23984 # 1504
23985 # 1504
23986 # 1504
23987 # 1504
23988 # 1504
23989 # 1504
23990 # 1504
23991 # 1504
23992 # 1504
23993 # 1504
23994 # 1504
23995 # 1504
23996 # 1504
23997 # 1504
23998 # 1504
23999 # 1504
24000 # 1504
24001 # 1504
24002 # 1504
24003 # 1504
24004 # 1504
24005 # 1504
24006 # 1504
24007 # 1504
24008 # 1504
24009 # 1504
24010 # 1504
24011 # 1504
24012 # 1504
24013 # 1504
24014 # 1504
24015 # 1504
24016 # 1504
24017 # 1504
24018 # 1504
24019 # 1504
24020 # 1504
24021 # 1504
24022 # 1504
24023 # 1504
24024 # 1504
24025 # 1504
24026 # 1504
24027 # 1504
24028 # 1504
24029 # 1504
24030 # 1504
24031 # 1504
24032 # 1504
24033 # 1504
24034 # 1504
24035 # 1504
24036 # 1504
24037 # 1504
24038 # 1504
24039 # 1504
24040 # 1504
24041 # 1504
24042 # 1504
24043 # 1504
24044 # 1504
24045 # 1504
24046 # 1504
24047 # 1504
24048 # 1504
24049 # 1504
24050 # 1504
24051 # 1504
24052 # 1504
24053 # 1504
24054 # 1504
24055 # 1504
24056 # 1504
24057 # 1504
24058 # 1504
24059 # 1504
24060 # 1504
24061 # 1504
24062 # 1504
24063 # 1504
24064 # 1504
24065 # 1504
24066 # 1504
24067 # 1504
24068 # 1504
24069 # 1504
24070 # 1504
24071 # 1504
24072 # 1504
24073 # 1504
24074 # 1504
24075 # 1504
24076 # 1504
24077 # 1504
24078 # 1504
24079 # 1504
24080 # 1504
24081 # 1504
24082 # 1504
24083 # 1504
24084 # 1504
24085 # 1504
24086 # 1504
24087 # 1504
24088 # 1504
24089 # 1504
24090 # 1504
24091 # 1504
24092 # 1504
24093 # 1504
24094 # 1504
24095 # 1504
24096 # 1504
24097 # 1504
24098 # 1504
24099 # 1504
24100 # 1504
24100 + 100
24101 # 1504
24101 - 100 1
24102 # 1504
24102 + 100
24103 # 1504
24103 - 100 1
24103 + 100
24104 # 1504
24104 - 100 1
24104 + 100
24105 # 1504
24105 - 100 1
24106 # 1504
24107 # 1504
24108 # 1504
24108 + 100
24108 + 100
24108 + 100
24108 + 100
24109 # 1504
24109 - 100 1
24109 - 100 1
24109 - 100 1
24109 - 100 1
24109 + 100
24110 # 1504
24110 - 100 1
24110 + 100
24111 # 1504
24111 - 100 1
24111 + 100
24112 # 1504
24112 - 100 1
24112 + 100
24113 # 1504
24113 - 100 1
24113 + 100
24114 # 1504
24114 - 100 1
24114 + 100
24115 # 1504
24115 - 100 1
24116 # 1504
24116 + 100
24116 + 100
24117 # 1504
24117 - 100 1
24117 - 100 1
24117 + 100
24118 # 1504
24118 - 100 1
24119 # 1504
24120 # 1504
24121 # 1504
24122 # 1504
24123 # 1504
24124 # 1504
24125 # 1504
24126 # 1504
24127 # 1504
24128 # 1504
24129 # 1504
24130 # 1504
24131 # 1504
24132 # 1504
24132 + 100
24132 + 100
24132 + 100
24132 + 100
24132 + 100
24132 + 100
24132 + 100
24132 + 100
24132 + 100
24132 + 100
24132 + 100
24132 + 100
24132 + 100
24132 + 100
24133 # 1504
24133 - 100 1
24133 - 100 1
24133 - 100 1
24133 - 100 1
24133 - 100 1
24133 - 100 1
24133 - 100 1
24133 - 100 1
24133 - 100 1
24133 - 100 1
24133 - 100 1
24133 - 100 1
24133 - 100 1
24133 - 100 1
24134 # 1504
24134 + 100
24134 + 100
24135 # 1504
24135 - 100 1
24135 - 100 1
24136 # 1504
24137 # 1504
24138 # 1504
24139 # 1504
24140 # 1504
24141 # 1504
24141 + 100
24141 + 100
24142 # 1504
24142 - 100 1
24142 - 100 1
24143 # 1504
24143 + 100
24144 # 1504
24144 - 100 1
24144 + 100
24145 # 1504
24145 - 100 1
24146 # 1504
24146 + 100
24147 # 1504
24147 - 100 1
24148 # 1504
24149 # 1504
24150 # 1504
24151 # 1504
24152 # 1504
24153 # 1504
24154 # 1504
24155 # 1504
24156 # 1504
24156 + 100
24156 + 100
24157 # 1504
24157 - 100 1
24157 - 100 1
24158 # 1504
24158 + 100
24159 # 1504
24159 - 100 1
24160 # 1504
24161 # 1504
24162 # 1504
24163 # 1504
24164 # 1504
24164 + 100
24165 # 1504
24165 - 100 1
24166 # 1504
24167 # 1504
24167 + 100
24167 + 100
24168 # 1504
24168 - 100 1
24168 - 100 1
24169 # 1504
24169 + 100
24170 # 1504
24170 - 100 1
24171 # 1504
24172 # 1504
24173 # 1504
24174 # 1504
24175 # 1504
24176 # 1504
24176 + 100
24177 # 1504
24177 - 100 1
24178 # 1504
24178 + 100
24179 # 1504
24179 - 100 1
24180 # 1504
24181 # 1504
24182 # 1504
24183 # 1504
24183 + 100
24184 # 1504
24184 - 100 1
24185 # 1504
24186 # 1504
24186 + 100
24187 # 1504
24187 - 100 1
24188 # 1504
24189 # 1504
24190 # 1504
24191 # 1504
24192 # 1504
24192 + 100
24193 # 1504
24193 - 100 1
24194 # 1504
24195 # 1504
24196 # 1504
24196 + 100
24197 # 1504
24197 - 100 1
24198 # 1504
24199 # 1504
24200 # 1504
24201 # 1504
24202 # 1504
24203 # 1504
24204 # 1504
24205 # 1504
24206 # 1504
24207 # 1504
24208 # 1504
24209 # 1504
24210 # 1504
24211 # 1504
24212 # 1504
24213 # 1504
24214 # 1504
24215 # 1504
24215 + 100
24216 # 1504
24216 - 100 1
24217 # 1504
24217 + 100
24218 # 1504
24218 - 100 1
24219 # 1504
24220 # 1504
24220 + 100
24220 + 100
24220 + 100
24221 # 1504
24221 - 100 1
24221 - 100 1
24221 - 100 1
24222 # 1504
24223 # 1504
24223 + 100
24224 # 1504
24224 - 100 1
24225 # 1504
24226 # 1504
24226 + 100
24227 # 1504
24227 - 100 1
24228 # 1504
24229 # 1504
24229 + 100
24230 # 1504
24230 - 100 1
24231 # 1504
24232 # 1504
24233 # 1504
24234 # 1504
24235 # 1504
24236 # 1504
24236 + 100
24237 # 1504
24237 - 100 1
24238 # 1504
24239 # 1504
24240 # 1504
24240 + 100
24241 # 1504
24241 - 100 1
24242 # 1504
24242 + 100
24243 # 1504
24243 - 100 1
24244 # 1504
24245 # 1504
24246 # 1504
24247 # 1504
24247 + 100
24248 # 1504
24248 - 100 1
24249 # 1504
24250 # 1504
24251 # 1504
24252 # 1504
24252 + 100
24253 # 1504
24253 - 100 1
24254 # 1504
24255 # 1504
24256 # 1504
24257 # 1504
24257 + 100
24258 # 1504
24258 - 100 1
24259 # 1504
24260 # 1504
24261 # 1504
24261 + 100
24262 # 1504
24262 - 100 1
24263 # 1504
24264 # 1504
24265 # 1504
24265 + 100
24266 # 1504
24266 - 100 1
24267 # 1504
24268 # 1504
24269 # 1504
24270 # 1504
24271 # 1504
24272 # 1504
24273 # 1504
24274 # 1504
24275 # 1504
24276 # 1504
24277 # 1504
24278 # 1504
24279 # 1504
24280 # 1504
24281 # 1504
24282 # 1504
24283 # 1504
24284 # 1504
24285 # 1504
24286 # 1504
24287 # 1504
24288 # 1504
24289 # 1504
24290 # 1504
24291 # 1504
24292 # 1504
24293 # 1504
24294 # 1504
24295 # 1504
24296 # 1504
24297 # 1504
24298 # 1504
24299 # 1504
24300 # 1504
24301 # 1504
24302 # 1504
24303 # 1504
24304 # 1504
24305 # 1504
24306 # 1504
24307 # 1504
24308 # 1504
24309 # 1504
24310 # 1504
24311 # 1504
24312 # 1504
24313 # 1504
24314 # 1504
24315 # 1504
24316 # 1504
24317 # 1504
24318 # 1504
24319 # 1504
24320 # 1504
24321 # 1504
24322 # 1504
24323 # 1504
24324 # 1504
24325 # 1504
24326 # 1504
24327 # 1504
24328 # 1504
24329 # 1504
24330 # 1504
24331 # 1504
24332 # 1504
24333 # 1504
24334 # 1504
24335 # 1504
24336 # 1504
24337 # 1504
24338 # 1504
24339 # 1504
24340 # 1504
24341 # 1504
24342 # 1504
24343 # 1504
24344 # 1504
24345 # 1504
24346 # 1504
24347 # 1504
24348 # 1504
24349 # 1504
24350 # 1504
24351 # 1504
24352 # 1504
24352 + 100
24353 # 1504
24353 - 100 1
24354 # 1504
24354 + 100
24355 # 1504
24355 - 100 1
24356 # 1504
24356 + 100
24356 + 100
24357 # 1504
24357 - 100 1
24357 - 100 1
24357 + 100
24358 # 1504
24358 - 100 1
24359 # 1504
24360 # 1504
24360 + 100
24360 + 100
24360 + 100
24361 # 1504
24361 - 100 1
24361 - 100 1
24361 - 100 1
24361 + 100
24362 # 1504
24362 - 100 1
24362 + 100
24363 # 1504
24363 - 100 1
24363 + 100
24364 # 1504
24364 - 100 1
24365 # 1504
24365 + 100
24366 # 1504
24366 - 100 1
24366 + 100
24366 + 100
24367 # 1504
24367 - 100 1
24367 - 100 1
24368 # 1504
24369 # 1504
24370 # 1504
24370 + 100
24370 + 100
24370 + 100
24370 + 100
24371 # 1504
24371 - 100 1
24371 - 100 1
24371 - 100 1
24371 - 100 1
24371 + 100
24372 # 1504
24372 - 100 1
24372 + 100
24373 # 1504
24373 - 100 1
24374 # 1504
24374 + 100
24374 + 100
24375 # 1504
24375 - 100 1
24375 - 100 1
24376 # 1504
24376 + 100
24376 + 100
24377 # 1504
24377 - 100 1
24377 - 100 1
24378 # 1504
24378 + 100
24379 # 1504
24379 - 100 1
24379 + 100
24380 # 1504
24380 - 100 1
24380 + 100
24381 # 1504
24381 - 100 1
24381 + 100
24382 # 1504
24382 - 100 1
24383 # 1504
24383 + 100
24383 + 100
24384 # 1504
24384 - 100 1
24384 - 100 1
24384 + 100
24385 # 1504
24385 - 100 1
24385 + 100
24386 # 1504
24386 - 100 1
24387 # 1504
24388 # 1504
24389 # 1504
24390 # 1504
24391 # 1504
24392 # 1504
24393 # 1504
24394 # 1504
24395 # 1504
24396 # 1504
24397 # 1504
24398 # 1504
24399 # 1504
24400 # 1504
24401 # 1504
24402 # 1504
24403 # 1504
24404 # 1504
24405 # 1504
24406 # 1504
24407 # 1504
24408 # 1504
24409 # 1504
24410 # 1504
24411 # 1504
24412 # 1504
24413 # 1504
24414 # 1504
24415 # 1504
24416 # 1504
24417 # 1504
24418 # 1504
24419 # 1504
24420 # 1504
24421 # 1504
24421 + 100
24421 + 100
24421 + 100
24421 + 100
24421 + 100
24421 + 100
24421 + 100
24422 # 1504
24422 - 100 1
24422 - 100 1
24422 - 100 1
24422 - 100 1
24422 - 100 1
24422 - 100 1
24422 - 100 1
24422 + 100
24423 # 1504
24423 - 100 1
24423 + 100
24424 # 1504
24424 - 100 1
24424 + 100
24425 # 1504
24425 - 100 1
24425 + 100
24426 # 1504
24426 - 100 1
24427 # 1504
24427 + 100
24427 + 100
24428 # 1504
24428 - 100 1
24428 - 100 1
24428 + 100
24429 # 1504
24429 - 100 1
24430 # 1504
24430 + 100
24430 + 100
24431 # 1504
24431 - 100 1
24431 - 100 1
24431 + 100
24432 # 1504
24432 - 100 1
24432 + 100
24433 # 1504
24433 - 100 1
24434 # 1504
24435 # 1504
24435 + 100
24436 # 1504
24436 - 100 1
24437 # 1504
24438 # 1504
24438 + 100
24439 # 1504
24439 - 100 1
24440 # 1504
24440 + 100
24441 # 1504
24441 - 100 1
24442 # 1504
24443 # 1504
24444 # 1504
24445 # 1504
24445 + 100
24445 + 100
24446 # 1504
24446 - 100 1
24446 - 100 1
24447 # 1504
24448 # 1504
24448 + 100
24449 # 1504
24449 - 100 1
24450 # 1504
24451 # 1504
24451 + 100
24452 # 1504
24452 - 100 1
24453 # 1504
24454 # 1504
24455 # 1504
24456 # 1504
24457 # 1504
24458 # 1504
24459 # 1504
24460 # 1504
24461 # 1504
24462 # 1504
24463 # 1504
24464 # 1504
24465 # 1504
24466 # 1504
24467 # 1504
24468 # 1504
24469 # 1504
24470 # 1504
24471 # 1504
24472 # 1504
24473 # 1504
24474 # 1504
24475 # 1504
24476 # 1504
24477 # 1504
24478 # 1504
24479 # 1504
24480 # 1504
24481 # 1504
24482 # 1504
24483 # 1504
24483 + 100
24484 # 1504
24484 - 100 1
24485 # 1504
24485 + 100
24486 # 1504
24486 - 100 1
24487 # 1504
24487 + 100
24487 + 100
24488 # 1504
24488 - 100 1
24488 - 100 1
24488 + 100
24489 # 1504
24489 - 100 1
24489 + 100
24490 # 1504
24490 - 100 1
24490 + 100
24491 # 1504
24491 - 100 1
24492 # 1504
24493 # 1504
24493 + 100
24493 + 100
24494 # 1504
24494 - 100 1
24494 - 100 1
24494 + 100
24495 # 1504
24495 - 100 1
24496 # 1504
24497 # 1504
24498 # 1504
24498 + 100
24499 # 1504
24499 - 100 1
24500 # 1504
24501 # 1504
24502 # 1504
24502 + 100
24503 # 1504
24503 - 100 1
24504 # 1504
24505 # 1504
24505 + 100
24506 # 1504
24506 - 100 1
24507 # 1504
24508 # 1504
24509 # 1504
24510 # 1504
24511 # 1504
24512 # 1504
24512 + 100
24513 # 1504
24513 - 100 1
24514 # 1504
24515 # 1504
24516 # 1504
24517 # 1504
24518 # 1504
24519 # 1504
24520 # 1504
24520 + 100
24521 # 1504
24521 - 100 1
24522 # 1504
24523 # 1504
24524 # 1504
24524 + 100
24525 # 1504
24525 - 100 1
24526 # 1504
24527 # 1504
24528 # 1504
24529 # 1504
24530 # 1504
24531 # 1504
24532 # 1504
24533 # 1504
24534 # 1504
24535 # 1504
24536 # 1504
24537 # 1504
24538 # 1504
24539 # 1504
24540 # 1504
24541 # 1504
24542 # 1504
24543 # 1504
24544 # 1504
24545 # 1504
24546 # 1504
24547 # 1504
24548 # 1504
24549 # 1504
24550 # 1504
24551 # 1504
24552 # 1504
24553 # 1504
24554 # 1504
24555 # 1504
24556 # 1504
24557 # 1504
24558 # 1504
24559 # 1504
24560 # 1504
24561 # 1504
24562 # 1504
24563 # 1504
24564 # 1504
24565 # 1504
24566 # 1504
24567 # 1504
24568 # 1504
24569 # 1504
24570 # 1504
24571 # 1504
24572 # 1504
24573 # 1504
24574 # 1504
24575 # 1504
24576 # 1504
24577 # 1504
24578 # 1504
24579 # 1504
24580 # 1504
24581 # 1504
24582 # 1504
24583 # 1504
24584 # 1504
24585 # 1504
24586 # 1504
24587 # 1504
24588 # 1504
24589 # 1504
24590 # 1504
24591 # 1504
24592 # 1504
24593 # 1504
24594 # 1504
24595 # 1504
24596 # 1504
24597 # 1504
24598 # 1504
24599 # 1504
24600 # 1504
24601 # 1504
24602 # 1504
24603 # 1504
24604 # 1504
24604 + 100
24605 # 1504
24605 - 100 1
24606 # 1504
24607 # 1504
24607 + 100
24607 + 100
24608 # 1504
24608 - 100 1
24608 - 100 1
24609 # 1504
24609 + 100
24609 + 100
24610 # 1504
24610 - 100 1
24610 - 100 1
24610 + 100
24611 # 1504
24611 - 100 1
24612 # 1504
24612 + 100
24612 + 100
24613 # 1504
24613 - 100 1
24613 - 100 1
24614 # 1504
24615 # 1504
24616 # 1504
24616 + 100
24616 + 100
24616 + 100
24616 + 100
24617 # 1504
24617 - 100 1
24617 - 100 1
24617 - 100 1
24617 - 100 1
24618 # 1504
24618 + 100
24618 + 100
24619 # 1504
24619 - 100 1
24619 - 100 1
24619 + 100
24620 # 1504
24620 - 100 1
24621 # 1504
24622 # 1504
24623 # 1504
24624 # 1504
24625 # 1504
24626 # 1504
24627 # 1504
24628 # 1504
24629 # 1504
24630 # 1504
24631 # 1504
24632 # 1504
24633 # 1504
24634 # 1504
24635 # 1504
24636 # 1504
24637 # 1504
24638 # 1504
24639 # 1504
24640 # 1504
24641 # 1504
24642 # 1504
24643 # 1504
24644 # 1504
24645 # 1504
24646 # 1504
24647 # 1504
24648 # 1504
24649 # 1504
24650 # 1504
24651 # 1504
24652 # 1504
24653 # 1504
24654 # 1504
24655 # 1504
24656 # 1504
24657 # 1504
24658 # 1504
24659 # 1504
24660 # 1504
24661 # 1504
24662 # 1504
24663 # 1504
24664 # 1504
24665 # 1504
24666 # 1504
24667 # 1504
24668 # 1504
24669 # 1504
24670 # 1504
24671 # 1504
24672 # 1504
24673 # 1504
24674 # 1504
24675 # 1504
24676 # 1504
24677 # 1504
24678 # 1504
24679 # 1504
24680 # 1504
24681 # 1504
24682 # 1504
24683 # 1504
24684 # 1504
24685 # 1504
24686 # 1504
24687 # 1504
24688 # 1504
24689 # 1504
24690 # 1504
24691 # 1504
24692 # 1504
24693 # 1504
24694 # 1504
24695 # 1504
24696 # 1504
24697 # 1504
24698 # 1504
24699 # 1504
24700 # 1504
24700 + 100
24700 + 100
24700 + 100
24700 + 100
24700 + 100
24700 + 100
24701 # 1504
24701 - 100 1
24701 - 100 1
24701 - 100 1
24701 - 100 1
24701 - 100 1
24701 - 100 1
24702 # 1504
24702 + 100
24703 # 1504
24703 - 100 1
24704 # 1504
24705 # 1504
24706 # 1504
24707 # 1504
24708 # 1504
24709 # 1504
24709 + 100
24709 + 100
24709 + 100
24709 + 100
24709 + 100
24709 + 100
24709 + 100
24710 # 1504
24710 - 100 1
24710 - 100 1
24710 - 100 1
24710 - 100 1
24710 - 100 1
24710 - 100 1
24710 - 100 1
24711 # 1504
24712 # 1504
24712 + 100
24712 + 100
24712 + 100
24713 # 1504
24713 - 100 1
24713 - 100 1
24713 - 100 1
24713 + 100
24714 # 1504
24714 - 100 1
24715 # 1504
24716 # 1504
24717 # 1504
24718 # 1504
24719 # 1504
24720 # 1504
24721 # 1504
24722 # 1504
24723 # 1504
24724 # 1504
24725 # 1504
24726 # 1504
24727 # 1504
24728 # 1504
24729 # 1504
24730 # 1504
24731 # 1504
24732 # 1504
24733 # 1504
24734 # 1504
24735 # 1504
24736 # 1504
24737 # 1504
24738 # 1504
24739 # 1504
24740 # 1504
24741 # 1504
24742 # 1504
24743 # 1504
24744 # 1504
24745 # 1504
24746 # 1504
24747 # 1504
24748 # 1504
24749 # 1504
24750 # 1504
24751 # 1504
24752 # 1504
24753 # 1504
24754 # 1504
24755 # 1504
24756 # 1504
24757 # 1504
24758 # 1504
24759 # 1504
24760 # 1504
24761 # 1504
24762 # 1504
24763 # 1504
24764 # 1504
24765 # 1504
24766 # 1504
24767 # 1504
24768 # 1504
24769 # 1504
24770 # 1504
24771 # 1504
24772 # 1504
24773 # 1504
24774 # 1504
24775 # 1504
24776 # 1504
24777 # 1504
24778 # 1504
24779 # 1504
24780 # 1504
24781 # 1504
24782 # 1504
24783 # 1504
24784 # 1504
24785 # 1504
24786 # 1504
24787 # 1504
24788 # 1504
24789 # 1504
24790 # 1504
24791 # 1504
24792 # 1504
24793 # 1504
24794 # 1504
24795 # 1504
24796 # 1504
24796 + 100
24796 + 100
24796 + 100
24796 + 100
24796 + 100
24796 + 100
24796 + 100
24796 + 100
24797 # 1504
24797 - 100 1
24797 - 100 1
24797 - 100 1
24797 - 100 1
24797 - 100 1
24797 - 100 1
24797 - 100 1
24797 - 100 1
24798 # 1504
24799 # 1504
24800 # 1504
24801 # 1504
24802 # 1504
24803 # 1504
24803 + 100
24803 + 100
24803 + 100
24803 + 100
24803 + 100
24803 + 100
24804 # 1504
24804 - 100 1
24804 - 100 1
24804 - 100 1
24804 - 100 1
24804 - 100 1
24804 - 100 1
24805 # 1504
24806 # 1504
24807 # 1504
24808 # 1504
24808 + 100
24808 + 100
24808 + 100
24808 + 100
24808 + 100
24809 # 1504
24809 - 100 1
24809 - 100 1
24809 - 100 1
24809 - 100 1
24809 - 100 1
24809 + 100
24810 # 1504
24810 - 100 1
24810 + 100
24811 # 1504
24811 - 100 1
24811 + 100
24812 # 1504
24812 - 100 1
24812 + 100
24813 # 1504
24813 - 100 1
24813 + 100
24814 # 1504
24814 - 100 1
24815 # 1504
24815 + 100
24816 # 1504
24816 - 100 1
24816 + 100
24816 + 100
24817 # 1504
24817 - 100 1
24817 - 100 1
24817 + 100
24818 # 1504
24818 - 100 1
24818 + 100
24819 # 1504
24819 - 100 1
24820 # 1504
24820 + 100
24821 # 1504
24821 - 100 1
24821 + 100
24822 # 1504
24822 - 100 1
24822 + 100
24823 # 1504
24823 - 100 1
24823 + 100
24824 # 1504
24824 - 100 1
24824 + 100
24825 # 1504
24825 - 100 1
24825 + 100
24826 # 1504
24826 - 100 1
24827 # 1504
24827 + 100
24828 # 1504
24828 - 100 1
24829 # 1504
24830 # 1504
24830 + 100
24831 # 1504
24831 - 100 1
24832 # 1504
24833 # 1504
24834 # 1504
24834 + 100
24835 # 1504
24835 - 100 1
24836 # 1504
24837 # 1504
24838 # 1504
24838 + 100
24839 # 1504
24839 - 100 1
24840 # 1504
24841 # 1504
24842 # 1504
24842 + 100
24843 # 1504
24843 - 100 1
24844 # 1504
24845 # 1504
24846 # 1504
24847 # 1504
24847 + 100
24848 # 1504
24848 - 100 1
24849 # 1504
24850 # 1504
24850 + 100
24851 # 1504
24851 - 100 1
24852 # 1504
24853 # 1504
24854 # 1504
24854 + 100
24855 # 1504
24855 - 100 1
24856 # 1504
24857 # 1504
24858 # 1504
24859 # 1504
24860 # 1504
24860 + 100
24861 # 1504
24861 - 100 1
24862 # 1504
24863 # 1504
24864 # 1504
24864 + 100
24865 # 1504
24865 - 100 1
24866 # 1504
24867 # 1504
24868 # 1504
24869 # 1504
24869 + 100
24870 # 1504
24870 - 100 1
24871 # 1504
24872 # 1504
24873 # 1504
24874 # 1504
24874 + 100
24875 # 1504
24875 - 100 1
24876 # 1504
24877 # 1504
24878 # 1504
24879 # 1504
24879 + 100
24880 # 1504
24880 - 100 1
24881 # 1504
24882 # 1504
24883 # 1504
24884 # 1504
24884 + 100
24885 # 1504
24885 - 100 1
24886 # 1504
24887 # 1504
24888 # 1504
24888 + 100
24889 # 1504
24889 - 100 1
24890 # 1504
24891 # 1504
24892 # 1504
24893 # 1504
24893 + 100
24894 # 1504
24894 - 100 1
24895 # 1504
24896 # 1504
24897 # 1504
24897 + 100
24898 # 1504
24898 - 100 1
24899 # 1504
24900 # 1504
24900 + 100
24901 # 1504
24901 - 100 1
24902 # 1504
24902 + 100
24903 # 1504
24903 - 100 1
24904 # 1504
24905 # 1504
24905 + 100
24906 # 1504
24906 - 100 1
24907 # 1504
24908 # 1504
24909 # 1504
24910 # 1504
24910 + 100
24911 # 1504
24911 - 100 1
24912 # 1504
24913 # 1504
24914 # 1504
24915 # 1504
24915 + 100
24916 # 1504
24916 - 100 1
24917 # 1504
24918 # 1504
24919 # 1504
24920 # 1504
24920 + 100
24921 # 1504
24921 - 100 1
24922 # 1504
24923 # 1504
24924 # 1504
24924 + 100
24925 # 1504
24925 - 100 1
24926 # 1504
24927 # 1504
24928 # 1504
24929 # 1504
24929 + 100
24930 # 1504
24930 - 100 1
24931 # 1504
24932 # 1504
24933 # 1504
24934 # 1504
24934 + 100
24935 # 1504
24935 - 100 1
24936 # 1504
24937 # 1504
24938 # 1504
24938 + 100
24939 # 1504
24939 - 100 1
24940 # 1504
24941 # 1504
24942 # 1504
24942 + 100
24943 # 1504
24943 - 100 1
24944 # 1504
24945 # 1504
24945 + 100
24946 # 1504
24946 - 100 1
24947 # 1504
24948 # 1504
24949 # 1504
24950 # 1504
24950 + 100
24951 # 1504
24951 - 100 1
24952 # 1504
24953 # 1504
24954 # 1504
24954 + 100
24955 # 1504
24955 - 100 1
24956 # 1504
24957 # 1504
24958 # 1504
24958 + 100
24959 # 1504
24959 - 100 1
24960 # 1504
24961 # 1504
24961 + 100
24962 # 1504
24962 - 100 1
24963 # 1504
24964 # 1504
24964 + 100
24965 # 1504
24965 - 100 1
24966 # 1504
24966 + 100
24967 # 1504
24967 - 100 1
24968 # 1504
24969 # 1504
24970 # 1504
24971 # 1504
24971 + 100
24972 # 1504
24972 - 100 1
24973 # 1504
24974 # 1504
24975 # 1504
24975 + 100
24976 # 1504
24976 - 100 1
24977 # 1504
24978 # 1504
24978 + 100
24979 # 1504
24979 - 100 1
24980 # 1504
24980 + 100
24981 # 1504
24981 - 100 1
24982 # 1504
24983 # 1504
24984 # 1504
24985 # 1504
24985 + 100
24986 # 1504
24986 - 100 1
24987 # 1504
24988 # 1504
24989 # 1504
24989 + 100
24990 # 1504
24990 - 100 1
24991 # 1504
24992 # 1504
24993 # 1504
24993 + 100
24994 # 1504
24994 - 100 1
24995 # 1504
24996 # 1504
24996 + 100
24997 # 1504
24997 - 100 1
24998 # 1504
24999 # 1504
25000 # 1504
25000 + 100
25001 # 1504
25001 - 100 1
25002 # 1504
25003 # 1504
25004 # 1504
25005 # 1504
25005 + 100
25006 # 1504
25006 - 100 1
25007 # 1504
25008 # 1504
25009 # 1504
25009 + 100
25010 # 1504
25010 - 100 1
25011 # 1504
25012 # 1504
25013 # 1504
25013 + 100
25014 # 1504
25014 - 100 1
25015 # 1504
25016 # 1504
25016 + 100
25017 # 1504
25017 - 100 1
25018 # 1504
25019 # 1504
25020 # 1504
25021 # 1504
25021 + 100
25022 # 1504
25022 - 100 1
25023 # 1504
25024 # 1504
25025 # 1504
25025 + 100
25026 # 1504
25026 - 100 1
25027 # 1504
25028 # 1504
25029 # 1504
25030 # 1504
25030 + 100
25031 # 1504
25031 - 100 1
25032 # 1504
25033 # 1504
25034 # 1504
25035 # 1504
25035 + 100
25036 # 1504
25036 - 100 1
25037 # 1504
25038 # 1504
25039 # 1504
25040 # 1504
25040 + 100
25041 # 1504
25041 - 100 1
25042 # 1504
25043 # 1504
25044 # 1504
25044 + 100
25045 # 1504
25045 - 100 1
25046 # 1504
25047 # 1504
25048 # 1504
25049 # 1504
25049 + 100
25050 # 1504
25050 - 100 1
25051 # 1504
25052 # 1504
25053 # 1504
25053 + 100
25054 # 1504
25054 - 100 1
25055 # 1504
25056 # 1504
25057 # 1504
25057 + 100
25058 # 1504
25058 - 100 1
25059 # 1504
25060 # 1504
25060 + 100
25061 # 1504
25061 - 100 1
25062 # 1504
25063 # 1504
25064 # 1504
25065 # 1504
25065 + 100
25066 # 1504
25066 - 100 1
25067 # 1504
25068 # 1504
25069 # 1504
25070 # 1504
25071 # 1504
25072 # 1504
25072 + 100
25073 # 1504
25073 - 100 1
25074 # 1504
25075 # 1504
25075 + 100
25076 # 1504
25076 - 100 1
25077 # 1504
25078 # 1504
25079 # 1504
25080 # 1504
25080 + 100
25081 # 1504
25081 - 100 1
25082 # 1504
25083 # 1504
25084 # 1504
25084 + 100
25085 # 1504
25085 - 100 1
25086 # 1504
25087 # 1504
25088 # 1504
25088 + 100
25089 # 1504
25089 - 100 1
25090 # 1504
25091 # 1504
25092 # 1504
25093 # 1504
25094 # 1504
25094 + 100
25095 # 1504
25095 - 100 1
25096 # 1504
25097 # 1504
25098 # 1504
25099 # 1504
25099 + 100
25100 # 1504
25100 - 100 1
25101 # 1504
25102 # 1504
25103 # 1504
25104 # 1504
25104 + 100
25105 # 1504
25105 - 100 1
25106 # 1504
25107 # 1504
25107 + 100
25108 # 1504
25108 - 100 1
25109 # 1504
25110 # 1504
25111 # 1504
25111 + 100
25112 # 1504
25112 - 100 1
25113 # 1504
25114 # 1504
25115 # 1504
25116 # 1504
25116 + 100
25117 # 1504
25117 - 100 1
25118 # 1504
25118 + 100
25119 # 1504
25119 - 100 1
25120 # 1504
25121 # 1504
25122 # 1504
25122 + 100
25123 # 1504
25123 - 100 1
25123 + 100
25124 # 1504
25124 - 100 1
25125 # 1504
25126 # 1504
25127 # 1504
25127 + 100
25128 # 1504
25128 - 100 1
25129 # 1504
25130 # 1504
25130 + 100
25131 # 1504
25131 - 100 1
25132 # 1504
25133 # 1504
25134 # 1504
25134 + 100
25135 # 1504
25135 - 100 1
25136 # 1504
25137 # 1504
25138 # 1504
25139 # 1504
25140 # 1504
25140 + 100
25141 # 1504
25141 - 100 1
25142 # 1504
25143 # 1504
25144 # 1504
25144 + 100
25145 # 1504
25145 - 100 1
25146 # 1504
25147 # 1504
25148 # 1504
25149 # 1504
25149 + 100
25150 # 1504
25150 - 100 1
25151 # 1504
25152 # 1504
25153 # 1504
25154 # 1504
25154 + 100
25155 # 1504
25155 - 100 1
25156 # 1504
25157 # 1504
25158 # 1504
25158 + 100
25159 # 1504
25159 - 100 1
25160 # 1504
25161 # 1504
25162 # 1504
25163 # 1504
25163 + 100
25164 # 1504
25164 - 100 1
25165 # 1504
25166 # 1504
25167 # 1504
25168 # 1504
25168 + 100
25169 # 1504
25169 - 100 1
25170 # 1504
25171 # 1504
25172 # 1504
25173 # 1504
25174 # 1504
25174 + 100
25175 # 1504
25175 - 100 1
25176 # 1504
25177 # 1504
25177 + 100
25178 # 1504
25178 - 100 1
25179 # 1504
25180 # 1504
25181 # 1504
25182 # 1504
25183 # 1504
25183 + 100
25184 # 1504
25184 - 100 1
25185 # 1504
25186 # 1504
25187 # 1504
25187 + 100
25188 # 1504
25188 - 100 1
25189 # 1504
25190 # 1504
25191 # 1504
25192 # 1504
25193 # 1504
25193 + 100
25194 # 1504
25194 - 100 1
25195 # 1504
25196 # 1504
25197 # 1504
25197 + 100
25198 # 1504
25198 - 100 1
25199 # 1504
25200 # 1504
25201 # 1504
25202 # 1504
25202 + 100
25203 # 1504
25203 - 100 1
25204 # 1504
25205 # 1504
25206 # 1504
25207 # 1504
25207 + 100
25208 # 1504
25208 - 100 1
25209 # 1504
25210 # 1504
25211 # 1504
25212 # 1504
25212 + 100
25213 # 1504
25213 - 100 1
25214 # 1504
25215 # 1504
25216 # 1504
25217 # 1504
25218 # 1504
25219 # 1504
25220 # 1504
25220 + 100
25221 # 1504
25221 - 100 1
25222 # 1504
25223 # 1504
25223 + 100
25224 # 1504
25224 - 100 1
25225 # 1504
25225 + 100
25226 # 1504
25226 - 100 1
25227 # 1504
25228 # 1504
25229 # 1504
25230 # 1504
25230 + 100
25231 # 1504
25231 - 100 1
25232 # 1504
25233 # 1504
25234 # 1504
25235 # 1504
25236 # 1504
25236 + 100
25237 # 1504
25237 - 100 1
25238 # 1504
25239 # 1504
25239 + 100
25240 # 1504
25240 - 100 1
25241 # 1504
25242 # 1504
25243 # 1504
25243 + 100
25244 # 1504
25244 - 100 1
25245 # 1504
25245 + 100
25246 # 1504
25246 - 100 1
25247 # 1504
25248 # 1504
25249 # 1504
25250 # 1504
25250 + 100
25251 # 1504
25251 - 100 1
25252 # 1504
25253 # 1504
25253 + 100
25254 # 1504
25254 - 100 1
25255 # 1504
25255 + 100
25256 # 1504
25256 - 100 1
25257 # 1504
25258 # 1504
25258 + 100
25259 # 1504
25259 - 100 1
25260 # 1504
25260 + 100
25261 # 1504
25261 - 100 1
25262 # 1504
25263 # 1504
25263 + 100
25264 # 1504
25264 - 100 1
25265 # 1504
25266 # 1504
25266 + 100
25267 # 1504
25267 - 100 1
25268 # 1504
25268 + 100
25269 # 1504
25269 - 100 1
25270 # 1504
25271 # 1504
25272 # 1504
25273 # 1504
25273 + 100
25274 # 1504
25274 - 100 1
25275 # 1504
25276 # 1504
25277 # 1504
25278 # 1504
25279 # 1504
25280 # 1504
25281 # 1504
25281 + 100
25282 # 1504
25282 - 100 1
25283 # 1504
25283 + 100
25284 # 1504
25284 - 100 1
25285 # 1504
25286 # 1504
25287 # 1504
25288 # 1504
25288 + 100
25289 # 1504
25289 - 100 1
25290 # 1504
25291 # 1504
25292 # 1504
25293 # 1504
25293 + 100
25294 # 1504
25294 - 100 1
25295 # 1504
25296 # 1504
25297 # 1504
25298 # 1504
25298 + 100
25299 # 1504
25299 - 100 1
25300 # 1504
25301 # 1504
25302 # 1504
25303 # 1504
25304 # 1504
25305 # 1504
25305 + 100
25306 # 1504
25306 - 100 1
25307 # 1504
25307 + 100
25308 # 1504
25308 - 100 1
25309 # 1504
25310 # 1504
25311 # 1504
25312 # 1504
25312 + 100
25312 + 100
25313 # 1504
25313 - 100 1
25313 - 100 1
25314 # 1504
25315 # 1504
25316 # 1504
25316 + 100
25317 # 1504
25317 - 100 1
25318 # 1504
25319 # 1504
25319 + 100
25320 # 1504
25320 - 100 1
25321 # 1504
25322 # 1504
25323 # 1504
25324 # 1504
25324 + 100
25325 # 1504
25325 - 100 1
25326 # 1504
25327 # 1504
25328 # 1504
25329 # 1504
25329 + 100
25330 # 1504
25330 - 100 1
25331 # 1504
25332 # 1504
25333 # 1504
25334 # 1504
25335 # 1504
25335 + 100
25336 # 1504
25336 - 100 1
25337 # 1504
25338 # 1504
25339 # 1504
25340 # 1504
25340 + 100
25341 # 1504
25341 - 100 1
25342 # 1504
25343 # 1504
25344 # 1504
25345 # 1504
25345 + 100
25346 # 1504
25346 - 100 1
25347 # 1504
25348 # 1504
25348 + 100
25349 # 1504
25349 - 100 1
25350 # 1504
25351 # 1504
25352 # 1504
25352 + 100
25353 # 1504
25353 - 100 1
25354 # 1504
25355 # 1504
25356 # 1504
25357 # 1504
25358 # 1504
25359 # 1504
25359 + 100
25360 # 1504
25360 - 100 1
25361 # 1504
25362 # 1504
25363 # 1504
25364 # 1504
25364 + 100
25365 # 1504
25365 - 100 1
25366 # 1504
25367 # 1504
25368 # 1504
25368 + 100
25369 # 1504
25369 - 100 1
25370 # 1504
25371 # 1504
25372 # 1504
25372 + 100
25373 # 1504
25373 - 100 1
25374 # 1504
25375 # 1504
25376 # 1504
25377 # 1504
25377 + 100
25378 # 1504
25378 - 100 1
25379 # 1504
25380 # 1504
25381 # 1504
25381 + 100
25382 # 1504
25382 - 100 1
25383 # 1504
25384 # 1504
25385 # 1504
25386 # 1504
25387 # 1504
25388 # 1504
25388 + 100
25389 # 1504
25389 - 100 1
25390 # 1504
25391 # 1504
25392 # 1504
25393 # 1504
25394 # 1504
25395 # 1504
25396 # 1504
25397 # 1504
25398 # 1504
25399 # 1504
25400 # 1504
25401 # 1504
25402 # 1504
25403 # 1504
25404 # 1504
25405 # 1504
25406 # 1504
25407 # 1504
25408 # 1504
25409 # 1504
25410 # 1504
25411 # 1504
25412 # 1504
25413 # 1504
25414 # 1504
25415 # 1504
25415 + 100
25416 # 1504
25416 - 100 1
25417 # 1504
25417 + 100
25418 # 1504
25418 - 100 1
25418 + 100
25419 # 1504
25419 - 100 1
25420 # 1504
25420 + 100
25421 # 1504
25421 - 100 1
25421 + 100
25421 + 100
25422 # 1504
25422 - 100 1
25422 - 100 1
25422 + 100
25423 # 1504
25423 - 100 1
25424 # 1504
25425 # 1504
25425 + 100
25426 # 1504
25426 - 100 1
25427 # 1504
25428 # 1504
25429 # 1504
25430 # 1504
25431 # 1504
25432 # 1504
25433 # 1504
25434 # 1504
25435 # 1504
25436 # 1504
25437 # 1504
25438 # 1504
25439 # 1504
25440 # 1504
25441 # 1504
25442 # 1504
25443 # 1504
25444 # 1504
25445 # 1504
25446 # 1504
25447 # 1504
25448 # 1504
25449 # 1504
25450 # 1504
25451 # 1504
25452 # 1504
25453 # 1504
25454 # 1504
25455 # 1504
25456 # 1504
25457 # 1504
25458 # 1504
25459 # 1504
25460 # 1504
25461 # 1504
25462 # 1504
25463 # 1504
25464 # 1504
25465 # 1504
25466 # 1504
25467 # 1504
25468 # 1504
25469 # 1504
25470 # 1504
25471 # 1504
25472 # 1504
25473 # 1504
25474 # 1504
25475 # 1504
25476 # 1504
25477 # 1504
25478 # 1504
25479 # 1504
25480 # 1504
25481 # 1504
25482 # 1504
25483 # 1504
25484 # 1504
25485 # 1504
25486 # 1504
25487 # 1504
25488 # 1504
25489 # 1504
25490 # 1504
25491 # 1504
25492 # 1504
25493 # 1504
25494 # 1504
25495 # 1504
25496 # 1504
25497 # 1504
25498 # 1504
25499 # 1504
25500 # 1504
25501 # 1504
25502 # 1504
25503 # 1504
25504 # 1504
25505 # 1504
25506 # 1504
25507 # 1504
25508 # 1504
25509 # 1504
25510 # 1504
25511 # 1504
25511 + 100
25512 # 1504
25512 - 100 1
25512 + 100
25513 # 1504
25513 - 100 1
25513 + 100
25514 # 1504
25514 - 100 1
25514 + 100
25515 # 1504
25515 - 100 1
25515 + 100
25516 # 1504
25516 - 100 1
25516 + 100
25517 # 1504
25517 - 100 1
25518 # 1504
25518 + 100
25518 + 100
25519 # 1504
25519 - 100 1
25519 - 100 1
25520 # 1504
25520 + 100
25521 # 1504
25521 - 100 1
25521 + 100
25521 + 100
25522 # 1504
25522 - 100 1
25522 - 100 1
25523 # 1504
25523 + 100
25524 # 1504
25524 - 100 1
25524 + 100
25525 # 1504
25525 - 100 1
25525 + 100
25525 + 100
25526 # 1504
25526 - 100 1
25526 - 100 1
25526 + 100
25527 # 1504
25527 - 100 1
25527 + 100
25528 # 1504
25528 - 100 1
25528 + 100
25529 # 1504
25529 - 100 1
25529 + 100
25530 # 1504
25530 - 100 1
25531 # 1504
25531 + 100
25532 # 1504
25532 - 100 1
25532 + 100
25532 + 100
25533 # 1504
25533 - 100 1
25533 - 100 1
25534 # 1504
25534 + 100
25535 # 1504
25535 - 100 1
25536 # 1504
25537 # 1504
25538 # 1504
25538 + 100
25539 # 1504
25539 - 100 1
25540 # 1504
25541 # 1504
25542 # 1504
25543 # 1504
25543 + 100
25544 # 1504
25544 - 100 1
25545 # 1504
25546 # 1504
25547 # 1504
25548 # 1504
25548 + 100
25549 # 1504
25549 - 100 1
25550 # 1504
25551 # 1504
25552 # 1504
25552 + 100
25553 # 1504
25553 - 100 1
25554 # 1504
25554 + 100
25555 # 1504
25555 - 100 1
25556 # 1504
25557 # 1504
25558 # 1504
25559 # 1504
25560 # 1504
25560 + 100
25561 # 1504
25561 - 100 1
25562 # 1504
25563 # 1504
25564 # 1504
25564 + 100
25565 # 1504
25565 - 100 1
25566 # 1504
25567 # 1504
25568 # 1504
25569 # 1504
25570 # 1504
25570 + 100
25571 # 1504
25571 - 100 1
25572 # 1504
25573 # 1504
25574 # 1504
25575 # 1504
25576 # 1504
25576 + 100
25577 # 1504
25577 - 100 1
25578 # 1504
25579 # 1504
25580 # 1504
25581 # 1504
25581 + 100
25582 # 1504
25582 - 100 1
25583 # 1504
25584 # 1504
25584 + 100
25585 # 1504
25585 - 100 1
25586 # 1504
25587 # 1504
25588 # 1504
25588 + 100
25589 # 1504
25589 - 100 1
25590 # 1504
25591 # 1504
25592 # 1504
25593 # 1504
25594 # 1504
25595 # 1504
25595 + 100
25596 # 1504
25596 - 100 1
25597 # 1504
25598 # 1504
25599 # 1504
25600 # 1504
25600 + 100
25601 # 1504
25601 - 100 1
25602 # 1504
25603 # 1504
25604 # 1504
25604 + 100
25605 # 1504
25605 - 100 1
25606 # 1504
25607 # 1504
25607 + 100
25608 # 1504
25608 - 100 1
25609 # 1504
25610 # 1504
25610 + 100
25611 # 1504
25611 - 100 1
25612 # 1504
25613 # 1504
25614 # 1504
25614 + 100
25615 # 1504
25615 - 100 1
25616 # 1504
25616 + 100
25617 # 1504
25617 - 100 1
25618 # 1504
25619 # 1504
25620 # 1504
25621 # 1504
25621 + 100
25622 # 1504
25622 - 100 1
25623 # 1504
25624 # 1504
25624 + 100
25625 # 1504
25625 - 100 1
25626 # 1504
25626 + 100
25627 # 1504
25627 - 100 1
25628 # 1504
25629 # 1504
25630 # 1504
25631 # 1504
25632 # 1504
25632 + 100
25633 # 1504
25633 - 100 1
25634 # 1504
25635 # 1504
25636 # 1504
25637 # 1504
25638 # 1504
25638 + 100
25639 # 1504
25639 - 100 1
25640 # 1504
25641 # 1504
25641 + 100
25642 # 1504
25642 - 100 1
25643 # 1504
25644 # 1504
25645 # 1504
25646 # 1504
25647 # 1504
25648 # 1504
25648 + 100
25649 # 1504
25649 - 100 1
25650 # 1504
25651 # 1504
25652 # 1504
25652 + 100
25653 # 1504
25653 - 100 1
25654 # 1504
25655 # 1504
25656 # 1504
25656 + 100
25657 # 1504
25657 - 100 1
25658 # 1504
25659 # 1504
25660 # 1504
25661 # 1504
25661 + 100
25662 # 1504
25662 - 100 1
25663 # 1504
25664 # 1504
25665 # 1504
25665 + 100
25666 # 1504
25666 - 100 1
25667 # 1504
25668 # 1504
25669 # 1504
25669 + 100
25670 # 1504
25670 - 100 1
25671 # 1504
25672 # 1504
25673 # 1504
25674 # 1504
25675 # 1504
25676 # 1504
25676 + 100
25677 # 1504
25677 - 100 1
25678 # 1504
25679 # 1504
25680 # 1504
25680 + 100
25681 # 1504
25681 - 100 1
25682 # 1504
25683 # 1504
25684 # 1504
25685 # 1504
25685 + 100
25686 # 1504
25686 - 100 1
25687 # 1504
25688 # 1504
25689 # 1504
25690 # 1504
25690 + 100
25691 # 1504
25691 - 100 1
25692 # 1504
25693 # 1504
25694 # 1504
25694 + 100
25695 # 1504
25695 - 100 1
25696 # 1504
25697 # 1504
25698 # 1504
25698 + 100
25699 # 1504
25699 - 100 1
25700 # 1504
25701 # 1504
25702 # 1504
25703 # 1504
25703 + 100
25704 # 1504
25704 - 100 1
25705 # 1504
25706 # 1504
25707 # 1504
25708 # 1504
25708 + 100
25709 # 1504
25709 - 100 1
25710 # 1504
25711 # 1504
25711 + 100
25712 # 1504
25712 - 100 1
25713 # 1504
25714 # 1504
25714 + 100
25715 # 1504
25715 - 100 1
25716 # 1504
25717 # 1504
25718 # 1504
25719 # 1504
25719 + 100
25720 # 1504
25720 - 100 1
25721 # 1504
25722 # 1504
25723 # 1504
25723 + 100
25724 # 1504
25724 - 100 1
25725 # 1504
25726 # 1504
25727 # 1504
25728 # 1504
25729 # 1504
25729 + 100
25730 # 1504
25730 - 100 1
25731 # 1504
25732 # 1504
25733 # 1504
25734 # 1504
25734 + 100
25735 # 1504
25735 - 100 1
25736 # 1504
25737 # 1504
25737 + 100
25738 # 1504
25738 - 100 1
25739 # 1504
25740 # 1504
25741 # 1504
25741 + 100
25742 # 1504
25742 - 100 1
25743 # 1504
25743 + 100
25744 # 1504
25744 - 100 1
25745 # 1504
25746 # 1504
25747 # 1504
25747 + 100
25748 # 1504
25748 - 100 1
25749 # 1504
25750 # 1504
25751 # 1504
25751 + 100
25752 # 1504
25752 - 100 1
25753 # 1504
25754 # 1504
25755 # 1504
25755 + 100
25756 # 1504
25756 - 100 1
25757 # 1504
25758 # 1504
25758 + 100
25759 # 1504
25759 - 100 1
25760 # 1504
25761 # 1504
25761 + 100
25762 # 1504
25762 - 100 1
25763 # 1504
25764 # 1504
25765 # 1504
25766 # 1504
25766 + 100
25767 # 1504
25767 - 100 1
25768 # 1504
25769 # 1504
25769 + 100
25770 # 1504
25770 - 100 1
25771 # 1504
25772 # 1504
25773 # 1504
25774 # 1504
25775 # 1504
25775 + 100
25776 # 1504
25776 - 100 1
25777 # 1504
25778 # 1504
25779 # 1504
25780 # 1504
25780 + 100
25781 # 1504
25781 - 100 1
25782 # 1504
25783 # 1504
25784 # 1504
25784 + 100
25785 # 1504
25785 - 100 1
25786 # 1504
25787 # 1504
25788 # 1504
25789 # 1504
25789 + 100
25790 # 1504
25790 - 100 1
25791 # 1504
25792 # 1504
25793 # 1504
25794 # 1504
25794 + 100
25795 # 1504
25795 - 100 1
25796 # 1504
25797 # 1504
25798 # 1504
25799 # 1504
25799 + 100
25800 # 1504
25800 - 100 1
25800 + 52
25801 # 1504
25801 - 52 1
25802 # 1504
25803 # 1504
25804 # 1504
25804 + 100
25805 # 1504
25805 - 100 1
25806 # 1504
25807 # 1504
25808 # 1504
25808 + 100
25809 # 1504
25809 - 100 1
25810 # 1504
25811 # 1504
25812 # 1504
25813 # 1504
25813 + 100
25814 # 1504
25814 - 100 1
25815 # 1504
25816 # 1504
25817 # 1504
25817 + 100
25818 # 1504
25818 - 100 1
25819 # 1504
25820 # 1504
25821 # 1504
25821 + 100
25822 # 1504
25822 - 100 1
25823 # 1504
25824 # 1504
25824 + 100
25825 # 1504
25825 - 100 1
25826 # 1504
25827 # 1504
25828 # 1504
25828 + 100
25829 # 1504
25829 - 100 1
25830 # 1504
25831 # 1504
25832 # 1504
25833 # 1504
25833 + 100
25834 # 1504
25834 - 100 1
25835 # 1504
25836 # 1504
25837 # 1504
25838 # 1504
25838 + 100
25839 # 1504
25839 - 100 1
25840 # 1504
25841 # 1504
25842 # 1504
25843 # 1504
25843 + 100
25844 # 1504
25844 - 100 1
25845 # 1504
25846 # 1504
25847 # 1504
25848 # 1504
25848 + 100
25849 # 1504
25849 - 100 1
25850 # 1504
25851 # 1504
25852 # 1504
25853 # 1504
25853 + 100
25854 # 1504
25854 - 100 1
25855 # 1504
25856 # 1504
25857 # 1504
25857 + 100
25858 # 1504
25858 - 100 1
25859 # 1504
25860 # 1504
25861 # 1504
25862 # 1504
25862 + 100
25863 # 1504
25863 - 100 1
25864 # 1504
25865 # 1504
25866 # 1504
25867 # 1504
25867 + 100
25868 # 1504
25868 - 100 1
25869 # 1504
25870 # 1504
25871 # 1504
25872 # 1504
25872 + 100
25873 # 1504
25873 - 100 1
25874 # 1504
25875 # 1504
25876 # 1504
25876 + 100
25877 # 1504
25877 - 100 1
25878 # 1504
25879 # 1504
25880 # 1504
25881 # 1504
25881 + 100
25882 # 1504
25882 - 100 1
25883 # 1504
25884 # 1504
25885 # 1504
25886 # 1504
25886 + 100
25887 # 1504
25887 - 100 1
25888 # 1504
25889 # 1504
25890 # 1504
25891 # 1504
25891 + 100
25892 # 1504
25892 - 100 1
25893 # 1504
25894 # 1504
25895 # 1504
25896 # 1504
25896 + 100
25897 # 1504
25897 - 100 1
25898 # 1504
25899 # 1504
25900 # 1504
25900 + 100
25901 # 1504
25901 - 100 1
25902 # 1504
25903 # 1504
25904 # 1504
25905 # 1504
25905 + 100
25906 # 1504
25906 - 100 1
25907 # 1504
25908 # 1504
25909 # 1504
25910 # 1504
25910 + 100
25911 # 1504
25911 - 100 1
25912 # 1504
25913 # 1504
25914 # 1504
25915 # 1504
25915 + 100
25916 # 1504
25916 - 100 1
25917 # 1504
25918 # 1504
25919 # 1504
25920 # 1504
25920 + 100
25921 # 1504
25921 - 100 1
25922 # 1504
25923 # 1504
25924 # 1504
25924 + 100
25925 # 1504
25925 - 100 1
25926 # 1504
25927 # 1504
25928 # 1504
25929 # 1504
25929 + 100
25930 # 1504
25930 - 100 1
25931 # 1504
25932 # 1504
25933 # 1504
25934 # 1504
25934 + 100
25935 # 1504
25935 - 100 1
25936 # 1504
25937 # 1504
25938 # 1504
25939 # 1504
25939 + 100
25940 # 1504
25940 - 100 1
25941 # 1504
25942 # 1504
25943 # 1504
25944 # 1504
25944 + 100
25945 # 1504
25945 - 100 1
25946 # 1504
25947 # 1504
25948 # 1504
25948 + 100
25949 # 1504
25949 - 100 1
25950 # 1504
25951 # 1504
25952 # 1504
25953 # 1504
25953 + 100
25954 # 1504
25954 - 100 1
25955 # 1504
25956 # 1504
25957 # 1504
25958 # 1504
25958 + 100
25959 # 1504
25959 - 100 1
25960 # 1504
25961 # 1504
25962 # 1504
25963 # 1504
25963 + 100
25964 # 1504
25964 - 100 1
25965 # 1504
25966 # 1504
25967 # 1504
25968 # 1504
25968 + 100
25969 # 1504
25969 - 100 1
25970 # 1504
25971 # 1504
25972 # 1504
25972 + 100
25973 # 1504
25973 - 100 1
25974 # 1504
25975 # 1504
25976 # 1504
25977 # 1504
25977 + 100
25978 # 1504
25978 - 100 1
25979 # 1504
25980 # 1504
25981 # 1504
25982 # 1504
25982 + 100
25983 # 1504
25983 - 100 1
25984 # 1504
25985 # 1504
25986 # 1504
25987 # 1504
25987 + 100
25988 # 1504
25988 - 100 1
25989 # 1504
25990 # 1504
25991 # 1504
25991 + 100
25992 # 1504
25992 - 100 1
25993 # 1504
25994 # 1504
25995 # 1504
25996 # 1504
25996 + 100
25997 # 1504
25997 - 100 1
25998 # 1504
25999 # 1504
26000 # 1504
26001 # 1504
26001 + 100
26002 # 1504
26002 - 100 1
26003 # 1504
26004 # 1504
26005 # 1504
26006 # 1504
26006 + 100
26007 # 1504
26007 - 100 1
26008 # 1504
26009 # 1504
26010 # 1504
26011 # 1504
26011 + 100
26012 # 1504
26012 - 100 1
26013 # 1504
26014 # 1504
26015 # 1504
26015 + 100
26016 # 1504
26016 - 100 1
26017 # 1504
26018 # 1504
26019 # 1504
26020 # 1504
26020 + 100
26021 # 1504
26021 - 100 1
26022 # 1504
26023 # 1504
26024 # 1504
26025 # 1504
26025 + 100
26026 # 1504
26026 - 100 1
26027 # 1504
26028 # 1504
26029 # 1504
26030 # 1504
26030 + 100
26031 # 1504
26031 - 100 1
26032 # 1504
26033 # 1504
26034 # 1504
26035 # 1504
26035 + 100
26036 # 1504
26036 - 100 1
26037 # 1504
26038 # 1504
26039 # 1504
26039 + 100
26040 # 1504
26040 - 100 1
26041 # 1504
26042 # 1504
26043 # 1504
26044 # 1504
26044 + 100
26045 # 1504
26045 - 100 1
26046 # 1504
26047 # 1504
26048 # 1504
26049 # 1504
26049 + 100
26050 # 1504
26050 - 100 1
26051 # 1504
26052 # 1504
26053 # 1504
26054 # 1504
26054 + 100
26055 # 1504
26055 - 100 1
26056 # 1504
26057 # 1504
26058 # 1504
26059 # 1504
26059 + 100
26060 # 1504
26060 - 100 1
26061 # 1504
26062 # 1504
26063 # 1504
26063 + 100
26064 # 1504
26064 - 100 1
26065 # 1504
26066 # 1504
26067 # 1504
26068 # 1504
26068 + 100
26069 # 1504
26069 - 100 1
26070 # 1504
26071 # 1504
26072 # 1504
26073 # 1504
26073 + 100
26074 # 1504
26074 - 100 1
26075 # 1504
26076 # 1504
26077 # 1504
26078 # 1504
26078 + 100
26079 # 1504
26079 - 100 1
26080 # 1504
26081 # 1504
26082 # 1504
26082 + 100
26083 # 1504
26083 - 100 1
26084 # 1504
26085 # 1504
26086 # 1504
26087 # 1504
26087 + 100
26088 # 1504
26088 - 100 1
26089 # 1504
26090 # 1504
26091 # 1504
26092 # 1504
26092 + 100
26093 # 1504
26093 - 100 1
26094 # 1504
26095 # 1504
26096 # 1504
26097 # 1504
26097 + 100
26098 # 1504
26098 - 100 1
26099 # 1504
26100 # 1504
26101 # 1504
26101 + 100
26102 # 1504
26102 - 100 1
26103 # 1504
26104 # 1504
26105 # 1504
26105 + 100
26106 # 1504
26106 - 100 1
26107 # 1504
26108 # 1504
26108 + 100
26109 # 1504
26109 - 100 1
26110 # 1504
26111 # 1504
26112 # 1504
26113 # 1504
26113 + 100
26114 # 1504
26114 - 100 1
26115 # 1504
26116 # 1504
26117 # 1504
26117 + 100
26118 # 1504
26118 - 100 1
26119 # 1504
26120 # 1504
26121 # 1504
26122 # 1504
26122 + 100
26123 # 1504
26123 - 100 1
26124 # 1504
26125 # 1504
26126 # 1504
26127 # 1504
26127 + 100
26128 # 1504
26128 - 100 1
26129 # 1504
26130 # 1504
26131 # 1504
26131 + 100
26132 # 1504
26132 - 100 1
26133 # 1504
26134 # 1504
26135 # 1504
26136 # 1504
26136 + 100
26137 # 1504
26137 - 100 1
26138 # 1504
26139 # 1504
26140 # 1504
26141 # 1504
26141 + 100
26142 # 1504
26142 - 100 1
26143 # 1504
26144 # 1504
26145 # 1504
26146 # 1504
26146 + 100
26147 # 1504
26147 - 100 1
26148 # 1504
26149 # 1504
26150 # 1504
26151 # 1504
26151 + 100
26152 # 1504
26152 - 100 1
26153 # 1504
26154 # 1504
26155 # 1504
26155 + 100
26156 # 1504
26156 - 100 1
26157 # 1504
26158 # 1504
26159 # 1504
26160 # 1504
26160 + 100
26161 # 1504
26161 - 100 1
26162 # 1504
26163 # 1504
26164 # 1504
26165 # 1504
26165 + 100
26166 # 1504
26166 - 100 1
26167 # 1504
26168 # 1504
26169 # 1504
26169 + 100
26170 # 1504
26170 - 100 1
26171 # 1504
26172 # 1504
26172 + 100
26173 # 1504
26173 - 100 1
26174 # 1504
26174 + 100
26175 # 1504
26175 - 100 1
26176 # 1504
26177 # 1504
26177 + 100
26178 # 1504
26178 - 100 1
26179 # 1504
26180 # 1504
26181 # 1504
26182 # 1504
26182 + 100
26183 # 1504
26183 - 100 1
26184 # 1504
26185 # 1504
26186 # 1504
26187 # 1504
26187 + 100
26188 # 1504
26188 - 100 1
26189 # 1504
26190 # 1504
26191 # 1504
26191 + 100
26192 # 1504
26192 - 100 1
26193 # 1504
26194 # 1504
26195 # 1504
26196 # 1504
26196 + 100
26197 # 1504
26197 - 100 1
26198 # 1504
26199 # 1504
26200 # 1504
26201 # 1504
26201 + 100
26202 # 1504
26202 - 100 1
26203 # 1504
26204 # 1504
26205 # 1504
26206 # 1504
26206 + 100
26207 # 1504
26207 - 100 1
26208 # 1504
26209 # 1504
26210 # 1504
26211 # 1504
26211 + 100
26212 # 1504
26212 - 100 1
26213 # 1504
26214 # 1504
26215 # 1504
26215 + 100
26216 # 1504
26216 - 100 1
26217 # 1504
26218 # 1504
26219 # 1504
26220 # 1504
26220 + 100
26221 # 1504
26221 - 100 1
26222 # 1504
26223 # 1504
26224 # 1504
26225 # 1504
26225 + 100
26226 # 1504
26226 - 100 1
26227 # 1504
26228 # 1504
26229 # 1504
26229 + 100
26230 # 1504
26230 - 100 1
26231 # 1504
26232 # 1504
26232 + 100
26233 # 1504
26233 - 100 1
26234 # 1504
26234 + 100
26235 # 1504
26235 - 100 1
26236 # 1504
26237 # 1504
26237 + 100
26238 # 1504
26238 - 100 1
26239 # 1504
26240 # 1504
26241 # 1504
26242 # 1504
26242 + 100
26243 # 1504
26243 - 100 1
26244 # 1504
26245 # 1504
26246 # 1504
26247 # 1504
26247 + 100
26248 # 1504
26248 - 100 1
26249 # 1504
26250 # 1504
26250 + 100
26251 # 1504
26251 - 100 1
26252 # 1504
26252 + 100
26253 # 1504
26253 - 100 1
26254 # 1504
26255 # 1504
26256 # 1504
26257 # 1504
26257 + 100
26258 # 1504
26258 - 100 1
26259 # 1504
26260 # 1504
26261 # 1504
26262 # 1504
26262 + 100
26263 # 1504
26263 - 100 1
26264 # 1504
26265 # 1504
26266 # 1504
26266 + 100
26267 # 1504
26267 - 100 1
26268 # 1504
26269 # 1504
26269 + 100
26270 # 1504
26270 - 100 1
26271 # 1504
26271 + 100
26272 # 1504
26272 - 100 1
26273 # 1504
26274 # 1504
26274 + 100
26275 # 1504
26275 - 100 1
26276 # 1504
26277 # 1504
26278 # 1504
26279 # 1504
26279 + 100
26280 # 1504
26280 - 100 1
26281 # 1504
26282 # 1504
26283 # 1504
26284 # 1504
26284 + 100
26285 # 1504
26285 - 100 1
26286 # 1504
26287 # 1504
26287 + 100
26288 # 1504
26288 - 100 1
26289 # 1504
26289 + 100
26290 # 1504
26290 - 100 1
26291 # 1504
26292 # 1504
26293 # 1504
26294 # 1504
26294 + 100
26295 # 1504
26295 - 100 1
26296 # 1504
26297 # 1504
26298 # 1504
26299 # 1504
26299 + 100
26300 # 1504
26300 - 100 1
26301 # 1504
26302 # 1504
26303 # 1504
26304 # 1504
26304 + 100
26305 # 1504
26305 - 100 1
26306 # 1504
26307 # 1504
26308 # 1504
26308 + 100
26309 # 1504
26309 - 100 1
26310 # 1504
26311 # 1504
26312 # 1504
26313 # 1504
26313 + 100
26314 # 1504
26314 - 100 1
26315 # 1504
26316 # 1504
26317 # 1504
26318 # 1504
26318 + 100
26319 # 1504
26319 - 100 1
26320 # 1504
26321 # 1504
26322 # 1504
26323 # 1504
26323 + 100
26324 # 1504
26324 - 100 1
26325 # 1504
26326 # 1504
26327 # 1504
26327 + 100
26328 # 1504
26328 - 100 1
26329 # 1504
26330 # 1504
26331 # 1504
26331 + 100
26332 # 1504
26332 - 100 1
26333 # 1504
26333 + 100
26334 # 1504
26334 - 100 1
26335 # 1504
26336 # 1504
26337 # 1504
26338 # 1504
26338 + 100
26339 # 1504
26339 - 100 1
26340 # 1504
26341 # 1504
26342 # 1504
26343 # 1504
26343 + 100
26344 # 1504
26344 - 100 1
26345 # 1504
26346 # 1504
26347 # 1504
26348 # 1504
26348 + 100
26349 # 1504
26349 - 100 1
26350 # 1504
26351 # 1504
26352 # 1504
26353 # 1504
26353 + 100
26354 # 1504
26354 - 100 1
26355 # 1504
26356 # 1504
26357 # 1504
26357 + 100
26358 # 1504
26358 - 100 1
26359 # 1504
26360 # 1504
26361 # 1504
26362 # 1504
26362 + 100
26363 # 1504
26363 - 100 1
26364 # 1504
26365 # 1504
26366 # 1504
26367 # 1504
26367 + 100
26368 # 1504
26368 - 100 1
26369 # 1504
26370 # 1504
26371 # 1504
26372 # 1504
26372 + 100
26373 # 1504
26373 - 100 1
26374 # 1504
26375 # 1504
26376 # 1504
26377 # 1504
26377 + 100
26378 # 1504
26378 - 100 1
26379 # 1504
26380 # 1504
26381 # 1504
26381 + 100
26382 # 1504
26382 - 100 1
26383 # 1504
26384 # 1504
26385 # 1504
26386 # 1504
26386 + 100
26387 # 1504
26387 - 100 1
26388 # 1504
26389 # 1504
26390 # 1504
26391 # 1504
26391 + 100
26392 # 1504
26392 - 100 1
26393 # 1504
26394 # 1504
26395 # 1504
26395 + 100
26396 # 1504
26396 - 100 1
26397 # 1504
26398 # 1504
26398 + 100
26399 # 1504
26399 - 100 1
26400 # 1504
26400 + 100
26401 # 1504
26401 - 100 1
26402 # 1504
26403 # 1504
26403 + 100
26404 # 1504
26404 - 100 1
26405 # 1504
26406 # 1504
26407 # 1504
26407 + 100
26408 # 1504
26408 - 100 1
26409 # 1504
26410 # 1504
26410 + 100
26411 # 1504
26411 - 100 1
26412 # 1504
26412 + 100
26413 # 1504
26413 - 100 1
26414 # 1504
26415 # 1504
26416 # 1504
26417 # 1504
26417 + 100
26418 # 1504
26418 - 100 1
26419 # 1504
26420 # 1504
26421 # 1504
26422 # 1504
26422 + 100
26423 # 1504
26423 - 100 1
26424 # 1504
26425 # 1504
26426 # 1504
26427 # 1504
26427 + 100
26428 # 1504
26428 - 100 1
26429 # 1504
26430 # 1504
26431 # 1504
26432 # 1504
26432 + 100
26433 # 1504
26433 - 100 1
26434 # 1504
26435 # 1504
26436 # 1504
26436 + 100
26437 # 1504
26437 - 100 1
26438 # 1504
26439 # 1504
26440 # 1504
26441 # 1504
26441 + 100
26442 # 1504
26442 - 100 1
26443 # 1504
26444 # 1504
26445 # 1504
26446 # 1504
26446 + 100
26447 # 1504
26447 - 100 1
26448 # 1504
26449 # 1504
26450 # 1504
26451 # 1504
26451 + 100
26452 # 1504
26452 - 100 1
26453 # 1504
26454 # 1504
26455 # 1504
26456 # 1504
26456 + 100
26457 # 1504
26457 - 100 1
26458 # 1504
26459 # 1504
26460 # 1504
26460 + 100
26461 # 1504
26461 - 100 1
26462 # 1504
26463 # 1504
26464 # 1504
26464 + 100
26465 # 1504
26465 - 100 1
26466 # 1504
26466 + 100
26467 # 1504
26467 - 100 1
26468 # 1504
26469 # 1504
26470 # 1504
26471 # 1504
26472 # 1504
26472 + 100
26473 # 1504
26473 - 100 1
26474 # 1504
26475 # 1504
26475 + 100
26476 # 1504
26476 - 100 1
26476 + 100
26477 # 1504
26477 - 100 1
26478 # 1504
26479 # 1504
26480 # 1504
26481 # 1504
26481 + 100
26482 # 1504
26482 - 100 1
26483 # 1504
26484 # 1504
26485 # 1504
26486 # 1504
26486 + 100
26487 # 1504
26487 - 100 1
26488 # 1504
26489 # 1504
26490 # 1504
26490 + 100
26491 # 1504
26491 - 100 1
26492 # 1504
26493 # 1504
26493 + 100
26494 # 1504
26494 - 100 1
26495 # 1504
26495 + 100
26496 # 1504
26496 - 100 1
26497 # 1504
26498 # 1504
26498 + 100
26499 # 1504
26499 - 100 1
26500 # 1504
26501 # 1504
26502 # 1504
26503 # 1504
26503 + 100
26504 # 1504
26504 - 100 1
26505 # 1504
26506 # 1504
26506 + 100
26507 # 1504
26507 - 100 1
26507 + 100
26508 # 1504
26508 - 100 1
26509 # 1504
26509 + 100
26510 # 1504
26510 - 100 1
26511 # 1504
26512 # 1504
26512 + 100
26513 # 1504
26513 - 100 1
26514 # 1504
26514 + 100
26515 # 1504
26515 - 100 1
26516 # 1504
26517 # 1504
26517 + 100
26518 # 1504
26518 - 100 1
26519 # 1504
26520 # 1504
26521 # 1504
26522 # 1504
26522 + 100
26523 # 1504
26523 - 100 1
26524 # 1504
26525 # 1504
26526 # 1504
26527 # 1504
26527 + 100
26528 # 1504
26528 - 100 1
26529 # 1504
26530 # 1504
26531 # 1504
26531 + 100
26532 # 1504
26532 - 100 1
26533 # 1504
26534 # 1504
26535 # 1504
26536 # 1504
26536 + 100
26537 # 1504
26537 - 100 1
26538 # 1504
26539 # 1504
26540 # 1504
26541 # 1504
26541 + 100
26542 # 1504
26542 - 100 1
26543 # 1504
26544 # 1504
26545 # 1504
26546 # 1504
26546 + 100
26547 # 1504
26547 - 100 1
26548 # 1504
26549 # 1504
26550 # 1504
26551 # 1504
26551 + 100
26552 # 1504
26552 - 100 1
26553 # 1504
26554 # 1504
26555 # 1504
26556 # 1504
26556 + 100
26557 # 1504
26557 - 100 1
26558 # 1504
26559 # 1504
26560 # 1504
26561 # 1504
26561 + 100
26562 # 1504
26562 - 100 1
26563 # 1504
26564 # 1504
26565 # 1504
26565 + 100
26566 # 1504
26566 - 100 1
26567 # 1504
26568 # 1504
26569 # 1504
26570 # 1504
26570 + 100
26571 # 1504
26571 - 100 1
26572 # 1504
26573 # 1504
26574 # 1504
26574 + 100
26575 # 1504
26575 - 100 1
26576 # 1504
26577 # 1504
26578 # 1504
26579 # 1504
26580 # 1504
26580 + 100
26581 # 1504
26581 - 100 1
26582 # 1504
26583 # 1504
26584 # 1504
26584 + 100
26585 # 1504
26585 - 100 1
26586 # 1504
26587 # 1504
26588 # 1504
26589 # 1504
26589 + 100
26590 # 1504
26590 - 100 1
26591 # 1504
26592 # 1504
26593 # 1504
26594 # 1504
26594 + 100
26595 # 1504
26595 - 100 1
26596 # 1504
26597 # 1504
26598 # 1504
26599 # 1504
26599 + 100
26600 # 1504
26600 - 100 1
26601 # 1504
26602 # 1504
26603 # 1504
26603 + 100
26604 # 1504
26604 - 100 1
26605 # 1504
26606 # 1504
26607 # 1504
26608 # 1504
26608 + 100
26609 # 1504
26609 - 100 1
26610 # 1504
26611 # 1504
26612 # 1504
26613 # 1504
26613 + 100
26614 # 1504
26614 - 100 1
26615 # 1504
26616 # 1504
26617 # 1504
26617 + 100
26618 # 1504
26618 - 100 1
26619 # 1504
26620 # 1504
26621 # 1504
26621 + 100
26622 # 1504
26622 - 100 1
26623 # 1504
26623 + 100
26624 # 1504
26624 - 100 1
26625 # 1504
26626 # 1504
26627 # 1504
26628 # 1504
26628 + 100
26629 # 1504
26629 - 100 1
26630 # 1504
26631 # 1504
26632 # 1504
26633 # 1504
26633 + 100
26634 # 1504
26634 - 100 1
26635 # 1504
26636 # 1504
26637 # 1504
26637 + 100
26638 # 1504
26638 - 100 1
26639 # 1504
26640 # 1504
26640 + 100
26641 # 1504
26641 - 100 1
26642 # 1504
26642 + 100
26643 # 1504
26643 - 100 1
26644 # 1504
26645 # 1504
26645 + 100
26646 # 1504
26646 - 100 1
26647 # 1504
26648 # 1504
26649 # 1504
26650 # 1504
26650 + 100
26651 # 1504
26651 - 100 1
26652 # 1504
26653 # 1504
26654 # 1504
26655 # 1504
26655 + 100
26656 # 1504
26656 - 100 1
26657 # 1504
26658 # 1504
26659 # 1504
26660 # 1504
26660 + 100
26661 # 1504
26661 - 100 1
26662 # 1504
26663 # 1504
26664 # 1504
26664 + 100
26665 # 1504
26665 - 100 1
26666 # 1504
26667 # 1504
26668 # 1504
26669 # 1504
26669 + 100
26670 # 1504
26670 - 100 1
26671 # 1504
26672 # 1504
26673 # 1504
26673 + 100
26674 # 1504
26674 - 100 1
26675 # 1504
26676 # 1504
26676 + 100
26677 # 1504
26677 - 100 1
26678 # 1504
26678 + 100
26679 # 1504
26679 - 100 1
26680 # 1504
26681 # 1504
26681 + 100
26682 # 1504
26682 - 100 1
26683 # 1504
26684 # 1504
26685 # 1504
26686 # 1504
26686 + 100
26687 # 1504
26687 - 100 1
26688 # 1504
26689 # 1504
26690 # 1504
26691 # 1504
26691 + 100
26692 # 1504
26692 - 100 1
26693 # 1504
26694 # 1504
26695 # 1504
26696 # 1504
26696 + 100
26697 # 1504
26697 - 100 1
26698 # 1504
26699 # 1504
26700 # 1504
26700 + 100
26701 # 1504
26701 - 100 1
26702 # 1504
26703 # 1504
26704 # 1504
26705 # 1504
26705 + 100
26706 # 1504
26706 - 100 1
26707 # 1504
26708 # 1504
26709 # 1504
26710 # 1504
26710 + 100
26711 # 1504
26711 - 100 1
26712 # 1504
26713 # 1504
26714 # 1504
26715 # 1504
26715 + 100
26716 # 1504
26716 - 100 1
26717 # 1504
26718 # 1504
26719 # 1504
26720 # 1504
26720 + 100
26721 # 1504
26721 - 100 1
26722 # 1504
26723 # 1504
26724 # 1504
26724 + 100
26725 # 1504
26725 - 100 1
26726 # 1504
26727 # 1504
26728 # 1504
26729 # 1504
26729 + 100
26730 # 1504
26730 - 100 1
26731 # 1504
26732 # 1504
26733 # 1504
26734 # 1504
26734 + 100
26735 # 1504
26735 - 100 1
26736 # 1504
26737 # 1504
26738 # 1504
26739 # 1504
26739 + 100
26740 # 1504
26740 - 100 1
26741 # 1504
26742 # 1504
26743 # 1504
26744 # 1504
26744 + 100
26745 # 1504
26745 - 100 1
26746 # 1504
26747 # 1504
26748 # 1504
26748 + 100
26749 # 1504
26749 - 100 1
26750 # 1504
26751 # 1504
26752 # 1504
26753 # 1504
26753 + 100
26754 # 1504
26754 - 100 1
26755 # 1504
26756 # 1504
26757 # 1504
26758 # 1504
26758 + 100
26759 # 1504
26759 - 100 1
26760 # 1504
26761 # 1504
26762 # 1504
26763 # 1504
26763 + 100
26764 # 1504
26764 - 100 1
26765 # 1504
26766 # 1504
26767 # 1504
26767 + 100
26768 # 1504
26768 - 100 1
26769 # 1504
26770 # 1504
26771 # 1504
26772 # 1504
26772 + 100
26773 # 1504
26773 - 100 1
26774 # 1504
26775 # 1504
26776 # 1504
26777 # 1504
26777 + 100
26778 # 1504
26778 - 100 1
26779 # 1504
26780 # 1504
26781 # 1504
26782 # 1504
26782 + 100
26783 # 1504
26783 - 100 1
26784 # 1504
26785 # 1504
26786 # 1504
26787 # 1504
26787 + 100
26788 # 1504
26788 - 100 1
26789 # 1504
26790 # 1504
26791 # 1504
26791 + 100
26792 # 1504
26792 - 100 1
26793 # 1504
26794 # 1504
26795 # 1504
26796 # 1504
26796 + 100
26797 # 1504
26797 - 100 1
26798 # 1504
26799 # 1504
26800 # 1504
26801 # 1504
26801 + 100
26802 # 1504
26802 - 100 1
26803 # 1504
26804 # 1504
26805 # 1504
26805 + 100
26806 # 1504
26806 - 100 1
26807 # 1504
26808 # 1504
26809 # 1504
26809 + 100
26810 # 1504
26810 - 100 1
26811 # 1504
26812 # 1504
26812 + 100
26813 # 1504
26813 - 100 1
26814 # 1504
26815 # 1504
26816 # 1504
26816 + 100
26817 # 1504
26817 - 100 1
26818 # 1504
26819 # 1504
26820 # 1504
26821 # 1504
26821 + 100
26822 # 1504
26822 - 100 1
26823 # 1504
26824 # 1504
26825 # 1504
26826 # 1504
26826 + 100
26827 # 1504
26827 - 100 1
26828 # 1504
26829 # 1504
26830 # 1504
26831 # 1504
26831 + 100
26832 # 1504
26832 - 100 1
26833 # 1504
26834 # 1504
26835 # 1504
26835 + 100
26836 # 1504
26836 - 100 1
26837 # 1504
26838 # 1504
26839 # 1504
26840 # 1504
26840 + 100
26841 # 1504
26841 - 100 1
26842 # 1504
26843 # 1504
26844 # 1504
26845 # 1504
26845 + 100
26846 # 1504
26846 - 100 1
26847 # 1504
26848 # 1504
26849 # 1504
26850 # 1504
26850 + 100
26851 # 1504
26851 - 100 1
26852 # 1504
26853 # 1504
26854 # 1504
26854 + 100
26855 # 1504
26855 - 100 1
26856 # 1504
26857 # 1504
26857 + 100
26858 # 1504
26858 - 100 1
26859 # 1504
26859 + 100
26860 # 1504
26860 - 100 1
26861 # 1504
26862 # 1504
26862 + 100
26863 # 1504
26863 - 100 1
26864 # 1504
26865 # 1504
26866 # 1504
26866 + 100
26867 # 1504
26867 - 100 1
26868 # 1504
26869 # 1504
26869 + 100
26870 # 1504
26870 - 100 1
26871 # 1504
26871 + 100
26872 # 1504
26872 - 100 1
26873 # 1504
26874 # 1504
26874 + 100
26875 # 1504
26875 - 100 1
26876 # 1504
26877 # 1504
26878 # 1504
26879 # 1504
26879 + 100
26880 # 1504
26880 - 100 1
26881 # 1504
26882 # 1504
26883 # 1504
26884 # 1504
26884 + 100
26885 # 1504
26885 - 100 1
26886 # 1504
26887 # 1504
26888 # 1504
26889 # 1504
26889 + 100
26890 # 1504
26890 - 100 1
26891 # 1504
26892 # 1504
26893 # 1504
26893 + 100
26894 # 1504
26894 - 100 1
26895 # 1504
26896 # 1504
26897 # 1504
26898 # 1504
26898 + 100
26899 # 1504
26899 - 100 1
26900 # 1504
26901 # 1504
26902 # 1504
26902 + 100
26903 # 1504
26903 - 100 1
26904 # 1504
26905 # 1504
26905 + 100
26906 # 1504
26906 - 100 1
26907 # 1504
26907 + 100
26908 # 1504
26908 - 100 1
26909 # 1504
26910 # 1504
26910 + 100
26911 # 1504
26911 - 100 1
26912 # 1504
26913 # 1504
26914 # 1504
26915 # 1504
26915 + 100
26916 # 1504
26916 - 100 1
26917 # 1504
26918 # 1504
26919 # 1504
26920 # 1504
26920 + 100
26921 # 1504
26921 - 100 1
26922 # 1504
26923 # 1504
26924 # 1504
26924 + 100
26925 # 1504
26925 - 100 1
26926 # 1504
26927 # 1504
26927 + 100
26928 # 1504
26928 - 100 1
26929 # 1504
26929 + 100
26930 # 1504
26930 - 100 1
26931 # 1504
26931 + 100
26932 # 1504
26932 - 100 1
26933 # 1504
26934 # 1504
26934 + 100
26935 # 1504
26935 - 100 1
26936 # 1504
26936 + 100
26937 # 1504
26937 - 100 1
26938 # 1504
26939 # 1504
26939 + 100
26940 # 1504
26940 - 100 1
26941 # 1504
26942 # 1504
26943 # 1504
26944 # 1504
26944 + 100
26945 # 1504
26945 - 100 1
26946 # 1504
26947 # 1504
26948 # 1504
26949 # 1504
26949 + 100
26950 # 1504
26950 - 100 1
26951 # 1504
26952 # 1504
26953 # 1504
26953 + 100
26954 # 1504
26954 - 100 1
26955 # 1504
26956 # 1504
26957 # 1504
26957 + 100
26958 # 1504
26958 - 100 1
26959 # 1504
26959 + 100
26960 # 1504
26960 - 100 1
26961 # 1504
26962 # 1504
26962 + 100
26963 # 1504
26963 - 100 1
26964 # 1504
26965 # 1504
26966 # 1504
26966 + 100
26967 # 1504
26967 - 100 1
26968 # 1504
26969 # 1504
26969 + 100
26970 # 1504
26970 - 100 1
26971 # 1504
26971 + 100
26972 # 1504
26972 - 100 1
26973 # 1504
26974 # 1504
26974 + 100
26975 # 1504
26975 - 100 1
26976 # 1504
26977 # 1504
26978 # 1504
26979 # 1504
26979 + 100
26980 # 1504
26980 - 100 1
26981 # 1504
26982 # 1504
26983 # 1504
26983 + 100
26984 # 1504
26984 - 100 1
26985 # 1504
26986 # 1504
26986 + 100
26987 # 1504
26987 - 100 1
26988 # 1504
26988 + 100
26989 # 1504
26989 - 100 1
26990 # 1504
26991 # 1504
26991 + 100
26992 # 1504
26992 - 100 1
26993 # 1504
26994 # 1504
26995 # 1504
26996 # 1504
26996 + 100
26997 # 1504
26997 - 100 1
26998 # 1504
26999 # 1504
26999 + 100
27000 # 1504
27000 - 100 1
27001 # 1504
27001 + 100
27002 # 1504
27002 - 100 1
27003 # 1504
27004 # 1504
27004 + 100
27005 # 1504
27005 - 100 1
27006 # 1504
27007 # 1504
27008 # 1504
27009 # 1504
27009 + 100
27010 # 1504
27010 - 100 1
27011 # 1504
27012 # 1504
27013 # 1504
27013 + 100
27014 # 1504
27014 - 100 1
27014 + 100
27015 # 1504
27015 - 100 1
27016 # 1504
27017 # 1504
27017 + 100
27018 # 1504
27018 - 100 1
27019 # 1504
27019 + 100
27020 # 1504
27020 - 100 1
27021 # 1504
27022 # 1504
27022 + 100
27023 # 1504
27023 - 100 1
27024 # 1504
27025 # 1504
27025 + 100
27026 # 1504
27026 - 100 1
27027 # 1504
27027 + 100
27028 # 1504
27028 - 100 1
27029 # 1504
27030 # 1504
27030 + 100
27031 # 1504
27031 - 100 1
27032 # 1504
27032 + 100
27033 # 1504
27033 - 100 1
27034 # 1504
27035 # 1504
27035 + 100
27036 # 1504
27036 - 100 1
27037 # 1504
27038 # 1504
27039 # 1504
27040 # 1504
27040 + 100
27041 # 1504
27041 - 100 1
27042 # 1504
27043 # 1504
27043 + 100
27044 # 1504
27044 - 100 1
27045 # 1504
27046 # 1504
27046 + 100
27047 # 1504
27047 - 100 1
27048 # 1504
27048 + 100
27049 # 1504
27049 - 100 1
27050 # 1504
27051 # 1504
27051 + 100
27052 # 1504
27052 - 100 1
27053 # 1504
27054 # 1504
27055 # 1504
27056 # 1504
27056 + 100
27057 # 1504
27057 - 100 1
27058 # 1504
27059 # 1504
27060 # 1504
27061 # 1504
27061 + 100
27062 # 1504
27062 - 100 1
27063 # 1504
27064 # 1504
27065 # 1504
27066 # 1504
27066 + 100
27067 # 1504
27067 - 100 1
27068 # 1504
27069 # 1504
27070 # 1504
27070 + 100
27071 # 1504
27071 - 100 1
27072 # 1504
27073 # 1504
27074 # 1504
27075 # 1504
27075 + 100
27076 # 1504
27076 - 100 1
27077 # 1504
27078 # 1504
27079 # 1504
27079 + 100
27080 # 1504
27080 - 100 1
27081 # 1504
27081 + 100
27082 # 1504
27082 - 100 1
27083 # 1504
27084 # 1504
27084 + 100
27085 # 1504
27085 - 100 1
27086 # 1504
27087 # 1504
27088 # 1504
27088 + 100
27089 # 1504
27089 - 100 1
27090 # 1504
27091 # 1504
27092 # 1504
27093 # 1504
27094 # 1504
27095 # 1504
27095 + 100
27096 # 1504
27096 - 100 1
27097 # 1504
27098 # 1504
27099 # 1504
27099 + 100
27100 # 1504
27100 - 100 1
27101 # 1504
27102 # 1504
27103 # 1504
27103 + 100
27104 # 1504
27104 - 100 1
27105 # 1504
27106 # 1504
27107 # 1504
27108 # 1504
27108 + 100
27109 # 1504
27109 - 100 1
27110 # 1504
27111 # 1504
27112 # 1504
27112 + 100
27113 # 1504
27113 - 100 1
27114 # 1504
27115 # 1504
27116 # 1504
27117 # 1504
27118 # 1504
27119 # 1504
27119 + 100
27120 # 1504
27120 - 100 1
27121 # 1504
27122 # 1504
27123 # 1504
27123 + 100
27124 # 1504
27124 - 100 1
27125 # 1504
27126 # 1504
27127 # 1504
27127 + 100
27128 # 1504
27128 - 100 1
27129 # 1504
27130 # 1504
27131 # 1504
27131 + 100
27132 # 1504
27132 - 100 1
27133 # 1504
27134 # 1504
27135 # 1504
27136 # 1504
27137 # 1504
27137 + 100
27138 # 1504
27138 - 100 1
27139 # 1504
27140 # 1504
27141 # 1504
27142 # 1504
27142 + 100
27143 # 1504
27143 - 100 1
27144 # 1504
27145 # 1504
27146 # 1504
27147 # 1504
27147 + 100
27148 # 1504
27148 - 100 1
27149 # 1504
27150 # 1504
27151 # 1504
27152 # 1504
27152 + 100
27153 # 1504
27153 - 100 1
27154 # 1504
27155 # 1504
27156 # 1504
27156 + 100
27157 # 1504
27157 - 100 1
27158 # 1504
27159 # 1504
27160 # 1504
27161 # 1504
27161 + 100
27162 # 1504
27162 - 100 1
27163 # 1504
27164 # 1504
27165 # 1504
27166 # 1504
27166 + 100
27167 # 1504
27167 - 100 1
27168 # 1504
27169 # 1504
27170 # 1504
27170 + 100
27171 # 1504
27171 - 100 1
27172 # 1504
27173 # 1504
27174 # 1504
27175 # 1504
27176 # 1504
27176 + 100
27177 # 1504
27177 - 100 1
27178 # 1504
27179 # 1504
27180 # 1504
27180 + 100
27181 # 1504
27181 - 100 1
27182 # 1504
27183 # 1504
27184 # 1504
27184 + 100
27185 # 1504
27185 - 100 1
27186 # 1504
27187 # 1504
27188 # 1504
27188 + 100
27189 # 1504
27189 - 100 1
27190 # 1504
27190 + 100
27191 # 1504
27191 - 100 1
27192 # 1504
27193 # 1504
27194 # 1504
27195 # 1504
27196 # 1504
27196 + 100
27197 # 1504
27197 - 100 1
27198 # 1504
27199 # 1504
27200 # 1504
27201 # 1504
27201 + 100
27202 # 1504
27202 - 100 1
27203 # 1504
27204 # 1504
27204 + 100
27205 # 1504
27205 - 100 1
27206 # 1504
27207 # 1504
27207 + 100
27208 # 1504
27208 - 100 1
27209 # 1504
27210 # 1504
27210 + 100
27211 # 1504
27211 - 100 1
27212 # 1504
27213 # 1504
27213 + 100
27214 # 1504
27214 - 100 1
27215 # 1504
27216 # 1504
27217 # 1504
27217 + 100
27218 # 1504
27218 - 100 1
27219 # 1504
27220 # 1504
27221 # 1504
27221 + 100
27222 # 1504
27222 - 100 1
27223 # 1504
27223 + 100
27224 # 1504
27224 - 100 1
27225 # 1504
27226 # 1504
27227 # 1504
27228 # 1504
27228 + 100
27229 # 1504
27229 - 100 1
27230 # 1504
27231 # 1504
27232 # 1504
27233 # 1504
27233 + 100
27234 # 1504
27234 - 100 1
27235 # 1504
27236 # 1504
27237 # 1504
27238 # 1504
27239 # 1504
27239 + 100
27240 # 1504
27240 - 100 1
27241 # 1504
27242 # 1504
27242 + 100
27243 # 1504
27243 - 100 1
27244 # 1504
27245 # 1504
27246 # 1504
27246 + 100
27247 # 1504
27247 - 100 1
27247 + 100
27248 # 1504
27248 - 100 1
27249 # 1504
27250 # 1504
27250 + 100
27251 # 1504
27251 - 100 1
27252 # 1504
27253 # 1504
27253 + 100
27254 # 1504
27254 - 100 1
27255 # 1504
27256 # 1504
27257 # 1504
27258 # 1504
27259 # 1504
27259 + 100
27260 # 1504
27260 - 100 1
27261 # 1504
27262 # 1504
27262 + 100
27263 # 1504
27263 - 100 1
27264 # 1504
27265 # 1504
27266 # 1504
27266 + 100
27267 # 1504
27267 - 100 1
27268 # 1504
27269 # 1504
27270 # 1504
27270 + 100
27271 # 1504
27271 - 100 1
27272 # 1504
27273 # 1504
27273 + 100
27274 # 1504
27274 - 100 1
27275 # 1504
27276 # 1504
27277 # 1504
27278 # 1504
27278 + 100
27279 # 1504
27279 - 100 1
27280 # 1504
27281 # 1504
27282 # 1504
27282 + 100
27283 # 1504
27283 - 100 1
27284 # 1504
27285 # 1504
27286 # 1504
27286 + 100
27287 # 1504
27287 - 100 1
27288 # 1504
27289 # 1504
27289 + 100
27290 # 1504
27290 - 100 1
27291 # 1504
27292 # 1504
27293 # 1504
27293 + 100
27294 # 1504
27294 - 100 1
27295 # 1504
27295 + 100
27296 # 1504
27296 - 100 1
27297 # 1504
27298 # 1504
27299 # 1504
27300 # 1504
27300 + 100
27301 # 1504
27301 - 100 1
27302 # 1504
27303 # 1504
27304 # 1504
27305 # 1504
27306 # 1504
27307 # 1504
27307 + 100
27308 # 1504
27308 - 100 1
27309 # 1504
27309 + 100
27310 # 1504
27310 - 100 1
27311 # 1504
27312 # 1504
27313 # 1504
27313 + 100
27314 # 1504
27314 - 100 1
27315 # 1504
27316 # 1504
27316 + 100
27317 # 1504
27317 - 100 1
27318 # 1504
27319 # 1504
27320 # 1504
27321 # 1504
27322 # 1504
27322 + 100
27323 # 1504
27323 - 100 1
27324 # 1504
27325 # 1504
27325 + 100
27326 # 1504
27326 - 100 1
27327 # 1504
27328 # 1504
27329 # 1504
27330 # 1504
27330 + 100
27331 # 1504
27331 - 100 1
27332 # 1504
27333 # 1504
27334 # 1504
27335 # 1504
27335 + 100
27336 # 1504
27336 - 100 1
27337 # 1504
27338 # 1504
27339 # 1504
27340 # 1504
27341 # 1504
27341 + 100
27342 # 1504
27342 - 100 1
27343 # 1504
27344 # 1504
27344 + 100
27345 # 1504
27345 - 100 1
27346 # 1504
27347 # 1504
27348 # 1504
27349 # 1504
27350 # 1504
27351 # 1504
27352 # 1504
27353 # 1504
27354 # 1504
27355 # 1504
27355 + 100
27356 # 1504
27356 - 100 1
27356 + 100
27357 # 1504
27357 - 100 1
27358 # 1504
27359 # 1504
27359 + 100
27360 # 1504
27360 - 100 1
27361 # 1504
27362 # 1504
27363 # 1504
27364 # 1504
27365 # 1504
27365 + 100
27366 # 1504
27366 - 100 1
27367 # 1504
27368 # 1504
27368 + 100
27369 # 1504
27369 - 100 1
27370 # 1504
27371 # 1504
27372 # 1504
27373 # 1504
27373 + 100
27374 # 1504
27374 - 100 1
27375 # 1504
27376 # 1504
27377 # 1504
27378 # 1504
27379 # 1504
27379 + 100
27380 # 1504
27380 - 100 1
27381 # 1504
27382 # 1504
27383 # 1504
27384 # 1504
27384 + 100
27385 # 1504
27385 - 100 1
27386 # 1504
27387 # 1504
27388 # 1504
27388 + 100
27389 # 1504
27389 - 100 1
27390 # 1504
27391 # 1504
27392 # 1504
27393 # 1504
27393 + 100
27394 # 1504
27394 - 100 1
27395 # 1504
27396 # 1504
27397 # 1504
27398 # 1504
27399 # 1504
27399 + 100
27400 # 1504
27400 - 100 1
27401 # 1504
27402 # 1504
27403 # 1504
27403 + 100
27404 # 1504
27404 - 100 1
27405 # 1504
27406 # 1504
27407 # 1504
27408 # 1504
27409 # 1504
27409 + 100
27410 # 1504
27410 - 100 1
27411 # 1504
27412 # 1504
27413 # 1504
27413 + 100
27414 # 1504
27414 - 100 1
27415 # 1504
27416 # 1504
27417 # 1504
27417 + 100
27418 # 1504
27418 - 100 1
27419 # 1504
27420 # 1504
27421 # 1504
27422 # 1504
27423 # 1504
27423 + 100
27424 # 1504
27424 - 100 1
27425 # 1504
27426 # 1504
27427 # 1504
27427 + 100
27428 # 1504
27428 - 100 1
27429 # 1504
27430 # 1504
27431 # 1504
27432 # 1504
27433 # 1504
27433 + 100
27434 # 1504
27434 - 100 1
27435 # 1504
27436 # 1504
27437 # 1504
27438 # 1504
27438 + 100
27439 # 1504
27439 - 100 1
27440 # 1504
27440 + 100
27441 # 1504
27441 - 100 1
27442 # 1504
27443 # 1504
27444 # 1504
27445 # 1504
27445 + 100
27446 # 1504
27446 - 100 1
27447 # 1504
27448 # 1504
27449 # 1504
27450 # 1504
27451 # 1504
27452 # 1504
27452 + 100
27453 # 1504
27453 - 100 1
27454 # 1504
27455 # 1504
27456 # 1504
27456 + 100
27457 # 1504
27457 - 100 1
27458 # 1504
27459 # 1504
27460 # 1504
27460 + 100
27461 # 1504
27461 - 100 1
27462 # 1504
27463 # 1504
27464 # 1504
27465 # 1504
27465 + 100
27466 # 1504
27466 - 100 1
27467 # 1504
27468 # 1504
27469 # 1504
27470 # 1504
27471 # 1504
27471 + 100
27472 # 1504
27472 - 100 1
27473 # 1504
27474 # 1504
27475 # 1504
27475 + 100
27476 # 1504
27476 - 100 1
27477 # 1504
27478 # 1504
27479 # 1504
27480 # 1504
27480 + 100
27481 # 1504
27481 - 100 1
27482 # 1504
27483 # 1504
27484 # 1504
27485 # 1504
27485 + 100
27486 # 1504
27486 - 100 1
27487 # 1504
27488 # 1504
27489 # 1504
27490 # 1504
27490 + 100
27491 # 1504
27491 - 100 1
27492 # 1504
27493 # 1504
27494 # 1504
27495 # 1504
27495 + 100
27496 # 1504
27496 - 100 1
27497 # 1504
27498 # 1504
27499 # 1504
27500 # 1504
27500 + 100
27501 # 1504
27501 - 100 1
27502 # 1504
27503 # 1504
27504 # 1504
27505 # 1504
27505 + 100
27506 # 1504
27506 - 100 1
27507 # 1504
27508 # 1504
27508 + 100
27509 # 1504
27509 - 100 1
27510 # 1504
27511 # 1504
27512 # 1504
27513 # 1504
27514 # 1504
27514 + 100
27515 # 1504
27515 - 100 1
27516 # 1504
27517 # 1504
27517 + 100
27518 # 1504
27518 - 100 1
27519 # 1504
27520 # 1504
27521 # 1504
27522 # 1504
27523 # 1504
27524 # 1504
27524 + 100
27525 # 1504
27525 - 100 1
27526 # 1504
27527 # 1504
27528 # 1504
27529 # 1504
27529 + 100
27530 # 1504
27530 - 100 1
27531 # 1504
27531 + 100
27532 # 1504
27532 - 100 1
27533 # 1504
27534 # 1504
27535 # 1504
27536 # 1504
27537 # 1504
27538 # 1504
27538 + 100
27539 # 1504
27539 - 100 1
27540 # 1504
27541 # 1504
27542 # 1504
27543 # 1504
27543 + 100
27544 # 1504
27544 - 100 1
27545 # 1504
27546 # 1504
27547 # 1504
27547 + 100
27548 # 1504
27548 - 100 1
27549 # 1504
27550 # 1504
27551 # 1504
27552 # 1504
27552 + 100
27553 # 1504
27553 - 100 1
27554 # 1504
27555 # 1504
27556 # 1504
27556 + 100
27557 # 1504
27557 - 100 1
27558 # 1504
27559 # 1504
27560 # 1504
27561 # 1504
27562 # 1504
27562 + 100
27563 # 1504
27563 - 100 1
27564 # 1504
27565 # 1504
27566 # 1504
27567 # 1504
27567 + 100
27568 # 1504
27568 - 100 1
27569 # 1504
27569 + 100
27570 # 1504
27570 - 100 1
27571 # 1504
27572 # 1504
27573 # 1504
27574 # 1504
27575 # 1504
27576 # 1504
27576 + 100
27577 # 1504
27577 - 100 1
27578 # 1504
27579 # 1504
27580 # 1504
27580 + 100
27581 # 1504
27581 - 100 1
27582 # 1504
27583 # 1504
27584 # 1504
27584 + 100
27585 # 1504
27585 - 100 1
27586 # 1504
27587 # 1504
27588 # 1504
27588 + 100
27589 # 1504
27589 - 100 1
27590 # 1504
27591 # 1504
27592 # 1504
27593 # 1504
27594 # 1504
27595 # 1504
27596 # 1504
27596 + 100
27597 # 1504
27597 - 100 1
27598 # 1504
27599 # 1504
27600 # 1504
27600 + 100
27601 # 1504
27601 - 100 1
27602 # 1504
27603 # 1504
27603 + 100
27604 # 1504
27604 - 100 1
27605 # 1504
27606 # 1504
27607 # 1504
27607 + 100
27608 # 1504
27608 - 100 1
27608 + 100
27609 # 1504
27609 - 100 1
27610 # 1504
27611 # 1504
27612 # 1504
27613 # 1504
27614 # 1504
27615 # 1504
27615 + 100
27616 # 1504
27616 - 100 1
27617 # 1504
27618 # 1504
27619 # 1504
27619 + 100
27620 # 1504
27620 - 100 1
27621 # 1504
27622 # 1504
27623 # 1504
27624 # 1504
27625 # 1504
27625 + 100
27626 # 1504
27626 - 100 1
27627 # 1504
27628 # 1504
27628 + 100
27629 # 1504
27629 - 100 1
27630 # 1504
27631 # 1504
27631 + 100
27632 # 1504
27632 - 100 1
27633 # 1504
27634 # 1504
27634 + 100
27635 # 1504
27635 - 100 1
27636 # 1504
27637 # 1504
27638 # 1504
27639 # 1504
27639 + 100
27640 # 1504
27640 - 100 1
27641 # 1504
27642 # 1504
27643 # 1504
27643 + 100
27644 # 1504
27644 - 100 1
27645 # 1504
27646 # 1504
27647 # 1504
27648 # 1504
27648 + 100
27649 # 1504
27649 - 100 1
27650 # 1504
27651 # 1504
27652 # 1504
27652 + 100
27653 # 1504
27653 - 100 1
27654 # 1504
27655 # 1504
27656 # 1504
27657 # 1504
27658 # 1504
27658 + 100
27659 # 1504
27659 - 100 1
27660 # 1504
27661 # 1504
27662 # 1504
27663 # 1504
27664 # 1504
27664 + 100
27665 # 1504
27665 - 100 1
27666 # 1504
27667 # 1504
27668 # 1504
27668 + 100
27669 # 1504
27669 - 100 1
27670 # 1504
27671 # 1504
27672 # 1504
27672 + 100
27673 # 1504
27673 - 100 1
27674 # 1504
27675 # 1504
27676 # 1504
27676 + 100
27677 # 1504
27677 - 100 1
27678 # 1504
27679 # 1504
27680 # 1504
27681 # 1504
27681 + 100
27682 # 1504
27682 - 100 1
27683 # 1504
27684 # 1504
27685 # 1504
27685 + 100
27686 # 1504
27686 - 100 1
27687 # 1504
27687 + 100
27688 # 1504
27688 - 100 1
27689 # 1504
27690 # 1504
27690 + 100
27691 # 1504
27691 - 100 1
27692 # 1504
27693 # 1504
27694 # 1504
27694 + 100
27695 # 1504
27695 - 100 1
27696 # 1504
27696 + 100
27697 # 1504
27697 - 100 1
27698 # 1504
27699 # 1504
27700 # 1504
27701 # 1504
27701 + 100
27702 # 1504
27702 - 100 1
27703 # 1504
27704 # 1504
27705 # 1504
27705 + 100
27706 # 1504
27706 - 100 1
27707 # 1504
27708 # 1504
27709 # 1504
27710 # 1504
27711 # 1504
27712 # 1504
27712 + 100
27713 # 1504
27713 - 100 1
27714 # 1504
27715 # 1504
27716 # 1504
27716 + 100
27717 # 1504
27717 - 100 1
27718 # 1504
27719 # 1504
27719 + 100
27720 # 1504
27720 - 100 1
27721 # 1504
27721 + 100
27722 # 1504
27722 - 100 1
27722 + 100
27723 # 1504
27723 - 100 1
27724 # 1504
27725 # 1504
27726 # 1504
27726 + 100
27727 # 1504
27727 - 100 1
27728 # 1504
27729 # 1504
27729 + 100
27730 # 1504
27730 - 100 1
27731 # 1504
27732 # 1504
27732 + 100
27733 # 1504
27733 - 100 1
27734 # 1504
27735 # 1504
27736 # 1504
27737 # 1504
27738 # 1504
27738 + 100
27739 # 1504
27739 - 100 1
27740 # 1504
27741 # 1504
27742 # 1504
27743 # 1504
27744 # 1504
27744 + 100
27745 # 1504
27745 - 100 1
27746 # 1504
27746 + 100
27747 # 1504
27747 - 100 1
27748 # 1504
27749 # 1504
27749 + 100
27750 # 1504
27750 - 100 1
27751 # 1504
27752 # 1504
27753 # 1504
27753 + 100
27754 # 1504
27754 - 100 1
27755 # 1504
27755 + 100
27756 # 1504
27756 - 100 1
27757 # 1504
27758 # 1504
27759 # 1504
27760 # 1504
27760 + 100
27761 # 1504
27761 - 100 1
27762 # 1504
27763 # 1504
27764 # 1504
27764 + 100
27765 # 1504
27765 - 100 1
27766 # 1504
27767 # 1504
27768 # 1504
27769 # 1504
27770 # 1504
27771 # 1504
27771 + 100
27772 # 1504
27772 - 100 1
27773 # 1504
27774 # 1504
27775 # 1504
27776 # 1504
27777 # 1504
27777 + 100
27778 # 1504
27778 - 100 1
27779 # 1504
27780 # 1504
27781 # 1504
27781 + 100
27782 # 1504
27782 - 100 1
27783 # 1504
27784 # 1504
27784 + 100
27785 # 1504
27785 - 100 1
27786 # 1504
27787 # 1504
27788 # 1504
27788 + 100
27789 # 1504
27789 - 100 1
27790 # 1504
27791 # 1504
27792 # 1504
27793 # 1504
27794 # 1504
27795 # 1504
27796 # 1504
27796 + 100
27797 # 1504
27797 - 100 1
27798 # 1504
27799 # 1504
27800 # 1504
27800 + 100
27801 # 1504
27801 - 100 1
27802 # 1504
27803 # 1504
27803 + 100
27804 # 1504
27804 - 100 1
27805 # 1504
27806 # 1504
27807 # 1504
27808 # 1504
27808 + 100
27809 # 1504
27809 - 100 1
27810 # 1504
27811 # 1504
27812 # 1504
27812 + 100
27813 # 1504
27813 - 100 1
27814 # 1504
27815 # 1504
27816 # 1504
27817 # 1504
27818 # 1504
27818 + 100
27819 # 1504
27819 - 100 1
27820 # 1504
27821 # 1504
27822 # 1504
27822 + 100
27823 # 1504
27823 - 100 1
27824 # 1504
27825 # 1504
27826 # 1504
27827 # 1504
27828 # 1504
27829 # 1504
27830 # 1504
27830 + 100
27831 # 1504
27831 - 100 1
27832 # 1504
27832 + 100
27833 # 1504
27833 - 100 1
27834 # 1504
27835 # 1504
27836 # 1504
27837 # 1504
27838 # 1504
27839 # 1504
27839 + 100
27840 # 1504
27840 - 100 1
27841 # 1504
27841 + 100
27842 # 1504
27842 - 100 1
27843 # 1504
27844 # 1504
27845 # 1504
27845 + 100
27846 # 1504
27846 - 100 1
27847 # 1504
27848 # 1504
27848 + 100
27849 # 1504
27849 - 100 1
27850 # 1504
27851 # 1504
27852 # 1504
27853 # 1504
27854 # 1504
27854 + 100
27855 # 1504
27855 - 100 1
27856 # 1504
27856 + 100
27857 # 1504
27857 - 100 1
27858 # 1504
27859 # 1504
27860 # 1504
27861 # 1504
27861 + 100
27862 # 1504
27862 - 100 1
27863 # 1504
27864 # 1504
27865 # 1504
27866 # 1504
27867 # 1504
27868 # 1504
27868 + 100
27869 # 1504
27869 - 100 1
27870 # 1504
27871 # 1504
27872 # 1504
27872 + 100
27873 # 1504
27873 - 100 1
27874 # 1504
27875 # 1504
27875 + 100
27876 # 1504
27876 - 100 1
27877 # 1504
27878 # 1504
27879 # 1504
27879 + 100
27880 # 1504
27880 - 100 1
27881 # 1504
27882 # 1504
27882 + 100
27883 # 1504
27883 - 100 1
27884 # 1504
27885 # 1504
27886 # 1504
27886 + 100
27887 # 1504
27887 - 100 1
27888 # 1504
27889 # 1504
27890 # 1504
27891 # 1504
27892 # 1504
27892 + 100
27893 # 1504
27893 - 100 1
27894 # 1504
27895 # 1504
27896 # 1504
27896 + 100
27897 # 1504
27897 - 100 1
27898 # 1504
27899 # 1504
27900 # 1504
27901 # 1504
27901 + 100
27902 # 1504
27902 - 100 1
27903 # 1504
27904 # 1504
27905 # 1504
27905 + 100
27906 # 1504
27906 - 100 1
27907 # 1504
27908 # 1504
27909 # 1504
27909 + 100
27910 # 1504
27910 - 100 1
27911 # 1504
27912 # 1504
27912 + 100
27913 # 1504
27913 - 100 1
27914 # 1504
27915 # 1504
27916 # 1504
27916 + 100
27917 # 1504
27917 - 100 1
27918 # 1504
27919 # 1504
27920 # 1504
27921 # 1504
27921 + 100
27922 # 1504
27922 - 100 1
27923 # 1504
27924 # 1504
27925 # 1504
27925 + 100
27926 # 1504
27926 - 100 1
27927 # 1504
27927 + 100
27928 # 1504
27928 - 100 1
27929 # 1504
27930 # 1504
27931 # 1504
27931 + 100
27932 # 1504
27932 - 100 1
27933 # 1504
27934 # 1504
27935 # 1504
27936 # 1504
27936 + 100
27937 # 1504
27937 - 100 1
27938 # 1504
27939 # 1504
27940 # 1504
27940 + 100
27941 # 1504
27941 - 100 1
27942 # 1504
27943 # 1504
27943 + 100
27944 # 1504
27944 - 100 1
27945 # 1504
27945 + 100
27946 # 1504
27946 - 100 1
27947 # 1504
27948 # 1504
27948 + 100
27949 # 1504
27949 - 100 1
27950 # 1504
27951 # 1504
27952 # 1504
27953 # 1504
27953 + 100
27954 # 1504
27954 - 100 1
27955 # 1504
27956 # 1504
27957 # 1504
27957 + 100
27958 # 1504
27958 - 100 1
27959 # 1504
27960 # 1504
27961 # 1504
27961 + 100
27962 # 1504
27962 - 100 1
27963 # 1504
27963 + 100
27964 # 1504
27964 - 100 1
27965 # 1504
27966 # 1504
27966 + 100
27967 # 1504
27967 - 100 1
27968 # 1504
27969 # 1504
27970 # 1504
27971 # 1504
27971 + 100
27972 # 1504
27972 - 100 1
27973 # 1504
27974 # 1504
27975 # 1504
27975 + 100
27976 # 1504
27976 - 100 1
27977 # 1504
27978 # 1504
27979 # 1504
27979 + 100
27980 # 1504
27980 - 100 1
27981 # 1504
27981 + 100
27982 # 1504
27982 - 100 1
27983 # 1504
27984 # 1504
27985 # 1504
27986 # 1504
27986 + 100
27987 # 1504
27987 - 100 1
27988 # 1504
27989 # 1504
27990 # 1504
27991 # 1504
27991 + 100
27992 # 1504
27992 - 100 1
27993 # 1504
27994 # 1504
27995 # 1504
27995 + 100
27996 # 1504
27996 - 100 1
27997 # 1504
27998 # 1504
27998 + 100
27999 # 1504
27999 - 100 1
28000 # 1504
28000 + 100
28001 # 1504
28001 - 100 1
28002 # 1504
28003 # 1504
28003 + 100
28004 # 1504
28004 - 100 1
28005 # 1504
28006 # 1504
28007 # 1504
28008 # 1504
28009 # 1504
28009 + 100
28010 # 1504
28010 - 100 1
28011 # 1504
28012 # 1504
28012 + 100
28013 # 1504
28013 - 100 1
28014 # 1504
28015 # 1504
28015 + 100
28016 # 1504
28016 - 100 1
28017 # 1504
28018 # 1504
28018 + 100
28019 # 1504
28019 - 100 1
28020 # 1504
28021 # 1504
28021 + 100
28022 # 1504
28022 - 100 1
28023 # 1504
28024 # 1504
28025 # 1504
28026 # 1504
28026 + 100
28027 # 1504
28027 - 100 1
28028 # 1504
28029 # 1504
28030 # 1504
28031 # 1504
28031 + 100
28032 # 1504
28032 - 100 1
28033 # 1504
28034 # 1504
28035 # 1504
28035 + 100
28036 # 1504
28036 - 100 1
28037 # 1504
28038 # 1504
28038 + 100
28039 # 1504
28039 - 100 1
28040 # 1504
28040 + 100
28041 # 1504
28041 - 100 1
28042 # 1504
28043 # 1504
28044 # 1504
28044 + 100
28045 # 1504
28045 - 100 1
28046 # 1504
28047 # 1504
28047 + 100
28048 # 1504
28048 - 100 1
28049 # 1504
28050 # 1504
28050 + 100
28051 # 1504
28051 - 100 1
28052 # 1504
28052 + 100
28053 # 1504
28053 - 100 1
28054 # 1504
28055 # 1504
28056 # 1504
28056 + 100
28057 # 1504
28057 - 100 1
28058 # 1504
28059 # 1504
28060 # 1504
28060 + 100
28061 # 1504
28061 - 100 1
28062 # 1504
28063 # 1504
28064 # 1504
28064 + 100
28065 # 1504
28065 - 100 1
28066 # 1504
28067 # 1504
28068 # 1504
28068 + 100
28069 # 1504
28069 - 100 1
28070 # 1504
28071 # 1504
28071 + 100
28072 # 1504
28072 - 100 1
28073 # 1504
28074 # 1504
28075 # 1504
28076 # 1504
28076 + 100
28077 # 1504
28077 - 100 1
28078 # 1504
28079 # 1504
28080 # 1504
28080 + 100
28081 # 1504
28081 - 100 1
28082 # 1504
28083 # 1504
28084 # 1504
28085 # 1504
28086 # 1504
28086 + 100
28087 # 1504
28087 - 100 1
28088 # 1504
28089 # 1504
28089 + 100
28090 # 1504
28090 - 100 1
28091 # 1504
28092 # 1504
28093 # 1504
28093 + 100
28094 # 1504
28094 - 100 1
28095 # 1504
28096 # 1504
28096 + 100
28097 # 1504
28097 - 100 1
28098 # 1504
28099 # 1504
28100 # 1504
28101 # 1504
28101 + 100
28102 # 1504
28102 - 100 1
28103 # 1504
28104 # 1504
28104 + 100
28105 # 1504
28105 - 100 1
28106 # 1504
28107 # 1504
28107 + 100
28108 # 1504
28108 - 100 1
28109 # 1504
28110 # 1504
28111 # 1504
28111 + 100
28112 # 1504
28112 - 100 1
28113 # 1504
28114 # 1504
28114 + 100
28115 # 1504
28115 - 100 1
28116 # 1504
28117 # 1504
28118 # 1504
28119 # 1504
28119 + 100
28120 # 1504
28120 - 100 1
28121 # 1504
28122 # 1504
28123 # 1504
28123 + 100
28124 # 1504
28124 - 100 1
28125 # 1504
28126 # 1504
28127 # 1504
28128 # 1504
28128 + 100
28129 # 1504
28129 - 100 1
28130 # 1504
28131 # 1504
28132 # 1504
28132 + 100
28133 # 1504
28133 - 100 1
28134 # 1504
28135 # 1504
28136 # 1504
28137 # 1504
28137 + 100
28138 # 1504
28138 - 100 1
28139 # 1504
28140 # 1504
28141 # 1504
28142 # 1504
28143 # 1504
28143 + 100
28144 # 1504
28144 - 100 1
28145 # 1504
28146 # 1504
28147 # 1504
28147 + 100
28148 # 1504
28148 - 100 1
28149 # 1504
28150 # 1504
28151 # 1504
28151 + 100
28152 # 1504
28152 - 100 1
28153 # 1504
28154 # 1504
28155 # 1504
28155 + 100
28156 # 1504
28156 - 100 1
28157 # 1504
28158 # 1504
28158 + 100
28159 # 1504
28159 - 100 1
28160 # 1504
28161 # 1504
28162 # 1504
28162 + 100
28163 # 1504
28163 - 100 1
28164 # 1504
28165 # 1504
28166 # 1504
28167 # 1504
28167 + 100
28168 # 1504
28168 - 100 1
28169 # 1504
28170 # 1504
28171 # 1504
28171 + 100
28172 # 1504
28172 - 100 1
28173 # 1504
28174 # 1504
28174 + 100
28175 # 1504
28175 - 100 1
28176 # 1504
28177 # 1504
28178 # 1504
28178 + 100
28179 # 1504
28179 - 100 1
28180 # 1504
28181 # 1504
28181 + 100
28182 # 1504
28182 - 100 1
28183 # 1504
28184 # 1504
28185 # 1504
28185 + 100
28186 # 1504
28186 - 100 1
28187 # 1504
28188 # 1504
28188 + 100
28189 # 1504
28189 - 100 1
28190 # 1504
28190 + 100
28191 # 1504
28191 - 100 1
28192 # 1504
28193 # 1504
28194 # 1504
28194 + 100
28195 # 1504
28195 - 100 1
28196 # 1504
28197 # 1504
28197 + 100
28198 # 1504
28198 - 100 1
28199 # 1504
28200 # 1504
28201 # 1504
28202 # 1504
28202 + 100
28203 # 1504
28203 - 100 1
28204 # 1504
28205 # 1504
28206 # 1504
28206 + 100
28207 # 1504
28207 - 100 1
28208 # 1504
28209 # 1504
28210 # 1504
28210 + 100
28211 # 1504
28211 - 100 1
28212 # 1504
28213 # 1504
28214 # 1504
28214 + 100
28215 # 1504
28215 - 100 1
28216 # 1504
28217 # 1504
28218 # 1504
28218 + 100
28219 # 1504
28219 - 100 1
28220 # 1504
28221 # 1504
28222 # 1504
28222 + 100
28223 # 1504
28223 - 100 1
28224 # 1504
28225 # 1504
28226 # 1504
28226 + 100
28227 # 1504
28227 - 100 1
28228 # 1504
28229 # 1504
28230 # 1504
28231 # 1504
28231 + 100
28232 # 1504
28232 - 100 1
28233 # 1504
28234 # 1504
28235 # 1504
28235 + 100
28236 # 1504
28236 - 100 1
28237 # 1504
28238 # 1504
28238 + 100
28239 # 1504
28239 - 100 1
28240 # 1504
28241 # 1504
28242 # 1504
28242 + 100
28243 # 1504
28243 - 100 1
28244 # 1504
28245 # 1504
28246 # 1504
28246 + 100
28247 # 1504
28247 - 100 1
28248 # 1504
28249 # 1504
28249 + 100
28250 # 1504
28250 - 100 1
28251 # 1504
28252 # 1504
28253 # 1504
28253 + 100
28254 # 1504
28254 - 100 1
28255 # 1504
28256 # 1504
28257 # 1504
28257 + 100
28258 # 1504
28258 - 100 1
28259 # 1504
28260 # 1504
28260 + 100
28261 # 1504
28261 - 100 1
28262 # 1504
28263 # 1504
28264 # 1504
28264 + 100
28265 # 1504
28265 - 100 1
28266 # 1504
28267 # 1504
28268 # 1504
28269 # 1504
28269 + 100
28270 # 1504
28270 - 100 1
28271 # 1504
28272 # 1504
28273 # 1504
28273 + 100
28274 # 1504
28274 - 100 1
28275 # 1504
28276 # 1504
28276 + 100
28277 # 1504
28277 - 100 1
28278 # 1504
28279 # 1504
28280 # 1504
28280 + 100
28281 # 1504
28281 - 100 1
28282 # 1504
28283 # 1504
28283 + 100
28284 # 1504
28284 - 100 1
28285 # 1504
28286 # 1504
28287 # 1504
28288 # 1504
28288 + 100
28289 # 1504
28289 - 100 1
28290 # 1504
28291 # 1504
28292 # 1504
28292 + 100
28293 # 1504
28293 - 100 1
28294 # 1504
28295 # 1504
28296 # 1504
28296 + 100
28297 # 1504
28297 - 100 1
28298 # 1504
28299 # 1504
28299 + 100
28300 # 1504
28300 - 100 1
28301 # 1504
28302 # 1504
28303 # 1504
28303 + 100
28304 # 1504
28304 - 100 1
28305 # 1504
28305 + 100
28306 # 1504
28306 - 100 1
28307 # 1504
28308 # 1504
28309 # 1504
28310 # 1504
28310 + 100
28311 # 1504
28311 - 100 1
28312 # 1504
28313 # 1504
28314 # 1504
28315 # 1504
28315 + 100
28316 # 1504
28316 - 100 1
28317 # 1504
28318 # 1504
28319 # 1504
28319 + 100
28320 # 1504
28320 - 100 1
28321 # 1504
28322 # 1504
28322 + 100
28323 # 1504
28323 - 100 1
28324 # 1504
28325 # 1504
28326 # 1504
28326 + 100
28327 # 1504
28327 - 100 1
28328 # 1504
28328 + 100
28329 # 1504
28329 - 100 1
28330 # 1504
28331 # 1504
28332 # 1504
28333 # 1504
28333 + 100
28334 # 1504
28334 - 100 1
28335 # 1504
28336 # 1504
28337 # 1504
28337 + 100
28338 # 1504
28338 - 100 1
28339 # 1504
28340 # 1504
28341 # 1504
28342 # 1504
28342 + 100
28343 # 1504
28343 - 100 1
28344 # 1504
28344 + 100
28345 # 1504
28345 - 100 1
28346 # 1504
28347 # 1504
28348 # 1504
28349 # 1504
28349 + 100
28350 # 1504
28350 - 100 1
28351 # 1504
28352 # 1504
28353 # 1504
28354 # 1504
28354 + 100
28355 # 1504
28355 - 100 1
28356 # 1504
28357 # 1504
28357 + 100
28358 # 1504
28358 - 100 1
28359 # 1504
28360 # 1504
28361 # 1504
28361 + 100
28362 # 1504
28362 - 100 1
28363 # 1504
28364 # 1504
28364 + 100
28365 # 1504
28365 - 100 1
28366 # 1504
28367 # 1504
28368 # 1504
28369 # 1504
28369 + 100
28370 # 1504
28370 - 100 1
28371 # 1504
28372 # 1504
28373 # 1504
28373 + 100
28374 # 1504
28374 - 100 1
28375 # 1504
28376 # 1504
28377 # 1504
28377 + 100
28378 # 1504
28378 - 100 1
28379 # 1504
28380 # 1504
28381 # 1504
28381 + 100
28382 # 1504
28382 - 100 1
28383 # 1504
28384 # 1504
28384 + 100
28385 # 1504
28385 - 100 1
28386 # 1504
28387 # 1504
28388 # 1504
28389 # 1504
28389 + 100
28390 # 1504
28390 - 100 1
28391 # 1504
28392 # 1504
28393 # 1504
28393 + 100
28394 # 1504
28394 - 100 1
28395 # 1504
28396 # 1504
28397 # 1504
28398 # 1504
28398 + 100
28399 # 1504
28399 - 100 1
28400 # 1504
28401 # 1504
28402 # 1504
28402 + 100
28403 # 1504
28403 - 100 1
28404 # 1504
28405 # 1504
28406 # 1504
28406 + 100
28407 # 1504
28407 - 100 1
28408 # 1504
28409 # 1504
28409 + 100
28410 # 1504
28410 - 100 1
28411 # 1504
28412 # 1504
28413 # 1504
28413 + 100
28414 # 1504
28414 - 100 1
28415 # 1504
28416 # 1504
28417 # 1504
28418 # 1504
28419 # 1504
28420 # 1504
28420 + 100
28421 # 1504
28421 - 100 1
28422 # 1504
28422 + 100
28423 # 1504
28423 - 100 1
28424 # 1504
28425 # 1504
28425 + 100
28426 # 1504
28426 - 100 1
28427 # 1504
28428 # 1504
28429 # 1504
28429 + 100
28430 # 1504
28430 - 100 1
28431 # 1504
28432 # 1504
28432 + 100
28433 # 1504
28433 - 100 1
28434 # 1504
28435 # 1504
28436 # 1504
28436 + 100
28437 # 1504
28437 - 100 1
28438 # 1504
28439 # 1504
28440 # 1504
28441 # 1504
28441 + 100
28442 # 1504
28442 - 100 1
28443 # 1504
28444 # 1504
28445 # 1504
28446 # 1504
28446 + 100
28447 # 1504
28447 - 100 1
28448 # 1504
28449 # 1504
28450 # 1504
28451 # 1504
28451 + 100
28452 # 1504
28452 - 100 1
28453 # 1504
28454 # 1504
28455 # 1504
28455 + 100
28456 # 1504
28456 - 100 1
28457 # 1504
28458 # 1504
28459 # 1504
28460 # 1504
28460 + 100
28461 # 1504
28461 - 100 1
28462 # 1504
28463 # 1504
28464 # 1504
28464 + 100
28465 # 1504
28465 - 100 1
28466 # 1504
28467 # 1504
28468 # 1504
28468 + 100
28469 # 1504
28469 - 100 1
28470 # 1504
28471 # 1504
28471 + 100
28472 # 1504
28472 - 100 1
28473 # 1504
28474 # 1504
28475 # 1504
28476 # 1504
28476 + 100
28477 # 1504
28477 - 100 1
28478 # 1504
28479 # 1504
28480 # 1504
28480 + 100
28481 # 1504
28481 - 100 1
28482 # 1504
28483 # 1504
28484 # 1504
28485 # 1504
28485 + 100
28486 # 1504
28486 - 100 1
28487 # 1504
28488 # 1504
28489 # 1504
28490 # 1504
28490 + 100
28491 # 1504
28491 - 100 1
28492 # 1504
28493 # 1504
28494 # 1504
28495 # 1504
28495 + 100
28496 # 1504
28496 - 100 1
28497 # 1504
28498 # 1504
28499 # 1504
28499 + 100
28500 # 1504
28500 - 100 1
28501 # 1504
28502 # 1504
28503 # 1504
28504 # 1504
28504 + 100
28505 # 1504
28505 - 100 1
28506 # 1504
28507 # 1504
28508 # 1504
28509 # 1504
28509 + 100
28510 # 1504
28510 - 100 1
28511 # 1504
28512 # 1504
28513 # 1504
28514 # 1504
28514 + 100
28515 # 1504
28515 - 100 1
28516 # 1504
28517 # 1504
28518 # 1504
28519 # 1504
28519 + 100
28520 # 1504
28520 - 100 1
28521 # 1504
28522 # 1504
28523 # 1504
28524 # 1504
28524 + 100
28525 # 1504
28525 - 100 1
28526 # 1504
28527 # 1504
28528 # 1504
28528 + 100
28529 # 1504
28529 - 100 1
28530 # 1504
28531 # 1504
28532 # 1504
28533 # 1504
28533 + 100
28534 # 1504
28534 - 100 1
28535 # 1504
28536 # 1504
28537 # 1504
28538 # 1504
28538 + 100
28539 # 1504
28539 - 100 1
28540 # 1504
28541 # 1504
28542 # 1504
28543 # 1504
28543 + 100
28544 # 1504
28544 - 100 1
28545 # 1504
28546 # 1504
28547 # 1504
28547 + 100
28548 # 1504
28548 - 100 1
28549 # 1504
28550 # 1504
28551 # 1504
28552 # 1504
28552 + 100
28553 # 1504
28553 - 100 1
28554 # 1504
28555 # 1504
28556 # 1504
28557 # 1504
28557 + 100
28558 # 1504
28558 - 100 1
28559 # 1504
28560 # 1504
28561 # 1504
28562 # 1504
28562 + 100
28563 # 1504
28563 - 100 1
28564 # 1504
28565 # 1504
28566 # 1504
28567 # 1504
28567 + 100
28568 # 1504
28568 - 100 1
28569 # 1504
28570 # 1504
28571 # 1504
28571 + 100
28572 # 1504
28572 - 100 1
28573 # 1504
28574 # 1504
28575 # 1504
28576 # 1504
28576 + 100
28577 # 1504
28577 - 100 1
28578 # 1504
28579 # 1504
28580 # 1504
28580 + 100
28581 # 1504
28581 - 100 1
28582 # 1504
28583 # 1504
28584 # 1504
28584 + 100
28585 # 1504
28585 - 100 1
28586 # 1504
28586 + 100
28587 # 1504
28587 - 100 1
28588 # 1504
28589 # 1504
28590 # 1504
28591 # 1504
28592 # 1504
28592 + 100
28593 # 1504
28593 - 100 1
28594 # 1504
28595 # 1504
28596 # 1504
28596 + 100
28597 # 1504
28597 - 100 1
28598 # 1504
28599 # 1504
28600 # 1504
28601 # 1504
28601 + 100
28602 # 1504
28602 - 100 1
28603 # 1504
28604 # 1504
28605 # 1504
28606 # 1504
28606 + 100
28607 # 1504
28607 - 100 1
28608 # 1504
28609 # 1504
28610 # 1504
28610 + 100
28611 # 1504
28611 - 100 1
28612 # 1504
28613 # 1504
28614 # 1504
28615 # 1504
28615 + 100
28616 # 1504
28616 - 100 1
28617 # 1504
28618 # 1504
28619 # 1504
28620 # 1504
28620 + 100
28621 # 1504
28621 - 100 1
28622 # 1504
28623 # 1504
28624 # 1504
28625 # 1504
28625 + 100
28626 # 1504
28626 - 100 1
28627 # 1504
28628 # 1504
28629 # 1504
28630 # 1504
28630 + 100
28631 # 1504
28631 - 100 1
28632 # 1504
28633 # 1504
28634 # 1504
28635 # 1504
28635 + 100
28636 # 1504
28636 - 100 1
28637 # 1504
28638 # 1504
28639 # 1504
28640 # 1504
28640 + 100
28641 # 1504
28641 - 100 1
28642 # 1504
28643 # 1504
28644 # 1504
28644 + 100
28645 # 1504
28645 - 100 1
28646 # 1504
28647 # 1504
28648 # 1504
28649 # 1504
28649 + 100
28650 # 1504
28650 - 100 1
28651 # 1504
28652 # 1504
28653 # 1504
28654 # 1504
28654 + 100
28655 # 1504
28655 - 100 1
28656 # 1504
28657 # 1504
28658 # 1504
28659 # 1504
28659 + 100
28660 # 1504
28660 - 100 1
28661 # 1504
28662 # 1504
28663 # 1504
28663 + 100
28664 # 1504
28664 - 100 1
28665 # 1504
28666 # 1504
28667 # 1504
28668 # 1504
28668 + 100
28669 # 1504
28669 - 100 1
28670 # 1504
28671 # 1504
28672 # 1504
28673 # 1504
28673 + 100
28674 # 1504
28674 - 100 1
28675 # 1504
28676 # 1504
28677 # 1504
28678 # 1504
28678 + 100
28679 # 1504
28679 - 100 1
28680 # 1504
28681 # 1504
28682 # 1504
28683 # 1504
28683 + 100
28684 # 1504
28684 - 100 1
28685 # 1504
28686 # 1504
28687 # 1504
28687 + 100
28688 # 1504
28688 - 100 1
28689 # 1504
28690 # 1504
28691 # 1504
28692 # 1504
28692 + 100
28693 # 1504
28693 - 100 1
28694 # 1504
28695 # 1504
28696 # 1504
28697 # 1504
28697 + 100
28698 # 1504
28698 - 100 1
28699 # 1504
28700 # 1504
28701 # 1504
28702 # 1504
28702 + 100
28703 # 1504
28703 - 100 1
28704 # 1504
28705 # 1504
28706 # 1504
28707 # 1504
28707 + 100
28708 # 1504
28708 - 100 1
28709 # 1504
28710 # 1504
28711 # 1504
28711 + 100
28712 # 1504
28712 - 100 1
28713 # 1504
28714 # 1504
28715 # 1504
28716 # 1504
28716 + 100
28717 # 1504
28717 - 100 1
28718 # 1504
28719 # 1504
28720 # 1504
28721 # 1504
28721 + 100
28722 # 1504
28722 - 100 1
28723 # 1504
28724 # 1504
28725 # 1504
28726 # 1504
28726 + 100
28727 # 1504
28727 - 100 1
28728 # 1504
28729 # 1504
28730 # 1504
28731 # 1504
28731 + 100
28732 # 1504
28732 - 100 1
28733 # 1504
28734 # 1504
28735 # 1504
28736 # 1504
28736 + 100
28737 # 1504
28737 - 100 1
28738 # 1504
28739 # 1504
28740 # 1504
28740 + 100
28741 # 1504
28741 - 100 1
28742 # 1504
28743 # 1504
28744 # 1504
28744 + 100
28745 # 1504
28745 - 100 1
28746 # 1504
28747 # 1504
28748 # 1504
28748 + 100
28749 # 1504
28749 - 100 1
28750 # 1504
28750 + 100
28751 # 1504
28751 - 100 1
28752 # 1504
28753 # 1504
28753 + 100
28754 # 1504
28754 - 100 1
28755 # 1504
28755 + 100
28756 # 1504
28756 - 100 1
28757 # 1504
28758 # 1504
28759 # 1504
28760 # 1504
28760 + 100
28761 # 1504
28761 - 100 1
28762 # 1504
28763 # 1504
28764 # 1504
28765 # 1504
28765 + 100
28766 # 1504
28766 - 100 1
28767 # 1504
28768 # 1504
28769 # 1504
28769 + 100
28770 # 1504
28770 - 100 1
28771 # 1504
28772 # 1504
28773 # 1504
28774 # 1504
28774 + 100
28775 # 1504
28775 - 100 1
28776 # 1504
28777 # 1504
28778 # 1504
28779 # 1504
28779 + 100
28780 # 1504
28780 - 100 1
28781 # 1504
28782 # 1504
28783 # 1504
28784 # 1504
28784 + 100
28785 # 1504
28785 - 100 1
28786 # 1504
28787 # 1504
28788 # 1504
28789 # 1504
28789 + 100
28790 # 1504
28790 - 100 1
28791 # 1504
28792 # 1504
28793 # 1504
28794 # 1504
28794 + 100
28795 # 1504
28795 - 100 1
28796 # 1504
28797 # 1504
28798 # 1504
28798 + 100
28799 # 1504
28799 - 100 1
28800 # 1504
28801 # 1504
28802 # 1504
28803 # 1504
28803 + 100
28804 # 1504
28804 - 100 1
28805 # 1504
28806 # 1504
28807 # 1504
28808 # 1504
28808 + 100
28809 # 1504
28809 - 100 1
28810 # 1504
28811 # 1504
28812 # 1504
28813 # 1504
28813 + 100
28814 # 1504
28814 - 100 1
28815 # 1504
28816 # 1504
28817 # 1504
28818 # 1504
28818 + 100
28819 # 1504
28819 - 100 1
28820 # 1504
28821 # 1504
28822 # 1504
28822 + 100
28823 # 1504
28823 - 100 1
28824 # 1504
28825 # 1504
28826 # 1504
28827 # 1504
28827 + 100
28828 # 1504
28828 - 100 1
28829 # 1504
28830 # 1504
28831 # 1504
28832 # 1504
28832 + 100
28833 # 1504
28833 - 100 1
28834 # 1504
28835 # 1504
28836 # 1504
28837 # 1504
28837 + 100
28838 # 1504
28838 - 100 1
28839 # 1504
28840 # 1504
28841 # 1504
28841 + 100
28842 # 1504
28842 - 100 1
28843 # 1504
28844 # 1504
28845 # 1504
28846 # 1504
28846 + 100
28847 # 1504
28847 - 100 1
28848 # 1504
28849 # 1504
28850 # 1504
28851 # 1504
28851 + 100
28852 # 1504
28852 - 100 1
28853 # 1504
28854 # 1504
28855 # 1504
28856 # 1504
28856 + 100
28857 # 1504
28857 - 100 1
28858 # 1504
28859 # 1504
28860 # 1504
28861 # 1504
28861 + 100
28862 # 1504
28862 - 100 1
28863 # 1504
28864 # 1504
28865 # 1504
28865 + 100
28866 # 1504
28866 - 100 1
28867 # 1504
28868 # 1504
28869 # 1504
28870 # 1504
28870 + 100
28871 # 1504
28871 - 100 1
28872 # 1504
28873 # 1504
28874 # 1504
28875 # 1504
28875 + 100
28876 # 1504
28876 - 100 1
28877 # 1504
28878 # 1504
28879 # 1504
28880 # 1504
28880 + 100
28881 # 1504
28881 - 100 1
28882 # 1504
28883 # 1504
28884 # 1504
28885 # 1504
28885 + 100
28886 # 1504
28886 - 100 1
28887 # 1504
28888 # 1504
28889 # 1504
28890 # 1504
28890 + 100
28891 # 1504
28891 - 100 1
28892 # 1504
28893 # 1504
28894 # 1504
28894 + 100
28895 # 1504
28895 - 100 1
28896 # 1504
28897 # 1504
28898 # 1504
28898 + 100
28899 # 1504
28899 - 100 1
28900 # 1504
28901 # 1504
28902 # 1504
28902 + 100
28903 # 1504
28903 - 100 1
28904 # 1504
28905 # 1504
28905 + 100
28906 # 1504
28906 - 100 1
28907 # 1504
28908 # 1504
28909 # 1504
28910 # 1504
28910 + 100
28911 # 1504
28911 - 100 1
28912 # 1504
28913 # 1504
28914 # 1504
28914 + 100
28915 # 1504
28915 - 100 1
28916 # 1504
28917 # 1504
28918 # 1504
28919 # 1504
28920 # 1504
28920 + 100
28921 # 1504
28921 - 100 1
28922 # 1504
28923 # 1504
28924 # 1504
28924 + 100
28925 # 1504
28925 - 100 1
28926 # 1504
28927 # 1504
28928 # 1504
28929 # 1504
28929 + 100
28930 # 1504
28930 - 100 1
28931 # 1504
28932 # 1504
28933 # 1504
28934 # 1504
28934 + 100
28935 # 1504
28935 - 100 1
28936 # 1504
28937 # 1504
28938 # 1504
28939 # 1504
28939 + 100
28940 # 1504
28940 - 100 1
28941 # 1504
28942 # 1504
28943 # 1504
28943 + 100
28944 # 1504
28944 - 100 1
28945 # 1504
28946 # 1504
28947 # 1504
28948 # 1504
28948 + 100
28949 # 1504
28949 - 100 1
28950 # 1504
28951 # 1504
28952 # 1504
28953 # 1504
28953 + 100
28954 # 1504
28954 - 100 1
28955 # 1504
28956 # 1504
28957 # 1504
28957 + 100
28958 # 1504
28958 - 100 1
28959 # 1504
28960 # 1504
28961 # 1504
28962 # 1504
28962 + 100
28963 # 1504
28963 - 100 1
28964 # 1504
28965 # 1504
28966 # 1504
28967 # 1504
28967 + 100
28968 # 1504
28968 - 100 1
28969 # 1504
28970 # 1504
28971 # 1504
28972 # 1504
28972 + 100
28973 # 1504
28973 - 100 1
28974 # 1504
28975 # 1504
28976 # 1504
28977 # 1504
28977 + 100
28978 # 1504
28978 - 100 1
28979 # 1504
28980 # 1504
28981 # 1504
28981 + 100
28982 # 1504
28982 - 100 1
28983 # 1504
28984 # 1504
28984 + 100
28985 # 1504
28985 - 100 1
28986 # 1504
28987 # 1504
28987 + 100
28988 # 1504
28988 - 100 1
28989 # 1504
28990 # 1504
28991 # 1504
28992 # 1504
28992 + 100
28993 # 1504
28993 - 100 1
28994 # 1504
28995 # 1504
28996 # 1504
28997 # 1504
28997 + 100
28998 # 1504
28998 - 100 1
28999 # 1504
29000 # 1504
29001 # 1504
29002 # 1504
29002 + 100
29003 # 1504
29003 - 100 1
29004 # 1504
29005 # 1504
29006 # 1504
29006 + 100
29007 # 1504
29007 - 100 1
29008 # 1504
29009 # 1504
29010 # 1504
29011 # 1504
29011 + 100
29012 # 1504
29012 - 100 1
29013 # 1504
29014 # 1504
29015 # 1504
29016 # 1504
29016 + 100
29017 # 1504
29017 - 100 1
29018 # 1504
29019 # 1504
29020 # 1504
29021 # 1504
29021 + 100
29022 # 1504
29022 - 100 1
29023 # 1504
29024 # 1504
29025 # 1504
29025 + 100
29026 # 1504
29026 - 100 1
29027 # 1504
29028 # 1504
29029 # 1504
29030 # 1504
29030 + 100
29031 # 1504
29031 - 100 1
29032 # 1504
29033 # 1504
29034 # 1504
29035 # 1504
29035 + 100
29036 # 1504
29036 - 100 1
29037 # 1504
29038 # 1504
29039 # 1504
29040 # 1504
29040 + 100
29041 # 1504
29041 - 100 1
29042 # 1504
29043 # 1504
29044 # 1504
29045 # 1504
29045 + 100
29046 # 1504
29046 - 100 1
29047 # 1504
29048 # 1504
29049 # 1504
29049 + 100
29050 # 1504
29050 - 100 1
29051 # 1504
29052 # 1504
29053 # 1504
29054 # 1504
29054 + 100
29055 # 1504
29055 - 100 1
29056 # 1504
29057 # 1504
29058 # 1504
29059 # 1504
29059 + 100
29060 # 1504
29060 - 100 1
29061 # 1504
29062 # 1504
29063 # 1504
29064 # 1504
29064 + 100
29065 # 1504
29065 - 100 1
29066 # 1504
29067 # 1504
29068 # 1504
29069 # 1504
29069 + 100
29070 # 1504
29070 - 100 1
29071 # 1504
29072 # 1504
29073 # 1504
29073 + 100
29074 # 1504
29074 - 100 1
29075 # 1504
29076 # 1504
29077 # 1504
29078 # 1504
29078 + 100
29079 # 1504
29079 - 100 1
29080 # 1504
29081 # 1504
29082 # 1504
29083 # 1504
29083 + 100
29084 # 1504
29084 - 100 1
29085 # 1504
29086 # 1504
29087 # 1504
29088 # 1504
29088 + 100
29089 # 1504
29089 - 100 1
29090 # 1504
29091 # 1504
29092 # 1504
29093 # 1504
29093 + 100
29094 # 1504
29094 - 100 1
29095 # 1504
29096 # 1504
29097 # 1504
29097 + 100
29098 # 1504
29098 - 100 1
29099 # 1504
29100 # 1504
29101 # 1504
29102 # 1504
29102 + 100
29103 # 1504
29103 - 100 1
29104 # 1504
29105 # 1504
29106 # 1504
29107 # 1504
29107 + 100
29108 # 1504
29108 - 100 1
29109 # 1504
29110 # 1504
29111 # 1504
29112 # 1504
29112 + 100
29113 # 1504
29113 - 100 1
29114 # 1504
29115 # 1504
29116 # 1504
29116 + 100
29117 # 1504
29117 - 100 1
29118 # 1504
29119 # 1504
29120 # 1504
29121 # 1504
29121 + 100
29122 # 1504
29122 - 100 1
29123 # 1504
29124 # 1504
29125 # 1504
29126 # 1504
29126 + 100
29127 # 1504
29127 - 100 1
29128 # 1504
29129 # 1504
29130 # 1504
29130 + 100
29131 # 1504
29131 - 100 1
29132 # 1504
29133 # 1504
29134 # 1504
29134 + 100
29135 # 1504
29135 - 100 1
29136 # 1504
29137 # 1504
29137 + 100
29138 # 1504
29138 - 100 1
29139 # 1504
29140 # 1504
29141 # 1504
29142 # 1504
29142 + 100
29143 # 1504
29143 - 100 1
29144 # 1504
29145 # 1504
29146 # 1504
29146 + 100
29147 # 1504
29147 - 100 1
29148 # 1504
29149 # 1504
29150 # 1504
29151 # 1504
29151 + 100
29152 # 1504
29152 - 100 1
29153 # 1504
29154 # 1504
29155 # 1504
29156 # 1504
29156 + 100
29157 # 1504
29157 - 100 1
29158 # 1504
29159 # 1504
29160 # 1504
29161 # 1504
29161 + 100
29162 # 1504
29162 - 100 1
29163 # 1504
29164 # 1504
29165 # 1504
29166 # 1504
29166 + 100
29167 # 1504
29167 - 100 1
29168 # 1504
29169 # 1504
29170 # 1504
29170 + 100
29171 # 1504
29171 - 100 1
29172 # 1504
29173 # 1504
29174 # 1504
29175 # 1504
29175 + 100
29176 # 1504
29176 - 100 1
29177 # 1504
29178 # 1504
29179 # 1504
29180 # 1504
29180 + 100
29181 # 1504
29181 - 100 1
29182 # 1504
29183 # 1504
29184 # 1504
29185 # 1504
29185 + 100
29186 # 1504
29186 - 100 1
29187 # 1504
29188 # 1504
29189 # 1504
29189 + 100
29190 # 1504
29190 - 100 1
29191 # 1504
29192 # 1504
29193 # 1504
29194 # 1504
29194 + 100
29195 # 1504
29195 - 100 1
29196 # 1504
29197 # 1504
29198 # 1504
29198 + 100
29199 # 1504
29199 - 100 1
29200 # 1504
29201 # 1504
29202 # 1504
29202 + 100
29203 # 1504
29203 - 100 1
29204 # 1504
29205 # 1504
29205 + 100
29206 # 1504
29206 - 100 1
29207 # 1504
29208 # 1504
29209 # 1504
29210 # 1504
29210 + 100
29211 # 1504
29211 - 100 1
29212 # 1504
29213 # 1504
29214 # 1504
29214 + 100
29215 # 1504
29215 - 100 1
29216 # 1504
29217 # 1504
29218 # 1504
29219 # 1504
29219 + 100
29220 # 1504
29220 - 100 1
29221 # 1504
29222 # 1504
29223 # 1504
29223 + 100
29224 # 1504
29224 - 100 1
29225 # 1504
29226 # 1504
29226 + 100
29227 # 1504
29227 - 100 1
29228 # 1504
29229 # 1504
29229 + 100
29230 # 1504
29230 - 100 1
29231 # 1504
29232 # 1504
29232 + 100
29233 # 1504
29233 - 100 1
29234 # 1504
29235 # 1504
29236 # 1504
29237 # 1504
29237 + 100
29238 # 1504
29238 - 100 1
29239 # 1504
29240 # 1504
29241 # 1504
29242 # 1504
29242 + 100
29243 # 1504
29243 - 100 1
29244 # 1504
29245 # 1504
29246 # 1504
29247 # 1504
29247 + 100
29248 # 1504
29248 - 100 1
29249 # 1504
29250 # 1504
29251 # 1504
29251 + 100
29252 # 1504
29252 - 100 1
29253 # 1504
29254 # 1504
29255 # 1504
29256 # 1504
29256 + 100
29257 # 1504
29257 - 100 1
29258 # 1504
29259 # 1504
29260 # 1504
29261 # 1504
29261 + 100
29262 # 1504
29262 - 100 1
29263 # 1504
29264 # 1504
29265 # 1504
29266 # 1504
29266 + 100
29267 # 1504
29267 - 100 1
29268 # 1504
29269 # 1504
29270 # 1504
29271 # 1504
29271 + 100
29272 # 1504
29272 - 100 1
29273 # 1504
29274 # 1504
29275 # 1504
29275 + 100
29276 # 1504
29276 - 100 1
29277 # 1504
29278 # 1504
29279 # 1504
29280 # 1504
29280 + 100
29281 # 1504
29281 - 100 1
29282 # 1504
29283 # 1504
29284 # 1504
29285 # 1504
29285 + 100
29286 # 1504
29286 - 100 1
29287 # 1504
29288 # 1504
29289 # 1504
29289 + 100
29290 # 1504
29290 - 100 1
29291 # 1504
29292 # 1504
29292 + 100
29293 # 1504
29293 - 100 1
29294 # 1504
29295 # 1504
29295 + 100
29296 # 1504
29296 - 100 1
29297 # 1504
29298 # 1504
29299 # 1504
29300 # 1504
29301 # 1504
29301 + 100
29302 # 1504
29302 - 100 1
29303 # 1504
29304 # 1504
29305 # 1504
29305 + 100
29306 # 1504
29306 - 100 1
29307 # 1504
29308 # 1504
29309 # 1504
29310 # 1504
29310 + 100
29311 # 1504
29311 - 100 1
29312 # 1504
29313 # 1504
29314 # 1504
29315 # 1504
29315 + 100
29316 # 1504
29316 - 100 1
29317 # 1504
29318 # 1504
29319 # 1504
29320 # 1504
29320 + 100
29321 # 1504
29321 - 100 1
29322 # 1504
29323 # 1504
29324 # 1504
29324 + 100
29325 # 1504
29325 - 100 1
29326 # 1504
29327 # 1504
29328 # 1504
29329 # 1504
29329 + 100
29330 # 1504
29330 - 100 1
29331 # 1504
29332 # 1504
29333 # 1504
29333 + 100
29334 # 1504
29334 - 100 1
29335 # 1504
29336 # 1504
29337 # 1504
29337 + 100
29338 # 1504
29338 - 100 1
29339 # 1504
29340 # 1504
29340 + 100
29341 # 1504
29341 - 100 1
29342 # 1504
29343 # 1504
29344 # 1504
29344 + 100
29345 # 1504
29345 - 100 1
29346 # 1504
29347 # 1504
29348 # 1504
29349 # 1504
29349 + 100
29350 # 1504
29350 - 100 1
29351 # 1504
29352 # 1504
29353 # 1504
29354 # 1504
29354 + 100
29355 # 1504
29355 - 100 1
29356 # 1504
29357 # 1504
29358 # 1504
29359 # 1504
29359 + 100
29360 # 1504
29360 - 100 1
29361 # 1504
29362 # 1504
29363 # 1504
29363 + 100
29364 # 1504
29364 - 100 1
29365 # 1504
29366 # 1504
29367 # 1504
29368 # 1504
29368 + 100
29369 # 1504
29369 - 100 1
29370 # 1504
29371 # 1504
29372 # 1504
29373 # 1504
29374 # 1504
29374 + 100
29375 # 1504
29375 - 100 1
29376 # 1504
29377 # 1504
29377 + 100
29378 # 1504
29378 - 100 1
29379 # 1504
29380 # 1504
29380 + 100
29381 # 1504
29381 - 100 1
29382 # 1504
29382 + 100
29383 # 1504
29383 - 100 1
29384 # 1504
29385 # 1504
29386 # 1504
29386 + 100
29387 # 1504
29387 - 100 1
29388 # 1504
29389 # 1504
29390 # 1504
29390 + 100
29391 # 1504
29391 - 100 1
29392 # 1504
29393 # 1504
29394 # 1504
29394 + 100
29395 # 1504
29395 - 100 1
29396 # 1504
29397 # 1504
29397 + 100
29398 # 1504
29398 - 100 1
29399 # 1504
29399 + 100
29400 # 1504
29400 - 100 1
29401 # 1504
29401 + 100
29402 # 1504
29402 - 100 1
29403 # 1504
29404 # 1504
29405 # 1504
29406 # 1504
29407 # 1504
29408 # 1504
29408 + 100
29409 # 1504
29409 - 100 1
29410 # 1504
29411 # 1504
29412 # 1504
29412 + 100
29413 # 1504
29413 - 100 1
29414 # 1504
29415 # 1504
29416 # 1504
29416 + 100
29416 + 100
29417 # 1504
29417 - 100 1
29417 - 100 1
29418 # 1504
29419 # 1504
29420 # 1504
29420 + 100
29421 # 1504
29421 - 100 1
29422 # 1504
29423 # 1504
29424 # 1504
29424 + 100
29425 # 1504
29425 - 100 1
29426 # 1504
29427 # 1504
29428 # 1504
29428 + 100
29429 # 1504
29429 - 100 1
29430 # 1504
29431 # 1504
29432 # 1504
29432 + 100
29433 # 1504
29433 - 100 1
29434 # 1504
29435 # 1504
29436 # 1504
29437 # 1504
29437 + 100
29438 # 1504
29438 - 100 1
29439 # 1504
29440 # 1504
29441 # 1504
29442 # 1504
29442 + 100
29443 # 1504
29443 - 100 1
29444 # 1504
29445 # 1504
29446 # 1504
29447 # 1504
29447 + 100
29448 # 1504
29448 - 100 1
29449 # 1504
29450 # 1504
29451 # 1504
29451 + 100
29452 # 1504
29452 - 100 1
29453 # 1504
29454 # 1504
29455 # 1504
29456 # 1504
29456 + 100
29457 # 1504
29457 - 100 1
29458 # 1504
29459 # 1504
29460 # 1504
29460 + 100
29461 # 1504
29461 - 100 1
29462 # 1504
29463 # 1504
29464 # 1504
29464 + 100
29465 # 1504
29465 - 100 1
29466 # 1504
29467 # 1504
29467 + 100
29468 # 1504
29468 - 100 1
29469 # 1504
29470 # 1504
29471 # 1504
29472 # 1504
29472 + 100
29473 # 1504
29473 - 100 1
29474 # 1504
29475 # 1504
29476 # 1504
29476 + 100
29477 # 1504
29477 - 100 1
29478 # 1504
29479 # 1504
29480 # 1504
29481 # 1504
29481 + 100
29482 # 1504
29482 - 100 1
29483 # 1504
29484 # 1504
29484 + 100
29485 # 1504
29485 - 100 1
29486 # 1504
29487 # 1504
29487 + 100
29488 # 1504
29488 - 100 1
29489 # 1504
29490 # 1504
29491 # 1504
29492 # 1504
29492 + 100
29493 # 1504
29493 - 100 1
29494 # 1504
29495 # 1504
29496 # 1504
29496 + 100
29497 # 1504
29497 - 100 1
29498 # 1504
29499 # 1504
29500 # 1504
29501 # 1504
29501 + 100
29502 # 1504
29502 - 100 1
29503 # 1504
29504 # 1504
29505 # 1504
29506 # 1504
29506 + 100
29507 # 1504
29507 - 100 1
29508 # 1504
29509 # 1504
29510 # 1504
29511 # 1504
29511 + 100
29512 # 1504
29512 - 100 1
29513 # 1504
29514 # 1504
29515 # 1504
29516 # 1504
29516 + 100
29517 # 1504
29517 - 100 1
29518 # 1504
29519 # 1504
29520 # 1504
29520 + 100
29521 # 1504
29521 - 100 1
29522 # 1504
29523 # 1504
29524 # 1504
29525 # 1504
29525 + 100
29526 # 1504
29526 - 100 1
29527 # 1504
29528 # 1504
29529 # 1504
29530 # 1504
29530 + 100
29531 # 1504
29531 - 100 1
29532 # 1504
29533 # 1504
29534 # 1504
29535 # 1504
29535 + 100
29536 # 1504
29536 - 100 1
29537 # 1504
29538 # 1504
29539 # 1504
29540 # 1504
29540 + 100
29541 # 1504
29541 - 100 1
29542 # 1504
29543 # 1504
29544 # 1504
29544 + 100
29545 # 1504
29545 - 100 1
29546 # 1504
29547 # 1504
29548 # 1504
29549 # 1504
29549 + 100
29550 # 1504
29550 - 100 1
29551 # 1504
29552 # 1504
29553 # 1504
29554 # 1504
29554 + 100
29555 # 1504
29555 - 100 1
29556 # 1504
29557 # 1504
29558 # 1504
29559 # 1504
29559 + 100
29560 # 1504
29560 - 100 1
29561 # 1504
29562 # 1504
29563 # 1504
29564 # 1504
29564 + 100
29565 # 1504
29565 - 100 1
29566 # 1504
29567 # 1504
29568 # 1504
29568 + 100
29569 # 1504
29569 - 100 1
29570 # 1504
29571 # 1504
29572 # 1504
29573 # 1504
29573 + 100
29574 # 1504
29574 - 100 1
29575 # 1504
29576 # 1504
29577 # 1504
29578 # 1504
29578 + 100
29579 # 1504
29579 - 100 1
29580 # 1504
29581 # 1504
29582 # 1504
29583 # 1504
29583 + 100
29584 # 1504
29584 - 100 1
29585 # 1504
29586 # 1504
29587 # 1504
29588 # 1504
29588 + 100
29589 # 1504
29589 - 100 1
29590 # 1504
29591 # 1504
29592 # 1504
29592 + 100
29593 # 1504
29593 - 100 1
29594 # 1504
29595 # 1504
29596 # 1504
29597 # 1504
29597 + 100
29598 # 1504
29598 - 100 1
29599 # 1504
29600 # 1504
29601 # 1504
29602 # 1504
29602 + 100
29603 # 1504
29603 - 100 1
29604 # 1504
29605 # 1504
29606 # 1504
29607 # 1504
29607 + 100
29608 # 1504
29608 - 100 1
29609 # 1504
29610 # 1504
29611 # 1504
29611 + 100
29612 # 1504
29612 - 100 1
29613 # 1504
29614 # 1504
29615 # 1504
29616 # 1504
29616 + 100
29617 # 1504
29617 - 100 1
29618 # 1504
29619 # 1504
29620 # 1504
29621 # 1504
29621 + 100
29622 # 1504
29622 - 100 1
29623 # 1504
29624 # 1504
29625 # 1504
29625 + 100
29626 # 1504
29626 - 100 1
29627 # 1504
29628 # 1504
29628 + 100
29629 # 1504
29629 - 100 1
29630 # 1504
29631 # 1504
29631 + 100
29632 # 1504
29632 - 100 1
29633 # 1504
29634 # 1504
29635 # 1504
29636 # 1504
29636 + 100
29637 # 1504
29637 - 100 1
29638 # 1504
29639 # 1504
29640 # 1504
29641 # 1504
29641 + 100
29642 # 1504
29642 - 100 1
29643 # 1504
29644 # 1504
29645 # 1504
29646 # 1504
29646 + 100
29647 # 1504
29647 - 100 1
29648 # 1504
29649 # 1504
29650 # 1504
29650 + 100
29651 # 1504
29651 - 100 1
29652 # 1504
29653 # 1504
29654 # 1504
29655 # 1504
29655 + 100
29656 # 1504
29656 - 100 1
29657 # 1504
29658 # 1504
29659 # 1504
29660 # 1504
29660 + 100
29661 # 1504
29661 - 100 1
29662 # 1504
29663 # 1504
29664 # 1504
29665 # 1504
29665 + 100
29666 # 1504
29666 - 100 1
29667 # 1504
29668 # 1504
29669 # 1504
29669 + 100
29670 # 1504
29670 - 100 1
29671 # 1504
29672 # 1504
29673 # 1504
29673 + 100
29674 # 1504
29674 - 100 1
29675 # 1504
29675 + 100
29676 # 1504
29676 - 100 1
29677 # 1504
29678 # 1504
29679 # 1504
29680 # 1504
29680 + 100
29681 # 1504
29681 - 100 1
29682 # 1504
29683 # 1504
29684 # 1504
29685 # 1504
29686 # 1504
29686 + 100
29687 # 1504
29687 - 100 1
29688 # 1504
29689 # 1504
29690 # 1504
29690 + 100
29691 # 1504
29691 - 100 1
29692 # 1504
29693 # 1504
29694 # 1504
29695 # 1504
29695 + 100
29696 # 1504
29696 - 100 1
29697 # 1504
29698 # 1504
29699 # 1504
29699 + 100
29700 # 1504
29700 - 100 1
29701 # 1504
29702 # 1504
29703 # 1504
29704 # 1504
29704 + 100
29705 # 1504
29705 - 100 1
29706 # 1504
29707 # 1504
29707 + 100
29708 # 1504
29708 - 100 1
29709 # 1504
29710 # 1504
29710 + 100
29711 # 1504
29711 - 100 1
29712 # 1504
29713 # 1504
29714 # 1504
29715 # 1504
29715 + 100
29716 # 1504
29716 - 100 1
29717 # 1504
29718 # 1504
29719 # 1504
29719 + 100
29720 # 1504
29720 - 100 1
29721 # 1504
29722 # 1504
29723 # 1504
29724 # 1504
29725 # 1504
29725 + 100
29726 # 1504
29726 - 100 1
29727 # 1504
29728 # 1504
29729 # 1504
29729 + 100
29730 # 1504
29730 - 100 1
29731 # 1504
29732 # 1504
29733 # 1504
29733 + 100
29734 # 1504
29734 - 100 1
29735 # 1504
29736 # 1504
29737 # 1504
29737 + 100
29738 # 1504
29738 - 100 1
29739 # 1504
29739 + 100
29740 # 1504
29740 - 100 1
29741 # 1504
29742 # 1504
29743 # 1504
29744 # 1504
29745 # 1504
29745 + 100
29746 # 1504
29746 - 100 1
29747 # 1504
29748 # 1504
29749 # 1504
29749 + 100
29750 # 1504
29750 - 100 1
29751 # 1504
29752 # 1504
29753 # 1504
29754 # 1504
29754 + 100
29755 # 1504
29755 - 100 1
29756 # 1504
29757 # 1504
29758 # 1504
29759 # 1504
29759 + 100
29760 # 1504
29760 - 100 1
29761 # 1504
29762 # 1504
29763 # 1504
29764 # 1504
29764 + 100
29765 # 1504
29765 - 100 1
29766 # 1504
29767 # 1504
29768 # 1504
29768 + 100
29769 # 1504
29769 - 100 1
29770 # 1504
29771 # 1504
29772 # 1504
29773 # 1504
29773 + 100
29774 # 1504
29774 - 100 1
29775 # 1504
29776 # 1504
29777 # 1504
29778 # 1504
29778 + 100
29779 # 1504
29779 - 100 1
29780 # 1504
29781 # 1504
29782 # 1504
29783 # 1504
29784 # 1504
29784 + 100
29785 # 1504
29785 - 100 1
29786 # 1504
29787 # 1504
29787 + 100
29788 # 1504
29788 - 100 1
29789 # 1504
29790 # 1504
29791 # 1504
29792 # 1504
29792 + 100
29793 # 1504
29793 - 100 1
29794 # 1504
29795 # 1504
29796 # 1504
29797 # 1504
29797 + 100
29798 # 1504
29798 - 100 1
29799 # 1504
29800 # 1504
29801 # 1504
29802 # 1504
29802 + 100
29803 # 1504
29803 - 100 1
29804 # 1504
29805 # 1504
29806 # 1504
29807 # 1504
29807 + 100
29808 # 1504
29808 - 100 1
29809 # 1504
29810 # 1504
29811 # 1504
29811 + 100
29812 # 1504
29812 - 100 1
29813 # 1504
29814 # 1504
29815 # 1504
29816 # 1504
29816 + 100
29817 # 1504
29817 - 100 1
29818 # 1504
29819 # 1504
29820 # 1504
29821 # 1504
29821 + 100
29822 # 1504
29822 - 100 1
29823 # 1504
29824 # 1504
29825 # 1504
29825 + 100
29826 # 1504
29826 - 100 1
29827 # 1504
29828 # 1504
29829 # 1504
29829 + 100
29830 # 1504
29830 - 100 1
29831 # 1504
29832 # 1504
29832 + 100
29833 # 1504
29833 - 100 1
29834 # 1504
29835 # 1504
29836 # 1504
29836 + 100
29837 # 1504
29837 - 100 1
29838 # 1504
29839 # 1504
29840 # 1504
29841 # 1504
29841 + 100
29842 # 1504
29842 - 100 1
29843 # 1504
29844 # 1504
29845 # 1504
29846 # 1504
29846 + 100
29847 # 1504
29847 - 100 1
29848 # 1504
29849 # 1504
29850 # 1504
29851 # 1504
29851 + 100
29852 # 1504
29852 - 100 1
29853 # 1504
29854 # 1504
29855 # 1504
29855 + 100
29856 # 1504
29856 - 100 1
29857 # 1504
29858 # 1504
29859 # 1504
29860 # 1504
29860 + 100
29861 # 1504
29861 - 100 1
29862 # 1504
29863 # 1504
29864 # 1504
29865 # 1504
29865 + 100
29866 # 1504
29866 - 100 1
29867 # 1504
29868 # 1504
29869 # 1504
29870 # 1504
29870 + 100
29871 # 1504
29871 - 100 1
29872 # 1504
29873 # 1504
29874 # 1504
29875 # 1504
29875 + 100
29876 # 1504
29876 - 100 1
29877 # 1504
29878 # 1504
29879 # 1504
29879 + 100
29880 # 1504
29880 - 100 1
29881 # 1504
29882 # 1504
29883 # 1504
29884 # 1504
29884 + 100
29885 # 1504
29885 - 100 1
29886 # 1504
29887 # 1504
29888 # 1504
29889 # 1504
29889 + 100
29890 # 1504
29890 - 100 1
29891 # 1504
29892 # 1504
29893 # 1504
29894 # 1504
29894 + 100
29895 # 1504
29895 - 100 1
29896 # 1504
29897 # 1504
29898 # 1504
29899 # 1504
29899 + 100
29900 # 1504
29900 - 100 1
29901 # 1504
29902 # 1504
29903 # 1504
29903 + 100
29904 # 1504
29904 - 100 1
29905 # 1504
29906 # 1504
29907 # 1504
29908 # 1504
29908 + 100
29909 # 1504
29909 - 100 1
29910 # 1504
29911 # 1504
29912 # 1504
29913 # 1504
29913 + 100
29914 # 1504
29914 - 100 1
29915 # 1504
29916 # 1504
29917 # 1504
29918 # 1504
29918 + 100
29919 # 1504
29919 - 100 1
29920 # 1504
29921 # 1504
29922 # 1504
29923 # 1504
29923 + 100
29924 # 1504
29924 - 100 1
29925 # 1504
29926 # 1504
29927 # 1504
29928 # 1504
29928 + 100
29929 # 1504
29929 - 100 1
29930 # 1504
29931 # 1504
29932 # 1504
29932 + 100
29933 # 1504
29933 - 100 1
29934 # 1504
29935 # 1504
29936 # 1504
29937 # 1504
29937 + 100
29938 # 1504
29938 - 100 1
29939 # 1504
29940 # 1504
29941 # 1504
29942 # 1504
29942 + 100
29943 # 1504
29943 - 100 1
29944 # 1504
29945 # 1504
29946 # 1504
29947 # 1504
29947 + 100
29948 # 1504
29948 - 100 1
29949 # 1504
29950 # 1504
29951 # 1504
29951 + 100
29952 # 1504
29952 - 100 1
29953 # 1504
29954 # 1504
29955 # 1504
29956 # 1504
29956 + 100
29957 # 1504
29957 - 100 1
29958 # 1504
29959 # 1504
29960 # 1504
29961 # 1504
29962 # 1504
29962 + 100
29963 # 1504
29963 - 100 1
29964 # 1504
29965 # 1504
29966 # 1504
29966 + 100
29967 # 1504
29967 - 100 1
29968 # 1504
29969 # 1504
29970 # 1504
29971 # 1504
29971 + 100
29972 # 1504
29972 - 100 1
29973 # 1504
29974 # 1504
29975 # 1504
29975 + 100
29976 # 1504
29976 - 100 1
29977 # 1504
29978 # 1504
29979 # 1504
29980 # 1504
29980 + 100
29981 # 1504
29981 - 100 1
29982 # 1504
29983 # 1504
29984 # 1504
29985 # 1504
29985 + 100
29986 # 1504
29986 - 100 1
29987 # 1504
29988 # 1504
29989 # 1504
29989 + 100
29990 # 1504
29990 - 100 1
29991 # 1504
29992 # 1504
29993 # 1504
29993 + 100
29994 # 1504
29994 - 100 1
29995 # 1504
29995 + 100
29996 # 1504
29996 - 100 1
29997 # 1504
29998 # 1504
29999 # 1504
30000 # 1504
30000 + 100
30001 # 1504
30001 - 100 1
30002 # 1504
30003 # 1504
30004 # 1504
30005 # 1504
30005 + 100
30006 # 1504
30006 - 100 1
30007 # 1504
30008 # 1504
30009 # 1504
30009 + 100
30010 # 1504
30010 - 100 1
30011 # 1504
30012 # 1504
30012 + 100
30013 # 1504
30013 - 100 1
30014 # 1504
30014 + 100
30015 # 1504
30015 - 100 1
30016 # 1504
30017 # 1504
30017 + 100
30018 # 1504
30018 - 100 1
30019 # 1504
30020 # 1504
30021 # 1504
30022 # 1504
30022 + 100
30023 # 1504
30023 - 100 1
30024 # 1504
30025 # 1504
30026 # 1504
30026 + 100
30027 # 1504
30027 - 100 1
30028 # 1504
30029 # 1504
30029 + 100
30030 # 1504
30030 - 100 1
30031 # 1504
30032 # 1504
30032 + 100
30033 # 1504
30033 - 100 1
30034 # 1504
30035 # 1504
30035 + 100
30036 # 1504
30036 - 100 1
30037 # 1504
30038 # 1504
30039 # 1504
30040 # 1504
30040 + 100
30041 # 1504
30041 - 100 1
30042 # 1504
30043 # 1504
30044 # 1504
30045 # 1504
30045 + 100
30046 # 1504
30046 - 100 1
30047 # 1504
30048 # 1504
30049 # 1504
30049 + 100
30050 # 1504
30050 - 100 1
30051 # 1504
30052 # 1504
30052 + 100
30053 # 1504
30053 - 100 1
30054 # 1504
30055 # 1504
30055 + 100
30056 # 1504
30056 - 100 1
30057 # 1504
30058 # 1504
30058 + 100
30059 # 1504
30059 - 100 1
30060 # 1504
30061 # 1504
30062 # 1504
30063 # 1504
30063 + 100
30064 # 1504
30064 - 100 1
30065 # 1504
30066 # 1504
30067 # 1504
30067 + 100
30068 # 1504
30068 - 100 1
30069 # 1504
30070 # 1504
30071 # 1504
30071 + 100
30072 # 1504
30072 - 100 1
30073 # 1504
30074 # 1504
30075 # 1504
30075 + 100
30076 # 1504
30076 - 100 1
30077 # 1504
30078 # 1504
30079 # 1504
30079 + 100
30080 # 1504
30080 - 100 1
30081 # 1504
30082 # 1504
30083 # 1504
30083 + 100
30083 + 100
30084 # 1504
30084 - 100 1
30084 - 100 1
30085 # 1504
30086 # 1504
30086 + 100
30087 # 1504
30087 - 100 1
30088 # 1504
30089 # 1504
30089 + 100
30090 # 1504
30090 - 100 1
30091 # 1504
30092 # 1504
30092 + 100
30093 # 1504
30093 - 100 1
30094 # 1504
30095 # 1504
30095 + 100
30096 # 1504
30096 - 100 1
30097 # 1504
30098 # 1504
30099 # 1504
30100 # 1504
30100 + 100
30101 # 1504
30101 - 100 1
30102 # 1504
30103 # 1504
30104 # 1504
30104 + 100
30105 # 1504
30105 - 100 1
30106 # 1504
30107 # 1504
30108 # 1504
30109 # 1504
30109 + 100
30110 # 1504
30110 - 100 1
30111 # 1504
30112 # 1504
30113 # 1504
30113 + 100
30114 # 1504
30114 - 100 1
30115 # 1504
30115 + 100
30116 # 1504
30116 - 100 1
30117 # 1504
30118 # 1504
30119 # 1504
30120 # 1504
30120 + 100
30121 # 1504
30121 - 100 1
30122 # 1504
30123 # 1504
30124 # 1504
30124 + 100
30125 # 1504
30125 - 100 1
30126 # 1504
30127 # 1504
30128 # 1504
30129 # 1504
30130 # 1504
30130 + 100
30131 # 1504
30131 - 100 1
30132 # 1504
30133 # 1504
30134 # 1504
30135 # 1504
30136 # 1504
30136 + 100
30137 # 1504
30137 - 100 1
30138 # 1504
30139 # 1504
30140 # 1504
30141 # 1504
30141 + 100
30142 # 1504
30142 - 100 1
30143 # 1504
30144 # 1504
30145 # 1504
30146 # 1504
30146 + 100
30147 # 1504
30147 - 100 1
30148 # 1504
30149 # 1504
30150 # 1504
30151 # 1504
30151 + 100
30152 # 1504
30152 - 100 1
30153 # 1504
30154 # 1504
30155 # 1504
30156 # 1504
30156 + 100
30157 # 1504
30157 - 100 1
30158 # 1504
30159 # 1504
30160 # 1504
30161 # 1504
30161 + 100
30162 # 1504
30162 - 100 1
30163 # 1504
30164 # 1504
30164 + 100
30165 # 1504
30165 - 100 1
30166 # 1504
30167 # 1504
30168 # 1504
30169 # 1504
30170 # 1504
30170 + 100
30171 # 1504
30171 - 100 1
30172 # 1504
30173 # 1504
30174 # 1504
30175 # 1504
30175 + 100
30176 # 1504
30176 - 100 1
30177 # 1504
30178 # 1504
30179 # 1504
30179 + 100
30180 # 1504
30180 - 100 1
30181 # 1504
30182 # 1504
30183 # 1504
30184 # 1504
30184 + 100
30185 # 1504
30185 - 100 1
30186 # 1504
30187 # 1504
30188 # 1504
30188 + 100
30189 # 1504
30189 - 100 1
30190 # 1504
30191 # 1504
30192 # 1504
30192 + 100
30193 # 1504
30193 - 100 1
30194 # 1504
30195 # 1504
30196 # 1504
30196 + 100
30197 # 1504
30197 - 100 1
30198 # 1504
30199 # 1504
30200 # 1504
30201 # 1504
30201 + 100
30202 # 1504
30202 - 100 1
30203 # 1504
30204 # 1504
30205 # 1504
30205 + 100
30206 # 1504
30206 - 100 1
30207 # 1504
30207 + 100
30208 # 1504
30208 - 100 1
30209 # 1504
30210 # 1504
30211 # 1504
30212 # 1504
30212 + 100
30213 # 1504
30213 - 100 1
30214 # 1504
30215 # 1504
30216 # 1504
30216 + 100
30217 # 1504
30217 - 100 1
30218 # 1504
30219 # 1504
30220 # 1504
30220 + 100
30221 # 1504
30221 - 100 1
30222 # 1504
30222 + 100
30223 # 1504
30223 - 100 1
30224 # 1504
30225 # 1504
30226 # 1504
30227 # 1504
30228 # 1504
30229 # 1504
30229 + 100
30230 # 1504
30230 - 100 1
30231 # 1504
30232 # 1504
30233 # 1504
30233 + 100
30234 # 1504
30234 - 100 1
30235 # 1504
30236 # 1504
30237 # 1504
30238 # 1504
30239 # 1504
30239 + 100
30240 # 1504
30240 - 100 1
30241 # 1504
30242 # 1504
30243 # 1504
30243 + 100
30244 # 1504
30244 - 100 1
30245 # 1504
30246 # 1504
30246 + 100
30247 # 1504
30247 - 100 1
30248 # 1504
30249 # 1504
30250 # 1504
30251 # 1504
30252 # 1504
30252 + 100
30253 # 1504
30253 - 100 1
30254 # 1504
30255 # 1504
30256 # 1504
30256 + 100
30257 # 1504
30257 - 100 1
30258 # 1504
30259 # 1504
30260 # 1504
30261 # 1504
30261 + 100
30262 # 1504
30262 - 100 1
30263 # 1504
30264 # 1504
30265 # 1504
30266 # 1504
30267 # 1504
30268 # 1504
30268 + 100
30269 # 1504
30269 - 100 1
30270 # 1504
30271 # 1504
30272 # 1504
30272 + 100
30273 # 1504
30273 - 100 1
30274 # 1504
30275 # 1504
30276 # 1504
30276 + 100
30277 # 1504
30277 - 100 1
30278 # 1504
30279 # 1504
30280 # 1504
30280 + 100
30281 # 1504
30281 - 100 1
30282 # 1504
30283 # 1504
30284 # 1504
30285 # 1504
30286 # 1504
30287 # 1504
30287 + 100
30288 # 1504
30288 - 100 1
30289 # 1504
30290 # 1504
30290 + 100
30291 # 1504
30291 - 100 1
30292 # 1504
30293 # 1504
30294 # 1504
30295 # 1504
30295 + 100
30296 # 1504
30296 - 100 1
30297 # 1504
30298 # 1504
30299 # 1504
30299 + 100
30300 # 1504
30300 - 100 1
30301 # 1504
30302 # 1504
30303 # 1504
30304 # 1504
30304 + 100
30305 # 1504
30305 - 100 1
30306 # 1504
30307 # 1504
30308 # 1504
30308 + 100
30309 # 1504
30309 - 100 1
30310 # 1504
30311 # 1504
30312 # 1504
30313 # 1504
30314 # 1504
30315 # 1504
30315 + 100
30316 # 1504
30316 - 100 1
30317 # 1504
30318 # 1504
30319 # 1504
30319 + 100
30320 # 1504
30320 - 100 1
30321 # 1504
30322 # 1504
30323 # 1504
30324 # 1504
30324 + 100
30325 # 1504
30325 - 100 1
30326 # 1504
30327 # 1504
30328 # 1504
30329 # 1504
30330 # 1504
30330 + 100
30331 # 1504
30331 - 100 1
30332 # 1504
30333 # 1504
30334 # 1504
30335 # 1504
30335 + 100
30336 # 1504
30336 - 100 1
30337 # 1504
30338 # 1504
30339 # 1504
30340 # 1504
30340 + 100
30341 # 1504
30341 - 100 1
30342 # 1504
30343 # 1504
30344 # 1504
30344 + 100
30345 # 1504
30345 - 100 1
30346 # 1504
30347 # 1504
30347 + 100
30348 # 1504
30348 - 100 1
30349 # 1504
30350 # 1504
30351 # 1504
30352 # 1504
30352 + 100
30353 # 1504
30353 - 100 1
30354 # 1504
30355 # 1504
30356 # 1504
30357 # 1504
30358 # 1504
30358 + 100
30359 # 1504
30359 - 100 1
30360 # 1504
30361 # 1504
30362 # 1504
30363 # 1504
30363 + 100
30364 # 1504
30364 - 100 1
30365 # 1504
30366 # 1504
30367 # 1504
30367 + 100
30368 # 1504
30368 - 100 1
30369 # 1504
30370 # 1504
30371 # 1504
30371 + 100
30372 # 1504
30372 - 100 1
30373 # 1504
30374 # 1504
30375 # 1504
30375 + 100
30376 # 1504
30376 - 100 1
30377 # 1504
30377 + 100
30378 # 1504
30378 - 100 1
30379 # 1504
30380 # 1504
30381 # 1504
30382 # 1504
30383 # 1504
30384 # 1504
30385 # 1504
30386 # 1504
30387 # 1504
30387 + 100
30388 # 1504
30388 - 100 1
30388 + 100
30389 # 1504
30389 - 100 1
30390 # 1504
30391 # 1504
30391 + 100
30392 # 1504
30392 - 100 1
30393 # 1504
30394 # 1504
30394 + 100
30395 # 1504
30395 - 100 1
30396 # 1504
30397 # 1504
30398 # 1504
30399 # 1504
30399 + 100
30400 # 1504
30400 - 100 1
30401 # 1504
30402 # 1504
30403 # 1504
30404 # 1504
30404 + 100
30405 # 1504
30405 - 100 1
30406 # 1504
30407 # 1504
30408 # 1504
30408 + 100
30409 # 1504
30409 - 100 1
30410 # 1504
30411 # 1504
30412 # 1504
30412 + 100
30413 # 1504
30413 - 100 1
30414 # 1504
30414 + 100
30415 # 1504
30415 - 100 1
30416 # 1504
30417 # 1504
30418 # 1504
30419 # 1504
30419 + 100
30420 # 1504
30420 - 100 1
30421 # 1504
30422 # 1504
30423 # 1504
30424 # 1504
30424 + 100
30425 # 1504
30425 - 100 1
30426 # 1504
30427 # 1504
30428 # 1504
30429 # 1504
30430 # 1504
30430 + 100
30431 # 1504
30431 - 100 1
30432 # 1504
30433 # 1504
30434 # 1504
30434 + 100
30435 # 1504
30435 - 100 1
30436 # 1504
30437 # 1504
30438 # 1504
30438 + 100
30439 # 1504
30439 - 100 1
30440 # 1504
30441 # 1504
30442 # 1504
30443 # 1504
30444 # 1504
30444 + 100
30445 # 1504
30445 - 100 1
30446 # 1504
30447 # 1504
30447 + 100
30448 # 1504
30448 - 100 1
30449 # 1504
30450 # 1504
30450 + 100
30451 # 1504
30451 - 100 1
30452 # 1504
30453 # 1504
30453 + 100
30454 # 1504
30454 - 100 1
30455 # 1504
30456 # 1504
30457 # 1504
30457 + 100
30458 # 1504
30458 - 100 1
30459 # 1504
30460 # 1504
30461 # 1504
30461 + 100
30462 # 1504
30462 - 100 1
30463 # 1504
30464 # 1504
30465 # 1504
30466 # 1504
30466 + 100
30467 # 1504
30467 - 100 1
30468 # 1504
30469 # 1504
30470 # 1504
30470 + 100
30471 # 1504
30471 - 100 1
30472 # 1504
30473 # 1504
30474 # 1504
30475 # 1504
30476 # 1504
30477 # 1504
30477 + 100
30478 # 1504
30478 - 100 1
30478 + 100
30479 # 1504
30479 - 100 1
30479 + 100
30480 # 1504
30480 - 100 1
30481 # 1504
30482 # 1504
30482 + 100
30483 # 1504
30483 - 100 1
30484 # 1504
30485 # 1504
30486 # 1504
30486 + 100
30487 # 1504
30487 - 100 1
30488 # 1504
30489 # 1504
30489 + 100
30490 # 1504
30490 - 100 1
30491 # 1504
30492 # 1504
30492 + 100
30493 # 1504
30493 - 100 1
30494 # 1504
30495 # 1504
30496 # 1504
30496 + 100
30497 # 1504
30497 - 100 1
30498 # 1504
30499 # 1504
30500 # 1504
30500 + 100
30501 # 1504
30501 - 100 1
30502 # 1504
30503 # 1504
30504 # 1504
30504 + 100
30505 # 1504
30505 - 100 1
30506 # 1504
30507 # 1504
30508 # 1504
30508 + 100
30509 # 1504
30509 - 100 1
30510 # 1504
30511 # 1504
30511 + 100
30512 # 1504
30512 - 100 1
30513 # 1504
30514 # 1504
30515 # 1504
30515 + 100
30516 # 1504
30516 - 100 1
30517 # 1504
30517 + 100
30518 # 1504
30518 - 100 1
30519 # 1504
30520 # 1504
30521 # 1504
30522 # 1504
30522 + 100
30523 # 1504
30523 - 100 1
30524 # 1504
30525 # 1504
30526 # 1504
30526 + 100
30527 # 1504
30527 - 100 1
30528 # 1504
30529 # 1504
30530 # 1504
30531 # 1504
30531 + 100
30532 # 1504
30532 - 100 1
30533 # 1504
30534 # 1504
30535 # 1504
30536 # 1504
30536 + 100
30537 # 1504
30537 - 100 1
30538 # 1504
30539 # 1504
30540 # 1504
30540 + 100
30541 # 1504
30541 - 100 1
30542 # 1504
30542 + 100
30543 # 1504
30543 - 100 1
30544 # 1504
30545 # 1504
30545 + 100
30546 # 1504
30546 - 100 1
30546 + 100
30547 # 1504
30547 - 100 1
30548 # 1504
30549 # 1504
30549 + 100
30550 # 1504
30550 - 100 1
30551 # 1504
30552 # 1504
30553 # 1504
30554 # 1504
30554 + 100
30555 # 1504
30555 - 100 1
30556 # 1504
30557 # 1504
30558 # 1504
30559 # 1504
30560 # 1504
30560 + 100
30561 # 1504
30561 - 100 1
30562 # 1504
30563 # 1504
30563 + 100
30564 # 1504
30564 - 100 1
30565 # 1504
30566 # 1504
30567 # 1504
30567 + 100
30568 # 1504
30568 - 100 1
30569 # 1504
30570 # 1504
30571 # 1504
30572 # 1504
30572 + 100
30573 # 1504
30573 - 100 1
30574 # 1504
30575 # 1504
30575 + 100
30576 # 1504
30576 - 100 1
30577 # 1504
30578 # 1504
30579 # 1504
30580 # 1504
30581 # 1504
30582 # 1504
30583 # 1504
30583 + 100
30584 # 1504
30584 - 100 1
30585 # 1504
30586 # 1504
30587 # 1504
30588 # 1504
30588 + 100
30589 # 1504
30589 - 100 1
30590 # 1504
30590 + 100
30591 # 1504
30591 - 100 1
30592 # 1504
30593 # 1504
30594 # 1504
30595 # 1504
30596 # 1504
30596 + 100
30597 # 1504
30597 - 100 1
30598 # 1504
30599 # 1504
30599 + 100
30600 # 1504
30600 - 100 1
30601 # 1504
30602 # 1504
30603 # 1504
30604 # 1504
30605 # 1504
30606 # 1504
30607 # 1504
30608 # 1504
30609 # 1504
30610 # 1504
30611 # 1504
30612 # 1504
30613 # 1504
30613 + 100
30613 + 100
30614 # 1504
30614 - 100 1
30614 - 100 1
30615 # 1504
30616 # 1504
30617 # 1504
30618 # 1504
30619 # 1504
30620 # 1504
30621 # 1504
30622 # 1504
30623 # 1504
30624 # 1504
30625 # 1504
30626 # 1504
30627 # 1504
30628 # 1504
30629 # 1504
30630 # 1504
30631 # 1504
30631 + 100
30631 + 100
30632 # 1504
30632 - 100 1
30632 - 100 1
30633 # 1504
30633 + 100
30634 # 1504
30634 - 100 1
30635 # 1504
30636 # 1504
30636 + 100
30636 + 100
30636 + 100
30637 # 1504
30637 - 100 1
30637 - 100 1
30637 - 100 1
30638 # 1504
30639 # 1504
30640 # 1504
30640 + 100
30641 # 1504
30641 - 100 1
30642 # 1504
30643 # 1504
30644 # 1504
30644 + 100
30645 # 1504
30645 - 100 1
30646 # 1504
30646 + 100
30647 # 1504
30647 - 100 1
30648 # 1504
30649 # 1504
30650 # 1504
30651 # 1504
30651 + 100
30652 # 1504
30652 - 100 1
30653 # 1504
30654 # 1504
30655 # 1504
30655 + 100
30656 # 1504
30656 - 100 1
30657 # 1504
30658 # 1504
30659 # 1504
30660 # 1504
30661 # 1504
30662 # 1504
30662 + 100
30663 # 1504
30663 - 100 1
30664 # 1504
30665 # 1504
30666 # 1504
30667 # 1504
30668 # 1504
30669 # 1504
30670 # 1504
30671 # 1504
30671 + 100
30671 + 100
30672 # 1504
30672 - 100 1
30672 - 100 1
30673 # 1504
30674 # 1504
30675 # 1504
30676 # 1504
30676 + 100
30677 # 1504
30677 - 100 1
30678 # 1504
30679 # 1504
30680 # 1504
30680 + 100
30681 # 1504
30681 - 100 1
30682 # 1504
30683 # 1504
30684 # 1504
30684 + 100
30685 # 1504
30685 - 100 1
30686 # 1504
30687 # 1504
30688 # 1504
30689 # 1504
30690 # 1504
30691 # 1504
30691 + 100
30692 # 1504
30692 - 100 1
30693 # 1504
30694 # 1504
30695 # 1504
30696 # 1504
30696 + 100
30697 # 1504
30697 - 100 1
30698 # 1504
30699 # 1504
30700 # 1504
30700 + 100
30701 # 1504
30701 - 100 1
30702 # 1504
30703 # 1504
30704 # 1504
30705 # 1504
30705 + 100
30706 # 1504
30706 - 100 1
30707 # 1504
30708 # 1504
30709 # 1504
30709 + 100
30710 # 1504
30710 - 100 1
30711 # 1504
30712 # 1504
30713 # 1504
30714 # 1504
30715 # 1504
30716 # 1504
30717 # 1504
30717 + 100
30718 # 1504
30718 - 100 1
30719 # 1504
30719 + 100
30720 # 1504
30720 - 100 1
30721 # 1504
30722 # 1504
30723 # 1504
30724 # 1504
30725 # 1504
30726 # 1504
30726 + 100
30727 # 1504
30727 - 100 1
30728 # 1504
30728 + 100
30729 # 1504
30729 - 100 1
30730 # 1504
30731 # 1504
30732 # 1504
30733 # 1504
30733 + 100
30734 # 1504
30734 - 100 1
30735 # 1504
30736 # 1504
30737 # 1504
30738 # 1504
30738 + 100
30739 # 1504
30739 - 100 1
30740 # 1504
30741 # 1504
30742 # 1504
30743 # 1504
30744 # 1504
30745 # 1504
30746 # 1504
30747 # 1504
30748 # 1504
30749 # 1504
30750 # 1504
30751 # 1504
30752 # 1504
30753 # 1504
30754 # 1504
30755 # 1504
30755 + 100
30756 # 1504
30756 - 100 1
30757 # 1504
30758 # 1504
30759 # 1504
30760 # 1504
30760 + 100
30760 + 100
30760 + 100
30761 # 1504
30761 - 100 1
30761 - 100 1
30761 - 100 1
30762 # 1504
30762 + 100
30763 # 1504
30763 - 100 1
30764 # 1504
30765 # 1504
30766 # 1504
30767 # 1504
30768 # 1504
30768 + 100
30769 # 1504
30769 - 100 1
30770 # 1504
30771 # 1504
30771 + 100
30772 # 1504
30772 - 100 1
30773 # 1504
30774 # 1504
30775 # 1504
30775 + 100
30776 # 1504
30776 - 100 1
30777 # 1504
30778 # 1504
30779 # 1504
30780 # 1504
30781 # 1504
30782 # 1504
30783 # 1504
30783 + 100
30784 # 1504
30784 - 100 1
30785 # 1504
30786 # 1504
30787 # 1504
30787 + 100
30788 # 1504
30788 - 100 1
30789 # 1504
30790 # 1504
30790 + 100
30791 # 1504
30791 - 100 1
30792 # 1504
30793 # 1504
30793 + 100
30794 # 1504
30794 - 100 1
30795 # 1504
30796 # 1504
30796 + 100
30797 # 1504
30797 - 100 1
30798 # 1504
30799 # 1504
30800 # 1504
30800 + 100
30801 # 1504
30801 - 100 1
30802 # 1504
30803 # 1504
30804 # 1504
30805 # 1504
30806 # 1504
30807 # 1504
30807 + 100
30808 # 1504
30808 - 100 1
30809 # 1504
30810 # 1504
30811 # 1504
30811 + 100
30812 # 1504
30812 - 100 1
30813 # 1504
30814 # 1504
30815 # 1504
30816 # 1504
30817 # 1504
30818 # 1504
30818 + 100
30819 # 1504
30819 - 100 1
30820 # 1504
30820 + 100
30821 # 1504
30821 - 100 1
30822 # 1504
30823 # 1504
30823 + 100
30824 # 1504
30824 - 100 1
30825 # 1504
30826 # 1504
30827 # 1504
30827 + 100
30828 # 1504
30828 - 100 1
30829 # 1504
30830 # 1504
30830 + 100
30831 # 1504
30831 - 100 1
30832 # 1504
30833 # 1504
30834 # 1504
30834 + 100
30835 # 1504
30835 - 100 1
30836 # 1504
30837 # 1504
30838 # 1504
30839 # 1504
30840 # 1504
30840 + 100
30841 # 1504
30841 - 100 1
30842 # 1504
30843 # 1504
30844 # 1504
30844 + 100
30845 # 1504
30845 - 100 1
30846 # 1504
30847 # 1504
30848 # 1504
30849 # 1504
30850 # 1504
30851 # 1504
30852 # 1504
30853 # 1504
30854 # 1504
30855 # 1504
30856 # 1504
30857 # 1504
30857 + 100
30858 # 1504
30858 - 100 1
30859 # 1504
30860 # 1504
30861 # 1504
30862 # 1504
30863 # 1504
30863 + 100
30863 + 100
30864 # 1504
30864 - 100 1
30864 - 100 1
30865 # 1504
30866 # 1504
30867 # 1504
30868 # 1504
30868 + 100
30868 + 100
30869 # 1504
30869 - 100 1
30869 - 100 1
30870 # 1504
30871 # 1504
30872 # 1504
30873 # 1504
30873 + 100
30874 # 1504
30874 - 100 1
30875 # 1504
30876 # 1504
30877 # 1504
30878 # 1504
30879 # 1504
30880 # 1504
30881 # 1504
30882 # 1504
30883 # 1504
30884 # 1504
30885 # 1504
30886 # 1504
30887 # 1504
30888 # 1504
30889 # 1504
30890 # 1504
30891 # 1504
30892 # 1504
30893 # 1504
30894 # 1504
30895 # 1504
30896 # 1504
30897 # 1504
30898 # 1504
30899 # 1504
30900 # 1504
30901 # 1504
30902 # 1504
30903 # 1504
30904 # 1504
30905 # 1504
30906 # 1504
30907 # 1504
30908 # 1504
30909 # 1504
30910 # 1504
30911 # 1504
30912 # 1504
30913 # 1504
30914 # 1504
30915 # 1504
30916 # 1504
30917 # 1504
30918 # 1504
30919 # 1504
30920 # 1504
30921 # 1504
30922 # 1504
30923 # 1504
30924 # 1504
30925 # 1504
30926 # 1504
30927 # 1504
30928 # 1504
30929 # 1504
30930 # 1504
30931 # 1504
30932 # 1504
30932 + 100
30933 # 1504
30933 - 100 1
30934 # 1504
30935 # 1504
30935 + 100
30935 + 100
30936 # 1504
30936 - 100 1
30936 - 100 1
30937 # 1504
30938 # 1504
30939 # 1504
30939 + 100
30939 + 100
30939 + 100
30939 + 100
30940 # 1504
30940 - 100 1
30940 - 100 1
30940 - 100 1
30940 - 100 1
30941 # 1504
30942 # 1504
30942 + 100
30942 + 100
30942 + 100
30943 # 1504
30943 - 100 1
30943 - 100 1
30943 - 100 1
30943 + 100
30944 # 1504
30944 - 100 1
30944 + 100
30945 # 1504
30945 - 100 1
30945 + 100
30946 # 1504
30946 - 100 1
30947 # 1504
30948 # 1504
30948 + 100
30948 + 100
30948 + 100
30949 # 1504
30949 - 100 1
30949 - 100 1
30949 - 100 1
30950 # 1504
30950 + 100
30950 + 100
30951 # 1504
30951 - 100 1
30951 - 100 1
30951 + 100
30952 # 1504
30952 - 100 1
30952 + 100
30953 # 1504
30953 - 100 1
30954 # 1504
30954 + 100
30954 + 100
30955 # 1504
30955 - 100 1
30955 - 100 1
30956 # 1504
30956 + 100
30956 + 100
30957 # 1504
30957 - 100 1
30957 - 100 1
30958 # 1504
30958 + 100
30959 # 1504
30959 - 100 1
30959 + 100
30960 # 1504
30960 - 100 1
30961 # 1504
30962 # 1504
30963 # 1504
30964 # 1504
30964 + 100
30964 + 100
30965 # 1504
30965 - 100 1
30965 - 100 1
30966 # 1504
30966 + 100
30967 # 1504
30967 - 100 1
30968 # 1504
30969 # 1504
30970 # 1504
30970 + 100
30971 # 1504
30971 - 100 1
30972 # 1504
30973 # 1504
30974 # 1504
30974 + 100
30975 # 1504
30975 - 100 1
30976 # 1504
30977 # 1504
30977 + 100
30978 # 1504
30978 - 100 1
30979 # 1504
30979 + 100
30980 # 1504
30980 - 100 1
30981 # 1504
30982 # 1504
30983 # 1504
30984 # 1504
30985 # 1504
30986 # 1504
30987 # 1504
30988 # 1504
30989 # 1504
30990 # 1504
30991 # 1504
30992 # 1504
30993 # 1504
30994 # 1504
30995 # 1504
30996 # 1504
30997 # 1504
30998 # 1504
30999 # 1504
31000 # 1504
31001 # 1504
31002 # 1504
31003 # 1504
31004 # 1504
31005 # 1504
31006 # 1504
31007 # 1504
31008 # 1504
31009 # 1504
31010 # 1504
31011 # 1504
31012 # 1504
31013 # 1504
31014 # 1504
31015 # 1504
31016 # 1504
31017 # 1504
31018 # 1504
31019 # 1504
31020 # 1504
31021 # 1504
31022 # 1504
31023 # 1504
31024 # 1504
31025 # 1504
31026 # 1504
31027 # 1504
31028 # 1504
31029 # 1504
31030 # 1504
31031 # 1504
31032 # 1504
31033 # 1504
31034 # 1504
31035 # 1504
31036 # 1504
31037 # 1504
31038 # 1504
31039 # 1504
31040 # 1504
31041 # 1504
31042 # 1504
31043 # 1504
31044 # 1504
31044 + 100
31044 + 100
31045 # 1504
31045 - 100 1
31045 - 100 1
31046 # 1504
31047 # 1504
31048 # 1504
31049 # 1504
31049 + 100
31049 + 100
31049 + 100
31050 # 1504
31050 - 100 1
31050 - 100 1
31050 - 100 1
31050 + 100
31050 + 100
31051 # 1504
31051 - 100 1
31051 - 100 1
31052 # 1504
31053 # 1504
31054 # 1504
31055 # 1504
31056 # 1504
31057 # 1504
31058 # 1504
31059 # 1504
31060 # 1504
31061 # 1504
31062 # 1504
31063 # 1504
31064 # 1504
31065 # 1504
31066 # 1504
31067 # 1504
31068 # 1504
31069 # 1504
31070 # 1504
31071 # 1504
31072 # 1504
31073 # 1504
31074 # 1504
31075 # 1504
31076 # 1504
31077 # 1504
31078 # 1504
31079 # 1504
31080 # 1504
31081 # 1504
31082 # 1504
31083 # 1504
31084 # 1504
31085 # 1504
31086 # 1504
31087 # 1504
31088 # 1504
31089 # 1504
31090 # 1504
31091 # 1504
31092 # 1504
31093 # 1504
31094 # 1504
31095 # 1504
31096 # 1504
31097 # 1504
31098 # 1504
31099 # 1504
31100 # 1504
31101 # 1504
31102 # 1504
31103 # 1504
31104 # 1504
31105 # 1504
31106 # 1504
31107 # 1504
31108 # 1504
31109 # 1504
31110 # 1504
31111 # 1504
31112 # 1504
31113 # 1504
31114 # 1504
31115 # 1504
31115 + 100
31115 + 100
31115 + 100
31115 + 100
31115 + 100
31115 + 100
31115 + 100
31115 + 100
31115 + 100
31115 + 100
31115 + 100
31115 + 100
31115 + 100
31115 + 100
31115 + 100
31115 + 100
31115 + 100
31115 + 100
31115 + 100
31115 + 100
31115 + 100
31115 + 100
31115 + 100
31115 + 100
31115 + 100
31116 # 1504
31116 - 100 1
31116 - 100 1
31116 - 100 1
31116 - 100 1
31116 - 100 1
31116 - 100 1
31116 - 100 1
31116 - 100 1
31116 - 100 1
31116 - 100 1
31116 - 100 1
31116 - 100 1
31116 - 100 1
31116 - 100 1
31116 - 100 1
31117 # 1504
31117 - 100 2
31117 - 100 2
31117 - 100 2
31117 - 100 2
31117 - 100 2
31117 - 100 2
31117 - 100 2
31117 - 100 2
31117 - 100 2
31117 - 100 2
31117 + 100
31118 # 1504
31118 - 100 1
31118 + 100
31119 # 1504
31119 - 100 1
31119 + 100
31120 # 1504
31120 - 100 1
31120 + 100
31121 # 1504
31121 - 100 1
31122 # 1504
31122 + 100
31123 # 1504
31123 - 100 1
31123 + 100
31123 + 100
31124 # 1504
31124 - 100 1
31124 - 100 1
31124 + 100
31125 # 1504
31125 - 100 1
31126 # 1504
31127 # 1504
31128 # 1504
31129 # 1504
31130 # 1504
31131 # 1504
31132 # 1504
31133 # 1504
31134 # 1504
31135 # 1504
31136 # 1504
31137 # 1504
31138 # 1504
31139 # 1504
31140 # 1504
31141 # 1504
31142 # 1504
31143 # 1504
31144 # 1504
31145 # 1504
31146 # 1504
31147 # 1504
31148 # 1504
31149 # 1504
31150 # 1504
31151 # 1504
31152 # 1504
31153 # 1504
31154 # 1504
31155 # 1504
31156 # 1504
31157 # 1504
31158 # 1504
31159 # 1504
31160 # 1504
31161 # 1504
31162 # 1504
31163 # 1504
31164 # 1504
31165 # 1504
31166 # 1504
31167 # 1504
31168 # 1504
31169 # 1504
31170 # 1504
31171 # 1504
31172 # 1504
31173 # 1504
31174 # 1504
31175 # 1504
31176 # 1504
31177 # 1504
31178 # 1504
31179 # 1504
31180 # 1504
31181 # 1504
31182 # 1504
31183 # 1504
31184 # 1504
31185 # 1504
31186 # 1504
31187 # 1504
31188 # 1504
31189 # 1504
31190 # 1504
31191 # 1504
31192 # 1504
31193 # 1504
31194 # 1504
31195 # 1504
31196 # 1504
31197 # 1504
31198 # 1504
31199 # 1504
31200 # 1504
31201 # 1504
31202 # 1504
31203 # 1504
31204 # 1504
31205 # 1504
31206 # 1504
31207 # 1504
31208 # 1504
31209 # 1504
31210 # 1504
31211 # 1504
31212 # 1504
31213 # 1504
31214 # 1504
31215 # 1504
31216 # 1504
31217 # 1504
31218 # 1504
31219 # 1504
31220 # 1504
31221 # 1504
31222 # 1504
31223 # 1504
31224 # 1504
31225 # 1504
31226 # 1504
31227 # 1504
31228 # 1504
31229 # 1504
31230 # 1504
31231 # 1504
31232 # 1504
31233 # 1504
31234 # 1504
31235 # 1504
31236 # 1504
31237 # 1504
31238 # 1504
31239 # 1504
31240 # 1504
31241 # 1504
31242 # 1504
31243 # 1504
31244 # 1504
31245 # 1504
31246 # 1504
31247 # 1504
31248 # 1504
31249 # 1504
31250 # 1504
31251 # 1504
31252 # 1504
31253 # 1504
31254 # 1504
31255 # 1504
31256 # 1504
31257 # 1504
31258 # 1504
31259 # 1504
31260 # 1504
31261 # 1504
31262 # 1504
31263 # 1504
31264 # 1504
31265 # 1504
31266 # 1504
31267 # 1504
31268 # 1504
31269 # 1504
31270 # 1504
31271 # 1504
31272 # 1504
31273 # 1504
31274 # 1504
31275 # 1504
31276 # 1504
31277 # 1504
31278 # 1504
31279 # 1504
31280 # 1504
31281 # 1504
31282 # 1504
31283 # 1504
31284 # 1504
31285 # 1504
31286 # 1504
31287 # 1504
31288 # 1504
31289 # 1504
31290 # 1504
31291 # 1504
31292 # 1504
31293 # 1504
31294 # 1504
31295 # 1504
31296 # 1504
31297 # 1504
31298 # 1504
31299 # 1504
31300 # 1504
31301 # 1504
31302 # 1504
31303 # 1504
31304 # 1504
31305 # 1504
31306 # 1504
31307 # 1504
31308 # 1504
31309 # 1504
31310 # 1504
31311 # 1504
31312 # 1504
31313 # 1504
31314 # 1504
31315 # 1504
31316 # 1504
31317 # 1504
31318 # 1504
31319 # 1504
31320 # 1504
31321 # 1504
31322 # 1504
31323 # 1504
31324 # 1504
31325 # 1504
31326 # 1504
31327 # 1504
31328 # 1504
31329 # 1504
31330 # 1504
31331 # 1504
31332 # 1504
31332 + 100
31332 + 100
31332 + 100
31332 + 100
31332 + 100
31332 + 100
31332 + 100
31332 + 100
31332 + 100
31333 # 1504
31333 - 100 1
31333 - 100 1
31333 - 100 1
31333 - 100 1
31333 - 100 1
31333 - 100 1
31333 - 100 1
31333 - 100 1
31333 - 100 1
31334 # 1504
31334 + 100
31335 # 1504
31335 - 100 1
31335 + 100
31336 # 1504
31336 - 100 1
31336 + 100
31337 # 1504
31337 - 100 1
31338 # 1504
31339 # 1504
31340 # 1504
31341 # 1504
31342 # 1504
31343 # 1504
31344 # 1504
31345 # 1504
31346 # 1504
31347 # 1504
31348 # 1504
31349 # 1504
31350 # 1504
31351 # 1504
31352 # 1504
31353 # 1504
31354 # 1504
31355 # 1504
31356 # 1504
31357 # 1504
31358 # 1504
31359 # 1504
31360 # 1504
31361 # 1504
31362 # 1504
31363 # 1504
31364 # 1504
31365 # 1504
31366 # 1504
31367 # 1504
31368 # 1504
31369 # 1504
31370 # 1504
31371 # 1504
31372 # 1504
31373 # 1504
31374 # 1504
31375 # 1504
31376 # 1504
31377 # 1504
31378 # 1504
31379 # 1504
31380 # 1504
31381 # 1504
31382 # 1504
31383 # 1504
31384 # 1504
31385 # 1504
31386 # 1504
31387 # 1504
31388 # 1504
31389 # 1504
31390 # 1504
31391 # 1504
31392 # 1504
31393 # 1504
31394 # 1504
31395 # 1504
31396 # 1504
31397 # 1504
31398 # 1504
31399 # 1504
31400 # 1504
31401 # 1504
31402 # 1504
31403 # 1504
31404 # 1504
31405 # 1504
31406 # 1504
31407 # 1504
31408 # 1504
31409 # 1504
31410 # 1504
31411 # 1504
31412 # 1504
31413 # 1504
31414 # 1504
31415 # 1504
31416 # 1504
31417 # 1504
31418 # 1504
31419 # 1504
31420 # 1504
31421 # 1504
31421 + 100
31421 + 100
31421 + 100
31421 + 100
31421 + 100
31421 + 100
31421 + 100
31421 + 100
31421 + 100
31421 + 100
31421 + 100
31422 # 1504
31422 - 100 1
31422 - 100 1
31422 - 100 1
31422 - 100 1
31422 - 100 1
31422 - 100 1
31422 - 100 1
31422 - 100 1
31422 - 100 1
31422 - 100 1
31422 - 100 1
31422 + 100
31422 + 100
31422 + 100
31422 + 100
31422 + 100
31422 + 100
31422 + 100
31422 + 100
31422 + 100
31422 + 100
31422 + 100
31422 + 100
31422 + 100
31422 + 100
31422 + 100
31422 + 100
31422 + 100
31422 + 100
31422 + 100
31422 + 100
31422 + 100
31422 + 100
31422 + 100
31422 + 100
31422 + 100
31422 + 100
31422 + 100
31422 + 100
31422 + 100
31422 + 100
31422 + 100
31422 + 100
31422 + 100
31422 + 100
31422 + 100
31422 + 100
31422 + 100
31422 + 100
31422 + 100
31423 # 1504
31423 - 100 1
31423 - 100 1
31423 - 100 1
31423 - 100 1
31423 - 100 1
31423 - 100 1
31423 - 100 1
31423 - 100 1
31423 - 100 1
31423 - 100 1
31423 - 100 1
31423 - 100 1
31423 - 100 1
31423 - 100 1
31423 - 100 1
31424 # 1504
31424 - 100 2
31424 - 100 2
31424 - 100 2
31424 - 100 2
31424 - 100 2
31424 - 100 2
31424 - 100 2
31424 - 100 2
31424 - 100 2
31424 - 100 2
31424 - 100 2
31424 - 100 2
31424 - 100 2
31424 - 100 2
31424 - 100 2
31425 # 1504
31425 - 100 3
31425 - 100 3
31425 - 100 3
31425 - 100 3
31425 - 100 3
31425 - 100 3
31425 - 100 3
31425 - 100 3
31425 - 100 3
31426 # 1504
31426 + 100
31427 # 1504
31427 - 100 1
31427 + 100
31428 # 1504
31428 - 100 1
31428 + 100
31429 # 1504
31429 - 100 1
31429 + 100
31430 # 1504
31430 - 100 1
31430 + 100
31431 # 1504
31431 - 100 1
31431 + 100
31432 # 1504
31432 - 100 1
31432 + 100
31433 # 1504
31433 - 100 1
31433 + 100
31434 # 1504
31434 - 100 1
31434 + 100
31435 # 1504
31435 - 100 1
31435 + 100
31436 # 1504
31436 - 100 1
31436 + 100
31437 # 1504
31437 - 100 1
31437 + 100
31438 # 1504
31438 - 100 1
31438 + 100
31439 # 1504
31439 - 100 1
31440 # 1504
31440 + 100
31441 # 1504
31441 - 100 1
31442 # 1504
31443 # 1504
31444 # 1504
31444 + 100
31445 # 1504
31445 - 100 1
31446 # 1504
31447 # 1504
31448 # 1504
31449 # 1504
31449 + 100
31450 # 1504
31450 - 100 1
31451 # 1504
31452 # 1504
31452 + 100
31453 # 1504
31453 - 100 1
31454 # 1504
31455 # 1504
31456 # 1504
31456 + 100
31457 # 1504
31457 - 100 1
31458 # 1504
31459 # 1504
31460 # 1504
31460 + 100
31461 # 1504
31461 - 100 1
31462 # 1504
31463 # 1504
31464 # 1504
31464 + 100
31465 # 1504
31465 - 100 1
31466 # 1504
31467 # 1504
31468 # 1504
31468 + 100
31469 # 1504
31469 - 100 1
31470 # 1504
31471 # 1504
31471 + 100
31472 # 1504
31472 - 100 1
31473 # 1504
31473 + 100
31474 # 1504
31474 - 100 1
31475 # 1504
31476 # 1504
31476 + 100
31477 # 1504
31477 - 100 1
31478 # 1504
31479 # 1504
31480 # 1504
31480 + 100
31481 # 1504
31481 - 100 1
31482 # 1504
31483 # 1504
31483 + 100
31484 # 1504
31484 - 100 1
31485 # 1504
31485 + 100
31486 # 1504
31486 - 100 1
31487 # 1504
31488 # 1504
31488 + 100
31489 # 1504
31489 - 100 1
31490 # 1504
31491 # 1504
31492 # 1504
31492 + 100
31493 # 1504
31493 - 100 1
31494 # 1504
31495 # 1504
31495 + 100
31496 # 1504
31496 - 100 1
31497 # 1504
31497 + 100
31498 # 1504
31498 - 100 1
31499 # 1504
31500 # 1504
31501 # 1504
31502 # 1504
31502 + 100
31503 # 1504
31503 - 100 1
31504 # 1504
31505 # 1504
31506 # 1504
31507 # 1504
31507 + 100
31508 # 1504
31508 - 100 1
31509 # 1504
31510 # 1504
31511 # 1504
31511 + 100
31512 # 1504
31512 - 100 1
31513 # 1504
31514 # 1504
31514 + 100
31515 # 1504
31515 - 100 1
31516 # 1504
31516 + 100
31517 # 1504
31517 - 100 1
31518 # 1504
31519 # 1504
31520 # 1504
31521 # 1504
31522 # 1504
31522 + 100
31523 # 1504
31523 - 100 1
31524 # 1504
31525 # 1504
31525 + 100
31526 # 1504
31526 - 100 1
31527 # 1504
31528 # 1504
31528 + 100
31529 # 1504
31529 - 100 1
31530 # 1504
31531 # 1504
31531 + 100
31532 # 1504
31532 - 100 1
31533 # 1504
31533 + 100
31534 # 1504
31534 - 100 1
31535 # 1504
31536 # 1504
31537 # 1504
31538 # 1504
31538 + 100
31539 # 1504
31539 - 100 1
31540 # 1504
31541 # 1504
31542 # 1504
31542 + 100
31543 # 1504
31543 - 100 1
31544 # 1504
31545 # 1504
31545 + 100
31546 # 1504
31546 - 100 1
31547 # 1504
31547 + 100
31548 # 1504
31548 - 100 1
31549 # 1504
31550 # 1504
31551 # 1504
31552 # 1504
31552 + 100
31553 # 1504
31553 - 100 1
31554 # 1504
31555 # 1504
31556 # 1504
31557 # 1504
31557 + 100
31558 # 1504
31558 - 100 1
31559 # 1504
31560 # 1504
31561 # 1504
31562 # 1504
31562 + 100
31563 # 1504
31563 - 100 1
31564 # 1504
31565 # 1504
31566 # 1504
31567 # 1504
31567 + 100
31568 # 1504
31568 - 100 1
31569 # 1504
31570 # 1504
31571 # 1504
31571 + 100
31572 # 1504
31572 - 100 1
31573 # 1504
31574 # 1504
31575 # 1504
31576 # 1504
31576 + 100
31577 # 1504
31577 - 100 1
31578 # 1504
31579 # 1504
31580 # 1504
31580 + 100
31581 # 1504
31581 - 100 1
31582 # 1504
31583 # 1504
31583 + 100
31584 # 1504
31584 - 100 1
31585 # 1504
31585 + 100
31586 # 1504
31586 - 100 1
31587 # 1504
31588 # 1504
31589 # 1504
31590 # 1504
31590 + 100
31591 # 1504
31591 - 100 1
31592 # 1504
31593 # 1504
31594 # 1504
31595 # 1504
31595 + 100
31596 # 1504
31596 - 100 1
31597 # 1504
31598 # 1504
31599 # 1504
31600 # 1504
31600 + 100
31601 # 1504
31601 - 100 1
31602 # 1504
31603 # 1504
31604 # 1504
31605 # 1504
31605 + 100
31606 # 1504
31606 - 100 1
31607 # 1504
31608 # 1504
31609 # 1504
31609 + 100
31610 # 1504
31610 - 100 1
31611 # 1504
31612 # 1504
31613 # 1504
31614 # 1504
31614 + 100
31615 # 1504
31615 - 100 1
31616 # 1504
31617 # 1504
31617 + 100
31618 # 1504
31618 - 100 1
31619 # 1504
31619 + 100
31620 # 1504
31620 - 100 1
31621 # 1504
31622 # 1504
31622 + 100
31623 # 1504
31623 - 100 1
31624 # 1504
31624 + 100
31625 # 1504
31625 - 100 1
31626 # 1504
31627 # 1504
31628 # 1504
31629 # 1504
31629 + 100
31630 # 1504
31630 - 100 1
31631 # 1504
31632 # 1504
31633 # 1504
31633 + 100
31634 # 1504
31634 - 100 1
31635 # 1504
31636 # 1504
31637 # 1504
31637 + 100
31638 # 1504
31638 - 100 1
31639 # 1504
31640 # 1504
31640 + 100
31641 # 1504
31641 - 100 1
31642 # 1504
31643 # 1504
31644 # 1504
31645 # 1504
31645 + 100
31646 # 1504
31646 - 100 1
31647 # 1504
31648 # 1504
31649 # 1504
31650 # 1504
31650 + 100
31651 # 1504
31651 - 100 1
31652 # 1504
31653 # 1504
31653 + 100
31654 # 1504
31654 - 100 1
31655 # 1504
31656 # 1504
31656 + 100
31657 # 1504
31657 - 100 1
31658 # 1504
31659 # 1504
31659 + 100
31660 # 1504
31660 - 100 1
31661 # 1504
31661 + 100
31662 # 1504
31662 - 100 1
31663 # 1504
31664 # 1504
31665 # 1504
31666 # 1504
31666 + 100
31667 # 1504
31667 - 100 1
31668 # 1504
31669 # 1504
31670 # 1504
31670 + 100
31671 # 1504
31671 - 100 1
31672 # 1504
31673 # 1504
31673 + 100
31674 # 1504
31674 - 100 1
31675 # 1504
31676 # 1504
31676 + 100
31677 # 1504
31677 - 100 1
31678 # 1504
31679 # 1504
31680 # 1504
31680 + 100
31681 # 1504
31681 - 100 1
31682 # 1504
31683 # 1504
31684 # 1504
31684 + 100
31685 # 1504
31685 - 100 1
31686 # 1504
31687 # 1504
31687 + 100
31688 # 1504
31688 - 100 1
31689 # 1504
31689 + 100
31690 # 1504
31690 - 100 1
31691 # 1504
31692 # 1504
31693 # 1504
31694 # 1504
31694 + 100
31695 # 1504
31695 - 100 1
31696 # 1504
31697 # 1504
31698 # 1504
31698 + 100
31699 # 1504
31699 - 100 1
31700 # 1504
31701 # 1504
31701 + 100
31702 # 1504
31702 - 100 1
31703 # 1504
31704 # 1504
31704 + 100
31705 # 1504
31705 - 100 1
31706 # 1504
31706 + 100
31707 # 1504
31707 - 100 1
31708 # 1504
31709 # 1504
31710 # 1504
31711 # 1504
31711 + 100
31712 # 1504
31712 - 100 1
31713 # 1504
31714 # 1504
31715 # 1504
31715 + 100
31716 # 1504
31716 - 100 1
31717 # 1504
31718 # 1504
31718 + 100
31719 # 1504
31719 - 100 1
31720 # 1504
31721 # 1504
31721 + 100
31722 # 1504
31722 - 100 1
31723 # 1504
31723 + 100
31724 # 1504
31724 - 100 1
31725 # 1504
31726 # 1504
31727 # 1504
31728 # 1504
31728 + 100
31729 # 1504
31729 - 100 1
31730 # 1504
31731 # 1504
31732 # 1504
31732 + 100
31733 # 1504
31733 - 100 1
31734 # 1504
31735 # 1504
31735 + 100
31736 # 1504
31736 - 100 1
31737 # 1504
31737 + 100
31738 # 1504
31738 - 100 1
31739 # 1504
31740 # 1504
31740 + 100
31741 # 1504
31741 - 100 1
31742 # 1504
31743 # 1504
31744 # 1504
31744 + 100
31745 # 1504
31745 - 100 1
31746 # 1504
31747 # 1504
31748 # 1504
31748 + 100
31749 # 1504
31749 - 100 1
31750 # 1504
31751 # 1504
31751 + 100
31752 # 1504
31752 - 100 1
31753 # 1504
31754 # 1504
31755 # 1504
31756 # 1504
31756 + 100
31757 # 1504
31757 - 100 1
31758 # 1504
31759 # 1504
31760 # 1504
31760 + 100
31761 # 1504
31761 - 100 1
31762 # 1504
31763 # 1504
31764 # 1504
31764 + 100
31765 # 1504
31765 - 100 1
31766 # 1504
31767 # 1504
31767 + 100
31768 # 1504
31768 - 100 1
31769 # 1504
31769 + 100
31770 # 1504
31770 - 100 1
31771 # 1504
31772 # 1504
31772 + 100
31773 # 1504
31773 - 100 1
31774 # 1504
31775 # 1504
31776 # 1504
31777 # 1504
31778 # 1504
31778 + 100
31779 # 1504
31779 - 100 1
31780 # 1504
31781 # 1504
31782 # 1504
31782 + 100
31783 # 1504
31783 - 100 1
31784 # 1504
31785 # 1504
31786 # 1504
31787 # 1504
31787 + 100
31788 # 1504
31788 - 100 1
31789 # 1504
31790 # 1504
31791 # 1504
31791 + 100
31792 # 1504
31792 - 100 1
31793 # 1504
31794 # 1504
31795 # 1504
31796 # 1504
31796 + 100
31797 # 1504
31797 - 100 1
31798 # 1504
31799 # 1504
31800 # 1504
31801 # 1504
31802 # 1504
31802 + 100
31803 # 1504
31803 - 100 1
31804 # 1504
31805 # 1504
31805 + 100
31806 # 1504
31806 - 100 1
31807 # 1504
31808 # 1504
31808 + 100
31809 # 1504
31809 - 100 1
31810 # 1504
31811 # 1504
31811 + 100
31812 # 1504
31812 - 100 1
31813 # 1504
31813 + 100
31814 # 1504
31814 - 100 1
31815 # 1504
31815 + 100
31816 # 1504
31816 - 100 1
31817 # 1504
31818 # 1504
31818 + 100
31819 # 1504
31819 - 100 1
31820 # 1504
31821 # 1504
31821 + 100
31822 # 1504
31822 - 100 1
31823 # 1504
31823 + 100
31824 # 1504
31824 - 100 1
31825 # 1504
31826 # 1504
31826 + 100
31827 # 1504
31827 - 100 1
31828 # 1504
31829 # 1504
31830 # 1504
31831 # 1504
31831 + 100
31832 # 1504
31832 - 100 1
31833 # 1504
31834 # 1504
31835 # 1504
31835 + 100
31836 # 1504
31836 - 100 1
31837 # 1504
31838 # 1504
31839 # 1504
31839 + 100
31840 # 1504
31840 - 100 1
31841 # 1504
31841 + 100
31842 # 1504
31842 - 100 1
31843 # 1504
31844 # 1504
31845 # 1504
31846 # 1504
31846 + 100
31847 # 1504
31847 - 100 1
31848 # 1504
31849 # 1504
31850 # 1504
31851 # 1504
31851 + 100
31852 # 1504
31852 - 100 1
31853 # 1504
31854 # 1504
31855 # 1504
31855 + 100
31856 # 1504
31856 - 100 1
31857 # 1504
31858 # 1504
31859 # 1504
31859 + 100
31860 # 1504
31860 - 100 1
31861 # 1504
31861 + 100
31862 # 1504
31862 - 100 1
31863 # 1504
31864 # 1504
31865 # 1504
31866 # 1504
31866 + 100
31867 # 1504
31867 - 100 1
31868 # 1504
31869 # 1504
31869 + 100
31870 # 1504
31870 - 100 1
31871 # 1504
31871 + 100
31872 # 1504
31872 - 100 1
31873 # 1504
31874 # 1504
31874 + 100
31875 # 1504
31875 - 100 1
31876 # 1504
31876 + 100
31877 # 1504
31877 - 100 1
31878 # 1504
31879 # 1504
31880 # 1504
31880 + 100
31881 # 1504
31881 - 100 1
31882 # 1504
31883 # 1504
31884 # 1504
31884 + 100
31885 # 1504
31885 - 100 1
31886 # 1504
31887 # 1504
31888 # 1504
31888 + 100
31889 # 1504
31889 - 100 1
31890 # 1504
31891 # 1504
31891 + 100
31892 # 1504
31892 - 100 1
31893 # 1504
31894 # 1504
31895 # 1504
31895 + 100
31896 # 1504
31896 - 100 1
31897 # 1504
31897 + 100
31898 # 1504
31898 - 100 1
31899 # 1504
31900 # 1504
31901 # 1504
31902 # 1504
31902 + 100
31903 # 1504
31903 - 100 1
31904 # 1504
31905 # 1504
31905 + 100
31906 # 1504
31906 - 100 1
31907 # 1504
31908 # 1504
31908 + 100
31909 # 1504
31909 - 100 1
31910 # 1504
31911 # 1504
31911 + 100
31912 # 1504
31912 - 100 1
31913 # 1504
31914 # 1504
31915 # 1504
31916 # 1504
31916 + 100
31917 # 1504
31917 - 100 1
31918 # 1504
31919 # 1504
31920 # 1504
31920 + 100
31921 # 1504
31921 - 100 1
31922 # 1504
31923 # 1504
31924 # 1504
31925 # 1504
31925 + 100
31926 # 1504
31926 - 100 1
31927 # 1504
31928 # 1504
31929 # 1504
31930 # 1504
31930 + 100
31931 # 1504
31931 - 100 1
31932 # 1504
31933 # 1504
31934 # 1504
31934 + 100
31935 # 1504
31935 - 100 1
31936 # 1504
31937 # 1504
31937 + 100
31938 # 1504
31938 - 100 1
31939 # 1504
31940 # 1504
31941 # 1504
31941 + 100
31942 # 1504
31942 - 100 1
31943 # 1504
31944 # 1504
31945 # 1504
31945 + 100
31946 # 1504
31946 - 100 1
31947 # 1504
31948 # 1504
31949 # 1504
31950 # 1504
31950 + 100
31951 # 1504
31951 - 100 1
31952 # 1504
31953 # 1504
31954 # 1504
31954 + 100
31955 # 1504
31955 - 100 1
31956 # 1504
31957 # 1504
31958 # 1504
31959 # 1504
31959 + 100
31960 # 1504
31960 - 100 1
31961 # 1504
31962 # 1504
31963 # 1504
31964 # 1504
31965 # 1504
31965 + 100
31966 # 1504
31966 - 100 1
31967 # 1504
31968 # 1504
31969 # 1504
31969 + 100
31970 # 1504
31970 - 100 1
31971 # 1504
31972 # 1504
31973 # 1504
31974 # 1504
31975 # 1504
31975 + 100
31976 # 1504
31976 - 100 1
31977 # 1504
31978 # 1504
31978 + 100
31979 # 1504
31979 - 100 1
31980 # 1504
31981 # 1504
31982 # 1504
31983 # 1504
31984 # 1504
31984 + 100
31985 # 1504
31985 - 100 1
31986 # 1504
31987 # 1504
31988 # 1504
31988 + 100
31989 # 1504
31989 - 100 1
31990 # 1504
31991 # 1504
31992 # 1504
31993 # 1504
31993 + 100
31994 # 1504
31994 - 100 1
31995 # 1504
31996 # 1504
31997 # 1504
31997 + 100
31998 # 1504
31998 - 100 1
31999 # 1504
32000 # 1504
32000 + 100
32001 # 1504
32001 - 100 1
32002 # 1504
32003 # 1504
32003 + 100
32004 # 1504
32004 - 100 1
32005 # 1504
32005 + 100
32006 # 1504
32006 - 100 1
32007 # 1504
32008 # 1504
32008 + 100
32009 # 1504
32009 - 100 1
32010 # 1504
32011 # 1504
32012 # 1504
32012 + 100
32013 # 1504
32013 - 100 1
32014 # 1504
32015 # 1504
32016 # 1504
32016 + 100
32017 # 1504
32017 - 100 1
32018 # 1504
32019 # 1504
32019 + 100
32020 # 1504
32020 - 100 1
32021 # 1504
32022 # 1504
32023 # 1504
32023 + 100
32024 # 1504
32024 - 100 1
32025 # 1504
32026 # 1504
32027 # 1504
32028 # 1504
32028 + 100
32029 # 1504
32029 - 100 1
32030 # 1504
32031 # 1504
32032 # 1504
32033 # 1504
32033 + 100
32034 # 1504
32034 - 100 1
32035 # 1504
32036 # 1504
32037 # 1504
32037 + 100
32038 # 1504
32038 - 100 1
32039 # 1504
32040 # 1504
32041 # 1504
32041 + 100
32042 # 1504
32042 - 100 1
32043 # 1504
32043 + 100
32044 # 1504
32044 - 100 1
32045 # 1504
32046 # 1504
32047 # 1504
32048 # 1504
32048 + 100
32049 # 1504
32049 - 100 1
32050 # 1504
32051 # 1504
32052 # 1504
32052 + 100
32053 # 1504
32053 - 100 1
32054 # 1504
32055 # 1504
32055 + 100
32056 # 1504
32056 - 100 1
32057 # 1504
32057 + 100
32058 # 1504
32058 - 100 1
32059 # 1504
32060 # 1504
32060 + 100
32061 # 1504
32061 - 100 1
32062 # 1504
32063 # 1504
32064 # 1504
32065 # 1504
32065 + 100
32066 # 1504
32066 - 100 1
32067 # 1504
32068 # 1504
32069 # 1504
32069 + 100
32070 # 1504
32070 - 100 1
32071 # 1504
32072 # 1504
32072 + 100
32073 # 1504
32073 - 100 1
32074 # 1504
32074 + 100
32075 # 1504
32075 - 100 1
32076 # 1504
32077 # 1504
32077 + 100
32078 # 1504
32078 - 100 1
32079 # 1504
32080 # 1504
32081 # 1504
32082 # 1504
32082 + 100
32083 # 1504
32083 - 100 1
32084 # 1504
32085 # 1504
32086 # 1504
32086 + 100
32087 # 1504
32087 - 100 1
32088 # 1504
32089 # 1504
32090 # 1504
32091 # 1504
32092 # 1504
32092 + 100
32093 # 1504
32093 - 100 1
32094 # 1504
32095 # 1504
32096 # 1504
32097 # 1504
32097 + 100
32098 # 1504
32098 - 100 1
32099 # 1504
32100 # 1504
32101 # 1504
32101 + 100
32102 # 1504
32102 - 100 1
32103 # 1504
32104 # 1504
32105 # 1504
32106 # 1504
32107 # 1504
32107 + 100
32108 # 1504
32108 - 100 1
32109 # 1504
32110 # 1504
32111 # 1504
32111 + 100
32112 # 1504
32112 - 100 1
32113 # 1504
32114 # 1504
32115 # 1504
32115 + 100
32116 # 1504
32116 - 100 1
32117 # 1504
32118 # 1504
32119 # 1504
32120 # 1504
32121 # 1504
32121 + 100
32122 # 1504
32122 - 100 1
32123 # 1504
32124 # 1504
32125 # 1504
32125 + 100
32126 # 1504
32126 - 100 1
32127 # 1504
32128 # 1504
32129 # 1504
32130 # 1504
32130 + 100
32131 # 1504
32131 - 100 1
32132 # 1504
32133 # 1504
32134 # 1504
32134 + 100
32135 # 1504
32135 - 100 1
32136 # 1504
32137 # 1504
32137 + 100
32138 # 1504
32138 - 100 1
32139 # 1504
32140 # 1504
32140 + 100
32141 # 1504
32141 - 100 1
32142 # 1504
32143 # 1504
32143 + 100
32144 # 1504
32144 - 100 1
32145 # 1504
32146 # 1504
32147 # 1504
32148 # 1504
32148 + 100
32149 # 1504
32149 - 100 1
32150 # 1504
32151 # 1504
32152 # 1504
32152 + 100
32153 # 1504
32153 - 100 1
32154 # 1504
32155 # 1504
32156 # 1504
32156 + 100
32157 # 1504
32157 - 100 1
32158 # 1504
32159 # 1504
32159 + 100
32160 # 1504
32160 - 100 1
32161 # 1504
32162 # 1504
32163 # 1504
32163 + 100
32164 # 1504
32164 - 100 1
32165 # 1504
32166 # 1504
32167 # 1504
32168 # 1504
32168 + 100
32169 # 1504
32169 - 100 1
32170 # 1504
32171 # 1504
32172 # 1504
32172 + 100
32173 # 1504
32173 - 100 1
32174 # 1504
32175 # 1504
32175 + 100
32176 # 1504
32176 - 100 1
32177 # 1504
32178 # 1504
32179 # 1504
32179 + 100
32180 # 1504
32180 - 100 1
32181 # 1504
32181 + 100
32182 # 1504
32182 - 100 1
32183 # 1504
32184 # 1504
32185 # 1504
32186 # 1504
32186 + 100
32187 # 1504
32187 - 100 1
32188 # 1504
32189 # 1504
32190 # 1504
32191 # 1504
32191 + 100
32192 # 1504
32192 - 100 1
32193 # 1504
32194 # 1504
32195 # 1504
32196 # 1504
32197 # 1504
32197 + 100
32198 # 1504
32198 - 100 1
32199 # 1504
32200 # 1504
32201 # 1504
32201 + 100
32202 # 1504
32202 - 100 1
32203 # 1504
32204 # 1504
32205 # 1504
32205 + 100
32206 # 1504
32206 - 100 1
32207 # 1504
32208 # 1504
32209 # 1504
32210 # 1504
32210 + 100
32211 # 1504
32211 - 100 1
32212 # 1504
32213 # 1504
32214 # 1504
32215 # 1504
32215 + 100
32216 # 1504
32216 - 100 1
32217 # 1504
32218 # 1504
32219 # 1504
32219 + 100
32220 # 1504
32220 - 100 1
32221 # 1504
32222 # 1504
32223 # 1504
32223 + 100
32224 # 1504
32224 - 100 1
32225 # 1504
32226 # 1504
32226 + 100
32227 # 1504
32227 - 100 1
32228 # 1504
32229 # 1504
32230 # 1504
32230 + 100
32231 # 1504
32231 - 100 1
32232 # 1504
32233 # 1504
32234 # 1504
32235 # 1504
32235 + 100
32236 # 1504
32236 - 100 1
32237 # 1504
32238 # 1504
32239 # 1504
32239 + 100
32240 # 1504
32240 - 100 1
32241 # 1504
32242 # 1504
32242 + 100
32243 # 1504
32243 - 100 1
32244 # 1504
32244 + 100
32245 # 1504
32245 - 100 1
32246 # 1504
32247 # 1504
32247 + 100
32248 # 1504
32248 - 100 1
32249 # 1504
32250 # 1504
32251 # 1504
32251 + 100
32252 # 1504
32252 - 100 1
32253 # 1504
32254 # 1504
32254 + 100
32255 # 1504
32255 - 100 1
32256 # 1504
32256 + 100
32257 # 1504
32257 - 100 1
32258 # 1504
32259 # 1504
32259 + 100
32260 # 1504
32260 - 100 1
32261 # 1504
32262 # 1504
32263 # 1504
32264 # 1504
32264 + 100
32265 # 1504
32265 - 100 1
32266 # 1504
32267 # 1504
32268 # 1504
32268 + 100
32269 # 1504
32269 - 100 1
32270 # 1504
32271 # 1504
32271 + 100
32272 # 1504
32272 - 100 1
32273 # 1504
32274 # 1504
32274 + 100
32275 # 1504
32275 - 100 1
32276 # 1504
32276 + 100
32277 # 1504
32277 - 100 1
32278 # 1504
32279 # 1504
32279 + 100
32280 # 1504
32280 - 100 1
32281 # 1504
32282 # 1504
32283 # 1504
32283 + 100
32284 # 1504
32284 - 100 1
32285 # 1504
32286 # 1504
32286 + 100
32287 # 1504
32287 - 100 1
32288 # 1504
32288 + 100
32289 # 1504
32289 - 100 1
32290 # 1504
32291 # 1504
32291 + 100
32292 # 1504
32292 - 100 1
32293 # 1504
32294 # 1504
32295 # 1504
32295 + 100
32296 # 1504
32296 - 100 1
32297 # 1504
32298 # 1504
32298 + 100
32299 # 1504
32299 - 100 1
32300 # 1504
32300 + 100
32301 # 1504
32301 - 100 1
32302 # 1504
32303 # 1504
32303 + 100
32304 # 1504
32304 - 100 1
32305 # 1504
32306 # 1504
32307 # 1504
32308 # 1504
32308 + 100
32309 # 1504
32309 - 100 1
32310 # 1504
32311 # 1504
32312 # 1504
32312 + 100
32313 # 1504
32313 - 100 1
32314 # 1504
32315 # 1504
32316 # 1504
32316 + 100
32317 # 1504
32317 - 100 1
32318 # 1504
32318 + 100
32319 # 1504
32319 - 100 1
32320 # 1504
32321 # 1504
32322 # 1504
32323 # 1504
32323 + 100
32324 # 1504
32324 - 100 1
32325 # 1504
32326 # 1504
32327 # 1504
32328 # 1504
32328 + 100
32329 # 1504
32329 - 100 1
32330 # 1504
32331 # 1504
32332 # 1504
32332 + 100
32333 # 1504
32333 - 100 1
32334 # 1504
32335 # 1504
32336 # 1504
32336 + 100
32337 # 1504
32337 - 100 1
32338 # 1504
32339 # 1504
32339 + 100
32340 # 1504
32340 - 100 1
32341 # 1504
32342 # 1504
32343 # 1504
32343 + 100
32344 # 1504
32344 - 100 1
32345 # 1504
32346 # 1504
32347 # 1504
32348 # 1504
32348 + 100
32349 # 1504
32349 - 100 1
32350 # 1504
32351 # 1504
32352 # 1504
32352 + 100
32353 # 1504
32353 - 100 1
32354 # 1504
32355 # 1504
32355 + 100
32356 # 1504
32356 - 100 1
32357 # 1504
32357 + 100
32358 # 1504
32358 - 100 1
32359 # 1504
32360 # 1504
32360 + 100
32361 # 1504
32361 - 100 1
32362 # 1504
32363 # 1504
32364 # 1504
32364 + 100
32365 # 1504
32365 - 100 1
32366 # 1504
32367 # 1504
32367 + 100
32368 # 1504
32368 - 100 1
32369 # 1504
32370 # 1504
32370 + 100
32371 # 1504
32371 - 100 1
32372 # 1504
32373 # 1504
32374 # 1504
32374 + 100
32375 # 1504
32375 - 100 1
32376 # 1504
32377 # 1504
32378 # 1504
32379 # 1504
32380 # 1504
32380 + 100
32381 # 1504
32381 - 100 1
32382 # 1504
32383 # 1504
32384 # 1504
32384 + 100
32385 # 1504
32385 - 100 1
32386 # 1504
32387 # 1504
32388 # 1504
32388 + 100
32389 # 1504
32389 - 100 1
32390 # 1504
32391 # 1504
32392 # 1504
32393 # 1504
32393 + 100
32394 # 1504
32394 - 100 1
32395 # 1504
32396 # 1504
32397 # 1504
32398 # 1504
32398 + 100
32399 # 1504
32399 - 100 1
32400 # 1504
32401 # 1504
32402 # 1504
32403 # 1504
32403 + 100
32404 # 1504
32404 - 100 1
32405 # 1504
32406 # 1504
32407 # 1504
32407 + 100
32408 # 1504
32408 - 100 1
32409 # 1504
32410 # 1504
32410 + 100
32411 # 1504
32411 - 100 1
32412 # 1504
32412 + 100
32413 # 1504
32413 - 100 1
32414 # 1504
32415 # 1504
32415 + 100
32416 # 1504
32416 - 100 1
32417 # 1504
32418 # 1504
32419 # 1504
32419 + 100
32420 # 1504
32420 - 100 1
32421 # 1504
32422 # 1504
32422 + 100
32423 # 1504
32423 - 100 1
32424 # 1504
32425 # 1504
32425 + 100
32426 # 1504
32426 - 100 1
32427 # 1504
32427 + 100
32428 # 1504
32428 - 100 1
32429 # 1504
32430 # 1504
32430 + 100
32431 # 1504
32431 - 100 1
32432 # 1504
32433 # 1504
32434 # 1504
32434 + 100
32435 # 1504
32435 - 100 1
32436 # 1504
32437 # 1504
32437 + 100
32438 # 1504
32438 - 100 1
32439 # 1504
32440 # 1504
32440 + 100
32441 # 1504
32441 - 100 1
32442 # 1504
32443 # 1504
32444 # 1504
32444 + 100
32445 # 1504
32445 - 100 1
32446 # 1504
32447 # 1504
32448 # 1504
32449 # 1504
32449 + 100
32450 # 1504
32450 - 100 1
32451 # 1504
32452 # 1504
32453 # 1504
32453 + 100
32454 # 1504
32454 - 100 1
32455 # 1504
32456 # 1504
32457 # 1504
32457 + 100
32458 # 1504
32458 - 100 1
32459 # 1504
32459 + 100
32460 # 1504
32460 - 100 1
32461 # 1504
32462 # 1504
32463 # 1504
32464 # 1504
32464 + 100
32465 # 1504
32465 - 100 1
32466 # 1504
32467 # 1504
32468 # 1504
32469 # 1504
32469 + 100
32470 # 1504
32470 - 100 1
32471 # 1504
32472 # 1504
32473 # 1504
32473 + 100
32474 # 1504
32474 - 100 1
32475 # 1504
32476 # 1504
32476 + 100
32477 # 1504
32477 - 100 1
32478 # 1504
32479 # 1504
32479 + 100
32480 # 1504
32480 - 100 1
32481 # 1504
32482 # 1504
32483 # 1504
32483 + 100
32484 # 1504
32484 - 100 1
32485 # 1504
32486 # 1504
32487 # 1504
32487 + 100
32488 # 1504
32488 - 100 1
32489 # 1504
32490 # 1504
32491 # 1504
32492 # 1504
32492 + 100
32493 # 1504
32493 - 100 1
32494 # 1504
32495 # 1504
32496 # 1504
32496 + 100
32497 # 1504
32497 - 100 1
32498 # 1504
32499 # 1504
32500 # 1504
32500 + 100
32501 # 1504
32501 - 100 1
32502 # 1504
32502 + 100
32503 # 1504
32503 - 100 1
32504 # 1504
32505 # 1504
32506 # 1504
32507 # 1504
32507 + 100
32508 # 1504
32508 - 100 1
32509 # 1504
32510 # 1504
32511 # 1504
32512 # 1504
32512 + 100
32513 # 1504
32513 - 100 1
32514 # 1504
32515 # 1504
32516 # 1504
32516 + 100
32517 # 1504
32517 - 100 1
32518 # 1504
32519 # 1504
32519 + 100
32520 # 1504
32520 - 100 1
32521 # 1504
32521 + 100
32522 # 1504
32522 - 100 1
32523 # 1504
32524 # 1504
32524 + 100
32525 # 1504
32525 - 100 1
32526 # 1504
32527 # 1504
32528 # 1504
32528 + 100
32529 # 1504
32529 - 100 1
32530 # 1504
32531 # 1504
32531 + 100
32532 # 1504
32532 - 100 1
32533 # 1504
32533 + 100
32534 # 1504
32534 - 100 1
32535 # 1504
32536 # 1504
32536 + 100
32537 # 1504
32537 - 100 1
32538 # 1504
32539 # 1504
32540 # 1504
32541 # 1504
32541 + 100
32542 # 1504
32542 - 100 1
32543 # 1504
32544 # 1504
32545 # 1504
32546 # 1504
32546 + 100
32547 # 1504
32547 - 100 1
32548 # 1504
32549 # 1504
32550 # 1504
32550 + 100
32551 # 1504
32551 - 100 1
32552 # 1504
32553 # 1504
32554 # 1504
32555 # 1504
32556 # 1504
32556 + 100
32557 # 1504
32557 - 100 1
32558 # 1504
32559 # 1504
32560 # 1504
32560 + 100
32561 # 1504
32561 - 100 1
32562 # 1504
32563 # 1504
32564 # 1504
32565 # 1504
32565 + 100
32566 # 1504
32566 - 100 1
32567 # 1504
32568 # 1504
32569 # 1504
32569 + 100
32570 # 1504
32570 - 100 1
32571 # 1504
32572 # 1504
32572 + 100
32573 # 1504
32573 - 100 1
32574 # 1504
32574 + 100
32575 # 1504
32575 - 100 1
32576 # 1504
32577 # 1504
32577 + 100
32578 # 1504
32578 - 100 1
32579 # 1504
32580 # 1504
32581 # 1504
32581 + 100
32582 # 1504
32582 - 100 1
32583 # 1504
32584 # 1504
32584 + 100
32585 # 1504
32585 - 100 1
32586 # 1504
32587 # 1504
32587 + 100
32588 # 1504
32588 - 100 1
32589 # 1504
32590 # 1504
32591 # 1504
32591 + 100
32592 # 1504
32592 - 100 1
32593 # 1504
32594 # 1504
32595 # 1504
32595 + 100
32596 # 1504
32596 - 100 1
32597 # 1504
32598 # 1504
32598 + 100
32599 # 1504
32599 - 100 1
32600 # 1504
32601 # 1504
32601 + 100
32602 # 1504
32602 - 100 1
32603 # 1504
32604 # 1504
32605 # 1504
32605 + 100
32606 # 1504
32606 - 100 1
32607 # 1504
32608 # 1504
32609 # 1504
32610 # 1504
32610 + 100
32611 # 1504
32611 - 100 1
32612 # 1504
32613 # 1504
32614 # 1504
32615 # 1504
32615 + 100
32616 # 1504
32616 - 100 1
32617 # 1504
32618 # 1504
32619 # 1504
32620 # 1504
32620 + 100
32621 # 1504
32621 - 100 1
32622 # 1504
32623 # 1504
32624 # 1504
32625 # 1504
32625 + 100
32626 # 1504
32626 - 100 1
32627 # 1504
32628 # 1504
32629 # 1504
32630 # 1504
32630 + 100
32631 # 1504
32631 - 100 1
32632 # 1504
32633 # 1504
32634 # 1504
32634 + 100
32635 # 1504
32635 - 100 1
32636 # 1504
32637 # 1504
32638 # 1504
32638 + 100
32639 # 1504
32639 - 100 1
32640 # 1504
32641 # 1504
32641 + 100
32642 # 1504
32642 - 100 1
32643 # 1504
32644 # 1504
32645 # 1504
32645 + 100
32646 # 1504
32646 - 100 1
32647 # 1504
32647 + 100
32648 # 1504
32648 - 100 1
32649 # 1504
32650 # 1504
32651 # 1504
32652 # 1504
32652 + 100
32653 # 1504
32653 - 100 1
32654 # 1504
32655 # 1504
32656 # 1504
32657 # 1504
32657 + 100
32658 # 1504
32658 - 100 1
32659 # 1504
32660 # 1504
32661 # 1504
32662 # 1504
32662 + 100
32663 # 1504
32663 - 100 1
32664 # 1504
32665 # 1504
32666 # 1504
32667 # 1504
32668 # 1504
32668 + 100
32669 # 1504
32669 - 100 1
32670 # 1504
32671 # 1504
32672 # 1504
32672 + 100
32673 # 1504
32673 - 100 1
32674 # 1504
32675 # 1504
32676 # 1504
32676 + 100
32677 # 1504
32677 - 100 1
32678 # 1504
32679 # 1504
32680 # 1504
32680 + 100
32681 # 1504
32681 - 100 1
32682 # 1504
32683 # 1504
32683 + 100
32684 # 1504
32684 - 100 1
32685 # 1504
32686 # 1504
32687 # 1504
32687 + 100
32688 # 1504
32688 - 100 1
32689 # 1504
32690 # 1504
32690 + 100
32691 # 1504
32691 - 100 1
32692 # 1504
32693 # 1504
32694 # 1504
32694 + 100
32695 # 1504
32695 - 100 1
32696 # 1504
32697 # 1504
32698 # 1504
32699 # 1504
32699 + 100
32700 # 1504
32700 - 100 1
32701 # 1504
32702 # 1504
32703 # 1504
32703 + 100
32704 # 1504
32704 - 100 1
32705 # 1504
32706 # 1504
32707 # 1504
32707 + 100
32708 # 1504
32708 - 100 1
32709 # 1504
32710 # 1504
32710 + 100
32711 # 1504
32711 - 100 1
32712 # 1504
32713 # 1504
32714 # 1504
32714 + 100
32715 # 1504
32715 - 100 1
32716 # 1504
32717 # 1504
32718 # 1504
32719 # 1504
32719 + 100
32720 # 1504
32720 - 100 1
32721 # 1504
32722 # 1504
32723 # 1504
32724 # 1504
32724 + 100
32725 # 1504
32725 - 100 1
32726 # 1504
32727 # 1504
32728 # 1504
32729 # 1504
32729 + 100
32730 # 1504
32730 - 100 1
32731 # 1504
32732 # 1504
32733 # 1504
32734 # 1504
32734 + 100
32735 # 1504
32735 - 100 1
32736 # 1504
32737 # 1504
32738 # 1504
32738 + 100
32739 # 1504
32739 - 100 1
32740 # 1504
32741 # 1504
32742 # 1504
32743 # 1504
32743 + 100
32744 # 1504
32744 - 100 1
32745 # 1504
32746 # 1504
32747 # 1504
32748 # 1504
32748 + 100
32749 # 1504
32749 - 100 1
32750 # 1504
32751 # 1504
32752 # 1504
32752 + 100
32753 # 1504
32753 - 100 1
32754 # 1504
32755 # 1504
32756 # 1504
32757 # 1504
32757 + 100
32758 # 1504
32758 - 100 1
32759 # 1504
32760 # 1504
32761 # 1504
32762 # 1504
32762 + 100
32763 # 1504
32763 - 100 1
32764 # 1504
32765 # 1504
32766 # 1504
32767 # 1504
32768 # 1504
32768 + 100
32769 # 1504
32769 - 100 1
32770 # 1504
32771 # 1504
32771 + 100
32772 # 1504
32772 - 100 1
32773 # 1504
32774 # 1504
32775 # 1504
32775 + 100
32776 # 1504
32776 - 100 1
32777 # 1504
32778 # 1504
32778 + 100
32779 # 1504
32779 - 100 1
32780 # 1504
32781 # 1504
32782 # 1504
32782 + 100
32783 # 1504
32783 - 100 1
32784 # 1504
32785 # 1504
32786 # 1504
32787 # 1504
32788 # 1504
32788 + 100
32789 # 1504
32789 - 100 1
32790 # 1504
32791 # 1504
32792 # 1504
32792 + 100
32793 # 1504
32793 - 100 1
32794 # 1504
32795 # 1504
32796 # 1504
32797 # 1504
32797 + 100
32798 # 1504
32798 - 100 1
32799 # 1504
32800 # 1504
32801 # 1504
32801 + 100
32802 # 1504
32802 - 100 1
32803 # 1504
32804 # 1504
32805 # 1504
32806 # 1504
32806 + 100
32807 # 1504
32807 - 100 1
32808 # 1504
32809 # 1504
32810 # 1504
32811 # 1504
32811 + 100
32812 # 1504
32812 - 100 1
32813 # 1504
32814 # 1504
32814 + 100
32815 # 1504
32815 - 100 1
32816 # 1504
32817 # 1504
32817 + 100
32818 # 1504
32818 - 100 1
32819 # 1504
32820 # 1504
32821 # 1504
32822 # 1504
32822 + 100
32823 # 1504
32823 - 100 1
32824 # 1504
32825 # 1504
32826 # 1504
32826 + 100
32827 # 1504
32827 - 100 1
32828 # 1504
32829 # 1504
32830 # 1504
32831 # 1504
32831 + 100
32832 # 1504
32832 - 100 1
32833 # 1504
32834 # 1504
32835 # 1504
32836 # 1504
32836 + 100
32837 # 1504
32837 - 100 1
32838 # 1504
32839 # 1504
32840 # 1504
32840 + 100
32841 # 1504
32841 - 100 1
32842 # 1504
32843 # 1504
32844 # 1504
32844 + 100
32845 # 1504
32845 - 100 1
32846 # 1504
32846 + 100
32847 # 1504
32847 - 100 1
32848 # 1504
32849 # 1504
32850 # 1504
32851 # 1504
32851 + 100
32852 # 1504
32852 - 100 1
32853 # 1504
32854 # 1504
32855 # 1504
32855 + 100
32856 # 1504
32856 - 100 1
32857 # 1504
32858 # 1504
32858 + 100
32859 # 1504
32859 - 100 1
32860 # 1504
32861 # 1504
32861 + 100
32862 # 1504
32862 - 100 1
32863 # 1504
32863 + 100
32864 # 1504
32864 - 100 1
32865 # 1504
32866 # 1504
32867 # 1504
32868 # 1504
32868 + 100
32869 # 1504
32869 - 100 1
32870 # 1504
32871 # 1504
32872 # 1504
32872 + 100
32873 # 1504
32873 - 100 1
32874 # 1504
32875 # 1504
32876 # 1504
32876 + 100
32877 # 1504
32877 - 100 1
32878 # 1504
32879 # 1504
32880 # 1504
32880 + 100
32881 # 1504
32881 - 100 1
32882 # 1504
32883 # 1504
32884 # 1504
32884 + 100
32885 # 1504
32885 - 100 1
32886 # 1504
32887 # 1504
32888 # 1504
32888 + 100
32889 # 1504
32889 - 100 1
32890 # 1504
32891 # 1504
32892 # 1504
32892 + 100
32893 # 1504
32893 - 100 1
32894 # 1504
32895 # 1504
32896 # 1504
32896 + 100
32897 # 1504
32897 - 100 1
32898 # 1504
32899 # 1504
32900 # 1504
32900 + 100
32901 # 1504
32901 - 100 1
32902 # 1504
32903 # 1504
32903 + 100
32904 # 1504
32904 - 100 1
32905 # 1504
32906 # 1504
32906 + 100
32907 # 1504
32907 - 100 1
32908 # 1504
32909 # 1504
32910 # 1504
32911 # 1504
32911 + 100
32912 # 1504
32912 - 100 1
32913 # 1504
32914 # 1504
32915 # 1504
32916 # 1504
32916 + 100
32917 # 1504
32917 - 100 1
32918 # 1504
32919 # 1504
32919 + 100
32920 # 1504
32920 - 100 1
32921 # 1504
32922 # 1504
32923 # 1504
32923 + 100
32924 # 1504
32924 - 100 1
32925 # 1504
32926 # 1504
32927 # 1504
32928 # 1504
32928 + 100
32929 # 1504
32929 - 100 1
32930 # 1504
32931 # 1504
32932 # 1504
32933 # 1504
32934 # 1504
32934 + 100
32935 # 1504
32935 - 100 1
32936 # 1504
32937 # 1504
32937 + 100
32938 # 1504
32938 - 100 1
32939 # 1504
32940 # 1504
32940 + 100
32941 # 1504
32941 - 100 1
32942 # 1504
32943 # 1504
32943 + 100
32944 # 1504
32944 - 100 1
32945 # 1504
32946 # 1504
32947 # 1504
32948 # 1504
32949 # 1504
32950 # 1504
32950 + 100
32951 # 1504
32951 - 100 1
32952 # 1504
32953 # 1504
32953 + 100
32954 # 1504
32954 - 100 1
32955 # 1504
32956 # 1504
32956 + 100
32957 # 1504
32957 - 100 1
32958 # 1504
32959 # 1504
32960 # 1504
32960 + 100
32961 # 1504
32961 - 100 1
32962 # 1504
32963 # 1504
32964 # 1504
32964 + 100
32965 # 1504
32965 - 100 1
32966 # 1504
32967 # 1504
32968 # 1504
32968 + 100
32969 # 1504
32969 - 100 1
32970 # 1504
32971 # 1504
32972 # 1504
32972 + 100
32973 # 1504
32973 - 100 1
32974 # 1504
32975 # 1504
32976 # 1504
32976 + 100
32977 # 1504
32977 - 100 1
32978 # 1504
32979 # 1504
32980 # 1504
32980 + 100
32981 # 1504
32981 - 100 1
32982 # 1504
32983 # 1504
32984 # 1504
32985 # 1504
32985 + 100
32986 # 1504
32986 - 100 1
32987 # 1504
32988 # 1504
32989 # 1504
32989 + 100
32990 # 1504
32990 - 100 1
32991 # 1504
32992 # 1504
32993 # 1504
32994 # 1504
32994 + 100
32995 # 1504
32995 - 100 1
32996 # 1504
32997 # 1504
32998 # 1504
32999 # 1504
32999 + 100
33000 # 1504
33000 - 100 1
33001 # 1504
33002 # 1504
33003 # 1504
33004 # 1504
33004 + 100
33005 # 1504
33005 - 100 1
33006 # 1504
33007 # 1504
33008 # 1504
33009 # 1504
33009 + 100
33010 # 1504
33010 - 100 1
33011 # 1504
33012 # 1504
33013 # 1504
33014 # 1504
33014 + 100
33015 # 1504
33015 - 100 1
33016 # 1504
33017 # 1504
33018 # 1504
33018 + 100
33019 # 1504
33019 - 100 1
33020 # 1504
33021 # 1504
33022 # 1504
33023 # 1504
33023 + 100
33024 # 1504
33024 - 100 1
33025 # 1504
33026 # 1504
33027 # 1504
33028 # 1504
33028 + 100
33029 # 1504
33029 - 100 1
33030 # 1504
33031 # 1504
33032 # 1504
33033 # 1504
33033 + 100
33034 # 1504
33034 - 100 1
33035 # 1504
33036 # 1504
33037 # 1504
33037 + 100
33038 # 1504
33038 - 100 1
33039 # 1504
33040 # 1504
33041 # 1504
33042 # 1504
33042 + 100
33043 # 1504
33043 - 100 1
33044 # 1504
33045 # 1504
33046 # 1504
33047 # 1504
33047 + 100
33048 # 1504
33048 - 100 1
33049 # 1504
33050 # 1504
33051 # 1504
33052 # 1504
33052 + 100
33053 # 1504
33053 - 100 1
33054 # 1504
33055 # 1504
33056 # 1504
33057 # 1504
33057 + 100
33058 # 1504
33058 - 100 1
33059 # 1504
33060 # 1504
33061 # 1504
33061 + 100
33062 # 1504
33062 - 100 1
33063 # 1504
33064 # 1504
33065 # 1504
33066 # 1504
33066 + 100
33067 # 1504
33067 - 100 1
33068 # 1504
33069 # 1504
33070 # 1504
33071 # 1504
33071 + 100
33072 # 1504
33072 - 100 1
33073 # 1504
33074 # 1504
33075 # 1504
33076 # 1504
33076 + 100
33077 # 1504
33077 - 100 1
33078 # 1504
33079 # 1504
33080 # 1504
33081 # 1504
33081 + 100
33082 # 1504
33082 - 100 1
33083 # 1504
33084 # 1504
33085 # 1504
33085 + 100
33086 # 1504
33086 - 100 1
33087 # 1504
33088 # 1504
33089 # 1504
33090 # 1504
33090 + 100
33091 # 1504
33091 - 100 1
33092 # 1504
33093 # 1504
33094 # 1504
33095 # 1504
33095 + 100
33096 # 1504
33096 - 100 1
33097 # 1504
33098 # 1504
33099 # 1504
33100 # 1504
33100 + 100
33101 # 1504
33101 - 100 1
33102 # 1504
33103 # 1504
33104 # 1504
33105 # 1504
33105 + 100
33106 # 1504
33106 - 100 1
33107 # 1504
33108 # 1504
33109 # 1504
33109 + 100
33110 # 1504
33110 - 100 1
33111 # 1504
33112 # 1504
33113 # 1504
33114 # 1504
33114 + 100
33115 # 1504
33115 - 100 1
33116 # 1504
33117 # 1504
33118 # 1504
33119 # 1504
33120 # 1504
33121 # 1504
33122 # 1504
33123 # 1504
33124 # 1504
33125 # 1504
33126 # 1504
33127 # 1504
33128 # 1504
33129 # 1504
33130 # 1504
33131 # 1504
33132 # 1504
