# mahimahi mm-link (Downlink) [/home/vboxuser/pantheon/src/experiments/12mbps.trace] > /home/vboxuser/pantheon/src/experiments/data/vivace_mm_acklink_run1.log
# command line: 'mm-link' '/home/vboxuser/pantheon/src/experiments/12mbps.trace' '/home/vboxuser/pantheon/src/experiments/12mbps.trace' '--uplink-log=/home/vboxuser/pantheon/src/experiments/data/vivace_mm_datalink_run1.log' '--downlink-log=/home/vboxuser/pantheon/src/experiments/data/vivace_mm_acklink_run1.log' 'python' '/home/vboxuser/pantheon/src/experiments/tunnel_manager.py'
# queue: infinite
# init timestamp: 1744939475831
# base timestamp: 33
33 + 80
33 + 52
33 + 80
34 # 1504
34 - 80 1
34 - 52 1
34 - 80 1
35 # 1504
36 # 1504
37 # 1504
38 # 1504
39 # 1504
40 # 1504
41 # 1504
42 # 1504
43 # 1504
44 # 1504
45 # 1504
46 # 1504
47 # 1504
48 # 1504
49 # 1504
50 # 1504
51 # 1504
52 # 1504
53 # 1504
54 # 1504
55 # 1504
56 # 1504
57 # 1504
58 # 1504
59 # 1504
60 # 1504
61 # 1504
62 # 1504
63 # 1504
64 # 1504
65 # 1504
66 # 1504
67 # 1504
68 # 1504
69 # 1504
70 # 1504
71 # 1504
72 # 1504
73 # 1504
74 # 1504
75 # 1504
76 # 1504
77 # 1504
78 # 1504
79 # 1504
80 # 1504
81 # 1504
82 # 1504
83 # 1504
84 # 1504
85 # 1504
85 + 40
86 # 1504
86 - 40 1
87 # 1504
88 # 1504
89 # 1504
90 # 1504
91 # 1504
92 # 1504
93 # 1504
94 # 1504
95 # 1504
96 # 1504
97 # 1504
98 # 1504
99 # 1504
100 # 1504
101 # 1504
102 # 1504
103 # 1504
104 # 1504
105 # 1504
106 # 1504
107 # 1504
108 # 1504
109 # 1504
110 # 1504
111 # 1504
112 # 1504
113 # 1504
114 # 1504
115 # 1504
116 # 1504
117 # 1504
118 # 1504
119 # 1504
120 # 1504
121 # 1504
122 # 1504
123 # 1504
124 # 1504
125 # 1504
126 # 1504
127 # 1504
128 # 1504
129 # 1504
130 # 1504
131 # 1504
132 # 1504
133 # 1504
134 # 1504
135 # 1504
136 # 1504
137 # 1504
138 # 1504
139 # 1504
140 # 1504
141 # 1504
142 # 1504
143 # 1504
144 # 1504
145 # 1504
146 # 1504
147 # 1504
148 # 1504
149 # 1504
150 # 1504
151 # 1504
152 # 1504
153 # 1504
154 # 1504
155 # 1504
156 # 1504
157 # 1504
158 # 1504
159 # 1504
160 # 1504
161 # 1504
162 # 1504
163 # 1504
164 # 1504
165 # 1504
166 # 1504
167 # 1504
168 # 1504
169 # 1504
170 # 1504
171 # 1504
172 # 1504
173 # 1504
174 # 1504
175 # 1504
176 # 1504
177 # 1504
178 # 1504
179 # 1504
180 # 1504
181 # 1504
182 # 1504
183 # 1504
184 # 1504
185 # 1504
186 # 1504
187 # 1504
188 # 1504
189 # 1504
190 # 1504
191 # 1504
192 # 1504
193 # 1504
194 # 1504
195 # 1504
196 # 1504
197 # 1504
198 # 1504
199 # 1504
200 # 1504
201 # 1504
202 # 1504
203 # 1504
204 # 1504
205 # 1504
206 # 1504
207 # 1504
208 # 1504
209 # 1504
210 # 1504
211 # 1504
212 # 1504
213 # 1504
214 # 1504
215 # 1504
216 # 1504
217 # 1504
218 # 1504
219 # 1504
220 # 1504
221 # 1504
222 # 1504
223 # 1504
224 # 1504
225 # 1504
226 # 1504
227 # 1504
228 # 1504
229 # 1504
230 # 1504
231 # 1504
232 # 1504
233 # 1504
234 # 1504
235 # 1504
236 # 1504
237 # 1504
238 # 1504
239 # 1504
240 # 1504
241 # 1504
242 # 1504
243 # 1504
244 # 1504
245 # 1504
246 # 1504
247 # 1504
248 # 1504
249 # 1504
250 # 1504
251 # 1504
252 # 1504
253 # 1504
254 # 1504
255 # 1504
256 # 1504
257 # 1504
258 # 1504
259 # 1504
260 # 1504
261 # 1504
262 # 1504
263 # 1504
264 # 1504
265 # 1504
266 # 1504
267 # 1504
268 # 1504
269 # 1504
270 # 1504
271 # 1504
272 # 1504
273 # 1504
274 # 1504
275 # 1504
276 # 1504
277 # 1504
278 # 1504
279 # 1504
280 # 1504
281 # 1504
282 # 1504
283 # 1504
284 # 1504
285 # 1504
286 # 1504
287 # 1504
288 # 1504
289 # 1504
290 # 1504
291 # 1504
292 # 1504
293 # 1504
294 # 1504
295 # 1504
296 # 1504
297 # 1504
298 # 1504
299 # 1504
300 # 1504
301 # 1504
302 # 1504
303 # 1504
304 # 1504
305 # 1504
306 # 1504
307 # 1504
308 # 1504
309 # 1504
310 # 1504
311 # 1504
312 # 1504
313 # 1504
314 # 1504
315 # 1504
316 # 1504
317 # 1504
318 # 1504
319 # 1504
320 # 1504
321 # 1504
322 # 1504
323 # 1504
324 # 1504
325 # 1504
326 # 1504
327 # 1504
328 # 1504
329 # 1504
330 # 1504
331 # 1504
332 # 1504
333 # 1504
334 # 1504
335 # 1504
336 # 1504
337 # 1504
338 # 1504
339 # 1504
340 # 1504
341 # 1504
342 # 1504
343 # 1504
344 # 1504
345 # 1504
346 # 1504
347 # 1504
348 # 1504
349 # 1504
350 # 1504
351 # 1504
352 # 1504
353 # 1504
354 # 1504
355 # 1504
356 # 1504
357 # 1504
358 # 1504
359 # 1504
360 # 1504
361 # 1504
362 # 1504
363 # 1504
364 # 1504
365 # 1504
366 # 1504
367 # 1504
368 # 1504
369 # 1504
370 # 1504
371 # 1504
372 # 1504
373 # 1504
374 # 1504
375 # 1504
376 # 1504
377 # 1504
378 # 1504
379 # 1504
380 # 1504
381 # 1504
382 # 1504
383 # 1504
384 # 1504
385 # 1504
386 # 1504
387 # 1504
388 # 1504
389 # 1504
390 # 1504
391 # 1504
392 # 1504
393 # 1504
394 # 1504
395 # 1504
396 # 1504
397 # 1504
398 # 1504
399 # 1504
400 # 1504
401 # 1504
402 # 1504
403 # 1504
404 # 1504
405 # 1504
406 # 1504
407 # 1504
408 # 1504
409 # 1504
410 # 1504
411 # 1504
412 # 1504
413 # 1504
414 # 1504
415 # 1504
416 # 1504
417 # 1504
418 # 1504
419 # 1504
420 # 1504
421 # 1504
422 # 1504
423 # 1504
424 # 1504
425 # 1504
426 # 1504
427 # 1504
428 # 1504
429 # 1504
430 # 1504
431 # 1504
432 # 1504
433 # 1504
434 # 1504
435 # 1504
436 # 1504
437 # 1504
438 # 1504
439 # 1504
440 # 1504
441 # 1504
442 # 1504
443 # 1504
444 # 1504
445 # 1504
446 # 1504
447 # 1504
448 # 1504
449 # 1504
450 # 1504
451 # 1504
452 # 1504
453 # 1504
454 # 1504
455 # 1504
456 # 1504
457 # 1504
458 # 1504
459 # 1504
460 # 1504
461 # 1504
462 # 1504
463 # 1504
464 # 1504
465 # 1504
466 # 1504
467 # 1504
468 # 1504
469 # 1504
470 # 1504
471 # 1504
472 # 1504
473 # 1504
474 # 1504
475 # 1504
476 # 1504
477 # 1504
478 # 1504
479 # 1504
480 # 1504
481 # 1504
482 # 1504
483 # 1504
484 # 1504
485 # 1504
486 # 1504
487 # 1504
488 # 1504
489 # 1504
490 # 1504
491 # 1504
492 # 1504
493 # 1504
494 # 1504
495 # 1504
496 # 1504
497 # 1504
498 # 1504
499 # 1504
500 # 1504
501 # 1504
502 # 1504
503 # 1504
504 # 1504
505 # 1504
506 # 1504
507 # 1504
508 # 1504
509 # 1504
510 # 1504
511 # 1504
512 # 1504
513 # 1504
514 # 1504
515 # 1504
516 # 1504
517 # 1504
518 # 1504
519 # 1504
520 # 1504
521 # 1504
522 # 1504
523 # 1504
524 # 1504
525 # 1504
526 # 1504
527 # 1504
528 # 1504
529 # 1504
530 # 1504
531 # 1504
532 # 1504
533 # 1504
534 # 1504
535 # 1504
536 # 1504
537 # 1504
538 # 1504
539 # 1504
540 # 1504
541 # 1504
542 # 1504
543 # 1504
544 # 1504
544 + 80
545 # 1504
545 - 80 1
546 # 1504
547 # 1504
548 # 1504
549 # 1504
550 # 1504
551 # 1504
552 # 1504
553 # 1504
554 # 1504
555 # 1504
556 # 1504
557 # 1504
558 # 1504
559 # 1504
560 # 1504
561 # 1504
562 # 1504
563 # 1504
564 # 1504
565 # 1504
566 # 1504
567 # 1504
568 # 1504
569 # 1504
570 # 1504
571 # 1504
572 # 1504
573 # 1504
574 # 1504
575 # 1504
576 # 1504
577 # 1504
578 # 1504
579 # 1504
580 # 1504
581 # 1504
582 # 1504
583 # 1504
584 # 1504
585 # 1504
586 # 1504
587 # 1504
588 # 1504
589 # 1504
590 # 1504
591 # 1504
592 # 1504
593 # 1504
594 # 1504
595 # 1504
596 # 1504
597 # 1504
598 # 1504
599 # 1504
600 # 1504
601 # 1504
602 # 1504
603 # 1504
604 # 1504
605 # 1504
606 # 1504
607 # 1504
608 # 1504
609 # 1504
610 # 1504
611 # 1504
612 # 1504
613 # 1504
614 # 1504
615 # 1504
616 # 1504
617 # 1504
618 # 1504
619 # 1504
620 # 1504
621 # 1504
622 # 1504
623 # 1504
624 # 1504
625 # 1504
626 # 1504
627 # 1504
628 # 1504
629 # 1504
630 # 1504
631 # 1504
632 # 1504
633 # 1504
634 # 1504
635 # 1504
636 # 1504
637 # 1504
638 # 1504
639 # 1504
640 # 1504
640 + 80
641 # 1504
641 - 80 1
642 # 1504
643 # 1504
644 # 1504
645 # 1504
646 # 1504
647 # 1504
648 # 1504
649 # 1504
650 # 1504
651 # 1504
652 # 1504
653 # 1504
654 # 1504
655 # 1504
656 # 1504
657 # 1504
658 # 1504
659 # 1504
660 # 1504
661 # 1504
662 # 1504
663 # 1504
664 # 1504
665 # 1504
666 # 1504
667 # 1504
668 # 1504
669 # 1504
670 # 1504
671 # 1504
672 # 1504
673 # 1504
674 # 1504
675 # 1504
676 # 1504
677 # 1504
678 # 1504
679 # 1504
680 # 1504
681 # 1504
682 # 1504
683 # 1504
684 # 1504
685 # 1504
686 # 1504
687 # 1504
688 # 1504
689 # 1504
690 # 1504
691 # 1504
692 # 1504
693 # 1504
694 # 1504
695 # 1504
696 # 1504
697 # 1504
698 # 1504
699 # 1504
700 # 1504
701 # 1504
702 # 1504
703 # 1504
704 # 1504
705 # 1504
706 # 1504
707 # 1504
708 # 1504
709 # 1504
710 # 1504
711 # 1504
712 # 1504
713 # 1504
714 # 1504
715 # 1504
716 # 1504
717 # 1504
718 # 1504
719 # 1504
720 # 1504
721 # 1504
722 # 1504
723 # 1504
724 # 1504
725 # 1504
726 # 1504
727 # 1504
728 # 1504
729 # 1504
730 # 1504
731 # 1504
732 # 1504
733 # 1504
734 # 1504
735 # 1504
736 # 1504
737 # 1504
738 # 1504
739 # 1504
740 # 1504
741 # 1504
742 # 1504
743 # 1504
744 # 1504
745 # 1504
746 # 1504
747 # 1504
748 # 1504
749 # 1504
750 # 1504
751 # 1504
752 # 1504
753 # 1504
754 # 1504
755 # 1504
756 # 1504
757 # 1504
758 # 1504
759 # 1504
760 # 1504
761 # 1504
762 # 1504
763 # 1504
764 # 1504
765 # 1504
766 # 1504
767 # 1504
768 # 1504
769 # 1504
770 # 1504
771 # 1504
772 # 1504
773 # 1504
774 # 1504
775 # 1504
776 # 1504
777 # 1504
778 # 1504
779 # 1504
780 # 1504
781 # 1504
782 # 1504
783 # 1504
784 # 1504
785 # 1504
786 # 1504
787 # 1504
788 # 1504
789 # 1504
790 # 1504
791 # 1504
792 # 1504
793 # 1504
794 # 1504
795 # 1504
796 # 1504
797 # 1504
798 # 1504
799 # 1504
800 # 1504
801 # 1504
802 # 1504
803 # 1504
804 # 1504
805 # 1504
806 # 1504
807 # 1504
808 # 1504
809 # 1504
810 # 1504
811 # 1504
812 # 1504
813 # 1504
814 # 1504
815 # 1504
816 # 1504
817 # 1504
818 # 1504
819 # 1504
820 # 1504
821 # 1504
822 # 1504
823 # 1504
824 # 1504
825 # 1504
826 # 1504
827 # 1504
828 # 1504
829 # 1504
830 # 1504
831 # 1504
832 # 1504
833 # 1504
834 # 1504
835 # 1504
836 # 1504
837 # 1504
838 # 1504
839 # 1504
840 # 1504
841 # 1504
842 # 1504
843 # 1504
844 # 1504
845 # 1504
846 # 1504
847 # 1504
848 # 1504
849 # 1504
850 # 1504
851 # 1504
852 # 1504
853 # 1504
854 # 1504
855 # 1504
856 # 1504
857 # 1504
858 # 1504
859 # 1504
860 # 1504
861 # 1504
862 # 1504
863 # 1504
864 # 1504
865 # 1504
866 # 1504
867 # 1504
868 # 1504
869 # 1504
870 # 1504
871 # 1504
872 # 1504
873 # 1504
874 # 1504
875 # 1504
876 # 1504
877 # 1504
878 # 1504
879 # 1504
880 # 1504
881 # 1504
882 # 1504
883 # 1504
884 # 1504
885 # 1504
886 # 1504
887 # 1504
888 # 1504
889 # 1504
890 # 1504
891 # 1504
892 # 1504
893 # 1504
894 # 1504
895 # 1504
896 # 1504
897 # 1504
898 # 1504
899 # 1504
900 # 1504
901 # 1504
902 # 1504
903 # 1504
904 # 1504
905 # 1504
906 # 1504
907 # 1504
908 # 1504
909 # 1504
910 # 1504
911 # 1504
912 # 1504
913 # 1504
914 # 1504
915 # 1504
916 # 1504
917 # 1504
918 # 1504
919 # 1504
920 # 1504
921 # 1504
922 # 1504
923 # 1504
924 # 1504
925 # 1504
926 # 1504
927 # 1504
928 # 1504
929 # 1504
930 # 1504
931 # 1504
932 # 1504
933 # 1504
934 # 1504
935 # 1504
936 # 1504
937 # 1504
938 # 1504
939 # 1504
940 # 1504
941 # 1504
942 # 1504
943 # 1504
944 # 1504
945 # 1504
946 # 1504
947 # 1504
948 # 1504
949 # 1504
950 # 1504
951 # 1504
952 # 1504
953 # 1504
954 # 1504
955 # 1504
956 # 1504
957 # 1504
958 # 1504
959 # 1504
960 # 1504
961 # 1504
962 # 1504
963 # 1504
964 # 1504
965 # 1504
966 # 1504
967 # 1504
968 # 1504
969 # 1504
970 # 1504
971 # 1504
972 # 1504
973 # 1504
974 # 1504
975 # 1504
976 # 1504
977 # 1504
978 # 1504
979 # 1504
980 # 1504
981 # 1504
982 # 1504
983 # 1504
984 # 1504
985 # 1504
986 # 1504
987 # 1504
988 # 1504
989 # 1504
990 # 1504
991 # 1504
992 # 1504
993 # 1504
994 # 1504
995 # 1504
996 # 1504
997 # 1504
998 # 1504
999 # 1504
1000 # 1504
1001 # 1504
1002 # 1504
1003 # 1504
1004 # 1504
1005 # 1504
1006 # 1504
1007 # 1504
1008 # 1504
1009 # 1504
1010 # 1504
1011 # 1504
1012 # 1504
1013 # 1504
1014 # 1504
1015 # 1504
1016 # 1504
1017 # 1504
1018 # 1504
1019 # 1504
1020 # 1504
1021 # 1504
1022 # 1504
1023 # 1504
1024 # 1504
1025 # 1504
1026 # 1504
1027 # 1504
1028 # 1504
1029 # 1504
1030 # 1504
1031 # 1504
1032 # 1504
1033 # 1504
1034 # 1504
1035 # 1504
1036 # 1504
1037 # 1504
1038 # 1504
1039 # 1504
1040 # 1504
1041 # 1504
1042 # 1504
1043 # 1504
1044 # 1504
1045 # 1504
1046 # 1504
1047 # 1504
1048 # 1504
1049 # 1504
1050 # 1504
1051 # 1504
1052 # 1504
1053 # 1504
1054 # 1504
1055 # 1504
1056 # 1504
1057 # 1504
1058 # 1504
1059 # 1504
1060 # 1504
1061 # 1504
1062 # 1504
1063 # 1504
1064 # 1504
1065 # 1504
1066 # 1504
1067 # 1504
1068 # 1504
1069 # 1504
1070 # 1504
1071 # 1504
1072 # 1504
1073 # 1504
1074 # 1504
1075 # 1504
1076 # 1504
1077 # 1504
1078 # 1504
1079 # 1504
1080 # 1504
1081 # 1504
1082 # 1504
1083 # 1504
1084 # 1504
1085 # 1504
1086 # 1504
1087 # 1504
1088 # 1504
1089 # 1504
1090 # 1504
1091 # 1504
1092 # 1504
1093 # 1504
1094 # 1504
1095 # 1504
1096 # 1504
1097 # 1504
1098 # 1504
1099 # 1504
1100 # 1504
1101 # 1504
1102 # 1504
1103 # 1504
1104 # 1504
1105 # 1504
1106 # 1504
1107 # 1504
1108 # 1504
1109 # 1504
1110 # 1504
1111 # 1504
1112 # 1504
1113 # 1504
1114 # 1504
1115 # 1504
1116 # 1504
1117 # 1504
1118 # 1504
1119 # 1504
1120 # 1504
1121 # 1504
1122 # 1504
1123 # 1504
1124 # 1504
1125 # 1504
1126 # 1504
1127 # 1504
1128 # 1504
1129 # 1504
1130 # 1504
1131 # 1504
1132 # 1504
1133 # 1504
1134 # 1504
1135 # 1504
1136 # 1504
1137 # 1504
1138 # 1504
1139 # 1504
1140 # 1504
1141 # 1504
1142 # 1504
1143 # 1504
1144 # 1504
1145 # 1504
1146 # 1504
1147 # 1504
1148 # 1504
1149 # 1504
1150 # 1504
1151 # 1504
1152 # 1504
1153 # 1504
1154 # 1504
1155 # 1504
1156 # 1504
1157 # 1504
1158 # 1504
1159 # 1504
1160 # 1504
1161 # 1504
1162 # 1504
1163 # 1504
1164 # 1504
1165 # 1504
1166 # 1504
1167 # 1504
1168 # 1504
1169 # 1504
1170 # 1504
1171 # 1504
1172 # 1504
1173 # 1504
1174 # 1504
1175 # 1504
1176 # 1504
1177 # 1504
1178 # 1504
1179 # 1504
1180 # 1504
1181 # 1504
1182 # 1504
1183 # 1504
1184 # 1504
1185 # 1504
1186 # 1504
1187 # 1504
1188 # 1504
1189 # 1504
1190 # 1504
1191 # 1504
1192 # 1504
1193 # 1504
1194 # 1504
1195 # 1504
1196 # 1504
1197 # 1504
1198 # 1504
1199 # 1504
1200 # 1504
1201 # 1504
1202 # 1504
1203 # 1504
1204 # 1504
1205 # 1504
1206 # 1504
1207 # 1504
1208 # 1504
1209 # 1504
1210 # 1504
1211 # 1504
1212 # 1504
1213 # 1504
1214 # 1504
1215 # 1504
1216 # 1504
1217 # 1504
1218 # 1504
1219 # 1504
1220 # 1504
1221 # 1504
1222 # 1504
1223 # 1504
1224 # 1504
1225 # 1504
1226 # 1504
1227 # 1504
1228 # 1504
1229 # 1504
1230 # 1504
1231 # 1504
1232 # 1504
1233 # 1504
1234 # 1504
1235 # 1504
1236 # 1504
1237 # 1504
1238 # 1504
1239 # 1504
1240 # 1504
1241 # 1504
1242 # 1504
1243 # 1504
1244 # 1504
1245 # 1504
1246 # 1504
1247 # 1504
1248 # 1504
1249 # 1504
1250 # 1504
1251 # 1504
1252 # 1504
1253 # 1504
1254 # 1504
1255 # 1504
1256 # 1504
1257 # 1504
1258 # 1504
1259 # 1504
1260 # 1504
1261 # 1504
1262 # 1504
1263 # 1504
1264 # 1504
1265 # 1504
1266 # 1504
1267 # 1504
1268 # 1504
1269 # 1504
1270 # 1504
1271 # 1504
1272 # 1504
1273 # 1504
1274 # 1504
1275 # 1504
1276 # 1504
1277 # 1504
1278 # 1504
1279 # 1504
1280 # 1504
1281 # 1504
1282 # 1504
1283 # 1504
1284 # 1504
1285 # 1504
1286 # 1504
1287 # 1504
1288 # 1504
1289 # 1504
1290 # 1504
1291 # 1504
1292 # 1504
1293 # 1504
1294 # 1504
1295 # 1504
1296 # 1504
1297 # 1504
1298 # 1504
1299 # 1504
1300 # 1504
1301 # 1504
1302 # 1504
1303 # 1504
1304 # 1504
1305 # 1504
1306 # 1504
1307 # 1504
1308 # 1504
1309 # 1504
1310 # 1504
1311 # 1504
1312 # 1504
1313 # 1504
1314 # 1504
1315 # 1504
1316 # 1504
1317 # 1504
1318 # 1504
1319 # 1504
1320 # 1504
1321 # 1504
1322 # 1504
1323 # 1504
1324 # 1504
1325 # 1504
1326 # 1504
1327 # 1504
1328 # 1504
1329 # 1504
1330 # 1504
1331 # 1504
1332 # 1504
1333 # 1504
1334 # 1504
1335 # 1504
1336 # 1504
1337 # 1504
1338 # 1504
1339 # 1504
1340 # 1504
1341 # 1504
1342 # 1504
1343 # 1504
1344 # 1504
1345 # 1504
1346 # 1504
1347 # 1504
1348 # 1504
1349 # 1504
1350 # 1504
1351 # 1504
1352 # 1504
1353 # 1504
1354 # 1504
1355 # 1504
1356 # 1504
1357 # 1504
1358 # 1504
1359 # 1504
1360 # 1504
1361 # 1504
1362 # 1504
1363 # 1504
1364 # 1504
1365 # 1504
1366 # 1504
1367 # 1504
1368 # 1504
1369 # 1504
1370 # 1504
1371 # 1504
1372 # 1504
1373 # 1504
1374 # 1504
1375 # 1504
1376 # 1504
1377 # 1504
1378 # 1504
1379 # 1504
1380 # 1504
1381 # 1504
1382 # 1504
1383 # 1504
1384 # 1504
1385 # 1504
1386 # 1504
1387 # 1504
1388 # 1504
1389 # 1504
1390 # 1504
1391 # 1504
1392 # 1504
1393 # 1504
1394 # 1504
1395 # 1504
1396 # 1504
1397 # 1504
1398 # 1504
1399 # 1504
1400 # 1504
1401 # 1504
1402 # 1504
1403 # 1504
1404 # 1504
1405 # 1504
1406 # 1504
1407 # 1504
1408 # 1504
1409 # 1504
1410 # 1504
1411 # 1504
1412 # 1504
1413 # 1504
1414 # 1504
1415 # 1504
1416 # 1504
1417 # 1504
1418 # 1504
1419 # 1504
1420 # 1504
1421 # 1504
1422 # 1504
1423 # 1504
1424 # 1504
1425 # 1504
1426 # 1504
1427 # 1504
1428 # 1504
1429 # 1504
1430 # 1504
1431 # 1504
1432 # 1504
1433 # 1504
1434 # 1504
1435 # 1504
1436 # 1504
1437 # 1504
1438 # 1504
1439 # 1504
1440 # 1504
1441 # 1504
1442 # 1504
1443 # 1504
1444 # 1504
1445 # 1504
1446 # 1504
1447 # 1504
1448 # 1504
1449 # 1504
1450 # 1504
1451 # 1504
1452 # 1504
1453 # 1504
1454 # 1504
1455 # 1504
1456 # 1504
1457 # 1504
1458 # 1504
1459 # 1504
1460 # 1504
1461 # 1504
1462 # 1504
1463 # 1504
1464 # 1504
1465 # 1504
1466 # 1504
1467 # 1504
1468 # 1504
1469 # 1504
1470 # 1504
1471 # 1504
1472 # 1504
1473 # 1504
1474 # 1504
1475 # 1504
1476 # 1504
1477 # 1504
1478 # 1504
1479 # 1504
1480 # 1504
1481 # 1504
1482 # 1504
1483 # 1504
1484 # 1504
1485 # 1504
1486 # 1504
1487 # 1504
1488 # 1504
1489 # 1504
1490 # 1504
1491 # 1504
1492 # 1504
1493 # 1504
1494 # 1504
1495 # 1504
1496 # 1504
1497 # 1504
1498 # 1504
1499 # 1504
1500 # 1504
1501 # 1504
1502 # 1504
1503 # 1504
1504 # 1504
1505 # 1504
1506 # 1504
1507 # 1504
1508 # 1504
1509 # 1504
1510 # 1504
1511 # 1504
1512 # 1504
1513 # 1504
1514 # 1504
1515 # 1504
1516 # 1504
1517 # 1504
1518 # 1504
1519 # 1504
1520 # 1504
1521 # 1504
1522 # 1504
1523 # 1504
1524 # 1504
1525 # 1504
1526 # 1504
1527 # 1504
1528 # 1504
1529 # 1504
1530 # 1504
1531 # 1504
1532 # 1504
1533 # 1504
1534 # 1504
1535 # 1504
1536 # 1504
1537 # 1504
1538 # 1504
1539 # 1504
1540 # 1504
1541 # 1504
1542 # 1504
1543 # 1504
1544 # 1504
1545 # 1504
1546 # 1504
1547 # 1504
1548 # 1504
1549 # 1504
1550 # 1504
1551 # 1504
1552 # 1504
1553 # 1504
1554 # 1504
1555 # 1504
1556 # 1504
1557 # 1504
1558 # 1504
1559 # 1504
1560 # 1504
1561 # 1504
1562 # 1504
1563 # 1504
1564 # 1504
1565 # 1504
1566 # 1504
1567 # 1504
1568 # 1504
1569 # 1504
1570 # 1504
1571 # 1504
1572 # 1504
1573 # 1504
1574 # 1504
1575 # 1504
1576 # 1504
1577 # 1504
1578 # 1504
1579 # 1504
1580 # 1504
1581 # 1504
1582 # 1504
1583 # 1504
1584 # 1504
1585 # 1504
1586 # 1504
1587 # 1504
1588 # 1504
1589 # 1504
1590 # 1504
1591 # 1504
1592 # 1504
1593 # 1504
1594 # 1504
1595 # 1504
1596 # 1504
1597 # 1504
1598 # 1504
1599 # 1504
1600 # 1504
1601 # 1504
1602 # 1504
1603 # 1504
1604 # 1504
1605 # 1504
1606 # 1504
1607 # 1504
1608 # 1504
1609 # 1504
1610 # 1504
1611 # 1504
1612 # 1504
1613 # 1504
1614 # 1504
1615 # 1504
1616 # 1504
1617 # 1504
1618 # 1504
1619 # 1504
1620 # 1504
1621 # 1504
1622 # 1504
1623 # 1504
1624 # 1504
1625 # 1504
1626 # 1504
1627 # 1504
1628 # 1504
1629 # 1504
1630 # 1504
1631 # 1504
1632 # 1504
1633 # 1504
1634 # 1504
1635 # 1504
1636 # 1504
1637 # 1504
1638 # 1504
1639 # 1504
1640 # 1504
1641 # 1504
1642 # 1504
1643 # 1504
1644 # 1504
1645 # 1504
1646 # 1504
1647 # 1504
1648 # 1504
1649 # 1504
1650 # 1504
1651 # 1504
1652 # 1504
1653 # 1504
1654 # 1504
1655 # 1504
1656 # 1504
1657 # 1504
1658 # 1504
1659 # 1504
1660 # 1504
1661 # 1504
1662 # 1504
1663 # 1504
1664 # 1504
1665 # 1504
1666 # 1504
1667 # 1504
1668 # 1504
1669 # 1504
1670 # 1504
1671 # 1504
1672 # 1504
1673 # 1504
1674 # 1504
1675 # 1504
1676 # 1504
1677 # 1504
1678 # 1504
1679 # 1504
1680 # 1504
1681 # 1504
1682 # 1504
1683 # 1504
1684 # 1504
1685 # 1504
1686 # 1504
1687 # 1504
1688 # 1504
1689 # 1504
1690 # 1504
1691 # 1504
1692 # 1504
1693 # 1504
1694 # 1504
1695 # 1504
1696 # 1504
1697 # 1504
1698 # 1504
1699 # 1504
1700 # 1504
1701 # 1504
1702 # 1504
1703 # 1504
1704 # 1504
1705 # 1504
1706 # 1504
1707 # 1504
1708 # 1504
1709 # 1504
1710 # 1504
1711 # 1504
1712 # 1504
1713 # 1504
1714 # 1504
1715 # 1504
1716 # 1504
1717 # 1504
1718 # 1504
1719 # 1504
1720 # 1504
1721 # 1504
1722 # 1504
1723 # 1504
1724 # 1504
1725 # 1504
1726 # 1504
1727 # 1504
1728 # 1504
1729 # 1504
1730 # 1504
1731 # 1504
1732 # 1504
1733 # 1504
1734 # 1504
1735 # 1504
1736 # 1504
1737 # 1504
1738 # 1504
1739 # 1504
1740 # 1504
1741 # 1504
1742 # 1504
1743 # 1504
1744 # 1504
1745 # 1504
1746 # 1504
1747 # 1504
1748 # 1504
1749 # 1504
1750 # 1504
1751 # 1504
1752 # 1504
1753 # 1504
1754 # 1504
1755 # 1504
1756 # 1504
1757 # 1504
1758 # 1504
1759 # 1504
1760 # 1504
1761 # 1504
1762 # 1504
1763 # 1504
1764 # 1504
1765 # 1504
1766 # 1504
1767 # 1504
1768 # 1504
1769 # 1504
1770 # 1504
1771 # 1504
1772 # 1504
1773 # 1504
1774 # 1504
1775 # 1504
1776 # 1504
1777 # 1504
1778 # 1504
1779 # 1504
1780 # 1504
1781 # 1504
1782 # 1504
1783 # 1504
1784 # 1504
1785 # 1504
1786 # 1504
1787 # 1504
1788 # 1504
1789 # 1504
1790 # 1504
1791 # 1504
1792 # 1504
1793 # 1504
1794 # 1504
1795 # 1504
1796 # 1504
1797 # 1504
1798 # 1504
1799 # 1504
1800 # 1504
1801 # 1504
1802 # 1504
1803 # 1504
1804 # 1504
1805 # 1504
1806 # 1504
1807 # 1504
1808 # 1504
1809 # 1504
1810 # 1504
1811 # 1504
1812 # 1504
1813 # 1504
1814 # 1504
1815 # 1504
1816 # 1504
1817 # 1504
1818 # 1504
1819 # 1504
1820 # 1504
1821 # 1504
1822 # 1504
1823 # 1504
1824 # 1504
1825 # 1504
1826 # 1504
1827 # 1504
1828 # 1504
1829 # 1504
1830 # 1504
1831 # 1504
1832 # 1504
1833 # 1504
1834 # 1504
1835 # 1504
1836 # 1504
1837 # 1504
1838 # 1504
1839 # 1504
1840 # 1504
1841 # 1504
1842 # 1504
1843 # 1504
1844 # 1504
1845 # 1504
1846 # 1504
1847 # 1504
1848 # 1504
1849 # 1504
1850 # 1504
1851 # 1504
1852 # 1504
1853 # 1504
1854 # 1504
1855 # 1504
1856 # 1504
1857 # 1504
1858 # 1504
1859 # 1504
1860 # 1504
1861 # 1504
1862 # 1504
1863 # 1504
1864 # 1504
1865 # 1504
1866 # 1504
1867 # 1504
1868 # 1504
1869 # 1504
1870 # 1504
1871 # 1504
1872 # 1504
1873 # 1504
1874 # 1504
1875 # 1504
1876 # 1504
1877 # 1504
1878 # 1504
1879 # 1504
1880 # 1504
1881 # 1504
1882 # 1504
1883 # 1504
1884 # 1504
1885 # 1504
1886 # 1504
1887 # 1504
1888 # 1504
1889 # 1504
1890 # 1504
1891 # 1504
1892 # 1504
1893 # 1504
1894 # 1504
1895 # 1504
1896 # 1504
1897 # 1504
1898 # 1504
1899 # 1504
1900 # 1504
1901 # 1504
1902 # 1504
1903 # 1504
1904 # 1504
1905 # 1504
1906 # 1504
1907 # 1504
1908 # 1504
1909 # 1504
1910 # 1504
1911 # 1504
1912 # 1504
1913 # 1504
1914 # 1504
1915 # 1504
1916 # 1504
1917 # 1504
1918 # 1504
1919 # 1504
1920 # 1504
1921 # 1504
1922 # 1504
1923 # 1504
1924 # 1504
1925 # 1504
1926 # 1504
1927 # 1504
1928 # 1504
1929 # 1504
1930 # 1504
1931 # 1504
1932 # 1504
1933 # 1504
1934 # 1504
1935 # 1504
1936 # 1504
1937 # 1504
1938 # 1504
1939 # 1504
1940 # 1504
1941 # 1504
1942 # 1504
1943 # 1504
1944 # 1504
1945 # 1504
1946 # 1504
1947 # 1504
1948 # 1504
1949 # 1504
1950 # 1504
1951 # 1504
1952 # 1504
1953 # 1504
1954 # 1504
1955 # 1504
1956 # 1504
1957 # 1504
1958 # 1504
1959 # 1504
1960 # 1504
1961 # 1504
1962 # 1504
1963 # 1504
1964 # 1504
1965 # 1504
1966 # 1504
1967 # 1504
1968 # 1504
1969 # 1504
1970 # 1504
1971 # 1504
1972 # 1504
1973 # 1504
1974 # 1504
1975 # 1504
1976 # 1504
1977 # 1504
1978 # 1504
1979 # 1504
1980 # 1504
1981 # 1504
1982 # 1504
1983 # 1504
1984 # 1504
1985 # 1504
1986 # 1504
1987 # 1504
1988 # 1504
1989 # 1504
1990 # 1504
1991 # 1504
1992 # 1504
1993 # 1504
1994 # 1504
1995 # 1504
1996 # 1504
1997 # 1504
1998 # 1504
1999 # 1504
2000 # 1504
2001 # 1504
2002 # 1504
2003 # 1504
2004 # 1504
2005 # 1504
2006 # 1504
2007 # 1504
2008 # 1504
2009 # 1504
2010 # 1504
2011 # 1504
2012 # 1504
2013 # 1504
2014 # 1504
2015 # 1504
2016 # 1504
2017 # 1504
2018 # 1504
2019 # 1504
2020 # 1504
2021 # 1504
2022 # 1504
2023 # 1504
2024 # 1504
2025 # 1504
2026 # 1504
2027 # 1504
2028 # 1504
2029 # 1504
2030 # 1504
2031 # 1504
2032 # 1504
2033 # 1504
2034 # 1504
2035 # 1504
2036 # 1504
2037 # 1504
2038 # 1504
2039 # 1504
2040 # 1504
2041 # 1504
2042 # 1504
2043 # 1504
2044 # 1504
2045 # 1504
2046 # 1504
2047 # 1504
2048 # 1504
2049 # 1504
2050 # 1504
2051 # 1504
2052 # 1504
2053 # 1504
2054 # 1504
2055 # 1504
2056 # 1504
2057 # 1504
2058 # 1504
2059 # 1504
2060 # 1504
2061 # 1504
2062 # 1504
2063 # 1504
2064 # 1504
2065 # 1504
2066 # 1504
2067 # 1504
2068 # 1504
2069 # 1504
2070 # 1504
2071 # 1504
2072 # 1504
2073 # 1504
2074 # 1504
2075 # 1504
2076 # 1504
2077 # 1504
2078 # 1504
2079 # 1504
2080 # 1504
2081 # 1504
2082 # 1504
2083 # 1504
2084 # 1504
2085 # 1504
2086 # 1504
2087 # 1504
2088 # 1504
2089 # 1504
2090 # 1504
2091 # 1504
2092 # 1504
2093 # 1504
2094 # 1504
2095 # 1504
2096 # 1504
2097 # 1504
2098 # 1504
2099 # 1504
2100 # 1504
2101 # 1504
2102 # 1504
2103 # 1504
2104 # 1504
2105 # 1504
2106 # 1504
2107 # 1504
2108 # 1504
2109 # 1504
2110 # 1504
2111 # 1504
2112 # 1504
2113 # 1504
2114 # 1504
2115 # 1504
2116 # 1504
2117 # 1504
2118 # 1504
2119 # 1504
2120 # 1504
2121 # 1504
2122 # 1504
2123 # 1504
2124 # 1504
2125 # 1504
2126 # 1504
2127 # 1504
2128 # 1504
2129 # 1504
2130 # 1504
2131 # 1504
2132 # 1504
2133 # 1504
2134 # 1504
2135 # 1504
2136 # 1504
2137 # 1504
2138 # 1504
2139 # 1504
2140 # 1504
2141 # 1504
2142 # 1504
2143 # 1504
2144 # 1504
2145 # 1504
2146 # 1504
2147 # 1504
2148 # 1504
2149 # 1504
2150 # 1504
2151 # 1504
2152 # 1504
2153 # 1504
2154 # 1504
2155 # 1504
2156 # 1504
2157 # 1504
2158 # 1504
2159 # 1504
2160 # 1504
2161 # 1504
2162 # 1504
2163 # 1504
2164 # 1504
2165 # 1504
2166 # 1504
2167 # 1504
2168 # 1504
2169 # 1504
2170 # 1504
2171 # 1504
2172 # 1504
2173 # 1504
2174 # 1504
2175 # 1504
2176 # 1504
2177 # 1504
2178 # 1504
2179 # 1504
2180 # 1504
2181 # 1504
2182 # 1504
2183 # 1504
2184 # 1504
2185 # 1504
2186 # 1504
2187 # 1504
2188 # 1504
2189 # 1504
2190 # 1504
2191 # 1504
2192 # 1504
2193 # 1504
2194 # 1504
2195 # 1504
2196 # 1504
2197 # 1504
2198 # 1504
2199 # 1504
2200 # 1504
2201 # 1504
2202 # 1504
2203 # 1504
2204 # 1504
2205 # 1504
2206 # 1504
2207 # 1504
2208 # 1504
2209 # 1504
2210 # 1504
2211 # 1504
2212 # 1504
2213 # 1504
2214 # 1504
2215 # 1504
2216 # 1504
2217 # 1504
2218 # 1504
2219 # 1504
2220 # 1504
2221 # 1504
2222 # 1504
2223 # 1504
2224 # 1504
2225 # 1504
2226 # 1504
2227 # 1504
2228 # 1504
2229 # 1504
2230 # 1504
2231 # 1504
2232 # 1504
2233 # 1504
2234 # 1504
2235 # 1504
2236 # 1504
2237 # 1504
2238 # 1504
2239 # 1504
2240 # 1504
2241 # 1504
2242 # 1504
2243 # 1504
2244 # 1504
2245 # 1504
2246 # 1504
2247 # 1504
2248 # 1504
2249 # 1504
2250 # 1504
2251 # 1504
2252 # 1504
2253 # 1504
2254 # 1504
2255 # 1504
2256 # 1504
2257 # 1504
2258 # 1504
2259 # 1504
2260 # 1504
2261 # 1504
2262 # 1504
2263 # 1504
2264 # 1504
2265 # 1504
2266 # 1504
2267 # 1504
2268 # 1504
2269 # 1504
2270 # 1504
2271 # 1504
2272 # 1504
2273 # 1504
2274 # 1504
2275 # 1504
2276 # 1504
2277 # 1504
2278 # 1504
2279 # 1504
2280 # 1504
2281 # 1504
2282 # 1504
2283 # 1504
2284 # 1504
2285 # 1504
2286 # 1504
2287 # 1504
2288 # 1504
2289 # 1504
2290 # 1504
2291 # 1504
2292 # 1504
2293 # 1504
2294 # 1504
2295 # 1504
2296 # 1504
2297 # 1504
2298 # 1504
2299 # 1504
2300 # 1504
2301 # 1504
2302 # 1504
2303 # 1504
2304 # 1504
2305 # 1504
2306 # 1504
2307 # 1504
2308 # 1504
2309 # 1504
2310 # 1504
2311 # 1504
2312 # 1504
2313 # 1504
2314 # 1504
2315 # 1504
2316 # 1504
2317 # 1504
2318 # 1504
2319 # 1504
2320 # 1504
2321 # 1504
2322 # 1504
2323 # 1504
2324 # 1504
2325 # 1504
2326 # 1504
2327 # 1504
2328 # 1504
2329 # 1504
2330 # 1504
2331 # 1504
2332 # 1504
2333 # 1504
2334 # 1504
2335 # 1504
2336 # 1504
2337 # 1504
2338 # 1504
2339 # 1504
2340 # 1504
2341 # 1504
2342 # 1504
2343 # 1504
2344 # 1504
2345 # 1504
2346 # 1504
2347 # 1504
2348 # 1504
2349 # 1504
2350 # 1504
2351 # 1504
2352 # 1504
2353 # 1504
2354 # 1504
2355 # 1504
2356 # 1504
2357 # 1504
2358 # 1504
2359 # 1504
2360 # 1504
2361 # 1504
2362 # 1504
2363 # 1504
2364 # 1504
2365 # 1504
2366 # 1504
2367 # 1504
2368 # 1504
2369 # 1504
2370 # 1504
2371 # 1504
2372 # 1504
2373 # 1504
2374 # 1504
2375 # 1504
2376 # 1504
2377 # 1504
2378 # 1504
2379 # 1504
2380 # 1504
2381 # 1504
2382 # 1504
2383 # 1504
2384 # 1504
2385 # 1504
2386 # 1504
2387 # 1504
2388 # 1504
2389 # 1504
2390 # 1504
2391 # 1504
2392 # 1504
2393 # 1504
2394 # 1504
2395 # 1504
2396 # 1504
2397 # 1504
2398 # 1504
2399 # 1504
2400 # 1504
2401 # 1504
2402 # 1504
2403 # 1504
2404 # 1504
2405 # 1504
2406 # 1504
2407 # 1504
2408 # 1504
2409 # 1504
2410 # 1504
2411 # 1504
2412 # 1504
2413 # 1504
2414 # 1504
2415 # 1504
2416 # 1504
2417 # 1504
2418 # 1504
2419 # 1504
2420 # 1504
2421 # 1504
2422 # 1504
2423 # 1504
2424 # 1504
2425 # 1504
2426 # 1504
2427 # 1504
2428 # 1504
2429 # 1504
2430 # 1504
2431 # 1504
2432 # 1504
2433 # 1504
2434 # 1504
2435 # 1504
2436 # 1504
2437 # 1504
2438 # 1504
2439 # 1504
2440 # 1504
2441 # 1504
2442 # 1504
2443 # 1504
2444 # 1504
2445 # 1504
2446 # 1504
2447 # 1504
2448 # 1504
2449 # 1504
2450 # 1504
2451 # 1504
2452 # 1504
2453 # 1504
2454 # 1504
2455 # 1504
2456 # 1504
2457 # 1504
2458 # 1504
2459 # 1504
2460 # 1504
2461 # 1504
2462 # 1504
2463 # 1504
2464 # 1504
2465 # 1504
2466 # 1504
2467 # 1504
2468 # 1504
2469 # 1504
2470 # 1504
2471 # 1504
2472 # 1504
2473 # 1504
2474 # 1504
2475 # 1504
2476 # 1504
2477 # 1504
2478 # 1504
2479 # 1504
2480 # 1504
2481 # 1504
2482 # 1504
2483 # 1504
2484 # 1504
2485 # 1504
2486 # 1504
2487 # 1504
2488 # 1504
2489 # 1504
2490 # 1504
2491 # 1504
2492 # 1504
2493 # 1504
2494 # 1504
2495 # 1504
2496 # 1504
2497 # 1504
2498 # 1504
2499 # 1504
2500 # 1504
2501 # 1504
2502 # 1504
2503 # 1504
2504 # 1504
2505 # 1504
2506 # 1504
2507 # 1504
2508 # 1504
2509 # 1504
2510 # 1504
2511 # 1504
2512 # 1504
2513 # 1504
2514 # 1504
2515 # 1504
2516 # 1504
2517 # 1504
2518 # 1504
2519 # 1504
2520 # 1504
2521 # 1504
2522 # 1504
2523 # 1504
2524 # 1504
2525 # 1504
2526 # 1504
2527 # 1504
2528 # 1504
2529 # 1504
2530 # 1504
2531 # 1504
2532 # 1504
2533 # 1504
2534 # 1504
2535 # 1504
2536 # 1504
2537 # 1504
2538 # 1504
2539 # 1504
2540 # 1504
2541 # 1504
2542 # 1504
2543 # 1504
2544 # 1504
2545 # 1504
2546 # 1504
2547 # 1504
2548 # 1504
2549 # 1504
2550 # 1504
2551 # 1504
2552 # 1504
2553 # 1504
2554 # 1504
2555 # 1504
2556 # 1504
2557 # 1504
2558 # 1504
2559 # 1504
2560 # 1504
2561 # 1504
2562 # 1504
2563 # 1504
2564 # 1504
2565 # 1504
2566 # 1504
2567 # 1504
2568 # 1504
2569 # 1504
2570 # 1504
2571 # 1504
2572 # 1504
2573 # 1504
2574 # 1504
2575 # 1504
2576 # 1504
2577 # 1504
2578 # 1504
2579 # 1504
2580 # 1504
2581 # 1504
2582 # 1504
2583 # 1504
2584 # 1504
2585 # 1504
2586 # 1504
2587 # 1504
2588 # 1504
2589 # 1504
2590 # 1504
2591 # 1504
2592 # 1504
2593 # 1504
2594 # 1504
2595 # 1504
2596 # 1504
2597 # 1504
2598 # 1504
2599 # 1504
2600 # 1504
2601 # 1504
2602 # 1504
2603 # 1504
2604 # 1504
2605 # 1504
2606 # 1504
2607 # 1504
2608 # 1504
2609 # 1504
2610 # 1504
2611 # 1504
2612 # 1504
2613 # 1504
2614 # 1504
2615 # 1504
2616 # 1504
2617 # 1504
2618 # 1504
2619 # 1504
2620 # 1504
2621 # 1504
2622 # 1504
2623 # 1504
2624 # 1504
2625 # 1504
2626 # 1504
2627 # 1504
2628 # 1504
2629 # 1504
2630 # 1504
2631 # 1504
2632 # 1504
2633 # 1504
2634 # 1504
2635 # 1504
2636 # 1504
2637 # 1504
2638 # 1504
2639 # 1504
2640 # 1504
2641 # 1504
2642 # 1504
2643 # 1504
2644 # 1504
2645 # 1504
2646 # 1504
2647 # 1504
2648 # 1504
2649 # 1504
2650 # 1504
2651 # 1504
2652 # 1504
2653 # 1504
2654 # 1504
2655 # 1504
2656 # 1504
2657 # 1504
2658 # 1504
2659 # 1504
2660 # 1504
2661 # 1504
2662 # 1504
2663 # 1504
2664 # 1504
2665 # 1504
2666 # 1504
2667 # 1504
2668 # 1504
2669 # 1504
2670 # 1504
2671 # 1504
2672 # 1504
2673 # 1504
2674 # 1504
2675 # 1504
2676 # 1504
2677 # 1504
2678 # 1504
2679 # 1504
2680 # 1504
2681 # 1504
2682 # 1504
2683 # 1504
2684 # 1504
2685 # 1504
2686 # 1504
2687 # 1504
2688 # 1504
2689 # 1504
2690 # 1504
2691 # 1504
2692 # 1504
2693 # 1504
2694 # 1504
2695 # 1504
2696 # 1504
2697 # 1504
2698 # 1504
2699 # 1504
2700 # 1504
2701 # 1504
2702 # 1504
2703 # 1504
2704 # 1504
2705 # 1504
2706 # 1504
2707 # 1504
2708 # 1504
2709 # 1504
2710 # 1504
2711 # 1504
2712 # 1504
2713 # 1504
2714 # 1504
2715 # 1504
2716 # 1504
2717 # 1504
2718 # 1504
2719 # 1504
2720 # 1504
2721 # 1504
2722 # 1504
2723 # 1504
2724 # 1504
2725 # 1504
2726 # 1504
2727 # 1504
2728 # 1504
2729 # 1504
2730 # 1504
2731 # 1504
2732 # 1504
2733 # 1504
2734 # 1504
2735 # 1504
2736 # 1504
2737 # 1504
2738 # 1504
2739 # 1504
2740 # 1504
2741 # 1504
2742 # 1504
2743 # 1504
2744 # 1504
2745 # 1504
2746 # 1504
2747 # 1504
2748 # 1504
2749 # 1504
2750 # 1504
2751 # 1504
2752 # 1504
2753 # 1504
2754 # 1504
2755 # 1504
2756 # 1504
2757 # 1504
2758 # 1504
2759 # 1504
2760 # 1504
2761 # 1504
2762 # 1504
2763 # 1504
2764 # 1504
2765 # 1504
2766 # 1504
2767 # 1504
2768 # 1504
2769 # 1504
2770 # 1504
2771 # 1504
2772 # 1504
2773 # 1504
2774 # 1504
2775 # 1504
2776 # 1504
2777 # 1504
2778 # 1504
2779 # 1504
2780 # 1504
2781 # 1504
2782 # 1504
2783 # 1504
2784 # 1504
2785 # 1504
2786 # 1504
2787 # 1504
2788 # 1504
2789 # 1504
2790 # 1504
2791 # 1504
2792 # 1504
2793 # 1504
2794 # 1504
2795 # 1504
2796 # 1504
2797 # 1504
2798 # 1504
2799 # 1504
2800 # 1504
2801 # 1504
2802 # 1504
2803 # 1504
2804 # 1504
2805 # 1504
2806 # 1504
2807 # 1504
2808 # 1504
2809 # 1504
2810 # 1504
2811 # 1504
2812 # 1504
2813 # 1504
2814 # 1504
2815 # 1504
2816 # 1504
2817 # 1504
2818 # 1504
2819 # 1504
2820 # 1504
2821 # 1504
2822 # 1504
2823 # 1504
2824 # 1504
2825 # 1504
2826 # 1504
2827 # 1504
2828 # 1504
2829 # 1504
2830 # 1504
2831 # 1504
2832 # 1504
2833 # 1504
2834 # 1504
2835 # 1504
2836 # 1504
2837 # 1504
2838 # 1504
2839 # 1504
2840 # 1504
2841 # 1504
2842 # 1504
2843 # 1504
2844 # 1504
2845 # 1504
2846 # 1504
2847 # 1504
2848 # 1504
2849 # 1504
2850 # 1504
2851 # 1504
2852 # 1504
2853 # 1504
2854 # 1504
2855 # 1504
2856 # 1504
2857 # 1504
2858 # 1504
2859 # 1504
2860 # 1504
2861 # 1504
2862 # 1504
2863 # 1504
2864 # 1504
2865 # 1504
2866 # 1504
2867 # 1504
2868 # 1504
2869 # 1504
2870 # 1504
2871 # 1504
2872 # 1504
2873 # 1504
2874 # 1504
2875 # 1504
2876 # 1504
2877 # 1504
2878 # 1504
2879 # 1504
2880 # 1504
2881 # 1504
2882 # 1504
2883 # 1504
2884 # 1504
2885 # 1504
2886 # 1504
2887 # 1504
2888 # 1504
2889 # 1504
2890 # 1504
2891 # 1504
2892 # 1504
2893 # 1504
2894 # 1504
2895 # 1504
2896 # 1504
2897 # 1504
2898 # 1504
2899 # 1504
2900 # 1504
2901 # 1504
2902 # 1504
2903 # 1504
2904 # 1504
2905 # 1504
2906 # 1504
2907 # 1504
2908 # 1504
2909 # 1504
2910 # 1504
2911 # 1504
2912 # 1504
2913 # 1504
2914 # 1504
2915 # 1504
2916 # 1504
2917 # 1504
2918 # 1504
2919 # 1504
2920 # 1504
2921 # 1504
2922 # 1504
2923 # 1504
2924 # 1504
2925 # 1504
2926 # 1504
2927 # 1504
2928 # 1504
2929 # 1504
2930 # 1504
2931 # 1504
2932 # 1504
2933 # 1504
2934 # 1504
2935 # 1504
2936 # 1504
2937 # 1504
2938 # 1504
2939 # 1504
2940 # 1504
2941 # 1504
2942 # 1504
2943 # 1504
2944 # 1504
2945 # 1504
2946 # 1504
2947 # 1504
2948 # 1504
2949 # 1504
2950 # 1504
2951 # 1504
2952 # 1504
2953 # 1504
2954 # 1504
2955 # 1504
2956 # 1504
2957 # 1504
2958 # 1504
2959 # 1504
2960 # 1504
2961 # 1504
2962 # 1504
2963 # 1504
2964 # 1504
2965 # 1504
2966 # 1504
2967 # 1504
2968 # 1504
2969 # 1504
2970 # 1504
2971 # 1504
2972 # 1504
2973 # 1504
2974 # 1504
2975 # 1504
2976 # 1504
2977 # 1504
2978 # 1504
2979 # 1504
2980 # 1504
2981 # 1504
2982 # 1504
2983 # 1504
2984 # 1504
2985 # 1504
2986 # 1504
2987 # 1504
2988 # 1504
2989 # 1504
2990 # 1504
2991 # 1504
2992 # 1504
2993 # 1504
2994 # 1504
2995 # 1504
2996 # 1504
2997 # 1504
2998 # 1504
2999 # 1504
3000 # 1504
3001 # 1504
3002 # 1504
3003 # 1504
3004 # 1504
3005 # 1504
3006 # 1504
3007 # 1504
3008 # 1504
3009 # 1504
3010 # 1504
3011 # 1504
3012 # 1504
3013 # 1504
3014 # 1504
3015 # 1504
3016 # 1504
3017 # 1504
3018 # 1504
3019 # 1504
3020 # 1504
3021 # 1504
3022 # 1504
3023 # 1504
3024 # 1504
3025 # 1504
3026 # 1504
3027 # 1504
3028 # 1504
3029 # 1504
3030 # 1504
3031 # 1504
3032 # 1504
3033 # 1504
3034 # 1504
3035 # 1504
3036 # 1504
3037 # 1504
3038 # 1504
3039 # 1504
3040 # 1504
3041 # 1504
3042 # 1504
3043 # 1504
3044 # 1504
3045 # 1504
3046 # 1504
3047 # 1504
3048 # 1504
3049 # 1504
3050 # 1504
3051 # 1504
3052 # 1504
3053 # 1504
3054 # 1504
3055 # 1504
3056 # 1504
3057 # 1504
3058 # 1504
3059 # 1504
3060 # 1504
3061 # 1504
3062 # 1504
3063 # 1504
3064 # 1504
3065 # 1504
3066 # 1504
3067 # 1504
3068 # 1504
3069 # 1504
3070 # 1504
3071 # 1504
3072 # 1504
3073 # 1504
3074 # 1504
3075 # 1504
3076 # 1504
3077 # 1504
3078 # 1504
3079 # 1504
3080 # 1504
3081 # 1504
3082 # 1504
3083 # 1504
3084 # 1504
3085 # 1504
3086 # 1504
3087 # 1504
3088 # 1504
3089 # 1504
3090 # 1504
3091 # 1504
3092 # 1504
3093 # 1504
3094 # 1504
3095 # 1504
3096 # 1504
3097 # 1504
3098 # 1504
3099 # 1504
3100 # 1504
3101 # 1504
3102 # 1504
3103 # 1504
3104 # 1504
3105 # 1504
3106 # 1504
3107 # 1504
3108 # 1504
3109 # 1504
3110 # 1504
3111 # 1504
3112 # 1504
3113 # 1504
3114 # 1504
3115 # 1504
3116 # 1504
3117 # 1504
3118 # 1504
3119 # 1504
3120 # 1504
3121 # 1504
3122 # 1504
3123 # 1504
3124 # 1504
3125 # 1504
3126 # 1504
3127 # 1504
3128 # 1504
3129 # 1504
3130 # 1504
3131 # 1504
3132 # 1504
3133 # 1504
3134 # 1504
3135 # 1504
3136 # 1504
3137 # 1504
3138 # 1504
3139 # 1504
3140 # 1504
3141 # 1504
3142 # 1504
3143 # 1504
3144 # 1504
3145 # 1504
3146 # 1504
3147 # 1504
3148 # 1504
3149 # 1504
3150 # 1504
3151 # 1504
3152 # 1504
3153 # 1504
3154 # 1504
3155 # 1504
3156 # 1504
3157 # 1504
3158 # 1504
3159 # 1504
3160 # 1504
3161 # 1504
3162 # 1504
3163 # 1504
3164 # 1504
3165 # 1504
3166 # 1504
3167 # 1504
3168 # 1504
3169 # 1504
3170 # 1504
3171 # 1504
3172 # 1504
3173 # 1504
3174 # 1504
3175 # 1504
3176 # 1504
3177 # 1504
3178 # 1504
3179 # 1504
3180 # 1504
3181 # 1504
3182 # 1504
3183 # 1504
3184 # 1504
3185 # 1504
3186 # 1504
3187 # 1504
3188 # 1504
3189 # 1504
3190 # 1504
3191 # 1504
3192 # 1504
3193 # 1504
3194 # 1504
3195 # 1504
3196 # 1504
3197 # 1504
3198 # 1504
3199 # 1504
3200 # 1504
3201 # 1504
3202 # 1504
3203 # 1504
3204 # 1504
3204 + 132
3205 # 1504
3205 - 132 1
3206 # 1504
3207 # 1504
3208 # 1504
3208 + 132
3209 # 1504
3209 - 132 1
3210 # 1504
3211 # 1504
3212 # 1504
3213 # 1504
3213 + 88
3214 # 1504
3214 - 88 1
3215 # 1504
3216 # 1504
3217 # 1504
3218 # 1504
3219 # 1504
3220 # 1504
3220 + 88
3220 + 108
3221 # 1504
3221 - 88 1
3221 - 108 1
3222 # 1504
3223 # 1504
3224 # 1504
3225 # 1504
3226 # 1504
3227 # 1504
3227 + 88
3228 # 1504
3228 - 88 1
3229 # 1504
3230 # 1504
3231 # 1504
3232 # 1504
3233 # 1504
3233 + 88
3233 + 108
3234 # 1504
3234 - 88 1
3234 - 108 1
3235 # 1504
3236 # 1504
3237 # 1504
3238 # 1504
3239 # 1504
3240 # 1504
3241 # 1504
3242 # 1504
3243 # 1504
3244 # 1504
3244 + 88
3244 + 108
3245 # 1504
3245 - 88 1
3245 - 108 1
3246 # 1504
3247 # 1504
3248 # 1504
3248 + 88
3249 # 1504
3249 - 88 1
3250 # 1504
3251 # 1504
3252 # 1504
3253 # 1504
3254 # 1504
3254 + 88
3254 + 108
3255 # 1504
3255 - 88 1
3255 - 108 1
3256 # 1504
3257 # 1504
3258 # 1504
3259 # 1504
3260 # 1504
3261 # 1504
3261 + 88
3262 # 1504
3262 - 88 1
3263 # 1504
3264 # 1504
3265 # 1504
3266 # 1504
3267 # 1504
3268 # 1504
3269 # 1504
3269 + 88
3269 + 108
3270 # 1504
3270 - 88 1
3270 - 108 1
3271 # 1504
3272 # 1504
3273 # 1504
3274 # 1504
3275 # 1504
3276 # 1504
3276 + 88
3277 # 1504
3277 - 88 1
3278 # 1504
3279 # 1504
3280 # 1504
3281 # 1504
3282 # 1504
3283 # 1504
3284 # 1504
3284 + 88
3284 + 108
3285 # 1504
3285 - 88 1
3285 - 108 1
3286 # 1504
3287 # 1504
3288 # 1504
3289 # 1504
3290 # 1504
3290 + 88
3291 # 1504
3291 - 88 1
3292 # 1504
3293 # 1504
3294 # 1504
3295 # 1504
3296 # 1504
3297 # 1504
3297 + 88
3297 + 108
3298 # 1504
3298 - 88 1
3298 - 108 1
3299 # 1504
3300 # 1504
3301 # 1504
3302 # 1504
3303 # 1504
3304 # 1504
3304 + 88
3305 # 1504
3305 - 88 1
3306 # 1504
3307 # 1504
3308 # 1504
3309 # 1504
3310 # 1504
3311 # 1504
3311 + 88
3311 + 108
3312 # 1504
3312 - 88 1
3312 - 108 1
3313 # 1504
3314 # 1504
3315 # 1504
3316 # 1504
3317 # 1504
3318 # 1504
3318 + 88
3319 # 1504
3319 - 88 1
3320 # 1504
3321 # 1504
3322 # 1504
3323 # 1504
3324 # 1504
3325 # 1504
3326 # 1504
3327 # 1504
3328 # 1504
3329 # 1504
3330 # 1504
3331 # 1504
3331 + 108
3331 + 88
3332 # 1504
3332 - 108 1
3332 - 88 1
3332 + 88
3333 # 1504
3333 - 88 1
3334 # 1504
3335 # 1504
3336 # 1504
3337 # 1504
3338 # 1504
3339 # 1504
3340 # 1504
3340 + 88
3341 # 1504
3341 - 88 1
3342 # 1504
3343 # 1504
3344 # 1504
3345 # 1504
3345 + 88
3345 + 108
3346 # 1504
3346 - 88 1
3346 - 108 1
3347 # 1504
3348 # 1504
3349 # 1504
3350 # 1504
3351 # 1504
3352 # 1504
3353 # 1504
3353 + 88
3354 # 1504
3354 - 88 1
3355 # 1504
3356 # 1504
3357 # 1504
3358 # 1504
3359 # 1504
3360 # 1504
3360 + 88
3360 + 108
3361 # 1504
3361 - 88 1
3361 - 108 1
3362 # 1504
3363 # 1504
3364 # 1504
3365 # 1504
3366 # 1504
3367 # 1504
3367 + 88
3368 # 1504
3368 - 88 1
3369 # 1504
3370 # 1504
3371 # 1504
3372 # 1504
3373 # 1504
3374 # 1504
3374 + 88
3374 + 108
3375 # 1504
3375 - 88 1
3375 - 108 1
3376 # 1504
3377 # 1504
3378 # 1504
3379 # 1504
3380 # 1504
3381 # 1504
3381 + 88
3382 # 1504
3382 - 88 1
3383 # 1504
3384 # 1504
3385 # 1504
3386 # 1504
3387 # 1504
3388 # 1504
3388 + 88
3388 + 108
3389 # 1504
3389 - 88 1
3389 - 108 1
3390 # 1504
3391 # 1504
3392 # 1504
3393 # 1504
3394 # 1504
3395 # 1504
3395 + 88
3396 # 1504
3396 - 88 1
3397 # 1504
3398 # 1504
3399 # 1504
3400 # 1504
3401 # 1504
3402 # 1504
3402 + 88
3402 + 108
3403 # 1504
3403 - 88 1
3403 - 108 1
3404 # 1504
3405 # 1504
3406 # 1504
3407 # 1504
3408 # 1504
3409 # 1504
3409 + 88
3410 # 1504
3410 - 88 1
3411 # 1504
3412 # 1504
3413 # 1504
3414 # 1504
3415 # 1504
3416 # 1504
3416 + 88
3416 + 108
3417 # 1504
3417 - 88 1
3417 - 108 1
3418 # 1504
3419 # 1504
3420 # 1504
3421 # 1504
3422 # 1504
3423 # 1504
3423 + 88
3424 # 1504
3424 - 88 1
3425 # 1504
3426 # 1504
3427 # 1504
3428 # 1504
3429 # 1504
3430 # 1504
3430 + 88
3430 + 108
3431 # 1504
3431 - 88 1
3431 - 108 1
3432 # 1504
3433 # 1504
3434 # 1504
3435 # 1504
3436 # 1504
3437 # 1504
3437 + 88
3438 # 1504
3438 - 88 1
3439 # 1504
3440 # 1504
3441 # 1504
3442 # 1504
3443 # 1504
3444 # 1504
3444 + 88
3444 + 108
3445 # 1504
3445 - 88 1
3445 - 108 1
3446 # 1504
3447 # 1504
3448 # 1504
3449 # 1504
3450 # 1504
3451 # 1504
3452 # 1504
3452 + 88
3453 # 1504
3453 - 88 1
3454 # 1504
3455 # 1504
3456 # 1504
3457 # 1504
3458 # 1504
3458 + 88
3458 + 108
3459 # 1504
3459 - 88 1
3459 - 108 1
3460 # 1504
3461 # 1504
3462 # 1504
3463 # 1504
3464 # 1504
3465 # 1504
3466 # 1504
3467 # 1504
3468 # 1504
3468 + 88
3469 # 1504
3469 - 88 1
3470 # 1504
3471 # 1504
3472 # 1504
3472 + 88
3472 + 108
3473 # 1504
3473 - 88 1
3473 - 108 1
3474 # 1504
3475 # 1504
3476 # 1504
3477 # 1504
3478 # 1504
3479 # 1504
3480 # 1504
3480 + 88
3481 # 1504
3481 - 88 1
3482 # 1504
3483 # 1504
3484 # 1504
3485 # 1504
3486 # 1504
3486 + 88
3486 + 108
3487 # 1504
3487 - 88 1
3487 - 108 1
3488 # 1504
3489 # 1504
3490 # 1504
3491 # 1504
3492 # 1504
3493 # 1504
3493 + 88
3494 # 1504
3494 - 88 1
3495 # 1504
3496 # 1504
3497 # 1504
3498 # 1504
3499 # 1504
3500 # 1504
3500 + 88
3500 + 108
3501 # 1504
3501 - 88 1
3501 - 108 1
3502 # 1504
3503 # 1504
3504 # 1504
3505 # 1504
3506 # 1504
3507 # 1504
3507 + 88
3508 # 1504
3508 - 88 1
3509 # 1504
3510 # 1504
3511 # 1504
3512 # 1504
3513 # 1504
3514 # 1504
3514 + 88
3514 + 108
3515 # 1504
3515 - 88 1
3515 - 108 1
3516 # 1504
3517 # 1504
3518 # 1504
3519 # 1504
3520 # 1504
3521 # 1504
3521 + 88
3522 # 1504
3522 - 88 1
3523 # 1504
3524 # 1504
3525 # 1504
3526 # 1504
3527 # 1504
3528 # 1504
3528 + 88
3528 + 108
3529 # 1504
3529 - 88 1
3529 - 108 1
3530 # 1504
3531 # 1504
3532 # 1504
3533 # 1504
3534 # 1504
3535 # 1504
3535 + 88
3536 # 1504
3536 - 88 1
3537 # 1504
3538 # 1504
3539 # 1504
3540 # 1504
3541 # 1504
3542 # 1504
3543 # 1504
3543 + 88
3543 + 108
3544 # 1504
3544 - 88 1
3544 - 108 1
3545 # 1504
3546 # 1504
3547 # 1504
3548 # 1504
3549 # 1504
3549 + 88
3550 # 1504
3550 - 88 1
3551 # 1504
3552 # 1504
3553 # 1504
3554 # 1504
3555 # 1504
3556 # 1504
3557 # 1504
3557 + 88
3557 + 108
3558 # 1504
3558 - 88 1
3558 - 108 1
3559 # 1504
3560 # 1504
3561 # 1504
3562 # 1504
3563 # 1504
3564 # 1504
3564 + 88
3565 # 1504
3565 - 88 1
3566 # 1504
3567 # 1504
3568 # 1504
3569 # 1504
3570 # 1504
3571 # 1504
3571 + 88
3571 + 108
3572 # 1504
3572 - 88 1
3572 - 108 1
3573 # 1504
3574 # 1504
3575 # 1504
3576 # 1504
3577 # 1504
3578 # 1504
3578 + 88
3579 # 1504
3579 - 88 1
3580 # 1504
3581 # 1504
3582 # 1504
3583 # 1504
3584 # 1504
3584 + 88
3584 + 108
3585 # 1504
3585 - 88 1
3585 - 108 1
3586 # 1504
3587 # 1504
3588 # 1504
3589 # 1504
3590 # 1504
3591 # 1504
3591 + 88
3592 # 1504
3592 - 88 1
3593 # 1504
3594 # 1504
3595 # 1504
3596 # 1504
3597 # 1504
3598 # 1504
3599 # 1504
3599 + 88
3599 + 108
3600 # 1504
3600 - 88 1
3600 - 108 1
3601 # 1504
3602 # 1504
3603 # 1504
3604 # 1504
3605 # 1504
3606 # 1504
3606 + 88
3607 # 1504
3607 - 88 1
3608 # 1504
3609 # 1504
3610 # 1504
3611 # 1504
3612 # 1504
3613 # 1504
3613 + 88
3613 + 108
3614 # 1504
3614 - 88 1
3614 - 108 1
3615 # 1504
3616 # 1504
3617 # 1504
3618 # 1504
3619 # 1504
3620 # 1504
3620 + 88
3621 # 1504
3621 - 88 1
3622 # 1504
3623 # 1504
3624 # 1504
3625 # 1504
3626 # 1504
3626 + 88
3626 + 108
3627 # 1504
3627 - 88 1
3627 - 108 1
3628 # 1504
3629 # 1504
3630 # 1504
3631 # 1504
3632 # 1504
3633 # 1504
3634 # 1504
3634 + 88
3635 # 1504
3635 - 88 1
3636 # 1504
3637 # 1504
3638 # 1504
3639 # 1504
3640 # 1504
3641 # 1504
3641 + 88
3641 + 108
3642 # 1504
3642 - 88 1
3642 - 108 1
3643 # 1504
3644 # 1504
3645 # 1504
3646 # 1504
3647 # 1504
3647 + 88
3648 # 1504
3648 - 88 1
3649 # 1504
3650 # 1504
3651 # 1504
3652 # 1504
3653 # 1504
3654 # 1504
3655 # 1504
3656 # 1504
3656 + 88
3656 + 108
3657 # 1504
3657 - 88 1
3657 - 108 1
3658 # 1504
3659 # 1504
3660 # 1504
3661 # 1504
3661 + 88
3662 # 1504
3662 - 88 1
3663 # 1504
3664 # 1504
3665 # 1504
3666 # 1504
3667 # 1504
3668 # 1504
3669 # 1504
3669 + 88
3669 + 108
3670 # 1504
3670 - 88 1
3670 - 108 1
3671 # 1504
3672 # 1504
3673 # 1504
3674 # 1504
3675 # 1504
3676 # 1504
3676 + 88
3677 # 1504
3677 - 88 1
3678 # 1504
3679 # 1504
3680 # 1504
3681 # 1504
3682 # 1504
3683 # 1504
3683 + 88
3683 + 108
3684 # 1504
3684 - 88 1
3684 - 108 1
3685 # 1504
3686 # 1504
3687 # 1504
3688 # 1504
3689 # 1504
3690 # 1504
3690 + 88
3691 # 1504
3691 - 88 1
3692 # 1504
3693 # 1504
3694 # 1504
3695 # 1504
3696 # 1504
3697 # 1504
3697 + 88
3697 + 108
3698 # 1504
3698 - 88 1
3698 - 108 1
3699 # 1504
3700 # 1504
3701 # 1504
3702 # 1504
3703 # 1504
3704 # 1504
3704 + 88
3705 # 1504
3705 - 88 1
3706 # 1504
3707 # 1504
3708 # 1504
3709 # 1504
3710 # 1504
3711 # 1504
3712 # 1504
3712 + 88
3712 + 108
3713 # 1504
3713 - 88 1
3713 - 108 1
3714 # 1504
3715 # 1504
3716 # 1504
3717 # 1504
3718 # 1504
3719 # 1504
3719 + 88
3720 # 1504
3720 - 88 1
3721 # 1504
3722 # 1504
3723 # 1504
3724 # 1504
3725 # 1504
3725 + 88
3725 + 108
3726 # 1504
3726 - 88 1
3726 - 108 1
3727 # 1504
3728 # 1504
3729 # 1504
3730 # 1504
3731 # 1504
3732 # 1504
3732 + 88
3733 # 1504
3733 - 88 1
3734 # 1504
3735 # 1504
3736 # 1504
3737 # 1504
3738 # 1504
3739 # 1504
3739 + 88
3739 + 108
3740 # 1504
3740 - 88 1
3740 - 108 1
3741 # 1504
3742 # 1504
3743 # 1504
3744 # 1504
3745 # 1504
3746 # 1504
3746 + 88
3747 # 1504
3747 - 88 1
3748 # 1504
3749 # 1504
3750 # 1504
3751 # 1504
3752 # 1504
3753 # 1504
3753 + 88
3753 + 108
3754 # 1504
3754 - 88 1
3754 - 108 1
3755 # 1504
3756 # 1504
3757 # 1504
3758 # 1504
3759 # 1504
3760 # 1504
3760 + 88
3761 # 1504
3761 - 88 1
3762 # 1504
3763 # 1504
3764 # 1504
3765 # 1504
3766 # 1504
3767 # 1504
3767 + 88
3767 + 108
3768 # 1504
3768 - 88 1
3768 - 108 1
3769 # 1504
3770 # 1504
3771 # 1504
3772 # 1504
3773 # 1504
3774 # 1504
3775 # 1504
3776 # 1504
3776 + 88
3777 # 1504
3777 - 88 1
3778 # 1504
3779 # 1504
3780 # 1504
3781 # 1504
3781 + 88
3781 + 108
3782 # 1504
3782 - 88 1
3782 - 108 1
3783 # 1504
3784 # 1504
3785 # 1504
3786 # 1504
3787 # 1504
3788 # 1504
3789 # 1504
3789 + 88
3790 # 1504
3790 - 88 1
3791 # 1504
3792 # 1504
3793 # 1504
3794 # 1504
3795 # 1504
3795 + 88
3795 + 108
3796 # 1504
3796 - 88 1
3796 - 108 1
3797 # 1504
3798 # 1504
3798 + 88
3799 # 1504
3799 - 88 1
3800 # 1504
3801 # 1504
3802 # 1504
3802 + 88
3803 # 1504
3803 - 88 1
3804 # 1504
3805 # 1504
3806 # 1504
3807 # 1504
3808 # 1504
3808 + 88
3808 + 108
3809 # 1504
3809 - 88 1
3809 - 108 1
3810 # 1504
3810 + 88
3811 # 1504
3811 - 88 1
3812 # 1504
3813 # 1504
3813 + 88
3814 # 1504
3814 - 88 1
3815 # 1504
3816 # 1504
3816 + 88
3817 # 1504
3817 - 88 1
3818 # 1504
3819 # 1504
3819 + 88
3819 + 108
3820 # 1504
3820 - 88 1
3820 - 108 1
3821 # 1504
3822 # 1504
3823 # 1504
3823 + 88
3824 # 1504
3824 - 88 1
3825 # 1504
3826 # 1504
3826 + 88
3827 # 1504
3827 - 88 1
3828 # 1504
3829 # 1504
3830 # 1504
3830 + 88
3830 + 108
3831 # 1504
3831 - 88 1
3831 - 108 1
3832 # 1504
3833 # 1504
3834 # 1504
3834 + 88
3835 # 1504
3835 - 88 1
3836 # 1504
3837 # 1504
3837 + 88
3838 # 1504
3838 - 88 1
3839 # 1504
3840 # 1504
3841 # 1504
3841 + 88
3841 + 108
3842 # 1504
3842 - 88 1
3842 - 108 1
3843 # 1504
3844 # 1504
3844 + 88
3845 # 1504
3845 - 88 1
3846 # 1504
3847 # 1504
3848 # 1504
3848 + 88
3849 # 1504
3849 - 88 1
3850 # 1504
3851 # 1504
3851 + 88
3851 + 108
3852 # 1504
3852 - 88 1
3852 - 108 1
3853 # 1504
3854 # 1504
3855 # 1504
3855 + 88
3856 # 1504
3856 - 88 1
3857 # 1504
3858 # 1504
3858 + 88
3859 # 1504
3859 - 88 1
3860 # 1504
3861 # 1504
3862 # 1504
3863 # 1504
3864 # 1504
3864 + 88
3864 + 108
3865 # 1504
3865 - 88 1
3865 - 108 1
3865 + 88
3866 # 1504
3866 - 88 1
3866 + 88
3867 # 1504
3867 - 88 1
3868 # 1504
3869 # 1504
3869 + 88
3870 # 1504
3870 - 88 1
3870 + 88
3871 # 1504
3871 - 88 1
3872 # 1504
3872 + 88
3873 # 1504
3873 - 88 1
3874 # 1504
3874 + 88
3875 # 1504
3875 - 88 1
3876 # 1504
3876 + 88
3876 + 108
3877 # 1504
3877 - 88 1
3877 - 108 1
3877 + 88
3878 # 1504
3878 - 88 1
3879 # 1504
3879 + 88
3880 # 1504
3880 - 88 1
3881 # 1504
3881 + 88
3882 # 1504
3882 - 88 1
3882 + 88
3883 # 1504
3883 - 88 1
3884 # 1504
3884 + 88
3885 # 1504
3885 - 88 1
3886 # 1504
3886 + 88
3886 + 108
3887 # 1504
3887 - 88 1
3887 - 108 1
3888 # 1504
3888 + 88
3889 # 1504
3889 - 88 1
3890 # 1504
3890 + 88
3891 # 1504
3891 - 88 1
3892 # 1504
3892 + 88
3893 # 1504
3893 - 88 1
3893 + 88
3894 # 1504
3894 - 88 1
3895 # 1504
3895 + 88
3896 # 1504
3896 - 88 1
3897 # 1504
3897 + 88
3897 + 108
3898 # 1504
3898 - 88 1
3898 - 108 1
3899 # 1504
3899 + 88
3900 # 1504
3900 - 88 1
3900 + 88
3901 # 1504
3901 - 88 1
3902 # 1504
3903 # 1504
3904 # 1504
3904 + 88
3905 # 1504
3905 - 88 1
3906 # 1504
3907 # 1504
3908 # 1504
3909 # 1504
3909 + 88
3909 + 108
3910 # 1504
3910 - 88 1
3910 - 108 1
3911 # 1504
3912 # 1504
3913 # 1504
3913 + 88
3914 # 1504
3914 - 88 1
3915 # 1504
3916 # 1504
3917 # 1504
3917 + 88
3918 # 1504
3918 - 88 1
3919 # 1504
3920 # 1504
3921 # 1504
3921 + 88
3921 + 108
3922 # 1504
3922 - 88 1
3922 - 108 1
3923 # 1504
3924 # 1504
3925 # 1504
3925 + 88
3926 # 1504
3926 - 88 1
3927 # 1504
3928 # 1504
3929 # 1504
3930 # 1504
3930 + 88
3931 # 1504
3931 - 88 1
3932 # 1504
3933 # 1504
3934 # 1504
3934 + 88
3934 + 108
3935 # 1504
3935 - 88 1
3935 - 108 1
3936 # 1504
3937 # 1504
3938 # 1504
3939 # 1504
3940 # 1504
3940 + 88
3941 # 1504
3941 - 88 1
3942 # 1504
3942 + 88
3943 # 1504
3943 - 88 1
3944 # 1504
3945 # 1504
3945 + 88
3945 + 108
3946 # 1504
3946 - 88 1
3946 - 108 1
3947 # 1504
3948 # 1504
3949 # 1504
3949 + 88
3950 # 1504
3950 - 88 1
3951 # 1504
3951 + 88
3952 # 1504
3952 - 88 1
3953 # 1504
3954 # 1504
3954 + 88
3955 # 1504
3955 - 88 1
3956 # 1504
3957 # 1504
3957 + 88
3957 + 108
3958 # 1504
3958 - 88 1
3958 - 108 1
3959 # 1504
3960 # 1504
3960 + 88
3961 # 1504
3961 - 88 1
3962 # 1504
3963 # 1504
3963 + 88
3964 # 1504
3964 - 88 1
3965 # 1504
3966 # 1504
3966 + 88
3967 # 1504
3967 - 88 1
3968 # 1504
3969 # 1504
3969 + 88
3969 + 108
3970 # 1504
3970 - 88 1
3970 - 108 1
3971 # 1504
3972 # 1504
3973 # 1504
3973 + 88
3974 # 1504
3974 - 88 1
3975 # 1504
3975 + 88
3976 # 1504
3976 - 88 1
3977 # 1504
3978 # 1504
3978 + 88
3979 # 1504
3979 - 88 1
3980 # 1504
3981 # 1504
3981 + 88
3981 + 108
3982 # 1504
3982 - 88 1
3982 - 108 1
3983 # 1504
3984 # 1504
3985 # 1504
3986 # 1504
3986 + 88
3986 + 100
3987 # 1504
3987 - 88 1
3987 - 100 1
3987 + 88
3988 # 1504
3988 - 88 1
3989 # 1504
3990 # 1504
3991 # 1504
3991 + 88
3992 # 1504
3992 - 88 1
3993 # 1504
3993 + 88
3994 # 1504
3994 - 88 1
3995 # 1504
3996 # 1504
3997 # 1504
3997 + 88
3997 + 108
3998 # 1504
3998 - 88 1
3998 - 108 1
3999 # 1504
4000 # 1504
4000 + 88
4001 # 1504
4001 - 88 1
4002 # 1504
4003 # 1504
4003 + 88
4004 # 1504
4004 - 88 1
4005 # 1504
4006 # 1504
4007 # 1504
4007 + 88
4008 # 1504
4008 - 88 1
4009 # 1504
4010 # 1504
4011 # 1504
4011 + 88
4011 + 108
4012 # 1504
4012 - 88 1
4012 - 108 1
4013 # 1504
4014 # 1504
4015 # 1504
4015 + 88
4016 # 1504
4016 - 88 1
4017 # 1504
4018 # 1504
4019 # 1504
4019 + 88
4020 # 1504
4020 - 88 1
4021 # 1504
4022 # 1504
4023 # 1504
4024 # 1504
4024 + 88
4024 + 108
4025 # 1504
4025 - 88 1
4025 - 108 1
4026 # 1504
4027 # 1504
4028 # 1504
4029 # 1504
4029 + 88
4030 # 1504
4030 - 88 1
4031 # 1504
4032 # 1504
4032 + 88
4033 # 1504
4033 - 88 1
4034 # 1504
4035 # 1504
4036 # 1504
4036 + 88
4036 + 108
4037 # 1504
4037 - 88 1
4037 - 108 1
4038 # 1504
4039 # 1504
4040 # 1504
4040 + 88
4041 # 1504
4041 - 88 1
4042 # 1504
4043 # 1504
4044 # 1504
4044 + 88
4045 # 1504
4045 - 88 1
4046 # 1504
4047 # 1504
4048 # 1504
4048 + 88
4048 + 108
4049 # 1504
4049 - 88 1
4049 - 108 1
4050 # 1504
4051 # 1504
4051 + 88
4052 # 1504
4052 - 88 1
4053 # 1504
4054 # 1504
4055 # 1504
4055 + 88
4056 # 1504
4056 - 88 1
4057 # 1504
4058 # 1504
4059 # 1504
4060 # 1504
4060 + 88
4060 + 108
4061 # 1504
4061 - 88 1
4061 - 108 1
4062 # 1504
4062 + 88
4063 # 1504
4063 - 88 1
4064 # 1504
4065 # 1504
4065 + 88
4066 # 1504
4066 - 88 1
4067 # 1504
4068 # 1504
4069 # 1504
4069 + 88
4070 # 1504
4070 - 88 1
4071 # 1504
4072 # 1504
4072 + 88
4072 + 108
4073 # 1504
4073 - 88 1
4073 - 108 1
4074 # 1504
4075 # 1504
4075 + 88
4076 # 1504
4076 - 88 1
4077 # 1504
4078 # 1504
4079 # 1504
4079 + 88
4080 # 1504
4080 - 88 1
4081 # 1504
4082 # 1504
4082 + 88
4082 + 108
4083 # 1504
4083 - 88 1
4083 - 108 1
4084 # 1504
4085 # 1504
4085 + 88
4086 # 1504
4086 - 88 1
4087 # 1504
4088 # 1504
4088 + 88
4089 # 1504
4089 - 88 1
4090 # 1504
4091 # 1504
4091 + 88
4092 # 1504
4092 - 88 1
4093 # 1504
4094 # 1504
4094 + 88
4094 + 108
4095 # 1504
4095 - 88 1
4095 - 108 1
4096 # 1504
4097 # 1504
4097 + 88
4098 # 1504
4098 - 88 1
4099 # 1504
4100 # 1504
4100 + 88
4101 # 1504
4101 - 88 1
4102 # 1504
4103 # 1504
4103 + 88
4104 # 1504
4104 - 88 1
4105 # 1504
4106 # 1504
4107 # 1504
4107 + 88
4107 + 108
4108 # 1504
4108 - 88 1
4108 - 108 1
4109 # 1504
4110 # 1504
4110 + 88
4111 # 1504
4111 - 88 1
4112 # 1504
4113 # 1504
4113 + 88
4114 # 1504
4114 - 88 1
4115 # 1504
4116 # 1504
4116 + 88
4117 # 1504
4117 - 88 1
4118 # 1504
4119 # 1504
4119 + 88
4119 + 108
4120 # 1504
4120 - 88 1
4120 - 108 1
4121 # 1504
4122 # 1504
4122 + 88
4123 # 1504
4123 - 88 1
4124 # 1504
4125 # 1504
4125 + 88
4126 # 1504
4126 - 88 1
4127 # 1504
4128 # 1504
4128 + 88
4129 # 1504
4129 - 88 1
4130 # 1504
4131 # 1504
4131 + 88
4131 + 108
4132 # 1504
4132 - 88 1
4132 - 108 1
4133 # 1504
4133 + 88
4134 # 1504
4134 - 88 1
4135 # 1504
4136 # 1504
4137 # 1504
4137 + 88
4138 # 1504
4138 - 88 1
4139 # 1504
4140 # 1504
4140 + 88
4141 # 1504
4141 - 88 1
4142 # 1504
4143 # 1504
4144 # 1504
4144 + 88
4144 + 108
4145 # 1504
4145 - 88 1
4145 - 108 1
4146 # 1504
4146 + 88
4147 # 1504
4147 - 88 1
4148 # 1504
4148 + 88
4149 # 1504
4149 - 88 1
4150 # 1504
4151 # 1504
4151 + 88
4152 # 1504
4152 - 88 1
4153 # 1504
4153 + 88
4154 # 1504
4154 - 88 1
4155 # 1504
4156 # 1504
4156 + 88
4156 + 108
4157 # 1504
4157 - 88 1
4157 - 108 1
4158 # 1504
4158 + 88
4159 # 1504
4159 - 88 1
4160 # 1504
4161 # 1504
4161 + 88
4162 # 1504
4162 - 88 1
4163 # 1504
4164 # 1504
4164 + 88
4165 # 1504
4165 - 88 1
4166 # 1504
4167 # 1504
4167 + 88
4167 + 108
4168 # 1504
4168 - 88 1
4168 - 108 1
4169 # 1504
4169 + 88
4170 # 1504
4170 - 88 1
4171 # 1504
4172 # 1504
4172 + 88
4173 # 1504
4173 - 88 1
4174 # 1504
4175 # 1504
4175 + 88
4176 # 1504
4176 - 88 1
4177 # 1504
4177 + 88
4177 + 108
4178 # 1504
4178 - 88 1
4178 - 108 1
4179 # 1504
4180 # 1504
4181 # 1504
4181 + 88
4182 # 1504
4182 - 88 1
4183 # 1504
4183 + 88
4184 # 1504
4184 - 88 1
4185 # 1504
4185 + 88
4186 # 1504
4186 - 88 1
4187 # 1504
4188 # 1504
4188 + 88
4188 + 108
4189 # 1504
4189 - 88 1
4189 - 108 1
4190 # 1504
4190 + 88
4191 # 1504
4191 - 88 1
4192 # 1504
4193 # 1504
4193 + 88
4194 # 1504
4194 - 88 1
4195 # 1504
4196 # 1504
4196 + 88
4197 # 1504
4197 - 88 1
4198 # 1504
4198 + 88
4198 + 108
4199 # 1504
4199 - 88 1
4199 - 108 1
4200 # 1504
4200 + 88
4201 # 1504
4201 - 88 1
4202 # 1504
4203 # 1504
4203 + 88
4204 # 1504
4204 - 88 1
4205 # 1504
4205 + 88
4206 # 1504
4206 - 88 1
4207 # 1504
4207 + 88
4208 # 1504
4208 - 88 1
4209 # 1504
4210 # 1504
4210 + 88
4210 + 108
4211 # 1504
4211 - 88 1
4211 - 108 1
4212 # 1504
4212 + 88
4212 + 100
4213 # 1504
4213 - 88 1
4213 - 100 1
4214 # 1504
4214 + 88
4215 # 1504
4215 - 88 1
4216 # 1504
4217 # 1504
4217 + 88
4218 # 1504
4218 - 88 1
4218 + 88
4219 # 1504
4219 - 88 1
4220 # 1504
4221 # 1504
4221 + 88
4222 # 1504
4222 - 88 1
4223 # 1504
4223 + 88
4223 + 108
4224 # 1504
4224 - 88 1
4224 - 108 1
4224 + 52
4225 # 1504
4225 - 52 1
4226 # 1504
4227 # 1504
4228 # 1504
4229 # 1504
4229 + 88
4229 + 88
4230 # 1504
4230 - 88 1
4230 - 88 1
4231 # 1504
4231 + 88
4232 # 1504
4232 - 88 1
4233 # 1504
4234 # 1504
4234 + 88
4234 + 108
4235 # 1504
4235 - 88 1
4235 - 108 1
4236 # 1504
4236 + 88
4237 # 1504
4237 - 88 1
4238 # 1504
4239 # 1504
4239 + 88
4240 # 1504
4240 - 88 1
4241 # 1504
4241 + 88
4242 # 1504
4242 - 88 1
4243 # 1504
4244 # 1504
4244 + 88
4245 # 1504
4245 - 88 1
4246 # 1504
4246 + 88
4246 + 108
4247 # 1504
4247 - 88 1
4247 - 108 1
4248 # 1504
4248 + 88
4249 # 1504
4249 - 88 1
4250 # 1504
4250 + 88
4251 # 1504
4251 - 88 1
4252 # 1504
4252 + 88
4253 # 1504
4253 - 88 1
4254 # 1504
4255 # 1504
4255 + 88
4256 # 1504
4256 - 88 1
4257 # 1504
4258 # 1504
4258 + 88
4258 + 108
4259 # 1504
4259 - 88 1
4259 - 108 1
4260 # 1504
4260 + 88
4261 # 1504
4261 - 88 1
4262 # 1504
4262 + 88
4263 # 1504
4263 - 88 1
4264 # 1504
4264 + 88
4265 # 1504
4265 - 88 1
4266 # 1504
4267 # 1504
4267 + 88
4268 # 1504
4268 - 88 1
4269 # 1504
4270 # 1504
4270 + 88
4270 + 108
4271 # 1504
4271 - 88 1
4271 - 108 1
4272 # 1504
4272 + 88
4273 # 1504
4273 - 88 1
4274 # 1504
4275 # 1504
4276 # 1504
4276 + 88
4277 # 1504
4277 - 88 1
4278 # 1504
4278 + 88
4279 # 1504
4279 - 88 1
4280 # 1504
4281 # 1504
4281 + 88
4281 + 108
4282 # 1504
4282 - 88 1
4282 - 108 1
4283 # 1504
4284 # 1504
4284 + 88
4285 # 1504
4285 - 88 1
4286 # 1504
4287 # 1504
4287 + 88
4288 # 1504
4288 - 88 1
4289 # 1504
4290 # 1504
4290 + 88
4291 # 1504
4291 - 88 1
4292 # 1504
4293 # 1504
4293 + 88
4293 + 108
4294 # 1504
4294 - 88 1
4294 - 108 1
4295 # 1504
4296 # 1504
4296 + 88
4297 # 1504
4297 - 88 1
4297 + 88
4298 # 1504
4298 - 88 1
4299 # 1504
4300 # 1504
4300 + 88
4301 # 1504
4301 - 88 1
4302 # 1504
4302 + 88
4303 # 1504
4303 - 88 1
4304 # 1504
4304 + 88
4304 + 108
4305 # 1504
4305 - 88 1
4305 - 108 1
4306 # 1504
4306 + 88
4307 # 1504
4307 - 88 1
4308 # 1504
4309 # 1504
4309 + 88
4310 # 1504
4310 - 88 1
4311 # 1504
4312 # 1504
4312 + 88
4313 # 1504
4313 - 88 1
4314 # 1504
4314 + 88
4315 # 1504
4315 - 88 1
4316 # 1504
4316 + 88
4316 + 108
4317 # 1504
4317 - 88 1
4317 - 108 1
4318 # 1504
4318 + 88
4319 # 1504
4319 - 88 1
4320 # 1504
4321 # 1504
4321 + 88
4322 # 1504
4322 - 88 1
4323 # 1504
4324 # 1504
4325 # 1504
4326 # 1504
4326 + 88
4327 # 1504
4327 - 88 1
4328 # 1504
4328 + 88
4328 + 108
4329 # 1504
4329 - 88 1
4329 - 108 1
4330 # 1504
4330 + 88
4331 # 1504
4331 - 88 1
4332 # 1504
4333 # 1504
4333 + 88
4334 # 1504
4334 - 88 1
4335 # 1504
4336 # 1504
4336 + 88
4337 # 1504
4337 - 88 1
4338 # 1504
4339 # 1504
4339 + 88
4339 + 108
4340 # 1504
4340 - 88 1
4340 - 108 1
4341 # 1504
4342 # 1504
4342 + 88
4343 # 1504
4343 - 88 1
4344 # 1504
4344 + 88
4345 # 1504
4345 - 88 1
4346 # 1504
4347 # 1504
4347 + 88
4348 # 1504
4348 - 88 1
4349 # 1504
4349 + 88
4349 + 108
4350 # 1504
4350 - 88 1
4350 - 108 1
4351 # 1504
4352 # 1504
4353 # 1504
4353 + 88
4354 # 1504
4354 - 88 1
4355 # 1504
4355 + 88
4356 # 1504
4356 - 88 1
4357 # 1504
4358 # 1504
4358 + 88
4359 # 1504
4359 - 88 1
4360 # 1504
4361 # 1504
4361 + 88
4361 + 108
4362 # 1504
4362 - 88 1
4362 - 108 1
4363 # 1504
4363 + 88
4364 # 1504
4364 - 88 1
4365 # 1504
4366 # 1504
4367 # 1504
4367 + 88
4368 # 1504
4368 - 88 1
4369 # 1504
4369 + 88
4370 # 1504
4370 - 88 1
4371 # 1504
4372 # 1504
4372 + 88
4372 + 108
4373 # 1504
4373 - 88 1
4373 - 108 1
4374 # 1504
4374 + 88
4375 # 1504
4375 - 88 1
4376 # 1504
4377 # 1504
4378 # 1504
4378 + 88
4379 # 1504
4379 - 88 1
4380 # 1504
4380 + 88
4381 # 1504
4381 - 88 1
4382 # 1504
4382 + 88
4382 + 108
4383 # 1504
4383 - 88 1
4383 - 108 1
4384 # 1504
4384 + 88
4385 # 1504
4385 - 88 1
4386 # 1504
4387 # 1504
4388 # 1504
4388 + 88
4389 # 1504
4389 - 88 1
4390 # 1504
4390 + 88
4391 # 1504
4391 - 88 1
4392 # 1504
4393 # 1504
4393 + 88
4393 + 108
4394 # 1504
4394 - 88 1
4394 - 108 1
4395 # 1504
4395 + 88
4396 # 1504
4396 - 88 1
4397 # 1504
4398 # 1504
4399 # 1504
4400 # 1504
4400 + 88
4401 # 1504
4401 - 88 1
4401 + 88
4402 # 1504
4402 - 88 1
4403 # 1504
4404 # 1504
4404 + 88
4404 + 108
4405 # 1504
4405 - 88 1
4405 - 108 1
4406 # 1504
4407 # 1504
4408 # 1504
4408 + 88
4409 # 1504
4409 - 88 1
4410 # 1504
4411 # 1504
4411 + 88
4412 # 1504
4412 - 88 1
4413 # 1504
4414 # 1504
4414 + 88
4415 # 1504
4415 - 88 1
4416 # 1504
4417 # 1504
4418 # 1504
4418 + 88
4418 + 108
4419 # 1504
4419 - 88 1
4419 - 108 1
4420 # 1504
4421 # 1504
4421 + 88
4422 # 1504
4422 - 88 1
4423 # 1504
4424 # 1504
4424 + 88
4425 # 1504
4425 - 88 1
4426 # 1504
4427 # 1504
4427 + 88
4428 # 1504
4428 - 88 1
4429 # 1504
4430 # 1504
4431 # 1504
4431 + 88
4431 + 108
4432 # 1504
4432 - 88 1
4432 - 108 1
4433 # 1504
4434 # 1504
4434 + 88
4435 # 1504
4435 - 88 1
4436 # 1504
4436 + 88
4437 # 1504
4437 - 88 1
4438 # 1504
4439 # 1504
4440 # 1504
4440 + 88
4441 # 1504
4441 - 88 1
4442 # 1504
4443 # 1504
4443 + 88
4443 + 108
4444 # 1504
4444 - 88 1
4444 - 108 1
4445 # 1504
4446 # 1504
4447 # 1504
4447 + 88
4448 # 1504
4448 - 88 1
4449 # 1504
4450 # 1504
4450 + 88
4451 # 1504
4451 - 88 1
4452 # 1504
4453 # 1504
4453 + 88
4454 # 1504
4454 - 88 1
4455 # 1504
4456 # 1504
4456 + 88
4456 + 108
4457 # 1504
4457 - 88 1
4457 - 108 1
4458 # 1504
4459 # 1504
4460 # 1504
4461 # 1504
4461 + 88
4462 # 1504
4462 - 88 1
4463 # 1504
4463 + 88
4464 # 1504
4464 - 88 1
4465 # 1504
4466 # 1504
4466 + 88
4466 + 108
4467 # 1504
4467 - 88 1
4467 - 108 1
4468 # 1504
4469 # 1504
4470 # 1504
4470 + 88
4471 # 1504
4471 - 88 1
4472 # 1504
4473 # 1504
4474 # 1504
4474 + 88
4475 # 1504
4475 - 88 1
4476 # 1504
4477 # 1504
4478 # 1504
4479 # 1504
4479 + 88
4479 + 108
4480 # 1504
4480 - 88 1
4480 - 108 1
4481 # 1504
4482 # 1504
4482 + 88
4483 # 1504
4483 - 88 1
4484 # 1504
4485 # 1504
4486 # 1504
4486 + 88
4487 # 1504
4487 - 88 1
4488 # 1504
4489 # 1504
4490 # 1504
4490 + 88
4490 + 108
4491 # 1504
4491 - 88 1
4491 - 108 1
4492 # 1504
4493 # 1504
4494 # 1504
4495 # 1504
4496 # 1504
4496 + 88
4497 # 1504
4497 - 88 1
4497 + 88
4498 # 1504
4498 - 88 1
4499 # 1504
4500 # 1504
4501 # 1504
4501 + 88
4501 + 108
4502 # 1504
4502 - 88 1
4502 - 108 1
4503 # 1504
4504 # 1504
4504 + 88
4505 # 1504
4505 - 88 1
4506 # 1504
4507 # 1504
4507 + 88
4508 # 1504
4508 - 88 1
4509 # 1504
4510 # 1504
4510 + 88
4511 # 1504
4511 - 88 1
4512 # 1504
4513 # 1504
4514 # 1504
4514 + 88
4514 + 108
4515 # 1504
4515 - 88 1
4515 - 108 1
4516 # 1504
4516 + 88
4517 # 1504
4517 - 88 1
4518 # 1504
4518 + 88
4519 # 1504
4519 - 88 1
4520 # 1504
4521 # 1504
4522 # 1504
4522 + 88
4523 # 1504
4523 - 88 1
4524 # 1504
4524 + 88
4525 # 1504
4525 - 88 1
4526 # 1504
4527 # 1504
4527 + 88
4527 + 108
4528 # 1504
4528 - 88 1
4528 - 108 1
4529 # 1504
4529 + 88
4530 # 1504
4530 - 88 1
4531 # 1504
4532 # 1504
4533 # 1504
4533 + 88
4534 # 1504
4534 - 88 1
4535 # 1504
4536 # 1504
4537 # 1504
4537 + 88
4538 # 1504
4538 - 88 1
4539 # 1504
4540 # 1504
4540 + 88
4540 + 108
4541 # 1504
4541 - 88 1
4541 - 108 1
4542 # 1504
4543 # 1504
4543 + 88
4544 # 1504
4544 - 88 1
4545 # 1504
4546 # 1504
4546 + 88
4547 # 1504
4547 - 88 1
4548 # 1504
4549 # 1504
4550 # 1504
4550 + 88
4551 # 1504
4551 - 88 1
4552 # 1504
4553 # 1504
4553 + 88
4553 + 108
4554 # 1504
4554 - 88 1
4554 - 108 1
4555 # 1504
4556 # 1504
4557 # 1504
4557 + 88
4558 # 1504
4558 - 88 1
4559 # 1504
4560 # 1504
4560 + 88
4561 # 1504
4561 - 88 1
4562 # 1504
4563 # 1504
4563 + 88
4564 # 1504
4564 - 88 1
4565 # 1504
4566 # 1504
4566 + 88
4566 + 108
4567 # 1504
4567 - 88 1
4567 - 108 1
4568 # 1504
4569 # 1504
4569 + 88
4570 # 1504
4570 - 88 1
4571 # 1504
4571 + 88
4572 # 1504
4572 - 88 1
4573 # 1504
4574 # 1504
4574 + 88
4575 # 1504
4575 - 88 1
4576 # 1504
4577 # 1504
4578 # 1504
4579 # 1504
4579 + 88
4579 + 108
4580 # 1504
4580 - 88 1
4580 - 108 1
4580 + 88
4581 # 1504
4581 - 88 1
4582 # 1504
4583 # 1504
4583 + 88
4584 # 1504
4584 - 88 1
4585 # 1504
4586 # 1504
4586 + 88
4587 # 1504
4587 - 88 1
4588 # 1504
4589 # 1504
4590 # 1504
4590 + 88
4590 + 108
4591 # 1504
4591 - 88 1
4591 - 108 1
4592 # 1504
4592 + 88
4593 # 1504
4593 - 88 1
4594 # 1504
4594 + 88
4595 # 1504
4595 - 88 1
4596 # 1504
4597 # 1504
4597 + 88
4598 # 1504
4598 - 88 1
4599 # 1504
4600 # 1504
4600 + 88
4600 + 108
4601 # 1504
4601 - 88 1
4601 - 108 1
4602 # 1504
4603 # 1504
4604 # 1504
4605 # 1504
4605 + 88
4606 # 1504
4606 - 88 1
4607 # 1504
4607 + 88
4608 # 1504
4608 - 88 1
4609 # 1504
4610 # 1504
4610 + 88
4611 # 1504
4611 - 88 1
4612 # 1504
4613 # 1504
4614 # 1504
4614 + 88
4614 + 108
4615 # 1504
4615 - 88 1
4615 - 108 1
4616 # 1504
4617 # 1504
4617 + 88
4618 # 1504
4618 - 88 1
4619 # 1504
4620 # 1504
4620 + 88
4621 # 1504
4621 - 88 1
4622 # 1504
4623 # 1504
4624 # 1504
4624 + 88
4624 + 108
4625 # 1504
4625 - 88 1
4625 - 108 1
4626 # 1504
4627 # 1504
4628 # 1504
4628 + 88
4629 # 1504
4629 - 88 1
4630 # 1504
4631 # 1504
4631 + 88
4632 # 1504
4632 - 88 1
4633 # 1504
4634 # 1504
4635 # 1504
4635 + 88
4635 + 108
4636 # 1504
4636 - 88 1
4636 - 108 1
4637 # 1504
4638 # 1504
4639 # 1504
4639 + 88
4640 # 1504
4640 - 88 1
4641 # 1504
4642 # 1504
4643 # 1504
4643 + 88
4644 # 1504
4644 - 88 1
4645 # 1504
4646 # 1504
4646 + 88
4646 + 108
4647 # 1504
4647 - 88 1
4647 - 108 1
4648 # 1504
4649 # 1504
4650 # 1504
4651 # 1504
4652 # 1504
4652 + 88
4653 # 1504
4653 - 88 1
4654 # 1504
4654 + 88
4655 # 1504
4655 - 88 1
4656 # 1504
4657 # 1504
4658 # 1504
4658 + 88
4658 + 108
4659 # 1504
4659 - 88 1
4659 - 108 1
4660 # 1504
4661 # 1504
4662 # 1504
4662 + 88
4663 # 1504
4663 - 88 1
4664 # 1504
4665 # 1504
4665 + 88
4666 # 1504
4666 - 88 1
4667 # 1504
4668 # 1504
4668 + 88
4669 # 1504
4669 - 88 1
4670 # 1504
4671 # 1504
4671 + 88
4671 + 108
4672 # 1504
4672 - 88 1
4672 - 108 1
4673 # 1504
4674 # 1504
4675 # 1504
4675 + 88
4676 # 1504
4676 - 88 1
4676 + 88
4677 # 1504
4677 - 88 1
4678 # 1504
4679 # 1504
4679 + 88
4680 # 1504
4680 - 88 1
4681 # 1504
4682 # 1504
4682 + 88
4682 + 108
4683 # 1504
4683 - 88 1
4683 - 108 1
4684 # 1504
4684 + 88
4685 # 1504
4685 - 88 1
4686 # 1504
4687 # 1504
4688 # 1504
4688 + 88
4689 # 1504
4689 - 88 1
4690 # 1504
4691 # 1504
4691 + 88
4692 # 1504
4692 - 88 1
4693 # 1504
4694 # 1504
4695 # 1504
4695 + 88
4695 + 108
4696 # 1504
4696 - 88 1
4696 - 108 1
4697 # 1504
4698 # 1504
4698 + 88
4699 # 1504
4699 - 88 1
4700 # 1504
4701 # 1504
4702 # 1504
4702 + 88
4703 # 1504
4703 - 88 1
4704 # 1504
4705 # 1504
4706 # 1504
4706 + 88
4706 + 108
4707 # 1504
4707 - 88 1
4707 - 108 1
4708 # 1504
4709 # 1504
4710 # 1504
4710 + 88
4711 # 1504
4711 - 88 1
4712 # 1504
4713 # 1504
4714 # 1504
4714 + 88
4715 # 1504
4715 - 88 1
4716 # 1504
4717 # 1504
4718 # 1504
4718 + 88
4718 + 108
4719 # 1504
4719 - 88 1
4719 - 108 1
4720 # 1504
4721 # 1504
4722 # 1504
4722 + 88
4723 # 1504
4723 - 88 1
4724 # 1504
4725 # 1504
4726 # 1504
4726 + 88
4727 # 1504
4727 - 88 1
4728 # 1504
4729 # 1504
4729 + 88
4729 + 108
4730 # 1504
4730 - 88 1
4730 - 108 1
4731 # 1504
4732 # 1504
4733 # 1504
4733 + 88
4734 # 1504
4734 - 88 1
4735 # 1504
4735 + 88
4736 # 1504
4736 - 88 1
4737 # 1504
4738 # 1504
4738 + 88
4739 # 1504
4739 - 88 1
4740 # 1504
4741 # 1504
4741 + 88
4741 + 108
4742 # 1504
4742 - 88 1
4742 - 108 1
4743 # 1504
4743 + 88
4744 # 1504
4744 - 88 1
4745 # 1504
4746 # 1504
4747 # 1504
4747 + 88
4748 # 1504
4748 - 88 1
4749 # 1504
4749 + 88
4750 # 1504
4750 - 88 1
4751 # 1504
4752 # 1504
4752 + 88
4752 + 108
4753 # 1504
4753 - 88 1
4753 - 108 1
4754 # 1504
4755 # 1504
4755 + 88
4756 # 1504
4756 - 88 1
4757 # 1504
4758 # 1504
4758 + 88
4759 # 1504
4759 - 88 1
4760 # 1504
4761 # 1504
4761 + 88
4762 # 1504
4762 - 88 1
4763 # 1504
4764 # 1504
4765 # 1504
4765 + 88
4765 + 108
4766 # 1504
4766 - 88 1
4766 - 108 1
4767 # 1504
4768 # 1504
4768 + 88
4769 # 1504
4769 - 88 1
4770 # 1504
4771 # 1504
4771 + 88
4772 # 1504
4772 - 88 1
4773 # 1504
4774 # 1504
4775 # 1504
4775 + 88
4776 # 1504
4776 - 88 1
4777 # 1504
4778 # 1504
4778 + 88
4778 + 108
4779 # 1504
4779 - 88 1
4779 - 108 1
4780 # 1504
4781 # 1504
4781 + 88
4782 # 1504
4782 - 88 1
4783 # 1504
4784 # 1504
4784 + 88
4785 # 1504
4785 - 88 1
4786 # 1504
4787 # 1504
4788 # 1504
4788 + 88
4789 # 1504
4789 - 88 1
4790 # 1504
4791 # 1504
4791 + 88
4791 + 108
4792 # 1504
4792 - 88 1
4792 - 108 1
4793 # 1504
4794 # 1504
4795 # 1504
4795 + 88
4796 # 1504
4796 - 88 1
4797 # 1504
4797 + 88
4798 # 1504
4798 - 88 1
4799 # 1504
4799 + 88
4800 # 1504
4800 - 88 1
4801 # 1504
4802 # 1504
4802 + 88
4802 + 108
4803 # 1504
4803 - 88 1
4803 - 108 1
4804 # 1504
4805 # 1504
4806 # 1504
4806 + 88
4807 # 1504
4807 - 88 1
4808 # 1504
4808 + 88
4809 # 1504
4809 - 88 1
4810 # 1504
4811 # 1504
4811 + 88
4812 # 1504
4812 - 88 1
4813 # 1504
4814 # 1504
4814 + 88
4814 + 108
4815 # 1504
4815 - 88 1
4815 - 108 1
4816 # 1504
4817 # 1504
4817 + 88
4818 # 1504
4818 - 88 1
4819 # 1504
4820 # 1504
4820 + 88
4821 # 1504
4821 - 88 1
4822 # 1504
4822 + 88
4823 # 1504
4823 - 88 1
4824 # 1504
4825 # 1504
4825 + 88
4825 + 108
4826 # 1504
4826 - 88 1
4826 - 108 1
4827 # 1504
4828 # 1504
4829 # 1504
4829 + 88
4830 # 1504
4830 - 88 1
4831 # 1504
4831 + 88
4832 # 1504
4832 - 88 1
4833 # 1504
4834 # 1504
4834 + 88
4835 # 1504
4835 - 88 1
4836 # 1504
4837 # 1504
4837 + 88
4837 + 108
4838 # 1504
4838 - 88 1
4838 - 108 1
4839 # 1504
4840 # 1504
4840 + 88
4841 # 1504
4841 - 88 1
4842 # 1504
4843 # 1504
4843 + 88
4844 # 1504
4844 - 88 1
4845 # 1504
4845 + 88
4846 # 1504
4846 - 88 1
4847 # 1504
4848 # 1504
4848 + 88
4848 + 108
4849 # 1504
4849 - 88 1
4849 - 108 1
4850 # 1504
4850 + 88
4851 # 1504
4851 - 88 1
4852 # 1504
4853 # 1504
4853 + 88
4854 # 1504
4854 - 88 1
4855 # 1504
4856 # 1504
4856 + 88
4857 # 1504
4857 - 88 1
4858 # 1504
4859 # 1504
4859 + 88
4859 + 108
4860 # 1504
4860 - 88 1
4860 - 108 1
4861 # 1504
4861 + 88
4862 # 1504
4862 - 88 1
4863 # 1504
4864 # 1504
4864 + 88
4865 # 1504
4865 - 88 1
4866 # 1504
4866 + 88
4867 # 1504
4867 - 88 1
4868 # 1504
4869 # 1504
4869 + 88
4870 # 1504
4870 - 88 1
4871 # 1504
4871 + 88
4871 + 108
4872 # 1504
4872 - 88 1
4872 - 108 1
4873 # 1504
4873 + 88
4873 + 100
4874 # 1504
4874 - 88 1
4874 - 100 1
4875 # 1504
4876 # 1504
4877 # 1504
4877 + 88
4878 # 1504
4878 - 88 1
4879 # 1504
4879 + 88
4880 # 1504
4880 - 88 1
4881 # 1504
4882 # 1504
4882 + 88
4883 # 1504
4883 - 88 1
4884 # 1504
4885 # 1504
4885 + 88
4885 + 108
4886 # 1504
4886 - 88 1
4886 - 108 1
4887 # 1504
4888 # 1504
4888 + 88
4889 # 1504
4889 - 88 1
4890 # 1504
4891 # 1504
4891 + 88
4892 # 1504
4892 - 88 1
4893 # 1504
4894 # 1504
4894 + 88
4895 # 1504
4895 - 88 1
4896 # 1504
4896 + 88
4896 + 108
4897 # 1504
4897 - 88 1
4897 - 108 1
4898 # 1504
4899 # 1504
4899 + 88
4900 # 1504
4900 - 88 1
4901 # 1504
4902 # 1504
4902 + 88
4903 # 1504
4903 - 88 1
4904 # 1504
4905 # 1504
4905 + 88
4906 # 1504
4906 - 88 1
4907 # 1504
4908 # 1504
4909 # 1504
4909 + 88
4909 + 108
4910 # 1504
4910 - 88 1
4910 - 108 1
4911 # 1504
4911 + 88
4912 # 1504
4912 - 88 1
4913 # 1504
4914 # 1504
4915 # 1504
4915 + 88
4916 # 1504
4916 - 88 1
4917 # 1504
4918 # 1504
4919 # 1504
4919 + 88
4920 # 1504
4920 - 88 1
4921 # 1504
4922 # 1504
4922 + 88
4922 + 108
4923 # 1504
4923 - 88 1
4923 - 108 1
4924 # 1504
4925 # 1504
4925 + 88
4926 # 1504
4926 - 88 1
4927 # 1504
4928 # 1504
4928 + 88
4929 # 1504
4929 - 88 1
4930 # 1504
4931 # 1504
4932 # 1504
4932 + 88
4933 # 1504
4933 - 88 1
4934 # 1504
4935 # 1504
4935 + 88
4935 + 108
4936 # 1504
4936 - 88 1
4936 - 108 1
4937 # 1504
4938 # 1504
4938 + 88
4939 # 1504
4939 - 88 1
4940 # 1504
4940 + 88
4941 # 1504
4941 - 88 1
4942 # 1504
4943 # 1504
4943 + 88
4944 # 1504
4944 - 88 1
4945 # 1504
4945 + 88
4945 + 108
4946 # 1504
4946 - 88 1
4946 - 108 1
4947 # 1504
4947 + 88
4948 # 1504
4948 - 88 1
4949 # 1504
4950 # 1504
4950 + 88
4951 # 1504
4951 - 88 1
4952 # 1504
4953 # 1504
4953 + 88
4954 # 1504
4954 - 88 1
4955 # 1504
4955 + 88
4956 # 1504
4956 - 88 1
4957 # 1504
4958 # 1504
4958 + 88
4958 + 108
4959 # 1504
4959 - 88 1
4959 - 108 1
4960 # 1504
4960 + 88
4961 # 1504
4961 - 88 1
4962 # 1504
4963 # 1504
4964 # 1504
4964 + 88
4965 # 1504
4965 - 88 1
4966 # 1504
4967 # 1504
4967 + 88
4968 # 1504
4968 - 88 1
4969 # 1504
4970 # 1504
4970 + 88
4970 + 108
4971 # 1504
4971 - 88 1
4971 - 108 1
4972 # 1504
4973 # 1504
4974 # 1504
4975 # 1504
4975 + 88
4976 # 1504
4976 - 88 1
4977 # 1504
4977 + 88
4978 # 1504
4978 - 88 1
4979 # 1504
4980 # 1504
4980 + 88
4981 # 1504
4981 - 88 1
4982 # 1504
4983 # 1504
4984 # 1504
4984 + 88
4984 + 108
4985 # 1504
4985 - 88 1
4985 - 108 1
4986 # 1504
4987 # 1504
4987 + 88
4988 # 1504
4988 - 88 1
4989 # 1504
4990 # 1504
4991 # 1504
4991 + 88
4992 # 1504
4992 - 88 1
4993 # 1504
4993 + 88
4994 # 1504
4994 - 88 1
4995 # 1504
4996 # 1504
4996 + 88
4996 + 108
4997 # 1504
4997 - 88 1
4997 - 108 1
4998 # 1504
4998 + 88
4999 # 1504
4999 - 88 1
5000 # 1504
5001 # 1504
5001 + 88
5002 # 1504
5002 - 88 1
5003 # 1504
5003 + 88
5004 # 1504
5004 - 88 1
5005 # 1504
5006 # 1504
5006 + 88
5006 + 108
5007 # 1504
5007 - 88 1
5007 - 108 1
5008 # 1504
5009 # 1504
5009 + 88
5010 # 1504
5010 - 88 1
5011 # 1504
5011 + 88
5012 # 1504
5012 - 88 1
5013 # 1504
5013 + 88
5014 # 1504
5014 - 88 1
5015 # 1504
5016 # 1504
5016 + 88
5017 # 1504
5017 - 88 1
5018 # 1504
5019 # 1504
5019 + 88
5019 + 108
5020 # 1504
5020 - 88 1
5020 - 108 1
5021 # 1504
5022 # 1504
5022 + 88
5023 # 1504
5023 - 88 1
5024 # 1504
5024 + 88
5025 # 1504
5025 - 88 1
5026 # 1504
5027 # 1504
5027 + 88
5028 # 1504
5028 - 88 1
5029 # 1504
5030 # 1504
5030 + 88
5030 + 108
5031 # 1504
5031 - 88 1
5031 - 108 1
5032 # 1504
5032 + 88
5033 # 1504
5033 - 88 1
5034 # 1504
5035 # 1504
5036 # 1504
5036 + 88
5037 # 1504
5037 - 88 1
5038 # 1504
5039 # 1504
5039 + 88
5040 # 1504
5040 - 88 1
5041 # 1504
5041 + 88
5041 + 108
5042 # 1504
5042 - 88 1
5042 - 108 1
5043 # 1504
5044 # 1504
5045 # 1504
5045 + 88
5046 # 1504
5046 - 88 1
5047 # 1504
5047 + 88
5048 # 1504
5048 - 88 1
5049 # 1504
5050 # 1504
5050 + 88
5051 # 1504
5051 - 88 1
5052 # 1504
5052 + 88
5052 + 108
5053 # 1504
5053 - 88 1
5053 - 108 1
5054 # 1504
5054 + 88
5055 # 1504
5055 - 88 1
5056 # 1504
5057 # 1504
5057 + 88
5058 # 1504
5058 - 88 1
5059 # 1504
5060 # 1504
5060 + 88
5061 # 1504
5061 - 88 1
5062 # 1504
5063 # 1504
5063 + 88
5063 + 108
5064 # 1504
5064 - 88 1
5064 - 108 1
5065 # 1504
5066 # 1504
5066 + 88
5067 # 1504
5067 - 88 1
5068 # 1504
5068 + 88
5069 # 1504
5069 - 88 1
5070 # 1504
5070 + 88
5071 # 1504
5071 - 88 1
5072 # 1504
5073 # 1504
5073 + 88
5073 + 108
5074 # 1504
5074 - 88 1
5074 - 108 1
5075 # 1504
5075 + 88
5076 # 1504
5076 - 88 1
5077 # 1504
5078 # 1504
5078 + 88
5079 # 1504
5079 - 88 1
5080 # 1504
5081 # 1504
5081 + 88
5082 # 1504
5082 - 88 1
5083 # 1504
5083 + 88
5083 + 108
5084 # 1504
5084 - 88 1
5084 - 108 1
5085 # 1504
5086 # 1504
5087 # 1504
5087 + 88
5088 # 1504
5088 - 88 1
5089 # 1504
5089 + 88
5090 # 1504
5090 - 88 1
5091 # 1504
5092 # 1504
5092 + 88
5093 # 1504
5093 - 88 1
5094 # 1504
5095 # 1504
5095 + 88
5095 + 108
5096 # 1504
5096 - 88 1
5096 - 108 1
5097 # 1504
5098 # 1504
5098 + 88
5099 # 1504
5099 - 88 1
5100 # 1504
5101 # 1504
5102 # 1504
5102 + 88
5103 # 1504
5103 - 88 1
5104 # 1504
5104 + 88
5105 # 1504
5105 - 88 1
5106 # 1504
5106 + 88
5106 + 108
5107 # 1504
5107 - 88 1
5107 - 108 1
5108 # 1504
5108 + 88
5109 # 1504
5109 - 88 1
5110 # 1504
5111 # 1504
5111 + 88
5112 # 1504
5112 - 88 1
5113 # 1504
5114 # 1504
5114 + 88
5115 # 1504
5115 - 88 1
5116 # 1504
5116 + 88
5117 # 1504
5117 - 88 1
5118 # 1504
5119 # 1504
5119 + 88
5119 + 108
5120 # 1504
5120 - 88 1
5120 - 108 1
5121 # 1504
5121 + 88
5122 # 1504
5122 - 88 1
5123 # 1504
5124 # 1504
5124 + 88
5125 # 1504
5125 - 88 1
5126 # 1504
5126 + 88
5127 # 1504
5127 - 88 1
5128 # 1504
5129 # 1504
5130 # 1504
5130 + 88
5130 + 108
5131 # 1504
5131 - 88 1
5131 - 108 1
5132 # 1504
5133 # 1504
5134 # 1504
5134 + 88
5135 # 1504
5135 - 88 1
5136 # 1504
5136 + 88
5137 # 1504
5137 - 88 1
5138 # 1504
5139 # 1504
5139 + 88
5140 # 1504
5140 - 88 1
5141 # 1504
5142 # 1504
5143 # 1504
5143 + 88
5143 + 108
5144 # 1504
5144 - 88 1
5144 - 108 1
5145 # 1504
5146 # 1504
5146 + 88
5147 # 1504
5147 - 88 1
5148 # 1504
5149 # 1504
5149 + 88
5150 # 1504
5150 - 88 1
5151 # 1504
5152 # 1504
5153 # 1504
5153 + 88
5154 # 1504
5154 - 88 1
5155 # 1504
5156 # 1504
5156 + 88
5156 + 108
5157 # 1504
5157 - 88 1
5157 - 108 1
5158 # 1504
5159 # 1504
5159 + 88
5160 # 1504
5160 - 88 1
5161 # 1504
5162 # 1504
5162 + 88
5163 # 1504
5163 - 88 1
5164 # 1504
5164 + 88
5165 # 1504
5165 - 88 1
5166 # 1504
5167 # 1504
5167 + 88
5167 + 108
5168 # 1504
5168 - 88 1
5168 - 108 1
5169 # 1504
5170 # 1504
5170 + 88
5171 # 1504
5171 - 88 1
5172 # 1504
5172 + 88
5173 # 1504
5173 - 88 1
5174 # 1504
5174 + 88
5175 # 1504
5175 - 88 1
5176 # 1504
5177 # 1504
5177 + 88
5177 + 108
5178 # 1504
5178 - 88 1
5178 - 108 1
5179 # 1504
5180 # 1504
5180 + 88
5181 # 1504
5181 - 88 1
5182 # 1504
5182 + 88
5183 # 1504
5183 - 88 1
5184 # 1504
5184 + 88
5185 # 1504
5185 - 88 1
5186 # 1504
5187 # 1504
5188 # 1504
5188 + 88
5188 + 108
5189 # 1504
5189 - 88 1
5189 - 108 1
5190 # 1504
5191 # 1504
5191 + 88
5192 # 1504
5192 - 88 1
5193 # 1504
5194 # 1504
5194 + 88
5195 # 1504
5195 - 88 1
5196 # 1504
5197 # 1504
5198 # 1504
5198 + 88
5199 # 1504
5199 - 88 1
5200 # 1504
5201 # 1504
5201 + 88
5201 + 108
5202 # 1504
5202 - 88 1
5202 - 108 1
5203 # 1504
5204 # 1504
5205 # 1504
5206 # 1504
5206 + 88
5207 # 1504
5207 - 88 1
5208 # 1504
5208 + 88
5209 # 1504
5209 - 88 1
5210 # 1504
5211 # 1504
5211 + 88
5212 # 1504
5212 - 88 1
5213 # 1504
5214 # 1504
5215 # 1504
5216 # 1504
5216 + 88
5216 + 108
5217 # 1504
5217 - 88 1
5217 - 108 1
5218 # 1504
5218 + 88
5219 # 1504
5219 - 88 1
5220 # 1504
5221 # 1504
5221 + 88
5222 # 1504
5222 - 88 1
5223 # 1504
5223 + 88
5224 # 1504
5224 - 88 1
5225 # 1504
5226 # 1504
5226 + 88
5227 # 1504
5227 - 88 1
5228 # 1504
5229 # 1504
5229 + 88
5229 + 108
5230 # 1504
5230 - 88 1
5230 - 108 1
5231 # 1504
5231 + 88
5232 # 1504
5232 - 88 1
5233 # 1504
5234 # 1504
5235 # 1504
5235 + 88
5236 # 1504
5236 - 88 1
5237 # 1504
5237 + 88
5238 # 1504
5238 - 88 1
5239 # 1504
5240 # 1504
5240 + 88
5240 + 108
5241 # 1504
5241 - 88 1
5241 - 108 1
5242 # 1504
5243 # 1504
5244 # 1504
5244 + 88
5245 # 1504
5245 - 88 1
5246 # 1504
5246 + 88
5247 # 1504
5247 - 88 1
5248 # 1504
5249 # 1504
5249 + 88
5250 # 1504
5250 - 88 1
5251 # 1504
5251 + 88
5251 + 108
5252 # 1504
5252 - 88 1
5252 - 108 1
5253 # 1504
5253 + 88
5254 # 1504
5254 - 88 1
5255 # 1504
5256 # 1504
5256 + 88
5257 # 1504
5257 - 88 1
5258 # 1504
5259 # 1504
5259 + 88
5260 # 1504
5260 - 88 1
5261 # 1504
5261 + 88
5262 # 1504
5262 - 88 1
5263 # 1504
5264 # 1504
5264 + 88
5264 + 108
5265 # 1504
5265 - 88 1
5265 - 108 1
5266 # 1504
5267 # 1504
5267 + 88
5268 # 1504
5268 - 88 1
5269 # 1504
5269 + 88
5270 # 1504
5270 - 88 1
5271 # 1504
5272 # 1504
5272 + 88
5273 # 1504
5273 - 88 1
5274 # 1504
5274 + 88
5275 # 1504
5275 - 88 1
5276 # 1504
5277 # 1504
5277 + 88
5277 + 108
5278 # 1504
5278 - 88 1
5278 - 108 1
5279 # 1504
5279 + 88
5280 # 1504
5280 - 88 1
5281 # 1504
5282 # 1504
5283 # 1504
5283 + 88
5284 # 1504
5284 - 88 1
5285 # 1504
5285 + 88
5286 # 1504
5286 - 88 1
5287 # 1504
5287 + 88
5287 + 108
5288 # 1504
5288 - 88 1
5288 - 108 1
5289 # 1504
5290 # 1504
5290 + 88
5291 # 1504
5291 - 88 1
5292 # 1504
5292 + 88
5292 + 100
5293 # 1504
5293 - 88 1
5293 - 100 1
5294 # 1504
5295 # 1504
5296 # 1504
5296 + 88
5297 # 1504
5297 - 88 1
5298 # 1504
5298 + 88
5299 # 1504
5299 - 88 1
5300 # 1504
5300 + 88
5301 # 1504
5301 - 88 1
5302 # 1504
5302 + 88
5303 # 1504
5303 - 88 1
5304 # 1504
5304 + 88
5304 + 108
5305 # 1504
5305 - 88 1
5305 - 108 1
5306 # 1504
5307 # 1504
5307 + 88
5308 # 1504
5308 - 88 1
5308 + 88
5309 # 1504
5309 - 88 1
5310 # 1504
5311 # 1504
5311 + 88
5312 # 1504
5312 - 88 1
5313 # 1504
5313 + 88
5314 # 1504
5314 - 88 1
5315 # 1504
5315 + 88
5315 + 108
5316 # 1504
5316 - 88 1
5316 - 108 1
5317 # 1504
5317 + 88
5318 # 1504
5318 - 88 1
5319 # 1504
5320 # 1504
5320 + 88
5321 # 1504
5321 - 88 1
5322 # 1504
5322 + 88
5323 # 1504
5323 - 88 1
5324 # 1504
5324 + 88
5325 # 1504
5325 - 88 1
5326 # 1504
5327 # 1504
5327 + 88
5327 + 108
5328 # 1504
5328 - 88 1
5328 - 108 1
5329 # 1504
5329 + 88
5330 # 1504
5330 - 88 1
5331 # 1504
5331 + 88
5332 # 1504
5332 - 88 1
5333 # 1504
5334 # 1504
5334 + 88
5335 # 1504
5335 - 88 1
5336 # 1504
5336 + 88
5337 # 1504
5337 - 88 1
5338 # 1504
5338 + 88
5338 + 108
5339 # 1504
5339 - 88 1
5339 - 108 1
5340 # 1504
5340 + 88
5341 # 1504
5341 - 88 1
5342 # 1504
5343 # 1504
5343 + 88
5344 # 1504
5344 - 88 1
5345 # 1504
5345 + 88
5346 # 1504
5346 - 88 1
5347 # 1504
5348 # 1504
5348 + 88
5349 # 1504
5349 - 88 1
5349 + 88
5349 + 108
5350 # 1504
5350 - 88 1
5350 - 108 1
5350 + 88
5351 # 1504
5351 - 88 1
5352 # 1504
5353 # 1504
5353 + 88
5354 # 1504
5354 - 88 1
5355 # 1504
5355 + 88
5356 # 1504
5356 - 88 1
5357 # 1504
5358 # 1504
5358 + 88
5359 # 1504
5359 - 88 1
5359 + 88
5359 + 108
5360 # 1504
5360 - 88 1
5360 - 108 1
5361 # 1504
5361 + 88
5362 # 1504
5362 - 88 1
5363 # 1504
5364 # 1504
5364 + 88
5365 # 1504
5365 - 88 1
5366 # 1504
5366 + 88
5367 # 1504
5367 - 88 1
5367 + 88
5368 # 1504
5368 - 88 1
5369 # 1504
5370 # 1504
5370 + 88
5370 + 108
5371 # 1504
5371 - 88 1
5371 - 108 1
5371 + 88
5372 # 1504
5372 - 88 1
5373 # 1504
5374 # 1504
5374 + 88
5375 # 1504
5375 - 88 1
5376 # 1504
5376 + 88
5377 # 1504
5377 - 88 1
5378 # 1504
5378 + 88
5379 # 1504
5379 - 88 1
5380 # 1504
5381 # 1504
5381 + 88
5381 + 108
5382 # 1504
5382 - 88 1
5382 - 108 1
5383 # 1504
5384 # 1504
5384 + 88
5385 # 1504
5385 - 88 1
5385 + 88
5386 # 1504
5386 - 88 1
5387 # 1504
5388 # 1504
5388 + 88
5389 # 1504
5389 - 88 1
5390 # 1504
5390 + 88
5391 # 1504
5391 - 88 1
5392 # 1504
5392 + 88
5392 + 108
5393 # 1504
5393 - 88 1
5393 - 108 1
5394 # 1504
5394 + 88
5395 # 1504
5395 - 88 1
5396 # 1504
5397 # 1504
5397 + 88
5398 # 1504
5398 - 88 1
5398 + 88
5399 # 1504
5399 - 88 1
5399 + 88
5400 # 1504
5400 - 88 1
5401 # 1504
5402 # 1504
5402 + 88
5403 # 1504
5403 - 88 1
5404 # 1504
5404 + 88
5404 + 108
5405 # 1504
5405 - 88 1
5405 - 108 1
5406 # 1504
5406 + 88
5407 # 1504
5407 - 88 1
5408 # 1504
5408 + 88
5409 # 1504
5409 - 88 1
5410 # 1504
5411 # 1504
5411 + 88
5412 # 1504
5412 - 88 1
5413 # 1504
5413 + 88
5414 # 1504
5414 - 88 1
5415 # 1504
5416 # 1504
5416 + 88
5416 + 108
5417 # 1504
5417 - 88 1
5417 - 108 1
5418 # 1504
5419 # 1504
5420 # 1504
5420 + 88
5421 # 1504
5421 - 88 1
5421 + 88
5422 # 1504
5422 - 88 1
5423 # 1504
5424 # 1504
5424 + 88
5425 # 1504
5425 - 88 1
5426 # 1504
5426 + 88
5426 + 108
5427 # 1504
5427 - 88 1
5427 - 108 1
5428 # 1504
5429 # 1504
5429 + 88
5430 # 1504
5430 - 88 1
5431 # 1504
5431 + 88
5432 # 1504
5432 - 88 1
5433 # 1504
5433 + 88
5434 # 1504
5434 - 88 1
5435 # 1504
5435 + 88
5436 # 1504
5436 - 88 1
5437 # 1504
5437 + 88
5437 + 108
5438 # 1504
5438 - 88 1
5438 - 108 1
5439 # 1504
5439 + 88
5440 # 1504
5440 - 88 1
5441 # 1504
5441 + 88
5442 # 1504
5442 - 88 1
5443 # 1504
5444 # 1504
5444 + 88
5445 # 1504
5445 - 88 1
5446 # 1504
5446 + 88
5447 # 1504
5447 - 88 1
5448 # 1504
5448 + 88
5448 + 108
5449 # 1504
5449 - 88 1
5449 - 108 1
5449 + 88
5450 # 1504
5450 - 88 1
5451 # 1504
5452 # 1504
5452 + 88
5453 # 1504
5453 - 88 1
5454 # 1504
5454 + 88
5455 # 1504
5455 - 88 1
5456 # 1504
5457 # 1504
5457 + 88
5457 + 100
5458 # 1504
5458 - 88 1
5458 - 100 1
5459 # 1504
5460 # 1504
5460 + 88
5461 # 1504
5461 - 88 1
5462 # 1504
5462 + 88
5463 # 1504
5463 - 88 1
5464 # 1504
5464 + 88
5465 # 1504
5465 - 88 1
5466 # 1504
5467 # 1504
5467 + 88
5468 # 1504
5468 - 88 1
5469 # 1504
5470 # 1504
5471 # 1504
5471 + 88
5471 + 108
5472 # 1504
5472 - 88 1
5472 - 108 1
5472 + 88
5473 # 1504
5473 - 88 1
5474 # 1504
5474 + 88
5475 # 1504
5475 - 88 1
5476 # 1504
5477 # 1504
5477 + 88
5478 # 1504
5478 - 88 1
5479 # 1504
5480 # 1504
5480 + 88
5481 # 1504
5481 - 88 1
5481 + 88
5482 # 1504
5482 - 88 1
5482 + 108
5483 # 1504
5483 - 108 1
5483 + 88
5484 # 1504
5484 - 88 1
5485 # 1504
5486 # 1504
5486 + 88
5487 # 1504
5487 - 88 1
5488 # 1504
5488 + 88
5489 # 1504
5489 - 88 1
5490 # 1504
5490 + 88
5491 # 1504
5491 - 88 1
5492 # 1504
5493 # 1504
5493 + 88
5493 + 108
5494 # 1504
5494 - 88 1
5494 - 108 1
5495 # 1504
5495 + 88
5496 # 1504
5496 - 88 1
5497 # 1504
5497 + 88
5498 # 1504
5498 - 88 1
5499 # 1504
5499 + 88
5500 # 1504
5500 - 88 1
5501 # 1504
5502 # 1504
5502 + 88
5503 # 1504
5503 - 88 1
5503 + 88
5503 + 108
5504 # 1504
5504 - 88 1
5504 - 108 1
5505 # 1504
5505 + 88
5506 # 1504
5506 - 88 1
5507 # 1504
5508 # 1504
5508 + 88
5509 # 1504
5509 - 88 1
5510 # 1504
5510 + 88
5511 # 1504
5511 - 88 1
5512 # 1504
5512 + 88
5513 # 1504
5513 - 88 1
5514 # 1504
5514 + 88
5514 + 108
5515 # 1504
5515 - 88 1
5515 - 108 1
5516 # 1504
5517 # 1504
5517 + 88
5518 # 1504
5518 - 88 1
5518 + 88
5519 # 1504
5519 - 88 1
5520 # 1504
5520 + 88
5521 # 1504
5521 - 88 1
5522 # 1504
5522 + 88
5523 # 1504
5523 - 88 1
5524 # 1504
5524 + 88
5524 + 108
5525 # 1504
5525 - 88 1
5525 - 108 1
5526 # 1504
5526 + 88
5527 # 1504
5527 - 88 1
5528 # 1504
5528 + 88
5529 # 1504
5529 - 88 1
5530 # 1504
5530 + 88
5531 # 1504
5531 - 88 1
5532 # 1504
5532 + 88
5533 # 1504
5533 - 88 1
5534 # 1504
5534 + 88
5535 # 1504
5535 - 88 1
5535 + 88
5535 + 108
5536 # 1504
5536 - 88 1
5536 - 108 1
5537 # 1504
5537 + 88
5538 # 1504
5538 - 88 1
5539 # 1504
5539 + 88
5540 # 1504
5540 - 88 1
5541 # 1504
5541 + 88
5542 # 1504
5542 - 88 1
5543 # 1504
5543 + 88
5544 # 1504
5544 - 88 1
5545 # 1504
5545 + 88
5546 # 1504
5546 - 88 1
5547 # 1504
5547 + 88
5547 + 108
5548 # 1504
5548 - 88 1
5548 - 108 1
5549 # 1504
5549 + 88
5550 # 1504
5550 - 88 1
5551 # 1504
5551 + 88
5552 # 1504
5552 - 88 1
5553 # 1504
5554 # 1504
5555 # 1504
5555 + 88
5556 # 1504
5556 - 88 1
5556 + 88
5557 # 1504
5557 - 88 1
5558 # 1504
5558 + 88
5558 + 108
5559 # 1504
5559 - 88 1
5559 - 108 1
5560 # 1504
5561 # 1504
5561 + 88
5562 # 1504
5562 - 88 1
5562 + 88
5563 # 1504
5563 - 88 1
5564 # 1504
5564 + 88
5565 # 1504
5565 - 88 1
5566 # 1504
5566 + 88
5567 # 1504
5567 - 88 1
5568 # 1504
5568 + 88
5569 # 1504
5569 - 88 1
5569 + 88
5569 + 108
5570 # 1504
5570 - 88 1
5570 - 108 1
5570 + 88
5571 # 1504
5571 - 88 1
5572 # 1504
5573 # 1504
5573 + 88
5574 # 1504
5574 - 88 1
5574 + 88
5575 # 1504
5575 - 88 1
5576 # 1504
5576 + 88
5577 # 1504
5577 - 88 1
5578 # 1504
5578 + 88
5579 # 1504
5579 - 88 1
5580 # 1504
5580 + 88
5580 + 108
5581 # 1504
5581 - 88 1
5581 - 108 1
5581 + 88
5582 # 1504
5582 - 88 1
5583 # 1504
5583 + 88
5584 # 1504
5584 - 88 1
5585 # 1504
5585 + 88
5586 # 1504
5586 - 88 1
5587 # 1504
5587 + 88
5588 # 1504
5588 - 88 1
5589 # 1504
5589 + 88
5590 # 1504
5590 - 88 1
5591 # 1504
5591 + 88
5591 + 108
5592 # 1504
5592 - 88 1
5592 - 108 1
5592 + 88
5593 # 1504
5593 - 88 1
5594 # 1504
5595 # 1504
5595 + 88
5596 # 1504
5596 - 88 1
5596 + 88
5597 # 1504
5597 - 88 1
5598 # 1504
5598 + 88
5599 # 1504
5599 - 88 1
5600 # 1504
5600 + 88
5601 # 1504
5601 - 88 1
5602 # 1504
5602 + 88
5602 + 108
5603 # 1504
5603 - 88 1
5603 - 108 1
5603 + 88
5604 # 1504
5604 - 88 1
5605 # 1504
5605 + 88
5606 # 1504
5606 - 88 1
5606 + 88
5607 # 1504
5607 - 88 1
5607 + 100
5608 # 1504
5608 - 100 1
5608 + 88
5609 # 1504
5609 - 88 1
5610 # 1504
5611 # 1504
5611 + 88
5612 # 1504
5612 - 88 1
5612 + 88
5613 # 1504
5613 - 88 1
5613 + 88
5614 # 1504
5614 - 88 1
5615 # 1504
5615 + 88
5616 # 1504
5616 - 88 1
5617 # 1504
5617 + 88
5617 + 108
5618 # 1504
5618 - 88 1
5618 - 108 1
5619 # 1504
5619 + 88
5620 # 1504
5620 - 88 1
5621 # 1504
5621 + 88
5622 # 1504
5622 - 88 1
5622 + 88
5623 # 1504
5623 - 88 1
5624 # 1504
5624 + 88
5625 # 1504
5625 - 88 1
5625 + 88
5626 # 1504
5626 - 88 1
5627 # 1504
5627 + 88
5628 # 1504
5628 - 88 1
5629 # 1504
5629 + 88
5629 + 108
5630 # 1504
5630 - 88 1
5630 - 108 1
5630 + 88
5631 # 1504
5631 - 88 1
5632 # 1504
5632 + 88
5633 # 1504
5633 - 88 1
5633 + 88
5634 # 1504
5634 - 88 1
5635 # 1504
5635 + 88
5636 # 1504
5636 - 88 1
5637 # 1504
5637 + 88
5638 # 1504
5638 - 88 1
5638 + 88
5639 # 1504
5639 - 88 1
5640 # 1504
5640 + 88
5640 + 108
5641 # 1504
5641 - 88 1
5641 - 108 1
5641 + 88
5642 # 1504
5642 - 88 1
5643 # 1504
5643 + 88
5644 # 1504
5644 - 88 1
5645 # 1504
5645 + 88
5646 # 1504
5646 - 88 1
5646 + 88
5647 # 1504
5647 - 88 1
5647 + 88
5648 # 1504
5648 - 88 1
5649 # 1504
5649 + 88
5650 # 1504
5650 - 88 1
5651 # 1504
5651 + 88
5651 + 108
5652 # 1504
5652 - 88 1
5652 - 108 1
5652 + 88
5653 # 1504
5653 - 88 1
5654 # 1504
5654 + 88
5655 # 1504
5655 - 88 1
5655 + 88
5656 # 1504
5656 - 88 1
5657 # 1504
5657 + 88
5658 # 1504
5658 - 88 1
5659 # 1504
5659 + 88
5660 # 1504
5660 - 88 1
5660 + 88
5661 # 1504
5661 - 88 1
5662 # 1504
5662 + 88
5662 + 108
5663 # 1504
5663 - 88 1
5663 - 108 1
5663 + 88
5664 # 1504
5664 - 88 1
5665 # 1504
5665 + 88
5666 # 1504
5666 - 88 1
5666 + 88
5667 # 1504
5667 - 88 1
5668 # 1504
5668 + 88
5669 # 1504
5669 - 88 1
5669 + 88
5670 # 1504
5670 - 88 1
5671 # 1504
5672 # 1504
5672 + 88
5673 # 1504
5673 - 88 1
5673 + 88
5673 + 108
5674 # 1504
5674 - 88 1
5674 - 108 1
5674 + 88
5675 # 1504
5675 - 88 1
5676 # 1504
5676 + 88
5677 # 1504
5677 - 88 1
5677 + 88
5678 # 1504
5678 - 88 1
5679 # 1504
5679 + 88
5680 # 1504
5680 - 88 1
5681 # 1504
5681 + 88
5682 # 1504
5682 - 88 1
5683 # 1504
5683 + 88
5684 # 1504
5684 - 88 1
5684 + 88
5684 + 108
5685 # 1504
5685 - 88 1
5685 - 108 1
5686 # 1504
5686 + 88
5687 # 1504
5687 - 88 1
5688 # 1504
5688 + 88
5689 # 1504
5689 - 88 1
5689 + 88
5690 # 1504
5690 - 88 1
5691 # 1504
5691 + 88
5692 # 1504
5692 - 88 1
5693 # 1504
5693 + 88
5694 # 1504
5694 - 88 1
5695 # 1504
5695 + 88
5695 + 108
5696 # 1504
5696 - 88 1
5696 - 108 1
5697 # 1504
5697 + 88
5698 # 1504
5698 - 88 1
5699 # 1504
5699 + 88
5700 # 1504
5700 - 88 1
5700 + 88
5701 # 1504
5701 - 88 1
5702 # 1504
5702 + 88
5703 # 1504
5703 - 88 1
5704 # 1504
5704 + 88
5705 # 1504
5705 - 88 1
5706 # 1504
5706 + 88
5706 + 108
5707 # 1504
5707 - 88 1
5707 - 108 1
5707 + 88
5708 # 1504
5708 - 88 1
5709 # 1504
5709 + 88
5710 # 1504
5710 - 88 1
5711 # 1504
5711 + 88
5712 # 1504
5712 - 88 1
5713 # 1504
5713 + 88
5714 # 1504
5714 - 88 1
5714 + 88
5715 # 1504
5715 - 88 1
5716 # 1504
5716 + 88
5716 + 108
5717 # 1504
5717 - 88 1
5717 - 108 1
5718 # 1504
5718 + 88
5718 + 88
5719 # 1504
5719 - 88 1
5719 - 88 1
5720 # 1504
5720 + 88
5721 # 1504
5721 - 88 1
5722 # 1504
5722 + 88
5723 # 1504
5723 - 88 1
5723 + 88
5724 # 1504
5724 - 88 1
5725 # 1504
5725 + 88
5726 # 1504
5726 - 88 1
5726 + 88
5726 + 108
5727 # 1504
5727 - 88 1
5727 - 108 1
5728 # 1504
5728 + 88
5728 + 100
5729 # 1504
5729 - 88 1
5729 - 100 1
5730 # 1504
5730 + 88
5731 # 1504
5731 - 88 1
5731 + 88
5732 # 1504
5732 - 88 1
5733 # 1504
5733 + 88
5734 # 1504
5734 - 88 1
5734 + 88
5735 # 1504
5735 - 88 1
5736 # 1504
5736 + 88
5737 # 1504
5737 - 88 1
5738 # 1504
5738 + 88
5739 # 1504
5739 - 88 1
5740 # 1504
5740 + 88
5740 + 108
5741 # 1504
5741 - 88 1
5741 - 108 1
5741 + 88
5742 # 1504
5742 - 88 1
5742 + 88
5743 # 1504
5743 - 88 1
5744 # 1504
5744 + 88
5745 # 1504
5745 - 88 1
5746 # 1504
5746 + 88
5747 # 1504
5747 - 88 1
5748 # 1504
5748 + 88
5749 # 1504
5749 - 88 1
5750 # 1504
5750 + 88
5751 # 1504
5751 - 88 1
5751 + 88
5751 + 108
5752 # 1504
5752 - 88 1
5752 - 108 1
5753 # 1504
5753 + 88
5754 # 1504
5754 - 88 1
5755 # 1504
5755 + 88
5756 # 1504
5756 - 88 1
5757 # 1504
5757 + 88
5758 # 1504
5758 - 88 1
5759 # 1504
5759 + 88
5760 # 1504
5760 - 88 1
5760 + 88
5761 # 1504
5761 - 88 1
5762 # 1504
5762 + 88
5762 + 108
5763 # 1504
5763 - 88 1
5763 - 108 1
5763 + 88
5764 # 1504
5764 - 88 1
5765 # 1504
5765 + 88
5766 # 1504
5766 - 88 1
5767 # 1504
5767 + 88
5768 # 1504
5768 - 88 1
5768 + 88
5769 # 1504
5769 - 88 1
5770 # 1504
5770 + 88
5771 # 1504
5771 - 88 1
5771 + 88
5772 # 1504
5772 - 88 1
5773 # 1504
5773 + 88
5773 + 108
5774 # 1504
5774 - 88 1
5774 - 108 1
5775 # 1504
5775 + 88
5775 + 88
5776 # 1504
5776 - 88 1
5776 - 88 1
5777 # 1504
5778 # 1504
5778 + 88
5779 # 1504
5779 - 88 1
5779 + 88
5780 # 1504
5780 - 88 1
5781 # 1504
5781 + 88
5782 # 1504
5782 - 88 1
5782 + 88
5783 # 1504
5783 - 88 1
5784 # 1504
5784 + 88
5784 + 108
5785 # 1504
5785 - 88 1
5785 - 108 1
5785 + 88
5786 # 1504
5786 - 88 1
5787 # 1504
5787 + 88
5788 # 1504
5788 - 88 1
5788 + 88
5789 # 1504
5789 - 88 1
5790 # 1504
5790 + 88
5791 # 1504
5791 - 88 1
5792 # 1504
5792 + 88
5793 # 1504
5793 - 88 1
5793 + 88
5794 # 1504
5794 - 88 1
5795 # 1504
5795 + 88
5795 + 108
5796 # 1504
5796 - 88 1
5796 - 108 1
5796 + 88
5797 # 1504
5797 - 88 1
5797 + 88
5798 # 1504
5798 - 88 1
5799 # 1504
5799 + 88
5800 # 1504
5800 - 88 1
5800 + 88
5801 # 1504
5801 - 88 1
5802 # 1504
5802 + 88
5803 # 1504
5803 - 88 1
5803 + 88
5804 # 1504
5804 - 88 1
5805 # 1504
5805 + 88
5805 + 108
5806 # 1504
5806 - 88 1
5806 - 108 1
5806 + 88
5807 # 1504
5807 - 88 1
5807 + 88
5808 # 1504
5808 - 88 1
5809 # 1504
5809 + 88
5810 # 1504
5810 - 88 1
5811 # 1504
5811 + 88
5812 # 1504
5812 - 88 1
5812 + 88
5813 # 1504
5813 - 88 1
5814 # 1504
5814 + 88
5815 # 1504
5815 - 88 1
5816 # 1504
5816 + 88
5816 + 108
5817 # 1504
5817 - 88 1
5817 - 108 1
5817 + 88
5818 # 1504
5818 - 88 1
5819 # 1504
5819 + 88
5820 # 1504
5820 - 88 1
5820 + 88
5821 # 1504
5821 - 88 1
5822 # 1504
5822 + 88
5823 # 1504
5823 - 88 1
5824 # 1504
5824 + 88
5825 # 1504
5825 - 88 1
5825 + 88
5826 # 1504
5826 - 88 1
5827 # 1504
5827 + 88
5827 + 108
5828 # 1504
5828 - 88 1
5828 - 108 1
5828 + 88
5829 # 1504
5829 - 88 1
5830 # 1504
5830 + 88
5831 # 1504
5831 - 88 1
5832 # 1504
5832 + 88
5833 # 1504
5833 - 88 1
5833 + 88
5834 # 1504
5834 - 88 1
5835 # 1504
5835 + 88
5836 # 1504
5836 - 88 1
5836 + 88
5837 # 1504
5837 - 88 1
5838 # 1504
5838 + 88
5838 + 108
5839 # 1504
5839 - 88 1
5839 - 108 1
5840 # 1504
5840 + 88
5841 # 1504
5841 - 88 1
5842 # 1504
5842 + 88
5843 # 1504
5843 - 88 1
5843 + 88
5844 # 1504
5844 - 88 1
5844 + 88
5845 # 1504
5845 - 88 1
5846 # 1504
5846 + 88
5846 + 100
5847 # 1504
5847 - 88 1
5847 - 100 1
5847 + 88
5848 # 1504
5848 - 88 1
5849 # 1504
5849 + 88
5850 # 1504
5850 - 88 1
5851 # 1504
5851 + 88
5852 # 1504
5852 - 88 1
5852 + 88
5853 # 1504
5853 - 88 1
5854 # 1504
5854 + 88
5855 # 1504
5855 - 88 1
5856 # 1504
5856 + 88
5857 # 1504
5857 - 88 1
5857 + 88
5857 + 108
5858 # 1504
5858 - 88 1
5858 - 108 1
5858 + 88
5859 # 1504
5859 - 88 1
5860 # 1504
5861 # 1504
5861 + 88
5862 # 1504
5862 - 88 1
5863 # 1504
5863 + 88
5864 # 1504
5864 - 88 1
5864 + 88
5865 # 1504
5865 - 88 1
5866 # 1504
5866 + 88
5867 # 1504
5867 - 88 1
5868 # 1504
5868 + 88
5868 + 108
5869 # 1504
5869 - 88 1
5869 - 108 1
5869 + 88
5870 # 1504
5870 - 88 1
5871 # 1504
5872 # 1504
5872 + 88
5873 # 1504
5873 - 88 1
5873 + 88
5874 # 1504
5874 - 88 1
5874 + 88
5875 # 1504
5875 - 88 1
5876 # 1504
5876 + 88
5877 # 1504
5877 - 88 1
5878 # 1504
5878 + 88
5879 # 1504
5879 - 88 1
5879 + 88
5880 # 1504
5880 - 88 1
5880 + 108
5881 # 1504
5881 - 108 1
5881 + 88
5882 # 1504
5882 - 88 1
5882 + 88
5883 # 1504
5883 - 88 1
5884 # 1504
5884 + 88
5885 # 1504
5885 - 88 1
5885 + 88
5886 # 1504
5886 - 88 1
5887 # 1504
5887 + 88
5888 # 1504
5888 - 88 1
5888 + 88
5889 # 1504
5889 - 88 1
5890 # 1504
5891 # 1504
5891 + 88
5891 + 108
5892 # 1504
5892 - 88 1
5892 - 108 1
5892 + 88
5893 # 1504
5893 - 88 1
5894 # 1504
5894 + 88
5895 # 1504
5895 - 88 1
5895 + 88
5896 # 1504
5896 - 88 1
5897 # 1504
5897 + 88
5898 # 1504
5898 - 88 1
5899 # 1504
5899 + 88
5900 # 1504
5900 - 88 1
5901 # 1504
5901 + 88
5901 + 108
5902 # 1504
5902 - 88 1
5902 - 108 1
5902 + 88
5903 # 1504
5903 - 88 1
5904 # 1504
5904 + 88
5905 # 1504
5905 - 88 1
5906 # 1504
5906 + 88
5907 # 1504
5907 - 88 1
5908 # 1504
5908 + 88
5909 # 1504
5909 - 88 1
5909 + 88
5910 # 1504
5910 - 88 1
5911 # 1504
5911 + 88
5912 # 1504
5912 - 88 1
5913 # 1504
5913 + 88
5913 + 108
5914 # 1504
5914 - 88 1
5914 - 108 1
5914 + 88
5915 # 1504
5915 - 88 1
5916 # 1504
5916 + 88
5917 # 1504
5917 - 88 1
5918 # 1504
5918 + 88
5919 # 1504
5919 - 88 1
5919 + 88
5920 # 1504
5920 - 88 1
5921 # 1504
5921 + 88
5922 # 1504
5922 - 88 1
5922 + 88
5923 # 1504
5923 - 88 1
5924 # 1504
5924 + 88
5924 + 108
5925 # 1504
5925 - 88 1
5925 - 108 1
5925 + 88
5926 # 1504
5926 - 88 1
5927 # 1504
5927 + 88
5928 # 1504
5928 - 88 1
5929 # 1504
5929 + 88
5930 # 1504
5930 - 88 1
5930 + 88
5931 # 1504
5931 - 88 1
5932 # 1504
5932 + 88
5933 # 1504
5933 - 88 1
5933 + 88
5934 # 1504
5934 - 88 1
5935 # 1504
5935 + 88
5935 + 108
5936 # 1504
5936 - 88 1
5936 - 108 1
5936 + 88
5937 # 1504
5937 - 88 1
5938 # 1504
5938 + 88
5939 # 1504
5939 - 88 1
5939 + 88
5940 # 1504
5940 - 88 1
5941 # 1504
5941 + 88
5942 # 1504
5942 - 88 1
5943 # 1504
5943 + 88
5944 # 1504
5944 - 88 1
5945 # 1504
5945 + 88
5945 + 108
5946 # 1504
5946 - 88 1
5946 - 108 1
5947 # 1504
5947 + 88
5948 # 1504
5948 - 88 1
5949 # 1504
5949 + 88
5950 # 1504
5950 - 88 1
5950 + 88
5951 # 1504
5951 - 88 1
5952 # 1504
5952 + 88
5953 # 1504
5953 - 88 1
5954 # 1504
5954 + 88
5955 # 1504
5955 - 88 1
5956 # 1504
5956 + 88
5956 + 108
5957 # 1504
5957 - 88 1
5957 - 108 1
5957 + 88
5958 # 1504
5958 - 88 1
5959 # 1504
5959 + 88
5960 # 1504
5960 - 88 1
5960 + 88
5961 # 1504
5961 - 88 1
5962 # 1504
5962 + 88
5963 # 1504
5963 - 88 1
5963 + 88
5964 # 1504
5964 - 88 1
5965 # 1504
5965 + 88
5966 # 1504
5966 - 88 1
5966 + 88
5966 + 108
5967 # 1504
5967 - 88 1
5967 - 108 1
5968 # 1504
5968 + 88
5968 + 100
5969 # 1504
5969 - 88 1
5969 - 100 1
5970 # 1504
5970 + 88
5971 # 1504
5971 - 88 1
5971 + 88
5972 # 1504
5972 - 88 1
5973 # 1504
5973 + 88
5974 # 1504
5974 - 88 1
5974 + 88
5975 # 1504
5975 - 88 1
5976 # 1504
5976 + 88
5977 # 1504
5977 - 88 1
5978 # 1504
5978 + 88
5979 # 1504
5979 - 88 1
5979 + 88
5979 + 108
5980 # 1504
5980 - 88 1
5980 - 108 1
5981 # 1504
5981 + 88
5982 # 1504
5982 - 88 1
5983 # 1504
5983 + 88
5984 # 1504
5984 - 88 1
5984 + 88
5985 # 1504
5985 - 88 1
5986 # 1504
5986 + 88
5987 # 1504
5987 - 88 1
5987 + 88
5988 # 1504
5988 - 88 1
5989 # 1504
5989 + 88
5990 # 1504
5990 - 88 1
5990 + 88
5990 + 108
5991 # 1504
5991 - 88 1
5991 - 108 1
5992 # 1504
5992 + 88
5993 # 1504
5993 - 88 1
5993 + 88
5994 # 1504
5994 - 88 1
5995 # 1504
5995 + 88
5996 # 1504
5996 - 88 1
5996 + 88
5997 # 1504
5997 - 88 1
5997 + 88
5998 # 1504
5998 - 88 1
5999 # 1504
5999 + 88
6000 # 1504
6000 - 88 1
6001 # 1504
6001 + 88
6001 + 108
6002 # 1504
6002 - 88 1
6002 - 108 1
6002 + 88
6003 # 1504
6003 - 88 1
6004 # 1504
6004 + 88
6005 # 1504
6005 - 88 1
6005 + 88
6006 # 1504
6006 - 88 1
6006 + 88
6007 # 1504
6007 - 88 1
6008 # 1504
6008 + 88
6009 # 1504
6009 - 88 1
6010 # 1504
6010 + 88
6011 # 1504
6011 - 88 1
6012 # 1504
6012 + 88
6012 + 108
6013 # 1504
6013 - 88 1
6013 - 108 1
6013 + 88
6014 # 1504
6014 - 88 1
6015 # 1504
6015 + 88
6016 # 1504
6016 - 88 1
6016 + 88
6017 # 1504
6017 - 88 1
6018 # 1504
6018 + 88
6019 # 1504
6019 - 88 1
6020 # 1504
6020 + 88
6021 # 1504
6021 - 88 1
6021 + 88
6022 # 1504
6022 - 88 1
6023 # 1504
6023 + 88
6023 + 108
6024 # 1504
6024 - 88 1
6024 - 108 1
6025 # 1504
6025 + 88
6026 # 1504
6026 - 88 1
6027 # 1504
6027 + 88
6028 # 1504
6028 - 88 1
6029 # 1504
6029 + 88
6030 # 1504
6030 - 88 1
6031 # 1504
6031 + 88
6032 # 1504
6032 - 88 1
6032 + 88
6033 # 1504
6033 - 88 1
6034 # 1504
6034 + 88
6034 + 108
6035 # 1504
6035 - 88 1
6035 - 108 1
6035 + 88
6036 # 1504
6036 - 88 1
6037 # 1504
6037 + 88
6038 # 1504
6038 - 88 1
6039 # 1504
6039 + 88
6040 # 1504
6040 - 88 1
6040 + 88
6041 # 1504
6041 - 88 1
6042 # 1504
6042 + 88
6043 # 1504
6043 - 88 1
6043 + 88
6044 # 1504
6044 - 88 1
6045 # 1504
6045 + 88
6045 + 108
6046 # 1504
6046 - 88 1
6046 - 108 1
6046 + 88
6047 # 1504
6047 - 88 1
6048 # 1504
6048 + 88
6049 # 1504
6049 - 88 1
6049 + 88
6050 # 1504
6050 - 88 1
6051 # 1504
6052 # 1504
6052 + 88
6053 # 1504
6053 - 88 1
6053 + 88
6054 # 1504
6054 - 88 1
6055 # 1504
6055 + 88
6055 + 108
6056 # 1504
6056 - 88 1
6056 - 108 1
6056 + 88
6057 # 1504
6057 - 88 1
6058 # 1504
6059 # 1504
6059 + 88
6060 # 1504
6060 - 88 1
6060 + 88
6061 # 1504
6061 - 88 1
6062 # 1504
6062 + 88
6063 # 1504
6063 - 88 1
6064 # 1504
6064 + 88
6065 # 1504
6065 - 88 1
6065 + 88
6065 + 108
6066 # 1504
6066 - 88 1
6066 - 108 1
6067 # 1504
6067 + 88
6068 # 1504
6068 - 88 1
6069 # 1504
6069 + 88
6070 # 1504
6070 - 88 1
6070 + 88
6071 # 1504
6071 - 88 1
6072 # 1504
6072 + 88
6073 # 1504
6073 - 88 1
6074 # 1504
6074 + 88
6075 # 1504
6075 - 88 1
6075 + 88
6076 # 1504
6076 - 88 1
6076 + 88
6076 + 108
6077 # 1504
6077 - 88 1
6077 - 108 1
6078 # 1504
6078 + 88
6079 # 1504
6079 - 88 1
6080 # 1504
6080 + 88
6081 # 1504
6081 - 88 1
6081 + 88
6082 # 1504
6082 - 88 1
6082 + 88
6083 # 1504
6083 - 88 1
6084 # 1504
6084 + 88
6085 # 1504
6085 - 88 1
6086 # 1504
6086 + 88
6087 # 1504
6087 - 88 1
6087 + 88
6087 + 108
6088 # 1504
6088 - 88 1
6088 - 108 1
6089 # 1504
6089 + 88
6090 # 1504
6090 - 88 1
6091 # 1504
6091 + 88
6092 # 1504
6092 - 88 1
6093 # 1504
6093 + 88
6094 # 1504
6094 - 88 1
6094 + 88
6095 # 1504
6095 - 88 1
6096 # 1504
6096 + 88
6097 # 1504
6097 - 88 1
6098 # 1504
6098 + 88
6098 + 108
6099 # 1504
6099 - 88 1
6099 - 108 1
6099 + 88
6100 # 1504
6100 - 88 1
6101 # 1504
6101 + 88
6102 # 1504
6102 - 88 1
6103 # 1504
6104 # 1504
6104 + 88
6105 # 1504
6105 - 88 1
6105 + 88
6106 # 1504
6106 - 88 1
6107 # 1504
6107 + 88
6108 # 1504
6108 - 88 1
6109 # 1504
6109 + 88
6109 + 108
6110 # 1504
6110 - 88 1
6110 - 108 1
6111 # 1504
6111 + 88
6112 # 1504
6112 - 88 1
6113 # 1504
6113 + 88
6114 # 1504
6114 - 88 1
6115 # 1504
6115 + 88
6116 # 1504
6116 - 88 1
6117 # 1504
6117 + 88
6118 # 1504
6118 - 88 1
6119 # 1504
6119 + 88
6120 # 1504
6120 - 88 1
6121 # 1504
6121 + 88
6121 + 108
6122 # 1504
6122 - 88 1
6122 - 108 1
6122 + 88
6123 # 1504
6123 - 88 1
6124 # 1504
6124 + 88
6125 # 1504
6125 - 88 1
6126 # 1504
6126 + 88
6127 # 1504
6127 - 88 1
6128 # 1504
6128 + 88
6129 # 1504
6129 - 88 1
6130 # 1504
6130 + 88
6131 # 1504
6131 - 88 1
6131 + 88
6132 # 1504
6132 - 88 1
6133 # 1504
6133 + 88
6133 + 108
6134 # 1504
6134 - 88 1
6134 - 108 1
6134 + 88
6135 # 1504
6135 - 88 1
6136 # 1504
6136 + 88
6137 # 1504
6137 - 88 1
6138 # 1504
6138 + 88
6139 # 1504
6139 - 88 1
6139 + 88
6140 # 1504
6140 - 88 1
6141 # 1504
6141 + 88
6142 # 1504
6142 - 88 1
6142 + 88
6143 # 1504
6143 - 88 1
6144 # 1504
6144 + 88
6144 + 108
6145 # 1504
6145 - 88 1
6145 - 108 1
6145 + 88
6146 # 1504
6146 - 88 1
6147 # 1504
6147 + 88
6148 # 1504
6148 - 88 1
6149 # 1504
6149 + 88
6150 # 1504
6150 - 88 1
6151 # 1504
6151 + 88
6152 # 1504
6152 - 88 1
6153 # 1504
6153 + 88
6154 # 1504
6154 - 88 1
6154 + 88
6155 # 1504
6155 - 88 1
6155 + 88
6155 + 108
6156 # 1504
6156 - 88 1
6156 - 108 1
6157 # 1504
6157 + 88
6158 # 1504
6158 - 88 1
6159 # 1504
6159 + 88
6160 # 1504
6160 - 88 1
6160 + 88
6161 # 1504
6161 - 88 1
6162 # 1504
6162 + 88
6163 # 1504
6163 - 88 1
6163 + 88
6164 # 1504
6164 - 88 1
6165 # 1504
6165 + 88
6166 # 1504
6166 - 88 1
6166 + 88
6166 + 108
6167 # 1504
6167 - 88 1
6167 - 108 1
6168 # 1504
6168 + 88
6169 # 1504
6169 - 88 1
6170 # 1504
6170 + 88
6171 # 1504
6171 - 88 1
6172 # 1504
6172 + 88
6173 # 1504
6173 - 88 1
6173 + 88
6174 # 1504
6174 - 88 1
6175 # 1504
6175 + 88
6176 # 1504
6176 - 88 1
6177 # 1504
6177 + 88
6177 + 108
6178 # 1504
6178 - 88 1
6178 - 108 1
6178 + 88
6179 # 1504
6179 - 88 1
6180 # 1504
6180 + 88
6181 # 1504
6181 - 88 1
6182 # 1504
6182 + 88
6183 # 1504
6183 - 88 1
6184 # 1504
6184 + 88
6185 # 1504
6185 - 88 1
6185 + 88
6186 # 1504
6186 - 88 1
6187 # 1504
6187 + 88
6187 + 108
6188 # 1504
6188 - 88 1
6188 - 108 1
6189 # 1504
6189 + 88
6190 # 1504
6190 - 88 1
6191 # 1504
6191 + 88
6192 # 1504
6192 - 88 1
6193 # 1504
6193 + 88
6194 # 1504
6194 - 88 1
6194 + 88
6195 # 1504
6195 - 88 1
6196 # 1504
6196 + 88
6197 # 1504
6197 - 88 1
6198 # 1504
6198 + 88
6198 + 108
6199 # 1504
6199 - 88 1
6199 - 108 1
6199 + 88
6200 # 1504
6200 - 88 1
6201 # 1504
6202 # 1504
6202 + 88
6203 # 1504
6203 - 88 1
6203 + 88
6204 # 1504
6204 - 88 1
6204 + 88
6205 # 1504
6205 - 88 1
6206 # 1504
6207 # 1504
6207 + 88
6208 # 1504
6208 - 88 1
6208 + 88
6209 # 1504
6209 - 88 1
6209 + 88
6209 + 108
6210 # 1504
6210 - 88 1
6210 - 108 1
6211 # 1504
6211 + 88
6212 # 1504
6212 - 88 1
6213 # 1504
6213 + 88
6214 # 1504
6214 - 88 1
6214 + 88
6214 + 100
6215 # 1504
6215 - 88 1
6215 - 100 1
6216 # 1504
6216 + 88
6217 # 1504
6217 - 88 1
6217 + 88
6218 # 1504
6218 - 88 1
6219 # 1504
6219 + 88
6220 # 1504
6220 - 88 1
6220 + 88
6221 # 1504
6221 - 88 1
6222 # 1504
6222 + 88
6223 # 1504
6223 - 88 1
6223 + 88
6224 # 1504
6224 - 88 1
6225 # 1504
6225 + 88
6225 + 108
6226 # 1504
6226 - 88 1
6226 - 108 1
6227 # 1504
6227 + 88
6228 # 1504
6228 - 88 1
6229 # 1504
6229 + 88
6230 # 1504
6230 - 88 1
6230 + 88
6231 # 1504
6231 - 88 1
6232 # 1504
6232 + 88
6233 # 1504
6233 - 88 1
6234 # 1504
6235 # 1504
6235 + 88
6236 # 1504
6236 - 88 1
6236 + 88
6236 + 108
6237 # 1504
6237 - 88 1
6237 - 108 1
6237 + 88
6238 # 1504
6238 - 88 1
6239 # 1504
6239 + 88
6240 # 1504
6240 - 88 1
6241 # 1504
6241 + 88
6242 # 1504
6242 - 88 1
6242 + 88
6243 # 1504
6243 - 88 1
6244 # 1504
6244 + 88
6245 # 1504
6245 - 88 1
6246 # 1504
6246 + 88
6247 # 1504
6247 - 88 1
6247 + 88
6247 + 108
6248 # 1504
6248 - 88 1
6248 - 108 1
6249 # 1504
6249 + 88
6250 # 1504
6250 - 88 1
6251 # 1504
6251 + 88
6252 # 1504
6252 - 88 1
6253 # 1504
6253 + 88
6254 # 1504
6254 - 88 1
6254 + 88
6255 # 1504
6255 - 88 1
6256 # 1504
6256 + 88
6257 # 1504
6257 - 88 1
6258 # 1504
6258 + 88
6258 + 108
6259 # 1504
6259 - 88 1
6259 - 108 1
6259 + 88
6260 # 1504
6260 - 88 1
6261 # 1504
6262 # 1504
6262 + 88
6263 # 1504
6263 - 88 1
6263 + 88
6264 # 1504
6264 - 88 1
6265 # 1504
6266 # 1504
6266 + 88
6267 # 1504
6267 - 88 1
6267 + 88
6268 # 1504
6268 - 88 1
6269 # 1504
6270 # 1504
6270 + 88
6270 + 108
6271 # 1504
6271 - 88 1
6271 - 108 1
6271 + 88
6272 # 1504
6272 - 88 1
6273 # 1504
6273 + 88
6274 # 1504
6274 - 88 1
6275 # 1504
6275 + 88
6276 # 1504
6276 - 88 1
6277 # 1504
6277 + 88
6278 # 1504
6278 - 88 1
6278 + 88
6279 # 1504
6279 - 88 1
6280 # 1504
6280 + 88
6281 # 1504
6281 - 88 1
6281 + 88
6281 + 108
6282 # 1504
6282 - 88 1
6282 - 108 1
6283 # 1504
6283 + 88
6284 # 1504
6284 - 88 1
6285 # 1504
6285 + 88
6286 # 1504
6286 - 88 1
6286 + 88
6287 # 1504
6287 - 88 1
6288 # 1504
6288 + 88
6289 # 1504
6289 - 88 1
6290 # 1504
6290 + 88
6291 # 1504
6291 - 88 1
6292 # 1504
6292 + 88
6292 + 108
6293 # 1504
6293 - 88 1
6293 - 108 1
6293 + 88
6294 # 1504
6294 - 88 1
6295 # 1504
6296 # 1504
6296 + 88
6297 # 1504
6297 - 88 1
6297 + 88
6298 # 1504
6298 - 88 1
6299 # 1504
6300 # 1504
6300 + 88
6301 # 1504
6301 - 88 1
6301 + 88
6302 # 1504
6302 - 88 1
6303 # 1504
6304 # 1504
6304 + 88
6304 + 108
6305 # 1504
6305 - 88 1
6305 - 108 1
6305 + 88
6306 # 1504
6306 - 88 1
6307 # 1504
6307 + 88
6308 # 1504
6308 - 88 1
6309 # 1504
6309 + 88
6310 # 1504
6310 - 88 1
6311 # 1504
6311 + 88
6312 # 1504
6312 - 88 1
6313 # 1504
6313 + 88
6314 # 1504
6314 - 88 1
6314 + 88
6314 + 108
6315 # 1504
6315 - 88 1
6315 - 108 1
6316 # 1504
6316 + 88
6317 # 1504
6317 - 88 1
6318 # 1504
6318 + 88
6319 # 1504
6319 - 88 1
6320 # 1504
6320 + 88
6321 # 1504
6321 - 88 1
6321 + 88
6322 # 1504
6322 - 88 1
6323 # 1504
6324 # 1504
6324 + 88
6325 # 1504
6325 - 88 1
6325 + 88
6325 + 108
6326 # 1504
6326 - 88 1
6326 - 108 1
6326 + 88
6327 # 1504
6327 - 88 1
6328 # 1504
6329 # 1504
6329 + 88
6330 # 1504
6330 - 88 1
6330 + 88
6331 # 1504
6331 - 88 1
6332 # 1504
6332 + 88
6333 # 1504
6333 - 88 1
6334 # 1504
6334 + 88
6335 # 1504
6335 - 88 1
6335 + 88
6335 + 108
6336 # 1504
6336 - 88 1
6336 - 108 1
6337 # 1504
6337 + 88
6338 # 1504
6338 - 88 1
6338 + 88
6339 # 1504
6339 - 88 1
6340 # 1504
6340 + 88
6341 # 1504
6341 - 88 1
6342 # 1504
6342 + 88
6343 # 1504
6343 - 88 1
6343 + 88
6343 + 100
6344 # 1504
6344 - 88 1
6344 - 100 1
6345 # 1504
6345 + 88
6346 # 1504
6346 - 88 1
6347 # 1504
6347 + 88
6348 # 1504
6348 - 88 1
6349 # 1504
6349 + 88
6350 # 1504
6350 - 88 1
6351 # 1504
6351 + 88
6352 # 1504
6352 - 88 1
6353 # 1504
6353 + 88
6354 # 1504
6354 - 88 1
6354 + 108
6355 # 1504
6355 - 108 1
6356 # 1504
6356 + 88
6356 + 88
6357 # 1504
6357 - 88 1
6357 - 88 1
6358 # 1504
6359 # 1504
6359 + 88
6360 # 1504
6360 - 88 1
6360 + 88
6361 # 1504
6361 - 88 1
6362 # 1504
6363 # 1504
6363 + 88
6364 # 1504
6364 - 88 1
6364 + 88
6364 + 108
6365 # 1504
6365 - 88 1
6365 - 108 1
6366 # 1504
6366 + 88
6367 # 1504
6367 - 88 1
6368 # 1504
6368 + 88
6369 # 1504
6369 - 88 1
6370 # 1504
6370 + 88
6371 # 1504
6371 - 88 1
6371 + 88
6372 # 1504
6372 - 88 1
6373 # 1504
6373 + 88
6374 # 1504
6374 - 88 1
6374 + 88
6374 + 108
6375 # 1504
6375 - 88 1
6375 - 108 1
6376 # 1504
6376 + 88
6377 # 1504
6377 - 88 1
6378 # 1504
6378 + 88
6379 # 1504
6379 - 88 1
6379 + 88
6380 # 1504
6380 - 88 1
6380 + 88
6381 # 1504
6381 - 88 1
6382 # 1504
6382 + 88
6383 # 1504
6383 - 88 1
6384 # 1504
6384 + 88
6385 # 1504
6385 - 88 1
6385 + 88
6385 + 108
6386 # 1504
6386 - 88 1
6386 - 108 1
6387 # 1504
6387 + 88
6388 # 1504
6388 - 88 1
6389 # 1504
6390 # 1504
6390 + 88
6390 + 88
6391 # 1504
6391 - 88 1
6391 - 88 1
6391 + 88
6392 # 1504
6392 - 88 1
6393 # 1504
6393 + 88
6394 # 1504
6394 - 88 1
6395 # 1504
6395 + 88
6396 # 1504
6396 - 88 1
6396 + 88
6396 + 108
6397 # 1504
6397 - 88 1
6397 - 108 1
6398 # 1504
6399 # 1504
6399 + 88
6399 + 88
6400 # 1504
6400 - 88 1
6400 - 88 1
6401 # 1504
6402 # 1504
6402 + 88
6403 # 1504
6403 - 88 1
6403 + 88
6404 # 1504
6404 - 88 1
6405 # 1504
6405 + 88
6406 # 1504
6406 - 88 1
6406 + 88
6407 # 1504
6407 - 88 1
6408 # 1504
6409 # 1504
6409 + 88
6409 + 108
6410 # 1504
6410 - 88 1
6410 - 108 1
6411 # 1504
6411 + 88
6412 # 1504
6412 - 88 1
6412 + 88
6413 # 1504
6413 - 88 1
6414 # 1504
6414 + 88
6415 # 1504
6415 - 88 1
6415 + 88
6416 # 1504
6416 - 88 1
6417 # 1504
6417 + 88
6418 # 1504
6418 - 88 1
6419 # 1504
6419 + 88
6419 + 108
6420 # 1504
6420 - 88 1
6420 - 108 1
6420 + 88
6421 # 1504
6421 - 88 1
6422 # 1504
6423 # 1504
6423 + 88
6424 # 1504
6424 - 88 1
6424 + 88
6425 # 1504
6425 - 88 1
6426 # 1504
6427 # 1504
6427 + 88
6428 # 1504
6428 - 88 1
6428 + 88
6429 # 1504
6429 - 88 1
6430 # 1504
6430 + 88
6430 + 108
6431 # 1504
6431 - 88 1
6431 - 108 1
6432 # 1504
6432 + 88
6433 # 1504
6433 - 88 1
6434 # 1504
6434 + 88
6435 # 1504
6435 - 88 1
6435 + 88
6436 # 1504
6436 - 88 1
6437 # 1504
6437 + 88
6438 # 1504
6438 - 88 1
6439 # 1504
6439 + 88
6440 # 1504
6440 - 88 1
6441 # 1504
6441 + 88
6441 + 108
6442 # 1504
6442 - 88 1
6442 - 108 1
6443 # 1504
6443 + 88
6444 # 1504
6444 - 88 1
6445 # 1504
6445 + 88
6446 # 1504
6446 - 88 1
6447 # 1504
6448 # 1504
6448 + 88
6449 # 1504
6449 - 88 1
6449 + 88
6450 # 1504
6450 - 88 1
6451 # 1504
6451 + 88
6452 # 1504
6452 - 88 1
6452 + 88
6452 + 108
6453 # 1504
6453 - 88 1
6453 - 108 1
6454 # 1504
6454 + 88
6455 # 1504
6455 - 88 1
6455 + 88
6456 # 1504
6456 - 88 1
6457 # 1504
6457 + 88
6458 # 1504
6458 - 88 1
6459 # 1504
6459 + 88
6460 # 1504
6460 - 88 1
6461 # 1504
6461 + 88
6462 # 1504
6462 - 88 1
6462 + 88
6463 # 1504
6463 - 88 1
6464 # 1504
6464 + 88
6464 + 108
6465 # 1504
6465 - 88 1
6465 - 108 1
6465 + 88
6466 # 1504
6466 - 88 1
6467 # 1504
6467 + 88
6468 # 1504
6468 - 88 1
6469 # 1504
6469 + 88
6470 # 1504
6470 - 88 1
6471 # 1504
6471 + 88
6472 # 1504
6472 - 88 1
6472 + 88
6472 + 100
6473 # 1504
6473 - 88 1
6473 - 100 1
6473 + 88
6474 # 1504
6474 - 88 1
6475 # 1504
6475 + 88
6476 # 1504
6476 - 88 1
6476 + 88
6477 # 1504
6477 - 88 1
6478 # 1504
6478 + 88
6479 # 1504
6479 - 88 1
6480 # 1504
6480 + 88
6481 # 1504
6481 - 88 1
6482 # 1504
6482 + 88
6483 # 1504
6483 - 88 1
6484 # 1504
6484 + 88
6484 + 108
6485 # 1504
6485 - 88 1
6485 - 108 1
6485 + 88
6486 # 1504
6486 - 88 1
6487 # 1504
6488 # 1504
6488 + 88
6489 # 1504
6489 - 88 1
6490 # 1504
6490 + 88
6491 # 1504
6491 - 88 1
6491 + 88
6492 # 1504
6492 - 88 1
6493 # 1504
6493 + 88
6494 # 1504
6494 - 88 1
6495 # 1504
6495 + 88
6495 + 108
6496 # 1504
6496 - 88 1
6496 - 108 1
6497 # 1504
6497 + 88
6498 # 1504
6498 - 88 1
6499 # 1504
6499 + 88
6500 # 1504
6500 - 88 1
6501 # 1504
6501 + 88
6502 # 1504
6502 - 88 1
6503 # 1504
6503 + 88
6504 # 1504
6504 - 88 1
6504 + 88
6505 # 1504
6505 - 88 1
6506 # 1504
6507 # 1504
6507 + 88
6507 + 108
6508 # 1504
6508 - 88 1
6508 - 108 1
6508 + 88
6509 # 1504
6509 - 88 1
6510 # 1504
6510 + 88
6511 # 1504
6511 - 88 1
6511 + 88
6512 # 1504
6512 - 88 1
6513 # 1504
6513 + 88
6514 # 1504
6514 - 88 1
6514 + 88
6515 # 1504
6515 - 88 1
6516 # 1504
6516 + 88
6517 # 1504
6517 - 88 1
6518 # 1504
6518 + 88
6518 + 108
6519 # 1504
6519 - 88 1
6519 - 108 1
6519 + 88
6520 # 1504
6520 - 88 1
6521 # 1504
6521 + 88
6522 # 1504
6522 - 88 1
6523 # 1504
6523 + 88
6524 # 1504
6524 - 88 1
6525 # 1504
6525 + 88
6526 # 1504
6526 - 88 1
6527 # 1504
6527 + 88
6528 # 1504
6528 - 88 1
6528 + 88
6528 + 108
6529 # 1504
6529 - 88 1
6529 - 108 1
6530 # 1504
6530 + 88
6531 # 1504
6531 - 88 1
6532 # 1504
6532 + 88
6533 # 1504
6533 - 88 1
6534 # 1504
6534 + 88
6535 # 1504
6535 - 88 1
6535 + 88
6536 # 1504
6536 - 88 1
6537 # 1504
6537 + 88
6538 # 1504
6538 - 88 1
6538 + 88
6538 + 108
6539 # 1504
6539 - 88 1
6539 - 108 1
6540 # 1504
6540 + 88
6541 # 1504
6541 - 88 1
6542 # 1504
6542 + 88
6543 # 1504
6543 - 88 1
6543 + 88
6544 # 1504
6544 - 88 1
6544 + 88
6545 # 1504
6545 - 88 1
6546 # 1504
6546 + 88
6547 # 1504
6547 - 88 1
6548 # 1504
6548 + 88
6549 # 1504
6549 - 88 1
6549 + 88
6549 + 108
6550 # 1504
6550 - 88 1
6550 - 108 1
6551 # 1504
6551 + 88
6552 # 1504
6552 - 88 1
6552 + 88
6553 # 1504
6553 - 88 1
6554 # 1504
6554 + 88
6555 # 1504
6555 - 88 1
6555 + 88
6556 # 1504
6556 - 88 1
6557 # 1504
6557 + 88
6558 # 1504
6558 - 88 1
6558 + 88
6559 # 1504
6559 - 88 1
6560 # 1504
6560 + 88
6560 + 108
6561 # 1504
6561 - 88 1
6561 - 108 1
6561 + 88
6562 # 1504
6562 - 88 1
6563 # 1504
6563 + 88
6564 # 1504
6564 - 88 1
6565 # 1504
6565 + 88
6566 # 1504
6566 - 88 1
6566 + 88
6567 # 1504
6567 - 88 1
6568 # 1504
6568 + 88
6569 # 1504
6569 - 88 1
6570 # 1504
6570 + 88
6571 # 1504
6571 - 88 1
6572 # 1504
6572 + 88
6572 + 108
6573 # 1504
6573 - 88 1
6573 - 108 1
6573 + 88
6574 # 1504
6574 - 88 1
6575 # 1504
6576 # 1504
6576 + 88
6577 # 1504
6577 - 88 1
6577 + 88
6578 # 1504
6578 - 88 1
6578 + 88
6579 # 1504
6579 - 88 1
6580 # 1504
6580 + 88
6581 # 1504
6581 - 88 1
6582 # 1504
6582 + 88
6582 + 108
6583 # 1504
6583 - 88 1
6583 - 108 1
6583 + 88
6584 # 1504
6584 - 88 1
6585 # 1504
6586 # 1504
6586 + 88
6587 # 1504
6587 - 88 1
6587 + 88
6588 # 1504
6588 - 88 1
6589 # 1504
6589 + 88
6590 # 1504
6590 - 88 1
6591 # 1504
6591 + 88
6592 # 1504
6592 - 88 1
6592 + 88
6592 + 108
6593 # 1504
6593 - 88 1
6593 - 108 1
6594 # 1504
6595 # 1504
6595 + 88
6596 # 1504
6596 - 88 1
6596 + 88
6597 # 1504
6597 - 88 1
6598 # 1504
6598 + 88
6598 + 100
6599 # 1504
6599 - 88 1
6599 - 100 1
6600 # 1504
6600 + 88
6601 # 1504
6601 - 88 1
6602 # 1504
6602 + 88
6603 # 1504
6603 - 88 1
6603 + 88
6604 # 1504
6604 - 88 1
6605 # 1504
6605 + 88
6606 # 1504
6606 - 88 1
6606 + 88
6607 # 1504
6607 - 88 1
6608 # 1504
6608 + 88
6609 # 1504
6609 - 88 1
6609 + 88
6610 # 1504
6610 - 88 1
6610 + 108
6611 # 1504
6611 - 108 1
6611 + 88
6612 # 1504
6612 - 88 1
6613 # 1504
6613 + 88
6614 # 1504
6614 - 88 1
6614 + 88
6615 # 1504
6615 - 88 1
6616 # 1504
6616 + 88
6617 # 1504
6617 - 88 1
6617 + 88
6618 # 1504
6618 - 88 1
6619 # 1504
6620 # 1504
6620 + 88
6620 + 108
6621 # 1504
6621 - 88 1
6621 - 108 1
6621 + 88
6622 # 1504
6622 - 88 1
6623 # 1504
6624 # 1504
6624 + 88
6625 # 1504
6625 - 88 1
6626 # 1504
6626 + 88
6627 # 1504
6627 - 88 1
6627 + 88
6628 # 1504
6628 - 88 1
6629 # 1504
6630 # 1504
6630 + 88
6630 + 108
6631 # 1504
6631 - 88 1
6631 - 108 1
6631 + 88
6632 # 1504
6632 - 88 1
6633 # 1504
6633 + 88
6634 # 1504
6634 - 88 1
6635 # 1504
6635 + 88
6636 # 1504
6636 - 88 1
6637 # 1504
6637 + 88
6638 # 1504
6638 - 88 1
6639 # 1504
6639 + 88
6640 # 1504
6640 - 88 1
6640 + 88
6641 # 1504
6641 - 88 1
6642 # 1504
6642 + 88
6642 + 108
6643 # 1504
6643 - 88 1
6643 - 108 1
6644 # 1504
6644 + 88
6645 # 1504
6645 - 88 1
6646 # 1504
6647 # 1504
6647 + 88
6647 + 88
6648 # 1504
6648 - 88 1
6648 - 88 1
6649 # 1504
6649 + 88
6650 # 1504
6650 - 88 1
6650 + 88
6651 # 1504
6651 - 88 1
6652 # 1504
6652 + 88
6653 # 1504
6653 - 88 1
6653 + 88
6653 + 108
6654 # 1504
6654 - 88 1
6654 - 108 1
6655 # 1504
6655 + 88
6656 # 1504
6656 - 88 1
6657 # 1504
6657 + 88
6658 # 1504
6658 - 88 1
6659 # 1504
6659 + 88
6660 # 1504
6660 - 88 1
6661 # 1504
6661 + 88
6662 # 1504
6662 - 88 1
6663 # 1504
6664 # 1504
6664 + 88
6664 + 108
6665 # 1504
6665 - 88 1
6665 - 108 1
6665 + 88
6666 # 1504
6666 - 88 1
6667 # 1504
6667 + 88
6668 # 1504
6668 - 88 1
6669 # 1504
6669 + 88
6670 # 1504
6670 - 88 1
6671 # 1504
6672 # 1504
6672 + 88
6673 # 1504
6673 - 88 1
6673 + 88
6674 # 1504
6674 - 88 1
6675 # 1504
6675 + 88
6675 + 108
6676 # 1504
6676 - 88 1
6676 - 108 1
6676 + 88
6677 # 1504
6677 - 88 1
6678 # 1504
6678 + 88
6679 # 1504
6679 - 88 1
6680 # 1504
6680 + 88
6681 # 1504
6681 - 88 1
6681 + 88
6682 # 1504
6682 - 88 1
6683 # 1504
6683 + 88
6684 # 1504
6684 - 88 1
6685 # 1504
6685 + 88
6686 # 1504
6686 - 88 1
6686 + 88
6686 + 108
6687 # 1504
6687 - 88 1
6687 - 108 1
6688 # 1504
6688 + 88
6689 # 1504
6689 - 88 1
6689 + 88
6690 # 1504
6690 - 88 1
6691 # 1504
6691 + 88
6692 # 1504
6692 - 88 1
6692 + 88
6693 # 1504
6693 - 88 1
6694 # 1504
6694 + 88
6695 # 1504
6695 - 88 1
6696 # 1504
6696 + 88
6697 # 1504
6697 - 88 1
6697 + 88
6697 + 108
6698 # 1504
6698 - 88 1
6698 - 108 1
6698 + 88
6699 # 1504
6699 - 88 1
6700 # 1504
6700 + 88
6701 # 1504
6701 - 88 1
6702 # 1504
6702 + 88
6703 # 1504
6703 - 88 1
6703 + 88
6704 # 1504
6704 - 88 1
6705 # 1504
6705 + 88
6706 # 1504
6706 - 88 1
6707 # 1504
6707 + 88
6708 # 1504
6708 - 88 1
6708 + 88
6708 + 108
6709 # 1504
6709 - 88 1
6709 - 108 1
6710 # 1504
6710 + 88
6711 # 1504
6711 - 88 1
6712 # 1504
6712 + 88
6713 # 1504
6713 - 88 1
6714 # 1504
6714 + 88
6715 # 1504
6715 - 88 1
6715 + 88
6716 # 1504
6716 - 88 1
6717 # 1504
6717 + 88
6718 # 1504
6718 - 88 1
6719 # 1504
6719 + 88
6719 + 108
6720 # 1504
6720 - 88 1
6720 - 108 1
6720 + 88
6721 # 1504
6721 - 88 1
6722 # 1504
6723 # 1504
6723 + 88
6724 # 1504
6724 - 88 1
6724 + 88
6725 # 1504
6725 - 88 1
6725 + 88
6725 + 100
6726 # 1504
6726 - 88 1
6726 - 100 1
6727 # 1504
6727 + 88
6728 # 1504
6728 - 88 1
6729 # 1504
6729 + 88
6730 # 1504
6730 - 88 1
6730 + 88
6731 # 1504
6731 - 88 1
6732 # 1504
6732 + 88
6733 # 1504
6733 - 88 1
6734 # 1504
6734 + 88
6735 # 1504
6735 - 88 1
6735 + 88
6736 # 1504
6736 - 88 1
6736 + 88
6736 + 108
6737 # 1504
6737 - 88 1
6737 - 108 1
6738 # 1504
6738 + 88
6739 # 1504
6739 - 88 1
6740 # 1504
6740 + 88
6741 # 1504
6741 - 88 1
6741 + 88
6742 # 1504
6742 - 88 1
6743 # 1504
6744 # 1504
6744 + 88
6745 # 1504
6745 - 88 1
6745 + 88
6746 # 1504
6746 - 88 1
6747 # 1504
6747 + 88
6747 + 108
6748 # 1504
6748 - 88 1
6748 - 108 1
6748 + 88
6749 # 1504
6749 - 88 1
6750 # 1504
6750 + 88
6751 # 1504
6751 - 88 1
6752 # 1504
6752 + 88
6753 # 1504
6753 - 88 1
6754 # 1504
6754 + 88
6755 # 1504
6755 - 88 1
6756 # 1504
6756 + 88
6757 # 1504
6757 - 88 1
6757 + 88
6757 + 108
6758 # 1504
6758 - 88 1
6758 - 108 1
6759 # 1504
6759 + 88
6760 # 1504
6760 - 88 1
6761 # 1504
6761 + 88
6762 # 1504
6762 - 88 1
6762 + 88
6763 # 1504
6763 - 88 1
6764 # 1504
6764 + 88
6765 # 1504
6765 - 88 1
6766 # 1504
6766 + 88
6767 # 1504
6767 - 88 1
6767 + 88
6768 # 1504
6768 - 88 1
6769 # 1504
6769 + 88
6769 + 108
6770 # 1504
6770 - 88 1
6770 - 108 1
6770 + 88
6771 # 1504
6771 - 88 1
6772 # 1504
6772 + 88
6773 # 1504
6773 - 88 1
6773 + 88
6774 # 1504
6774 - 88 1
6775 # 1504
6775 + 88
6776 # 1504
6776 - 88 1
6777 # 1504
6777 + 88
6778 # 1504
6778 - 88 1
6778 + 88
6779 # 1504
6779 - 88 1
6780 # 1504
6780 + 88
6780 + 108
6781 # 1504
6781 - 88 1
6781 - 108 1
6781 + 88
6782 # 1504
6782 - 88 1
6783 # 1504
6783 + 88
6784 # 1504
6784 - 88 1
6784 + 88
6785 # 1504
6785 - 88 1
6786 # 1504
6786 + 88
6787 # 1504
6787 - 88 1
6787 + 88
6788 # 1504
6788 - 88 1
6789 # 1504
6789 + 88
6790 # 1504
6790 - 88 1
6791 # 1504
6791 + 88
6791 + 108
6792 # 1504
6792 - 88 1
6792 - 108 1
6792 + 88
6793 # 1504
6793 - 88 1
6794 # 1504
6794 + 88
6795 # 1504
6795 - 88 1
6796 # 1504
6796 + 88
6797 # 1504
6797 - 88 1
6798 # 1504
6798 + 88
6799 # 1504
6799 - 88 1
6800 # 1504
6800 + 88
6801 # 1504
6801 - 88 1
6801 + 88
6801 + 108
6802 # 1504
6802 - 88 1
6802 - 108 1
6803 # 1504
6804 # 1504
6804 + 88
6805 # 1504
6805 - 88 1
6806 # 1504
6807 # 1504
6807 + 88
6807 + 88
6808 # 1504
6808 - 88 1
6808 - 88 1
6809 # 1504
6809 + 88
6810 # 1504
6810 - 88 1
6810 + 88
6811 # 1504
6811 - 88 1
6811 + 88
6812 # 1504
6812 - 88 1
6813 # 1504
6813 + 88
6813 + 108
6814 # 1504
6814 - 88 1
6814 - 108 1
6815 # 1504
6815 + 88
6816 # 1504
6816 - 88 1
6816 + 88
6817 # 1504
6817 - 88 1
6817 + 88
6818 # 1504
6818 - 88 1
6819 # 1504
6820 # 1504
6820 + 88
6821 # 1504
6821 - 88 1
6821 + 88
6822 # 1504
6822 - 88 1
6822 + 88
6823 # 1504
6823 - 88 1
6824 # 1504
6824 + 88
6824 + 108
6825 # 1504
6825 - 88 1
6825 - 108 1
6826 # 1504
6826 + 88
6827 # 1504
6827 - 88 1
6828 # 1504
6828 + 88
6829 # 1504
6829 - 88 1
6829 + 88
6830 # 1504
6830 - 88 1
6831 # 1504
6831 + 88
6832 # 1504
6832 - 88 1
6832 + 88
6833 # 1504
6833 - 88 1
6834 # 1504
6834 + 88
6835 # 1504
6835 - 88 1
6835 + 88
6835 + 108
6836 # 1504
6836 - 88 1
6836 - 108 1
6837 # 1504
6837 + 88
6838 # 1504
6838 - 88 1
6839 # 1504
6839 + 88
6840 # 1504
6840 - 88 1
6840 + 88
6841 # 1504
6841 - 88 1
6841 + 88
6842 # 1504
6842 - 88 1
6843 # 1504
6843 + 88
6844 # 1504
6844 - 88 1
6844 + 88
6845 # 1504
6845 - 88 1
6846 # 1504
6846 + 88
6846 + 108
6847 # 1504
6847 - 88 1
6847 - 108 1
6847 + 88
6848 # 1504
6848 - 88 1
6849 # 1504
6849 + 88
6850 # 1504
6850 - 88 1
6850 + 88
6851 # 1504
6851 - 88 1
6851 + 88
6852 # 1504
6852 - 88 1
6853 # 1504
6853 + 88
6854 # 1504
6854 - 88 1
6854 + 88
6855 # 1504
6855 - 88 1
6856 # 1504
6856 + 88
6856 + 108
6857 # 1504
6857 - 88 1
6857 - 108 1
6857 + 88
6858 # 1504
6858 - 88 1
6859 # 1504
6859 + 88
6860 # 1504
6860 - 88 1
6861 # 1504
6861 + 88
6862 # 1504
6862 - 88 1
6862 + 88
6863 # 1504
6863 - 88 1
6864 # 1504
6864 + 88
6865 # 1504
6865 - 88 1
6865 + 88
6866 # 1504
6866 - 88 1
6867 # 1504
6867 + 88
6867 + 108
6868 # 1504
6868 - 88 1
6868 - 108 1
6868 + 88
6869 # 1504
6869 - 88 1
6870 # 1504
6870 + 88
6871 # 1504
6871 - 88 1
6871 + 88
6872 # 1504
6872 - 88 1
6872 + 88
6873 # 1504
6873 - 88 1
6874 # 1504
6874 + 88
6875 # 1504
6875 - 88 1
6875 + 88
6876 # 1504
6876 - 88 1
6876 + 88
6877 # 1504
6877 - 88 1
6878 # 1504
6878 + 88
6878 + 108
6879 # 1504
6879 - 88 1
6879 - 108 1
6879 + 88
6880 # 1504
6880 - 88 1
6880 + 88
6881 # 1504
6881 - 88 1
6882 # 1504
6882 + 88
6883 # 1504
6883 - 88 1
6883 + 88
6884 # 1504
6884 - 88 1
6885 # 1504
6885 + 88
6886 # 1504
6886 - 88 1
6886 + 88
6887 # 1504
6887 - 88 1
6887 + 88
6888 # 1504
6888 - 88 1
6889 # 1504
6889 + 88
6889 + 108
6890 # 1504
6890 - 88 1
6890 - 108 1
6891 # 1504
6891 + 88
6891 + 88
6892 # 1504
6892 - 88 1
6892 - 88 1
6893 # 1504
6893 + 88
6894 # 1504
6894 - 88 1
6894 + 88
6895 # 1504
6895 - 88 1
6896 # 1504
6896 + 88
6897 # 1504
6897 - 88 1
6897 + 88
6898 # 1504
6898 - 88 1
6898 + 88
6899 # 1504
6899 - 88 1
6899 + 88
6899 + 108
6900 # 1504
6900 - 88 1
6900 - 108 1
6900 + 88
6901 # 1504
6901 - 88 1
6902 # 1504
6902 + 88
6903 # 1504
6903 - 88 1
6903 + 88
6904 # 1504
6904 - 88 1
6904 + 88
6905 # 1504
6905 - 88 1
6905 + 88
6906 # 1504
6906 - 88 1
6906 + 88
6907 # 1504
6907 - 88 1
6907 + 88
6908 # 1504
6908 - 88 1
6909 # 1504
6909 + 88
6910 # 1504
6910 - 88 1
6910 + 88
6910 + 108
6911 # 1504
6911 - 88 1
6911 - 108 1
6911 + 88
6912 # 1504
6912 - 88 1
6913 # 1504
6914 # 1504
6914 + 88
6914 + 88
6915 # 1504
6915 - 88 1
6915 - 88 1
6915 + 88
6916 # 1504
6916 - 88 1
6916 + 88
6917 # 1504
6917 - 88 1
6917 + 88
6918 # 1504
6918 - 88 1
6919 # 1504
6919 + 88
6920 # 1504
6920 - 88 1
6920 + 88
6920 + 108
6921 # 1504
6921 - 88 1
6921 - 108 1
6921 + 88
6922 # 1504
6922 - 88 1
6923 # 1504
6924 # 1504
6924 + 88
6924 + 88
6925 # 1504
6925 - 88 1
6925 - 88 1
6925 + 88
6926 # 1504
6926 - 88 1
6926 + 88
6927 # 1504
6927 - 88 1
6928 # 1504
6928 + 88
6929 # 1504
6929 - 88 1
6929 + 88
6930 # 1504
6930 - 88 1
6930 + 88
6930 + 108
6931 # 1504
6931 - 88 1
6931 - 108 1
6932 # 1504
6932 + 88
6932 + 88
6933 # 1504
6933 - 88 1
6933 - 88 1
6934 # 1504
6934 + 88
6935 # 1504
6935 - 88 1
6935 + 88
6936 # 1504
6936 - 88 1
6936 + 88
6937 # 1504
6937 - 88 1
6937 + 88
6938 # 1504
6938 - 88 1
6939 # 1504
6939 + 88
6940 # 1504
6940 - 88 1
6940 + 88
6941 # 1504
6941 - 88 1
6941 + 88
6941 + 108
6942 # 1504
6942 - 88 1
6942 - 108 1
6942 + 88
6943 # 1504
6943 - 88 1
6944 # 1504
6944 + 88
6944 + 100
6945 # 1504
6945 - 88 1
6945 - 100 1
6945 + 88
6946 # 1504
6946 - 88 1
6946 + 88
6947 # 1504
6947 - 88 1
6947 + 88
6948 # 1504
6948 - 88 1
6949 # 1504
6949 + 88
6950 # 1504
6950 - 88 1
6950 + 88
6951 # 1504
6951 - 88 1
6951 + 88
6952 # 1504
6952 - 88 1
6952 + 88
6953 # 1504
6953 - 88 1
6954 # 1504
6954 + 88
6954 + 108
6955 # 1504
6955 - 88 1
6955 - 108 1
6955 + 88
6956 # 1504
6956 - 88 1
6957 # 1504
6958 # 1504
6958 + 88
6958 + 88
6959 # 1504
6959 - 88 1
6959 - 88 1
6959 + 88
6960 # 1504
6960 - 88 1
6960 + 88
6961 # 1504
6961 - 88 1
6961 + 88
6962 # 1504
6962 - 88 1
6963 # 1504
6963 + 88
6964 # 1504
6964 - 88 1
6964 + 88
6965 # 1504
6965 - 88 1
6965 + 88
6965 + 108
6966 # 1504
6966 - 88 1
6966 - 108 1
6966 + 88
6967 # 1504
6967 - 88 1
6967 + 88
6968 # 1504
6968 - 88 1
6968 + 88
6969 # 1504
6969 - 88 1
6969 + 88
6970 # 1504
6970 - 88 1
6971 # 1504
6971 + 88
6972 # 1504
6972 - 88 1
6972 + 88
6973 # 1504
6973 - 88 1
6973 + 88
6974 # 1504
6974 - 88 1
6975 # 1504
6975 + 88
6976 # 1504
6976 - 88 1
6976 + 88
6976 + 108
6977 # 1504
6977 - 88 1
6977 - 108 1
6977 + 88
6978 # 1504
6978 - 88 1
6978 + 88
6979 # 1504
6979 - 88 1
6980 # 1504
6980 + 88
6981 # 1504
6981 - 88 1
6981 + 88
6982 # 1504
6982 - 88 1
6982 + 88
6983 # 1504
6983 - 88 1
6984 # 1504
6984 + 88
6985 # 1504
6985 - 88 1
6985 + 88
6986 # 1504
6986 - 88 1
6986 + 88
6986 + 108
6987 # 1504
6987 - 88 1
6987 - 108 1
6988 # 1504
6988 + 88
6988 + 88
6989 # 1504
6989 - 88 1
6989 - 88 1
6990 # 1504
6990 + 88
6991 # 1504
6991 - 88 1
6991 + 88
6992 # 1504
6992 - 88 1
6993 # 1504
6993 + 88
6994 # 1504
6994 - 88 1
6994 + 88
6995 # 1504
6995 - 88 1
6995 + 88
6996 # 1504
6996 - 88 1
6996 + 88
6996 + 108
6997 # 1504
6997 - 88 1
6997 - 108 1
6998 # 1504
6998 + 88
6998 + 88
6999 # 1504
6999 - 88 1
6999 - 88 1
7000 # 1504
7000 + 88
7001 # 1504
7001 - 88 1
7001 + 88
7002 # 1504
7002 - 88 1
7002 + 88
7003 # 1504
7003 - 88 1
7004 # 1504
7004 + 88
7005 # 1504
7005 - 88 1
7005 + 88
7006 # 1504
7006 - 88 1
7006 + 88
7007 # 1504
7007 - 88 1
7007 + 88
7007 + 108
7008 # 1504
7008 - 88 1
7008 - 108 1
7008 + 88
7009 # 1504
7009 - 88 1
7010 # 1504
7010 + 88
7011 # 1504
7011 - 88 1
7011 + 88
7012 # 1504
7012 - 88 1
7012 + 88
7013 # 1504
7013 - 88 1
7014 # 1504
7014 + 88
7015 # 1504
7015 - 88 1
7015 + 88
7016 # 1504
7016 - 88 1
7016 + 88
7017 # 1504
7017 - 88 1
7017 + 88
7017 + 108
7018 # 1504
7018 - 88 1
7018 - 108 1
7019 # 1504
7019 + 88
7020 # 1504
7020 - 88 1
7020 + 88
7021 # 1504
7021 - 88 1
7021 + 88
7022 # 1504
7022 - 88 1
7022 + 88
7023 # 1504
7023 - 88 1
7024 # 1504
7024 + 88
7025 # 1504
7025 - 88 1
7025 + 88
7026 # 1504
7026 - 88 1
7026 + 88
7027 # 1504
7027 - 88 1
7027 + 88
7027 + 108
7028 # 1504
7028 - 88 1
7028 - 108 1
7029 # 1504
7029 + 88
7030 # 1504
7030 - 88 1
7030 + 88
7031 # 1504
7031 - 88 1
7031 + 88
7032 # 1504
7032 - 88 1
7032 + 88
7033 # 1504
7033 - 88 1
7034 # 1504
7034 + 88
7035 # 1504
7035 - 88 1
7036 # 1504
7036 + 88
7037 # 1504
7037 - 88 1
7037 + 88
7037 + 100
7038 # 1504
7038 - 88 1
7038 - 100 1
7039 # 1504
7039 + 88
7039 + 88
7040 # 1504
7040 - 88 1
7040 - 88 1
7041 # 1504
7041 + 88
7042 # 1504
7042 - 88 1
7042 + 88
7043 # 1504
7043 - 88 1
7044 # 1504
7044 + 88
7045 # 1504
7045 - 88 1
7045 + 88
7046 # 1504
7046 - 88 1
7046 + 88
7047 # 1504
7047 - 88 1
7048 # 1504
7048 + 88
7048 + 108
7049 # 1504
7049 - 88 1
7049 - 108 1
7049 + 88
7050 # 1504
7050 - 88 1
7051 # 1504
7051 + 88
7052 # 1504
7052 - 88 1
7053 # 1504
7053 + 88
7054 # 1504
7054 - 88 1
7054 + 88
7055 # 1504
7055 - 88 1
7055 + 88
7056 # 1504
7056 - 88 1
7057 # 1504
7057 + 88
7058 # 1504
7058 - 88 1
7058 + 88
7058 + 108
7059 # 1504
7059 - 88 1
7059 - 108 1
7060 # 1504
7060 + 88
7061 # 1504
7061 - 88 1
7061 + 88
7062 # 1504
7062 - 88 1
7062 + 88
7063 # 1504
7063 - 88 1
7064 # 1504
7064 + 88
7065 # 1504
7065 - 88 1
7065 + 88
7066 # 1504
7066 - 88 1
7066 + 88
7067 # 1504
7067 - 88 1
7068 # 1504
7068 + 88
7068 + 108
7069 # 1504
7069 - 88 1
7069 - 108 1
7069 + 88
7070 # 1504
7070 - 88 1
7071 # 1504
7071 + 88
7072 # 1504
7072 - 88 1
7072 + 88
7073 # 1504
7073 - 88 1
7074 # 1504
7074 + 88
7075 # 1504
7075 - 88 1
7076 # 1504
7076 + 88
7077 # 1504
7077 - 88 1
7077 + 88
7078 # 1504
7078 - 88 1
7078 + 88
7078 + 108
7079 # 1504
7079 - 88 1
7079 - 108 1
7080 # 1504
7080 + 88
7081 # 1504
7081 - 88 1
7082 # 1504
7082 + 88
7083 # 1504
7083 - 88 1
7083 + 88
7084 # 1504
7084 - 88 1
7085 # 1504
7085 + 88
7086 # 1504
7086 - 88 1
7087 # 1504
7087 + 88
7088 # 1504
7088 - 88 1
7088 + 88
7089 # 1504
7089 - 88 1
7089 + 88
7089 + 108
7090 # 1504
7090 - 88 1
7090 - 108 1
7091 # 1504
7091 + 88
7092 # 1504
7092 - 88 1
7093 # 1504
7093 + 88
7094 # 1504
7094 - 88 1
7094 + 88
7095 # 1504
7095 - 88 1
7096 # 1504
7097 # 1504
7097 + 88
7098 # 1504
7098 - 88 1
7098 + 88
7099 # 1504
7099 - 88 1
7100 # 1504
7100 + 88
7100 + 108
7101 # 1504
7101 - 88 1
7101 - 108 1
7101 + 88
7102 # 1504
7102 - 88 1
7103 # 1504
7104 # 1504
7104 + 88
7105 # 1504
7105 - 88 1
7105 + 88
7106 # 1504
7106 - 88 1
7107 # 1504
7107 + 88
7108 # 1504
7108 - 88 1
7109 # 1504
7109 + 88
7110 # 1504
7110 - 88 1
7111 # 1504
7111 + 88
7111 + 108
7112 # 1504
7112 - 88 1
7112 - 108 1
7112 + 88
7113 # 1504
7113 - 88 1
7114 # 1504
7115 # 1504
7115 + 88
7116 # 1504
7116 - 88 1
7116 + 88
7117 # 1504
7117 - 88 1
7118 # 1504
7118 + 88
7119 # 1504
7119 - 88 1
7120 # 1504
7120 + 88
7121 # 1504
7121 - 88 1
7122 # 1504
7122 + 88
7122 + 108
7123 # 1504
7123 - 88 1
7123 - 108 1
7124 # 1504
7124 + 88
7125 # 1504
7125 - 88 1
7126 # 1504
7126 + 88
7127 # 1504
7127 - 88 1
7128 # 1504
7128 + 88
7129 # 1504
7129 - 88 1
7129 + 88
7130 # 1504
7130 - 88 1
7131 # 1504
7131 + 88
7132 # 1504
7132 - 88 1
7133 # 1504
7133 + 88
7133 + 108
7134 # 1504
7134 - 88 1
7134 - 108 1
7134 + 88
7135 # 1504
7135 - 88 1
7136 # 1504
7136 + 88
7137 # 1504
7137 - 88 1
7137 + 88
7138 # 1504
7138 - 88 1
7139 # 1504
7139 + 88
7140 # 1504
7140 - 88 1
7141 # 1504
7141 + 88
7142 # 1504
7142 - 88 1
7143 # 1504
7143 + 88
7144 # 1504
7144 - 88 1
7144 + 88
7144 + 108
7145 # 1504
7145 - 88 1
7145 - 108 1
7146 # 1504
7146 + 88
7147 # 1504
7147 - 88 1
7148 # 1504
7148 + 88
7149 # 1504
7149 - 88 1
7150 # 1504
7150 + 88
7151 # 1504
7151 - 88 1
7151 + 88
7152 # 1504
7152 - 88 1
7153 # 1504
7153 + 88
7154 # 1504
7154 - 88 1
7154 + 88
7155 # 1504
7155 - 88 1
7156 # 1504
7156 + 88
7156 + 108
7157 # 1504
7157 - 88 1
7157 - 108 1
7158 # 1504
7158 + 88
7159 # 1504
7159 - 88 1
7160 # 1504
7160 + 88
7161 # 1504
7161 - 88 1
7161 + 88
7162 # 1504
7162 - 88 1
7163 # 1504
7163 + 88
7164 # 1504
7164 - 88 1
7164 + 88
7165 # 1504
7165 - 88 1
7166 # 1504
7166 + 88
7167 # 1504
7167 - 88 1
7167 + 88
7167 + 108
7168 # 1504
7168 - 88 1
7168 - 108 1
7168 + 88
7169 # 1504
7169 - 88 1
7170 # 1504
7170 + 88
7171 # 1504
7171 - 88 1
7172 # 1504
7172 + 88
7173 # 1504
7173 - 88 1
7174 # 1504
7174 + 88
7175 # 1504
7175 - 88 1
7175 + 88
7176 # 1504
7176 - 88 1
7176 + 88
7177 # 1504
7177 - 88 1
7178 # 1504
7178 + 88
7178 + 108
7179 # 1504
7179 - 88 1
7179 - 108 1
7180 # 1504
7180 + 88
7181 # 1504
7181 - 88 1
7182 # 1504
7182 + 88
7183 # 1504
7183 - 88 1
7184 # 1504
7184 + 88
7185 # 1504
7185 - 88 1
7186 # 1504
7186 + 88
7187 # 1504
7187 - 88 1
7187 + 88
7188 # 1504
7188 - 88 1
7189 # 1504
7190 # 1504
7190 + 88
7190 + 108
7191 # 1504
7191 - 88 1
7191 - 108 1
7191 + 88
7192 # 1504
7192 - 88 1
7193 # 1504
7193 + 88
7194 # 1504
7194 - 88 1
7194 + 88
7195 # 1504
7195 - 88 1
7196 # 1504
7196 + 88
7197 # 1504
7197 - 88 1
7197 + 88
7198 # 1504
7198 - 88 1
7199 # 1504
7199 + 88
7200 # 1504
7200 - 88 1
7200 + 88
7200 + 108
7201 # 1504
7201 - 88 1
7201 - 108 1
7202 # 1504
7202 + 88
7203 # 1504
7203 - 88 1
7204 # 1504
7204 + 88
7205 # 1504
7205 - 88 1
7205 + 88
7206 # 1504
7206 - 88 1
7206 + 88
7207 # 1504
7207 - 88 1
7208 # 1504
7208 + 88
7209 # 1504
7209 - 88 1
7210 # 1504
7210 + 88
7211 # 1504
7211 - 88 1
7212 # 1504
7212 + 88
7212 + 108
7213 # 1504
7213 - 88 1
7213 - 108 1
7213 + 88
7214 # 1504
7214 - 88 1
7215 # 1504
7216 # 1504
7216 + 88
7217 # 1504
7217 - 88 1
7217 + 88
7218 # 1504
7218 - 88 1
7219 # 1504
7219 + 88
7220 # 1504
7220 - 88 1
7221 # 1504
7221 + 88
7222 # 1504
7222 - 88 1
7223 # 1504
7223 + 88
7223 + 108
7224 # 1504
7224 - 88 1
7224 - 108 1
7225 # 1504
7225 + 88
7226 # 1504
7226 - 88 1
7226 + 88
7227 # 1504
7227 - 88 1
7228 # 1504
7228 + 88
7229 # 1504
7229 - 88 1
7230 # 1504
7230 + 88
7231 # 1504
7231 - 88 1
7231 + 88
7232 # 1504
7232 - 88 1
7232 + 88
7233 # 1504
7233 - 88 1
7234 # 1504
7234 + 88
7234 + 108
7235 # 1504
7235 - 88 1
7235 - 108 1
7235 + 88
7236 # 1504
7236 - 88 1
7237 # 1504
7237 + 88
7238 # 1504
7238 - 88 1
7238 + 88
7239 # 1504
7239 - 88 1
7240 # 1504
7240 + 88
7241 # 1504
7241 - 88 1
7241 + 88
7242 # 1504
7242 - 88 1
7243 # 1504
7243 + 88
7244 # 1504
7244 - 88 1
7244 + 88
7244 + 108
7245 # 1504
7245 - 88 1
7245 - 108 1
7246 # 1504
7246 + 88
7247 # 1504
7247 - 88 1
7248 # 1504
7249 # 1504
7249 + 88
7249 + 88
7250 # 1504
7250 - 88 1
7250 - 88 1
7250 + 88
7251 # 1504
7251 - 88 1
7252 # 1504
7252 + 88
7253 # 1504
7253 - 88 1
7253 + 88
7254 # 1504
7254 - 88 1
7254 + 88
7255 # 1504
7255 - 88 1
7256 # 1504
7256 + 88
7256 + 108
7257 # 1504
7257 - 88 1
7257 - 108 1
7257 + 88
7258 # 1504
7258 - 88 1
7259 # 1504
7259 + 88
7260 # 1504
7260 - 88 1
7261 # 1504
7261 + 88
7262 # 1504
7262 - 88 1
7262 + 88
7263 # 1504
7263 - 88 1
7264 # 1504
7264 + 88
7265 # 1504
7265 - 88 1
7266 # 1504
7266 + 88
7266 + 108
7267 # 1504
7267 - 88 1
7267 - 108 1
7267 + 88
7268 # 1504
7268 - 88 1
7269 # 1504
7269 + 88
7270 # 1504
7270 - 88 1
7271 # 1504
7271 + 88
7272 # 1504
7272 - 88 1
7273 # 1504
7273 + 88
7274 # 1504
7274 - 88 1
7274 + 88
7275 # 1504
7275 - 88 1
7275 + 88
7275 + 100
7276 # 1504
7276 - 88 1
7276 - 100 1
7277 # 1504
7277 + 88
7278 # 1504
7278 - 88 1
7279 # 1504
7279 + 88
7280 # 1504
7280 - 88 1
7280 + 88
7281 # 1504
7281 - 88 1
7282 # 1504
7282 + 88
7283 # 1504
7283 - 88 1
7283 + 88
7284 # 1504
7284 - 88 1
7285 # 1504
7285 + 88
7286 # 1504
7286 - 88 1
7287 # 1504
7287 + 88
7287 + 108
7288 # 1504
7288 - 88 1
7288 - 108 1
7288 + 88
7289 # 1504
7289 - 88 1
7290 # 1504
7290 + 88
7291 # 1504
7291 - 88 1
7291 + 88
7292 # 1504
7292 - 88 1
7292 + 88
7293 # 1504
7293 - 88 1
7293 + 88
7294 # 1504
7294 - 88 1
7295 # 1504
7295 + 88
7296 # 1504
7296 - 88 1
7296 + 88
7297 # 1504
7297 - 88 1
7298 # 1504
7298 + 88
7298 + 108
7299 # 1504
7299 - 88 1
7299 - 108 1
7299 + 88
7300 # 1504
7300 - 88 1
7301 # 1504
7301 + 88
7302 # 1504
7302 - 88 1
7302 + 88
7303 # 1504
7303 - 88 1
7303 + 88
7304 # 1504
7304 - 88 1
7304 + 88
7305 # 1504
7305 - 88 1
7306 # 1504
7306 + 88
7307 # 1504
7307 - 88 1
7308 # 1504
7308 + 88
7308 + 108
7309 # 1504
7309 - 88 1
7309 - 108 1
7309 + 88
7310 # 1504
7310 - 88 1
7310 + 88
7311 # 1504
7311 - 88 1
7312 # 1504
7312 + 88
7313 # 1504
7313 - 88 1
7313 + 88
7314 # 1504
7314 - 88 1
7314 + 88
7315 # 1504
7315 - 88 1
7316 # 1504
7316 + 88
7317 # 1504
7317 - 88 1
7317 + 88
7318 # 1504
7318 - 88 1
7318 + 88
7318 + 108
7319 # 1504
7319 - 88 1
7319 - 108 1
7319 + 88
7320 # 1504
7320 - 88 1
7320 + 88
7321 # 1504
7321 - 88 1
7322 # 1504
7322 + 88
7323 # 1504
7323 - 88 1
7323 + 88
7324 # 1504
7324 - 88 1
7324 + 88
7325 # 1504
7325 - 88 1
7325 + 88
7326 # 1504
7326 - 88 1
7326 + 88
7327 # 1504
7327 - 88 1
7328 # 1504
7328 + 88
7329 # 1504
7329 - 88 1
7329 + 88
7329 + 108
7330 # 1504
7330 - 88 1
7330 - 108 1
7330 + 88
7331 # 1504
7331 - 88 1
7331 + 88
7332 # 1504
7332 - 88 1
7332 + 88
7333 # 1504
7333 - 88 1
7333 + 88
7334 # 1504
7334 - 88 1
7335 # 1504
7335 + 88
7336 # 1504
7336 - 88 1
7336 + 88
7337 # 1504
7337 - 88 1
7337 + 88
7338 # 1504
7338 - 88 1
7338 + 88
7339 # 1504
7339 - 88 1
7339 + 88
7339 + 108
7340 # 1504
7340 - 88 1
7340 - 108 1
7340 + 88
7341 # 1504
7341 - 88 1
7341 + 88
7342 # 1504
7342 - 88 1
7342 + 88
7343 # 1504
7343 - 88 1
7343 + 88
7344 # 1504
7344 - 88 1
7344 + 88
7345 # 1504
7345 - 88 1
7345 + 88
7346 # 1504
7346 - 88 1
7346 + 88
7347 # 1504
7347 - 88 1
7347 + 88
7348 # 1504
7348 - 88 1
7348 + 88
7349 # 1504
7349 - 88 1
7349 + 88
7350 # 1504
7350 - 88 1
7350 + 88
7350 + 108
7351 # 1504
7351 - 88 1
7351 - 108 1
7351 + 88
7352 # 1504
7352 - 88 1
7352 + 88
7353 # 1504
7353 - 88 1
7353 + 88
7354 # 1504
7354 - 88 1
7355 # 1504
7355 + 88
7356 # 1504
7356 - 88 1
7356 + 88
7357 # 1504
7357 - 88 1
7357 + 88
7358 # 1504
7358 - 88 1
7358 + 88
7358 + 88
7359 # 1504
7359 - 88 1
7359 - 88 1
7359 + 88
7360 # 1504
7360 - 88 1
7360 + 88
7360 + 108
7361 # 1504
7361 - 88 1
7361 - 108 1
7361 + 88
7362 # 1504
7362 - 88 1
7362 + 88
7363 # 1504
7363 - 88 1
7363 + 88
7364 # 1504
7364 - 88 1
7364 + 88
7365 # 1504
7365 - 88 1
7365 + 88
7365 + 100
7366 # 1504
7366 - 88 1
7366 - 100 1
7366 + 88
7367 # 1504
7367 - 88 1
7367 + 88
7368 # 1504
7368 - 88 1
7368 + 88
7369 # 1504
7369 - 88 1
7369 + 88
7370 # 1504
7370 - 88 1
7370 + 88
7371 # 1504
7371 - 88 1
7371 + 88
7372 # 1504
7372 - 88 1
7372 + 88
7373 # 1504
7373 - 88 1
7373 + 88
7373 + 88
7374 # 1504
7374 - 88 1
7374 - 88 1
7374 + 88
7375 # 1504
7375 - 88 1
7375 + 88
7375 + 108
7376 # 1504
7376 - 88 1
7376 - 108 1
7376 + 88
7377 # 1504
7377 - 88 1
7377 + 88
7378 # 1504
7378 - 88 1
7378 + 88
7379 # 1504
7379 - 88 1
7379 + 88
7380 # 1504
7380 - 88 1
7380 + 88
7381 # 1504
7381 - 88 1
7381 + 88
7382 # 1504
7382 - 88 1
7382 + 88
7383 # 1504
7383 - 88 1
7383 + 88
7384 # 1504
7384 - 88 1
7384 + 88
7385 # 1504
7385 - 88 1
7385 + 88
7386 # 1504
7386 - 88 1
7386 + 88
7386 + 108
7387 # 1504
7387 - 88 1
7387 - 108 1
7387 + 88
7388 # 1504
7388 - 88 1
7388 + 88
7389 # 1504
7389 - 88 1
7389 + 88
7390 # 1504
7390 - 88 1
7390 + 88
7391 # 1504
7391 - 88 1
7391 + 88
7392 # 1504
7392 - 88 1
7392 + 88
7393 # 1504
7393 - 88 1
7393 + 88
7394 # 1504
7394 - 88 1
7394 + 88
7395 # 1504
7395 - 88 1
7396 # 1504
7396 + 88
7396 + 88
7396 + 108
7397 # 1504
7397 - 88 1
7397 - 88 1
7397 - 108 1
7397 + 88
7398 # 1504
7398 - 88 1
7398 + 88
7399 # 1504
7399 - 88 1
7399 + 88
7399 + 88
7400 # 1504
7400 - 88 1
7400 - 88 1
7400 + 88
7401 # 1504
7401 - 88 1
7401 + 88
7402 # 1504
7402 - 88 1
7402 + 88
7403 # 1504
7403 - 88 1
7403 + 88
7404 # 1504
7404 - 88 1
7404 + 88
7405 # 1504
7405 - 88 1
7405 + 88
7406 # 1504
7406 - 88 1
7406 + 88
7407 # 1504
7407 - 88 1
7407 + 88
7407 + 108
7408 # 1504
7408 - 88 1
7408 - 108 1
7408 + 88
7409 # 1504
7409 - 88 1
7409 + 88
7410 # 1504
7410 - 88 1
7410 + 88
7411 # 1504
7411 - 88 1
7411 + 88
7412 # 1504
7412 - 88 1
7412 + 88
7413 # 1504
7413 - 88 1
7413 + 88
7414 # 1504
7414 - 88 1
7414 + 88
7415 # 1504
7415 - 88 1
7415 + 88
7416 # 1504
7416 - 88 1
7416 + 88
7417 # 1504
7417 - 88 1
7417 + 88
7417 + 108
7418 # 1504
7418 - 88 1
7418 - 108 1
7418 + 88
7419 # 1504
7419 - 88 1
7419 + 88
7420 # 1504
7420 - 88 1
7420 + 88
7421 # 1504
7421 - 88 1
7421 + 88
7422 # 1504
7422 - 88 1
7422 + 88
7423 # 1504
7423 - 88 1
7423 + 88
7424 # 1504
7424 - 88 1
7425 # 1504
7425 + 88
7425 + 88
7425 + 88
7426 # 1504
7426 - 88 1
7426 - 88 1
7426 - 88 1
7426 + 88
7427 # 1504
7427 - 88 1
7427 + 88
7427 + 108
7428 # 1504
7428 - 88 1
7428 - 108 1
7428 + 88
7429 # 1504
7429 - 88 1
7429 + 88
7430 # 1504
7430 - 88 1
7430 + 88
7431 # 1504
7431 - 88 1
7431 + 88
7432 # 1504
7432 - 88 1
7432 + 88
7433 # 1504
7433 - 88 1
7433 + 88
7434 # 1504
7434 - 88 1
7434 + 88
7435 # 1504
7435 - 88 1
7435 + 88
7436 # 1504
7436 - 88 1
7436 + 88
7436 + 100
7437 # 1504
7437 - 88 1
7437 - 100 1
7437 + 88
7438 # 1504
7438 - 88 1
7438 + 88
7439 # 1504
7439 - 88 1
7439 + 88
7440 # 1504
7440 - 88 1
7440 + 88
7441 # 1504
7441 - 88 1
7441 + 88
7442 # 1504
7442 - 88 1
7442 + 88
7443 # 1504
7443 - 88 1
7443 + 88
7444 # 1504
7444 - 88 1
7444 + 88
7444 + 88
7445 # 1504
7445 - 88 1
7445 - 88 1
7445 + 88
7446 # 1504
7446 - 88 1
7446 + 88
7447 # 1504
7447 - 88 1
7447 + 88
7447 + 108
7448 # 1504
7448 - 88 1
7448 - 108 1
7448 + 88
7449 # 1504
7449 - 88 1
7449 + 88
7450 # 1504
7450 - 88 1
7450 + 88
7451 # 1504
7451 - 88 1
7451 + 88
7452 # 1504
7452 - 88 1
7452 + 88
7453 # 1504
7453 - 88 1
7453 + 88
7454 # 1504
7454 - 88 1
7454 + 88
7455 # 1504
7455 - 88 1
7455 + 88
7456 # 1504
7456 - 88 1
7456 + 88
7457 # 1504
7457 - 88 1
7457 + 88
7457 + 108
7458 # 1504
7458 - 88 1
7458 - 108 1
7458 + 88
7459 # 1504
7459 - 88 1
7459 + 88
7460 # 1504
7460 - 88 1
7460 + 88
7461 # 1504
7461 - 88 1
7461 + 88
7462 # 1504
7462 - 88 1
7462 + 88
7463 # 1504
7463 - 88 1
7463 + 88
7464 # 1504
7464 - 88 1
7464 + 88
7465 # 1504
7465 - 88 1
7465 + 88
7466 # 1504
7466 - 88 1
7466 + 88
7467 # 1504
7467 - 88 1
7467 + 88
7467 + 108
7468 # 1504
7468 - 88 1
7468 - 108 1
7468 + 88
7469 # 1504
7469 - 88 1
7469 + 88
7470 # 1504
7470 - 88 1
7470 + 88
7470 + 88
7471 # 1504
7471 - 88 1
7471 - 88 1
7471 + 88
7472 # 1504
7472 - 88 1
7472 + 88
7473 # 1504
7473 - 88 1
7473 + 88
7474 # 1504
7474 - 88 1
7474 + 88
7475 # 1504
7475 - 88 1
7475 + 88
7476 # 1504
7476 - 88 1
7477 # 1504
7477 + 88
7477 + 88
7477 + 108
7478 # 1504
7478 - 88 1
7478 - 88 1
7478 - 108 1
7478 + 88
7479 # 1504
7479 - 88 1
7479 + 88
7480 # 1504
7480 - 88 1
7480 + 88
7481 # 1504
7481 - 88 1
7481 + 88
7482 # 1504
7482 - 88 1
7482 + 88
7483 # 1504
7483 - 88 1
7483 + 88
7484 # 1504
7484 - 88 1
7484 + 88
7485 # 1504
7485 - 88 1
7485 + 88
7486 # 1504
7486 - 88 1
7486 + 88
7487 # 1504
7487 - 88 1
7487 + 88
7488 # 1504
7488 - 88 1
7489 # 1504
7489 + 88
7489 + 108
7489 + 88
7490 # 1504
7490 - 88 1
7490 - 108 1
7490 - 88 1
7490 + 88
7491 # 1504
7491 - 88 1
7491 + 88
7492 # 1504
7492 - 88 1
7492 + 88
7493 # 1504
7493 - 88 1
7493 + 88
7494 # 1504
7494 - 88 1
7494 + 88
7495 # 1504
7495 - 88 1
7495 + 88
7496 # 1504
7496 - 88 1
7496 + 88
7496 + 88
7497 # 1504
7497 - 88 1
7497 - 88 1
7497 + 88
7498 # 1504
7498 - 88 1
7498 + 88
7499 # 1504
7499 - 88 1
7499 + 88
7499 + 108
7500 # 1504
7500 - 88 1
7500 - 108 1
7500 + 88
7501 # 1504
7501 - 88 1
7501 + 88
7502 # 1504
7502 - 88 1
7502 + 88
7503 # 1504
7503 - 88 1
7503 + 88
7504 # 1504
7504 - 88 1
7504 + 88
7505 # 1504
7505 - 88 1
7505 + 88
7506 # 1504
7506 - 88 1
7506 + 88
7507 # 1504
7507 - 88 1
7507 + 88
7507 + 100
7508 # 1504
7508 - 88 1
7508 - 100 1
7508 + 88
7509 # 1504
7509 - 88 1
7509 + 88
7510 # 1504
7510 - 88 1
7510 + 88
7511 # 1504
7511 - 88 1
7511 + 88
7512 # 1504
7512 - 88 1
7512 + 88
7513 # 1504
7513 - 88 1
7513 + 88
7514 # 1504
7514 - 88 1
7514 + 88
7515 # 1504
7515 - 88 1
7515 + 88
7515 + 88
7516 # 1504
7516 - 88 1
7516 - 88 1
7516 + 88
7517 # 1504
7517 - 88 1
7517 + 88
7517 + 108
7518 # 1504
7518 - 88 1
7518 - 108 1
7518 + 88
7519 # 1504
7519 - 88 1
7519 + 88
7520 # 1504
7520 - 88 1
7520 + 88
7521 # 1504
7521 - 88 1
7521 + 88
7522 # 1504
7522 - 88 1
7522 + 88
7523 # 1504
7523 - 88 1
7523 + 88
7524 # 1504
7524 - 88 1
7524 + 88
7525 # 1504
7525 - 88 1
7525 + 88
7526 # 1504
7526 - 88 1
7526 + 88
7527 # 1504
7527 - 88 1
7527 + 88
7528 # 1504
7528 - 88 1
7528 + 88
7528 + 108
7529 # 1504
7529 - 88 1
7529 - 108 1
7529 + 88
7530 # 1504
7530 - 88 1
7530 + 88
7531 # 1504
7531 - 88 1
7531 + 88
7532 # 1504
7532 - 88 1
7532 + 88
7533 # 1504
7533 - 88 1
7533 + 88
7534 # 1504
7534 - 88 1
7534 + 88
7535 # 1504
7535 - 88 1
7535 + 88
7536 # 1504
7536 - 88 1
7536 + 88
7537 # 1504
7537 - 88 1
7537 + 88
7538 # 1504
7538 - 88 1
7538 + 88
7539 # 1504
7539 - 88 1
7539 + 88
7539 + 108
7540 # 1504
7540 - 88 1
7540 - 108 1
7540 + 88
7541 # 1504
7541 - 88 1
7541 + 88
7541 + 88
7542 # 1504
7542 - 88 1
7542 - 88 1
7542 + 88
7543 # 1504
7543 - 88 1
7543 + 88
7544 # 1504
7544 - 88 1
7544 + 88
7545 # 1504
7545 - 88 1
7545 + 88
7546 # 1504
7546 - 88 1
7546 + 88
7547 # 1504
7547 - 88 1
7547 + 88
7548 # 1504
7548 - 88 1
7548 + 88
7549 # 1504
7549 - 88 1
7549 + 88
7549 + 108
7550 # 1504
7550 - 88 1
7550 - 108 1
7550 + 88
7551 # 1504
7551 - 88 1
7551 + 88
7552 # 1504
7552 - 88 1
7552 + 88
7553 # 1504
7553 - 88 1
7553 + 88
7554 # 1504
7554 - 88 1
7554 + 88
7555 # 1504
7555 - 88 1
7555 + 88
7556 # 1504
7556 - 88 1
7556 + 88
7557 # 1504
7557 - 88 1
7557 + 88
7558 # 1504
7558 - 88 1
7558 + 88
7559 # 1504
7559 - 88 1
7559 + 88
7560 # 1504
7560 - 88 1
7560 + 88
7560 + 108
7561 # 1504
7561 - 88 1
7561 - 108 1
7561 + 88
7562 # 1504
7562 - 88 1
7562 + 88
7563 # 1504
7563 - 88 1
7563 + 88
7564 # 1504
7564 - 88 1
7564 + 88
7565 # 1504
7565 - 88 1
7565 + 88
7566 # 1504
7566 - 88 1
7566 + 88
7566 + 88
7567 # 1504
7567 - 88 1
7567 - 88 1
7567 + 88
7568 # 1504
7568 - 88 1
7568 + 88
7569 # 1504
7569 - 88 1
7570 # 1504
7570 + 88
7570 + 88
7571 # 1504
7571 - 88 1
7571 - 88 1
7572 # 1504
7572 + 88
7572 + 108
7573 # 1504
7573 - 88 1
7573 - 108 1
7573 + 88
7573 + 88
7574 # 1504
7574 - 88 1
7574 - 88 1
7574 + 88
7575 # 1504
7575 - 88 1
7575 + 88
7576 # 1504
7576 - 88 1
7576 + 88
7577 # 1504
7577 - 88 1
7577 + 88
7578 # 1504
7578 - 88 1
7578 + 88
7578 + 100
7579 # 1504
7579 - 88 1
7579 - 100 1
7579 + 88
7580 # 1504
7580 - 88 1
7580 + 88
7581 # 1504
7581 - 88 1
7581 + 88
7582 # 1504
7582 - 88 1
7582 + 88
7583 # 1504
7583 - 88 1
7583 + 88
7584 # 1504
7584 - 88 1
7584 + 88
7585 # 1504
7585 - 88 1
7585 + 88
7586 # 1504
7586 - 88 1
7586 + 88
7586 + 88
7587 # 1504
7587 - 88 1
7587 - 88 1
7587 + 88
7588 # 1504
7588 - 88 1
7588 + 88
7589 # 1504
7589 - 88 1
7589 + 88
7589 + 108
7590 # 1504
7590 - 88 1
7590 - 108 1
7590 + 88
7591 # 1504
7591 - 88 1
7591 + 88
7592 # 1504
7592 - 88 1
7592 + 88
7593 # 1504
7593 - 88 1
7593 + 88
7594 # 1504
7594 - 88 1
7594 + 88
7595 # 1504
7595 - 88 1
7595 + 88
7596 # 1504
7596 - 88 1
7596 + 88
7597 # 1504
7597 - 88 1
7597 + 88
7598 # 1504
7598 - 88 1
7598 + 88
7599 # 1504
7599 - 88 1
7599 + 88
7600 # 1504
7600 - 88 1
7600 + 88
7600 + 108
7601 # 1504
7601 - 88 1
7601 - 108 1
7601 + 88
7602 # 1504
7602 - 88 1
7602 + 88
7603 # 1504
7603 - 88 1
7603 + 88
7604 # 1504
7604 - 88 1
7604 + 88
7605 # 1504
7605 - 88 1
7605 + 88
7606 # 1504
7606 - 88 1
7606 + 88
7607 # 1504
7607 - 88 1
7607 + 88
7608 # 1504
7608 - 88 1
7608 + 88
7609 # 1504
7609 - 88 1
7609 + 88
7610 # 1504
7610 - 88 1
7610 + 88
7611 # 1504
7611 - 88 1
7611 + 88
7611 + 108
7612 # 1504
7612 - 88 1
7612 - 108 1
7612 + 88
7612 + 88
7613 # 1504
7613 - 88 1
7613 - 88 1
7613 + 88
7614 # 1504
7614 - 88 1
7614 + 88
7615 # 1504
7615 - 88 1
7615 + 88
7616 # 1504
7616 - 88 1
7616 + 88
7617 # 1504
7617 - 88 1
7617 + 88
7618 # 1504
7618 - 88 1
7618 + 88
7619 # 1504
7619 - 88 1
7619 + 88
7620 # 1504
7620 - 88 1
7620 + 88
7621 # 1504
7621 - 88 1
7621 + 88
7621 + 108
7622 # 1504
7622 - 88 1
7622 - 108 1
7622 + 88
7623 # 1504
7623 - 88 1
7623 + 88
7624 # 1504
7624 - 88 1
7624 + 88
7625 # 1504
7625 - 88 1
7625 + 88
7626 # 1504
7626 - 88 1
7626 + 88
7627 # 1504
7627 - 88 1
7627 + 88
7628 # 1504
7628 - 88 1
7628 + 88
7629 # 1504
7629 - 88 1
7629 + 88
7630 # 1504
7630 - 88 1
7630 + 88
7631 # 1504
7631 - 88 1
7631 + 88
7632 # 1504
7632 - 88 1
7632 + 88
7632 + 108
7633 # 1504
7633 - 88 1
7633 - 108 1
7633 + 88
7634 # 1504
7634 - 88 1
7634 + 88
7635 # 1504
7635 - 88 1
7635 + 88
7636 # 1504
7636 - 88 1
7636 + 88
7637 # 1504
7637 - 88 1
7637 + 88
7638 # 1504
7638 - 88 1
7638 + 88
7638 + 88
7639 # 1504
7639 - 88 1
7639 - 88 1
7639 + 88
7640 # 1504
7640 - 88 1
7640 + 88
7641 # 1504
7641 - 88 1
7641 + 88
7642 # 1504
7642 - 88 1
7642 + 88
7642 + 108
7643 # 1504
7643 - 88 1
7643 - 108 1
7643 + 88
7644 # 1504
7644 - 88 1
7644 + 88
7645 # 1504
7645 - 88 1
7645 + 88
7646 # 1504
7646 - 88 1
7646 + 88
7647 # 1504
7647 - 88 1
7648 # 1504
7648 + 88
7649 # 1504
7649 - 88 1
7649 + 88
7650 # 1504
7650 - 88 1
7650 + 88
7650 + 100
7651 # 1504
7651 - 88 1
7651 - 100 1
7651 + 88
7651 + 88
7652 # 1504
7652 - 88 1
7652 - 88 1
7653 # 1504
7653 + 88
7653 + 88
7654 # 1504
7654 - 88 1
7654 - 88 1
7654 + 88
7655 # 1504
7655 - 88 1
7655 + 88
7656 # 1504
7656 - 88 1
7656 + 88
7657 # 1504
7657 - 88 1
7657 + 88
7658 # 1504
7658 - 88 1
7658 + 88
7658 + 88
7659 # 1504
7659 - 88 1
7659 - 88 1
7659 + 88
7660 # 1504
7660 - 88 1
7660 + 88
7660 + 108
7661 # 1504
7661 - 88 1
7661 - 108 1
7661 + 88
7662 # 1504
7662 - 88 1
7662 + 88
7663 # 1504
7663 - 88 1
7663 + 88
7664 # 1504
7664 - 88 1
7664 + 88
7665 # 1504
7665 - 88 1
7665 + 88
7666 # 1504
7666 - 88 1
7666 + 88
7667 # 1504
7667 - 88 1
7667 + 88
7668 # 1504
7668 - 88 1
7668 + 88
7669 # 1504
7669 - 88 1
7669 + 88
7670 # 1504
7670 - 88 1
7670 + 88
7670 + 108
7671 # 1504
7671 - 88 1
7671 - 108 1
7671 + 88
7672 # 1504
7672 - 88 1
7672 + 88
7673 # 1504
7673 - 88 1
7673 + 88
7674 # 1504
7674 - 88 1
7674 + 88
7675 # 1504
7675 - 88 1
7675 + 88
7676 # 1504
7676 - 88 1
7677 # 1504
7677 + 88
7677 + 88
7678 # 1504
7678 - 88 1
7678 - 88 1
7678 + 88
7679 # 1504
7679 - 88 1
7679 + 88
7680 # 1504
7680 - 88 1
7680 + 88
7680 + 108
7681 # 1504
7681 - 88 1
7681 - 108 1
7681 + 88
7682 # 1504
7682 - 88 1
7682 + 88
7683 # 1504
7683 - 88 1
7683 + 88
7684 # 1504
7684 - 88 1
7684 + 88
7684 + 88
7685 # 1504
7685 - 88 1
7685 - 88 1
7685 + 88
7686 # 1504
7686 - 88 1
7686 + 88
7687 # 1504
7687 - 88 1
7687 + 88
7688 # 1504
7688 - 88 1
7688 + 88
7689 # 1504
7689 - 88 1
7689 + 88
7690 # 1504
7690 - 88 1
7690 + 88
7691 # 1504
7691 - 88 1
7691 + 88
7691 + 108
7692 # 1504
7692 - 88 1
7692 - 108 1
7692 + 88
7693 # 1504
7693 - 88 1
7693 + 88
7694 # 1504
7694 - 88 1
7694 + 88
7695 # 1504
7695 - 88 1
7695 + 88
7696 # 1504
7696 - 88 1
7696 + 88
7697 # 1504
7697 - 88 1
7697 + 88
7698 # 1504
7698 - 88 1
7698 + 88
7699 # 1504
7699 - 88 1
7699 + 88
7700 # 1504
7700 - 88 1
7701 # 1504
7701 + 88
7702 # 1504
7702 - 88 1
7702 + 88
7702 + 108
7703 # 1504
7703 - 88 1
7703 - 108 1
7703 + 88
7703 + 88
7704 # 1504
7704 - 88 1
7704 - 88 1
7705 # 1504
7705 + 88
7706 # 1504
7706 - 88 1
7706 + 88
7706 + 88
7707 # 1504
7707 - 88 1
7707 - 88 1
7707 + 88
7708 # 1504
7708 - 88 1
7708 + 88
7709 # 1504
7709 - 88 1
7709 + 88
7709 + 88
7710 # 1504
7710 - 88 1
7710 - 88 1
7710 + 88
7711 # 1504
7711 - 88 1
7711 + 88
7712 # 1504
7712 - 88 1
7712 + 88
7712 + 108
7713 # 1504
7713 - 88 1
7713 - 108 1
7713 + 88
7714 # 1504
7714 - 88 1
7714 + 88
7715 # 1504
7715 - 88 1
7715 + 88
7716 # 1504
7716 - 88 1
7717 # 1504
7717 + 88
7717 + 88
7718 # 1504
7718 - 88 1
7718 - 88 1
7718 + 88
7719 # 1504
7719 - 88 1
7719 + 88
7720 # 1504
7720 - 88 1
7720 + 88
7720 + 100
7721 # 1504
7721 - 88 1
7721 - 100 1
7721 + 88
7722 # 1504
7722 - 88 1
7722 + 88
7723 # 1504
7723 - 88 1
7723 + 88
7724 # 1504
7724 - 88 1
7724 + 88
7725 # 1504
7725 - 88 1
7725 + 88
7726 # 1504
7726 - 88 1
7726 + 88
7727 # 1504
7727 - 88 1
7728 # 1504
7728 + 88
7728 + 88
7729 # 1504
7729 - 88 1
7729 - 88 1
7729 + 88
7729 + 88
7730 # 1504
7730 - 88 1
7730 - 88 1
7730 + 88
7731 # 1504
7731 - 88 1
7731 + 88
7731 + 108
7732 # 1504
7732 - 88 1
7732 - 108 1
7732 + 88
7733 # 1504
7733 - 88 1
7733 + 88
7734 # 1504
7734 - 88 1
7734 + 88
7735 # 1504
7735 - 88 1
7736 # 1504
7736 + 88
7736 + 88
7737 # 1504
7737 - 88 1
7737 - 88 1
7737 + 88
7738 # 1504
7738 - 88 1
7738 + 88
7739 # 1504
7739 - 88 1
7739 + 88
7740 # 1504
7740 - 88 1
7740 + 88
7741 # 1504
7741 - 88 1
7741 + 88
7741 + 108
7742 # 1504
7742 - 88 1
7742 - 108 1
7743 # 1504
7743 + 88
7743 + 88
7744 # 1504
7744 - 88 1
7744 - 88 1
7744 + 88
7745 # 1504
7745 - 88 1
7745 + 88
7746 # 1504
7746 - 88 1
7746 + 88
7747 # 1504
7747 - 88 1
7747 + 88
7748 # 1504
7748 - 88 1
7748 + 88
7749 # 1504
7749 - 88 1
7749 + 88
7750 # 1504
7750 - 88 1
7750 + 88
7751 # 1504
7751 - 88 1
7751 + 88
7752 # 1504
7752 - 88 1
7752 + 88
7752 + 108
7753 # 1504
7753 - 88 1
7753 - 108 1
7753 + 88
7754 # 1504
7754 - 88 1
7754 + 88
7755 # 1504
7755 - 88 1
7755 + 88
7756 # 1504
7756 - 88 1
7756 + 88
7756 + 88
7757 # 1504
7757 - 88 1
7757 - 88 1
7757 + 88
7758 # 1504
7758 - 88 1
7758 + 88
7759 # 1504
7759 - 88 1
7759 + 88
7760 # 1504
7760 - 88 1
7761 # 1504
7761 + 88
7762 # 1504
7762 - 88 1
7762 + 88
7762 + 88
7763 # 1504
7763 - 88 1
7763 - 88 1
7763 + 88
7763 + 108
7764 # 1504
7764 - 88 1
7764 - 108 1
7764 + 88
7765 # 1504
7765 - 88 1
7765 + 88
7766 # 1504
7766 - 88 1
7766 + 88
7767 # 1504
7767 - 88 1
7767 + 88
7768 # 1504
7768 - 88 1
7768 + 88
7769 # 1504
7769 - 88 1
7769 + 88
7770 # 1504
7770 - 88 1
7770 + 88
7771 # 1504
7771 - 88 1
7771 + 88
7772 # 1504
7772 - 88 1
7772 + 88
7773 # 1504
7773 - 88 1
7773 + 88
7773 + 108
7774 # 1504
7774 - 88 1
7774 - 108 1
7775 # 1504
7775 + 88
7775 + 88
7776 # 1504
7776 - 88 1
7776 - 88 1
7776 + 88
7777 # 1504
7777 - 88 1
7777 + 88
7778 # 1504
7778 - 88 1
7778 + 88
7779 # 1504
7779 - 88 1
7779 + 88
7780 # 1504
7780 - 88 1
7780 + 88
7781 # 1504
7781 - 88 1
7781 + 88
7782 # 1504
7782 - 88 1
7783 # 1504
7783 + 88
7783 + 88
7783 + 88
7784 # 1504
7784 - 88 1
7784 - 88 1
7784 - 88 1
7784 + 88
7784 + 108
7785 # 1504
7785 - 88 1
7785 - 108 1
7785 + 88
7786 # 1504
7786 - 88 1
7786 + 88
7787 # 1504
7787 - 88 1
7788 # 1504
7788 + 88
7788 + 88
7789 # 1504
7789 - 88 1
7789 - 88 1
7789 + 88
7790 # 1504
7790 - 88 1
7790 + 88
7791 # 1504
7791 - 88 1
7791 + 88
7791 + 100
7792 # 1504
7792 - 88 1
7792 - 100 1
7793 # 1504
7793 + 88
7793 + 88
7794 # 1504
7794 - 88 1
7794 - 88 1
7794 + 88
7795 # 1504
7795 - 88 1
7795 + 88
7796 # 1504
7796 - 88 1
7796 + 88
7797 # 1504
7797 - 88 1
7798 # 1504
7798 + 88
7798 + 88
7799 # 1504
7799 - 88 1
7799 - 88 1
7799 + 88
7800 # 1504
7800 - 88 1
7800 + 88
7801 # 1504
7801 - 88 1
7801 + 88
7802 # 1504
7802 - 88 1
7802 + 88
7802 + 108
7803 # 1504
7803 - 88 1
7803 - 108 1
7803 + 88
7804 # 1504
7804 - 88 1
7805 # 1504
7805 + 88
7805 + 88
7805 + 88
7806 # 1504
7806 - 88 1
7806 - 88 1
7806 - 88 1
7806 + 88
7807 # 1504
7807 - 88 1
7807 + 88
7808 # 1504
7808 - 88 1
7808 + 88
7809 # 1504
7809 - 88 1
7809 + 88
7810 # 1504
7810 - 88 1
7811 # 1504
7811 + 88
7812 # 1504
7812 - 88 1
7812 + 88
7812 + 88
7813 # 1504
7813 - 88 1
7813 - 88 1
7813 + 88
7813 + 108
7814 # 1504
7814 - 88 1
7814 - 108 1
7814 + 88
7815 # 1504
7815 - 88 1
7815 + 88
7816 # 1504
7816 - 88 1
7817 # 1504
7818 # 1504
7818 + 88
7819 # 1504
7819 - 88 1
7819 + 88
7820 # 1504
7820 - 88 1
7821 # 1504
7821 + 88
7822 # 1504
7822 - 88 1
7823 # 1504
7823 + 88
7824 # 1504
7824 - 88 1
7824 + 88
7824 + 108
7825 # 1504
7825 - 88 1
7825 - 108 1
7826 # 1504
7826 + 88
7827 # 1504
7827 - 88 1
7828 # 1504
7828 + 88
7829 # 1504
7829 - 88 1
7830 # 1504
7830 + 88
7831 # 1504
7831 - 88 1
7832 # 1504
7832 + 88
7833 # 1504
7833 - 88 1
7833 + 88
7834 # 1504
7834 - 88 1
7835 # 1504
7835 + 88
7835 + 108
7836 # 1504
7836 - 88 1
7836 - 108 1
7837 # 1504
7837 + 88
7838 # 1504
7838 - 88 1
7839 # 1504
7839 + 88
7840 # 1504
7840 - 88 1
7841 # 1504
7841 + 88
7842 # 1504
7842 - 88 1
7843 # 1504
7843 + 88
7844 # 1504
7844 - 88 1
7845 # 1504
7845 + 88
7846 # 1504
7846 - 88 1
7846 + 88
7846 + 108
7847 # 1504
7847 - 88 1
7847 - 108 1
7847 + 88
7848 # 1504
7848 - 88 1
7849 # 1504
7849 + 88
7850 # 1504
7850 - 88 1
7851 # 1504
7851 + 88
7852 # 1504
7852 - 88 1
7852 + 88
7853 # 1504
7853 - 88 1
7854 # 1504
7854 + 88
7855 # 1504
7855 - 88 1
7856 # 1504
7856 + 88
7857 # 1504
7857 - 88 1
7857 + 88
7857 + 108
7858 # 1504
7858 - 88 1
7858 - 108 1
7858 + 88
7859 # 1504
7859 - 88 1
7860 # 1504
7860 + 88
7861 # 1504
7861 - 88 1
7862 # 1504
7862 + 88
7863 # 1504
7863 - 88 1
7864 # 1504
7864 + 88
7865 # 1504
7865 - 88 1
7865 + 88
7866 # 1504
7866 - 88 1
7867 # 1504
7867 + 88
7868 # 1504
7868 - 88 1
7868 + 88
7868 + 108
7869 # 1504
7869 - 88 1
7869 - 108 1
7870 # 1504
7870 + 88
7871 # 1504
7871 - 88 1
7872 # 1504
7872 + 88
7873 # 1504
7873 - 88 1
7874 # 1504
7874 + 88
7875 # 1504
7875 - 88 1
7875 + 88
7876 # 1504
7876 - 88 1
7876 + 88
7877 # 1504
7877 - 88 1
7878 # 1504
7878 + 88
7879 # 1504
7879 - 88 1
7880 # 1504
7880 + 88
7880 + 108
7881 # 1504
7881 - 88 1
7881 - 108 1
7881 + 88
7882 # 1504
7882 - 88 1
7883 # 1504
7884 # 1504
7884 + 88
7884 + 88
7885 # 1504
7885 - 88 1
7885 - 88 1
7885 + 88
7886 # 1504
7886 - 88 1
7887 # 1504
7887 + 88
7888 # 1504
7888 - 88 1
7888 + 88
7889 # 1504
7889 - 88 1
7890 # 1504
7890 + 88
7891 # 1504
7891 - 88 1
7891 + 88
7891 + 108
7892 # 1504
7892 - 88 1
7892 - 108 1
7893 # 1504
7893 + 88
7894 # 1504
7894 - 88 1
7895 # 1504
7895 + 88
7896 # 1504
7896 - 88 1
7896 + 88
7896 + 100
7897 # 1504
7897 - 88 1
7897 - 100 1
7898 # 1504
7899 # 1504
7899 + 88
7900 # 1504
7900 - 88 1
7900 + 88
7901 # 1504
7901 - 88 1
7901 + 88
7902 # 1504
7902 - 88 1
7903 # 1504
7903 + 88
7904 # 1504
7904 - 88 1
7905 # 1504
7905 + 88
7906 # 1504
7906 - 88 1
7906 + 88
7907 # 1504
7907 - 88 1
7907 + 108
7908 # 1504
7908 - 108 1
7908 + 88
7909 # 1504
7909 - 88 1
7910 # 1504
7910 + 88
7911 # 1504
7911 - 88 1
7912 # 1504
7912 + 88
7913 # 1504
7913 - 88 1
7913 + 88
7914 # 1504
7914 - 88 1
7915 # 1504
7915 + 88
7916 # 1504
7916 - 88 1
7917 # 1504
7917 + 88
7917 + 108
7918 # 1504
7918 - 88 1
7918 - 108 1
7918 + 88
7919 # 1504
7919 - 88 1
7920 # 1504
7920 + 88
7921 # 1504
7921 - 88 1
7922 # 1504
7922 + 88
7923 # 1504
7923 - 88 1
7924 # 1504
7924 + 88
7925 # 1504
7925 - 88 1
7925 + 88
7926 # 1504
7926 - 88 1
7927 # 1504
7927 + 88
7928 # 1504
7928 - 88 1
7928 + 88
7928 + 108
7929 # 1504
7929 - 88 1
7929 - 108 1
7930 # 1504
7930 + 88
7931 # 1504
7931 - 88 1
7932 # 1504
7933 # 1504
7933 + 88
7933 + 88
7934 # 1504
7934 - 88 1
7934 - 88 1
7934 + 88
7935 # 1504
7935 - 88 1
7936 # 1504
7936 + 88
7937 # 1504
7937 - 88 1
7937 + 88
7938 # 1504
7938 - 88 1
7939 # 1504
7939 + 88
7939 + 108
7940 # 1504
7940 - 88 1
7940 - 108 1
7940 + 88
7941 # 1504
7941 - 88 1
7942 # 1504
7942 + 88
7943 # 1504
7943 - 88 1
7944 # 1504
7944 + 88
7945 # 1504
7945 - 88 1
7945 + 88
7946 # 1504
7946 - 88 1
7946 + 88
7947 # 1504
7947 - 88 1
7948 # 1504
7948 + 88
7949 # 1504
7949 - 88 1
7949 + 88
7949 + 108
7950 # 1504
7950 - 88 1
7950 - 108 1
7951 # 1504
7951 + 88
7952 # 1504
7952 - 88 1
7953 # 1504
7954 # 1504
7954 + 88
7954 + 88
7955 # 1504
7955 - 88 1
7955 - 88 1
7955 + 88
7956 # 1504
7956 - 88 1
7956 + 88
7957 # 1504
7957 - 88 1
7958 # 1504
7958 + 88
7959 # 1504
7959 - 88 1
7959 + 88
7960 # 1504
7960 - 88 1
7961 # 1504
7961 + 88
7961 + 108
7962 # 1504
7962 - 88 1
7962 - 108 1
7962 + 88
7963 # 1504
7963 - 88 1
7964 # 1504
7964 + 88
7965 # 1504
7965 - 88 1
7965 + 88
7966 # 1504
7966 - 88 1
7967 # 1504
7967 + 88
7968 # 1504
7968 - 88 1
7968 + 88
7969 # 1504
7969 - 88 1
7969 + 88
7970 # 1504
7970 - 88 1
7971 # 1504
7971 + 88
7971 + 108
7972 # 1504
7972 - 88 1
7972 - 108 1
7972 + 88
7973 # 1504
7973 - 88 1
7974 # 1504
7974 + 88
7975 # 1504
7975 - 88 1
7976 # 1504
7976 + 88
7977 # 1504
7977 - 88 1
7977 + 88
7978 # 1504
7978 - 88 1
7979 # 1504
7979 + 88
7980 # 1504
7980 - 88 1
7980 + 88
7981 # 1504
7981 - 88 1
7982 # 1504
7982 + 88
7982 + 108
7983 # 1504
7983 - 88 1
7983 - 108 1
7984 # 1504
7984 + 88
7985 # 1504
7985 - 88 1
7985 + 88
7986 # 1504
7986 - 88 1
7986 + 88
7987 # 1504
7987 - 88 1
7988 # 1504
7988 + 88
7989 # 1504
7989 - 88 1
7989 + 88
7990 # 1504
7990 - 88 1
7991 # 1504
7991 + 88
7992 # 1504
7992 - 88 1
7992 + 88
7993 # 1504
7993 - 88 1
7993 + 108
7994 # 1504
7994 - 108 1
7994 + 88
7995 # 1504
7995 - 88 1
7996 # 1504
7996 + 88
7997 # 1504
7997 - 88 1
7998 # 1504
7998 + 88
7999 # 1504
7999 - 88 1
7999 + 88
8000 # 1504
8000 - 88 1
8001 # 1504
8001 + 88
8002 # 1504
8002 - 88 1
8002 + 88
8003 # 1504
8003 - 88 1
8004 # 1504
8004 + 88
8004 + 108
8005 # 1504
8005 - 88 1
8005 - 108 1
8005 + 88
8006 # 1504
8006 - 88 1
8007 # 1504
8007 + 88
8008 # 1504
8008 - 88 1
8009 # 1504
8009 + 88
8010 # 1504
8010 - 88 1
8011 # 1504
8011 + 88
8012 # 1504
8012 - 88 1
8013 # 1504
8013 + 88
8013 + 100
8014 # 1504
8014 - 88 1
8014 - 100 1
8014 + 88
8015 # 1504
8015 - 88 1
8016 # 1504
8016 + 88
8017 # 1504
8017 - 88 1
8018 # 1504
8018 + 88
8019 # 1504
8019 - 88 1
8019 + 88
8020 # 1504
8020 - 88 1
8020 + 88
8021 # 1504
8021 - 88 1
8022 # 1504
8022 + 88
8023 # 1504
8023 - 88 1
8024 # 1504
8024 + 88
8024 + 108
8025 # 1504
8025 - 88 1
8025 - 108 1
8025 + 88
8026 # 1504
8026 - 88 1
8027 # 1504
8027 + 88
8028 # 1504
8028 - 88 1
8028 + 88
8029 # 1504
8029 - 88 1
8029 + 88
8030 # 1504
8030 - 88 1
8031 # 1504
8031 + 88
8032 # 1504
8032 - 88 1
8032 + 88
8033 # 1504
8033 - 88 1
8034 # 1504
8034 + 88
8034 + 108
8035 # 1504
8035 - 88 1
8035 - 108 1
8035 + 88
8036 # 1504
8036 - 88 1
8037 # 1504
8037 + 88
8038 # 1504
8038 - 88 1
8038 + 88
8039 # 1504
8039 - 88 1
8040 # 1504
8040 + 88
8041 # 1504
8041 - 88 1
8041 + 88
8042 # 1504
8042 - 88 1
8043 # 1504
8043 + 88
8044 # 1504
8044 - 88 1
8044 + 88
8044 + 108
8045 # 1504
8045 - 88 1
8045 - 108 1
8046 # 1504
8046 + 88
8047 # 1504
8047 - 88 1
8047 + 88
8048 # 1504
8048 - 88 1
8049 # 1504
8049 + 88
8050 # 1504
8050 - 88 1
8051 # 1504
8051 + 88
8052 # 1504
8052 - 88 1
8053 # 1504
8053 + 88
8054 # 1504
8054 - 88 1
8054 + 88
8055 # 1504
8055 - 88 1
8056 # 1504
8056 + 88
8056 + 108
8057 # 1504
8057 - 88 1
8057 - 108 1
8058 # 1504
8058 + 88
8059 # 1504
8059 - 88 1
8060 # 1504
8060 + 88
8061 # 1504
8061 - 88 1
8061 + 88
8062 # 1504
8062 - 88 1
8063 # 1504
8063 + 88
8064 # 1504
8064 - 88 1
8065 # 1504
8065 + 88
8066 # 1504
8066 - 88 1
8066 + 88
8067 # 1504
8067 - 88 1
8068 # 1504
8068 + 88
8068 + 108
8069 # 1504
8069 - 88 1
8069 - 108 1
8069 + 88
8070 # 1504
8070 - 88 1
8071 # 1504
8071 + 88
8072 # 1504
8072 - 88 1
8072 + 88
8073 # 1504
8073 - 88 1
8073 + 88
8074 # 1504
8074 - 88 1
8075 # 1504
8075 + 88
8076 # 1504
8076 - 88 1
8076 + 88
8077 # 1504
8077 - 88 1
8078 # 1504
8078 + 88
8078 + 108
8079 # 1504
8079 - 88 1
8079 - 108 1
8079 + 88
8080 # 1504
8080 - 88 1
8081 # 1504
8081 + 88
8082 # 1504
8082 - 88 1
8083 # 1504
8083 + 88
8084 # 1504
8084 - 88 1
8084 + 88
8085 # 1504
8085 - 88 1
8086 # 1504
8086 + 88
8087 # 1504
8087 - 88 1
8087 + 88
8088 # 1504
8088 - 88 1
8089 # 1504
8089 + 88
8089 + 108
8090 # 1504
8090 - 88 1
8090 - 108 1
8090 + 88
8091 # 1504
8091 - 88 1
8092 # 1504
8092 + 88
8093 # 1504
8093 - 88 1
8094 # 1504
8094 + 88
8095 # 1504
8095 - 88 1
8095 + 88
8096 # 1504
8096 - 88 1
8097 # 1504
8097 + 88
8098 # 1504
8098 - 88 1
8098 + 88
8099 # 1504
8099 - 88 1
8099 + 88
8099 + 108
8100 # 1504
8100 - 88 1
8100 - 108 1
8101 # 1504
8101 + 88
8102 # 1504
8102 - 88 1
8102 + 88
8103 # 1504
8103 - 88 1
8104 # 1504
8104 + 88
8105 # 1504
8105 - 88 1
8105 + 88
8106 # 1504
8106 - 88 1
8107 # 1504
8107 + 88
8108 # 1504
8108 - 88 1
8108 + 88
8109 # 1504
8109 - 88 1
8109 + 88
8110 # 1504
8110 - 88 1
8111 # 1504
8111 + 88
8111 + 108
8112 # 1504
8112 - 88 1
8112 - 108 1
8112 + 88
8113 # 1504
8113 - 88 1
8114 # 1504
8115 # 1504
8115 + 88
8115 + 88
8116 # 1504
8116 - 88 1
8116 - 88 1
8116 + 88
8117 # 1504
8117 - 88 1
8117 + 88
8118 # 1504
8118 - 88 1
8119 # 1504
8119 + 88
8120 # 1504
8120 - 88 1
8120 + 88
8121 # 1504
8121 - 88 1
8122 # 1504
8122 + 88
8122 + 108
8123 # 1504
8123 - 88 1
8123 - 108 1
8123 + 88
8124 # 1504
8124 - 88 1
8125 # 1504
8125 + 88
8125 + 100
8126 # 1504
8126 - 88 1
8126 - 100 1
8126 + 88
8127 # 1504
8127 - 88 1
8128 # 1504
8128 + 88
8129 # 1504
8129 - 88 1
8129 + 88
8130 # 1504
8130 - 88 1
8131 # 1504
8131 + 88
8132 # 1504
8132 - 88 1
8133 # 1504
8133 + 88
8134 # 1504
8134 - 88 1
8134 + 88
8135 # 1504
8135 - 88 1
8136 # 1504
8136 + 88
8136 + 108
8137 # 1504
8137 - 88 1
8137 - 108 1
8137 + 88
8138 # 1504
8138 - 88 1
8139 # 1504
8139 + 88
8140 # 1504
8140 - 88 1
8140 + 88
8141 # 1504
8141 - 88 1
8142 # 1504
8142 + 88
8143 # 1504
8143 - 88 1
8143 + 88
8144 # 1504
8144 - 88 1
8145 # 1504
8145 + 88
8146 # 1504
8146 - 88 1
8146 + 88
8146 + 108
8147 # 1504
8147 - 88 1
8147 - 108 1
8147 + 88
8148 # 1504
8148 - 88 1
8149 # 1504
8149 + 88
8150 # 1504
8150 - 88 1
8151 # 1504
8151 + 88
8152 # 1504
8152 - 88 1
8152 + 88
8153 # 1504
8153 - 88 1
8153 + 88
8154 # 1504
8154 - 88 1
8154 + 88
8155 # 1504
8155 - 88 1
8156 # 1504
8156 + 88
8157 # 1504
8157 - 88 1
8157 + 88
8157 + 108
8158 # 1504
8158 - 88 1
8158 - 108 1
8158 + 88
8159 # 1504
8159 - 88 1
8160 # 1504
8160 + 88
8161 # 1504
8161 - 88 1
8161 + 88
8162 # 1504
8162 - 88 1
8162 + 88
8163 # 1504
8163 - 88 1
8164 # 1504
8164 + 88
8165 # 1504
8165 - 88 1
8165 + 88
8166 # 1504
8166 - 88 1
8166 + 88
8167 # 1504
8167 - 88 1
8168 # 1504
8168 + 88
8168 + 108
8169 # 1504
8169 - 88 1
8169 - 108 1
8169 + 88
8170 # 1504
8170 - 88 1
8171 # 1504
8171 + 88
8172 # 1504
8172 - 88 1
8172 + 88
8173 # 1504
8173 - 88 1
8174 # 1504
8174 + 88
8175 # 1504
8175 - 88 1
8175 + 88
8176 # 1504
8176 - 88 1
8177 # 1504
8177 + 88
8178 # 1504
8178 - 88 1
8178 + 88
8178 + 108
8179 # 1504
8179 - 88 1
8179 - 108 1
8180 # 1504
8180 + 88
8181 # 1504
8181 - 88 1
8181 + 88
8182 # 1504
8182 - 88 1
8182 + 88
8183 # 1504
8183 - 88 1
8184 # 1504
8184 + 88
8185 # 1504
8185 - 88 1
8185 + 88
8186 # 1504
8186 - 88 1
8186 + 88
8187 # 1504
8187 - 88 1
8188 # 1504
8188 + 88
8189 # 1504
8189 - 88 1
8189 + 88
8189 + 108
8190 # 1504
8190 - 88 1
8190 - 108 1
8190 + 88
8191 # 1504
8191 - 88 1
8192 # 1504
8192 + 88
8193 # 1504
8193 - 88 1
8193 + 88
8194 # 1504
8194 - 88 1
8194 + 88
8195 # 1504
8195 - 88 1
8195 + 88
8196 # 1504
8196 - 88 1
8197 # 1504
8197 + 88
8198 # 1504
8198 - 88 1
8198 + 88
8199 # 1504
8199 - 88 1
8199 + 88
8200 # 1504
8200 - 88 1
8200 + 88
8200 + 108
8201 # 1504
8201 - 88 1
8201 - 108 1
8201 + 88
8202 # 1504
8202 - 88 1
8203 # 1504
8203 + 88
8204 # 1504
8204 - 88 1
8204 + 88
8205 # 1504
8205 - 88 1
8205 + 88
8206 # 1504
8206 - 88 1
8206 + 88
8207 # 1504
8207 - 88 1
8208 # 1504
8208 + 88
8209 # 1504
8209 - 88 1
8209 + 88
8210 # 1504
8210 - 88 1
8210 + 88
8210 + 108
8211 # 1504
8211 - 88 1
8211 - 108 1
8212 # 1504
8212 + 88
8213 # 1504
8213 - 88 1
8213 + 88
8214 # 1504
8214 - 88 1
8214 + 88
8215 # 1504
8215 - 88 1
8216 # 1504
8216 + 88
8217 # 1504
8217 - 88 1
8217 + 88
8218 # 1504
8218 - 88 1
8219 # 1504
8219 + 88
8220 # 1504
8220 - 88 1
8220 + 88
8221 # 1504
8221 - 88 1
8221 + 88
8221 + 108
8222 # 1504
8222 - 88 1
8222 - 108 1
8222 + 88
8223 # 1504
8223 - 88 1
8224 # 1504
8224 + 88
8225 # 1504
8225 - 88 1
8225 + 88
8226 # 1504
8226 - 88 1
8226 + 88
8226 + 100
8227 # 1504
8227 - 88 1
8227 - 100 1
8227 + 88
8228 # 1504
8228 - 88 1
8228 + 88
8229 # 1504
8229 - 88 1
8230 # 1504
8230 + 88
8231 # 1504
8231 - 88 1
8231 + 88
8232 # 1504
8232 - 88 1
8232 + 88
8233 # 1504
8233 - 88 1
8233 + 88
8234 # 1504
8234 - 88 1
8235 # 1504
8235 + 88
8236 # 1504
8236 - 88 1
8236 + 88
8236 + 108
8237 # 1504
8237 - 88 1
8237 - 108 1
8237 + 88
8238 # 1504
8238 - 88 1
8239 # 1504
8239 + 88
8240 # 1504
8240 - 88 1
8240 + 88
8241 # 1504
8241 - 88 1
8241 + 88
8242 # 1504
8242 - 88 1
8242 + 88
8243 # 1504
8243 - 88 1
8244 # 1504
8244 + 88
8245 # 1504
8245 - 88 1
8245 + 88
8246 # 1504
8246 - 88 1
8246 + 88
8247 # 1504
8247 - 88 1
8247 + 88
8247 + 108
8248 # 1504
8248 - 88 1
8248 - 108 1
8248 + 88
8249 # 1504
8249 - 88 1
8250 # 1504
8250 + 88
8251 # 1504
8251 - 88 1
8251 + 88
8252 # 1504
8252 - 88 1
8252 + 88
8253 # 1504
8253 - 88 1
8253 + 88
8254 # 1504
8254 - 88 1
8254 + 88
8255 # 1504
8255 - 88 1
8255 + 88
8256 # 1504
8256 - 88 1
8256 + 88
8257 # 1504
8257 - 88 1
8258 # 1504
8258 + 88
8258 + 108
8259 # 1504
8259 - 88 1
8259 - 108 1
8259 + 88
8260 # 1504
8260 - 88 1
8261 # 1504
8261 + 88
8261 + 88
8262 # 1504
8262 - 88 1
8262 - 88 1
8263 # 1504
8263 + 88
8263 + 88
8264 # 1504
8264 - 88 1
8264 - 88 1
8265 # 1504
8265 + 88
8266 # 1504
8266 - 88 1
8267 # 1504
8267 + 88
8268 # 1504
8268 - 88 1
8268 + 88
8268 + 108
8269 # 1504
8269 - 88 1
8269 - 108 1
8269 + 88
8270 # 1504
8270 - 88 1
8270 + 88
8271 # 1504
8271 - 88 1
8272 # 1504
8272 + 88
8273 # 1504
8273 - 88 1
8273 + 88
8274 # 1504
8274 - 88 1
8274 + 88
8275 # 1504
8275 - 88 1
8275 + 88
8276 # 1504
8276 - 88 1
8276 + 88
8277 # 1504
8277 - 88 1
8278 # 1504
8278 + 88
8279 # 1504
8279 - 88 1
8279 + 88
8279 + 108
8280 # 1504
8280 - 88 1
8280 - 108 1
8280 + 88
8281 # 1504
8281 - 88 1
8281 + 88
8282 # 1504
8282 - 88 1
8282 + 88
8283 # 1504
8283 - 88 1
8284 # 1504
8284 + 88
8285 # 1504
8285 - 88 1
8285 + 88
8286 # 1504
8286 - 88 1
8286 + 88
8287 # 1504
8287 - 88 1
8288 # 1504
8288 + 88
8289 # 1504
8289 - 88 1
8289 + 88
8289 + 108
8290 # 1504
8290 - 88 1
8290 - 108 1
8290 + 88
8291 # 1504
8291 - 88 1
8292 # 1504
8292 + 88
8293 # 1504
8293 - 88 1
8293 + 88
8294 # 1504
8294 - 88 1
8294 + 88
8295 # 1504
8295 - 88 1
8296 # 1504
8296 + 88
8297 # 1504
8297 - 88 1
8297 + 88
8298 # 1504
8298 - 88 1
8299 # 1504
8299 + 88
8299 + 108
8299 + 88
8300 # 1504
8300 - 88 1
8300 - 108 1
8300 - 88 1
8301 # 1504
8301 + 88
8302 # 1504
8302 - 88 1
8302 + 88
8303 # 1504
8303 - 88 1
8303 + 88
8304 # 1504
8304 - 88 1
8304 + 88
8305 # 1504
8305 - 88 1
8306 # 1504
8306 + 88
8307 # 1504
8307 - 88 1
8307 + 88
8308 # 1504
8308 - 88 1
8308 + 88
8309 # 1504
8309 - 88 1
8309 + 88
8309 + 108
8310 # 1504
8310 - 88 1
8310 - 108 1
8311 # 1504
8311 + 88
8312 # 1504
8312 - 88 1
8313 # 1504
8313 + 88
8313 + 88
8314 # 1504
8314 - 88 1
8314 - 88 1
8315 # 1504
8315 + 88
8316 # 1504
8316 - 88 1
8316 + 88
8317 # 1504
8317 - 88 1
8318 # 1504
8318 + 88
8319 # 1504
8319 - 88 1
8319 + 88
8319 + 100
8320 # 1504
8320 - 88 1
8320 - 100 1
8320 + 88
8321 # 1504
8321 - 88 1
8321 + 88
8322 # 1504
8322 - 88 1
8323 # 1504
8323 + 88
8324 # 1504
8324 - 88 1
8324 + 88
8325 # 1504
8325 - 88 1
8325 + 88
8326 # 1504
8326 - 88 1
8327 # 1504
8327 + 88
8328 # 1504
8328 - 88 1
8328 + 88
8329 # 1504
8329 - 88 1
8329 + 88
8330 # 1504
8330 - 88 1
8330 + 88
8330 + 108
8331 # 1504
8331 - 88 1
8331 - 108 1
8332 # 1504
8332 + 88
8332 + 88
8333 # 1504
8333 - 88 1
8333 - 88 1
8334 # 1504
8334 + 88
8335 # 1504
8335 - 88 1
8335 + 88
8336 # 1504
8336 - 88 1
8336 + 88
8337 # 1504
8337 - 88 1
8338 # 1504
8338 + 88
8339 # 1504
8339 - 88 1
8339 + 88
8340 # 1504
8340 - 88 1
8341 # 1504
8341 + 88
8341 + 108
8342 # 1504
8342 - 88 1
8342 - 108 1
8342 + 88
8343 # 1504
8343 - 88 1
8343 + 88
8344 # 1504
8344 - 88 1
8344 + 88
8345 # 1504
8345 - 88 1
8346 # 1504
8346 + 88
8347 # 1504
8347 - 88 1
8347 + 88
8348 # 1504
8348 - 88 1
8348 + 88
8349 # 1504
8349 - 88 1
8349 + 88
8350 # 1504
8350 - 88 1
8350 + 88
8351 # 1504
8351 - 88 1
8351 + 88
8351 + 108
8352 # 1504
8352 - 88 1
8352 - 108 1
8352 + 88
8353 # 1504
8353 - 88 1
8354 # 1504
8354 + 88
8355 # 1504
8355 - 88 1
8355 + 88
8356 # 1504
8356 - 88 1
8356 + 88
8357 # 1504
8357 - 88 1
8357 + 88
8358 # 1504
8358 - 88 1
8358 + 88
8359 # 1504
8359 - 88 1
8359 + 88
8360 # 1504
8360 - 88 1
8360 + 88
8361 # 1504
8361 - 88 1
8362 # 1504
8362 + 88
8362 + 108
8363 # 1504
8363 - 88 1
8363 - 108 1
8363 + 88
8364 # 1504
8364 - 88 1
8364 + 88
8365 # 1504
8365 - 88 1
8365 + 88
8366 # 1504
8366 - 88 1
8366 + 88
8367 # 1504
8367 - 88 1
8367 + 88
8368 # 1504
8368 - 88 1
8369 # 1504
8369 + 88
8370 # 1504
8370 - 88 1
8370 + 88
8371 # 1504
8371 - 88 1
8371 + 88
8372 # 1504
8372 - 88 1
8373 # 1504
8373 + 88
8373 + 108
8374 # 1504
8374 - 88 1
8374 - 108 1
8374 + 88
8374 + 88
8375 # 1504
8375 - 88 1
8375 - 88 1
8376 # 1504
8377 # 1504
8377 + 88
8378 # 1504
8378 - 88 1
8378 + 88
8379 # 1504
8379 - 88 1
8379 + 88
8380 # 1504
8380 - 88 1
8380 + 88
8381 # 1504
8381 - 88 1
8381 + 88
8382 # 1504
8382 - 88 1
8383 # 1504
8383 + 88
8383 + 108
8384 # 1504
8384 - 88 1
8384 - 108 1
8384 + 88
8385 # 1504
8385 - 88 1
8385 + 88
8386 # 1504
8386 - 88 1
8386 + 88
8387 # 1504
8387 - 88 1
8387 + 88
8388 # 1504
8388 - 88 1
8389 # 1504
8389 + 88
8390 # 1504
8390 - 88 1
8390 + 88
8391 # 1504
8391 - 88 1
8391 + 88
8392 # 1504
8392 - 88 1
8392 + 88
8393 # 1504
8393 - 88 1
8393 + 88
8393 + 108
8394 # 1504
8394 - 88 1
8394 - 108 1
8395 # 1504
8395 + 88
8396 # 1504
8396 - 88 1
8396 + 88
8397 # 1504
8397 - 88 1
8397 + 88
8398 # 1504
8398 - 88 1
8398 + 88
8399 # 1504
8399 - 88 1
8400 # 1504
8400 + 88
8401 # 1504
8401 - 88 1
8401 + 88
8402 # 1504
8402 - 88 1
8403 # 1504
8403 + 88
8404 # 1504
8404 - 88 1
8404 + 88
8404 + 108
8405 # 1504
8405 - 88 1
8405 - 108 1
8406 # 1504
8406 + 88
8406 + 88
8407 # 1504
8407 - 88 1
8407 - 88 1
8408 # 1504
8409 # 1504
8409 + 88
8409 + 88
8410 # 1504
8410 - 88 1
8410 - 88 1
8411 # 1504
8411 + 88
8411 + 100
8411 + 88
8412 # 1504
8412 - 88 1
8412 - 100 1
8412 - 88 1
8412 + 88
8413 # 1504
8413 - 88 1
8413 + 88
8414 # 1504
8414 - 88 1
8414 + 88
8415 # 1504
8415 - 88 1
8416 # 1504
8416 + 88
8416 + 88
8417 # 1504
8417 - 88 1
8417 - 88 1
8418 # 1504
8418 + 88
8419 # 1504
8419 - 88 1
8419 + 88
8420 # 1504
8420 - 88 1
8420 + 88
8421 # 1504
8421 - 88 1
8422 # 1504
8423 # 1504
8423 + 88
8423 + 108
8423 + 88
8424 # 1504
8424 - 88 1
8424 - 108 1
8424 - 88 1
8424 + 88
8424 + 88
8425 # 1504
8425 - 88 1
8425 - 88 1
8426 # 1504
8426 + 88
8427 # 1504
8427 - 88 1
8427 + 88
8428 # 1504
8428 - 88 1
8429 # 1504
8429 + 88
8429 + 88
8430 # 1504
8430 - 88 1
8430 - 88 1
8431 # 1504
8431 + 88
8432 # 1504
8432 - 88 1
8432 + 88
8433 # 1504
8433 - 88 1
8433 + 88
8433 + 108
8434 # 1504
8434 - 88 1
8434 - 108 1
8435 # 1504
8435 + 88
8435 + 88
8436 # 1504
8436 - 88 1
8436 - 88 1
8437 # 1504
8438 # 1504
8438 + 88
8438 + 88
8439 # 1504
8439 - 88 1
8439 - 88 1
8439 + 88
8440 # 1504
8440 - 88 1
8440 + 88
8441 # 1504
8441 - 88 1
8442 # 1504
8442 + 88
8443 # 1504
8443 - 88 1
8443 + 88
8444 # 1504
8444 - 88 1
8444 + 88
8444 + 108
8444 + 88
8445 # 1504
8445 - 88 1
8445 - 108 1
8445 - 88 1
8446 # 1504
8446 + 88
8447 # 1504
8447 - 88 1
8447 + 88
8448 # 1504
8448 - 88 1
8448 + 88
8449 # 1504
8449 - 88 1
8449 + 88
8450 # 1504
8450 - 88 1
8450 + 88
8451 # 1504
8451 - 88 1
8451 + 88
8452 # 1504
8452 - 88 1
8452 + 88
8453 # 1504
8453 - 88 1
8454 # 1504
8454 + 88
8455 # 1504
8455 - 88 1
8455 + 108
8455 + 88
8456 # 1504
8456 - 108 1
8456 - 88 1
8456 + 88
8457 # 1504
8457 - 88 1
8457 + 88
8458 # 1504
8458 - 88 1
8458 + 88
8459 # 1504
8459 - 88 1
8459 + 88
8460 # 1504
8460 - 88 1
8460 + 88
8461 # 1504
8461 - 88 1
8461 + 88
8462 # 1504
8462 - 88 1
8462 + 88
8463 # 1504
8463 - 88 1
8463 + 88
8464 # 1504
8464 - 88 1
8464 + 88
8465 # 1504
8465 - 88 1
8465 + 88
8465 + 108
8466 # 1504
8466 - 88 1
8466 - 108 1
8466 + 88
8467 # 1504
8467 - 88 1
8467 + 88
8468 # 1504
8468 - 88 1
8469 # 1504
8469 + 88
8469 + 88
8470 # 1504
8470 - 88 1
8470 - 88 1
8470 + 88
8471 # 1504
8471 - 88 1
8471 + 88
8472 # 1504
8472 - 88 1
8472 + 88
8473 # 1504
8473 - 88 1
8474 # 1504
8474 + 88
8475 # 1504
8475 - 88 1
8476 # 1504
8476 + 88
8476 + 108
8476 + 88
8477 # 1504
8477 - 88 1
8477 - 108 1
8477 - 88 1
8477 + 88
8478 # 1504
8478 - 88 1
8478 + 88
8479 # 1504
8479 - 88 1
8479 + 88
8480 # 1504
8480 - 88 1
8480 + 88
8481 # 1504
8481 - 88 1
8481 + 88
8482 # 1504
8482 - 88 1
8483 # 1504
8483 + 88
8484 # 1504
8484 - 88 1
8484 + 88
8485 # 1504
8485 - 88 1
8485 + 88
8486 # 1504
8486 - 88 1
8486 + 88
8487 # 1504
8487 - 88 1
8487 + 88
8487 + 108
8488 # 1504
8488 - 88 1
8488 - 108 1
8488 + 88
8489 # 1504
8489 - 88 1
8489 + 88
8490 # 1504
8490 - 88 1
8490 + 88
8491 # 1504
8491 - 88 1
8492 # 1504
8492 + 88
8493 # 1504
8493 - 88 1
8493 + 88
8493 + 100
8494 # 1504
8494 - 88 1
8494 - 100 1
8494 + 88
8495 # 1504
8495 - 88 1
8495 + 88
8496 # 1504
8496 - 88 1
8496 + 88
8497 # 1504
8497 - 88 1
8497 + 88
8498 # 1504
8498 - 88 1
8498 + 88
8499 # 1504
8499 - 88 1
8499 + 88
8500 # 1504
8500 - 88 1
8500 + 88
8501 # 1504
8501 - 88 1
8502 # 1504
8502 + 88
8502 + 88
8503 # 1504
8503 - 88 1
8503 - 88 1
8504 # 1504
8504 + 88
8504 + 108
8505 # 1504
8505 - 88 1
8505 - 108 1
8505 + 88
8505 + 88
8506 # 1504
8506 - 88 1
8506 - 88 1
8507 # 1504
8508 # 1504
8509 # 1504
8509 + 88
8509 + 88
8509 + 88
8510 # 1504
8510 - 88 1
8510 - 88 1
8510 - 88 1
8510 + 88
8511 # 1504
8511 - 88 1
8512 # 1504
8512 + 88
8513 # 1504
8513 - 88 1
8513 + 88
8514 # 1504
8514 - 88 1
8514 + 88
8514 + 108
8515 # 1504
8515 - 88 1
8515 - 108 1
8515 + 88
8516 # 1504
8516 - 88 1
8516 + 88
8517 # 1504
8517 - 88 1
8518 # 1504
8518 + 88
8519 # 1504
8519 - 88 1
8519 + 88
8520 # 1504
8520 - 88 1
8520 + 88
8521 # 1504
8521 - 88 1
8521 + 88
8522 # 1504
8522 - 88 1
8522 + 88
8523 # 1504
8523 - 88 1
8523 + 88
8524 # 1504
8524 - 88 1
8524 + 88
8524 + 108
8525 # 1504
8525 - 88 1
8525 - 108 1
8525 + 88
8526 # 1504
8526 - 88 1
8526 + 88
8527 # 1504
8527 - 88 1
8527 + 88
8528 # 1504
8528 - 88 1
8528 + 88
8529 # 1504
8529 - 88 1
8529 + 88
8530 # 1504
8530 - 88 1
8531 # 1504
8531 + 88
8532 # 1504
8532 - 88 1
8532 + 88
8533 # 1504
8533 - 88 1
8533 + 88
8534 # 1504
8534 - 88 1
8534 + 88
8534 + 108
8535 # 1504
8535 - 88 1
8535 - 108 1
8536 # 1504
8536 + 88
8536 + 88
8537 # 1504
8537 - 88 1
8537 - 88 1
8538 # 1504
8538 + 88
8539 # 1504
8539 - 88 1
8539 + 88
8540 # 1504
8540 - 88 1
8540 + 88
8541 # 1504
8541 - 88 1
8542 # 1504
8542 + 88
8543 # 1504
8543 - 88 1
8543 + 88
8544 # 1504
8544 - 88 1
8544 + 88
8545 # 1504
8545 - 88 1
8545 + 88
8545 + 108
8546 # 1504
8546 - 88 1
8546 - 108 1
8546 + 88
8547 # 1504
8547 - 88 1
8547 + 88
8548 # 1504
8548 - 88 1
8548 + 88
8549 # 1504
8549 - 88 1
8549 + 88
8550 # 1504
8550 - 88 1
8551 # 1504
8551 + 88
8552 # 1504
8552 - 88 1
8552 + 88
8553 # 1504
8553 - 88 1
8553 + 88
8554 # 1504
8554 - 88 1
8554 + 88
8555 # 1504
8555 - 88 1
8555 + 88
8556 # 1504
8556 - 88 1
8556 + 88
8556 + 108
8557 # 1504
8557 - 88 1
8557 - 108 1
8557 + 88
8558 # 1504
8558 - 88 1
8558 + 88
8559 # 1504
8559 - 88 1
8560 # 1504
8561 # 1504
8561 + 88
8561 + 88
8562 # 1504
8562 - 88 1
8562 - 88 1
8562 + 88
8562 + 88
8563 # 1504
8563 - 88 1
8563 - 88 1
8564 # 1504
8564 + 88
8565 # 1504
8565 - 88 1
8565 + 88
8566 # 1504
8566 - 88 1
8566 + 88
8566 + 108
8567 # 1504
8567 - 88 1
8567 - 108 1
8567 + 88
8568 # 1504
8568 - 88 1
8568 + 88
8569 # 1504
8569 - 88 1
8570 # 1504
8570 + 88
8571 # 1504
8571 - 88 1
8571 + 88
8572 # 1504
8572 - 88 1
8572 + 88
8573 # 1504
8573 - 88 1
8573 + 88
8574 # 1504
8574 - 88 1
8575 # 1504
8575 + 88
8575 + 88
8576 # 1504
8576 - 88 1
8576 - 88 1
8577 # 1504
8577 + 88
8577 + 108
8578 # 1504
8578 - 88 1
8578 - 108 1
8578 + 88
8579 # 1504
8579 - 88 1
8579 + 88
8580 # 1504
8580 - 88 1
8580 + 88
8581 # 1504
8581 - 88 1
8581 + 88
8582 # 1504
8582 - 88 1
8582 + 88
8583 # 1504
8583 - 88 1
8584 # 1504
8584 + 88
8585 # 1504
8585 - 88 1
8585 + 88
8586 # 1504
8586 - 88 1
8586 + 88
8587 # 1504
8587 - 88 1
8587 + 88
8587 + 108
8588 # 1504
8588 - 88 1
8588 - 108 1
8589 # 1504
8589 + 88
8589 + 88
8590 # 1504
8590 - 88 1
8590 - 88 1
8591 # 1504
8591 + 88
8592 # 1504
8592 - 88 1
8592 + 88
8593 # 1504
8593 - 88 1
8594 # 1504
8594 + 88
8595 # 1504
8595 - 88 1
8595 + 88
8596 # 1504
8596 - 88 1
8596 + 88
8597 # 1504
8597 - 88 1
8597 + 88
8598 # 1504
8598 - 88 1
8599 # 1504
8599 + 88
8599 + 108
8600 # 1504
8600 - 88 1
8600 - 108 1
8600 + 88
8601 # 1504
8601 - 88 1
8601 + 88
8602 # 1504
8602 - 88 1
8602 + 88
8603 # 1504
8603 - 88 1
8603 + 88
8604 # 1504
8604 - 88 1
8605 # 1504
8605 + 88
8606 # 1504
8606 - 88 1
8606 + 88
8607 # 1504
8607 - 88 1
8607 + 88
8608 # 1504
8608 - 88 1
8608 + 88
8609 # 1504
8609 - 88 1
8609 + 88
8610 # 1504
8610 - 88 1
8610 + 108
8610 + 88
8611 # 1504
8611 - 108 1
8611 - 88 1
8611 + 88
8612 # 1504
8612 - 88 1
8612 + 88
8613 # 1504
8613 - 88 1
8613 + 88
8614 # 1504
8614 - 88 1
8615 # 1504
8615 + 88
8616 # 1504
8616 - 88 1
8616 + 88
8617 # 1504
8617 - 88 1
8617 + 88
8618 # 1504
8618 - 88 1
8618 + 88
8619 # 1504
8619 - 88 1
8619 + 88
8620 # 1504
8620 - 88 1
8620 + 88
8620 + 108
8621 # 1504
8621 - 88 1
8621 - 108 1
8621 + 88
8622 # 1504
8622 - 88 1
8622 + 88
8623 # 1504
8623 - 88 1
8624 # 1504
8625 # 1504
8625 + 88
8625 + 88
8626 # 1504
8626 - 88 1
8626 - 88 1
8626 + 88
8627 # 1504
8627 - 88 1
8627 + 88
8628 # 1504
8628 - 88 1
8628 + 88
8629 # 1504
8629 - 88 1
8629 + 88
8630 # 1504
8630 - 88 1
8630 + 88
8631 # 1504
8631 - 88 1
8631 + 88
8631 + 108
8632 # 1504
8632 - 88 1
8632 - 108 1
8632 + 88
8633 # 1504
8633 - 88 1
8634 # 1504
8634 + 88
8634 + 88
8635 # 1504
8635 - 88 1
8635 - 88 1
8636 # 1504
8636 + 88
8637 # 1504
8637 - 88 1
8637 + 88
8638 # 1504
8638 - 88 1
8638 + 88
8639 # 1504
8639 - 88 1
8639 + 88
8640 # 1504
8640 - 88 1
8641 # 1504
8641 + 88
8642 # 1504
8642 - 88 1
8642 + 88
8642 + 108
8643 # 1504
8643 - 88 1
8643 - 108 1
8643 + 88
8644 # 1504
8644 - 88 1
8644 + 88
8645 # 1504
8645 - 88 1
8645 + 88
8646 # 1504
8646 - 88 1
8646 + 88
8647 # 1504
8647 - 88 1
8648 # 1504
8648 + 88
8649 # 1504
8649 - 88 1
8649 + 88
8650 # 1504
8650 - 88 1
8650 + 88
8651 # 1504
8651 - 88 1
8651 + 88
8652 # 1504
8652 - 88 1
8652 + 88
8652 + 108
8653 # 1504
8653 - 88 1
8653 - 108 1
8654 # 1504
8654 + 88
8654 + 88
8655 # 1504
8655 - 88 1
8655 - 88 1
8656 # 1504
8656 + 88
8657 # 1504
8657 - 88 1
8657 + 88
8658 # 1504
8658 - 88 1
8658 + 88
8659 # 1504
8659 - 88 1
8659 + 88
8660 # 1504
8660 - 88 1
8660 + 88
8661 # 1504
8661 - 88 1
8662 # 1504
8662 + 88
8663 # 1504
8663 - 88 1
8663 + 88
8663 + 108
8664 # 1504
8664 - 88 1
8664 - 108 1
8664 + 88
8664 + 88
8665 # 1504
8665 - 88 1
8665 - 88 1
8666 # 1504
8667 # 1504
8667 + 88
8667 + 88
8668 # 1504
8668 - 88 1
8668 - 88 1
8668 + 88
8669 # 1504
8669 - 88 1
8669 + 88
8670 # 1504
8670 - 88 1
8670 + 88
8671 # 1504
8671 - 88 1
8671 + 88
8672 # 1504
8672 - 88 1
8672 + 88
8673 # 1504
8673 - 88 1
8674 # 1504
8674 + 88
8674 + 108
8675 # 1504
8675 - 88 1
8675 - 108 1
8675 + 88
8676 # 1504
8676 - 88 1
8676 + 88
8677 # 1504
8677 - 88 1
8677 + 88
8678 # 1504
8678 - 88 1
8678 + 88
8679 # 1504
8679 - 88 1
8679 + 88
8680 # 1504
8680 - 88 1
8680 + 88
8681 # 1504
8681 - 88 1
8681 + 88
8682 # 1504
8682 - 88 1
8682 + 88
8683 # 1504
8683 - 88 1
8683 + 88
8684 # 1504
8684 - 88 1
8684 + 88
8684 + 108
8685 # 1504
8685 - 88 1
8685 - 108 1
8686 # 1504
8686 + 88
8686 + 88
8687 # 1504
8687 - 88 1
8687 - 88 1
8688 # 1504
8688 + 88
8689 # 1504
8689 - 88 1
8689 + 88
8690 # 1504
8690 - 88 1
8690 + 88
8691 # 1504
8691 - 88 1
8691 + 88
8692 # 1504
8692 - 88 1
8692 + 88
8693 # 1504
8693 - 88 1
8694 # 1504
8694 + 88
8695 # 1504
8695 - 88 1
8695 + 88
8695 + 108
8696 # 1504
8696 - 88 1
8696 - 108 1
8696 + 88
8697 # 1504
8697 - 88 1
8697 + 88
8698 # 1504
8698 - 88 1
8698 + 88
8699 # 1504
8699 - 88 1
8699 + 88
8700 # 1504
8700 - 88 1
8701 # 1504
8701 + 88
8702 # 1504
8702 - 88 1
8702 + 88
8703 # 1504
8703 - 88 1
8703 + 88
8704 # 1504
8704 - 88 1
8704 + 88
8705 # 1504
8705 - 88 1
8705 + 88
8705 + 108
8706 # 1504
8706 - 88 1
8706 - 108 1
8706 + 88
8707 # 1504
8707 - 88 1
8707 + 88
8708 # 1504
8708 - 88 1
8709 # 1504
8709 + 88
8709 + 88
8710 # 1504
8710 - 88 1
8710 - 88 1
8710 + 88
8711 # 1504
8711 - 88 1
8712 # 1504
8712 + 88
8713 # 1504
8713 - 88 1
8713 + 88
8714 # 1504
8714 - 88 1
8714 + 88
8715 # 1504
8715 - 88 1
8715 + 88
8716 # 1504
8716 - 88 1
8716 + 88
8716 + 108
8717 # 1504
8717 - 88 1
8717 - 108 1
8717 + 88
8718 # 1504
8718 - 88 1
8718 + 88
8719 # 1504
8719 - 88 1
8720 # 1504
8720 + 88
8721 # 1504
8721 - 88 1
8721 + 88
8722 # 1504
8722 - 88 1
8722 + 88
8723 # 1504
8723 - 88 1
8723 + 88
8724 # 1504
8724 - 88 1
8724 + 88
8725 # 1504
8725 - 88 1
8725 + 88
8726 # 1504
8726 - 88 1
8726 + 88
8727 # 1504
8727 - 88 1
8727 + 88
8727 + 108
8728 # 1504
8728 - 88 1
8728 - 108 1
8728 + 88
8729 # 1504
8729 - 88 1
8729 + 88
8730 # 1504
8730 - 88 1
8730 + 88
8731 # 1504
8731 - 88 1
8731 + 88
8732 # 1504
8732 - 88 1
8732 + 88
8733 # 1504
8733 - 88 1
8733 + 88
8734 # 1504
8734 - 88 1
8734 + 88
8735 # 1504
8735 - 88 1
8735 + 88
8736 # 1504
8736 - 88 1
8737 # 1504
8737 + 88
8738 # 1504
8738 - 88 1
8738 + 88
8738 + 108
8739 # 1504
8739 - 88 1
8739 - 108 1
8739 + 88
8739 + 88
8740 # 1504
8740 - 88 1
8740 - 88 1
8741 # 1504
8741 + 88
8742 # 1504
8742 - 88 1
8742 + 88
8743 # 1504
8743 - 88 1
8743 + 88
8744 # 1504
8744 - 88 1
8744 + 88
8744 + 100
8745 # 1504
8745 - 88 1
8745 - 100 1
8745 + 88
8746 # 1504
8746 - 88 1
8746 + 88
8747 # 1504
8747 - 88 1
8748 # 1504
8748 + 88
8749 # 1504
8749 - 88 1
8749 + 88
8750 # 1504
8750 - 88 1
8750 + 88
8751 # 1504
8751 - 88 1
8751 + 88
8752 # 1504
8752 - 88 1
8753 # 1504
8753 + 88
8754 # 1504
8754 - 88 1
8754 + 88
8755 # 1504
8755 - 88 1
8755 + 88
8755 + 108
8756 # 1504
8756 - 88 1
8756 - 108 1
8756 + 88
8757 # 1504
8757 - 88 1
8757 + 88
8758 # 1504
8758 - 88 1
8758 + 88
8759 # 1504
8759 - 88 1
8759 + 88
8760 # 1504
8760 - 88 1
8761 # 1504
8761 + 88
8762 # 1504
8762 - 88 1
8762 + 88
8763 # 1504
8763 - 88 1
8763 + 88
8764 # 1504
8764 - 88 1
8764 + 88
8765 # 1504
8765 - 88 1
8765 + 88
8766 # 1504
8766 - 88 1
8766 + 88
8766 + 108
8767 # 1504
8767 - 88 1
8767 - 108 1
8767 + 88
8768 # 1504
8768 - 88 1
8768 + 88
8769 # 1504
8769 - 88 1
8769 + 88
8770 # 1504
8770 - 88 1
8770 + 88
8771 # 1504
8771 - 88 1
8772 # 1504
8772 + 88
8773 # 1504
8773 - 88 1
8773 + 88
8774 # 1504
8774 - 88 1
8774 + 88
8775 # 1504
8775 - 88 1
8775 + 88
8776 # 1504
8776 - 88 1
8776 + 88
8777 # 1504
8777 - 88 1
8777 + 88
8777 + 108
8778 # 1504
8778 - 88 1
8778 - 108 1
8778 + 88
8779 # 1504
8779 - 88 1
8779 + 88
8780 # 1504
8780 - 88 1
8780 + 88
8781 # 1504
8781 - 88 1
8781 + 88
8782 # 1504
8782 - 88 1
8783 # 1504
8783 + 88
8784 # 1504
8784 - 88 1
8784 + 88
8785 # 1504
8785 - 88 1
8785 + 88
8786 # 1504
8786 - 88 1
8786 + 88
8787 # 1504
8787 - 88 1
8787 + 88
8788 # 1504
8788 - 88 1
8788 + 108
8789 # 1504
8789 - 108 1
8789 + 88
8789 + 88
8790 # 1504
8790 - 88 1
8790 - 88 1
8791 # 1504
8791 + 88
8792 # 1504
8792 - 88 1
8792 + 88
8793 # 1504
8793 - 88 1
8793 + 88
8794 # 1504
8794 - 88 1
8794 + 88
8795 # 1504
8795 - 88 1
8796 # 1504
8796 + 88
8797 # 1504
8797 - 88 1
8797 + 88
8798 # 1504
8798 - 88 1
8798 + 88
8798 + 108
8799 # 1504
8799 - 88 1
8799 - 108 1
8799 + 88
8800 # 1504
8800 - 88 1
8801 # 1504
8801 + 88
8802 # 1504
8802 - 88 1
8802 + 88
8803 # 1504
8803 - 88 1
8803 + 88
8804 # 1504
8804 - 88 1
8804 + 88
8805 # 1504
8805 - 88 1
8805 + 88
8806 # 1504
8806 - 88 1
8807 # 1504
8807 + 88
8808 # 1504
8808 - 88 1
8808 + 88
8809 # 1504
8809 - 88 1
8809 + 88
8809 + 108
8810 # 1504
8810 - 88 1
8810 - 108 1
8810 + 88
8811 # 1504
8811 - 88 1
8812 # 1504
8812 + 88
8813 # 1504
8813 - 88 1
8813 + 88
8814 # 1504
8814 - 88 1
8814 + 88
8815 # 1504
8815 - 88 1
8815 + 88
8816 # 1504
8816 - 88 1
8817 # 1504
8817 + 88
8818 # 1504
8818 - 88 1
8818 + 88
8819 # 1504
8819 - 88 1
8819 + 88
8820 # 1504
8820 - 88 1
8820 + 88
8820 + 108
8821 # 1504
8821 - 88 1
8821 - 108 1
8821 + 88
8822 # 1504
8822 - 88 1
8822 + 88
8823 # 1504
8823 - 88 1
8823 + 88
8824 # 1504
8824 - 88 1
8824 + 88
8825 # 1504
8825 - 88 1
8826 # 1504
8826 + 88
8827 # 1504
8827 - 88 1
8827 + 88
8828 # 1504
8828 - 88 1
8828 + 88
8829 # 1504
8829 - 88 1
8829 + 88
8830 # 1504
8830 - 88 1
8830 + 88
8830 + 108
8831 # 1504
8831 - 88 1
8831 - 108 1
8831 + 88
8832 # 1504
8832 - 88 1
8832 + 88
8833 # 1504
8833 - 88 1
8834 # 1504
8835 # 1504
8835 + 88
8835 + 88
8836 # 1504
8836 - 88 1
8836 - 88 1
8836 + 88
8837 # 1504
8837 - 88 1
8837 + 88
8838 # 1504
8838 - 88 1
8838 + 88
8839 # 1504
8839 - 88 1
8839 + 88
8840 # 1504
8840 - 88 1
8841 # 1504
8841 + 88
8841 + 108
8842 # 1504
8842 - 88 1
8842 - 108 1
8842 + 88
8843 # 1504
8843 - 88 1
8843 + 88
8844 # 1504
8844 - 88 1
8844 + 88
8845 # 1504
8845 - 88 1
8845 + 88
8846 # 1504
8846 - 88 1
8847 # 1504
8847 + 88
8848 # 1504
8848 - 88 1
8848 + 88
8849 # 1504
8849 - 88 1
8849 + 88
8850 # 1504
8850 - 88 1
8850 + 88
8851 # 1504
8851 - 88 1
8851 + 88
8851 + 108
8852 # 1504
8852 - 88 1
8852 - 108 1
8852 + 88
8853 # 1504
8853 - 88 1
8853 + 88
8854 # 1504
8854 - 88 1
8854 + 88
8855 # 1504
8855 - 88 1
8855 + 88
8856 # 1504
8856 - 88 1
8856 + 88
8857 # 1504
8857 - 88 1
8858 # 1504
8858 + 88
8859 # 1504
8859 - 88 1
8859 + 88
8860 # 1504
8860 - 88 1
8860 + 88
8861 # 1504
8861 - 88 1
8861 + 88
8862 # 1504
8862 - 88 1
8862 + 88
8862 + 108
8863 # 1504
8863 - 88 1
8863 - 108 1
8863 + 88
8864 # 1504
8864 - 88 1
8864 + 88
8865 # 1504
8865 - 88 1
8866 # 1504
8866 + 88
8867 # 1504
8867 - 88 1
8867 + 88
8868 # 1504
8868 - 88 1
8868 + 88
8869 # 1504
8869 - 88 1
8869 + 88
8870 # 1504
8870 - 88 1
8870 + 88
8871 # 1504
8871 - 88 1
8872 # 1504
8872 + 88
8873 # 1504
8873 - 88 1
8873 + 88
8873 + 108
8874 # 1504
8874 - 88 1
8874 - 108 1
8874 + 88
8875 # 1504
8875 - 88 1
8875 + 88
8876 # 1504
8876 - 88 1
8876 + 88
8877 # 1504
8877 - 88 1
8877 + 88
8878 # 1504
8878 - 88 1
8878 + 88
8879 # 1504
8879 - 88 1
8879 + 88
8880 # 1504
8880 - 88 1
8880 + 88
8881 # 1504
8881 - 88 1
8881 + 88
8882 # 1504
8882 - 88 1
8882 + 88
8883 # 1504
8883 - 88 1
8884 # 1504
8884 + 88
8884 + 108
8885 # 1504
8885 - 88 1
8885 - 108 1
8885 + 88
8886 # 1504
8886 - 88 1
8886 + 88
8887 # 1504
8887 - 88 1
8887 + 88
8888 # 1504
8888 - 88 1
8888 + 88
8889 # 1504
8889 - 88 1
8889 + 88
8890 # 1504
8890 - 88 1
8890 + 88
8891 # 1504
8891 - 88 1
8891 + 88
8892 # 1504
8892 - 88 1
8892 + 88
8893 # 1504
8893 - 88 1
8893 + 88
8894 # 1504
8894 - 88 1
8894 + 88
8894 + 108
8895 # 1504
8895 - 88 1
8895 - 108 1
8896 # 1504
8896 + 88
8896 + 88
8897 # 1504
8897 - 88 1
8897 - 88 1
8898 # 1504
8898 + 88
8899 # 1504
8899 - 88 1
8899 + 88
8900 # 1504
8900 - 88 1
8900 + 88
8901 # 1504
8901 - 88 1
8901 + 88
8902 # 1504
8902 - 88 1
8902 + 88
8903 # 1504
8903 - 88 1
8904 # 1504
8904 + 88
8905 # 1504
8905 - 88 1
8905 + 88
8905 + 108
8906 # 1504
8906 - 88 1
8906 - 108 1
8906 + 88
8907 # 1504
8907 - 88 1
8907 + 88
8908 # 1504
8908 - 88 1
8908 + 88
8909 # 1504
8909 - 88 1
8909 + 88
8910 # 1504
8910 - 88 1
8910 + 88
8911 # 1504
8911 - 88 1
8911 + 88
8912 # 1504
8912 - 88 1
8912 + 88
8913 # 1504
8913 - 88 1
8913 + 88
8913 + 100
8914 # 1504
8914 - 88 1
8914 - 100 1
8914 + 88
8915 # 1504
8915 - 88 1
8915 + 88
8916 # 1504
8916 - 88 1
8916 + 88
8917 # 1504
8917 - 88 1
8917 + 88
8918 # 1504
8918 - 88 1
8918 + 88
8919 # 1504
8919 - 88 1
8919 + 88
8920 # 1504
8920 - 88 1
8920 + 88
8921 # 1504
8921 - 88 1
8921 + 88
8922 # 1504
8922 - 88 1
8923 # 1504
8923 + 88
8924 # 1504
8924 - 88 1
8924 + 88
8924 + 108
8925 # 1504
8925 - 88 1
8925 - 108 1
8925 + 88
8926 # 1504
8926 - 88 1
8926 + 88
8927 # 1504
8927 - 88 1
8927 + 88
8928 # 1504
8928 - 88 1
8928 + 88
8929 # 1504
8929 - 88 1
8929 + 88
8930 # 1504
8930 - 88 1
8930 + 88
8931 # 1504
8931 - 88 1
8932 # 1504
8932 + 88
8933 # 1504
8933 - 88 1
8933 + 88
8933 + 88
8934 # 1504
8934 - 88 1
8934 - 88 1
8934 + 88
8935 # 1504
8935 - 88 1
8935 + 108
8935 + 88
8936 # 1504
8936 - 108 1
8936 - 88 1
8936 + 88
8937 # 1504
8937 - 88 1
8937 + 88
8938 # 1504
8938 - 88 1
8938 + 88
8939 # 1504
8939 - 88 1
8939 + 88
8940 # 1504
8940 - 88 1
8940 + 88
8941 # 1504
8941 - 88 1
8941 + 88
8942 # 1504
8942 - 88 1
8942 + 88
8943 # 1504
8943 - 88 1
8944 # 1504
8944 + 88
8945 # 1504
8945 - 88 1
8945 + 88
8946 # 1504
8946 - 88 1
8946 + 88
8946 + 108
8947 # 1504
8947 - 88 1
8947 - 108 1
8947 + 88
8947 + 88
8948 # 1504
8948 - 88 1
8948 - 88 1
8948 + 88
8949 # 1504
8949 - 88 1
8949 + 88
8950 # 1504
8950 - 88 1
8950 + 88
8951 # 1504
8951 - 88 1
8951 + 88
8952 # 1504
8952 - 88 1
8952 + 88
8953 # 1504
8953 - 88 1
8953 + 88
8954 # 1504
8954 - 88 1
8954 + 88
8955 # 1504
8955 - 88 1
8955 + 88
8956 # 1504
8956 - 88 1
8956 + 88
8956 + 108
8957 # 1504
8957 - 88 1
8957 - 108 1
8957 + 88
8958 # 1504
8958 - 88 1
8958 + 88
8959 # 1504
8959 - 88 1
8959 + 88
8960 # 1504
8960 - 88 1
8960 + 88
8961 # 1504
8961 - 88 1
8961 + 88
8962 # 1504
8962 - 88 1
8962 + 88
8963 # 1504
8963 - 88 1
8963 + 88
8964 # 1504
8964 - 88 1
8964 + 88
8965 # 1504
8965 - 88 1
8965 + 88
8966 # 1504
8966 - 88 1
8966 + 88
8967 # 1504
8967 - 88 1
8967 + 88
8967 + 108
8968 # 1504
8968 - 88 1
8968 - 108 1
8968 + 88
8969 # 1504
8969 - 88 1
8969 + 88
8970 # 1504
8970 - 88 1
8970 + 88
8971 # 1504
8971 - 88 1
8971 + 88
8972 # 1504
8972 - 88 1
8973 # 1504
8973 + 88
8974 # 1504
8974 - 88 1
8974 + 88
8975 # 1504
8975 - 88 1
8975 + 88
8976 # 1504
8976 - 88 1
8976 + 88
8977 # 1504
8977 - 88 1
8977 + 88
8978 # 1504
8978 - 88 1
8978 + 88
8978 + 108
8979 # 1504
8979 - 88 1
8979 - 108 1
8979 + 88
8980 # 1504
8980 - 88 1
8980 + 88
8981 # 1504
8981 - 88 1
8981 + 88
8982 # 1504
8982 - 88 1
8982 + 88
8983 # 1504
8983 - 88 1
8983 + 88
8984 # 1504
8984 - 88 1
8984 + 88
8985 # 1504
8985 - 88 1
8985 + 88
8986 # 1504
8986 - 88 1
8987 # 1504
8987 + 88
8988 # 1504
8988 - 88 1
8988 + 88
8989 # 1504
8989 - 88 1
8989 + 88
8989 + 108
8989 + 88
8989 + 100
8990 # 1504
8990 - 88 1
8990 - 108 1
8990 - 88 1
8990 - 100 1
8990 + 88
8991 # 1504
8991 - 88 1
8991 + 88
8992 # 1504
8992 - 88 1
8993 # 1504
8993 + 88
8993 + 88
8994 # 1504
8994 - 88 1
8994 - 88 1
8994 + 88
8995 # 1504
8995 - 88 1
8995 + 88
8996 # 1504
8996 - 88 1
8996 + 88
8997 # 1504
8997 - 88 1
8997 + 88
8998 # 1504
8998 - 88 1
8998 + 88
8999 # 1504
8999 - 88 1
8999 + 88
9000 # 1504
9000 - 88 1
9000 + 88
9000 + 108
9001 # 1504
9001 - 88 1
9001 - 108 1
9001 + 88
9002 # 1504
9002 - 88 1
9002 + 88
9003 # 1504
9003 - 88 1
9003 + 88
9004 # 1504
9004 - 88 1
9004 + 88
9005 # 1504
9005 - 88 1
9006 # 1504
9006 + 88
9007 # 1504
9007 - 88 1
9007 + 88
9008 # 1504
9008 - 88 1
9008 + 88
9008 + 88
9009 # 1504
9009 - 88 1
9009 - 88 1
9009 + 88
9010 # 1504
9010 - 88 1
9010 + 88
9010 + 108
9011 # 1504
9011 - 88 1
9011 - 108 1
9011 + 88
9012 # 1504
9012 - 88 1
9012 + 88
9013 # 1504
9013 - 88 1
9013 + 88
9014 # 1504
9014 - 88 1
9014 + 88
9015 # 1504
9015 - 88 1
9015 + 88
9016 # 1504
9016 - 88 1
9016 + 88
9017 # 1504
9017 - 88 1
9017 + 88
9018 # 1504
9018 - 88 1
9018 + 88
9019 # 1504
9019 - 88 1
9019 + 88
9020 # 1504
9020 - 88 1
9020 + 88
9021 # 1504
9021 - 88 1
9021 + 108
9022 # 1504
9022 - 108 1
9022 + 88
9022 + 88
9023 # 1504
9023 - 88 1
9023 - 88 1
9024 # 1504
9024 + 88
9024 + 88
9025 # 1504
9025 - 88 1
9025 - 88 1
9026 # 1504
9026 + 88
9027 # 1504
9027 - 88 1
9027 + 88
9028 # 1504
9028 - 88 1
9028 + 88
9029 # 1504
9029 - 88 1
9029 + 88
9030 # 1504
9030 - 88 1
9030 + 88
9031 # 1504
9031 - 88 1
9031 + 88
9031 + 108
9032 # 1504
9032 - 88 1
9032 - 108 1
9032 + 88
9033 # 1504
9033 - 88 1
9033 + 88
9034 # 1504
9034 - 88 1
9035 # 1504
9035 + 88
9036 # 1504
9036 - 88 1
9036 + 88
9037 # 1504
9037 - 88 1
9037 + 88
9038 # 1504
9038 - 88 1
9038 + 88
9039 # 1504
9039 - 88 1
9039 + 88
9040 # 1504
9040 - 88 1
9040 + 88
9041 # 1504
9041 - 88 1
9041 + 88
9042 # 1504
9042 - 88 1
9042 + 88
9042 + 108
9043 # 1504
9043 - 88 1
9043 - 108 1
9043 + 88
9044 # 1504
9044 - 88 1
9044 + 88
9045 # 1504
9045 - 88 1
9046 # 1504
9047 # 1504
9047 + 88
9047 + 88
9048 # 1504
9048 - 88 1
9048 - 88 1
9048 + 88
9048 + 88
9049 # 1504
9049 - 88 1
9049 - 88 1
9050 # 1504
9050 + 88
9051 # 1504
9051 - 88 1
9051 + 88
9052 # 1504
9052 - 88 1
9052 + 88
9053 # 1504
9053 - 88 1
9053 + 88
9053 + 108
9054 # 1504
9054 - 88 1
9054 - 108 1
9054 + 88
9055 # 1504
9055 - 88 1
9055 + 88
9056 # 1504
9056 - 88 1
9057 # 1504
9057 + 88
9058 # 1504
9058 - 88 1
9058 + 88
9059 # 1504
9059 - 88 1
9059 + 88
9060 # 1504
9060 - 88 1
9060 + 88
9061 # 1504
9061 - 88 1
9061 + 88
9062 # 1504
9062 - 88 1
9063 # 1504
9063 + 88
9064 # 1504
9064 - 88 1
9064 + 88
9064 + 108
9065 # 1504
9065 - 88 1
9065 - 108 1
9065 + 88
9066 # 1504
9066 - 88 1
9066 + 88
9067 # 1504
9067 - 88 1
9068 # 1504
9068 + 88
9069 # 1504
9069 - 88 1
9069 + 88
9069 + 100
9070 # 1504
9070 - 88 1
9070 - 100 1
9070 + 88
9071 # 1504
9071 - 88 1
9072 # 1504
9072 + 88
9073 # 1504
9073 - 88 1
9073 + 88
9074 # 1504
9074 - 88 1
9074 + 88
9075 # 1504
9075 - 88 1
9075 + 88
9076 # 1504
9076 - 88 1
9076 + 88
9077 # 1504
9077 - 88 1
9078 # 1504
9078 + 88
9079 # 1504
9079 - 88 1
9079 + 88
9080 # 1504
9080 - 88 1
9080 + 88
9080 + 108
9081 # 1504
9081 - 88 1
9081 - 108 1
9081 + 88
9082 # 1504
9082 - 88 1
9082 + 88
9083 # 1504
9083 - 88 1
9083 + 88
9084 # 1504
9084 - 88 1
9084 + 88
9085 # 1504
9085 - 88 1
9086 # 1504
9086 + 88
9087 # 1504
9087 - 88 1
9087 + 88
9088 # 1504
9088 - 88 1
9088 + 88
9089 # 1504
9089 - 88 1
9089 + 88
9090 # 1504
9090 - 88 1
9090 + 88
9090 + 108
9091 # 1504
9091 - 88 1
9091 - 108 1
9091 + 88
9092 # 1504
9092 - 88 1
9093 # 1504
9093 + 88
9094 # 1504
9094 - 88 1
9094 + 88
9095 # 1504
9095 - 88 1
9095 + 88
9096 # 1504
9096 - 88 1
9096 + 88
9097 # 1504
9097 - 88 1
9097 + 88
9098 # 1504
9098 - 88 1
9098 + 88
9099 # 1504
9099 - 88 1
9099 + 88
9100 # 1504
9100 - 88 1
9101 # 1504
9101 + 88
9101 + 108
9102 # 1504
9102 - 88 1
9102 - 108 1
9102 + 88
9102 + 88
9103 # 1504
9103 - 88 1
9103 - 88 1
9104 # 1504
9104 + 88
9105 # 1504
9105 - 88 1
9105 + 88
9106 # 1504
9106 - 88 1
9106 + 88
9107 # 1504
9107 - 88 1
9107 + 88
9108 # 1504
9108 - 88 1
9108 + 88
9109 # 1504
9109 - 88 1
9109 + 88
9110 # 1504
9110 - 88 1
9110 + 88
9111 # 1504
9111 - 88 1
9112 # 1504
9112 + 88
9112 + 108
9113 # 1504
9113 - 88 1
9113 - 108 1
9113 + 88
9114 # 1504
9114 - 88 1
9114 + 88
9115 # 1504
9115 - 88 1
9115 + 88
9116 # 1504
9116 - 88 1
9117 # 1504
9117 + 88
9118 # 1504
9118 - 88 1
9118 + 88
9119 # 1504
9119 - 88 1
9119 + 88
9120 # 1504
9120 - 88 1
9120 + 88
9121 # 1504
9121 - 88 1
9121 + 88
9122 # 1504
9122 - 88 1
9122 + 88
9123 # 1504
9123 - 88 1
9123 + 108
9124 # 1504
9124 - 108 1
9124 + 88
9124 + 88
9125 # 1504
9125 - 88 1
9125 - 88 1
9126 # 1504
9126 + 88
9127 # 1504
9127 - 88 1
9127 + 88
9128 # 1504
9128 - 88 1
9128 + 88
9129 # 1504
9129 - 88 1
9129 + 88
9130 # 1504
9130 - 88 1
9130 + 88
9131 # 1504
9131 - 88 1
9131 + 88
9132 # 1504
9132 - 88 1
9132 + 88
9133 # 1504
9133 - 88 1
9133 + 88
9134 # 1504
9134 - 88 1
9134 + 108
9135 # 1504
9135 - 108 1
9135 + 88
9136 # 1504
9136 - 88 1
9136 + 88
9137 # 1504
9137 - 88 1
9137 + 88
9138 # 1504
9138 - 88 1
9138 + 88
9139 # 1504
9139 - 88 1
9140 # 1504
9140 + 88
9141 # 1504
9141 - 88 1
9141 + 88
9142 # 1504
9142 - 88 1
9142 + 88
9143 # 1504
9143 - 88 1
9143 + 88
9144 # 1504
9144 - 88 1
9144 + 88
9144 + 108
9145 # 1504
9145 - 88 1
9145 - 108 1
9146 # 1504
9146 + 88
9146 + 88
9147 # 1504
9147 - 88 1
9147 - 88 1
9148 # 1504
9148 + 88
9149 # 1504
9149 - 88 1
9149 + 88
9150 # 1504
9150 - 88 1
9150 + 88
9151 # 1504
9151 - 88 1
9151 + 88
9152 # 1504
9152 - 88 1
9153 # 1504
9153 + 88
9154 # 1504
9154 - 88 1
9154 + 88
9155 # 1504
9155 - 88 1
9155 + 88
9155 + 108
9156 # 1504
9156 - 88 1
9156 - 108 1
9156 + 88
9157 # 1504
9157 - 88 1
9158 # 1504
9158 + 88
9159 # 1504
9159 - 88 1
9159 + 88
9160 # 1504
9160 - 88 1
9160 + 88
9161 # 1504
9161 - 88 1
9161 + 88
9162 # 1504
9162 - 88 1
9162 + 88
9163 # 1504
9163 - 88 1
9163 + 88
9164 # 1504
9164 - 88 1
9164 + 88
9165 # 1504
9165 - 88 1
9166 # 1504
9166 + 88
9166 + 108
9167 # 1504
9167 - 88 1
9167 - 108 1
9167 + 88
9167 + 88
9168 # 1504
9168 - 88 1
9168 - 88 1
9169 # 1504
9169 + 88
9170 # 1504
9170 - 88 1
9170 + 88
9171 # 1504
9171 - 88 1
9172 # 1504
9172 + 88
9173 # 1504
9173 - 88 1
9173 + 88
9174 # 1504
9174 - 88 1
9174 + 88
9175 # 1504
9175 - 88 1
9176 # 1504
9176 + 88
9177 # 1504
9177 - 88 1
9177 + 88
9177 + 108
9178 # 1504
9178 - 88 1
9178 - 108 1
9178 + 88
9179 # 1504
9179 - 88 1
9180 # 1504
9181 # 1504
9181 + 88
9181 + 88
9182 # 1504
9182 - 88 1
9182 - 88 1
9182 + 88
9183 # 1504
9183 - 88 1
9183 + 88
9184 # 1504
9184 - 88 1
9184 + 88
9185 # 1504
9185 - 88 1
9186 # 1504
9186 + 88
9187 # 1504
9187 - 88 1
9187 + 88
9187 + 108
9188 # 1504
9188 - 88 1
9188 - 108 1
9189 # 1504
9189 + 88
9190 # 1504
9190 - 88 1
9190 + 88
9191 # 1504
9191 - 88 1
9191 + 88
9192 # 1504
9192 - 88 1
9192 + 88
9193 # 1504
9193 - 88 1
9194 # 1504
9194 + 88
9195 # 1504
9195 - 88 1
9195 + 88
9196 # 1504
9196 - 88 1
9196 + 88
9197 # 1504
9197 - 88 1
9197 + 88
9198 # 1504
9198 - 88 1
9198 + 88
9198 + 108
9199 # 1504
9199 - 88 1
9199 - 108 1
9199 + 88
9200 # 1504
9200 - 88 1
9200 + 88
9201 # 1504
9201 - 88 1
9202 # 1504
9202 + 88
9203 # 1504
9203 - 88 1
9203 + 88
9204 # 1504
9204 - 88 1
9204 + 88
9205 # 1504
9205 - 88 1
9205 + 88
9206 # 1504
9206 - 88 1
9206 + 88
9207 # 1504
9207 - 88 1
9207 + 88
9208 # 1504
9208 - 88 1
9209 # 1504
9209 + 88
9209 + 108
9210 # 1504
9210 - 88 1
9210 - 108 1
9210 + 88
9210 + 88
9211 # 1504
9211 - 88 1
9211 - 88 1
9212 # 1504
9212 + 88
9213 # 1504
9213 - 88 1
9213 + 88
9214 # 1504
9214 - 88 1
9214 + 88
9215 # 1504
9215 - 88 1
9216 # 1504
9216 + 88
9217 # 1504
9217 - 88 1
9217 + 88
9218 # 1504
9218 - 88 1
9218 + 88
9219 # 1504
9219 - 88 1
9219 + 88
9219 + 108
9220 # 1504
9220 - 88 1
9220 - 108 1
9220 + 88
9221 # 1504
9221 - 88 1
9221 + 88
9222 # 1504
9222 - 88 1
9222 + 88
9223 # 1504
9223 - 88 1
9223 + 88
9224 # 1504
9224 - 88 1
9224 + 88
9225 # 1504
9225 - 88 1
9225 + 88
9226 # 1504
9226 - 88 1
9226 + 88
9227 # 1504
9227 - 88 1
9228 # 1504
9228 + 88
9229 # 1504
9229 - 88 1
9229 + 88
9230 # 1504
9230 - 88 1
9230 + 88
9230 + 108
9231 # 1504
9231 - 88 1
9231 - 108 1
9231 + 88
9232 # 1504
9232 - 88 1
9232 + 88
9233 # 1504
9233 - 88 1
9234 # 1504
9234 + 88
9235 # 1504
9235 - 88 1
9235 + 88
9236 # 1504
9236 - 88 1
9236 + 88
9237 # 1504
9237 - 88 1
9237 + 88
9238 # 1504
9238 - 88 1
9238 + 88
9239 # 1504
9239 - 88 1
9240 # 1504
9240 + 88
9241 # 1504
9241 - 88 1
9241 + 88
9241 + 108
9242 # 1504
9242 - 88 1
9242 - 108 1
9242 + 88
9243 # 1504
9243 - 88 1
9243 + 88
9243 + 100
9244 # 1504
9244 - 88 1
9244 - 100 1
9244 + 88
9245 # 1504
9245 - 88 1
9246 # 1504
9246 + 88
9247 # 1504
9247 - 88 1
9247 + 88
9248 # 1504
9248 - 88 1
9248 + 88
9249 # 1504
9249 - 88 1
9249 + 88
9250 # 1504
9250 - 88 1
9250 + 88
9251 # 1504
9251 - 88 1
9252 # 1504
9252 + 88
9253 # 1504
9253 - 88 1
9253 + 88
9254 # 1504
9254 - 88 1
9254 + 88
9254 + 108
9255 # 1504
9255 - 88 1
9255 - 108 1
9255 + 88
9256 # 1504
9256 - 88 1
9256 + 88
9257 # 1504
9257 - 88 1
9257 + 88
9258 # 1504
9258 - 88 1
9258 + 88
9259 # 1504
9259 - 88 1
9259 + 88
9260 # 1504
9260 - 88 1
9260 + 88
9261 # 1504
9261 - 88 1
9261 + 88
9262 # 1504
9262 - 88 1
9263 # 1504
9263 + 88
9264 # 1504
9264 - 88 1
9264 + 88
9265 # 1504
9265 - 88 1
9265 + 88
9265 + 108
9266 # 1504
9266 - 88 1
9266 - 108 1
9266 + 88
9267 # 1504
9267 - 88 1
9267 + 88
9268 # 1504
9268 - 88 1
9268 + 88
9269 # 1504
9269 - 88 1
9269 + 88
9270 # 1504
9270 - 88 1
9270 + 88
9271 # 1504
9271 - 88 1
9272 # 1504
9272 + 88
9273 # 1504
9273 - 88 1
9273 + 88
9273 + 88
9274 # 1504
9274 - 88 1
9274 - 88 1
9275 # 1504
9275 + 88
9276 # 1504
9276 - 88 1
9276 + 88
9276 + 108
9277 # 1504
9277 - 88 1
9277 - 108 1
9277 + 88
9278 # 1504
9278 - 88 1
9278 + 88
9279 # 1504
9279 - 88 1
9280 # 1504
9280 + 88
9281 # 1504
9281 - 88 1
9281 + 88
9282 # 1504
9282 - 88 1
9282 + 88
9283 # 1504
9283 - 88 1
9283 + 88
9284 # 1504
9284 - 88 1
9284 + 88
9285 # 1504
9285 - 88 1
9285 + 88
9286 # 1504
9286 - 88 1
9286 + 88
9286 + 108
9287 # 1504
9287 - 88 1
9287 - 108 1
9287 + 88
9288 # 1504
9288 - 88 1
9288 + 88
9289 # 1504
9289 - 88 1
9289 + 88
9290 # 1504
9290 - 88 1
9290 + 88
9291 # 1504
9291 - 88 1
9291 + 88
9292 # 1504
9292 - 88 1
9292 + 88
9293 # 1504
9293 - 88 1
9294 # 1504
9294 + 88
9294 + 88
9295 # 1504
9295 - 88 1
9295 - 88 1
9296 # 1504
9296 + 88
9297 # 1504
9297 - 88 1
9297 + 88
9297 + 108
9298 # 1504
9298 - 88 1
9298 - 108 1
9298 + 88
9299 # 1504
9299 - 88 1
9299 + 88
9300 # 1504
9300 - 88 1
9300 + 88
9301 # 1504
9301 - 88 1
9301 + 88
9302 # 1504
9302 - 88 1
9302 + 88
9303 # 1504
9303 - 88 1
9303 + 88
9304 # 1504
9304 - 88 1
9305 # 1504
9305 + 88
9306 # 1504
9306 - 88 1
9306 + 88
9307 # 1504
9307 - 88 1
9307 + 88
9307 + 108
9308 # 1504
9308 - 88 1
9308 - 108 1
9308 + 88
9309 # 1504
9309 - 88 1
9309 + 88
9310 # 1504
9310 - 88 1
9310 + 88
9311 # 1504
9311 - 88 1
9311 + 88
9312 # 1504
9312 - 88 1
9312 + 88
9313 # 1504
9313 - 88 1
9313 + 88
9314 # 1504
9314 - 88 1
9315 # 1504
9315 + 88
9316 # 1504
9316 - 88 1
9316 + 88
9317 # 1504
9317 - 88 1
9317 + 88
9318 # 1504
9318 - 88 1
9318 + 88
9318 + 108
9319 # 1504
9319 - 88 1
9319 - 108 1
9319 + 88
9320 # 1504
9320 - 88 1
9320 + 88
9321 # 1504
9321 - 88 1
9322 # 1504
9322 + 88
9323 # 1504
9323 - 88 1
9323 + 88
9324 # 1504
9324 - 88 1
9324 + 88
9325 # 1504
9325 - 88 1
9325 + 88
9326 # 1504
9326 - 88 1
9326 + 88
9326 + 100
9327 # 1504
9327 - 88 1
9327 - 100 1
9328 # 1504
9328 + 88
9328 + 88
9329 # 1504
9329 - 88 1
9329 - 88 1
9330 # 1504
9330 + 88
9331 # 1504
9331 - 88 1
9331 + 88
9332 # 1504
9332 - 88 1
9333 # 1504
9333 + 88
9334 # 1504
9334 - 88 1
9334 + 88
9335 # 1504
9335 - 88 1
9335 + 88
9336 # 1504
9336 - 88 1
9336 + 88
9337 # 1504
9337 - 88 1
9337 + 88
9337 + 108
9338 # 1504
9338 - 88 1
9338 - 108 1
9339 # 1504
9339 + 88
9339 + 88
9340 # 1504
9340 - 88 1
9340 - 88 1
9341 # 1504
9341 + 88
9342 # 1504
9342 - 88 1
9342 + 88
9343 # 1504
9343 - 88 1
9343 + 88
9344 # 1504
9344 - 88 1
9344 + 88
9345 # 1504
9345 - 88 1
9345 + 88
9346 # 1504
9346 - 88 1
9346 + 88
9347 # 1504
9347 - 88 1
9348 # 1504
9348 + 88
9348 + 108
9349 # 1504
9349 - 88 1
9349 - 108 1
9349 + 88
9349 + 88
9350 # 1504
9350 - 88 1
9350 - 88 1
9351 # 1504
9351 + 88
9352 # 1504
9352 - 88 1
9352 + 88
9353 # 1504
9353 - 88 1
9353 + 88
9354 # 1504
9354 - 88 1
9354 + 88
9355 # 1504
9355 - 88 1
9355 + 88
9356 # 1504
9356 - 88 1
9357 # 1504
9357 + 88
9358 # 1504
9358 - 88 1
9358 + 88
9358 + 108
9359 # 1504
9359 - 88 1
9359 - 108 1
9359 + 88
9360 # 1504
9360 - 88 1
9360 + 88
9361 # 1504
9361 - 88 1
9361 + 88
9362 # 1504
9362 - 88 1
9363 # 1504
9363 + 88
9363 + 88
9364 # 1504
9364 - 88 1
9364 - 88 1
9365 # 1504
9365 + 88
9366 # 1504
9366 - 88 1
9366 + 88
9367 # 1504
9367 - 88 1
9368 # 1504
9368 + 88
9369 # 1504
9369 - 88 1
9369 + 88
9369 + 108
9370 # 1504
9370 - 88 1
9370 - 108 1
9370 + 88
9371 # 1504
9371 - 88 1
9372 # 1504
9372 + 88
9373 # 1504
9373 - 88 1
9373 + 88
9374 # 1504
9374 - 88 1
9374 + 88
9375 # 1504
9375 - 88 1
9375 + 88
9376 # 1504
9376 - 88 1
9376 + 88
9377 # 1504
9377 - 88 1
9378 # 1504
9378 + 88
9379 # 1504
9379 - 88 1
9379 + 88
9379 + 108
9380 # 1504
9380 - 88 1
9380 - 108 1
9380 + 88
9381 # 1504
9381 - 88 1
9381 + 88
9382 # 1504
9382 - 88 1
9383 # 1504
9383 + 88
9384 # 1504
9384 - 88 1
9384 + 88
9385 # 1504
9385 - 88 1
9385 + 88
9386 # 1504
9386 - 88 1
9386 + 88
9387 # 1504
9387 - 88 1
9387 + 88
9388 # 1504
9388 - 88 1
9388 + 88
9389 # 1504
9389 - 88 1
9389 + 88
9390 # 1504
9390 - 88 1
9391 # 1504
9392 # 1504
9392 + 88
9392 + 108
9392 + 88
9393 # 1504
9393 - 88 1
9393 - 108 1
9393 - 88 1
9393 + 88
9394 # 1504
9394 - 88 1
9394 + 88
9395 # 1504
9395 - 88 1
9396 # 1504
9396 + 88
9397 # 1504
9397 - 88 1
9397 + 88
9398 # 1504
9398 - 88 1
9399 # 1504
9399 + 88
9400 # 1504
9400 - 88 1
9400 + 88
9401 # 1504
9401 - 88 1
9401 + 88
9402 # 1504
9402 - 88 1
9403 # 1504
9403 + 88
9403 + 108
9404 # 1504
9404 - 88 1
9404 - 108 1
9404 + 88
9405 # 1504
9405 - 88 1
9405 + 88
9406 # 1504
9406 - 88 1
9406 + 88
9407 # 1504
9407 - 88 1
9408 # 1504
9408 + 88
9408 + 88
9409 # 1504
9409 - 88 1
9409 - 88 1
9410 # 1504
9410 + 88
9411 # 1504
9411 - 88 1
9412 # 1504
9412 + 88
9413 # 1504
9413 - 88 1
9413 + 88
9413 + 108
9414 # 1504
9414 - 88 1
9414 - 108 1
9414 + 88
9415 # 1504
9415 - 88 1
9415 + 88
9416 # 1504
9416 - 88 1
9417 # 1504
9417 + 88
9417 + 100
9418 # 1504
9418 - 88 1
9418 - 100 1
9418 + 88
9419 # 1504
9419 - 88 1
9420 # 1504
9420 + 88
9421 # 1504
9421 - 88 1
9421 + 88
9422 # 1504
9422 - 88 1
9422 + 88
9423 # 1504
9423 - 88 1
9424 # 1504
9424 + 88
9425 # 1504
9425 - 88 1
9426 # 1504
9426 + 88
9427 # 1504
9427 - 88 1
9427 + 88
9427 + 108
9428 # 1504
9428 - 88 1
9428 - 108 1
9428 + 88
9429 # 1504
9429 - 88 1
9430 # 1504
9430 + 88
9431 # 1504
9431 - 88 1
9431 + 88
9432 # 1504
9432 - 88 1
9433 # 1504
9433 + 88
9434 # 1504
9434 - 88 1
9434 + 88
9435 # 1504
9435 - 88 1
9435 + 88
9436 # 1504
9436 - 88 1
9437 # 1504
9437 + 88
9438 # 1504
9438 - 88 1
9439 # 1504
9439 + 88
9439 + 108
9440 # 1504
9440 - 88 1
9440 - 108 1
9440 + 88
9441 # 1504
9441 - 88 1
9442 # 1504
9442 + 88
9443 # 1504
9443 - 88 1
9443 + 88
9444 # 1504
9444 - 88 1
9445 # 1504
9445 + 88
9446 # 1504
9446 - 88 1
9447 # 1504
9447 + 88
9448 # 1504
9448 - 88 1
9448 + 88
9449 # 1504
9449 - 88 1
9450 # 1504
9450 + 88
9450 + 108
9451 # 1504
9451 - 88 1
9451 - 108 1
9451 + 88
9452 # 1504
9452 - 88 1
9453 # 1504
9453 + 88
9454 # 1504
9454 - 88 1
9454 + 88
9455 # 1504
9455 - 88 1
9456 # 1504
9456 + 88
9457 # 1504
9457 - 88 1
9457 + 88
9458 # 1504
9458 - 88 1
9459 # 1504
9459 + 88
9460 # 1504
9460 - 88 1
9460 + 88
9460 + 108
9461 # 1504
9461 - 88 1
9461 - 108 1
9462 # 1504
9462 + 88
9463 # 1504
9463 - 88 1
9464 # 1504
9464 + 88
9465 # 1504
9465 - 88 1
9466 # 1504
9466 + 88
9467 # 1504
9467 - 88 1
9468 # 1504
9468 + 88
9469 # 1504
9469 - 88 1
9469 + 88
9470 # 1504
9470 - 88 1
9471 # 1504
9471 + 88
9471 + 108
9472 # 1504
9472 - 88 1
9472 - 108 1
9473 # 1504
9473 + 88
9474 # 1504
9474 - 88 1
9475 # 1504
9475 + 88
9476 # 1504
9476 - 88 1
9476 + 88
9477 # 1504
9477 - 88 1
9478 # 1504
9479 # 1504
9479 + 88
9480 # 1504
9480 - 88 1
9480 + 88
9481 # 1504
9481 - 88 1
9481 + 88
9481 + 108
9482 # 1504
9482 - 88 1
9482 - 108 1
9483 # 1504
9483 + 88
9484 # 1504
9484 - 88 1
9485 # 1504
9485 + 88
9486 # 1504
9486 - 88 1
9487 # 1504
9487 + 88
9488 # 1504
9488 - 88 1
9488 + 88
9489 # 1504
9489 - 88 1
9489 + 88
9490 # 1504
9490 - 88 1
9491 # 1504
9491 + 88
9492 # 1504
9492 - 88 1
9493 # 1504
9493 + 88
9493 + 108
9494 # 1504
9494 - 88 1
9494 - 108 1
9494 + 88
9495 # 1504
9495 - 88 1
9496 # 1504
9496 + 88
9497 # 1504
9497 - 88 1
9497 + 88
9498 # 1504
9498 - 88 1
9499 # 1504
9499 + 88
9500 # 1504
9500 - 88 1
9500 + 88
9501 # 1504
9501 - 88 1
9502 # 1504
9502 + 88
9503 # 1504
9503 - 88 1
9504 # 1504
9504 + 88
9504 + 108
9505 # 1504
9505 - 88 1
9505 - 108 1
9505 + 88
9506 # 1504
9506 - 88 1
9507 # 1504
9507 + 88
9508 # 1504
9508 - 88 1
9509 # 1504
9509 + 88
9510 # 1504
9510 - 88 1
9511 # 1504
9511 + 88
9512 # 1504
9512 - 88 1
9512 + 88
9513 # 1504
9513 - 88 1
9513 + 88
9514 # 1504
9514 - 88 1
9515 # 1504
9515 + 88
9515 + 108
9516 # 1504
9516 - 88 1
9516 - 108 1
9516 + 88
9517 # 1504
9517 - 88 1
9518 # 1504
9518 + 88
9519 # 1504
9519 - 88 1
9519 + 88
9520 # 1504
9520 - 88 1
9521 # 1504
9521 + 88
9522 # 1504
9522 - 88 1
9523 # 1504
9523 + 88
9524 # 1504
9524 - 88 1
9524 + 88
9525 # 1504
9525 - 88 1
9525 + 88
9525 + 108
9526 # 1504
9526 - 88 1
9526 - 108 1
9526 + 88
9527 # 1504
9527 - 88 1
9528 # 1504
9528 + 88
9529 # 1504
9529 - 88 1
9529 + 88
9530 # 1504
9530 - 88 1
9531 # 1504
9531 + 88
9532 # 1504
9532 - 88 1
9533 # 1504
9533 + 88
9533 + 100
9534 # 1504
9534 - 88 1
9534 - 100 1
9534 + 88
9535 # 1504
9535 - 88 1
9536 # 1504
9536 + 88
9537 # 1504
9537 - 88 1
9538 # 1504
9538 + 88
9539 # 1504
9539 - 88 1
9539 + 88
9540 # 1504
9540 - 88 1
9541 # 1504
9541 + 88
9542 # 1504
9542 - 88 1
9542 + 88
9543 # 1504
9543 - 88 1
9544 # 1504
9544 + 88
9544 + 108
9545 # 1504
9545 - 88 1
9545 - 108 1
9545 + 88
9546 # 1504
9546 - 88 1
9547 # 1504
9547 + 88
9548 # 1504
9548 - 88 1
9548 + 88
9549 # 1504
9549 - 88 1
9549 + 88
9550 # 1504
9550 - 88 1
9551 # 1504
9551 + 88
9552 # 1504
9552 - 88 1
9553 # 1504
9553 + 88
9554 # 1504
9554 - 88 1
9554 + 88
9554 + 108
9555 # 1504
9555 - 88 1
9555 - 108 1
9555 + 88
9556 # 1504
9556 - 88 1
9557 # 1504
9557 + 88
9558 # 1504
9558 - 88 1
9559 # 1504
9559 + 88
9560 # 1504
9560 - 88 1
9560 + 88
9561 # 1504
9561 - 88 1
9562 # 1504
9562 + 88
9563 # 1504
9563 - 88 1
9564 # 1504
9564 + 88
9565 # 1504
9565 - 88 1
9565 + 88
9565 + 108
9566 # 1504
9566 - 88 1
9566 - 108 1
9567 # 1504
9567 + 88
9568 # 1504
9568 - 88 1
9569 # 1504
9569 + 88
9569 + 88
9570 # 1504
9570 - 88 1
9570 - 88 1
9571 # 1504
9572 # 1504
9572 + 88
9573 # 1504
9573 - 88 1
9573 + 88
9574 # 1504
9574 - 88 1
9575 # 1504
9576 # 1504
9576 + 88
9576 + 108
9577 # 1504
9577 - 88 1
9577 - 108 1
9577 + 88
9578 # 1504
9578 - 88 1
9579 # 1504
9579 + 88
9580 # 1504
9580 - 88 1
9580 + 88
9581 # 1504
9581 - 88 1
9582 # 1504
9583 # 1504
9583 + 88
9584 # 1504
9584 - 88 1
9584 + 88
9585 # 1504
9585 - 88 1
9586 # 1504
9586 + 88
9586 + 108
9587 # 1504
9587 - 88 1
9587 - 108 1
9587 + 88
9588 # 1504
9588 - 88 1
9589 # 1504
9589 + 88
9590 # 1504
9590 - 88 1
9591 # 1504
9591 + 88
9592 # 1504
9592 - 88 1
9592 + 88
9593 # 1504
9593 - 88 1
9594 # 1504
9594 + 88
9595 # 1504
9595 - 88 1
9595 + 88
9596 # 1504
9596 - 88 1
9597 # 1504
9597 + 88
9597 + 108
9598 # 1504
9598 - 88 1
9598 - 108 1
9598 + 88
9599 # 1504
9599 - 88 1
9600 # 1504
9600 + 88
9601 # 1504
9601 - 88 1
9601 + 88
9602 # 1504
9602 - 88 1
9603 # 1504
9603 + 88
9604 # 1504
9604 - 88 1
9605 # 1504
9605 + 88
9606 # 1504
9606 - 88 1
9606 + 88
9607 # 1504
9607 - 88 1
9608 # 1504
9608 + 88
9608 + 108
9609 # 1504
9609 - 88 1
9609 - 108 1
9610 # 1504
9610 + 88
9611 # 1504
9611 - 88 1
9612 # 1504
9612 + 88
9613 # 1504
9613 - 88 1
9614 # 1504
9614 + 88
9615 # 1504
9615 - 88 1
9615 + 88
9616 # 1504
9616 - 88 1
9617 # 1504
9617 + 88
9618 # 1504
9618 - 88 1
9619 # 1504
9619 + 88
9619 + 108
9620 # 1504
9620 - 88 1
9620 - 108 1
9620 + 88
9621 # 1504
9621 - 88 1
9622 # 1504
9622 + 88
9623 # 1504
9623 - 88 1
9624 # 1504
9624 + 88
9625 # 1504
9625 - 88 1
9625 + 88
9626 # 1504
9626 - 88 1
9627 # 1504
9627 + 88
9628 # 1504
9628 - 88 1
9628 + 88
9629 # 1504
9629 - 88 1
9630 # 1504
9630 + 88
9630 + 108
9631 # 1504
9631 - 88 1
9631 - 108 1
9632 # 1504
9632 + 88
9633 # 1504
9633 - 88 1
9633 + 88
9634 # 1504
9634 - 88 1
9634 + 88
9635 # 1504
9635 - 88 1
9636 # 1504
9636 + 88
9637 # 1504
9637 - 88 1
9638 # 1504
9638 + 88
9639 # 1504
9639 - 88 1
9639 + 88
9640 # 1504
9640 - 88 1
9641 # 1504
9641 + 88
9641 + 108
9642 # 1504
9642 - 88 1
9642 - 108 1
9642 + 88
9643 # 1504
9643 - 88 1
9644 # 1504
9644 + 88
9645 # 1504
9645 - 88 1
9646 # 1504
9646 + 88
9647 # 1504
9647 - 88 1
9647 + 88
9648 # 1504
9648 - 88 1
9649 # 1504
9649 + 88
9650 # 1504
9650 - 88 1
9651 # 1504
9651 + 88
9652 # 1504
9652 - 88 1
9652 + 88
9652 + 108
9653 # 1504
9653 - 88 1
9653 - 108 1
9654 # 1504
9654 + 88
9655 # 1504
9655 - 88 1
9656 # 1504
9656 + 88
9657 # 1504
9657 - 88 1
9658 # 1504
9658 + 88
9659 # 1504
9659 - 88 1
9659 + 88
9660 # 1504
9660 - 88 1
9661 # 1504
9661 + 88
9662 # 1504
9662 - 88 1
9663 # 1504
9663 + 88
9663 + 108
9664 # 1504
9664 - 88 1
9664 - 108 1
9664 + 88
9665 # 1504
9665 - 88 1
9666 # 1504
9666 + 88
9667 # 1504
9667 - 88 1
9668 # 1504
9669 # 1504
9669 + 88
9670 # 1504
9670 - 88 1
9670 + 88
9671 # 1504
9671 - 88 1
9672 # 1504
9672 + 88
9673 # 1504
9673 - 88 1
9673 + 88
9673 + 108
9674 # 1504
9674 - 88 1
9674 - 108 1
9674 + 88
9675 # 1504
9675 - 88 1
9676 # 1504
9676 + 88
9677 # 1504
9677 - 88 1
9678 # 1504
9678 + 88
9679 # 1504
9679 - 88 1
9680 # 1504
9680 + 88
9681 # 1504
9681 - 88 1
9681 + 88
9682 # 1504
9682 - 88 1
9682 + 88
9683 # 1504
9683 - 88 1
9684 # 1504
9684 + 88
9684 + 108
9685 # 1504
9685 - 88 1
9685 - 108 1
9685 + 88
9686 # 1504
9686 - 88 1
9687 # 1504
9687 + 88
9688 # 1504
9688 - 88 1
9689 # 1504
9689 + 88
9690 # 1504
9690 - 88 1
9690 + 88
9691 # 1504
9691 - 88 1
9692 # 1504
9692 + 88
9693 # 1504
9693 - 88 1
9693 + 88
9694 # 1504
9694 - 88 1
9695 # 1504
9695 + 88
9695 + 108
9696 # 1504
9696 - 88 1
9696 - 108 1
9696 + 88
9697 # 1504
9697 - 88 1
9698 # 1504
9698 + 88
9699 # 1504
9699 - 88 1
9699 + 88
9700 # 1504
9700 - 88 1
9701 # 1504
9701 + 88
9702 # 1504
9702 - 88 1
9703 # 1504
9703 + 88
9704 # 1504
9704 - 88 1
9704 + 88
9705 # 1504
9705 - 88 1
9705 + 88
9705 + 108
9706 # 1504
9706 - 88 1
9706 - 108 1
9707 # 1504
9707 + 88
9708 # 1504
9708 - 88 1
9708 + 88
9709 # 1504
9709 - 88 1
9709 + 88
9710 # 1504
9710 - 88 1
9711 # 1504
9711 + 88
9712 # 1504
9712 - 88 1
9712 + 88
9713 # 1504
9713 - 88 1
9714 # 1504
9714 + 88
9715 # 1504
9715 - 88 1
9715 + 88
9716 # 1504
9716 - 88 1
9717 # 1504
9717 + 88
9717 + 108
9718 # 1504
9718 - 88 1
9718 - 108 1
9718 + 88
9719 # 1504
9719 - 88 1
9720 # 1504
9720 + 88
9721 # 1504
9721 - 88 1
9722 # 1504
9722 + 88
9723 # 1504
9723 - 88 1
9723 + 88
9724 # 1504
9724 - 88 1
9725 # 1504
9725 + 88
9726 # 1504
9726 - 88 1
9727 # 1504
9727 + 88
9728 # 1504
9728 - 88 1
9728 + 88
9728 + 108
9729 # 1504
9729 - 88 1
9729 - 108 1
9730 # 1504
9730 + 88
9731 # 1504
9731 - 88 1
9732 # 1504
9732 + 88
9733 # 1504
9733 - 88 1
9733 + 88
9734 # 1504
9734 - 88 1
9735 # 1504
9735 + 88
9736 # 1504
9736 - 88 1
9736 + 88
9737 # 1504
9737 - 88 1
9738 # 1504
9738 + 88
9739 # 1504
9739 - 88 1
9739 + 88
9739 + 108
9740 # 1504
9740 - 88 1
9740 - 108 1
9741 # 1504
9741 + 88
9741 + 88
9742 # 1504
9742 - 88 1
9742 - 88 1
9743 # 1504
9744 # 1504
9744 + 88
9745 # 1504
9745 - 88 1
9745 + 88
9746 # 1504
9746 - 88 1
9746 + 88
9747 # 1504
9747 - 88 1
9748 # 1504
9748 + 88
9749 # 1504
9749 - 88 1
9749 + 88
9750 # 1504
9750 - 88 1
9750 + 88
9750 + 108
9751 # 1504
9751 - 88 1
9751 - 108 1
9751 + 88
9752 # 1504
9752 - 88 1
9752 + 88
9753 # 1504
9753 - 88 1
9754 # 1504
9754 + 88
9755 # 1504
9755 - 88 1
9756 # 1504
9756 + 88
9757 # 1504
9757 - 88 1
9757 + 88
9758 # 1504
9758 - 88 1
9758 + 88
9759 # 1504
9759 - 88 1
9759 + 88
9760 # 1504
9760 - 88 1
9760 + 88
9760 + 108
9761 # 1504
9761 - 88 1
9761 - 108 1
9762 # 1504
9762 + 88
9763 # 1504
9763 - 88 1
9764 # 1504
9764 + 88
9765 # 1504
9765 - 88 1
9765 + 88
9765 + 100
9766 # 1504
9766 - 88 1
9766 - 100 1
9767 # 1504
9767 + 88
9768 # 1504
9768 - 88 1
9768 + 88
9769 # 1504
9769 - 88 1
9769 + 88
9770 # 1504
9770 - 88 1
9771 # 1504
9771 + 88
9772 # 1504
9772 - 88 1
9772 + 88
9773 # 1504
9773 - 88 1
9774 # 1504
9774 + 88
9775 # 1504
9775 - 88 1
9775 + 88
9775 + 108
9776 # 1504
9776 - 88 1
9776 - 108 1
9777 # 1504
9777 + 88
9778 # 1504
9778 - 88 1
9779 # 1504
9780 # 1504
9780 + 88
9780 + 88
9781 # 1504
9781 - 88 1
9781 - 88 1
9782 # 1504
9782 + 88
9783 # 1504
9783 - 88 1
9783 + 88
9784 # 1504
9784 - 88 1
9784 + 88
9785 # 1504
9785 - 88 1
9786 # 1504
9786 + 88
9786 + 108
9787 # 1504
9787 - 88 1
9787 - 108 1
9787 + 88
9788 # 1504
9788 - 88 1
9789 # 1504
9789 + 88
9790 # 1504
9790 - 88 1
9790 + 88
9791 # 1504
9791 - 88 1
9792 # 1504
9792 + 88
9793 # 1504
9793 - 88 1
9793 + 88
9794 # 1504
9794 - 88 1
9795 # 1504
9795 + 88
9796 # 1504
9796 - 88 1
9797 # 1504
9797 + 88
9797 + 108
9798 # 1504
9798 - 88 1
9798 - 108 1
9798 + 88
9799 # 1504
9799 - 88 1
9800 # 1504
9800 + 88
9801 # 1504
9801 - 88 1
9801 + 88
9802 # 1504
9802 - 88 1
9803 # 1504
9803 + 88
9804 # 1504
9804 - 88 1
9805 # 1504
9805 + 88
9806 # 1504
9806 - 88 1
9806 + 88
9807 # 1504
9807 - 88 1
9808 # 1504
9808 + 88
9808 + 108
9809 # 1504
9809 - 88 1
9809 - 108 1
9809 + 88
9810 # 1504
9810 - 88 1
9810 + 88
9811 # 1504
9811 - 88 1
9812 # 1504
9812 + 88
9813 # 1504
9813 - 88 1
9813 + 88
9814 # 1504
9814 - 88 1
9815 # 1504
9815 + 88
9816 # 1504
9816 - 88 1
9816 + 88
9817 # 1504
9817 - 88 1
9817 + 88
9818 # 1504
9818 - 88 1
9819 # 1504
9819 + 88
9819 + 108
9820 # 1504
9820 - 88 1
9820 - 108 1
9820 + 88
9821 # 1504
9821 - 88 1
9821 + 88
9822 # 1504
9822 - 88 1
9823 # 1504
9823 + 88
9824 # 1504
9824 - 88 1
9824 + 88
9825 # 1504
9825 - 88 1
9826 # 1504
9826 + 88
9827 # 1504
9827 - 88 1
9827 + 88
9828 # 1504
9828 - 88 1
9828 + 88
9829 # 1504
9829 - 88 1
9830 # 1504
9830 + 88
9830 + 108
9831 # 1504
9831 - 88 1
9831 - 108 1
9831 + 88
9832 # 1504
9832 - 88 1
9833 # 1504
9833 + 88
9834 # 1504
9834 - 88 1
9834 + 88
9835 # 1504
9835 - 88 1
9836 # 1504
9836 + 88
9837 # 1504
9837 - 88 1
9838 # 1504
9838 + 88
9839 # 1504
9839 - 88 1
9839 + 88
9840 # 1504
9840 - 88 1
9840 + 88
9840 + 108
9841 # 1504
9841 - 88 1
9841 - 108 1
9842 # 1504
9842 + 88
9843 # 1504
9843 - 88 1
9844 # 1504
9844 + 88
9845 # 1504
9845 - 88 1
9845 + 88
9846 # 1504
9846 - 88 1
9847 # 1504
9847 + 88
9848 # 1504
9848 - 88 1
9848 + 88
9849 # 1504
9849 - 88 1
9850 # 1504
9850 + 88
9851 # 1504
9851 - 88 1
9851 + 88
9851 + 108
9852 # 1504
9852 - 88 1
9852 - 108 1
9853 # 1504
9853 + 88
9854 # 1504
9854 - 88 1
9855 # 1504
9855 + 88
9856 # 1504
9856 - 88 1
9856 + 88
9857 # 1504
9857 - 88 1
9857 + 88
9858 # 1504
9858 - 88 1
9858 + 88
9859 # 1504
9859 - 88 1
9860 # 1504
9860 + 88
9861 # 1504
9861 - 88 1
9861 + 88
9862 # 1504
9862 - 88 1
9863 # 1504
9863 + 88
9863 + 108
9864 # 1504
9864 - 88 1
9864 - 108 1
9864 + 88
9865 # 1504
9865 - 88 1
9866 # 1504
9866 + 88
9867 # 1504
9867 - 88 1
9867 + 88
9868 # 1504
9868 - 88 1
9868 + 88
9869 # 1504
9869 - 88 1
9870 # 1504
9870 + 88
9871 # 1504
9871 - 88 1
9872 # 1504
9872 + 88
9873 # 1504
9873 - 88 1
9873 + 88
9873 + 108
9874 # 1504
9874 - 88 1
9874 - 108 1
9875 # 1504
9875 + 88
9875 + 100
9876 # 1504
9876 - 88 1
9876 - 100 1
9876 + 88
9877 # 1504
9877 - 88 1
9878 # 1504
9878 + 88
9879 # 1504
9879 - 88 1
9879 + 88
9880 # 1504
9880 - 88 1
9880 + 88
9881 # 1504
9881 - 88 1
9882 # 1504
9882 + 88
9883 # 1504
9883 - 88 1
9883 + 88
9884 # 1504
9884 - 88 1
9884 + 88
9885 # 1504
9885 - 88 1
9885 + 88
9885 + 108
9886 # 1504
9886 - 88 1
9886 - 108 1
9887 # 1504
9887 + 88
9888 # 1504
9888 - 88 1
9888 + 88
9889 # 1504
9889 - 88 1
9889 + 88
9890 # 1504
9890 - 88 1
9891 # 1504
9891 + 88
9892 # 1504
9892 - 88 1
9892 + 88
9893 # 1504
9893 - 88 1
9894 # 1504
9894 + 88
9895 # 1504
9895 - 88 1
9895 + 88
9896 # 1504
9896 - 88 1
9896 + 88
9896 + 108
9897 # 1504
9897 - 88 1
9897 - 108 1
9898 # 1504
9898 + 88
9899 # 1504
9899 - 88 1
9900 # 1504
9900 + 88
9901 # 1504
9901 - 88 1
9901 + 88
9902 # 1504
9902 - 88 1
9903 # 1504
9903 + 88
9904 # 1504
9904 - 88 1
9904 + 88
9905 # 1504
9905 - 88 1
9905 + 88
9906 # 1504
9906 - 88 1
9907 # 1504
9907 + 88
9907 + 108
9908 # 1504
9908 - 88 1
9908 - 108 1
9908 + 88
9909 # 1504
9909 - 88 1
9910 # 1504
9910 + 88
9910 + 88
9911 # 1504
9911 - 88 1
9911 - 88 1
9912 # 1504
9912 + 88
9913 # 1504
9913 - 88 1
9914 # 1504
9914 + 88
9915 # 1504
9915 - 88 1
9915 + 88
9916 # 1504
9916 - 88 1
9916 + 88
9917 # 1504
9917 - 88 1
9917 + 88
9917 + 108
9918 # 1504
9918 - 88 1
9918 - 108 1
9919 # 1504
9919 + 88
9920 # 1504
9920 - 88 1
9920 + 88
9921 # 1504
9921 - 88 1
9922 # 1504
9922 + 88
9923 # 1504
9923 - 88 1
9923 + 88
9924 # 1504
9924 - 88 1
9924 + 88
9925 # 1504
9925 - 88 1
9926 # 1504
9926 + 88
9927 # 1504
9927 - 88 1
9927 + 88
9928 # 1504
9928 - 88 1
9929 # 1504
9929 + 88
9929 + 108
9930 # 1504
9930 - 88 1
9930 - 108 1
9930 + 88
9931 # 1504
9931 - 88 1
9931 + 88
9932 # 1504
9932 - 88 1
9933 # 1504
9933 + 88
9934 # 1504
9934 - 88 1
9934 + 88
9935 # 1504
9935 - 88 1
9935 + 88
9936 # 1504
9936 - 88 1
9937 # 1504
9937 + 88
9938 # 1504
9938 - 88 1
9938 + 88
9939 # 1504
9939 - 88 1
9939 + 88
9939 + 108
9940 # 1504
9940 - 88 1
9940 - 108 1
9941 # 1504
9941 + 88
9941 + 88
9942 # 1504
9942 - 88 1
9942 - 88 1
9943 # 1504
9943 + 88
9944 # 1504
9944 - 88 1
9945 # 1504
9945 + 88
9946 # 1504
9946 - 88 1
9946 + 88
9947 # 1504
9947 - 88 1
9947 + 88
9948 # 1504
9948 - 88 1
9949 # 1504
9949 + 88
9950 # 1504
9950 - 88 1
9950 + 88
9950 + 108
9951 # 1504
9951 - 88 1
9951 - 108 1
9952 # 1504
9952 + 88
9953 # 1504
9953 - 88 1
9954 # 1504
9955 # 1504
9955 + 88
9955 + 88
9956 # 1504
9956 - 88 1
9956 - 88 1
9956 + 88
9957 # 1504
9957 - 88 1
9958 # 1504
9958 + 88
9959 # 1504
9959 - 88 1
9959 + 88
9960 # 1504
9960 - 88 1
9961 # 1504
9961 + 88
9961 + 108
9962 # 1504
9962 - 88 1
9962 - 108 1
9962 + 88
9963 # 1504
9963 - 88 1
9964 # 1504
9964 + 88
9965 # 1504
9965 - 88 1
9965 + 88
9966 # 1504
9966 - 88 1
9966 + 88
9967 # 1504
9967 - 88 1
9968 # 1504
9968 + 88
9968 + 88
9969 # 1504
9969 - 88 1
9969 - 88 1
9970 # 1504
9970 + 88
9971 # 1504
9971 - 88 1
9972 # 1504
9972 + 88
9972 + 108
9972 + 88
9973 # 1504
9973 - 88 1
9973 - 108 1
9973 - 88 1
9974 # 1504
9974 + 88
9975 # 1504
9975 - 88 1
9975 + 88
9976 # 1504
9976 - 88 1
9977 # 1504
9977 + 88
9977 + 100
9978 # 1504
9978 - 88 1
9978 - 100 1
9978 + 88
9979 # 1504
9979 - 88 1
9980 # 1504
9980 + 88
9981 # 1504
9981 - 88 1
9981 + 88
9982 # 1504
9982 - 88 1
9983 # 1504
9983 + 88
9983 + 88
9984 # 1504
9984 - 88 1
9984 - 88 1
9985 # 1504
9985 + 88
9986 # 1504
9986 - 88 1
9987 # 1504
9987 + 88
9988 # 1504
9988 - 88 1
9988 + 88
9988 + 108
9989 # 1504
9989 - 88 1
9989 - 108 1
9989 + 88
9990 # 1504
9990 - 88 1
9991 # 1504
9991 + 88
9992 # 1504
9992 - 88 1
9992 + 88
9993 # 1504
9993 - 88 1
9993 + 88
9994 # 1504
9994 - 88 1
9994 + 88
9995 # 1504
9995 - 88 1
9996 # 1504
9996 + 88
9997 # 1504
9997 - 88 1
9997 + 88
9998 # 1504
9998 - 88 1
9998 + 88
9998 + 108
9999 # 1504
9999 - 88 1
9999 - 108 1
9999 + 88
10000 # 1504
10000 - 88 1
10000 + 88
10001 # 1504
10001 - 88 1
10002 # 1504
10002 + 88
10003 # 1504
10003 - 88 1
10003 + 88
10004 # 1504
10004 - 88 1
10004 + 88
10005 # 1504
10005 - 88 1
10006 # 1504
10006 + 88
10007 # 1504
10007 - 88 1
10007 + 88
10008 # 1504
10008 - 88 1
10009 # 1504
10009 + 88
10009 + 108
10009 + 88
10010 # 1504
10010 - 88 1
10010 - 108 1
10010 - 88 1
10011 # 1504
10011 + 88
10012 # 1504
10012 - 88 1
10012 + 88
10013 # 1504
10013 - 88 1
10014 # 1504
10014 + 88
10015 # 1504
10015 - 88 1
10015 + 88
10016 # 1504
10016 - 88 1
10016 + 88
10017 # 1504
10017 - 88 1
10017 + 88
10018 # 1504
10018 - 88 1
10019 # 1504
10019 + 88
10020 # 1504
10020 - 88 1
10020 + 88
10020 + 108
10021 # 1504
10021 - 88 1
10021 - 108 1
10021 + 88
10022 # 1504
10022 - 88 1
10022 + 88
10023 # 1504
10023 - 88 1
10023 + 88
10024 # 1504
10024 - 88 1
10024 + 88
10025 # 1504
10025 - 88 1
10026 # 1504
10026 + 88
10027 # 1504
10027 - 88 1
10027 + 88
10028 # 1504
10028 - 88 1
10028 + 88
10029 # 1504
10029 - 88 1
10029 + 88
10030 # 1504
10030 - 88 1
10030 + 88
10030 + 108
10031 # 1504
10031 - 88 1
10031 - 108 1
10031 + 88
10032 # 1504
10032 - 88 1
10032 + 88
10033 # 1504
10033 - 88 1
10034 # 1504
10034 + 88
10035 # 1504
10035 - 88 1
10035 + 88
10036 # 1504
10036 - 88 1
10036 + 88
10037 # 1504
10037 - 88 1
10037 + 88
10038 # 1504
10038 - 88 1
10038 + 88
10039 # 1504
10039 - 88 1
10039 + 88
10040 # 1504
10040 - 88 1
10040 + 88
10041 # 1504
10041 - 88 1
10041 + 88
10041 + 108
10042 # 1504
10042 - 88 1
10042 - 108 1
10042 + 88
10043 # 1504
10043 - 88 1
10043 + 88
10044 # 1504
10044 - 88 1
10044 + 88
10045 # 1504
10045 - 88 1
10045 + 88
10046 # 1504
10046 - 88 1
10046 + 88
10047 # 1504
10047 - 88 1
10047 + 88
10048 # 1504
10048 - 88 1
10048 + 88
10049 # 1504
10049 - 88 1
10050 # 1504
10050 + 88
10051 # 1504
10051 - 88 1
10051 + 88
10052 # 1504
10052 - 88 1
10052 + 88
10052 + 108
10053 # 1504
10053 - 88 1
10053 - 108 1
10053 + 88
10054 # 1504
10054 - 88 1
10054 + 88
10055 # 1504
10055 - 88 1
10056 # 1504
10056 + 88
10057 # 1504
10057 - 88 1
10057 + 88
10057 + 88
10058 # 1504
10058 - 88 1
10058 - 88 1
10059 # 1504
10059 + 88
10060 # 1504
10060 - 88 1
10060 + 88
10061 # 1504
10061 - 88 1
10061 + 88
10062 # 1504
10062 - 88 1
10062 + 88
10062 + 108
10063 # 1504
10063 - 88 1
10063 - 108 1
10063 + 88
10064 # 1504
10064 - 88 1
10064 + 88
10065 # 1504
10065 - 88 1
10066 # 1504
10066 + 88
10066 + 100
10067 # 1504
10067 - 88 1
10067 - 100 1
10067 + 88
10068 # 1504
10068 - 88 1
10068 + 88
10069 # 1504
10069 - 88 1
10069 + 88
10070 # 1504
10070 - 88 1
10070 + 88
10071 # 1504
10071 - 88 1
10072 # 1504
10072 + 88
10073 # 1504
10073 - 88 1
10073 + 88
10073 + 88
10074 # 1504
10074 - 88 1
10074 - 88 1
10075 # 1504
10075 + 88
10076 # 1504
10076 - 88 1
10076 + 88
10076 + 108
10077 # 1504
10077 - 88 1
10077 - 108 1
10077 + 88
10078 # 1504
10078 - 88 1
10078 + 88
10079 # 1504
10079 - 88 1
10079 + 88
10080 # 1504
10080 - 88 1
10080 + 88
10081 # 1504
10081 - 88 1
10082 # 1504
10082 + 88
10083 # 1504
10083 - 88 1
10083 + 88
10084 # 1504
10084 - 88 1
10084 + 88
10085 # 1504
10085 - 88 1
10085 + 88
10086 # 1504
10086 - 88 1
10086 + 88
10086 + 108
10087 # 1504
10087 - 88 1
10087 - 108 1
10088 # 1504
10088 + 88
10088 + 88
10089 # 1504
10089 - 88 1
10089 - 88 1
10090 # 1504
10090 + 88
10091 # 1504
10091 - 88 1
10091 + 88
10092 # 1504
10092 - 88 1
10093 # 1504
10093 + 88
10094 # 1504
10094 - 88 1
10094 + 88
10095 # 1504
10095 - 88 1
10095 + 88
10096 # 1504
10096 - 88 1
10096 + 88
10097 # 1504
10097 - 88 1
10097 + 88
10097 + 108
10098 # 1504
10098 - 88 1
10098 - 108 1
10098 + 88
10099 # 1504
10099 - 88 1
10099 + 88
10100 # 1504
10100 - 88 1
10100 + 88
10101 # 1504
10101 - 88 1
10101 + 88
10102 # 1504
10102 - 88 1
10103 # 1504
10103 + 88
10104 # 1504
10104 - 88 1
10104 + 88
10104 + 88
10105 # 1504
10105 - 88 1
10105 - 88 1
10106 # 1504
10106 + 88
10107 # 1504
10107 - 88 1
10107 + 88
10107 + 108
10108 # 1504
10108 - 88 1
10108 - 108 1
10108 + 88
10109 # 1504
10109 - 88 1
10110 # 1504
10110 + 88
10111 # 1504
10111 - 88 1
10111 + 88
10112 # 1504
10112 - 88 1
10113 # 1504
10113 + 88
10114 # 1504
10114 - 88 1
10115 # 1504
10115 + 88
10116 # 1504
10116 - 88 1
10116 + 88
10116 + 88
10117 # 1504
10117 - 88 1
10117 - 88 1
10117 + 88
10118 # 1504
10118 - 88 1
10118 + 88
10118 + 108
10119 # 1504
10119 - 88 1
10119 - 108 1
10119 + 88
10120 # 1504
10120 - 88 1
10120 + 88
10121 # 1504
10121 - 88 1
10122 # 1504
10122 + 88
10123 # 1504
10123 - 88 1
10123 + 88
10124 # 1504
10124 - 88 1
10124 + 88
10125 # 1504
10125 - 88 1
10125 + 88
10126 # 1504
10126 - 88 1
10126 + 88
10127 # 1504
10127 - 88 1
10127 + 88
10128 # 1504
10128 - 88 1
10129 # 1504
10129 + 88
10129 + 108
10130 # 1504
10130 - 88 1
10130 - 108 1
10130 + 88
10131 # 1504
10131 - 88 1
10131 + 88
10132 # 1504
10132 - 88 1
10132 + 88
10133 # 1504
10133 - 88 1
10133 + 88
10134 # 1504
10134 - 88 1
10135 # 1504
10135 + 88
10135 + 88
10136 # 1504
10136 - 88 1
10136 - 88 1
10137 # 1504
10137 + 88
10138 # 1504
10138 - 88 1
10138 + 88
10139 # 1504
10139 - 88 1
10140 # 1504
10140 + 88
10140 + 108
10141 # 1504
10141 - 88 1
10141 - 108 1
10141 + 88
10142 # 1504
10142 - 88 1
10142 + 88
10143 # 1504
10143 - 88 1
10143 + 88
10144 # 1504
10144 - 88 1
10144 + 88
10145 # 1504
10145 - 88 1
10145 + 88
10146 # 1504
10146 - 88 1
10146 + 88
10147 # 1504
10147 - 88 1
10147 + 88
10148 # 1504
10148 - 88 1
10149 # 1504
10149 + 88
10150 # 1504
10150 - 88 1
10150 + 88
10151 # 1504
10151 - 88 1
10151 + 88
10151 + 108
10152 # 1504
10152 - 88 1
10152 - 108 1
10152 + 88
10152 + 100
10153 # 1504
10153 - 88 1
10153 - 100 1
10153 + 88
10154 # 1504
10154 - 88 1
10154 + 88
10155 # 1504
10155 - 88 1
10155 + 88
10156 # 1504
10156 - 88 1
10156 + 88
10157 # 1504
10157 - 88 1
10158 # 1504
10158 + 88
10159 # 1504
10159 - 88 1
10159 + 88
10160 # 1504
10160 - 88 1
10160 + 88
10161 # 1504
10161 - 88 1
10161 + 88
10162 # 1504
10162 - 88 1
10162 + 88
10163 # 1504
10163 - 88 1
10163 + 88
10163 + 108
10164 # 1504
10164 - 88 1
10164 - 108 1
10164 + 88
10165 # 1504
10165 - 88 1
10165 + 88
10166 # 1504
10166 - 88 1
10166 + 88
10167 # 1504
10167 - 88 1
10167 + 88
10168 # 1504
10168 - 88 1
10168 + 88
10169 # 1504
10169 - 88 1
10169 + 88
10170 # 1504
10170 - 88 1
10170 + 88
10171 # 1504
10171 - 88 1
10171 + 88
10172 # 1504
10172 - 88 1
10173 # 1504
10173 + 88
10174 # 1504
10174 - 88 1
10174 + 88
10174 + 108
10175 # 1504
10175 - 88 1
10175 - 108 1
10175 + 88
10176 # 1504
10176 - 88 1
10176 + 88
10177 # 1504
10177 - 88 1
10177 + 88
10178 # 1504
10178 - 88 1
10178 + 88
10179 # 1504
10179 - 88 1
10179 + 88
10180 # 1504
10180 - 88 1
10180 + 88
10181 # 1504
10181 - 88 1
10182 # 1504
10182 + 88
10183 # 1504
10183 - 88 1
10183 + 88
10184 # 1504
10184 - 88 1
10184 + 88
10184 + 108
10185 # 1504
10185 - 88 1
10185 - 108 1
10185 + 88
10186 # 1504
10186 - 88 1
10186 + 88
10187 # 1504
10187 - 88 1
10187 + 88
10188 # 1504
10188 - 88 1
10189 # 1504
10189 + 88
10190 # 1504
10190 - 88 1
10190 + 88
10191 # 1504
10191 - 88 1
10191 + 88
10192 # 1504
10192 - 88 1
10192 + 88
10192 + 88
10193 # 1504
10193 - 88 1
10193 - 88 1
10194 # 1504
10194 + 88
10195 # 1504
10195 - 88 1
10195 + 88
10195 + 108
10196 # 1504
10196 - 88 1
10196 - 108 1
10196 + 88
10197 # 1504
10197 - 88 1
10197 + 88
10198 # 1504
10198 - 88 1
10198 + 88
10199 # 1504
10199 - 88 1
10199 + 88
10200 # 1504
10200 - 88 1
10200 + 88
10201 # 1504
10201 - 88 1
10201 + 88
10202 # 1504
10202 - 88 1
10202 + 88
10203 # 1504
10203 - 88 1
10203 + 88
10204 # 1504
10204 - 88 1
10204 + 88
10205 # 1504
10205 - 88 1
10205 + 88
10206 # 1504
10206 - 88 1
10206 + 88
10206 + 108
10207 # 1504
10207 - 88 1
10207 - 108 1
10207 + 88
10208 # 1504
10208 - 88 1
10208 + 88
10209 # 1504
10209 - 88 1
10209 + 88
10210 # 1504
10210 - 88 1
10210 + 88
10211 # 1504
10211 - 88 1
10211 + 88
10212 # 1504
10212 - 88 1
10212 + 88
10213 # 1504
10213 - 88 1
10213 + 88
10214 # 1504
10214 - 88 1
10214 + 88
10215 # 1504
10215 - 88 1
10215 + 88
10216 # 1504
10216 - 88 1
10216 + 88
10216 + 108
10217 # 1504
10217 - 88 1
10217 - 108 1
10218 # 1504
10218 + 88
10218 + 88
10219 # 1504
10219 - 88 1
10219 - 88 1
10220 # 1504
10221 # 1504
10221 + 88
10221 + 88
10222 # 1504
10222 - 88 1
10222 - 88 1
10222 + 88
10223 # 1504
10223 - 88 1
10223 + 88
10224 # 1504
10224 - 88 1
10224 + 88
10225 # 1504
10225 - 88 1
10225 + 88
10226 # 1504
10226 - 88 1
10226 + 88
10227 # 1504
10227 - 88 1
10227 + 88
10227 + 108
10228 # 1504
10228 - 88 1
10228 - 108 1
10228 + 88
10229 # 1504
10229 - 88 1
10230 # 1504
10230 + 88
10231 # 1504
10231 - 88 1
10231 + 88
10232 # 1504
10232 - 88 1
10232 + 88
10232 + 100
10233 # 1504
10233 - 88 1
10233 - 100 1
10233 + 88
10234 # 1504
10234 - 88 1
10234 + 88
10235 # 1504
10235 - 88 1
10235 + 88
10236 # 1504
10236 - 88 1
10236 + 88
10237 # 1504
10237 - 88 1
10238 # 1504
10238 + 88
10239 # 1504
10239 - 88 1
10239 + 88
10240 # 1504
10240 - 88 1
10240 + 88
10241 # 1504
10241 - 88 1
10241 + 88
10242 # 1504
10242 - 88 1
10242 + 88
10243 # 1504
10243 - 88 1
10243 + 88
10243 + 108
10244 # 1504
10244 - 88 1
10244 - 108 1
10244 + 88
10245 # 1504
10245 - 88 1
10245 + 88
10246 # 1504
10246 - 88 1
10246 + 88
10247 # 1504
10247 - 88 1
10247 + 88
10248 # 1504
10248 - 88 1
10248 + 88
10249 # 1504
10249 - 88 1
10249 + 88
10250 # 1504
10250 - 88 1
10250 + 88
10251 # 1504
10251 - 88 1
10251 + 88
10252 # 1504
10252 - 88 1
10252 + 88
10253 # 1504
10253 - 88 1
10254 # 1504
10254 + 88
10254 + 108
10255 # 1504
10255 - 88 1
10255 - 108 1
10255 + 88
10256 # 1504
10256 - 88 1
10256 + 88
10257 # 1504
10257 - 88 1
10257 + 88
10258 # 1504
10258 - 88 1
10258 + 88
10259 # 1504
10259 - 88 1
10259 + 88
10260 # 1504
10260 - 88 1
10261 # 1504
10261 + 88
10262 # 1504
10262 - 88 1
10262 + 88
10263 # 1504
10263 - 88 1
10263 + 88
10264 # 1504
10264 - 88 1
10264 + 88
10264 + 88
10265 # 1504
10265 - 88 1
10265 - 88 1
10266 # 1504
10266 + 88
10266 + 108
10267 # 1504
10267 - 88 1
10267 - 108 1
10267 + 88
10268 # 1504
10268 - 88 1
10268 + 88
10269 # 1504
10269 - 88 1
10269 + 88
10270 # 1504
10270 - 88 1
10270 + 88
10271 # 1504
10271 - 88 1
10271 + 88
10272 # 1504
10272 - 88 1
10272 + 88
10273 # 1504
10273 - 88 1
10273 + 88
10274 # 1504
10274 - 88 1
10274 + 88
10275 # 1504
10275 - 88 1
10275 + 88
10276 # 1504
10276 - 88 1
10276 + 88
10276 + 108
10277 # 1504
10277 - 88 1
10277 - 108 1
10277 + 88
10278 # 1504
10278 - 88 1
10278 + 88
10279 # 1504
10279 - 88 1
10279 + 88
10280 # 1504
10280 - 88 1
10280 + 88
10281 # 1504
10281 - 88 1
10281 + 88
10282 # 1504
10282 - 88 1
10282 + 88
10283 # 1504
10283 - 88 1
10284 # 1504
10284 + 88
10284 + 88
10285 # 1504
10285 - 88 1
10285 - 88 1
10286 # 1504
10286 + 88
10287 # 1504
10287 - 88 1
10287 + 88
10287 + 108
10288 # 1504
10288 - 88 1
10288 - 108 1
10288 + 88
10289 # 1504
10289 - 88 1
10289 + 88
10290 # 1504
10290 - 88 1
10290 + 88
10291 # 1504
10291 - 88 1
10291 + 88
10292 # 1504
10292 - 88 1
10292 + 88
10293 # 1504
10293 - 88 1
10293 + 88
10294 # 1504
10294 - 88 1
10294 + 88
10295 # 1504
10295 - 88 1
10295 + 88
10296 # 1504
10296 - 88 1
10296 + 88
10297 # 1504
10297 - 88 1
10297 + 88
10297 + 108
10298 # 1504
10298 - 88 1
10298 - 108 1
10298 + 88
10299 # 1504
10299 - 88 1
10299 + 88
10300 # 1504
10300 - 88 1
10300 + 88
10301 # 1504
10301 - 88 1
10301 + 88
10302 # 1504
10302 - 88 1
10302 + 88
10303 # 1504
10303 - 88 1
10303 + 88
10304 # 1504
10304 - 88 1
10304 + 88
10305 # 1504
10305 - 88 1
10305 + 88
10306 # 1504
10306 - 88 1
10307 # 1504
10307 + 88
10308 # 1504
10308 - 88 1
10308 + 88
10308 + 108
10309 # 1504
10309 - 88 1
10309 - 108 1
10309 + 88
10310 # 1504
10310 - 88 1
10310 + 88
10311 # 1504
10311 - 88 1
10311 + 88
10311 + 100
10312 # 1504
10312 - 88 1
10312 - 100 1
10312 + 88
10313 # 1504
10313 - 88 1
10313 + 88
10314 # 1504
10314 - 88 1
10314 + 88
10315 # 1504
10315 - 88 1
10315 + 88
10316 # 1504
10316 - 88 1
10316 + 88
10317 # 1504
10317 - 88 1
10317 + 88
10318 # 1504
10318 - 88 1
10318 + 88
10319 # 1504
10319 - 88 1
10319 + 88
10320 # 1504
10320 - 88 1
10320 + 88
10321 # 1504
10321 - 88 1
10321 + 88
10321 + 108
10322 # 1504
10322 - 88 1
10322 - 108 1
10322 + 88
10323 # 1504
10323 - 88 1
10323 + 88
10324 # 1504
10324 - 88 1
10324 + 88
10325 # 1504
10325 - 88 1
10325 + 88
10326 # 1504
10326 - 88 1
10326 + 88
10327 # 1504
10327 - 88 1
10327 + 88
10328 # 1504
10328 - 88 1
10328 + 88
10329 # 1504
10329 - 88 1
10329 + 88
10330 # 1504
10330 - 88 1
10330 + 88
10331 # 1504
10331 - 88 1
10331 + 88
10331 + 108
10332 # 1504
10332 - 88 1
10332 - 108 1
10332 + 88
10333 # 1504
10333 - 88 1
10333 + 88
10334 # 1504
10334 - 88 1
10334 + 88
10335 # 1504
10335 - 88 1
10335 + 88
10336 # 1504
10336 - 88 1
10336 + 88
10337 # 1504
10337 - 88 1
10337 + 88
10338 # 1504
10338 - 88 1
10338 + 88
10339 # 1504
10339 - 88 1
10339 + 88
10340 # 1504
10340 - 88 1
10340 + 88
10341 # 1504
10341 - 88 1
10341 + 88
10341 + 108
10342 # 1504
10342 - 88 1
10342 - 108 1
10342 + 88
10343 # 1504
10343 - 88 1
10343 + 88
10344 # 1504
10344 - 88 1
10344 + 88
10345 # 1504
10345 - 88 1
10345 + 88
10346 # 1504
10346 - 88 1
10347 # 1504
10347 + 88
10348 # 1504
10348 - 88 1
10348 + 88
10349 # 1504
10349 - 88 1
10349 + 88
10350 # 1504
10350 - 88 1
10350 + 88
10351 # 1504
10351 - 88 1
10351 + 88
10352 # 1504
10352 - 88 1
10352 + 88
10352 + 108
10353 # 1504
10353 - 88 1
10353 - 108 1
10353 + 88
10354 # 1504
10354 - 88 1
10354 + 88
10355 # 1504
10355 - 88 1
10355 + 88
10356 # 1504
10356 - 88 1
10356 + 88
10357 # 1504
10357 - 88 1
10357 + 88
10358 # 1504
10358 - 88 1
10358 + 88
10359 # 1504
10359 - 88 1
10359 + 88
10360 # 1504
10360 - 88 1
10360 + 88
10361 # 1504
10361 - 88 1
10361 + 88
10362 # 1504
10362 - 88 1
10362 + 88
10362 + 108
10363 # 1504
10363 - 88 1
10363 - 108 1
10363 + 88
10364 # 1504
10364 - 88 1
10364 + 88
10365 # 1504
10365 - 88 1
10365 + 88
10366 # 1504
10366 - 88 1
10366 + 88
10367 # 1504
10367 - 88 1
10367 + 88
10368 # 1504
10368 - 88 1
10368 + 88
10369 # 1504
10369 - 88 1
10369 + 88
10370 # 1504
10370 - 88 1
10370 + 88
10371 # 1504
10371 - 88 1
10371 + 88
10372 # 1504
10372 - 88 1
10372 + 88
10372 + 108
10373 # 1504
10373 - 88 1
10373 - 108 1
10374 # 1504
10374 + 88
10374 + 88
10375 # 1504
10375 - 88 1
10375 - 88 1
10376 # 1504
10376 + 88
10376 + 88
10377 # 1504
10377 - 88 1
10377 - 88 1
10377 + 88
10378 # 1504
10378 - 88 1
10378 + 88
10379 # 1504
10379 - 88 1
10379 + 88
10380 # 1504
10380 - 88 1
10380 + 88
10381 # 1504
10381 - 88 1
10381 + 88
10382 # 1504
10382 - 88 1
10382 + 88
10383 # 1504
10383 - 88 1
10383 + 88
10383 + 108
10384 # 1504
10384 - 88 1
10384 - 108 1
10384 + 88
10385 # 1504
10385 - 88 1
10385 + 88
10386 # 1504
10386 - 88 1
10386 + 88
10386 + 100
10387 # 1504
10387 - 88 1
10387 - 100 1
10387 + 88
10388 # 1504
10388 - 88 1
10388 + 88
10389 # 1504
10389 - 88 1
10389 + 88
10390 # 1504
10390 - 88 1
10390 + 88
10391 # 1504
10391 - 88 1
10391 + 88
10392 # 1504
10392 - 88 1
10392 + 88
10393 # 1504
10393 - 88 1
10393 + 88
10394 # 1504
10394 - 88 1
10394 + 88
10395 # 1504
10395 - 88 1
10395 + 88
10396 # 1504
10396 - 88 1
10396 + 88
10397 # 1504
10397 - 88 1
10397 + 88
10397 + 108
10398 # 1504
10398 - 88 1
10398 - 108 1
10398 + 88
10399 # 1504
10399 - 88 1
10399 + 88
10400 # 1504
10400 - 88 1
10400 + 88
10401 # 1504
10401 - 88 1
10401 + 88
10402 # 1504
10402 - 88 1
10402 + 88
10403 # 1504
10403 - 88 1
10403 + 88
10404 # 1504
10404 - 88 1
10404 + 88
10405 # 1504
10405 - 88 1
10405 + 88
10406 # 1504
10406 - 88 1
10406 + 88
10407 # 1504
10407 - 88 1
10407 + 88
10408 # 1504
10408 - 88 1
10408 + 88
10408 + 108
10409 # 1504
10409 - 88 1
10409 - 108 1
10409 + 88
10410 # 1504
10410 - 88 1
10410 + 88
10411 # 1504
10411 - 88 1
10411 + 88
10412 # 1504
10412 - 88 1
10412 + 88
10413 # 1504
10413 - 88 1
10413 + 88
10414 # 1504
10414 - 88 1
10414 + 88
10415 # 1504
10415 - 88 1
10415 + 88
10416 # 1504
10416 - 88 1
10416 + 88
10417 # 1504
10417 - 88 1
10417 + 88
10418 # 1504
10418 - 88 1
10418 + 88
10419 # 1504
10419 - 88 1
10419 + 88
10419 + 108
10420 # 1504
10420 - 88 1
10420 - 108 1
10420 + 88
10421 # 1504
10421 - 88 1
10421 + 88
10422 # 1504
10422 - 88 1
10422 + 88
10422 + 88
10423 # 1504
10423 - 88 1
10423 - 88 1
10423 + 88
10424 # 1504
10424 - 88 1
10424 + 88
10425 # 1504
10425 - 88 1
10425 + 88
10426 # 1504
10426 - 88 1
10426 + 88
10427 # 1504
10427 - 88 1
10427 + 88
10428 # 1504
10428 - 88 1
10428 + 88
10429 # 1504
10429 - 88 1
10429 + 88
10429 + 108
10430 # 1504
10430 - 88 1
10430 - 108 1
10430 + 88
10431 # 1504
10431 - 88 1
10431 + 88
10432 # 1504
10432 - 88 1
10432 + 88
10433 # 1504
10433 - 88 1
10433 + 88
10434 # 1504
10434 - 88 1
10434 + 88
10435 # 1504
10435 - 88 1
10435 + 88
10436 # 1504
10436 - 88 1
10436 + 88
10437 # 1504
10437 - 88 1
10437 + 88
10438 # 1504
10438 - 88 1
10438 + 88
10439 # 1504
10439 - 88 1
10439 + 88
10440 # 1504
10440 - 88 1
10441 # 1504
10441 + 88
10441 + 108
10442 # 1504
10442 - 88 1
10442 - 108 1
10442 + 88
10442 + 88
10443 # 1504
10443 - 88 1
10443 - 88 1
10444 # 1504
10444 + 88
10445 # 1504
10445 - 88 1
10445 + 88
10445 + 88
10446 # 1504
10446 - 88 1
10446 - 88 1
10446 + 88
10447 # 1504
10447 - 88 1
10447 + 88
10448 # 1504
10448 - 88 1
10448 + 88
10448 + 88
10449 # 1504
10449 - 88 1
10449 - 88 1
10449 + 88
10450 # 1504
10450 - 88 1
10450 + 88
10451 # 1504
10451 - 88 1
10451 + 88
10451 + 108
10452 # 1504
10452 - 88 1
10452 - 108 1
10452 + 88
10453 # 1504
10453 - 88 1
10453 + 88
10454 # 1504
10454 - 88 1
10454 + 88
10455 # 1504
10455 - 88 1
10455 + 88
10456 # 1504
10456 - 88 1
10456 + 88
10457 # 1504
10457 - 88 1
10457 + 88
10458 # 1504
10458 - 88 1
10458 + 88
10458 + 100
10459 # 1504
10459 - 88 1
10459 - 100 1
10459 + 88
10460 # 1504
10460 - 88 1
10460 + 88
10461 # 1504
10461 - 88 1
10461 + 88
10462 # 1504
10462 - 88 1
10462 + 88
10463 # 1504
10463 - 88 1
10463 + 88
10464 # 1504
10464 - 88 1
10464 + 88
10465 # 1504
10465 - 88 1
10465 + 88
10466 # 1504
10466 - 88 1
10466 + 88
10467 # 1504
10467 - 88 1
10467 + 88
10468 # 1504
10468 - 88 1
10468 + 88
10468 + 108
10468 + 88
10469 # 1504
10469 - 88 1
10469 - 108 1
10469 - 88 1
10469 + 88
10470 # 1504
10470 - 88 1
10470 + 88
10471 # 1504
10471 - 88 1
10471 + 88
10472 # 1504
10472 - 88 1
10472 + 88
10473 # 1504
10473 - 88 1
10473 + 88
10474 # 1504
10474 - 88 1
10474 + 88
10475 # 1504
10475 - 88 1
10475 + 88
10476 # 1504
10476 - 88 1
10476 + 88
10477 # 1504
10477 - 88 1
10477 + 88
10478 # 1504
10478 - 88 1
10478 + 88
10479 # 1504
10479 - 88 1
10479 + 88
10479 + 108
10480 # 1504
10480 - 88 1
10480 - 108 1
10480 + 88
10481 # 1504
10481 - 88 1
10481 + 88
10482 # 1504
10482 - 88 1
10482 + 88
10483 # 1504
10483 - 88 1
10483 + 88
10484 # 1504
10484 - 88 1
10484 + 88
10485 # 1504
10485 - 88 1
10485 + 88
10486 # 1504
10486 - 88 1
10486 + 88
10487 # 1504
10487 - 88 1
10487 + 88
10488 # 1504
10488 - 88 1
10488 + 88
10489 # 1504
10489 - 88 1
10489 + 88
10489 + 108
10490 # 1504
10490 - 88 1
10490 - 108 1
10490 + 88
10491 # 1504
10491 - 88 1
10491 + 88
10492 # 1504
10492 - 88 1
10492 + 88
10493 # 1504
10493 - 88 1
10493 + 88
10494 # 1504
10494 - 88 1
10495 # 1504
10495 + 88
10496 # 1504
10496 - 88 1
10496 + 88
10496 + 88
10496 + 88
10497 # 1504
10497 - 88 1
10497 - 88 1
10497 - 88 1
10497 + 88
10498 # 1504
10498 - 88 1
10498 + 88
10499 # 1504
10499 - 88 1
10499 + 88
10500 # 1504
10500 - 88 1
10500 + 88
10500 + 108
10501 # 1504
10501 - 88 1
10501 - 108 1
10501 + 88
10502 # 1504
10502 - 88 1
10502 + 88
10503 # 1504
10503 - 88 1
10503 + 88
10504 # 1504
10504 - 88 1
10504 + 88
10505 # 1504
10505 - 88 1
10506 # 1504
10506 + 88
10507 # 1504
10507 - 88 1
10507 + 88
10508 # 1504
10508 - 88 1
10508 + 88
10509 # 1504
10509 - 88 1
10509 + 88
10510 # 1504
10510 - 88 1
10510 + 88
10510 + 108
10511 # 1504
10511 - 88 1
10511 - 108 1
10511 + 88
10512 # 1504
10512 - 88 1
10512 + 88
10513 # 1504
10513 - 88 1
10514 # 1504
10514 + 88
10515 # 1504
10515 - 88 1
10515 + 88
10516 # 1504
10516 - 88 1
10516 + 88
10517 # 1504
10517 - 88 1
10517 + 88
10518 # 1504
10518 - 88 1
10518 + 88
10519 # 1504
10519 - 88 1
10519 + 88
10520 # 1504
10520 - 88 1
10520 + 88
10521 # 1504
10521 - 88 1
10521 + 88
10521 + 108
10522 # 1504
10522 - 88 1
10522 - 108 1
10522 + 88
10523 # 1504
10523 - 88 1
10523 + 88
10524 # 1504
10524 - 88 1
10524 + 88
10525 # 1504
10525 - 88 1
10525 + 88
10526 # 1504
10526 - 88 1
10527 # 1504
10527 + 88
10528 # 1504
10528 - 88 1
10528 + 88
10529 # 1504
10529 - 88 1
10529 + 88
10530 # 1504
10530 - 88 1
10530 + 88
10531 # 1504
10531 - 88 1
10531 + 88
10532 # 1504
10532 - 88 1
10532 + 88
10532 + 108
10533 # 1504
10533 - 88 1
10533 - 108 1
10533 + 88
10533 + 100
10534 # 1504
10534 - 88 1
10534 - 100 1
10534 + 88
10535 # 1504
10535 - 88 1
10535 + 88
10536 # 1504
10536 - 88 1
10536 + 88
10537 # 1504
10537 - 88 1
10537 + 88
10538 # 1504
10538 - 88 1
10538 + 88
10539 # 1504
10539 - 88 1
10539 + 88
10540 # 1504
10540 - 88 1
10540 + 88
10541 # 1504
10541 - 88 1
10541 + 88
10542 # 1504
10542 - 88 1
10542 + 88
10543 # 1504
10543 - 88 1
10543 + 88
10543 + 108
10544 # 1504
10544 - 88 1
10544 - 108 1
10544 + 88
10545 # 1504
10545 - 88 1
10545 + 88
10546 # 1504
10546 - 88 1
10547 # 1504
10547 + 88
10548 # 1504
10548 - 88 1
10548 + 88
10549 # 1504
10549 - 88 1
10549 + 88
10550 # 1504
10550 - 88 1
10550 + 88
10551 # 1504
10551 - 88 1
10551 + 88
10552 # 1504
10552 - 88 1
10552 + 88
10553 # 1504
10553 - 88 1
10553 + 88
10554 # 1504
10554 - 88 1
10554 + 88
10554 + 108
10555 # 1504
10555 - 88 1
10555 - 108 1
10555 + 88
10556 # 1504
10556 - 88 1
10556 + 88
10557 # 1504
10557 - 88 1
10557 + 88
10558 # 1504
10558 - 88 1
10558 + 88
10559 # 1504
10559 - 88 1
10559 + 88
10560 # 1504
10560 - 88 1
10560 + 88
10561 # 1504
10561 - 88 1
10561 + 88
10562 # 1504
10562 - 88 1
10562 + 88
10563 # 1504
10563 - 88 1
10563 + 88
10564 # 1504
10564 - 88 1
10564 + 88
10564 + 108
10565 # 1504
10565 - 88 1
10565 - 108 1
10565 + 88
10566 # 1504
10566 - 88 1
10566 + 88
10567 # 1504
10567 - 88 1
10568 # 1504
10569 # 1504
10569 + 88
10569 + 88
10570 # 1504
10570 - 88 1
10570 - 88 1
10570 + 88
10571 # 1504
10571 - 88 1
10571 + 88
10572 # 1504
10572 - 88 1
10572 + 88
10573 # 1504
10573 - 88 1
10573 + 88
10574 # 1504
10574 - 88 1
10574 + 88
10575 # 1504
10575 - 88 1
10575 + 88
10575 + 108
10576 # 1504
10576 - 88 1
10576 - 108 1
10576 + 88
10577 # 1504
10577 - 88 1
10577 + 88
10578 # 1504
10578 - 88 1
10578 + 88
10579 # 1504
10579 - 88 1
10579 + 88
10580 # 1504
10580 - 88 1
10580 + 88
10581 # 1504
10581 - 88 1
10581 + 88
10582 # 1504
10582 - 88 1
10582 + 88
10583 # 1504
10583 - 88 1
10583 + 88
10584 # 1504
10584 - 88 1
10584 + 88
10585 # 1504
10585 - 88 1
10585 + 88
10586 # 1504
10586 - 88 1
10586 + 88
10586 + 108
10587 # 1504
10587 - 88 1
10587 - 108 1
10587 + 88
10588 # 1504
10588 - 88 1
10588 + 88
10589 # 1504
10589 - 88 1
10590 # 1504
10590 + 88
10591 # 1504
10591 - 88 1
10591 + 88
10592 # 1504
10592 - 88 1
10592 + 88
10593 # 1504
10593 - 88 1
10593 + 88
10594 # 1504
10594 - 88 1
10594 + 88
10595 # 1504
10595 - 88 1
10595 + 88
10596 # 1504
10596 - 88 1
10596 + 88
10597 # 1504
10597 - 88 1
10597 + 88
10597 + 108
10598 # 1504
10598 - 88 1
10598 - 108 1
10598 + 88
10599 # 1504
10599 - 88 1
10599 + 88
10600 # 1504
10600 - 88 1
10600 + 88
10601 # 1504
10601 - 88 1
10601 + 88
10602 # 1504
10602 - 88 1
10602 + 88
10603 # 1504
10603 - 88 1
10603 + 88
10604 # 1504
10604 - 88 1
10604 + 88
10605 # 1504
10605 - 88 1
10605 + 88
10606 # 1504
10606 - 88 1
10606 + 88
10607 # 1504
10607 - 88 1
10607 + 88
10607 + 108
10608 # 1504
10608 - 88 1
10608 - 108 1
10608 + 88
10609 # 1504
10609 - 88 1
10609 + 88
10610 # 1504
10610 - 88 1
10610 + 88
10610 + 100
10611 # 1504
10611 - 88 1
10611 - 100 1
10611 + 88
10612 # 1504
10612 - 88 1
10612 + 88
10613 # 1504
10613 - 88 1
10613 + 88
10614 # 1504
10614 - 88 1
10614 + 88
10615 # 1504
10615 - 88 1
10615 + 88
10616 # 1504
10616 - 88 1
10616 + 88
10617 # 1504
10617 - 88 1
10617 + 88
10618 # 1504
10618 - 88 1
10618 + 88
10619 # 1504
10619 - 88 1
10619 + 88
10620 # 1504
10620 - 88 1
10620 + 88
10620 + 108
10621 # 1504
10621 - 88 1
10621 - 108 1
10621 + 88
10622 # 1504
10622 - 88 1
10622 + 88
10623 # 1504
10623 - 88 1
10623 + 88
10624 # 1504
10624 - 88 1
10624 + 88
10625 # 1504
10625 - 88 1
10625 + 88
10626 # 1504
10626 - 88 1
10627 # 1504
10627 + 88
10628 # 1504
10628 - 88 1
10628 + 88
10629 # 1504
10629 - 88 1
10629 + 88
10630 # 1504
10630 - 88 1
10630 + 88
10631 # 1504
10631 - 88 1
10631 + 88
10631 + 108
10632 # 1504
10632 - 88 1
10632 - 108 1
10632 + 88
10633 # 1504
10633 - 88 1
10634 # 1504
10634 + 88
10634 + 88
10635 # 1504
10635 - 88 1
10635 - 88 1
10636 # 1504
10636 + 88
10636 + 88
10637 # 1504
10637 - 88 1
10637 - 88 1
10637 + 88
10638 # 1504
10638 - 88 1
10638 + 88
10639 # 1504
10639 - 88 1
10639 + 88
10640 # 1504
10640 - 88 1
10640 + 88
10641 # 1504
10641 - 88 1
10641 + 88
10641 + 108
10642 # 1504
10642 - 88 1
10642 - 108 1
10642 + 88
10643 # 1504
10643 - 88 1
10643 + 88
10644 # 1504
10644 - 88 1
10645 # 1504
10645 + 88
10646 # 1504
10646 - 88 1
10646 + 88
10647 # 1504
10647 - 88 1
10647 + 88
10648 # 1504
10648 - 88 1
10649 # 1504
10649 + 88
10650 # 1504
10650 - 88 1
10650 + 88
10651 # 1504
10651 - 88 1
10651 + 88
10652 # 1504
10652 - 88 1
10652 + 88
10652 + 108
10653 # 1504
10653 - 88 1
10653 - 108 1
10653 + 88
10654 # 1504
10654 - 88 1
10654 + 88
10655 # 1504
10655 - 88 1
10655 + 88
10656 # 1504
10656 - 88 1
10656 + 88
10657 # 1504
10657 - 88 1
10657 + 88
10658 # 1504
10658 - 88 1
10658 + 88
10659 # 1504
10659 - 88 1
10659 + 88
10660 # 1504
10660 - 88 1
10660 + 88
10661 # 1504
10661 - 88 1
10661 + 88
10662 # 1504
10662 - 88 1
10662 + 88
10662 + 108
10663 # 1504
10663 - 88 1
10663 - 108 1
10663 + 88
10664 # 1504
10664 - 88 1
10664 + 88
10665 # 1504
10665 - 88 1
10665 + 88
10666 # 1504
10666 - 88 1
10666 + 88
10667 # 1504
10667 - 88 1
10667 + 88
10668 # 1504
10668 - 88 1
10668 + 88
10669 # 1504
10669 - 88 1
10669 + 88
10670 # 1504
10670 - 88 1
10670 + 88
10671 # 1504
10671 - 88 1
10672 # 1504
10672 + 88
10673 # 1504
10673 - 88 1
10673 + 88
10673 + 108
10673 + 88
10674 # 1504
10674 - 88 1
10674 - 108 1
10674 - 88 1
10674 + 88
10675 # 1504
10675 - 88 1
10675 + 88
10676 # 1504
10676 - 88 1
10676 + 88
10677 # 1504
10677 - 88 1
10677 + 88
10678 # 1504
10678 - 88 1
10678 + 88
10679 # 1504
10679 - 88 1
10679 + 88
10680 # 1504
10680 - 88 1
10680 + 88
10681 # 1504
10681 - 88 1
10681 + 88
10682 # 1504
10682 - 88 1
10682 + 88
10683 # 1504
10683 - 88 1
10684 # 1504
10684 + 88
10684 + 108
10685 # 1504
10685 - 88 1
10685 - 108 1
10685 + 88
10685 + 88
10686 # 1504
10686 - 88 1
10686 - 88 1
10687 # 1504
10687 + 88
10688 # 1504
10688 - 88 1
10688 + 88
10688 + 100
10689 # 1504
10689 - 88 1
10689 - 100 1
10689 + 88
10690 # 1504
10690 - 88 1
10690 + 88
10691 # 1504
10691 - 88 1
10691 + 88
10692 # 1504
10692 - 88 1
10692 + 88
10693 # 1504
10693 - 88 1
10693 + 88
10694 # 1504
10694 - 88 1
10694 + 88
10695 # 1504
10695 - 88 1
10695 + 88
10696 # 1504
10696 - 88 1
10696 + 88
10697 # 1504
10697 - 88 1
10697 + 88
10698 # 1504
10698 - 88 1
10698 + 88
10698 + 108
10699 # 1504
10699 - 88 1
10699 - 108 1
10699 + 88
10700 # 1504
10700 - 88 1
10700 + 88
10701 # 1504
10701 - 88 1
10701 + 88
10702 # 1504
10702 - 88 1
10702 + 88
10703 # 1504
10703 - 88 1
10703 + 88
10704 # 1504
10704 - 88 1
10704 + 88
10705 # 1504
10705 - 88 1
10705 + 88
10706 # 1504
10706 - 88 1
10707 # 1504
10707 + 88
10708 # 1504
10708 - 88 1
10708 + 88
10709 # 1504
10709 - 88 1
10709 + 88
10709 + 108
10710 # 1504
10710 - 88 1
10710 - 108 1
10710 + 88
10711 # 1504
10711 - 88 1
10711 + 88
10712 # 1504
10712 - 88 1
10712 + 88
10713 # 1504
10713 - 88 1
10714 # 1504
10714 + 88
10715 # 1504
10715 - 88 1
10715 + 88
10715 + 88
10716 # 1504
10716 - 88 1
10716 - 88 1
10716 + 88
10717 # 1504
10717 - 88 1
10717 + 88
10718 # 1504
10718 - 88 1
10718 + 88
10719 # 1504
10719 - 88 1
10719 + 88
10719 + 108
10720 # 1504
10720 - 88 1
10720 - 108 1
10720 + 88
10721 # 1504
10721 - 88 1
10721 + 88
10722 # 1504
10722 - 88 1
10722 + 88
10723 # 1504
10723 - 88 1
10723 + 88
10724 # 1504
10724 - 88 1
10724 + 88
10725 # 1504
10725 - 88 1
10725 + 88
10726 # 1504
10726 - 88 1
10726 + 88
10727 # 1504
10727 - 88 1
10727 + 88
10728 # 1504
10728 - 88 1
10728 + 88
10729 # 1504
10729 - 88 1
10729 + 88
10730 # 1504
10730 - 88 1
10730 + 88
10730 + 108
10731 # 1504
10731 - 88 1
10731 - 108 1
10731 + 88
10732 # 1504
10732 - 88 1
10732 + 88
10733 # 1504
10733 - 88 1
10733 + 88
10734 # 1504
10734 - 88 1
10734 + 88
10735 # 1504
10735 - 88 1
10735 + 88
10736 # 1504
10736 - 88 1
10736 + 88
10737 # 1504
10737 - 88 1
10737 + 88
10738 # 1504
10738 - 88 1
10738 + 88
10739 # 1504
10739 - 88 1
10739 + 88
10740 # 1504
10740 - 88 1
10740 + 88
10740 + 108
10741 # 1504
10741 - 88 1
10741 - 108 1
10742 # 1504
10742 + 88
10742 + 88
10743 # 1504
10743 - 88 1
10743 - 88 1
10744 # 1504
10745 # 1504
10745 + 88
10745 + 88
10745 + 88
10746 # 1504
10746 - 88 1
10746 - 88 1
10746 - 88 1
10747 # 1504
10747 + 88
10748 # 1504
10748 - 88 1
10748 + 88
10749 # 1504
10749 - 88 1
10749 + 88
10750 # 1504
10750 - 88 1
10750 + 88
10751 # 1504
10751 - 88 1
10751 + 88
10751 + 108
10752 # 1504
10752 - 88 1
10752 - 108 1
10752 + 88
10753 # 1504
10753 - 88 1
10753 + 88
10754 # 1504
10754 - 88 1
10754 + 88
10755 # 1504
10755 - 88 1
10755 + 88
10756 # 1504
10756 - 88 1
10756 + 88
10757 # 1504
10757 - 88 1
10758 # 1504
10758 + 88
10758 + 88
10759 # 1504
10759 - 88 1
10759 - 88 1
10760 # 1504
10760 + 88
10761 # 1504
10761 - 88 1
10761 + 88
10761 + 108
10762 # 1504
10762 - 88 1
10762 - 108 1
10762 + 88
10763 # 1504
10763 - 88 1
10763 + 88
10764 # 1504
10764 - 88 1
10764 + 88
10765 # 1504
10765 - 88 1
10765 + 88
10765 + 100
10766 # 1504
10766 - 88 1
10766 - 100 1
10766 + 88
10767 # 1504
10767 - 88 1
10767 + 88
10768 # 1504
10768 - 88 1
10768 + 88
10769 # 1504
10769 - 88 1
10769 + 88
10770 # 1504
10770 - 88 1
10770 + 88
10771 # 1504
10771 - 88 1
10771 + 88
10772 # 1504
10772 - 88 1
10772 + 88
10773 # 1504
10773 - 88 1
10773 + 88
10774 # 1504
10774 - 88 1
10774 + 88
10775 # 1504
10775 - 88 1
10775 + 88
10775 + 108
10776 # 1504
10776 - 88 1
10776 - 108 1
10776 + 88
10777 # 1504
10777 - 88 1
10777 + 88
10778 # 1504
10778 - 88 1
10778 + 88
10779 # 1504
10779 - 88 1
10779 + 88
10780 # 1504
10780 - 88 1
10780 + 88
10781 # 1504
10781 - 88 1
10781 + 88
10782 # 1504
10782 - 88 1
10782 + 88
10783 # 1504
10783 - 88 1
10783 + 88
10784 # 1504
10784 - 88 1
10785 # 1504
10785 + 88
10786 # 1504
10786 - 88 1
10786 + 88
10786 + 108
10787 # 1504
10787 - 88 1
10787 - 108 1
10787 + 88
10788 # 1504
10788 - 88 1
10788 + 88
10789 # 1504
10789 - 88 1
10789 + 88
10790 # 1504
10790 - 88 1
10790 + 88
10791 # 1504
10791 - 88 1
10791 + 88
10792 # 1504
10792 - 88 1
10792 + 88
10793 # 1504
10793 - 88 1
10793 + 88
10794 # 1504
10794 - 88 1
10795 # 1504
10795 + 88
10796 # 1504
10796 - 88 1
10796 + 88
10796 + 88
10797 # 1504
10797 - 88 1
10797 - 88 1
10798 # 1504
10798 + 88
10798 + 108
10799 # 1504
10799 - 88 1
10799 - 108 1
10799 + 88
10800 # 1504
10800 - 88 1
10800 + 88
10801 # 1504
10801 - 88 1
10801 + 88
10802 # 1504
10802 - 88 1
10802 + 88
10803 # 1504
10803 - 88 1
10803 + 88
10804 # 1504
10804 - 88 1
10804 + 88
10805 # 1504
10805 - 88 1
10805 + 88
10806 # 1504
10806 - 88 1
10806 + 88
10807 # 1504
10807 - 88 1
10807 + 88
10808 # 1504
10808 - 88 1
10808 + 88
10809 # 1504
10809 - 88 1
10809 + 108
10810 # 1504
10810 - 108 1
10810 + 88
10810 + 88
10811 # 1504
10811 - 88 1
10811 - 88 1
10812 # 1504
10812 + 88
10813 # 1504
10813 - 88 1
10813 + 88
10814 # 1504
10814 - 88 1
10814 + 88
10815 # 1504
10815 - 88 1
10815 + 88
10816 # 1504
10816 - 88 1
10816 + 88
10817 # 1504
10817 - 88 1
10817 + 88
10818 # 1504
10818 - 88 1
10818 + 88
10819 # 1504
10819 - 88 1
10819 + 88
10819 + 108
10820 # 1504
10820 - 88 1
10820 - 108 1
10820 + 88
10821 # 1504
10821 - 88 1
10821 + 88
10822 # 1504
10822 - 88 1
10822 + 88
10823 # 1504
10823 - 88 1
10823 + 88
10824 # 1504
10824 - 88 1
10824 + 88
10825 # 1504
10825 - 88 1
10825 + 88
10826 # 1504
10826 - 88 1
10826 + 88
10827 # 1504
10827 - 88 1
10827 + 88
10828 # 1504
10828 - 88 1
10828 + 88
10829 # 1504
10829 - 88 1
10830 # 1504
10830 + 88
10830 + 108
10830 + 88
10831 # 1504
10831 - 88 1
10831 - 108 1
10831 - 88 1
10831 + 88
10832 # 1504
10832 - 88 1
10833 # 1504
10834 # 1504
10834 + 88
10834 + 88
10835 # 1504
10835 - 88 1
10835 - 88 1
10835 + 88
10836 # 1504
10836 - 88 1
10836 + 88
10837 # 1504
10837 - 88 1
10837 + 88
10838 # 1504
10838 - 88 1
10838 + 88
10839 # 1504
10839 - 88 1
10839 + 88
10840 # 1504
10840 - 88 1
10840 + 88
10840 + 108
10841 # 1504
10841 - 88 1
10841 - 108 1
10841 + 88
10842 # 1504
10842 - 88 1
10842 + 88
10843 # 1504
10843 - 88 1
10843 + 88
10843 + 100
10844 # 1504
10844 - 88 1
10844 - 100 1
10844 + 88
10845 # 1504
10845 - 88 1
10845 + 88
10846 # 1504
10846 - 88 1
10846 + 88
10847 # 1504
10847 - 88 1
10847 + 88
10848 # 1504
10848 - 88 1
10848 + 88
10849 # 1504
10849 - 88 1
10849 + 88
10850 # 1504
10850 - 88 1
10850 + 88
10851 # 1504
10851 - 88 1
10851 + 88
10852 # 1504
10852 - 88 1
10852 + 88
10853 # 1504
10853 - 88 1
10853 + 88
10854 # 1504
10854 - 88 1
10854 + 88
10854 + 108
10855 # 1504
10855 - 88 1
10855 - 108 1
10855 + 88
10856 # 1504
10856 - 88 1
10856 + 88
10857 # 1504
10857 - 88 1
10857 + 88
10858 # 1504
10858 - 88 1
10858 + 88
10859 # 1504
10859 - 88 1
10859 + 88
10860 # 1504
10860 - 88 1
10860 + 88
10861 # 1504
10861 - 88 1
10861 + 88
10862 # 1504
10862 - 88 1
10862 + 88
10863 # 1504
10863 - 88 1
10863 + 88
10864 # 1504
10864 - 88 1
10864 + 88
10865 # 1504
10865 - 88 1
10865 + 88
10865 + 108
10866 # 1504
10866 - 88 1
10866 - 108 1
10866 + 88
10867 # 1504
10867 - 88 1
10867 + 88
10868 # 1504
10868 - 88 1
10868 + 88
10869 # 1504
10869 - 88 1
10869 + 88
10870 # 1504
10870 - 88 1
10870 + 88
10871 # 1504
10871 - 88 1
10871 + 88
10872 # 1504
10872 - 88 1
10872 + 88
10873 # 1504
10873 - 88 1
10873 + 88
10874 # 1504
10874 - 88 1
10874 + 88
10875 # 1504
10875 - 88 1
10875 + 88
10875 + 108
10876 # 1504
10876 - 88 1
10876 - 108 1
10876 + 88
10877 # 1504
10877 - 88 1
10877 + 88
10878 # 1504
10878 - 88 1
10878 + 88
10879 # 1504
10879 - 88 1
10879 + 88
10880 # 1504
10880 - 88 1
10880 + 88
10881 # 1504
10881 - 88 1
10881 + 88
10882 # 1504
10882 - 88 1
10882 + 88
10883 # 1504
10883 - 88 1
10883 + 88
10884 # 1504
10884 - 88 1
10884 + 88
10885 # 1504
10885 - 88 1
10885 + 88
10886 # 1504
10886 - 88 1
10886 + 88
10886 + 108
10887 # 1504
10887 - 88 1
10887 - 108 1
10887 + 88
10888 # 1504
10888 - 88 1
10889 # 1504
10889 + 88
10890 # 1504
10890 - 88 1
10890 + 88
10891 # 1504
10891 - 88 1
10891 + 88
10892 # 1504
10892 - 88 1
10892 + 88
10893 # 1504
10893 - 88 1
10893 + 88
10894 # 1504
10894 - 88 1
10894 + 88
10894 + 88
10894 + 88
10895 # 1504
10895 - 88 1
10895 - 88 1
10895 - 88 1
10895 + 88
10896 # 1504
10896 - 88 1
10897 # 1504
10897 + 88
10897 + 108
10898 # 1504
10898 - 88 1
10898 - 108 1
10898 + 88
10898 + 88
10899 # 1504
10899 - 88 1
10899 - 88 1
10900 # 1504
10900 + 88
10901 # 1504
10901 - 88 1
10901 + 88
10901 + 88
10902 # 1504
10902 - 88 1
10902 - 88 1
10902 + 88
10903 # 1504
10903 - 88 1
10903 + 88
10904 # 1504
10904 - 88 1
10904 + 88
10905 # 1504
10905 - 88 1
10905 + 88
10906 # 1504
10906 - 88 1
10906 + 88
10907 # 1504
10907 - 88 1
10907 + 88
10907 + 108
10908 # 1504
10908 - 88 1
10908 - 108 1
10908 + 88
10909 # 1504
10909 - 88 1
10909 + 88
10910 # 1504
10910 - 88 1
10910 + 88
10911 # 1504
10911 - 88 1
10911 + 88
10912 # 1504
10912 - 88 1
10912 + 88
10913 # 1504
10913 - 88 1
10914 # 1504
10914 + 88
10914 + 88
10915 # 1504
10915 - 88 1
10915 - 88 1
10916 # 1504
10916 + 88
10917 # 1504
10917 - 88 1
10917 + 88
10917 + 100
10917 + 88
10918 # 1504
10918 - 88 1
10918 - 100 1
10918 - 88 1
10918 + 88
10919 # 1504
10919 - 88 1
10919 + 88
10920 # 1504
10920 - 88 1
10920 + 88
10921 # 1504
10921 - 88 1
10921 + 88
10922 # 1504
10922 - 88 1
10922 + 88
10923 # 1504
10923 - 88 1
10923 + 88
10924 # 1504
10924 - 88 1
10924 + 88
10925 # 1504
10925 - 88 1
10925 + 88
10926 # 1504
10926 - 88 1
10926 + 88
10927 # 1504
10927 - 88 1
10927 + 88
10927 + 108
10928 # 1504
10928 - 88 1
10928 - 108 1
10928 + 88
10929 # 1504
10929 - 88 1
10929 + 88
10930 # 1504
10930 - 88 1
10930 + 88
10931 # 1504
10931 - 88 1
10931 + 88
10932 # 1504
10932 - 88 1
10932 + 88
10933 # 1504
10933 - 88 1
10933 + 88
10934 # 1504
10934 - 88 1
10934 + 88
10935 # 1504
10935 - 88 1
10935 + 88
10936 # 1504
10936 - 88 1
10936 + 88
10937 # 1504
10937 - 88 1
10937 + 88
10938 # 1504
10938 - 88 1
10938 + 88
10938 + 108
10939 # 1504
10939 - 88 1
10939 - 108 1
10939 + 88
10940 # 1504
10940 - 88 1
10940 + 88
10941 # 1504
10941 - 88 1
10941 + 88
10942 # 1504
10942 - 88 1
10942 + 88
10943 # 1504
10943 - 88 1
10944 # 1504
10944 + 88
10944 + 88
10945 # 1504
10945 - 88 1
10945 - 88 1
10945 + 88
10946 # 1504
10946 - 88 1
10947 # 1504
10947 + 88
10947 + 88
10948 # 1504
10948 - 88 1
10948 - 88 1
10948 + 88
10948 + 108
10949 # 1504
10949 - 88 1
10949 - 108 1
10949 + 88
10950 # 1504
10950 - 88 1
10950 + 88
10951 # 1504
10951 - 88 1
10951 + 88
10952 # 1504
10952 - 88 1
10952 + 88
10953 # 1504
10953 - 88 1
10953 + 88
10954 # 1504
10954 - 88 1
10954 + 88
10955 # 1504
10955 - 88 1
10955 + 88
10956 # 1504
10956 - 88 1
10956 + 88
10957 # 1504
10957 - 88 1
10957 + 88
10958 # 1504
10958 - 88 1
10958 + 88
10958 + 108
10959 # 1504
10959 - 88 1
10959 - 108 1
10959 + 88
10960 # 1504
10960 - 88 1
10960 + 88
10961 # 1504
10961 - 88 1
10961 + 88
10962 # 1504
10962 - 88 1
10962 + 88
10963 # 1504
10963 - 88 1
10963 + 88
10964 # 1504
10964 - 88 1
10964 + 88
10965 # 1504
10965 - 88 1
10965 + 88
10966 # 1504
10966 - 88 1
10966 + 88
10967 # 1504
10967 - 88 1
10967 + 88
10968 # 1504
10968 - 88 1
10968 + 88
10969 # 1504
10969 - 88 1
10969 + 88
10969 + 108
10970 # 1504
10970 - 88 1
10970 - 108 1
10970 + 88
10971 # 1504
10971 - 88 1
10972 # 1504
10972 + 88
10972 + 88
10973 # 1504
10973 - 88 1
10973 - 88 1
10974 # 1504
10974 + 88
10974 + 88
10975 # 1504
10975 - 88 1
10975 - 88 1
10975 + 88
10976 # 1504
10976 - 88 1
10976 + 88
10977 # 1504
10977 - 88 1
10977 + 88
10978 # 1504
10978 - 88 1
10978 + 88
10979 # 1504
10979 - 88 1
10979 + 88
10979 + 108
10980 # 1504
10980 - 88 1
10980 - 108 1
10980 + 88
10981 # 1504
10981 - 88 1
10981 + 88
10982 # 1504
10982 - 88 1
10982 + 88
10983 # 1504
10983 - 88 1
10983 + 88
10984 # 1504
10984 - 88 1
10985 # 1504
10985 + 88
10986 # 1504
10986 - 88 1
10986 + 88
10987 # 1504
10987 - 88 1
10987 + 88
10988 # 1504
10988 - 88 1
10988 + 88
10989 # 1504
10989 - 88 1
10989 + 88
10990 # 1504
10990 - 88 1
10990 + 88
10990 + 108
10991 # 1504
10991 - 88 1
10991 - 108 1
10991 + 88
10991 + 100
10991 + 88
10991 + 88
10992 # 1504
10992 - 88 1
10992 - 100 1
10992 - 88 1
10992 - 88 1
10992 + 88
10993 # 1504
10993 - 88 1
10993 + 88
10994 # 1504
10994 - 88 1
10995 # 1504
10995 + 88
10995 + 88
10996 # 1504
10996 - 88 1
10996 - 88 1
10996 + 88
10997 # 1504
10997 - 88 1
10997 + 88
10998 # 1504
10998 - 88 1
10998 + 88
10999 # 1504
10999 - 88 1
10999 + 88
11000 # 1504
11000 - 88 1
11000 + 88
11001 # 1504
11001 - 88 1
11001 + 88
11001 + 108
11002 # 1504
11002 - 88 1
11002 - 108 1
11002 + 88
11003 # 1504
11003 - 88 1
11003 + 88
11004 # 1504
11004 - 88 1
11004 + 88
11005 # 1504
11005 - 88 1
11005 + 88
11006 # 1504
11006 - 88 1
11006 + 88
11007 # 1504
11007 - 88 1
11007 + 88
11008 # 1504
11008 - 88 1
11008 + 88
11009 # 1504
11009 - 88 1
11009 + 88
11010 # 1504
11010 - 88 1
11010 + 88
11011 # 1504
11011 - 88 1
11011 + 88
11012 # 1504
11012 - 88 1
11012 + 88
11012 + 108
11013 # 1504
11013 - 88 1
11013 - 108 1
11013 + 88
11014 # 1504
11014 - 88 1
11014 + 88
11015 # 1504
11015 - 88 1
11015 + 88
11016 # 1504
11016 - 88 1
11016 + 88
11017 # 1504
11017 - 88 1
11017 + 88
11018 # 1504
11018 - 88 1
11018 + 88
11018 + 88
11019 # 1504
11019 - 88 1
11019 - 88 1
11019 + 88
11020 # 1504
11020 - 88 1
11020 + 88
11021 # 1504
11021 - 88 1
11021 + 88
11022 # 1504
11022 - 88 1
11022 + 88
11022 + 108
11023 # 1504
11023 - 88 1
11023 - 108 1
11023 + 88
11024 # 1504
11024 - 88 1
11024 + 88
11025 # 1504
11025 - 88 1
11026 # 1504
11026 + 88
11026 + 88
11027 # 1504
11027 - 88 1
11027 - 88 1
11027 + 88
11028 # 1504
11028 - 88 1
11028 + 88
11029 # 1504
11029 - 88 1
11029 + 88
11030 # 1504
11030 - 88 1
11030 + 88
11031 # 1504
11031 - 88 1
11031 + 88
11032 # 1504
11032 - 88 1
11032 + 88
11033 # 1504
11033 - 88 1
11033 + 88
11033 + 108
11034 # 1504
11034 - 88 1
11034 - 108 1
11034 + 88
11035 # 1504
11035 - 88 1
11035 + 88
11036 # 1504
11036 - 88 1
11036 + 88
11037 # 1504
11037 - 88 1
11037 + 88
11038 # 1504
11038 - 88 1
11038 + 88
11039 # 1504
11039 - 88 1
11039 + 88
11040 # 1504
11040 - 88 1
11040 + 88
11041 # 1504
11041 - 88 1
11041 + 88
11042 # 1504
11042 - 88 1
11043 # 1504
11043 + 88
11044 # 1504
11044 - 88 1
11044 + 88
11044 + 108
11044 + 88
11045 # 1504
11045 - 88 1
11045 - 108 1
11045 - 88 1
11046 # 1504
11046 + 88
11047 # 1504
11047 - 88 1
11047 + 88
11048 # 1504
11048 - 88 1
11048 + 88
11049 # 1504
11049 - 88 1
11049 + 88
11050 # 1504
11050 - 88 1
11050 + 88
11051 # 1504
11051 - 88 1
11051 + 88
11052 # 1504
11052 - 88 1
11052 + 88
11053 # 1504
11053 - 88 1
11053 + 88
11054 # 1504
11054 - 88 1
11054 + 88
11054 + 108
11055 # 1504
11055 - 88 1
11055 - 108 1
11055 + 88
11056 # 1504
11056 - 88 1
11056 + 88
11057 # 1504
11057 - 88 1
11057 + 88
11058 # 1504
11058 - 88 1
11058 + 88
11059 # 1504
11059 - 88 1
11059 + 88
11060 # 1504
11060 - 88 1
11060 + 88
11061 # 1504
11061 - 88 1
11061 + 88
11062 # 1504
11062 - 88 1
11062 + 88
11063 # 1504
11063 - 88 1
11063 + 88
11063 + 100
11064 # 1504
11064 - 88 1
11064 - 100 1
11064 + 88
11065 # 1504
11065 - 88 1
11065 + 88
11066 # 1504
11066 - 88 1
11066 + 88
11067 # 1504
11067 - 88 1
11067 + 88
11068 # 1504
11068 - 88 1
11068 + 88
11069 # 1504
11069 - 88 1
11070 # 1504
11070 + 88
11070 + 88
11071 # 1504
11071 - 88 1
11071 - 88 1
11072 # 1504
11072 + 88
11073 # 1504
11073 - 88 1
11073 + 88
11074 # 1504
11074 - 88 1
11074 + 88
11074 + 108
11075 # 1504
11075 - 88 1
11075 - 108 1
11075 + 88
11076 # 1504
11076 - 88 1
11076 + 88
11077 # 1504
11077 - 88 1
11077 + 88
11078 # 1504
11078 - 88 1
11078 + 88
11079 # 1504
11079 - 88 1
11079 + 88
11080 # 1504
11080 - 88 1
11081 # 1504
11081 + 88
11082 # 1504
11082 - 88 1
11082 + 88
11083 # 1504
11083 - 88 1
11083 + 88
11084 # 1504
11084 - 88 1
11084 + 88
11084 + 108
11085 # 1504
11085 - 88 1
11085 - 108 1
11085 + 88
11086 # 1504
11086 - 88 1
11087 # 1504
11087 + 88
11087 + 88
11088 # 1504
11088 - 88 1
11088 - 88 1
11089 # 1504
11089 + 88
11090 # 1504
11090 - 88 1
11090 + 88
11091 # 1504
11091 - 88 1
11091 + 88
11092 # 1504
11092 - 88 1
11093 # 1504
11093 + 88
11094 # 1504
11094 - 88 1
11094 + 88
11095 # 1504
11095 - 88 1
11095 + 88
11095 + 108
11096 # 1504
11096 - 88 1
11096 - 108 1
11097 # 1504
11097 + 88
11098 # 1504
11098 - 88 1
11098 + 88
11099 # 1504
11099 - 88 1
11099 + 88
11100 # 1504
11100 - 88 1
11100 + 88
11101 # 1504
11101 - 88 1
11101 + 88
11102 # 1504
11102 - 88 1
11102 + 88
11103 # 1504
11103 - 88 1
11104 # 1504
11104 + 88
11105 # 1504
11105 - 88 1
11105 + 88
11106 # 1504
11106 - 88 1
11106 + 88
11106 + 108
11107 # 1504
11107 - 88 1
11107 - 108 1
11107 + 88
11108 # 1504
11108 - 88 1
11108 + 88
11109 # 1504
11109 - 88 1
11109 + 88
11110 # 1504
11110 - 88 1
11110 + 88
11111 # 1504
11111 - 88 1
11112 # 1504
11112 + 88
11112 + 88
11113 # 1504
11113 - 88 1
11113 - 88 1
11114 # 1504
11114 + 88
11115 # 1504
11115 - 88 1
11115 + 88
11116 # 1504
11116 - 88 1
11116 + 88
11116 + 108
11117 # 1504
11117 - 88 1
11117 - 108 1
11117 + 88
11118 # 1504
11118 - 88 1
11118 + 88
11119 # 1504
11119 - 88 1
11120 # 1504
11120 + 88
11121 # 1504
11121 - 88 1
11121 + 88
11122 # 1504
11122 - 88 1
11122 + 88
11123 # 1504
11123 - 88 1
11123 + 88
11124 # 1504
11124 - 88 1
11124 + 88
11125 # 1504
11125 - 88 1
11125 + 88
11126 # 1504
11126 - 88 1
11126 + 88
11127 # 1504
11127 - 88 1
11127 + 88
11127 + 108
11128 # 1504
11128 - 88 1
11128 - 108 1
11128 + 88
11129 # 1504
11129 - 88 1
11129 + 88
11130 # 1504
11130 - 88 1
11131 # 1504
11131 + 88
11132 # 1504
11132 - 88 1
11132 + 88
11132 + 88
11133 # 1504
11133 - 88 1
11133 - 88 1
11134 # 1504
11134 + 88
11135 # 1504
11135 - 88 1
11135 + 88
11136 # 1504
11136 - 88 1
11136 + 88
11137 # 1504
11137 - 88 1
11137 + 88
11138 # 1504
11138 - 88 1
11139 # 1504
11139 + 88
11139 + 108
11140 # 1504
11140 - 88 1
11140 - 108 1
11140 + 88
11141 # 1504
11141 - 88 1
11141 + 88
11142 # 1504
11142 - 88 1
11142 + 88
11143 # 1504
11143 - 88 1
11143 + 88
11144 # 1504
11144 - 88 1
11144 + 88
11145 # 1504
11145 - 88 1
11145 + 88
11146 # 1504
11146 - 88 1
11146 + 88
11147 # 1504
11147 - 88 1
11148 # 1504
11148 + 88
11148 + 100
11149 # 1504
11149 - 88 1
11149 - 100 1
11149 + 88
11150 # 1504
11150 - 88 1
11150 + 88
11151 # 1504
11151 - 88 1
11151 + 88
11152 # 1504
11152 - 88 1
11152 + 88
11153 # 1504
11153 - 88 1
11153 + 88
11154 # 1504
11154 - 88 1
11154 + 88
11155 # 1504
11155 - 88 1
11155 + 88
11156 # 1504
11156 - 88 1
11156 + 88
11157 # 1504
11157 - 88 1
11158 # 1504
11158 + 88
11159 # 1504
11159 - 88 1
11159 + 88
11159 + 108
11160 # 1504
11160 - 88 1
11160 - 108 1
11160 + 88
11161 # 1504
11161 - 88 1
11161 + 88
11162 # 1504
11162 - 88 1
11162 + 88
11163 # 1504
11163 - 88 1
11163 + 88
11164 # 1504
11164 - 88 1
11165 # 1504
11165 + 88
11166 # 1504
11166 - 88 1
11166 + 88
11167 # 1504
11167 - 88 1
11167 + 88
11168 # 1504
11168 - 88 1
11168 + 88
11169 # 1504
11169 - 88 1
11169 + 88
11169 + 108
11170 # 1504
11170 - 88 1
11170 - 108 1
11170 + 88
11171 # 1504
11171 - 88 1
11171 + 88
11172 # 1504
11172 - 88 1
11173 # 1504
11173 + 88
11174 # 1504
11174 - 88 1
11174 + 88
11175 # 1504
11175 - 88 1
11175 + 88
11176 # 1504
11176 - 88 1
11176 + 88
11177 # 1504
11177 - 88 1
11177 + 88
11178 # 1504
11178 - 88 1
11178 + 88
11179 # 1504
11179 - 88 1
11179 + 88
11180 # 1504
11180 - 88 1
11180 + 108
11181 # 1504
11181 - 108 1
11181 + 88
11182 # 1504
11182 - 88 1
11182 + 88
11183 # 1504
11183 - 88 1
11183 + 88
11184 # 1504
11184 - 88 1
11184 + 88
11185 # 1504
11185 - 88 1
11185 + 88
11186 # 1504
11186 - 88 1
11187 # 1504
11187 + 88
11188 # 1504
11188 - 88 1
11188 + 88
11189 # 1504
11189 - 88 1
11189 + 88
11190 # 1504
11190 - 88 1
11190 + 88
11190 + 108
11191 # 1504
11191 - 88 1
11191 - 108 1
11191 + 88
11192 # 1504
11192 - 88 1
11192 + 88
11193 # 1504
11193 - 88 1
11194 # 1504
11194 + 88
11195 # 1504
11195 - 88 1
11195 + 88
11196 # 1504
11196 - 88 1
11196 + 88
11197 # 1504
11197 - 88 1
11197 + 88
11198 # 1504
11198 - 88 1
11198 + 88
11199 # 1504
11199 - 88 1
11199 + 88
11200 # 1504
11200 - 88 1
11200 + 88
11201 # 1504
11201 - 88 1
11201 + 88
11201 + 108
11202 # 1504
11202 - 88 1
11202 - 108 1
11202 + 88
11203 # 1504
11203 - 88 1
11203 + 88
11204 # 1504
11204 - 88 1
11204 + 88
11205 # 1504
11205 - 88 1
11206 # 1504
11206 + 88
11207 # 1504
11207 - 88 1
11207 + 88
11208 # 1504
11208 - 88 1
11208 + 88
11209 # 1504
11209 - 88 1
11209 + 88
11210 # 1504
11210 - 88 1
11210 + 88
11211 # 1504
11211 - 88 1
11211 + 88
11212 # 1504
11212 - 88 1
11212 + 88
11212 + 108
11213 # 1504
11213 - 88 1
11213 - 108 1
11213 + 88
11214 # 1504
11214 - 88 1
11214 + 88
11215 # 1504
11215 - 88 1
11215 + 88
11216 # 1504
11216 - 88 1
11216 + 88
11217 # 1504
11217 - 88 1
11217 + 88
11218 # 1504
11218 - 88 1
11218 + 88
11219 # 1504
11219 - 88 1
11219 + 88
11220 # 1504
11220 - 88 1
11220 + 88
11221 # 1504
11221 - 88 1
11221 + 88
11222 # 1504
11222 - 88 1
11222 + 88
11222 + 108
11223 # 1504
11223 - 88 1
11223 - 108 1
11223 + 88
11224 # 1504
11224 - 88 1
11224 + 88
11225 # 1504
11225 - 88 1
11226 # 1504
11226 + 88
11227 # 1504
11227 - 88 1
11227 + 88
11228 # 1504
11228 - 88 1
11228 + 88
11229 # 1504
11229 - 88 1
11229 + 88
11230 # 1504
11230 - 88 1
11230 + 88
11230 + 100
11231 # 1504
11231 - 88 1
11231 - 100 1
11231 + 88
11232 # 1504
11232 - 88 1
11232 + 88
11233 # 1504
11233 - 88 1
11233 + 88
11234 # 1504
11234 - 88 1
11235 # 1504
11235 + 88
11236 # 1504
11236 - 88 1
11236 + 88
11237 # 1504
11237 - 88 1
11237 + 88
11238 # 1504
11238 - 88 1
11238 + 88
11239 # 1504
11239 - 88 1
11239 + 88
11240 # 1504
11240 - 88 1
11240 + 88
11241 # 1504
11241 - 88 1
11241 + 88
11241 + 108
11242 # 1504
11242 - 88 1
11242 - 108 1
11242 + 88
11243 # 1504
11243 - 88 1
11243 + 88
11244 # 1504
11244 - 88 1
11244 + 88
11245 # 1504
11245 - 88 1
11245 + 88
11246 # 1504
11246 - 88 1
11246 + 88
11247 # 1504
11247 - 88 1
11247 + 88
11248 # 1504
11248 - 88 1
11248 + 88
11249 # 1504
11249 - 88 1
11249 + 88
11250 # 1504
11250 - 88 1
11250 + 88
11251 # 1504
11251 - 88 1
11251 + 88
11252 # 1504
11252 - 88 1
11252 + 88
11252 + 108
11253 # 1504
11253 - 88 1
11253 - 108 1
11253 + 88
11254 # 1504
11254 - 88 1
11254 + 88
11255 # 1504
11255 - 88 1
11256 # 1504
11256 + 88
11257 # 1504
11257 - 88 1
11257 + 88
11257 + 88
11258 # 1504
11258 - 88 1
11258 - 88 1
11258 + 88
11259 # 1504
11259 - 88 1
11259 + 88
11260 # 1504
11260 - 88 1
11260 + 88
11261 # 1504
11261 - 88 1
11261 + 88
11262 # 1504
11262 - 88 1
11262 + 88
11262 + 108
11263 # 1504
11263 - 88 1
11263 - 108 1
11263 + 88
11264 # 1504
11264 - 88 1
11264 + 88
11265 # 1504
11265 - 88 1
11265 + 88
11266 # 1504
11266 - 88 1
11266 + 88
11267 # 1504
11267 - 88 1
11267 + 88
11268 # 1504
11268 - 88 1
11268 + 88
11269 # 1504
11269 - 88 1
11269 + 88
11270 # 1504
11270 - 88 1
11270 + 88
11271 # 1504
11271 - 88 1
11271 + 88
11272 # 1504
11272 - 88 1
11272 + 88
11272 + 108
11273 # 1504
11273 - 88 1
11273 - 108 1
11273 + 88
11274 # 1504
11274 - 88 1
11274 + 88
11275 # 1504
11275 - 88 1
11276 # 1504
11277 # 1504
11277 + 88
11277 + 88
11278 # 1504
11278 - 88 1
11278 - 88 1
11278 + 88
11278 + 88
11279 # 1504
11279 - 88 1
11279 - 88 1
11279 + 88
11280 # 1504
11280 - 88 1
11281 # 1504
11281 + 88
11282 # 1504
11282 - 88 1
11282 + 88
11283 # 1504
11283 - 88 1
11283 + 88
11283 + 108
11284 # 1504
11284 - 88 1
11284 - 108 1
11284 + 88
11285 # 1504
11285 - 88 1
11285 + 88
11286 # 1504
11286 - 88 1
11286 + 88
11287 # 1504
11287 - 88 1
11287 + 88
11288 # 1504
11288 - 88 1
11288 + 88
11289 # 1504
11289 - 88 1
11289 + 88
11290 # 1504
11290 - 88 1
11290 + 88
11291 # 1504
11291 - 88 1
11291 + 88
11292 # 1504
11292 - 88 1
11292 + 88
11293 # 1504
11293 - 88 1
11294 # 1504
11294 + 88
11294 + 108
11295 # 1504
11295 - 88 1
11295 - 108 1
11295 + 88
11296 # 1504
11296 - 88 1
11296 + 88
11297 # 1504
11297 - 88 1
11297 + 88
11298 # 1504
11298 - 88 1
11298 + 88
11299 # 1504
11299 - 88 1
11299 + 88
11300 # 1504
11300 - 88 1
11300 + 88
11301 # 1504
11301 - 88 1
11301 + 88
11302 # 1504
11302 - 88 1
11302 + 88
11303 # 1504
11303 - 88 1
11304 # 1504
11304 + 88
11304 + 108
11304 + 88
11305 # 1504
11305 - 88 1
11305 - 108 1
11305 - 88 1
11306 # 1504
11306 + 88
11307 # 1504
11307 - 88 1
11307 + 88
11308 # 1504
11308 - 88 1
11308 + 88
11308 + 100
11309 # 1504
11309 - 88 1
11309 - 100 1
11309 + 88
11310 # 1504
11310 - 88 1
11310 + 88
11311 # 1504
11311 - 88 1
11311 + 88
11312 # 1504
11312 - 88 1
11312 + 88
11313 # 1504
11313 - 88 1
11313 + 88
11314 # 1504
11314 - 88 1
11314 + 88
11315 # 1504
11315 - 88 1
11316 # 1504
11316 + 88
11316 + 88
11317 # 1504
11317 - 88 1
11317 - 88 1
11317 + 88
11318 # 1504
11318 - 88 1
11318 + 88
11318 + 108
11319 # 1504
11319 - 88 1
11319 - 108 1
11319 + 88
11320 # 1504
11320 - 88 1
11320 + 88
11321 # 1504
11321 - 88 1
11322 # 1504
11323 # 1504
11323 + 88
11323 + 88
11324 # 1504
11324 - 88 1
11324 - 88 1
11324 + 88
11325 # 1504
11325 - 88 1
11325 + 88
11326 # 1504
11326 - 88 1
11326 + 88
11327 # 1504
11327 - 88 1
11327 + 88
11328 # 1504
11328 - 88 1
11328 + 88
11329 # 1504
11329 - 88 1
11329 + 88
11329 + 108
11330 # 1504
11330 - 88 1
11330 - 108 1
11330 + 88
11331 # 1504
11331 - 88 1
11331 + 88
11332 # 1504
11332 - 88 1
11333 # 1504
11333 + 88
11334 # 1504
11334 - 88 1
11334 + 88
11335 # 1504
11335 - 88 1
11335 + 88
11336 # 1504
11336 - 88 1
11336 + 88
11337 # 1504
11337 - 88 1
11338 # 1504
11338 + 88
11339 # 1504
11339 - 88 1
11339 + 88
11339 + 88
11340 # 1504
11340 - 88 1
11340 - 88 1
11341 # 1504
11341 + 88
11341 + 108
11342 # 1504
11342 - 88 1
11342 - 108 1
11342 + 88
11343 # 1504
11343 - 88 1
11343 + 88
11344 # 1504
11344 - 88 1
11344 + 88
11345 # 1504
11345 - 88 1
11345 + 88
11346 # 1504
11346 - 88 1
11346 + 88
11347 # 1504
11347 - 88 1
11347 + 88
11348 # 1504
11348 - 88 1
11348 + 88
11349 # 1504
11349 - 88 1
11349 + 88
11350 # 1504
11350 - 88 1
11351 # 1504
11351 + 88
11352 # 1504
11352 - 88 1
11352 + 88
11352 + 108
11352 + 88
11353 # 1504
11353 - 88 1
11353 - 108 1
11353 - 88 1
11354 # 1504
11354 + 88
11355 # 1504
11355 - 88 1
11355 + 88
11356 # 1504
11356 - 88 1
11356 + 88
11357 # 1504
11357 - 88 1
11357 + 88
11358 # 1504
11358 - 88 1
11358 + 88
11359 # 1504
11359 - 88 1
11359 + 88
11360 # 1504
11360 - 88 1
11360 + 88
11361 # 1504
11361 - 88 1
11361 + 88
11362 # 1504
11362 - 88 1
11362 + 88
11362 + 108
11363 # 1504
11363 - 88 1
11363 - 108 1
11363 + 88
11364 # 1504
11364 - 88 1
11364 + 88
11365 # 1504
11365 - 88 1
11366 # 1504
11366 + 88
11366 + 88
11367 # 1504
11367 - 88 1
11367 - 88 1
11367 + 88
11368 # 1504
11368 - 88 1
11368 + 88
11369 # 1504
11369 - 88 1
11369 + 88
11370 # 1504
11370 - 88 1
11370 + 88
11371 # 1504
11371 - 88 1
11371 + 88
11372 # 1504
11372 - 88 1
11372 + 88
11372 + 108
11373 # 1504
11373 - 88 1
11373 - 108 1
11373 + 88
11374 # 1504
11374 - 88 1
11375 # 1504
11375 + 88
11376 # 1504
11376 - 88 1
11376 + 88
11377 # 1504
11377 - 88 1
11377 + 88
11378 # 1504
11378 - 88 1
11378 + 88
11379 # 1504
11379 - 88 1
11379 + 88
11380 # 1504
11380 - 88 1
11380 + 88
11381 # 1504
11381 - 88 1
11382 # 1504
11382 + 88
11383 # 1504
11383 - 88 1
11383 + 88
11383 + 108
11384 # 1504
11384 - 88 1
11384 - 108 1
11384 + 88
11385 # 1504
11385 - 88 1
11385 + 88
11386 # 1504
11386 - 88 1
11386 + 88
11387 # 1504
11387 - 88 1
11387 + 88
11388 # 1504
11388 - 88 1
11388 + 88
11388 + 100
11389 # 1504
11389 - 88 1
11389 - 100 1
11389 + 88
11390 # 1504
11390 - 88 1
11390 + 88
11391 # 1504
11391 - 88 1
11391 + 88
11392 # 1504
11392 - 88 1
11392 + 88
11393 # 1504
11393 - 88 1
11393 + 88
11394 # 1504
11394 - 88 1
11394 + 88
11395 # 1504
11395 - 88 1
11395 + 88
11396 # 1504
11396 - 88 1
11396 + 88
11397 # 1504
11397 - 88 1
11397 + 88
11398 # 1504
11398 - 88 1
11398 + 88
11398 + 108
11399 # 1504
11399 - 88 1
11399 - 108 1
11399 + 88
11400 # 1504
11400 - 88 1
11400 + 88
11401 # 1504
11401 - 88 1
11402 # 1504
11402 + 88
11403 # 1504
11403 - 88 1
11403 + 88
11404 # 1504
11404 - 88 1
11404 + 88
11405 # 1504
11405 - 88 1
11405 + 88
11406 # 1504
11406 - 88 1
11406 + 88
11407 # 1504
11407 - 88 1
11407 + 88
11408 # 1504
11408 - 88 1
11408 + 88
11409 # 1504
11409 - 88 1
11409 + 88
11409 + 108
11410 # 1504
11410 - 88 1
11410 - 108 1
11410 + 88
11411 # 1504
11411 - 88 1
11411 + 88
11412 # 1504
11412 - 88 1
11412 + 88
11413 # 1504
11413 - 88 1
11413 + 88
11414 # 1504
11414 - 88 1
11414 + 88
11415 # 1504
11415 - 88 1
11415 + 88
11416 # 1504
11416 - 88 1
11416 + 88
11417 # 1504
11417 - 88 1
11417 + 88
11418 # 1504
11418 - 88 1
11418 + 88
11419 # 1504
11419 - 88 1
11420 # 1504
11420 + 88
11420 + 108
11421 # 1504
11421 - 88 1
11421 - 108 1
11421 + 88
11422 # 1504
11422 - 88 1
11422 + 88
11423 # 1504
11423 - 88 1
11423 + 88
11424 # 1504
11424 - 88 1
11424 + 88
11425 # 1504
11425 - 88 1
11425 + 88
11426 # 1504
11426 - 88 1
11426 + 88
11427 # 1504
11427 - 88 1
11427 + 88
11428 # 1504
11428 - 88 1
11428 + 88
11429 # 1504
11429 - 88 1
11429 + 88
11430 # 1504
11430 - 88 1
11430 + 88
11430 + 108
11431 # 1504
11431 - 88 1
11431 - 108 1
11431 + 88
11432 # 1504
11432 - 88 1
11432 + 88
11433 # 1504
11433 - 88 1
11433 + 88
11434 # 1504
11434 - 88 1
11434 + 88
11435 # 1504
11435 - 88 1
11435 + 88
11436 # 1504
11436 - 88 1
11436 + 88
11437 # 1504
11437 - 88 1
11437 + 88
11438 # 1504
11438 - 88 1
11438 + 88
11439 # 1504
11439 - 88 1
11439 + 88
11440 # 1504
11440 - 88 1
11440 + 88
11441 # 1504
11441 - 88 1
11441 + 88
11441 + 108
11442 # 1504
11442 - 88 1
11442 - 108 1
11442 + 88
11443 # 1504
11443 - 88 1
11443 + 88
11444 # 1504
11444 - 88 1
11444 + 88
11445 # 1504
11445 - 88 1
11445 + 88
11446 # 1504
11446 - 88 1
11446 + 88
11447 # 1504
11447 - 88 1
11447 + 88
11448 # 1504
11448 - 88 1
11448 + 88
11449 # 1504
11449 - 88 1
11449 + 88
11450 # 1504
11450 - 88 1
11450 + 88
11451 # 1504
11451 - 88 1
11451 + 88
11451 + 108
11452 # 1504
11452 - 88 1
11452 - 108 1
11452 + 88
11453 # 1504
11453 - 88 1
11453 + 88
11454 # 1504
11454 - 88 1
11454 + 88
11455 # 1504
11455 - 88 1
11455 + 88
11456 # 1504
11456 - 88 1
11456 + 88
11457 # 1504
11457 - 88 1
11457 + 88
11458 # 1504
11458 - 88 1
11459 # 1504
11459 + 88
11460 # 1504
11460 - 88 1
11460 + 88
11461 # 1504
11461 - 88 1
11461 + 88
11462 # 1504
11462 - 88 1
11462 + 88
11462 + 108
11463 # 1504
11463 - 88 1
11463 - 108 1
11463 + 88
11464 # 1504
11464 - 88 1
11464 + 88
11465 # 1504
11465 - 88 1
11465 + 88
11465 + 100
11466 # 1504
11466 - 88 1
11466 - 100 1
11466 + 88
11467 # 1504
11467 - 88 1
11467 + 88
11468 # 1504
11468 - 88 1
11469 # 1504
11469 + 88
11470 # 1504
11470 - 88 1
11470 + 88
11471 # 1504
11471 - 88 1
11471 + 88
11472 # 1504
11472 - 88 1
11472 + 88
11473 # 1504
11473 - 88 1
11473 + 88
11474 # 1504
11474 - 88 1
11474 + 88
11475 # 1504
11475 - 88 1
11475 + 88
11475 + 108
11476 # 1504
11476 - 88 1
11476 - 108 1
11477 # 1504
11477 + 88
11477 + 88
11478 # 1504
11478 - 88 1
11478 - 88 1
11479 # 1504
11479 + 88
11480 # 1504
11480 - 88 1
11480 + 88
11481 # 1504
11481 - 88 1
11481 + 88
11482 # 1504
11482 - 88 1
11482 + 88
11483 # 1504
11483 - 88 1
11483 + 88
11484 # 1504
11484 - 88 1
11484 + 88
11485 # 1504
11485 - 88 1
11485 + 88
11486 # 1504
11486 - 88 1
11486 + 88
11486 + 108
11487 # 1504
11487 - 88 1
11487 - 108 1
11487 + 88
11488 # 1504
11488 - 88 1
11488 + 88
11489 # 1504
11489 - 88 1
11489 + 88
11490 # 1504
11490 - 88 1
11490 + 88
11491 # 1504
11491 - 88 1
11491 + 88
11492 # 1504
11492 - 88 1
11492 + 88
11493 # 1504
11493 - 88 1
11493 + 88
11494 # 1504
11494 - 88 1
11494 + 88
11495 # 1504
11495 - 88 1
11495 + 88
11496 # 1504
11496 - 88 1
11497 # 1504
11497 + 88
11497 + 108
11498 # 1504
11498 - 88 1
11498 - 108 1
11498 + 88
11499 # 1504
11499 - 88 1
11499 + 88
11500 # 1504
11500 - 88 1
11500 + 88
11501 # 1504
11501 - 88 1
11501 + 88
11502 # 1504
11502 - 88 1
11502 + 88
11503 # 1504
11503 - 88 1
11503 + 88
11504 # 1504
11504 - 88 1
11504 + 88
11505 # 1504
11505 - 88 1
11505 + 88
11506 # 1504
11506 - 88 1
11506 + 88
11507 # 1504
11507 - 88 1
11507 + 88
11507 + 108
11508 # 1504
11508 - 88 1
11508 - 108 1
11509 # 1504
11509 + 88
11509 + 88
11510 # 1504
11510 - 88 1
11510 - 88 1
11511 # 1504
11511 + 88
11512 # 1504
11512 - 88 1
11512 + 88
11513 # 1504
11513 - 88 1
11513 + 88
11514 # 1504
11514 - 88 1
11514 + 88
11515 # 1504
11515 - 88 1
11515 + 88
11516 # 1504
11516 - 88 1
11517 # 1504
11517 + 88
11518 # 1504
11518 - 88 1
11518 + 88
11518 + 108
11519 # 1504
11519 - 88 1
11519 - 108 1
11519 + 88
11520 # 1504
11520 - 88 1
11520 + 88
11521 # 1504
11521 - 88 1
11521 + 88
11522 # 1504
11522 - 88 1
11522 + 88
11523 # 1504
11523 - 88 1
11524 # 1504
11524 + 88
11524 + 88
11525 # 1504
11525 - 88 1
11525 - 88 1
11526 # 1504
11526 + 88
11527 # 1504
11527 - 88 1
11527 + 88
11528 # 1504
11528 - 88 1
11528 + 88
11528 + 108
11529 # 1504
11529 - 88 1
11529 - 108 1
11529 + 88
11530 # 1504
11530 - 88 1
11530 + 88
11531 # 1504
11531 - 88 1
11531 + 88
11532 # 1504
11532 - 88 1
11532 + 88
11533 # 1504
11533 - 88 1
11533 + 88
11534 # 1504
11534 - 88 1
11534 + 88
11535 # 1504
11535 - 88 1
11536 # 1504
11536 + 88
11537 # 1504
11537 - 88 1
11537 + 88
11538 # 1504
11538 - 88 1
11538 + 88
11539 # 1504
11539 - 88 1
11539 + 88
11539 + 108
11540 # 1504
11540 - 88 1
11540 - 108 1
11540 + 88
11541 # 1504
11541 - 88 1
11541 + 88
11542 # 1504
11542 - 88 1
11542 + 88
11543 # 1504
11543 - 88 1
11543 + 88
11544 # 1504
11544 - 88 1
11545 # 1504
11545 + 88
11545 + 88
11546 # 1504
11546 - 88 1
11546 - 88 1
11547 # 1504
11547 + 88
11547 + 100
11548 # 1504
11548 - 88 1
11548 - 100 1
11548 + 88
11549 # 1504
11549 - 88 1
11549 + 88
11550 # 1504
11550 - 88 1
11550 + 88
11551 # 1504
11551 - 88 1
11551 + 88
11552 # 1504
11552 - 88 1
11552 + 88
11553 # 1504
11553 - 88 1
11553 + 88
11554 # 1504
11554 - 88 1
11554 + 88
11555 # 1504
11555 - 88 1
11555 + 88
11556 # 1504
11556 - 88 1
11556 + 88
11557 # 1504
11557 - 88 1
11557 + 88
11557 + 108
11558 # 1504
11558 - 88 1
11558 - 108 1
11558 + 88
11559 # 1504
11559 - 88 1
11559 + 88
11560 # 1504
11560 - 88 1
11560 + 88
11561 # 1504
11561 - 88 1
11561 + 88
11562 # 1504
11562 - 88 1
11562 + 88
11563 # 1504
11563 - 88 1
11563 + 88
11564 # 1504
11564 - 88 1
11564 + 88
11565 # 1504
11565 - 88 1
11565 + 88
11566 # 1504
11566 - 88 1
11566 + 88
11567 # 1504
11567 - 88 1
11567 + 88
11567 + 108
11568 # 1504
11568 - 88 1
11568 - 108 1
11568 + 88
11569 # 1504
11569 - 88 1
11569 + 88
11570 # 1504
11570 - 88 1
11571 # 1504
11571 + 88
11572 # 1504
11572 - 88 1
11572 + 88
11573 # 1504
11573 - 88 1
11573 + 88
11574 # 1504
11574 - 88 1
11574 + 88
11575 # 1504
11575 - 88 1
11575 + 88
11576 # 1504
11576 - 88 1
11576 + 88
11577 # 1504
11577 - 88 1
11577 + 88
11577 + 108
11578 # 1504
11578 - 88 1
11578 - 108 1
11578 + 88
11579 # 1504
11579 - 88 1
11579 + 88
11580 # 1504
11580 - 88 1
11581 # 1504
11582 # 1504
11582 + 88
11582 + 88
11583 # 1504
11583 - 88 1
11583 - 88 1
11583 + 88
11584 # 1504
11584 - 88 1
11584 + 88
11585 # 1504
11585 - 88 1
11585 + 88
11586 # 1504
11586 - 88 1
11586 + 88
11587 # 1504
11587 - 88 1
11587 + 88
11588 # 1504
11588 - 88 1
11588 + 88
11588 + 108
11589 # 1504
11589 - 88 1
11589 - 108 1
11589 + 88
11590 # 1504
11590 - 88 1
11590 + 88
11591 # 1504
11591 - 88 1
11591 + 88
11592 # 1504
11592 - 88 1
11593 # 1504
11593 + 88
11594 # 1504
11594 - 88 1
11594 + 88
11595 # 1504
11595 - 88 1
11595 + 88
11596 # 1504
11596 - 88 1
11596 + 88
11597 # 1504
11597 - 88 1
11597 + 88
11598 # 1504
11598 - 88 1
11598 + 88
11598 + 108
11599 # 1504
11599 - 88 1
11599 - 108 1
11599 + 88
11600 # 1504
11600 - 88 1
11600 + 88
11601 # 1504
11601 - 88 1
11601 + 88
11602 # 1504
11602 - 88 1
11602 + 88
11603 # 1504
11603 - 88 1
11603 + 88
11604 # 1504
11604 - 88 1
11604 + 88
11605 # 1504
11605 - 88 1
11605 + 88
11606 # 1504
11606 - 88 1
11606 + 88
11607 # 1504
11607 - 88 1
11607 + 88
11608 # 1504
11608 - 88 1
11608 + 88
11608 + 108
11609 # 1504
11609 - 88 1
11609 - 108 1
11609 + 88
11610 # 1504
11610 - 88 1
11610 + 88
11611 # 1504
11611 - 88 1
11612 # 1504
11613 # 1504
11613 + 88
11613 + 88
11614 # 1504
11614 - 88 1
11614 - 88 1
11614 + 88
11615 # 1504
11615 - 88 1
11615 + 88
11616 # 1504
11616 - 88 1
11616 + 88
11617 # 1504
11617 - 88 1
11617 + 88
11617 + 88
11618 # 1504
11618 - 88 1
11618 - 88 1
11618 + 88
11619 # 1504
11619 - 88 1
11620 # 1504
11621 # 1504
11621 + 88
11621 + 108
11622 # 1504
11622 - 88 1
11622 - 108 1
11622 + 88
11622 + 88
11623 # 1504
11623 - 88 1
11623 - 88 1
11623 + 88
11624 # 1504
11624 - 88 1
11625 # 1504
11625 + 88
11625 + 88
11625 + 100
11626 # 1504
11626 - 88 1
11626 - 88 1
11626 - 100 1
11626 + 88
11627 # 1504
11627 - 88 1
11627 + 88
11628 # 1504
11628 - 88 1
11628 + 88
11629 # 1504
11629 - 88 1
11629 + 88
11630 # 1504
11630 - 88 1
11631 # 1504
11631 + 88
11632 # 1504
11632 - 88 1
11632 + 88
11633 # 1504
11633 - 88 1
11633 + 88
11634 # 1504
11634 - 88 1
11634 + 88
11634 + 88
11635 # 1504
11635 - 88 1
11635 - 88 1
11636 # 1504
11636 + 88
11636 + 108
11637 # 1504
11637 - 88 1
11637 - 108 1
11637 + 88
11638 # 1504
11638 - 88 1
11638 + 88
11639 # 1504
11639 - 88 1
11639 + 88
11640 # 1504
11640 - 88 1
11640 + 88
11641 # 1504
11641 - 88 1
11641 + 88
11642 # 1504
11642 - 88 1
11642 + 88
11643 # 1504
11643 - 88 1
11643 + 88
11644 # 1504
11644 - 88 1
11644 + 88
11645 # 1504
11645 - 88 1
11645 + 88
11646 # 1504
11646 - 88 1
11646 + 88
11646 + 108
11647 # 1504
11647 - 88 1
11647 - 108 1
11647 + 88
11648 # 1504
11648 - 88 1
11648 + 88
11649 # 1504
11649 - 88 1
11649 + 88
11650 # 1504
11650 - 88 1
11650 + 88
11651 # 1504
11651 - 88 1
11651 + 88
11652 # 1504
11652 - 88 1
11652 + 88
11653 # 1504
11653 - 88 1
11653 + 88
11654 # 1504
11654 - 88 1
11654 + 88
11655 # 1504
11655 - 88 1
11655 + 88
11656 # 1504
11656 - 88 1
11657 # 1504
11657 + 88
11657 + 108
11658 # 1504
11658 - 88 1
11658 - 108 1
11658 + 88
11658 + 88
11659 # 1504
11659 - 88 1
11659 - 88 1
11659 + 88
11660 # 1504
11660 - 88 1
11660 + 88
11661 # 1504
11661 - 88 1
11661 + 88
11662 # 1504
11662 - 88 1
11662 + 88
11663 # 1504
11663 - 88 1
11663 + 88
11663 + 88
11664 # 1504
11664 - 88 1
11664 - 88 1
11664 + 88
11665 # 1504
11665 - 88 1
11665 + 88
11666 # 1504
11666 - 88 1
11666 + 88
11667 # 1504
11667 - 88 1
11667 + 88
11667 + 108
11668 # 1504
11668 - 88 1
11668 - 108 1
11668 + 88
11669 # 1504
11669 - 88 1
11669 + 88
11670 # 1504
11670 - 88 1
11670 + 88
11671 # 1504
11671 - 88 1
11672 # 1504
11672 + 88
11672 + 88
11673 # 1504
11673 - 88 1
11673 - 88 1
11673 + 88
11674 # 1504
11674 - 88 1
11674 + 88
11675 # 1504
11675 - 88 1
11675 + 88
11676 # 1504
11676 - 88 1
11676 + 88
11677 # 1504
11677 - 88 1
11677 + 88
11677 + 108
11678 # 1504
11678 - 88 1
11678 - 108 1
11678 + 88
11679 # 1504
11679 - 88 1
11679 + 88
11680 # 1504
11680 - 88 1
11680 + 88
11681 # 1504
11681 - 88 1
11681 + 88
11682 # 1504
11682 - 88 1
11682 + 88
11683 # 1504
11683 - 88 1
11683 + 88
11684 # 1504
11684 - 88 1
11684 + 88
11685 # 1504
11685 - 88 1
11685 + 88
11686 # 1504
11686 - 88 1
11686 + 88
11687 # 1504
11687 - 88 1
11687 + 88
11687 + 108
11688 # 1504
11688 - 88 1
11688 - 108 1
11688 + 88
11688 + 88
11689 # 1504
11689 - 88 1
11689 - 88 1
11689 + 88
11690 # 1504
11690 - 88 1
11690 + 88
11691 # 1504
11691 - 88 1
11691 + 88
11692 # 1504
11692 - 88 1
11692 + 88
11693 # 1504
11693 - 88 1
11693 + 88
11694 # 1504
11694 - 88 1
11694 + 88
11695 # 1504
11695 - 88 1
11695 + 88
11696 # 1504
11696 - 88 1
11696 + 88
11697 # 1504
11697 - 88 1
11697 + 88
11697 + 108
11698 # 1504
11698 - 88 1
11698 - 108 1
11698 + 88
11698 + 100
11699 # 1504
11699 - 88 1
11699 - 100 1
11699 + 88
11700 # 1504
11700 - 88 1
11700 + 88
11701 # 1504
11701 - 88 1
11701 + 88
11702 # 1504
11702 - 88 1
11702 + 88
11703 # 1504
11703 - 88 1
11704 # 1504
11704 + 88
11705 # 1504
11705 - 88 1
11705 + 88
11706 # 1504
11706 - 88 1
11706 + 88
11707 # 1504
11707 - 88 1
11707 + 88
11708 # 1504
11708 - 88 1
11708 + 88
11709 # 1504
11709 - 88 1
11709 + 88
11709 + 108
11709 + 88
11710 # 1504
11710 - 88 1
11710 - 108 1
11710 - 88 1
11710 + 88
11710 + 88
11711 # 1504
11711 - 88 1
11711 - 88 1
11711 + 88
11712 # 1504
11712 - 88 1
11712 + 88
11713 # 1504
11713 - 88 1
11713 + 88
11714 # 1504
11714 - 88 1
11714 + 88
11715 # 1504
11715 - 88 1
11715 + 88
11716 # 1504
11716 - 88 1
11716 + 88
11717 # 1504
11717 - 88 1
11718 # 1504
11718 + 88
11719 # 1504
11719 - 88 1
11719 + 88
11719 + 108
11719 + 88
11720 # 1504
11720 - 88 1
11720 - 108 1
11720 - 88 1
11720 + 88
11721 # 1504
11721 - 88 1
11721 + 88
11722 # 1504
11722 - 88 1
11722 + 88
11723 # 1504
11723 - 88 1
11723 + 88
11724 # 1504
11724 - 88 1
11724 + 88
11725 # 1504
11725 - 88 1
11725 + 88
11726 # 1504
11726 - 88 1
11726 + 88
11727 # 1504
11727 - 88 1
11727 + 88
11728 # 1504
11728 - 88 1
11728 + 88
11729 # 1504
11729 - 88 1
11729 + 88
11729 + 108
11730 # 1504
11730 - 88 1
11730 - 108 1
11730 + 88
11731 # 1504
11731 - 88 1
11731 + 88
11732 # 1504
11732 - 88 1
11732 + 88
11733 # 1504
11733 - 88 1
11733 + 88
11734 # 1504
11734 - 88 1
11734 + 88
11735 # 1504
11735 - 88 1
11735 + 88
11736 # 1504
11736 - 88 1
11736 + 88
11737 # 1504
11737 - 88 1
11737 + 88
11738 # 1504
11738 - 88 1
11738 + 88
11739 # 1504
11739 - 88 1
11739 + 88
11740 # 1504
11740 - 88 1
11740 + 88
11740 + 108
11741 # 1504
11741 - 88 1
11741 - 108 1
11741 + 88
11742 # 1504
11742 - 88 1
11742 + 88
11743 # 1504
11743 - 88 1
11743 + 88
11744 # 1504
11744 - 88 1
11744 + 88
11745 # 1504
11745 - 88 1
11745 + 88
11746 # 1504
11746 - 88 1
11746 + 88
11747 # 1504
11747 - 88 1
11747 + 88
11748 # 1504
11748 - 88 1
11748 + 88
11749 # 1504
11749 - 88 1
11749 + 88
11750 # 1504
11750 - 88 1
11750 + 88
11750 + 108
11751 # 1504
11751 - 88 1
11751 - 108 1
11751 + 88
11752 # 1504
11752 - 88 1
11752 + 88
11753 # 1504
11753 - 88 1
11753 + 88
11754 # 1504
11754 - 88 1
11754 + 88
11755 # 1504
11755 - 88 1
11755 + 88
11756 # 1504
11756 - 88 1
11756 + 88
11757 # 1504
11757 - 88 1
11757 + 88
11758 # 1504
11758 - 88 1
11758 + 88
11759 # 1504
11759 - 88 1
11759 + 88
11760 # 1504
11760 - 88 1
11760 + 88
11761 # 1504
11761 - 88 1
11761 + 88
11761 + 108
11762 # 1504
11762 - 88 1
11762 - 108 1
11762 + 88
11763 # 1504
11763 - 88 1
11763 + 88
11764 # 1504
11764 - 88 1
11764 + 88
11765 # 1504
11765 - 88 1
11765 + 88
11766 # 1504
11766 - 88 1
11766 + 88
11767 # 1504
11767 - 88 1
11767 + 88
11768 # 1504
11768 - 88 1
11768 + 88
11769 # 1504
11769 - 88 1
11769 + 88
11770 # 1504
11770 - 88 1
11770 + 88
11770 + 88
11770 + 100
11771 # 1504
11771 - 88 1
11771 - 88 1
11771 - 100 1
11771 + 88
11772 # 1504
11772 - 88 1
11772 + 88
11773 # 1504
11773 - 88 1
11773 + 88
11774 # 1504
11774 - 88 1
11774 + 88
11775 # 1504
11775 - 88 1
11775 + 88
11776 # 1504
11776 - 88 1
11776 + 88
11777 # 1504
11777 - 88 1
11777 + 88
11778 # 1504
11778 - 88 1
11778 + 88
11779 # 1504
11779 - 88 1
11779 + 88
11780 # 1504
11780 - 88 1
11780 + 88
11780 + 108
11781 # 1504
11781 - 88 1
11781 - 108 1
11781 + 88
11782 # 1504
11782 - 88 1
11782 + 88
11783 # 1504
11783 - 88 1
11783 + 88
11784 # 1504
11784 - 88 1
11784 + 88
11785 # 1504
11785 - 88 1
11785 + 88
11786 # 1504
11786 - 88 1
11786 + 88
11787 # 1504
11787 - 88 1
11787 + 88
11788 # 1504
11788 - 88 1
11788 + 88
11789 # 1504
11789 - 88 1
11789 + 88
11790 # 1504
11790 - 88 1
11790 + 88
11791 # 1504
11791 - 88 1
11791 + 88
11791 + 108
11792 # 1504
11792 - 88 1
11792 - 108 1
11792 + 88
11793 # 1504
11793 - 88 1
11793 + 88
11794 # 1504
11794 - 88 1
11794 + 88
11795 # 1504
11795 - 88 1
11796 # 1504
11796 + 88
11797 # 1504
11797 - 88 1
11797 + 88
11798 # 1504
11798 - 88 1
11798 + 88
11798 + 88
11799 # 1504
11799 - 88 1
11799 - 88 1
11799 + 88
11800 # 1504
11800 - 88 1
11800 + 88
11801 # 1504
11801 - 88 1
11801 + 88
11802 # 1504
11802 - 88 1
11802 + 88
11802 + 108
11803 # 1504
11803 - 88 1
11803 - 108 1
11803 + 88
11804 # 1504
11804 - 88 1
11804 + 88
11805 # 1504
11805 - 88 1
11805 + 88
11806 # 1504
11806 - 88 1
11806 + 88
11807 # 1504
11807 - 88 1
11807 + 88
11808 # 1504
11808 - 88 1
11808 + 88
11809 # 1504
11809 - 88 1
11809 + 88
11810 # 1504
11810 - 88 1
11810 + 88
11811 # 1504
11811 - 88 1
11811 + 88
11812 # 1504
11812 - 88 1
11812 + 88
11812 + 108
11813 # 1504
11813 - 88 1
11813 - 108 1
11813 + 88
11814 # 1504
11814 - 88 1
11814 + 88
11815 # 1504
11815 - 88 1
11815 + 88
11816 # 1504
11816 - 88 1
11816 + 88
11817 # 1504
11817 - 88 1
11817 + 88
11818 # 1504
11818 - 88 1
11818 + 88
11819 # 1504
11819 - 88 1
11819 + 88
11820 # 1504
11820 - 88 1
11820 + 88
11821 # 1504
11821 - 88 1
11821 + 88
11822 # 1504
11822 - 88 1
11822 + 88
11823 # 1504
11823 - 88 1
11823 + 88
11823 + 108
11824 # 1504
11824 - 88 1
11824 - 108 1
11824 + 88
11825 # 1504
11825 - 88 1
11826 # 1504
11826 + 88
11827 # 1504
11827 - 88 1
11827 + 88
11827 + 88
11828 # 1504
11828 - 88 1
11828 - 88 1
11828 + 88
11829 # 1504
11829 - 88 1
11829 + 88
11830 # 1504
11830 - 88 1
11830 + 88
11831 # 1504
11831 - 88 1
11831 + 88
11832 # 1504
11832 - 88 1
11832 + 88
11833 # 1504
11833 - 88 1
11833 + 88
11833 + 108
11834 # 1504
11834 - 88 1
11834 - 108 1
11834 + 88
11835 # 1504
11835 - 88 1
11835 + 88
11836 # 1504
11836 - 88 1
11836 + 88
11837 # 1504
11837 - 88 1
11837 + 88
11838 # 1504
11838 - 88 1
11838 + 88
11839 # 1504
11839 - 88 1
11839 + 88
11840 # 1504
11840 - 88 1
11840 + 88
11841 # 1504
11841 - 88 1
11841 + 88
11842 # 1504
11842 - 88 1
11842 + 88
11843 # 1504
11843 - 88 1
11844 # 1504
11844 + 88
11844 + 108
11845 # 1504
11845 - 88 1
11845 - 108 1
11845 + 88
11845 + 100
11845 + 88
11846 # 1504
11846 - 88 1
11846 - 100 1
11846 - 88 1
11847 # 1504
11848 # 1504
11848 + 88
11849 # 1504
11849 - 88 1
11849 + 88
11849 + 88
11849 + 88
11850 # 1504
11850 - 88 1
11850 - 88 1
11850 - 88 1
11850 + 88
11851 # 1504
11851 - 88 1
11851 + 88
11852 # 1504
11852 - 88 1
11852 + 88
11853 # 1504
11853 - 88 1
11853 + 88
11854 # 1504
11854 - 88 1
11854 + 88
11855 # 1504
11855 - 88 1
11855 + 88
11855 + 108
11856 # 1504
11856 - 88 1
11856 - 108 1
11856 + 88
11857 # 1504
11857 - 88 1
11857 + 88
11858 # 1504
11858 - 88 1
11858 + 88
11859 # 1504
11859 - 88 1
11860 # 1504
11860 + 88
11861 # 1504
11861 - 88 1
11861 + 88
11862 # 1504
11862 - 88 1
11862 + 88
11863 # 1504
11863 - 88 1
11863 + 88
11864 # 1504
11864 - 88 1
11864 + 88
11865 # 1504
11865 - 88 1
11865 + 88
11866 # 1504
11866 - 88 1
11866 + 88
11866 + 108
11867 # 1504
11867 - 88 1
11867 - 108 1
11867 + 88
11868 # 1504
11868 - 88 1
11868 + 88
11869 # 1504
11869 - 88 1
11869 + 88
11870 # 1504
11870 - 88 1
11870 + 88
11871 # 1504
11871 - 88 1
11871 + 88
11872 # 1504
11872 - 88 1
11872 + 88
11873 # 1504
11873 - 88 1
11873 + 88
11874 # 1504
11874 - 88 1
11874 + 88
11875 # 1504
11875 - 88 1
11875 + 88
11876 # 1504
11876 - 88 1
11876 + 88
11877 # 1504
11877 - 88 1
11877 + 88
11877 + 108
11878 # 1504
11878 - 88 1
11878 - 108 1
11878 + 88
11879 # 1504
11879 - 88 1
11879 + 88
11880 # 1504
11880 - 88 1
11880 + 88
11881 # 1504
11881 - 88 1
11881 + 88
11882 # 1504
11882 - 88 1
11882 + 88
11883 # 1504
11883 - 88 1
11883 + 88
11884 # 1504
11884 - 88 1
11884 + 88
11885 # 1504
11885 - 88 1
11885 + 88
11886 # 1504
11886 - 88 1
11886 + 88
11887 # 1504
11887 - 88 1
11887 + 88
11887 + 108
11888 # 1504
11888 - 88 1
11888 - 108 1
11888 + 88
11889 # 1504
11889 - 88 1
11889 + 88
11890 # 1504
11890 - 88 1
11890 + 88
11891 # 1504
11891 - 88 1
11891 + 88
11892 # 1504
11892 - 88 1
11892 + 88
11893 # 1504
11893 - 88 1
11893 + 88
11894 # 1504
11894 - 88 1
11894 + 88
11895 # 1504
11895 - 88 1
11895 + 88
11896 # 1504
11896 - 88 1
11896 + 88
11897 # 1504
11897 - 88 1
11897 + 88
11897 + 108
11898 # 1504
11898 - 88 1
11898 - 108 1
11898 + 88
11899 # 1504
11899 - 88 1
11899 + 88
11900 # 1504
11900 - 88 1
11900 + 88
11901 # 1504
11901 - 88 1
11901 + 88
11902 # 1504
11902 - 88 1
11902 + 88
11903 # 1504
11903 - 88 1
11903 + 88
11904 # 1504
11904 - 88 1
11904 + 88
11905 # 1504
11905 - 88 1
11905 + 88
11906 # 1504
11906 - 88 1
11906 + 88
11906 + 88
11907 # 1504
11907 - 88 1
11907 - 88 1
11907 + 88
11908 # 1504
11908 - 88 1
11908 + 88
11908 + 108
11909 # 1504
11909 - 88 1
11909 - 108 1
11909 + 88
11910 # 1504
11910 - 88 1
11910 + 88
11911 # 1504
11911 - 88 1
11911 + 88
11912 # 1504
11912 - 88 1
11912 + 88
11913 # 1504
11913 - 88 1
11913 + 88
11914 # 1504
11914 - 88 1
11914 + 88
11915 # 1504
11915 - 88 1
11915 + 88
11916 # 1504
11916 - 88 1
11916 + 88
11917 # 1504
11917 - 88 1
11918 # 1504
11918 + 88
11918 + 88
11918 + 100
11919 # 1504
11919 - 88 1
11919 - 88 1
11919 - 100 1
11919 + 88
11920 # 1504
11920 - 88 1
11920 + 88
11921 # 1504
11921 - 88 1
11921 + 88
11922 # 1504
11922 - 88 1
11922 + 88
11923 # 1504
11923 - 88 1
11923 + 88
11924 # 1504
11924 - 88 1
11925 # 1504
11925 + 88
11925 + 88
11926 # 1504
11926 - 88 1
11926 - 88 1
11927 # 1504
11927 + 88
11928 # 1504
11928 - 88 1
11928 + 88
11929 # 1504
11929 - 88 1
11929 + 88
11929 + 108
11930 # 1504
11930 - 88 1
11930 - 108 1
11930 + 88
11931 # 1504
11931 - 88 1
11931 + 88
11932 # 1504
11932 - 88 1
11932 + 88
11933 # 1504
11933 - 88 1
11933 + 88
11934 # 1504
11934 - 88 1
11934 + 88
11935 # 1504
11935 - 88 1
11935 + 88
11936 # 1504
11936 - 88 1
11936 + 88
11937 # 1504
11937 - 88 1
11938 # 1504
11938 + 88
11939 # 1504
11939 - 88 1
11940 # 1504
11940 + 88
11940 + 108
11941 # 1504
11941 - 88 1
11941 - 108 1
11941 + 88
11941 + 88
11942 # 1504
11942 - 88 1
11942 - 88 1
11942 + 88
11943 # 1504
11943 - 88 1
11943 + 88
11944 # 1504
11944 - 88 1
11944 + 88
11945 # 1504
11945 - 88 1
11945 + 88
11946 # 1504
11946 - 88 1
11946 + 88
11947 # 1504
11947 - 88 1
11947 + 88
11948 # 1504
11948 - 88 1
11948 + 88
11949 # 1504
11949 - 88 1
11949 + 88
11950 # 1504
11950 - 88 1
11950 + 88
11950 + 108
11951 # 1504
11951 - 88 1
11951 - 108 1
11951 + 88
11952 # 1504
11952 - 88 1
11952 + 88
11953 # 1504
11953 - 88 1
11953 + 88
11954 # 1504
11954 - 88 1
11954 + 88
11955 # 1504
11955 - 88 1
11955 + 88
11956 # 1504
11956 - 88 1
11957 # 1504
11957 + 88
11958 # 1504
11958 - 88 1
11958 + 88
11959 # 1504
11959 - 88 1
11959 + 88
11959 + 88
11960 # 1504
11960 - 88 1
11960 - 88 1
11960 + 88
11961 # 1504
11961 - 88 1
11961 + 88
11961 + 108
11962 # 1504
11962 - 88 1
11962 - 108 1
11962 + 88
11963 # 1504
11963 - 88 1
11963 + 88
11964 # 1504
11964 - 88 1
11964 + 88
11965 # 1504
11965 - 88 1
11965 + 88
11966 # 1504
11966 - 88 1
11966 + 88
11967 # 1504
11967 - 88 1
11967 + 88
11968 # 1504
11968 - 88 1
11968 + 88
11969 # 1504
11969 - 88 1
11969 + 88
11970 # 1504
11970 - 88 1
11970 + 88
11971 # 1504
11971 - 88 1
11971 + 88
11971 + 108
11972 # 1504
11972 - 88 1
11972 - 108 1
11972 + 88
11973 # 1504
11973 - 88 1
11973 + 88
11974 # 1504
11974 - 88 1
11974 + 88
11975 # 1504
11975 - 88 1
11975 + 88
11976 # 1504
11976 - 88 1
11976 + 88
11977 # 1504
11977 - 88 1
11977 + 88
11978 # 1504
11978 - 88 1
11978 + 88
11979 # 1504
11979 - 88 1
11979 + 88
11980 # 1504
11980 - 88 1
11980 + 88
11981 # 1504
11981 - 88 1
11981 + 88
11982 # 1504
11982 - 88 1
11982 + 88
11982 + 108
11983 # 1504
11983 - 88 1
11983 - 108 1
11983 + 88
11984 # 1504
11984 - 88 1
11984 + 88
11985 # 1504
11985 - 88 1
11985 + 88
11986 # 1504
11986 - 88 1
11986 + 88
11987 # 1504
11987 - 88 1
11987 + 88
11988 # 1504
11988 - 88 1
11988 + 88
11989 # 1504
11989 - 88 1
11989 + 88
11990 # 1504
11990 - 88 1
11990 + 88
11991 # 1504
11991 - 88 1
11991 + 88
11992 # 1504
11992 - 88 1
11993 # 1504
11993 + 88
11993 + 108
11993 + 88
11994 # 1504
11994 - 88 1
11994 - 108 1
11994 - 88 1
11994 + 88
11994 + 100
11995 # 1504
11995 - 88 1
11995 - 100 1
11995 + 88
11996 # 1504
11996 - 88 1
11996 + 88
11997 # 1504
11997 - 88 1
11997 + 88
11998 # 1504
11998 - 88 1
11998 + 88
11999 # 1504
11999 - 88 1
11999 + 88
12000 # 1504
12000 - 88 1
12000 + 88
12001 # 1504
12001 - 88 1
12001 + 88
12002 # 1504
12002 - 88 1
12002 + 88
12003 # 1504
12003 - 88 1
12003 + 88
12004 # 1504
12004 - 88 1
12004 + 88
12005 # 1504
12005 - 88 1
12005 + 88
12005 + 108
12006 # 1504
12006 - 88 1
12006 - 108 1
12006 + 88
12007 # 1504
12007 - 88 1
12007 + 88
12008 # 1504
12008 - 88 1
12008 + 88
12009 # 1504
12009 - 88 1
12009 + 88
12010 # 1504
12010 - 88 1
12010 + 88
12011 # 1504
12011 - 88 1
12011 + 88
12012 # 1504
12012 - 88 1
12012 + 88
12013 # 1504
12013 - 88 1
12013 + 88
12013 + 88
12014 # 1504
12014 - 88 1
12014 - 88 1
12014 + 88
12015 # 1504
12015 - 88 1
12015 + 88
12016 # 1504
12016 - 88 1
12016 + 88
12016 + 108
12017 # 1504
12017 - 88 1
12017 - 108 1
12017 + 88
12018 # 1504
12018 - 88 1
12018 + 88
12019 # 1504
12019 - 88 1
12020 # 1504
12020 + 88
12020 + 88
12021 # 1504
12021 - 88 1
12021 - 88 1
12021 + 88
12022 # 1504
12022 - 88 1
12022 + 88
12023 # 1504
12023 - 88 1
12023 + 88
12024 # 1504
12024 - 88 1
12024 + 88
12025 # 1504
12025 - 88 1
12025 + 88
12026 # 1504
12026 - 88 1
12026 + 88
12027 # 1504
12027 - 88 1
12027 + 88
12027 + 108
12028 # 1504
12028 - 88 1
12028 - 108 1
12028 + 88
12029 # 1504
12029 - 88 1
12029 + 88
12030 # 1504
12030 - 88 1
12030 + 88
12031 # 1504
12031 - 88 1
12031 + 88
12032 # 1504
12032 - 88 1
12033 # 1504
12033 + 88
12034 # 1504
12034 - 88 1
12034 + 88
12035 # 1504
12035 - 88 1
12035 + 88
12036 # 1504
12036 - 88 1
12036 + 88
12037 # 1504
12037 - 88 1
12037 + 88
12038 # 1504
12038 - 88 1
12038 + 88
12038 + 108
12039 # 1504
12039 - 88 1
12039 - 108 1
12039 + 88
12040 # 1504
12040 - 88 1
12040 + 88
12041 # 1504
12041 - 88 1
12041 + 88
12042 # 1504
12042 - 88 1
12042 + 88
12043 # 1504
12043 - 88 1
12043 + 88
12044 # 1504
12044 - 88 1
12044 + 88
12045 # 1504
12045 - 88 1
12046 # 1504
12046 + 88
12047 # 1504
12047 - 88 1
12047 + 88
12047 + 88
12048 # 1504
12048 - 88 1
12048 - 88 1
12049 # 1504
12049 + 88
12049 + 108
12050 # 1504
12050 - 88 1
12050 - 108 1
12050 + 88
12051 # 1504
12051 - 88 1
12051 + 88
12052 # 1504
12052 - 88 1
12052 + 88
12053 # 1504
12053 - 88 1
12053 + 88
12054 # 1504
12054 - 88 1
12054 + 88
12055 # 1504
12055 - 88 1
12055 + 88
12056 # 1504
12056 - 88 1
12057 # 1504
12057 + 88
12058 # 1504
12058 - 88 1
12058 + 88
12059 # 1504
12059 - 88 1
12059 + 88
12060 # 1504
12060 - 88 1
12060 + 88
12060 + 108
12061 # 1504
12061 - 88 1
12061 - 108 1
12061 + 88
12061 + 88
12062 # 1504
12062 - 88 1
12062 - 88 1
12063 # 1504
12063 + 88
12064 # 1504
12064 - 88 1
12064 + 88
12064 + 88
12065 # 1504
12065 - 88 1
12065 - 88 1
12065 + 88
12066 # 1504
12066 - 88 1
12066 + 88
12067 # 1504
12067 - 88 1
12067 + 88
12068 # 1504
12068 - 88 1
12068 + 88
12069 # 1504
12069 - 88 1
12069 + 88
12069 + 100
12070 # 1504
12070 - 88 1
12070 - 100 1
12070 + 88
12071 # 1504
12071 - 88 1
12071 + 88
12072 # 1504
12072 - 88 1
12072 + 88
12073 # 1504
12073 - 88 1
12073 + 88
12074 # 1504
12074 - 88 1
12074 + 88
12075 # 1504
12075 - 88 1
12075 + 88
12076 # 1504
12076 - 88 1
12076 + 88
12077 # 1504
12077 - 88 1
12077 + 88
12078 # 1504
12078 - 88 1
12079 # 1504
12079 + 88
12080 # 1504
12080 - 88 1
12080 + 88
12080 + 108
12081 # 1504
12081 - 88 1
12081 - 108 1
12081 + 88
12081 + 88
12082 # 1504
12082 - 88 1
12082 - 88 1
12083 # 1504
12084 # 1504
12084 + 88
12084 + 88
12084 + 88
12085 # 1504
12085 - 88 1
12085 - 88 1
12085 - 88 1
12085 + 88
12086 # 1504
12086 - 88 1
12086 + 88
12087 # 1504
12087 - 88 1
12087 + 88
12088 # 1504
12088 - 88 1
12088 + 88
12089 # 1504
12089 - 88 1
12089 + 88
12090 # 1504
12090 - 88 1
12090 + 88
12090 + 108
12091 # 1504
12091 - 88 1
12091 - 108 1
12091 + 88
12092 # 1504
12092 - 88 1
12092 + 88
12093 # 1504
12093 - 88 1
12094 # 1504
12094 + 88
12094 + 88
12095 # 1504
12095 - 88 1
12095 - 88 1
12095 + 88
12096 # 1504
12096 - 88 1
12096 + 88
12097 # 1504
12097 - 88 1
12097 + 88
12098 # 1504
12098 - 88 1
12098 + 88
12099 # 1504
12099 - 88 1
12099 + 88
12100 # 1504
12100 - 88 1
12100 + 88
12101 # 1504
12101 - 88 1
12101 + 88
12101 + 108
12102 # 1504
12102 - 88 1
12102 - 108 1
12102 + 88
12103 # 1504
12103 - 88 1
12103 + 88
12104 # 1504
12104 - 88 1
12104 + 88
12105 # 1504
12105 - 88 1
12105 + 88
12106 # 1504
12106 - 88 1
12106 + 88
12107 # 1504
12107 - 88 1
12107 + 88
12108 # 1504
12108 - 88 1
12109 # 1504
12109 + 88
12110 # 1504
12110 - 88 1
12110 + 88
12111 # 1504
12111 - 88 1
12111 + 88
12112 # 1504
12112 - 88 1
12112 + 88
12112 + 108
12113 # 1504
12113 - 88 1
12113 - 108 1
12113 + 88
12113 + 88
12114 # 1504
12114 - 88 1
12114 - 88 1
12114 + 88
12115 # 1504
12115 - 88 1
12115 + 88
12116 # 1504
12116 - 88 1
12116 + 88
12117 # 1504
12117 - 88 1
12117 + 88
12118 # 1504
12118 - 88 1
12118 + 88
12119 # 1504
12119 - 88 1
12119 + 88
12120 # 1504
12120 - 88 1
12120 + 88
12121 # 1504
12121 - 88 1
12121 + 88
12122 # 1504
12122 - 88 1
12122 + 88
12122 + 108
12123 # 1504
12123 - 88 1
12123 - 108 1
12123 + 88
12124 # 1504
12124 - 88 1
12124 + 88
12125 # 1504
12125 - 88 1
12125 + 88
12126 # 1504
12126 - 88 1
12126 + 88
12127 # 1504
12127 - 88 1
12127 + 88
12128 # 1504
12128 - 88 1
12128 + 88
12129 # 1504
12129 - 88 1
12129 + 88
12130 # 1504
12130 - 88 1
12130 + 88
12131 # 1504
12131 - 88 1
12131 + 88
12132 # 1504
12132 - 88 1
12132 + 88
12132 + 108
12133 # 1504
12133 - 88 1
12133 - 108 1
12133 + 88
12134 # 1504
12134 - 88 1
12134 + 88
12135 # 1504
12135 - 88 1
12135 + 88
12136 # 1504
12136 - 88 1
12136 + 88
12137 # 1504
12137 - 88 1
12137 + 88
12138 # 1504
12138 - 88 1
12138 + 88
12139 # 1504
12139 - 88 1
12139 + 88
12140 # 1504
12140 - 88 1
12140 + 88
12141 # 1504
12141 - 88 1
12141 + 88
12142 # 1504
12142 - 88 1
12142 + 88
12142 + 108
12143 # 1504
12143 - 88 1
12143 - 108 1
12143 + 88
12143 + 100
12144 # 1504
12144 - 88 1
12144 - 100 1
12144 + 88
12145 # 1504
12145 - 88 1
12145 + 88
12146 # 1504
12146 - 88 1
12147 # 1504
12147 + 88
12148 # 1504
12148 - 88 1
12148 + 88
12149 # 1504
12149 - 88 1
12149 + 88
12150 # 1504
12150 - 88 1
12150 + 88
12151 # 1504
12151 - 88 1
12151 + 88
12152 # 1504
12152 - 88 1
12152 + 88
12152 + 88
12153 # 1504
12153 - 88 1
12153 - 88 1
12153 + 88
12153 + 108
12154 # 1504
12154 - 88 1
12154 - 108 1
12154 + 88
12155 # 1504
12155 - 88 1
12155 + 88
12156 # 1504
12156 - 88 1
12157 # 1504
12157 + 88
12157 + 88
12158 # 1504
12158 - 88 1
12158 - 88 1
12158 + 88
12159 # 1504
12159 - 88 1
12159 + 88
12160 # 1504
12160 - 88 1
12160 + 88
12161 # 1504
12161 - 88 1
12161 + 88
12162 # 1504
12162 - 88 1
12163 # 1504
12163 + 88
12164 # 1504
12164 - 88 1
12164 + 88
12164 + 108
12165 # 1504
12165 - 88 1
12165 - 108 1
12165 + 88
12166 # 1504
12166 - 88 1
12166 + 88
12167 # 1504
12167 - 88 1
12167 + 88
12168 # 1504
12168 - 88 1
12168 + 88
12169 # 1504
12169 - 88 1
12169 + 88
12170 # 1504
12170 - 88 1
12170 + 88
12171 # 1504
12171 - 88 1
12171 + 88
12172 # 1504
12172 - 88 1
12172 + 88
12173 # 1504
12173 - 88 1
12173 + 88
12174 # 1504
12174 - 88 1
12174 + 88
12174 + 108
12175 # 1504
12175 - 88 1
12175 - 108 1
12175 + 88
12176 # 1504
12176 - 88 1
12176 + 88
12177 # 1504
12177 - 88 1
12177 + 88
12178 # 1504
12178 - 88 1
12178 + 88
12179 # 1504
12179 - 88 1
12179 + 88
12180 # 1504
12180 - 88 1
12180 + 88
12181 # 1504
12181 - 88 1
12181 + 88
12182 # 1504
12182 - 88 1
12183 # 1504
12183 + 88
12184 # 1504
12184 - 88 1
12184 + 88
12185 # 1504
12185 - 88 1
12186 # 1504
12186 + 88
12186 + 108
12187 # 1504
12187 - 88 1
12187 - 108 1
12188 # 1504
12188 + 88
12188 + 88
12189 # 1504
12189 - 88 1
12189 - 88 1
12189 + 88
12190 # 1504
12190 - 88 1
12190 + 88
12191 # 1504
12191 - 88 1
12191 + 88
12192 # 1504
12192 - 88 1
12192 + 88
12193 # 1504
12193 - 88 1
12193 + 88
12194 # 1504
12194 - 88 1
12194 + 88
12195 # 1504
12195 - 88 1
12195 + 88
12196 # 1504
12196 - 88 1
12196 + 88
12196 + 108
12197 # 1504
12197 - 88 1
12197 - 108 1
12197 + 88
12198 # 1504
12198 - 88 1
12198 + 88
12199 # 1504
12199 - 88 1
12199 + 88
12200 # 1504
12200 - 88 1
12200 + 88
12201 # 1504
12201 - 88 1
12201 + 88
12202 # 1504
12202 - 88 1
12202 + 88
12203 # 1504
12203 - 88 1
12203 + 88
12204 # 1504
12204 - 88 1
12204 + 88
12205 # 1504
12205 - 88 1
12205 + 88
12206 # 1504
12206 - 88 1
12206 + 88
12207 # 1504
12207 - 88 1
12207 + 88
12207 + 108
12208 # 1504
12208 - 88 1
12208 - 108 1
12208 + 88
12209 # 1504
12209 - 88 1
12209 + 88
12210 # 1504
12210 - 88 1
12210 + 88
12211 # 1504
12211 - 88 1
12211 + 88
12212 # 1504
12212 - 88 1
12212 + 88
12213 # 1504
12213 - 88 1
12213 + 88
12213 + 88
12214 # 1504
12214 - 88 1
12214 - 88 1
12214 + 88
12215 # 1504
12215 - 88 1
12215 + 88
12216 # 1504
12216 - 88 1
12216 + 88
12217 # 1504
12217 - 88 1
12217 + 88
12218 # 1504
12218 - 88 1
12218 + 88
12218 + 108
12219 # 1504
12219 - 88 1
12219 - 108 1
12219 + 88
12219 + 100
12220 # 1504
12220 - 88 1
12220 - 100 1
12220 + 88
12221 # 1504
12221 - 88 1
12221 + 88
12222 # 1504
12222 - 88 1
12222 + 88
12223 # 1504
12223 - 88 1
12223 + 88
12224 # 1504
12224 - 88 1
12224 + 88
12225 # 1504
12225 - 88 1
12225 + 88
12226 # 1504
12226 - 88 1
12226 + 88
12227 # 1504
12227 - 88 1
12227 + 88
12228 # 1504
12228 - 88 1
12228 + 88
12229 # 1504
12229 - 88 1
12229 + 88
12230 # 1504
12230 - 88 1
12230 + 88
12230 + 108
12231 # 1504
12231 - 88 1
12231 - 108 1
12231 + 88
12232 # 1504
12232 - 88 1
12232 + 88
12233 # 1504
12233 - 88 1
12233 + 88
12234 # 1504
12234 - 88 1
12234 + 88
12235 # 1504
12235 - 88 1
12235 + 88
12236 # 1504
12236 - 88 1
12236 + 88
12237 # 1504
12237 - 88 1
12237 + 88
12238 # 1504
12238 - 88 1
12238 + 88
12239 # 1504
12239 - 88 1
12239 + 88
12240 # 1504
12240 - 88 1
12240 + 88
12240 + 108
12241 # 1504
12241 - 88 1
12241 - 108 1
12241 + 88
12242 # 1504
12242 - 88 1
12242 + 88
12243 # 1504
12243 - 88 1
12243 + 88
12244 # 1504
12244 - 88 1
12244 + 88
12245 # 1504
12245 - 88 1
12245 + 88
12246 # 1504
12246 - 88 1
12246 + 88
12247 # 1504
12247 - 88 1
12247 + 88
12248 # 1504
12248 - 88 1
12248 + 88
12249 # 1504
12249 - 88 1
12249 + 88
12250 # 1504
12250 - 88 1
12250 + 88
12250 + 108
12251 # 1504
12251 - 88 1
12251 - 108 1
12251 + 88
12252 # 1504
12252 - 88 1
12252 + 88
12253 # 1504
12253 - 88 1
12253 + 88
12254 # 1504
12254 - 88 1
12254 + 88
12255 # 1504
12255 - 88 1
12255 + 88
12256 # 1504
12256 - 88 1
12256 + 88
12257 # 1504
12257 - 88 1
12257 + 88
12258 # 1504
12258 - 88 1
12258 + 88
12259 # 1504
12259 - 88 1
12259 + 88
12260 # 1504
12260 - 88 1
12260 + 88
12261 # 1504
12261 - 88 1
12261 + 88
12261 + 108
12262 # 1504
12262 - 88 1
12262 - 108 1
12262 + 88
12263 # 1504
12263 - 88 1
12263 + 88
12264 # 1504
12264 - 88 1
12265 # 1504
12265 + 88
12265 + 88
12266 # 1504
12266 - 88 1
12266 - 88 1
12266 + 88
12267 # 1504
12267 - 88 1
12267 + 88
12268 # 1504
12268 - 88 1
12268 + 88
12269 # 1504
12269 - 88 1
12269 + 88
12270 # 1504
12270 - 88 1
12270 + 88
12271 # 1504
12271 - 88 1
12271 + 88
12272 # 1504
12272 - 88 1
12272 + 88
12272 + 108
12273 # 1504
12273 - 88 1
12273 - 108 1
12273 + 88
12274 # 1504
12274 - 88 1
12274 + 88
12275 # 1504
12275 - 88 1
12275 + 88
12276 # 1504
12276 - 88 1
12276 + 88
12277 # 1504
12277 - 88 1
12277 + 88
12278 # 1504
12278 - 88 1
12278 + 88
12279 # 1504
12279 - 88 1
12279 + 88
12280 # 1504
12280 - 88 1
12280 + 88
12281 # 1504
12281 - 88 1
12281 + 88
12282 # 1504
12282 - 88 1
12282 + 88
12283 # 1504
12283 - 88 1
12283 + 88
12283 + 108
12284 # 1504
12284 - 88 1
12284 - 108 1
12284 + 88
12285 # 1504
12285 - 88 1
12285 + 88
12286 # 1504
12286 - 88 1
12286 + 88
12287 # 1504
12287 - 88 1
12287 + 88
12288 # 1504
12288 - 88 1
12289 # 1504
12289 + 88
12290 # 1504
12290 - 88 1
12290 + 88
12291 # 1504
12291 - 88 1
12291 + 88
12292 # 1504
12292 - 88 1
12292 + 88
12293 # 1504
12293 - 88 1
12293 + 88
12293 + 108
12294 # 1504
12294 - 88 1
12294 - 108 1
12294 + 88
12294 + 100
12295 # 1504
12295 - 88 1
12295 - 100 1
12295 + 88
12296 # 1504
12296 - 88 1
12297 # 1504
12297 + 88
12298 # 1504
12298 - 88 1
12298 + 88
12299 # 1504
12299 - 88 1
12299 + 88
12300 # 1504
12300 - 88 1
12300 + 88
12301 # 1504
12301 - 88 1
12301 + 88
12302 # 1504
12302 - 88 1
12302 + 88
12303 # 1504
12303 - 88 1
12303 + 88
12304 # 1504
12304 - 88 1
12305 # 1504
12305 + 88
12305 + 108
12306 # 1504
12306 - 88 1
12306 - 108 1
12306 + 88
12307 # 1504
12307 - 88 1
12307 + 88
12308 # 1504
12308 - 88 1
12308 + 88
12309 # 1504
12309 - 88 1
12309 + 88
12310 # 1504
12310 - 88 1
12311 # 1504
12311 + 88
12312 # 1504
12312 - 88 1
12312 + 88
12313 # 1504
12313 - 88 1
12313 + 88
12314 # 1504
12314 - 88 1
12314 + 88
12315 # 1504
12315 - 88 1
12315 + 88
12315 + 108
12316 # 1504
12316 - 88 1
12316 - 108 1
12317 # 1504
12317 + 88
12317 + 88
12318 # 1504
12318 - 88 1
12318 - 88 1
12319 # 1504
12319 + 88
12320 # 1504
12320 - 88 1
12320 + 88
12321 # 1504
12321 - 88 1
12321 + 88
12322 # 1504
12322 - 88 1
12322 + 88
12323 # 1504
12323 - 88 1
12324 # 1504
12324 + 88
12325 # 1504
12325 - 88 1
12326 # 1504
12326 + 88
12326 + 108
12327 # 1504
12327 - 88 1
12327 - 108 1
12327 + 88
12328 # 1504
12328 - 88 1
12328 + 88
12329 # 1504
12329 - 88 1
12330 # 1504
12330 + 88
12331 # 1504
12331 - 88 1
12332 # 1504
12332 + 88
12333 # 1504
12333 - 88 1
12333 + 88
12334 # 1504
12334 - 88 1
12335 # 1504
12335 + 88
12335 + 88
12336 # 1504
12336 - 88 1
12336 - 88 1
12337 # 1504
12337 + 88
12337 + 108
12338 # 1504
12338 - 88 1
12338 - 108 1
12339 # 1504
12339 + 88
12340 # 1504
12340 - 88 1
12340 + 88
12341 # 1504
12341 - 88 1
12342 # 1504
12342 + 88
12343 # 1504
12343 - 88 1
12343 + 88
12344 # 1504
12344 - 88 1
12345 # 1504
12345 + 88
12346 # 1504
12346 - 88 1
12346 + 88
12347 # 1504
12347 - 88 1
12347 + 88
12347 + 108
12348 # 1504
12348 - 88 1
12348 - 108 1
12349 # 1504
12349 + 88
12350 # 1504
12350 - 88 1
12350 + 88
12351 # 1504
12351 - 88 1
12351 + 88
12352 # 1504
12352 - 88 1
12352 + 88
12353 # 1504
12353 - 88 1
12354 # 1504
12354 + 88
12355 # 1504
12355 - 88 1
12355 + 88
12356 # 1504
12356 - 88 1
12356 + 88
12357 # 1504
12357 - 88 1
12358 # 1504
12358 + 88
12358 + 108
12359 # 1504
12359 - 88 1
12359 - 108 1
12359 + 88
12360 # 1504
12360 - 88 1
12361 # 1504
12361 + 88
12362 # 1504
12362 - 88 1
12362 + 88
12363 # 1504
12363 - 88 1
12363 + 88
12364 # 1504
12364 - 88 1
12365 # 1504
12365 + 88
12366 # 1504
12366 - 88 1
12366 + 88
12367 # 1504
12367 - 88 1
12367 + 88
12368 # 1504
12368 - 88 1
12369 # 1504
12369 + 88
12369 + 108
12370 # 1504
12370 - 88 1
12370 - 108 1
12370 + 88
12371 # 1504
12371 - 88 1
12371 + 88
12372 # 1504
12372 - 88 1
12372 + 88
12373 # 1504
12373 - 88 1
12374 # 1504
12374 + 88
12375 # 1504
12375 - 88 1
12376 # 1504
12376 + 88
12376 + 88
12377 # 1504
12377 - 88 1
12377 - 88 1
12378 # 1504
12378 + 88
12379 # 1504
12379 - 88 1
12379 + 88
12379 + 108
12380 # 1504
12380 - 88 1
12380 - 108 1
12381 # 1504
12381 + 88
12382 # 1504
12382 - 88 1
12382 + 88
12383 # 1504
12383 - 88 1
12384 # 1504
12384 + 88
12385 # 1504
12385 - 88 1
12385 + 88
12386 # 1504
12386 - 88 1
12386 + 88
12387 # 1504
12387 - 88 1
12388 # 1504
12388 + 88
12389 # 1504
12389 - 88 1
12389 + 88
12390 # 1504
12390 - 88 1
12390 + 88
12390 + 108
12391 # 1504
12391 - 88 1
12391 - 108 1
12391 + 88
12391 + 100
12392 # 1504
12392 - 88 1
12392 - 100 1
12393 # 1504
12393 + 88
12393 + 88
12394 # 1504
12394 - 88 1
12394 - 88 1
12395 # 1504
12395 + 88
12396 # 1504
12396 - 88 1
12396 + 88
12397 # 1504
12397 - 88 1
12397 + 88
12398 # 1504
12398 - 88 1
12399 # 1504
12399 + 88
12400 # 1504
12400 - 88 1
12400 + 88
12401 # 1504
12401 - 88 1
12401 + 88
12402 # 1504
12402 - 88 1
12403 # 1504
12403 + 88
12403 + 108
12404 # 1504
12404 - 88 1
12404 - 108 1
12404 + 88
12405 # 1504
12405 - 88 1
12405 + 88
12406 # 1504
12406 - 88 1
12406 + 88
12407 # 1504
12407 - 88 1
12407 + 88
12408 # 1504
12408 - 88 1
12409 # 1504
12409 + 88
12410 # 1504
12410 - 88 1
12410 + 88
12411 # 1504
12411 - 88 1
12411 + 88
12412 # 1504
12412 - 88 1
12413 # 1504
12413 + 88
12413 + 108
12414 # 1504
12414 - 88 1
12414 - 108 1
12414 + 88
12415 # 1504
12415 - 88 1
12416 # 1504
12416 + 88
12417 # 1504
12417 - 88 1
12417 + 88
12418 # 1504
12418 - 88 1
12418 + 88
12419 # 1504
12419 - 88 1
12420 # 1504
12420 + 88
12421 # 1504
12421 - 88 1
12421 + 88
12422 # 1504
12422 - 88 1
12423 # 1504
12423 + 88
12424 # 1504
12424 - 88 1
12424 + 88
12424 + 108
12425 # 1504
12425 - 88 1
12425 - 108 1
12425 + 88
12426 # 1504
12426 - 88 1
12427 # 1504
12427 + 88
12428 # 1504
12428 - 88 1
12428 + 88
12429 # 1504
12429 - 88 1
12429 + 88
12430 # 1504
12430 - 88 1
12431 # 1504
12431 + 88
12432 # 1504
12432 - 88 1
12432 + 88
12433 # 1504
12433 - 88 1
12434 # 1504
12434 + 88
12434 + 88
12435 # 1504
12435 - 88 1
12435 - 88 1
12436 # 1504
12436 + 88
12436 + 108
12437 # 1504
12437 - 88 1
12437 - 108 1
12438 # 1504
12438 + 88
12439 # 1504
12439 - 88 1
12439 + 88
12440 # 1504
12440 - 88 1
12441 # 1504
12441 + 88
12442 # 1504
12442 - 88 1
12442 + 88
12443 # 1504
12443 - 88 1
12444 # 1504
12444 + 88
12445 # 1504
12445 - 88 1
12445 + 88
12446 # 1504
12446 - 88 1
12447 # 1504
12447 + 88
12447 + 108
12448 # 1504
12448 - 88 1
12448 - 108 1
12448 + 88
12449 # 1504
12449 - 88 1
12450 # 1504
12450 + 88
12451 # 1504
12451 - 88 1
12451 + 88
12452 # 1504
12452 - 88 1
12453 # 1504
12453 + 88
12454 # 1504
12454 - 88 1
12454 + 88
12455 # 1504
12455 - 88 1
12455 + 88
12456 # 1504
12456 - 88 1
12456 + 88
12457 # 1504
12457 - 88 1
12458 # 1504
12458 + 88
12458 + 108
12459 # 1504
12459 - 88 1
12459 - 108 1
12459 + 88
12460 # 1504
12460 - 88 1
12460 + 88
12461 # 1504
12461 - 88 1
12462 # 1504
12462 + 88
12463 # 1504
12463 - 88 1
12463 + 88
12464 # 1504
12464 - 88 1
12464 + 88
12465 # 1504
12465 - 88 1
12466 # 1504
12466 + 88
12467 # 1504
12467 - 88 1
12467 + 88
12468 # 1504
12468 - 88 1
12468 + 88
12468 + 108
12469 # 1504
12469 - 88 1
12469 - 108 1
12470 # 1504
12470 + 88
12471 # 1504
12471 - 88 1
12471 + 88
12472 # 1504
12472 - 88 1
12472 + 88
12473 # 1504
12473 - 88 1
12473 + 88
12474 # 1504
12474 - 88 1
12475 # 1504
12475 + 88
12476 # 1504
12476 - 88 1
12476 + 88
12477 # 1504
12477 - 88 1
12477 + 88
12478 # 1504
12478 - 88 1
12479 # 1504
12479 + 88
12479 + 108
12480 # 1504
12480 - 88 1
12480 - 108 1
12480 + 88
12481 # 1504
12481 - 88 1
12482 # 1504
12482 + 88
12483 # 1504
12483 - 88 1
12483 + 88
12484 # 1504
12484 - 88 1
12485 # 1504
12485 + 88
12486 # 1504
12486 - 88 1
12486 + 88
12487 # 1504
12487 - 88 1
12488 # 1504
12488 + 88
12489 # 1504
12489 - 88 1
12489 + 88
12489 + 108
12490 # 1504
12490 - 88 1
12490 - 108 1
12491 # 1504
12491 + 88
12492 # 1504
12492 - 88 1
12492 + 88
12492 + 100
12493 # 1504
12493 - 88 1
12493 - 100 1
12493 + 88
12494 # 1504
12494 - 88 1
12495 # 1504
12495 + 88
12496 # 1504
12496 - 88 1
12496 + 88
12497 # 1504
12497 - 88 1
12498 # 1504
12498 + 88
12499 # 1504
12499 - 88 1
12499 + 88
12500 # 1504
12500 - 88 1
12501 # 1504
12501 + 88
12502 # 1504
12502 - 88 1
12502 + 88
12503 # 1504
12503 - 88 1
12503 + 88
12503 + 108
12504 # 1504
12504 - 88 1
12504 - 108 1
12505 # 1504
12505 + 88
12506 # 1504
12506 - 88 1
12506 + 88
12507 # 1504
12507 - 88 1
12508 # 1504
12508 + 88
12509 # 1504
12509 - 88 1
12509 + 88
12510 # 1504
12510 - 88 1
12510 + 88
12511 # 1504
12511 - 88 1
12512 # 1504
12512 + 88
12513 # 1504
12513 - 88 1
12513 + 88
12514 # 1504
12514 - 88 1
12514 + 88
12514 + 108
12515 # 1504
12515 - 88 1
12515 - 108 1
12515 + 88
12516 # 1504
12516 - 88 1
12517 # 1504
12517 + 88
12518 # 1504
12518 - 88 1
12518 + 88
12519 # 1504
12519 - 88 1
12520 # 1504
12521 # 1504
12521 + 88
12521 + 88
12522 # 1504
12522 - 88 1
12522 - 88 1
12522 + 88
12523 # 1504
12523 - 88 1
12524 # 1504
12524 + 88
12525 # 1504
12525 - 88 1
12525 + 88
12525 + 108
12526 # 1504
12526 - 88 1
12526 - 108 1
12527 # 1504
12527 + 88
12528 # 1504
12528 - 88 1
12528 + 88
12529 # 1504
12529 - 88 1
12530 # 1504
12530 + 88
12531 # 1504
12531 - 88 1
12531 + 88
12532 # 1504
12532 - 88 1
12533 # 1504
12533 + 88
12534 # 1504
12534 - 88 1
12534 + 88
12535 # 1504
12535 - 88 1
12536 # 1504
12536 + 88
12536 + 108
12537 # 1504
12537 - 88 1
12537 - 108 1
12537 + 88
12538 # 1504
12538 - 88 1
12538 + 88
12539 # 1504
12539 - 88 1
12540 # 1504
12540 + 88
12541 # 1504
12541 - 88 1
12541 + 88
12542 # 1504
12542 - 88 1
12543 # 1504
12543 + 88
12544 # 1504
12544 - 88 1
12544 + 88
12545 # 1504
12545 - 88 1
12546 # 1504
12546 + 88
12546 + 108
12547 # 1504
12547 - 88 1
12547 - 108 1
12547 + 88
12548 # 1504
12548 - 88 1
12549 # 1504
12549 + 88
12550 # 1504
12550 - 88 1
12550 + 88
12551 # 1504
12551 - 88 1
12552 # 1504
12552 + 88
12553 # 1504
12553 - 88 1
12553 + 88
12554 # 1504
12554 - 88 1
12554 + 88
12555 # 1504
12555 - 88 1
12556 # 1504
12556 + 88
12557 # 1504
12557 - 88 1
12557 + 88
12557 + 108
12558 # 1504
12558 - 88 1
12558 - 108 1
12559 # 1504
12559 + 88
12559 + 88
12560 # 1504
12560 - 88 1
12560 - 88 1
12561 # 1504
12561 + 88
12562 # 1504
12562 - 88 1
12563 # 1504
12563 + 88
12564 # 1504
12564 - 88 1
12564 + 88
12565 # 1504
12565 - 88 1
12566 # 1504
12566 + 88
12567 # 1504
12567 - 88 1
12568 # 1504
12568 + 88
12568 + 108
12569 # 1504
12569 - 88 1
12569 - 108 1
12569 + 88
12570 # 1504
12570 - 88 1
12571 # 1504
12571 + 88
12572 # 1504
12572 - 88 1
12572 + 88
12573 # 1504
12573 - 88 1
12574 # 1504
12574 + 88
12575 # 1504
12575 - 88 1
12575 + 88
12576 # 1504
12576 - 88 1
12577 # 1504
12577 + 88
12578 # 1504
12578 - 88 1
12579 # 1504
12580 # 1504
12581 # 1504
12582 # 1504
12583 # 1504
12583 + 88
12583 + 108
12584 # 1504
12584 - 88 1
12584 - 108 1
12585 # 1504
12585 + 88
12586 # 1504
12586 - 88 1
12586 + 88
12587 # 1504
12587 - 88 1
12587 + 88
12588 # 1504
12588 - 88 1
12589 # 1504
12589 + 88
12589 + 88
12590 # 1504
12590 - 88 1
12590 - 88 1
12590 + 88
12591 # 1504
12591 - 88 1
12592 # 1504
12592 + 88
12592 + 88
12593 # 1504
12593 - 88 1
12593 - 88 1
12593 + 88
12594 # 1504
12594 - 88 1
12595 # 1504
12595 + 88
12595 + 108
12595 + 88
12596 # 1504
12596 - 88 1
12596 - 108 1
12596 - 88 1
12596 + 88
12597 # 1504
12597 - 88 1
12598 # 1504
12598 + 88
12599 # 1504
12599 - 88 1
12599 + 88
12599 + 100
12600 # 1504
12600 - 88 1
12600 - 100 1
12601 # 1504
12601 + 88
12602 # 1504
12602 - 88 1
12602 + 88
12603 # 1504
12603 - 88 1
12604 # 1504
12604 + 88
12604 + 88
12605 # 1504
12605 - 88 1
12605 - 88 1
12606 # 1504
12607 # 1504
12607 + 88
12608 # 1504
12608 - 88 1
12608 + 88
12609 # 1504
12609 - 88 1
12609 + 88
12610 # 1504
12610 - 88 1
12610 + 88
12610 + 108
12611 # 1504
12611 - 88 1
12611 - 108 1
12612 # 1504
12612 + 88
12613 # 1504
12613 - 88 1
12613 + 88
12614 # 1504
12614 - 88 1
12614 + 88
12615 # 1504
12615 - 88 1
12616 # 1504
12616 + 88
12617 # 1504
12617 - 88 1
12617 + 88
12618 # 1504
12618 - 88 1
12619 # 1504
12619 + 88
12620 # 1504
12620 - 88 1
12620 + 88
12621 # 1504
12621 - 88 1
12621 + 88
12621 + 108
12622 # 1504
12622 - 88 1
12622 - 108 1
12622 + 88
12623 # 1504
12623 - 88 1
12624 # 1504
12624 + 88
12625 # 1504
12625 - 88 1
12625 + 88
12626 # 1504
12626 - 88 1
12626 + 88
12627 # 1504
12627 - 88 1
12627 + 88
12628 # 1504
12628 - 88 1
12629 # 1504
12629 + 88
12630 # 1504
12630 - 88 1
12630 + 88
12631 # 1504
12631 - 88 1
12632 # 1504
12632 + 88
12632 + 108
12633 # 1504
12633 - 88 1
12633 - 108 1
12633 + 88
12634 # 1504
12634 - 88 1
12634 + 88
12635 # 1504
12635 - 88 1
12636 # 1504
12636 + 88
12637 # 1504
12637 - 88 1
12637 + 88
12638 # 1504
12638 - 88 1
12639 # 1504
12639 + 88
12640 # 1504
12640 - 88 1
12640 + 88
12641 # 1504
12641 - 88 1
12641 + 88
12642 # 1504
12642 - 88 1
12643 # 1504
12643 + 88
12643 + 108
12644 # 1504
12644 - 88 1
12644 - 108 1
12644 + 88
12645 # 1504
12645 - 88 1
12646 # 1504
12646 + 88
12647 # 1504
12647 - 88 1
12648 # 1504
12648 + 88
12649 # 1504
12649 - 88 1
12649 + 88
12650 # 1504
12650 - 88 1
12650 + 88
12651 # 1504
12651 - 88 1
12652 # 1504
12652 + 88
12653 # 1504
12653 - 88 1
12653 + 88
12653 + 108
12654 # 1504
12654 - 88 1
12654 - 108 1
12655 # 1504
12655 + 88
12656 # 1504
12656 - 88 1
12656 + 88
12657 # 1504
12657 - 88 1
12658 # 1504
12658 + 88
12659 # 1504
12659 - 88 1
12659 + 88
12660 # 1504
12660 - 88 1
12661 # 1504
12661 + 88
12662 # 1504
12662 - 88 1
12662 + 88
12663 # 1504
12663 - 88 1
12664 # 1504
12664 + 88
12664 + 108
12665 # 1504
12665 - 88 1
12665 - 108 1
12665 + 88
12666 # 1504
12666 - 88 1
12666 + 88
12667 # 1504
12667 - 88 1
12668 # 1504
12668 + 88
12669 # 1504
12669 - 88 1
12669 + 88
12670 # 1504
12670 - 88 1
12671 # 1504
12671 + 88
12672 # 1504
12672 - 88 1
12672 + 88
12672 + 52
12673 # 1504
12673 - 88 1
12673 - 52 1
12673 + 88
12674 # 1504
12674 - 88 1
12674 + 88
12674 + 108
12675 # 1504
12675 - 88 1
12675 - 108 1
12676 # 1504
12676 + 88
12677 # 1504
12677 - 88 1
12678 # 1504
12679 # 1504
12679 + 88
12679 + 88
12680 # 1504
12680 - 88 1
12680 - 88 1
12680 + 88
12681 # 1504
12681 - 88 1
12682 # 1504
12682 + 88
12683 # 1504
12683 - 88 1
12683 + 88
12684 # 1504
12684 - 88 1
12685 # 1504
12686 # 1504
12686 + 88
12686 + 108
12687 # 1504
12687 - 88 1
12687 - 108 1
12687 + 88
12688 # 1504
12688 - 88 1
12689 # 1504
12689 + 88
12690 # 1504
12690 - 88 1
12690 + 88
12691 # 1504
12691 - 88 1
12692 # 1504
12692 + 88
12693 # 1504
12693 - 88 1
12693 + 88
12694 # 1504
12694 - 88 1
12695 # 1504
12695 + 88
12696 # 1504
12696 - 88 1
12696 + 88
12696 + 108
12697 # 1504
12697 - 88 1
12697 - 108 1
12697 + 88
12698 # 1504
12698 - 88 1
12699 # 1504
12699 + 88
12700 # 1504
12700 - 88 1
12700 + 88
12701 # 1504
12701 - 88 1
12701 + 88
12702 # 1504
12702 - 88 1
12703 # 1504
12703 + 88
12704 # 1504
12704 - 88 1
12704 + 88
12704 + 100
12705 # 1504
12705 - 88 1
12705 - 100 1
12706 # 1504
12706 + 88
12707 # 1504
12707 - 88 1
12707 + 88
12708 # 1504
12708 - 88 1
12709 # 1504
12709 + 88
12710 # 1504
12710 - 88 1
12710 + 88
12711 # 1504
12711 - 88 1
12712 # 1504
12712 + 88
12713 # 1504
12713 - 88 1
12713 + 88
12714 # 1504
12714 - 88 1
12715 # 1504
12715 + 88
12715 + 108
12716 # 1504
12716 - 88 1
12716 - 108 1
12716 + 88
12717 # 1504
12717 - 88 1
12718 # 1504
12719 # 1504
12719 + 88
12720 # 1504
12720 - 88 1
12720 + 88
12721 # 1504
12721 - 88 1
12722 # 1504
12722 + 88
12723 # 1504
12723 - 88 1
12723 + 88
12724 # 1504
12724 - 88 1
12725 # 1504
12725 + 88
12726 # 1504
12726 - 88 1
12726 + 88
12726 + 108
12727 # 1504
12727 - 88 1
12727 - 108 1
12728 # 1504
12728 + 88
12729 # 1504
12729 - 88 1
12729 + 88
12730 # 1504
12730 - 88 1
12731 # 1504
12731 + 88
12732 # 1504
12732 - 88 1
12732 + 88
12733 # 1504
12733 - 88 1
12734 # 1504
12734 + 88
12735 # 1504
12735 - 88 1
12735 + 88
12736 # 1504
12736 - 88 1
12736 + 88
12736 + 108
12737 # 1504
12737 - 88 1
12737 - 108 1
12738 # 1504
12738 + 88
12739 # 1504
12739 - 88 1
12740 # 1504
12740 + 88
12741 # 1504
12741 - 88 1
12741 + 88
12742 # 1504
12742 - 88 1
12743 # 1504
12743 + 88
12744 # 1504
12744 - 88 1
12744 + 88
12745 # 1504
12745 - 88 1
12746 # 1504
12746 + 88
12747 # 1504
12747 - 88 1
12748 # 1504
12748 + 88
12748 + 108
12749 # 1504
12749 - 88 1
12749 - 108 1
12749 + 88
12750 # 1504
12750 - 88 1
12751 # 1504
12751 + 88
12752 # 1504
12752 - 88 1
12752 + 88
12753 # 1504
12753 - 88 1
12754 # 1504
12754 + 88
12755 # 1504
12755 - 88 1
12756 # 1504
12756 + 88
12757 # 1504
12757 - 88 1
12757 + 88
12758 # 1504
12758 - 88 1
12758 + 88
12758 + 108
12759 # 1504
12759 - 88 1
12759 - 108 1
12760 # 1504
12760 + 88
12761 # 1504
12761 - 88 1
12761 + 88
12762 # 1504
12762 - 88 1
12762 + 88
12763 # 1504
12763 - 88 1
12764 # 1504
12764 + 88
12765 # 1504
12765 - 88 1
12765 + 88
12766 # 1504
12766 - 88 1
12767 # 1504
12767 + 88
12768 # 1504
12768 - 88 1
12768 + 88
12769 # 1504
12769 - 88 1
12769 + 88
12769 + 108
12770 # 1504
12770 - 88 1
12770 - 108 1
12771 # 1504
12771 + 88
12772 # 1504
12772 - 88 1
12772 + 88
12773 # 1504
12773 - 88 1
12774 # 1504
12774 + 88
12775 # 1504
12775 - 88 1
12775 + 88
12776 # 1504
12776 - 88 1
12777 # 1504
12777 + 88
12778 # 1504
12778 - 88 1
12778 + 88
12779 # 1504
12779 - 88 1
12779 + 88
12779 + 108
12780 # 1504
12780 - 88 1
12780 - 108 1
12781 # 1504
12781 + 88
12782 # 1504
12782 - 88 1
12782 + 88
12783 # 1504
12783 - 88 1
12784 # 1504
12784 + 88
12785 # 1504
12785 - 88 1
12785 + 88
12786 # 1504
12786 - 88 1
12786 + 88
12787 # 1504
12787 - 88 1
12788 # 1504
12788 + 88
12789 # 1504
12789 - 88 1
12789 + 88
12790 # 1504
12790 - 88 1
12790 + 88
12790 + 108
12791 # 1504
12791 - 88 1
12791 - 108 1
12791 + 88
12792 # 1504
12792 - 88 1
12793 # 1504
12793 + 88
12794 # 1504
12794 - 88 1
12794 + 88
12795 # 1504
12795 - 88 1
12795 + 88
12796 # 1504
12796 - 88 1
12797 # 1504
12797 + 88
12798 # 1504
12798 - 88 1
12798 + 88
12799 # 1504
12799 - 88 1
12800 # 1504
12800 + 88
12801 # 1504
12801 - 88 1
12801 + 88
12801 + 108
12802 # 1504
12802 - 88 1
12802 - 108 1
12803 # 1504
12803 + 88
12804 # 1504
12804 - 88 1
12804 + 88
12805 # 1504
12805 - 88 1
12805 + 88
12806 # 1504
12806 - 88 1
12807 # 1504
12807 + 88
12808 # 1504
12808 - 88 1
12809 # 1504
12809 + 88
12810 # 1504
12810 - 88 1
12810 + 88
12811 # 1504
12811 - 88 1
12812 # 1504
12812 + 88
12812 + 108
12813 # 1504
12813 - 88 1
12813 - 108 1
12813 + 88
12813 + 100
12814 # 1504
12814 - 88 1
12814 - 100 1
12814 + 88
12815 # 1504
12815 - 88 1
12816 # 1504
12816 + 88
12817 # 1504
12817 - 88 1
12817 + 88
12818 # 1504
12818 - 88 1
12819 # 1504
12819 + 88
12820 # 1504
12820 - 88 1
12820 + 88
12821 # 1504
12821 - 88 1
12822 # 1504
12822 + 88
12823 # 1504
12823 - 88 1
12823 + 88
12823 + 108
12824 # 1504
12824 - 88 1
12824 - 108 1
12825 # 1504
12825 + 88
12826 # 1504
12826 - 88 1
12826 + 88
12827 # 1504
12827 - 88 1
12828 # 1504
12828 + 88
12829 # 1504
12829 - 88 1
12830 # 1504
12830 + 88
12831 # 1504
12831 - 88 1
12831 + 88
12832 # 1504
12832 - 88 1
12833 # 1504
12833 + 88
12834 # 1504
12834 - 88 1
12834 + 88
12834 + 108
12835 # 1504
12835 - 88 1
12835 - 108 1
12836 # 1504
12836 + 88
12837 # 1504
12837 - 88 1
12838 # 1504
12838 + 88
12839 # 1504
12839 - 88 1
12839 + 88
12840 # 1504
12840 - 88 1
12841 # 1504
12841 + 88
12842 # 1504
12842 - 88 1
12842 + 88
12843 # 1504
12843 - 88 1
12844 # 1504
12844 + 88
12845 # 1504
12845 - 88 1
12845 + 88
12845 + 108
12846 # 1504
12846 - 88 1
12846 - 108 1
12846 + 88
12847 # 1504
12847 - 88 1
12848 # 1504
12848 + 88
12849 # 1504
12849 - 88 1
12849 + 88
12850 # 1504
12850 - 88 1
12851 # 1504
12851 + 88
12852 # 1504
12852 - 88 1
12852 + 88
12853 # 1504
12853 - 88 1
12853 + 88
12854 # 1504
12854 - 88 1
12855 # 1504
12855 + 88
12856 # 1504
12856 - 88 1
12856 + 88
12856 + 108
12857 # 1504
12857 - 88 1
12857 - 108 1
12857 + 88
12858 # 1504
12858 - 88 1
12858 + 88
12859 # 1504
12859 - 88 1
12860 # 1504
12860 + 88
12861 # 1504
12861 - 88 1
12862 # 1504
12862 + 88
12863 # 1504
12863 - 88 1
12863 + 88
12864 # 1504
12864 - 88 1
12864 + 88
12865 # 1504
12865 - 88 1
12866 # 1504
12866 + 88
12867 # 1504
12867 - 88 1
12867 + 88
12867 + 108
12868 # 1504
12868 - 88 1
12868 - 108 1
12869 # 1504
12869 + 88
12870 # 1504
12870 - 88 1
12870 + 88
12871 # 1504
12871 - 88 1
12872 # 1504
12872 + 88
12873 # 1504
12873 - 88 1
12873 + 88
12874 # 1504
12874 - 88 1
12875 # 1504
12875 + 88
12876 # 1504
12876 - 88 1
12877 # 1504
12877 + 88
12878 # 1504
12878 - 88 1
12878 + 88
12878 + 108
12879 # 1504
12879 - 88 1
12879 - 108 1
12880 # 1504
12880 + 88
12881 # 1504
12881 - 88 1
12881 + 88
12882 # 1504
12882 - 88 1
12883 # 1504
12883 + 88
12884 # 1504
12884 - 88 1
12885 # 1504
12885 + 88
12886 # 1504
12886 - 88 1
12886 + 88
12887 # 1504
12887 - 88 1
12887 + 88
12888 # 1504
12888 - 88 1
12889 # 1504
12889 + 88
12889 + 108
12890 # 1504
12890 - 88 1
12890 - 108 1
12890 + 88
12891 # 1504
12891 - 88 1
12892 # 1504
12892 + 88
12893 # 1504
12893 - 88 1
12893 + 88
12894 # 1504
12894 - 88 1
12895 # 1504
12895 + 88
12896 # 1504
12896 - 88 1
12896 + 88
12897 # 1504
12897 - 88 1
12897 + 88
12898 # 1504
12898 - 88 1
12899 # 1504
12899 + 88
12899 + 108
12900 # 1504
12900 - 88 1
12900 - 108 1
12901 # 1504
12901 + 88
12902 # 1504
12902 - 88 1
12902 + 88
12903 # 1504
12903 - 88 1
12904 # 1504
12904 + 88
12905 # 1504
12905 - 88 1
12905 + 88
12906 # 1504
12906 - 88 1
12906 + 88
12907 # 1504
12907 - 88 1
12908 # 1504
12908 + 88
12909 # 1504
12909 - 88 1
12909 + 88
12910 # 1504
12910 - 88 1
12911 # 1504
12911 + 88
12911 + 108
12912 # 1504
12912 - 88 1
12912 - 108 1
12912 + 88
12913 # 1504
12913 - 88 1
12913 + 88
12914 # 1504
12914 - 88 1
12915 # 1504
12915 + 88
12916 # 1504
12916 - 88 1
12916 + 88
12917 # 1504
12917 - 88 1
12918 # 1504
12918 + 88
12919 # 1504
12919 - 88 1
12920 # 1504
12920 + 88
12921 # 1504
12921 - 88 1
12921 + 88
12921 + 108
12922 # 1504
12922 - 88 1
12922 - 108 1
12923 # 1504
12923 + 88
12923 + 100
12924 # 1504
12924 - 88 1
12924 - 100 1
12924 + 88
12925 # 1504
12925 - 88 1
12926 # 1504
12926 + 88
12927 # 1504
12927 - 88 1
12927 + 88
12928 # 1504
12928 - 88 1
12929 # 1504
12929 + 88
12930 # 1504
12930 - 88 1
12930 + 88
12931 # 1504
12931 - 88 1
12932 # 1504
12932 + 88
12933 # 1504
12933 - 88 1
12933 + 88
12933 + 108
12934 # 1504
12934 - 88 1
12934 - 108 1
12935 # 1504
12935 + 88
12936 # 1504
12936 - 88 1
12937 # 1504
12937 + 88
12938 # 1504
12938 - 88 1
12938 + 88
12939 # 1504
12939 - 88 1
12940 # 1504
12940 + 88
12941 # 1504
12941 - 88 1
12941 + 88
12942 # 1504
12942 - 88 1
12943 # 1504
12943 + 88
12943 + 108
12944 # 1504
12944 - 88 1
12944 - 108 1
12945 # 1504
12945 + 88
12946 # 1504
12946 - 88 1
12946 + 88
12947 # 1504
12947 - 88 1
12948 # 1504
12948 + 88
12949 # 1504
12949 - 88 1
12949 + 88
12950 # 1504
12950 - 88 1
12950 + 88
12951 # 1504
12951 - 88 1
12952 # 1504
12952 + 88
12953 # 1504
12953 - 88 1
12954 # 1504
12954 + 88
12954 + 108
12955 # 1504
12955 - 88 1
12955 - 108 1
12955 + 88
12956 # 1504
12956 - 88 1
12957 # 1504
12957 + 88
12958 # 1504
12958 - 88 1
12958 + 88
12959 # 1504
12959 - 88 1
12960 # 1504
12960 + 88
12961 # 1504
12961 - 88 1
12962 # 1504
12962 + 88
12963 # 1504
12963 - 88 1
12963 + 88
12964 # 1504
12964 - 88 1
12965 # 1504
12965 + 88
12965 + 108
12966 # 1504
12966 - 88 1
12966 - 108 1
12966 + 88
12967 # 1504
12967 - 88 1
12968 # 1504
12968 + 88
12969 # 1504
12969 - 88 1
12969 + 88
12970 # 1504
12970 - 88 1
12971 # 1504
12971 + 88
12972 # 1504
12972 - 88 1
12973 # 1504
12973 + 88
12974 # 1504
12974 - 88 1
12975 # 1504
12975 + 88
12975 + 108
12976 # 1504
12976 - 88 1
12976 - 108 1
12976 + 88
12977 # 1504
12977 - 88 1
12978 # 1504
12978 + 88
12979 # 1504
12979 - 88 1
12980 # 1504
12980 + 88
12981 # 1504
12981 - 88 1
12981 + 88
12982 # 1504
12982 - 88 1
12983 # 1504
12983 + 88
12984 # 1504
12984 - 88 1
12985 # 1504
12985 + 88
12985 + 108
12986 # 1504
12986 - 88 1
12986 - 108 1
12987 # 1504
12987 + 88
12988 # 1504
12988 - 88 1
12989 # 1504
12989 + 88
12990 # 1504
12990 - 88 1
12990 + 88
12991 # 1504
12991 - 88 1
12992 # 1504
12993 # 1504
12993 + 88
12994 # 1504
12994 - 88 1
12994 + 88
12995 # 1504
12995 - 88 1
12996 # 1504
12996 + 88
12996 + 108
12997 # 1504
12997 - 88 1
12997 - 108 1
12998 # 1504
12998 + 88
12999 # 1504
12999 - 88 1
13000 # 1504
13000 + 88
13001 # 1504
13001 - 88 1
13001 + 88
13002 # 1504
13002 - 88 1
13003 # 1504
13004 # 1504
13004 + 88
13005 # 1504
13005 - 88 1
13005 + 88
13006 # 1504
13006 - 88 1
13007 # 1504
13008 # 1504
13008 + 88
13008 + 108
13009 # 1504
13009 - 88 1
13009 - 108 1
13009 + 88
13010 # 1504
13010 - 88 1
13011 # 1504
13012 # 1504
13012 + 88
13013 # 1504
13013 - 88 1
13013 + 88
13014 # 1504
13014 - 88 1
13015 # 1504
13015 + 88
13016 # 1504
13016 - 88 1
13017 # 1504
13017 + 88
13018 # 1504
13018 - 88 1
13018 + 88
13018 + 108
13019 # 1504
13019 - 88 1
13019 - 108 1
13020 # 1504
13020 + 88
13021 # 1504
13021 - 88 1
13022 # 1504
13022 + 88
13023 # 1504
13023 - 88 1
13023 + 88
13024 # 1504
13024 - 88 1
13025 # 1504
13025 + 88
13026 # 1504
13026 - 88 1
13027 # 1504
13027 + 88
13028 # 1504
13028 - 88 1
13029 # 1504
13029 + 88
13029 + 108
13030 # 1504
13030 - 88 1
13030 - 108 1
13030 + 88
13031 # 1504
13031 - 88 1
13032 # 1504
13032 + 88
13033 # 1504
13033 - 88 1
13033 + 88
13034 # 1504
13034 - 88 1
13035 # 1504
13035 + 88
13036 # 1504
13036 - 88 1
13037 # 1504
13037 + 88
13038 # 1504
13038 - 88 1
13039 # 1504
13040 # 1504
13040 + 88
13040 + 108
13041 # 1504
13041 - 88 1
13041 - 108 1
13041 + 88
13042 # 1504
13042 - 88 1
13043 # 1504
13044 # 1504
13044 + 88
13045 # 1504
13045 - 88 1
13046 # 1504
13046 + 88
13047 # 1504
13047 - 88 1
13048 # 1504
13048 + 88
13049 # 1504
13049 - 88 1
13050 # 1504
13050 + 88
13050 + 108
13051 # 1504
13051 - 88 1
13051 - 108 1
13052 # 1504
13052 + 88
13053 # 1504
13053 - 88 1
13054 # 1504
13055 # 1504
13055 + 88
13056 # 1504
13056 - 88 1
13056 + 88
13057 # 1504
13057 - 88 1
13058 # 1504
13059 # 1504
13059 + 88
13060 # 1504
13060 - 88 1
13060 + 88
13061 # 1504
13061 - 88 1
13062 # 1504
13062 + 88
13062 + 108
13063 # 1504
13063 - 88 1
13063 - 108 1
13064 # 1504
13064 + 88
13065 # 1504
13065 - 88 1
13066 # 1504
13066 + 88
13067 # 1504
13067 - 88 1
13068 # 1504
13068 + 88
13069 # 1504
13069 - 88 1
13070 # 1504
13070 + 88
13071 # 1504
13071 - 88 1
13072 # 1504
13072 + 88
13073 # 1504
13073 - 88 1
13074 # 1504
13074 + 88
13074 + 108
13075 # 1504
13075 - 88 1
13075 - 108 1
13076 # 1504
13077 # 1504
13077 + 88
13078 # 1504
13078 - 88 1
13079 # 1504
13080 # 1504
13080 + 88
13081 # 1504
13081 - 88 1
13081 + 88
13082 # 1504
13082 - 88 1
13083 # 1504
13084 # 1504
13084 + 88
13085 # 1504
13085 - 88 1
13086 # 1504
13086 + 88
13086 + 108
13087 # 1504
13087 - 88 1
13087 - 108 1
13088 # 1504
13088 + 88
13089 # 1504
13089 - 88 1
13090 # 1504
13091 # 1504
13092 # 1504
13092 + 88
13093 # 1504
13093 - 88 1
13094 # 1504
13095 # 1504
13095 + 88
13096 # 1504
13096 - 88 1
13097 # 1504
13097 + 88
13097 + 108
13098 # 1504
13098 - 88 1
13098 - 108 1
13099 # 1504
13099 + 88
13100 # 1504
13100 - 88 1
13101 # 1504
13101 + 88
13102 # 1504
13102 - 88 1
13103 # 1504
13103 + 88
13104 # 1504
13104 - 88 1
13105 # 1504
13105 + 88
13106 # 1504
13106 - 88 1
13107 # 1504
13107 + 88
13107 + 108
13108 # 1504
13108 - 88 1
13108 - 108 1
13109 # 1504
13109 + 88
13110 # 1504
13110 - 88 1
13111 # 1504
13111 + 88
13112 # 1504
13112 - 88 1
13113 # 1504
13113 + 88
13114 # 1504
13114 - 88 1
13115 # 1504
13115 + 88
13116 # 1504
13116 - 88 1
13117 # 1504
13117 + 88
13118 # 1504
13118 - 88 1
13119 # 1504
13119 + 88
13119 + 108
13120 # 1504
13120 - 88 1
13120 - 108 1
13120 + 88
13121 # 1504
13121 - 88 1
13122 # 1504
13122 + 88
13123 # 1504
13123 - 88 1
13123 + 88
13124 # 1504
13124 - 88 1
13125 # 1504
13125 + 88
13126 # 1504
13126 - 88 1
13127 # 1504
13127 + 88
13128 # 1504
13128 - 88 1
13129 # 1504
13129 + 88
13129 + 108
13130 # 1504
13130 - 88 1
13130 - 108 1
13131 # 1504
13131 + 88
13132 # 1504
13132 - 88 1
13133 # 1504
13133 + 88
13134 # 1504
13134 - 88 1
13135 # 1504
13135 + 88
13136 # 1504
13136 - 88 1
13136 + 88
13137 # 1504
13137 - 88 1
13138 # 1504
13139 # 1504
13140 # 1504
13140 + 88
13140 + 108
13141 # 1504
13141 - 88 1
13141 - 108 1
13142 # 1504
13142 + 88
13143 # 1504
13143 - 88 1
13144 # 1504
13144 + 88
13145 # 1504
13145 - 88 1
13146 # 1504
13146 + 88
13147 # 1504
13147 - 88 1
13148 # 1504
13148 + 88
13149 # 1504
13149 - 88 1
13150 # 1504
13150 + 88
13150 + 108
13151 # 1504
13151 - 88 1
13151 - 108 1
13152 # 1504
13152 + 88
13153 # 1504
13153 - 88 1
13153 + 88
13154 # 1504
13154 - 88 1
13155 # 1504
13156 # 1504
13156 + 88
13157 # 1504
13157 - 88 1
13158 # 1504
13158 + 88
13159 # 1504
13159 - 88 1
13160 # 1504
13160 + 88
13161 # 1504
13161 - 88 1
13162 # 1504
13162 + 88
13162 + 108
13163 # 1504
13163 - 88 1
13163 - 108 1
13164 # 1504
13164 + 88
13165 # 1504
13165 - 88 1
13165 + 88
13166 # 1504
13166 - 88 1
13167 # 1504
13167 + 88
13168 # 1504
13168 - 88 1
13169 # 1504
13169 + 88
13170 # 1504
13170 - 88 1
13171 # 1504
13171 + 88
13172 # 1504
13172 - 88 1
13172 + 88
13172 + 108
13173 # 1504
13173 - 88 1
13173 - 108 1
13174 # 1504
13175 # 1504
13175 + 88
13176 # 1504
13176 - 88 1
13177 # 1504
13177 + 88
13178 # 1504
13178 - 88 1
13179 # 1504
13179 + 88
13180 # 1504
13180 - 88 1
13181 # 1504
13181 + 88
13182 # 1504
13182 - 88 1
13183 # 1504
13183 + 88
13183 + 108
13184 # 1504
13184 - 88 1
13184 - 108 1
13185 # 1504
13186 # 1504
13186 + 88
13186 + 88
13187 # 1504
13187 - 88 1
13187 - 88 1
13188 # 1504
13189 # 1504
13190 # 1504
13190 + 88
13191 # 1504
13191 - 88 1
13192 # 1504
13192 + 88
13193 # 1504
13193 - 88 1
13194 # 1504
13194 + 88
13194 + 108
13195 # 1504
13195 - 88 1
13195 - 108 1
13196 # 1504
13196 + 88
13197 # 1504
13197 - 88 1
13198 # 1504
13198 + 88
13199 # 1504
13199 - 88 1
13200 # 1504
13200 + 88
13201 # 1504
13201 - 88 1
13202 # 1504
13202 + 88
13202 + 100
13203 # 1504
13203 - 88 1
13203 - 100 1
13204 # 1504
13204 + 88
13205 # 1504
13205 - 88 1
13206 # 1504
13206 + 88
13207 # 1504
13207 - 88 1
13208 # 1504
13208 + 88
13209 # 1504
13209 - 88 1
13210 # 1504
13210 + 88
13211 # 1504
13211 - 88 1
13212 # 1504
13212 + 88
13213 # 1504
13213 - 88 1
13214 # 1504
13214 + 88
13214 + 108
13215 # 1504
13215 - 88 1
13215 - 108 1
13216 # 1504
13216 + 88
13217 # 1504
13217 - 88 1
13217 + 88
13218 # 1504
13218 - 88 1
13219 # 1504
13219 + 88
13220 # 1504
13220 - 88 1
13221 # 1504
13221 + 88
13222 # 1504
13222 - 88 1
13223 # 1504
13223 + 88
13224 # 1504
13224 - 88 1
13224 + 88
13224 + 108
13225 # 1504
13225 - 88 1
13225 - 108 1
13226 # 1504
13226 + 88
13227 # 1504
13227 - 88 1
13228 # 1504
13228 + 88
13229 # 1504
13229 - 88 1
13230 # 1504
13230 + 88
13231 # 1504
13231 - 88 1
13232 # 1504
13232 + 88
13233 # 1504
13233 - 88 1
13233 + 88
13234 # 1504
13234 - 88 1
13235 # 1504
13236 # 1504
13236 + 88
13236 + 108
13237 # 1504
13237 - 88 1
13237 - 108 1
13237 + 88
13238 # 1504
13238 - 88 1
13239 # 1504
13240 # 1504
13240 + 88
13241 # 1504
13241 - 88 1
13242 # 1504
13242 + 88
13243 # 1504
13243 - 88 1
13244 # 1504
13244 + 88
13245 # 1504
13245 - 88 1
13246 # 1504
13246 + 88
13247 # 1504
13247 - 88 1
13248 # 1504
13248 + 88
13248 + 108
13249 # 1504
13249 - 88 1
13249 - 108 1
13250 # 1504
13251 # 1504
13251 + 88
13252 # 1504
13252 - 88 1
13253 # 1504
13253 + 88
13254 # 1504
13254 - 88 1
13255 # 1504
13255 + 88
13256 # 1504
13256 - 88 1
13257 # 1504
13257 + 88
13258 # 1504
13258 - 88 1
13259 # 1504
13259 + 88
13259 + 108
13260 # 1504
13260 - 88 1
13260 - 108 1
13261 # 1504
13261 + 88
13262 # 1504
13262 - 88 1
13263 # 1504
13263 + 88
13264 # 1504
13264 - 88 1
13265 # 1504
13265 + 88
13266 # 1504
13266 - 88 1
13267 # 1504
13267 + 88
13268 # 1504
13268 - 88 1
13268 + 88
13269 # 1504
13269 - 88 1
13270 # 1504
13270 + 88
13270 + 108
13271 # 1504
13271 - 88 1
13271 - 108 1
13272 # 1504
13272 + 88
13273 # 1504
13273 - 88 1
13274 # 1504
13274 + 88
13275 # 1504
13275 - 88 1
13275 + 88
13276 # 1504
13276 - 88 1
13277 # 1504
13277 + 88
13278 # 1504
13278 - 88 1
13279 # 1504
13279 + 88
13280 # 1504
13280 - 88 1
13280 + 88
13280 + 108
13281 # 1504
13281 - 88 1
13281 - 108 1
13282 # 1504
13282 + 88
13283 # 1504
13283 - 88 1
13284 # 1504
13284 + 88
13285 # 1504
13285 - 88 1
13285 + 88
13286 # 1504
13286 - 88 1
13287 # 1504
13287 + 88
13288 # 1504
13288 - 88 1
13289 # 1504
13289 + 88
13290 # 1504
13290 - 88 1
13291 # 1504
13291 + 88
13291 + 108
13292 # 1504
13292 - 88 1
13292 - 108 1
13293 # 1504
13293 + 88
13294 # 1504
13294 - 88 1
13294 + 88
13295 # 1504
13295 - 88 1
13296 # 1504
13296 + 88
13297 # 1504
13297 - 88 1
13298 # 1504
13298 + 88
13299 # 1504
13299 - 88 1
13300 # 1504
13300 + 88
13301 # 1504
13301 - 88 1
13302 # 1504
13302 + 88
13302 + 108
13303 # 1504
13303 - 88 1
13303 - 108 1
13303 + 88
13304 # 1504
13304 - 88 1
13305 # 1504
13306 # 1504
13306 + 88
13307 # 1504
13307 - 88 1
13308 # 1504
13308 + 88
13309 # 1504
13309 - 88 1
13309 + 88
13310 # 1504
13310 - 88 1
13311 # 1504
13312 # 1504
13312 + 88
13312 + 108
13313 # 1504
13313 - 88 1
13313 - 108 1
13313 + 88
13314 # 1504
13314 - 88 1
13315 # 1504
13315 + 88
13316 # 1504
13316 - 88 1
13317 # 1504
13317 + 88
13318 # 1504
13318 - 88 1
13319 # 1504
13319 + 88
13320 # 1504
13320 - 88 1
13320 + 88
13321 # 1504
13321 - 88 1
13322 # 1504
13322 + 88
13322 + 108
13323 # 1504
13323 - 88 1
13323 - 108 1
13324 # 1504
13324 + 88
13325 # 1504
13325 - 88 1
13326 # 1504
13326 + 88
13327 # 1504
13327 - 88 1
13328 # 1504
13328 + 88
13329 # 1504
13329 - 88 1
13329 + 88
13330 # 1504
13330 - 88 1
13331 # 1504
13331 + 88
13332 # 1504
13332 - 88 1
13332 + 88
13332 + 108
13333 # 1504
13333 - 88 1
13333 - 108 1
13334 # 1504
13334 + 88
13335 # 1504
13335 - 88 1
13336 # 1504
13336 + 88
13337 # 1504
13337 - 88 1
13337 + 88
13338 # 1504
13338 - 88 1
13339 # 1504
13339 + 88
13339 + 100
13340 # 1504
13340 - 88 1
13340 - 100 1
13341 # 1504
13341 + 88
13342 # 1504
13342 - 88 1
13342 + 88
13343 # 1504
13343 - 88 1
13344 # 1504
13344 + 88
13345 # 1504
13345 - 88 1
13345 + 88
13346 # 1504
13346 - 88 1
13347 # 1504
13347 + 88
13348 # 1504
13348 - 88 1
13349 # 1504
13349 + 88
13350 # 1504
13350 - 88 1
13350 + 88
13350 + 108
13351 # 1504
13351 - 88 1
13351 - 108 1
13352 # 1504
13352 + 88
13353 # 1504
13353 - 88 1
13354 # 1504
13355 # 1504
13355 + 88
13356 # 1504
13356 - 88 1
13356 + 88
13357 # 1504
13357 - 88 1
13357 + 88
13358 # 1504
13358 - 88 1
13359 # 1504
13360 # 1504
13360 + 88
13361 # 1504
13361 - 88 1
13361 + 88
13361 + 108
13362 # 1504
13362 - 88 1
13362 - 108 1
13363 # 1504
13364 # 1504
13364 + 88
13365 # 1504
13365 - 88 1
13366 # 1504
13366 + 88
13367 # 1504
13367 - 88 1
13367 + 88
13368 # 1504
13368 - 88 1
13369 # 1504
13370 # 1504
13370 + 88
13371 # 1504
13371 - 88 1
13371 + 88
13371 + 108
13372 # 1504
13372 - 88 1
13372 - 108 1
13373 # 1504
13373 + 88
13374 # 1504
13374 - 88 1
13375 # 1504
13375 + 88
13376 # 1504
13376 - 88 1
13377 # 1504
13377 + 88
13378 # 1504
13378 - 88 1
13378 + 88
13379 # 1504
13379 - 88 1
13380 # 1504
13380 + 88
13381 # 1504
13381 - 88 1
13382 # 1504
13382 + 88
13382 + 108
13383 # 1504
13383 - 88 1
13383 - 108 1
13384 # 1504
13384 + 88
13385 # 1504
13385 - 88 1
13386 # 1504
13386 + 88
13387 # 1504
13387 - 88 1
13387 + 88
13388 # 1504
13388 - 88 1
13389 # 1504
13389 + 88
13390 # 1504
13390 - 88 1
13390 + 88
13391 # 1504
13391 - 88 1
13392 # 1504
13392 + 88
13393 # 1504
13393 - 88 1
13393 + 88
13393 + 108
13394 # 1504
13394 - 88 1
13394 - 108 1
13395 # 1504
13395 + 88
13396 # 1504
13396 - 88 1
13397 # 1504
13397 + 88
13398 # 1504
13398 - 88 1
13399 # 1504
13399 + 88
13400 # 1504
13400 - 88 1
13400 + 88
13401 # 1504
13401 - 88 1
13402 # 1504
13403 # 1504
13403 + 88
13404 # 1504
13404 - 88 1
13405 # 1504
13405 + 88
13405 + 108
13406 # 1504
13406 - 88 1
13406 - 108 1
13407 # 1504
13407 + 88
13408 # 1504
13408 - 88 1
13409 # 1504
13409 + 88
13410 # 1504
13410 - 88 1
13411 # 1504
13411 + 88
13412 # 1504
13412 - 88 1
13412 + 88
13413 # 1504
13413 - 88 1
13414 # 1504
13414 + 88
13415 # 1504
13415 - 88 1
13416 # 1504
13416 + 88
13416 + 108
13417 # 1504
13417 - 88 1
13417 - 108 1
13418 # 1504
13418 + 88
13419 # 1504
13419 - 88 1
13419 + 88
13420 # 1504
13420 - 88 1
13421 # 1504
13421 + 88
13422 # 1504
13422 - 88 1
13422 + 88
13423 # 1504
13423 - 88 1
13424 # 1504
13424 + 88
13425 # 1504
13425 - 88 1
13426 # 1504
13426 + 88
13427 # 1504
13427 - 88 1
13427 + 88
13427 + 108
13428 # 1504
13428 - 88 1
13428 - 108 1
13429 # 1504
13429 + 88
13430 # 1504
13430 - 88 1
13431 # 1504
13431 + 88
13432 # 1504
13432 - 88 1
13432 + 88
13433 # 1504
13433 - 88 1
13434 # 1504
13434 + 88
13435 # 1504
13435 - 88 1
13436 # 1504
13436 + 88
13437 # 1504
13437 - 88 1
13438 # 1504
13438 + 88
13438 + 108
13439 # 1504
13439 - 88 1
13439 - 108 1
13439 + 88
13440 # 1504
13440 - 88 1
13440 + 88
13441 # 1504
13441 - 88 1
13442 # 1504
13443 # 1504
13443 + 88
13444 # 1504
13444 - 88 1
13445 # 1504
13445 + 88
13446 # 1504
13446 - 88 1
13446 + 88
13447 # 1504
13447 - 88 1
13448 # 1504
13448 + 88
13448 + 108
13449 # 1504
13449 - 88 1
13449 - 108 1
13450 # 1504
13450 + 88
13451 # 1504
13451 - 88 1
13452 # 1504
13452 + 88
13453 # 1504
13453 - 88 1
13454 # 1504
13454 + 88
13455 # 1504
13455 - 88 1
13456 # 1504
13456 + 88
13457 # 1504
13457 - 88 1
13458 # 1504
13458 + 88
13459 # 1504
13459 - 88 1
13460 # 1504
13460 + 88
13460 + 108
13460 + 88
13461 # 1504
13461 - 88 1
13461 - 108 1
13461 - 88 1
13462 # 1504
13462 + 88
13463 # 1504
13463 - 88 1
13464 # 1504
13465 # 1504
13465 + 88
13466 # 1504
13466 - 88 1
13467 # 1504
13467 + 88
13468 # 1504
13468 - 88 1
13468 + 88
13469 # 1504
13469 - 88 1
13470 # 1504
13470 + 88
13470 + 108
13471 # 1504
13471 - 88 1
13471 - 108 1
13472 # 1504
13472 + 88
13473 # 1504
13473 - 88 1
13474 # 1504
13474 + 88
13475 # 1504
13475 - 88 1
13475 + 88
13476 # 1504
13476 - 88 1
13477 # 1504
13477 + 88
13478 # 1504
13478 - 88 1
13479 # 1504
13479 + 88
13480 # 1504
13480 - 88 1
13480 + 88
13481 # 1504
13481 - 88 1
13481 + 88
13481 + 108
13482 # 1504
13482 - 88 1
13482 - 108 1
13483 # 1504
13483 + 88
13484 # 1504
13484 - 88 1
13485 # 1504
13485 + 88
13486 # 1504
13486 - 88 1
13487 # 1504
13487 + 88
13488 # 1504
13488 - 88 1
13488 + 88
13489 # 1504
13489 - 88 1
13490 # 1504
13491 # 1504
13491 + 88
13492 # 1504
13492 - 88 1
13492 + 88
13492 + 108
13493 # 1504
13493 - 88 1
13493 - 108 1
13494 # 1504
13495 # 1504
13495 + 88
13495 + 88
13496 # 1504
13496 - 88 1
13496 - 88 1
13497 # 1504
13498 # 1504
13498 + 88
13499 # 1504
13499 - 88 1
13500 # 1504
13500 + 88
13501 # 1504
13501 - 88 1
13502 # 1504
13502 + 88
13502 + 108
13503 # 1504
13503 - 88 1
13503 - 108 1
13504 # 1504
13504 + 88
13505 # 1504
13505 - 88 1
13506 # 1504
13506 + 88
13506 + 88
13507 # 1504
13507 - 88 1
13507 - 88 1
13508 # 1504
13509 # 1504
13509 + 88
13510 # 1504
13510 - 88 1
13511 # 1504
13511 + 88
13512 # 1504
13512 - 88 1
13513 # 1504
13513 + 88
13513 + 108
13514 # 1504
13514 - 88 1
13514 - 108 1
13514 + 88
13515 # 1504
13515 - 88 1
13515 + 88
13516 # 1504
13516 - 88 1
13517 # 1504
13518 # 1504
13518 + 88
13519 # 1504
13519 - 88 1
13520 # 1504
13520 + 88
13521 # 1504
13521 - 88 1
13522 # 1504
13522 + 88
13523 # 1504
13523 - 88 1
13524 # 1504
13524 + 88
13524 + 108
13525 # 1504
13525 - 88 1
13525 - 108 1
13526 # 1504
13526 + 88
13527 # 1504
13527 - 88 1
13528 # 1504
13528 + 88
13529 # 1504
13529 - 88 1
13530 # 1504
13530 + 88
13531 # 1504
13531 - 88 1
13532 # 1504
13532 + 88
13533 # 1504
13533 - 88 1
13534 # 1504
13534 + 88
13534 + 108
13535 # 1504
13535 - 88 1
13535 - 108 1
13536 # 1504
13536 + 88
13537 # 1504
13537 - 88 1
13537 + 88
13538 # 1504
13538 - 88 1
13539 # 1504
13540 # 1504
13540 + 88
13541 # 1504
13541 - 88 1
13542 # 1504
13542 + 88
13543 # 1504
13543 - 88 1
13544 # 1504
13544 + 88
13545 # 1504
13545 - 88 1
13546 # 1504
13546 + 88
13546 + 108
13547 # 1504
13547 - 88 1
13547 - 108 1
13548 # 1504
13548 + 88
13549 # 1504
13549 - 88 1
13550 # 1504
13551 # 1504
13551 + 88
13552 # 1504
13552 - 88 1
13553 # 1504
13553 + 88
13554 # 1504
13554 - 88 1
13555 # 1504
13555 + 88
13556 # 1504
13556 - 88 1
13557 # 1504
13557 + 88
13557 + 108
13558 # 1504
13558 - 88 1
13558 - 108 1
13559 # 1504
13559 + 88
13560 # 1504
13560 - 88 1
13561 # 1504
13561 + 88
13562 # 1504
13562 - 88 1
13563 # 1504
13563 + 88
13564 # 1504
13564 - 88 1
13565 # 1504
13565 + 88
13566 # 1504
13566 - 88 1
13567 # 1504
13567 + 88
13567 + 108
13568 # 1504
13568 - 88 1
13568 - 108 1
13569 # 1504
13569 + 88
13570 # 1504
13570 - 88 1
13571 # 1504
13571 + 88
13572 # 1504
13572 - 88 1
13573 # 1504
13573 + 88
13574 # 1504
13574 - 88 1
13575 # 1504
13575 + 88
13576 # 1504
13576 - 88 1
13577 # 1504
13577 + 88
13578 # 1504
13578 - 88 1
13579 # 1504
13579 + 88
13579 + 108
13580 # 1504
13580 - 88 1
13580 - 108 1
13581 # 1504
13581 + 88
13582 # 1504
13582 - 88 1
13583 # 1504
13583 + 88
13584 # 1504
13584 - 88 1
13585 # 1504
13586 # 1504
13586 + 88
13587 # 1504
13587 - 88 1
13588 # 1504
13588 + 88
13589 # 1504
13589 - 88 1
13590 # 1504
13590 + 88
13590 + 108
13591 # 1504
13591 - 88 1
13591 - 108 1
13592 # 1504
13593 # 1504
13593 + 88
13594 # 1504
13594 - 88 1
13595 # 1504
13595 + 88
13596 # 1504
13596 - 88 1
13597 # 1504
13597 + 88
13598 # 1504
13598 - 88 1
13599 # 1504
13600 # 1504
13600 + 88
13601 # 1504
13601 - 88 1
13601 + 88
13601 + 108
13602 # 1504
13602 - 88 1
13602 - 108 1
13603 # 1504
13604 # 1504
13605 # 1504
13605 + 88
13606 # 1504
13606 - 88 1
13607 # 1504
13607 + 88
13608 # 1504
13608 - 88 1
13609 # 1504
13609 + 88
13610 # 1504
13610 - 88 1
13611 # 1504
13611 + 88
13611 + 108
13612 # 1504
13612 - 88 1
13612 - 108 1
13613 # 1504
13614 # 1504
13614 + 88
13615 # 1504
13615 - 88 1
13616 # 1504
13617 # 1504
13617 + 88
13618 # 1504
13618 - 88 1
13618 + 88
13618 + 100
13619 # 1504
13619 - 88 1
13619 - 100 1
13620 # 1504
13621 # 1504
13622 # 1504
13622 + 88
13623 # 1504
13623 - 88 1
13624 # 1504
13624 + 88
13625 # 1504
13625 - 88 1
13626 # 1504
13627 # 1504
13627 + 88
13628 # 1504
13628 - 88 1
13629 # 1504
13629 + 88
13629 + 108
13630 # 1504
13630 - 88 1
13630 - 108 1
13631 # 1504
13631 + 88
13632 # 1504
13632 - 88 1
13633 # 1504
13634 # 1504
13634 + 88
13635 # 1504
13635 - 88 1
13636 # 1504
13636 + 88
13637 # 1504
13637 - 88 1
13638 # 1504
13639 # 1504
13640 # 1504
13640 + 88
13640 + 108
13641 # 1504
13641 - 88 1
13641 - 108 1
13642 # 1504
13642 + 88
13643 # 1504
13643 - 88 1
13644 # 1504
13645 # 1504
13646 # 1504
13646 + 88
13647 # 1504
13647 - 88 1
13648 # 1504
13648 + 88
13649 # 1504
13649 - 88 1
13650 # 1504
13651 # 1504
13652 # 1504
13652 + 88
13652 + 108
13653 # 1504
13653 - 88 1
13653 - 108 1
13654 # 1504
13654 + 88
13655 # 1504
13655 - 88 1
13656 # 1504
13657 # 1504
13658 # 1504
13659 # 1504
13659 + 88
13660 # 1504
13660 - 88 1
13661 # 1504
13662 # 1504
13662 + 88
13663 # 1504
13663 - 88 1
13663 + 88
13663 + 108
13664 # 1504
13664 - 88 1
13664 - 108 1
13665 # 1504
13666 # 1504
13666 + 88
13667 # 1504
13667 - 88 1
13668 # 1504
13669 # 1504
13669 + 88
13670 # 1504
13670 - 88 1
13671 # 1504
13671 + 88
13672 # 1504
13672 - 88 1
13673 # 1504
13673 + 88
13673 + 108
13674 # 1504
13674 - 88 1
13674 - 108 1
13675 # 1504
13676 # 1504
13676 + 88
13677 # 1504
13677 - 88 1
13678 # 1504
13678 + 88
13679 # 1504
13679 - 88 1
13680 # 1504
13681 # 1504
13681 + 88
13682 # 1504
13682 - 88 1
13683 # 1504
13683 + 88
13684 # 1504
13684 - 88 1
13685 # 1504
13686 # 1504
13686 + 88
13686 + 108
13687 # 1504
13687 - 88 1
13687 - 108 1
13688 # 1504
13688 + 88
13689 # 1504
13689 - 88 1
13689 + 88
13690 # 1504
13690 - 88 1
13691 # 1504
13692 # 1504
13692 + 88
13693 # 1504
13693 - 88 1
13694 # 1504
13695 # 1504
13696 # 1504
13696 + 88
13696 + 108
13697 # 1504
13697 - 88 1
13697 - 108 1
13698 # 1504
13698 + 88
13699 # 1504
13699 - 88 1
13700 # 1504
13701 # 1504
13702 # 1504
13703 # 1504
13704 # 1504
13704 + 88
13705 # 1504
13705 - 88 1
13705 + 88
13706 # 1504
13706 - 88 1
13707 # 1504
13708 # 1504
13709 # 1504
13709 + 88
13709 + 108
13710 # 1504
13710 - 88 1
13710 - 108 1
13711 # 1504
13712 # 1504
13712 + 88
13713 # 1504
13713 - 88 1
13714 # 1504
13715 # 1504
13715 + 88
13716 # 1504
13716 - 88 1
13717 # 1504
13718 # 1504
13719 # 1504
13720 # 1504
13720 + 88
13720 + 108
13721 # 1504
13721 - 88 1
13721 - 108 1
13721 + 88
13722 # 1504
13722 - 88 1
13723 # 1504
13724 # 1504
13724 + 88
13725 # 1504
13725 - 88 1
13726 # 1504
13727 # 1504
13727 + 88
13728 # 1504
13728 - 88 1
13729 # 1504
13730 # 1504
13730 + 88
13730 + 108
13731 # 1504
13731 - 88 1
13731 - 108 1
13732 # 1504
13733 # 1504
13733 + 88
13734 # 1504
13734 - 88 1
13735 # 1504
13736 # 1504
13736 + 88
13737 # 1504
13737 - 88 1
13738 # 1504
13739 # 1504
13740 # 1504
13740 + 88
13740 + 108
13741 # 1504
13741 - 88 1
13741 - 108 1
13741 + 88
13742 # 1504
13742 - 88 1
13743 # 1504
13744 # 1504
13744 + 88
13745 # 1504
13745 - 88 1
13746 # 1504
13747 # 1504
13748 # 1504
13748 + 88
13749 # 1504
13749 - 88 1
13750 # 1504
13751 # 1504
13752 # 1504
13752 + 88
13752 + 108
13753 # 1504
13753 - 88 1
13753 - 108 1
13754 # 1504
13755 # 1504
13756 # 1504
13756 + 88
13757 # 1504
13757 - 88 1
13758 # 1504
13759 # 1504
13760 # 1504
13761 # 1504
13761 + 88
13762 # 1504
13762 - 88 1
13763 # 1504
13764 # 1504
13764 + 88
13764 + 108
13765 # 1504
13765 - 88 1
13765 - 108 1
13766 # 1504
13767 # 1504
13768 # 1504
13769 # 1504
13770 # 1504
13771 # 1504
13771 + 88
13772 # 1504
13772 - 88 1
13773 # 1504
13774 # 1504
13775 # 1504
13775 + 88
13775 + 108
13776 # 1504
13776 - 88 1
13776 - 108 1
13777 # 1504
13778 # 1504
13779 # 1504
13779 + 88
13780 # 1504
13780 - 88 1
13781 # 1504
13782 # 1504
13783 # 1504
13783 + 88
13784 # 1504
13784 - 88 1
13784 + 88
13785 # 1504
13785 - 88 1
13786 # 1504
13787 # 1504
13788 # 1504
13788 + 88
13788 + 108
13789 # 1504
13789 - 88 1
13789 - 108 1
13790 # 1504
13790 + 88
13791 # 1504
13791 - 88 1
13792 # 1504
13793 # 1504
13794 # 1504
13794 + 88
13795 # 1504
13795 - 88 1
13796 # 1504
13797 # 1504
13798 # 1504
13799 # 1504
13799 + 88
13799 + 108
13800 # 1504
13800 - 88 1
13800 - 108 1
13801 # 1504
13802 # 1504
13803 # 1504
13803 + 88
13804 # 1504
13804 - 88 1
13805 # 1504
13806 # 1504
13806 + 88
13807 # 1504
13807 - 88 1
13808 # 1504
13808 + 88
13809 # 1504
13809 - 88 1
13810 # 1504
13811 # 1504
13811 + 88
13811 + 108
13812 # 1504
13812 - 88 1
13812 - 108 1
13813 # 1504
13814 # 1504
13815 # 1504
13815 + 88
13816 # 1504
13816 - 88 1
13817 # 1504
13818 # 1504
13819 # 1504
13819 + 88
13820 # 1504
13820 - 88 1
13820 + 88
13821 # 1504
13821 - 88 1
13822 # 1504
13823 # 1504
13823 + 88
13823 + 108
13824 # 1504
13824 - 88 1
13824 - 108 1
13825 # 1504
13826 # 1504
13827 # 1504
13828 # 1504
13828 + 88
13829 # 1504
13829 - 88 1
13830 # 1504
13831 # 1504
13831 + 88
13832 # 1504
13832 - 88 1
13833 # 1504
13834 # 1504
13834 + 88
13834 + 108
13835 # 1504
13835 - 88 1
13835 - 108 1
13836 # 1504
13836 + 88
13837 # 1504
13837 - 88 1
13838 # 1504
13838 + 88
13839 # 1504
13839 - 88 1
13840 # 1504
13841 # 1504
13841 + 88
13842 # 1504
13842 - 88 1
13843 # 1504
13844 # 1504
13845 # 1504
13845 + 88
13845 + 108
13846 # 1504
13846 - 88 1
13846 - 108 1
13846 + 88
13847 # 1504
13847 - 88 1
13848 # 1504
13849 # 1504
13850 # 1504
13851 # 1504
13851 + 88
13852 # 1504
13852 - 88 1
13853 # 1504
13854 # 1504
13854 + 88
13855 # 1504
13855 - 88 1
13855 + 88
13856 # 1504
13856 - 88 1
13857 # 1504
13858 # 1504
13859 # 1504
13860 # 1504
13860 + 88
13860 + 108
13861 # 1504
13861 - 88 1
13861 - 108 1
13861 + 88
13862 # 1504
13862 - 88 1
13863 # 1504
13864 # 1504
13864 + 88
13865 # 1504
13865 - 88 1
13866 # 1504
13867 # 1504
13868 # 1504
13868 + 88
13869 # 1504
13869 - 88 1
13870 # 1504
13870 + 88
13871 # 1504
13871 - 88 1
13872 # 1504
13873 # 1504
13873 + 88
13873 + 108
13874 # 1504
13874 - 88 1
13874 - 108 1
13875 # 1504
13876 # 1504
13876 + 88
13877 # 1504
13877 - 88 1
13878 # 1504
13878 + 88
13879 # 1504
13879 - 88 1
13880 # 1504
13881 # 1504
13881 + 88
13882 # 1504
13882 - 88 1
13883 # 1504
13884 # 1504
13884 + 88
13884 + 108
13885 # 1504
13885 - 88 1
13885 - 108 1
13886 # 1504
13886 + 88
13887 # 1504
13887 - 88 1
13888 # 1504
13889 # 1504
13889 + 88
13890 # 1504
13890 - 88 1
13891 # 1504
13891 + 88
13892 # 1504
13892 - 88 1
13893 # 1504
13894 # 1504
13895 # 1504
13895 + 88
13895 + 108
13896 # 1504
13896 - 88 1
13896 - 108 1
13896 + 88
13897 # 1504
13897 - 88 1
13898 # 1504
13899 # 1504
13900 # 1504
13900 + 88
13901 # 1504
13901 - 88 1
13902 # 1504
13903 # 1504
13903 + 88
13904 # 1504
13904 - 88 1
13904 + 88
13905 # 1504
13905 - 88 1
13906 # 1504
13907 # 1504
13908 # 1504
13908 + 88
13908 + 108
13909 # 1504
13909 - 88 1
13909 - 108 1
13909 + 88
13910 # 1504
13910 - 88 1
13911 # 1504
13912 # 1504
13913 # 1504
13914 # 1504
13914 + 88
13915 # 1504
13915 - 88 1
13916 # 1504
13917 # 1504
13917 + 88
13918 # 1504
13918 - 88 1
13919 # 1504
13920 # 1504
13920 + 88
13920 + 108
13921 # 1504
13921 - 88 1
13921 - 108 1
13921 + 88
13922 # 1504
13922 - 88 1
13923 # 1504
13924 # 1504
13924 + 88
13925 # 1504
13925 - 88 1
13926 # 1504
13927 # 1504
13928 # 1504
13928 + 88
13929 # 1504
13929 - 88 1
13930 # 1504
13930 + 88
13931 # 1504
13931 - 88 1
13932 # 1504
13932 + 88
13932 + 108
13933 # 1504
13933 - 88 1
13933 - 108 1
13934 # 1504
13935 # 1504
13936 # 1504
13936 + 88
13937 # 1504
13937 - 88 1
13938 # 1504
13938 + 88
13939 # 1504
13939 - 88 1
13940 # 1504
13940 + 88
13941 # 1504
13941 - 88 1
13942 # 1504
13943 # 1504
13944 # 1504
13944 + 88
13944 + 108
13945 # 1504
13945 - 88 1
13945 - 108 1
13945 + 88
13946 # 1504
13946 - 88 1
13947 # 1504
13948 # 1504
13948 + 88
13949 # 1504
13949 - 88 1
13950 # 1504
13951 # 1504
13951 + 88
13952 # 1504
13952 - 88 1
13953 # 1504
13954 # 1504
13954 + 88
13955 # 1504
13955 - 88 1
13956 # 1504
13956 + 88
13956 + 108
13957 # 1504
13957 - 88 1
13957 - 108 1
13958 # 1504
13959 # 1504
13959 + 88
13960 # 1504
13960 - 88 1
13961 # 1504
13962 # 1504
13963 # 1504
13964 # 1504
13964 + 88
13965 # 1504
13965 - 88 1
13966 # 1504
13966 + 88
13967 # 1504
13967 - 88 1
13968 # 1504
13969 # 1504
13969 + 88
13969 + 108
13970 # 1504
13970 - 88 1
13970 - 108 1
13971 # 1504
13972 # 1504
13973 # 1504
13974 # 1504
13974 + 88
13975 # 1504
13975 - 88 1
13976 # 1504
13976 + 88
13977 # 1504
13977 - 88 1
13978 # 1504
13979 # 1504
13980 # 1504
13980 + 88
13980 + 108
13981 # 1504
13981 - 88 1
13981 - 108 1
13982 # 1504
13982 + 88
13983 # 1504
13983 - 88 1
13984 # 1504
13985 # 1504
13986 # 1504
13987 # 1504
13988 # 1504
13988 + 88
13989 # 1504
13989 - 88 1
13990 # 1504
13990 + 88
13991 # 1504
13991 - 88 1
13992 # 1504
13993 # 1504
13994 # 1504
13995 # 1504
13995 + 88
13995 + 108
13996 # 1504
13996 - 88 1
13996 - 108 1
13996 + 88
13997 # 1504
13997 - 88 1
13998 # 1504
13999 # 1504
13999 + 88
14000 # 1504
14000 - 88 1
14001 # 1504
14002 # 1504
14003 # 1504
14003 + 88
14004 # 1504
14004 - 88 1
14005 # 1504
14006 # 1504
14006 + 88
14006 + 108
14007 # 1504
14007 - 88 1
14007 - 108 1
14008 # 1504
14009 # 1504
14010 # 1504
14011 # 1504
14012 # 1504
14012 + 88
14013 # 1504
14013 - 88 1
14014 # 1504
14015 # 1504
14015 + 88
14016 # 1504
14016 - 88 1
14017 # 1504
14018 # 1504
14018 + 88
14018 + 108
14019 # 1504
14019 - 88 1
14019 - 108 1
14020 # 1504
14021 # 1504
14022 # 1504
14022 + 88
14023 # 1504
14023 - 88 1
14023 + 88
14024 # 1504
14024 - 88 1
14025 # 1504
14025 + 88
14026 # 1504
14026 - 88 1
14027 # 1504
14028 # 1504
14028 + 88
14029 # 1504
14029 - 88 1
14030 # 1504
14031 # 1504
14032 # 1504
14032 + 88
14032 + 108
14033 # 1504
14033 - 88 1
14033 - 108 1
14033 + 88
14034 # 1504
14034 - 88 1
14035 # 1504
14036 # 1504
14036 + 88
14037 # 1504
14037 - 88 1
14038 # 1504
14039 # 1504
14040 # 1504
14040 + 88
14041 # 1504
14041 - 88 1
14041 + 88
14042 # 1504
14042 - 88 1
14043 # 1504
14044 # 1504
14044 + 88
14044 + 108
14045 # 1504
14045 - 88 1
14045 - 108 1
14046 # 1504
14046 + 88
14047 # 1504
14047 - 88 1
14048 # 1504
14048 + 88
14049 # 1504
14049 - 88 1
14050 # 1504
14051 # 1504
14051 + 88
14052 # 1504
14052 - 88 1
14053 # 1504
14054 # 1504
14054 + 88
14054 + 108
14055 # 1504
14055 - 88 1
14055 - 108 1
14056 # 1504
14057 # 1504
14057 + 88
14057 + 100
14058 # 1504
14058 - 88 1
14058 - 100 1
14059 # 1504
14060 # 1504
14061 # 1504
14061 + 88
14062 # 1504
14062 - 88 1
14063 # 1504
14064 # 1504
14064 + 88
14065 # 1504
14065 - 88 1
14066 # 1504
14066 + 88
14067 # 1504
14067 - 88 1
14068 # 1504
14069 # 1504
14069 + 88
14069 + 108
14070 # 1504
14070 - 88 1
14070 - 108 1
14071 # 1504
14072 # 1504
14072 + 88
14073 # 1504
14073 - 88 1
14074 # 1504
14075 # 1504
14076 # 1504
14076 + 88
14077 # 1504
14077 - 88 1
14077 + 88
14078 # 1504
14078 - 88 1
14079 # 1504
14080 # 1504
14080 + 88
14080 + 108
14081 # 1504
14081 - 88 1
14081 - 108 1
14082 # 1504
14083 # 1504
14084 # 1504
14084 + 88
14085 # 1504
14085 - 88 1
14085 + 88
14086 # 1504
14086 - 88 1
14087 # 1504
14088 # 1504
14088 + 88
14089 # 1504
14089 - 88 1
14090 # 1504
14091 # 1504
14091 + 88
14091 + 108
14092 # 1504
14092 - 88 1
14092 - 108 1
14093 # 1504
14094 # 1504
14094 + 88
14095 # 1504
14095 - 88 1
14096 # 1504
14096 + 88
14097 # 1504
14097 - 88 1
14098 # 1504
14098 + 88
14099 # 1504
14099 - 88 1
14100 # 1504
14101 # 1504
14101 + 88
14102 # 1504
14102 - 88 1
14103 # 1504
14104 # 1504
14104 + 88
14104 + 108
14105 # 1504
14105 - 88 1
14105 - 108 1
14106 # 1504
14106 + 88
14107 # 1504
14107 - 88 1
14108 # 1504
14108 + 88
14109 # 1504
14109 - 88 1
14110 # 1504
14111 # 1504
14111 + 88
14112 # 1504
14112 - 88 1
14113 # 1504
14113 + 88
14114 # 1504
14114 - 88 1
14115 # 1504
14116 # 1504
14116 + 88
14116 + 108
14117 # 1504
14117 - 88 1
14117 - 108 1
14118 # 1504
14119 # 1504
14120 # 1504
14120 + 88
14121 # 1504
14121 - 88 1
14121 + 88
14122 # 1504
14122 - 88 1
14123 # 1504
14124 # 1504
14124 + 88
14125 # 1504
14125 - 88 1
14126 # 1504
14127 # 1504
14127 + 88
14127 + 108
14128 # 1504
14128 - 88 1
14128 - 108 1
14129 # 1504
14129 + 88
14130 # 1504
14130 - 88 1
14131 # 1504
14131 + 88
14132 # 1504
14132 - 88 1
14133 # 1504
14133 + 88
14134 # 1504
14134 - 88 1
14135 # 1504
14136 # 1504
14136 + 88
14137 # 1504
14137 - 88 1
14138 # 1504
14139 # 1504
14139 + 88
14139 + 108
14140 # 1504
14140 - 88 1
14140 - 108 1
14141 # 1504
14142 # 1504
14142 + 88
14143 # 1504
14143 - 88 1
14143 + 88
14144 # 1504
14144 - 88 1
14145 # 1504
14145 + 88
14146 # 1504
14146 - 88 1
14147 # 1504
14148 # 1504
14148 + 88
14149 # 1504
14149 - 88 1
14150 # 1504
14150 + 88
14150 + 108
14151 # 1504
14151 - 88 1
14151 - 108 1
14152 # 1504
14152 + 88
14153 # 1504
14153 - 88 1
14154 # 1504
14154 + 88
14155 # 1504
14155 - 88 1
14156 # 1504
14157 # 1504
14157 + 88
14158 # 1504
14158 - 88 1
14159 # 1504
14160 # 1504
14160 + 88
14161 # 1504
14161 - 88 1
14162 # 1504
14162 + 88
14162 + 108
14163 # 1504
14163 - 88 1
14163 - 108 1
14164 # 1504
14165 # 1504
14165 + 88
14166 # 1504
14166 - 88 1
14167 # 1504
14168 # 1504
14168 + 88
14169 # 1504
14169 - 88 1
14170 # 1504
14170 + 88
14171 # 1504
14171 - 88 1
14172 # 1504
14172 + 88
14172 + 108
14173 # 1504
14173 - 88 1
14173 - 108 1
14174 # 1504
14175 # 1504
14176 # 1504
14176 + 88
14177 # 1504
14177 - 88 1
14177 + 88
14178 # 1504
14178 - 88 1
14179 # 1504
14180 # 1504
14180 + 88
14181 # 1504
14181 - 88 1
14182 # 1504
14182 + 88
14183 # 1504
14183 - 88 1
14184 # 1504
14185 # 1504
14185 + 88
14185 + 108
14186 # 1504
14186 - 88 1
14186 - 108 1
14187 # 1504
14188 # 1504
14188 + 88
14189 # 1504
14189 - 88 1
14189 + 88
14190 # 1504
14190 - 88 1
14191 # 1504
14192 # 1504
14192 + 88
14193 # 1504
14193 - 88 1
14194 # 1504
14194 + 88
14195 # 1504
14195 - 88 1
14196 # 1504
14196 + 88
14196 + 108
14197 # 1504
14197 - 88 1
14197 - 108 1
14198 # 1504
14198 + 88
14199 # 1504
14199 - 88 1
14200 # 1504
14201 # 1504
14201 + 88
14202 # 1504
14202 - 88 1
14203 # 1504
14204 # 1504
14204 + 88
14205 # 1504
14205 - 88 1
14206 # 1504
14207 # 1504
14208 # 1504
14208 + 88
14208 + 108
14209 # 1504
14209 - 88 1
14209 - 108 1
14210 # 1504
14211 # 1504
14211 + 88
14212 # 1504
14212 - 88 1
14213 # 1504
14213 + 88
14214 # 1504
14214 - 88 1
14215 # 1504
14216 # 1504
14217 # 1504
14217 + 88
14218 # 1504
14218 - 88 1
14219 # 1504
14220 # 1504
14220 + 88
14220 + 108
14221 # 1504
14221 - 88 1
14221 - 108 1
14222 # 1504
14223 # 1504
14223 + 88
14224 # 1504
14224 - 88 1
14224 + 88
14225 # 1504
14225 - 88 1
14226 # 1504
14227 # 1504
14228 # 1504
14228 + 88
14229 # 1504
14229 - 88 1
14230 # 1504
14231 # 1504
14231 + 88
14231 + 108
14232 # 1504
14232 - 88 1
14232 - 108 1
14233 # 1504
14234 # 1504
14234 + 88
14235 # 1504
14235 - 88 1
14236 # 1504
14236 + 88
14237 # 1504
14237 - 88 1
14238 # 1504
14239 # 1504
14240 # 1504
14240 + 88
14241 # 1504
14241 - 88 1
14241 + 88
14241 + 108
14242 # 1504
14242 - 88 1
14242 - 108 1
14243 # 1504
14244 # 1504
14245 # 1504
14246 # 1504
14246 + 88
14247 # 1504
14247 - 88 1
14248 # 1504
14248 + 88
14249 # 1504
14249 - 88 1
14250 # 1504
14250 + 88
14250 + 100
14251 # 1504
14251 - 88 1
14251 - 100 1
14252 # 1504
14253 # 1504
14254 # 1504
14255 # 1504
14255 + 88
14256 # 1504
14256 - 88 1
14256 + 88
14257 # 1504
14257 - 88 1
14258 # 1504
14259 # 1504
14260 # 1504
14260 + 88
14261 # 1504
14261 - 88 1
14262 # 1504
14262 + 88
14262 + 108
14263 # 1504
14263 - 88 1
14263 - 108 1
14264 # 1504
14265 # 1504
14265 + 88
14266 # 1504
14266 - 88 1
14267 # 1504
14267 + 88
14268 # 1504
14268 - 88 1
14269 # 1504
14269 + 88
14270 # 1504
14270 - 88 1
14271 # 1504
14272 # 1504
14272 + 88
14273 # 1504
14273 - 88 1
14274 # 1504
14274 + 88
14274 + 108
14275 # 1504
14275 - 88 1
14275 - 108 1
14275 + 88
14276 # 1504
14276 - 88 1
14277 # 1504
14278 # 1504
14278 + 88
14279 # 1504
14279 - 88 1
14279 + 88
14280 # 1504
14280 - 88 1
14281 # 1504
14282 # 1504
14282 + 88
14283 # 1504
14283 - 88 1
14284 # 1504
14285 # 1504
14285 + 88
14285 + 108
14286 # 1504
14286 - 88 1
14286 - 108 1
14287 # 1504
14288 # 1504
14288 + 88
14289 # 1504
14289 - 88 1
14290 # 1504
14290 + 88
14291 # 1504
14291 - 88 1
14292 # 1504
14292 + 88
14293 # 1504
14293 - 88 1
14294 # 1504
14295 # 1504
14296 # 1504
14296 + 88
14296 + 108
14297 # 1504
14297 - 88 1
14297 - 108 1
14298 # 1504
14298 + 88
14299 # 1504
14299 - 88 1
14300 # 1504
14300 + 88
14301 # 1504
14301 - 88 1
14302 # 1504
14303 # 1504
14304 # 1504
14304 + 88
14305 # 1504
14305 - 88 1
14306 # 1504
14306 + 88
14307 # 1504
14307 - 88 1
14308 # 1504
14308 + 88
14308 + 108
14309 # 1504
14309 - 88 1
14309 - 108 1
14310 # 1504
14311 # 1504
14312 # 1504
14312 + 88
14313 # 1504
14313 - 88 1
14314 # 1504
14314 + 88
14315 # 1504
14315 - 88 1
14316 # 1504
14317 # 1504
14317 + 88
14318 # 1504
14318 - 88 1
14319 # 1504
14320 # 1504
14320 + 88
14320 + 108
14321 # 1504
14321 - 88 1
14321 - 108 1
14322 # 1504
14323 # 1504
14324 # 1504
14324 + 88
14325 # 1504
14325 - 88 1
14326 # 1504
14327 # 1504
14327 + 88
14328 # 1504
14328 - 88 1
14328 + 88
14329 # 1504
14329 - 88 1
14330 # 1504
14331 # 1504
14332 # 1504
14332 + 88
14332 + 108
14333 # 1504
14333 - 88 1
14333 - 108 1
14334 # 1504
14335 # 1504
14336 # 1504
14336 + 88
14337 # 1504
14337 - 88 1
14337 + 88
14338 # 1504
14338 - 88 1
14339 # 1504
14340 # 1504
14340 + 88
14341 # 1504
14341 - 88 1
14342 # 1504
14342 + 88
14343 # 1504
14343 - 88 1
14344 # 1504
14344 + 88
14344 + 108
14345 # 1504
14345 - 88 1
14345 - 108 1
14346 # 1504
14347 # 1504
14347 + 88
14348 # 1504
14348 - 88 1
14348 + 88
14349 # 1504
14349 - 88 1
14350 # 1504
14351 # 1504
14352 # 1504
14352 + 88
14353 # 1504
14353 - 88 1
14354 # 1504
14354 + 88
14354 + 108
14355 # 1504
14355 - 88 1
14355 - 108 1
14356 # 1504
14357 # 1504
14357 + 88
14358 # 1504
14358 - 88 1
14359 # 1504
14359 + 88
14360 # 1504
14360 - 88 1
14361 # 1504
14362 # 1504
14362 + 88
14363 # 1504
14363 - 88 1
14364 # 1504
14364 + 88
14365 # 1504
14365 - 88 1
14366 # 1504
14367 # 1504
14367 + 88
14367 + 108
14368 # 1504
14368 - 88 1
14368 - 108 1
14369 # 1504
14370 # 1504
14370 + 88
14371 # 1504
14371 - 88 1
14372 # 1504
14372 + 88
14373 # 1504
14373 - 88 1
14374 # 1504
14375 # 1504
14376 # 1504
14376 + 88
14377 # 1504
14377 - 88 1
14378 # 1504
14378 + 88
14378 + 108
14379 # 1504
14379 - 88 1
14379 - 108 1
14380 # 1504
14381 # 1504
14381 + 88
14382 # 1504
14382 - 88 1
14383 # 1504
14384 # 1504
14384 + 88
14385 # 1504
14385 - 88 1
14386 # 1504
14387 # 1504
14387 + 88
14388 # 1504
14388 - 88 1
14389 # 1504
14390 # 1504
14391 # 1504
14391 + 88
14391 + 108
14392 # 1504
14392 - 88 1
14392 - 108 1
14393 # 1504
14394 # 1504
14394 + 88
14395 # 1504
14395 - 88 1
14396 # 1504
14397 # 1504
14397 + 88
14398 # 1504
14398 - 88 1
14398 + 88
14399 # 1504
14399 - 88 1
14400 # 1504
14401 # 1504
14402 # 1504
14402 + 88
14402 + 108
14403 # 1504
14403 - 88 1
14403 - 108 1
14404 # 1504
14405 # 1504
14406 # 1504
14406 + 88
14407 # 1504
14407 - 88 1
14408 # 1504
14408 + 88
14409 # 1504
14409 - 88 1
14410 # 1504
14411 # 1504
14412 # 1504
14412 + 88
14412 + 108
14413 # 1504
14413 - 88 1
14413 - 108 1
14414 # 1504
14415 # 1504
14415 + 88
14416 # 1504
14416 - 88 1
14417 # 1504
14418 # 1504
14419 # 1504
14420 # 1504
14421 # 1504
14421 + 88
14422 # 1504
14422 - 88 1
14422 + 88
14423 # 1504
14423 - 88 1
14424 # 1504
14425 # 1504
14426 # 1504
14426 + 88
14426 + 108
14427 # 1504
14427 - 88 1
14427 - 108 1
14428 # 1504
14428 + 88
14429 # 1504
14429 - 88 1
14430 # 1504
14431 # 1504
14431 + 88
14432 # 1504
14432 - 88 1
14433 # 1504
14433 + 88
14434 # 1504
14434 - 88 1
14435 # 1504
14435 + 88
14436 # 1504
14436 - 88 1
14437 # 1504
14438 # 1504
14439 # 1504
14439 + 88
14439 + 108
14439 + 88
14440 # 1504
14440 - 88 1
14440 - 108 1
14440 - 88 1
14441 # 1504
14442 # 1504
14443 # 1504
14444 # 1504
14444 + 88
14445 # 1504
14445 - 88 1
14445 + 88
14446 # 1504
14446 - 88 1
14447 # 1504
14448 # 1504
14448 + 88
14449 # 1504
14449 - 88 1
14450 # 1504
14451 # 1504
14452 # 1504
14452 + 88
14452 + 108
14453 # 1504
14453 - 88 1
14453 - 108 1
14453 + 88
14454 # 1504
14454 - 88 1
14455 # 1504
14456 # 1504
14456 + 88
14457 # 1504
14457 - 88 1
14458 # 1504
14459 # 1504
14460 # 1504
14460 + 88
14461 # 1504
14461 - 88 1
14462 # 1504
14462 + 88
14463 # 1504
14463 - 88 1
14464 # 1504
14465 # 1504
14466 # 1504
14466 + 88
14466 + 108
14467 # 1504
14467 - 88 1
14467 - 108 1
14468 # 1504
14469 # 1504
14470 # 1504
14470 + 88
14471 # 1504
14471 - 88 1
14472 # 1504
14473 # 1504
14473 + 88
14474 # 1504
14474 - 88 1
14475 # 1504
14475 + 88
14476 # 1504
14476 - 88 1
14477 # 1504
14478 # 1504
14478 + 88
14478 + 108
14479 # 1504
14479 - 88 1
14479 - 108 1
14480 # 1504
14480 + 88
14481 # 1504
14481 - 88 1
14482 # 1504
14482 + 88
14483 # 1504
14483 - 88 1
14484 # 1504
14484 + 88
14485 # 1504
14485 - 88 1
14486 # 1504
14487 # 1504
14488 # 1504
14488 + 88
14488 + 108
14489 # 1504
14489 - 88 1
14489 - 108 1
14489 + 88
14490 # 1504
14490 - 88 1
14491 # 1504
14492 # 1504
14492 + 88
14493 # 1504
14493 - 88 1
14494 # 1504
14495 # 1504
14496 # 1504
14496 + 88
14497 # 1504
14497 - 88 1
14497 + 88
14498 # 1504
14498 - 88 1
14499 # 1504
14500 # 1504
14500 + 88
14500 + 108
14501 # 1504
14501 - 88 1
14501 - 108 1
14502 # 1504
14503 # 1504
14503 + 88
14504 # 1504
14504 - 88 1
14505 # 1504
14506 # 1504
14506 + 88
14507 # 1504
14507 - 88 1
14508 # 1504
14508 + 88
14509 # 1504
14509 - 88 1
14510 # 1504
14511 # 1504
14512 # 1504
14512 + 88
14512 + 108
14513 # 1504
14513 - 88 1
14513 - 108 1
14514 # 1504
14514 + 88
14515 # 1504
14515 - 88 1
14516 # 1504
14517 # 1504
14517 + 88
14518 # 1504
14518 - 88 1
14519 # 1504
14519 + 88
14520 # 1504
14520 - 88 1
14521 # 1504
14522 # 1504
14522 + 88
14522 + 108
14523 # 1504
14523 - 88 1
14523 - 108 1
14524 # 1504
14525 # 1504
14525 + 88
14525 + 88
14526 # 1504
14526 - 88 1
14526 - 88 1
14527 # 1504
14528 # 1504
14529 # 1504
14529 + 88
14530 # 1504
14530 - 88 1
14531 # 1504
14532 # 1504
14532 + 88
14533 # 1504
14533 - 88 1
14534 # 1504
14534 + 88
14534 + 108
14535 # 1504
14535 - 88 1
14535 - 108 1
14536 # 1504
14536 + 88
14537 # 1504
14537 - 88 1
14537 + 88
14538 # 1504
14538 - 88 1
14539 # 1504
14540 # 1504
14541 # 1504
14541 + 88
14542 # 1504
14542 - 88 1
14543 # 1504
14543 + 88
14544 # 1504
14544 - 88 1
14545 # 1504
14546 # 1504
14546 + 88
14546 + 108
14547 # 1504
14547 - 88 1
14547 - 108 1
14548 # 1504
14548 + 88
14549 # 1504
14549 - 88 1
14550 # 1504
14550 + 88
14551 # 1504
14551 - 88 1
14552 # 1504
14553 # 1504
14553 + 88
14553 + 88
14554 # 1504
14554 - 88 1
14554 - 88 1
14555 # 1504
14556 # 1504
14557 # 1504
14557 + 88
14557 + 108
14558 # 1504
14558 - 88 1
14558 - 108 1
14559 # 1504
14560 # 1504
14560 + 88
14561 # 1504
14561 - 88 1
14562 # 1504
14562 + 88
14563 # 1504
14563 - 88 1
14564 # 1504
14565 # 1504
14565 + 88
14566 # 1504
14566 - 88 1
14567 # 1504
14567 + 88
14568 # 1504
14568 - 88 1
14569 # 1504
14569 + 88
14569 + 108
14570 # 1504
14570 - 88 1
14570 - 108 1
14571 # 1504
14572 # 1504
14572 + 88
14573 # 1504
14573 - 88 1
14573 + 88
14574 # 1504
14574 - 88 1
14575 # 1504
14576 # 1504
14576 + 88
14577 # 1504
14577 - 88 1
14578 # 1504
14579 # 1504
14579 + 88
14580 # 1504
14580 - 88 1
14581 # 1504
14581 + 88
14581 + 108
14582 # 1504
14582 - 88 1
14582 - 108 1
14583 # 1504
14584 # 1504
14584 + 88
14585 # 1504
14585 - 88 1
14586 # 1504
14587 # 1504
14587 + 88
14587 + 88
14588 # 1504
14588 - 88 1
14588 - 88 1
14589 # 1504
14590 # 1504
14591 # 1504
14591 + 88
14592 # 1504
14592 - 88 1
14592 + 88
14592 + 108
14593 # 1504
14593 - 88 1
14593 - 108 1
14594 # 1504
14595 # 1504
14595 + 88
14596 # 1504
14596 - 88 1
14597 # 1504
14597 + 88
14598 # 1504
14598 - 88 1
14599 # 1504
14600 # 1504
14600 + 88
14601 # 1504
14601 - 88 1
14602 # 1504
14603 # 1504
14604 # 1504
14604 + 88
14604 + 108
14605 # 1504
14605 - 88 1
14605 - 108 1
14605 + 88
14606 # 1504
14606 - 88 1
14607 # 1504
14608 # 1504
14609 # 1504
14609 + 88
14610 # 1504
14610 - 88 1
14611 # 1504
14612 # 1504
14612 + 88
14613 # 1504
14613 - 88 1
14614 # 1504
14614 + 88
14614 + 108
14615 # 1504
14615 - 88 1
14615 - 108 1
14616 # 1504
14617 # 1504
14617 + 88
14618 # 1504
14618 - 88 1
14619 # 1504
14620 # 1504
14620 + 88
14621 # 1504
14621 - 88 1
14622 # 1504
14623 # 1504
14623 + 88
14624 # 1504
14624 - 88 1
14625 # 1504
14626 # 1504
14627 # 1504
14627 + 88
14627 + 108
14628 # 1504
14628 - 88 1
14628 - 108 1
14629 # 1504
14630 # 1504
14630 + 88
14631 # 1504
14631 - 88 1
14631 + 88
14632 # 1504
14632 - 88 1
14633 # 1504
14634 # 1504
14635 # 1504
14636 # 1504
14636 + 88
14637 # 1504
14637 - 88 1
14637 + 88
14638 # 1504
14638 - 88 1
14639 # 1504
14640 # 1504
14640 + 88
14640 + 108
14641 # 1504
14641 - 88 1
14641 - 108 1
14642 # 1504
14643 # 1504
14644 # 1504
14644 + 88
14644 + 100
14645 # 1504
14645 - 88 1
14645 - 100 1
14646 # 1504
14647 # 1504
14648 # 1504
14648 + 88
14649 # 1504
14649 - 88 1
14650 # 1504
14651 # 1504
14651 + 88
14652 # 1504
14652 - 88 1
14652 + 88
14653 # 1504
14653 - 88 1
14654 # 1504
14655 # 1504
14656 # 1504
14656 + 88
14656 + 108
14657 # 1504
14657 - 88 1
14657 - 108 1
14657 + 88
14658 # 1504
14658 - 88 1
14659 # 1504
14660 # 1504
14660 + 88
14661 # 1504
14661 - 88 1
14662 # 1504
14663 # 1504
14663 + 88
14664 # 1504
14664 - 88 1
14665 # 1504
14665 + 88
14666 # 1504
14666 - 88 1
14667 # 1504
14668 # 1504
14668 + 88
14668 + 108
14669 # 1504
14669 - 88 1
14669 - 108 1
14669 + 88
14670 # 1504
14670 - 88 1
14671 # 1504
14672 # 1504
14672 + 88
14673 # 1504
14673 - 88 1
14674 # 1504
14674 + 88
14675 # 1504
14675 - 88 1
14676 # 1504
14677 # 1504
14677 + 88
14678 # 1504
14678 - 88 1
14679 # 1504
14679 + 88
14679 + 108
14680 # 1504
14680 - 88 1
14680 - 108 1
14681 # 1504
14681 + 88
14682 # 1504
14682 - 88 1
14683 # 1504
14684 # 1504
14684 + 88
14685 # 1504
14685 - 88 1
14686 # 1504
14686 + 88
14687 # 1504
14687 - 88 1
14688 # 1504
14689 # 1504
14689 + 88
14690 # 1504
14690 - 88 1
14691 # 1504
14692 # 1504
14692 + 88
14692 + 108
14693 # 1504
14693 - 88 1
14693 - 108 1
14694 # 1504
14694 + 88
14695 # 1504
14695 - 88 1
14696 # 1504
14697 # 1504
14698 # 1504
14699 # 1504
14699 + 88
14700 # 1504
14700 - 88 1
14701 # 1504
14701 + 88
14702 # 1504
14702 - 88 1
14703 # 1504
14703 + 88
14703 + 108
14704 # 1504
14704 - 88 1
14704 - 108 1
14705 # 1504
14706 # 1504
14707 # 1504
14708 # 1504
14708 + 88
14709 # 1504
14709 - 88 1
14710 # 1504
14710 + 88
14711 # 1504
14711 - 88 1
14712 # 1504
14713 # 1504
14714 # 1504
14714 + 88
14714 + 108
14715 # 1504
14715 - 88 1
14715 - 108 1
14716 # 1504
14717 # 1504
14717 + 88
14718 # 1504
14718 - 88 1
14719 # 1504
14720 # 1504
14721 # 1504
14721 + 88
14722 # 1504
14722 - 88 1
14723 # 1504
14724 # 1504
14725 # 1504
14725 + 88
14725 + 108
14726 # 1504
14726 - 88 1
14726 - 108 1
14727 # 1504
14728 # 1504
14728 + 88
14729 # 1504
14729 - 88 1
14730 # 1504
14731 # 1504
14731 + 88
14732 # 1504
14732 - 88 1
14733 # 1504
14734 # 1504
14735 # 1504
14736 # 1504
14736 + 88
14736 + 108
14737 # 1504
14737 - 88 1
14737 - 108 1
14738 # 1504
14738 + 88
14739 # 1504
14739 - 88 1
14740 # 1504
14741 # 1504
14742 # 1504
14743 # 1504
14743 + 88
14744 # 1504
14744 - 88 1
14744 + 88
14745 # 1504
14745 - 88 1
14746 # 1504
14747 # 1504
14748 # 1504
14748 + 88
14748 + 108
14749 # 1504
14749 - 88 1
14749 - 108 1
14749 + 88
14750 # 1504
14750 - 88 1
14751 # 1504
14752 # 1504
14752 + 88
14753 # 1504
14753 - 88 1
14754 # 1504
14754 + 88
14755 # 1504
14755 - 88 1
14756 # 1504
14757 # 1504
14757 + 88
14758 # 1504
14758 - 88 1
14759 # 1504
14760 # 1504
14760 + 88
14760 + 108
14761 # 1504
14761 - 88 1
14761 - 108 1
14762 # 1504
14762 + 88
14763 # 1504
14763 - 88 1
14764 # 1504
14765 # 1504
14765 + 88
14766 # 1504
14766 - 88 1
14767 # 1504
14768 # 1504
14768 + 88
14769 # 1504
14769 - 88 1
14770 # 1504
14770 + 88
14770 + 108
14771 # 1504
14771 - 88 1
14771 - 108 1
14772 # 1504
14773 # 1504
14774 # 1504
14774 + 88
14775 # 1504
14775 - 88 1
14776 # 1504
14776 + 88
14777 # 1504
14777 - 88 1
14778 # 1504
14779 # 1504
14780 # 1504
14780 + 88
14781 # 1504
14781 - 88 1
14782 # 1504
14782 + 88
14782 + 108
14783 # 1504
14783 - 88 1
14783 - 108 1
14784 # 1504
14785 # 1504
14785 + 88
14786 # 1504
14786 - 88 1
14787 # 1504
14788 # 1504
14788 + 88
14789 # 1504
14789 - 88 1
14790 # 1504
14791 # 1504
14791 + 88
14792 # 1504
14792 - 88 1
14793 # 1504
14793 + 88
14793 + 108
14794 # 1504
14794 - 88 1
14794 - 108 1
14795 # 1504
14796 # 1504
14797 # 1504
14797 + 88
14798 # 1504
14798 - 88 1
14799 # 1504
14800 # 1504
14800 + 88
14801 # 1504
14801 - 88 1
14802 # 1504
14802 + 88
14803 # 1504
14803 - 88 1
14804 # 1504
14805 # 1504
14805 + 88
14805 + 108
14806 # 1504
14806 - 88 1
14806 - 108 1
14807 # 1504
14807 + 88
14808 # 1504
14808 - 88 1
14809 # 1504
14809 + 88
14810 # 1504
14810 - 88 1
14811 # 1504
14812 # 1504
14812 + 88
14813 # 1504
14813 - 88 1
14814 # 1504
14814 + 88
14815 # 1504
14815 - 88 1
14816 # 1504
14817 # 1504
14818 # 1504
14818 + 88
14818 + 108
14819 # 1504
14819 - 88 1
14819 - 108 1
14820 # 1504
14820 + 88
14821 # 1504
14821 - 88 1
14822 # 1504
14822 + 88
14823 # 1504
14823 - 88 1
14824 # 1504
14825 # 1504
14825 + 88
14826 # 1504
14826 - 88 1
14827 # 1504
14828 # 1504
14828 + 88
14828 + 108
14829 # 1504
14829 - 88 1
14829 - 108 1
14830 # 1504
14831 # 1504
14831 + 88
14832 # 1504
14832 - 88 1
14833 # 1504
14834 # 1504
14834 + 88
14835 # 1504
14835 - 88 1
14835 + 88
14836 # 1504
14836 - 88 1
14837 # 1504
14838 # 1504
14839 # 1504
14839 + 88
14839 + 108
14840 # 1504
14840 - 88 1
14840 - 108 1
14840 + 88
14841 # 1504
14841 - 88 1
14842 # 1504
14843 # 1504
14844 # 1504
14844 + 88
14845 # 1504
14845 - 88 1
14845 + 88
14846 # 1504
14846 - 88 1
14847 # 1504
14848 # 1504
14848 + 88
14848 + 100
14849 # 1504
14849 - 88 1
14849 - 100 1
14850 # 1504
14851 # 1504
14852 # 1504
14852 + 88
14853 # 1504
14853 - 88 1
14853 + 88
14854 # 1504
14854 - 88 1
14855 # 1504
14856 # 1504
14856 + 88
14857 # 1504
14857 - 88 1
14857 + 88
14858 # 1504
14858 - 88 1
14859 # 1504
14860 # 1504
14860 + 88
14860 + 108
14861 # 1504
14861 - 88 1
14861 - 108 1
14862 # 1504
14862 + 88
14863 # 1504
14863 - 88 1
14864 # 1504
14865 # 1504
14865 + 88
14866 # 1504
14866 - 88 1
14867 # 1504
14868 # 1504
14868 + 88
14869 # 1504
14869 - 88 1
14870 # 1504
14870 + 88
14871 # 1504
14871 - 88 1
14872 # 1504
14872 + 88
14872 + 108
14873 # 1504
14873 - 88 1
14873 - 108 1
14874 # 1504
14875 # 1504
14875 + 88
14876 # 1504
14876 - 88 1
14877 # 1504
14877 + 88
14878 # 1504
14878 - 88 1
14879 # 1504
14879 + 88
14880 # 1504
14880 - 88 1
14881 # 1504
14882 # 1504
14882 + 88
14883 # 1504
14883 - 88 1
14884 # 1504
14885 # 1504
14885 + 88
14885 + 108
14886 # 1504
14886 - 88 1
14886 - 108 1
14887 # 1504
14887 + 88
14888 # 1504
14888 - 88 1
14889 # 1504
14890 # 1504
14890 + 88
14891 # 1504
14891 - 88 1
14892 # 1504
14892 + 88
14893 # 1504
14893 - 88 1
14894 # 1504
14894 + 88
14895 # 1504
14895 - 88 1
14896 # 1504
14896 + 88
14896 + 108
14897 # 1504
14897 - 88 1
14897 - 108 1
14898 # 1504
14899 # 1504
14899 + 88
14900 # 1504
14900 - 88 1
14901 # 1504
14902 # 1504
14902 + 88
14903 # 1504
14903 - 88 1
14904 # 1504
14905 # 1504
14905 + 88
14906 # 1504
14906 - 88 1
14907 # 1504
14908 # 1504
14908 + 88
14908 + 108
14909 # 1504
14909 - 88 1
14909 - 108 1
14910 # 1504
14910 + 88
14911 # 1504
14911 - 88 1
14912 # 1504
14913 # 1504
14913 + 88
14914 # 1504
14914 - 88 1
14915 # 1504
14916 # 1504
14916 + 88
14917 # 1504
14917 - 88 1
14918 # 1504
14919 # 1504
14920 # 1504
14920 + 88
14920 + 108
14921 # 1504
14921 - 88 1
14921 - 108 1
14922 # 1504
14922 + 88
14923 # 1504
14923 - 88 1
14924 # 1504
14925 # 1504
14925 + 88
14926 # 1504
14926 - 88 1
14927 # 1504
14928 # 1504
14928 + 88
14929 # 1504
14929 - 88 1
14930 # 1504
14930 + 88
14931 # 1504
14931 - 88 1
14932 # 1504
14933 # 1504
14933 + 88
14933 + 108
14934 # 1504
14934 - 88 1
14934 - 108 1
14935 # 1504
14935 + 88
14936 # 1504
14936 - 88 1
14937 # 1504
14937 + 88
14938 # 1504
14938 - 88 1
14939 # 1504
14939 + 88
14940 # 1504
14940 - 88 1
14941 # 1504
14942 # 1504
14942 + 88
14943 # 1504
14943 - 88 1
14944 # 1504
14944 + 88
14944 + 108
14945 # 1504
14945 - 88 1
14945 - 108 1
14946 # 1504
14947 # 1504
14948 # 1504
14948 + 88
14948 + 88
14949 # 1504
14949 - 88 1
14949 - 88 1
14950 # 1504
14951 # 1504
14952 # 1504
14952 + 88
14953 # 1504
14953 - 88 1
14954 # 1504
14954 + 88
14954 + 108
14955 # 1504
14955 - 88 1
14955 - 108 1
14956 # 1504
14957 # 1504
14957 + 88
14958 # 1504
14958 - 88 1
14959 # 1504
14959 + 88
14960 # 1504
14960 - 88 1
14960 + 88
14961 # 1504
14961 - 88 1
14962 # 1504
14963 # 1504
14964 # 1504
14964 + 88
14965 # 1504
14965 - 88 1
14966 # 1504
14966 + 88
14966 + 108
14967 # 1504
14967 - 88 1
14967 - 108 1
14968 # 1504
14968 + 88
14969 # 1504
14969 - 88 1
14969 + 88
14970 # 1504
14970 - 88 1
14971 # 1504
14972 # 1504
14973 # 1504
14973 + 88
14974 # 1504
14974 - 88 1
14975 # 1504
14976 # 1504
14976 + 88
14977 # 1504
14977 - 88 1
14978 # 1504
14979 # 1504
14979 + 88
14979 + 108
14980 # 1504
14980 - 88 1
14980 - 108 1
14980 + 88
14981 # 1504
14981 - 88 1
14982 # 1504
14983 # 1504
14983 + 88
14984 # 1504
14984 - 88 1
14985 # 1504
14986 # 1504
14986 + 88
14987 # 1504
14987 - 88 1
14988 # 1504
14989 # 1504
14990 # 1504
14990 + 88
14990 + 108
14991 # 1504
14991 - 88 1
14991 - 108 1
14992 # 1504
14992 + 88
14993 # 1504
14993 - 88 1
14994 # 1504
14995 # 1504
14995 + 88
14996 # 1504
14996 - 88 1
14997 # 1504
14997 + 88
14998 # 1504
14998 - 88 1
14999 # 1504
15000 # 1504
15000 + 88
15001 # 1504
15001 - 88 1
15002 # 1504
15003 # 1504
15004 # 1504
15004 + 88
15004 + 108
15005 # 1504
15005 - 88 1
15005 - 108 1
15006 # 1504
15006 + 88
15007 # 1504
15007 - 88 1
15008 # 1504
15008 + 88
15009 # 1504
15009 - 88 1
15010 # 1504
15011 # 1504
15012 # 1504
15012 + 88
15013 # 1504
15013 - 88 1
15014 # 1504
15015 # 1504
15016 # 1504
15016 + 88
15016 + 108
15017 # 1504
15017 - 88 1
15017 - 108 1
15017 + 88
15018 # 1504
15018 - 88 1
15019 # 1504
15020 # 1504
15020 + 88
15021 # 1504
15021 - 88 1
15022 # 1504
15023 # 1504
15023 + 88
15024 # 1504
15024 - 88 1
15025 # 1504
15026 # 1504
15026 + 88
15026 + 108
15027 # 1504
15027 - 88 1
15027 - 108 1
15028 # 1504
15029 # 1504
15029 + 88
15030 # 1504
15030 - 88 1
15031 # 1504
15032 # 1504
15032 + 88
15033 # 1504
15033 - 88 1
15034 # 1504
15034 + 88
15035 # 1504
15035 - 88 1
15036 # 1504
15037 # 1504
15037 + 88
15037 + 108
15038 # 1504
15038 - 88 1
15038 - 108 1
15039 # 1504
15040 # 1504
15040 + 88
15040 + 100
15041 # 1504
15041 - 88 1
15041 - 100 1
15042 # 1504
15043 # 1504
15043 + 88
15044 # 1504
15044 - 88 1
15044 + 88
15045 # 1504
15045 - 88 1
15046 # 1504
15047 # 1504
15047 + 88
15048 # 1504
15048 - 88 1
15049 # 1504
15050 # 1504
15051 # 1504
15051 + 88
15051 + 108
15052 # 1504
15052 - 88 1
15052 - 108 1
15052 + 88
15053 # 1504
15053 - 88 1
15054 # 1504
15055 # 1504
15055 + 88
15056 # 1504
15056 - 88 1
15057 # 1504
15058 # 1504
15059 # 1504
15059 + 88
15060 # 1504
15060 - 88 1
15061 # 1504
15062 # 1504
15063 # 1504
15063 + 88
15063 + 108
15064 # 1504
15064 - 88 1
15064 - 108 1
15065 # 1504
15066 # 1504
15066 + 88
15067 # 1504
15067 - 88 1
15067 + 88
15068 # 1504
15068 - 88 1
15069 # 1504
15070 # 1504
15071 # 1504
15071 + 88
15072 # 1504
15072 - 88 1
15073 # 1504
15074 # 1504
15074 + 88
15074 + 108
15075 # 1504
15075 - 88 1
15075 - 108 1
15076 # 1504
15077 # 1504
15077 + 88
15078 # 1504
15078 - 88 1
15079 # 1504
15080 # 1504
15081 # 1504
15081 + 88
15082 # 1504
15082 - 88 1
15083 # 1504
15084 # 1504
15084 + 88
15084 + 108
15085 # 1504
15085 - 88 1
15085 - 108 1
15086 # 1504
15087 # 1504
15088 # 1504
15089 # 1504
15089 + 88
15090 # 1504
15090 - 88 1
15091 # 1504
15091 + 88
15092 # 1504
15092 - 88 1
15093 # 1504
15094 # 1504
15094 + 88
15095 # 1504
15095 - 88 1
15096 # 1504
15097 # 1504
15097 + 88
15097 + 108
15098 # 1504
15098 - 88 1
15098 - 108 1
15099 # 1504
15100 # 1504
15100 + 88
15101 # 1504
15101 - 88 1
15102 # 1504
15103 # 1504
15103 + 88
15104 # 1504
15104 - 88 1
15105 # 1504
15106 # 1504
15107 # 1504
15107 + 88
15108 # 1504
15108 - 88 1
15109 # 1504
15110 # 1504
15110 + 88
15110 + 108
15111 # 1504
15111 - 88 1
15111 - 108 1
15112 # 1504
15113 # 1504
15114 # 1504
15114 + 88
15115 # 1504
15115 - 88 1
15116 # 1504
15117 # 1504
15118 # 1504
15119 # 1504
15119 + 88
15120 # 1504
15120 - 88 1
15120 + 88
15120 + 108
15121 # 1504
15121 - 88 1
15121 - 108 1
15122 # 1504
15123 # 1504
15124 # 1504
15124 + 88
15125 # 1504
15125 - 88 1
15126 # 1504
15127 # 1504
15127 + 88
15128 # 1504
15128 - 88 1
15129 # 1504
15130 # 1504
15131 # 1504
15131 + 88
15131 + 108
15132 # 1504
15132 - 88 1
15132 - 108 1
15133 # 1504
15134 # 1504
15135 # 1504
15136 # 1504
15136 + 88
15137 # 1504
15137 - 88 1
15138 # 1504
15139 # 1504
15140 # 1504
15140 + 88
15141 # 1504
15141 - 88 1
15142 # 1504
15143 # 1504
15144 # 1504
15145 # 1504
15145 + 88
15145 + 108
15146 # 1504
15146 - 88 1
15146 - 108 1
15147 # 1504
15147 + 88
15148 # 1504
15148 - 88 1
15149 # 1504
15150 # 1504
15151 # 1504
15151 + 88
15152 # 1504
15152 - 88 1
15153 # 1504
15154 # 1504
15155 # 1504
15155 + 88
15156 # 1504
15156 - 88 1
15157 # 1504
15158 # 1504
15159 # 1504
15160 # 1504
15161 # 1504
15161 + 88
15161 + 108
15162 # 1504
15162 - 88 1
15162 - 108 1
15163 # 1504
15164 # 1504
15165 # 1504
15165 + 88
15165 + 88
15166 # 1504
15166 - 88 1
15166 - 88 1
15167 # 1504
15168 # 1504
15169 # 1504
15170 # 1504
15170 + 88
15171 # 1504
15171 - 88 1
15172 # 1504
15173 # 1504
15173 + 88
15173 + 108
15174 # 1504
15174 - 88 1
15174 - 108 1
15175 # 1504
15176 # 1504
15176 + 88
15177 # 1504
15177 - 88 1
15177 + 88
15178 # 1504
15178 - 88 1
15179 # 1504
15180 # 1504
15181 # 1504
15182 # 1504
15182 + 88
15183 # 1504
15183 - 88 1
15184 # 1504
15185 # 1504
15185 + 88
15185 + 108
15186 # 1504
15186 - 88 1
15186 - 108 1
15187 # 1504
15188 # 1504
15188 + 88
15189 # 1504
15189 - 88 1
15190 # 1504
15191 # 1504
15191 + 88
15192 # 1504
15192 - 88 1
15193 # 1504
15194 # 1504
15194 + 88
15195 # 1504
15195 - 88 1
15196 # 1504
15197 # 1504
15198 # 1504
15198 + 88
15198 + 108
15199 # 1504
15199 - 88 1
15199 - 108 1
15200 # 1504
15201 # 1504
15201 + 88
15202 # 1504
15202 - 88 1
15203 # 1504
15204 # 1504
15205 # 1504
15205 + 88
15206 # 1504
15206 - 88 1
15207 # 1504
15207 + 88
15208 # 1504
15208 - 88 1
15209 # 1504
15210 # 1504
15211 # 1504
15212 # 1504
15212 + 88
15212 + 108
15213 # 1504
15213 - 88 1
15213 - 108 1
15214 # 1504
15215 # 1504
15216 # 1504
15217 # 1504
15217 + 88
15218 # 1504
15218 - 88 1
15219 # 1504
15220 # 1504
15221 # 1504
15221 + 88
15222 # 1504
15222 - 88 1
15222 + 88
15222 + 108
15223 # 1504
15223 - 88 1
15223 - 108 1
15224 # 1504
15225 # 1504
15226 # 1504
15226 + 88
15227 # 1504
15227 - 88 1
15228 # 1504
15229 # 1504
15230 # 1504
15230 + 88
15231 # 1504
15231 - 88 1
15232 # 1504
15233 # 1504
15233 + 88
15233 + 108
15234 # 1504
15234 - 88 1
15234 - 108 1
15235 # 1504
15236 # 1504
15237 # 1504
15237 + 88
15238 # 1504
15238 - 88 1
15239 # 1504
15240 # 1504
15241 # 1504
15241 + 88
15242 # 1504
15242 - 88 1
15243 # 1504
15244 # 1504
15244 + 88
15244 + 108
15245 # 1504
15245 - 88 1
15245 - 108 1
15246 # 1504
15247 # 1504
15248 # 1504
15248 + 88
15249 # 1504
15249 - 88 1
15250 # 1504
15251 # 1504
15252 # 1504
15252 + 88
15253 # 1504
15253 - 88 1
15254 # 1504
15254 + 88
15255 # 1504
15255 - 88 1
15256 # 1504
15257 # 1504
15258 # 1504
15258 + 88
15258 + 108
15259 # 1504
15259 - 88 1
15259 - 108 1
15260 # 1504
15261 # 1504
15261 + 88
15262 # 1504
15262 - 88 1
15263 # 1504
15264 # 1504
15264 + 88
15265 # 1504
15265 - 88 1
15266 # 1504
15267 # 1504
15268 # 1504
15269 # 1504
15270 # 1504
15270 + 88
15270 + 108
15271 # 1504
15271 - 88 1
15271 - 108 1
15272 # 1504
15273 # 1504
15274 # 1504
15275 # 1504
15276 # 1504
15276 + 88
15277 # 1504
15277 - 88 1
15278 # 1504
15279 # 1504
15279 + 88
15280 # 1504
15280 - 88 1
15281 # 1504
15282 # 1504
15283 # 1504
15284 # 1504
15284 + 88
15284 + 108
15285 # 1504
15285 - 88 1
15285 - 108 1
15286 # 1504
15287 # 1504
15288 # 1504
15289 # 1504
15289 + 88
15290 # 1504
15290 - 88 1
15291 # 1504
15292 # 1504
15293 # 1504
15294 # 1504
15295 # 1504
15295 + 88
15295 + 108
15296 # 1504
15296 - 88 1
15296 - 108 1
15297 # 1504
15298 # 1504
15299 # 1504
15300 # 1504
15300 + 88
15300 + 100
15301 # 1504
15301 - 88 1
15301 - 100 1
15302 # 1504
15303 # 1504
15304 # 1504
15304 + 88
15305 # 1504
15305 - 88 1
15306 # 1504
15307 # 1504
15308 # 1504
15309 # 1504
15309 + 88
15310 # 1504
15310 - 88 1
15311 # 1504
15312 # 1504
15313 # 1504
15314 # 1504
15315 # 1504
15316 # 1504
15317 # 1504
15317 + 88
15317 + 108
15318 # 1504
15318 - 88 1
15318 - 108 1
15319 # 1504
15320 # 1504
15321 # 1504
15321 + 88
15321 + 88
15322 # 1504
15322 - 88 1
15322 - 88 1
15323 # 1504
15324 # 1504
15325 # 1504
15326 # 1504
15327 # 1504
15328 # 1504
15329 # 1504
15329 + 88
15329 + 108
15330 # 1504
15330 - 88 1
15330 - 108 1
15330 + 88
15331 # 1504
15331 - 88 1
15332 # 1504
15333 # 1504
15334 # 1504
15335 # 1504
15336 # 1504
15336 + 88
15337 # 1504
15337 - 88 1
15338 # 1504
15338 + 88
15339 # 1504
15339 - 88 1
15340 # 1504
15341 # 1504
15342 # 1504
15342 + 88
15342 + 108
15343 # 1504
15343 - 88 1
15343 - 108 1
15344 # 1504
15345 # 1504
15346 # 1504
15347 # 1504
15348 # 1504
15349 # 1504
15349 + 88
15350 # 1504
15350 - 88 1
15351 # 1504
15352 # 1504
15353 # 1504
15353 + 88
15353 + 108
15354 # 1504
15354 - 88 1
15354 - 108 1
15354 + 88
15355 # 1504
15355 - 88 1
15356 # 1504
15357 # 1504
15358 # 1504
15359 # 1504
15360 # 1504
15360 + 88
15361 # 1504
15361 - 88 1
15361 + 88
15362 # 1504
15362 - 88 1
15363 # 1504
15364 # 1504
15364 + 88
15364 + 108
15365 # 1504
15365 - 88 1
15365 - 108 1
15366 # 1504
15367 # 1504
15367 + 88
15368 # 1504
15368 - 88 1
15369 # 1504
15370 # 1504
15371 # 1504
15372 # 1504
15372 + 88
15373 # 1504
15373 - 88 1
15374 # 1504
15374 + 88
15374 + 108
15375 # 1504
15375 - 88 1
15375 - 108 1
15376 # 1504
15377 # 1504
15378 # 1504
15378 + 88
15379 # 1504
15379 - 88 1
15380 # 1504
15381 # 1504
15382 # 1504
15383 # 1504
15384 # 1504
15384 + 88
15385 # 1504
15385 - 88 1
15386 # 1504
15386 + 88
15386 + 108
15387 # 1504
15387 - 88 1
15387 - 108 1
15388 # 1504
15388 + 88
15389 # 1504
15389 - 88 1
15390 # 1504
15391 # 1504
15392 # 1504
15392 + 88
15393 # 1504
15393 - 88 1
15394 # 1504
15395 # 1504
15396 # 1504
15396 + 88
15396 + 108
15397 # 1504
15397 - 88 1
15397 - 108 1
15398 # 1504
15398 + 88
15399 # 1504
15399 - 88 1
15400 # 1504
15401 # 1504
15402 # 1504
15402 + 88
15403 # 1504
15403 - 88 1
15404 # 1504
15405 # 1504
15405 + 88
15406 # 1504
15406 - 88 1
15407 # 1504
15408 # 1504
15409 # 1504
15409 + 88
15409 + 108
15410 # 1504
15410 - 88 1
15410 - 108 1
15411 # 1504
15412 # 1504
15412 + 88
15413 # 1504
15413 - 88 1
15414 # 1504
15415 # 1504
15416 # 1504
15417 # 1504
15418 # 1504
15418 + 88
15419 # 1504
15419 - 88 1
15419 + 88
15419 + 108
15420 # 1504
15420 - 88 1
15420 - 108 1
15421 # 1504
15422 # 1504
15422 + 88
15423 # 1504
15423 - 88 1
15424 # 1504
15425 # 1504
15425 + 88
15426 # 1504
15426 - 88 1
15427 # 1504
15428 # 1504
15428 + 88
15429 # 1504
15429 - 88 1
15430 # 1504
15431 # 1504
15432 # 1504
15433 # 1504
15433 + 88
15433 + 108
15434 # 1504
15434 - 88 1
15434 - 108 1
15435 # 1504
15436 # 1504
15436 + 88
15437 # 1504
15437 - 88 1
15438 # 1504
15439 # 1504
15439 + 88
15440 # 1504
15440 - 88 1
15441 # 1504
15442 # 1504
15442 + 88
15443 # 1504
15443 - 88 1
15444 # 1504
15445 # 1504
15445 + 88
15445 + 108
15446 # 1504
15446 - 88 1
15446 - 108 1
15447 # 1504
15448 # 1504
15448 + 88
15449 # 1504
15449 - 88 1
15450 # 1504
15451 # 1504
15451 + 88
15452 # 1504
15452 - 88 1
15453 # 1504
15454 # 1504
15454 + 88
15455 # 1504
15455 - 88 1
15456 # 1504
15457 # 1504
15457 + 88
15457 + 108
15458 # 1504
15458 - 88 1
15458 - 108 1
15459 # 1504
15460 # 1504
15460 + 88
15461 # 1504
15461 - 88 1
15461 + 88
15462 # 1504
15462 - 88 1
15463 # 1504
15464 # 1504
15464 + 88
15465 # 1504
15465 - 88 1
15466 # 1504
15467 # 1504
15468 # 1504
15469 # 1504
15470 # 1504
15470 + 88
15470 + 108
15471 # 1504
15471 - 88 1
15471 - 108 1
15472 # 1504
15472 + 88
15473 # 1504
15473 - 88 1
15474 # 1504
15475 # 1504
15476 # 1504
15476 + 88
15477 # 1504
15477 - 88 1
15478 # 1504
15478 + 88
15479 # 1504
15479 - 88 1
15480 # 1504
15481 # 1504
15481 + 88
15481 + 108
15482 # 1504
15482 - 88 1
15482 - 108 1
15483 # 1504
15484 # 1504
15485 # 1504
15485 + 88
15486 # 1504
15486 - 88 1
15487 # 1504
15488 # 1504
15489 # 1504
15489 + 88
15490 # 1504
15490 - 88 1
15491 # 1504
15492 # 1504
15493 # 1504
15494 # 1504
15495 # 1504
15496 # 1504
15496 + 88
15496 + 108
15497 # 1504
15497 - 88 1
15497 - 108 1
15498 # 1504
15499 # 1504
15500 # 1504
15500 + 88
15501 # 1504
15501 - 88 1
15502 # 1504
15503 # 1504
15504 # 1504
15504 + 88
15505 # 1504
15505 - 88 1
15506 # 1504
15507 # 1504
15508 # 1504
15508 + 88
15508 + 108
15509 # 1504
15509 - 88 1
15509 - 108 1
15510 # 1504
15511 # 1504
15512 # 1504
15512 + 88
15513 # 1504
15513 - 88 1
15514 # 1504
15515 # 1504
15515 + 88
15516 # 1504
15516 - 88 1
15517 # 1504
15518 # 1504
15519 # 1504
15520 # 1504
15520 + 88
15520 + 108
15521 # 1504
15521 - 88 1
15521 - 108 1
15522 # 1504
15523 # 1504
15524 # 1504
15524 + 88
15525 # 1504
15525 - 88 1
15526 # 1504
15527 # 1504
15527 + 88
15528 # 1504
15528 - 88 1
15529 # 1504
15530 # 1504
15530 + 88
15531 # 1504
15531 - 88 1
15532 # 1504
15533 # 1504
15533 + 88
15533 + 108
15534 # 1504
15534 - 88 1
15534 - 108 1
15535 # 1504
15536 # 1504
15536 + 88
15537 # 1504
15537 - 88 1
15537 + 88
15538 # 1504
15538 - 88 1
15539 # 1504
15540 # 1504
15540 + 88
15541 # 1504
15541 - 88 1
15542 # 1504
15543 # 1504
15544 # 1504
15544 + 88
15544 + 108
15545 # 1504
15545 - 88 1
15545 - 108 1
15546 # 1504
15546 + 88
15547 # 1504
15547 - 88 1
15548 # 1504
15549 # 1504
15549 + 88
15550 # 1504
15550 - 88 1
15551 # 1504
15552 # 1504
15552 + 88
15553 # 1504
15553 - 88 1
15554 # 1504
15555 # 1504
15555 + 88
15555 + 108
15556 # 1504
15556 - 88 1
15556 - 108 1
15557 # 1504
15558 # 1504
15559 # 1504
15559 + 88
15559 + 100
15560 # 1504
15560 - 88 1
15560 - 100 1
15561 # 1504
15562 # 1504
15563 # 1504
15563 + 88
15564 # 1504
15564 - 88 1
15565 # 1504
15566 # 1504
15567 # 1504
15567 + 88
15568 # 1504
15568 - 88 1
15569 # 1504
15570 # 1504
15571 # 1504
15572 # 1504
15572 + 88
15572 + 108
15573 # 1504
15573 - 88 1
15573 - 108 1
15574 # 1504
15575 # 1504
15576 # 1504
15576 + 88
15577 # 1504
15577 - 88 1
15578 # 1504
15579 # 1504
15580 # 1504
15580 + 88
15581 # 1504
15581 - 88 1
15582 # 1504
15583 # 1504
15584 # 1504
15585 # 1504
15586 # 1504
15586 + 88
15586 + 108
15587 # 1504
15587 - 88 1
15587 - 108 1
15588 # 1504
15589 # 1504
15590 # 1504
15590 + 88
15591 # 1504
15591 - 88 1
15592 # 1504
15592 + 88
15593 # 1504
15593 - 88 1
15594 # 1504
15595 # 1504
15596 # 1504
15597 # 1504
15597 + 88
15597 + 108
15598 # 1504
15598 - 88 1
15598 - 108 1
15599 # 1504
15600 # 1504
15600 + 88
15601 # 1504
15601 - 88 1
15602 # 1504
15602 + 88
15603 # 1504
15603 - 88 1
15604 # 1504
15605 # 1504
15606 # 1504
15606 + 88
15607 # 1504
15607 - 88 1
15608 # 1504
15609 # 1504
15609 + 88
15609 + 108
15610 # 1504
15610 - 88 1
15610 - 108 1
15610 + 88
15611 # 1504
15611 - 88 1
15612 # 1504
15613 # 1504
15614 # 1504
15615 # 1504
15615 + 88
15616 # 1504
15616 - 88 1
15617 # 1504
15618 # 1504
15618 + 88
15619 # 1504
15619 - 88 1
15620 # 1504
15620 + 88
15620 + 108
15621 # 1504
15621 - 88 1
15621 - 108 1
15622 # 1504
15623 # 1504
15623 + 88
15624 # 1504
15624 - 88 1
15625 # 1504
15625 + 88
15626 # 1504
15626 - 88 1
15627 # 1504
15628 # 1504
15628 + 88
15629 # 1504
15629 - 88 1
15630 # 1504
15631 # 1504
15632 # 1504
15632 + 88
15632 + 108
15633 # 1504
15633 - 88 1
15633 - 108 1
15634 # 1504
15635 # 1504
15635 + 88
15636 # 1504
15636 - 88 1
15637 # 1504
15638 # 1504
15639 # 1504
15640 # 1504
15641 # 1504
15641 + 88
15642 # 1504
15642 - 88 1
15642 + 88
15642 + 108
15643 # 1504
15643 - 88 1
15643 - 108 1
15644 # 1504
15645 # 1504
15646 # 1504
15647 # 1504
15648 # 1504
15648 + 88
15649 # 1504
15649 - 88 1
15649 + 88
15650 # 1504
15650 - 88 1
15651 # 1504
15652 # 1504
15652 + 88
15652 + 108
15653 # 1504
15653 - 88 1
15653 - 108 1
15654 # 1504
15655 # 1504
15656 # 1504
15656 + 88
15657 # 1504
15657 - 88 1
15658 # 1504
15659 # 1504
15659 + 88
15660 # 1504
15660 - 88 1
15661 # 1504
15662 # 1504
15663 # 1504
15664 # 1504
15664 + 88
15664 + 108
15665 # 1504
15665 - 88 1
15665 - 108 1
15666 # 1504
15667 # 1504
15667 + 88
15668 # 1504
15668 - 88 1
15669 # 1504
15670 # 1504
15670 + 88
15671 # 1504
15671 - 88 1
15672 # 1504
15672 + 88
15673 # 1504
15673 - 88 1
15674 # 1504
15674 + 88
15674 + 108
15675 # 1504
15675 - 88 1
15675 - 108 1
15676 # 1504
15677 # 1504
15678 # 1504
15678 + 88
15679 # 1504
15679 - 88 1
15680 # 1504
15680 + 88
15681 # 1504
15681 - 88 1
15682 # 1504
15683 # 1504
15683 + 88
15684 # 1504
15684 - 88 1
15685 # 1504
15686 # 1504
15687 # 1504
15688 # 1504
15688 + 88
15688 + 108
15689 # 1504
15689 - 88 1
15689 - 108 1
15690 # 1504
15691 # 1504
15691 + 88
15692 # 1504
15692 - 88 1
15693 # 1504
15693 + 88
15694 # 1504
15694 - 88 1
15695 # 1504
15696 # 1504
15697 # 1504
15697 + 88
15698 # 1504
15698 - 88 1
15699 # 1504
15700 # 1504
15700 + 88
15700 + 108
15701 # 1504
15701 - 88 1
15701 - 108 1
15701 + 88
15702 # 1504
15702 - 88 1
15703 # 1504
15704 # 1504
15704 + 88
15705 # 1504
15705 - 88 1
15706 # 1504
15707 # 1504
15708 # 1504
15708 + 88
15709 # 1504
15709 - 88 1
15710 # 1504
15711 # 1504
15711 + 88
15711 + 108
15712 # 1504
15712 - 88 1
15712 - 108 1
15712 + 88
15713 # 1504
15713 - 88 1
15714 # 1504
15715 # 1504
15716 # 1504
15716 + 88
15717 # 1504
15717 - 88 1
15718 # 1504
15719 # 1504
15720 # 1504
15720 + 88
15721 # 1504
15721 - 88 1
15721 + 88
15721 + 108
15722 # 1504
15722 - 88 1
15722 - 108 1
15723 # 1504
15723 + 88
15724 # 1504
15724 - 88 1
15725 # 1504
15726 # 1504
15727 # 1504
15728 # 1504
15728 + 88
15729 # 1504
15729 - 88 1
15729 + 88
15730 # 1504
15730 - 88 1
15731 # 1504
15732 # 1504
15732 + 88
15732 + 108
15733 # 1504
15733 - 88 1
15733 - 108 1
15734 # 1504
15735 # 1504
15735 + 88
15736 # 1504
15736 - 88 1
15737 # 1504
15737 + 88
15738 # 1504
15738 - 88 1
15739 # 1504
15740 # 1504
15740 + 88
15741 # 1504
15741 - 88 1
15742 # 1504
15742 + 88
15742 + 108
15743 # 1504
15743 - 88 1
15743 - 108 1
15744 # 1504
15744 + 88
15745 # 1504
15745 - 88 1
15746 # 1504
15747 # 1504
15748 # 1504
15748 + 88
15749 # 1504
15749 - 88 1
15750 # 1504
15751 # 1504
15751 + 88
15752 # 1504
15752 - 88 1
15753 # 1504
15754 # 1504
15754 + 88
15754 + 108
15755 # 1504
15755 - 88 1
15755 - 108 1
15756 # 1504
15757 # 1504
15757 + 88
15758 # 1504
15758 - 88 1
15759 # 1504
15759 + 88
15760 # 1504
15760 - 88 1
15761 # 1504
15762 # 1504
15762 + 88
15763 # 1504
15763 - 88 1
15764 # 1504
15765 # 1504
15765 + 88
15765 + 108
15766 # 1504
15766 - 88 1
15766 - 108 1
15767 # 1504
15768 # 1504
15768 + 88
15769 # 1504
15769 - 88 1
15770 # 1504
15771 # 1504
15772 # 1504
15772 + 88
15773 # 1504
15773 - 88 1
15774 # 1504
15775 # 1504
15776 # 1504
15776 + 88
15776 + 108
15777 # 1504
15777 - 88 1
15777 - 108 1
15778 # 1504
15779 # 1504
15780 # 1504
15780 + 88
15781 # 1504
15781 - 88 1
15782 # 1504
15783 # 1504
15783 + 88
15784 # 1504
15784 - 88 1
15785 # 1504
15786 # 1504
15787 # 1504
15787 + 88
15787 + 108
15788 # 1504
15788 - 88 1
15788 - 108 1
15788 + 88
15789 # 1504
15789 - 88 1
15790 # 1504
15791 # 1504
15792 # 1504
15793 # 1504
15793 + 88
15793 + 100
15794 # 1504
15794 - 88 1
15794 - 100 1
15795 # 1504
15795 + 88
15796 # 1504
15796 - 88 1
15797 # 1504
15798 # 1504
15799 # 1504
15800 # 1504
15800 + 88
15801 # 1504
15801 - 88 1
15802 # 1504
15802 + 88
15803 # 1504
15803 - 88 1
15804 # 1504
15805 # 1504
15806 # 1504
15807 # 1504
15807 + 88
15807 + 108
15808 # 1504
15808 - 88 1
15808 - 108 1
15808 + 88
15809 # 1504
15809 - 88 1
15810 # 1504
15811 # 1504
15812 # 1504
15812 + 88
15813 # 1504
15813 - 88 1
15813 + 88
15814 # 1504
15814 - 88 1
15815 # 1504
15816 # 1504
15817 # 1504
15818 # 1504
15818 + 88
15818 + 108
15819 # 1504
15819 - 88 1
15819 - 108 1
15820 # 1504
15820 + 88
15821 # 1504
15821 - 88 1
15822 # 1504
15823 # 1504
15823 + 88
15824 # 1504
15824 - 88 1
15825 # 1504
15825 + 88
15826 # 1504
15826 - 88 1
15827 # 1504
15828 # 1504
15828 + 88
15828 + 108
15829 # 1504
15829 - 88 1
15829 - 108 1
15830 # 1504
15831 # 1504
15831 + 88
15832 # 1504
15832 - 88 1
15833 # 1504
15833 + 88
15834 # 1504
15834 - 88 1
15835 # 1504
15835 + 88
15836 # 1504
15836 - 88 1
15837 # 1504
15838 # 1504
15838 + 88
15839 # 1504
15839 - 88 1
15840 # 1504
15840 + 88
15840 + 108
15841 # 1504
15841 - 88 1
15841 - 108 1
15842 # 1504
15842 + 88
15843 # 1504
15843 - 88 1
15844 # 1504
15845 # 1504
15845 + 88
15846 # 1504
15846 - 88 1
15847 # 1504
15848 # 1504
15848 + 88
15849 # 1504
15849 - 88 1
15850 # 1504
15850 + 88
15851 # 1504
15851 - 88 1
15852 # 1504
15853 # 1504
15853 + 88
15853 + 108
15854 # 1504
15854 - 88 1
15854 - 108 1
15855 # 1504
15856 # 1504
15856 + 88
15857 # 1504
15857 - 88 1
15858 # 1504
15859 # 1504
15859 + 88
15860 # 1504
15860 - 88 1
15861 # 1504
15861 + 88
15862 # 1504
15862 - 88 1
15863 # 1504
15864 # 1504
15865 # 1504
15865 + 88
15865 + 108
15866 # 1504
15866 - 88 1
15866 - 108 1
15867 # 1504
15868 # 1504
15868 + 88
15869 # 1504
15869 - 88 1
15870 # 1504
15871 # 1504
15872 # 1504
15872 + 88
15873 # 1504
15873 - 88 1
15874 # 1504
15875 # 1504
15876 # 1504
15876 + 88
15876 + 108
15877 # 1504
15877 - 88 1
15877 - 108 1
15878 # 1504
15878 + 88
15879 # 1504
15879 - 88 1
15880 # 1504
15881 # 1504
15881 + 88
15882 # 1504
15882 - 88 1
15883 # 1504
15884 # 1504
15885 # 1504
15885 + 88
15886 # 1504
15886 - 88 1
15887 # 1504
15888 # 1504
15888 + 88
15888 + 108
15889 # 1504
15889 - 88 1
15889 - 108 1
15890 # 1504
15891 # 1504
15892 # 1504
15892 + 88
15893 # 1504
15893 - 88 1
15894 # 1504
15895 # 1504
15896 # 1504
15896 + 88
15897 # 1504
15897 - 88 1
15897 + 88
15898 # 1504
15898 - 88 1
15899 # 1504
15900 # 1504
15901 # 1504
15901 + 88
15901 + 108
15902 # 1504
15902 - 88 1
15902 - 108 1
15903 # 1504
15904 # 1504
15904 + 88
15905 # 1504
15905 - 88 1
15906 # 1504
15907 # 1504
15908 # 1504
15908 + 88
15909 # 1504
15909 - 88 1
15910 # 1504
15911 # 1504
15912 # 1504
15912 + 88
15912 + 108
15913 # 1504
15913 - 88 1
15913 - 108 1
15914 # 1504
15915 # 1504
15916 # 1504
15916 + 88
15917 # 1504
15917 - 88 1
15918 # 1504
15918 + 88
15919 # 1504
15919 - 88 1
15920 # 1504
15921 # 1504
15921 + 88
15922 # 1504
15922 - 88 1
15923 # 1504
15924 # 1504
15925 # 1504
15925 + 88
15925 + 108
15926 # 1504
15926 - 88 1
15926 - 108 1
15927 # 1504
15928 # 1504
15929 # 1504
15929 + 88
15930 # 1504
15930 - 88 1
15931 # 1504
15932 # 1504
15932 + 88
15933 # 1504
15933 - 88 1
15934 # 1504
15935 # 1504
15936 # 1504
15936 + 88
15936 + 108
15937 # 1504
15937 - 88 1
15937 - 108 1
15938 # 1504
15939 # 1504
15940 # 1504
15940 + 88
15941 # 1504
15941 - 88 1
15942 # 1504
15943 # 1504
15944 # 1504
15944 + 88
15945 # 1504
15945 - 88 1
15946 # 1504
15947 # 1504
15948 # 1504
15949 # 1504
15949 + 88
15949 + 108
15950 # 1504
15950 - 88 1
15950 - 108 1
15951 # 1504
15952 # 1504
15953 # 1504
15954 # 1504
15955 # 1504
15955 + 88
15956 # 1504
15956 - 88 1
15956 + 88
15957 # 1504
15957 - 88 1
15958 # 1504
15959 # 1504
15960 # 1504
15961 # 1504
15962 # 1504
15963 # 1504
15963 + 88
15963 + 108
15964 # 1504
15964 - 88 1
15964 - 108 1
15965 # 1504
15966 # 1504
15967 # 1504
15967 + 88
15968 # 1504
15968 - 88 1
15968 + 88
15969 # 1504
15969 - 88 1
15970 # 1504
15971 # 1504
15972 # 1504
15973 # 1504
15973 + 88
15974 # 1504
15974 - 88 1
15975 # 1504
15975 + 88
15975 + 108
15976 # 1504
15976 - 88 1
15976 - 108 1
15977 # 1504
15977 + 88
15978 # 1504
15978 - 88 1
15979 # 1504
15980 # 1504
15981 # 1504
15982 # 1504
15982 + 88
15983 # 1504
15983 - 88 1
15983 + 88
15984 # 1504
15984 - 88 1
15985 # 1504
15986 # 1504
15987 # 1504
15987 + 88
15987 + 108
15988 # 1504
15988 - 88 1
15988 - 108 1
15989 # 1504
15990 # 1504
15990 + 88
15991 # 1504
15991 - 88 1
15992 # 1504
15992 + 88
15993 # 1504
15993 - 88 1
15994 # 1504
15995 # 1504
15996 # 1504
15996 + 88
15997 # 1504
15997 - 88 1
15998 # 1504
15998 + 88
15998 + 108
15999 # 1504
15999 - 88 1
15999 - 108 1
16000 # 1504
16001 # 1504
16002 # 1504
16002 + 88
16003 # 1504
16003 - 88 1
16004 # 1504
16005 # 1504
16005 + 88
16006 # 1504
16006 - 88 1
16007 # 1504
16008 # 1504
16009 # 1504
16009 + 88
16009 + 108
16010 # 1504
16010 - 88 1
16010 - 108 1
16011 # 1504
16012 # 1504
16012 + 88
16013 # 1504
16013 - 88 1
16014 # 1504
16015 # 1504
16016 # 1504
16016 + 88
16017 # 1504
16017 - 88 1
16018 # 1504
16019 # 1504
16019 + 88
16019 + 108
16020 # 1504
16020 - 88 1
16020 - 108 1
16021 # 1504
16022 # 1504
16022 + 88
16023 # 1504
16023 - 88 1
16024 # 1504
16025 # 1504
16025 + 88
16026 # 1504
16026 - 88 1
16027 # 1504
16028 # 1504
16029 # 1504
16030 # 1504
16031 # 1504
16031 + 88
16031 + 108
16032 # 1504
16032 - 88 1
16032 - 108 1
16032 + 88
16033 # 1504
16033 - 88 1
16034 # 1504
16035 # 1504
16036 # 1504
16036 + 88
16037 # 1504
16037 - 88 1
16038 # 1504
16039 # 1504
16039 + 88
16040 # 1504
16040 - 88 1
16041 # 1504
16042 # 1504
16043 # 1504
16043 + 88
16043 + 108
16044 # 1504
16044 - 88 1
16044 - 108 1
16045 # 1504
16046 # 1504
16046 + 88
16047 # 1504
16047 - 88 1
16048 # 1504
16049 # 1504
16049 + 88
16050 # 1504
16050 - 88 1
16051 # 1504
16052 # 1504
16052 + 88
16053 # 1504
16053 - 88 1
16054 # 1504
16055 # 1504
16055 + 88
16055 + 108
16056 # 1504
16056 - 88 1
16056 - 108 1
16057 # 1504
16058 # 1504
16058 + 88
16059 # 1504
16059 - 88 1
16060 # 1504
16061 # 1504
16061 + 88
16062 # 1504
16062 - 88 1
16063 # 1504
16064 # 1504
16064 + 88
16065 # 1504
16065 - 88 1
16066 # 1504
16067 # 1504
16067 + 88
16067 + 108
16068 # 1504
16068 - 88 1
16068 - 108 1
16069 # 1504
16069 + 88
16070 # 1504
16070 - 88 1
16071 # 1504
16071 + 88
16072 # 1504
16072 - 88 1
16073 # 1504
16074 # 1504
16075 # 1504
16076 # 1504
16077 # 1504
16077 + 88
16078 # 1504
16078 - 88 1
16079 # 1504
16080 # 1504
16080 + 88
16080 + 108
16081 # 1504
16081 - 88 1
16081 - 108 1
16082 # 1504
16083 # 1504
16083 + 88
16084 # 1504
16084 - 88 1
16084 + 88
16085 # 1504
16085 - 88 1
16086 # 1504
16087 # 1504
16088 # 1504
16088 + 88
16089 # 1504
16089 - 88 1
16090 # 1504
16091 # 1504
16092 # 1504
16093 # 1504
16094 # 1504
16094 + 88
16094 + 108
16095 # 1504
16095 - 88 1
16095 - 108 1
16096 # 1504
16097 # 1504
16097 + 88
16098 # 1504
16098 - 88 1
16099 # 1504
16100 # 1504
16100 + 88
16101 # 1504
16101 - 88 1
16102 # 1504
16103 # 1504
16103 + 88
16103 + 88
16104 # 1504
16104 - 88 1
16104 - 88 1
16105 # 1504
16106 # 1504
16107 # 1504
16108 # 1504
16109 # 1504
16109 + 88
16109 + 108
16110 # 1504
16110 - 88 1
16110 - 108 1
16111 # 1504
16112 # 1504
16112 + 88
16112 + 88
16113 # 1504
16113 - 88 1
16113 - 88 1
16114 # 1504
16115 # 1504
16116 # 1504
16116 + 88
16117 # 1504
16117 - 88 1
16118 # 1504
16119 # 1504
16120 # 1504
16120 + 88
16120 + 108
16121 # 1504
16121 - 88 1
16121 - 108 1
16122 # 1504
16123 # 1504
16123 + 88
16124 # 1504
16124 - 88 1
16124 + 88
16125 # 1504
16125 - 88 1
16126 # 1504
16127 # 1504
16128 # 1504
16129 # 1504
16129 + 88
16130 # 1504
16130 - 88 1
16131 # 1504
16132 # 1504
16133 # 1504
16134 # 1504
16135 # 1504
16136 # 1504
16136 + 88
16136 + 108
16137 # 1504
16137 - 88 1
16137 - 108 1
16138 # 1504
16139 # 1504
16139 + 88
16140 # 1504
16140 - 88 1
16140 + 88
16141 # 1504
16141 - 88 1
16142 # 1504
16143 # 1504
16144 # 1504
16145 # 1504
16145 + 88
16146 # 1504
16146 - 88 1
16147 # 1504
16148 # 1504
16149 # 1504
16150 # 1504
16151 # 1504
16152 # 1504
16152 + 88
16152 + 108
16153 # 1504
16153 - 88 1
16153 - 108 1
16153 + 88
16154 # 1504
16154 - 88 1
16155 # 1504
16156 # 1504
16157 # 1504
16158 # 1504
16159 # 1504
16160 # 1504
16160 + 88
16161 # 1504
16161 - 88 1
16162 # 1504
16162 + 88
16162 + 108
16163 # 1504
16163 - 88 1
16163 - 108 1
16164 # 1504
16165 # 1504
16166 # 1504
16167 # 1504
16168 # 1504
16168 + 88
16169 # 1504
16169 - 88 1
16170 # 1504
16170 + 88
16171 # 1504
16171 - 88 1
16172 # 1504
16173 # 1504
16174 # 1504
16175 # 1504
16176 # 1504
16176 + 88
16176 + 108
16177 # 1504
16177 - 88 1
16177 - 108 1
16178 # 1504
16179 # 1504
16179 + 88
16180 # 1504
16180 - 88 1
16181 # 1504
16181 + 88
16182 # 1504
16182 - 88 1
16183 # 1504
16184 # 1504
16185 # 1504
16185 + 88
16186 # 1504
16186 - 88 1
16187 # 1504
16188 # 1504
16189 # 1504
16189 + 88
16189 + 108
16190 # 1504
16190 - 88 1
16190 - 108 1
16191 # 1504
16192 # 1504
16193 # 1504
16193 + 88
16194 # 1504
16194 - 88 1
16195 # 1504
16196 # 1504
16197 # 1504
16197 + 88
16198 # 1504
16198 - 88 1
16199 # 1504
16200 # 1504
16201 # 1504
16201 + 88
16201 + 108
16202 # 1504
16202 - 88 1
16202 - 108 1
16203 # 1504
16204 # 1504
16205 # 1504
16205 + 88
16206 # 1504
16206 - 88 1
16207 # 1504
16208 # 1504
16209 # 1504
16209 + 88
16210 # 1504
16210 - 88 1
16211 # 1504
16212 # 1504
16212 + 88
16212 + 108
16213 # 1504
16213 - 88 1
16213 - 108 1
16214 # 1504
16215 # 1504
16216 # 1504
16216 + 88
16217 # 1504
16217 - 88 1
16217 + 88
16218 # 1504
16218 - 88 1
16219 # 1504
16220 # 1504
16221 # 1504
16221 + 88
16222 # 1504
16222 - 88 1
16223 # 1504
16224 # 1504
16224 + 88
16224 + 108
16225 # 1504
16225 - 88 1
16225 - 108 1
16226 # 1504
16227 # 1504
16228 # 1504
16228 + 88
16229 # 1504
16229 - 88 1
16229 + 88
16230 # 1504
16230 - 88 1
16231 # 1504
16232 # 1504
16233 # 1504
16233 + 88
16234 # 1504
16234 - 88 1
16235 # 1504
16235 + 88
16235 + 108
16236 # 1504
16236 - 88 1
16236 - 108 1
16237 # 1504
16238 # 1504
16239 # 1504
16240 # 1504
16240 + 88
16241 # 1504
16241 - 88 1
16242 # 1504
16243 # 1504
16244 # 1504
16244 + 88
16245 # 1504
16245 - 88 1
16246 # 1504
16247 # 1504
16247 + 88
16247 + 108
16248 # 1504
16248 - 88 1
16248 - 108 1
16249 # 1504
16249 + 88
16250 # 1504
16250 - 88 1
16251 # 1504
16252 # 1504
16252 + 88
16253 # 1504
16253 - 88 1
16254 # 1504
16255 # 1504
16256 # 1504
16257 # 1504
16257 + 88
16258 # 1504
16258 - 88 1
16259 # 1504
16260 # 1504
16261 # 1504
16261 + 88
16261 + 108
16262 # 1504
16262 - 88 1
16262 - 108 1
16263 # 1504
16264 # 1504
16265 # 1504
16265 + 88
16265 + 88
16266 # 1504
16266 - 88 1
16266 - 88 1
16267 # 1504
16268 # 1504
16269 # 1504
16270 # 1504
16271 # 1504
16271 + 88
16272 # 1504
16272 - 88 1
16273 # 1504
16274 # 1504
16274 + 88
16274 + 108
16275 # 1504
16275 - 88 1
16275 - 108 1
16275 + 88
16276 # 1504
16276 - 88 1
16277 # 1504
16278 # 1504
16279 # 1504
16280 # 1504
16280 + 88
16280 + 100
16281 # 1504
16281 - 88 1
16281 - 100 1
16282 # 1504
16283 # 1504
16283 + 88
16284 # 1504
16284 - 88 1
16285 # 1504
16286 # 1504
16286 + 88
16287 # 1504
16287 - 88 1
16288 # 1504
16289 # 1504
16289 + 88
16290 # 1504
16290 - 88 1
16291 # 1504
16292 # 1504
16292 + 88
16292 + 108
16292 + 88
16293 # 1504
16293 - 88 1
16293 - 108 1
16293 - 88 1
16294 # 1504
16295 # 1504
16295 + 88
16296 # 1504
16296 - 88 1
16297 # 1504
16298 # 1504
16299 # 1504
16300 # 1504
16301 # 1504
16302 # 1504
16302 + 88
16302 + 88
16303 # 1504
16303 - 88 1
16303 - 88 1
16304 # 1504
16305 # 1504
16306 # 1504
16307 # 1504
16308 # 1504
16309 # 1504
16310 # 1504
16310 + 88
16310 + 108
16311 # 1504
16311 - 88 1
16311 - 108 1
16311 + 88
16312 # 1504
16312 - 88 1
16313 # 1504
16314 # 1504
16315 # 1504
16316 # 1504
16317 # 1504
16318 # 1504
16318 + 88
16319 # 1504
16319 - 88 1
16320 # 1504
16321 # 1504
16322 # 1504
16322 + 88
16322 + 108
16323 # 1504
16323 - 88 1
16323 - 108 1
16324 # 1504
16325 # 1504
16326 # 1504
16326 + 88
16327 # 1504
16327 - 88 1
16328 # 1504
16329 # 1504
16330 # 1504
16330 + 88
16331 # 1504
16331 - 88 1
16332 # 1504
16333 # 1504
16334 # 1504
16334 + 88
16334 + 108
16335 # 1504
16335 - 88 1
16335 - 108 1
16335 + 88
16336 # 1504
16336 - 88 1
16337 # 1504
16338 # 1504
16339 # 1504
16340 # 1504
16341 # 1504
16341 + 88
16342 # 1504
16342 - 88 1
16343 # 1504
16344 # 1504
16345 # 1504
16345 + 88
16345 + 108
16346 # 1504
16346 - 88 1
16346 - 108 1
16347 # 1504
16347 + 88
16348 # 1504
16348 - 88 1
16349 # 1504
16350 # 1504
16351 # 1504
16352 # 1504
16352 + 88
16352 + 88
16353 # 1504
16353 - 88 1
16353 - 88 1
16354 # 1504
16355 # 1504
16356 # 1504
16356 + 88
16356 + 108
16357 # 1504
16357 - 88 1
16357 - 108 1
16358 # 1504
16359 # 1504
16360 # 1504
16361 # 1504
16361 + 88
16362 # 1504
16362 - 88 1
16363 # 1504
16363 + 88
16364 # 1504
16364 - 88 1
16365 # 1504
16366 # 1504
16367 # 1504
16368 # 1504
16368 + 88
16368 + 108
16369 # 1504
16369 - 88 1
16369 - 108 1
16370 # 1504
16370 + 88
16371 # 1504
16371 - 88 1
16372 # 1504
16373 # 1504
16374 # 1504
16375 # 1504
16375 + 88
16376 # 1504
16376 - 88 1
16377 # 1504
16378 # 1504
16378 + 88
16378 + 108
16379 # 1504
16379 - 88 1
16379 - 108 1
16380 # 1504
16381 # 1504
16381 + 88
16382 # 1504
16382 - 88 1
16383 # 1504
16384 # 1504
16384 + 88
16385 # 1504
16385 - 88 1
16386 # 1504
16387 # 1504
16387 + 88
16388 # 1504
16388 - 88 1
16389 # 1504
16390 # 1504
16390 + 88
16390 + 108
16391 # 1504
16391 - 88 1
16391 - 108 1
16392 # 1504
16392 + 88
16393 # 1504
16393 - 88 1
16394 # 1504
16395 # 1504
16396 # 1504
16396 + 88
16397 # 1504
16397 - 88 1
16398 # 1504
16399 # 1504
16399 + 88
16399 + 88
16400 # 1504
16400 - 88 1
16400 - 88 1
16401 # 1504
16402 # 1504
16403 # 1504
16404 # 1504
16404 + 88
16404 + 108
16405 # 1504
16405 - 88 1
16405 - 108 1
16406 # 1504
16407 # 1504
16408 # 1504
16408 + 88
16409 # 1504
16409 - 88 1
16410 # 1504
16411 # 1504
16411 + 88
16412 # 1504
16412 - 88 1
16413 # 1504
16414 # 1504
16414 + 88
16414 + 88
16415 # 1504
16415 - 88 1
16415 - 88 1
16416 # 1504
16417 # 1504
16418 # 1504
16419 # 1504
16420 # 1504
16420 + 88
16420 + 108
16421 # 1504
16421 - 88 1
16421 - 108 1
16421 + 88
16422 # 1504
16422 - 88 1
16423 # 1504
16424 # 1504
16424 + 88
16425 # 1504
16425 - 88 1
16426 # 1504
16427 # 1504
16428 # 1504
16428 + 88
16429 # 1504
16429 - 88 1
16430 # 1504
16430 + 88
16430 + 108
16431 # 1504
16431 - 88 1
16431 - 108 1
16432 # 1504
16432 + 88
16433 # 1504
16433 - 88 1
16434 # 1504
16435 # 1504
16436 # 1504
16437 # 1504
16437 + 88
16438 # 1504
16438 - 88 1
16439 # 1504
16439 + 88
16440 # 1504
16440 - 88 1
16441 # 1504
16441 + 88
16441 + 108
16442 # 1504
16442 - 88 1
16442 - 108 1
16443 # 1504
16444 # 1504
16445 # 1504
16445 + 88
16446 # 1504
16446 - 88 1
16447 # 1504
16447 + 88
16448 # 1504
16448 - 88 1
16449 # 1504
16450 # 1504
16450 + 88
16451 # 1504
16451 - 88 1
16452 # 1504
16452 + 88
16452 + 108
16453 # 1504
16453 - 88 1
16453 - 108 1
16453 + 88
16454 # 1504
16454 - 88 1
16455 # 1504
16456 # 1504
16456 + 88
16457 # 1504
16457 - 88 1
16458 # 1504
16459 # 1504
16460 # 1504
16460 + 88
16461 # 1504
16461 - 88 1
16462 # 1504
16463 # 1504
16463 + 88
16463 + 108
16464 # 1504
16464 - 88 1
16464 - 108 1
16465 # 1504
16465 + 88
16466 # 1504
16466 - 88 1
16466 + 88
16467 # 1504
16467 - 88 1
16468 # 1504
16469 # 1504
16469 + 88
16470 # 1504
16470 - 88 1
16471 # 1504
16472 # 1504
16472 + 88
16473 # 1504
16473 - 88 1
16474 # 1504
16475 # 1504
16475 + 88
16475 + 108
16476 # 1504
16476 - 88 1
16476 - 108 1
16477 # 1504
16478 # 1504
16478 + 88
16479 # 1504
16479 - 88 1
16480 # 1504
16480 + 88
16481 # 1504
16481 - 88 1
16482 # 1504
16483 # 1504
16483 + 88
16484 # 1504
16484 - 88 1
16485 # 1504
16485 + 88
16485 + 108
16486 # 1504
16486 - 88 1
16486 - 108 1
16487 # 1504
16488 # 1504
16488 + 88
16489 # 1504
16489 - 88 1
16490 # 1504
16490 + 88
16491 # 1504
16491 - 88 1
16492 # 1504
16492 + 88
16493 # 1504
16493 - 88 1
16494 # 1504
16495 # 1504
16495 + 88
16496 # 1504
16496 - 88 1
16496 + 88
16496 + 108
16497 # 1504
16497 - 88 1
16497 - 108 1
16498 # 1504
16498 + 88
16499 # 1504
16499 - 88 1
16500 # 1504
16501 # 1504
16501 + 88
16501 + 100
16502 # 1504
16502 - 88 1
16502 - 100 1
16503 # 1504
16503 + 88
16504 # 1504
16504 - 88 1
16505 # 1504
16505 + 88
16506 # 1504
16506 - 88 1
16507 # 1504
16508 # 1504
16508 + 88
16509 # 1504
16509 - 88 1
16510 # 1504
16510 + 88
16511 # 1504
16511 - 88 1
16512 # 1504
16512 + 88
16512 + 108
16513 # 1504
16513 - 88 1
16513 - 108 1
16514 # 1504
16515 # 1504
16515 + 88
16516 # 1504
16516 - 88 1
16517 # 1504
16517 + 88
16518 # 1504
16518 - 88 1
16519 # 1504
16519 + 88
16520 # 1504
16520 - 88 1
16521 # 1504
16522 # 1504
16523 # 1504
16523 + 88
16523 + 108
16524 # 1504
16524 - 88 1
16524 - 108 1
16524 + 88
16525 # 1504
16525 - 88 1
16526 # 1504
16527 # 1504
16527 + 88
16528 # 1504
16528 - 88 1
16529 # 1504
16530 # 1504
16531 # 1504
16531 + 88
16532 # 1504
16532 - 88 1
16532 + 88
16533 # 1504
16533 - 88 1
16534 # 1504
16535 # 1504
16535 + 88
16535 + 108
16536 # 1504
16536 - 88 1
16536 - 108 1
16536 + 88
16537 # 1504
16537 - 88 1
16538 # 1504
16539 # 1504
16540 # 1504
16540 + 88
16541 # 1504
16541 - 88 1
16542 # 1504
16542 + 88
16543 # 1504
16543 - 88 1
16543 + 88
16544 # 1504
16544 - 88 1
16545 # 1504
16546 # 1504
16546 + 88
16546 + 108
16547 # 1504
16547 - 88 1
16547 - 108 1
16548 # 1504
16549 # 1504
16549 + 88
16549 + 88
16550 # 1504
16550 - 88 1
16550 - 88 1
16551 # 1504
16552 # 1504
16553 # 1504
16553 + 88
16554 # 1504
16554 - 88 1
16555 # 1504
16556 # 1504
16556 + 88
16557 # 1504
16557 - 88 1
16557 + 88
16557 + 108
16558 # 1504
16558 - 88 1
16558 - 108 1
16559 # 1504
16560 # 1504
16561 # 1504
16561 + 88
16562 # 1504
16562 - 88 1
16562 + 88
16563 # 1504
16563 - 88 1
16564 # 1504
16565 # 1504
16566 # 1504
16567 # 1504
16567 + 88
16568 # 1504
16568 - 88 1
16569 # 1504
16570 # 1504
16570 + 88
16570 + 108
16571 # 1504
16571 - 88 1
16571 - 108 1
16572 # 1504
16572 + 88
16573 # 1504
16573 - 88 1
16574 # 1504
16575 # 1504
16575 + 88
16576 # 1504
16576 - 88 1
16577 # 1504
16577 + 88
16578 # 1504
16578 - 88 1
16579 # 1504
16579 + 88
16580 # 1504
16580 - 88 1
16581 # 1504
16582 # 1504
16582 + 88
16582 + 108
16583 # 1504
16583 - 88 1
16583 - 108 1
16584 # 1504
16584 + 88
16585 # 1504
16585 - 88 1
16586 # 1504
16587 # 1504
16587 + 88
16588 # 1504
16588 - 88 1
16589 # 1504
16590 # 1504
16590 + 88
16591 # 1504
16591 - 88 1
16592 # 1504
16592 + 88
16592 + 108
16593 # 1504
16593 - 88 1
16593 - 108 1
16594 # 1504
16594 + 88
16595 # 1504
16595 - 88 1
16596 # 1504
16597 # 1504
16597 + 88
16598 # 1504
16598 - 88 1
16598 + 88
16599 # 1504
16599 - 88 1
16600 # 1504
16601 # 1504
16601 + 88
16602 # 1504
16602 - 88 1
16603 # 1504
16603 + 88
16603 + 108
16604 # 1504
16604 - 88 1
16604 - 108 1
16605 # 1504
16606 # 1504
16606 + 88
16607 # 1504
16607 - 88 1
16608 # 1504
16608 + 88
16609 # 1504
16609 - 88 1
16610 # 1504
16611 # 1504
16611 + 88
16612 # 1504
16612 - 88 1
16613 # 1504
16613 + 88
16614 # 1504
16614 - 88 1
16615 # 1504
16616 # 1504
16616 + 88
16616 + 108
16617 # 1504
16617 - 88 1
16617 - 108 1
16618 # 1504
16618 + 88
16619 # 1504
16619 - 88 1
16620 # 1504
16621 # 1504
16621 + 88
16622 # 1504
16622 - 88 1
16623 # 1504
16624 # 1504
16624 + 88
16625 # 1504
16625 - 88 1
16626 # 1504
16627 # 1504
16628 # 1504
16628 + 88
16628 + 108
16629 # 1504
16629 - 88 1
16629 - 108 1
16630 # 1504
16630 + 88
16631 # 1504
16631 - 88 1
16632 # 1504
16633 # 1504
16633 + 88
16634 # 1504
16634 - 88 1
16635 # 1504
16636 # 1504
16636 + 88
16637 # 1504
16637 - 88 1
16638 # 1504
16638 + 88
16639 # 1504
16639 - 88 1
16640 # 1504
16641 # 1504
16641 + 88
16641 + 108
16642 # 1504
16642 - 88 1
16642 - 108 1
16643 # 1504
16644 # 1504
16644 + 88
16645 # 1504
16645 - 88 1
16646 # 1504
16646 + 88
16647 # 1504
16647 - 88 1
16648 # 1504
16649 # 1504
16649 + 88
16650 # 1504
16650 - 88 1
16651 # 1504
16652 # 1504
16652 + 88
16652 + 108
16653 # 1504
16653 - 88 1
16653 - 108 1
16654 # 1504
16654 + 88
16655 # 1504
16655 - 88 1
16656 # 1504
16657 # 1504
16657 + 88
16658 # 1504
16658 - 88 1
16659 # 1504
16660 # 1504
16660 + 88
16661 # 1504
16661 - 88 1
16662 # 1504
16663 # 1504
16663 + 88
16663 + 108
16664 # 1504
16664 - 88 1
16664 - 108 1
16665 # 1504
16666 # 1504
16667 # 1504
16668 # 1504
16668 + 88
16669 # 1504
16669 - 88 1
16670 # 1504
16671 # 1504
16672 # 1504
16672 + 88
16673 # 1504
16673 - 88 1
16674 # 1504
16675 # 1504
16675 + 88
16675 + 108
16676 # 1504
16676 - 88 1
16676 - 108 1
16677 # 1504
16678 # 1504
16678 + 88
16679 # 1504
16679 - 88 1
16680 # 1504
16680 + 88
16681 # 1504
16681 - 88 1
16682 # 1504
16683 # 1504
16684 # 1504
16684 + 88
16685 # 1504
16685 - 88 1
16686 # 1504
16687 # 1504
16687 + 88
16687 + 108
16688 # 1504
16688 - 88 1
16688 - 108 1
16689 # 1504
16690 # 1504
16691 # 1504
16691 + 88
16692 # 1504
16692 - 88 1
16693 # 1504
16693 + 88
16694 # 1504
16694 - 88 1
16695 # 1504
16696 # 1504
16696 + 88
16696 + 100
16697 # 1504
16697 - 88 1
16697 - 100 1
16698 # 1504
16698 + 88
16699 # 1504
16699 - 88 1
16700 # 1504
16701 # 1504
16701 + 88
16702 # 1504
16702 - 88 1
16703 # 1504
16703 + 88
16704 # 1504
16704 - 88 1
16705 # 1504
16706 # 1504
16706 + 88
16707 # 1504
16707 - 88 1
16708 # 1504
16708 + 88
16708 + 108
16709 # 1504
16709 - 88 1
16709 - 108 1
16710 # 1504
16711 # 1504
16711 + 88
16712 # 1504
16712 - 88 1
16713 # 1504
16713 + 88
16714 # 1504
16714 - 88 1
16715 # 1504
16716 # 1504
16716 + 88
16716 + 88
16717 # 1504
16717 - 88 1
16717 - 88 1
16718 # 1504
16719 # 1504
16720 # 1504
16721 # 1504
16721 + 88
16721 + 108
16722 # 1504
16722 - 88 1
16722 - 108 1
16723 # 1504
16724 # 1504
16724 + 88
16725 # 1504
16725 - 88 1
16726 # 1504
16727 # 1504
16727 + 88
16728 # 1504
16728 - 88 1
16728 + 88
16729 # 1504
16729 - 88 1
16730 # 1504
16731 # 1504
16732 # 1504
16732 + 88
16732 + 108
16733 # 1504
16733 - 88 1
16733 - 108 1
16734 # 1504
16734 + 88
16735 # 1504
16735 - 88 1
16736 # 1504
16736 + 88
16737 # 1504
16737 - 88 1
16738 # 1504
16739 # 1504
16740 # 1504
16740 + 88
16741 # 1504
16741 - 88 1
16742 # 1504
16742 + 88
16743 # 1504
16743 - 88 1
16744 # 1504
16745 # 1504
16745 + 88
16745 + 108
16746 # 1504
16746 - 88 1
16746 - 108 1
16747 # 1504
16748 # 1504
16748 + 88
16749 # 1504
16749 - 88 1
16750 # 1504
16750 + 88
16751 # 1504
16751 - 88 1
16752 # 1504
16752 + 88
16753 # 1504
16753 - 88 1
16754 # 1504
16755 # 1504
16756 # 1504
16756 + 88
16756 + 108
16757 # 1504
16757 - 88 1
16757 - 108 1
16757 + 88
16758 # 1504
16758 - 88 1
16759 # 1504
16760 # 1504
16760 + 88
16761 # 1504
16761 - 88 1
16762 # 1504
16763 # 1504
16764 # 1504
16764 + 88
16765 # 1504
16765 - 88 1
16766 # 1504
16766 + 88
16767 # 1504
16767 - 88 1
16768 # 1504
16768 + 88
16768 + 108
16769 # 1504
16769 - 88 1
16769 - 108 1
16770 # 1504
16771 # 1504
16771 + 88
16772 # 1504
16772 - 88 1
16773 # 1504
16773 + 88
16774 # 1504
16774 - 88 1
16775 # 1504
16776 # 1504
16776 + 88
16777 # 1504
16777 - 88 1
16778 # 1504
16779 # 1504
16779 + 88
16779 + 108
16780 # 1504
16780 - 88 1
16780 - 108 1
16781 # 1504
16782 # 1504
16782 + 88
16782 + 88
16783 # 1504
16783 - 88 1
16783 - 88 1
16784 # 1504
16785 # 1504
16786 # 1504
16787 # 1504
16787 + 88
16788 # 1504
16788 - 88 1
16789 # 1504
16790 # 1504
16790 + 88
16790 + 108
16791 # 1504
16791 - 88 1
16791 - 108 1
16792 # 1504
16792 + 88
16793 # 1504
16793 - 88 1
16794 # 1504
16795 # 1504
16796 # 1504
16796 + 88
16797 # 1504
16797 - 88 1
16798 # 1504
16798 + 88
16799 # 1504
16799 - 88 1
16800 # 1504
16800 + 88
16800 + 108
16801 # 1504
16801 - 88 1
16801 - 108 1
16802 # 1504
16802 + 88
16803 # 1504
16803 - 88 1
16804 # 1504
16804 + 88
16805 # 1504
16805 - 88 1
16806 # 1504
16807 # 1504
16808 # 1504
16808 + 88
16809 # 1504
16809 - 88 1
16810 # 1504
16810 + 88
16810 + 108
16811 # 1504
16811 - 88 1
16811 - 108 1
16812 # 1504
16813 # 1504
16813 + 88
16814 # 1504
16814 - 88 1
16815 # 1504
16815 + 88
16816 # 1504
16816 - 88 1
16817 # 1504
16818 # 1504
16818 + 88
16819 # 1504
16819 - 88 1
16820 # 1504
16820 + 88
16821 # 1504
16821 - 88 1
16822 # 1504
16823 # 1504
16824 # 1504
16824 + 88
16824 + 108
16825 # 1504
16825 - 88 1
16825 - 108 1
16826 # 1504
16827 # 1504
16827 + 88
16828 # 1504
16828 - 88 1
16828 + 88
16829 # 1504
16829 - 88 1
16830 # 1504
16831 # 1504
16832 # 1504
16833 # 1504
16833 + 88
16834 # 1504
16834 - 88 1
16835 # 1504
16836 # 1504
16836 + 88
16836 + 108
16837 # 1504
16837 - 88 1
16837 - 108 1
16838 # 1504
16838 + 88
16839 # 1504
16839 - 88 1
16840 # 1504
16841 # 1504
16842 # 1504
16843 # 1504
16843 + 88
16844 # 1504
16844 - 88 1
16844 + 88
16845 # 1504
16845 - 88 1
16846 # 1504
16847 # 1504
16848 # 1504
16849 # 1504
16849 + 88
16849 + 108
16850 # 1504
16850 - 88 1
16850 - 108 1
16851 # 1504
16852 # 1504
16852 + 88
16853 # 1504
16853 - 88 1
16853 + 88
16854 # 1504
16854 - 88 1
16855 # 1504
16856 # 1504
16857 # 1504
16857 + 88
16858 # 1504
16858 - 88 1
16859 # 1504
16860 # 1504
16860 + 88
16860 + 108
16861 # 1504
16861 - 88 1
16861 - 108 1
16862 # 1504
16862 + 88
16863 # 1504
16863 - 88 1
16863 + 88
16864 # 1504
16864 - 88 1
16865 # 1504
16866 # 1504
16867 # 1504
16867 + 88
16868 # 1504
16868 - 88 1
16869 # 1504
16870 # 1504
16870 + 88
16871 # 1504
16871 - 88 1
16872 # 1504
16872 + 88
16872 + 108
16873 # 1504
16873 - 88 1
16873 - 108 1
16873 + 88
16874 # 1504
16874 - 88 1
16875 # 1504
16876 # 1504
16876 + 88
16877 # 1504
16877 - 88 1
16878 # 1504
16879 # 1504
16880 # 1504
16880 + 88
16881 # 1504
16881 - 88 1
16881 + 88
16882 # 1504
16882 - 88 1
16883 # 1504
16884 # 1504
16885 # 1504
16885 + 88
16885 + 108
16886 # 1504
16886 - 88 1
16886 - 108 1
16887 # 1504
16888 # 1504
16888 + 88
16889 # 1504
16889 - 88 1
16890 # 1504
16891 # 1504
16892 # 1504
16893 # 1504
16893 + 88
16894 # 1504
16894 - 88 1
16894 + 88
16894 + 100
16895 # 1504
16895 - 88 1
16895 - 100 1
16896 # 1504
16897 # 1504
16898 # 1504
16899 # 1504
16899 + 88
16900 # 1504
16900 - 88 1
16901 # 1504
16902 # 1504
16903 # 1504
16903 + 88
16904 # 1504
16904 - 88 1
16905 # 1504
16905 + 88
16905 + 108
16906 # 1504
16906 - 88 1
16906 - 108 1
16907 # 1504
16908 # 1504
16909 # 1504
16909 + 88
16910 # 1504
16910 - 88 1
16911 # 1504
16912 # 1504
16912 + 88
16913 # 1504
16913 - 88 1
16914 # 1504
16915 # 1504
16915 + 88
16916 # 1504
16916 - 88 1
16916 + 88
16916 + 108
16917 # 1504
16917 - 88 1
16917 - 108 1
16918 # 1504
16918 + 88
16919 # 1504
16919 - 88 1
16920 # 1504
16921 # 1504
16922 # 1504
16922 + 88
16923 # 1504
16923 - 88 1
16924 # 1504
16925 # 1504
16926 # 1504
16926 + 88
16926 + 108
16927 # 1504
16927 - 88 1
16927 - 108 1
16928 # 1504
16929 # 1504
16929 + 88
16930 # 1504
16930 - 88 1
16931 # 1504
16932 # 1504
16932 + 88
16933 # 1504
16933 - 88 1
16934 # 1504
16934 + 88
16935 # 1504
16935 - 88 1
16936 # 1504
16937 # 1504
16937 + 88
16937 + 108
16938 # 1504
16938 - 88 1
16938 - 108 1
16939 # 1504
16940 # 1504
16940 + 88
16941 # 1504
16941 - 88 1
16942 # 1504
16942 + 88
16943 # 1504
16943 - 88 1
16944 # 1504
16945 # 1504
16945 + 88
16946 # 1504
16946 - 88 1
16947 # 1504
16947 + 88
16948 # 1504
16948 - 88 1
16949 # 1504
16950 # 1504
16950 + 88
16950 + 108
16950 + 88
16951 # 1504
16951 - 88 1
16951 - 108 1
16951 - 88 1
16952 # 1504
16953 # 1504
16954 # 1504
16955 # 1504
16955 + 88
16955 + 88
16956 # 1504
16956 - 88 1
16956 - 88 1
16957 # 1504
16958 # 1504
16959 # 1504
16960 # 1504
16960 + 88
16961 # 1504
16961 - 88 1
16962 # 1504
16962 + 88
16962 + 108
16963 # 1504
16963 - 88 1
16963 - 108 1
16964 # 1504
16965 # 1504
16965 + 88
16966 # 1504
16966 - 88 1
16966 + 88
16967 # 1504
16967 - 88 1
16968 # 1504
16969 # 1504
16970 # 1504
16971 # 1504
16972 # 1504
16972 + 88
16973 # 1504
16973 - 88 1
16974 # 1504
16975 # 1504
16975 + 88
16975 + 108
16976 # 1504
16976 - 88 1
16976 - 108 1
16977 # 1504
16978 # 1504
16978 + 88
16979 # 1504
16979 - 88 1
16980 # 1504
16980 + 88
16981 # 1504
16981 - 88 1
16982 # 1504
16983 # 1504
16983 + 88
16984 # 1504
16984 - 88 1
16985 # 1504
16986 # 1504
16986 + 88
16986 + 108
16987 # 1504
16987 - 88 1
16987 - 108 1
16988 # 1504
16988 + 88
16989 # 1504
16989 - 88 1
16990 # 1504
16991 # 1504
16992 # 1504
16992 + 88
16993 # 1504
16993 - 88 1
16994 # 1504
16995 # 1504
16995 + 88
16996 # 1504
16996 - 88 1
16997 # 1504
16998 # 1504
16998 + 88
16998 + 108
16999 # 1504
16999 - 88 1
16999 - 108 1
17000 # 1504
17001 # 1504
17001 + 88
17002 # 1504
17002 - 88 1
17003 # 1504
17004 # 1504
17004 + 88
17005 # 1504
17005 - 88 1
17006 # 1504
17007 # 1504
17008 # 1504
17009 # 1504
17009 + 88
17009 + 108
17010 # 1504
17010 - 88 1
17010 - 108 1
17010 + 88
17011 # 1504
17011 - 88 1
17012 # 1504
17013 # 1504
17014 # 1504
17015 # 1504
17016 # 1504
17016 + 88
17017 # 1504
17017 - 88 1
17017 + 88
17018 # 1504
17018 - 88 1
17019 # 1504
17020 # 1504
17021 # 1504
17021 + 88
17021 + 108
17022 # 1504
17022 - 88 1
17022 - 108 1
17023 # 1504
17023 + 88
17024 # 1504
17024 - 88 1
17025 # 1504
17026 # 1504
17027 # 1504
17027 + 88
17028 # 1504
17028 - 88 1
17029 # 1504
17029 + 88
17030 # 1504
17030 - 88 1
17031 # 1504
17032 # 1504
17032 + 88
17032 + 108
17033 # 1504
17033 - 88 1
17033 - 108 1
17034 # 1504
17035 # 1504
17036 # 1504
17036 + 88
17037 # 1504
17037 - 88 1
17038 # 1504
17038 + 88
17039 # 1504
17039 - 88 1
17040 # 1504
17041 # 1504
17042 # 1504
17042 + 88
17043 # 1504
17043 - 88 1
17043 + 88
17043 + 108
17044 # 1504
17044 - 88 1
17044 - 108 1
17045 # 1504
17046 # 1504
17047 # 1504
17047 + 88
17048 # 1504
17048 - 88 1
17049 # 1504
17049 + 88
17050 # 1504
17050 - 88 1
17051 # 1504
17052 # 1504
17052 + 88
17053 # 1504
17053 - 88 1
17054 # 1504
17055 # 1504
17056 # 1504
17057 # 1504
17057 + 88
17057 + 108
17058 # 1504
17058 - 88 1
17058 - 108 1
17059 # 1504
17060 # 1504
17061 # 1504
17061 + 88
17062 # 1504
17062 - 88 1
17063 # 1504
17063 + 88
17064 # 1504
17064 - 88 1
17065 # 1504
17066 # 1504
17066 + 88
17067 # 1504
17067 - 88 1
17068 # 1504
17069 # 1504
17069 + 88
17069 + 108
17070 # 1504
17070 - 88 1
17070 - 108 1
17071 # 1504
17072 # 1504
17073 # 1504
17073 + 88
17074 # 1504
17074 - 88 1
17075 # 1504
17076 # 1504
17077 # 1504
17078 # 1504
17078 + 88
17079 # 1504
17079 - 88 1
17080 # 1504
17081 # 1504
17081 + 88
17081 + 108
17082 # 1504
17082 - 88 1
17082 - 108 1
17083 # 1504
17084 # 1504
17085 # 1504
17085 + 88
17086 # 1504
17086 - 88 1
17087 # 1504
17088 # 1504
17088 + 88
17089 # 1504
17089 - 88 1
17090 # 1504
17091 # 1504
17092 # 1504
17092 + 88
17092 + 108
17093 # 1504
17093 - 88 1
17093 - 108 1
17094 # 1504
17095 # 1504
17095 + 88
17096 # 1504
17096 - 88 1
17097 # 1504
17098 # 1504
17099 # 1504
17099 + 88
17100 # 1504
17100 - 88 1
17101 # 1504
17102 # 1504
17103 # 1504
17104 # 1504
17104 + 88
17104 + 108
17105 # 1504
17105 - 88 1
17105 - 108 1
17106 # 1504
17107 # 1504
17107 + 88
17108 # 1504
17108 - 88 1
17109 # 1504
17110 # 1504
17110 + 88
17111 # 1504
17111 - 88 1
17112 # 1504
17113 # 1504
17114 # 1504
17115 # 1504
17116 # 1504
17116 + 88
17116 + 108
17117 # 1504
17117 - 88 1
17117 - 108 1
17117 + 88
17118 # 1504
17118 - 88 1
17119 # 1504
17120 # 1504
17121 # 1504
17121 + 88
17122 # 1504
17122 - 88 1
17123 # 1504
17124 # 1504
17125 # 1504
17125 + 88
17125 + 100
17126 # 1504
17126 - 88 1
17126 - 100 1
17127 # 1504
17128 # 1504
17129 # 1504
17130 # 1504
17130 + 88
17131 # 1504
17131 - 88 1
17132 # 1504
17133 # 1504
17133 + 88
17134 # 1504
17134 - 88 1
17135 # 1504
17136 # 1504
17137 # 1504
17138 # 1504
17138 + 88
17138 + 108
17139 # 1504
17139 - 88 1
17139 - 108 1
17140 # 1504
17141 # 1504
17142 # 1504
17143 # 1504
17144 # 1504
17144 + 88
17145 # 1504
17145 - 88 1
17146 # 1504
17147 # 1504
17147 + 88
17148 # 1504
17148 - 88 1
17149 # 1504
17150 # 1504
17151 # 1504
17151 + 88
17151 + 108
17152 # 1504
17152 - 88 1
17152 - 108 1
17153 # 1504
17154 # 1504
17155 # 1504
17156 # 1504
17156 + 88
17157 # 1504
17157 - 88 1
17158 # 1504
17159 # 1504
17160 # 1504
17160 + 88
17161 # 1504
17161 - 88 1
17162 # 1504
17163 # 1504
17164 # 1504
17165 # 1504
17166 # 1504
17167 # 1504
17168 # 1504
17168 + 88
17168 + 108
17169 # 1504
17169 - 88 1
17169 - 108 1
17169 + 88
17170 # 1504
17170 - 88 1
17171 # 1504
17172 # 1504
17173 # 1504
17173 + 88
17174 # 1504
17174 - 88 1
17175 # 1504
17176 # 1504
17177 # 1504
17177 + 88
17178 # 1504
17178 - 88 1
17179 # 1504
17180 # 1504
17181 # 1504
17181 + 88
17181 + 108
17182 # 1504
17182 - 88 1
17182 - 108 1
17183 # 1504
17183 + 88
17184 # 1504
17184 - 88 1
17185 # 1504
17186 # 1504
17186 + 88
17187 # 1504
17187 - 88 1
17188 # 1504
17189 # 1504
17190 # 1504
17190 + 88
17191 # 1504
17191 - 88 1
17192 # 1504
17193 # 1504
17193 + 88
17193 + 108
17194 # 1504
17194 - 88 1
17194 - 108 1
17195 # 1504
17196 # 1504
17196 + 88
17197 # 1504
17197 - 88 1
17198 # 1504
17198 + 88
17199 # 1504
17199 - 88 1
17200 # 1504
17201 # 1504
17202 # 1504
17203 # 1504
17204 # 1504
17204 + 88
17204 + 108
17205 # 1504
17205 - 88 1
17205 - 108 1
17206 # 1504
17206 + 88
17207 # 1504
17207 - 88 1
17208 # 1504
17209 # 1504
17209 + 88
17210 # 1504
17210 - 88 1
17211 # 1504
17212 # 1504
17213 # 1504
17214 # 1504
17214 + 88
17215 # 1504
17215 - 88 1
17216 # 1504
17217 # 1504
17218 # 1504
17219 # 1504
17219 + 88
17219 + 108
17220 # 1504
17220 - 88 1
17220 - 108 1
17221 # 1504
17222 # 1504
17223 # 1504
17223 + 88
17224 # 1504
17224 - 88 1
17225 # 1504
17226 # 1504
17227 # 1504
17228 # 1504
17228 + 88
17229 # 1504
17229 - 88 1
17230 # 1504
17231 # 1504
17232 # 1504
17232 + 88
17232 + 108
17233 # 1504
17233 - 88 1
17233 - 108 1
17234 # 1504
17235 # 1504
17236 # 1504
17237 # 1504
17237 + 88
17238 # 1504
17238 - 88 1
17239 # 1504
17240 # 1504
17241 # 1504
17241 + 88
17242 # 1504
17242 - 88 1
17243 # 1504
17244 # 1504
17245 # 1504
17245 + 88
17245 + 108
17246 # 1504
17246 - 88 1
17246 - 108 1
17247 # 1504
17248 # 1504
17249 # 1504
17250 # 1504
17250 + 88
17251 # 1504
17251 - 88 1
17252 # 1504
17253 # 1504
17254 # 1504
17254 + 88
17255 # 1504
17255 - 88 1
17256 # 1504
17257 # 1504
17257 + 88
17257 + 108
17258 # 1504
17258 - 88 1
17258 - 108 1
17259 # 1504
17260 # 1504
17261 # 1504
17262 # 1504
17262 + 88
17263 # 1504
17263 - 88 1
17264 # 1504
17265 # 1504
17265 + 88
17266 # 1504
17266 - 88 1
17267 # 1504
17268 # 1504
17268 + 88
17268 + 108
17269 # 1504
17269 - 88 1
17269 - 108 1
17270 # 1504
17271 # 1504
17272 # 1504
17273 # 1504
17273 + 88
17274 # 1504
17274 - 88 1
17275 # 1504
17276 # 1504
17276 + 88
17277 # 1504
17277 - 88 1
17278 # 1504
17279 # 1504
17280 # 1504
17281 # 1504
17282 # 1504
17282 + 88
17282 + 108
17283 # 1504
17283 - 88 1
17283 - 108 1
17284 # 1504
17284 + 88
17285 # 1504
17285 - 88 1
17286 # 1504
17287 # 1504
17288 # 1504
17289 # 1504
17290 # 1504
17291 # 1504
17291 + 88
17292 # 1504
17292 - 88 1
17293 # 1504
17293 + 88
17293 + 108
17294 # 1504
17294 - 88 1
17294 - 108 1
17295 # 1504
17296 # 1504
17297 # 1504
17298 # 1504
17299 # 1504
17300 # 1504
17301 # 1504
17302 # 1504
17303 # 1504
17303 + 88
17303 + 108
17304 # 1504
17304 - 88 1
17304 - 108 1
17304 + 88
17305 # 1504
17305 - 88 1
17306 # 1504
17307 # 1504
17308 # 1504
17309 # 1504
17310 # 1504
17311 # 1504
17312 # 1504
17313 # 1504
17314 # 1504
17314 + 88
17314 + 108
17315 # 1504
17315 - 88 1
17315 - 108 1
17315 + 88
17316 # 1504
17316 - 88 1
17317 # 1504
17318 # 1504
17319 # 1504
17320 # 1504
17321 # 1504
17321 + 88
17322 # 1504
17322 - 88 1
17323 # 1504
17324 # 1504
17325 # 1504
17326 # 1504
17327 # 1504
17328 # 1504
17329 # 1504
17330 # 1504
17331 # 1504
17331 + 88
17331 + 108
17332 # 1504
17332 - 88 1
17332 - 108 1
17332 + 88
17333 # 1504
17333 - 88 1
17334 # 1504
17335 # 1504
17336 # 1504
17337 # 1504
17338 # 1504
17338 + 88
17339 # 1504
17339 - 88 1
17340 # 1504
17341 # 1504
17342 # 1504
17343 # 1504
17344 # 1504
17344 + 88
17344 + 108
17345 # 1504
17345 - 88 1
17345 - 108 1
17346 # 1504
17347 # 1504
17348 # 1504
17348 + 88
17349 # 1504
17349 - 88 1
17350 # 1504
17351 # 1504
17352 # 1504
17353 # 1504
17354 # 1504
17354 + 88
17355 # 1504
17355 - 88 1
17356 # 1504
17357 # 1504
17358 # 1504
17359 # 1504
17359 + 88
17359 + 108
17360 # 1504
17360 - 88 1
17360 - 108 1
17361 # 1504
17362 # 1504
17363 # 1504
17364 # 1504
17365 # 1504
17365 + 88
17366 # 1504
17366 - 88 1
17367 # 1504
17368 # 1504
17369 # 1504
17370 # 1504
17371 # 1504
17371 + 88
17371 + 108
17372 # 1504
17372 - 88 1
17372 - 108 1
17373 # 1504
17374 # 1504
17375 # 1504
17376 # 1504
17376 + 88
17377 # 1504
17377 - 88 1
17378 # 1504
17379 # 1504
17380 # 1504
17381 # 1504
17382 # 1504
17382 + 88
17382 + 108
17383 # 1504
17383 - 88 1
17383 - 108 1
17384 # 1504
17385 # 1504
17386 # 1504
17387 # 1504
17388 # 1504
17388 + 88
17389 # 1504
17389 - 88 1
17390 # 1504
17391 # 1504
17392 # 1504
17393 # 1504
17394 # 1504
17395 # 1504
17396 # 1504
17396 + 88
17396 + 108
17397 # 1504
17397 - 88 1
17397 - 108 1
17398 # 1504
17399 # 1504
17400 # 1504
17400 + 88
17401 # 1504
17401 - 88 1
17402 # 1504
17403 # 1504
17404 # 1504
17405 # 1504
17406 # 1504
17407 # 1504
17408 # 1504
17408 + 88
17408 + 108
17409 # 1504
17409 - 88 1
17409 - 108 1
17410 # 1504
17411 # 1504
17412 # 1504
17413 # 1504
17414 # 1504
17415 # 1504
17415 + 88
17416 # 1504
17416 - 88 1
17417 # 1504
17418 # 1504
17419 # 1504
17420 # 1504
17421 # 1504
17422 # 1504
17423 # 1504
17424 # 1504
17424 + 88
17424 + 108
17425 # 1504
17425 - 88 1
17425 - 108 1
17426 # 1504
17427 # 1504
17428 # 1504
17429 # 1504
17430 # 1504
17431 # 1504
17431 + 88
17432 # 1504
17432 - 88 1
17433 # 1504
17434 # 1504
17435 # 1504
17436 # 1504
17437 # 1504
17438 # 1504
17439 # 1504
17440 # 1504
17441 # 1504
17441 + 88
17441 + 108
17442 # 1504
17442 - 88 1
17442 - 108 1
17443 # 1504
17444 # 1504
17445 # 1504
17446 # 1504
17447 # 1504
17447 + 88
17448 # 1504
17448 - 88 1
17449 # 1504
17450 # 1504
17451 # 1504
17452 # 1504
17453 # 1504
17454 # 1504
17454 + 108
17455 # 1504
17455 - 108 1
17456 # 1504
17457 # 1504
17458 # 1504
17458 + 88
17459 # 1504
17459 - 88 1
17460 # 1504
17461 # 1504
17462 # 1504
17463 # 1504
17464 # 1504
17465 # 1504
17466 # 1504
17467 # 1504
17468 # 1504
17469 # 1504
17470 # 1504
17470 + 88
17470 + 108
17471 # 1504
17471 - 88 1
17471 - 108 1
17472 # 1504
17473 # 1504
17474 # 1504
17475 # 1504
17476 # 1504
17477 # 1504
17478 # 1504
17478 + 88
17479 # 1504
17479 - 88 1
17479 + 88
17480 # 1504
17480 - 88 1
17481 # 1504
17481 + 108
17482 # 1504
17482 - 108 1
17483 # 1504
17484 # 1504
17485 # 1504
17485 + 88
17486 # 1504
17486 - 88 1
17487 # 1504
17488 # 1504
17488 + 88
17489 # 1504
17489 - 88 1
17490 # 1504
17491 # 1504
17492 # 1504
17493 # 1504
17493 + 88
17493 + 108
17494 # 1504
17494 - 88 1
17494 - 108 1
17495 # 1504
17496 # 1504
17497 # 1504
17497 + 88
17498 # 1504
17498 - 88 1
17499 # 1504
17500 # 1504
17501 # 1504
17502 # 1504
17502 + 88
17503 # 1504
17503 - 88 1
17504 # 1504
17505 # 1504
17506 # 1504
17507 # 1504
17508 # 1504
17508 + 88
17508 + 108
17509 # 1504
17509 - 88 1
17509 - 108 1
17510 # 1504
17511 # 1504
17512 # 1504
17512 + 88
17513 # 1504
17513 - 88 1
17514 # 1504
17515 # 1504
17516 # 1504
17516 + 88
17517 # 1504
17517 - 88 1
17518 # 1504
17519 # 1504
17520 # 1504
17521 # 1504
17522 # 1504
17522 + 88
17522 + 108
17523 # 1504
17523 - 88 1
17523 - 108 1
17524 # 1504
17525 # 1504
17526 # 1504
17527 # 1504
17528 # 1504
17529 # 1504
17530 # 1504
17530 + 88
17531 # 1504
17531 - 88 1
17532 # 1504
17532 + 88
17532 + 108
17533 # 1504
17533 - 88 1
17533 - 108 1
17534 # 1504
17535 # 1504
17536 # 1504
17536 + 88
17537 # 1504
17537 - 88 1
17538 # 1504
17539 # 1504
17540 # 1504
17541 # 1504
17542 # 1504
17543 # 1504
17544 # 1504
17544 + 108
17545 # 1504
17545 - 108 1
17546 # 1504
17547 # 1504
17548 # 1504
17549 # 1504
17550 # 1504
17551 # 1504
17552 # 1504
17552 + 88
17553 # 1504
17553 - 88 1
17554 # 1504
17554 + 88
17555 # 1504
17555 - 88 1
17556 # 1504
17557 # 1504
17558 # 1504
17559 # 1504
17560 # 1504
17561 # 1504
17562 # 1504
17563 # 1504
17564 # 1504
17564 + 88
17564 + 108
17565 # 1504
17565 - 88 1
17565 - 108 1
17566 # 1504
17567 # 1504
17568 # 1504
17569 # 1504
17570 # 1504
17571 # 1504
17572 # 1504
17572 + 88
17573 # 1504
17573 - 88 1
17574 # 1504
17575 # 1504
17576 # 1504
17577 # 1504
17578 # 1504
17578 + 88
17578 + 108
17579 # 1504
17579 - 88 1
17579 - 108 1
17580 # 1504
17581 # 1504
17582 # 1504
17583 # 1504
17584 # 1504
17585 # 1504
17586 # 1504
17587 # 1504
17588 # 1504
17589 # 1504
17590 # 1504
17591 # 1504
17592 # 1504
17593 # 1504
17593 + 88
17594 # 1504
17594 - 88 1
17595 # 1504
17596 # 1504
17596 + 88
17597 # 1504
17597 - 88 1
17598 # 1504
17599 # 1504
17600 # 1504
17601 # 1504
17602 # 1504
17603 # 1504
17604 # 1504
17605 # 1504
17606 # 1504
17607 # 1504
17608 # 1504
17609 # 1504
17610 # 1504
17611 # 1504
17612 # 1504
17612 + 108
17612 + 88
17613 # 1504
17613 - 108 1
17613 - 88 1
17614 # 1504
17615 # 1504
17616 # 1504
17617 # 1504
17618 # 1504
17619 # 1504
17620 # 1504
17621 # 1504
17622 # 1504
17623 # 1504
17624 # 1504
17625 # 1504
17626 # 1504
17627 # 1504
17627 + 88
17627 + 108
17628 # 1504
17628 - 88 1
17628 - 108 1
17629 # 1504
17630 # 1504
17631 # 1504
17631 + 88
17632 # 1504
17632 - 88 1
17633 # 1504
17634 # 1504
17635 # 1504
17636 # 1504
17637 # 1504
17638 # 1504
17639 # 1504
17640 # 1504
17641 # 1504
17641 + 88
17641 + 108
17642 # 1504
17642 - 88 1
17642 - 108 1
17643 # 1504
17644 # 1504
17645 # 1504
17646 # 1504
17647 # 1504
17648 # 1504
17649 # 1504
17650 # 1504
17651 # 1504
17652 # 1504
17653 # 1504
17654 # 1504
17654 + 88
17654 + 108
17655 # 1504
17655 - 88 1
17655 - 108 1
17656 # 1504
17657 # 1504
17658 # 1504
17659 # 1504
17660 # 1504
17661 # 1504
17662 # 1504
17663 # 1504
17664 # 1504
17665 # 1504
17666 # 1504
17667 # 1504
17667 + 88
17667 + 108
17668 # 1504
17668 - 88 1
17668 - 108 1
17669 # 1504
17670 # 1504
17671 # 1504
17672 # 1504
17673 # 1504
17674 # 1504
17675 # 1504
17676 # 1504
17677 # 1504
17678 # 1504
17679 # 1504
17680 # 1504
17680 + 88
17681 # 1504
17681 - 88 1
17682 # 1504
17683 # 1504
17684 # 1504
17685 # 1504
17686 # 1504
17687 # 1504
17688 # 1504
17689 # 1504
17690 # 1504
17691 # 1504
17692 # 1504
17692 + 108
17693 # 1504
17693 - 108 1
17694 # 1504
17695 # 1504
17696 # 1504
17697 # 1504
17698 # 1504
17699 # 1504
17700 # 1504
17701 # 1504
17702 # 1504
17703 # 1504
17704 # 1504
17705 # 1504
17705 + 88
17706 # 1504
17706 - 88 1
17707 # 1504
17708 # 1504
17709 # 1504
17710 # 1504
17711 # 1504
17712 # 1504
17713 # 1504
17714 # 1504
17715 # 1504
17716 # 1504
17717 # 1504
17718 # 1504
17718 + 88
17718 + 108
17719 # 1504
17719 - 88 1
17719 - 108 1
17720 # 1504
17720 + 88
17721 # 1504
17721 - 88 1
17722 # 1504
17723 # 1504
17724 # 1504
17725 # 1504
17726 # 1504
17727 # 1504
17728 # 1504
17729 # 1504
17730 # 1504
17731 # 1504
17731 + 108
17732 # 1504
17732 - 108 1
17733 # 1504
17734 # 1504
17735 # 1504
17736 # 1504
17737 # 1504
17737 + 88
17738 # 1504
17738 - 88 1
17739 # 1504
17739 + 88
17740 # 1504
17740 - 88 1
17741 # 1504
17742 # 1504
17743 # 1504
17744 # 1504
17744 + 88
17744 + 108
17745 # 1504
17745 - 88 1
17745 - 108 1
17746 # 1504
17747 # 1504
17748 # 1504
17749 # 1504
17750 # 1504
17751 # 1504
17752 # 1504
17753 # 1504
17754 # 1504
17755 # 1504
17755 + 88
17756 # 1504
17756 - 88 1
17756 + 88
17757 # 1504
17757 - 88 1
17758 # 1504
17759 # 1504
17760 # 1504
17761 # 1504
17762 # 1504
17763 # 1504
17764 # 1504
17765 # 1504
17766 # 1504
17767 # 1504
17767 + 108
17767 + 88
17768 # 1504
17768 - 108 1
17768 - 88 1
17768 + 88
17769 # 1504
17769 - 88 1
17770 # 1504
17771 # 1504
17772 # 1504
17773 # 1504
17774 # 1504
17775 # 1504
17776 # 1504
17776 + 88
17777 # 1504
17777 - 88 1
17778 # 1504
17779 # 1504
17780 # 1504
17780 + 88
17780 + 108
17781 # 1504
17781 - 88 1
17781 - 108 1
17782 # 1504
17783 # 1504
17784 # 1504
17785 # 1504
17786 # 1504
17787 # 1504
17788 # 1504
17788 + 88
17789 # 1504
17789 - 88 1
17790 # 1504
17791 # 1504
17792 # 1504
17792 + 88
17792 + 108
17793 # 1504
17793 - 88 1
17793 - 108 1
17794 # 1504
17795 # 1504
17796 # 1504
17797 # 1504
17798 # 1504
17799 # 1504
17800 # 1504
17801 # 1504
17801 + 88
17802 # 1504
17802 - 88 1
17803 # 1504
17804 # 1504
17805 # 1504
17806 # 1504
17807 # 1504
17807 + 108
17808 # 1504
17808 - 108 1
17809 # 1504
17810 # 1504
17811 # 1504
17812 # 1504
17813 # 1504
17814 # 1504
17815 # 1504
17816 # 1504
17816 + 88
17817 # 1504
17817 - 88 1
17818 # 1504
17819 # 1504
17820 # 1504
17821 # 1504
17822 # 1504
17823 # 1504
17824 # 1504
17824 + 88
17824 + 108
17825 # 1504
17825 - 88 1
17825 - 108 1
17826 # 1504
17827 # 1504
17828 # 1504
17829 # 1504
17830 # 1504
17831 # 1504
17832 # 1504
17832 + 88
17833 # 1504
17833 - 88 1
17834 # 1504
17834 + 88
17834 + 108
17835 # 1504
17835 - 88 1
17835 - 108 1
17836 # 1504
17837 # 1504
17838 # 1504
17839 # 1504
17840 # 1504
17841 # 1504
17842 # 1504
17842 + 88
17843 # 1504
17843 - 88 1
17844 # 1504
17845 # 1504
17846 # 1504
17847 # 1504
17848 # 1504
17849 # 1504
17850 # 1504
17850 + 88
17850 + 108
17851 # 1504
17851 - 88 1
17851 - 108 1
17852 # 1504
17853 # 1504
17854 # 1504
17855 # 1504
17856 # 1504
17857 # 1504
17858 # 1504
17858 + 88
17859 # 1504
17859 - 88 1
17860 # 1504
17861 # 1504
17862 # 1504
17863 # 1504
17864 # 1504
17865 # 1504
17866 # 1504
17866 + 88
17866 + 108
17867 # 1504
17867 - 88 1
17867 - 108 1
17868 # 1504
17869 # 1504
17870 # 1504
17871 # 1504
17872 # 1504
17873 # 1504
17874 # 1504
17875 # 1504
17876 # 1504
17876 + 88
17876 + 108
17877 # 1504
17877 - 88 1
17877 - 108 1
17878 # 1504
17879 # 1504
17880 # 1504
17880 + 88
17881 # 1504
17881 - 88 1
17882 # 1504
17883 # 1504
17884 # 1504
17885 # 1504
17886 # 1504
17887 # 1504
17888 # 1504
17888 + 88
17888 + 108
17889 # 1504
17889 - 88 1
17889 - 108 1
17890 # 1504
17891 # 1504
17892 # 1504
17892 + 88
17893 # 1504
17893 - 88 1
17894 # 1504
17895 # 1504
17896 # 1504
17897 # 1504
17898 # 1504
17898 + 88
17898 + 108
17899 # 1504
17899 - 88 1
17899 - 108 1
17900 # 1504
17901 # 1504
17902 # 1504
17903 # 1504
17904 # 1504
17904 + 88
17905 # 1504
17905 - 88 1
17906 # 1504
17907 # 1504
17908 # 1504
17909 # 1504
17910 # 1504
17911 # 1504
17911 + 88
17911 + 108
17912 # 1504
17912 - 88 1
17912 - 108 1
17913 # 1504
17914 # 1504
17915 # 1504
17916 # 1504
17917 # 1504
17918 # 1504
17919 # 1504
17920 # 1504
17921 # 1504
17921 + 88
17921 + 108
17922 # 1504
17922 - 88 1
17922 - 108 1
17923 # 1504
17924 # 1504
17925 # 1504
17926 # 1504
17927 # 1504
17927 + 88
17928 # 1504
17928 - 88 1
17929 # 1504
17929 + 88
17930 # 1504
17930 - 88 1
17931 # 1504
17932 # 1504
17933 # 1504
17934 # 1504
17934 + 88
17934 + 108
17935 # 1504
17935 - 88 1
17935 - 108 1
17936 # 1504
17937 # 1504
17938 # 1504
17939 # 1504
17940 # 1504
17941 # 1504
17941 + 88
17942 # 1504
17942 - 88 1
17943 # 1504
17944 # 1504
17945 # 1504
17946 # 1504
17947 # 1504
17948 # 1504
17949 # 1504
17949 + 88
17949 + 108
17950 # 1504
17950 - 88 1
17950 - 108 1
17951 # 1504
17952 # 1504
17953 # 1504
17954 # 1504
17955 # 1504
17956 # 1504
17957 # 1504
17957 + 88
17958 # 1504
17958 - 88 1
17959 # 1504
17960 # 1504
17961 # 1504
17962 # 1504
17963 # 1504
17964 # 1504
17965 # 1504
17966 # 1504
17967 # 1504
17968 # 1504
17969 # 1504
17970 # 1504
17971 # 1504
17972 # 1504
17972 + 88
17972 + 108
17973 # 1504
17973 - 88 1
17973 - 108 1
17974 # 1504
17974 + 88
17975 # 1504
17975 - 88 1
17976 # 1504
17977 # 1504
17978 # 1504
17979 # 1504
17980 # 1504
17981 # 1504
17982 # 1504
17982 + 88
17983 # 1504
17983 - 88 1
17984 # 1504
17985 # 1504
17986 # 1504
17987 # 1504
17988 # 1504
17989 # 1504
17990 # 1504
17990 + 88
17990 + 108
17991 # 1504
17991 - 88 1
17991 - 108 1
17992 # 1504
17993 # 1504
17994 # 1504
17995 # 1504
17996 # 1504
17997 # 1504
17998 # 1504
17999 # 1504
18000 # 1504
18000 + 88
18000 + 108
18001 # 1504
18001 - 88 1
18001 - 108 1
18002 # 1504
18003 # 1504
18004 # 1504
18005 # 1504
18006 # 1504
18007 # 1504
18008 # 1504
18009 # 1504
18010 # 1504
18011 # 1504
18012 # 1504
18013 # 1504
18013 + 88
18013 + 108
18014 # 1504
18014 - 88 1
18014 - 108 1
18014 + 88
18015 # 1504
18015 - 88 1
18016 # 1504
18017 # 1504
18018 # 1504
18019 # 1504
18020 # 1504
18021 # 1504
18022 # 1504
18023 # 1504
18024 # 1504
18025 # 1504
18026 # 1504
18027 # 1504
18027 + 88
18027 + 108
18028 # 1504
18028 - 88 1
18028 - 108 1
18029 # 1504
18030 # 1504
18031 # 1504
18032 # 1504
18033 # 1504
18034 # 1504
18035 # 1504
18036 # 1504
18037 # 1504
18038 # 1504
18039 # 1504
18040 # 1504
18040 + 88
18040 + 108
18041 # 1504
18041 - 88 1
18041 - 108 1
18042 # 1504
18043 # 1504
18044 # 1504
18045 # 1504
18046 # 1504
18047 # 1504
18048 # 1504
18049 # 1504
18050 # 1504
18051 # 1504
18052 # 1504
18052 + 108
18053 # 1504
18053 - 108 1
18053 + 88
18054 # 1504
18054 - 88 1
18055 # 1504
18056 # 1504
18057 # 1504
18058 # 1504
18059 # 1504
18060 # 1504
18061 # 1504
18062 # 1504
18063 # 1504
18064 # 1504
18065 # 1504
18066 # 1504
18066 + 88
18066 + 108
18067 # 1504
18067 - 88 1
18067 - 108 1
18068 # 1504
18069 # 1504
18070 # 1504
18071 # 1504
18072 # 1504
18073 # 1504
18074 # 1504
18075 # 1504
18076 # 1504
18077 # 1504
18078 # 1504
18079 # 1504
18079 + 88
18079 + 108
18080 # 1504
18080 - 88 1
18080 - 108 1
18081 # 1504
18082 # 1504
18083 # 1504
18084 # 1504
18085 # 1504
18086 # 1504
18087 # 1504
18088 # 1504
18089 # 1504
18090 # 1504
18091 # 1504
18092 # 1504
18092 + 88
18093 # 1504
18093 - 88 1
18094 # 1504
18095 # 1504
18096 # 1504
18097 # 1504
18098 # 1504
18099 # 1504
18100 # 1504
18101 # 1504
18102 # 1504
18103 # 1504
18104 # 1504
18105 # 1504
18106 # 1504
18107 # 1504
18108 # 1504
18109 # 1504
18110 # 1504
18111 # 1504
18112 # 1504
18113 # 1504
18114 # 1504
18115 # 1504
18116 # 1504
18117 # 1504
18117 + 108
18117 + 88
18117 + 100
18118 # 1504
18118 - 108 1
18118 - 88 1
18118 - 100 1
18118 + 88
18119 # 1504
18119 - 88 1
18120 # 1504
18121 # 1504
18122 # 1504
18123 # 1504
18124 # 1504
18125 # 1504
18126 # 1504
18127 # 1504
18128 # 1504
18129 # 1504
18130 # 1504
18131 # 1504
18132 # 1504
18132 + 88
18132 + 108
18133 # 1504
18133 - 88 1
18133 - 108 1
18134 # 1504
18135 # 1504
18136 # 1504
18137 # 1504
18138 # 1504
18139 # 1504
18140 # 1504
18141 # 1504
18142 # 1504
18143 # 1504
18144 # 1504
18144 + 88
18144 + 108
18145 # 1504
18145 - 88 1
18145 - 108 1
18146 # 1504
18147 # 1504
18148 # 1504
18149 # 1504
18150 # 1504
18151 # 1504
18152 # 1504
18153 # 1504
18154 # 1504
18155 # 1504
18155 + 88
18155 + 108
18156 # 1504
18156 - 88 1
18156 - 108 1
18156 + 88
18157 # 1504
18157 - 88 1
18158 # 1504
18159 # 1504
18160 # 1504
18161 # 1504
18162 # 1504
18162 + 88
18163 # 1504
18163 - 88 1
18164 # 1504
18165 # 1504
18166 # 1504
18167 # 1504
18168 # 1504
18169 # 1504
18170 # 1504
18171 # 1504
18172 # 1504
18173 # 1504
18173 + 88
18173 + 108
18174 # 1504
18174 - 88 1
18174 - 108 1
18175 # 1504
18176 # 1504
18177 # 1504
18177 + 88
18178 # 1504
18178 - 88 1
18179 # 1504
18180 # 1504
18180 + 88
18181 # 1504
18181 - 88 1
18182 # 1504
18183 # 1504
18184 # 1504
18185 # 1504
18186 # 1504
18187 # 1504
18188 # 1504
18189 # 1504
18190 # 1504
18191 # 1504
18191 + 88
18191 + 108
18192 # 1504
18192 - 88 1
18192 - 108 1
18193 # 1504
18194 # 1504
18195 # 1504
18196 # 1504
18197 # 1504
18197 + 88
18198 # 1504
18198 - 88 1
18199 # 1504
18200 # 1504
18200 + 88
18201 # 1504
18201 - 88 1
18202 # 1504
18203 # 1504
18204 # 1504
18204 + 88
18204 + 108
18205 # 1504
18205 - 88 1
18205 - 108 1
18206 # 1504
18207 # 1504
18208 # 1504
18209 # 1504
18210 # 1504
18211 # 1504
18212 # 1504
18213 # 1504
18214 # 1504
18215 # 1504
18216 # 1504
18217 # 1504
18217 + 88
18217 + 108
18218 # 1504
18218 - 88 1
18218 - 108 1
18219 # 1504
18220 # 1504
18221 # 1504
18222 # 1504
18223 # 1504
18224 # 1504
18225 # 1504
18226 # 1504
18227 # 1504
18228 # 1504
18229 # 1504
18230 # 1504
18231 # 1504
18232 # 1504
18233 # 1504
18234 # 1504
18235 # 1504
18236 # 1504
18237 # 1504
18238 # 1504
18239 # 1504
18239 + 108
18239 + 88
18240 # 1504
18240 - 108 1
18240 - 88 1
18241 # 1504
18242 # 1504
18242 + 88
18243 # 1504
18243 - 88 1
18244 # 1504
18245 # 1504
18246 # 1504
18247 # 1504
18248 # 1504
18249 # 1504
18250 # 1504
18251 # 1504
18252 # 1504
18253 # 1504
18254 # 1504
18255 # 1504
18256 # 1504
18257 # 1504
18257 + 108
18257 + 88
18258 # 1504
18258 - 108 1
18258 - 88 1
18259 # 1504
18260 # 1504
18261 # 1504
18262 # 1504
18263 # 1504
18264 # 1504
18265 # 1504
18266 # 1504
18267 # 1504
18267 + 108
18268 # 1504
18268 - 108 1
18269 # 1504
18269 + 88
18270 # 1504
18270 - 88 1
18271 # 1504
18272 # 1504
18273 # 1504
18274 # 1504
18275 # 1504
18276 # 1504
18277 # 1504
18278 # 1504
18279 # 1504
18280 # 1504
18281 # 1504
18281 + 88
18281 + 108
18282 # 1504
18282 - 88 1
18282 - 108 1
18283 # 1504
18284 # 1504
18285 # 1504
18286 # 1504
18287 # 1504
18288 # 1504
18289 # 1504
18290 # 1504
18291 # 1504
18292 # 1504
18293 # 1504
18294 # 1504
18295 # 1504
18296 # 1504
18296 + 88
18296 + 108
18297 # 1504
18297 - 88 1
18297 - 108 1
18298 # 1504
18299 # 1504
18300 # 1504
18301 # 1504
18302 # 1504
18303 # 1504
18304 # 1504
18305 # 1504
18306 # 1504
18307 # 1504
18308 # 1504
18308 + 88
18308 + 108
18309 # 1504
18309 - 88 1
18309 - 108 1
18310 # 1504
18311 # 1504
18312 # 1504
18313 # 1504
18314 # 1504
18315 # 1504
18316 # 1504
18317 # 1504
18318 # 1504
18319 # 1504
18320 # 1504
18320 + 88
18320 + 108
18321 # 1504
18321 - 88 1
18321 - 108 1
18322 # 1504
18323 # 1504
18324 # 1504
18325 # 1504
18326 # 1504
18327 # 1504
18328 # 1504
18329 # 1504
18330 # 1504
18331 # 1504
18332 # 1504
18333 # 1504
18334 # 1504
18335 # 1504
18336 # 1504
18336 + 108
18336 + 88
18337 # 1504
18337 - 108 1
18337 - 88 1
18338 # 1504
18339 # 1504
18340 # 1504
18340 + 88
18341 # 1504
18341 - 88 1
18342 # 1504
18343 # 1504
18344 # 1504
18345 # 1504
18346 # 1504
18346 + 88
18347 # 1504
18347 - 88 1
18348 # 1504
18349 # 1504
18350 # 1504
18351 # 1504
18352 # 1504
18352 + 88
18352 + 108
18353 # 1504
18353 - 88 1
18353 - 108 1
18354 # 1504
18355 # 1504
18356 # 1504
18357 # 1504
18357 + 88
18358 # 1504
18358 - 88 1
18359 # 1504
18360 # 1504
18361 # 1504
18362 # 1504
18363 # 1504
18364 # 1504
18364 + 88
18364 + 108
18365 # 1504
18365 - 88 1
18365 - 108 1
18366 # 1504
18367 # 1504
18368 # 1504
18369 # 1504
18370 # 1504
18370 + 88
18371 # 1504
18371 - 88 1
18372 # 1504
18373 # 1504
18374 # 1504
18375 # 1504
18376 # 1504
18376 + 88
18376 + 108
18377 # 1504
18377 - 88 1
18377 - 108 1
18378 # 1504
18379 # 1504
18380 # 1504
18381 # 1504
18381 + 88
18382 # 1504
18382 - 88 1
18383 # 1504
18384 # 1504
18385 # 1504
18386 # 1504
18386 + 108
18387 # 1504
18387 - 108 1
18388 # 1504
18389 # 1504
18390 # 1504
18391 # 1504
18392 # 1504
18392 + 88
18393 # 1504
18393 - 88 1
18394 # 1504
18395 # 1504
18396 # 1504
18397 # 1504
18397 + 108
18397 + 88
18398 # 1504
18398 - 108 1
18398 - 88 1
18399 # 1504
18400 # 1504
18401 # 1504
18402 # 1504
18403 # 1504
18404 # 1504
18404 + 88
18405 # 1504
18405 - 88 1
18406 # 1504
18407 # 1504
18408 # 1504
18409 # 1504
18410 # 1504
18411 # 1504
18412 # 1504
18413 # 1504
18414 # 1504
18415 # 1504
18416 # 1504
18416 + 88
18416 + 108
18417 # 1504
18417 - 88 1
18417 - 108 1
18418 # 1504
18419 # 1504
18420 # 1504
18421 # 1504
18422 # 1504
18423 # 1504
18424 # 1504
18425 # 1504
18426 # 1504
18427 # 1504
18428 # 1504
18429 # 1504
18429 + 88
18430 # 1504
18430 - 88 1
18431 # 1504
18432 # 1504
18433 # 1504
18434 # 1504
18435 # 1504
18436 # 1504
18437 # 1504
18438 # 1504
18439 # 1504
18439 + 108
18440 # 1504
18440 - 108 1
18441 # 1504
18441 + 88
18442 # 1504
18442 - 88 1
18443 # 1504
18444 # 1504
18445 # 1504
18446 # 1504
18447 # 1504
18448 # 1504
18449 # 1504
18450 # 1504
18451 # 1504
18452 # 1504
18453 # 1504
18454 # 1504
18455 # 1504
18456 # 1504
18456 + 88
18456 + 108
18457 # 1504
18457 - 88 1
18457 - 108 1
18458 # 1504
18459 # 1504
18460 # 1504
18461 # 1504
18462 # 1504
18463 # 1504
18464 # 1504
18465 # 1504
18466 # 1504
18467 # 1504
18468 # 1504
18469 # 1504
18470 # 1504
18471 # 1504
18472 # 1504
18473 # 1504
18474 # 1504
18475 # 1504
18476 # 1504
18477 # 1504
18478 # 1504
18479 # 1504
18479 + 88
18479 + 108
18480 # 1504
18480 - 88 1
18480 - 108 1
18480 + 88
18481 # 1504
18481 - 88 1
18482 # 1504
18483 # 1504
18484 # 1504
18485 # 1504
18486 # 1504
18487 # 1504
18488 # 1504
18489 # 1504
18490 # 1504
18491 # 1504
18492 # 1504
18493 # 1504
18493 + 88
18493 + 108
18494 # 1504
18494 - 88 1
18494 - 108 1
18495 # 1504
18496 # 1504
18497 # 1504
18498 # 1504
18499 # 1504
18500 # 1504
18501 # 1504
18502 # 1504
18503 # 1504
18504 # 1504
18505 # 1504
18506 # 1504
18507 # 1504
18508 # 1504
18508 + 88
18508 + 108
18509 # 1504
18509 - 88 1
18509 - 108 1
18510 # 1504
18511 # 1504
18512 # 1504
18513 # 1504
18514 # 1504
18515 # 1504
18516 # 1504
18517 # 1504
18518 # 1504
18519 # 1504
18519 + 88
18519 + 108
18520 # 1504
18520 - 88 1
18520 - 108 1
18521 # 1504
18522 # 1504
18523 # 1504
18524 # 1504
18525 # 1504
18525 + 88
18526 # 1504
18526 - 88 1
18527 # 1504
18528 # 1504
18529 # 1504
18530 # 1504
18531 # 1504
18531 + 88
18531 + 108
18532 # 1504
18532 - 88 1
18532 - 108 1
18533 # 1504
18534 # 1504
18535 # 1504
18536 # 1504
18537 # 1504
18537 + 88
18538 # 1504
18538 - 88 1
18539 # 1504
18540 # 1504
18541 # 1504
18542 # 1504
18543 # 1504
18543 + 88
18543 + 108
18544 # 1504
18544 - 88 1
18544 - 108 1
18545 # 1504
18546 # 1504
18547 # 1504
18548 # 1504
18549 # 1504
18550 # 1504
18550 + 88
18551 # 1504
18551 - 88 1
18552 # 1504
18553 # 1504
18554 # 1504
18555 # 1504
18556 # 1504
18556 + 88
18556 + 108
18557 # 1504
18557 - 88 1
18557 - 108 1
18558 # 1504
18559 # 1504
18560 # 1504
18561 # 1504
18562 # 1504
18563 # 1504
18563 + 88
18564 # 1504
18564 - 88 1
18565 # 1504
18566 # 1504
18567 # 1504
18568 # 1504
18568 + 88
18568 + 108
18569 # 1504
18569 - 88 1
18569 - 108 1
18570 # 1504
18571 # 1504
18572 # 1504
18573 # 1504
18574 # 1504
18574 + 88
18575 # 1504
18575 - 88 1
18576 # 1504
18577 # 1504
18578 # 1504
18579 # 1504
18580 # 1504
18581 # 1504
18581 + 88
18581 + 108
18582 # 1504
18582 - 88 1
18582 - 108 1
18583 # 1504
18584 # 1504
18585 # 1504
18586 # 1504
18587 # 1504
18588 # 1504
18589 # 1504
18590 # 1504
18591 # 1504
18592 # 1504
18593 # 1504
18594 # 1504
18595 # 1504
18596 # 1504
18596 + 88
18596 + 108
18597 # 1504
18597 - 88 1
18597 - 108 1
18598 # 1504
18599 # 1504
18600 # 1504
18601 # 1504
18602 # 1504
18603 # 1504
18604 # 1504
18605 # 1504
18606 # 1504
18607 # 1504
18608 # 1504
18609 # 1504
18610 # 1504
18611 # 1504
18612 # 1504
18613 # 1504
18614 # 1504
18615 # 1504
18616 # 1504
18617 # 1504
18618 # 1504
18619 # 1504
18620 # 1504
18621 # 1504
18622 # 1504
18622 + 88
18622 + 108
18623 # 1504
18623 - 88 1
18623 - 108 1
18624 # 1504
18624 + 88
18625 # 1504
18625 - 88 1
18626 # 1504
18627 # 1504
18628 # 1504
18629 # 1504
18630 # 1504
18631 # 1504
18632 # 1504
18633 # 1504
18634 # 1504
18635 # 1504
18636 # 1504
18637 # 1504
18638 # 1504
18638 + 88
18638 + 108
18639 # 1504
18639 - 88 1
18639 - 108 1
18640 # 1504
18641 # 1504
18642 # 1504
18643 # 1504
18644 # 1504
18645 # 1504
18646 # 1504
18647 # 1504
18648 # 1504
18649 # 1504
18650 # 1504
18651 # 1504
18652 # 1504
18653 # 1504
18653 + 88
18653 + 108
18654 # 1504
18654 - 88 1
18654 - 108 1
18655 # 1504
18656 # 1504
18657 # 1504
18658 # 1504
18659 # 1504
18660 # 1504
18661 # 1504
18662 # 1504
18663 # 1504
18664 # 1504
18665 # 1504
18666 # 1504
18667 # 1504
18668 # 1504
18669 # 1504
18670 # 1504
18671 # 1504
18672 # 1504
18673 # 1504
18674 # 1504
18675 # 1504
18676 # 1504
18677 # 1504
18678 # 1504
18678 + 108
18678 + 88
18679 # 1504
18679 - 108 1
18679 - 88 1
18680 # 1504
18680 + 88
18681 # 1504
18681 - 88 1
18682 # 1504
18683 # 1504
18684 # 1504
18685 # 1504
18686 # 1504
18687 # 1504
18688 # 1504
18689 # 1504
18690 # 1504
18691 # 1504
18692 # 1504
18693 # 1504
18694 # 1504
18694 + 88
18694 + 108
18695 # 1504
18695 - 88 1
18695 - 108 1
18696 # 1504
18697 # 1504
18698 # 1504
18699 # 1504
18700 # 1504
18701 # 1504
18702 # 1504
18703 # 1504
18704 # 1504
18705 # 1504
18706 # 1504
18707 # 1504
18708 # 1504
18709 # 1504
18710 # 1504
18711 # 1504
18712 # 1504
18713 # 1504
18714 # 1504
18715 # 1504
18716 # 1504
18717 # 1504
18718 # 1504
18719 # 1504
18720 # 1504
18720 + 108
18720 + 88
18721 # 1504
18721 - 108 1
18721 - 88 1
18722 # 1504
18723 # 1504
18724 # 1504
18725 # 1504
18726 # 1504
18727 # 1504
18728 # 1504
18729 # 1504
18729 + 88
18730 # 1504
18730 - 88 1
18730 + 88
18731 # 1504
18731 - 88 1
18732 # 1504
18732 + 108
18733 # 1504
18733 - 108 1
18734 # 1504
18735 # 1504
18736 # 1504
18737 # 1504
18738 # 1504
18739 # 1504
18740 # 1504
18740 + 88
18741 # 1504
18741 - 88 1
18742 # 1504
18743 # 1504
18744 # 1504
18745 # 1504
18746 # 1504
18747 # 1504
18748 # 1504
18749 # 1504
18749 + 88
18749 + 108
18750 # 1504
18750 - 88 1
18750 - 108 1
18751 # 1504
18752 # 1504
18753 # 1504
18754 # 1504
18755 # 1504
18756 # 1504
18756 + 88
18757 # 1504
18757 - 88 1
18758 # 1504
18759 # 1504
18760 # 1504
18761 # 1504
18762 # 1504
18763 # 1504
18764 # 1504
18764 + 88
18764 + 108
18765 # 1504
18765 - 88 1
18765 - 108 1
18766 # 1504
18767 # 1504
18768 # 1504
18769 # 1504
18770 # 1504
18771 # 1504
18772 # 1504
18773 # 1504
18774 # 1504
18775 # 1504
18776 # 1504
18777 # 1504
18778 # 1504
18779 # 1504
18780 # 1504
18781 # 1504
18781 + 88
18781 + 108
18782 # 1504
18782 - 88 1
18782 - 108 1
18783 # 1504
18784 # 1504
18785 # 1504
18786 # 1504
18787 # 1504
18788 # 1504
18789 # 1504
18789 + 88
18790 # 1504
18790 - 88 1
18791 # 1504
18792 # 1504
18792 + 88
18792 + 108
18793 # 1504
18793 - 88 1
18793 - 108 1
18794 # 1504
18795 # 1504
18796 # 1504
18797 # 1504
18798 # 1504
18799 # 1504
18800 # 1504
18801 # 1504
18802 # 1504
18803 # 1504
18804 # 1504
18805 # 1504
18806 # 1504
18806 + 88
18807 # 1504
18807 - 88 1
18808 # 1504
18809 # 1504
18810 # 1504
18811 # 1504
18811 + 88
18812 # 1504
18812 - 88 1
18813 # 1504
18814 # 1504
18814 + 88
18814 + 108
18815 # 1504
18815 - 88 1
18815 - 108 1
18816 # 1504
18817 # 1504
18818 # 1504
18819 # 1504
18820 # 1504
18820 + 88
18821 # 1504
18821 - 88 1
18822 # 1504
18823 # 1504
18824 # 1504
18825 # 1504
18826 # 1504
18827 # 1504
18827 + 88
18827 + 108
18828 # 1504
18828 - 88 1
18828 - 108 1
18829 # 1504
18830 # 1504
18831 # 1504
18832 # 1504
18833 # 1504
18833 + 88
18834 # 1504
18834 - 88 1
18835 # 1504
18836 # 1504
18837 # 1504
18838 # 1504
18839 # 1504
18840 # 1504
18840 + 88
18840 + 108
18841 # 1504
18841 - 88 1
18841 - 108 1
18842 # 1504
18843 # 1504
18844 # 1504
18845 # 1504
18846 # 1504
18846 + 88
18847 # 1504
18847 - 88 1
18848 # 1504
18849 # 1504
18850 # 1504
18851 # 1504
18852 # 1504
18853 # 1504
18854 # 1504
18855 # 1504
18856 # 1504
18856 + 88
18856 + 108
18857 # 1504
18857 - 88 1
18857 - 108 1
18858 # 1504
18859 # 1504
18860 # 1504
18861 # 1504
18862 # 1504
18862 + 88
18863 # 1504
18863 - 88 1
18863 + 88
18864 # 1504
18864 - 88 1
18865 # 1504
18866 # 1504
18866 + 108
18867 # 1504
18867 - 108 1
18868 # 1504
18869 # 1504
18870 # 1504
18871 # 1504
18872 # 1504
18873 # 1504
18874 # 1504
18875 # 1504
18875 + 88
18876 # 1504
18876 - 88 1
18877 # 1504
18878 # 1504
18879 # 1504
18880 # 1504
18881 # 1504
18881 + 88
18881 + 108
18882 # 1504
18882 - 88 1
18882 - 108 1
18883 # 1504
18884 # 1504
18884 + 88
18885 # 1504
18885 - 88 1
18886 # 1504
18887 # 1504
18888 # 1504
18889 # 1504
18889 + 88
18890 # 1504
18890 - 88 1
18891 # 1504
18892 # 1504
18893 # 1504
18894 # 1504
18895 # 1504
18896 # 1504
18897 # 1504
18897 + 88
18897 + 108
18898 # 1504
18898 - 88 1
18898 - 108 1
18899 # 1504
18900 # 1504
18901 # 1504
18902 # 1504
18903 # 1504
18904 # 1504
18905 # 1504
18906 # 1504
18907 # 1504
18908 # 1504
18908 + 88
18908 + 108
18909 # 1504
18909 - 88 1
18909 - 108 1
18910 # 1504
18911 # 1504
18912 # 1504
18913 # 1504
18914 # 1504
18915 # 1504
18916 # 1504
18916 + 88
18917 # 1504
18917 - 88 1
18918 # 1504
18919 # 1504
18920 # 1504
18921 # 1504
18922 # 1504
18923 # 1504
18923 + 88
18923 + 108
18924 # 1504
18924 - 88 1
18924 - 108 1
18925 # 1504
18926 # 1504
18927 # 1504
18928 # 1504
18929 # 1504
18930 # 1504
18931 # 1504
18932 # 1504
18932 + 88
18933 # 1504
18933 - 88 1
18934 # 1504
18935 # 1504
18936 # 1504
18937 # 1504
18938 # 1504
18939 # 1504
18940 # 1504
18940 + 88
18940 + 108
18941 # 1504
18941 - 88 1
18941 - 108 1
18942 # 1504
18943 # 1504
18944 # 1504
18945 # 1504
18946 # 1504
18947 # 1504
18948 # 1504
18949 # 1504
18950 # 1504
18951 # 1504
18952 # 1504
18953 # 1504
18954 # 1504
18954 + 88
18954 + 108
18955 # 1504
18955 - 88 1
18955 - 108 1
18956 # 1504
18957 # 1504
18958 # 1504
18959 # 1504
18960 # 1504
18960 + 88
18961 # 1504
18961 - 88 1
18962 # 1504
18963 # 1504
18964 # 1504
18965 # 1504
18966 # 1504
18967 # 1504
18967 + 88
18967 + 108
18968 # 1504
18968 - 88 1
18968 - 108 1
18969 # 1504
18970 # 1504
18971 # 1504
18972 # 1504
18973 # 1504
18973 + 88
18974 # 1504
18974 - 88 1
18974 + 88
18975 # 1504
18975 - 88 1
18976 # 1504
18977 # 1504
18978 # 1504
18979 # 1504
18979 + 108
18980 # 1504
18980 - 108 1
18981 # 1504
18982 # 1504
18983 # 1504
18984 # 1504
18985 # 1504
18985 + 88
18986 # 1504
18986 - 88 1
18986 + 88
18987 # 1504
18987 - 88 1
18988 # 1504
18989 # 1504
18990 # 1504
18991 # 1504
18992 # 1504
18993 # 1504
18994 # 1504
18995 # 1504
18996 # 1504
18997 # 1504
18998 # 1504
18998 + 108
18998 + 88
18999 # 1504
18999 - 108 1
18999 - 88 1
19000 # 1504
19000 + 88
19001 # 1504
19001 - 88 1
19002 # 1504
19003 # 1504
19004 # 1504
19005 # 1504
19006 # 1504
19007 # 1504
19008 # 1504
19009 # 1504
19010 # 1504
19010 + 88
19010 + 108
19011 # 1504
19011 - 88 1
19011 - 108 1
19012 # 1504
19013 # 1504
19014 # 1504
19015 # 1504
19016 # 1504
19017 # 1504
19018 # 1504
19019 # 1504
19020 # 1504
19021 # 1504
19022 # 1504
19023 # 1504
19024 # 1504
19024 + 88
19025 # 1504
19025 - 88 1
19026 # 1504
19027 # 1504
19028 # 1504
19028 + 88
19029 # 1504
19029 - 88 1
19030 # 1504
19031 # 1504
19032 # 1504
19033 # 1504
19034 # 1504
19035 # 1504
19036 # 1504
19037 # 1504
19038 # 1504
19039 # 1504
19040 # 1504
19040 + 88
19040 + 108
19041 # 1504
19041 - 88 1
19041 - 108 1
19042 # 1504
19043 # 1504
19044 # 1504
19045 # 1504
19046 # 1504
19047 # 1504
19048 # 1504
19049 # 1504
19050 # 1504
19051 # 1504
19052 # 1504
19053 # 1504
19054 # 1504
19054 + 88
19055 # 1504
19055 - 88 1
19056 # 1504
19057 # 1504
19058 # 1504
19059 # 1504
19060 # 1504
19061 # 1504
19062 # 1504
19063 # 1504
19064 # 1504
19065 # 1504
19066 # 1504
19067 # 1504
19068 # 1504
19068 + 88
19068 + 108
19069 # 1504
19069 - 88 1
19069 - 108 1
19070 # 1504
19071 # 1504
19072 # 1504
19073 # 1504
19074 # 1504
19075 # 1504
19076 # 1504
19077 # 1504
19078 # 1504
19079 # 1504
19080 # 1504
19081 # 1504
19082 # 1504
19083 # 1504
19084 # 1504
19085 # 1504
19086 # 1504
19087 # 1504
19088 # 1504
19089 # 1504
19090 # 1504
19091 # 1504
19092 # 1504
19093 # 1504
19094 # 1504
19094 + 88
19094 + 108
19095 # 1504
19095 - 88 1
19095 - 108 1
19096 # 1504
19096 + 88
19097 # 1504
19097 - 88 1
19098 # 1504
19099 # 1504
19100 # 1504
19101 # 1504
19102 # 1504
19103 # 1504
19104 # 1504
19105 # 1504
19106 # 1504
19107 # 1504
19108 # 1504
19109 # 1504
19110 # 1504
19110 + 88
19110 + 108
19111 # 1504
19111 - 88 1
19111 - 108 1
19112 # 1504
19113 # 1504
19114 # 1504
19115 # 1504
19116 # 1504
19117 # 1504
19118 # 1504
19119 # 1504
19120 # 1504
19121 # 1504
19122 # 1504
19123 # 1504
19124 # 1504
19124 + 88
19124 + 108
19125 # 1504
19125 - 88 1
19125 - 108 1
19126 # 1504
19127 # 1504
19128 # 1504
19129 # 1504
19130 # 1504
19131 # 1504
19132 # 1504
19133 # 1504
19134 # 1504
19135 # 1504
19136 # 1504
19137 # 1504
19138 # 1504
19139 # 1504
19140 # 1504
19141 # 1504
19142 # 1504
19143 # 1504
19144 # 1504
19145 # 1504
19146 # 1504
19147 # 1504
19148 # 1504
19149 # 1504
19150 # 1504
19151 # 1504
19151 + 88
19151 + 108
19152 # 1504
19152 - 88 1
19152 - 108 1
19152 + 88
19153 # 1504
19153 - 88 1
19154 # 1504
19155 # 1504
19156 # 1504
19157 # 1504
19158 # 1504
19158 + 88
19159 # 1504
19159 - 88 1
19160 # 1504
19161 # 1504
19162 # 1504
19163 # 1504
19164 # 1504
19164 + 88
19164 + 108
19165 # 1504
19165 - 88 1
19165 - 108 1
19166 # 1504
19167 # 1504
19168 # 1504
19169 # 1504
19170 # 1504
19170 + 88
19171 # 1504
19171 - 88 1
19172 # 1504
19173 # 1504
19174 # 1504
19175 # 1504
19176 # 1504
19177 # 1504
19178 # 1504
19179 # 1504
19180 # 1504
19181 # 1504
19182 # 1504
19182 + 88
19182 + 108
19183 # 1504
19183 - 88 1
19183 - 108 1
19184 # 1504
19185 # 1504
19186 # 1504
19187 # 1504
19188 # 1504
19188 + 88
19189 # 1504
19189 - 88 1
19190 # 1504
19191 # 1504
19192 # 1504
19193 # 1504
19194 # 1504
19194 + 88
19194 + 108
19195 # 1504
19195 - 88 1
19195 - 108 1
19196 # 1504
19197 # 1504
19198 # 1504
19199 # 1504
19200 # 1504
19200 + 88
19201 # 1504
19201 - 88 1
19201 + 88
19202 # 1504
19202 - 88 1
19203 # 1504
19204 # 1504
19205 # 1504
19206 # 1504
19207 # 1504
19208 # 1504
19209 # 1504
19210 # 1504
19211 # 1504
19212 # 1504
19213 # 1504
19213 + 88
19213 + 108
19214 # 1504
19214 - 88 1
19214 - 108 1
19215 # 1504
19215 + 88
19216 # 1504
19216 - 88 1
19217 # 1504
19218 # 1504
19219 # 1504
19220 # 1504
19221 # 1504
19222 # 1504
19223 # 1504
19224 # 1504
19225 # 1504
19226 # 1504
19227 # 1504
19228 # 1504
19228 + 88
19228 + 108
19229 # 1504
19229 - 88 1
19229 - 108 1
19230 # 1504
19231 # 1504
19232 # 1504
19233 # 1504
19234 # 1504
19235 # 1504
19236 # 1504
19237 # 1504
19238 # 1504
19239 # 1504
19240 # 1504
19241 # 1504
19242 # 1504
19243 # 1504
19243 + 88
19243 + 108
19244 # 1504
19244 - 88 1
19244 - 108 1
19245 # 1504
19246 # 1504
19247 # 1504
19248 # 1504
19249 # 1504
19250 # 1504
19251 # 1504
19252 # 1504
19253 # 1504
19254 # 1504
19255 # 1504
19256 # 1504
19257 # 1504
19258 # 1504
19259 # 1504
19260 # 1504
19261 # 1504
19262 # 1504
19263 # 1504
19264 # 1504
19265 # 1504
19266 # 1504
19267 # 1504
19268 # 1504
19269 # 1504
19269 + 108
19269 + 88
19270 # 1504
19270 - 108 1
19270 - 88 1
19271 # 1504
19272 # 1504
19272 + 88
19273 # 1504
19273 - 88 1
19274 # 1504
19275 # 1504
19276 # 1504
19277 # 1504
19278 # 1504
19279 # 1504
19280 # 1504
19281 # 1504
19282 # 1504
19283 # 1504
19283 + 108
19284 # 1504
19284 - 108 1
19285 # 1504
19286 # 1504
19287 # 1504
19288 # 1504
19289 # 1504
19290 # 1504
19291 # 1504
19292 # 1504
19293 # 1504
19294 # 1504
19295 # 1504
19296 # 1504
19297 # 1504
19297 + 88
19298 # 1504
19298 - 88 1
19299 # 1504
19300 # 1504
19301 # 1504
19302 # 1504
19303 # 1504
19304 # 1504
19305 # 1504
19306 # 1504
19307 # 1504
19308 # 1504
19309 # 1504
19310 # 1504
19311 # 1504
19311 + 108
19311 + 88
19312 # 1504
19312 - 108 1
19312 - 88 1
19313 # 1504
19314 # 1504
19315 # 1504
19316 # 1504
19317 # 1504
19318 # 1504
19319 # 1504
19320 # 1504
19321 # 1504
19322 # 1504
19323 # 1504
19324 # 1504
19325 # 1504
19325 + 88
19325 + 108
19326 # 1504
19326 - 88 1
19326 - 108 1
19327 # 1504
19328 # 1504
19328 + 88
19329 # 1504
19329 - 88 1
19330 # 1504
19331 # 1504
19332 # 1504
19333 # 1504
19334 # 1504
19335 # 1504
19335 + 108
19336 # 1504
19336 - 108 1
19337 # 1504
19338 # 1504
19339 # 1504
19340 # 1504
19341 # 1504
19341 + 88
19342 # 1504
19342 - 88 1
19343 # 1504
19344 # 1504
19345 # 1504
19346 # 1504
19347 # 1504
19348 # 1504
19349 # 1504
19350 # 1504
19351 # 1504
19352 # 1504
19353 # 1504
19354 # 1504
19355 # 1504
19356 # 1504
19356 + 88
19356 + 108
19357 # 1504
19357 - 88 1
19357 - 108 1
19358 # 1504
19359 # 1504
19360 # 1504
19361 # 1504
19362 # 1504
19363 # 1504
19364 # 1504
19364 + 88
19365 # 1504
19365 - 88 1
19366 # 1504
19367 # 1504
19368 # 1504
19369 # 1504
19370 # 1504
19371 # 1504
19372 # 1504
19372 + 88
19372 + 108
19373 # 1504
19373 - 88 1
19373 - 108 1
19374 # 1504
19375 # 1504
19376 # 1504
19377 # 1504
19378 # 1504
19379 # 1504
19380 # 1504
19381 # 1504
19382 # 1504
19383 # 1504
19384 # 1504
19385 # 1504
19386 # 1504
19387 # 1504
19388 # 1504
19389 # 1504
19390 # 1504
19391 # 1504
19392 # 1504
19392 + 88
19393 # 1504
19393 - 88 1
19394 # 1504
19395 # 1504
19396 # 1504
19397 # 1504
19398 # 1504
19399 # 1504
19400 # 1504
19400 + 88
19401 # 1504
19401 - 88 1
19402 # 1504
19403 # 1504
19404 # 1504
19405 # 1504
19406 # 1504
19407 # 1504
19408 # 1504
19409 # 1504
19410 # 1504
19411 # 1504
19412 # 1504
19413 # 1504
19414 # 1504
19415 # 1504
19416 # 1504
19417 # 1504
19418 # 1504
19419 # 1504
19420 # 1504
19421 # 1504
19422 # 1504
19423 # 1504
19424 # 1504
19425 # 1504
19426 # 1504
19427 # 1504
19427 + 88
19427 + 108
19428 # 1504
19428 - 88 1
19428 - 108 1
19428 + 88
19429 # 1504
19429 - 88 1
19430 # 1504
19431 # 1504
19432 # 1504
19433 # 1504
19434 # 1504
19435 # 1504
19436 # 1504
19437 # 1504
19438 # 1504
19439 # 1504
19440 # 1504
19441 # 1504
19441 + 108
19442 # 1504
19442 - 108 1
19442 + 88
19443 # 1504
19443 - 88 1
19444 # 1504
19445 # 1504
19446 # 1504
19447 # 1504
19448 # 1504
19449 # 1504
19450 # 1504
19451 # 1504
19452 # 1504
19453 # 1504
19454 # 1504
19455 # 1504
19456 # 1504
19456 + 108
19456 + 88
19457 # 1504
19457 - 108 1
19457 - 88 1
19458 # 1504
19459 # 1504
19460 # 1504
19461 # 1504
19462 # 1504
19463 # 1504
19464 # 1504
19465 # 1504
19466 # 1504
19467 # 1504
19468 # 1504
19469 # 1504
19469 + 108
19470 # 1504
19470 - 108 1
19471 # 1504
19472 # 1504
19472 + 88
19473 # 1504
19473 - 88 1
19474 # 1504
19475 # 1504
19476 # 1504
19477 # 1504
19478 # 1504
19479 # 1504
19480 # 1504
19481 # 1504
19482 # 1504
19483 # 1504
19484 # 1504
19484 + 88
19484 + 108
19485 # 1504
19485 - 88 1
19485 - 108 1
19486 # 1504
19487 # 1504
19488 # 1504
19489 # 1504
19490 # 1504
19490 + 88
19491 # 1504
19491 - 88 1
19492 # 1504
19493 # 1504
19494 # 1504
19495 # 1504
19496 # 1504
19497 # 1504
19497 + 88
19497 + 108
19498 # 1504
19498 - 88 1
19498 - 108 1
19499 # 1504
19500 # 1504
19501 # 1504
19502 # 1504
19503 # 1504
19503 + 88
19504 # 1504
19504 - 88 1
19505 # 1504
19506 # 1504
19507 # 1504
19508 # 1504
19509 # 1504
19509 + 88
19509 + 108
19510 # 1504
19510 - 88 1
19510 - 108 1
19511 # 1504
19512 # 1504
19513 # 1504
19514 # 1504
19515 # 1504
19515 + 88
19515 + 100
19516 # 1504
19516 - 88 1
19516 - 100 1
19517 # 1504
19518 # 1504
19519 # 1504
19520 # 1504
19521 # 1504
19521 + 88
19522 # 1504
19522 - 88 1
19523 # 1504
19524 # 1504
19525 # 1504
19526 # 1504
19527 # 1504
19528 # 1504
19528 + 88
19528 + 108
19529 # 1504
19529 - 88 1
19529 - 108 1
19530 # 1504
19531 # 1504
19532 # 1504
19533 # 1504
19534 # 1504
19534 + 88
19535 # 1504
19535 - 88 1
19536 # 1504
19537 # 1504
19538 # 1504
19539 # 1504
19540 # 1504
19541 # 1504
19541 + 88
19541 + 108
19542 # 1504
19542 - 88 1
19542 - 108 1
19543 # 1504
19544 # 1504
19545 # 1504
19546 # 1504
19547 # 1504
19547 + 88
19548 # 1504
19548 - 88 1
19549 # 1504
19550 # 1504
19551 # 1504
19552 # 1504
19553 # 1504
19554 # 1504
19555 # 1504
19556 # 1504
19557 # 1504
19558 # 1504
19559 # 1504
19559 + 108
19560 # 1504
19560 - 108 1
19560 + 88
19561 # 1504
19561 - 88 1
19562 # 1504
19563 # 1504
19564 # 1504
19565 # 1504
19566 # 1504
19567 # 1504
19568 # 1504
19569 # 1504
19570 # 1504
19571 # 1504
19572 # 1504
19573 # 1504
19574 # 1504
19575 # 1504
19576 # 1504
19577 # 1504
19578 # 1504
19579 # 1504
19580 # 1504
19581 # 1504
19582 # 1504
19583 # 1504
19584 # 1504
19585 # 1504
19586 # 1504
19587 # 1504
19587 + 108
19587 + 88
19588 # 1504
19588 - 108 1
19588 - 88 1
19589 # 1504
19589 + 88
19590 # 1504
19590 - 88 1
19591 # 1504
19592 # 1504
19593 # 1504
19594 # 1504
19595 # 1504
19596 # 1504
19597 # 1504
19598 # 1504
19599 # 1504
19600 # 1504
19601 # 1504
19601 + 108
19602 # 1504
19602 - 108 1
19603 # 1504
19603 + 88
19604 # 1504
19604 - 88 1
19605 # 1504
19606 # 1504
19607 # 1504
19608 # 1504
19609 # 1504
19610 # 1504
19611 # 1504
19612 # 1504
19613 # 1504
19614 # 1504
19615 # 1504
19615 + 108
19616 # 1504
19616 - 108 1
19617 # 1504
19618 # 1504
19619 # 1504
19620 # 1504
19621 # 1504
19622 # 1504
19623 # 1504
19624 # 1504
19625 # 1504
19626 # 1504
19627 # 1504
19628 # 1504
19629 # 1504
19629 + 88
19630 # 1504
19630 - 88 1
19630 + 88
19631 # 1504
19631 - 88 1
19632 # 1504
19633 # 1504
19634 # 1504
19635 # 1504
19636 # 1504
19637 # 1504
19638 # 1504
19639 # 1504
19640 # 1504
19641 # 1504
19642 # 1504
19643 # 1504
19644 # 1504
19644 + 108
19645 # 1504
19645 - 108 1
19646 # 1504
19647 # 1504
19648 # 1504
19648 + 88
19649 # 1504
19649 - 88 1
19650 # 1504
19651 # 1504
19652 # 1504
19653 # 1504
19654 # 1504
19655 # 1504
19656 # 1504
19657 # 1504
19658 # 1504
19658 + 108
19659 # 1504
19659 - 108 1
19660 # 1504
19661 # 1504
19662 # 1504
19663 # 1504
19664 # 1504
19665 # 1504
19666 # 1504
19667 # 1504
19668 # 1504
19669 # 1504
19669 + 88
19670 # 1504
19670 - 88 1
19671 # 1504
19672 # 1504
19673 # 1504
19674 # 1504
19675 # 1504
19676 # 1504
19677 # 1504
19678 # 1504
19679 # 1504
19680 # 1504
19680 + 88
19680 + 108
19681 # 1504
19681 - 88 1
19681 - 108 1
19682 # 1504
19683 # 1504
19684 # 1504
19685 # 1504
19686 # 1504
19687 # 1504
19687 + 88
19688 # 1504
19688 - 88 1
19689 # 1504
19690 # 1504
19691 # 1504
19692 # 1504
19693 # 1504
19694 # 1504
19695 # 1504
19696 # 1504
19696 + 88
19696 + 108
19697 # 1504
19697 - 88 1
19697 - 108 1
19698 # 1504
19699 # 1504
19700 # 1504
19701 # 1504
19702 # 1504
19703 # 1504
19704 # 1504
19705 # 1504
19706 # 1504
19707 # 1504
19708 # 1504
19709 # 1504
19710 # 1504
19711 # 1504
19712 # 1504
19712 + 88
19712 + 108
19713 # 1504
19713 - 88 1
19713 - 108 1
19714 # 1504
19715 # 1504
19716 # 1504
19717 # 1504
19718 # 1504
19719 # 1504
19720 # 1504
19721 # 1504
19722 # 1504
19723 # 1504
19724 # 1504
19724 + 88
19724 + 108
19725 # 1504
19725 - 88 1
19725 - 108 1
19726 # 1504
19727 # 1504
19728 # 1504
19729 # 1504
19730 # 1504
19731 # 1504
19732 # 1504
19733 # 1504
19734 # 1504
19735 # 1504
19736 # 1504
19737 # 1504
19737 + 88
19737 + 108
19738 # 1504
19738 - 88 1
19738 - 108 1
19739 # 1504
19740 # 1504
19741 # 1504
19742 # 1504
19743 # 1504
19744 # 1504
19745 # 1504
19746 # 1504
19747 # 1504
19748 # 1504
19749 # 1504
19750 # 1504
19751 # 1504
19751 + 88
19751 + 108
19752 # 1504
19752 - 88 1
19752 - 108 1
19753 # 1504
19754 # 1504
19755 # 1504
19756 # 1504
19757 # 1504
19758 # 1504
19759 # 1504
19760 # 1504
19761 # 1504
19762 # 1504
19763 # 1504
19764 # 1504
19765 # 1504
19766 # 1504
19766 + 88
19766 + 108
19767 # 1504
19767 - 88 1
19767 - 108 1
19768 # 1504
19769 # 1504
19770 # 1504
19771 # 1504
19772 # 1504
19773 # 1504
19774 # 1504
19775 # 1504
19776 # 1504
19777 # 1504
19778 # 1504
19779 # 1504
19780 # 1504
19780 + 88
19780 + 108
19781 # 1504
19781 - 88 1
19781 - 108 1
19782 # 1504
19783 # 1504
19784 # 1504
19785 # 1504
19786 # 1504
19787 # 1504
19788 # 1504
19789 # 1504
19790 # 1504
19791 # 1504
19792 # 1504
19793 # 1504
19793 + 88
19794 # 1504
19794 - 88 1
19794 + 108
19795 # 1504
19795 - 108 1
19796 # 1504
19797 # 1504
19798 # 1504
19799 # 1504
19800 # 1504
19801 # 1504
19802 # 1504
19803 # 1504
19804 # 1504
19805 # 1504
19806 # 1504
19807 # 1504
19808 # 1504
19808 + 88
19809 # 1504
19809 - 88 1
19810 # 1504
19811 # 1504
19812 # 1504
19813 # 1504
19814 # 1504
19815 # 1504
19816 # 1504
19817 # 1504
19818 # 1504
19819 # 1504
19820 # 1504
19820 + 108
19821 # 1504
19821 - 108 1
19822 # 1504
19822 + 88
19823 # 1504
19823 - 88 1
19824 # 1504
19825 # 1504
19826 # 1504
19827 # 1504
19828 # 1504
19828 + 88
19829 # 1504
19829 - 88 1
19830 # 1504
19831 # 1504
19832 # 1504
19833 # 1504
19834 # 1504
19835 # 1504
19835 + 88
19835 + 108
19836 # 1504
19836 - 88 1
19836 - 108 1
19837 # 1504
19838 # 1504
19839 # 1504
19840 # 1504
19841 # 1504
19842 # 1504
19843 # 1504
19844 # 1504
19845 # 1504
19845 + 88
19845 + 108
19846 # 1504
19846 - 88 1
19846 - 108 1
19847 # 1504
19847 + 88
19848 # 1504
19848 - 88 1
19849 # 1504
19850 # 1504
19851 # 1504
19852 # 1504
19853 # 1504
19854 # 1504
19854 + 88
19855 # 1504
19855 - 88 1
19856 # 1504
19857 # 1504
19858 # 1504
19859 # 1504
19859 + 88
19859 + 108
19860 # 1504
19860 - 88 1
19860 - 108 1
19861 # 1504
19862 # 1504
19863 # 1504
19864 # 1504
19865 # 1504
19865 + 88
19866 # 1504
19866 - 88 1
19867 # 1504
19868 # 1504
19869 # 1504
19870 # 1504
19871 # 1504
19872 # 1504
19872 + 88
19872 + 108
19873 # 1504
19873 - 88 1
19873 - 108 1
19874 # 1504
19875 # 1504
19876 # 1504
19877 # 1504
19878 # 1504
19878 + 88
19879 # 1504
19879 - 88 1
19880 # 1504
19881 # 1504
19882 # 1504
19883 # 1504
19884 # 1504
19885 # 1504
19885 + 88
19885 + 108
19886 # 1504
19886 - 88 1
19886 - 108 1
19887 # 1504
19888 # 1504
19889 # 1504
19890 # 1504
19891 # 1504
19892 # 1504
19893 # 1504
19894 # 1504
19895 # 1504
19896 # 1504
19897 # 1504
19898 # 1504
19898 + 88
19898 + 108
19899 # 1504
19899 - 88 1
19899 - 108 1
19900 # 1504
19901 # 1504
19902 # 1504
19903 # 1504
19904 # 1504
19905 # 1504
19906 # 1504
19907 # 1504
19908 # 1504
19909 # 1504
19910 # 1504
19911 # 1504
19912 # 1504
19912 + 88
19912 + 108
19913 # 1504
19913 - 88 1
19913 - 108 1
19914 # 1504
19915 # 1504
19916 # 1504
19917 # 1504
19918 # 1504
19919 # 1504
19920 # 1504
19921 # 1504
19922 # 1504
19923 # 1504
19924 # 1504
19925 # 1504
19926 # 1504
19927 # 1504
19927 + 88
19927 + 108
19928 # 1504
19928 - 88 1
19928 - 108 1
19929 # 1504
19930 # 1504
19931 # 1504
19932 # 1504
19933 # 1504
19934 # 1504
19935 # 1504
19936 # 1504
19937 # 1504
19938 # 1504
19939 # 1504
19940 # 1504
19941 # 1504
19942 # 1504
19943 # 1504
19944 # 1504
19945 # 1504
19946 # 1504
19947 # 1504
19948 # 1504
19949 # 1504
19950 # 1504
19951 # 1504
19952 # 1504
19952 + 108
19952 + 88
19953 # 1504
19953 - 108 1
19953 - 88 1
19954 # 1504
19954 + 88
19955 # 1504
19955 - 88 1
19956 # 1504
19957 # 1504
19958 # 1504
19959 # 1504
19960 # 1504
19961 # 1504
19962 # 1504
19963 # 1504
19964 # 1504
19965 # 1504
19966 # 1504
19967 # 1504
19968 # 1504
19968 + 108
19968 + 88
19969 # 1504
19969 - 108 1
19969 - 88 1
19970 # 1504
19971 # 1504
19972 # 1504
19973 # 1504
19974 # 1504
19975 # 1504
19976 # 1504
19977 # 1504
19978 # 1504
19979 # 1504
19980 # 1504
19981 # 1504
19982 # 1504
19983 # 1504
19984 # 1504
19984 + 108
19984 + 88
19985 # 1504
19985 - 108 1
19985 - 88 1
19986 # 1504
19987 # 1504
19988 # 1504
19989 # 1504
19990 # 1504
19991 # 1504
19992 # 1504
19993 # 1504
19994 # 1504
19995 # 1504
19996 # 1504
19997 # 1504
19998 # 1504
19999 # 1504
20000 # 1504
20001 # 1504
20002 # 1504
20003 # 1504
20004 # 1504
20005 # 1504
20006 # 1504
20007 # 1504
20008 # 1504
20008 + 108
20008 + 88
20009 # 1504
20009 - 108 1
20009 - 88 1
20010 # 1504
20010 + 88
20011 # 1504
20011 - 88 1
20012 # 1504
20013 # 1504
20014 # 1504
20015 # 1504
20016 # 1504
20017 # 1504
20018 # 1504
20019 # 1504
20020 # 1504
20021 # 1504
20022 # 1504
20023 # 1504
20024 # 1504
20024 + 88
20024 + 108
20025 # 1504
20025 - 88 1
20025 - 108 1
20026 # 1504
20027 # 1504
20028 # 1504
20029 # 1504
20030 # 1504
20031 # 1504
20032 # 1504
20033 # 1504
20034 # 1504
20035 # 1504
20036 # 1504
20036 + 88
20036 + 108
20037 # 1504
20037 - 88 1
20037 - 108 1
20038 # 1504
20039 # 1504
20040 # 1504
20041 # 1504
20042 # 1504
20042 + 88
20043 # 1504
20043 - 88 1
20044 # 1504
20045 # 1504
20046 # 1504
20047 # 1504
20048 # 1504
20049 # 1504
20050 # 1504
20051 # 1504
20052 # 1504
20052 + 88
20052 + 108
20053 # 1504
20053 - 88 1
20053 - 108 1
20054 # 1504
20055 # 1504
20056 # 1504
20057 # 1504
20058 # 1504
20059 # 1504
20059 + 88
20060 # 1504
20060 - 88 1
20061 # 1504
20062 # 1504
20063 # 1504
20064 # 1504
20065 # 1504
20066 # 1504
20067 # 1504
20068 # 1504
20069 # 1504
20069 + 88
20069 + 108
20070 # 1504
20070 - 88 1
20070 - 108 1
20071 # 1504
20072 # 1504
20073 # 1504
20074 # 1504
20075 # 1504
20076 # 1504
20077 # 1504
20078 # 1504
20079 # 1504
20080 # 1504
20080 + 108
20080 + 88
20081 # 1504
20081 - 108 1
20081 - 88 1
20082 # 1504
20083 # 1504
20084 # 1504
20085 # 1504
20085 + 88
20086 # 1504
20086 - 88 1
20087 # 1504
20088 # 1504
20089 # 1504
20090 # 1504
20091 # 1504
20092 # 1504
20093 # 1504
20093 + 88
20093 + 108
20094 # 1504
20094 - 88 1
20094 - 108 1
20095 # 1504
20096 # 1504
20097 # 1504
20098 # 1504
20099 # 1504
20100 # 1504
20101 # 1504
20102 # 1504
20103 # 1504
20103 + 88
20104 # 1504
20104 - 88 1
20105 # 1504
20106 # 1504
20107 # 1504
20108 # 1504
20109 # 1504
20110 # 1504
20111 # 1504
20111 + 88
20111 + 108
20112 # 1504
20112 - 88 1
20112 - 108 1
20113 # 1504
20114 # 1504
20115 # 1504
20116 # 1504
20117 # 1504
20117 + 88
20118 # 1504
20118 - 88 1
20119 # 1504
20120 # 1504
20121 # 1504
20122 # 1504
20123 # 1504
20124 # 1504
20124 + 88
20124 + 108
20125 # 1504
20125 - 88 1
20125 - 108 1
20126 # 1504
20127 # 1504
20128 # 1504
20129 # 1504
20130 # 1504
20130 + 88
20131 # 1504
20131 - 88 1
20132 # 1504
20133 # 1504
20134 # 1504
20135 # 1504
20136 # 1504
20136 + 88
20136 + 108
20137 # 1504
20137 - 88 1
20137 - 108 1
20138 # 1504
20139 # 1504
20140 # 1504
20141 # 1504
20142 # 1504
20143 # 1504
20144 # 1504
20144 + 88
20145 # 1504
20145 - 88 1
20146 # 1504
20147 # 1504
20148 # 1504
20149 # 1504
20149 + 88
20149 + 108
20150 # 1504
20150 - 88 1
20150 - 108 1
20151 # 1504
20152 # 1504
20153 # 1504
20154 # 1504
20154 + 88
20155 # 1504
20155 - 88 1
20156 # 1504
20157 # 1504
20158 # 1504
20159 # 1504
20160 # 1504
20161 # 1504
20162 # 1504
20163 # 1504
20164 # 1504
20165 # 1504
20165 + 88
20165 + 108
20166 # 1504
20166 - 88 1
20166 - 108 1
20167 # 1504
20167 + 88
20168 # 1504
20168 - 88 1
20169 # 1504
20170 # 1504
20171 # 1504
20172 # 1504
20173 # 1504
20174 # 1504
20175 # 1504
20176 # 1504
20176 + 88
20176 + 108
20177 # 1504
20177 - 88 1
20177 - 108 1
20178 # 1504
20179 # 1504
20179 + 88
20180 # 1504
20180 - 88 1
20181 # 1504
20182 # 1504
20183 # 1504
20184 # 1504
20185 # 1504
20186 # 1504
20186 + 88
20187 # 1504
20187 - 88 1
20188 # 1504
20189 # 1504
20190 # 1504
20191 # 1504
20192 # 1504
20193 # 1504
20194 # 1504
20194 + 88
20194 + 108
20195 # 1504
20195 - 88 1
20195 - 108 1
20196 # 1504
20197 # 1504
20198 # 1504
20199 # 1504
20200 # 1504
20201 # 1504
20202 # 1504
20203 # 1504
20203 + 88
20204 # 1504
20204 - 88 1
20205 # 1504
20206 # 1504
20207 # 1504
20208 # 1504
20209 # 1504
20210 # 1504
20211 # 1504
20212 # 1504
20213 # 1504
20214 # 1504
20215 # 1504
20216 # 1504
20217 # 1504
20218 # 1504
20219 # 1504
20219 + 88
20219 + 108
20220 # 1504
20220 - 88 1
20220 - 108 1
20221 # 1504
20222 # 1504
20223 # 1504
20223 + 88
20224 # 1504
20224 - 88 1
20225 # 1504
20226 # 1504
20227 # 1504
20228 # 1504
20229 # 1504
20229 + 88
20229 + 108
20230 # 1504
20230 - 88 1
20230 - 108 1
20231 # 1504
20232 # 1504
20233 # 1504
20234 # 1504
20235 # 1504
20236 # 1504
20237 # 1504
20238 # 1504
20239 # 1504
20240 # 1504
20241 # 1504
20242 # 1504
20243 # 1504
20244 # 1504
20245 # 1504
20245 + 108
20245 + 88
20246 # 1504
20246 - 108 1
20246 - 88 1
20247 # 1504
20248 # 1504
20249 # 1504
20250 # 1504
20251 # 1504
20252 # 1504
20252 + 88
20252 + 100
20253 # 1504
20253 - 88 1
20253 - 100 1
20254 # 1504
20254 + 88
20255 # 1504
20255 - 88 1
20256 # 1504
20257 # 1504
20258 # 1504
20259 # 1504
20260 # 1504
20261 # 1504
20262 # 1504
20263 # 1504
20264 # 1504
20265 # 1504
20266 # 1504
20267 # 1504
20268 # 1504
20269 # 1504
20269 + 88
20269 + 108
20270 # 1504
20270 - 88 1
20270 - 108 1
20271 # 1504
20272 # 1504
20273 # 1504
20274 # 1504
20275 # 1504
20276 # 1504
20277 # 1504
20278 # 1504
20279 # 1504
20280 # 1504
20281 # 1504
20282 # 1504
20283 # 1504
20284 # 1504
20285 # 1504
20286 # 1504
20287 # 1504
20288 # 1504
20289 # 1504
20290 # 1504
20291 # 1504
20292 # 1504
20292 + 108
20292 + 88
20293 # 1504
20293 - 108 1
20293 - 88 1
20294 # 1504
20295 # 1504
20296 # 1504
20296 + 88
20297 # 1504
20297 - 88 1
20298 # 1504
20299 # 1504
20300 # 1504
20301 # 1504
20302 # 1504
20303 # 1504
20304 # 1504
20305 # 1504
20306 # 1504
20307 # 1504
20308 # 1504
20309 # 1504
20310 # 1504
20310 + 108
20311 # 1504
20311 - 108 1
20312 # 1504
20312 + 88
20313 # 1504
20313 - 88 1
20314 # 1504
20315 # 1504
20316 # 1504
20317 # 1504
20318 # 1504
20319 # 1504
20320 # 1504
20321 # 1504
20322 # 1504
20323 # 1504
20324 # 1504
20324 + 108
20325 # 1504
20325 - 108 1
20325 + 88
20326 # 1504
20326 - 88 1
20327 # 1504
20328 # 1504
20329 # 1504
20330 # 1504
20331 # 1504
20332 # 1504
20333 # 1504
20334 # 1504
20335 # 1504
20336 # 1504
20337 # 1504
20338 # 1504
20339 # 1504
20339 + 88
20339 + 108
20340 # 1504
20340 - 88 1
20340 - 108 1
20341 # 1504
20342 # 1504
20343 # 1504
20344 # 1504
20345 # 1504
20346 # 1504
20347 # 1504
20348 # 1504
20349 # 1504
20350 # 1504
20351 # 1504
20352 # 1504
20353 # 1504
20354 # 1504
20355 # 1504
20356 # 1504
20356 + 88
20357 # 1504
20357 - 88 1
20358 # 1504
20359 # 1504
20360 # 1504
20361 # 1504
20362 # 1504
20363 # 1504
20364 # 1504
20365 # 1504
20366 # 1504
20367 # 1504
20367 + 88
20367 + 108
20368 # 1504
20368 - 88 1
20368 - 108 1
20369 # 1504
20370 # 1504
20371 # 1504
20372 # 1504
20373 # 1504
20374 # 1504
20375 # 1504
20376 # 1504
20377 # 1504
20378 # 1504
20379 # 1504
20380 # 1504
20381 # 1504
20381 + 88
20382 # 1504
20382 - 88 1
20383 # 1504
20384 # 1504
20385 # 1504
20386 # 1504
20387 # 1504
20388 # 1504
20389 # 1504
20390 # 1504
20391 # 1504
20392 # 1504
20393 # 1504
20394 # 1504
20395 # 1504
20395 + 88
20395 + 108
20396 # 1504
20396 - 88 1
20396 - 108 1
20397 # 1504
20398 # 1504
20399 # 1504
20400 # 1504
20401 # 1504
20402 # 1504
20402 + 88
20403 # 1504
20403 - 88 1
20404 # 1504
20405 # 1504
20406 # 1504
20407 # 1504
20408 # 1504
20408 + 88
20408 + 108
20409 # 1504
20409 - 88 1
20409 - 108 1
20410 # 1504
20411 # 1504
20412 # 1504
20413 # 1504
20413 + 88
20414 # 1504
20414 - 88 1
20415 # 1504
20416 # 1504
20417 # 1504
20418 # 1504
20419 # 1504
20420 # 1504
20421 # 1504
20422 # 1504
20423 # 1504
20424 # 1504
20425 # 1504
20425 + 88
20425 + 108
20426 # 1504
20426 - 88 1
20426 - 108 1
20426 + 88
20427 # 1504
20427 - 88 1
20428 # 1504
20429 # 1504
20430 # 1504
20431 # 1504
20432 # 1504
20433 # 1504
20434 # 1504
20435 # 1504
20436 # 1504
20437 # 1504
20437 + 88
20437 + 108
20438 # 1504
20438 - 88 1
20438 - 108 1
20439 # 1504
20439 + 88
20440 # 1504
20440 - 88 1
20441 # 1504
20442 # 1504
20443 # 1504
20444 # 1504
20445 # 1504
20446 # 1504
20447 # 1504
20448 # 1504
20449 # 1504
20450 # 1504
20450 + 88
20450 + 108
20451 # 1504
20451 - 88 1
20451 - 108 1
20452 # 1504
20452 + 88
20453 # 1504
20453 - 88 1
20454 # 1504
20455 # 1504
20456 # 1504
20457 # 1504
20458 # 1504
20459 # 1504
20460 # 1504
20460 + 88
20461 # 1504
20461 - 88 1
20462 # 1504
20463 # 1504
20464 # 1504
20465 # 1504
20466 # 1504
20467 # 1504
20468 # 1504
20469 # 1504
20470 # 1504
20471 # 1504
20472 # 1504
20472 + 88
20472 + 108
20473 # 1504
20473 - 88 1
20473 - 108 1
20474 # 1504
20475 # 1504
20476 # 1504
20477 # 1504
20478 # 1504
20479 # 1504
20480 # 1504
20481 # 1504
20482 # 1504
20483 # 1504
20484 # 1504
20485 # 1504
20486 # 1504
20487 # 1504
20487 + 88
20487 + 108
20488 # 1504
20488 - 88 1
20488 - 108 1
20489 # 1504
20490 # 1504
20491 # 1504
20492 # 1504
20493 # 1504
20494 # 1504
20495 # 1504
20496 # 1504
20497 # 1504
20498 # 1504
20499 # 1504
20500 # 1504
20500 + 88
20500 + 108
20501 # 1504
20501 - 88 1
20501 - 108 1
20502 # 1504
20503 # 1504
20504 # 1504
20505 # 1504
20506 # 1504
20507 # 1504
20508 # 1504
20509 # 1504
20510 # 1504
20511 # 1504
20512 # 1504
20513 # 1504
20514 # 1504
20514 + 88
20515 # 1504
20515 - 88 1
20516 # 1504
20517 # 1504
20518 # 1504
20519 # 1504
20520 # 1504
20521 # 1504
20522 # 1504
20523 # 1504
20524 # 1504
20525 # 1504
20526 # 1504
20526 + 108
20527 # 1504
20527 - 108 1
20527 + 88
20528 # 1504
20528 - 88 1
20529 # 1504
20530 # 1504
20531 # 1504
20532 # 1504
20533 # 1504
20534 # 1504
20535 # 1504
20536 # 1504
20537 # 1504
20538 # 1504
20539 # 1504
20540 # 1504
20541 # 1504
20542 # 1504
20542 + 88
20542 + 108
20543 # 1504
20543 - 88 1
20543 - 108 1
20544 # 1504
20545 # 1504
20546 # 1504
20547 # 1504
20548 # 1504
20549 # 1504
20550 # 1504
20551 # 1504
20552 # 1504
20553 # 1504
20554 # 1504
20555 # 1504
20556 # 1504
20557 # 1504
20557 + 88
20557 + 108
20558 # 1504
20558 - 88 1
20558 - 108 1
20559 # 1504
20560 # 1504
20561 # 1504
20562 # 1504
20563 # 1504
20564 # 1504
20565 # 1504
20566 # 1504
20567 # 1504
20568 # 1504
20569 # 1504
20570 # 1504
20571 # 1504
20572 # 1504
20573 # 1504
20574 # 1504
20575 # 1504
20576 # 1504
20577 # 1504
20578 # 1504
20579 # 1504
20580 # 1504
20580 + 88
20581 # 1504
20581 - 88 1
20582 # 1504
20583 # 1504
20584 # 1504
20584 + 88
20585 # 1504
20585 - 88 1
20586 # 1504
20587 # 1504
20588 # 1504
20589 # 1504
20590 # 1504
20591 # 1504
20592 # 1504
20593 # 1504
20594 # 1504
20595 # 1504
20596 # 1504
20597 # 1504
20598 # 1504
20598 + 88
20598 + 108
20599 # 1504
20599 - 88 1
20599 - 108 1
20600 # 1504
20601 # 1504
20602 # 1504
20603 # 1504
20604 # 1504
20605 # 1504
20605 + 88
20606 # 1504
20606 - 88 1
20607 # 1504
20608 # 1504
20609 # 1504
20610 # 1504
20611 # 1504
20612 # 1504
20612 + 88
20612 + 108
20613 # 1504
20613 - 88 1
20613 - 108 1
20614 # 1504
20615 # 1504
20616 # 1504
20616 + 88
20617 # 1504
20617 - 88 1
20618 # 1504
20619 # 1504
20620 # 1504
20621 # 1504
20622 # 1504
20623 # 1504
20624 # 1504
20624 + 88
20624 + 108
20625 # 1504
20625 - 88 1
20625 - 108 1
20626 # 1504
20627 # 1504
20628 # 1504
20629 # 1504
20629 + 88
20630 # 1504
20630 - 88 1
20631 # 1504
20632 # 1504
20633 # 1504
20634 # 1504
20635 # 1504
20636 # 1504
20637 # 1504
20637 + 88
20637 + 108
20638 # 1504
20638 - 88 1
20638 - 108 1
20639 # 1504
20640 # 1504
20641 # 1504
20641 + 88
20642 # 1504
20642 - 88 1
20643 # 1504
20644 # 1504
20645 # 1504
20646 # 1504
20647 # 1504
20648 # 1504
20648 + 88
20648 + 108
20649 # 1504
20649 - 88 1
20649 - 108 1
20650 # 1504
20651 # 1504
20652 # 1504
20653 # 1504
20654 # 1504
20654 + 88
20655 # 1504
20655 - 88 1
20656 # 1504
20657 # 1504
20658 # 1504
20659 # 1504
20660 # 1504
20660 + 88
20660 + 108
20661 # 1504
20661 - 88 1
20661 - 108 1
20662 # 1504
20663 # 1504
20664 # 1504
20665 # 1504
20666 # 1504
20667 # 1504
20668 # 1504
20669 # 1504
20670 # 1504
20671 # 1504
20672 # 1504
20672 + 88
20672 + 108
20673 # 1504
20673 - 88 1
20673 - 108 1
20674 # 1504
20675 # 1504
20676 # 1504
20677 # 1504
20678 # 1504
20679 # 1504
20680 # 1504
20680 + 88
20681 # 1504
20681 - 88 1
20682 # 1504
20683 # 1504
20684 # 1504
20685 # 1504
20686 # 1504
20686 + 88
20686 + 108
20687 # 1504
20687 - 88 1
20687 - 108 1
20688 # 1504
20689 # 1504
20690 # 1504
20691 # 1504
20692 # 1504
20693 # 1504
20694 # 1504
20695 # 1504
20696 # 1504
20696 + 88
20696 + 108
20697 # 1504
20697 - 88 1
20697 - 108 1
20698 # 1504
20699 # 1504
20700 # 1504
20701 # 1504
20702 # 1504
20703 # 1504
20703 + 88
20704 # 1504
20704 - 88 1
20705 # 1504
20706 # 1504
20707 # 1504
20708 # 1504
20709 # 1504
20710 # 1504
20711 # 1504
20712 # 1504
20712 + 88
20712 + 108
20713 # 1504
20713 - 88 1
20713 - 108 1
20714 # 1504
20715 # 1504
20716 # 1504
20717 # 1504
20718 # 1504
20719 # 1504
20720 # 1504
20720 + 88
20721 # 1504
20721 - 88 1
20722 # 1504
20723 # 1504
20724 # 1504
20725 # 1504
20726 # 1504
20727 # 1504
20728 # 1504
20729 # 1504
20730 # 1504
20731 # 1504
20732 # 1504
20733 # 1504
20734 # 1504
20735 # 1504
20736 # 1504
20736 + 88
20736 + 108
20737 # 1504
20737 - 88 1
20737 - 108 1
20738 # 1504
20738 + 88
20739 # 1504
20739 - 88 1
20740 # 1504
20741 # 1504
20742 # 1504
20743 # 1504
20744 # 1504
20745 # 1504
20746 # 1504
20747 # 1504
20748 # 1504
20748 + 88
20748 + 108
20749 # 1504
20749 - 88 1
20749 - 108 1
20750 # 1504
20751 # 1504
20752 # 1504
20753 # 1504
20753 + 88
20754 # 1504
20754 - 88 1
20755 # 1504
20756 # 1504
20757 # 1504
20758 # 1504
20759 # 1504
20760 # 1504
20760 + 88
20760 + 108
20761 # 1504
20761 - 88 1
20761 - 108 1
20762 # 1504
20763 # 1504
20764 # 1504
20765 # 1504
20765 + 88
20766 # 1504
20766 - 88 1
20767 # 1504
20768 # 1504
20769 # 1504
20770 # 1504
20771 # 1504
20772 # 1504
20772 + 88
20772 + 108
20773 # 1504
20773 - 88 1
20773 - 108 1
20774 # 1504
20775 # 1504
20776 # 1504
20777 # 1504
20778 # 1504
20778 + 88
20779 # 1504
20779 - 88 1
20780 # 1504
20781 # 1504
20782 # 1504
20783 # 1504
20784 # 1504
20784 + 88
20784 + 108
20785 # 1504
20785 - 88 1
20785 - 108 1
20786 # 1504
20787 # 1504
20788 # 1504
20789 # 1504
20790 # 1504
20790 + 88
20791 # 1504
20791 - 88 1
20792 # 1504
20793 # 1504
20794 # 1504
20795 # 1504
20796 # 1504
20796 + 88
20796 + 108
20797 # 1504
20797 - 88 1
20797 - 108 1
20798 # 1504
20799 # 1504
20800 # 1504
20801 # 1504
20802 # 1504
20802 + 88
20803 # 1504
20803 - 88 1
20804 # 1504
20805 # 1504
20806 # 1504
20807 # 1504
20808 # 1504
20809 # 1504
20809 + 88
20809 + 108
20810 # 1504
20810 - 88 1
20810 - 108 1
20811 # 1504
20812 # 1504
20813 # 1504
20814 # 1504
20815 # 1504
20816 # 1504
20817 # 1504
20818 # 1504
20819 # 1504
20820 # 1504
20821 # 1504
20822 # 1504
20823 # 1504
20824 # 1504
20825 # 1504
20826 # 1504
20827 # 1504
20828 # 1504
20829 # 1504
20830 # 1504
20831 # 1504
20832 # 1504
20832 + 108
20832 + 88
20833 # 1504
20833 - 108 1
20833 - 88 1
20834 # 1504
20835 # 1504
20836 # 1504
20837 # 1504
20837 + 88
20838 # 1504
20838 - 88 1
20839 # 1504
20840 # 1504
20841 # 1504
20842 # 1504
20843 # 1504
20844 # 1504
20845 # 1504
20846 # 1504
20847 # 1504
20848 # 1504
20848 + 108
20849 # 1504
20849 - 108 1
20850 # 1504
20851 # 1504
20852 # 1504
20852 + 88
20853 # 1504
20853 - 88 1
20854 # 1504
20855 # 1504
20856 # 1504
20857 # 1504
20858 # 1504
20859 # 1504
20860 # 1504
20861 # 1504
20862 # 1504
20863 # 1504
20864 # 1504
20865 # 1504
20866 # 1504
20867 # 1504
20868 # 1504
20868 + 108
20868 + 88
20869 # 1504
20869 - 108 1
20869 - 88 1
20870 # 1504
20871 # 1504
20872 # 1504
20873 # 1504
20874 # 1504
20875 # 1504
20876 # 1504
20877 # 1504
20878 # 1504
20879 # 1504
20879 + 88
20879 + 108
20880 # 1504
20880 - 88 1
20880 - 108 1
20881 # 1504
20882 # 1504
20883 # 1504
20884 # 1504
20885 # 1504
20886 # 1504
20887 # 1504
20888 # 1504
20889 # 1504
20890 # 1504
20891 # 1504
20892 # 1504
20893 # 1504
20894 # 1504
20894 + 88
20894 + 108
20895 # 1504
20895 - 88 1
20895 - 108 1
20896 # 1504
20897 # 1504
20898 # 1504
20899 # 1504
20900 # 1504
20901 # 1504
20902 # 1504
20903 # 1504
20904 # 1504
20905 # 1504
20906 # 1504
20907 # 1504
20908 # 1504
20909 # 1504
20910 # 1504
20911 # 1504
20912 # 1504
20913 # 1504
20914 # 1504
20915 # 1504
20916 # 1504
20917 # 1504
20918 # 1504
20919 # 1504
20920 # 1504
20920 + 88
20920 + 108
20921 # 1504
20921 - 88 1
20921 - 108 1
20921 + 88
20922 # 1504
20922 - 88 1
20923 # 1504
20924 # 1504
20925 # 1504
20926 # 1504
20927 # 1504
20928 # 1504
20929 # 1504
20930 # 1504
20931 # 1504
20932 # 1504
20933 # 1504
20934 # 1504
20935 # 1504
20936 # 1504
20937 # 1504
20938 # 1504
20939 # 1504
20940 # 1504
20941 # 1504
20942 # 1504
20943 # 1504
20944 # 1504
20944 + 108
20944 + 88
20945 # 1504
20945 - 108 1
20945 - 88 1
20946 # 1504
20947 # 1504
20948 # 1504
20949 # 1504
20950 # 1504
20950 + 88
20951 # 1504
20951 - 88 1
20952 # 1504
20953 # 1504
20954 # 1504
20955 # 1504
20956 # 1504
20957 # 1504
20958 # 1504
20959 # 1504
20960 # 1504
20960 + 108
20960 + 88
20961 # 1504
20961 - 108 1
20961 - 88 1
20962 # 1504
20963 # 1504
20964 # 1504
20965 # 1504
20966 # 1504
20967 # 1504
20968 # 1504
20968 + 88
20969 # 1504
20969 - 88 1
20970 # 1504
20971 # 1504
20972 # 1504
20973 # 1504
20974 # 1504
20975 # 1504
20975 + 88
20975 + 108
20976 # 1504
20976 - 88 1
20976 - 108 1
20977 # 1504
20978 # 1504
20979 # 1504
20980 # 1504
20981 # 1504
20982 # 1504
20983 # 1504
20984 # 1504
20985 # 1504
20986 # 1504
20986 + 88
20986 + 108
20987 # 1504
20987 - 88 1
20987 - 108 1
20988 # 1504
20989 # 1504
20990 # 1504
20991 # 1504
20992 # 1504
20992 + 88
20993 # 1504
20993 - 88 1
20994 # 1504
20995 # 1504
20996 # 1504
20997 # 1504
20998 # 1504
20999 # 1504
21000 # 1504
21001 # 1504
21001 + 88
21001 + 108
21002 # 1504
21002 - 88 1
21002 - 108 1
21003 # 1504
21004 # 1504
21005 # 1504
21006 # 1504
21007 # 1504
21008 # 1504
21009 # 1504
21010 # 1504
21011 # 1504
21012 # 1504
21012 + 88
21012 + 108
21013 # 1504
21013 - 88 1
21013 - 108 1
21014 # 1504
21015 # 1504
21016 # 1504
21017 # 1504
21018 # 1504
21019 # 1504
21020 # 1504
21020 + 88
21021 # 1504
21021 - 88 1
21022 # 1504
21023 # 1504
21024 # 1504
21025 # 1504
21026 # 1504
21027 # 1504
21028 # 1504
21029 # 1504
21030 # 1504
21031 # 1504
21032 # 1504
21033 # 1504
21034 # 1504
21034 + 108
21034 + 88
21035 # 1504
21035 - 108 1
21035 - 88 1
21036 # 1504
21036 + 88
21037 # 1504
21037 - 88 1
21038 # 1504
21039 # 1504
21040 # 1504
21041 # 1504
21041 + 88
21042 # 1504
21042 - 88 1
21043 # 1504
21044 # 1504
21045 # 1504
21046 # 1504
21047 # 1504
21048 # 1504
21048 + 88
21048 + 108
21049 # 1504
21049 - 88 1
21049 - 108 1
21050 # 1504
21051 # 1504
21052 # 1504
21053 # 1504
21054 # 1504
21055 # 1504
21056 # 1504
21056 + 88
21057 # 1504
21057 - 88 1
21058 # 1504
21059 # 1504
21060 # 1504
21061 # 1504
21062 # 1504
21063 # 1504
21064 # 1504
21065 # 1504
21066 # 1504
21066 + 88
21066 + 108
21067 # 1504
21067 - 88 1
21067 - 108 1
21067 + 88
21068 # 1504
21068 - 88 1
21069 # 1504
21070 # 1504
21071 # 1504
21072 # 1504
21073 # 1504
21074 # 1504
21075 # 1504
21076 # 1504
21077 # 1504
21078 # 1504
21078 + 88
21078 + 108
21079 # 1504
21079 - 88 1
21079 - 108 1
21079 + 88
21080 # 1504
21080 - 88 1
21081 # 1504
21082 # 1504
21083 # 1504
21084 # 1504
21085 # 1504
21086 # 1504
21087 # 1504
21088 # 1504
21089 # 1504
21090 # 1504
21091 # 1504
21091 + 88
21091 + 108
21092 # 1504
21092 - 88 1
21092 - 108 1
21093 # 1504
21094 # 1504
21095 # 1504
21096 # 1504
21097 # 1504
21097 + 88
21098 # 1504
21098 - 88 1
21099 # 1504
21100 # 1504
21101 # 1504
21102 # 1504
21103 # 1504
21103 + 88
21103 + 108
21104 # 1504
21104 - 88 1
21104 - 108 1
21104 + 88
21105 # 1504
21105 - 88 1
21106 # 1504
21107 # 1504
21108 # 1504
21109 # 1504
21110 # 1504
21111 # 1504
21112 # 1504
21113 # 1504
21114 # 1504
21115 # 1504
21116 # 1504
21117 # 1504
21118 # 1504
21118 + 88
21118 + 108
21119 # 1504
21119 - 88 1
21119 - 108 1
21120 # 1504
21120 + 88
21121 # 1504
21121 - 88 1
21122 # 1504
21123 # 1504
21124 # 1504
21125 # 1504
21126 # 1504
21127 # 1504
21128 # 1504
21128 + 88
21129 # 1504
21129 - 88 1
21130 # 1504
21131 # 1504
21132 # 1504
21133 # 1504
21134 # 1504
21135 # 1504
21136 # 1504
21136 + 88
21136 + 108
21137 # 1504
21137 - 88 1
21137 - 108 1
21138 # 1504
21139 # 1504
21140 # 1504
21141 # 1504
21142 # 1504
21143 # 1504
21144 # 1504
21145 # 1504
21146 # 1504
21147 # 1504
21148 # 1504
21149 # 1504
21150 # 1504
21151 # 1504
21152 # 1504
21152 + 108
21152 + 88
21153 # 1504
21153 - 108 1
21153 - 88 1
21154 # 1504
21155 # 1504
21156 # 1504
21157 # 1504
21158 # 1504
21159 # 1504
21160 # 1504
21160 + 88
21161 # 1504
21161 - 88 1
21162 # 1504
21163 # 1504
21164 # 1504
21164 + 88
21164 + 108
21165 # 1504
21165 - 88 1
21165 - 108 1
21166 # 1504
21167 # 1504
21168 # 1504
21169 # 1504
21170 # 1504
21171 # 1504
21171 + 88
21172 # 1504
21172 - 88 1
21173 # 1504
21174 # 1504
21175 # 1504
21176 # 1504
21177 # 1504
21178 # 1504
21179 # 1504
21179 + 88
21179 + 108
21180 # 1504
21180 - 88 1
21180 - 108 1
21181 # 1504
21182 # 1504
21183 # 1504
21184 # 1504
21185 # 1504
21186 # 1504
21187 # 1504
21188 # 1504
21189 # 1504
21190 # 1504
21191 # 1504
21192 # 1504
21193 # 1504
21194 # 1504
21195 # 1504
21195 + 88
21196 # 1504
21196 - 88 1
21197 # 1504
21198 # 1504
21199 # 1504
21200 # 1504
21201 # 1504
21202 # 1504
21203 # 1504
21204 # 1504
21205 # 1504
21206 # 1504
21207 # 1504
21208 # 1504
21208 + 88
21208 + 108
21209 # 1504
21209 - 88 1
21209 - 108 1
21210 # 1504
21211 # 1504
21212 # 1504
21213 # 1504
21214 # 1504
21215 # 1504
21216 # 1504
21217 # 1504
21218 # 1504
21219 # 1504
21220 # 1504
21221 # 1504
21222 # 1504
21222 + 88
21222 + 108
21223 # 1504
21223 - 88 1
21223 - 108 1
21224 # 1504
21225 # 1504
21226 # 1504
21227 # 1504
21228 # 1504
21229 # 1504
21230 # 1504
21231 # 1504
21232 # 1504
21233 # 1504
21234 # 1504
21235 # 1504
21236 # 1504
21236 + 88
21236 + 108
21237 # 1504
21237 - 88 1
21237 - 108 1
21238 # 1504
21239 # 1504
21240 # 1504
21241 # 1504
21242 # 1504
21243 # 1504
21244 # 1504
21245 # 1504
21246 # 1504
21247 # 1504
21248 # 1504
21249 # 1504
21250 # 1504
21250 + 88
21250 + 108
21251 # 1504
21251 - 88 1
21251 - 108 1
21252 # 1504
21253 # 1504
21254 # 1504
21255 # 1504
21256 # 1504
21257 # 1504
21258 # 1504
21259 # 1504
21260 # 1504
21261 # 1504
21262 # 1504
21263 # 1504
21264 # 1504
21264 + 88
21264 + 108
21265 # 1504
21265 - 88 1
21265 - 108 1
21266 # 1504
21267 # 1504
21268 # 1504
21269 # 1504
21270 # 1504
21271 # 1504
21272 # 1504
21273 # 1504
21274 # 1504
21275 # 1504
21276 # 1504
21277 # 1504
21278 # 1504
21279 # 1504
21280 # 1504
21281 # 1504
21282 # 1504
21283 # 1504
21284 # 1504
21285 # 1504
21286 # 1504
21287 # 1504
21287 + 108
21287 + 88
21288 # 1504
21288 - 108 1
21288 - 88 1
21289 # 1504
21290 # 1504
21291 # 1504
21292 # 1504
21292 + 88
21293 # 1504
21293 - 88 1
21294 # 1504
21295 # 1504
21296 # 1504
21297 # 1504
21298 # 1504
21299 # 1504
21300 # 1504
21301 # 1504
21302 # 1504
21303 # 1504
21304 # 1504
21304 + 108
21305 # 1504
21305 - 108 1
21305 + 88
21306 # 1504
21306 - 88 1
21307 # 1504
21308 # 1504
21309 # 1504
21310 # 1504
21311 # 1504
21312 # 1504
21313 # 1504
21314 # 1504
21315 # 1504
21316 # 1504
21317 # 1504
21318 # 1504
21319 # 1504
21320 # 1504
21320 + 88
21320 + 108
21321 # 1504
21321 - 88 1
21321 - 108 1
21322 # 1504
21323 # 1504
21324 # 1504
21325 # 1504
21326 # 1504
21326 + 88
21327 # 1504
21327 - 88 1
21328 # 1504
21329 # 1504
21330 # 1504
21331 # 1504
21332 # 1504
21333 # 1504
21333 + 88
21333 + 108
21334 # 1504
21334 - 88 1
21334 - 108 1
21335 # 1504
21336 # 1504
21337 # 1504
21338 # 1504
21339 # 1504
21339 + 88
21340 # 1504
21340 - 88 1
21341 # 1504
21342 # 1504
21343 # 1504
21344 # 1504
21345 # 1504
21345 + 88
21345 + 108
21346 # 1504
21346 - 88 1
21346 - 108 1
21347 # 1504
21348 # 1504
21349 # 1504
21350 # 1504
21351 # 1504
21352 # 1504
21352 + 88
21353 # 1504
21353 - 88 1
21354 # 1504
21355 # 1504
21356 # 1504
21357 # 1504
21358 # 1504
21358 + 88
21358 + 108
21359 # 1504
21359 - 88 1
21359 - 108 1
21360 # 1504
21361 # 1504
21362 # 1504
21363 # 1504
21364 # 1504
21365 # 1504
21365 + 88
21366 # 1504
21366 - 88 1
21367 # 1504
21368 # 1504
21369 # 1504
21370 # 1504
21371 # 1504
21371 + 88
21371 + 108
21372 # 1504
21372 - 88 1
21372 - 108 1
21373 # 1504
21374 # 1504
21375 # 1504
21376 # 1504
21377 # 1504
21377 + 88
21378 # 1504
21378 - 88 1
21379 # 1504
21380 # 1504
21381 # 1504
21382 # 1504
21383 # 1504
21384 # 1504
21384 + 88
21384 + 108
21385 # 1504
21385 - 88 1
21385 - 108 1
21386 # 1504
21387 # 1504
21388 # 1504
21389 # 1504
21390 # 1504
21390 + 88
21391 # 1504
21391 - 88 1
21392 # 1504
21393 # 1504
21394 # 1504
21395 # 1504
21396 # 1504
21397 # 1504
21398 # 1504
21398 + 88
21398 + 108
21399 # 1504
21399 - 88 1
21399 - 108 1
21400 # 1504
21401 # 1504
21402 # 1504
21402 + 88
21403 # 1504
21403 - 88 1
21404 # 1504
21405 # 1504
21406 # 1504
21407 # 1504
21408 # 1504
21408 + 88
21408 + 108
21409 # 1504
21409 - 88 1
21409 - 108 1
21410 # 1504
21411 # 1504
21412 # 1504
21413 # 1504
21414 # 1504
21415 # 1504
21415 + 88
21416 # 1504
21416 - 88 1
21417 # 1504
21418 # 1504
21419 # 1504
21420 # 1504
21421 # 1504
21421 + 88
21421 + 108
21422 # 1504
21422 - 88 1
21422 - 108 1
21423 # 1504
21424 # 1504
21425 # 1504
21426 # 1504
21427 # 1504
21427 + 88
21428 # 1504
21428 - 88 1
21429 # 1504
21430 # 1504
21431 # 1504
21432 # 1504
21433 # 1504
21434 # 1504
21434 + 88
21434 + 108
21435 # 1504
21435 - 88 1
21435 - 108 1
21436 # 1504
21437 # 1504
21438 # 1504
21439 # 1504
21439 + 88
21440 # 1504
21440 - 88 1
21441 # 1504
21442 # 1504
21443 # 1504
21444 # 1504
21445 # 1504
21446 # 1504
21447 # 1504
21447 + 88
21447 + 108
21448 # 1504
21448 - 88 1
21448 - 108 1
21449 # 1504
21450 # 1504
21451 # 1504
21452 # 1504
21453 # 1504
21454 # 1504
21455 # 1504
21456 # 1504
21457 # 1504
21458 # 1504
21459 # 1504
21459 + 108
21460 # 1504
21460 - 108 1
21460 + 88
21461 # 1504
21461 - 88 1
21462 # 1504
21463 # 1504
21464 # 1504
21465 # 1504
21466 # 1504
21467 # 1504
21468 # 1504
21469 # 1504
21470 # 1504
21471 # 1504
21472 # 1504
21473 # 1504
21474 # 1504
21475 # 1504
21476 # 1504
21476 + 108
21476 + 88
21477 # 1504
21477 - 108 1
21477 - 88 1
21478 # 1504
21479 # 1504
21480 # 1504
21481 # 1504
21482 # 1504
21483 # 1504
21484 # 1504
21485 # 1504
21486 # 1504
21487 # 1504
21488 # 1504
21488 + 108
21488 + 88
21489 # 1504
21489 - 108 1
21489 - 88 1
21490 # 1504
21491 # 1504
21492 # 1504
21493 # 1504
21494 # 1504
21495 # 1504
21496 # 1504
21497 # 1504
21498 # 1504
21499 # 1504
21500 # 1504
21501 # 1504
21502 # 1504
21503 # 1504
21504 # 1504
21504 + 88
21504 + 108
21505 # 1504
21505 - 88 1
21505 - 108 1
21506 # 1504
21507 # 1504
21508 # 1504
21509 # 1504
21510 # 1504
21511 # 1504
21512 # 1504
21513 # 1504
21514 # 1504
21515 # 1504
21516 # 1504
21517 # 1504
21518 # 1504
21519 # 1504
21520 # 1504
21521 # 1504
21522 # 1504
21523 # 1504
21524 # 1504
21525 # 1504
21526 # 1504
21527 # 1504
21528 # 1504
21529 # 1504
21529 + 88
21529 + 108
21530 # 1504
21530 - 88 1
21530 - 108 1
21531 # 1504
21532 # 1504
21532 + 88
21533 # 1504
21533 - 88 1
21534 # 1504
21535 # 1504
21536 # 1504
21537 # 1504
21538 # 1504
21539 # 1504
21540 # 1504
21541 # 1504
21542 # 1504
21543 # 1504
21544 # 1504
21545 # 1504
21546 # 1504
21546 + 88
21546 + 108
21547 # 1504
21547 - 88 1
21547 - 108 1
21548 # 1504
21549 # 1504
21550 # 1504
21551 # 1504
21552 # 1504
21553 # 1504
21554 # 1504
21555 # 1504
21556 # 1504
21557 # 1504
21558 # 1504
21559 # 1504
21559 + 88
21559 + 108
21560 # 1504
21560 - 88 1
21560 - 108 1
21561 # 1504
21562 # 1504
21563 # 1504
21564 # 1504
21565 # 1504
21566 # 1504
21567 # 1504
21568 # 1504
21569 # 1504
21570 # 1504
21571 # 1504
21572 # 1504
21572 + 88
21572 + 108
21573 # 1504
21573 - 88 1
21573 - 108 1
21574 # 1504
21575 # 1504
21576 # 1504
21577 # 1504
21578 # 1504
21579 # 1504
21580 # 1504
21581 # 1504
21582 # 1504
21583 # 1504
21584 # 1504
21585 # 1504
21586 # 1504
21587 # 1504
21587 + 88
21587 + 108
21588 # 1504
21588 - 88 1
21588 - 108 1
21589 # 1504
21590 # 1504
21591 # 1504
21592 # 1504
21593 # 1504
21594 # 1504
21595 # 1504
21595 + 88
21596 # 1504
21596 - 88 1
21597 # 1504
21598 # 1504
21599 # 1504
21600 # 1504
21601 # 1504
21602 # 1504
21603 # 1504
21604 # 1504
21605 # 1504
21606 # 1504
21607 # 1504
21608 # 1504
21609 # 1504
21609 + 88
21609 + 108
21610 # 1504
21610 - 88 1
21610 - 108 1
21611 # 1504
21612 # 1504
21613 # 1504
21614 # 1504
21615 # 1504
21616 # 1504
21617 # 1504
21618 # 1504
21619 # 1504
21620 # 1504
21621 # 1504
21622 # 1504
21623 # 1504
21624 # 1504
21625 # 1504
21626 # 1504
21627 # 1504
21628 # 1504
21629 # 1504
21630 # 1504
21631 # 1504
21632 # 1504
21633 # 1504
21634 # 1504
21635 # 1504
21635 + 108
21635 + 88
21636 # 1504
21636 - 108 1
21636 - 88 1
21637 # 1504
21637 + 88
21638 # 1504
21638 - 88 1
21639 # 1504
21640 # 1504
21641 # 1504
21642 # 1504
21643 # 1504
21644 # 1504
21645 # 1504
21646 # 1504
21647 # 1504
21648 # 1504
21649 # 1504
21650 # 1504
21651 # 1504
21652 # 1504
21653 # 1504
21654 # 1504
21655 # 1504
21656 # 1504
21657 # 1504
21658 # 1504
21659 # 1504
21660 # 1504
21661 # 1504
21662 # 1504
21663 # 1504
21664 # 1504
21664 + 108
21664 + 88
21665 # 1504
21665 - 108 1
21665 - 88 1
21665 + 88
21666 # 1504
21666 - 88 1
21667 # 1504
21668 # 1504
21669 # 1504
21670 # 1504
21671 # 1504
21672 # 1504
21673 # 1504
21674 # 1504
21675 # 1504
21676 # 1504
21677 # 1504
21678 # 1504
21679 # 1504
21679 + 88
21679 + 108
21680 # 1504
21680 - 88 1
21680 - 108 1
21681 # 1504
21682 # 1504
21683 # 1504
21684 # 1504
21685 # 1504
21686 # 1504
21687 # 1504
21688 # 1504
21689 # 1504
21690 # 1504
21691 # 1504
21692 # 1504
21693 # 1504
21693 + 88
21693 + 108
21694 # 1504
21694 - 88 1
21694 - 108 1
21695 # 1504
21696 # 1504
21697 # 1504
21698 # 1504
21699 # 1504
21700 # 1504
21701 # 1504
21702 # 1504
21703 # 1504
21704 # 1504
21705 # 1504
21706 # 1504
21707 # 1504
21707 + 88
21707 + 108
21708 # 1504
21708 - 88 1
21708 - 108 1
21709 # 1504
21710 # 1504
21711 # 1504
21712 # 1504
21713 # 1504
21714 # 1504
21715 # 1504
21716 # 1504
21717 # 1504
21718 # 1504
21719 # 1504
21720 # 1504
21721 # 1504
21722 # 1504
21722 + 88
21722 + 108
21723 # 1504
21723 - 88 1
21723 - 108 1
21724 # 1504
21725 # 1504
21726 # 1504
21727 # 1504
21728 # 1504
21728 + 88
21729 # 1504
21729 - 88 1
21730 # 1504
21731 # 1504
21732 # 1504
21733 # 1504
21734 # 1504
21735 # 1504
21735 + 88
21735 + 108
21736 # 1504
21736 - 88 1
21736 - 108 1
21737 # 1504
21738 # 1504
21739 # 1504
21740 # 1504
21741 # 1504
21741 + 88
21742 # 1504
21742 - 88 1
21743 # 1504
21744 # 1504
21745 # 1504
21746 # 1504
21747 # 1504
21748 # 1504
21748 + 88
21748 + 108
21749 # 1504
21749 - 88 1
21749 - 108 1
21750 # 1504
21751 # 1504
21752 # 1504
21753 # 1504
21753 + 88
21754 # 1504
21754 - 88 1
21755 # 1504
21756 # 1504
21757 # 1504
21758 # 1504
21759 # 1504
21760 # 1504
21760 + 88
21760 + 108
21761 # 1504
21761 - 88 1
21761 - 108 1
21762 # 1504
21763 # 1504
21764 # 1504
21765 # 1504
21765 + 88
21766 # 1504
21766 - 88 1
21767 # 1504
21768 # 1504
21769 # 1504
21770 # 1504
21771 # 1504
21772 # 1504
21773 # 1504
21774 # 1504
21775 # 1504
21776 # 1504
21776 + 88
21776 + 108
21777 # 1504
21777 - 88 1
21777 - 108 1
21777 + 88
21778 # 1504
21778 - 88 1
21779 # 1504
21780 # 1504
21781 # 1504
21782 # 1504
21783 # 1504
21784 # 1504
21784 + 88
21785 # 1504
21785 - 88 1
21786 # 1504
21787 # 1504
21788 # 1504
21789 # 1504
21790 # 1504
21791 # 1504
21792 # 1504
21793 # 1504
21794 # 1504
21795 # 1504
21796 # 1504
21796 + 108
21797 # 1504
21797 - 108 1
21798 # 1504
21798 + 88
21799 # 1504
21799 - 88 1
21800 # 1504
21801 # 1504
21802 # 1504
21803 # 1504
21804 # 1504
21805 # 1504
21806 # 1504
21807 # 1504
21808 # 1504
21809 # 1504
21810 # 1504
21811 # 1504
21811 + 108
21812 # 1504
21812 - 108 1
21813 # 1504
21814 # 1504
21815 # 1504
21816 # 1504
21817 # 1504
21818 # 1504
21819 # 1504
21820 # 1504
21821 # 1504
21822 # 1504
21823 # 1504
21824 # 1504
21825 # 1504
21825 + 88
21825 + 108
21826 # 1504
21826 - 88 1
21826 - 108 1
21827 # 1504
21827 + 88
21828 # 1504
21828 - 88 1
21829 # 1504
21830 # 1504
21831 # 1504
21832 # 1504
21833 # 1504
21834 # 1504
21835 # 1504
21836 # 1504
21837 # 1504
21838 # 1504
21839 # 1504
21839 + 108
21840 # 1504
21840 - 108 1
21840 + 88
21841 # 1504
21841 - 88 1
21842 # 1504
21843 # 1504
21844 # 1504
21845 # 1504
21846 # 1504
21847 # 1504
21848 # 1504
21849 # 1504
21850 # 1504
21851 # 1504
21852 # 1504
21853 # 1504
21853 + 108
21854 # 1504
21854 - 108 1
21855 # 1504
21856 # 1504
21857 # 1504
21858 # 1504
21859 # 1504
21860 # 1504
21861 # 1504
21862 # 1504
21863 # 1504
21864 # 1504
21865 # 1504
21866 # 1504
21867 # 1504
21867 + 88
21867 + 108
21868 # 1504
21868 - 88 1
21868 - 108 1
21869 # 1504
21870 # 1504
21871 # 1504
21872 # 1504
21873 # 1504
21874 # 1504
21875 # 1504
21876 # 1504
21877 # 1504
21878 # 1504
21879 # 1504
21880 # 1504
21881 # 1504
21881 + 88
21882 # 1504
21882 - 88 1
21883 # 1504
21884 # 1504
21885 # 1504
21886 # 1504
21887 # 1504
21888 # 1504
21889 # 1504
21890 # 1504
21891 # 1504
21892 # 1504
21893 # 1504
21893 + 108
21893 + 88
21894 # 1504
21894 - 108 1
21894 - 88 1
21895 # 1504
21896 # 1504
21896 + 88
21897 # 1504
21897 - 88 1
21898 # 1504
21899 # 1504
21900 # 1504
21901 # 1504
21902 # 1504
21903 # 1504
21904 # 1504
21905 # 1504
21906 # 1504
21907 # 1504
21908 # 1504
21909 # 1504
21909 + 108
21910 # 1504
21910 - 108 1
21911 # 1504
21912 # 1504
21913 # 1504
21914 # 1504
21915 # 1504
21916 # 1504
21917 # 1504
21918 # 1504
21919 # 1504
21920 # 1504
21921 # 1504
21922 # 1504
21923 # 1504
21923 + 88
21923 + 108
21924 # 1504
21924 - 88 1
21924 - 108 1
21925 # 1504
21926 # 1504
21927 # 1504
21928 # 1504
21929 # 1504
21930 # 1504
21931 # 1504
21932 # 1504
21932 + 88
21932 + 88
21933 # 1504
21933 - 88 1
21933 - 88 1
21934 # 1504
21935 # 1504
21936 # 1504
21937 # 1504
21938 # 1504
21939 # 1504
21940 # 1504
21940 + 108
21941 # 1504
21941 - 108 1
21942 # 1504
21943 # 1504
21944 # 1504
21945 # 1504
21946 # 1504
21947 # 1504
21948 # 1504
21949 # 1504
21949 + 88
21950 # 1504
21950 - 88 1
21951 # 1504
21952 # 1504
21952 + 88
21952 + 108
21953 # 1504
21953 - 88 1
21953 - 108 1
21954 # 1504
21955 # 1504
21956 # 1504
21957 # 1504
21958 # 1504
21958 + 88
21959 # 1504
21959 - 88 1
21960 # 1504
21961 # 1504
21962 # 1504
21963 # 1504
21964 # 1504
21965 # 1504
21966 # 1504
21967 # 1504
21968 # 1504
21969 # 1504
21970 # 1504
21971 # 1504
21972 # 1504
21973 # 1504
21974 # 1504
21975 # 1504
21975 + 108
21975 + 88
21976 # 1504
21976 - 108 1
21976 - 88 1
21977 # 1504
21978 # 1504
21978 + 88
21979 # 1504
21979 - 88 1
21980 # 1504
21981 # 1504
21982 # 1504
21983 # 1504
21984 # 1504
21985 # 1504
21985 + 88
21985 + 108
21986 # 1504
21986 - 88 1
21986 - 108 1
21987 # 1504
21988 # 1504
21989 # 1504
21990 # 1504
21991 # 1504
21992 # 1504
21993 # 1504
21993 + 88
21994 # 1504
21994 - 88 1
21995 # 1504
21996 # 1504
21997 # 1504
21998 # 1504
21999 # 1504
22000 # 1504
22001 # 1504
22002 # 1504
22002 + 88
22002 + 108
22003 # 1504
22003 - 88 1
22003 - 108 1
22004 # 1504
22005 # 1504
22006 # 1504
22007 # 1504
22008 # 1504
22009 # 1504
22010 # 1504
22010 + 88
22011 # 1504
22011 - 88 1
22012 # 1504
22013 # 1504
22014 # 1504
22015 # 1504
22016 # 1504
22017 # 1504
22018 # 1504
22019 # 1504
22020 # 1504
22021 # 1504
22022 # 1504
22022 + 108
22022 + 88
22023 # 1504
22023 - 108 1
22023 - 88 1
22024 # 1504
22024 + 88
22025 # 1504
22025 - 88 1
22026 # 1504
22027 # 1504
22028 # 1504
22029 # 1504
22030 # 1504
22031 # 1504
22032 # 1504
22033 # 1504
22034 # 1504
22034 + 88
22034 + 108
22035 # 1504
22035 - 88 1
22035 - 108 1
22036 # 1504
22037 # 1504
22038 # 1504
22039 # 1504
22040 # 1504
22040 + 88
22041 # 1504
22041 - 88 1
22041 + 88
22042 # 1504
22042 - 88 1
22043 # 1504
22044 # 1504
22045 # 1504
22046 # 1504
22047 # 1504
22048 # 1504
22049 # 1504
22049 + 88
22049 + 108
22050 # 1504
22050 - 88 1
22050 - 108 1
22051 # 1504
22052 # 1504
22053 # 1504
22054 # 1504
22055 # 1504
22055 + 88
22056 # 1504
22056 - 88 1
22057 # 1504
22058 # 1504
22059 # 1504
22060 # 1504
22061 # 1504
22062 # 1504
22062 + 88
22062 + 108
22063 # 1504
22063 - 88 1
22063 - 108 1
22064 # 1504
22065 # 1504
22066 # 1504
22067 # 1504
22068 # 1504
22069 # 1504
22070 # 1504
22071 # 1504
22072 # 1504
22072 + 88
22073 # 1504
22073 - 88 1
22074 # 1504
22075 # 1504
22076 # 1504
22077 # 1504
22078 # 1504
22078 + 88
22078 + 108
22079 # 1504
22079 - 88 1
22079 - 108 1
22080 # 1504
22081 # 1504
22082 # 1504
22083 # 1504
22084 # 1504
22084 + 88
22085 # 1504
22085 - 88 1
22086 # 1504
22087 # 1504
22088 # 1504
22089 # 1504
22090 # 1504
22090 + 88
22090 + 108
22091 # 1504
22091 - 88 1
22091 - 108 1
22092 # 1504
22092 + 88
22093 # 1504
22093 - 88 1
22094 # 1504
22095 # 1504
22096 # 1504
22097 # 1504
22098 # 1504
22099 # 1504
22100 # 1504
22101 # 1504
22102 # 1504
22102 + 88
22102 + 108
22103 # 1504
22103 - 88 1
22103 - 108 1
22104 # 1504
22105 # 1504
22106 # 1504
22107 # 1504
22108 # 1504
22108 + 88
22109 # 1504
22109 - 88 1
22110 # 1504
22111 # 1504
22112 # 1504
22113 # 1504
22114 # 1504
22115 # 1504
22116 # 1504
22117 # 1504
22118 # 1504
22119 # 1504
22120 # 1504
22121 # 1504
22122 # 1504
22123 # 1504
22124 # 1504
22125 # 1504
22125 + 88
22125 + 108
22126 # 1504
22126 - 88 1
22126 - 108 1
22127 # 1504
22128 # 1504
22129 # 1504
22130 # 1504
22131 # 1504
22132 # 1504
22133 # 1504
22134 # 1504
22134 + 88
22134 + 88
22135 # 1504
22135 - 88 1
22135 - 88 1
22136 # 1504
22136 + 108
22137 # 1504
22137 - 108 1
22138 # 1504
22139 # 1504
22140 # 1504
22141 # 1504
22142 # 1504
22143 # 1504
22144 # 1504
22145 # 1504
22146 # 1504
22147 # 1504
22148 # 1504
22149 # 1504
22150 # 1504
22151 # 1504
22151 + 88
22152 # 1504
22152 - 88 1
22153 # 1504
22154 # 1504
22155 # 1504
22156 # 1504
22157 # 1504
22158 # 1504
22159 # 1504
22160 # 1504
22161 # 1504
22162 # 1504
22163 # 1504
22164 # 1504
22165 # 1504
22165 + 88
22165 + 108
22166 # 1504
22166 - 88 1
22166 - 108 1
22167 # 1504
22168 # 1504
22169 # 1504
22170 # 1504
22171 # 1504
22172 # 1504
22173 # 1504
22174 # 1504
22175 # 1504
22175 + 88
22176 # 1504
22176 - 88 1
22177 # 1504
22178 # 1504
22179 # 1504
22180 # 1504
22180 + 88
22181 # 1504
22181 - 88 1
22182 # 1504
22183 # 1504
22184 # 1504
22185 # 1504
22186 # 1504
22187 # 1504
22188 # 1504
22189 # 1504
22190 # 1504
22191 # 1504
22192 # 1504
22192 + 108
22193 # 1504
22193 - 108 1
22194 # 1504
22194 + 88
22195 # 1504
22195 - 88 1
22196 # 1504
22197 # 1504
22198 # 1504
22199 # 1504
22200 # 1504
22201 # 1504
22202 # 1504
22203 # 1504
22204 # 1504
22205 # 1504
22206 # 1504
22207 # 1504
22207 + 108
22208 # 1504
22208 - 108 1
22209 # 1504
22210 # 1504
22211 # 1504
22212 # 1504
22212 + 88
22213 # 1504
22213 - 88 1
22214 # 1504
22215 # 1504
22216 # 1504
22217 # 1504
22218 # 1504
22219 # 1504
22220 # 1504
22221 # 1504
22221 + 108
22222 # 1504
22222 - 108 1
22222 + 88
22223 # 1504
22223 - 88 1
22224 # 1504
22225 # 1504
22226 # 1504
22227 # 1504
22228 # 1504
22229 # 1504
22230 # 1504
22231 # 1504
22232 # 1504
22233 # 1504
22234 # 1504
22235 # 1504
22236 # 1504
22237 # 1504
22238 # 1504
22239 # 1504
22240 # 1504
22241 # 1504
22242 # 1504
22243 # 1504
22244 # 1504
22244 + 108
22244 + 88
22245 # 1504
22245 - 108 1
22245 - 88 1
22246 # 1504
22247 # 1504
22248 # 1504
22249 # 1504
22250 # 1504
22251 # 1504
22252 # 1504
22253 # 1504
22254 # 1504
22255 # 1504
22256 # 1504
22257 # 1504
22258 # 1504
22259 # 1504
22260 # 1504
22260 + 108
22260 + 88
22261 # 1504
22261 - 108 1
22261 - 88 1
22262 # 1504
22263 # 1504
22264 # 1504
22265 # 1504
22266 # 1504
22267 # 1504
22268 # 1504
22269 # 1504
22270 # 1504
22271 # 1504
22272 # 1504
22272 + 88
22272 + 108
22273 # 1504
22273 - 88 1
22273 - 108 1
22274 # 1504
22275 # 1504
22276 # 1504
22277 # 1504
22278 # 1504
22278 + 88
22279 # 1504
22279 - 88 1
22280 # 1504
22281 # 1504
22282 # 1504
22283 # 1504
22284 # 1504
22285 # 1504
22286 # 1504
22287 # 1504
22288 # 1504
22289 # 1504
22290 # 1504
22291 # 1504
22292 # 1504
22292 + 108
22292 + 88
22293 # 1504
22293 - 108 1
22293 - 88 1
22294 # 1504
22295 # 1504
22296 # 1504
22297 # 1504
22298 # 1504
22299 # 1504
22299 + 88
22300 # 1504
22300 - 88 1
22301 # 1504
22302 # 1504
22303 # 1504
22304 # 1504
22305 # 1504
22305 + 88
22305 + 108
22306 # 1504
22306 - 88 1
22306 - 108 1
22307 # 1504
22308 # 1504
22309 # 1504
22310 # 1504
22311 # 1504
22312 # 1504
22312 + 88
22313 # 1504
22313 - 88 1
22314 # 1504
22315 # 1504
22316 # 1504
22317 # 1504
22317 + 88
22317 + 108
22318 # 1504
22318 - 88 1
22318 - 108 1
22319 # 1504
22320 # 1504
22321 # 1504
22322 # 1504
22323 # 1504
22324 # 1504
22324 + 88
22325 # 1504
22325 - 88 1
22326 # 1504
22327 # 1504
22328 # 1504
22329 # 1504
22330 # 1504
22330 + 88
22330 + 108
22331 # 1504
22331 - 88 1
22331 - 108 1
22332 # 1504
22333 # 1504
22334 # 1504
22335 # 1504
22336 # 1504
22336 + 88
22337 # 1504
22337 - 88 1
22338 # 1504
22339 # 1504
22340 # 1504
22341 # 1504
22342 # 1504
22343 # 1504
22344 # 1504
22345 # 1504
22346 # 1504
22347 # 1504
22347 + 88
22347 + 108
22348 # 1504
22348 - 88 1
22348 - 108 1
22349 # 1504
22350 # 1504
22350 + 88
22351 # 1504
22351 - 88 1
22352 # 1504
22353 # 1504
22354 # 1504
22355 # 1504
22356 # 1504
22357 # 1504
22358 # 1504
22359 # 1504
22359 + 88
22359 + 108
22360 # 1504
22360 - 88 1
22360 - 108 1
22361 # 1504
22362 # 1504
22363 # 1504
22364 # 1504
22365 # 1504
22366 # 1504
22366 + 88
22366 + 100
22367 # 1504
22367 - 88 1
22367 - 100 1
22368 # 1504
22368 + 88
22369 # 1504
22369 - 88 1
22370 # 1504
22371 # 1504
22372 # 1504
22373 # 1504
22373 + 88
22374 # 1504
22374 - 88 1
22375 # 1504
22376 # 1504
22377 # 1504
22378 # 1504
22379 # 1504
22379 + 88
22379 + 108
22380 # 1504
22380 - 88 1
22380 - 108 1
22381 # 1504
22382 # 1504
22383 # 1504
22384 # 1504
22385 # 1504
22386 # 1504
22387 # 1504
22387 + 88
22388 # 1504
22388 - 88 1
22389 # 1504
22390 # 1504
22391 # 1504
22392 # 1504
22393 # 1504
22393 + 88
22393 + 108
22394 # 1504
22394 - 88 1
22394 - 108 1
22395 # 1504
22396 # 1504
22397 # 1504
22398 # 1504
22398 + 88
22399 # 1504
22399 - 88 1
22400 # 1504
22401 # 1504
22402 # 1504
22403 # 1504
22404 # 1504
22405 # 1504
22405 + 88
22405 + 108
22406 # 1504
22406 - 88 1
22406 - 108 1
22407 # 1504
22408 # 1504
22409 # 1504
22410 # 1504
22411 # 1504
22412 # 1504
22412 + 88
22413 # 1504
22413 - 88 1
22414 # 1504
22415 # 1504
22416 # 1504
22417 # 1504
22417 + 88
22417 + 108
22418 # 1504
22418 - 88 1
22418 - 108 1
22419 # 1504
22420 # 1504
22421 # 1504
22422 # 1504
22423 # 1504
22424 # 1504
22425 # 1504
22426 # 1504
22427 # 1504
22428 # 1504
22429 # 1504
22430 # 1504
22431 # 1504
22432 # 1504
22433 # 1504
22434 # 1504
22435 # 1504
22436 # 1504
22437 # 1504
22438 # 1504
22439 # 1504
22440 # 1504
22441 # 1504
22442 # 1504
22443 # 1504
22444 # 1504
22444 + 108
22444 + 88
22445 # 1504
22445 - 108 1
22445 - 88 1
22446 # 1504
22447 # 1504
22448 # 1504
22449 # 1504
22450 # 1504
22451 # 1504
22452 # 1504
22453 # 1504
22454 # 1504
22455 # 1504
22456 # 1504
22457 # 1504
22458 # 1504
22458 + 88
22458 + 108
22459 # 1504
22459 - 88 1
22459 - 108 1
22460 # 1504
22460 + 88
22461 # 1504
22461 - 88 1
22462 # 1504
22463 # 1504
22464 # 1504
22465 # 1504
22466 # 1504
22467 # 1504
22468 # 1504
22469 # 1504
22470 # 1504
22471 # 1504
22472 # 1504
22472 + 108
22473 # 1504
22473 - 108 1
22474 # 1504
22475 # 1504
22476 # 1504
22477 # 1504
22478 # 1504
22479 # 1504
22480 # 1504
22481 # 1504
22482 # 1504
22483 # 1504
22484 # 1504
22484 + 88
22485 # 1504
22485 - 88 1
22486 # 1504
22487 # 1504
22488 # 1504
22489 # 1504
22490 # 1504
22491 # 1504
22492 # 1504
22493 # 1504
22494 # 1504
22495 # 1504
22495 + 88
22495 + 108
22496 # 1504
22496 - 88 1
22496 - 108 1
22497 # 1504
22498 # 1504
22499 # 1504
22500 # 1504
22501 # 1504
22501 + 88
22502 # 1504
22502 - 88 1
22503 # 1504
22504 # 1504
22505 # 1504
22506 # 1504
22507 # 1504
22508 # 1504
22509 # 1504
22510 # 1504
22511 # 1504
22512 # 1504
22513 # 1504
22514 # 1504
22514 + 108
22515 # 1504
22515 - 108 1
22515 + 88
22516 # 1504
22516 - 88 1
22517 # 1504
22518 # 1504
22519 # 1504
22520 # 1504
22521 # 1504
22522 # 1504
22523 # 1504
22524 # 1504
22525 # 1504
22526 # 1504
22527 # 1504
22528 # 1504
22529 # 1504
22530 # 1504
22531 # 1504
22532 # 1504
22532 + 88
22532 + 108
22533 # 1504
22533 - 88 1
22533 - 108 1
22534 # 1504
22535 # 1504
22536 # 1504
22537 # 1504
22538 # 1504
22539 # 1504
22540 # 1504
22541 # 1504
22542 # 1504
22543 # 1504
22544 # 1504
22544 + 88
22544 + 108
22545 # 1504
22545 - 88 1
22545 - 108 1
22546 # 1504
22547 # 1504
22548 # 1504
22549 # 1504
22550 # 1504
22551 # 1504
22552 # 1504
22553 # 1504
22554 # 1504
22555 # 1504
22556 # 1504
22557 # 1504
22558 # 1504
22559 # 1504
22560 # 1504
22561 # 1504
22561 + 88
22562 # 1504
22562 - 88 1
22563 # 1504
22564 # 1504
22565 # 1504
22566 # 1504
22566 + 88
22567 # 1504
22567 - 88 1
22568 # 1504
22569 # 1504
22570 # 1504
22571 # 1504
22572 # 1504
22573 # 1504
22574 # 1504
22575 # 1504
22576 # 1504
22577 # 1504
22578 # 1504
22579 # 1504
22579 + 108
22580 # 1504
22580 - 108 1
22581 # 1504
22581 + 88
22582 # 1504
22582 - 88 1
22583 # 1504
22584 # 1504
22585 # 1504
22586 # 1504
22587 # 1504
22588 # 1504
22589 # 1504
22590 # 1504
22590 + 108
22591 # 1504
22591 - 108 1
22592 # 1504
22593 # 1504
22594 # 1504
22594 + 88
22595 # 1504
22595 - 88 1
22596 # 1504
22597 # 1504
22598 # 1504
22599 # 1504
22600 # 1504
22601 # 1504
22602 # 1504
22603 # 1504
22604 # 1504
22605 # 1504
22606 # 1504
22607 # 1504
22608 # 1504
22608 + 108
22608 + 88
22609 # 1504
22609 - 108 1
22609 - 88 1
22610 # 1504
22611 # 1504
22612 # 1504
22613 # 1504
22614 # 1504
22615 # 1504
22616 # 1504
22617 # 1504
22618 # 1504
22619 # 1504
22620 # 1504
22621 # 1504
22622 # 1504
22623 # 1504
22624 # 1504
22624 + 108
22624 + 88
22625 # 1504
22625 - 108 1
22625 - 88 1
22626 # 1504
22627 # 1504
22628 # 1504
22629 # 1504
22630 # 1504
22631 # 1504
22632 # 1504
22633 # 1504
22634 # 1504
22635 # 1504
22636 # 1504
22636 + 88
22636 + 108
22637 # 1504
22637 - 88 1
22637 - 108 1
22638 # 1504
22639 # 1504
22640 # 1504
22641 # 1504
22642 # 1504
22643 # 1504
22644 # 1504
22645 # 1504
22646 # 1504
22647 # 1504
22648 # 1504
22649 # 1504
22650 # 1504
22651 # 1504
22652 # 1504
22653 # 1504
22654 # 1504
22655 # 1504
22656 # 1504
22657 # 1504
22658 # 1504
22659 # 1504
22660 # 1504
22661 # 1504
22662 # 1504
22663 # 1504
22663 + 108
22663 + 88
22664 # 1504
22664 - 108 1
22664 - 88 1
22665 # 1504
22666 # 1504
22667 # 1504
22668 # 1504
22669 # 1504
22670 # 1504
22671 # 1504
22672 # 1504
22673 # 1504
22674 # 1504
22675 # 1504
22676 # 1504
22677 # 1504
22677 + 88
22677 + 108
22678 # 1504
22678 - 88 1
22678 - 108 1
22679 # 1504
22680 # 1504
22680 + 88
22681 # 1504
22681 - 88 1
22682 # 1504
22683 # 1504
22684 # 1504
22685 # 1504
22686 # 1504
22687 # 1504
22688 # 1504
22689 # 1504
22690 # 1504
22691 # 1504
22691 + 108
22692 # 1504
22692 - 108 1
22692 + 88
22693 # 1504
22693 - 88 1
22694 # 1504
22695 # 1504
22696 # 1504
22697 # 1504
22698 # 1504
22699 # 1504
22700 # 1504
22701 # 1504
22702 # 1504
22703 # 1504
22704 # 1504
22705 # 1504
22705 + 108
22706 # 1504
22706 - 108 1
22707 # 1504
22708 # 1504
22708 + 88
22709 # 1504
22709 - 88 1
22710 # 1504
22711 # 1504
22712 # 1504
22713 # 1504
22714 # 1504
22715 # 1504
22716 # 1504
22717 # 1504
22718 # 1504
22719 # 1504
22719 + 108
22720 # 1504
22720 - 108 1
22721 # 1504
22722 # 1504
22723 # 1504
22724 # 1504
22725 # 1504
22726 # 1504
22727 # 1504
22728 # 1504
22729 # 1504
22730 # 1504
22731 # 1504
22732 # 1504
22733 # 1504
22733 + 88
22734 # 1504
22734 - 88 1
22734 + 88
22735 # 1504
22735 - 88 1
22736 # 1504
22737 # 1504
22738 # 1504
22739 # 1504
22740 # 1504
22741 # 1504
22742 # 1504
22743 # 1504
22744 # 1504
22745 # 1504
22746 # 1504
22747 # 1504
22748 # 1504
22748 + 108
22749 # 1504
22749 - 108 1
22750 # 1504
22751 # 1504
22751 + 88
22752 # 1504
22752 - 88 1
22753 # 1504
22754 # 1504
22755 # 1504
22756 # 1504
22757 # 1504
22758 # 1504
22759 # 1504
22760 # 1504
22761 # 1504
22762 # 1504
22762 + 88
22762 + 108
22763 # 1504
22763 - 88 1
22763 - 108 1
22764 # 1504
22765 # 1504
22766 # 1504
22767 # 1504
22768 # 1504
22769 # 1504
22770 # 1504
22771 # 1504
22772 # 1504
22773 # 1504
22774 # 1504
22775 # 1504
22776 # 1504
22777 # 1504
22777 + 88
22777 + 108
22778 # 1504
22778 - 88 1
22778 - 108 1
22779 # 1504
22780 # 1504
22781 # 1504
22782 # 1504
22783 # 1504
22784 # 1504
22785 # 1504
22786 # 1504
22787 # 1504
22788 # 1504
22789 # 1504
22790 # 1504
22791 # 1504
22792 # 1504
22792 + 88
22792 + 108
22793 # 1504
22793 - 88 1
22793 - 108 1
22794 # 1504
22795 # 1504
22796 # 1504
22797 # 1504
22798 # 1504
22799 # 1504
22800 # 1504
22801 # 1504
22802 # 1504
22803 # 1504
22804 # 1504
22804 + 88
22805 # 1504
22805 - 88 1
22806 # 1504
22807 # 1504
22808 # 1504
22809 # 1504
22810 # 1504
22811 # 1504
22812 # 1504
22813 # 1504
22814 # 1504
22815 # 1504
22815 + 108
22816 # 1504
22816 - 108 1
22817 # 1504
22818 # 1504
22819 # 1504
22819 + 88
22820 # 1504
22820 - 88 1
22821 # 1504
22822 # 1504
22823 # 1504
22824 # 1504
22825 # 1504
22826 # 1504
22827 # 1504
22828 # 1504
22829 # 1504
22830 # 1504
22831 # 1504
22832 # 1504
22833 # 1504
22833 + 88
22833 + 108
22834 # 1504
22834 - 88 1
22834 - 108 1
22835 # 1504
22836 # 1504
22837 # 1504
22838 # 1504
22839 # 1504
22839 + 88
22840 # 1504
22840 - 88 1
22841 # 1504
22842 # 1504
22843 # 1504
22844 # 1504
22845 # 1504
22846 # 1504
22846 + 88
22846 + 108
22847 # 1504
22847 - 88 1
22847 - 108 1
22848 # 1504
22849 # 1504
22850 # 1504
22851 # 1504
22852 # 1504
22852 + 88
22853 # 1504
22853 - 88 1
22854 # 1504
22855 # 1504
22856 # 1504
22857 # 1504
22858 # 1504
22858 + 88
22858 + 108
22859 # 1504
22859 - 88 1
22859 - 108 1
22860 # 1504
22861 # 1504
22862 # 1504
22863 # 1504
22864 # 1504
22864 + 88
22865 # 1504
22865 - 88 1
22866 # 1504
22867 # 1504
22868 # 1504
22869 # 1504
22870 # 1504
22870 + 88
22870 + 108
22871 # 1504
22871 - 88 1
22871 - 108 1
22872 # 1504
22873 # 1504
22874 # 1504
22875 # 1504
22876 # 1504
22876 + 88
22877 # 1504
22877 - 88 1
22878 # 1504
22879 # 1504
22880 # 1504
22881 # 1504
22882 # 1504
22883 # 1504
22883 + 88
22883 + 108
22884 # 1504
22884 - 88 1
22884 - 108 1
22885 # 1504
22886 # 1504
22887 # 1504
22888 # 1504
22889 # 1504
22889 + 88
22890 # 1504
22890 - 88 1
22891 # 1504
22892 # 1504
22893 # 1504
22894 # 1504
22895 # 1504
22895 + 88
22895 + 108
22896 # 1504
22896 - 88 1
22896 - 108 1
22897 # 1504
22898 # 1504
22899 # 1504
22900 # 1504
22901 # 1504
22902 # 1504
22903 # 1504
22904 # 1504
22904 + 88
22905 # 1504
22905 - 88 1
22906 # 1504
22907 # 1504
22908 # 1504
22909 # 1504
22910 # 1504
22911 # 1504
22912 # 1504
22913 # 1504
22914 # 1504
22915 # 1504
22916 # 1504
22916 + 108
22917 # 1504
22917 - 108 1
22918 # 1504
22918 + 88
22919 # 1504
22919 - 88 1
22920 # 1504
22921 # 1504
22922 # 1504
22923 # 1504
22924 # 1504
22925 # 1504
22926 # 1504
22927 # 1504
22928 # 1504
22929 # 1504
22930 # 1504
22930 + 108
22931 # 1504
22931 - 108 1
22932 # 1504
22933 # 1504
22934 # 1504
22935 # 1504
22936 # 1504
22936 + 88
22937 # 1504
22937 - 88 1
22938 # 1504
22939 # 1504
22940 # 1504
22941 # 1504
22942 # 1504
22943 # 1504
22944 # 1504
22945 # 1504
22945 + 108
22946 # 1504
22946 - 108 1
22946 + 88
22947 # 1504
22947 - 88 1
22948 # 1504
22949 # 1504
22950 # 1504
22951 # 1504
22952 # 1504
22953 # 1504
22954 # 1504
22955 # 1504
22956 # 1504
22957 # 1504
22958 # 1504
22959 # 1504
22959 + 108
22960 # 1504
22960 - 108 1
22960 + 88
22961 # 1504
22961 - 88 1
22962 # 1504
22963 # 1504
22964 # 1504
22965 # 1504
22966 # 1504
22967 # 1504
22968 # 1504
22969 # 1504
22970 # 1504
22971 # 1504
22972 # 1504
22973 # 1504
22973 + 108
22974 # 1504
22974 - 108 1
22975 # 1504
22976 # 1504
22977 # 1504
22978 # 1504
22979 # 1504
22980 # 1504
22981 # 1504
22982 # 1504
22983 # 1504
22984 # 1504
22985 # 1504
22986 # 1504
22987 # 1504
22987 + 88
22987 + 108
22988 # 1504
22988 - 88 1
22988 - 108 1
22988 + 88
22989 # 1504
22989 - 88 1
22990 # 1504
22991 # 1504
22992 # 1504
22993 # 1504
22994 # 1504
22995 # 1504
22996 # 1504
22997 # 1504
22998 # 1504
22999 # 1504
23000 # 1504
23001 # 1504
23002 # 1504
23002 + 88
23002 + 108
23003 # 1504
23003 - 88 1
23003 - 108 1
23004 # 1504
23005 # 1504
23006 # 1504
23007 # 1504
23008 # 1504
23009 # 1504
23010 # 1504
23011 # 1504
23012 # 1504
23013 # 1504
23014 # 1504
23015 # 1504
23016 # 1504
23017 # 1504
23018 # 1504
23019 # 1504
23020 # 1504
23021 # 1504
23022 # 1504
23023 # 1504
23024 # 1504
23025 # 1504
23026 # 1504
23027 # 1504
23028 # 1504
23029 # 1504
23029 + 88
23030 # 1504
23030 - 88 1
23031 # 1504
23032 # 1504
23032 + 88
23033 # 1504
23033 - 88 1
23034 # 1504
23035 # 1504
23036 # 1504
23037 # 1504
23038 # 1504
23039 # 1504
23040 # 1504
23041 # 1504
23042 # 1504
23043 # 1504
23044 # 1504
23044 + 108
23044 + 88
23045 # 1504
23045 - 108 1
23045 - 88 1
23046 # 1504
23047 # 1504
23048 # 1504
23049 # 1504
23050 # 1504
23051 # 1504
23052 # 1504
23053 # 1504
23054 # 1504
23055 # 1504
23056 # 1504
23057 # 1504
23058 # 1504
23058 + 88
23058 + 108
23059 # 1504
23059 - 88 1
23059 - 108 1
23060 # 1504
23061 # 1504
23062 # 1504
23063 # 1504
23064 # 1504
23065 # 1504
23066 # 1504
23067 # 1504
23068 # 1504
23069 # 1504
23070 # 1504
23071 # 1504
23072 # 1504
23072 + 88
23072 + 108
23073 # 1504
23073 - 88 1
23073 - 108 1
23074 # 1504
23075 # 1504
23076 # 1504
23077 # 1504
23078 # 1504
23079 # 1504
23080 # 1504
23081 # 1504
23082 # 1504
23083 # 1504
23084 # 1504
23085 # 1504
23086 # 1504
23086 + 88
23086 + 108
23087 # 1504
23087 - 88 1
23087 - 108 1
23088 # 1504
23089 # 1504
23090 # 1504
23091 # 1504
23092 # 1504
23093 # 1504
23094 # 1504
23095 # 1504
23096 # 1504
23097 # 1504
23098 # 1504
23099 # 1504
23100 # 1504
23100 + 88
23101 # 1504
23101 - 88 1
23102 # 1504
23103 # 1504
23104 # 1504
23105 # 1504
23106 # 1504
23107 # 1504
23108 # 1504
23109 # 1504
23110 # 1504
23111 # 1504
23112 # 1504
23113 # 1504
23114 # 1504
23115 # 1504
23116 # 1504
23116 + 88
23116 + 108
23117 # 1504
23117 - 88 1
23117 - 108 1
23118 # 1504
23119 # 1504
23120 # 1504
23121 # 1504
23122 # 1504
23123 # 1504
23124 # 1504
23125 # 1504
23126 # 1504
23127 # 1504
23128 # 1504
23129 # 1504
23130 # 1504
23131 # 1504
23132 # 1504
23132 + 88
23133 # 1504
23133 - 88 1
23134 # 1504
23135 # 1504
23136 # 1504
23137 # 1504
23138 # 1504
23139 # 1504
23140 # 1504
23141 # 1504
23142 # 1504
23143 # 1504
23143 + 88
23143 + 108
23144 # 1504
23144 - 88 1
23144 - 108 1
23145 # 1504
23146 # 1504
23147 # 1504
23148 # 1504
23149 # 1504
23150 # 1504
23151 # 1504
23152 # 1504
23153 # 1504
23154 # 1504
23155 # 1504
23156 # 1504
23157 # 1504
23157 + 88
23157 + 108
23158 # 1504
23158 - 88 1
23158 - 108 1
23159 # 1504
23160 # 1504
23161 # 1504
23162 # 1504
23163 # 1504
23164 # 1504
23165 # 1504
23166 # 1504
23167 # 1504
23168 # 1504
23169 # 1504
23170 # 1504
23170 + 88
23170 + 108
23171 # 1504
23171 - 88 1
23171 - 108 1
23172 # 1504
23173 # 1504
23174 # 1504
23175 # 1504
23176 # 1504
23177 # 1504
23177 + 88
23178 # 1504
23178 - 88 1
23179 # 1504
23180 # 1504
23181 # 1504
23182 # 1504
23183 # 1504
23184 # 1504
23184 + 88
23184 + 108
23185 # 1504
23185 - 88 1
23185 - 108 1
23186 # 1504
23187 # 1504
23188 # 1504
23189 # 1504
23189 + 88
23190 # 1504
23190 - 88 1
23191 # 1504
23192 # 1504
23193 # 1504
23194 # 1504
23195 # 1504
23196 # 1504
23196 + 88
23196 + 108
23197 # 1504
23197 - 88 1
23197 - 108 1
23198 # 1504
23199 # 1504
23200 # 1504
23201 # 1504
23202 # 1504
23203 # 1504
23204 # 1504
23204 + 88
23204 + 100
23205 # 1504
23205 - 88 1
23205 - 100 1
23206 # 1504
23207 # 1504
23208 # 1504
23208 + 88
23209 # 1504
23209 - 88 1
23210 # 1504
23211 # 1504
23212 # 1504
23213 # 1504
23214 # 1504
23214 + 88
23214 + 108
23215 # 1504
23215 - 88 1
23215 - 108 1
23216 # 1504
23217 # 1504
23218 # 1504
23219 # 1504
23220 # 1504
23220 + 88
23221 # 1504
23221 - 88 1
23222 # 1504
23223 # 1504
23224 # 1504
23225 # 1504
23226 # 1504
23227 # 1504
23227 + 88
23227 + 108
23228 # 1504
23228 - 88 1
23228 - 108 1
23229 # 1504
23230 # 1504
23231 # 1504
23232 # 1504
23233 # 1504
23233 + 88
23234 # 1504
23234 - 88 1
23235 # 1504
23236 # 1504
23237 # 1504
23238 # 1504
23239 # 1504
23240 # 1504
23241 # 1504
23242 # 1504
23242 + 88
23242 + 108
23243 # 1504
23243 - 88 1
23243 - 108 1
23244 # 1504
23245 # 1504
23246 # 1504
23247 # 1504
23248 # 1504
23249 # 1504
23250 # 1504
23250 + 88
23251 # 1504
23251 - 88 1
23252 # 1504
23253 # 1504
23254 # 1504
23255 # 1504
23256 # 1504
23257 # 1504
23258 # 1504
23259 # 1504
23260 # 1504
23260 + 108
23260 + 88
23261 # 1504
23261 - 108 1
23261 - 88 1
23262 # 1504
23263 # 1504
23264 # 1504
23265 # 1504
23266 # 1504
23267 # 1504
23268 # 1504
23268 + 88
23269 # 1504
23269 - 88 1
23270 # 1504
23271 # 1504
23272 # 1504
23273 # 1504
23274 # 1504
23275 # 1504
23276 # 1504
23276 + 88
23276 + 108
23277 # 1504
23277 - 88 1
23277 - 108 1
23278 # 1504
23279 # 1504
23280 # 1504
23281 # 1504
23282 # 1504
23283 # 1504
23284 # 1504
23285 # 1504
23285 + 88
23286 # 1504
23286 - 88 1
23287 # 1504
23288 # 1504
23289 # 1504
23290 # 1504
23291 # 1504
23292 # 1504
23293 # 1504
23294 # 1504
23294 + 88
23294 + 108
23295 # 1504
23295 - 88 1
23295 - 108 1
23296 # 1504
23297 # 1504
23298 # 1504
23299 # 1504
23300 # 1504
23301 # 1504
23302 # 1504
23303 # 1504
23304 # 1504
23305 # 1504
23306 # 1504
23307 # 1504
23308 # 1504
23309 # 1504
23309 + 88
23309 + 108
23310 # 1504
23310 - 88 1
23310 - 108 1
23311 # 1504
23311 + 88
23312 # 1504
23312 - 88 1
23313 # 1504
23314 # 1504
23315 # 1504
23316 # 1504
23317 # 1504
23318 # 1504
23319 # 1504
23320 # 1504
23320 + 88
23320 + 108
23321 # 1504
23321 - 88 1
23321 - 108 1
23322 # 1504
23323 # 1504
23324 # 1504
23325 # 1504
23326 # 1504
23327 # 1504
23328 # 1504
23328 + 88
23329 # 1504
23329 - 88 1
23330 # 1504
23331 # 1504
23332 # 1504
23332 + 88
23332 + 108
23333 # 1504
23333 - 88 1
23333 - 108 1
23334 # 1504
23335 # 1504
23336 # 1504
23337 # 1504
23338 # 1504
23339 # 1504
23340 # 1504
23340 + 88
23341 # 1504
23341 - 88 1
23342 # 1504
23343 # 1504
23344 # 1504
23344 + 88
23344 + 108
23345 # 1504
23345 - 88 1
23345 - 108 1
23346 # 1504
23347 # 1504
23348 # 1504
23349 # 1504
23350 # 1504
23350 + 88
23351 # 1504
23351 - 88 1
23352 # 1504
23353 # 1504
23354 # 1504
23355 # 1504
23356 # 1504
23357 # 1504
23357 + 88
23357 + 108
23358 # 1504
23358 - 88 1
23358 - 108 1
23359 # 1504
23360 # 1504
23361 # 1504
23362 # 1504
23362 + 88
23363 # 1504
23363 - 88 1
23364 # 1504
23365 # 1504
23366 # 1504
23367 # 1504
23368 # 1504
23369 # 1504
23370 # 1504
23371 # 1504
23372 # 1504
23373 # 1504
23374 # 1504
23374 + 88
23374 + 108
23375 # 1504
23375 - 88 1
23375 - 108 1
23376 # 1504
23377 # 1504
23378 # 1504
23379 # 1504
23380 # 1504
23380 + 88
23381 # 1504
23381 - 88 1
23381 + 88
23382 # 1504
23382 - 88 1
23383 # 1504
23384 # 1504
23385 # 1504
23386 # 1504
23387 # 1504
23388 # 1504
23389 # 1504
23390 # 1504
23391 # 1504
23392 # 1504
23393 # 1504
23394 # 1504
23395 # 1504
23395 + 108
23395 + 88
23396 # 1504
23396 - 108 1
23396 - 88 1
23397 # 1504
23398 # 1504
23399 # 1504
23400 # 1504
23401 # 1504
23402 # 1504
23403 # 1504
23404 # 1504
23404 + 88
23405 # 1504
23405 - 88 1
23406 # 1504
23407 # 1504
23408 # 1504
23409 # 1504
23410 # 1504
23411 # 1504
23412 # 1504
23413 # 1504
23413 + 88
23413 + 108
23414 # 1504
23414 - 88 1
23414 - 108 1
23415 # 1504
23416 # 1504
23417 # 1504
23418 # 1504
23419 # 1504
23420 # 1504
23421 # 1504
23421 + 88
23422 # 1504
23422 - 88 1
23423 # 1504
23424 # 1504
23424 + 88
23424 + 108
23425 # 1504
23425 - 88 1
23425 - 108 1
23426 # 1504
23427 # 1504
23428 # 1504
23429 # 1504
23430 # 1504
23431 # 1504
23431 + 88
23432 # 1504
23432 - 88 1
23433 # 1504
23434 # 1504
23435 # 1504
23436 # 1504
23437 # 1504
23438 # 1504
23439 # 1504
23440 # 1504
23440 + 88
23440 + 108
23441 # 1504
23441 - 88 1
23441 - 108 1
23442 # 1504
23443 # 1504
23444 # 1504
23445 # 1504
23446 # 1504
23447 # 1504
23448 # 1504
23449 # 1504
23449 + 88
23450 # 1504
23450 - 88 1
23451 # 1504
23452 # 1504
23453 # 1504
23454 # 1504
23455 # 1504
23456 # 1504
23457 # 1504
23458 # 1504
23459 # 1504
23460 # 1504
23461 # 1504
23462 # 1504
23463 # 1504
23464 # 1504
23464 + 88
23464 + 108
23465 # 1504
23465 - 88 1
23465 - 108 1
23466 # 1504
23467 # 1504
23468 # 1504
23469 # 1504
23470 # 1504
23471 # 1504
23471 + 88
23472 # 1504
23472 - 88 1
23472 + 88
23473 # 1504
23473 - 88 1
23474 # 1504
23475 # 1504
23476 # 1504
23477 # 1504
23477 + 108
23478 # 1504
23478 - 108 1
23478 + 88
23479 # 1504
23479 - 88 1
23480 # 1504
23481 # 1504
23482 # 1504
23483 # 1504
23484 # 1504
23485 # 1504
23486 # 1504
23487 # 1504
23488 # 1504
23489 # 1504
23489 + 88
23489 + 108
23490 # 1504
23490 - 88 1
23490 - 108 1
23491 # 1504
23492 # 1504
23492 + 88
23493 # 1504
23493 - 88 1
23494 # 1504
23495 # 1504
23496 # 1504
23497 # 1504
23498 # 1504
23498 + 88
23499 # 1504
23499 - 88 1
23500 # 1504
23501 # 1504
23502 # 1504
23503 # 1504
23504 # 1504
23504 + 88
23504 + 108
23505 # 1504
23505 - 88 1
23505 - 108 1
23506 # 1504
23507 # 1504
23508 # 1504
23509 # 1504
23510 # 1504
23510 + 88
23511 # 1504
23511 - 88 1
23512 # 1504
23513 # 1504
23514 # 1504
23515 # 1504
23516 # 1504
23516 + 88
23516 + 108
23517 # 1504
23517 - 88 1
23517 - 108 1
23518 # 1504
23519 # 1504
23520 # 1504
23521 # 1504
23522 # 1504
23522 + 88
23523 # 1504
23523 - 88 1
23524 # 1504
23525 # 1504
23526 # 1504
23527 # 1504
23528 # 1504
23529 # 1504
23529 + 88
23529 + 108
23530 # 1504
23530 - 88 1
23530 - 108 1
23531 # 1504
23532 # 1504
23533 # 1504
23534 # 1504
23535 # 1504
23536 # 1504
23537 # 1504
23538 # 1504
23539 # 1504
23540 # 1504
23541 # 1504
23542 # 1504
23543 # 1504
23543 + 88
23543 + 108
23544 # 1504
23544 - 88 1
23544 - 108 1
23545 # 1504
23546 # 1504
23547 # 1504
23548 # 1504
23549 # 1504
23550 # 1504
23551 # 1504
23552 # 1504
23553 # 1504
23554 # 1504
23555 # 1504
23556 # 1504
23556 + 88
23557 # 1504
23557 - 88 1
23558 # 1504
23559 # 1504
23560 # 1504
23561 # 1504
23562 # 1504
23563 # 1504
23564 # 1504
23565 # 1504
23566 # 1504
23567 # 1504
23568 # 1504
23569 # 1504
23569 + 108
23570 # 1504
23570 - 108 1
23571 # 1504
23572 # 1504
23572 + 88
23573 # 1504
23573 - 88 1
23574 # 1504
23575 # 1504
23576 # 1504
23577 # 1504
23578 # 1504
23579 # 1504
23580 # 1504
23581 # 1504
23582 # 1504
23583 # 1504
23583 + 108
23584 # 1504
23584 - 108 1
23584 + 88
23585 # 1504
23585 - 88 1
23586 # 1504
23587 # 1504
23588 # 1504
23589 # 1504
23590 # 1504
23591 # 1504
23592 # 1504
23593 # 1504
23594 # 1504
23595 # 1504
23596 # 1504
23597 # 1504
23597 + 108
23598 # 1504
23598 - 108 1
23598 + 88
23599 # 1504
23599 - 88 1
23600 # 1504
23601 # 1504
23602 # 1504
23603 # 1504
23604 # 1504
23605 # 1504
23606 # 1504
23607 # 1504
23608 # 1504
23609 # 1504
23610 # 1504
23611 # 1504
23612 # 1504
23613 # 1504
23613 + 88
23613 + 108
23614 # 1504
23614 - 88 1
23614 - 108 1
23615 # 1504
23616 # 1504
23617 # 1504
23618 # 1504
23619 # 1504
23620 # 1504
23621 # 1504
23622 # 1504
23623 # 1504
23624 # 1504
23625 # 1504
23626 # 1504
23626 + 88
23626 + 108
23627 # 1504
23627 - 88 1
23627 - 108 1
23628 # 1504
23629 # 1504
23630 # 1504
23631 # 1504
23632 # 1504
23633 # 1504
23634 # 1504
23635 # 1504
23636 # 1504
23637 # 1504
23638 # 1504
23639 # 1504
23640 # 1504
23640 + 88
23640 + 108
23641 # 1504
23641 - 88 1
23641 - 108 1
23642 # 1504
23643 # 1504
23644 # 1504
23645 # 1504
23646 # 1504
23647 # 1504
23648 # 1504
23649 # 1504
23650 # 1504
23651 # 1504
23652 # 1504
23653 # 1504
23654 # 1504
23654 + 88
23654 + 108
23655 # 1504
23655 - 88 1
23655 - 108 1
23656 # 1504
23657 # 1504
23658 # 1504
23659 # 1504
23660 # 1504
23661 # 1504
23662 # 1504
23663 # 1504
23664 # 1504
23665 # 1504
23666 # 1504
23667 # 1504
23668 # 1504
23669 # 1504
23670 # 1504
23671 # 1504
23672 # 1504
23673 # 1504
23673 + 88
23674 # 1504
23674 - 88 1
23675 # 1504
23676 # 1504
23677 # 1504
23678 # 1504
23679 # 1504
23680 # 1504
23680 + 88
23681 # 1504
23681 - 88 1
23682 # 1504
23683 # 1504
23684 # 1504
23685 # 1504
23686 # 1504
23686 + 88
23686 + 108
23687 # 1504
23687 - 88 1
23687 - 108 1
23688 # 1504
23689 # 1504
23689 + 88
23690 # 1504
23690 - 88 1
23691 # 1504
23692 # 1504
23693 # 1504
23694 # 1504
23695 # 1504
23695 + 88
23696 # 1504
23696 - 88 1
23697 # 1504
23698 # 1504
23699 # 1504
23700 # 1504
23700 + 88
23700 + 108
23701 # 1504
23701 - 88 1
23701 - 108 1
23702 # 1504
23703 # 1504
23704 # 1504
23705 # 1504
23706 # 1504
23706 + 88
23707 # 1504
23707 - 88 1
23708 # 1504
23709 # 1504
23710 # 1504
23711 # 1504
23712 # 1504
23713 # 1504
23713 + 88
23713 + 108
23714 # 1504
23714 - 88 1
23714 - 108 1
23715 # 1504
23716 # 1504
23717 # 1504
23718 # 1504
23718 + 88
23719 # 1504
23719 - 88 1
23720 # 1504
23721 # 1504
23722 # 1504
23723 # 1504
23724 # 1504
23724 + 88
23724 + 108
23725 # 1504
23725 - 88 1
23725 - 108 1
23726 # 1504
23727 # 1504
23728 # 1504
23729 # 1504
23730 # 1504
23731 # 1504
23732 # 1504
23733 # 1504
23734 # 1504
23734 + 88
23735 # 1504
23735 - 88 1
23736 # 1504
23737 # 1504
23738 # 1504
23739 # 1504
23740 # 1504
23741 # 1504
23742 # 1504
23743 # 1504
23744 # 1504
23745 # 1504
23746 # 1504
23747 # 1504
23748 # 1504
23748 + 88
23748 + 108
23749 # 1504
23749 - 88 1
23749 - 108 1
23750 # 1504
23751 # 1504
23752 # 1504
23753 # 1504
23754 # 1504
23755 # 1504
23756 # 1504
23757 # 1504
23758 # 1504
23758 + 88
23758 + 108
23759 # 1504
23759 - 88 1
23759 - 108 1
23760 # 1504
23761 # 1504
23762 # 1504
23763 # 1504
23764 # 1504
23765 # 1504
23766 # 1504
23767 # 1504
23768 # 1504
23769 # 1504
23770 # 1504
23771 # 1504
23772 # 1504
23773 # 1504
23773 + 88
23773 + 108
23774 # 1504
23774 - 88 1
23774 - 108 1
23775 # 1504
23776 # 1504
23777 # 1504
23778 # 1504
23779 # 1504
23780 # 1504
23781 # 1504
23782 # 1504
23783 # 1504
23784 # 1504
23785 # 1504
23786 # 1504
23787 # 1504
23788 # 1504
23788 + 88
23788 + 108
23789 # 1504
23789 - 88 1
23789 - 108 1
23790 # 1504
23791 # 1504
23792 # 1504
23793 # 1504
23794 # 1504
23795 # 1504
23796 # 1504
23797 # 1504
23798 # 1504
23799 # 1504
23800 # 1504
23801 # 1504
23802 # 1504
23803 # 1504
23804 # 1504
23805 # 1504
23806 # 1504
23807 # 1504
23808 # 1504
23809 # 1504
23810 # 1504
23811 # 1504
23812 # 1504
23813 # 1504
23813 + 108
23814 # 1504
23814 - 108 1
23814 + 88
23815 # 1504
23815 - 88 1
23816 # 1504
23817 # 1504
23818 # 1504
23819 # 1504
23820 # 1504
23821 # 1504
23822 # 1504
23823 # 1504
23824 # 1504
23825 # 1504
23826 # 1504
23827 # 1504
23828 # 1504
23828 + 88
23828 + 108
23829 # 1504
23829 - 88 1
23829 - 108 1
23830 # 1504
23831 # 1504
23832 # 1504
23833 # 1504
23834 # 1504
23835 # 1504
23836 # 1504
23837 # 1504
23838 # 1504
23839 # 1504
23840 # 1504
23841 # 1504
23842 # 1504
23842 + 88
23843 # 1504
23843 - 88 1
23844 # 1504
23844 + 88
23845 # 1504
23845 - 88 1
23846 # 1504
23847 # 1504
23848 # 1504
23849 # 1504
23850 # 1504
23851 # 1504
23852 # 1504
23853 # 1504
23854 # 1504
23855 # 1504
23856 # 1504
23856 + 108
23857 # 1504
23857 - 108 1
23858 # 1504
23859 # 1504
23860 # 1504
23861 # 1504
23862 # 1504
23863 # 1504
23864 # 1504
23865 # 1504
23866 # 1504
23866 + 88
23866 + 108
23867 # 1504
23867 - 88 1
23867 - 108 1
23868 # 1504
23869 # 1504
23870 # 1504
23870 + 88
23871 # 1504
23871 - 88 1
23872 # 1504
23873 # 1504
23874 # 1504
23875 # 1504
23876 # 1504
23877 # 1504
23878 # 1504
23879 # 1504
23880 # 1504
23880 + 88
23880 + 108
23881 # 1504
23881 - 88 1
23881 - 108 1
23882 # 1504
23883 # 1504
23884 # 1504
23885 # 1504
23886 # 1504
23887 # 1504
23888 # 1504
23889 # 1504
23889 + 88
23890 # 1504
23890 - 88 1
23891 # 1504
23892 # 1504
23893 # 1504
23894 # 1504
23895 # 1504
23896 # 1504
23897 # 1504
23898 # 1504
23899 # 1504
23900 # 1504
23901 # 1504
23902 # 1504
23903 # 1504
23904 # 1504
23904 + 88
23904 + 108
23905 # 1504
23905 - 88 1
23905 - 108 1
23906 # 1504
23907 # 1504
23908 # 1504
23909 # 1504
23910 # 1504
23911 # 1504
23912 # 1504
23913 # 1504
23913 + 88
23914 # 1504
23914 - 88 1
23915 # 1504
23915 + 88
23915 + 108
23916 # 1504
23916 - 88 1
23916 - 108 1
23917 # 1504
23918 # 1504
23919 # 1504
23920 # 1504
23921 # 1504
23922 # 1504
23923 # 1504
23923 + 88
23924 # 1504
23924 - 88 1
23925 # 1504
23926 # 1504
23927 # 1504
23928 # 1504
23929 # 1504
23930 # 1504
23931 # 1504
23932 # 1504
23932 + 88
23932 + 108
23933 # 1504
23933 - 88 1
23933 - 108 1
23934 # 1504
23935 # 1504
23936 # 1504
23937 # 1504
23938 # 1504
23939 # 1504
23940 # 1504
23940 + 88
23941 # 1504
23941 - 88 1
23942 # 1504
23943 # 1504
23944 # 1504
23945 # 1504
23946 # 1504
23947 # 1504
23948 # 1504
23949 # 1504
23949 + 88
23949 + 108
23950 # 1504
23950 - 88 1
23950 - 108 1
23951 # 1504
23952 # 1504
23953 # 1504
23954 # 1504
23955 # 1504
23956 # 1504
23957 # 1504
23957 + 88
23958 # 1504
23958 - 88 1
23959 # 1504
23960 # 1504
23961 # 1504
23962 # 1504
23963 # 1504
23964 # 1504
23964 + 88
23964 + 108
23965 # 1504
23965 - 88 1
23965 - 108 1
23966 # 1504
23967 # 1504
23968 # 1504
23969 # 1504
23970 # 1504
23971 # 1504
23972 # 1504
23973 # 1504
23974 # 1504
23975 # 1504
23975 + 88
23976 # 1504
23976 - 88 1
23977 # 1504
23978 # 1504
23979 # 1504
23980 # 1504
23980 + 88
23981 # 1504
23981 - 88 1
23982 # 1504
23983 # 1504
23984 # 1504
23984 + 88
23985 # 1504
23985 - 88 1
23986 # 1504
23987 # 1504
23988 # 1504
23989 # 1504
23990 # 1504
23991 # 1504
23992 # 1504
23993 # 1504
23994 # 1504
23994 + 88
23994 + 108
23994 + 88
23995 # 1504
23995 - 88 1
23995 - 108 1
23995 - 88 1
23996 # 1504
23997 # 1504
23998 # 1504
23999 # 1504
24000 # 1504
24001 # 1504
24001 + 88
24002 # 1504
24002 - 88 1
24003 # 1504
24004 # 1504
24005 # 1504
24006 # 1504
24007 # 1504
24007 + 88
24007 + 108
24008 # 1504
24008 - 88 1
24008 - 108 1
24009 # 1504
24010 # 1504
24011 # 1504
24012 # 1504
24013 # 1504
24013 + 88
24014 # 1504
24014 - 88 1
24015 # 1504
24016 # 1504
24017 # 1504
24018 # 1504
24019 # 1504
24020 # 1504
24020 + 88
24020 + 108
24021 # 1504
24021 - 88 1
24021 - 108 1
24022 # 1504
24023 # 1504
24024 # 1504
24025 # 1504
24026 # 1504
24027 # 1504
24028 # 1504
24028 + 88
24029 # 1504
24029 - 88 1
24030 # 1504
24031 # 1504
24032 # 1504
24032 + 88
24032 + 108
24033 # 1504
24033 - 88 1
24033 - 108 1
24034 # 1504
24035 # 1504
24036 # 1504
24037 # 1504
24038 # 1504
24039 # 1504
24040 # 1504
24041 # 1504
24042 # 1504
24043 # 1504
24043 + 88
24043 + 108
24044 # 1504
24044 - 88 1
24044 - 108 1
24045 # 1504
24046 # 1504
24047 # 1504
24048 # 1504
24049 # 1504
24050 # 1504
24050 + 88
24051 # 1504
24051 - 88 1
24052 # 1504
24053 # 1504
24054 # 1504
24055 # 1504
24056 # 1504
24056 + 88
24056 + 108
24057 # 1504
24057 - 88 1
24057 - 108 1
24058 # 1504
24059 # 1504
24060 # 1504
24061 # 1504
24062 # 1504
24062 + 88
24063 # 1504
24063 - 88 1
24064 # 1504
24065 # 1504
24066 # 1504
24067 # 1504
24068 # 1504
24068 + 88
24068 + 108
24069 # 1504
24069 - 88 1
24069 - 108 1
24070 # 1504
24071 # 1504
24072 # 1504
24072 + 88
24073 # 1504
24073 - 88 1
24074 # 1504
24075 # 1504
24076 # 1504
24077 # 1504
24078 # 1504
24079 # 1504
24080 # 1504
24081 # 1504
24081 + 88
24081 + 108
24082 # 1504
24082 - 88 1
24082 - 108 1
24083 # 1504
24084 # 1504
24084 + 88
24085 # 1504
24085 - 88 1
24086 # 1504
24087 # 1504
24087 + 88
24088 # 1504
24088 - 88 1
24089 # 1504
24090 # 1504
24091 # 1504
24092 # 1504
24092 + 88
24092 + 108
24093 # 1504
24093 - 88 1
24093 - 108 1
24094 # 1504
24095 # 1504
24096 # 1504
24097 # 1504
24097 + 88
24098 # 1504
24098 - 88 1
24099 # 1504
24100 # 1504
24101 # 1504
24102 # 1504
24102 + 88
24102 + 108
24103 # 1504
24103 - 88 1
24103 - 108 1
24104 # 1504
24105 # 1504
24106 # 1504
24106 + 88
24107 # 1504
24107 - 88 1
24108 # 1504
24109 # 1504
24110 # 1504
24111 # 1504
24111 + 88
24112 # 1504
24112 - 88 1
24113 # 1504
24114 # 1504
24115 # 1504
24116 # 1504
24116 + 88
24116 + 108
24117 # 1504
24117 - 88 1
24117 - 108 1
24118 # 1504
24119 # 1504
24120 # 1504
24121 # 1504
24122 # 1504
24123 # 1504
24124 # 1504
24124 + 88
24125 # 1504
24125 - 88 1
24125 + 88
24126 # 1504
24126 - 88 1
24127 # 1504
24128 # 1504
24129 # 1504
24130 # 1504
24131 # 1504
24131 + 88
24131 + 108
24132 # 1504
24132 - 88 1
24132 - 108 1
24133 # 1504
24134 # 1504
24135 # 1504
24136 # 1504
24137 # 1504
24138 # 1504
24139 # 1504
24140 # 1504
24141 # 1504
24141 + 88
24142 # 1504
24142 - 88 1
24143 # 1504
24143 + 88
24143 + 108
24144 # 1504
24144 - 88 1
24144 - 108 1
24145 # 1504
24146 # 1504
24147 # 1504
24148 # 1504
24149 # 1504
24150 # 1504
24151 # 1504
24152 # 1504
24153 # 1504
24153 + 88
24154 # 1504
24154 - 88 1
24155 # 1504
24156 # 1504
24156 + 88
24157 # 1504
24157 - 88 1
24158 # 1504
24159 # 1504
24160 # 1504
24161 # 1504
24162 # 1504
24163 # 1504
24164 # 1504
24165 # 1504
24166 # 1504
24166 + 88
24166 + 108
24167 # 1504
24167 - 88 1
24167 - 108 1
24167 + 88
24168 # 1504
24168 - 88 1
24169 # 1504
24170 # 1504
24171 # 1504
24172 # 1504
24173 # 1504
24173 + 88
24174 # 1504
24174 - 88 1
24175 # 1504
24176 # 1504
24177 # 1504
24178 # 1504
24179 # 1504
24179 + 88
24179 + 108
24180 # 1504
24180 - 88 1
24180 - 108 1
24181 # 1504
24182 # 1504
24183 # 1504
24184 # 1504
24185 # 1504
24186 # 1504
24186 + 88
24187 # 1504
24187 - 88 1
24188 # 1504
24189 # 1504
24190 # 1504
24191 # 1504
24192 # 1504
24193 # 1504
24193 + 88
24193 + 108
24194 # 1504
24194 - 88 1
24194 - 108 1
24195 # 1504
24196 # 1504
24197 # 1504
24198 # 1504
24199 # 1504
24200 # 1504
24200 + 88
24201 # 1504
24201 - 88 1
24202 # 1504
24203 # 1504
24204 # 1504
24205 # 1504
24206 # 1504
24207 # 1504
24208 # 1504
24209 # 1504
24210 # 1504
24211 # 1504
24212 # 1504
24212 + 88
24212 + 108
24213 # 1504
24213 - 88 1
24213 - 108 1
24214 # 1504
24215 # 1504
24216 # 1504
24217 # 1504
24218 # 1504
24218 + 88
24219 # 1504
24219 - 88 1
24220 # 1504
24221 # 1504
24222 # 1504
24223 # 1504
24224 # 1504
24225 # 1504
24226 # 1504
24227 # 1504
24228 # 1504
24228 + 108
24228 + 88
24229 # 1504
24229 - 108 1
24229 - 88 1
24230 # 1504
24231 # 1504
24232 # 1504
24233 # 1504
24234 # 1504
24235 # 1504
24236 # 1504
24236 + 88
24237 # 1504
24237 - 88 1
24238 # 1504
24239 # 1504
24240 # 1504
24241 # 1504
24242 # 1504
24243 # 1504
24244 # 1504
24245 # 1504
24246 # 1504
24247 # 1504
24248 # 1504
24249 # 1504
24250 # 1504
24251 # 1504
24251 + 108
24251 + 88
24252 # 1504
24252 - 108 1
24252 - 88 1
24252 + 88
24253 # 1504
24253 - 88 1
24254 # 1504
24255 # 1504
24256 # 1504
24257 # 1504
24258 # 1504
24259 # 1504
24260 # 1504
24261 # 1504
24262 # 1504
24263 # 1504
24264 # 1504
24265 # 1504
24266 # 1504
24267 # 1504
24268 # 1504
24268 + 88
24268 + 108
24269 # 1504
24269 - 88 1
24269 - 108 1
24269 + 88
24270 # 1504
24270 - 88 1
24271 # 1504
24272 # 1504
24273 # 1504
24274 # 1504
24275 # 1504
24276 # 1504
24277 # 1504
24278 # 1504
24279 # 1504
24279 + 88
24279 + 108
24280 # 1504
24280 - 88 1
24280 - 108 1
24281 # 1504
24282 # 1504
24283 # 1504
24284 # 1504
24285 # 1504
24286 # 1504
24287 # 1504
24287 + 88
24288 # 1504
24288 - 88 1
24288 + 88
24289 # 1504
24289 - 88 1
24290 # 1504
24291 # 1504
24292 # 1504
24293 # 1504
24293 + 88
24293 + 108
24294 # 1504
24294 - 88 1
24294 - 108 1
24295 # 1504
24296 # 1504
24297 # 1504
24298 # 1504
24298 + 88
24299 # 1504
24299 - 88 1
24300 # 1504
24301 # 1504
24302 # 1504
24303 # 1504
24303 + 88
24303 + 108
24304 # 1504
24304 - 88 1
24304 - 108 1
24305 # 1504
24306 # 1504
24307 # 1504
24308 # 1504
24308 + 88
24309 # 1504
24309 - 88 1
24310 # 1504
24311 # 1504
24312 # 1504
24313 # 1504
24313 + 88
24314 # 1504
24314 - 88 1
24315 # 1504
24316 # 1504
24317 # 1504
24318 # 1504
24318 + 88
24318 + 108
24319 # 1504
24319 - 88 1
24319 - 108 1
24320 # 1504
24321 # 1504
24322 # 1504
24322 + 88
24323 # 1504
24323 - 88 1
24324 # 1504
24325 # 1504
24326 # 1504
24327 # 1504
24328 # 1504
24328 + 88
24328 + 108
24329 # 1504
24329 - 88 1
24329 - 108 1
24330 # 1504
24331 # 1504
24332 # 1504
24333 # 1504
24334 # 1504
24335 # 1504
24336 # 1504
24336 + 88
24337 # 1504
24337 - 88 1
24338 # 1504
24339 # 1504
24340 # 1504
24341 # 1504
24342 # 1504
24343 # 1504
24344 # 1504
24344 + 88
24344 + 108
24345 # 1504
24345 - 88 1
24345 - 108 1
24346 # 1504
24347 # 1504
24348 # 1504
24349 # 1504
24350 # 1504
24351 # 1504
24352 # 1504
24353 # 1504
24354 # 1504
24355 # 1504
24356 # 1504
24356 + 88
24356 + 108
24357 # 1504
24357 - 88 1
24357 - 108 1
24358 # 1504
24359 # 1504
24360 # 1504
24361 # 1504
24362 # 1504
24362 + 88
24363 # 1504
24363 - 88 1
24364 # 1504
24365 # 1504
24366 # 1504
24367 # 1504
24368 # 1504
24369 # 1504
24370 # 1504
24371 # 1504
24372 # 1504
24372 + 108
24372 + 88
24373 # 1504
24373 - 108 1
24373 - 88 1
24374 # 1504
24375 # 1504
24376 # 1504
24377 # 1504
24378 # 1504
24379 # 1504
24380 # 1504
24380 + 88
24381 # 1504
24381 - 88 1
24382 # 1504
24383 # 1504
24384 # 1504
24385 # 1504
24386 # 1504
24387 # 1504
24388 # 1504
24388 + 88
24388 + 108
24389 # 1504
24389 - 88 1
24389 - 108 1
24390 # 1504
24391 # 1504
24392 # 1504
24393 # 1504
24394 # 1504
24395 # 1504
24396 # 1504
24396 + 88
24397 # 1504
24397 - 88 1
24398 # 1504
24399 # 1504
24400 # 1504
24401 # 1504
24402 # 1504
24403 # 1504
24404 # 1504
24405 # 1504
24406 # 1504
24407 # 1504
24408 # 1504
24409 # 1504
24410 # 1504
24411 # 1504
24412 # 1504
24412 + 108
24412 + 88
24413 # 1504
24413 - 108 1
24413 - 88 1
24414 # 1504
24415 # 1504
24416 # 1504
24417 # 1504
24417 + 88
24418 # 1504
24418 - 88 1
24419 # 1504
24420 # 1504
24420 + 88
24421 # 1504
24421 - 88 1
24422 # 1504
24423 # 1504
24424 # 1504
24425 # 1504
24426 # 1504
24427 # 1504
24427 + 88
24427 + 108
24428 # 1504
24428 - 88 1
24428 - 108 1
24429 # 1504
24430 # 1504
24431 # 1504
24432 # 1504
24432 + 88
24433 # 1504
24433 - 88 1
24434 # 1504
24435 # 1504
24436 # 1504
24437 # 1504
24437 + 88
24438 # 1504
24438 - 88 1
24439 # 1504
24440 # 1504
24441 # 1504
24441 + 88
24441 + 108
24442 # 1504
24442 - 88 1
24442 - 108 1
24443 # 1504
24444 # 1504
24445 # 1504
24446 # 1504
24446 + 88
24447 # 1504
24447 - 88 1
24448 # 1504
24449 # 1504
24450 # 1504
24451 # 1504
24451 + 88
24452 # 1504
24452 - 88 1
24453 # 1504
24454 # 1504
24455 # 1504
24456 # 1504
24456 + 88
24456 + 108
24457 # 1504
24457 - 88 1
24457 - 108 1
24457 + 88
24458 # 1504
24458 - 88 1
24459 # 1504
24460 # 1504
24461 # 1504
24462 # 1504
24462 + 88
24463 # 1504
24463 - 88 1
24464 # 1504
24465 # 1504
24466 # 1504
24467 # 1504
24468 # 1504
24469 # 1504
24470 # 1504
24471 # 1504
24472 # 1504
24473 # 1504
24473 + 88
24473 + 108
24474 # 1504
24474 - 88 1
24474 - 108 1
24475 # 1504
24475 + 88
24476 # 1504
24476 - 88 1
24477 # 1504
24478 # 1504
24479 # 1504
24480 # 1504
24481 # 1504
24481 + 88
24482 # 1504
24482 - 88 1
24483 # 1504
24484 # 1504
24485 # 1504
24486 # 1504
24487 # 1504
24488 # 1504
24489 # 1504
24489 + 88
24489 + 108
24490 # 1504
24490 - 88 1
24490 - 108 1
24491 # 1504
24492 # 1504
24493 # 1504
24493 + 88
24494 # 1504
24494 - 88 1
24495 # 1504
24496 # 1504
24497 # 1504
24498 # 1504
24499 # 1504
24500 # 1504
24500 + 88
24500 + 108
24501 # 1504
24501 - 88 1
24501 - 108 1
24502 # 1504
24503 # 1504
24504 # 1504
24505 # 1504
24506 # 1504
24506 + 88
24507 # 1504
24507 - 88 1
24508 # 1504
24509 # 1504
24510 # 1504
24511 # 1504
24512 # 1504
24512 + 88
24512 + 108
24513 # 1504
24513 - 88 1
24513 - 108 1
24514 # 1504
24515 # 1504
24516 # 1504
24517 # 1504
24518 # 1504
24519 # 1504
24519 + 88
24520 # 1504
24520 - 88 1
24521 # 1504
24522 # 1504
24523 # 1504
24524 # 1504
24525 # 1504
24525 + 88
24525 + 108
24526 # 1504
24526 - 88 1
24526 - 108 1
24527 # 1504
24528 # 1504
24529 # 1504
24529 + 88
24530 # 1504
24530 - 88 1
24531 # 1504
24532 # 1504
24533 # 1504
24534 # 1504
24534 + 88
24535 # 1504
24535 - 88 1
24536 # 1504
24537 # 1504
24538 # 1504
24539 # 1504
24539 + 88
24539 + 108
24540 # 1504
24540 - 88 1
24540 - 108 1
24541 # 1504
24542 # 1504
24543 # 1504
24544 # 1504
24544 + 88
24545 # 1504
24545 - 88 1
24546 # 1504
24547 # 1504
24548 # 1504
24549 # 1504
24549 + 88
24550 # 1504
24550 - 88 1
24551 # 1504
24552 # 1504
24553 # 1504
24554 # 1504
24555 # 1504
24556 # 1504
24556 + 88
24556 + 108
24557 # 1504
24557 - 88 1
24557 - 108 1
24558 # 1504
24558 + 88
24559 # 1504
24559 - 88 1
24560 # 1504
24561 # 1504
24562 # 1504
24563 # 1504
24564 # 1504
24564 + 88
24565 # 1504
24565 - 88 1
24566 # 1504
24567 # 1504
24568 # 1504
24568 + 88
24568 + 108
24569 # 1504
24569 - 88 1
24569 - 108 1
24570 # 1504
24571 # 1504
24572 # 1504
24573 # 1504
24573 + 88
24574 # 1504
24574 - 88 1
24575 # 1504
24576 # 1504
24577 # 1504
24578 # 1504
24578 + 88
24579 # 1504
24579 - 88 1
24580 # 1504
24581 # 1504
24582 # 1504
24583 # 1504
24584 # 1504
24584 + 88
24584 + 108
24585 # 1504
24585 - 88 1
24585 - 108 1
24586 # 1504
24587 # 1504
24588 # 1504
24589 # 1504
24590 # 1504
24591 # 1504
24591 + 88
24592 # 1504
24592 - 88 1
24593 # 1504
24594 # 1504
24595 # 1504
24596 # 1504
24597 # 1504
24597 + 88
24597 + 108
24598 # 1504
24598 - 88 1
24598 - 108 1
24599 # 1504
24600 # 1504
24601 # 1504
24602 # 1504
24603 # 1504
24604 # 1504
24604 + 88
24605 # 1504
24605 - 88 1
24606 # 1504
24607 # 1504
24608 # 1504
24609 # 1504
24609 + 88
24609 + 108
24610 # 1504
24610 - 88 1
24610 - 108 1
24611 # 1504
24612 # 1504
24613 # 1504
24614 # 1504
24615 # 1504
24616 # 1504
24616 + 88
24617 # 1504
24617 - 88 1
24618 # 1504
24619 # 1504
24620 # 1504
24621 # 1504
24622 # 1504
24623 # 1504
24623 + 88
24623 + 108
24624 # 1504
24624 - 88 1
24624 - 108 1
24625 # 1504
24626 # 1504
24627 # 1504
24628 # 1504
24628 + 88
24629 # 1504
24629 - 88 1
24630 # 1504
24631 # 1504
24632 # 1504
24633 # 1504
24634 # 1504
24635 # 1504
24635 + 88
24635 + 108
24636 # 1504
24636 - 88 1
24636 - 108 1
24637 # 1504
24638 # 1504
24639 # 1504
24640 # 1504
24641 # 1504
24642 # 1504
24643 # 1504
24643 + 88
24644 # 1504
24644 - 88 1
24645 # 1504
24646 # 1504
24647 # 1504
24648 # 1504
24649 # 1504
24650 # 1504
24651 # 1504
24652 # 1504
24652 + 88
24652 + 108
24653 # 1504
24653 - 88 1
24653 - 108 1
24654 # 1504
24655 # 1504
24656 # 1504
24657 # 1504
24658 # 1504
24659 # 1504
24660 # 1504
24660 + 88
24661 # 1504
24661 - 88 1
24662 # 1504
24663 # 1504
24664 # 1504
24665 # 1504
24666 # 1504
24667 # 1504
24668 # 1504
24669 # 1504
24670 # 1504
24671 # 1504
24672 # 1504
24673 # 1504
24674 # 1504
24675 # 1504
24676 # 1504
24677 # 1504
24677 + 108
24677 + 88
24678 # 1504
24678 - 108 1
24678 - 88 1
24679 # 1504
24680 # 1504
24680 + 88
24681 # 1504
24681 - 88 1
24682 # 1504
24683 # 1504
24684 # 1504
24685 # 1504
24686 # 1504
24686 + 88
24687 # 1504
24687 - 88 1
24688 # 1504
24689 # 1504
24690 # 1504
24691 # 1504
24692 # 1504
24693 # 1504
24694 # 1504
24695 # 1504
24696 # 1504
24696 + 88
24696 + 108
24697 # 1504
24697 - 88 1
24697 - 108 1
24698 # 1504
24699 # 1504
24700 # 1504
24701 # 1504
24702 # 1504
24703 # 1504
24704 # 1504
24704 + 88
24705 # 1504
24705 - 88 1
24706 # 1504
24707 # 1504
24708 # 1504
24709 # 1504
24710 # 1504
24711 # 1504
24712 # 1504
24712 + 88
24712 + 108
24713 # 1504
24713 - 88 1
24713 - 108 1
24714 # 1504
24715 # 1504
24716 # 1504
24717 # 1504
24718 # 1504
24719 # 1504
24720 # 1504
24721 # 1504
24722 # 1504
24723 # 1504
24724 # 1504
24725 # 1504
24725 + 88
24725 + 108
24725 + 88
24726 # 1504
24726 - 88 1
24726 - 108 1
24726 - 88 1
24727 # 1504
24728 # 1504
24729 # 1504
24730 # 1504
24730 + 88
24731 # 1504
24731 - 88 1
24732 # 1504
24733 # 1504
24734 # 1504
24735 # 1504
24736 # 1504
24736 + 88
24736 + 108
24737 # 1504
24737 - 88 1
24737 - 108 1
24738 # 1504
24739 # 1504
24740 # 1504
24740 + 88
24741 # 1504
24741 - 88 1
24742 # 1504
24743 # 1504
24744 # 1504
24745 # 1504
24746 # 1504
24746 + 88
24746 + 108
24747 # 1504
24747 - 88 1
24747 - 108 1
24748 # 1504
24749 # 1504
24750 # 1504
24750 + 88
24751 # 1504
24751 - 88 1
24752 # 1504
24753 # 1504
24754 # 1504
24755 # 1504
24756 # 1504
24756 + 88
24756 + 108
24757 # 1504
24757 - 88 1
24757 - 108 1
24758 # 1504
24759 # 1504
24760 # 1504
24760 + 88
24761 # 1504
24761 - 88 1
24762 # 1504
24763 # 1504
24764 # 1504
24765 # 1504
24765 + 88
24766 # 1504
24766 - 88 1
24767 # 1504
24768 # 1504
24769 # 1504
24770 # 1504
24770 + 88
24770 + 108
24771 # 1504
24771 - 88 1
24771 - 108 1
24772 # 1504
24773 # 1504
24774 # 1504
24775 # 1504
24776 # 1504
24777 # 1504
24778 # 1504
24778 + 88
24779 # 1504
24779 - 88 1
24780 # 1504
24781 # 1504
24782 # 1504
24783 # 1504
24784 # 1504
24785 # 1504
24786 # 1504
24787 # 1504
24788 # 1504
24789 # 1504
24790 # 1504
24791 # 1504
24792 # 1504
24793 # 1504
24794 # 1504
24794 + 88
24794 + 108
24795 # 1504
24795 - 88 1
24795 - 108 1
24796 # 1504
24797 # 1504
24798 # 1504
24799 # 1504
24800 # 1504
24800 + 88
24801 # 1504
24801 - 88 1
24802 # 1504
24803 # 1504
24804 # 1504
24804 + 88
24805 # 1504
24805 - 88 1
24806 # 1504
24807 # 1504
24808 # 1504
24809 # 1504
24810 # 1504
24811 # 1504
24812 # 1504
24813 # 1504
24814 # 1504
24815 # 1504
24816 # 1504
24816 + 88
24816 + 108
24817 # 1504
24817 - 88 1
24817 - 108 1
24818 # 1504
24819 # 1504
24820 # 1504
24821 # 1504
24822 # 1504
24822 + 88
24823 # 1504
24823 - 88 1
24824 # 1504
24825 # 1504
24826 # 1504
24827 # 1504
24828 # 1504
24829 # 1504
24830 # 1504
24831 # 1504
24831 + 88
24831 + 108
24832 # 1504
24832 - 88 1
24832 - 108 1
24833 # 1504
24834 # 1504
24835 # 1504
24836 # 1504
24837 # 1504
24838 # 1504
24839 # 1504
24839 + 88
24840 # 1504
24840 - 88 1
24841 # 1504
24842 # 1504
24843 # 1504
24844 # 1504
24845 # 1504
24846 # 1504
24847 # 1504
24848 # 1504
24848 + 88
24848 + 108
24849 # 1504
24849 - 88 1
24849 - 108 1
24850 # 1504
24851 # 1504
24852 # 1504
24853 # 1504
24854 # 1504
24855 # 1504
24856 # 1504
24856 + 88
24857 # 1504
24857 - 88 1
24858 # 1504
24859 # 1504
24860 # 1504
24861 # 1504
24862 # 1504
24863 # 1504
24864 # 1504
24865 # 1504
24865 + 88
24865 + 108
24866 # 1504
24866 - 88 1
24866 - 108 1
24867 # 1504
24868 # 1504
24868 + 88
24869 # 1504
24869 - 88 1
24870 # 1504
24871 # 1504
24871 + 88
24872 # 1504
24872 - 88 1
24873 # 1504
24874 # 1504
24875 # 1504
24876 # 1504
24876 + 88
24876 + 108
24877 # 1504
24877 - 88 1
24877 - 108 1
24878 # 1504
24879 # 1504
24880 # 1504
24881 # 1504
24881 + 88
24882 # 1504
24882 - 88 1
24883 # 1504
24884 # 1504
24885 # 1504
24886 # 1504
24886 + 88
24886 + 108
24887 # 1504
24887 - 88 1
24887 - 108 1
24888 # 1504
24889 # 1504
24890 # 1504
24890 + 88
24891 # 1504
24891 - 88 1
24892 # 1504
24893 # 1504
24894 # 1504
24895 # 1504
24896 # 1504
24896 + 88
24896 + 108
24897 # 1504
24897 - 88 1
24897 - 108 1
24898 # 1504
24899 # 1504
24900 # 1504
24900 + 88
24901 # 1504
24901 - 88 1
24902 # 1504
24903 # 1504
24904 # 1504
24905 # 1504
24905 + 88
24906 # 1504
24906 - 88 1
24907 # 1504
24908 # 1504
24909 # 1504
24910 # 1504
24911 # 1504
24911 + 88
24911 + 108
24912 # 1504
24912 - 88 1
24912 - 108 1
24913 # 1504
24914 # 1504
24915 # 1504
24916 # 1504
24917 # 1504
24918 # 1504
24918 + 88
24919 # 1504
24919 - 88 1
24920 # 1504
24921 # 1504
24922 # 1504
24923 # 1504
24924 # 1504
24925 # 1504
24926 # 1504
24927 # 1504
24928 # 1504
24929 # 1504
24929 + 88
24929 + 108
24930 # 1504
24930 - 88 1
24930 - 108 1
24931 # 1504
24932 # 1504
24932 + 88
24933 # 1504
24933 - 88 1
24934 # 1504
24935 # 1504
24936 # 1504
24937 # 1504
24938 # 1504
24939 # 1504
24940 # 1504
24941 # 1504
24941 + 88
24941 + 108
24942 # 1504
24942 - 88 1
24942 - 108 1
24943 # 1504
24944 # 1504
24945 # 1504
24946 # 1504
24947 # 1504
24947 + 88
24948 # 1504
24948 - 88 1
24949 # 1504
24949 + 88
24950 # 1504
24950 - 88 1
24951 # 1504
24952 # 1504
24952 + 108
24953 # 1504
24953 - 108 1
24954 # 1504
24954 + 88
24955 # 1504
24955 - 88 1
24956 # 1504
24957 # 1504
24958 # 1504
24959 # 1504
24960 # 1504
24961 # 1504
24962 # 1504
24963 # 1504
24964 # 1504
24965 # 1504
24966 # 1504
24966 + 88
24966 + 108
24967 # 1504
24967 - 88 1
24967 - 108 1
24967 + 88
24968 # 1504
24968 - 88 1
24969 # 1504
24970 # 1504
24971 # 1504
24972 # 1504
24973 # 1504
24974 # 1504
24975 # 1504
24976 # 1504
24976 + 88
24977 # 1504
24977 - 88 1
24978 # 1504
24979 # 1504
24980 # 1504
24981 # 1504
24981 + 88
24981 + 108
24982 # 1504
24982 - 88 1
24982 - 108 1
24983 # 1504
24983 + 88
24984 # 1504
24984 - 88 1
24985 # 1504
24986 # 1504
24987 # 1504
24988 # 1504
24989 # 1504
24990 # 1504
24990 + 88
24991 # 1504
24991 - 88 1
24992 # 1504
24992 + 88
24992 + 108
24993 # 1504
24993 - 88 1
24993 - 108 1
24994 # 1504
24995 # 1504
24996 # 1504
24997 # 1504
24998 # 1504
24999 # 1504
24999 + 88
25000 # 1504
25000 - 88 1
25001 # 1504
25001 + 88
25002 # 1504
25002 - 88 1
25003 # 1504
25004 # 1504
25005 # 1504
25006 # 1504
25006 + 88
25006 + 108
25007 # 1504
25007 - 88 1
25007 - 108 1
25008 # 1504
25009 # 1504
25010 # 1504
25011 # 1504
25011 + 88
25012 # 1504
25012 - 88 1
25013 # 1504
25014 # 1504
25015 # 1504
25016 # 1504
25016 + 88
25017 # 1504
25017 - 88 1
25018 # 1504
25019 # 1504
25020 # 1504
25021 # 1504
25021 + 88
25021 + 108
25022 # 1504
25022 - 88 1
25022 - 108 1
25023 # 1504
25024 # 1504
25025 # 1504
25026 # 1504
25027 # 1504
25028 # 1504
25028 + 88
25029 # 1504
25029 - 88 1
25030 # 1504
25031 # 1504
25031 + 88
25031 + 108
25032 # 1504
25032 - 88 1
25032 - 108 1
25033 # 1504
25034 # 1504
25035 # 1504
25036 # 1504
25036 + 88
25037 # 1504
25037 - 88 1
25038 # 1504
25039 # 1504
25040 # 1504
25040 + 88
25041 # 1504
25041 - 88 1
25042 # 1504
25043 # 1504
25044 # 1504
25045 # 1504
25045 + 88
25045 + 108
25046 # 1504
25046 - 88 1
25046 - 108 1
25047 # 1504
25048 # 1504
25049 # 1504
25050 # 1504
25051 # 1504
25052 # 1504
25052 + 88
25053 # 1504
25053 - 88 1
25054 # 1504
25055 # 1504
25056 # 1504
25056 + 88
25056 + 108
25057 # 1504
25057 - 88 1
25057 - 108 1
25058 # 1504
25059 # 1504
25060 # 1504
25060 + 88
25061 # 1504
25061 - 88 1
25062 # 1504
25063 # 1504
25064 # 1504
25065 # 1504
25065 + 88
25066 # 1504
25066 - 88 1
25067 # 1504
25068 # 1504
25069 # 1504
25069 + 88
25069 + 108
25070 # 1504
25070 - 88 1
25070 - 108 1
25071 # 1504
25072 # 1504
25073 # 1504
25074 # 1504
25075 # 1504
25075 + 88
25076 # 1504
25076 - 88 1
25077 # 1504
25078 # 1504
25079 # 1504
25080 # 1504
25080 + 88
25080 + 108
25080 + 88
25081 # 1504
25081 - 88 1
25081 - 108 1
25081 - 88 1
25082 # 1504
25083 # 1504
25084 # 1504
25084 + 88
25085 # 1504
25085 - 88 1
25086 # 1504
25087 # 1504
25088 # 1504
25089 # 1504
25090 # 1504
25091 # 1504
25092 # 1504
25092 + 88
25092 + 108
25093 # 1504
25093 - 88 1
25093 - 108 1
25094 # 1504
25095 # 1504
25096 # 1504
25096 + 88
25097 # 1504
25097 - 88 1
25098 # 1504
25099 # 1504
25100 # 1504
25100 + 88
25101 # 1504
25101 - 88 1
25102 # 1504
25103 # 1504
25104 # 1504
25104 + 88
25104 + 108
25105 # 1504
25105 - 88 1
25105 - 108 1
25106 # 1504
25107 # 1504
25108 # 1504
25108 + 88
25109 # 1504
25109 - 88 1
25110 # 1504
25110 + 88
25111 # 1504
25111 - 88 1
25112 # 1504
25113 # 1504
25114 # 1504
25115 # 1504
25116 # 1504
25117 # 1504
25117 + 88
25117 + 108
25118 # 1504
25118 - 88 1
25118 - 108 1
25119 # 1504
25119 + 88
25120 # 1504
25120 - 88 1
25121 # 1504
25122 # 1504
25122 + 88
25123 # 1504
25123 - 88 1
25124 # 1504
25125 # 1504
25126 # 1504
25127 # 1504
25128 # 1504
25128 + 88
25128 + 108
25129 # 1504
25129 - 88 1
25129 - 108 1
25130 # 1504
25131 # 1504
25132 # 1504
25133 # 1504
25134 # 1504
25135 # 1504
25136 # 1504
25136 + 88
25137 # 1504
25137 - 88 1
25138 # 1504
25139 # 1504
25139 + 88
25139 + 108
25140 # 1504
25140 - 88 1
25140 - 108 1
25141 # 1504
25142 # 1504
25143 # 1504
25144 # 1504
25144 + 88
25145 # 1504
25145 - 88 1
25146 # 1504
25147 # 1504
25147 + 88
25148 # 1504
25148 - 88 1
25149 # 1504
25150 # 1504
25151 # 1504
25152 # 1504
25152 + 88
25152 + 108
25153 # 1504
25153 - 88 1
25153 - 108 1
25154 # 1504
25155 # 1504
25156 # 1504
25156 + 88
25157 # 1504
25157 - 88 1
25158 # 1504
25159 # 1504
25160 # 1504
25160 + 88
25161 # 1504
25161 - 88 1
25162 # 1504
25163 # 1504
25164 # 1504
25165 # 1504
25165 + 88
25165 + 108
25166 # 1504
25166 - 88 1
25166 - 108 1
25167 # 1504
25168 # 1504
25168 + 88
25169 # 1504
25169 - 88 1
25170 # 1504
25171 # 1504
25172 # 1504
25172 + 88
25173 # 1504
25173 - 88 1
25174 # 1504
25175 # 1504
25176 # 1504
25177 # 1504
25177 + 88
25177 + 108
25178 # 1504
25178 - 88 1
25178 - 108 1
25179 # 1504
25180 # 1504
25180 + 88
25181 # 1504
25181 - 88 1
25182 # 1504
25183 # 1504
25184 # 1504
25184 + 88
25185 # 1504
25185 - 88 1
25186 # 1504
25187 # 1504
25188 # 1504
25188 + 88
25188 + 108
25189 # 1504
25189 - 88 1
25189 - 108 1
25190 # 1504
25191 # 1504
25192 # 1504
25192 + 88
25193 # 1504
25193 - 88 1
25194 # 1504
25195 # 1504
25196 # 1504
25197 # 1504
25198 # 1504
25198 + 88
25198 + 100
25199 # 1504
25199 - 88 1
25199 - 100 1
25200 # 1504
25201 # 1504
25202 # 1504
25203 # 1504
25204 # 1504
25205 # 1504
25205 + 88
25206 # 1504
25206 - 88 1
25207 # 1504
25208 # 1504
25209 # 1504
25210 # 1504
25211 # 1504
25211 + 88
25211 + 108
25212 # 1504
25212 - 88 1
25212 - 108 1
25213 # 1504
25214 # 1504
25215 # 1504
25216 # 1504
25217 # 1504
25217 + 88
25218 # 1504
25218 - 88 1
25219 # 1504
25220 # 1504
25221 # 1504
25222 # 1504
25223 # 1504
25223 + 88
25223 + 108
25224 # 1504
25224 - 88 1
25224 - 108 1
25225 # 1504
25226 # 1504
25227 # 1504
25228 # 1504
25229 # 1504
25229 + 88
25230 # 1504
25230 - 88 1
25231 # 1504
25232 # 1504
25233 # 1504
25234 # 1504
25235 # 1504
25236 # 1504
25236 + 88
25236 + 108
25237 # 1504
25237 - 88 1
25237 - 108 1
25238 # 1504
25239 # 1504
25240 # 1504
25241 # 1504
25242 # 1504
25242 + 88
25243 # 1504
25243 - 88 1
25244 # 1504
25245 # 1504
25246 # 1504
25247 # 1504
25248 # 1504
25248 + 88
25248 + 108
25249 # 1504
25249 - 88 1
25249 - 108 1
25250 # 1504
25251 # 1504
25252 # 1504
25253 # 1504
25254 # 1504
25255 # 1504
25256 # 1504
25257 # 1504
25258 # 1504
25259 # 1504
25259 + 108
25259 + 88
25260 # 1504
25260 - 108 1
25260 - 88 1
25261 # 1504
25262 # 1504
25263 # 1504
25264 # 1504
25264 + 88
25265 # 1504
25265 - 88 1
25266 # 1504
25267 # 1504
25268 # 1504
25268 + 88
25269 # 1504
25269 - 88 1
25270 # 1504
25271 # 1504
25272 # 1504
25273 # 1504
25273 + 88
25273 + 108
25274 # 1504
25274 - 88 1
25274 - 108 1
25275 # 1504
25276 # 1504
25277 # 1504
25278 # 1504
25279 # 1504
25279 + 88
25280 # 1504
25280 - 88 1
25281 # 1504
25282 # 1504
25283 # 1504
25284 # 1504
25285 # 1504
25286 # 1504
25287 # 1504
25288 # 1504
25289 # 1504
25290 # 1504
25291 # 1504
25291 + 88
25291 + 108
25292 # 1504
25292 - 88 1
25292 - 108 1
25293 # 1504
25294 # 1504
25295 # 1504
25296 # 1504
25297 # 1504
25297 + 88
25298 # 1504
25298 - 88 1
25299 # 1504
25300 # 1504
25301 # 1504
25302 # 1504
25303 # 1504
25303 + 88
25303 + 108
25304 # 1504
25304 - 88 1
25304 - 108 1
25305 # 1504
25306 # 1504
25307 # 1504
25308 # 1504
25309 # 1504
25309 + 88
25310 # 1504
25310 - 88 1
25310 + 88
25311 # 1504
25311 - 88 1
25312 # 1504
25313 # 1504
25314 # 1504
25315 # 1504
25316 # 1504
25316 + 108
25317 # 1504
25317 - 108 1
25318 # 1504
25319 # 1504
25320 # 1504
25320 + 88
25321 # 1504
25321 - 88 1
25322 # 1504
25323 # 1504
25324 # 1504
25324 + 88
25325 # 1504
25325 - 88 1
25326 # 1504
25327 # 1504
25328 # 1504
25328 + 88
25328 + 108
25329 # 1504
25329 - 88 1
25329 - 108 1
25330 # 1504
25331 # 1504
25332 # 1504
25332 + 88
25333 # 1504
25333 - 88 1
25334 # 1504
25335 # 1504
25336 # 1504
25336 + 88
25337 # 1504
25337 - 88 1
25338 # 1504
25339 # 1504
25340 # 1504
25340 + 88
25340 + 108
25341 # 1504
25341 - 88 1
25341 - 108 1
25342 # 1504
25343 # 1504
25344 # 1504
25344 + 88
25345 # 1504
25345 - 88 1
25346 # 1504
25347 # 1504
25348 # 1504
25348 + 88
25349 # 1504
25349 - 88 1
25350 # 1504
25351 # 1504
25352 # 1504
25352 + 88
25352 + 108
25353 # 1504
25353 - 88 1
25353 - 108 1
25354 # 1504
25355 # 1504
25356 # 1504
25356 + 88
25357 # 1504
25357 - 88 1
25358 # 1504
25359 # 1504
25360 # 1504
25361 # 1504
25361 + 88
25361 + 88
25362 # 1504
25362 - 88 1
25362 - 88 1
25363 # 1504
25364 # 1504
25365 # 1504
25366 # 1504
25367 # 1504
25367 + 88
25367 + 108
25368 # 1504
25368 - 88 1
25368 - 108 1
25369 # 1504
25370 # 1504
25371 # 1504
25371 + 88
25372 # 1504
25372 - 88 1
25373 # 1504
25374 # 1504
25375 # 1504
25376 # 1504
25377 # 1504
25378 # 1504
25378 + 88
25378 + 108
25379 # 1504
25379 - 88 1
25379 - 108 1
25380 # 1504
25381 # 1504
25382 # 1504
25383 # 1504
25384 # 1504
25385 # 1504
25385 + 88
25386 # 1504
25386 - 88 1
25387 # 1504
25388 # 1504
25389 # 1504
25390 # 1504
25390 + 88
25390 + 108
25391 # 1504
25391 - 88 1
25391 - 108 1
25391 + 88
25392 # 1504
25392 - 88 1
25393 # 1504
25394 # 1504
25395 # 1504
25396 # 1504
25396 + 88
25397 # 1504
25397 - 88 1
25398 # 1504
25399 # 1504
25400 # 1504
25401 # 1504
25402 # 1504
25403 # 1504
25404 # 1504
25405 # 1504
25405 + 88
25405 + 108
25406 # 1504
25406 - 88 1
25406 - 108 1
25407 # 1504
25408 # 1504
25408 + 88
25409 # 1504
25409 - 88 1
25410 # 1504
25411 # 1504
25412 # 1504
25413 # 1504
25413 + 88
25413 + 88
25414 # 1504
25414 - 88 1
25414 - 88 1
25415 # 1504
25416 # 1504
25417 # 1504
25417 + 88
25417 + 108
25418 # 1504
25418 - 88 1
25418 - 108 1
25419 # 1504
25420 # 1504
25421 # 1504
25422 # 1504
25423 # 1504
25424 # 1504
25424 + 88
25425 # 1504
25425 - 88 1
25426 # 1504
25427 # 1504
25428 # 1504
25429 # 1504
25429 + 88
25429 + 108
25430 # 1504
25430 - 88 1
25430 - 108 1
25431 # 1504
25432 # 1504
25433 # 1504
25433 + 88
25434 # 1504
25434 - 88 1
25435 # 1504
25436 # 1504
25437 # 1504
25437 + 88
25438 # 1504
25438 - 88 1
25438 + 88
25439 # 1504
25439 - 88 1
25440 # 1504
25441 # 1504
25442 # 1504
25443 # 1504
25444 # 1504
25444 + 88
25444 + 108
25445 # 1504
25445 - 88 1
25445 - 108 1
25446 # 1504
25447 # 1504
25447 + 88
25448 # 1504
25448 - 88 1
25449 # 1504
25450 # 1504
25450 + 88
25451 # 1504
25451 - 88 1
25452 # 1504
25453 # 1504
25454 # 1504
25455 # 1504
25456 # 1504
25456 + 88
25456 + 108
25457 # 1504
25457 - 88 1
25457 - 108 1
25458 # 1504
25459 # 1504
25459 + 88
25460 # 1504
25460 - 88 1
25461 # 1504
25462 # 1504
25462 + 88
25463 # 1504
25463 - 88 1
25464 # 1504
25465 # 1504
25466 # 1504
25466 + 88
25467 # 1504
25467 - 88 1
25468 # 1504
25469 # 1504
25470 # 1504
25471 # 1504
25471 + 88
25471 + 108
25472 # 1504
25472 - 88 1
25472 - 108 1
25473 # 1504
25474 # 1504
25474 + 88
25475 # 1504
25475 - 88 1
25476 # 1504
25477 # 1504
25478 # 1504
25478 + 88
25479 # 1504
25479 - 88 1
25480 # 1504
25481 # 1504
25482 # 1504
25483 # 1504
25484 # 1504
25484 + 88
25484 + 108
25485 # 1504
25485 - 88 1
25485 - 108 1
25486 # 1504
25486 + 88
25487 # 1504
25487 - 88 1
25488 # 1504
25489 # 1504
25490 # 1504
25490 + 88
25491 # 1504
25491 - 88 1
25492 # 1504
25493 # 1504
25493 + 88
25494 # 1504
25494 - 88 1
25495 # 1504
25496 # 1504
25496 + 88
25496 + 108
25497 # 1504
25497 - 88 1
25497 - 108 1
25498 # 1504
25499 # 1504
25499 + 88
25500 # 1504
25500 - 88 1
25501 # 1504
25502 # 1504
25503 # 1504
25504 # 1504
25504 + 88
25505 # 1504
25505 - 88 1
25506 # 1504
25506 + 88
25506 + 108
25507 # 1504
25507 - 88 1
25507 - 108 1
25508 # 1504
25509 # 1504
25510 # 1504
25510 + 88
25511 # 1504
25511 - 88 1
25512 # 1504
25513 # 1504
25513 + 88
25514 # 1504
25514 - 88 1
25515 # 1504
25516 # 1504
25517 # 1504
25517 + 88
25517 + 108
25518 # 1504
25518 - 88 1
25518 - 108 1
25519 # 1504
25520 # 1504
25520 + 88
25521 # 1504
25521 - 88 1
25522 # 1504
25523 # 1504
25523 + 88
25524 # 1504
25524 - 88 1
25525 # 1504
25526 # 1504
25527 # 1504
25527 + 88
25527 + 108
25528 # 1504
25528 - 88 1
25528 - 108 1
25529 # 1504
25530 # 1504
25531 # 1504
25532 # 1504
25532 + 88
25533 # 1504
25533 - 88 1
25534 # 1504
25535 # 1504
25535 + 88
25536 # 1504
25536 - 88 1
25537 # 1504
25538 # 1504
25539 # 1504
25539 + 88
25539 + 108
25540 # 1504
25540 - 88 1
25540 - 108 1
25541 # 1504
25542 # 1504
25543 # 1504
25544 # 1504
25544 + 88
25545 # 1504
25545 - 88 1
25546 # 1504
25547 # 1504
25547 + 88
25548 # 1504
25548 - 88 1
25549 # 1504
25550 # 1504
25551 # 1504
25551 + 88
25551 + 108
25552 # 1504
25552 - 88 1
25552 - 108 1
25553 # 1504
25554 # 1504
25555 # 1504
25556 # 1504
25556 + 88
25557 # 1504
25557 - 88 1
25558 # 1504
25559 # 1504
25560 # 1504
25561 # 1504
25561 + 88
25562 # 1504
25562 - 88 1
25563 # 1504
25564 # 1504
25564 + 88
25564 + 108
25565 # 1504
25565 - 88 1
25565 - 108 1
25566 # 1504
25567 # 1504
25568 # 1504
25568 + 88
25569 # 1504
25569 - 88 1
25570 # 1504
25570 + 88
25571 # 1504
25571 - 88 1
25572 # 1504
25573 # 1504
25573 + 88
25574 # 1504
25574 - 88 1
25575 # 1504
25576 # 1504
25577 # 1504
25577 + 88
25577 + 108
25578 # 1504
25578 - 88 1
25578 - 108 1
25579 # 1504
25580 # 1504
25580 + 88
25581 # 1504
25581 - 88 1
25582 # 1504
25583 # 1504
25583 + 88
25584 # 1504
25584 - 88 1
25585 # 1504
25586 # 1504
25587 # 1504
25588 # 1504
25588 + 88
25588 + 108
25589 # 1504
25589 - 88 1
25589 - 108 1
25590 # 1504
25591 # 1504
25592 # 1504
25592 + 88
25593 # 1504
25593 - 88 1
25594 # 1504
25595 # 1504
25596 # 1504
25597 # 1504
25597 + 88
25598 # 1504
25598 - 88 1
25598 + 88
25599 # 1504
25599 - 88 1
25600 # 1504
25601 # 1504
25602 # 1504
25603 # 1504
25604 # 1504
25605 # 1504
25606 # 1504
25607 # 1504
25607 + 88
25607 + 108
25608 # 1504
25608 - 88 1
25608 - 108 1
25609 # 1504
25610 # 1504
25611 # 1504
25612 # 1504
25612 + 88
25613 # 1504
25613 - 88 1
25614 # 1504
25615 # 1504
25616 # 1504
25617 # 1504
25617 + 88
25618 # 1504
25618 - 88 1
25619 # 1504
25620 # 1504
25621 # 1504
25622 # 1504
25622 + 88
25622 + 108
25623 # 1504
25623 - 88 1
25623 - 108 1
25624 # 1504
25625 # 1504
25626 # 1504
25626 + 88
25627 # 1504
25627 - 88 1
25627 + 88
25628 # 1504
25628 - 88 1
25629 # 1504
25630 # 1504
25631 # 1504
25632 # 1504
25633 # 1504
25634 # 1504
25635 # 1504
25635 + 88
25635 + 108
25636 # 1504
25636 - 88 1
25636 - 108 1
25637 # 1504
25637 + 88
25638 # 1504
25638 - 88 1
25639 # 1504
25640 # 1504
25641 # 1504
25642 # 1504
25642 + 88
25643 # 1504
25643 - 88 1
25644 # 1504
25645 # 1504
25646 # 1504
25647 # 1504
25647 + 88
25647 + 108
25648 # 1504
25648 - 88 1
25648 - 108 1
25649 # 1504
25650 # 1504
25651 # 1504
25652 # 1504
25652 + 88
25653 # 1504
25653 - 88 1
25654 # 1504
25655 # 1504
25656 # 1504
25657 # 1504
25657 + 88
25658 # 1504
25658 - 88 1
25659 # 1504
25660 # 1504
25661 # 1504
25662 # 1504
25662 + 88
25662 + 108
25663 # 1504
25663 - 88 1
25663 - 108 1
25664 # 1504
25665 # 1504
25666 # 1504
25667 # 1504
25668 # 1504
25668 + 88
25669 # 1504
25669 - 88 1
25670 # 1504
25671 # 1504
25672 # 1504
25672 + 88
25673 # 1504
25673 - 88 1
25674 # 1504
25675 # 1504
25676 # 1504
25676 + 88
25676 + 108
25677 # 1504
25677 - 88 1
25677 - 108 1
25678 # 1504
25679 # 1504
25680 # 1504
25681 # 1504
25682 # 1504
25683 # 1504
25684 # 1504
25684 + 88
25685 # 1504
25685 - 88 1
25686 # 1504
25687 # 1504
25687 + 88
25687 + 108
25688 # 1504
25688 - 88 1
25688 - 108 1
25689 # 1504
25690 # 1504
25691 # 1504
25691 + 88
25692 # 1504
25692 - 88 1
25693 # 1504
25694 # 1504
25695 # 1504
25696 # 1504
25696 + 88
25697 # 1504
25697 - 88 1
25698 # 1504
25698 + 88
25698 + 108
25699 # 1504
25699 - 88 1
25699 - 108 1
25700 # 1504
25701 # 1504
25702 # 1504
25703 # 1504
25703 + 88
25704 # 1504
25704 - 88 1
25705 # 1504
25705 + 88
25706 # 1504
25706 - 88 1
25707 # 1504
25708 # 1504
25708 + 88
25708 + 108
25709 # 1504
25709 - 88 1
25709 - 108 1
25710 # 1504
25711 # 1504
25712 # 1504
25713 # 1504
25713 + 88
25714 # 1504
25714 - 88 1
25715 # 1504
25715 + 88
25716 # 1504
25716 - 88 1
25717 # 1504
25718 # 1504
25719 # 1504
25720 # 1504
25721 # 1504
25721 + 88
25721 + 108
25722 # 1504
25722 - 88 1
25722 - 108 1
25722 + 88
25723 # 1504
25723 - 88 1
25724 # 1504
25725 # 1504
25725 + 88
25726 # 1504
25726 - 88 1
25727 # 1504
25728 # 1504
25729 # 1504
25729 + 88
25730 # 1504
25730 - 88 1
25731 # 1504
25732 # 1504
25733 # 1504
25733 + 88
25733 + 108
25734 # 1504
25734 - 88 1
25734 - 108 1
25735 # 1504
25736 # 1504
25737 # 1504
25737 + 88
25738 # 1504
25738 - 88 1
25739 # 1504
25740 # 1504
25741 # 1504
25741 + 88
25742 # 1504
25742 - 88 1
25743 # 1504
25744 # 1504
25745 # 1504
25745 + 88
25745 + 108
25746 # 1504
25746 - 88 1
25746 - 108 1
25747 # 1504
25748 # 1504
25749 # 1504
25749 + 88
25750 # 1504
25750 - 88 1
25751 # 1504
25752 # 1504
25753 # 1504
25753 + 88
25754 # 1504
25754 - 88 1
25755 # 1504
25756 # 1504
25757 # 1504
25757 + 88
25757 + 108
25758 # 1504
25758 - 88 1
25758 - 108 1
25759 # 1504
25760 # 1504
25761 # 1504
25762 # 1504
25762 + 88
25763 # 1504
25763 - 88 1
25764 # 1504
25765 # 1504
25765 + 88
25766 # 1504
25766 - 88 1
25767 # 1504
25768 # 1504
25769 # 1504
25770 # 1504
25770 + 88
25770 + 108
25771 # 1504
25771 - 88 1
25771 - 108 1
25772 # 1504
25773 # 1504
25774 # 1504
25775 # 1504
25776 # 1504
25776 + 88
25777 # 1504
25777 - 88 1
25778 # 1504
25779 # 1504
25780 # 1504
25781 # 1504
25782 # 1504
25783 # 1504
25784 # 1504
25784 + 88
25784 + 108
25785 # 1504
25785 - 88 1
25785 - 108 1
25786 # 1504
25787 # 1504
25788 # 1504
25788 + 88
25789 # 1504
25789 - 88 1
25789 + 88
25790 # 1504
25790 - 88 1
25791 # 1504
25792 # 1504
25793 # 1504
25794 # 1504
25795 # 1504
25796 # 1504
25797 # 1504
25798 # 1504
25798 + 88
25798 + 108
25799 # 1504
25799 - 88 1
25799 - 108 1
25799 + 88
25800 # 1504
25800 - 88 1
25801 # 1504
25802 # 1504
25803 # 1504
25804 # 1504
25804 + 88
25805 # 1504
25805 - 88 1
25806 # 1504
25807 # 1504
25808 # 1504
25809 # 1504
25810 # 1504
25810 + 88
25810 + 108
25811 # 1504
25811 - 88 1
25811 - 108 1
25812 # 1504
25813 # 1504
25814 # 1504
25814 + 88
25815 # 1504
25815 - 88 1
25816 # 1504
25817 # 1504
25818 # 1504
25819 # 1504
25820 # 1504
25820 + 88
25820 + 108
25821 # 1504
25821 - 88 1
25821 - 108 1
25822 # 1504
25822 + 88
25823 # 1504
25823 - 88 1
25824 # 1504
25824 + 88
25825 # 1504
25825 - 88 1
25826 # 1504
25827 # 1504
25828 # 1504
25828 + 88
25829 # 1504
25829 - 88 1
25830 # 1504
25831 # 1504
25832 # 1504
25832 + 88
25832 + 108
25833 # 1504
25833 - 88 1
25833 - 108 1
25834 # 1504
25835 # 1504
25836 # 1504
25837 # 1504
25837 + 88
25838 # 1504
25838 - 88 1
25838 + 88
25839 # 1504
25839 - 88 1
25840 # 1504
25841 # 1504
25841 + 88
25842 # 1504
25842 - 88 1
25843 # 1504
25844 # 1504
25845 # 1504
25845 + 88
25845 + 108
25846 # 1504
25846 - 88 1
25846 - 108 1
25847 # 1504
25848 # 1504
25848 + 88
25849 # 1504
25849 - 88 1
25850 # 1504
25851 # 1504
25852 # 1504
25852 + 88
25853 # 1504
25853 - 88 1
25854 # 1504
25855 # 1504
25856 # 1504
25856 + 88
25856 + 108
25857 # 1504
25857 - 88 1
25857 - 108 1
25858 # 1504
25859 # 1504
25860 # 1504
25860 + 88
25861 # 1504
25861 - 88 1
25862 # 1504
25863 # 1504
25864 # 1504
25864 + 88
25865 # 1504
25865 - 88 1
25866 # 1504
25867 # 1504
25868 # 1504
25869 # 1504
25869 + 88
25869 + 108
25870 # 1504
25870 - 88 1
25870 - 108 1
25871 # 1504
25872 # 1504
25873 # 1504
25874 # 1504
25874 + 88
25875 # 1504
25875 - 88 1
25876 # 1504
25877 # 1504
25877 + 88
25878 # 1504
25878 - 88 1
25879 # 1504
25880 # 1504
25880 + 88
25880 + 108
25881 # 1504
25881 - 88 1
25881 - 108 1
25882 # 1504
25883 # 1504
25884 # 1504
25884 + 88
25885 # 1504
25885 - 88 1
25886 # 1504
25887 # 1504
25888 # 1504
25888 + 88
25889 # 1504
25889 - 88 1
25890 # 1504
25891 # 1504
25892 # 1504
25892 + 88
25892 + 108
25893 # 1504
25893 - 88 1
25893 - 108 1
25894 # 1504
25895 # 1504
25895 + 88
25896 # 1504
25896 - 88 1
25897 # 1504
25898 # 1504
25899 # 1504
25899 + 88
25900 # 1504
25900 - 88 1
25901 # 1504
25902 # 1504
25902 + 88
25903 # 1504
25903 - 88 1
25904 # 1504
25905 # 1504
25905 + 88
25905 + 108
25906 # 1504
25906 - 88 1
25906 - 108 1
25907 # 1504
25908 # 1504
25909 # 1504
25909 + 88
25910 # 1504
25910 - 88 1
25911 # 1504
25912 # 1504
25912 + 88
25913 # 1504
25913 - 88 1
25914 # 1504
25915 # 1504
25916 # 1504
25916 + 88
25916 + 108
25917 # 1504
25917 - 88 1
25917 - 108 1
25918 # 1504
25919 # 1504
25920 # 1504
25920 + 88
25921 # 1504
25921 - 88 1
25922 # 1504
25922 + 88
25923 # 1504
25923 - 88 1
25924 # 1504
25925 # 1504
25926 # 1504
25927 # 1504
25927 + 88
25927 + 108
25928 # 1504
25928 - 88 1
25928 - 108 1
25929 # 1504
25930 # 1504
25930 + 88
25931 # 1504
25931 - 88 1
25932 # 1504
25932 + 88
25933 # 1504
25933 - 88 1
25934 # 1504
25935 # 1504
25936 # 1504
25936 + 88
25937 # 1504
25937 - 88 1
25938 # 1504
25939 # 1504
25940 # 1504
25940 + 88
25940 + 108
25941 # 1504
25941 - 88 1
25941 - 108 1
25942 # 1504
25942 + 88
25943 # 1504
25943 - 88 1
25944 # 1504
25945 # 1504
25946 # 1504
25946 + 88
25947 # 1504
25947 - 88 1
25948 # 1504
25949 # 1504
25950 # 1504
25950 + 88
25950 + 108
25951 # 1504
25951 - 88 1
25951 - 108 1
25952 # 1504
25953 # 1504
25953 + 88
25954 # 1504
25954 - 88 1
25955 # 1504
25956 # 1504
25956 + 88
25957 # 1504
25957 - 88 1
25958 # 1504
25959 # 1504
25960 # 1504
25960 + 88
25961 # 1504
25961 - 88 1
25962 # 1504
25963 # 1504
25963 + 88
25963 + 108
25964 # 1504
25964 - 88 1
25964 - 108 1
25965 # 1504
25966 # 1504
25967 # 1504
25967 + 88
25968 # 1504
25968 - 88 1
25968 + 88
25969 # 1504
25969 - 88 1
25970 # 1504
25971 # 1504
25971 + 88
25972 # 1504
25972 - 88 1
25973 # 1504
25974 # 1504
25975 # 1504
25976 # 1504
25976 + 88
25976 + 108
25977 # 1504
25977 - 88 1
25977 - 108 1
25977 + 88
25978 # 1504
25978 - 88 1
25979 # 1504
25980 # 1504
25980 + 88
25981 # 1504
25981 - 88 1
25982 # 1504
25983 # 1504
25984 # 1504
25984 + 88
25985 # 1504
25985 - 88 1
25986 # 1504
25986 + 88
25986 + 108
25987 # 1504
25987 - 88 1
25987 - 108 1
25988 # 1504
25989 # 1504
25989 + 88
25990 # 1504
25990 - 88 1
25991 # 1504
25992 # 1504
25992 + 88
25993 # 1504
25993 - 88 1
25994 # 1504
25995 # 1504
25995 + 88
25996 # 1504
25996 - 88 1
25997 # 1504
25998 # 1504
25999 # 1504
25999 + 88
25999 + 108
26000 # 1504
26000 - 88 1
26000 - 108 1
26000 + 88
26001 # 1504
26001 - 88 1
26002 # 1504
26003 # 1504
26004 # 1504
26004 + 88
26005 # 1504
26005 - 88 1
26006 # 1504
26007 # 1504
26007 + 88
26008 # 1504
26008 - 88 1
26009 # 1504
26009 + 88
26009 + 108
26010 # 1504
26010 - 88 1
26010 - 108 1
26011 # 1504
26012 # 1504
26013 # 1504
26013 + 88
26014 # 1504
26014 - 88 1
26015 # 1504
26015 + 88
26016 # 1504
26016 - 88 1
26017 # 1504
26018 # 1504
26019 # 1504
26019 + 88
26020 # 1504
26020 - 88 1
26020 + 88
26020 + 108
26021 # 1504
26021 - 88 1
26021 - 108 1
26022 # 1504
26023 # 1504
26024 # 1504
26024 + 88
26025 # 1504
26025 - 88 1
26025 + 88
26026 # 1504
26026 - 88 1
26027 # 1504
26028 # 1504
26028 + 88
26029 # 1504
26029 - 88 1
26030 # 1504
26030 + 88
26030 + 108
26031 # 1504
26031 - 88 1
26031 - 108 1
26032 # 1504
26033 # 1504
26033 + 88
26034 # 1504
26034 - 88 1
26035 # 1504
26036 # 1504
26036 + 88
26037 # 1504
26037 - 88 1
26038 # 1504
26038 + 88
26039 # 1504
26039 - 88 1
26040 # 1504
26041 # 1504
26041 + 88
26041 + 108
26042 # 1504
26042 - 88 1
26042 - 108 1
26043 # 1504
26044 # 1504
26044 + 88
26045 # 1504
26045 - 88 1
26046 # 1504
26046 + 88
26047 # 1504
26047 - 88 1
26048 # 1504
26049 # 1504
26049 + 88
26050 # 1504
26050 - 88 1
26051 # 1504
26052 # 1504
26052 + 88
26052 + 108
26053 # 1504
26053 - 88 1
26053 - 108 1
26054 # 1504
26054 + 88
26055 # 1504
26055 - 88 1
26056 # 1504
26057 # 1504
26057 + 88
26058 # 1504
26058 - 88 1
26059 # 1504
26060 # 1504
26060 + 88
26061 # 1504
26061 - 88 1
26062 # 1504
26063 # 1504
26064 # 1504
26064 + 88
26064 + 108
26065 # 1504
26065 - 88 1
26065 - 108 1
26065 + 88
26066 # 1504
26066 - 88 1
26067 # 1504
26068 # 1504
26068 + 88
26069 # 1504
26069 - 88 1
26070 # 1504
26071 # 1504
26072 # 1504
26072 + 88
26073 # 1504
26073 - 88 1
26074 # 1504
26075 # 1504
26075 + 88
26075 + 108
26076 # 1504
26076 - 88 1
26076 - 108 1
26077 # 1504
26078 # 1504
26078 + 88
26078 + 100
26079 # 1504
26079 - 88 1
26079 - 100 1
26080 # 1504
26081 # 1504
26082 # 1504
26082 + 88
26083 # 1504
26083 - 88 1
26084 # 1504
26085 # 1504
26085 + 88
26086 # 1504
26086 - 88 1
26087 # 1504
26088 # 1504
26088 + 88
26089 # 1504
26089 - 88 1
26090 # 1504
26091 # 1504
26091 + 88
26091 + 108
26092 # 1504
26092 - 88 1
26092 - 108 1
26093 # 1504
26094 # 1504
26094 + 88
26095 # 1504
26095 - 88 1
26096 # 1504
26097 # 1504
26098 # 1504
26098 + 88
26099 # 1504
26099 - 88 1
26100 # 1504
26101 # 1504
26101 + 88
26102 # 1504
26102 - 88 1
26103 # 1504
26104 # 1504
26104 + 88
26104 + 108
26105 # 1504
26105 - 88 1
26105 - 108 1
26106 # 1504
26107 # 1504
26107 + 88
26108 # 1504
26108 - 88 1
26108 + 88
26109 # 1504
26109 - 88 1
26110 # 1504
26111 # 1504
26112 # 1504
26112 + 88
26113 # 1504
26113 - 88 1
26113 + 88
26114 # 1504
26114 - 88 1
26115 # 1504
26116 # 1504
26116 + 88
26116 + 108
26117 # 1504
26117 - 88 1
26117 - 108 1
26118 # 1504
26119 # 1504
26119 + 88
26120 # 1504
26120 - 88 1
26121 # 1504
26121 + 88
26122 # 1504
26122 - 88 1
26123 # 1504
26124 # 1504
26124 + 88
26125 # 1504
26125 - 88 1
26126 # 1504
26126 + 88
26126 + 108
26127 # 1504
26127 - 88 1
26127 - 108 1
26128 # 1504
26129 # 1504
26130 # 1504
26131 # 1504
26131 + 88
26132 # 1504
26132 - 88 1
26133 # 1504
26133 + 88
26134 # 1504
26134 - 88 1
26135 # 1504
26136 # 1504
26136 + 88
26136 + 108
26137 # 1504
26137 - 88 1
26137 - 108 1
26138 # 1504
26139 # 1504
26140 # 1504
26140 + 88
26141 # 1504
26141 - 88 1
26142 # 1504
26142 + 88
26143 # 1504
26143 - 88 1
26144 # 1504
26145 # 1504
26146 # 1504
26146 + 88
26147 # 1504
26147 - 88 1
26148 # 1504
26149 # 1504
26149 + 88
26149 + 108
26150 # 1504
26150 - 88 1
26150 - 108 1
26151 # 1504
26152 # 1504
26152 + 88
26153 # 1504
26153 - 88 1
26154 # 1504
26155 # 1504
26156 # 1504
26156 + 88
26157 # 1504
26157 - 88 1
26158 # 1504
26159 # 1504
26160 # 1504
26160 + 88
26160 + 108
26161 # 1504
26161 - 88 1
26161 - 108 1
26162 # 1504
26162 + 88
26163 # 1504
26163 - 88 1
26164 # 1504
26164 + 88
26165 # 1504
26165 - 88 1
26166 # 1504
26167 # 1504
26167 + 88
26168 # 1504
26168 - 88 1
26169 # 1504
26169 + 88
26170 # 1504
26170 - 88 1
26171 # 1504
26171 + 88
26171 + 108
26172 # 1504
26172 - 88 1
26172 - 108 1
26173 # 1504
26174 # 1504
26175 # 1504
26175 + 88
26176 # 1504
26176 - 88 1
26177 # 1504
26178 # 1504
26178 + 88
26179 # 1504
26179 - 88 1
26180 # 1504
26180 + 88
26181 # 1504
26181 - 88 1
26182 # 1504
26182 + 88
26182 + 108
26183 # 1504
26183 - 88 1
26183 - 108 1
26184 # 1504
26184 + 88
26185 # 1504
26185 - 88 1
26186 # 1504
26187 # 1504
26188 # 1504
26188 + 88
26189 # 1504
26189 - 88 1
26190 # 1504
26190 + 88
26191 # 1504
26191 - 88 1
26192 # 1504
26193 # 1504
26193 + 88
26193 + 108
26194 # 1504
26194 - 88 1
26194 - 108 1
26195 # 1504
26196 # 1504
26196 + 88
26197 # 1504
26197 - 88 1
26198 # 1504
26198 + 88
26199 # 1504
26199 - 88 1
26200 # 1504
26201 # 1504
26202 # 1504
26202 + 88
26203 # 1504
26203 - 88 1
26204 # 1504
26205 # 1504
26205 + 88
26205 + 108
26206 # 1504
26206 - 88 1
26206 - 108 1
26207 # 1504
26207 + 88
26208 # 1504
26208 - 88 1
26209 # 1504
26210 # 1504
26211 # 1504
26211 + 88
26212 # 1504
26212 - 88 1
26213 # 1504
26213 + 88
26214 # 1504
26214 - 88 1
26215 # 1504
26216 # 1504
26216 + 88
26216 + 108
26217 # 1504
26217 - 88 1
26217 - 108 1
26218 # 1504
26219 # 1504
26219 + 88
26220 # 1504
26220 - 88 1
26221 # 1504
26222 # 1504
26222 + 88
26223 # 1504
26223 - 88 1
26224 # 1504
26225 # 1504
26226 # 1504
26226 + 88
26227 # 1504
26227 - 88 1
26228 # 1504
26229 # 1504
26229 + 88
26229 + 108
26230 # 1504
26230 - 88 1
26230 - 108 1
26231 # 1504
26232 # 1504
26232 + 88
26233 # 1504
26233 - 88 1
26234 # 1504
26235 # 1504
26235 + 88
26236 # 1504
26236 - 88 1
26237 # 1504
26238 # 1504
26239 # 1504
26239 + 88
26240 # 1504
26240 - 88 1
26241 # 1504
26242 # 1504
26242 + 88
26242 + 108
26243 # 1504
26243 - 88 1
26243 - 108 1
26244 # 1504
26245 # 1504
26245 + 88
26246 # 1504
26246 - 88 1
26247 # 1504
26248 # 1504
26248 + 88
26249 # 1504
26249 - 88 1
26250 # 1504
26251 # 1504
26251 + 88
26252 # 1504
26252 - 88 1
26253 # 1504
26253 + 88
26253 + 108
26254 # 1504
26254 - 88 1
26254 - 108 1
26255 # 1504
26255 + 88
26256 # 1504
26256 - 88 1
26257 # 1504
26258 # 1504
26258 + 88
26259 # 1504
26259 - 88 1
26260 # 1504
26260 + 88
26261 # 1504
26261 - 88 1
26262 # 1504
26263 # 1504
26263 + 88
26264 # 1504
26264 - 88 1
26265 # 1504
26265 + 88
26265 + 108
26266 # 1504
26266 - 88 1
26266 - 108 1
26267 # 1504
26268 # 1504
26268 + 88
26269 # 1504
26269 - 88 1
26270 # 1504
26271 # 1504
26271 + 88
26272 # 1504
26272 - 88 1
26273 # 1504
26274 # 1504
26274 + 88
26275 # 1504
26275 - 88 1
26276 # 1504
26277 # 1504
26277 + 88
26277 + 108
26278 # 1504
26278 - 88 1
26278 - 108 1
26279 # 1504
26280 # 1504
26280 + 88
26281 # 1504
26281 - 88 1
26282 # 1504
26282 + 88
26283 # 1504
26283 - 88 1
26284 # 1504
26285 # 1504
26285 + 88
26286 # 1504
26286 - 88 1
26287 # 1504
26288 # 1504
26288 + 88
26288 + 108
26289 # 1504
26289 - 88 1
26289 - 108 1
26290 # 1504
26290 + 88
26290 + 100
26291 # 1504
26291 - 88 1
26291 - 100 1
26292 # 1504
26293 # 1504
26293 + 88
26294 # 1504
26294 - 88 1
26295 # 1504
26296 # 1504
26296 + 88
26297 # 1504
26297 - 88 1
26298 # 1504
26299 # 1504
26299 + 88
26300 # 1504
26300 - 88 1
26301 # 1504
26301 + 88
26301 + 108
26302 # 1504
26302 - 88 1
26302 - 108 1
26303 # 1504
26304 # 1504
26305 # 1504
26305 + 88
26306 # 1504
26306 - 88 1
26307 # 1504
26308 # 1504
26308 + 88
26309 # 1504
26309 - 88 1
26309 + 88
26310 # 1504
26310 - 88 1
26311 # 1504
26312 # 1504
26312 + 88
26312 + 108
26313 # 1504
26313 - 88 1
26313 - 108 1
26314 # 1504
26314 + 88
26315 # 1504
26315 - 88 1
26316 # 1504
26316 + 88
26317 # 1504
26317 - 88 1
26318 # 1504
26319 # 1504
26319 + 88
26320 # 1504
26320 - 88 1
26321 # 1504
26321 + 88
26322 # 1504
26322 - 88 1
26323 # 1504
26324 # 1504
26324 + 88
26324 + 108
26325 # 1504
26325 - 88 1
26325 - 108 1
26326 # 1504
26327 # 1504
26327 + 88
26328 # 1504
26328 - 88 1
26329 # 1504
26329 + 88
26330 # 1504
26330 - 88 1
26331 # 1504
26331 + 88
26332 # 1504
26332 - 88 1
26333 # 1504
26334 # 1504
26335 # 1504
26336 # 1504
26336 + 88
26336 + 108
26337 # 1504
26337 - 88 1
26337 - 108 1
26337 + 88
26338 # 1504
26338 - 88 1
26339 # 1504
26339 + 88
26340 # 1504
26340 - 88 1
26341 # 1504
26342 # 1504
26342 + 88
26343 # 1504
26343 - 88 1
26344 # 1504
26344 + 88
26345 # 1504
26345 - 88 1
26346 # 1504
26346 + 88
26346 + 108
26347 # 1504
26347 - 88 1
26347 - 108 1
26348 # 1504
26349 # 1504
26349 + 88
26350 # 1504
26350 - 88 1
26351 # 1504
26352 # 1504
26352 + 88
26353 # 1504
26353 - 88 1
26354 # 1504
26354 + 88
26355 # 1504
26355 - 88 1
26356 # 1504
26356 + 88
26356 + 108
26357 # 1504
26357 - 88 1
26357 - 108 1
26358 # 1504
26358 + 88
26359 # 1504
26359 - 88 1
26360 # 1504
26360 + 88
26361 # 1504
26361 - 88 1
26362 # 1504
26363 # 1504
26363 + 88
26364 # 1504
26364 - 88 1
26365 # 1504
26365 + 88
26366 # 1504
26366 - 88 1
26367 # 1504
26367 + 88
26367 + 108
26368 # 1504
26368 - 88 1
26368 - 108 1
26369 # 1504
26369 + 88
26370 # 1504
26370 - 88 1
26371 # 1504
26372 # 1504
26372 + 88
26373 # 1504
26373 - 88 1
26374 # 1504
26374 + 88
26375 # 1504
26375 - 88 1
26376 # 1504
26377 # 1504
26377 + 88
26378 # 1504
26378 - 88 1
26379 # 1504
26380 # 1504
26380 + 88
26380 + 108
26381 # 1504
26381 - 88 1
26381 - 108 1
26382 # 1504
26382 + 88
26383 # 1504
26383 - 88 1
26384 # 1504
26384 + 88
26385 # 1504
26385 - 88 1
26386 # 1504
26387 # 1504
26388 # 1504
26388 + 88
26389 # 1504
26389 - 88 1
26390 # 1504
26390 + 88
26391 # 1504
26391 - 88 1
26392 # 1504
26392 + 88
26392 + 108
26393 # 1504
26393 - 88 1
26393 - 108 1
26394 # 1504
26394 + 88
26395 # 1504
26395 - 88 1
26396 # 1504
26397 # 1504
26397 + 88
26398 # 1504
26398 - 88 1
26399 # 1504
26399 + 88
26400 # 1504
26400 - 88 1
26401 # 1504
26401 + 88
26402 # 1504
26402 - 88 1
26403 # 1504
26404 # 1504
26404 + 88
26404 + 108
26405 # 1504
26405 - 88 1
26405 - 108 1
26406 # 1504
26406 + 88
26407 # 1504
26407 - 88 1
26408 # 1504
26408 + 88
26409 # 1504
26409 - 88 1
26410 # 1504
26410 + 88
26411 # 1504
26411 - 88 1
26412 # 1504
26413 # 1504
26413 + 88
26414 # 1504
26414 - 88 1
26415 # 1504
26415 + 88
26415 + 108
26416 # 1504
26416 - 88 1
26416 - 108 1
26417 # 1504
26418 # 1504
26418 + 88
26419 # 1504
26419 - 88 1
26419 + 88
26420 # 1504
26420 - 88 1
26421 # 1504
26422 # 1504
26423 # 1504
26423 + 88
26424 # 1504
26424 - 88 1
26425 # 1504
26425 + 88
26425 + 108
26426 # 1504
26426 - 88 1
26426 - 108 1
26427 # 1504
26428 # 1504
26428 + 88
26429 # 1504
26429 - 88 1
26430 # 1504
26431 # 1504
26431 + 88
26432 # 1504
26432 - 88 1
26433 # 1504
26434 # 1504
26434 + 88
26435 # 1504
26435 - 88 1
26436 # 1504
26436 + 88
26436 + 108
26437 # 1504
26437 - 88 1
26437 - 108 1
26438 # 1504
26439 # 1504
26440 # 1504
26440 + 88
26441 # 1504
26441 - 88 1
26442 # 1504
26442 + 88
26443 # 1504
26443 - 88 1
26444 # 1504
26445 # 1504
26445 + 88
26446 # 1504
26446 - 88 1
26447 # 1504
26448 # 1504
26448 + 88
26448 + 108
26449 # 1504
26449 - 88 1
26449 - 108 1
26450 # 1504
26450 + 88
26451 # 1504
26451 - 88 1
26452 # 1504
26453 # 1504
26454 # 1504
26454 + 88
26455 # 1504
26455 - 88 1
26456 # 1504
26456 + 88
26457 # 1504
26457 - 88 1
26458 # 1504
26459 # 1504
26460 # 1504
26460 + 88
26460 + 108
26461 # 1504
26461 - 88 1
26461 - 108 1
26462 # 1504
26462 + 88
26463 # 1504
26463 - 88 1
26464 # 1504
26465 # 1504
26465 + 88
26466 # 1504
26466 - 88 1
26467 # 1504
26468 # 1504
26468 + 88
26469 # 1504
26469 - 88 1
26470 # 1504
26470 + 88
26470 + 108
26471 # 1504
26471 - 88 1
26471 - 108 1
26472 # 1504
26473 # 1504
26474 # 1504
26475 # 1504
26475 + 88
26476 # 1504
26476 - 88 1
26476 + 88
26477 # 1504
26477 - 88 1
26478 # 1504
26478 + 88
26478 + 100
26479 # 1504
26479 - 88 1
26479 - 100 1
26480 # 1504
26480 + 88
26481 # 1504
26481 - 88 1
26482 # 1504
26483 # 1504
26483 + 88
26484 # 1504
26484 - 88 1
26485 # 1504
26485 + 88
26486 # 1504
26486 - 88 1
26487 # 1504
26488 # 1504
26488 + 88
26489 # 1504
26489 - 88 1
26490 # 1504
26490 + 88
26490 + 108
26491 # 1504
26491 - 88 1
26491 - 108 1
26492 # 1504
26492 + 88
26493 # 1504
26493 - 88 1
26494 # 1504
26494 + 88
26495 # 1504
26495 - 88 1
26496 # 1504
26497 # 1504
26497 + 88
26498 # 1504
26498 - 88 1
26499 # 1504
26499 + 88
26500 # 1504
26500 - 88 1
26501 # 1504
26502 # 1504
26502 + 88
26502 + 108
26503 # 1504
26503 - 88 1
26503 - 108 1
26504 # 1504
26504 + 88
26505 # 1504
26505 - 88 1
26506 # 1504
26507 # 1504
26507 + 88
26508 # 1504
26508 - 88 1
26509 # 1504
26510 # 1504
26510 + 88
26511 # 1504
26511 - 88 1
26512 # 1504
26512 + 88
26512 + 108
26513 # 1504
26513 - 88 1
26513 - 108 1
26514 # 1504
26514 + 88
26515 # 1504
26515 - 88 1
26516 # 1504
26517 # 1504
26517 + 88
26518 # 1504
26518 - 88 1
26519 # 1504
26519 + 88
26520 # 1504
26520 - 88 1
26521 # 1504
26522 # 1504
26523 # 1504
26523 + 88
26523 + 108
26524 # 1504
26524 - 88 1
26524 - 108 1
26524 + 88
26525 # 1504
26525 - 88 1
26526 # 1504
26527 # 1504
26527 + 88
26528 # 1504
26528 - 88 1
26529 # 1504
26529 + 88
26530 # 1504
26530 - 88 1
26531 # 1504
26531 + 88
26532 # 1504
26532 - 88 1
26533 # 1504
26533 + 88
26533 + 108
26534 # 1504
26534 - 88 1
26534 - 108 1
26535 # 1504
26535 + 88
26536 # 1504
26536 - 88 1
26537 # 1504
26538 # 1504
26538 + 88
26539 # 1504
26539 - 88 1
26540 # 1504
26540 + 88
26541 # 1504
26541 - 88 1
26542 # 1504
26543 # 1504
26543 + 88
26544 # 1504
26544 - 88 1
26545 # 1504
26545 + 88
26545 + 108
26546 # 1504
26546 - 88 1
26546 - 108 1
26547 # 1504
26547 + 88
26548 # 1504
26548 - 88 1
26549 # 1504
26549 + 88
26550 # 1504
26550 - 88 1
26551 # 1504
26551 + 88
26552 # 1504
26552 - 88 1
26553 # 1504
26554 # 1504
26554 + 88
26555 # 1504
26555 - 88 1
26556 # 1504
26556 + 88
26556 + 108
26557 # 1504
26557 - 88 1
26557 - 108 1
26558 # 1504
26558 + 88
26559 # 1504
26559 - 88 1
26560 # 1504
26561 # 1504
26561 + 88
26562 # 1504
26562 - 88 1
26563 # 1504
26563 + 88
26564 # 1504
26564 - 88 1
26565 # 1504
26565 + 88
26566 # 1504
26566 - 88 1
26567 # 1504
26568 # 1504
26568 + 88
26568 + 108
26569 # 1504
26569 - 88 1
26569 - 108 1
26569 + 88
26570 # 1504
26570 - 88 1
26571 # 1504
26572 # 1504
26572 + 88
26573 # 1504
26573 - 88 1
26574 # 1504
26574 + 88
26575 # 1504
26575 - 88 1
26576 # 1504
26576 + 88
26577 # 1504
26577 - 88 1
26578 # 1504
26578 + 88
26579 # 1504
26579 - 88 1
26580 # 1504
26580 + 88
26580 + 108
26581 # 1504
26581 - 88 1
26581 - 108 1
26582 # 1504
26582 + 88
26583 # 1504
26583 - 88 1
26584 # 1504
26585 # 1504
26585 + 88
26586 # 1504
26586 - 88 1
26586 + 88
26587 # 1504
26587 - 88 1
26588 # 1504
26588 + 88
26589 # 1504
26589 - 88 1
26590 # 1504
26590 + 88
26590 + 108
26591 # 1504
26591 - 88 1
26591 - 108 1
26592 # 1504
26593 # 1504
26593 + 88
26594 # 1504
26594 - 88 1
26594 + 88
26595 # 1504
26595 - 88 1
26596 # 1504
26596 + 88
26597 # 1504
26597 - 88 1
26598 # 1504
26598 + 88
26599 # 1504
26599 - 88 1
26600 # 1504
26601 # 1504
26601 + 88
26601 + 108
26602 # 1504
26602 - 88 1
26602 - 108 1
26602 + 88
26603 # 1504
26603 - 88 1
26604 # 1504
26605 # 1504
26605 + 88
26606 # 1504
26606 - 88 1
26607 # 1504
26608 # 1504
26608 + 88
26609 # 1504
26609 - 88 1
26609 + 88
26610 # 1504
26610 - 88 1
26611 # 1504
26611 + 88
26611 + 108
26612 # 1504
26612 - 88 1
26612 - 108 1
26613 # 1504
26613 + 88
26614 # 1504
26614 - 88 1
26615 # 1504
26615 + 88
26616 # 1504
26616 - 88 1
26617 # 1504
26617 + 88
26618 # 1504
26618 - 88 1
26618 + 88
26619 # 1504
26619 - 88 1
26620 # 1504
26620 + 88
26621 # 1504
26621 - 88 1
26622 # 1504
26622 + 88
26622 + 108
26623 # 1504
26623 - 88 1
26623 - 108 1
26624 # 1504
26625 # 1504
26625 + 88
26626 # 1504
26626 - 88 1
26626 + 88
26627 # 1504
26627 - 88 1
26628 # 1504
26628 + 88
26629 # 1504
26629 - 88 1
26629 + 88
26630 # 1504
26630 - 88 1
26631 # 1504
26631 + 88
26632 # 1504
26632 - 88 1
26633 # 1504
26634 # 1504
26634 + 88
26634 + 108
26635 # 1504
26635 - 88 1
26635 - 108 1
26636 # 1504
26636 + 88
26637 # 1504
26637 - 88 1
26637 + 88
26638 # 1504
26638 - 88 1
26639 # 1504
26639 + 88
26639 + 100
26640 # 1504
26640 - 88 1
26640 - 100 1
26640 + 88
26641 # 1504
26641 - 88 1
26642 # 1504
26642 + 88
26643 # 1504
26643 - 88 1
26644 # 1504
26645 # 1504
26645 + 88
26646 # 1504
26646 - 88 1
26646 + 88
26647 # 1504
26647 - 88 1
26648 # 1504
26648 + 88
26649 # 1504
26649 - 88 1
26650 # 1504
26650 + 88
26650 + 108
26651 # 1504
26651 - 88 1
26651 - 108 1
26651 + 88
26652 # 1504
26652 - 88 1
26653 # 1504
26653 + 88
26654 # 1504
26654 - 88 1
26655 # 1504
26655 + 88
26656 # 1504
26656 - 88 1
26656 + 88
26657 # 1504
26657 - 88 1
26658 # 1504
26658 + 88
26659 # 1504
26659 - 88 1
26660 # 1504
26660 + 88
26660 + 108
26661 # 1504
26661 - 88 1
26661 - 108 1
26661 + 88
26662 # 1504
26662 - 88 1
26663 # 1504
26663 + 88
26664 # 1504
26664 - 88 1
26665 # 1504
26665 + 88
26666 # 1504
26666 - 88 1
26666 + 88
26667 # 1504
26667 - 88 1
26668 # 1504
26668 + 88
26669 # 1504
26669 - 88 1
26670 # 1504
26670 + 88
26671 # 1504
26671 - 88 1
26671 + 88
26671 + 108
26672 # 1504
26672 - 88 1
26672 - 108 1
26673 # 1504
26674 # 1504
26674 + 88
26675 # 1504
26675 - 88 1
26676 # 1504
26676 + 88
26677 # 1504
26677 - 88 1
26678 # 1504
26678 + 88
26679 # 1504
26679 - 88 1
26679 + 88
26680 # 1504
26680 - 88 1
26681 # 1504
26681 + 88
26682 # 1504
26682 - 88 1
26683 # 1504
26683 + 88
26683 + 108
26684 # 1504
26684 - 88 1
26684 - 108 1
26684 + 88
26685 # 1504
26685 - 88 1
26686 # 1504
26686 + 88
26687 # 1504
26687 - 88 1
26687 + 88
26688 # 1504
26688 - 88 1
26689 # 1504
26689 + 88
26690 # 1504
26690 - 88 1
26690 + 88
26691 # 1504
26691 - 88 1
26692 # 1504
26692 + 88
26693 # 1504
26693 - 88 1
26694 # 1504
26694 + 88
26694 + 108
26695 # 1504
26695 - 88 1
26695 - 108 1
26696 # 1504
26696 + 88
26697 # 1504
26697 - 88 1
26698 # 1504
26699 # 1504
26699 + 88
26699 + 88
26700 # 1504
26700 - 88 1
26700 - 88 1
26701 # 1504
26701 + 88
26702 # 1504
26702 - 88 1
26703 # 1504
26703 + 88
26704 # 1504
26704 - 88 1
26705 # 1504
26705 + 88
26705 + 108
26706 # 1504
26706 - 88 1
26706 - 108 1
26706 + 88
26707 # 1504
26707 - 88 1
26708 # 1504
26708 + 88
26709 # 1504
26709 - 88 1
26710 # 1504
26710 + 88
26711 # 1504
26711 - 88 1
26712 # 1504
26712 + 88
26713 # 1504
26713 - 88 1
26714 # 1504
26715 # 1504
26715 + 88
26715 + 108
26716 # 1504
26716 - 88 1
26716 - 108 1
26716 + 88
26717 # 1504
26717 - 88 1
26718 # 1504
26719 # 1504
26719 + 88
26720 # 1504
26720 - 88 1
26720 + 88
26721 # 1504
26721 - 88 1
26722 # 1504
26723 # 1504
26723 + 88
26724 # 1504
26724 - 88 1
26724 + 88
26725 # 1504
26725 - 88 1
26726 # 1504
26727 # 1504
26727 + 88
26727 + 108
26728 # 1504
26728 - 88 1
26728 - 108 1
26728 + 88
26729 # 1504
26729 - 88 1
26730 # 1504
26731 # 1504
26731 + 88
26732 # 1504
26732 - 88 1
26732 + 88
26733 # 1504
26733 - 88 1
26734 # 1504
26734 + 88
26735 # 1504
26735 - 88 1
26736 # 1504
26736 + 88
26737 # 1504
26737 - 88 1
26738 # 1504
26738 + 88
26738 + 108
26739 # 1504
26739 - 88 1
26739 - 108 1
26739 + 88
26740 # 1504
26740 - 88 1
26741 # 1504
26741 + 88
26742 # 1504
26742 - 88 1
26742 + 88
26743 # 1504
26743 - 88 1
26744 # 1504
26744 + 88
26745 # 1504
26745 - 88 1
26746 # 1504
26746 + 88
26747 # 1504
26747 - 88 1
26748 # 1504
26748 + 88
26749 # 1504
26749 - 88 1
26749 + 88
26749 + 108
26750 # 1504
26750 - 88 1
26750 - 108 1
26751 # 1504
26751 + 88
26752 # 1504
26752 - 88 1
26752 + 88
26753 # 1504
26753 - 88 1
26754 # 1504
26755 # 1504
26755 + 88
26756 # 1504
26756 - 88 1
26756 + 88
26757 # 1504
26757 - 88 1
26758 # 1504
26759 # 1504
26759 + 88
26760 # 1504
26760 - 88 1
26760 + 88
26760 + 108
26761 # 1504
26761 - 88 1
26761 - 108 1
26762 # 1504
26762 + 88
26763 # 1504
26763 - 88 1
26764 # 1504
26764 + 88
26765 # 1504
26765 - 88 1
26765 + 88
26766 # 1504
26766 - 88 1
26767 # 1504
26768 # 1504
26768 + 88
26769 # 1504
26769 - 88 1
26770 # 1504
26770 + 88
26771 # 1504
26771 - 88 1
26772 # 1504
26772 + 88
26772 + 108
26773 # 1504
26773 - 88 1
26773 - 108 1
26773 + 88
26774 # 1504
26774 - 88 1
26775 # 1504
26775 + 88
26776 # 1504
26776 - 88 1
26777 # 1504
26778 # 1504
26778 + 88
26779 # 1504
26779 - 88 1
26780 # 1504
26780 + 88
26781 # 1504
26781 - 88 1
26782 # 1504
26782 + 88
26782 + 108
26783 # 1504
26783 - 88 1
26783 - 108 1
26784 # 1504
26784 + 88
26785 # 1504
26785 - 88 1
26786 # 1504
26787 # 1504
26787 + 88
26788 # 1504
26788 - 88 1
26789 # 1504
26789 + 88
26790 # 1504
26790 - 88 1
26791 # 1504
26791 + 88
26792 # 1504
26792 - 88 1
26793 # 1504
26793 + 88
26793 + 108
26794 # 1504
26794 - 88 1
26794 - 108 1
26795 # 1504
26795 + 88
26796 # 1504
26796 - 88 1
26797 # 1504
26797 + 88
26798 # 1504
26798 - 88 1
26798 + 88
26799 # 1504
26799 - 88 1
26800 # 1504
26800 + 88
26801 # 1504
26801 - 88 1
26802 # 1504
26802 + 88
26803 # 1504
26803 - 88 1
26804 # 1504
26804 + 88
26804 + 108
26805 # 1504
26805 - 88 1
26805 - 108 1
26805 + 88
26806 # 1504
26806 - 88 1
26807 # 1504
26808 # 1504
26808 + 88
26809 # 1504
26809 - 88 1
26809 + 88
26810 # 1504
26810 - 88 1
26811 # 1504
26811 + 88
26812 # 1504
26812 - 88 1
26813 # 1504
26813 + 88
26814 # 1504
26814 - 88 1
26815 # 1504
26815 + 88
26815 + 108
26816 # 1504
26816 - 88 1
26816 - 108 1
26816 + 88
26817 # 1504
26817 - 88 1
26818 # 1504
26818 + 88
26819 # 1504
26819 - 88 1
26820 # 1504
26820 + 88
26821 # 1504
26821 - 88 1
26822 # 1504
26822 + 88
26823 # 1504
26823 - 88 1
26824 # 1504
26824 + 88
26825 # 1504
26825 - 88 1
26826 # 1504
26826 + 88
26826 + 108
26827 # 1504
26827 - 88 1
26827 - 108 1
26827 + 88
26828 # 1504
26828 - 88 1
26829 # 1504
26829 + 88
26830 # 1504
26830 - 88 1
26831 # 1504
26831 + 88
26832 # 1504
26832 - 88 1
26833 # 1504
26833 + 88
26834 # 1504
26834 - 88 1
26835 # 1504
26835 + 88
26836 # 1504
26836 - 88 1
26837 # 1504
26837 + 88
26837 + 108
26838 # 1504
26838 - 88 1
26838 - 108 1
26839 # 1504
26839 + 88
26840 # 1504
26840 - 88 1
26841 # 1504
26841 + 88
26842 # 1504
26842 - 88 1
26843 # 1504
26843 + 88
26844 # 1504
26844 - 88 1
26845 # 1504
26845 + 88
26846 # 1504
26846 - 88 1
26847 # 1504
26847 + 88
26848 # 1504
26848 - 88 1
26848 + 88
26848 + 108
26849 # 1504
26849 - 88 1
26849 - 108 1
26850 # 1504
26851 # 1504
26851 + 88
26852 # 1504
26852 - 88 1
26852 + 88
26853 # 1504
26853 - 88 1
26854 # 1504
26854 + 88
26855 # 1504
26855 - 88 1
26855 + 88
26856 # 1504
26856 - 88 1
26857 # 1504
26857 + 88
26858 # 1504
26858 - 88 1
26859 # 1504
26859 + 88
26859 + 108
26860 # 1504
26860 - 88 1
26860 - 108 1
26860 + 88
26861 # 1504
26861 - 88 1
26862 # 1504
26862 + 88
26863 # 1504
26863 - 88 1
26864 # 1504
26864 + 88
26865 # 1504
26865 - 88 1
26865 + 88
26866 # 1504
26866 - 88 1
26867 # 1504
26867 + 88
26868 # 1504
26868 - 88 1
26869 # 1504
26869 + 88
26870 # 1504
26870 - 88 1
26870 + 88
26870 + 108
26871 # 1504
26871 - 88 1
26871 - 108 1
26872 # 1504
26872 + 88
26873 # 1504
26873 - 88 1
26874 # 1504
26874 + 88
26875 # 1504
26875 - 88 1
26876 # 1504
26876 + 88
26877 # 1504
26877 - 88 1
26877 + 88
26878 # 1504
26878 - 88 1
26879 # 1504
26879 + 88
26880 # 1504
26880 - 88 1
26880 + 88
26881 # 1504
26881 - 88 1
26882 # 1504
26883 # 1504
26883 + 88
26883 + 108
26884 # 1504
26884 - 88 1
26884 - 108 1
26884 + 88
26885 # 1504
26885 - 88 1
26885 + 88
26886 # 1504
26886 - 88 1
26887 # 1504
26888 # 1504
26888 + 88
26889 # 1504
26889 - 88 1
26889 + 88
26890 # 1504
26890 - 88 1
26891 # 1504
26891 + 88
26892 # 1504
26892 - 88 1
26893 # 1504
26893 + 88
26893 + 108
26894 # 1504
26894 - 88 1
26894 - 108 1
26895 # 1504
26895 + 88
26896 # 1504
26896 - 88 1
26897 # 1504
26897 + 88
26898 # 1504
26898 - 88 1
26899 # 1504
26899 + 88
26900 # 1504
26900 - 88 1
26901 # 1504
26901 + 88
26902 # 1504
26902 - 88 1
26903 # 1504
26903 + 88
26904 # 1504
26904 - 88 1
26905 # 1504
26905 + 88
26905 + 108
26906 # 1504
26906 - 88 1
26906 - 108 1
26907 # 1504
26907 + 88
26908 # 1504
26908 - 88 1
26909 # 1504
26909 + 88
26909 + 100
26910 # 1504
26910 - 88 1
26910 - 100 1
26911 # 1504
26911 + 88
26912 # 1504
26912 - 88 1
26913 # 1504
26913 + 88
26914 # 1504
26914 - 88 1
26915 # 1504
26915 + 88
26916 # 1504
26916 - 88 1
26917 # 1504
26917 + 88
26918 # 1504
26918 - 88 1
26918 + 88
26919 # 1504
26919 - 88 1
26920 # 1504
26920 + 88
26920 + 108
26921 # 1504
26921 - 88 1
26921 - 108 1
26922 # 1504
26922 + 88
26923 # 1504
26923 - 88 1
26924 # 1504
26924 + 88
26925 # 1504
26925 - 88 1
26926 # 1504
26927 # 1504
26927 + 88
26928 # 1504
26928 - 88 1
26929 # 1504
26929 + 88
26930 # 1504
26930 - 88 1
26931 # 1504
26931 + 88
26931 + 108
26932 # 1504
26932 - 88 1
26932 - 108 1
26933 # 1504
26933 + 88
26934 # 1504
26934 - 88 1
26935 # 1504
26935 + 88
26936 # 1504
26936 - 88 1
26937 # 1504
26937 + 88
26938 # 1504
26938 - 88 1
26939 # 1504
26939 + 88
26940 # 1504
26940 - 88 1
26941 # 1504
26941 + 88
26941 + 108
26942 # 1504
26942 - 88 1
26942 - 108 1
26943 # 1504
26943 + 88
26944 # 1504
26944 - 88 1
26945 # 1504
26945 + 88
26946 # 1504
26946 - 88 1
26947 # 1504
26947 + 88
26948 # 1504
26948 - 88 1
26949 # 1504
26949 + 88
26950 # 1504
26950 - 88 1
26951 # 1504
26951 + 88
26952 # 1504
26952 - 88 1
26953 # 1504
26953 + 88
26953 + 108
26954 # 1504
26954 - 88 1
26954 - 108 1
26954 + 88
26955 # 1504
26955 - 88 1
26956 # 1504
26956 + 88
26957 # 1504
26957 - 88 1
26958 # 1504
26959 # 1504
26959 + 88
26960 # 1504
26960 - 88 1
26960 + 88
26961 # 1504
26961 - 88 1
26962 # 1504
26962 + 88
26963 # 1504
26963 - 88 1
26963 + 88
26963 + 108
26964 # 1504
26964 - 88 1
26964 - 108 1
26965 # 1504
26965 + 88
26966 # 1504
26966 - 88 1
26967 # 1504
26967 + 88
26968 # 1504
26968 - 88 1
26969 # 1504
26969 + 88
26970 # 1504
26970 - 88 1
26970 + 88
26971 # 1504
26971 - 88 1
26972 # 1504
26972 + 88
26973 # 1504
26973 - 88 1
26974 # 1504
26975 # 1504
26975 + 88
26975 + 108
26976 # 1504
26976 - 88 1
26976 - 108 1
26976 + 88
26977 # 1504
26977 - 88 1
26978 # 1504
26978 + 88
26979 # 1504
26979 - 88 1
26980 # 1504
26980 + 88
26981 # 1504
26981 - 88 1
26982 # 1504
26982 + 88
26983 # 1504
26983 - 88 1
26983 + 88
26984 # 1504
26984 - 88 1
26985 # 1504
26986 # 1504
26986 + 88
26986 + 108
26987 # 1504
26987 - 88 1
26987 - 108 1
26988 # 1504
26988 + 88
26989 # 1504
26989 - 88 1
26990 # 1504
26991 # 1504
26991 + 88
26992 # 1504
26992 - 88 1
26993 # 1504
26993 + 88
26994 # 1504
26994 - 88 1
26994 + 88
26995 # 1504
26995 - 88 1
26996 # 1504
26997 # 1504
26997 + 88
26997 + 108
26998 # 1504
26998 - 88 1
26998 - 108 1
26998 + 88
26999 # 1504
26999 - 88 1
27000 # 1504
27001 # 1504
27001 + 88
27002 # 1504
27002 - 88 1
27003 # 1504
27003 + 88
27004 # 1504
27004 - 88 1
27005 # 1504
27005 + 88
27006 # 1504
27006 - 88 1
27007 # 1504
27008 # 1504
27008 + 88
27008 + 108
27009 # 1504
27009 - 88 1
27009 - 108 1
27009 + 88
27010 # 1504
27010 - 88 1
27011 # 1504
27012 # 1504
27012 + 88
27013 # 1504
27013 - 88 1
27013 + 88
27014 # 1504
27014 - 88 1
27015 # 1504
27016 # 1504
27016 + 88
27017 # 1504
27017 - 88 1
27017 + 88
27018 # 1504
27018 - 88 1
27019 # 1504
27020 # 1504
27020 + 88
27020 + 108
27021 # 1504
27021 - 88 1
27021 - 108 1
27021 + 88
27022 # 1504
27022 - 88 1
27023 # 1504
27024 # 1504
27024 + 88
27025 # 1504
27025 - 88 1
27026 # 1504
27026 + 88
27027 # 1504
27027 - 88 1
27028 # 1504
27029 # 1504
27029 + 88
27030 # 1504
27030 - 88 1
27031 # 1504
27031 + 88
27031 + 108
27032 # 1504
27032 - 88 1
27032 - 108 1
27033 # 1504
27033 + 88
27034 # 1504
27034 - 88 1
27035 # 1504
27036 # 1504
27036 + 88
27037 # 1504
27037 - 88 1
27038 # 1504
27038 + 88
27039 # 1504
27039 - 88 1
27040 # 1504
27041 # 1504
27041 + 88
27042 # 1504
27042 - 88 1
27043 # 1504
27044 # 1504
27044 + 88
27044 + 108
27045 # 1504
27045 - 88 1
27045 - 108 1
27045 + 88
27046 # 1504
27046 - 88 1
27047 # 1504
27048 # 1504
27048 + 88
27049 # 1504
27049 - 88 1
27049 + 88
27050 # 1504
27050 - 88 1
27051 # 1504
27052 # 1504
27052 + 88
27053 # 1504
27053 - 88 1
27053 + 88
27054 # 1504
27054 - 88 1
27055 # 1504
27056 # 1504
27056 + 88
27056 + 108
27057 # 1504
27057 - 88 1
27057 - 108 1
27057 + 88
27058 # 1504
27058 - 88 1
27059 # 1504
27060 # 1504
27060 + 88
27060 + 100
27061 # 1504
27061 - 88 1
27061 - 100 1
27061 + 88
27062 # 1504
27062 - 88 1
27063 # 1504
27064 # 1504
27064 + 88
27065 # 1504
27065 - 88 1
27065 + 88
27066 # 1504
27066 - 88 1
27067 # 1504
27068 # 1504
27068 + 88
27069 # 1504
27069 - 88 1
27070 # 1504
27070 + 88
27071 # 1504
27071 - 88 1
27071 + 88
27071 + 108
27072 # 1504
27072 - 88 1
27072 - 108 1
27072 + 88
27073 # 1504
27073 - 88 1
27074 # 1504
27075 # 1504
27075 + 88
27076 # 1504
27076 - 88 1
27077 # 1504
27077 + 88
27078 # 1504
27078 - 88 1
27079 # 1504
27079 + 88
27080 # 1504
27080 - 88 1
27081 # 1504
27081 + 88
27082 # 1504
27082 - 88 1
27083 # 1504
27083 + 88
27083 + 108
27084 # 1504
27084 - 88 1
27084 - 108 1
27085 # 1504
27085 + 88
27086 # 1504
27086 - 88 1
27087 # 1504
27087 + 88
27088 # 1504
27088 - 88 1
27089 # 1504
27089 + 88
27090 # 1504
27090 - 88 1
27091 # 1504
27092 # 1504
27092 + 88
27093 # 1504
27093 - 88 1
27093 + 88
27093 + 108
27094 # 1504
27094 - 88 1
27094 - 108 1
27095 # 1504
27096 # 1504
27096 + 88
27097 # 1504
27097 - 88 1
27097 + 88
27098 # 1504
27098 - 88 1
27099 # 1504
27100 # 1504
27100 + 88
27101 # 1504
27101 - 88 1
27102 # 1504
27103 # 1504
27103 + 88
27104 # 1504
27104 - 88 1
27104 + 88
27104 + 108
27105 # 1504
27105 - 88 1
27105 - 108 1
27105 + 88
27106 # 1504
27106 - 88 1
27107 # 1504
27108 # 1504
27108 + 88
27109 # 1504
27109 - 88 1
27109 + 88
27110 # 1504
27110 - 88 1
27111 # 1504
27111 + 88
27112 # 1504
27112 - 88 1
27113 # 1504
27113 + 88
27114 # 1504
27114 - 88 1
27115 # 1504
27115 + 88
27115 + 108
27116 # 1504
27116 - 88 1
27116 - 108 1
27116 + 88
27117 # 1504
27117 - 88 1
27118 # 1504
27118 + 88
27119 # 1504
27119 - 88 1
27120 # 1504
27120 + 88
27121 # 1504
27121 - 88 1
27122 # 1504
27122 + 88
27123 # 1504
27123 - 88 1
27124 # 1504
27124 + 88
27125 # 1504
27125 - 88 1
27126 # 1504
27126 + 88
27126 + 108
27127 # 1504
27127 - 88 1
27127 - 108 1
27128 # 1504
27128 + 88
27129 # 1504
27129 - 88 1
27130 # 1504
27131 # 1504
27131 + 88
27132 # 1504
27132 - 88 1
27132 + 88
27133 # 1504
27133 - 88 1
27134 # 1504
27135 # 1504
27135 + 88
27136 # 1504
27136 - 88 1
27136 + 88
27136 + 108
27137 # 1504
27137 - 88 1
27137 - 108 1
27138 # 1504
27138 + 88
27139 # 1504
27139 - 88 1
27140 # 1504
27141 # 1504
27141 + 88
27142 # 1504
27142 - 88 1
27143 # 1504
27143 + 88
27144 # 1504
27144 - 88 1
27145 # 1504
27146 # 1504
27146 + 88
27147 # 1504
27147 - 88 1
27147 + 88
27147 + 108
27148 # 1504
27148 - 88 1
27148 - 108 1
27148 + 88
27149 # 1504
27149 - 88 1
27150 # 1504
27150 + 88
27151 # 1504
27151 - 88 1
27152 # 1504
27152 + 88
27153 # 1504
27153 - 88 1
27154 # 1504
27154 + 88
27155 # 1504
27155 - 88 1
27156 # 1504
27156 + 88
27157 # 1504
27157 - 88 1
27158 # 1504
27158 + 88
27158 + 108
27159 # 1504
27159 - 88 1
27159 - 108 1
27159 + 88
27160 # 1504
27160 - 88 1
27161 # 1504
27161 + 88
27162 # 1504
27162 - 88 1
27163 # 1504
27164 # 1504
27164 + 88
27165 # 1504
27165 - 88 1
27165 + 88
27166 # 1504
27166 - 88 1
27167 # 1504
27168 # 1504
27168 + 88
27168 + 108
27169 # 1504
27169 - 88 1
27169 - 108 1
27169 + 88
27170 # 1504
27170 - 88 1
27171 # 1504
27171 + 88
27172 # 1504
27172 - 88 1
27173 # 1504
27173 + 88
27174 # 1504
27174 - 88 1
27175 # 1504
27175 + 88
27176 # 1504
27176 - 88 1
27177 # 1504
27178 # 1504
27178 + 88
27179 # 1504
27179 - 88 1
27180 # 1504
27180 + 88
27180 + 108
27181 # 1504
27181 - 88 1
27181 - 108 1
27182 # 1504
27182 + 88
27183 # 1504
27183 - 88 1
27184 # 1504
27184 + 88
27185 # 1504
27185 - 88 1
27186 # 1504
27186 + 88
27187 # 1504
27187 - 88 1
27188 # 1504
27188 + 88
27189 # 1504
27189 - 88 1
27190 # 1504
27190 + 88
27191 # 1504
27191 - 88 1
27192 # 1504
27192 + 88
27192 + 108
27193 # 1504
27193 - 88 1
27193 - 108 1
27193 + 88
27194 # 1504
27194 - 88 1
27195 # 1504
27196 # 1504
27196 + 88
27197 # 1504
27197 - 88 1
27197 + 88
27198 # 1504
27198 - 88 1
27199 # 1504
27200 # 1504
27200 + 88
27201 # 1504
27201 - 88 1
27201 + 88
27202 # 1504
27202 - 88 1
27203 # 1504
27203 + 88
27203 + 108
27204 # 1504
27204 - 88 1
27204 - 108 1
27205 # 1504
27206 # 1504
27207 # 1504
27207 + 88
27207 + 100
27208 # 1504
27208 - 88 1
27208 - 100 1
27208 + 88
27209 # 1504
27209 - 88 1
27210 # 1504
27210 + 88
27211 # 1504
27211 - 88 1
27212 # 1504
27213 # 1504
27213 + 88
27214 # 1504
27214 - 88 1
27215 # 1504
27216 # 1504
27216 + 88
27217 # 1504
27217 - 88 1
27217 + 88
27217 + 108
27218 # 1504
27218 - 88 1
27218 - 108 1
27219 # 1504
27220 # 1504
27220 + 88
27221 # 1504
27221 - 88 1
27222 # 1504
27223 # 1504
27223 + 88
27224 # 1504
27224 - 88 1
27225 # 1504
27225 + 88
27226 # 1504
27226 - 88 1
27227 # 1504
27227 + 88
27228 # 1504
27228 - 88 1
27229 # 1504
27229 + 88
27229 + 108
27230 # 1504
27230 - 88 1
27230 - 108 1
27231 # 1504
27232 # 1504
27232 + 88
27233 # 1504
27233 - 88 1
27233 + 88
27234 # 1504
27234 - 88 1
27235 # 1504
27236 # 1504
27236 + 88
27237 # 1504
27237 - 88 1
27237 + 88
27238 # 1504
27238 - 88 1
27239 # 1504
27239 + 88
27239 + 108
27240 # 1504
27240 - 88 1
27240 - 108 1
27241 # 1504
27241 + 88
27242 # 1504
27242 - 88 1
27243 # 1504
27243 + 88
27244 # 1504
27244 - 88 1
27245 # 1504
27245 + 88
27246 # 1504
27246 - 88 1
27246 + 88
27247 # 1504
27247 - 88 1
27248 # 1504
27249 # 1504
27249 + 88
27250 # 1504
27250 - 88 1
27251 # 1504
27251 + 88
27251 + 108
27252 # 1504
27252 - 88 1
27252 - 108 1
27253 # 1504
27253 + 88
27254 # 1504
27254 - 88 1
27255 # 1504
27256 # 1504
27256 + 88
27257 # 1504
27257 - 88 1
27258 # 1504
27259 # 1504
27259 + 88
27260 # 1504
27260 - 88 1
27261 # 1504
27261 + 88
27262 # 1504
27262 - 88 1
27263 # 1504
27263 + 88
27263 + 108
27264 # 1504
27264 - 88 1
27264 - 108 1
27265 # 1504
27265 + 88
27266 # 1504
27266 - 88 1
27267 # 1504
27268 # 1504
27268 + 88
27269 # 1504
27269 - 88 1
27270 # 1504
27270 + 88
27271 # 1504
27271 - 88 1
27272 # 1504
27272 + 88
27273 # 1504
27273 - 88 1
27274 # 1504
27275 # 1504
27275 + 88
27275 + 108
27276 # 1504
27276 - 88 1
27276 - 108 1
27276 + 88
27277 # 1504
27277 - 88 1
27278 # 1504
27278 + 88
27279 # 1504
27279 - 88 1
27280 # 1504
27280 + 88
27281 # 1504
27281 - 88 1
27282 # 1504
27282 + 88
27283 # 1504
27283 - 88 1
27284 # 1504
27284 + 88
27285 # 1504
27285 - 88 1
27286 # 1504
27286 + 88
27286 + 108
27287 # 1504
27287 - 88 1
27287 - 108 1
27288 # 1504
27289 # 1504
27289 + 88
27290 # 1504
27290 - 88 1
27290 + 88
27291 # 1504
27291 - 88 1
27292 # 1504
27293 # 1504
27293 + 88
27294 # 1504
27294 - 88 1
27294 + 88
27295 # 1504
27295 - 88 1
27296 # 1504
27296 + 88
27296 + 108
27297 # 1504
27297 - 88 1
27297 - 108 1
27298 # 1504
27298 + 88
27299 # 1504
27299 - 88 1
27300 # 1504
27301 # 1504
27301 + 88
27302 # 1504
27302 - 88 1
27303 # 1504
27303 + 88
27304 # 1504
27304 - 88 1
27305 # 1504
27305 + 88
27306 # 1504
27306 - 88 1
27307 # 1504
27307 + 88
27307 + 108
27308 # 1504
27308 - 88 1
27308 - 108 1
27309 # 1504
27309 + 88
27310 # 1504
27310 - 88 1
27311 # 1504
27312 # 1504
27312 + 88
27313 # 1504
27313 - 88 1
27313 + 88
27314 # 1504
27314 - 88 1
27315 # 1504
27315 + 88
27316 # 1504
27316 - 88 1
27316 + 88
27317 # 1504
27317 - 88 1
27318 # 1504
27318 + 88
27318 + 108
27319 # 1504
27319 - 88 1
27319 - 108 1
27320 # 1504
27320 + 88
27321 # 1504
27321 - 88 1
27322 # 1504
27322 + 88
27323 # 1504
27323 - 88 1
27324 # 1504
27324 + 88
27325 # 1504
27325 - 88 1
27326 # 1504
27326 + 88
27327 # 1504
27327 - 88 1
27327 + 88
27328 # 1504
27328 - 88 1
27329 # 1504
27329 + 88
27329 + 108
27330 # 1504
27330 - 88 1
27330 - 108 1
27331 # 1504
27332 # 1504
27332 + 88
27333 # 1504
27333 - 88 1
27333 + 88
27334 # 1504
27334 - 88 1
27335 # 1504
27335 + 88
27336 # 1504
27336 - 88 1
27337 # 1504
27338 # 1504
27338 + 88
27339 # 1504
27339 - 88 1
27340 # 1504
27340 + 88
27340 + 108
27341 # 1504
27341 - 88 1
27341 - 108 1
27342 # 1504
27342 + 88
27343 # 1504
27343 - 88 1
27344 # 1504
27344 + 88
27345 # 1504
27345 - 88 1
27346 # 1504
27346 + 88
27347 # 1504
27347 - 88 1
27348 # 1504
27348 + 88
27349 # 1504
27349 - 88 1
27350 # 1504
27350 + 88
27350 + 108
27351 # 1504
27351 - 88 1
27351 - 108 1
27352 # 1504
27352 + 88
27353 # 1504
27353 - 88 1
27354 # 1504
27354 + 88
27355 # 1504
27355 - 88 1
27356 # 1504
27356 + 88
27357 # 1504
27357 - 88 1
27357 + 88
27358 # 1504
27358 - 88 1
27359 # 1504
27359 + 88
27359 + 100
27360 # 1504
27360 - 88 1
27360 - 100 1
27361 # 1504
27361 + 88
27362 # 1504
27362 - 88 1
27363 # 1504
27363 + 88
27364 # 1504
27364 - 88 1
27365 # 1504
27365 + 88
27366 # 1504
27366 - 88 1
27366 + 88
27367 # 1504
27367 - 88 1
27368 # 1504
27368 + 88
27369 # 1504
27369 - 88 1
27370 # 1504
27370 + 88
27370 + 108
27371 # 1504
27371 - 88 1
27371 - 108 1
27372 # 1504
27373 # 1504
27373 + 88
27374 # 1504
27374 - 88 1
27374 + 88
27375 # 1504
27375 - 88 1
27376 # 1504
27376 + 88
27377 # 1504
27377 - 88 1
27378 # 1504
27378 + 88
27379 # 1504
27379 - 88 1
27379 + 88
27380 # 1504
27380 - 88 1
27381 # 1504
27381 + 88
27381 + 108
27382 # 1504
27382 - 88 1
27382 - 108 1
27383 # 1504
27384 # 1504
27384 + 88
27385 # 1504
27385 - 88 1
27385 + 88
27386 # 1504
27386 - 88 1
27387 # 1504
27387 + 88
27388 # 1504
27388 - 88 1
27388 + 88
27389 # 1504
27389 - 88 1
27390 # 1504
27390 + 88
27391 # 1504
27391 - 88 1
27392 # 1504
27392 + 88
27392 + 108
27393 # 1504
27393 - 88 1
27393 - 108 1
27393 + 88
27394 # 1504
27394 - 88 1
27395 # 1504
27395 + 88
27396 # 1504
27396 - 88 1
27396 + 88
27397 # 1504
27397 - 88 1
27398 # 1504
27398 + 88
27399 # 1504
27399 - 88 1
27400 # 1504
27400 + 88
27401 # 1504
27401 - 88 1
27401 + 88
27402 # 1504
27402 - 88 1
27403 # 1504
27403 + 88
27403 + 108
27404 # 1504
27404 - 88 1
27404 - 108 1
27405 # 1504
27406 # 1504
27406 + 88
27407 # 1504
27407 - 88 1
27407 + 88
27408 # 1504
27408 - 88 1
27409 # 1504
27409 + 88
27410 # 1504
27410 - 88 1
27411 # 1504
27411 + 88
27412 # 1504
27412 - 88 1
27413 # 1504
27413 + 88
27414 # 1504
27414 - 88 1
27415 # 1504
27415 + 88
27415 + 108
27416 # 1504
27416 - 88 1
27416 - 108 1
27416 + 88
27417 # 1504
27417 - 88 1
27418 # 1504
27419 # 1504
27419 + 88
27420 # 1504
27420 - 88 1
27421 # 1504
27421 + 88
27422 # 1504
27422 - 88 1
27423 # 1504
27423 + 88
27424 # 1504
27424 - 88 1
27425 # 1504
27425 + 88
27426 # 1504
27426 - 88 1
27426 + 88
27426 + 108
27427 # 1504
27427 - 88 1
27427 - 108 1
27428 # 1504
27428 + 88
27429 # 1504
27429 - 88 1
27430 # 1504
27430 + 88
27431 # 1504
27431 - 88 1
27431 + 88
27432 # 1504
27432 - 88 1
27433 # 1504
27433 + 88
27434 # 1504
27434 - 88 1
27435 # 1504
27435 + 88
27436 # 1504
27436 - 88 1
27437 # 1504
27437 + 88
27437 + 108
27438 # 1504
27438 - 88 1
27438 - 108 1
27438 + 88
27439 # 1504
27439 - 88 1
27440 # 1504
27440 + 88
27441 # 1504
27441 - 88 1
27442 # 1504
27442 + 88
27443 # 1504
27443 - 88 1
27444 # 1504
27444 + 88
27445 # 1504
27445 - 88 1
27445 + 88
27446 # 1504
27446 - 88 1
27447 # 1504
27447 + 88
27447 + 108
27448 # 1504
27448 - 88 1
27448 - 108 1
27449 # 1504
27449 + 88
27450 # 1504
27450 - 88 1
27451 # 1504
27451 + 88
27451 + 88
27452 # 1504
27452 - 88 1
27452 - 88 1
27453 # 1504
27453 + 88
27454 # 1504
27454 - 88 1
27455 # 1504
27455 + 88
27456 # 1504
27456 - 88 1
27457 # 1504
27457 + 88
27458 # 1504
27458 - 88 1
27458 + 88
27458 + 108
27459 # 1504
27459 - 88 1
27459 - 108 1
27460 # 1504
27460 + 88
27461 # 1504
27461 - 88 1
27461 + 88
27462 # 1504
27462 - 88 1
27463 # 1504
27463 + 88
27464 # 1504
27464 - 88 1
27465 # 1504
27465 + 88
27466 # 1504
27466 - 88 1
27467 # 1504
27467 + 88
27468 # 1504
27468 - 88 1
27468 + 88
27468 + 108
27469 # 1504
27469 - 88 1
27469 - 108 1
27469 + 88
27470 # 1504
27470 - 88 1
27471 # 1504
27472 # 1504
27472 + 88
27472 + 88
27473 # 1504
27473 - 88 1
27473 - 88 1
27474 # 1504
27474 + 88
27475 # 1504
27475 - 88 1
27475 + 88
27476 # 1504
27476 - 88 1
27477 # 1504
27477 + 88
27478 # 1504
27478 - 88 1
27478 + 88
27479 # 1504
27479 - 88 1
27479 + 88
27479 + 108
27480 # 1504
27480 - 88 1
27480 - 108 1
27481 # 1504
27481 + 88
27482 # 1504
27482 - 88 1
27483 # 1504
27484 # 1504
27484 + 88
27484 + 88
27485 # 1504
27485 - 88 1
27485 - 88 1
27485 + 88
27485 + 100
27486 # 1504
27486 - 88 1
27486 - 100 1
27487 # 1504
27487 + 88
27488 # 1504
27488 - 88 1
27488 + 88
27489 # 1504
27489 - 88 1
27489 + 88
27490 # 1504
27490 - 88 1
27491 # 1504
27491 + 88
27492 # 1504
27492 - 88 1
27492 + 88
27493 # 1504
27493 - 88 1
27494 # 1504
27494 + 88
27495 # 1504
27495 - 88 1
27495 + 88
27496 # 1504
27496 - 88 1
27496 + 88
27496 + 108
27497 # 1504
27497 - 88 1
27497 - 108 1
27498 # 1504
27498 + 88
27499 # 1504
27499 - 88 1
27500 # 1504
27500 + 88
27501 # 1504
27501 - 88 1
27501 + 88
27502 # 1504
27502 - 88 1
27503 # 1504
27503 + 88
27503 + 88
27504 # 1504
27504 - 88 1
27504 - 88 1
27505 # 1504
27505 + 88
27506 # 1504
27506 - 88 1
27506 + 88
27506 + 108
27507 # 1504
27507 - 88 1
27507 - 108 1
27508 # 1504
27508 + 88
27509 # 1504
27509 - 88 1
27510 # 1504
27511 # 1504
27511 + 88
27511 + 88
27512 # 1504
27512 - 88 1
27512 - 88 1
27512 + 88
27513 # 1504
27513 - 88 1
27513 + 88
27514 # 1504
27514 - 88 1
27515 # 1504
27515 + 88
27516 # 1504
27516 - 88 1
27516 + 88
27517 # 1504
27517 - 88 1
27518 # 1504
27518 + 88
27518 + 108
27519 # 1504
27519 - 88 1
27519 - 108 1
27519 + 88
27520 # 1504
27520 - 88 1
27521 # 1504
27521 + 88
27522 # 1504
27522 - 88 1
27523 # 1504
27523 + 88
27524 # 1504
27524 - 88 1
27524 + 88
27525 # 1504
27525 - 88 1
27526 # 1504
27526 + 88
27527 # 1504
27527 - 88 1
27527 + 88
27528 # 1504
27528 - 88 1
27529 # 1504
27529 + 88
27529 + 108
27530 # 1504
27530 - 88 1
27530 - 108 1
27531 # 1504
27531 + 88
27532 # 1504
27532 - 88 1
27532 + 88
27533 # 1504
27533 - 88 1
27533 + 88
27534 # 1504
27534 - 88 1
27534 + 88
27535 # 1504
27535 - 88 1
27536 # 1504
27536 + 88
27537 # 1504
27537 - 88 1
27537 + 88
27538 # 1504
27538 - 88 1
27539 # 1504
27539 + 88
27540 # 1504
27540 - 88 1
27540 + 88
27540 + 108
27541 # 1504
27541 - 88 1
27541 - 108 1
27541 + 88
27542 # 1504
27542 - 88 1
27543 # 1504
27543 + 88
27544 # 1504
27544 - 88 1
27544 + 88
27545 # 1504
27545 - 88 1
27546 # 1504
27546 + 88
27547 # 1504
27547 - 88 1
27547 + 88
27548 # 1504
27548 - 88 1
27549 # 1504
27549 + 88
27550 # 1504
27550 - 88 1
27551 # 1504
27551 + 88
27551 + 108
27552 # 1504
27552 - 88 1
27552 - 108 1
27552 + 88
27553 # 1504
27553 - 88 1
27554 # 1504
27554 + 88
27555 # 1504
27555 - 88 1
27555 + 88
27556 # 1504
27556 - 88 1
27557 # 1504
27557 + 88
27558 # 1504
27558 - 88 1
27558 + 88
27559 # 1504
27559 - 88 1
27560 # 1504
27560 + 88
27561 # 1504
27561 - 88 1
27561 + 88
27561 + 108
27562 # 1504
27562 - 88 1
27562 - 108 1
27563 # 1504
27563 + 88
27564 # 1504
27564 - 88 1
27564 + 88
27565 # 1504
27565 - 88 1
27566 # 1504
27566 + 88
27567 # 1504
27567 - 88 1
27568 # 1504
27568 + 88
27569 # 1504
27569 - 88 1
27569 + 88
27570 # 1504
27570 - 88 1
27571 # 1504
27571 + 88
27571 + 88
27572 # 1504
27572 - 88 1
27572 - 88 1
27573 # 1504
27573 + 88
27573 + 108
27574 # 1504
27574 - 88 1
27574 - 108 1
27575 # 1504
27575 + 88
27576 # 1504
27576 - 88 1
27577 # 1504
27577 + 88
27577 + 88
27578 # 1504
27578 - 88 1
27578 - 88 1
27579 # 1504
27579 + 88
27580 # 1504
27580 - 88 1
27580 + 88
27581 # 1504
27581 - 88 1
27582 # 1504
27582 + 88
27583 # 1504
27583 - 88 1
27583 + 88
27584 # 1504
27584 - 88 1
27584 + 88
27584 + 108
27585 # 1504
27585 - 88 1
27585 - 108 1
27586 # 1504
27586 + 88
27587 # 1504
27587 - 88 1
27588 # 1504
27589 # 1504
27589 + 88
27589 + 88
27590 # 1504
27590 - 88 1
27590 - 88 1
27590 + 88
27591 # 1504
27591 - 88 1
27592 # 1504
27592 + 88
27593 # 1504
27593 - 88 1
27594 # 1504
27594 + 88
27594 + 100
27595 # 1504
27595 - 88 1
27595 - 100 1
27595 + 88
27596 # 1504
27596 - 88 1
27596 + 88
27597 # 1504
27597 - 88 1
27598 # 1504
27598 + 88
27599 # 1504
27599 - 88 1
27599 + 88
27600 # 1504
27600 - 88 1
27601 # 1504
27601 + 88
27602 # 1504
27602 - 88 1
27603 # 1504
27603 + 88
27604 # 1504
27604 - 88 1
27604 + 88
27604 + 108
27605 # 1504
27605 - 88 1
27605 - 108 1
27605 + 88
27606 # 1504
27606 - 88 1
27607 # 1504
27607 + 88
27608 # 1504
27608 - 88 1
27609 # 1504
27609 + 88
27610 # 1504
27610 - 88 1
27610 + 88
27611 # 1504
27611 - 88 1
27612 # 1504
27612 + 88
27613 # 1504
27613 - 88 1
27613 + 88
27614 # 1504
27614 - 88 1
27615 # 1504
27615 + 88
27615 + 108
27616 # 1504
27616 - 88 1
27616 - 108 1
27616 + 88
27617 # 1504
27617 - 88 1
27618 # 1504
27618 + 88
27619 # 1504
27619 - 88 1
27620 # 1504
27620 + 88
27621 # 1504
27621 - 88 1
27621 + 88
27622 # 1504
27622 - 88 1
27623 # 1504
27623 + 88
27624 # 1504
27624 - 88 1
27624 + 88
27625 # 1504
27625 - 88 1
27625 + 88
27625 + 108
27626 # 1504
27626 - 88 1
27626 - 108 1
27627 # 1504
27627 + 88
27628 # 1504
27628 - 88 1
27629 # 1504
27629 + 88
27630 # 1504
27630 - 88 1
27630 + 88
27631 # 1504
27631 - 88 1
27631 + 88
27632 # 1504
27632 - 88 1
27633 # 1504
27633 + 88
27634 # 1504
27634 - 88 1
27634 + 88
27635 # 1504
27635 - 88 1
27636 # 1504
27636 + 88
27636 + 108
27637 # 1504
27637 - 88 1
27637 - 108 1
27637 + 88
27638 # 1504
27638 - 88 1
27639 # 1504
27640 # 1504
27640 + 88
27641 # 1504
27641 - 88 1
27641 + 88
27642 # 1504
27642 - 88 1
27643 # 1504
27643 + 88
27644 # 1504
27644 - 88 1
27645 # 1504
27645 + 88
27646 # 1504
27646 - 88 1
27646 + 88
27646 + 108
27647 # 1504
27647 - 88 1
27647 - 108 1
27648 # 1504
27648 + 88
27649 # 1504
27649 - 88 1
27650 # 1504
27650 + 88
27651 # 1504
27651 - 88 1
27651 + 88
27652 # 1504
27652 - 88 1
27653 # 1504
27653 + 88
27654 # 1504
27654 - 88 1
27654 + 88
27655 # 1504
27655 - 88 1
27656 # 1504
27656 + 88
27657 # 1504
27657 - 88 1
27657 + 88
27657 + 108
27658 # 1504
27658 - 88 1
27658 - 108 1
27658 + 88
27659 # 1504
27659 - 88 1
27660 # 1504
27660 + 88
27661 # 1504
27661 - 88 1
27662 # 1504
27662 + 88
27663 # 1504
27663 - 88 1
27663 + 88
27664 # 1504
27664 - 88 1
27665 # 1504
27665 + 88
27666 # 1504
27666 - 88 1
27666 + 88
27667 # 1504
27667 - 88 1
27667 + 88
27667 + 108
27668 # 1504
27668 - 88 1
27668 - 108 1
27669 # 1504
27669 + 88
27670 # 1504
27670 - 88 1
27670 + 88
27671 # 1504
27671 - 88 1
27672 # 1504
27672 + 88
27673 # 1504
27673 - 88 1
27673 + 88
27674 # 1504
27674 - 88 1
27675 # 1504
27675 + 88
27676 # 1504
27676 - 88 1
27676 + 88
27677 # 1504
27677 - 88 1
27677 + 88
27678 # 1504
27678 - 88 1
27678 + 88
27678 + 108
27679 # 1504
27679 - 88 1
27679 - 108 1
27680 # 1504
27680 + 88
27681 # 1504
27681 - 88 1
27682 # 1504
27682 + 88
27683 # 1504
27683 - 88 1
27683 + 88
27684 # 1504
27684 - 88 1
27685 # 1504
27685 + 88
27686 # 1504
27686 - 88 1
27687 # 1504
27687 + 88
27688 # 1504
27688 - 88 1
27688 + 88
27689 # 1504
27689 - 88 1
27689 + 88
27689 + 108
27690 # 1504
27690 - 88 1
27690 - 108 1
27691 # 1504
27691 + 88
27692 # 1504
27692 - 88 1
27692 + 88
27693 # 1504
27693 - 88 1
27694 # 1504
27694 + 88
27695 # 1504
27695 - 88 1
27696 # 1504
27696 + 88
27697 # 1504
27697 - 88 1
27697 + 88
27698 # 1504
27698 - 88 1
27698 + 88
27699 # 1504
27699 - 88 1
27700 # 1504
27700 + 88
27700 + 108
27701 # 1504
27701 - 88 1
27701 - 108 1
27701 + 88
27702 # 1504
27702 - 88 1
27703 # 1504
27703 + 88
27704 # 1504
27704 - 88 1
27704 + 88
27705 # 1504
27705 - 88 1
27706 # 1504
27706 + 88
27706 + 100
27707 # 1504
27707 - 88 1
27707 - 100 1
27707 + 88
27708 # 1504
27708 - 88 1
27708 + 88
27709 # 1504
27709 - 88 1
27710 # 1504
27710 + 88
27711 # 1504
27711 - 88 1
27711 + 88
27712 # 1504
27712 - 88 1
27713 # 1504
27713 + 88
27714 # 1504
27714 - 88 1
27714 + 88
27715 # 1504
27715 - 88 1
27716 # 1504
27716 + 88
27716 + 108
27717 # 1504
27717 - 88 1
27717 - 108 1
27717 + 88
27718 # 1504
27718 - 88 1
27719 # 1504
27719 + 88
27720 # 1504
27720 - 88 1
27720 + 88
27721 # 1504
27721 - 88 1
27722 # 1504
27722 + 88
27723 # 1504
27723 - 88 1
27724 # 1504
27724 + 88
27725 # 1504
27725 - 88 1
27725 + 88
27726 # 1504
27726 - 88 1
27727 # 1504
27727 + 88
27727 + 108
27728 # 1504
27728 - 88 1
27728 - 108 1
27728 + 88
27729 # 1504
27729 - 88 1
27730 # 1504
27730 + 88
27731 # 1504
27731 - 88 1
27731 + 88
27732 # 1504
27732 - 88 1
27733 # 1504
27733 + 88
27734 # 1504
27734 - 88 1
27734 + 88
27735 # 1504
27735 - 88 1
27736 # 1504
27736 + 88
27737 # 1504
27737 - 88 1
27737 + 88
27737 + 108
27738 # 1504
27738 - 88 1
27738 - 108 1
27739 # 1504
27739 + 88
27740 # 1504
27740 - 88 1
27740 + 88
27741 # 1504
27741 - 88 1
27741 + 88
27742 # 1504
27742 - 88 1
27743 # 1504
27743 + 88
27744 # 1504
27744 - 88 1
27745 # 1504
27745 + 88
27746 # 1504
27746 - 88 1
27746 + 88
27747 # 1504
27747 - 88 1
27748 # 1504
27748 + 88
27748 + 108
27749 # 1504
27749 - 88 1
27749 - 108 1
27749 + 88
27750 # 1504
27750 - 88 1
27751 # 1504
27751 + 88
27752 # 1504
27752 - 88 1
27752 + 88
27753 # 1504
27753 - 88 1
27754 # 1504
27754 + 88
27755 # 1504
27755 - 88 1
27756 # 1504
27756 + 88
27757 # 1504
27757 - 88 1
27757 + 88
27758 # 1504
27758 - 88 1
27759 # 1504
27759 + 88
27759 + 108
27760 # 1504
27760 - 88 1
27760 - 108 1
27760 + 88
27761 # 1504
27761 - 88 1
27761 + 88
27762 # 1504
27762 - 88 1
27763 # 1504
27763 + 88
27764 # 1504
27764 - 88 1
27764 + 88
27765 # 1504
27765 - 88 1
27765 + 88
27766 # 1504
27766 - 88 1
27767 # 1504
27767 + 88
27768 # 1504
27768 - 88 1
27768 + 88
27769 # 1504
27769 - 88 1
27769 + 88
27769 + 108
27770 # 1504
27770 - 88 1
27770 - 108 1
27771 # 1504
27771 + 88
27772 # 1504
27772 - 88 1
27772 + 88
27773 # 1504
27773 - 88 1
27774 # 1504
27774 + 88
27775 # 1504
27775 - 88 1
27775 + 88
27776 # 1504
27776 - 88 1
27776 + 88
27777 # 1504
27777 - 88 1
27778 # 1504
27778 + 88
27779 # 1504
27779 - 88 1
27779 + 88
27780 # 1504
27780 - 88 1
27780 + 88
27780 + 108
27781 # 1504
27781 - 88 1
27781 - 108 1
27782 # 1504
27782 + 88
27783 # 1504
27783 - 88 1
27784 # 1504
27785 # 1504
27785 + 88
27785 + 88
27786 # 1504
27786 - 88 1
27786 - 88 1
27786 + 88
27787 # 1504
27787 - 88 1
27787 + 88
27788 # 1504
27788 - 88 1
27789 # 1504
27789 + 88
27790 # 1504
27790 - 88 1
27790 + 88
27791 # 1504
27791 - 88 1
27791 + 88
27791 + 108
27792 # 1504
27792 - 88 1
27792 - 108 1
27792 + 88
27793 # 1504
27793 - 88 1
27794 # 1504
27794 + 88
27795 # 1504
27795 - 88 1
27795 + 88
27796 # 1504
27796 - 88 1
27797 # 1504
27797 + 88
27798 # 1504
27798 - 88 1
27798 + 88
27799 # 1504
27799 - 88 1
27800 # 1504
27800 + 88
27801 # 1504
27801 - 88 1
27801 + 88
27802 # 1504
27802 - 88 1
27802 + 88
27802 + 108
27803 # 1504
27803 - 88 1
27803 - 108 1
27804 # 1504
27804 + 88
27805 # 1504
27805 - 88 1
27806 # 1504
27806 + 88
27806 + 88
27807 # 1504
27807 - 88 1
27807 - 88 1
27808 # 1504
27808 + 88
27809 # 1504
27809 - 88 1
27809 + 88
27810 # 1504
27810 - 88 1
27811 # 1504
27811 + 88
27812 # 1504
27812 - 88 1
27813 # 1504
27813 + 88
27813 + 108
27814 # 1504
27814 - 88 1
27814 - 108 1
27814 + 88
27815 # 1504
27815 - 88 1
27816 # 1504
27817 # 1504
27817 + 88
27817 + 88
27818 # 1504
27818 - 88 1
27818 - 88 1
27818 + 88
27819 # 1504
27819 - 88 1
27819 + 88
27820 # 1504
27820 - 88 1
27820 + 88
27821 # 1504
27821 - 88 1
27822 # 1504
27822 + 88
27823 # 1504
27823 - 88 1
27823 + 88
27823 + 108
27824 # 1504
27824 - 88 1
27824 - 108 1
27824 + 88
27825 # 1504
27825 - 88 1
27825 + 88
27826 # 1504
27826 - 88 1
27826 + 88
27827 # 1504
27827 - 88 1
27828 # 1504
27828 + 88
27829 # 1504
27829 - 88 1
27829 + 88
27830 # 1504
27830 - 88 1
27830 + 88
27831 # 1504
27831 - 88 1
27831 + 88
27832 # 1504
27832 - 88 1
27833 # 1504
27833 + 88
27834 # 1504
27834 - 88 1
27834 + 88
27834 + 108
27835 # 1504
27835 - 88 1
27835 - 108 1
27835 + 88
27836 # 1504
27836 - 88 1
27836 + 88
27837 # 1504
27837 - 88 1
27837 + 88
27838 # 1504
27838 - 88 1
27839 # 1504
27839 + 88
27840 # 1504
27840 - 88 1
27840 + 88
27841 # 1504
27841 - 88 1
27842 # 1504
27842 + 88
27843 # 1504
27843 - 88 1
27843 + 88
27844 # 1504
27844 - 88 1
27844 + 88
27844 + 108
27845 # 1504
27845 - 88 1
27845 - 108 1
27845 + 88
27846 # 1504
27846 - 88 1
27847 # 1504
27847 + 88
27848 # 1504
27848 - 88 1
27848 + 88
27849 # 1504
27849 - 88 1
27849 + 88
27850 # 1504
27850 - 88 1
27851 # 1504
27851 + 88
27852 # 1504
27852 - 88 1
27852 + 88
27853 # 1504
27853 - 88 1
27853 + 88
27854 # 1504
27854 - 88 1
27855 # 1504
27855 + 88
27855 + 108
27856 # 1504
27856 - 88 1
27856 - 108 1
27856 + 88
27857 # 1504
27857 - 88 1
27858 # 1504
27858 + 88
27859 # 1504
27859 - 88 1
27859 + 88
27860 # 1504
27860 - 88 1
27860 + 88
27861 # 1504
27861 - 88 1
27862 # 1504
27862 + 88
27863 # 1504
27863 - 88 1
27863 + 88
27864 # 1504
27864 - 88 1
27864 + 88
27865 # 1504
27865 - 88 1
27865 + 88
27865 + 108
27866 # 1504
27866 - 88 1
27866 - 108 1
27867 # 1504
27867 + 88
27868 # 1504
27868 - 88 1
27868 + 88
27869 # 1504
27869 - 88 1
27869 + 88
27870 # 1504
27870 - 88 1
27871 # 1504
27871 + 88
27872 # 1504
27872 - 88 1
27872 + 88
27873 # 1504
27873 - 88 1
27873 + 88
27874 # 1504
27874 - 88 1
27874 + 88
27875 # 1504
27875 - 88 1
27875 + 88
27875 + 108
27876 # 1504
27876 - 88 1
27876 - 108 1
27877 # 1504
27877 + 88
27878 # 1504
27878 - 88 1
27879 # 1504
27879 + 88
27880 # 1504
27880 - 88 1
27880 + 88
27881 # 1504
27881 - 88 1
27881 + 88
27882 # 1504
27882 - 88 1
27883 # 1504
27883 + 88
27884 # 1504
27884 - 88 1
27884 + 88
27885 # 1504
27885 - 88 1
27885 + 88
27885 + 108
27886 # 1504
27886 - 88 1
27886 - 108 1
27887 # 1504
27887 + 88
27888 # 1504
27888 - 88 1
27889 # 1504
27889 + 88
27890 # 1504
27890 - 88 1
27890 + 88
27891 # 1504
27891 - 88 1
27891 + 88
27892 # 1504
27892 - 88 1
27892 + 88
27893 # 1504
27893 - 88 1
27894 # 1504
27894 + 88
27895 # 1504
27895 - 88 1
27895 + 88
27896 # 1504
27896 - 88 1
27896 + 88
27896 + 108
27897 # 1504
27897 - 88 1
27897 - 108 1
27897 + 88
27898 # 1504
27898 - 88 1
27899 # 1504
27899 + 88
27900 # 1504
27900 - 88 1
27900 + 88
27901 # 1504
27901 - 88 1
27901 + 88
27902 # 1504
27902 - 88 1
27903 # 1504
27903 + 88
27904 # 1504
27904 - 88 1
27904 + 88
27905 # 1504
27905 - 88 1
27906 # 1504
27906 + 88
27907 # 1504
27907 - 88 1
27907 + 88
27908 # 1504
27908 - 88 1
27908 + 108
27909 # 1504
27909 - 108 1
27909 + 88
27910 # 1504
27910 - 88 1
27910 + 88
27910 + 100
27911 # 1504
27911 - 88 1
27911 - 100 1
27912 # 1504
27912 + 88
27913 # 1504
27913 - 88 1
27913 + 88
27914 # 1504
27914 - 88 1
27914 + 88
27915 # 1504
27915 - 88 1
27916 # 1504
27916 + 88
27917 # 1504
27917 - 88 1
27917 + 88
27918 # 1504
27918 - 88 1
27919 # 1504
27919 + 88
27920 # 1504
27920 - 88 1
27920 + 88
27921 # 1504
27921 - 88 1
27921 + 88
27921 + 108
27922 # 1504
27922 - 88 1
27922 - 108 1
27923 # 1504
27923 + 88
27924 # 1504
27924 - 88 1
27924 + 88
27925 # 1504
27925 - 88 1
27925 + 88
27926 # 1504
27926 - 88 1
27926 + 88
27927 # 1504
27927 - 88 1
27928 # 1504
27928 + 88
27929 # 1504
27929 - 88 1
27929 + 88
27930 # 1504
27930 - 88 1
27930 + 88
27931 # 1504
27931 - 88 1
27931 + 88
27931 + 108
27932 # 1504
27932 - 88 1
27932 - 108 1
27933 # 1504
27933 + 88
27933 + 88
27934 # 1504
27934 - 88 1
27934 - 88 1
27935 # 1504
27935 + 88
27936 # 1504
27936 - 88 1
27936 + 88
27937 # 1504
27937 - 88 1
27937 + 88
27938 # 1504
27938 - 88 1
27938 + 88
27939 # 1504
27939 - 88 1
27940 # 1504
27940 + 88
27941 # 1504
27941 - 88 1
27941 + 88
27942 # 1504
27942 - 88 1
27942 + 88
27942 + 108
27943 # 1504
27943 - 88 1
27943 - 108 1
27944 # 1504
27944 + 88
27945 # 1504
27945 - 88 1
27945 + 88
27946 # 1504
27946 - 88 1
27946 + 88
27947 # 1504
27947 - 88 1
27948 # 1504
27948 + 88
27949 # 1504
27949 - 88 1
27949 + 88
27950 # 1504
27950 - 88 1
27950 + 88
27951 # 1504
27951 - 88 1
27952 # 1504
27952 + 88
27953 # 1504
27953 - 88 1
27953 + 88
27953 + 108
27954 # 1504
27954 - 88 1
27954 - 108 1
27955 # 1504
27955 + 88
27955 + 88
27956 # 1504
27956 - 88 1
27956 - 88 1
27957 # 1504
27957 + 88
27958 # 1504
27958 - 88 1
27958 + 88
27959 # 1504
27959 - 88 1
27959 + 88
27960 # 1504
27960 - 88 1
27960 + 88
27961 # 1504
27961 - 88 1
27962 # 1504
27962 + 88
27963 # 1504
27963 - 88 1
27963 + 88
27964 # 1504
27964 - 88 1
27964 + 88
27964 + 108
27965 # 1504
27965 - 88 1
27965 - 108 1
27965 + 88
27966 # 1504
27966 - 88 1
27966 + 88
27967 # 1504
27967 - 88 1
27968 # 1504
27968 + 88
27969 # 1504
27969 - 88 1
27969 + 88
27970 # 1504
27970 - 88 1
27970 + 88
27971 # 1504
27971 - 88 1
27972 # 1504
27972 + 88
27973 # 1504
27973 - 88 1
27973 + 88
27974 # 1504
27974 - 88 1
27974 + 88
27974 + 108
27975 # 1504
27975 - 88 1
27975 - 108 1
27976 # 1504
27976 + 88
27977 # 1504
27977 - 88 1
27977 + 88
27978 # 1504
27978 - 88 1
27978 + 88
27979 # 1504
27979 - 88 1
27980 # 1504
27980 + 88
27981 # 1504
27981 - 88 1
27981 + 88
27982 # 1504
27982 - 88 1
27982 + 88
27983 # 1504
27983 - 88 1
27983 + 88
27984 # 1504
27984 - 88 1
27985 # 1504
27985 + 88
27985 + 108
27986 # 1504
27986 - 88 1
27986 - 108 1
27986 + 88
27987 # 1504
27987 - 88 1
27988 # 1504
27988 + 88
27989 # 1504
27989 - 88 1
27989 + 88
27990 # 1504
27990 - 88 1
27990 + 88
27991 # 1504
27991 - 88 1
27991 + 88
27992 # 1504
27992 - 88 1
27993 # 1504
27993 + 88
27994 # 1504
27994 - 88 1
27994 + 88
27995 # 1504
27995 - 88 1
27996 # 1504
27996 + 88
27996 + 108
27997 # 1504
27997 - 88 1
27997 - 108 1
27997 + 88
27998 # 1504
27998 - 88 1
27999 # 1504
27999 + 88
28000 # 1504
28000 - 88 1
28000 + 88
28001 # 1504
28001 - 88 1
28001 + 88
28002 # 1504
28002 - 88 1
28003 # 1504
28003 + 88
28004 # 1504
28004 - 88 1
28005 # 1504
28005 + 88
28006 # 1504
28006 - 88 1
28006 + 88
28006 + 108
28007 # 1504
28007 - 88 1
28007 - 108 1
28007 + 88
28007 + 100
28008 # 1504
28008 - 88 1
28008 - 100 1
28009 # 1504
28009 + 88
28010 # 1504
28010 - 88 1
28010 + 88
28011 # 1504
28011 - 88 1
28011 + 88
28012 # 1504
28012 - 88 1
28012 + 88
28013 # 1504
28013 - 88 1
28014 # 1504
28014 + 88
28015 # 1504
28015 - 88 1
28015 + 88
28016 # 1504
28016 - 88 1
28016 + 88
28017 # 1504
28017 - 88 1
28017 + 88
28017 + 108
28018 # 1504
28018 - 88 1
28018 - 108 1
28019 # 1504
28019 + 88
28020 # 1504
28020 - 88 1
28020 + 88
28021 # 1504
28021 - 88 1
28021 + 88
28022 # 1504
28022 - 88 1
28023 # 1504
28023 + 88
28024 # 1504
28024 - 88 1
28024 + 88
28025 # 1504
28025 - 88 1
28026 # 1504
28026 + 88
28027 # 1504
28027 - 88 1
28027 + 88
28028 # 1504
28028 - 88 1
28029 # 1504
28029 + 88
28029 + 108
28030 # 1504
28030 - 88 1
28030 - 108 1
28030 + 88
28031 # 1504
28031 - 88 1
28031 + 88
28032 # 1504
28032 - 88 1
28033 # 1504
28033 + 88
28034 # 1504
28034 - 88 1
28034 + 88
28035 # 1504
28035 - 88 1
28035 + 88
28036 # 1504
28036 - 88 1
28037 # 1504
28037 + 88
28038 # 1504
28038 - 88 1
28038 + 88
28039 # 1504
28039 - 88 1
28039 + 88
28039 + 108
28040 # 1504
28040 - 88 1
28040 - 108 1
28041 # 1504
28041 + 88
28042 # 1504
28042 - 88 1
28042 + 88
28043 # 1504
28043 - 88 1
28043 + 88
28044 # 1504
28044 - 88 1
28045 # 1504
28045 + 88
28046 # 1504
28046 - 88 1
28046 + 88
28047 # 1504
28047 - 88 1
28047 + 88
28048 # 1504
28048 - 88 1
28048 + 88
28049 # 1504
28049 - 88 1
28050 # 1504
28050 + 88
28050 + 108
28051 # 1504
28051 - 88 1
28051 - 108 1
28051 + 88
28052 # 1504
28052 - 88 1
28053 # 1504
28053 + 88
28054 # 1504
28054 - 88 1
28054 + 88
28055 # 1504
28055 - 88 1
28055 + 88
28056 # 1504
28056 - 88 1
28056 + 88
28057 # 1504
28057 - 88 1
28057 + 88
28058 # 1504
28058 - 88 1
28059 # 1504
28059 + 88
28060 # 1504
28060 - 88 1
28060 + 88
28060 + 108
28061 # 1504
28061 - 88 1
28061 - 108 1
28061 + 88
28062 # 1504
28062 - 88 1
28063 # 1504
28063 + 88
28064 # 1504
28064 - 88 1
28064 + 88
28065 # 1504
28065 - 88 1
28065 + 88
28066 # 1504
28066 - 88 1
28067 # 1504
28067 + 88
28068 # 1504
28068 - 88 1
28068 + 88
28069 # 1504
28069 - 88 1
28069 + 88
28070 # 1504
28070 - 88 1
28071 # 1504
28071 + 88
28071 + 108
28072 # 1504
28072 - 88 1
28072 - 108 1
28072 + 88
28073 # 1504
28073 - 88 1
28073 + 88
28074 # 1504
28074 - 88 1
28075 # 1504
28075 + 88
28076 # 1504
28076 - 88 1
28076 + 88
28077 # 1504
28077 - 88 1
28077 + 88
28078 # 1504
28078 - 88 1
28078 + 88
28079 # 1504
28079 - 88 1
28080 # 1504
28080 + 88
28081 # 1504
28081 - 88 1
28081 + 88
28082 # 1504
28082 - 88 1
28082 + 88
28082 + 108
28083 # 1504
28083 - 88 1
28083 - 108 1
28083 + 88
28084 # 1504
28084 - 88 1
28084 + 88
28085 # 1504
28085 - 88 1
28086 # 1504
28086 + 88
28087 # 1504
28087 - 88 1
28087 + 88
28088 # 1504
28088 - 88 1
28088 + 88
28089 # 1504
28089 - 88 1
28089 + 88
28090 # 1504
28090 - 88 1
28090 + 88
28091 # 1504
28091 - 88 1
28092 # 1504
28092 + 88
28093 # 1504
28093 - 88 1
28093 + 88
28093 + 108
28094 # 1504
28094 - 88 1
28094 - 108 1
28094 + 88
28095 # 1504
28095 - 88 1
28095 + 88
28096 # 1504
28096 - 88 1
28096 + 88
28097 # 1504
28097 - 88 1
28098 # 1504
28098 + 88
28099 # 1504
28099 - 88 1
28099 + 88
28100 # 1504
28100 - 88 1
28100 + 88
28101 # 1504
28101 - 88 1
28102 # 1504
28102 + 88
28103 # 1504
28103 - 88 1
28103 + 88
28103 + 108
28104 # 1504
28104 - 88 1
28104 - 108 1
28104 + 88
28105 # 1504
28105 - 88 1
28106 # 1504
28106 + 88
28107 # 1504
28107 - 88 1
28107 + 88
28108 # 1504
28108 - 88 1
28108 + 88
28109 # 1504
28109 - 88 1
28110 # 1504
28110 + 88
28111 # 1504
28111 - 88 1
28111 + 88
28112 # 1504
28112 - 88 1
28112 + 88
28113 # 1504
28113 - 88 1
28114 # 1504
28114 + 88
28114 + 108
28115 # 1504
28115 - 88 1
28115 - 108 1
28115 + 88
28116 # 1504
28116 - 88 1
28116 + 88
28117 # 1504
28117 - 88 1
28117 + 88
28118 # 1504
28118 - 88 1
28119 # 1504
28119 + 88
28120 # 1504
28120 - 88 1
28120 + 88
28121 # 1504
28121 - 88 1
28121 + 88
28122 # 1504
28122 - 88 1
28122 + 88
28123 # 1504
28123 - 88 1
28124 # 1504
28124 + 88
28124 + 108
28125 # 1504
28125 - 88 1
28125 - 108 1
28125 + 88
28126 # 1504
28126 - 88 1
28126 + 88
28127 # 1504
28127 - 88 1
28128 # 1504
28128 + 88
28129 # 1504
28129 - 88 1
28129 + 88
28130 # 1504
28130 - 88 1
28130 + 88
28131 # 1504
28131 - 88 1
28132 # 1504
28132 + 88
28133 # 1504
28133 - 88 1
28133 + 88
28134 # 1504
28134 - 88 1
28135 # 1504
28135 + 88
28135 + 108
28136 # 1504
28136 - 88 1
28136 - 108 1
28136 + 88
28137 # 1504
28137 - 88 1
28137 + 88
28138 # 1504
28138 - 88 1
28138 + 88
28139 # 1504
28139 - 88 1
28140 # 1504
28140 + 88
28141 # 1504
28141 - 88 1
28141 + 88
28142 # 1504
28142 - 88 1
28142 + 88
28143 # 1504
28143 - 88 1
28143 + 88
28144 # 1504
28144 - 88 1
28145 # 1504
28145 + 88
28146 # 1504
28146 - 88 1
28146 + 88
28146 + 108
28147 # 1504
28147 - 88 1
28147 - 108 1
28147 + 88
28148 # 1504
28148 - 88 1
28148 + 88
28149 # 1504
28149 - 88 1
28149 + 88
28150 # 1504
28150 - 88 1
28151 # 1504
28151 + 88
28152 # 1504
28152 - 88 1
28152 + 88
28153 # 1504
28153 - 88 1
28153 + 88
28154 # 1504
28154 - 88 1
28154 + 88
28155 # 1504
28155 - 88 1
28156 # 1504
28156 + 88
28156 + 88
28157 # 1504
28157 - 88 1
28157 - 88 1
28158 # 1504
28158 + 88
28158 + 108
28159 # 1504
28159 - 88 1
28159 - 108 1
28159 + 88
28160 # 1504
28160 - 88 1
28160 + 88
28161 # 1504
28161 - 88 1
28162 # 1504
28162 + 88
28163 # 1504
28163 - 88 1
28163 + 88
28164 # 1504
28164 - 88 1
28164 + 88
28165 # 1504
28165 - 88 1
28165 + 88
28166 # 1504
28166 - 88 1
28167 # 1504
28167 + 88
28168 # 1504
28168 - 88 1
28168 + 88
28169 # 1504
28169 - 88 1
28169 + 88
28169 + 108
28170 # 1504
28170 - 88 1
28170 - 108 1
28171 # 1504
28171 + 88
28172 # 1504
28172 - 88 1
28172 + 88
28173 # 1504
28173 - 88 1
28173 + 88
28174 # 1504
28174 - 88 1
28174 + 88
28175 # 1504
28175 - 88 1
28175 + 88
28176 # 1504
28176 - 88 1
28177 # 1504
28177 + 88
28178 # 1504
28178 - 88 1
28178 + 88
28179 # 1504
28179 - 88 1
28179 + 88
28180 # 1504
28180 - 88 1
28180 + 88
28180 + 108
28181 # 1504
28181 - 88 1
28181 - 108 1
28181 + 88
28182 # 1504
28182 - 88 1
28182 + 88
28183 # 1504
28183 - 88 1
28183 + 88
28184 # 1504
28184 - 88 1
28184 + 88
28185 # 1504
28185 - 88 1
28186 # 1504
28186 + 88
28186 + 88
28187 # 1504
28187 - 88 1
28187 - 88 1
28188 # 1504
28188 + 88
28189 # 1504
28189 - 88 1
28189 + 88
28190 # 1504
28190 - 88 1
28190 + 88
28190 + 108
28191 # 1504
28191 - 88 1
28191 - 108 1
28192 # 1504
28192 + 88
28193 # 1504
28193 - 88 1
28193 + 88
28194 # 1504
28194 - 88 1
28194 + 88
28195 # 1504
28195 - 88 1
28195 + 88
28195 + 100
28196 # 1504
28196 - 88 1
28196 - 100 1
28196 + 88
28197 # 1504
28197 - 88 1
28198 # 1504
28198 + 88
28199 # 1504
28199 - 88 1
28199 + 88
28200 # 1504
28200 - 88 1
28200 + 88
28201 # 1504
28201 - 88 1
28201 + 88
28202 # 1504
28202 - 88 1
28202 + 88
28203 # 1504
28203 - 88 1
28203 + 88
28204 # 1504
28204 - 88 1
28204 + 88
28205 # 1504
28205 - 88 1
28205 + 88
28206 # 1504
28206 - 88 1
28206 + 88
28206 + 108
28207 # 1504
28207 - 88 1
28207 - 108 1
28207 + 88
28208 # 1504
28208 - 88 1
28208 + 88
28209 # 1504
28209 - 88 1
28210 # 1504
28210 + 88
28211 # 1504
28211 - 88 1
28211 + 88
28212 # 1504
28212 - 88 1
28212 + 88
28213 # 1504
28213 - 88 1
28213 + 88
28214 # 1504
28214 - 88 1
28214 + 88
28215 # 1504
28215 - 88 1
28215 + 88
28216 # 1504
28216 - 88 1
28216 + 88
28217 # 1504
28217 - 88 1
28217 + 88
28217 + 108
28218 # 1504
28218 - 88 1
28218 - 108 1
28218 + 88
28219 # 1504
28219 - 88 1
28219 + 88
28220 # 1504
28220 - 88 1
28220 + 88
28221 # 1504
28221 - 88 1
28221 + 88
28222 # 1504
28222 - 88 1
28222 + 88
28223 # 1504
28223 - 88 1
28223 + 88
28224 # 1504
28224 - 88 1
28224 + 88
28225 # 1504
28225 - 88 1
28225 + 88
28226 # 1504
28226 - 88 1
28226 + 88
28227 # 1504
28227 - 88 1
28227 + 88
28227 + 108
28228 # 1504
28228 - 88 1
28228 - 108 1
28228 + 88
28229 # 1504
28229 - 88 1
28229 + 88
28230 # 1504
28230 - 88 1
28230 + 88
28231 # 1504
28231 - 88 1
28231 + 88
28232 # 1504
28232 - 88 1
28232 + 88
28233 # 1504
28233 - 88 1
28233 + 88
28234 # 1504
28234 - 88 1
28234 + 88
28235 # 1504
28235 - 88 1
28235 + 88
28236 # 1504
28236 - 88 1
28236 + 88
28237 # 1504
28237 - 88 1
28237 + 88
28238 # 1504
28238 - 88 1
28238 + 88
28238 + 108
28239 # 1504
28239 - 88 1
28239 - 108 1
28239 + 88
28240 # 1504
28240 - 88 1
28240 + 88
28241 # 1504
28241 - 88 1
28241 + 88
28242 # 1504
28242 - 88 1
28242 + 88
28243 # 1504
28243 - 88 1
28243 + 88
28244 # 1504
28244 - 88 1
28244 + 88
28245 # 1504
28245 - 88 1
28245 + 88
28246 # 1504
28246 - 88 1
28246 + 88
28247 # 1504
28247 - 88 1
28247 + 88
28248 # 1504
28248 - 88 1
28249 # 1504
28249 + 88
28249 + 108
28250 # 1504
28250 - 88 1
28250 - 108 1
28250 + 88
28251 # 1504
28251 - 88 1
28251 + 88
28252 # 1504
28252 - 88 1
28252 + 88
28253 # 1504
28253 - 88 1
28253 + 88
28254 # 1504
28254 - 88 1
28254 + 88
28255 # 1504
28255 - 88 1
28255 + 88
28256 # 1504
28256 - 88 1
28256 + 88
28257 # 1504
28257 - 88 1
28258 # 1504
28258 + 88
28259 # 1504
28259 - 88 1
28259 + 88
28259 + 108
28260 # 1504
28260 - 88 1
28260 - 108 1
28260 + 88
28261 # 1504
28261 - 88 1
28261 + 88
28262 # 1504
28262 - 88 1
28262 + 88
28263 # 1504
28263 - 88 1
28263 + 88
28264 # 1504
28264 - 88 1
28264 + 88
28265 # 1504
28265 - 88 1
28265 + 88
28266 # 1504
28266 - 88 1
28266 + 88
28267 # 1504
28267 - 88 1
28267 + 88
28268 # 1504
28268 - 88 1
28268 + 88
28269 # 1504
28269 - 88 1
28269 + 88
28269 + 108
28270 # 1504
28270 - 88 1
28270 - 108 1
28270 + 88
28271 # 1504
28271 - 88 1
28271 + 88
28272 # 1504
28272 - 88 1
28272 + 88
28273 # 1504
28273 - 88 1
28273 + 88
28273 + 100
28274 # 1504
28274 - 88 1
28274 - 100 1
28274 + 88
28275 # 1504
28275 - 88 1
28276 # 1504
28276 + 88
28277 # 1504
28277 - 88 1
28277 + 88
28278 # 1504
28278 - 88 1
28278 + 88
28279 # 1504
28279 - 88 1
28279 + 88
28280 # 1504
28280 - 88 1
28280 + 88
28281 # 1504
28281 - 88 1
28281 + 88
28282 # 1504
28282 - 88 1
28282 + 88
28283 # 1504
28283 - 88 1
28283 + 88
28283 + 108
28284 # 1504
28284 - 88 1
28284 - 108 1
28284 + 88
28285 # 1504
28285 - 88 1
28285 + 88
28286 # 1504
28286 - 88 1
28287 # 1504
28288 # 1504
28288 + 88
28288 + 88
28288 + 88
28289 # 1504
28289 - 88 1
28289 - 88 1
28289 - 88 1
28289 + 88
28290 # 1504
28290 - 88 1
28291 # 1504
28291 + 88
28292 # 1504
28292 - 88 1
28292 + 88
28293 # 1504
28293 - 88 1
28293 + 88
28294 # 1504
28294 - 88 1
28294 + 88
28294 + 108
28295 # 1504
28295 - 88 1
28295 - 108 1
28295 + 88
28296 # 1504
28296 - 88 1
28296 + 88
28297 # 1504
28297 - 88 1
28297 + 88
28298 # 1504
28298 - 88 1
28298 + 88
28299 # 1504
28299 - 88 1
28299 + 88
28300 # 1504
28300 - 88 1
28300 + 88
28301 # 1504
28301 - 88 1
28301 + 88
28302 # 1504
28302 - 88 1
28302 + 88
28303 # 1504
28303 - 88 1
28303 + 88
28304 # 1504
28304 - 88 1
28304 + 88
28304 + 108
28305 # 1504
28305 - 88 1
28305 - 108 1
28305 + 88
28306 # 1504
28306 - 88 1
28306 + 88
28307 # 1504
28307 - 88 1
28307 + 88
28308 # 1504
28308 - 88 1
28308 + 88
28309 # 1504
28309 - 88 1
28310 # 1504
28310 + 88
28311 # 1504
28311 - 88 1
28311 + 88
28312 # 1504
28312 - 88 1
28312 + 88
28313 # 1504
28313 - 88 1
28313 + 88
28314 # 1504
28314 - 88 1
28314 + 88
28315 # 1504
28315 - 88 1
28315 + 88
28315 + 108
28316 # 1504
28316 - 88 1
28316 - 108 1
28316 + 88
28317 # 1504
28317 - 88 1
28317 + 88
28318 # 1504
28318 - 88 1
28318 + 88
28319 # 1504
28319 - 88 1
28319 + 88
28320 # 1504
28320 - 88 1
28320 + 88
28321 # 1504
28321 - 88 1
28321 + 88
28322 # 1504
28322 - 88 1
28322 + 88
28323 # 1504
28323 - 88 1
28324 # 1504
28324 + 88
28325 # 1504
28325 - 88 1
28325 + 88
28325 + 108
28326 # 1504
28326 - 88 1
28326 - 108 1
28326 + 88
28327 # 1504
28327 - 88 1
28327 + 88
28328 # 1504
28328 - 88 1
28328 + 88
28329 # 1504
28329 - 88 1
28329 + 88
28330 # 1504
28330 - 88 1
28330 + 88
28331 # 1504
28331 - 88 1
28331 + 88
28332 # 1504
28332 - 88 1
28332 + 88
28333 # 1504
28333 - 88 1
28333 + 88
28334 # 1504
28334 - 88 1
28334 + 88
28335 # 1504
28335 - 88 1
28335 + 88
28335 + 108
28336 # 1504
28336 - 88 1
28336 - 108 1
28336 + 88
28337 # 1504
28337 - 88 1
28337 + 88
28338 # 1504
28338 - 88 1
28338 + 88
28339 # 1504
28339 - 88 1
28339 + 88
28340 # 1504
28340 - 88 1
28341 # 1504
28341 + 88
28342 # 1504
28342 - 88 1
28342 + 88
28343 # 1504
28343 - 88 1
28343 + 88
28344 # 1504
28344 - 88 1
28344 + 88
28345 # 1504
28345 - 88 1
28345 + 88
28346 # 1504
28346 - 88 1
28346 + 88
28346 + 108
28347 # 1504
28347 - 88 1
28347 - 108 1
28347 + 88
28348 # 1504
28348 - 88 1
28348 + 88
28349 # 1504
28349 - 88 1
28349 + 88
28350 # 1504
28350 - 88 1
28350 + 88
28351 # 1504
28351 - 88 1
28351 + 88
28352 # 1504
28352 - 88 1
28352 + 88
28352 + 100
28353 # 1504
28353 - 88 1
28353 - 100 1
28353 + 88
28354 # 1504
28354 - 88 1
28354 + 88
28355 # 1504
28355 - 88 1
28355 + 88
28356 # 1504
28356 - 88 1
28357 # 1504
28357 + 88
28358 # 1504
28358 - 88 1
28358 + 88
28359 # 1504
28359 - 88 1
28359 + 88
28359 + 88
28360 # 1504
28360 - 88 1
28360 - 88 1
28360 + 88
28361 # 1504
28361 - 88 1
28361 + 88
28362 # 1504
28362 - 88 1
28362 + 88
28362 + 108
28363 # 1504
28363 - 88 1
28363 - 108 1
28363 + 88
28364 # 1504
28364 - 88 1
28364 + 88
28365 # 1504
28365 - 88 1
28365 + 88
28366 # 1504
28366 - 88 1
28366 + 88
28367 # 1504
28367 - 88 1
28367 + 88
28368 # 1504
28368 - 88 1
28368 + 88
28369 # 1504
28369 - 88 1
28369 + 88
28370 # 1504
28370 - 88 1
28371 # 1504
28371 + 88
28372 # 1504
28372 - 88 1
28372 + 88
28373 # 1504
28373 - 88 1
28373 + 88
28373 + 108
28374 # 1504
28374 - 88 1
28374 - 108 1
28374 + 88
28375 # 1504
28375 - 88 1
28375 + 88
28376 # 1504
28376 - 88 1
28376 + 88
28377 # 1504
28377 - 88 1
28377 + 88
28378 # 1504
28378 - 88 1
28378 + 88
28379 # 1504
28379 - 88 1
28379 + 88
28380 # 1504
28380 - 88 1
28380 + 88
28381 # 1504
28381 - 88 1
28381 + 88
28382 # 1504
28382 - 88 1
28382 + 88
28383 # 1504
28383 - 88 1
28384 # 1504
28384 + 88
28384 + 108
28384 + 88
28385 # 1504
28385 - 88 1
28385 - 108 1
28385 - 88 1
28386 # 1504
28386 + 88
28386 + 88
28387 # 1504
28387 - 88 1
28387 - 88 1
28388 # 1504
28389 # 1504
28389 + 88
28389 + 88
28390 # 1504
28390 - 88 1
28390 - 88 1
28390 + 88
28391 # 1504
28391 - 88 1
28391 + 88
28392 # 1504
28392 - 88 1
28392 + 88
28393 # 1504
28393 - 88 1
28393 + 88
28394 # 1504
28394 - 88 1
28394 + 88
28394 + 108
28395 # 1504
28395 - 88 1
28395 - 108 1
28395 + 88
28396 # 1504
28396 - 88 1
28396 + 88
28397 # 1504
28397 - 88 1
28397 + 88
28398 # 1504
28398 - 88 1
28398 + 88
28399 # 1504
28399 - 88 1
28399 + 88
28400 # 1504
28400 - 88 1
28400 + 88
28401 # 1504
28401 - 88 1
28401 + 88
28402 # 1504
28402 - 88 1
28402 + 88
28403 # 1504
28403 - 88 1
28403 + 88
28404 # 1504
28404 - 88 1
28405 # 1504
28405 + 88
28405 + 108
28406 # 1504
28406 - 88 1
28406 - 108 1
28406 + 88
28407 # 1504
28407 - 88 1
28407 + 88
28408 # 1504
28408 - 88 1
28408 + 88
28409 # 1504
28409 - 88 1
28409 + 88
28410 # 1504
28410 - 88 1
28410 + 88
28411 # 1504
28411 - 88 1
28411 + 88
28412 # 1504
28412 - 88 1
28412 + 88
28413 # 1504
28413 - 88 1
28413 + 88
28414 # 1504
28414 - 88 1
28414 + 88
28415 # 1504
28415 - 88 1
28416 # 1504
28416 + 88
28416 + 108
28416 + 88
28417 # 1504
28417 - 88 1
28417 - 108 1
28417 - 88 1
28418 # 1504
28418 + 88
28419 # 1504
28419 - 88 1
28419 + 88
28420 # 1504
28420 - 88 1
28420 + 88
28421 # 1504
28421 - 88 1
28421 + 88
28422 # 1504
28422 - 88 1
28422 + 88
28423 # 1504
28423 - 88 1
28423 + 88
28424 # 1504
28424 - 88 1
28424 + 88
28425 # 1504
28425 - 88 1
28425 + 88
28426 # 1504
28426 - 88 1
28427 # 1504
28427 + 88
28427 + 108
28428 # 1504
28428 - 88 1
28428 - 108 1
28428 + 88
28429 # 1504
28429 - 88 1
28429 + 88
28430 # 1504
28430 - 88 1
28430 + 88
28431 # 1504
28431 - 88 1
28431 + 88
28431 + 100
28432 # 1504
28432 - 88 1
28432 - 100 1
28432 + 88
28433 # 1504
28433 - 88 1
28433 + 88
28434 # 1504
28434 - 88 1
28434 + 88
28435 # 1504
28435 - 88 1
28435 + 88
28436 # 1504
28436 - 88 1
28436 + 88
28437 # 1504
28437 - 88 1
28437 + 88
28438 # 1504
28438 - 88 1
28438 + 88
28439 # 1504
28439 - 88 1
28439 + 88
28440 # 1504
28440 - 88 1
28440 + 88
28441 # 1504
28441 - 88 1
28441 + 88
28441 + 108
28442 # 1504
28442 - 88 1
28442 - 108 1
28442 + 88
28443 # 1504
28443 - 88 1
28444 # 1504
28444 + 88
28445 # 1504
28445 - 88 1
28445 + 88
28446 # 1504
28446 - 88 1
28446 + 88
28447 # 1504
28447 - 88 1
28447 + 88
28448 # 1504
28448 - 88 1
28448 + 88
28449 # 1504
28449 - 88 1
28449 + 88
28450 # 1504
28450 - 88 1
28450 + 88
28451 # 1504
28451 - 88 1
28451 + 88
28452 # 1504
28452 - 88 1
28452 + 88
28452 + 108
28453 # 1504
28453 - 88 1
28453 - 108 1
28453 + 88
28454 # 1504
28454 - 88 1
28454 + 88
28455 # 1504
28455 - 88 1
28456 # 1504
28456 + 88
28457 # 1504
28457 - 88 1
28457 + 88
28458 # 1504
28458 - 88 1
28458 + 88
28458 + 88
28459 # 1504
28459 - 88 1
28459 - 88 1
28459 + 88
28460 # 1504
28460 - 88 1
28460 + 88
28461 # 1504
28461 - 88 1
28461 + 88
28462 # 1504
28462 - 88 1
28462 + 88
28462 + 108
28463 # 1504
28463 - 88 1
28463 - 108 1
28463 + 88
28464 # 1504
28464 - 88 1
28464 + 88
28465 # 1504
28465 - 88 1
28465 + 88
28466 # 1504
28466 - 88 1
28466 + 88
28467 # 1504
28467 - 88 1
28467 + 88
28468 # 1504
28468 - 88 1
28468 + 88
28469 # 1504
28469 - 88 1
28469 + 88
28470 # 1504
28470 - 88 1
28470 + 88
28471 # 1504
28471 - 88 1
28471 + 88
28472 # 1504
28472 - 88 1
28472 + 88
28473 # 1504
28473 - 88 1
28473 + 88
28473 + 108
28474 # 1504
28474 - 88 1
28474 - 108 1
28474 + 88
28475 # 1504
28475 - 88 1
28475 + 88
28476 # 1504
28476 - 88 1
28476 + 88
28477 # 1504
28477 - 88 1
28477 + 88
28478 # 1504
28478 - 88 1
28478 + 88
28479 # 1504
28479 - 88 1
28479 + 88
28480 # 1504
28480 - 88 1
28480 + 88
28481 # 1504
28481 - 88 1
28481 + 88
28482 # 1504
28482 - 88 1
28482 + 88
28483 # 1504
28483 - 88 1
28483 + 88
28484 # 1504
28484 - 88 1
28484 + 88
28484 + 108
28485 # 1504
28485 - 88 1
28485 - 108 1
28485 + 88
28486 # 1504
28486 - 88 1
28486 + 88
28487 # 1504
28487 - 88 1
28487 + 88
28488 # 1504
28488 - 88 1
28488 + 88
28489 # 1504
28489 - 88 1
28489 + 88
28490 # 1504
28490 - 88 1
28490 + 88
28491 # 1504
28491 - 88 1
28491 + 88
28492 # 1504
28492 - 88 1
28492 + 88
28493 # 1504
28493 - 88 1
28493 + 88
28494 # 1504
28494 - 88 1
28494 + 88
28494 + 108
28495 # 1504
28495 - 88 1
28495 - 108 1
28495 + 88
28496 # 1504
28496 - 88 1
28496 + 88
28497 # 1504
28497 - 88 1
28497 + 88
28498 # 1504
28498 - 88 1
28498 + 88
28499 # 1504
28499 - 88 1
28499 + 88
28500 # 1504
28500 - 88 1
28500 + 88
28501 # 1504
28501 - 88 1
28501 + 88
28502 # 1504
28502 - 88 1
28502 + 88
28503 # 1504
28503 - 88 1
28503 + 88
28504 # 1504
28504 - 88 1
28504 + 88
28505 # 1504
28505 - 88 1
28505 + 88
28505 + 108
28505 + 88
28505 + 100
28506 # 1504
28506 - 88 1
28506 - 108 1
28506 - 88 1
28506 - 100 1
28506 + 88
28507 # 1504
28507 - 88 1
28507 + 88
28508 # 1504
28508 - 88 1
28509 # 1504
28509 + 88
28509 + 88
28510 # 1504
28510 - 88 1
28510 - 88 1
28510 + 88
28511 # 1504
28511 - 88 1
28511 + 88
28512 # 1504
28512 - 88 1
28512 + 88
28513 # 1504
28513 - 88 1
28513 + 88
28514 # 1504
28514 - 88 1
28514 + 88
28515 # 1504
28515 - 88 1
28515 + 88
28515 + 108
28516 # 1504
28516 - 88 1
28516 - 108 1
28516 + 88
28517 # 1504
28517 - 88 1
28517 + 88
28518 # 1504
28518 - 88 1
28518 + 88
28519 # 1504
28519 - 88 1
28520 # 1504
28520 + 88
28520 + 88
28521 # 1504
28521 - 88 1
28521 - 88 1
28522 # 1504
28522 + 88
28523 # 1504
28523 - 88 1
28523 + 88
28524 # 1504
28524 - 88 1
28524 + 88
28525 # 1504
28525 - 88 1
28525 + 88
28526 # 1504
28526 - 88 1
28527 # 1504
28527 + 88
28527 + 108
28527 + 88
28528 # 1504
28528 - 88 1
28528 - 108 1
28528 - 88 1
28528 + 88
28529 # 1504
28529 - 88 1
28529 + 88
28530 # 1504
28530 - 88 1
28530 + 88
28531 # 1504
28531 - 88 1
28531 + 88
28532 # 1504
28532 - 88 1
28532 + 88
28533 # 1504
28533 - 88 1
28533 + 88
28534 # 1504
28534 - 88 1
28534 + 88
28535 # 1504
28535 - 88 1
28535 + 88
28536 # 1504
28536 - 88 1
28536 + 88
28537 # 1504
28537 - 88 1
28537 + 88
28537 + 108
28538 # 1504
28538 - 88 1
28538 - 108 1
28538 + 88
28539 # 1504
28539 - 88 1
28539 + 88
28540 # 1504
28540 - 88 1
28540 + 88
28541 # 1504
28541 - 88 1
28541 + 88
28542 # 1504
28542 - 88 1
28542 + 88
28543 # 1504
28543 - 88 1
28543 + 88
28544 # 1504
28544 - 88 1
28544 + 88
28545 # 1504
28545 - 88 1
28545 + 88
28546 # 1504
28546 - 88 1
28546 + 88
28547 # 1504
28547 - 88 1
28547 + 88
28547 + 108
28548 # 1504
28548 - 88 1
28548 - 108 1
28548 + 88
28549 # 1504
28549 - 88 1
28549 + 88
28550 # 1504
28550 - 88 1
28551 # 1504
28551 + 88
28551 + 88
28552 # 1504
28552 - 88 1
28552 - 88 1
28552 + 88
28553 # 1504
28553 - 88 1
28553 + 88
28554 # 1504
28554 - 88 1
28554 + 88
28555 # 1504
28555 - 88 1
28555 + 88
28556 # 1504
28556 - 88 1
28556 + 88
28557 # 1504
28557 - 88 1
28557 + 88
28558 # 1504
28558 - 88 1
28558 + 88
28558 + 108
28559 # 1504
28559 - 88 1
28559 - 108 1
28559 + 88
28560 # 1504
28560 - 88 1
28560 + 88
28561 # 1504
28561 - 88 1
28561 + 88
28562 # 1504
28562 - 88 1
28562 + 88
28563 # 1504
28563 - 88 1
28563 + 88
28564 # 1504
28564 - 88 1
28564 + 88
28565 # 1504
28565 - 88 1
28566 # 1504
28566 + 88
28566 + 88
28567 # 1504
28567 - 88 1
28567 - 88 1
28568 # 1504
28568 + 88
28569 # 1504
28569 - 88 1
28569 + 88
28569 + 108
28570 # 1504
28570 - 88 1
28570 - 108 1
28570 + 88
28571 # 1504
28571 - 88 1
28571 + 88
28572 # 1504
28572 - 88 1
28572 + 88
28573 # 1504
28573 - 88 1
28573 + 88
28574 # 1504
28574 - 88 1
28574 + 88
28575 # 1504
28575 - 88 1
28575 + 88
28576 # 1504
28576 - 88 1
28576 + 88
28577 # 1504
28577 - 88 1
28577 + 88
28578 # 1504
28578 - 88 1
28578 + 88
28579 # 1504
28579 - 88 1
28580 # 1504
28580 + 88
28580 + 108
28580 + 88
28581 # 1504
28581 - 88 1
28581 - 108 1
28581 - 88 1
28582 # 1504
28582 + 88
28582 + 100
28582 + 88
28583 # 1504
28583 - 88 1
28583 - 100 1
28583 - 88 1
28584 # 1504
28585 # 1504
28585 + 88
28585 + 88
28586 # 1504
28586 - 88 1
28586 - 88 1
28586 + 88
28587 # 1504
28587 - 88 1
28587 + 88
28588 # 1504
28588 - 88 1
28588 + 88
28589 # 1504
28589 - 88 1
28589 + 88
28590 # 1504
28590 - 88 1
28591 # 1504
28591 + 88
28592 # 1504
28592 - 88 1
28592 + 88
28592 + 108
28593 # 1504
28593 - 88 1
28593 - 108 1
28593 + 88
28594 # 1504
28594 - 88 1
28594 + 88
28595 # 1504
28595 - 88 1
28595 + 88
28596 # 1504
28596 - 88 1
28596 + 88
28597 # 1504
28597 - 88 1
28597 + 88
28598 # 1504
28598 - 88 1
28599 # 1504
28599 + 88
28600 # 1504
28600 - 88 1
28600 + 88
28601 # 1504
28601 - 88 1
28601 + 88
28602 # 1504
28602 - 88 1
28602 + 88
28602 + 108
28603 # 1504
28603 - 88 1
28603 - 108 1
28603 + 88
28604 # 1504
28604 - 88 1
28604 + 88
28605 # 1504
28605 - 88 1
28605 + 88
28606 # 1504
28606 - 88 1
28606 + 88
28607 # 1504
28607 - 88 1
28608 # 1504
28608 + 88
28609 # 1504
28609 - 88 1
28609 + 88
28610 # 1504
28610 - 88 1
28610 + 88
28611 # 1504
28611 - 88 1
28612 # 1504
28612 + 88
28613 # 1504
28613 - 88 1
28613 + 88
28613 + 108
28614 # 1504
28614 - 88 1
28614 - 108 1
28614 + 88
28615 # 1504
28615 - 88 1
28616 # 1504
28617 # 1504
28617 + 88
28617 + 88
28617 + 88
28618 # 1504
28618 - 88 1
28618 - 88 1
28618 - 88 1
28619 # 1504
28619 + 88
28620 # 1504
28620 - 88 1
28620 + 88
28621 # 1504
28621 - 88 1
28621 + 88
28622 # 1504
28622 - 88 1
28623 # 1504
28623 + 88
28624 # 1504
28624 - 88 1
28624 + 88
28624 + 108
28625 # 1504
28625 - 88 1
28625 - 108 1
28625 + 88
28626 # 1504
28626 - 88 1
28626 + 88
28627 # 1504
28627 - 88 1
28627 + 88
28628 # 1504
28628 - 88 1
28628 + 88
28629 # 1504
28629 - 88 1
28630 # 1504
28630 + 88
28631 # 1504
28631 - 88 1
28631 + 88
28632 # 1504
28632 - 88 1
28632 + 88
28633 # 1504
28633 - 88 1
28633 + 88
28634 # 1504
28634 - 88 1
28634 + 88
28634 + 108
28635 # 1504
28635 - 88 1
28635 - 108 1
28635 + 88
28636 # 1504
28636 - 88 1
28637 # 1504
28637 + 88
28638 # 1504
28638 - 88 1
28638 + 88
28639 # 1504
28639 - 88 1
28639 + 88
28640 # 1504
28640 - 88 1
28640 + 88
28641 # 1504
28641 - 88 1
28642 # 1504
28642 + 88
28643 # 1504
28643 - 88 1
28643 + 88
28644 # 1504
28644 - 88 1
28644 + 88
28645 # 1504
28645 - 88 1
28645 + 88
28645 + 108
28646 # 1504
28646 - 88 1
28646 - 108 1
28646 + 88
28647 # 1504
28647 - 88 1
28647 + 88
28648 # 1504
28648 - 88 1
28648 + 88
28649 # 1504
28649 - 88 1
28649 + 88
28650 # 1504
28650 - 88 1
28650 + 88
28651 # 1504
28651 - 88 1
28651 + 88
28652 # 1504
28652 - 88 1
28652 + 88
28653 # 1504
28653 - 88 1
28653 + 88
28654 # 1504
28654 - 88 1
28655 # 1504
28655 + 88
28656 # 1504
28656 - 88 1
28656 + 88
28656 + 108
28657 # 1504
28657 - 88 1
28657 - 108 1
28657 + 88
28658 # 1504
28658 - 88 1
28658 + 88
28659 # 1504
28659 - 88 1
28659 + 88
28660 # 1504
28660 - 88 1
28660 + 88
28661 # 1504
28661 - 88 1
28661 + 88
28662 # 1504
28662 - 88 1
28662 + 88
28663 # 1504
28663 - 88 1
28663 + 88
28664 # 1504
28664 - 88 1
28664 + 88
28665 # 1504
28665 - 88 1
28665 + 88
28666 # 1504
28666 - 88 1
28667 # 1504
28667 + 88
28667 + 108
28668 # 1504
28668 - 88 1
28668 - 108 1
28668 + 88
28669 # 1504
28669 - 88 1
28669 + 88
28670 # 1504
28670 - 88 1
28670 + 88
28671 # 1504
28671 - 88 1
28672 # 1504
28672 + 88
28672 + 88
28673 # 1504
28673 - 88 1
28673 - 88 1
28674 # 1504
28674 + 88
28675 # 1504
28675 - 88 1
28675 + 88
28676 # 1504
28676 - 88 1
28676 + 88
28677 # 1504
28677 - 88 1
28677 + 88
28677 + 108
28678 # 1504
28678 - 88 1
28678 - 108 1
28679 # 1504
28679 + 88
28680 # 1504
28680 - 88 1
28680 + 88
28681 # 1504
28681 - 88 1
28681 + 88
28682 # 1504
28682 - 88 1
28682 + 88
28683 # 1504
28683 - 88 1
28683 + 88
28684 # 1504
28684 - 88 1
28684 + 88
28685 # 1504
28685 - 88 1
28685 + 88
28686 # 1504
28686 - 88 1
28686 + 88
28687 # 1504
28687 - 88 1
28687 + 88
28688 # 1504
28688 - 88 1
28688 + 88
28688 + 108
28689 # 1504
28689 - 88 1
28689 - 108 1
28690 # 1504
28690 + 88
28691 # 1504
28691 - 88 1
28691 + 88
28692 # 1504
28692 - 88 1
28692 + 88
28693 # 1504
28693 - 88 1
28693 + 88
28694 # 1504
28694 - 88 1
28694 + 88
28695 # 1504
28695 - 88 1
28695 + 88
28696 # 1504
28696 - 88 1
28696 + 88
28697 # 1504
28697 - 88 1
28698 # 1504
28698 + 88
28699 # 1504
28699 - 88 1
28699 + 88
28699 + 108
28700 # 1504
28700 - 88 1
28700 - 108 1
28700 + 88
28701 # 1504
28701 - 88 1
28701 + 88
28702 # 1504
28702 - 88 1
28702 + 88
28703 # 1504
28703 - 88 1
28703 + 88
28704 # 1504
28704 - 88 1
28704 + 88
28705 # 1504
28705 - 88 1
28705 + 88
28706 # 1504
28706 - 88 1
28706 + 88
28707 # 1504
28707 - 88 1
28707 + 88
28708 # 1504
28708 - 88 1
28708 + 88
28709 # 1504
28709 - 88 1
28709 + 88
28709 + 108
28710 # 1504
28710 - 88 1
28710 - 108 1
28710 + 88
28711 # 1504
28711 - 88 1
28711 + 88
28712 # 1504
28712 - 88 1
28712 + 88
28713 # 1504
28713 - 88 1
28713 + 88
28714 # 1504
28714 - 88 1
28714 + 88
28715 # 1504
28715 - 88 1
28715 + 88
28716 # 1504
28716 - 88 1
28716 + 88
28717 # 1504
28717 - 88 1
28717 + 88
28718 # 1504
28718 - 88 1
28718 + 88
28719 # 1504
28719 - 88 1
28719 + 88
28719 + 108
28720 # 1504
28720 - 88 1
28720 - 108 1
28720 + 88
28721 # 1504
28721 - 88 1
28721 + 88
28722 # 1504
28722 - 88 1
28723 # 1504
28723 + 88
28724 # 1504
28724 - 88 1
28724 + 88
28725 # 1504
28725 - 88 1
28725 + 88
28726 # 1504
28726 - 88 1
28726 + 88
28727 # 1504
28727 - 88 1
28727 + 88
28728 # 1504
28728 - 88 1
28728 + 88
28729 # 1504
28729 - 88 1
28729 + 88
28730 # 1504
28730 - 88 1
28730 + 88
28730 + 108
28731 # 1504
28731 - 88 1
28731 - 108 1
28731 + 88
28732 # 1504
28732 - 88 1
28732 + 88
28733 # 1504
28733 - 88 1
28733 + 88
28734 # 1504
28734 - 88 1
28734 + 88
28735 # 1504
28735 - 88 1
28735 + 88
28736 # 1504
28736 - 88 1
28736 + 88
28737 # 1504
28737 - 88 1
28737 + 88
28738 # 1504
28738 - 88 1
28738 + 88
28739 # 1504
28739 - 88 1
28739 + 88
28740 # 1504
28740 - 88 1
28740 + 88
28741 # 1504
28741 - 88 1
28741 + 88
28741 + 108
28742 # 1504
28742 - 88 1
28742 - 108 1
28742 + 88
28743 # 1504
28743 - 88 1
28743 + 88
28744 # 1504
28744 - 88 1
28744 + 88
28745 # 1504
28745 - 88 1
28745 + 88
28746 # 1504
28746 - 88 1
28746 + 88
28746 + 100
28747 # 1504
28747 - 88 1
28747 - 100 1
28747 + 88
28748 # 1504
28748 - 88 1
28748 + 88
28749 # 1504
28749 - 88 1
28749 + 88
28750 # 1504
28750 - 88 1
28751 # 1504
28751 + 88
28751 + 88
28752 # 1504
28752 - 88 1
28752 - 88 1
28752 + 88
28753 # 1504
28753 - 88 1
28753 + 88
28754 # 1504
28754 - 88 1
28754 + 88
28755 # 1504
28755 - 88 1
28755 + 88
28756 # 1504
28756 - 88 1
28756 + 88
28757 # 1504
28757 - 88 1
28757 + 88
28757 + 108
28758 # 1504
28758 - 88 1
28758 - 108 1
28758 + 88
28759 # 1504
28759 - 88 1
28759 + 88
28760 # 1504
28760 - 88 1
28760 + 88
28761 # 1504
28761 - 88 1
28761 + 88
28762 # 1504
28762 - 88 1
28762 + 88
28763 # 1504
28763 - 88 1
28763 + 88
28764 # 1504
28764 - 88 1
28764 + 88
28765 # 1504
28765 - 88 1
28765 + 88
28766 # 1504
28766 - 88 1
28766 + 88
28767 # 1504
28767 - 88 1
28767 + 88
28767 + 108
28768 # 1504
28768 - 88 1
28768 - 108 1
28768 + 88
28769 # 1504
28769 - 88 1
28769 + 88
28770 # 1504
28770 - 88 1
28770 + 88
28771 # 1504
28771 - 88 1
28771 + 88
28772 # 1504
28772 - 88 1
28772 + 88
28773 # 1504
28773 - 88 1
28773 + 88
28774 # 1504
28774 - 88 1
28774 + 88
28775 # 1504
28775 - 88 1
28775 + 88
28776 # 1504
28776 - 88 1
28776 + 88
28777 # 1504
28777 - 88 1
28777 + 88
28778 # 1504
28778 - 88 1
28778 + 88
28778 + 108
28779 # 1504
28779 - 88 1
28779 - 108 1
28779 + 88
28780 # 1504
28780 - 88 1
28780 + 88
28781 # 1504
28781 - 88 1
28781 + 88
28782 # 1504
28782 - 88 1
28782 + 88
28783 # 1504
28783 - 88 1
28783 + 88
28784 # 1504
28784 - 88 1
28784 + 88
28785 # 1504
28785 - 88 1
28785 + 88
28786 # 1504
28786 - 88 1
28786 + 88
28787 # 1504
28787 - 88 1
28787 + 88
28787 + 88
28788 # 1504
28788 - 88 1
28788 - 88 1
28788 + 88
28788 + 108
28789 # 1504
28789 - 88 1
28789 - 108 1
28789 + 88
28790 # 1504
28790 - 88 1
28790 + 88
28791 # 1504
28791 - 88 1
28791 + 88
28792 # 1504
28792 - 88 1
28792 + 88
28793 # 1504
28793 - 88 1
28793 + 88
28794 # 1504
28794 - 88 1
28794 + 88
28795 # 1504
28795 - 88 1
28795 + 88
28796 # 1504
28796 - 88 1
28796 + 88
28797 # 1504
28797 - 88 1
28797 + 88
28798 # 1504
28798 - 88 1
28798 + 88
28799 # 1504
28799 - 88 1
28799 + 88
28799 + 108
28800 # 1504
28800 - 88 1
28800 - 108 1
28800 + 88
28801 # 1504
28801 - 88 1
28801 + 88
28802 # 1504
28802 - 88 1
28802 + 88
28803 # 1504
28803 - 88 1
28803 + 88
28804 # 1504
28804 - 88 1
28804 + 88
28805 # 1504
28805 - 88 1
28805 + 88
28806 # 1504
28806 - 88 1
28806 + 88
28807 # 1504
28807 - 88 1
28807 + 88
28808 # 1504
28808 - 88 1
28808 + 88
28809 # 1504
28809 - 88 1
28809 + 88
28810 # 1504
28810 - 88 1
28810 + 88
28810 + 108
28811 # 1504
28811 - 88 1
28811 - 108 1
28811 + 88
28812 # 1504
28812 - 88 1
28812 + 88
28813 # 1504
28813 - 88 1
28813 + 88
28813 + 88
28814 # 1504
28814 - 88 1
28814 - 88 1
28814 + 88
28815 # 1504
28815 - 88 1
28815 + 88
28816 # 1504
28816 - 88 1
28816 + 88
28817 # 1504
28817 - 88 1
28817 + 88
28818 # 1504
28818 - 88 1
28818 + 88
28818 + 100
28819 # 1504
28819 - 88 1
28819 - 100 1
28819 + 88
28820 # 1504
28820 - 88 1
28820 + 88
28821 # 1504
28821 - 88 1
28821 + 88
28822 # 1504
28822 - 88 1
28822 + 88
28823 # 1504
28823 - 88 1
28823 + 88
28824 # 1504
28824 - 88 1
28824 + 88
28825 # 1504
28825 - 88 1
28825 + 88
28826 # 1504
28826 - 88 1
28826 + 88
28827 # 1504
28827 - 88 1
28827 + 88
28828 # 1504
28828 - 88 1
28828 + 88
28829 # 1504
28829 - 88 1
28829 + 88
28829 + 108
28830 # 1504
28830 - 88 1
28830 - 108 1
28830 + 88
28831 # 1504
28831 - 88 1
28831 + 88
28832 # 1504
28832 - 88 1
28832 + 88
28833 # 1504
28833 - 88 1
28833 + 88
28833 + 88
28834 # 1504
28834 - 88 1
28834 - 88 1
28834 + 88
28835 # 1504
28835 - 88 1
28835 + 88
28836 # 1504
28836 - 88 1
28836 + 88
28837 # 1504
28837 - 88 1
28837 + 88
28838 # 1504
28838 - 88 1
28838 + 88
28839 # 1504
28839 - 88 1
28839 + 88
28840 # 1504
28840 - 88 1
28840 + 88
28840 + 108
28841 # 1504
28841 - 88 1
28841 - 108 1
28841 + 88
28842 # 1504
28842 - 88 1
28842 + 88
28843 # 1504
28843 - 88 1
28843 + 88
28844 # 1504
28844 - 88 1
28844 + 88
28845 # 1504
28845 - 88 1
28845 + 88
28846 # 1504
28846 - 88 1
28846 + 88
28847 # 1504
28847 - 88 1
28847 + 88
28848 # 1504
28848 - 88 1
28848 + 88
28849 # 1504
28849 - 88 1
28849 + 88
28850 # 1504
28850 - 88 1
28850 + 88
28850 + 108
28851 # 1504
28851 - 88 1
28851 - 108 1
28851 + 88
28852 # 1504
28852 - 88 1
28852 + 88
28853 # 1504
28853 - 88 1
28853 + 88
28854 # 1504
28854 - 88 1
28854 + 88
28855 # 1504
28855 - 88 1
28855 + 88
28856 # 1504
28856 - 88 1
28856 + 88
28857 # 1504
28857 - 88 1
28857 + 88
28858 # 1504
28858 - 88 1
28858 + 88
28858 + 88
28859 # 1504
28859 - 88 1
28859 - 88 1
28859 + 88
28860 # 1504
28860 - 88 1
28860 + 88
28861 # 1504
28861 - 88 1
28861 + 88
28861 + 108
28862 # 1504
28862 - 88 1
28862 - 108 1
28862 + 88
28863 # 1504
28863 - 88 1
28863 + 88
28864 # 1504
28864 - 88 1
28864 + 88
28865 # 1504
28865 - 88 1
28865 + 88
28866 # 1504
28866 - 88 1
28866 + 88
28867 # 1504
28867 - 88 1
28867 + 88
28868 # 1504
28868 - 88 1
28868 + 88
28869 # 1504
28869 - 88 1
28869 + 88
28870 # 1504
28870 - 88 1
28870 + 88
28871 # 1504
28871 - 88 1
28871 + 88
28872 # 1504
28872 - 88 1
28872 + 88
28872 + 108
28873 # 1504
28873 - 88 1
28873 - 108 1
28873 + 88
28874 # 1504
28874 - 88 1
28874 + 88
28875 # 1504
28875 - 88 1
28875 + 88
28876 # 1504
28876 - 88 1
28876 + 88
28877 # 1504
28877 - 88 1
28877 + 88
28878 # 1504
28878 - 88 1
28878 + 88
28879 # 1504
28879 - 88 1
28879 + 88
28880 # 1504
28880 - 88 1
28880 + 88
28881 # 1504
28881 - 88 1
28881 + 88
28882 # 1504
28882 - 88 1
28882 + 88
28883 # 1504
28883 - 88 1
28883 + 88
28883 + 108
28883 + 88
28884 # 1504
28884 - 88 1
28884 - 108 1
28884 - 88 1
28884 + 88
28885 # 1504
28885 - 88 1
28885 + 88
28886 # 1504
28886 - 88 1
28886 + 88
28887 # 1504
28887 - 88 1
28887 + 88
28888 # 1504
28888 - 88 1
28888 + 88
28889 # 1504
28889 - 88 1
28889 + 88
28889 + 100
28890 # 1504
28890 - 88 1
28890 - 100 1
28890 + 88
28891 # 1504
28891 - 88 1
28891 + 88
28892 # 1504
28892 - 88 1
28892 + 88
28893 # 1504
28893 - 88 1
28893 + 88
28894 # 1504
28894 - 88 1
28894 + 88
28895 # 1504
28895 - 88 1
28895 + 88
28896 # 1504
28896 - 88 1
28896 + 88
28897 # 1504
28897 - 88 1
28897 + 88
28898 # 1504
28898 - 88 1
28898 + 88
28899 # 1504
28899 - 88 1
28899 + 88
28900 # 1504
28900 - 88 1
28900 + 88
28900 + 108
28901 # 1504
28901 - 88 1
28901 - 108 1
28901 + 88
28902 # 1504
28902 - 88 1
28902 + 88
28902 + 88
28903 # 1504
28903 - 88 1
28903 - 88 1
28903 + 88
28904 # 1504
28904 - 88 1
28904 + 88
28905 # 1504
28905 - 88 1
28905 + 88
28906 # 1504
28906 - 88 1
28906 + 88
28907 # 1504
28907 - 88 1
28907 + 88
28908 # 1504
28908 - 88 1
28908 + 88
28909 # 1504
28909 - 88 1
28909 + 88
28910 # 1504
28910 - 88 1
28910 + 88
28911 # 1504
28911 - 88 1
28911 + 88
28911 + 108
28912 # 1504
28912 - 88 1
28912 - 108 1
28912 + 88
28913 # 1504
28913 - 88 1
28913 + 88
28914 # 1504
28914 - 88 1
28914 + 88
28915 # 1504
28915 - 88 1
28915 + 88
28916 # 1504
28916 - 88 1
28916 + 88
28917 # 1504
28917 - 88 1
28917 + 88
28918 # 1504
28918 - 88 1
28918 + 88
28919 # 1504
28919 - 88 1
28919 + 88
28920 # 1504
28920 - 88 1
28920 + 88
28921 # 1504
28921 - 88 1
28921 + 88
28922 # 1504
28922 - 88 1
28922 + 88
28922 + 108
28923 # 1504
28923 - 88 1
28923 - 108 1
28923 + 88
28924 # 1504
28924 - 88 1
28924 + 88
28925 # 1504
28925 - 88 1
28925 + 88
28926 # 1504
28926 - 88 1
28926 + 88
28927 # 1504
28927 - 88 1
28927 + 88
28927 + 88
28928 # 1504
28928 - 88 1
28928 - 88 1
28928 + 88
28929 # 1504
28929 - 88 1
28929 + 88
28930 # 1504
28930 - 88 1
28930 + 88
28931 # 1504
28931 - 88 1
28931 + 88
28932 # 1504
28932 - 88 1
28932 + 88
28933 # 1504
28933 - 88 1
28933 + 88
28933 + 108
28934 # 1504
28934 - 88 1
28934 - 108 1
28934 + 88
28935 # 1504
28935 - 88 1
28935 + 88
28936 # 1504
28936 - 88 1
28936 + 88
28937 # 1504
28937 - 88 1
28937 + 88
28938 # 1504
28938 - 88 1
28938 + 88
28939 # 1504
28939 - 88 1
28939 + 88
28940 # 1504
28940 - 88 1
28940 + 88
28941 # 1504
28941 - 88 1
28941 + 88
28942 # 1504
28942 - 88 1
28942 + 88
28943 # 1504
28943 - 88 1
28943 + 88
28944 # 1504
28944 - 88 1
28944 + 88
28944 + 108
28945 # 1504
28945 - 88 1
28945 - 108 1
28945 + 88
28946 # 1504
28946 - 88 1
28946 + 88
28947 # 1504
28947 - 88 1
28947 + 88
28948 # 1504
28948 - 88 1
28948 + 88
28949 # 1504
28949 - 88 1
28949 + 88
28950 # 1504
28950 - 88 1
28950 + 88
28951 # 1504
28951 - 88 1
28951 + 88
28952 # 1504
28952 - 88 1
28952 + 88
28952 + 88
28953 # 1504
28953 - 88 1
28953 - 88 1
28954 # 1504
28954 + 88
28954 + 88
28955 # 1504
28955 - 88 1
28955 - 88 1
28955 + 88
28955 + 108
28956 # 1504
28956 - 88 1
28956 - 108 1
28956 + 88
28957 # 1504
28957 - 88 1
28957 + 88
28958 # 1504
28958 - 88 1
28958 + 88
28959 # 1504
28959 - 88 1
28959 + 88
28960 # 1504
28960 - 88 1
28960 + 88
28960 + 100
28961 # 1504
28961 - 88 1
28961 - 100 1
28961 + 88
28962 # 1504
28962 - 88 1
28962 + 88
28963 # 1504
28963 - 88 1
28963 + 88
28964 # 1504
28964 - 88 1
28964 + 88
28965 # 1504
28965 - 88 1
28965 + 88
28966 # 1504
28966 - 88 1
28966 + 88
28967 # 1504
28967 - 88 1
28967 + 88
28968 # 1504
28968 - 88 1
28968 + 88
28969 # 1504
28969 - 88 1
28969 + 88
28970 # 1504
28970 - 88 1
28970 + 88
28970 + 108
28971 # 1504
28971 - 88 1
28971 - 108 1
28971 + 88
28972 # 1504
28972 - 88 1
28972 + 88
28972 + 88
28973 # 1504
28973 - 88 1
28973 - 88 1
28973 + 88
28974 # 1504
28974 - 88 1
28974 + 88
28975 # 1504
28975 - 88 1
28975 + 88
28976 # 1504
28976 - 88 1
28976 + 88
28977 # 1504
28977 - 88 1
28977 + 88
28978 # 1504
28978 - 88 1
28978 + 88
28979 # 1504
28979 - 88 1
28979 + 88
28980 # 1504
28980 - 88 1
28980 + 88
28981 # 1504
28981 - 88 1
28981 + 88
28981 + 108
28982 # 1504
28982 - 88 1
28982 - 108 1
28982 + 88
28983 # 1504
28983 - 88 1
28983 + 88
28984 # 1504
28984 - 88 1
28984 + 88
28985 # 1504
28985 - 88 1
28985 + 88
28986 # 1504
28986 - 88 1
28986 + 88
28987 # 1504
28987 - 88 1
28987 + 88
28988 # 1504
28988 - 88 1
28988 + 88
28989 # 1504
28989 - 88 1
28989 + 88
28990 # 1504
28990 - 88 1
28990 + 88
28991 # 1504
28991 - 88 1
28991 + 88
28992 # 1504
28992 - 88 1
28992 + 88
28992 + 108
28993 # 1504
28993 - 88 1
28993 - 108 1
28993 + 88
28994 # 1504
28994 - 88 1
28994 + 88
28995 # 1504
28995 - 88 1
28995 + 88
28996 # 1504
28996 - 88 1
28996 + 88
28997 # 1504
28997 - 88 1
28997 + 88
28998 # 1504
28998 - 88 1
28998 + 88
28999 # 1504
28999 - 88 1
28999 + 88
28999 + 88
29000 # 1504
29000 - 88 1
29000 - 88 1
29000 + 88
29001 # 1504
29001 - 88 1
29001 + 88
29002 # 1504
29002 - 88 1
29002 + 88
29002 + 108
29003 # 1504
29003 - 88 1
29003 - 108 1
29003 + 88
29004 # 1504
29004 - 88 1
29004 + 88
29005 # 1504
29005 - 88 1
29005 + 88
29006 # 1504
29006 - 88 1
29006 + 88
29007 # 1504
29007 - 88 1
29007 + 88
29008 # 1504
29008 - 88 1
29008 + 88
29009 # 1504
29009 - 88 1
29009 + 88
29010 # 1504
29010 - 88 1
29010 + 88
29011 # 1504
29011 - 88 1
29011 + 88
29012 # 1504
29012 - 88 1
29012 + 88
29013 # 1504
29013 - 88 1
29013 + 88
29013 + 108
29014 # 1504
29014 - 88 1
29014 - 108 1
29014 + 88
29015 # 1504
29015 - 88 1
29015 + 88
29016 # 1504
29016 - 88 1
29016 + 88
29017 # 1504
29017 - 88 1
29017 + 88
29018 # 1504
29018 - 88 1
29018 + 88
29019 # 1504
29019 - 88 1
29019 + 88
29020 # 1504
29020 - 88 1
29020 + 88
29021 # 1504
29021 - 88 1
29021 + 88
29022 # 1504
29022 - 88 1
29022 + 88
29023 # 1504
29023 - 88 1
29024 # 1504
29024 + 88
29024 + 108
29024 + 88
29024 + 88
29025 # 1504
29025 - 88 1
29025 - 108 1
29025 - 88 1
29025 - 88 1
29025 + 88
29026 # 1504
29026 - 88 1
29026 + 88
29027 # 1504
29027 - 88 1
29027 + 88
29028 # 1504
29028 - 88 1
29028 + 88
29029 # 1504
29029 - 88 1
29029 + 88
29030 # 1504
29030 - 88 1
29030 + 88
29031 # 1504
29031 - 88 1
29031 + 88
29031 + 100
29032 # 1504
29032 - 88 1
29032 - 100 1
29032 + 88
29033 # 1504
29033 - 88 1
29033 + 88
29034 # 1504
29034 - 88 1
29034 + 88
29035 # 1504
29035 - 88 1
29035 + 88
29036 # 1504
29036 - 88 1
29036 + 88
29037 # 1504
29037 - 88 1
29037 + 88
29038 # 1504
29038 - 88 1
29038 + 88
29039 # 1504
29039 - 88 1
29039 + 88
29040 # 1504
29040 - 88 1
29040 + 88
29041 # 1504
29041 - 88 1
29041 + 88
29042 # 1504
29042 - 88 1
29042 + 88
29042 + 108
29043 # 1504
29043 - 88 1
29043 - 108 1
29043 + 88
29044 # 1504
29044 - 88 1
29044 + 88
29044 + 88
29045 # 1504
29045 - 88 1
29045 - 88 1
29045 + 88
29046 # 1504
29046 - 88 1
29046 + 88
29047 # 1504
29047 - 88 1
29047 + 88
29048 # 1504
29048 - 88 1
29048 + 88
29049 # 1504
29049 - 88 1
29049 + 88
29050 # 1504
29050 - 88 1
29050 + 88
29051 # 1504
29051 - 88 1
29051 + 88
29052 # 1504
29052 - 88 1
29052 + 88
29052 + 108
29053 # 1504
29053 - 88 1
29053 - 108 1
29053 + 88
29054 # 1504
29054 - 88 1
29054 + 88
29055 # 1504
29055 - 88 1
29055 + 88
29056 # 1504
29056 - 88 1
29056 + 88
29057 # 1504
29057 - 88 1
29057 + 88
29058 # 1504
29058 - 88 1
29058 + 88
29059 # 1504
29059 - 88 1
29059 + 88
29060 # 1504
29060 - 88 1
29060 + 88
29061 # 1504
29061 - 88 1
29061 + 88
29062 # 1504
29062 - 88 1
29062 + 88
29062 + 108
29063 # 1504
29063 - 88 1
29063 - 108 1
29063 + 88
29064 # 1504
29064 - 88 1
29064 + 88
29065 # 1504
29065 - 88 1
29065 + 88
29066 # 1504
29066 - 88 1
29066 + 88
29067 # 1504
29067 - 88 1
29067 + 88
29068 # 1504
29068 - 88 1
29068 + 88
29069 # 1504
29069 - 88 1
29069 + 88
29069 + 88
29070 # 1504
29070 - 88 1
29070 - 88 1
29070 + 88
29071 # 1504
29071 - 88 1
29071 + 88
29072 # 1504
29072 - 88 1
29072 + 88
29072 + 108
29073 # 1504
29073 - 88 1
29073 - 108 1
29073 + 88
29074 # 1504
29074 - 88 1
29074 + 88
29075 # 1504
29075 - 88 1
29075 + 88
29076 # 1504
29076 - 88 1
29076 + 88
29077 # 1504
29077 - 88 1
29077 + 88
29078 # 1504
29078 - 88 1
29078 + 88
29079 # 1504
29079 - 88 1
29079 + 88
29080 # 1504
29080 - 88 1
29081 # 1504
29081 + 88
29082 # 1504
29082 - 88 1
29082 + 88
29082 + 88
29083 # 1504
29083 - 88 1
29083 - 88 1
29083 + 88
29083 + 108
29084 # 1504
29084 - 88 1
29084 - 108 1
29084 + 88
29085 # 1504
29085 - 88 1
29085 + 88
29086 # 1504
29086 - 88 1
29086 + 88
29087 # 1504
29087 - 88 1
29087 + 88
29088 # 1504
29088 - 88 1
29088 + 88
29089 # 1504
29089 - 88 1
29089 + 88
29090 # 1504
29090 - 88 1
29091 # 1504
29091 + 88
29091 + 88
29092 # 1504
29092 - 88 1
29092 - 88 1
29092 + 88
29093 # 1504
29093 - 88 1
29093 + 88
29094 # 1504
29094 - 88 1
29094 + 88
29094 + 108
29095 # 1504
29095 - 88 1
29095 - 108 1
29095 + 88
29096 # 1504
29096 - 88 1
29096 + 88
29096 + 88
29097 # 1504
29097 - 88 1
29097 - 88 1
29097 + 88
29098 # 1504
29098 - 88 1
29098 + 88
29099 # 1504
29099 - 88 1
29099 + 88
29100 # 1504
29100 - 88 1
29101 # 1504
29101 + 88
29101 + 88
29102 # 1504
29102 - 88 1
29102 - 88 1
29102 + 88
29102 + 100
29103 # 1504
29103 - 88 1
29103 - 100 1
29103 + 88
29104 # 1504
29104 - 88 1
29104 + 88
29105 # 1504
29105 - 88 1
29105 + 88
29106 # 1504
29106 - 88 1
29106 + 88
29107 # 1504
29107 - 88 1
29107 + 88
29108 # 1504
29108 - 88 1
29109 # 1504
29109 + 88
29110 # 1504
29110 - 88 1
29110 + 88
29110 + 88
29111 # 1504
29111 - 88 1
29111 - 88 1
29111 + 88
29112 # 1504
29112 - 88 1
29112 + 88
29112 + 108
29113 # 1504
29113 - 88 1
29113 - 108 1
29113 + 88
29114 # 1504
29114 - 88 1
29114 + 88
29115 # 1504
29115 - 88 1
29115 + 88
29116 # 1504
29116 - 88 1
29116 + 88
29116 + 88
29117 # 1504
29117 - 88 1
29117 - 88 1
29117 + 88
29118 # 1504
29118 - 88 1
29119 # 1504
29119 + 88
29119 + 88
29120 # 1504
29120 - 88 1
29120 - 88 1
29120 + 88
29121 # 1504
29121 - 88 1
29121 + 88
29122 # 1504
29122 - 88 1
29122 + 88
29122 + 108
29123 # 1504
29123 - 88 1
29123 - 108 1
29123 + 88
29124 # 1504
29124 - 88 1
29124 + 88
29125 # 1504
29125 - 88 1
29126 # 1504
29126 + 88
29126 + 88
29127 # 1504
29127 - 88 1
29127 - 88 1
29127 + 88
29128 # 1504
29128 - 88 1
29128 + 88
29129 # 1504
29129 - 88 1
29129 + 88
29130 # 1504
29130 - 88 1
29130 + 88
29131 # 1504
29131 - 88 1
29131 + 88
29132 # 1504
29132 - 88 1
29133 # 1504
29133 + 88
29133 + 108
29133 + 88
29134 # 1504
29134 - 88 1
29134 - 108 1
29134 - 88 1
29134 + 88
29135 # 1504
29135 - 88 1
29135 + 88
29136 # 1504
29136 - 88 1
29136 + 88
29137 # 1504
29137 - 88 1
29137 + 88
29138 # 1504
29138 - 88 1
29139 # 1504
29139 + 88
29139 + 88
29140 # 1504
29140 - 88 1
29140 - 88 1
29140 + 88
29141 # 1504
29141 - 88 1
29141 + 88
29142 # 1504
29142 - 88 1
29142 + 88
29142 + 88
29143 # 1504
29143 - 88 1
29143 - 88 1
29143 + 88
29143 + 108
29144 # 1504
29144 - 88 1
29144 - 108 1
29145 # 1504
29145 + 88
29146 # 1504
29146 - 88 1
29146 + 88
29146 + 88
29147 # 1504
29147 - 88 1
29147 - 88 1
29147 + 88
29148 # 1504
29148 - 88 1
29148 + 88
29149 # 1504
29149 - 88 1
29149 + 88
29150 # 1504
29150 - 88 1
29150 + 88
29151 # 1504
29151 - 88 1
29152 # 1504
29152 + 88
29153 # 1504
29153 - 88 1
29153 + 88
29153 + 88
29154 # 1504
29154 - 88 1
29154 - 88 1
29154 + 88
29154 + 108
29155 # 1504
29155 - 88 1
29155 - 108 1
29155 + 88
29156 # 1504
29156 - 88 1
29156 + 88
29157 # 1504
29157 - 88 1
29157 + 88
29158 # 1504
29158 - 88 1
29158 + 88
29159 # 1504
29159 - 88 1
29159 + 88
29160 # 1504
29160 - 88 1
29160 + 88
29161 # 1504
29161 - 88 1
29161 + 88
29162 # 1504
29162 - 88 1
29162 + 88
29163 # 1504
29163 - 88 1
29163 + 88
29164 # 1504
29164 - 88 1
29164 + 88
29164 + 108
29165 # 1504
29165 - 88 1
29165 - 108 1
29165 + 88
29166 # 1504
29166 - 88 1
29166 + 88
29167 # 1504
29167 - 88 1
29167 + 88
29168 # 1504
29168 - 88 1
29168 + 88
29169 # 1504
29169 - 88 1
29169 + 88
29169 + 88
29170 # 1504
29170 - 88 1
29170 - 88 1
29170 + 88
29171 # 1504
29171 - 88 1
29171 + 88
29172 # 1504
29172 - 88 1
29172 + 88
29173 # 1504
29173 - 88 1
29173 + 88
29173 + 100
29174 # 1504
29174 - 88 1
29174 - 100 1
29174 + 88
29175 # 1504
29175 - 88 1
29175 + 88
29176 # 1504
29176 - 88 1
29177 # 1504
29177 + 88
29178 # 1504
29178 - 88 1
29178 + 88
29178 + 88
29179 # 1504
29179 - 88 1
29179 - 88 1
29179 + 88
29180 # 1504
29180 - 88 1
29180 + 88
29181 # 1504
29181 - 88 1
29181 + 88
29182 # 1504
29182 - 88 1
29182 + 88
29183 # 1504
29183 - 88 1
29183 + 88
29184 # 1504
29184 - 88 1
29184 + 88
29184 + 108
29185 # 1504
29185 - 88 1
29185 - 108 1
29185 + 88
29186 # 1504
29186 - 88 1
29186 + 88
29187 # 1504
29187 - 88 1
29187 + 88
29188 # 1504
29188 - 88 1
29188 + 88
29189 # 1504
29189 - 88 1
29189 + 88
29189 + 88
29190 # 1504
29190 - 88 1
29190 - 88 1
29190 + 88
29191 # 1504
29191 - 88 1
29191 + 88
29192 # 1504
29192 - 88 1
29192 + 88
29193 # 1504
29193 - 88 1
29194 # 1504
29194 + 88
29194 + 88
29195 # 1504
29195 - 88 1
29195 - 88 1
29195 + 88
29195 + 108
29196 # 1504
29196 - 88 1
29196 - 108 1
29196 + 88
29197 # 1504
29197 - 88 1
29197 + 88
29198 # 1504
29198 - 88 1
29198 + 88
29199 # 1504
29199 - 88 1
29199 + 88
29200 # 1504
29200 - 88 1
29200 + 88
29201 # 1504
29201 - 88 1
29201 + 88
29202 # 1504
29202 - 88 1
29202 + 88
29203 # 1504
29203 - 88 1
29203 + 88
29204 # 1504
29204 - 88 1
29204 + 88
29205 # 1504
29205 - 88 1
29205 + 88
29206 # 1504
29206 - 88 1
29206 + 88
29206 + 108
29207 # 1504
29207 - 88 1
29207 - 108 1
29207 + 88
29208 # 1504
29208 - 88 1
29208 + 88
29209 # 1504
29209 - 88 1
29209 + 88
29210 # 1504
29210 - 88 1
29210 + 88
29211 # 1504
29211 - 88 1
29211 + 88
29212 # 1504
29212 - 88 1
29213 # 1504
29213 + 88
29213 + 88
29214 # 1504
29214 - 88 1
29214 - 88 1
29214 + 88
29215 # 1504
29215 - 88 1
29215 + 88
29215 + 88
29216 # 1504
29216 - 88 1
29216 - 88 1
29216 + 88
29216 + 108
29217 # 1504
29217 - 88 1
29217 - 108 1
29217 + 88
29218 # 1504
29218 - 88 1
29218 + 88
29219 # 1504
29219 - 88 1
29219 + 88
29220 # 1504
29220 - 88 1
29220 + 88
29221 # 1504
29221 - 88 1
29222 # 1504
29222 + 88
29222 + 88
29223 # 1504
29223 - 88 1
29223 - 88 1
29223 + 88
29224 # 1504
29224 - 88 1
29225 # 1504
29225 + 88
29225 + 88
29226 # 1504
29226 - 88 1
29226 - 88 1
29226 + 88
29227 # 1504
29227 - 88 1
29228 # 1504
29228 + 88
29228 + 108
29228 + 88
29229 # 1504
29229 - 88 1
29229 - 108 1
29229 - 88 1
29229 + 88
29230 # 1504
29230 - 88 1
29230 + 88
29231 # 1504
29231 - 88 1
29231 + 88
29232 # 1504
29232 - 88 1
29232 + 88
29233 # 1504
29233 - 88 1
29234 # 1504
29234 + 88
29234 + 88
29235 # 1504
29235 - 88 1
29235 - 88 1
29235 + 88
29236 # 1504
29236 - 88 1
29236 + 88
29237 # 1504
29237 - 88 1
29237 + 88
29238 # 1504
29238 - 88 1
29238 + 88
29238 + 108
29239 # 1504
29239 - 88 1
29239 - 108 1
29240 # 1504
29240 + 88
29240 + 88
29241 # 1504
29241 - 88 1
29241 - 88 1
29242 # 1504
29242 + 88
29242 + 88
29242 + 88
29243 # 1504
29243 - 88 1
29243 - 88 1
29243 - 88 1
29243 + 88
29244 # 1504
29244 - 88 1
29245 # 1504
29245 + 88
29245 + 100
29245 + 88
29246 # 1504
29246 - 88 1
29246 - 100 1
29246 - 88 1
29246 + 88
29247 # 1504
29247 - 88 1
29248 # 1504
29248 + 88
29248 + 88
29249 # 1504
29249 - 88 1
29249 - 88 1
29249 + 88
29250 # 1504
29250 - 88 1
29250 + 88
29251 # 1504
29251 - 88 1
29251 + 88
29252 # 1504
29252 - 88 1
29252 + 88
29253 # 1504
29253 - 88 1
29253 + 88
29254 # 1504
29254 - 88 1
29254 + 88
29255 # 1504
29255 - 88 1
29255 + 88
29255 + 108
29256 # 1504
29256 - 88 1
29256 - 108 1
29256 + 88
29257 # 1504
29257 - 88 1
29258 # 1504
29258 + 88
29258 + 88
29259 # 1504
29259 - 88 1
29259 - 88 1
29259 + 88
29260 # 1504
29260 - 88 1
29261 # 1504
29261 + 88
29261 + 88
29262 # 1504
29262 - 88 1
29262 - 88 1
29262 + 88
29263 # 1504
29263 - 88 1
29263 + 88
29264 # 1504
29264 - 88 1
29265 # 1504
29265 + 88
29265 + 88
29265 + 88
29266 # 1504
29266 - 88 1
29266 - 88 1
29266 - 88 1
29266 + 88
29266 + 108
29267 # 1504
29267 - 88 1
29267 - 108 1
29267 + 88
29268 # 1504
29268 - 88 1
29269 # 1504
29269 + 88
29269 + 88
29270 # 1504
29270 - 88 1
29270 - 88 1
29270 + 88
29271 # 1504
29271 - 88 1
29272 # 1504
29272 + 88
29272 + 88
29273 # 1504
29273 - 88 1
29273 - 88 1
29273 + 88
29274 # 1504
29274 - 88 1
29274 + 88
29275 # 1504
29275 - 88 1
29276 # 1504
29276 + 88
29277 # 1504
29277 - 88 1
29277 + 88
29277 + 108
29278 # 1504
29278 - 88 1
29278 - 108 1
29279 # 1504
29279 + 88
29280 # 1504
29280 - 88 1
29280 + 88
29281 # 1504
29281 - 88 1
29281 + 88
29282 # 1504
29282 - 88 1
29283 # 1504
29283 + 88
29284 # 1504
29284 - 88 1
29284 + 88
29285 # 1504
29285 - 88 1
29286 # 1504
29286 + 88
29286 + 88
29287 # 1504
29287 - 88 1
29287 - 88 1
29288 # 1504
29288 + 88
29288 + 108
29289 # 1504
29289 - 88 1
29289 - 108 1
29290 # 1504
29290 + 88
29290 + 88
29291 # 1504
29291 - 88 1
29291 - 88 1
29292 # 1504
29292 + 88
29293 # 1504
29293 - 88 1
29293 + 88
29294 # 1504
29294 - 88 1
29295 # 1504
29295 + 88
29296 # 1504
29296 - 88 1
29296 + 88
29297 # 1504
29297 - 88 1
29297 + 88
29298 # 1504
29298 - 88 1
29298 + 88
29298 + 108
29299 # 1504
29299 - 88 1
29299 - 108 1
29300 # 1504
29300 + 88
29301 # 1504
29301 - 88 1
29301 + 88
29302 # 1504
29302 - 88 1
29302 + 88
29303 # 1504
29303 - 88 1
29304 # 1504
29304 + 88
29305 # 1504
29305 - 88 1
29305 + 88
29306 # 1504
29306 - 88 1
29306 + 88
29307 # 1504
29307 - 88 1
29308 # 1504
29308 + 88
29309 # 1504
29309 - 88 1
29310 # 1504
29310 + 88
29310 + 108
29311 # 1504
29311 - 88 1
29311 - 108 1
29311 + 88
29312 # 1504
29312 - 88 1
29312 + 88
29313 # 1504
29313 - 88 1
29314 # 1504
29314 + 88
29315 # 1504
29315 - 88 1
29315 + 88
29316 # 1504
29316 - 88 1
29317 # 1504
29317 + 88
29318 # 1504
29318 - 88 1
29318 + 88
29319 # 1504
29319 - 88 1
29320 # 1504
29320 + 88
29321 # 1504
29321 - 88 1
29321 + 88
29321 + 108
29322 # 1504
29322 - 88 1
29322 - 108 1
29322 + 88
29323 # 1504
29323 - 88 1
29323 + 88
29324 # 1504
29324 - 88 1
29325 # 1504
29325 + 88
29326 # 1504
29326 - 88 1
29326 + 88
29327 # 1504
29327 - 88 1
29327 + 88
29328 # 1504
29328 - 88 1
29328 + 88
29329 # 1504
29329 - 88 1
29330 # 1504
29330 + 88
29331 # 1504
29331 - 88 1
29331 + 88
29331 + 108
29332 # 1504
29332 - 88 1
29332 - 108 1
29333 # 1504
29333 + 88
29333 + 100
29334 # 1504
29334 - 88 1
29334 - 100 1
29334 + 88
29335 # 1504
29335 - 88 1
29336 # 1504
29336 + 88
29337 # 1504
29337 - 88 1
29337 + 88
29338 # 1504
29338 - 88 1
29339 # 1504
29339 + 88
29340 # 1504
29340 - 88 1
29340 + 88
29341 # 1504
29341 - 88 1
29341 + 88
29342 # 1504
29342 - 88 1
29343 # 1504
29343 + 88
29343 + 108
29344 # 1504
29344 - 88 1
29344 - 108 1
29344 + 88
29345 # 1504
29345 - 88 1
29346 # 1504
29346 + 88
29347 # 1504
29347 - 88 1
29347 + 88
29348 # 1504
29348 - 88 1
29348 + 88
29349 # 1504
29349 - 88 1
29350 # 1504
29350 + 88
29351 # 1504
29351 - 88 1
29351 + 88
29352 # 1504
29352 - 88 1
29352 + 88
29353 # 1504
29353 - 88 1
29354 # 1504
29354 + 88
29354 + 108
29355 # 1504
29355 - 88 1
29355 - 108 1
29355 + 88
29356 # 1504
29356 - 88 1
29357 # 1504
29357 + 88
29358 # 1504
29358 - 88 1
29358 + 88
29359 # 1504
29359 - 88 1
29359 + 88
29360 # 1504
29360 - 88 1
29360 + 88
29361 # 1504
29361 - 88 1
29362 # 1504
29362 + 88
29363 # 1504
29363 - 88 1
29364 # 1504
29364 + 88
29365 # 1504
29365 - 88 1
29365 + 88
29365 + 108
29366 # 1504
29366 - 88 1
29366 - 108 1
29367 # 1504
29367 + 88
29368 # 1504
29368 - 88 1
29368 + 88
29369 # 1504
29369 - 88 1
29369 + 88
29370 # 1504
29370 - 88 1
29371 # 1504
29371 + 88
29372 # 1504
29372 - 88 1
29373 # 1504
29373 + 88
29374 # 1504
29374 - 88 1
29374 + 88
29375 # 1504
29375 - 88 1
29375 + 88
29376 # 1504
29376 - 88 1
29376 + 88
29376 + 108
29377 # 1504
29377 - 88 1
29377 - 108 1
29378 # 1504
29378 + 88
29379 # 1504
29379 - 88 1
29379 + 88
29380 # 1504
29380 - 88 1
29380 + 88
29381 # 1504
29381 - 88 1
29381 + 88
29382 # 1504
29382 - 88 1
29383 # 1504
29383 + 88
29384 # 1504
29384 - 88 1
29384 + 88
29385 # 1504
29385 - 88 1
29385 + 88
29386 # 1504
29386 - 88 1
29386 + 88
29386 + 108
29387 # 1504
29387 - 88 1
29387 - 108 1
29388 # 1504
29388 + 88
29389 # 1504
29389 - 88 1
29389 + 88
29390 # 1504
29390 - 88 1
29391 # 1504
29391 + 88
29392 # 1504
29392 - 88 1
29392 + 88
29393 # 1504
29393 - 88 1
29393 + 88
29394 # 1504
29394 - 88 1
29394 + 88
29395 # 1504
29395 - 88 1
29396 # 1504
29396 + 88
29397 # 1504
29397 - 88 1
29397 + 88
29397 + 108
29398 # 1504
29398 - 88 1
29398 - 108 1
29398 + 88
29399 # 1504
29399 - 88 1
29399 + 88
29400 # 1504
29400 - 88 1
29401 # 1504
29401 + 88
29402 # 1504
29402 - 88 1
29402 + 88
29403 # 1504
29403 - 88 1
29403 + 88
29404 # 1504
29404 - 88 1
29404 + 88
29405 # 1504
29405 - 88 1
29405 + 88
29406 # 1504
29406 - 88 1
29407 # 1504
29407 + 88
29408 # 1504
29408 - 88 1
29408 + 88
29408 + 108
29409 # 1504
29409 - 88 1
29409 - 108 1
29409 + 88
29410 # 1504
29410 - 88 1
29411 # 1504
29411 + 88
29412 # 1504
29412 - 88 1
29412 + 88
29413 # 1504
29413 - 88 1
29413 + 88
29414 # 1504
29414 - 88 1
29415 # 1504
29415 + 88
29416 # 1504
29416 - 88 1
29416 + 88
29417 # 1504
29417 - 88 1
29417 + 88
29418 # 1504
29418 - 88 1
29419 # 1504
29419 + 88
29419 + 108
29420 # 1504
29420 - 88 1
29420 - 108 1
29420 + 88
29421 # 1504
29421 - 88 1
29421 + 88
29422 # 1504
29422 - 88 1
29423 # 1504
29423 + 88
29424 # 1504
29424 - 88 1
29424 + 88
29425 # 1504
29425 - 88 1
29425 + 88
29426 # 1504
29426 - 88 1
29427 # 1504
29427 + 88
29428 # 1504
29428 - 88 1
29428 + 88
29429 # 1504
29429 - 88 1
29429 + 88
29429 + 108
29430 # 1504
29430 - 88 1
29430 - 108 1
29430 + 88
29431 # 1504
29431 - 88 1
29432 # 1504
29432 + 88
29432 + 100
29433 # 1504
29433 - 88 1
29433 - 100 1
29433 + 88
29434 # 1504
29434 - 88 1
29435 # 1504
29435 + 88
29436 # 1504
29436 - 88 1
29436 + 88
29437 # 1504
29437 - 88 1
29438 # 1504
29438 + 88
29439 # 1504
29439 - 88 1
29439 + 88
29440 # 1504
29440 - 88 1
29440 + 88
29441 # 1504
29441 - 88 1
29441 + 88
29442 # 1504
29442 - 88 1
29443 # 1504
29443 + 88
29443 + 108
29444 # 1504
29444 - 88 1
29444 - 108 1
29444 + 88
29445 # 1504
29445 - 88 1
29445 + 88
29446 # 1504
29446 - 88 1
29446 + 88
29447 # 1504
29447 - 88 1
29448 # 1504
29448 + 88
29449 # 1504
29449 - 88 1
29449 + 88
29450 # 1504
29450 - 88 1
29450 + 88
29451 # 1504
29451 - 88 1
29452 # 1504
29452 + 88
29453 # 1504
29453 - 88 1
29453 + 88
29453 + 108
29454 # 1504
29454 - 88 1
29454 - 108 1
29455 # 1504
29455 + 88
29456 # 1504
29456 - 88 1
29456 + 88
29457 # 1504
29457 - 88 1
29458 # 1504
29458 + 88
29459 # 1504
29459 - 88 1
29459 + 88
29460 # 1504
29460 - 88 1
29460 + 88
29461 # 1504
29461 - 88 1
29462 # 1504
29462 + 88
29463 # 1504
29463 - 88 1
29463 + 88
29463 + 108
29464 # 1504
29464 - 88 1
29464 - 108 1
29464 + 88
29465 # 1504
29465 - 88 1
29466 # 1504
29466 + 88
29467 # 1504
29467 - 88 1
29468 # 1504
29468 + 88
29469 # 1504
29469 - 88 1
29469 + 88
29470 # 1504
29470 - 88 1
29471 # 1504
29471 + 88
29472 # 1504
29472 - 88 1
29472 + 88
29473 # 1504
29473 - 88 1
29473 + 88
29473 + 108
29474 # 1504
29474 - 88 1
29474 - 108 1
29475 # 1504
29475 + 88
29476 # 1504
29476 - 88 1
29477 # 1504
29477 + 88
29478 # 1504
29478 - 88 1
29478 + 88
29479 # 1504
29479 - 88 1
29479 + 88
29480 # 1504
29480 - 88 1
29480 + 88
29481 # 1504
29481 - 88 1
29482 # 1504
29482 + 88
29483 # 1504
29483 - 88 1
29483 + 88
29484 # 1504
29484 - 88 1
29484 + 88
29484 + 108
29485 # 1504
29485 - 88 1
29485 - 108 1
29486 # 1504
29486 + 88
29487 # 1504
29487 - 88 1
29487 + 88
29488 # 1504
29488 - 88 1
29488 + 88
29489 # 1504
29489 - 88 1
29490 # 1504
29490 + 88
29491 # 1504
29491 - 88 1
29491 + 88
29492 # 1504
29492 - 88 1
29492 + 88
29493 # 1504
29493 - 88 1
29493 + 88
29494 # 1504
29494 - 88 1
29495 # 1504
29495 + 88
29495 + 108
29496 # 1504
29496 - 88 1
29496 - 108 1
29497 # 1504
29497 + 88
29497 + 88
29498 # 1504
29498 - 88 1
29498 - 88 1
29499 # 1504
29499 + 88
29500 # 1504
29500 - 88 1
29501 # 1504
29501 + 88
29502 # 1504
29502 - 88 1
29502 + 88
29503 # 1504
29503 - 88 1
29503 + 88
29504 # 1504
29504 - 88 1
29504 + 88
29505 # 1504
29505 - 88 1
29506 # 1504
29506 + 88
29506 + 108
29507 # 1504
29507 - 88 1
29507 - 108 1
29507 + 88
29508 # 1504
29508 - 88 1
29508 + 88
29509 # 1504
29509 - 88 1
29510 # 1504
29510 + 88
29511 # 1504
29511 - 88 1
29511 + 88
29512 # 1504
29512 - 88 1
29512 + 88
29513 # 1504
29513 - 88 1
29514 # 1504
29514 + 88
29515 # 1504
29515 - 88 1
29515 + 88
29516 # 1504
29516 - 88 1
29516 + 88
29516 + 108
29517 # 1504
29517 - 88 1
29517 - 108 1
29518 # 1504
29518 + 88
29518 + 88
29519 # 1504
29519 - 88 1
29519 - 88 1
29520 # 1504
29520 + 88
29521 # 1504
29521 - 88 1
29521 + 88
29522 # 1504
29522 - 88 1
29523 # 1504
29523 + 88
29524 # 1504
29524 - 88 1
29524 + 88
29525 # 1504
29525 - 88 1
29526 # 1504
29526 + 88
29527 # 1504
29527 - 88 1
29528 # 1504
29528 + 88
29528 + 108
29529 # 1504
29529 - 88 1
29529 - 108 1
29529 + 88
29530 # 1504
29530 - 88 1
29530 + 88
29531 # 1504
29531 - 88 1
29532 # 1504
29532 + 88
29533 # 1504
29533 - 88 1
29533 + 88
29533 + 100
29534 # 1504
29534 - 88 1
29534 - 100 1
29534 + 88
29535 # 1504
29535 - 88 1
29536 # 1504
29536 + 88
29537 # 1504
29537 - 88 1
29537 + 88
29538 # 1504
29538 - 88 1
29539 # 1504
29539 + 88
29540 # 1504
29540 - 88 1
29540 + 88
29541 # 1504
29541 - 88 1
29542 # 1504
29542 + 88
29543 # 1504
29543 - 88 1
29543 + 88
29543 + 108
29544 # 1504
29544 - 88 1
29544 - 108 1
29545 # 1504
29545 + 88
29546 # 1504
29546 - 88 1
29546 + 88
29547 # 1504
29547 - 88 1
29547 + 88
29548 # 1504
29548 - 88 1
29549 # 1504
29549 + 88
29550 # 1504
29550 - 88 1
29550 + 88
29551 # 1504
29551 - 88 1
29552 # 1504
29552 + 88
29553 # 1504
29553 - 88 1
29553 + 88
29554 # 1504
29554 - 88 1
29554 + 88
29554 + 108
29555 # 1504
29555 - 88 1
29555 - 108 1
29555 + 88
29556 # 1504
29556 - 88 1
29557 # 1504
29557 + 88
29558 # 1504
29558 - 88 1
29558 + 88
29559 # 1504
29559 - 88 1
29560 # 1504
29560 + 88
29561 # 1504
29561 - 88 1
29561 + 88
29562 # 1504
29562 - 88 1
29563 # 1504
29563 + 88
29564 # 1504
29564 - 88 1
29564 + 88
29565 # 1504
29565 - 88 1
29566 # 1504
29566 + 88
29566 + 108
29567 # 1504
29567 - 88 1
29567 - 108 1
29567 + 88
29568 # 1504
29568 - 88 1
29569 # 1504
29569 + 88
29570 # 1504
29570 - 88 1
29570 + 88
29571 # 1504
29571 - 88 1
29572 # 1504
29572 + 88
29573 # 1504
29573 - 88 1
29573 + 88
29574 # 1504
29574 - 88 1
29575 # 1504
29575 + 88
29576 # 1504
29576 - 88 1
29577 # 1504
29577 + 88
29577 + 108
29578 # 1504
29578 - 88 1
29578 - 108 1
29578 + 88
29579 # 1504
29579 - 88 1
29580 # 1504
29580 + 88
29581 # 1504
29581 - 88 1
29581 + 88
29582 # 1504
29582 - 88 1
29583 # 1504
29583 + 88
29584 # 1504
29584 - 88 1
29584 + 88
29585 # 1504
29585 - 88 1
29586 # 1504
29586 + 88
29587 # 1504
29587 - 88 1
29588 # 1504
29588 + 88
29588 + 108
29589 # 1504
29589 - 88 1
29589 - 108 1
29589 + 88
29590 # 1504
29590 - 88 1
29591 # 1504
29591 + 88
29592 # 1504
29592 - 88 1
29592 + 88
29593 # 1504
29593 - 88 1
29594 # 1504
29594 + 88
29595 # 1504
29595 - 88 1
29596 # 1504
29596 + 88
29597 # 1504
29597 - 88 1
29597 + 88
29598 # 1504
29598 - 88 1
29599 # 1504
29600 # 1504
29600 + 88
29600 + 108
29601 # 1504
29601 - 88 1
29601 - 108 1
29601 + 88
29602 # 1504
29602 - 88 1
29603 # 1504
29603 + 88
29604 # 1504
29604 - 88 1
29605 # 1504
29605 + 88
29606 # 1504
29606 - 88 1
29607 # 1504
29607 + 88
29608 # 1504
29608 - 88 1
29608 + 88
29609 # 1504
29609 - 88 1
29610 # 1504
29610 + 88
29611 # 1504
29611 - 88 1
29611 + 88
29611 + 108
29612 # 1504
29612 - 88 1
29612 - 108 1
29613 # 1504
29613 + 88
29614 # 1504
29614 - 88 1
29615 # 1504
29616 # 1504
29616 + 88
29616 + 88
29617 # 1504
29617 - 88 1
29617 - 88 1
29617 + 88
29618 # 1504
29618 - 88 1
29619 # 1504
29619 + 88
29620 # 1504
29620 - 88 1
29620 + 88
29621 # 1504
29621 - 88 1
29622 # 1504
29622 + 88
29622 + 108
29623 # 1504
29623 - 88 1
29623 - 108 1
29623 + 88
29624 # 1504
29624 - 88 1
29625 # 1504
29625 + 88
29626 # 1504
29626 - 88 1
29627 # 1504
29627 + 88
29628 # 1504
29628 - 88 1
29628 + 88
29629 # 1504
29629 - 88 1
29630 # 1504
29630 + 88
29631 # 1504
29631 - 88 1
29632 # 1504
29632 + 88
29632 + 108
29633 # 1504
29633 - 88 1
29633 - 108 1
29634 # 1504
29635 # 1504
29635 + 88
29636 # 1504
29636 - 88 1
29636 + 88
29637 # 1504
29637 - 88 1
29638 # 1504
29638 + 88
29639 # 1504
29639 - 88 1
29640 # 1504
29640 + 88
29641 # 1504
29641 - 88 1
29642 # 1504
29642 + 88
29643 # 1504
29643 - 88 1
29644 # 1504
29644 + 88
29644 + 108
29645 # 1504
29645 - 88 1
29645 - 108 1
29646 # 1504
29646 + 88
29647 # 1504
29647 - 88 1
29648 # 1504
29648 + 88
29649 # 1504
29649 - 88 1
29650 # 1504
29651 # 1504
29651 + 88
29652 # 1504
29652 - 88 1
29653 # 1504
29653 + 88
29653 + 100
29654 # 1504
29654 - 88 1
29654 - 100 1
29655 # 1504
29655 + 88
29656 # 1504
29656 - 88 1
29657 # 1504
29657 + 88
29658 # 1504
29658 - 88 1
29659 # 1504
29659 + 88
29660 # 1504
29660 - 88 1
29661 # 1504
29662 # 1504
29662 + 88
29663 # 1504
29663 - 88 1
29664 # 1504
29664 + 88
29664 + 108
29665 # 1504
29665 - 88 1
29665 - 108 1
29665 + 88
29666 # 1504
29666 - 88 1
29667 # 1504
29668 # 1504
29668 + 88
29669 # 1504
29669 - 88 1
29669 + 88
29670 # 1504
29670 - 88 1
29671 # 1504
29671 + 88
29672 # 1504
29672 - 88 1
29673 # 1504
29673 + 88
29674 # 1504
29674 - 88 1
29675 # 1504
29675 + 88
29675 + 108
29676 # 1504
29676 - 88 1
29676 - 108 1
29676 + 88
29677 # 1504
29677 - 88 1
29678 # 1504
29679 # 1504
29679 + 88
29680 # 1504
29680 - 88 1
29680 + 88
29681 # 1504
29681 - 88 1
29682 # 1504
29682 + 88
29683 # 1504
29683 - 88 1
29683 + 88
29684 # 1504
29684 - 88 1
29685 # 1504
29685 + 88
29685 + 108
29686 # 1504
29686 - 88 1
29686 - 108 1
29687 # 1504
29687 + 88
29688 # 1504
29688 - 88 1
29689 # 1504
29690 # 1504
29690 + 88
29691 # 1504
29691 - 88 1
29691 + 88
29692 # 1504
29692 - 88 1
29693 # 1504
29693 + 88
29694 # 1504
29694 - 88 1
29695 # 1504
29695 + 88
29696 # 1504
29696 - 88 1
29696 + 88
29696 + 108
29697 # 1504
29697 - 88 1
29697 - 108 1
29698 # 1504
29698 + 88
29699 # 1504
29699 - 88 1
29700 # 1504
29700 + 88
29701 # 1504
29701 - 88 1
29702 # 1504
29702 + 88
29703 # 1504
29703 - 88 1
29704 # 1504
29704 + 88
29705 # 1504
29705 - 88 1
29706 # 1504
29706 + 88
29707 # 1504
29707 - 88 1
29708 # 1504
29708 + 88
29708 + 108
29709 # 1504
29709 - 88 1
29709 - 108 1
29709 + 88
29710 # 1504
29710 - 88 1
29711 # 1504
29712 # 1504
29712 + 88
29713 # 1504
29713 - 88 1
29713 + 88
29714 # 1504
29714 - 88 1
29715 # 1504
29716 # 1504
29716 + 88
29717 # 1504
29717 - 88 1
29717 + 88
29718 # 1504
29718 - 88 1
29719 # 1504
29720 # 1504
29720 + 88
29720 + 108
29721 # 1504
29721 - 88 1
29721 - 108 1
29721 + 88
29722 # 1504
29722 - 88 1
29723 # 1504
29724 # 1504
29724 + 88
29725 # 1504
29725 - 88 1
29725 + 88
29726 # 1504
29726 - 88 1
29726 + 88
29727 # 1504
29727 - 88 1
29728 # 1504
29728 + 88
29729 # 1504
29729 - 88 1
29730 # 1504
29730 + 88
29731 # 1504
29731 - 88 1
29732 # 1504
29732 + 88
29732 + 108
29733 # 1504
29733 - 88 1
29733 - 108 1
29733 + 88
29734 # 1504
29734 - 88 1
29735 # 1504
29735 + 88
29736 # 1504
29736 - 88 1
29736 + 88
29737 # 1504
29737 - 88 1
29738 # 1504
29738 + 88
29739 # 1504
29739 - 88 1
29740 # 1504
29740 + 88
29741 # 1504
29741 - 88 1
29741 + 88
29742 # 1504
29742 - 88 1
29743 # 1504
29743 + 88
29743 + 108
29744 # 1504
29744 - 88 1
29744 - 108 1
29745 # 1504
29745 + 88
29746 # 1504
29746 - 88 1
29747 # 1504
29747 + 88
29748 # 1504
29748 - 88 1
29748 + 88
29749 # 1504
29749 - 88 1
29750 # 1504
29750 + 88
29751 # 1504
29751 - 88 1
29752 # 1504
29752 + 88
29753 # 1504
29753 - 88 1
29753 + 88
29754 # 1504
29754 - 88 1
29755 # 1504
29755 + 88
29755 + 108
29756 # 1504
29756 - 88 1
29756 - 108 1
29757 # 1504
29757 + 88
29758 # 1504
29758 - 88 1
29759 # 1504
29759 + 88
29760 # 1504
29760 - 88 1
29761 # 1504
29761 + 88
29762 # 1504
29762 - 88 1
29763 # 1504
29763 + 88
29764 # 1504
29764 - 88 1
29764 + 88
29765 # 1504
29765 - 88 1
29766 # 1504
29767 # 1504
29767 + 88
29767 + 108
29768 # 1504
29768 - 88 1
29768 - 108 1
29769 # 1504
29769 + 88
29770 # 1504
29770 - 88 1
29771 # 1504
29772 # 1504
29772 + 88
29773 # 1504
29773 - 88 1
29773 + 88
29774 # 1504
29774 - 88 1
29775 # 1504
29775 + 88
29776 # 1504
29776 - 88 1
29776 + 88
29777 # 1504
29777 - 88 1
29778 # 1504
29778 + 88
29778 + 108
29779 # 1504
29779 - 88 1
29779 - 108 1
29780 # 1504
29780 + 88
29781 # 1504
29781 - 88 1
29782 # 1504
29782 + 88
29783 # 1504
29783 - 88 1
29783 + 88
29784 # 1504
29784 - 88 1
29785 # 1504
29785 + 88
29786 # 1504
29786 - 88 1
29786 + 88
29787 # 1504
29787 - 88 1
29788 # 1504
29788 + 88
29788 + 100
29789 # 1504
29789 - 88 1
29789 - 100 1
29790 # 1504
29790 + 88
29791 # 1504
29791 - 88 1
29792 # 1504
29792 + 88
29793 # 1504
29793 - 88 1
29793 + 88
29794 # 1504
29794 - 88 1
29795 # 1504
29795 + 88
29796 # 1504
29796 - 88 1
29796 + 88
29797 # 1504
29797 - 88 1
29798 # 1504
29798 + 88
29799 # 1504
29799 - 88 1
29800 # 1504
29800 + 88
29800 + 108
29801 # 1504
29801 - 88 1
29801 - 108 1
29801 + 88
29802 # 1504
29802 - 88 1
29802 + 88
29803 # 1504
29803 - 88 1
29804 # 1504
29804 + 88
29805 # 1504
29805 - 88 1
29806 # 1504
29806 + 88
29807 # 1504
29807 - 88 1
29807 + 88
29808 # 1504
29808 - 88 1
29809 # 1504
29809 + 88
29810 # 1504
29810 - 88 1
29810 + 88
29810 + 108
29811 # 1504
29811 - 88 1
29811 - 108 1
29812 # 1504
29812 + 88
29813 # 1504
29813 - 88 1
29814 # 1504
29815 # 1504
29815 + 88
29816 # 1504
29816 - 88 1
29816 + 88
29817 # 1504
29817 - 88 1
29818 # 1504
29818 + 88
29819 # 1504
29819 - 88 1
29820 # 1504
29820 + 88
29821 # 1504
29821 - 88 1
29821 + 88
29821 + 108
29822 # 1504
29822 - 88 1
29822 - 108 1
29823 # 1504
29823 + 88
29824 # 1504
29824 - 88 1
29825 # 1504
29826 # 1504
29826 + 88
29827 # 1504
29827 - 88 1
29827 + 88
29828 # 1504
29828 - 88 1
29828 + 88
29829 # 1504
29829 - 88 1
29830 # 1504
29830 + 88
29831 # 1504
29831 - 88 1
29832 # 1504
29832 + 88
29832 + 108
29833 # 1504
29833 - 88 1
29833 - 108 1
29833 + 88
29834 # 1504
29834 - 88 1
29835 # 1504
29835 + 88
29836 # 1504
29836 - 88 1
29837 # 1504
29837 + 88
29838 # 1504
29838 - 88 1
29839 # 1504
29839 + 88
29840 # 1504
29840 - 88 1
29840 + 88
29841 # 1504
29841 - 88 1
29842 # 1504
29842 + 88
29842 + 108
29843 # 1504
29843 - 88 1
29843 - 108 1
29844 # 1504
29844 + 88
29845 # 1504
29845 - 88 1
29845 + 88
29846 # 1504
29846 - 88 1
29846 + 88
29847 # 1504
29847 - 88 1
29848 # 1504
29848 + 88
29849 # 1504
29849 - 88 1
29849 + 88
29850 # 1504
29850 - 88 1
29851 # 1504
29851 + 88
29852 # 1504
29852 - 88 1
29852 + 88
29852 + 108
29853 # 1504
29853 - 88 1
29853 - 108 1
29854 # 1504
29854 + 88
29855 # 1504
29855 - 88 1
29856 # 1504
29856 + 88
29857 # 1504
29857 - 88 1
29857 + 88
29858 # 1504
29858 - 88 1
29858 + 88
29859 # 1504
29859 - 88 1
29860 # 1504
29860 + 88
29861 # 1504
29861 - 88 1
29861 + 88
29862 # 1504
29862 - 88 1
29863 # 1504
29863 + 88
29863 + 108
29864 # 1504
29864 - 88 1
29864 - 108 1
29865 # 1504
29865 + 88
29866 # 1504
29866 - 88 1
29867 # 1504
29868 # 1504
29868 + 88
29868 + 88
29869 # 1504
29869 - 88 1
29869 - 88 1
29869 + 88
29870 # 1504
29870 - 88 1
29870 + 88
29871 # 1504
29871 - 88 1
29872 # 1504
29872 + 88
29873 # 1504
29873 - 88 1
29873 + 88
29873 + 108
29874 # 1504
29874 - 88 1
29874 - 108 1
29874 + 88
29875 # 1504
29875 - 88 1
29876 # 1504
29876 + 88
29877 # 1504
29877 - 88 1
29877 + 88
29878 # 1504
29878 - 88 1
29878 + 88
29879 # 1504
29879 - 88 1
29880 # 1504
29880 + 88
29881 # 1504
29881 - 88 1
29881 + 88
29882 # 1504
29882 - 88 1
29882 + 88
29883 # 1504
29883 - 88 1
29883 + 88
29883 + 108
29884 # 1504
29884 - 88 1
29884 - 108 1
29885 # 1504
29885 + 88
29886 # 1504
29886 - 88 1
29887 # 1504
29887 + 88
29887 + 88
29888 # 1504
29888 - 88 1
29888 - 88 1
29889 # 1504
29889 + 88
29890 # 1504
29890 - 88 1
29890 + 88
29891 # 1504
29891 - 88 1
29891 + 88
29892 # 1504
29892 - 88 1
29893 # 1504
29893 + 88
29894 # 1504
29894 - 88 1
29894 + 88
29894 + 108
29895 # 1504
29895 - 88 1
29895 - 108 1
29896 # 1504
29896 + 88
29897 # 1504
29897 - 88 1
29898 # 1504
29898 + 88
29898 + 88
29899 # 1504
29899 - 88 1
29899 - 88 1
29900 # 1504
29900 + 88
29901 # 1504
29901 - 88 1
29901 + 88
29901 + 100
29902 # 1504
29902 - 88 1
29902 - 100 1
29902 + 88
29903 # 1504
29903 - 88 1
29904 # 1504
29904 + 88
29905 # 1504
29905 - 88 1
29905 + 88
29906 # 1504
29906 - 88 1
29907 # 1504
29907 + 88
29908 # 1504
29908 - 88 1
29908 + 88
29909 # 1504
29909 - 88 1
29910 # 1504
29910 + 88
29911 # 1504
29911 - 88 1
29911 + 88
29911 + 108
29912 # 1504
29912 - 88 1
29912 - 108 1
29913 # 1504
29913 + 88
29914 # 1504
29914 - 88 1
29915 # 1504
29916 # 1504
29916 + 88
29916 + 88
29917 # 1504
29917 - 88 1
29917 - 88 1
29917 + 88
29918 # 1504
29918 - 88 1
29918 + 88
29919 # 1504
29919 - 88 1
29919 + 88
29920 # 1504
29920 - 88 1
29921 # 1504
29921 + 88
29922 # 1504
29922 - 88 1
29922 + 88
29922 + 108
29923 # 1504
29923 - 88 1
29923 - 108 1
29923 + 88
29924 # 1504
29924 - 88 1
29925 # 1504
29925 + 88
29926 # 1504
29926 - 88 1
29926 + 88
29927 # 1504
29927 - 88 1
29927 + 88
29928 # 1504
29928 - 88 1
29929 # 1504
29929 + 88
29930 # 1504
29930 - 88 1
29930 + 88
29931 # 1504
29931 - 88 1
29932 # 1504
29932 + 88
29933 # 1504
29933 - 88 1
29933 + 88
29933 + 108
29934 # 1504
29934 - 88 1
29934 - 108 1
29935 # 1504
29935 + 88
29936 # 1504
29936 - 88 1
29936 + 88
29937 # 1504
29937 - 88 1
29937 + 88
29938 # 1504
29938 - 88 1
29939 # 1504
29939 + 88
29940 # 1504
29940 - 88 1
29940 + 88
29941 # 1504
29941 - 88 1
29942 # 1504
29942 + 88
29943 # 1504
29943 - 88 1
29943 + 88
29944 # 1504
29944 - 88 1
29944 + 88
29944 + 108
29945 # 1504
29945 - 88 1
29945 - 108 1
29945 + 88
29946 # 1504
29946 - 88 1
29947 # 1504
29947 + 88
29948 # 1504
29948 - 88 1
29948 + 88
29949 # 1504
29949 - 88 1
29949 + 88
29950 # 1504
29950 - 88 1
29951 # 1504
29951 + 88
29952 # 1504
29952 - 88 1
29952 + 88
29953 # 1504
29953 - 88 1
29953 + 88
29954 # 1504
29954 - 88 1
29955 # 1504
29955 + 88
29955 + 108
29956 # 1504
29956 - 88 1
29956 - 108 1
29956 + 88
29957 # 1504
29957 - 88 1
29957 + 88
29958 # 1504
29958 - 88 1
29959 # 1504
29959 + 88
29960 # 1504
29960 - 88 1
29960 + 88
29961 # 1504
29961 - 88 1
29962 # 1504
29962 + 88
29963 # 1504
29963 - 88 1
29963 + 88
29964 # 1504
29964 - 88 1
29964 + 88
29965 # 1504
29965 - 88 1
29966 # 1504
29966 + 88
29966 + 108
29967 # 1504
29967 - 88 1
29967 - 108 1
29967 + 88
29968 # 1504
29968 - 88 1
29968 + 88
29969 # 1504
29969 - 88 1
29970 # 1504
29970 + 88
29971 # 1504
29971 - 88 1
29971 + 88
29972 # 1504
29972 - 88 1
29972 + 88
29973 # 1504
29973 - 88 1
29973 + 88
29974 # 1504
29974 - 88 1
29975 # 1504
29975 + 88
29976 # 1504
29976 - 88 1
29976 + 88
29976 + 108
29977 # 1504
29977 - 88 1
29977 - 108 1
29977 + 88
29978 # 1504
29978 - 88 1
29979 # 1504
29979 + 88
29980 # 1504
29980 - 88 1
29980 + 88
29981 # 1504
29981 - 88 1
29981 + 88
29982 # 1504
29982 - 88 1
29983 # 1504
29983 + 88
29984 # 1504
29984 - 88 1
29984 + 88
29985 # 1504
29985 - 88 1
29986 # 1504
29986 + 88
29987 # 1504
29987 - 88 1
29987 + 88
29987 + 108
29988 # 1504
29988 - 88 1
29988 - 108 1
29988 + 88
29989 # 1504
29989 - 88 1
29990 # 1504
29991 # 1504
29991 + 88
29991 + 88
29992 # 1504
29992 - 88 1
29992 - 88 1
29993 # 1504
29993 + 88
29994 # 1504
29994 - 88 1
29994 + 88
29995 # 1504
29995 - 88 1
29996 # 1504
29996 + 88
29997 # 1504
29997 - 88 1
29997 + 88
29998 # 1504
29998 - 88 1
29999 # 1504
29999 + 88
29999 + 108
30000 # 1504
30000 - 88 1
30000 - 108 1
30000 + 88
30001 # 1504
30001 - 88 1
30001 + 88
30002 # 1504
30002 - 88 1
30002 + 88
30002 + 100
30003 # 1504
30003 - 88 1
30003 - 100 1
30004 # 1504
30004 + 88
30005 # 1504
30005 - 88 1
30005 + 88
30006 # 1504
30006 - 88 1
30006 + 88
30007 # 1504
30007 - 88 1
30007 + 88
30008 # 1504
30008 - 88 1
30009 # 1504
30009 + 88
30010 # 1504
30010 - 88 1
30010 + 88
30011 # 1504
30011 - 88 1
30011 + 88
30012 # 1504
30012 - 88 1
30013 # 1504
30013 + 88
30013 + 108
30014 # 1504
30014 - 88 1
30014 - 108 1
30014 + 88
30015 # 1504
30015 - 88 1
30016 # 1504
30016 + 88
30017 # 1504
30017 - 88 1
30017 + 88
30018 # 1504
30018 - 88 1
30019 # 1504
30019 + 88
30020 # 1504
30020 - 88 1
30020 + 88
30021 # 1504
30021 - 88 1
30021 + 88
30022 # 1504
30022 - 88 1
30022 + 88
30023 # 1504
30023 - 88 1
30024 # 1504
30024 + 88
30024 + 108
30025 # 1504
30025 - 88 1
30025 - 108 1
30025 + 88
30026 # 1504
30026 - 88 1
30026 + 88
30027 # 1504
30027 - 88 1
30027 + 88
30028 # 1504
30028 - 88 1
30028 + 88
30029 # 1504
30029 - 88 1
30030 # 1504
30030 + 88
30031 # 1504
30031 - 88 1
30031 + 88
30032 # 1504
30032 - 88 1
30032 + 88
30033 # 1504
30033 - 88 1
30033 + 88
30034 # 1504
30034 - 88 1
30035 # 1504
30035 + 88
30035 + 108
30036 # 1504
30036 - 88 1
30036 - 108 1
30036 + 88
30037 # 1504
30037 - 88 1
30037 + 88
30038 # 1504
30038 - 88 1
30038 + 88
30039 # 1504
30039 - 88 1
30040 # 1504
30040 + 88
30041 # 1504
30041 - 88 1
30041 + 88
30042 # 1504
30042 - 88 1
30042 + 88
30043 # 1504
30043 - 88 1
30043 + 88
30044 # 1504
30044 - 88 1
30044 + 88
30045 # 1504
30045 - 88 1
30045 + 88
30045 + 108
30046 # 1504
30046 - 88 1
30046 - 108 1
30047 # 1504
30047 + 88
30048 # 1504
30048 - 88 1
30048 + 88
30049 # 1504
30049 - 88 1
30049 + 88
30050 # 1504
30050 - 88 1
30050 + 88
30051 # 1504
30051 - 88 1
30051 + 88
30052 # 1504
30052 - 88 1
30052 + 88
30053 # 1504
30053 - 88 1
30053 + 88
30054 # 1504
30054 - 88 1
30055 # 1504
30055 + 88
30056 # 1504
30056 - 88 1
30056 + 88
30056 + 108
30057 # 1504
30057 - 88 1
30057 - 108 1
30057 + 88
30058 # 1504
30058 - 88 1
30058 + 88
30059 # 1504
30059 - 88 1
30059 + 88
30060 # 1504
30060 - 88 1
30061 # 1504
30061 + 88
30062 # 1504
30062 - 88 1
30062 + 88
30063 # 1504
30063 - 88 1
30063 + 88
30064 # 1504
30064 - 88 1
30064 + 88
30065 # 1504
30065 - 88 1
30066 # 1504
30066 + 88
30067 # 1504
30067 - 88 1
30067 + 88
30067 + 108
30068 # 1504
30068 - 88 1
30068 - 108 1
30068 + 88
30069 # 1504
30069 - 88 1
30069 + 88
30070 # 1504
30070 - 88 1
30071 # 1504
30071 + 88
30072 # 1504
30072 - 88 1
30072 + 88
30073 # 1504
30073 - 88 1
30073 + 88
30074 # 1504
30074 - 88 1
30074 + 88
30075 # 1504
30075 - 88 1
30075 + 88
30076 # 1504
30076 - 88 1
30076 + 88
30077 # 1504
30077 - 88 1
30078 # 1504
30078 + 88
30078 + 108
30079 # 1504
30079 - 88 1
30079 - 108 1
30079 + 88
30080 # 1504
30080 - 88 1
30080 + 88
30081 # 1504
30081 - 88 1
30081 + 88
30082 # 1504
30082 - 88 1
30082 + 88
30083 # 1504
30083 - 88 1
30083 + 88
30084 # 1504
30084 - 88 1
30084 + 88
30085 # 1504
30085 - 88 1
30085 + 88
30086 # 1504
30086 - 88 1
30086 + 88
30087 # 1504
30087 - 88 1
30087 + 88
30088 # 1504
30088 - 88 1
30088 + 88
30088 + 108
30089 # 1504
30089 - 88 1
30089 - 108 1
30089 + 88
30090 # 1504
30090 - 88 1
30090 + 88
30091 # 1504
30091 - 88 1
30092 # 1504
30092 + 88
30092 + 100
30093 # 1504
30093 - 88 1
30093 - 100 1
30093 + 88
30094 # 1504
30094 - 88 1
30094 + 88
30095 # 1504
30095 - 88 1
30095 + 88
30096 # 1504
30096 - 88 1
30096 + 88
30097 # 1504
30097 - 88 1
30098 # 1504
30098 + 88
30099 # 1504
30099 - 88 1
30099 + 88
30100 # 1504
30100 - 88 1
30100 + 88
30101 # 1504
30101 - 88 1
30101 + 88
30102 # 1504
30102 - 88 1
30102 + 88
30102 + 108
30103 # 1504
30103 - 88 1
30103 - 108 1
30103 + 88
30104 # 1504
30104 - 88 1
30104 + 88
30105 # 1504
30105 - 88 1
30106 # 1504
30106 + 88
30107 # 1504
30107 - 88 1
30107 + 88
30108 # 1504
30108 - 88 1
30108 + 88
30109 # 1504
30109 - 88 1
30109 + 88
30110 # 1504
30110 - 88 1
30111 # 1504
30111 + 88
30112 # 1504
30112 - 88 1
30112 + 88
30113 # 1504
30113 - 88 1
30113 + 88
30113 + 108
30114 # 1504
30114 - 88 1
30114 - 108 1
30114 + 88
30115 # 1504
30115 - 88 1
30115 + 88
30116 # 1504
30116 - 88 1
30116 + 88
30117 # 1504
30117 - 88 1
30118 # 1504
30118 + 88
30119 # 1504
30119 - 88 1
30119 + 88
30120 # 1504
30120 - 88 1
30120 + 88
30121 # 1504
30121 - 88 1
30121 + 88
30122 # 1504
30122 - 88 1
30122 + 88
30123 # 1504
30123 - 88 1
30123 + 88
30123 + 108
30124 # 1504
30124 - 88 1
30124 - 108 1
30124 + 88
30125 # 1504
30125 - 88 1
30126 # 1504
30126 + 88
30127 # 1504
30127 - 88 1
30127 + 88
30128 # 1504
30128 - 88 1
30128 + 88
30129 # 1504
30129 - 88 1
30129 + 88
30130 # 1504
30130 - 88 1
30131 # 1504
30131 + 88
30132 # 1504
30132 - 88 1
30132 + 88
30133 # 1504
30133 - 88 1
30133 + 88
30134 # 1504
30134 - 88 1
30134 + 88
30134 + 108
30135 # 1504
30135 - 88 1
30135 - 108 1
30136 # 1504
30136 + 88
30136 + 88
30137 # 1504
30137 - 88 1
30137 - 88 1
30138 # 1504
30138 + 88
30139 # 1504
30139 - 88 1
30139 + 88
30140 # 1504
30140 - 88 1
30141 # 1504
30141 + 88
30142 # 1504
30142 - 88 1
30142 + 88
30143 # 1504
30143 - 88 1
30143 + 88
30144 # 1504
30144 - 88 1
30144 + 88
30144 + 108
30145 # 1504
30145 - 88 1
30145 - 108 1
30146 # 1504
30146 + 88
30147 # 1504
30147 - 88 1
30147 + 88
30148 # 1504
30148 - 88 1
30148 + 88
30149 # 1504
30149 - 88 1
30149 + 88
30150 # 1504
30150 - 88 1
30151 # 1504
30151 + 88
30152 # 1504
30152 - 88 1
30152 + 88
30153 # 1504
30153 - 88 1
30153 + 88
30154 # 1504
30154 - 88 1
30154 + 88
30155 # 1504
30155 - 88 1
30155 + 88
30155 + 108
30156 # 1504
30156 - 88 1
30156 - 108 1
30157 # 1504
30157 + 88
30158 # 1504
30158 - 88 1
30158 + 88
30159 # 1504
30159 - 88 1
30159 + 88
30160 # 1504
30160 - 88 1
30160 + 88
30161 # 1504
30161 - 88 1
30161 + 88
30162 # 1504
30162 - 88 1
30162 + 88
30163 # 1504
30163 - 88 1
30163 + 88
30164 # 1504
30164 - 88 1
30164 + 88
30165 # 1504
30165 - 88 1
30166 # 1504
30166 + 88
30166 + 108
30167 # 1504
30167 - 88 1
30167 - 108 1
30167 + 88
30168 # 1504
30168 - 88 1
30168 + 88
30169 # 1504
30169 - 88 1
30169 + 88
30170 # 1504
30170 - 88 1
30170 + 88
30171 # 1504
30171 - 88 1
30172 # 1504
30172 + 88
30173 # 1504
30173 - 88 1
30173 + 88
30174 # 1504
30174 - 88 1
30174 + 88
30175 # 1504
30175 - 88 1
30175 + 88
30176 # 1504
30176 - 88 1
30176 + 88
30176 + 108
30177 # 1504
30177 - 88 1
30177 - 108 1
30177 + 88
30178 # 1504
30178 - 88 1
30179 # 1504
30179 + 88
30180 # 1504
30180 - 88 1
30180 + 88
30180 + 100
30181 # 1504
30181 - 88 1
30181 - 100 1
30181 + 88
30182 # 1504
30182 - 88 1
30182 + 88
30183 # 1504
30183 - 88 1
30183 + 88
30184 # 1504
30184 - 88 1
30184 + 88
30185 # 1504
30185 - 88 1
30185 + 88
30186 # 1504
30186 - 88 1
30187 # 1504
30187 + 88
30188 # 1504
30188 - 88 1
30188 + 88
30189 # 1504
30189 - 88 1
30189 + 88
30190 # 1504
30190 - 88 1
30190 + 88
30190 + 108
30191 # 1504
30191 - 88 1
30191 - 108 1
30192 # 1504
30192 + 88
30193 # 1504
30193 - 88 1
30193 + 88
30194 # 1504
30194 - 88 1
30194 + 88
30195 # 1504
30195 - 88 1
30195 + 88
30196 # 1504
30196 - 88 1
30197 # 1504
30197 + 88
30198 # 1504
30198 - 88 1
30198 + 88
30199 # 1504
30199 - 88 1
30199 + 88
30200 # 1504
30200 - 88 1
30200 + 88
30201 # 1504
30201 - 88 1
30201 + 88
30201 + 108
30202 # 1504
30202 - 88 1
30202 - 108 1
30203 # 1504
30203 + 88
30204 # 1504
30204 - 88 1
30204 + 88
30205 # 1504
30205 - 88 1
30205 + 88
30206 # 1504
30206 - 88 1
30206 + 88
30207 # 1504
30207 - 88 1
30207 + 88
30208 # 1504
30208 - 88 1
30208 + 88
30209 # 1504
30209 - 88 1
30210 # 1504
30210 + 88
30211 # 1504
30211 - 88 1
30211 + 88
30211 + 88
30212 # 1504
30212 - 88 1
30212 - 88 1
30213 # 1504
30213 + 88
30213 + 108
30214 # 1504
30214 - 88 1
30214 - 108 1
30214 + 88
30215 # 1504
30215 - 88 1
30215 + 88
30216 # 1504
30216 - 88 1
30216 + 88
30217 # 1504
30217 - 88 1
30217 + 88
30218 # 1504
30218 - 88 1
30218 + 88
30219 # 1504
30219 - 88 1
30219 + 88
30220 # 1504
30220 - 88 1
30220 + 88
30221 # 1504
30221 - 88 1
30221 + 88
30222 # 1504
30222 - 88 1
30223 # 1504
30223 + 88
30224 # 1504
30224 - 88 1
30224 + 88
30224 + 108
30225 # 1504
30225 - 88 1
30225 - 108 1
30225 + 88
30226 # 1504
30226 - 88 1
30226 + 88
30227 # 1504
30227 - 88 1
30227 + 88
30228 # 1504
30228 - 88 1
30229 # 1504
30229 + 88
30230 # 1504
30230 - 88 1
30230 + 88
30231 # 1504
30231 - 88 1
30231 + 88
30232 # 1504
30232 - 88 1
30232 + 88
30233 # 1504
30233 - 88 1
30233 + 88
30234 # 1504
30234 - 88 1
30234 + 88
30234 + 108
30235 # 1504
30235 - 88 1
30235 - 108 1
30236 # 1504
30236 + 88
30237 # 1504
30237 - 88 1
30237 + 88
30238 # 1504
30238 - 88 1
30238 + 88
30239 # 1504
30239 - 88 1
30239 + 88
30240 # 1504
30240 - 88 1
30240 + 88
30241 # 1504
30241 - 88 1
30242 # 1504
30242 + 88
30242 + 88
30243 # 1504
30243 - 88 1
30243 - 88 1
30244 # 1504
30244 + 88
30245 # 1504
30245 - 88 1
30245 + 88
30245 + 108
30246 # 1504
30246 - 88 1
30246 - 108 1
30246 + 88
30247 # 1504
30247 - 88 1
30248 # 1504
30248 + 88
30249 # 1504
30249 - 88 1
30249 + 88
30250 # 1504
30250 - 88 1
30250 + 88
30251 # 1504
30251 - 88 1
30251 + 88
30252 # 1504
30252 - 88 1
30253 # 1504
30253 + 88
30254 # 1504
30254 - 88 1
30254 + 88
30255 # 1504
30255 - 88 1
30255 + 88
30255 + 108
30256 # 1504
30256 - 88 1
30256 - 108 1
30257 # 1504
30257 + 88
30257 + 88
30258 # 1504
30258 - 88 1
30258 - 88 1
30259 # 1504
30259 + 88
30260 # 1504
30260 - 88 1
30260 + 88
30261 # 1504
30261 - 88 1
30261 + 88
30262 # 1504
30262 - 88 1
30262 + 88
30263 # 1504
30263 - 88 1
30263 + 88
30264 # 1504
30264 - 88 1
30264 + 88
30265 # 1504
30265 - 88 1
30266 # 1504
30266 + 88
30266 + 108
30267 # 1504
30267 - 88 1
30267 - 108 1
30267 + 88
30267 + 100
30268 # 1504
30268 - 88 1
30268 - 100 1
30268 + 88
30269 # 1504
30269 - 88 1
30269 + 88
30270 # 1504
30270 - 88 1
30270 + 88
30271 # 1504
30271 - 88 1
30271 + 88
30272 # 1504
30272 - 88 1
30272 + 88
30273 # 1504
30273 - 88 1
30274 # 1504
30274 + 88
30275 # 1504
30275 - 88 1
30275 + 88
30276 # 1504
30276 - 88 1
30276 + 88
30277 # 1504
30277 - 88 1
30277 + 88
30277 + 108
30278 # 1504
30278 - 88 1
30278 - 108 1
30278 + 88
30279 # 1504
30279 - 88 1
30279 + 88
30280 # 1504
30280 - 88 1
30280 + 88
30281 # 1504
30281 - 88 1
30282 # 1504
30282 + 88
30283 # 1504
30283 - 88 1
30283 + 88
30284 # 1504
30284 - 88 1
30284 + 88
30285 # 1504
30285 - 88 1
30285 + 88
30286 # 1504
30286 - 88 1
30287 # 1504
30287 + 88
30288 # 1504
30288 - 88 1
30288 + 88
30288 + 108
30289 # 1504
30289 - 88 1
30289 - 108 1
30289 + 88
30290 # 1504
30290 - 88 1
30290 + 88
30291 # 1504
30291 - 88 1
30292 # 1504
30292 + 88
30293 # 1504
30293 - 88 1
30293 + 88
30294 # 1504
30294 - 88 1
30294 + 88
30295 # 1504
30295 - 88 1
30295 + 88
30296 # 1504
30296 - 88 1
30296 + 88
30297 # 1504
30297 - 88 1
30298 # 1504
30298 + 88
30299 # 1504
30299 - 88 1
30299 + 88
30299 + 108
30300 # 1504
30300 - 88 1
30300 - 108 1
30300 + 88
30301 # 1504
30301 - 88 1
30301 + 88
30302 # 1504
30302 - 88 1
30303 # 1504
30303 + 88
30304 # 1504
30304 - 88 1
30304 + 88
30305 # 1504
30305 - 88 1
30305 + 88
30306 # 1504
30306 - 88 1
30306 + 88
30307 # 1504
30307 - 88 1
30307 + 88
30308 # 1504
30308 - 88 1
30308 + 88
30309 # 1504
30309 - 88 1
30309 + 88
30309 + 108
30310 # 1504
30310 - 88 1
30310 - 108 1
30310 + 88
30311 # 1504
30311 - 88 1
30311 + 88
30312 # 1504
30312 - 88 1
30313 # 1504
30313 + 88
30314 # 1504
30314 - 88 1
30314 + 88
30315 # 1504
30315 - 88 1
30315 + 88
30316 # 1504
30316 - 88 1
30316 + 88
30317 # 1504
30317 - 88 1
30318 # 1504
30318 + 88
30319 # 1504
30319 - 88 1
30319 + 88
30320 # 1504
30320 - 88 1
30320 + 88
30320 + 108
30321 # 1504
30321 - 88 1
30321 - 108 1
30321 + 88
30322 # 1504
30322 - 88 1
30323 # 1504
30323 + 88
30324 # 1504
30324 - 88 1
30324 + 88
30325 # 1504
30325 - 88 1
30325 + 88
30326 # 1504
30326 - 88 1
30326 + 88
30327 # 1504
30327 - 88 1
30328 # 1504
30328 + 88
30329 # 1504
30329 - 88 1
30329 + 88
30330 # 1504
30330 - 88 1
30330 + 88
30331 # 1504
30331 - 88 1
30331 + 88
30331 + 108
30332 # 1504
30332 - 88 1
30332 - 108 1
30332 + 88
30333 # 1504
30333 - 88 1
30333 + 88
30334 # 1504
30334 - 88 1
30335 # 1504
30335 + 88
30336 # 1504
30336 - 88 1
30336 + 88
30337 # 1504
30337 - 88 1
30337 + 88
30338 # 1504
30338 - 88 1
30338 + 88
30339 # 1504
30339 - 88 1
30339 + 88
30340 # 1504
30340 - 88 1
30340 + 88
30341 # 1504
30341 - 88 1
30341 + 88
30341 + 108
30342 # 1504
30342 - 88 1
30342 - 108 1
30342 + 88
30343 # 1504
30343 - 88 1
30343 + 88
30344 # 1504
30344 - 88 1
30345 # 1504
30345 + 88
30346 # 1504
30346 - 88 1
30346 + 88
30347 # 1504
30347 - 88 1
30347 + 88
30348 # 1504
30348 - 88 1
30348 + 88
30349 # 1504
30349 - 88 1
30349 + 88
30350 # 1504
30350 - 88 1
30350 + 88
30351 # 1504
30351 - 88 1
30351 + 88
30352 # 1504
30352 - 88 1
30352 + 88
30352 + 108
30353 # 1504
30353 - 88 1
30353 - 108 1
30354 # 1504
30354 + 88
30354 + 100
30355 # 1504
30355 - 88 1
30355 - 100 1
30355 + 88
30356 # 1504
30356 - 88 1
30356 + 88
30357 # 1504
30357 - 88 1
30357 + 88
30358 # 1504
30358 - 88 1
30358 + 88
30359 # 1504
30359 - 88 1
30359 + 88
30360 # 1504
30360 - 88 1
30361 # 1504
30361 + 88
30362 # 1504
30362 - 88 1
30362 + 88
30363 # 1504
30363 - 88 1
30363 + 88
30364 # 1504
30364 - 88 1
30364 + 88
30364 + 108
30365 # 1504
30365 - 88 1
30365 - 108 1
30365 + 88
30366 # 1504
30366 - 88 1
30366 + 88
30367 # 1504
30367 - 88 1
30367 + 88
30368 # 1504
30368 - 88 1
30368 + 88
30369 # 1504
30369 - 88 1
30369 + 88
30370 # 1504
30370 - 88 1
30371 # 1504
30371 + 88
30372 # 1504
30372 - 88 1
30372 + 88
30373 # 1504
30373 - 88 1
30373 + 88
30374 # 1504
30374 - 88 1
30374 + 88
30375 # 1504
30375 - 88 1
30375 + 88
30375 + 108
30376 # 1504
30376 - 88 1
30376 - 108 1
30376 + 88
30377 # 1504
30377 - 88 1
30377 + 88
30378 # 1504
30378 - 88 1
30378 + 88
30379 # 1504
30379 - 88 1
30379 + 88
30380 # 1504
30380 - 88 1
30380 + 88
30381 # 1504
30381 - 88 1
30382 # 1504
30382 + 88
30382 + 88
30383 # 1504
30383 - 88 1
30383 - 88 1
30384 # 1504
30384 + 88
30385 # 1504
30385 - 88 1
30385 + 88
30386 # 1504
30386 - 88 1
30386 + 88
30386 + 108
30387 # 1504
30387 - 88 1
30387 - 108 1
30387 + 88
30388 # 1504
30388 - 88 1
30388 + 88
30389 # 1504
30389 - 88 1
30389 + 88
30390 # 1504
30390 - 88 1
30390 + 88
30391 # 1504
30391 - 88 1
30391 + 88
30392 # 1504
30392 - 88 1
30392 + 88
30393 # 1504
30393 - 88 1
30393 + 88
30394 # 1504
30394 - 88 1
30394 + 88
30395 # 1504
30395 - 88 1
30395 + 88
30396 # 1504
30396 - 88 1
30396 + 88
30396 + 108
30397 # 1504
30397 - 88 1
30397 - 108 1
30397 + 88
30398 # 1504
30398 - 88 1
30398 + 88
30399 # 1504
30399 - 88 1
30399 + 88
30400 # 1504
30400 - 88 1
30400 + 88
30401 # 1504
30401 - 88 1
30401 + 88
30402 # 1504
30402 - 88 1
30403 # 1504
30403 + 88
30404 # 1504
30404 - 88 1
30404 + 88
30405 # 1504
30405 - 88 1
30405 + 88
30406 # 1504
30406 - 88 1
30406 + 88
30407 # 1504
30407 - 88 1
30407 + 88
30407 + 108
30408 # 1504
30408 - 88 1
30408 - 108 1
30408 + 88
30409 # 1504
30409 - 88 1
30409 + 88
30410 # 1504
30410 - 88 1
30410 + 88
30411 # 1504
30411 - 88 1
30411 + 88
30412 # 1504
30412 - 88 1
30412 + 88
30413 # 1504
30413 - 88 1
30413 + 88
30414 # 1504
30414 - 88 1
30414 + 88
30415 # 1504
30415 - 88 1
30415 + 88
30416 # 1504
30416 - 88 1
30417 # 1504
30417 + 88
30418 # 1504
30418 - 88 1
30418 + 88
30418 + 108
30419 # 1504
30419 - 88 1
30419 - 108 1
30419 + 88
30420 # 1504
30420 - 88 1
30420 + 88
30421 # 1504
30421 - 88 1
30421 + 88
30422 # 1504
30422 - 88 1
30422 + 88
30423 # 1504
30423 - 88 1
30424 # 1504
30424 + 88
30425 # 1504
30425 - 88 1
30425 + 88
30426 # 1504
30426 - 88 1
30426 + 88
30427 # 1504
30427 - 88 1
30427 + 88
30428 # 1504
30428 - 88 1
30428 + 88
30428 + 108
30429 # 1504
30429 - 88 1
30429 - 108 1
30429 + 88
30430 # 1504
30430 - 88 1
30430 + 88
30431 # 1504
30431 - 88 1
30431 + 88
30432 # 1504
30432 - 88 1
30432 + 88
30433 # 1504
30433 - 88 1
30433 + 88
30434 # 1504
30434 - 88 1
30435 # 1504
30435 + 88
30435 + 100
30436 # 1504
30436 - 88 1
30436 - 100 1
30436 + 88
30437 # 1504
30437 - 88 1
30437 + 88
30438 # 1504
30438 - 88 1
30438 + 88
30439 # 1504
30439 - 88 1
30439 + 88
30440 # 1504
30440 - 88 1
30440 + 88
30441 # 1504
30441 - 88 1
30441 + 88
30442 # 1504
30442 - 88 1
30442 + 88
30443 # 1504
30443 - 88 1
30444 # 1504
30444 + 88
30445 # 1504
30445 - 88 1
30445 + 88
30445 + 108
30446 # 1504
30446 - 88 1
30446 - 108 1
30446 + 88
30447 # 1504
30447 - 88 1
30447 + 88
30448 # 1504
30448 - 88 1
30448 + 88
30449 # 1504
30449 - 88 1
30449 + 88
30450 # 1504
30450 - 88 1
30451 # 1504
30451 + 88
30452 # 1504
30452 - 88 1
30452 + 88
30453 # 1504
30453 - 88 1
30453 + 88
30454 # 1504
30454 - 88 1
30454 + 88
30455 # 1504
30455 - 88 1
30455 + 88
30455 + 108
30456 # 1504
30456 - 88 1
30456 - 108 1
30456 + 88
30457 # 1504
30457 - 88 1
30457 + 88
30458 # 1504
30458 - 88 1
30458 + 88
30459 # 1504
30459 - 88 1
30459 + 88
30460 # 1504
30460 - 88 1
30460 + 88
30461 # 1504
30461 - 88 1
30461 + 88
30462 # 1504
30462 - 88 1
30463 # 1504
30463 + 88
30464 # 1504
30464 - 88 1
30464 + 88
30465 # 1504
30465 - 88 1
30465 + 88
30466 # 1504
30466 - 88 1
30466 + 88
30466 + 108
30467 # 1504
30467 - 88 1
30467 - 108 1
30467 + 88
30468 # 1504
30468 - 88 1
30468 + 88
30469 # 1504
30469 - 88 1
30469 + 88
30470 # 1504
30470 - 88 1
30470 + 88
30471 # 1504
30471 - 88 1
30471 + 88
30472 # 1504
30472 - 88 1
30472 + 88
30473 # 1504
30473 - 88 1
30473 + 88
30474 # 1504
30474 - 88 1
30474 + 88
30475 # 1504
30475 - 88 1
30475 + 88
30476 # 1504
30476 - 88 1
30476 + 88
30476 + 108
30477 # 1504
30477 - 88 1
30477 - 108 1
30478 # 1504
30478 + 88
30478 + 88
30479 # 1504
30479 - 88 1
30479 - 88 1
30480 # 1504
30481 # 1504
30481 + 88
30481 + 88
30482 # 1504
30482 - 88 1
30482 - 88 1
30482 + 88
30483 # 1504
30483 - 88 1
30483 + 88
30484 # 1504
30484 - 88 1
30484 + 88
30485 # 1504
30485 - 88 1
30485 + 88
30486 # 1504
30486 - 88 1
30486 + 88
30487 # 1504
30487 - 88 1
30487 + 88
30487 + 108
30488 # 1504
30488 - 88 1
30488 - 108 1
30488 + 88
30489 # 1504
30489 - 88 1
30489 + 88
30490 # 1504
30490 - 88 1
30490 + 88
30491 # 1504
30491 - 88 1
30492 # 1504
30492 + 88
30493 # 1504
30493 - 88 1
30493 + 88
30494 # 1504
30494 - 88 1
30494 + 88
30495 # 1504
30495 - 88 1
30495 + 88
30496 # 1504
30496 - 88 1
30496 + 88
30497 # 1504
30497 - 88 1
30497 + 88
30498 # 1504
30498 - 88 1
30498 + 88
30498 + 108
30499 # 1504
30499 - 88 1
30499 - 108 1
30499 + 88
30500 # 1504
30500 - 88 1
30500 + 88
30501 # 1504
30501 - 88 1
30501 + 88
30502 # 1504
30502 - 88 1
30502 + 88
30503 # 1504
30503 - 88 1
30503 + 88
30504 # 1504
30504 - 88 1
30504 + 88
30505 # 1504
30505 - 88 1
30505 + 88
30506 # 1504
30506 - 88 1
30506 + 88
30507 # 1504
30507 - 88 1
30507 + 88
30508 # 1504
30508 - 88 1
30508 + 88
30508 + 108
30509 # 1504
30509 - 88 1
30509 - 108 1
30509 + 88
30510 # 1504
30510 - 88 1
30510 + 88
30511 # 1504
30511 - 88 1
30511 + 88
30512 # 1504
30512 - 88 1
30512 + 88
30513 # 1504
30513 - 88 1
30513 + 88
30514 # 1504
30514 - 88 1
30515 # 1504
30515 + 88
30515 + 100
30516 # 1504
30516 - 88 1
30516 - 100 1
30516 + 88
30517 # 1504
30517 - 88 1
30517 + 88
30518 # 1504
30518 - 88 1
30518 + 88
30519 # 1504
30519 - 88 1
30519 + 88
30520 # 1504
30520 - 88 1
30520 + 88
30521 # 1504
30521 - 88 1
30521 + 88
30522 # 1504
30522 - 88 1
30522 + 88
30523 # 1504
30523 - 88 1
30523 + 88
30524 # 1504
30524 - 88 1
30525 # 1504
30525 + 88
30526 # 1504
30526 - 88 1
30526 + 88
30526 + 108
30527 # 1504
30527 - 88 1
30527 - 108 1
30527 + 88
30528 # 1504
30528 - 88 1
30528 + 88
30529 # 1504
30529 - 88 1
30529 + 88
30530 # 1504
30530 - 88 1
30530 + 88
30531 # 1504
30531 - 88 1
30531 + 88
30532 # 1504
30532 - 88 1
30532 + 88
30533 # 1504
30533 - 88 1
30533 + 88
30534 # 1504
30534 - 88 1
30534 + 88
30535 # 1504
30535 - 88 1
30535 + 88
30536 # 1504
30536 - 88 1
30536 + 88
30536 + 108
30537 # 1504
30537 - 88 1
30537 - 108 1
30537 + 88
30538 # 1504
30538 - 88 1
30538 + 88
30539 # 1504
30539 - 88 1
30539 + 88
30540 # 1504
30540 - 88 1
30540 + 88
30541 # 1504
30541 - 88 1
30541 + 88
30542 # 1504
30542 - 88 1
30542 + 88
30543 # 1504
30543 - 88 1
30543 + 88
30544 # 1504
30544 - 88 1
30545 # 1504
30545 + 88
30546 # 1504
30546 - 88 1
30546 + 88
30547 # 1504
30547 - 88 1
30547 + 88
30547 + 108
30548 # 1504
30548 - 88 1
30548 - 108 1
30548 + 88
30549 # 1504
30549 - 88 1
30549 + 88
30550 # 1504
30550 - 88 1
30550 + 88
30551 # 1504
30551 - 88 1
30551 + 88
30552 # 1504
30552 - 88 1
30552 + 88
30553 # 1504
30553 - 88 1
30553 + 88
30554 # 1504
30554 - 88 1
30554 + 88
30555 # 1504
30555 - 88 1
30555 + 88
30556 # 1504
30556 - 88 1
30556 + 88
30557 # 1504
30557 - 88 1
30558 # 1504
30558 + 88
30558 + 108
30559 # 1504
30559 - 88 1
30559 - 108 1
30559 + 88
30560 # 1504
30560 - 88 1
30560 + 88
30561 # 1504
30561 - 88 1
30561 + 88
30562 # 1504
30562 - 88 1
30562 + 88
30563 # 1504
30563 - 88 1
30563 + 88
30564 # 1504
30564 - 88 1
30565 # 1504
30565 + 88
30566 # 1504
30566 - 88 1
30566 + 88
30567 # 1504
30567 - 88 1
30567 + 88
30568 # 1504
30568 - 88 1
30568 + 88
30568 + 108
30569 # 1504
30569 - 88 1
30569 - 108 1
30569 + 88
30570 # 1504
30570 - 88 1
30570 + 88
30571 # 1504
30571 - 88 1
30572 # 1504
30572 + 88
30573 # 1504
30573 - 88 1
30573 + 88
30574 # 1504
30574 - 88 1
30574 + 88
30575 # 1504
30575 - 88 1
30575 + 88
30576 # 1504
30576 - 88 1
30576 + 88
30577 # 1504
30577 - 88 1
30577 + 88
30578 # 1504
30578 - 88 1
30578 + 88
30579 # 1504
30579 - 88 1
30579 + 88
30579 + 108
30580 # 1504
30580 - 88 1
30580 - 108 1
30580 + 88
30581 # 1504
30581 - 88 1
30581 + 88
30582 # 1504
30582 - 88 1
30582 + 88
30583 # 1504
30583 - 88 1
30583 + 88
30584 # 1504
30584 - 88 1
30584 + 88
30585 # 1504
30585 - 88 1
30585 + 88
30586 # 1504
30586 - 88 1
30586 + 88
30587 # 1504
30587 - 88 1
30587 + 88
30588 # 1504
30588 - 88 1
30588 + 88
30589 # 1504
30589 - 88 1
30590 # 1504
30590 + 88
30590 + 108
30591 # 1504
30591 - 88 1
30591 - 108 1
30591 + 88
30591 + 88
30592 # 1504
30592 - 88 1
30592 - 88 1
30593 # 1504
30593 + 88
30594 # 1504
30594 - 88 1
30594 + 88
30595 # 1504
30595 - 88 1
30595 + 88
30595 + 100
30596 # 1504
30596 - 88 1
30596 - 100 1
30596 + 88
30597 # 1504
30597 - 88 1
30597 + 88
30598 # 1504
30598 - 88 1
30598 + 88
30599 # 1504
30599 - 88 1
30600 # 1504
30600 + 88
30601 # 1504
30601 - 88 1
30601 + 88
30602 # 1504
30602 - 88 1
30602 + 88
30603 # 1504
30603 - 88 1
30603 + 88
30604 # 1504
30604 - 88 1
30604 + 88
30605 # 1504
30605 - 88 1
30605 + 88
30606 # 1504
30606 - 88 1
30606 + 88
30606 + 108
30607 # 1504
30607 - 88 1
30607 - 108 1
30607 + 88
30608 # 1504
30608 - 88 1
30608 + 88
30609 # 1504
30609 - 88 1
30609 + 88
30610 # 1504
30610 - 88 1
30610 + 88
30611 # 1504
30611 - 88 1
30612 # 1504
30612 + 88
30613 # 1504
30613 - 88 1
30613 + 88
30614 # 1504
30614 - 88 1
30614 + 88
30615 # 1504
30615 - 88 1
30615 + 88
30616 # 1504
30616 - 88 1
30616 + 88
30617 # 1504
30617 - 88 1
30617 + 88
30617 + 108
30618 # 1504
30618 - 88 1
30618 - 108 1
30618 + 88
30619 # 1504
30619 - 88 1
30619 + 88
30620 # 1504
30620 - 88 1
30620 + 88
30621 # 1504
30621 - 88 1
30621 + 88
30622 # 1504
30622 - 88 1
30622 + 88
30623 # 1504
30623 - 88 1
30623 + 88
30624 # 1504
30624 - 88 1
30624 + 88
30625 # 1504
30625 - 88 1
30625 + 88
30626 # 1504
30626 - 88 1
30626 + 88
30627 # 1504
30627 - 88 1
30627 + 88
30627 + 108
30628 # 1504
30628 - 88 1
30628 - 108 1
30628 + 88
30629 # 1504
30629 - 88 1
30629 + 88
30630 # 1504
30630 - 88 1
30631 # 1504
30631 + 88
30632 # 1504
30632 - 88 1
30632 + 88
30633 # 1504
30633 - 88 1
30633 + 88
30634 # 1504
30634 - 88 1
30635 # 1504
30635 + 88
30636 # 1504
30636 - 88 1
30636 + 88
30637 # 1504
30637 - 88 1
30637 + 88
30638 # 1504
30638 - 88 1
30638 + 88
30638 + 108
30639 # 1504
30639 - 88 1
30639 - 108 1
30639 + 88
30640 # 1504
30640 - 88 1
30640 + 88
30641 # 1504
30641 - 88 1
30641 + 88
30642 # 1504
30642 - 88 1
30642 + 88
30643 # 1504
30643 - 88 1
30643 + 88
30644 # 1504
30644 - 88 1
30644 + 88
30645 # 1504
30645 - 88 1
30645 + 88
30646 # 1504
30646 - 88 1
30646 + 88
30647 # 1504
30647 - 88 1
30647 + 88
30648 # 1504
30648 - 88 1
30648 + 88
30649 # 1504
30649 - 88 1
30649 + 88
30649 + 108
30650 # 1504
30650 - 88 1
30650 - 108 1
30651 # 1504
30651 + 88
30652 # 1504
30652 - 88 1
30652 + 88
30653 # 1504
30653 - 88 1
30653 + 88
30654 # 1504
30654 - 88 1
30654 + 88
30655 # 1504
30655 - 88 1
30655 + 88
30656 # 1504
30656 - 88 1
30656 + 88
30657 # 1504
30657 - 88 1
30657 + 88
30658 # 1504
30658 - 88 1
30659 # 1504
30659 + 88
30660 # 1504
30660 - 88 1
30660 + 88
30660 + 108
30661 # 1504
30661 - 88 1
30661 - 108 1
30661 + 88
30662 # 1504
30662 - 88 1
30662 + 88
30663 # 1504
30663 - 88 1
30663 + 88
30664 # 1504
30664 - 88 1
30665 # 1504
30665 + 88
30666 # 1504
30666 - 88 1
30666 + 88
30667 # 1504
30667 - 88 1
30667 + 88
30668 # 1504
30668 - 88 1
30668 + 88
30669 # 1504
30669 - 88 1
30669 + 88
30670 # 1504
30670 - 88 1
30670 + 88
30670 + 108
30671 # 1504
30671 - 88 1
30671 - 108 1
30671 + 88
30672 # 1504
30672 - 88 1
30672 + 88
30673 # 1504
30673 - 88 1
30673 + 88
30674 # 1504
30674 - 88 1
30675 # 1504
30675 + 88
30676 # 1504
30676 - 88 1
30676 + 88
30677 # 1504
30677 - 88 1
30677 + 88
30677 + 100
30678 # 1504
30678 - 88 1
30678 - 100 1
30678 + 88
30679 # 1504
30679 - 88 1
30679 + 88
30680 # 1504
30680 - 88 1
30680 + 88
30681 # 1504
30681 - 88 1
30681 + 88
30682 # 1504
30682 - 88 1
30682 + 88
30683 # 1504
30683 - 88 1
30683 + 88
30684 # 1504
30684 - 88 1
30684 + 88
30685 # 1504
30685 - 88 1
30685 + 88
30686 # 1504
30686 - 88 1
30686 + 88
30687 # 1504
30687 - 88 1
30687 + 88
30687 + 108
30688 # 1504
30688 - 88 1
30688 - 108 1
30688 + 88
30689 # 1504
30689 - 88 1
30689 + 88
30690 # 1504
30690 - 88 1
30691 # 1504
30691 + 88
30691 + 88
30692 # 1504
30692 - 88 1
30692 - 88 1
30693 # 1504
30693 + 88
30694 # 1504
30694 - 88 1
30694 + 88
30695 # 1504
30695 - 88 1
30695 + 88
30696 # 1504
30696 - 88 1
30696 + 88
30697 # 1504
30697 - 88 1
30697 + 88
30698 # 1504
30698 - 88 1
30698 + 88
30698 + 108
30699 # 1504
30699 - 88 1
30699 - 108 1
30699 + 88
30700 # 1504
30700 - 88 1
30700 + 88
30701 # 1504
30701 - 88 1
30701 + 88
30702 # 1504
30702 - 88 1
30702 + 88
30703 # 1504
30703 - 88 1
30703 + 88
30704 # 1504
30704 - 88 1
30704 + 88
30705 # 1504
30705 - 88 1
30705 + 88
30706 # 1504
30706 - 88 1
30706 + 88
30707 # 1504
30707 - 88 1
30708 # 1504
30708 + 88
30709 # 1504
30709 - 88 1
30709 + 88
30709 + 108
30710 # 1504
30710 - 88 1
30710 - 108 1
30710 + 88
30711 # 1504
30711 - 88 1
30711 + 88
30712 # 1504
30712 - 88 1
30712 + 88
30713 # 1504
30713 - 88 1
30713 + 88
30714 # 1504
30714 - 88 1
30714 + 88
30715 # 1504
30715 - 88 1
30716 # 1504
30716 + 88
30717 # 1504
30717 - 88 1
30717 + 88
30718 # 1504
30718 - 88 1
30718 + 88
30719 # 1504
30719 - 88 1
30719 + 88
30719 + 108
30720 # 1504
30720 - 88 1
30720 - 108 1
30720 + 88
30721 # 1504
30721 - 88 1
30721 + 88
30722 # 1504
30722 - 88 1
30722 + 88
30723 # 1504
30723 - 88 1
30723 + 88
30724 # 1504
30724 - 88 1
30724 + 88
30725 # 1504
30725 - 88 1
30725 + 88
30726 # 1504
30726 - 88 1
30726 + 88
30727 # 1504
30727 - 88 1
30727 + 88
30728 # 1504
30728 - 88 1
30728 + 88
30729 # 1504
30729 - 88 1
30729 + 88
30729 + 108
30730 # 1504
30730 - 88 1
30730 - 108 1
30730 + 88
30731 # 1504
30731 - 88 1
30731 + 88
30732 # 1504
30732 - 88 1
30732 + 88
30733 # 1504
30733 - 88 1
30733 + 88
30734 # 1504
30734 - 88 1
30734 + 88
30735 # 1504
30735 - 88 1
30736 # 1504
30736 + 88
30737 # 1504
30737 - 88 1
30737 + 88
30738 # 1504
30738 - 88 1
30738 + 88
30739 # 1504
30739 - 88 1
30739 + 88
30740 # 1504
30740 - 88 1
30740 + 88
30740 + 108
30741 # 1504
30741 - 88 1
30741 - 108 1
30741 + 88
30742 # 1504
30742 - 88 1
30742 + 88
30743 # 1504
30743 - 88 1
30743 + 88
30744 # 1504
30744 - 88 1
30744 + 88
30745 # 1504
30745 - 88 1
30745 + 88
30746 # 1504
30746 - 88 1
30747 # 1504
30747 + 88
30748 # 1504
30748 - 88 1
30748 + 88
30749 # 1504
30749 - 88 1
30749 + 88
30750 # 1504
30750 - 88 1
30750 + 88
30751 # 1504
30751 - 88 1
30751 + 88
30751 + 108
30752 # 1504
30752 - 88 1
30752 - 108 1
30752 + 88
30753 # 1504
30753 - 88 1
30753 + 88
30754 # 1504
30754 - 88 1
30754 + 88
30755 # 1504
30755 - 88 1
30755 + 88
30756 # 1504
30756 - 88 1
30756 + 88
30756 + 100
30757 # 1504
30757 - 88 1
30757 - 100 1
30757 + 88
30758 # 1504
30758 - 88 1
30758 + 88
30759 # 1504
30759 - 88 1
30759 + 88
30760 # 1504
30760 - 88 1
30760 + 88
30761 # 1504
30761 - 88 1
30761 + 88
30762 # 1504
30762 - 88 1
30762 + 88
30763 # 1504
30763 - 88 1
30763 + 88
30764 # 1504
30764 - 88 1
30764 + 88
30765 # 1504
30765 - 88 1
30766 # 1504
30766 + 88
30767 # 1504
30767 - 88 1
30767 + 88
30767 + 108
30768 # 1504
30768 - 88 1
30768 - 108 1
30768 + 88
30769 # 1504
30769 - 88 1
30769 + 88
30770 # 1504
30770 - 88 1
30770 + 88
30771 # 1504
30771 - 88 1
30771 + 88
30772 # 1504
30772 - 88 1
30772 + 88
30773 # 1504
30773 - 88 1
30773 + 88
30774 # 1504
30774 - 88 1
30774 + 88
30775 # 1504
30775 - 88 1
30775 + 88
30776 # 1504
30776 - 88 1
30776 + 88
30777 # 1504
30777 - 88 1
30777 + 88
30778 # 1504
30778 - 88 1
30778 + 88
30778 + 108
30779 # 1504
30779 - 88 1
30779 - 108 1
30779 + 88
30780 # 1504
30780 - 88 1
30780 + 88
30781 # 1504
30781 - 88 1
30781 + 88
30782 # 1504
30782 - 88 1
30782 + 88
30783 # 1504
30783 - 88 1
30783 + 88
30784 # 1504
30784 - 88 1
30784 + 88
30785 # 1504
30785 - 88 1
30786 # 1504
30786 + 88
30786 + 88
30787 # 1504
30787 - 88 1
30787 - 88 1
30787 + 88
30788 # 1504
30788 - 88 1
30788 + 88
30788 + 108
30789 # 1504
30789 - 88 1
30789 - 108 1
30789 + 88
30790 # 1504
30790 - 88 1
30790 + 88
30791 # 1504
30791 - 88 1
30791 + 88
30792 # 1504
30792 - 88 1
30792 + 88
30793 # 1504
30793 - 88 1
30793 + 88
30794 # 1504
30794 - 88 1
30794 + 88
30795 # 1504
30795 - 88 1
30795 + 88
30796 # 1504
30796 - 88 1
30796 + 88
30797 # 1504
30797 - 88 1
30797 + 88
30798 # 1504
30798 - 88 1
30798 + 88
30798 + 108
30799 # 1504
30799 - 88 1
30799 - 108 1
30799 + 88
30800 # 1504
30800 - 88 1
30800 + 88
30801 # 1504
30801 - 88 1
30802 # 1504
30803 # 1504
30803 + 88
30803 + 88
30804 # 1504
30804 - 88 1
30804 - 88 1
30804 + 88
30805 # 1504
30805 - 88 1
30805 + 88
30806 # 1504
30806 - 88 1
30806 + 88
30807 # 1504
30807 - 88 1
30807 + 88
30808 # 1504
30808 - 88 1
30808 + 88
30809 # 1504
30809 - 88 1
30809 + 88
30809 + 108
30810 # 1504
30810 - 88 1
30810 - 108 1
30810 + 88
30811 # 1504
30811 - 88 1
30811 + 88
30812 # 1504
30812 - 88 1
30812 + 88
30813 # 1504
30813 - 88 1
30813 + 88
30814 # 1504
30814 - 88 1
30814 + 88
30815 # 1504
30815 - 88 1
30815 + 88
30816 # 1504
30816 - 88 1
30816 + 88
30817 # 1504
30817 - 88 1
30817 + 88
30818 # 1504
30818 - 88 1
30818 + 88
30819 # 1504
30819 - 88 1
30819 + 88
30819 + 108
30820 # 1504
30820 - 88 1
30820 - 108 1
30820 + 88
30821 # 1504
30821 - 88 1
30822 # 1504
30822 + 88
30823 # 1504
30823 - 88 1
30823 + 88
30824 # 1504
30824 - 88 1
30824 + 88
30825 # 1504
30825 - 88 1
30825 + 88
30826 # 1504
30826 - 88 1
30826 + 88
30827 # 1504
30827 - 88 1
30827 + 88
30828 # 1504
30828 - 88 1
30828 + 88
30829 # 1504
30829 - 88 1
30829 + 88
30829 + 108
30830 # 1504
30830 - 88 1
30830 - 108 1
30831 # 1504
30831 + 88
30832 # 1504
30832 - 88 1
30832 + 88
30833 # 1504
30833 - 88 1
30833 + 88
30834 # 1504
30834 - 88 1
30834 + 88
30834 + 100
30835 # 1504
30835 - 88 1
30835 - 100 1
30835 + 88
30836 # 1504
30836 - 88 1
30836 + 88
30837 # 1504
30837 - 88 1
30837 + 88
30838 # 1504
30838 - 88 1
30838 + 88
30839 # 1504
30839 - 88 1
30839 + 88
30840 # 1504
30840 - 88 1
30840 + 88
30841 # 1504
30841 - 88 1
30841 + 88
30842 # 1504
30842 - 88 1
30842 + 88
30843 # 1504
30843 - 88 1
30843 + 88
30844 # 1504
30844 - 88 1
30845 # 1504
30845 + 88
30845 + 108
30846 # 1504
30846 - 88 1
30846 - 108 1
30846 + 88
30847 # 1504
30847 - 88 1
30848 # 1504
30848 + 88
30848 + 88
30848 + 52
30849 # 1504
30849 - 88 1
30849 - 88 1
30849 - 52 1
30849 + 88
30850 # 1504
30850 - 88 1
30850 + 88
30851 # 1504
30851 - 88 1
30851 + 88
30852 # 1504
30852 - 88 1
30852 + 88
30853 # 1504
30853 - 88 1
30853 + 88
30854 # 1504
30854 - 88 1
30854 + 88
30855 # 1504
30855 - 88 1
30855 + 88
30855 + 108
30856 # 1504
30856 - 88 1
30856 - 108 1
30856 + 88
30857 # 1504
30857 - 88 1
30857 + 88
30858 # 1504
30858 - 88 1
30858 + 88
30859 # 1504
30859 - 88 1
30859 + 88
30860 # 1504
30860 - 88 1
30860 + 88
30861 # 1504
30861 - 88 1
30861 + 88
30862 # 1504
30862 - 88 1
30862 + 88
30863 # 1504
30863 - 88 1
30863 + 88
30864 # 1504
30864 - 88 1
30864 + 88
30865 # 1504
30865 - 88 1
30865 + 88
30865 + 108
30866 # 1504
30866 - 88 1
30866 - 108 1
30866 + 88
30867 # 1504
30867 - 88 1
30867 + 88
30868 # 1504
30868 - 88 1
30868 + 88
30869 # 1504
30869 - 88 1
30870 # 1504
30870 + 88
30871 # 1504
30871 - 88 1
30871 + 88
30872 # 1504
30872 - 88 1
30872 + 88
30873 # 1504
30873 - 88 1
30873 + 88
30874 # 1504
30874 - 88 1
30874 + 88
30875 # 1504
30875 - 88 1
30875 + 88
30876 # 1504
30876 - 88 1
30876 + 88
30876 + 108
30877 # 1504
30877 - 88 1
30877 - 108 1
30877 + 88
30878 # 1504
30878 - 88 1
30878 + 88
30879 # 1504
30879 - 88 1
30880 # 1504
30880 + 88
30881 # 1504
30881 - 88 1
30881 + 88
30882 # 1504
30882 - 88 1
30882 + 88
30883 # 1504
30883 - 88 1
30883 + 88
30884 # 1504
30884 - 88 1
30884 + 88
30885 # 1504
30885 - 88 1
30885 + 88
30886 # 1504
30886 - 88 1
30886 + 88
30887 # 1504
30887 - 88 1
30887 + 88
30887 + 108
30888 # 1504
30888 - 88 1
30888 - 108 1
30889 # 1504
30889 + 88
30890 # 1504
30890 - 88 1
30890 + 88
30891 # 1504
30891 - 88 1
30891 + 88
30892 # 1504
30892 - 88 1
30892 + 88
30893 # 1504
30893 - 88 1
30893 + 88
30894 # 1504
30894 - 88 1
30894 + 88
30895 # 1504
30895 - 88 1
30895 + 88
30896 # 1504
30896 - 88 1
30896 + 88
30897 # 1504
30897 - 88 1
30897 + 88
30898 # 1504
30898 - 88 1
30898 + 88
30898 + 108
30899 # 1504
30899 - 88 1
30899 - 108 1
30899 + 88
30900 # 1504
30900 - 88 1
30900 + 88
30901 # 1504
30901 - 88 1
30902 # 1504
30902 + 88
30903 # 1504
30903 - 88 1
30903 + 88
30904 # 1504
30904 - 88 1
30904 + 88
30905 # 1504
30905 - 88 1
30905 + 88
30906 # 1504
30906 - 88 1
30906 + 88
30907 # 1504
30907 - 88 1
30908 # 1504
30908 + 88
30909 # 1504
30909 - 88 1
30909 + 88
30909 + 108
30910 # 1504
30910 - 88 1
30910 - 108 1
30910 + 88
30911 # 1504
30911 - 88 1
30911 + 88
30912 # 1504
30912 - 88 1
30912 + 88
30913 # 1504
30913 - 88 1
30913 + 88
30914 # 1504
30914 - 88 1
30915 # 1504
30915 + 88
30915 + 100
30915 + 88
30916 # 1504
30916 - 88 1
30916 - 100 1
30916 - 88 1
30917 # 1504
30917 + 88
30918 # 1504
30918 - 88 1
30918 + 88
30919 # 1504
30919 - 88 1
30919 + 88
30920 # 1504
30920 - 88 1
30920 + 88
30921 # 1504
30921 - 88 1
30921 + 88
30922 # 1504
30922 - 88 1
30922 + 88
30923 # 1504
30923 - 88 1
30923 + 88
30924 # 1504
30924 - 88 1
30924 + 88
30925 # 1504
30925 - 88 1
30925 + 88
30925 + 108
30926 # 1504
30926 - 88 1
30926 - 108 1
30926 + 88
30927 # 1504
30927 - 88 1
30927 + 88
30928 # 1504
30928 - 88 1
30928 + 88
30929 # 1504
30929 - 88 1
30929 + 88
30930 # 1504
30930 - 88 1
30930 + 88
30931 # 1504
30931 - 88 1
30931 + 88
30932 # 1504
30932 - 88 1
30932 + 88
30933 # 1504
30933 - 88 1
30933 + 88
30934 # 1504
30934 - 88 1
30935 # 1504
30935 + 88
30936 # 1504
30936 - 88 1
30936 + 88
30936 + 108
30937 # 1504
30937 - 88 1
30937 - 108 1
30937 + 88
30938 # 1504
30938 - 88 1
30938 + 88
30939 # 1504
30939 - 88 1
30939 + 88
30940 # 1504
30940 - 88 1
30940 + 88
30941 # 1504
30941 - 88 1
30941 + 88
30942 # 1504
30942 - 88 1
30942 + 88
30943 # 1504
30943 - 88 1
30944 # 1504
30944 + 88
30945 # 1504
30945 - 88 1
30945 + 88
30946 # 1504
30946 - 88 1
30946 + 88
30946 + 108
30947 # 1504
30947 - 88 1
30947 - 108 1
30947 + 88
30948 # 1504
30948 - 88 1
30948 + 88
30949 # 1504
30949 - 88 1
30949 + 88
30950 # 1504
30950 - 88 1
30950 + 88
30951 # 1504
30951 - 88 1
30951 + 88
30952 # 1504
30952 - 88 1
30952 + 88
30953 # 1504
30953 - 88 1
30953 + 88
30954 # 1504
30954 - 88 1
30954 + 88
30955 # 1504
30955 - 88 1
30955 + 88
30956 # 1504
30956 - 88 1
30956 + 88
30956 + 108
30957 # 1504
30957 - 88 1
30957 - 108 1
30957 + 88
30958 # 1504
30958 - 88 1
30958 + 88
30959 # 1504
30959 - 88 1
30959 + 88
30960 # 1504
30960 - 88 1
30961 # 1504
30961 + 88
30962 # 1504
30962 - 88 1
30962 + 88
30963 # 1504
30963 - 88 1
30963 + 88
30964 # 1504
30964 - 88 1
30964 + 88
30965 # 1504
30965 - 88 1
30965 + 88
30966 # 1504
30966 - 88 1
30966 + 88
30966 + 108
30967 # 1504
30967 - 88 1
30967 - 108 1
30967 + 88
30968 # 1504
30968 - 88 1
30968 + 88
30969 # 1504
30969 - 88 1
30969 + 88
30970 # 1504
30970 - 88 1
30970 + 88
30971 # 1504
30971 - 88 1
30972 # 1504
30972 + 88
30973 # 1504
30973 - 88 1
30973 + 88
30974 # 1504
30974 - 88 1
30974 + 88
30975 # 1504
30975 - 88 1
30975 + 88
30976 # 1504
30976 - 88 1
30976 + 88
30977 # 1504
30977 - 88 1
30977 + 88
30977 + 108
30978 # 1504
30978 - 88 1
30978 - 108 1
30978 + 88
30979 # 1504
30979 - 88 1
30979 + 88
30980 # 1504
30980 - 88 1
30980 + 88
30981 # 1504
30981 - 88 1
30981 + 88
30982 # 1504
30982 - 88 1
30982 + 88
30983 # 1504
30983 - 88 1
30983 + 88
30984 # 1504
30984 - 88 1
30985 # 1504
30985 + 88
30985 + 88
30986 # 1504
30986 - 88 1
30986 - 88 1
30986 + 88
30987 # 1504
30987 - 88 1
30987 + 88
30987 + 108
30988 # 1504
30988 - 88 1
30988 - 108 1
30988 + 88
30989 # 1504
30989 - 88 1
30989 + 88
30990 # 1504
30990 - 88 1
30990 + 88
30991 # 1504
30991 - 88 1
30991 + 88
30992 # 1504
30992 - 88 1
30992 + 88
30993 # 1504
30993 - 88 1
30993 + 88
30993 + 100
30994 # 1504
30994 - 88 1
30994 - 100 1
30994 + 88
30995 # 1504
30995 - 88 1
30995 + 88
30996 # 1504
30996 - 88 1
30996 + 88
30997 # 1504
30997 - 88 1
30997 + 88
30998 # 1504
30998 - 88 1
30998 + 88
30999 # 1504
30999 - 88 1
30999 + 88
31000 # 1504
31000 - 88 1
31000 + 88
31001 # 1504
31001 - 88 1
31001 + 88
31002 # 1504
31002 - 88 1
31002 + 88
31003 # 1504
31003 - 88 1
31003 + 88
31003 + 108
31004 # 1504
31004 - 88 1
31004 - 108 1
31004 + 88
31005 # 1504
31005 - 88 1
31005 + 88
31006 # 1504
31006 - 88 1
31007 # 1504
31007 + 88
31008 # 1504
31008 - 88 1
31008 + 88
31009 # 1504
31009 - 88 1
31009 + 88
31010 # 1504
31010 - 88 1
31010 + 88
31011 # 1504
31011 - 88 1
31011 + 88
31012 # 1504
31012 - 88 1
31012 + 88
31013 # 1504
31013 - 88 1
31013 + 88
31014 # 1504
31014 - 88 1
31014 + 88
31014 + 108
31015 # 1504
31015 - 88 1
31015 - 108 1
31016 # 1504
31016 + 88
31017 # 1504
31017 - 88 1
31017 + 88
31018 # 1504
31018 - 88 1
31018 + 88
31019 # 1504
31019 - 88 1
31019 + 88
31020 # 1504
31020 - 88 1
31020 + 88
31021 # 1504
31021 - 88 1
31021 + 88
31022 # 1504
31022 - 88 1
31022 + 88
31023 # 1504
31023 - 88 1
31023 + 88
31024 # 1504
31024 - 88 1
31024 + 88
31025 # 1504
31025 - 88 1
31025 + 88
31025 + 108
31026 # 1504
31026 - 88 1
31026 - 108 1
31026 + 88
31027 # 1504
31027 - 88 1
31027 + 88
31028 # 1504
31028 - 88 1
31028 + 88
31029 # 1504
31029 - 88 1
31029 + 88
31030 # 1504
31030 - 88 1
31030 + 88
31031 # 1504
31031 - 88 1
31031 + 88
31032 # 1504
31032 - 88 1
31033 # 1504
31033 + 88
31034 # 1504
31034 - 88 1
31034 + 88
31035 # 1504
31035 - 88 1
31035 + 88
31036 # 1504
31036 - 88 1
31036 + 88
31036 + 108
31037 # 1504
31037 - 88 1
31037 - 108 1
31037 + 88
31038 # 1504
31038 - 88 1
31038 + 88
31039 # 1504
31039 - 88 1
31039 + 88
31040 # 1504
31040 - 88 1
31040 + 88
31041 # 1504
31041 - 88 1
31042 # 1504
31042 + 88
31043 # 1504
31043 - 88 1
31043 + 88
31044 # 1504
31044 - 88 1
31044 + 88
31045 # 1504
31045 - 88 1
31045 + 88
31046 # 1504
31046 - 88 1
31046 + 88
31047 # 1504
31047 - 88 1
31047 + 88
31047 + 108
31048 # 1504
31048 - 88 1
31048 - 108 1
31048 + 88
31049 # 1504
31049 - 88 1
31049 + 88
31050 # 1504
31050 - 88 1
31050 + 88
31051 # 1504
31051 - 88 1
31051 + 88
31052 # 1504
31052 - 88 1
31052 + 88
31053 # 1504
31053 - 88 1
31053 + 88
31054 # 1504
31054 - 88 1
31054 + 88
31055 # 1504
31055 - 88 1
31055 + 88
31056 # 1504
31056 - 88 1
31056 + 88
31057 # 1504
31057 - 88 1
31057 + 88
31057 + 108
31058 # 1504
31058 - 88 1
31058 - 108 1
31058 + 88
31059 # 1504
31059 - 88 1
31059 + 88
31060 # 1504
31060 - 88 1
31060 + 88
31061 # 1504
31061 - 88 1
31061 + 88
31062 # 1504
31062 - 88 1
31062 + 88
31063 # 1504
31063 - 88 1
31063 + 88
31064 # 1504
31064 - 88 1
31064 + 88
31065 # 1504
31065 - 88 1
31065 + 88
31066 # 1504
31066 - 88 1
31066 + 88
31067 # 1504
31067 - 88 1
31067 + 88
31068 # 1504
31068 - 88 1
31068 + 88
31068 + 108
31069 # 1504
31069 - 88 1
31069 - 108 1
31069 + 88
31070 # 1504
31070 - 88 1
31070 + 88
31071 # 1504
31071 - 88 1
31071 + 88
31071 + 100
31072 # 1504
31072 - 88 1
31072 - 100 1
31072 + 88
31073 # 1504
31073 - 88 1
31073 + 88
31074 # 1504
31074 - 88 1
31074 + 88
31075 # 1504
31075 - 88 1
31075 + 88
31076 # 1504
31076 - 88 1
31076 + 88
31077 # 1504
31077 - 88 1
31077 + 88
31078 # 1504
31078 - 88 1
31078 + 88
31079 # 1504
31079 - 88 1
31080 # 1504
31080 + 88
31081 # 1504
31081 - 88 1
31081 + 88
31082 # 1504
31082 - 88 1
31082 + 88
31082 + 108
31083 # 1504
31083 - 88 1
31083 - 108 1
31083 + 88
31084 # 1504
31084 - 88 1
31084 + 88
31085 # 1504
31085 - 88 1
31085 + 88
31086 # 1504
31086 - 88 1
31086 + 88
31087 # 1504
31087 - 88 1
31087 + 88
31088 # 1504
31088 - 88 1
31088 + 88
31089 # 1504
31089 - 88 1
31089 + 88
31090 # 1504
31090 - 88 1
31090 + 88
31091 # 1504
31091 - 88 1
31091 + 88
31092 # 1504
31092 - 88 1
31092 + 88
31093 # 1504
31093 - 88 1
31093 + 88
31093 + 108
31094 # 1504
31094 - 88 1
31094 - 108 1
31094 + 88
31095 # 1504
31095 - 88 1
31095 + 88
31096 # 1504
31096 - 88 1
31096 + 88
31097 # 1504
31097 - 88 1
31097 + 88
31098 # 1504
31098 - 88 1
31098 + 88
31099 # 1504
31099 - 88 1
31099 + 88
31100 # 1504
31100 - 88 1
31100 + 88
31101 # 1504
31101 - 88 1
31101 + 88
31102 # 1504
31102 - 88 1
31102 + 88
31103 # 1504
31103 - 88 1
31103 + 88
31103 + 108
31104 # 1504
31104 - 88 1
31104 - 108 1
31104 + 88
31105 # 1504
31105 - 88 1
31105 + 88
31106 # 1504
31106 - 88 1
31106 + 88
31107 # 1504
31107 - 88 1
31107 + 88
31108 # 1504
31108 - 88 1
31108 + 88
31109 # 1504
31109 - 88 1
31109 + 88
31110 # 1504
31110 - 88 1
31110 + 88
31111 # 1504
31111 - 88 1
31111 + 88
31112 # 1504
31112 - 88 1
31112 + 88
31113 # 1504
31113 - 88 1
31113 + 88
31114 # 1504
31114 - 88 1
31114 + 88
31114 + 108
31115 # 1504
31115 - 88 1
31115 - 108 1
31115 + 88
31116 # 1504
31116 - 88 1
31116 + 88
31117 # 1504
31117 - 88 1
31117 + 88
31118 # 1504
31118 - 88 1
31118 + 88
31119 # 1504
31119 - 88 1
31119 + 88
31120 # 1504
31120 - 88 1
31120 + 88
31121 # 1504
31121 - 88 1
31121 + 88
31122 # 1504
31122 - 88 1
31122 + 88
31123 # 1504
31123 - 88 1
31124 # 1504
31124 + 88
31124 + 88
31124 + 108
31125 # 1504
31125 - 88 1
31125 - 88 1
31125 - 108 1
31125 + 88
31126 # 1504
31126 - 88 1
31126 + 88
31127 # 1504
31127 - 88 1
31127 + 88
31128 # 1504
31128 - 88 1
31128 + 88
31129 # 1504
31129 - 88 1
31129 + 88
31130 # 1504
31130 - 88 1
31130 + 88
31131 # 1504
31131 - 88 1
31131 + 88
31132 # 1504
31132 - 88 1
31132 + 88
31133 # 1504
31133 - 88 1
31133 + 88
31134 # 1504
31134 - 88 1
31134 + 88
31135 # 1504
31135 - 88 1
31135 + 88
31135 + 108
31136 # 1504
31136 - 88 1
31136 - 108 1
31136 + 88
31137 # 1504
31137 - 88 1
31137 + 88
31138 # 1504
31138 - 88 1
31138 + 88
31139 # 1504
31139 - 88 1
31139 + 88
31140 # 1504
31140 - 88 1
31140 + 88
31141 # 1504
31141 - 88 1
31141 + 88
31142 # 1504
31142 - 88 1
31142 + 88
31143 # 1504
31143 - 88 1
31143 + 88
31144 # 1504
31144 - 88 1
31144 + 88
31145 # 1504
31145 - 88 1
31145 + 88
31145 + 108
31146 # 1504
31146 - 88 1
31146 - 108 1
31146 + 88
31146 + 100
31147 # 1504
31147 - 88 1
31147 - 100 1
31147 + 88
31148 # 1504
31148 - 88 1
31148 + 88
31149 # 1504
31149 - 88 1
31149 + 88
31150 # 1504
31150 - 88 1
31150 + 88
31151 # 1504
31151 - 88 1
31151 + 88
31152 # 1504
31152 - 88 1
31152 + 88
31153 # 1504
31153 - 88 1
31153 + 88
31154 # 1504
31154 - 88 1
31154 + 88
31155 # 1504
31155 - 88 1
31155 + 88
31156 # 1504
31156 - 88 1
31156 + 88
31157 # 1504
31157 - 88 1
31157 + 88
31157 + 108
31158 # 1504
31158 - 88 1
31158 - 108 1
31158 + 88
31159 # 1504
31159 - 88 1
31160 # 1504
31160 + 88
31160 + 88
31161 # 1504
31161 - 88 1
31161 - 88 1
31161 + 88
31162 # 1504
31162 - 88 1
31162 + 88
31163 # 1504
31163 - 88 1
31163 + 88
31164 # 1504
31164 - 88 1
31164 + 88
31165 # 1504
31165 - 88 1
31165 + 88
31165 + 88
31166 # 1504
31166 - 88 1
31166 - 88 1
31166 + 88
31167 # 1504
31167 - 88 1
31167 + 88
31167 + 108
31168 # 1504
31168 - 88 1
31168 - 108 1
31168 + 88
31169 # 1504
31169 - 88 1
31169 + 88
31170 # 1504
31170 - 88 1
31170 + 88
31171 # 1504
31171 - 88 1
31171 + 88
31172 # 1504
31172 - 88 1
31172 + 88
31173 # 1504
31173 - 88 1
31173 + 88
31174 # 1504
31174 - 88 1
31174 + 88
31175 # 1504
31175 - 88 1
31175 + 88
31176 # 1504
31176 - 88 1
31176 + 88
31177 # 1504
31177 - 88 1
31177 + 88
31178 # 1504
31178 - 88 1
31178 + 88
31178 + 108
31179 # 1504
31179 - 88 1
31179 - 108 1
31179 + 88
31180 # 1504
31180 - 88 1
31180 + 88
31181 # 1504
31181 - 88 1
31181 + 88
31182 # 1504
31182 - 88 1
31182 + 88
31183 # 1504
31183 - 88 1
31183 + 88
31184 # 1504
31184 - 88 1
31184 + 88
31185 # 1504
31185 - 88 1
31185 + 88
31186 # 1504
31186 - 88 1
31186 + 88
31187 # 1504
31187 - 88 1
31187 + 88
31188 # 1504
31188 - 88 1
31188 + 88
31189 # 1504
31189 - 88 1
31189 + 88
31189 + 108
31190 # 1504
31190 - 88 1
31190 - 108 1
31190 + 88
31190 + 88
31191 # 1504
31191 - 88 1
31191 - 88 1
31191 + 88
31192 # 1504
31192 - 88 1
31192 + 88
31193 # 1504
31193 - 88 1
31193 + 88
31194 # 1504
31194 - 88 1
31194 + 88
31195 # 1504
31195 - 88 1
31195 + 88
31196 # 1504
31196 - 88 1
31196 + 88
31197 # 1504
31197 - 88 1
31197 + 88
31198 # 1504
31198 - 88 1
31198 + 88
31199 # 1504
31199 - 88 1
31199 + 88
31199 + 108
31200 # 1504
31200 - 88 1
31200 - 108 1
31200 + 88
31201 # 1504
31201 - 88 1
31201 + 88
31202 # 1504
31202 - 88 1
31202 + 88
31203 # 1504
31203 - 88 1
31203 + 88
31204 # 1504
31204 - 88 1
31204 + 88
31205 # 1504
31205 - 88 1
31205 + 88
31206 # 1504
31206 - 88 1
31206 + 88
31207 # 1504
31207 - 88 1
31207 + 88
31208 # 1504
31208 - 88 1
31208 + 88
31209 # 1504
31209 - 88 1
31209 + 88
31210 # 1504
31210 - 88 1
31210 + 88
31210 + 108
31211 # 1504
31211 - 88 1
31211 - 108 1
31211 + 88
31212 # 1504
31212 - 88 1
31212 + 88
31213 # 1504
31213 - 88 1
31213 + 88
31214 # 1504
31214 - 88 1
31214 + 88
31215 # 1504
31215 - 88 1
31215 + 88
31215 + 88
31216 # 1504
31216 - 88 1
31216 - 88 1
31217 # 1504
31217 + 88
31217 + 88
31217 + 100
31218 # 1504
31218 - 88 1
31218 - 88 1
31218 - 100 1
31218 + 88
31219 # 1504
31219 - 88 1
31219 + 88
31220 # 1504
31220 - 88 1
31220 + 88
31221 # 1504
31221 - 88 1
31221 + 88
31222 # 1504
31222 - 88 1
31222 + 88
31223 # 1504
31223 - 88 1
31223 + 88
31224 # 1504
31224 - 88 1
31224 + 88
31225 # 1504
31225 - 88 1
31226 # 1504
31226 + 88
31227 # 1504
31227 - 88 1
31227 + 88
31227 + 88
31228 # 1504
31228 - 88 1
31228 - 88 1
31228 + 108
31229 # 1504
31229 - 108 1
31229 + 88
31229 + 88
31230 # 1504
31230 - 88 1
31230 - 88 1
31230 + 88
31231 # 1504
31231 - 88 1
31231 + 88
31232 # 1504
31232 - 88 1
31232 + 88
31233 # 1504
31233 - 88 1
31233 + 88
31234 # 1504
31234 - 88 1
31234 + 88
31235 # 1504
31235 - 88 1
31235 + 88
31236 # 1504
31236 - 88 1
31236 + 88
31236 + 88
31237 # 1504
31237 - 88 1
31237 - 88 1
31237 + 88
31238 # 1504
31238 - 88 1
31238 + 88
31238 + 108
31239 # 1504
31239 - 88 1
31239 - 108 1
31239 + 88
31240 # 1504
31240 - 88 1
31240 + 88
31241 # 1504
31241 - 88 1
31241 + 88
31242 # 1504
31242 - 88 1
31242 + 88
31243 # 1504
31243 - 88 1
31243 + 88
31244 # 1504
31244 - 88 1
31244 + 88
31245 # 1504
31245 - 88 1
31245 + 88
31246 # 1504
31246 - 88 1
31246 + 88
31247 # 1504
31247 - 88 1
31247 + 88
31248 # 1504
31248 - 88 1
31248 + 88
31248 + 108
31249 # 1504
31249 - 88 1
31249 - 108 1
31249 + 88
31250 # 1504
31250 - 88 1
31250 + 88
31251 # 1504
31251 - 88 1
31251 + 88
31252 # 1504
31252 - 88 1
31252 + 88
31253 # 1504
31253 - 88 1
31253 + 88
31254 # 1504
31254 - 88 1
31254 + 88
31255 # 1504
31255 - 88 1
31255 + 88
31256 # 1504
31256 - 88 1
31256 + 88
31257 # 1504
31257 - 88 1
31257 + 88
31258 # 1504
31258 - 88 1
31258 + 88
31258 + 108
31259 # 1504
31259 - 88 1
31259 - 108 1
31259 + 88
31260 # 1504
31260 - 88 1
31260 + 88
31261 # 1504
31261 - 88 1
31261 + 88
31262 # 1504
31262 - 88 1
31262 + 88
31262 + 88
31263 # 1504
31263 - 88 1
31263 - 88 1
31263 + 88
31264 # 1504
31264 - 88 1
31264 + 88
31265 # 1504
31265 - 88 1
31265 + 88
31266 # 1504
31266 - 88 1
31266 + 88
31267 # 1504
31267 - 88 1
31267 + 88
31268 # 1504
31268 - 88 1
31268 + 88
31269 # 1504
31269 - 88 1
31269 + 88
31269 + 108
31270 # 1504
31270 - 88 1
31270 - 108 1
31270 + 88
31271 # 1504
31271 - 88 1
31271 + 88
31272 # 1504
31272 - 88 1
31272 + 88
31273 # 1504
31273 - 88 1
31273 + 88
31274 # 1504
31274 - 88 1
31274 + 88
31275 # 1504
31275 - 88 1
31275 + 88
31276 # 1504
31276 - 88 1
31276 + 88
31277 # 1504
31277 - 88 1
31277 + 88
31278 # 1504
31278 - 88 1
31278 + 88
31279 # 1504
31279 - 88 1
31279 + 88
31280 # 1504
31280 - 88 1
31280 + 88
31280 + 108
31281 # 1504
31281 - 88 1
31281 - 108 1
31281 + 88
31282 # 1504
31282 - 88 1
31283 # 1504
31283 + 88
31283 + 88
31284 # 1504
31284 - 88 1
31284 - 88 1
31285 # 1504
31285 + 88
31285 + 88
31286 # 1504
31286 - 88 1
31286 - 88 1
31286 + 88
31287 # 1504
31287 - 88 1
31287 + 88
31288 # 1504
31288 - 88 1
31288 + 88
31288 + 88
31288 + 100
31289 # 1504
31289 - 88 1
31289 - 88 1
31289 - 100 1
31289 + 88
31290 # 1504
31290 - 88 1
31290 + 88
31291 # 1504
31291 - 88 1
31291 + 88
31292 # 1504
31292 - 88 1
31292 + 88
31293 # 1504
31293 - 88 1
31293 + 88
31294 # 1504
31294 - 88 1
31294 + 88
31295 # 1504
31295 - 88 1
31295 + 88
31296 # 1504
31296 - 88 1
31296 + 88
31297 # 1504
31297 - 88 1
31297 + 88
31298 # 1504
31298 - 88 1
31298 + 88
31298 + 108
31299 # 1504
31299 - 88 1
31299 - 108 1
31299 + 88
31300 # 1504
31300 - 88 1
31300 + 88
31301 # 1504
31301 - 88 1
31301 + 88
31302 # 1504
31302 - 88 1
31302 + 88
31303 # 1504
31303 - 88 1
31303 + 88
31304 # 1504
31304 - 88 1
31304 + 88
31305 # 1504
31305 - 88 1
31305 + 88
31306 # 1504
31306 - 88 1
31306 + 88
31307 # 1504
31307 - 88 1
31307 + 88
31308 # 1504
31308 - 88 1
31308 + 88
31308 + 88
31309 # 1504
31309 - 88 1
31309 - 88 1
31309 + 88
31309 + 108
31310 # 1504
31310 - 88 1
31310 - 108 1
31310 + 88
31311 # 1504
31311 - 88 1
31311 + 88
31312 # 1504
31312 - 88 1
31312 + 88
31313 # 1504
31313 - 88 1
31313 + 88
31314 # 1504
31314 - 88 1
31314 + 88
31315 # 1504
31315 - 88 1
31316 # 1504
31316 + 88
31316 + 88
31317 # 1504
31317 - 88 1
31317 - 88 1
31317 + 88
31318 # 1504
31318 - 88 1
31318 + 88
31319 # 1504
31319 - 88 1
31319 + 88
31320 # 1504
31320 - 88 1
31320 + 88
31320 + 108
31321 # 1504
31321 - 88 1
31321 - 108 1
31321 + 88
31322 # 1504
31322 - 88 1
31322 + 88
31323 # 1504
31323 - 88 1
31323 + 88
31324 # 1504
31324 - 88 1
31324 + 88
31325 # 1504
31325 - 88 1
31325 + 88
31326 # 1504
31326 - 88 1
31326 + 88
31327 # 1504
31327 - 88 1
31327 + 88
31328 # 1504
31328 - 88 1
31328 + 88
31329 # 1504
31329 - 88 1
31330 # 1504
31330 + 88
31331 # 1504
31331 - 88 1
31331 + 88
31331 + 108
31331 + 88
31332 # 1504
31332 - 88 1
31332 - 108 1
31332 - 88 1
31332 + 88
31333 # 1504
31333 - 88 1
31333 + 88
31333 + 88
31334 # 1504
31334 - 88 1
31334 - 88 1
31334 + 88
31335 # 1504
31335 - 88 1
31335 + 88
31336 # 1504
31336 - 88 1
31336 + 88
31337 # 1504
31337 - 88 1
31337 + 88
31338 # 1504
31338 - 88 1
31338 + 88
31339 # 1504
31339 - 88 1
31339 + 88
31340 # 1504
31340 - 88 1
31340 + 88
31341 # 1504
31341 - 88 1
31341 + 88
31341 + 108
31342 # 1504
31342 - 88 1
31342 - 108 1
31342 + 88
31343 # 1504
31343 - 88 1
31343 + 88
31344 # 1504
31344 - 88 1
31344 + 88
31345 # 1504
31345 - 88 1
31345 + 88
31346 # 1504
31346 - 88 1
31346 + 88
31347 # 1504
31347 - 88 1
31347 + 88
31348 # 1504
31348 - 88 1
31348 + 88
31349 # 1504
31349 - 88 1
31349 + 88
31350 # 1504
31350 - 88 1
31350 + 88
31351 # 1504
31351 - 88 1
31351 + 88
31351 + 108
31352 # 1504
31352 - 88 1
31352 - 108 1
31352 + 88
31353 # 1504
31353 - 88 1
31353 + 88
31354 # 1504
31354 - 88 1
31354 + 88
31355 # 1504
31355 - 88 1
31355 + 88
31356 # 1504
31356 - 88 1
31356 + 88
31357 # 1504
31357 - 88 1
31357 + 88
31358 # 1504
31358 - 88 1
31358 + 88
31359 # 1504
31359 - 88 1
31359 + 88
31359 + 88
31359 + 100
31360 # 1504
31360 - 88 1
31360 - 88 1
31360 - 100 1
31360 + 88
31361 # 1504
31361 - 88 1
31361 + 88
31362 # 1504
31362 - 88 1
31362 + 88
31363 # 1504
31363 - 88 1
31363 + 88
31364 # 1504
31364 - 88 1
31364 + 88
31365 # 1504
31365 - 88 1
31365 + 88
31366 # 1504
31366 - 88 1
31366 + 88
31367 # 1504
31367 - 88 1
31367 + 88
31368 # 1504
31368 - 88 1
31368 + 88
31369 # 1504
31369 - 88 1
31369 + 88
31370 # 1504
31370 - 88 1
31370 + 88
31370 + 108
31371 # 1504
31371 - 88 1
31371 - 108 1
31371 + 88
31372 # 1504
31372 - 88 1
31372 + 88
31373 # 1504
31373 - 88 1
31373 + 88
31374 # 1504
31374 - 88 1
31374 + 88
31375 # 1504
31375 - 88 1
31375 + 88
31376 # 1504
31376 - 88 1
31376 + 88
31377 # 1504
31377 - 88 1
31377 + 88
31378 # 1504
31378 - 88 1
31378 + 88
31379 # 1504
31379 - 88 1
31379 + 88
31380 # 1504
31380 - 88 1
31381 # 1504
31381 + 88
31381 + 108
31381 + 88
31382 # 1504
31382 - 88 1
31382 - 108 1
31382 - 88 1
31382 + 88
31382 + 88
31383 # 1504
31383 - 88 1
31383 - 88 1
31383 + 88
31384 # 1504
31384 - 88 1
31384 + 88
31385 # 1504
31385 - 88 1
31385 + 88
31386 # 1504
31386 - 88 1
31386 + 88
31387 # 1504
31387 - 88 1
31387 + 88
31388 # 1504
31388 - 88 1
31388 + 88
31389 # 1504
31389 - 88 1
31389 + 88
31390 # 1504
31390 - 88 1
31390 + 88
31391 # 1504
31391 - 88 1
31391 + 88
31391 + 108
31392 # 1504
31392 - 88 1
31392 - 108 1
31393 # 1504
31393 + 88
31393 + 88
31394 # 1504
31394 - 88 1
31394 - 88 1
31394 + 88
31395 # 1504
31395 - 88 1
31395 + 88
31396 # 1504
31396 - 88 1
31396 + 88
31397 # 1504
31397 - 88 1
31397 + 88
31398 # 1504
31398 - 88 1
31399 # 1504
31399 + 88
31400 # 1504
31400 - 88 1
31400 + 88
31401 # 1504
31401 - 88 1
31401 + 88
31402 # 1504
31402 - 88 1
31402 + 88
31402 + 108
31403 # 1504
31403 - 88 1
31403 - 108 1
31404 # 1504
31404 + 88
31404 + 88
31405 # 1504
31405 - 88 1
31405 - 88 1
31406 # 1504
31406 + 88
31407 # 1504
31407 - 88 1
31407 + 88
31408 # 1504
31408 - 88 1
31408 + 88
31409 # 1504
31409 - 88 1
31409 + 88
31410 # 1504
31410 - 88 1
31410 + 88
31411 # 1504
31411 - 88 1
31411 + 88
31412 # 1504
31412 - 88 1
31413 # 1504
31413 + 88
31413 + 108
31413 + 88
31414 # 1504
31414 - 88 1
31414 - 108 1
31414 - 88 1
31415 # 1504
31415 + 88
31416 # 1504
31416 - 88 1
31416 + 88
31417 # 1504
31417 - 88 1
31417 + 88
31418 # 1504
31418 - 88 1
31418 + 88
31419 # 1504
31419 - 88 1
31419 + 88
31420 # 1504
31420 - 88 1
31420 + 88
31421 # 1504
31421 - 88 1
31422 # 1504
31422 + 88
31423 # 1504
31423 - 88 1
31423 + 88
31423 + 108
31424 # 1504
31424 - 88 1
31424 - 108 1
31425 # 1504
31425 + 88
31426 # 1504
31426 - 88 1
31426 + 88
31427 # 1504
31427 - 88 1
31428 # 1504
31428 + 88
31429 # 1504
31429 - 88 1
31429 + 88
31430 # 1504
31430 - 88 1
31430 + 88
31431 # 1504
31431 - 88 1
31432 # 1504
31432 + 88
31433 # 1504
31433 - 88 1
31433 + 88
31434 # 1504
31434 - 88 1
31435 # 1504
31435 + 88
31435 + 108
31436 # 1504
31436 - 88 1
31436 - 108 1
31436 + 88
31437 # 1504
31437 - 88 1
31438 # 1504
31438 + 88
31439 # 1504
31439 - 88 1
31439 + 88
31440 # 1504
31440 - 88 1
31440 + 88
31441 # 1504
31441 - 88 1
31442 # 1504
31442 + 88
31442 + 100
31443 # 1504
31443 - 88 1
31443 - 100 1
31443 + 88
31444 # 1504
31444 - 88 1
31445 # 1504
31445 + 88
31446 # 1504
31446 - 88 1
31446 + 88
31447 # 1504
31447 - 88 1
31448 # 1504
31448 + 88
31449 # 1504
31449 - 88 1
31449 + 88
31450 # 1504
31450 - 88 1
31450 + 88
31451 # 1504
31451 - 88 1
31452 # 1504
31452 + 88
31453 # 1504
31453 - 88 1
31453 + 88
31453 + 108
31454 # 1504
31454 - 88 1
31454 - 108 1
31454 + 88
31455 # 1504
31455 - 88 1
31456 # 1504
31456 + 88
31457 # 1504
31457 - 88 1
31457 + 88
31458 # 1504
31458 - 88 1
31458 + 88
31459 # 1504
31459 - 88 1
31460 # 1504
31460 + 88
31461 # 1504
31461 - 88 1
31461 + 88
31462 # 1504
31462 - 88 1
31462 + 88
31463 # 1504
31463 - 88 1
31464 # 1504
31464 + 88
31464 + 108
31465 # 1504
31465 - 88 1
31465 - 108 1
31465 + 88
31466 # 1504
31466 - 88 1
31466 + 88
31467 # 1504
31467 - 88 1
31468 # 1504
31468 + 88
31469 # 1504
31469 - 88 1
31469 + 88
31470 # 1504
31470 - 88 1
31470 + 88
31471 # 1504
31471 - 88 1
31472 # 1504
31472 + 88
31473 # 1504
31473 - 88 1
31473 + 88
31474 # 1504
31474 - 88 1
31474 + 88
31474 + 108
31475 # 1504
31475 - 88 1
31475 - 108 1
31476 # 1504
31476 + 88
31477 # 1504
31477 - 88 1
31477 + 88
31478 # 1504
31478 - 88 1
31479 # 1504
31479 + 88
31480 # 1504
31480 - 88 1
31480 + 88
31481 # 1504
31481 - 88 1
31481 + 88
31482 # 1504
31482 - 88 1
31482 + 88
31483 # 1504
31483 - 88 1
31484 # 1504
31484 + 88
31485 # 1504
31485 - 88 1
31485 + 88
31485 + 108
31486 # 1504
31486 - 88 1
31486 - 108 1
31487 # 1504
31487 + 88
31488 # 1504
31488 - 88 1
31488 + 88
31489 # 1504
31489 - 88 1
31489 + 88
31490 # 1504
31490 - 88 1
31490 + 88
31491 # 1504
31491 - 88 1
31492 # 1504
31492 + 88
31493 # 1504
31493 - 88 1
31493 + 88
31494 # 1504
31494 - 88 1
31494 + 88
31495 # 1504
31495 - 88 1
31495 + 88
31496 # 1504
31496 - 88 1
31496 + 88
31496 + 108
31497 # 1504
31497 - 88 1
31497 - 108 1
31498 # 1504
31498 + 88
31499 # 1504
31499 - 88 1
31499 + 88
31500 # 1504
31500 - 88 1
31501 # 1504
31501 + 88
31502 # 1504
31502 - 88 1
31502 + 88
31503 # 1504
31503 - 88 1
31503 + 88
31504 # 1504
31504 - 88 1
31505 # 1504
31505 + 88
31506 # 1504
31506 - 88 1
31506 + 88
31507 # 1504
31507 - 88 1
31508 # 1504
31508 + 88
31508 + 108
31509 # 1504
31509 - 88 1
31509 - 108 1
31509 + 88
31510 # 1504
31510 - 88 1
31510 + 88
31511 # 1504
31511 - 88 1
31511 + 88
31512 # 1504
31512 - 88 1
31513 # 1504
31513 + 88
31514 # 1504
31514 - 88 1
31514 + 88
31515 # 1504
31515 - 88 1
31515 + 88
31516 # 1504
31516 - 88 1
31516 + 88
31517 # 1504
31517 - 88 1
31518 # 1504
31518 + 88
31518 + 108
31519 # 1504
31519 - 88 1
31519 - 108 1
31519 + 88
31520 # 1504
31520 - 88 1
31520 + 88
31521 # 1504
31521 - 88 1
31522 # 1504
31522 + 88
31523 # 1504
31523 - 88 1
31523 + 88
31524 # 1504
31524 - 88 1
31524 + 88
31525 # 1504
31525 - 88 1
31525 + 88
31526 # 1504
31526 - 88 1
31527 # 1504
31527 + 88
31528 # 1504
31528 - 88 1
31528 + 88
31528 + 108
31529 # 1504
31529 - 88 1
31529 - 108 1
31529 + 88
31530 # 1504
31530 - 88 1
31531 # 1504
31531 + 88
31532 # 1504
31532 - 88 1
31532 + 88
31533 # 1504
31533 - 88 1
31533 + 88
31534 # 1504
31534 - 88 1
31535 # 1504
31535 + 88
31536 # 1504
31536 - 88 1
31536 + 88
31537 # 1504
31537 - 88 1
31538 # 1504
31538 + 88
31539 # 1504
31539 - 88 1
31539 + 88
31539 + 108
31540 # 1504
31540 - 88 1
31540 - 108 1
31540 + 88
31540 + 100
31541 # 1504
31541 - 88 1
31541 - 100 1
31542 # 1504
31542 + 88
31543 # 1504
31543 - 88 1
31543 + 88
31544 # 1504
31544 - 88 1
31544 + 88
31545 # 1504
31545 - 88 1
31546 # 1504
31546 + 88
31547 # 1504
31547 - 88 1
31547 + 88
31548 # 1504
31548 - 88 1
31548 + 88
31549 # 1504
31549 - 88 1
31549 + 88
31550 # 1504
31550 - 88 1
31551 # 1504
31551 + 88
31551 + 108
31552 # 1504
31552 - 88 1
31552 - 108 1
31552 + 88
31553 # 1504
31553 - 88 1
31554 # 1504
31554 + 88
31555 # 1504
31555 - 88 1
31555 + 88
31556 # 1504
31556 - 88 1
31557 # 1504
31557 + 88
31558 # 1504
31558 - 88 1
31558 + 88
31559 # 1504
31559 - 88 1
31560 # 1504
31560 + 88
31561 # 1504
31561 - 88 1
31561 + 88
31562 # 1504
31562 - 88 1
31563 # 1504
31563 + 88
31563 + 108
31564 # 1504
31564 - 88 1
31564 - 108 1
31564 + 88
31565 # 1504
31565 - 88 1
31566 # 1504
31566 + 88
31567 # 1504
31567 - 88 1
31567 + 88
31568 # 1504
31568 - 88 1
31568 + 88
31569 # 1504
31569 - 88 1
31570 # 1504
31570 + 88
31571 # 1504
31571 - 88 1
31571 + 88
31572 # 1504
31572 - 88 1
31572 + 88
31573 # 1504
31573 - 88 1
31573 + 88
31573 + 108
31574 # 1504
31574 - 88 1
31574 - 108 1
31575 # 1504
31575 + 88
31576 # 1504
31576 - 88 1
31576 + 88
31577 # 1504
31577 - 88 1
31577 + 88
31578 # 1504
31578 - 88 1
31578 + 88
31579 # 1504
31579 - 88 1
31580 # 1504
31581 # 1504
31581 + 88
31582 # 1504
31582 - 88 1
31582 + 88
31583 # 1504
31583 - 88 1
31583 + 88
31583 + 108
31584 # 1504
31584 - 88 1
31584 - 108 1
31584 + 88
31585 # 1504
31585 - 88 1
31586 # 1504
31587 # 1504
31588 # 1504
31588 + 88
31588 + 88
31589 # 1504
31589 - 88 1
31589 - 88 1
31589 + 88
31590 # 1504
31590 - 88 1
31590 + 88
31591 # 1504
31591 - 88 1
31592 # 1504
31592 + 88
31593 # 1504
31593 - 88 1
31593 + 88
31594 # 1504
31594 - 88 1
31595 # 1504
31595 + 88
31595 + 108
31596 # 1504
31596 - 88 1
31596 - 108 1
31596 + 88
31597 # 1504
31597 - 88 1
31598 # 1504
31598 + 88
31599 # 1504
31599 - 88 1
31599 + 88
31600 # 1504
31600 - 88 1
31601 # 1504
31601 + 88
31602 # 1504
31602 - 88 1
31602 + 88
31603 # 1504
31603 - 88 1
31603 + 88
31604 # 1504
31604 - 88 1
31605 # 1504
31605 + 88
31606 # 1504
31606 - 88 1
31606 + 88
31606 + 108
31607 # 1504
31607 - 88 1
31607 - 108 1
31607 + 88
31608 # 1504
31608 - 88 1
31609 # 1504
31609 + 88
31610 # 1504
31610 - 88 1
31610 + 88
31611 # 1504
31611 - 88 1
31611 + 88
31612 # 1504
31612 - 88 1
31612 + 88
31613 # 1504
31613 - 88 1
31614 # 1504
31614 + 88
31615 # 1504
31615 - 88 1
31615 + 88
31616 # 1504
31616 - 88 1
31617 # 1504
31617 + 88
31617 + 108
31618 # 1504
31618 - 88 1
31618 - 108 1
31618 + 88
31619 # 1504
31619 - 88 1
31620 # 1504
31621 # 1504
31621 + 88
31621 + 88
31622 # 1504
31622 - 88 1
31622 - 88 1
31622 + 88
31623 # 1504
31623 - 88 1
31623 + 88
31624 # 1504
31624 - 88 1
31625 # 1504
31625 + 88
31626 # 1504
31626 - 88 1
31626 + 88
31627 # 1504
31627 - 88 1
31628 # 1504
31628 + 88
31628 + 108
31629 # 1504
31629 - 88 1
31629 - 108 1
31629 + 88
31630 # 1504
31630 - 88 1
31631 # 1504
31631 + 88
31632 # 1504
31632 - 88 1
31633 # 1504
31633 + 88
31634 # 1504
31634 - 88 1
31635 # 1504
31635 + 88
31636 # 1504
31636 - 88 1
31637 # 1504
31637 + 88
31637 + 88
31638 # 1504
31638 - 88 1
31638 - 88 1
31638 + 88
31639 # 1504
31639 - 88 1
31640 # 1504
31640 + 88
31640 + 108
31641 # 1504
31641 - 88 1
31641 - 108 1
31641 + 88
31642 # 1504
31642 - 88 1
31642 + 88
31643 # 1504
31643 - 88 1
31644 # 1504
31644 + 88
31644 + 100
31645 # 1504
31645 - 88 1
31645 - 100 1
31645 + 88
31646 # 1504
31646 - 88 1
31646 + 88
31647 # 1504
31647 - 88 1
31648 # 1504
31648 + 88
31649 # 1504
31649 - 88 1
31649 + 88
31650 # 1504
31650 - 88 1
31650 + 88
31651 # 1504
31651 - 88 1
31651 + 88
31652 # 1504
31652 - 88 1
31652 + 88
31653 # 1504
31653 - 88 1
31654 # 1504
31654 + 88
31655 # 1504
31655 - 88 1
31655 + 88
31655 + 108
31656 # 1504
31656 - 88 1
31656 - 108 1
31656 + 88
31657 # 1504
31657 - 88 1
31657 + 88
31658 # 1504
31658 - 88 1
31659 # 1504
31659 + 88
31660 # 1504
31660 - 88 1
31660 + 88
31661 # 1504
31661 - 88 1
31661 + 88
31662 # 1504
31662 - 88 1
31662 + 88
31663 # 1504
31663 - 88 1
31664 # 1504
31664 + 88
31665 # 1504
31665 - 88 1
31666 # 1504
31666 + 88
31666 + 108
31666 + 88
31667 # 1504
31667 - 88 1
31667 - 108 1
31667 - 88 1
31668 # 1504
31668 + 88
31669 # 1504
31669 - 88 1
31669 + 88
31670 # 1504
31670 - 88 1
31671 # 1504
31671 + 88
31672 # 1504
31672 - 88 1
31672 + 88
31673 # 1504
31673 - 88 1
31674 # 1504
31674 + 88
31675 # 1504
31675 - 88 1
31675 + 88
31676 # 1504
31676 - 88 1
31676 + 88
31676 + 108
31677 # 1504
31677 - 88 1
31677 - 108 1
31678 # 1504
31678 + 88
31679 # 1504
31679 - 88 1
31679 + 88
31680 # 1504
31680 - 88 1
31680 + 88
31681 # 1504
31681 - 88 1
31681 + 88
31682 # 1504
31682 - 88 1
31683 # 1504
31683 + 88
31684 # 1504
31684 - 88 1
31684 + 88
31685 # 1504
31685 - 88 1
31685 + 88
31686 # 1504
31686 - 88 1
31686 + 88
31687 # 1504
31687 - 88 1
31687 + 88
31687 + 108
31688 # 1504
31688 - 88 1
31688 - 108 1
31689 # 1504
31689 + 88
31690 # 1504
31690 - 88 1
31690 + 88
31691 # 1504
31691 - 88 1
31691 + 88
31692 # 1504
31692 - 88 1
31692 + 88
31693 # 1504
31693 - 88 1
31693 + 88
31694 # 1504
31694 - 88 1
31694 + 88
31695 # 1504
31695 - 88 1
31696 # 1504
31696 + 88
31697 # 1504
31697 - 88 1
31698 # 1504
31698 + 88
31698 + 108
31698 + 88
31699 # 1504
31699 - 88 1
31699 - 108 1
31699 - 88 1
31699 + 88
31700 # 1504
31700 - 88 1
31700 + 88
31701 # 1504
31701 - 88 1
31702 # 1504
31702 + 88
31703 # 1504
31703 - 88 1
31703 + 88
31704 # 1504
31704 - 88 1
31704 + 88
31705 # 1504
31705 - 88 1
31705 + 88
31706 # 1504
31706 - 88 1
31707 # 1504
31707 + 88
31708 # 1504
31708 - 88 1
31708 + 88
31708 + 108
31709 # 1504
31709 - 88 1
31709 - 108 1
31709 + 88
31710 # 1504
31710 - 88 1
31710 + 88
31711 # 1504
31711 - 88 1
31712 # 1504
31712 + 88
31713 # 1504
31713 - 88 1
31713 + 88
31714 # 1504
31714 - 88 1
31714 + 88
31715 # 1504
31715 - 88 1
31715 + 88
31716 # 1504
31716 - 88 1
31717 # 1504
31717 + 88
31718 # 1504
31718 - 88 1
31718 + 88
31719 # 1504
31719 - 88 1
31719 + 88
31719 + 108
31720 # 1504
31720 - 88 1
31720 - 108 1
31721 # 1504
31721 + 88
31722 # 1504
31722 - 88 1
31722 + 88
31723 # 1504
31723 - 88 1
31723 + 88
31724 # 1504
31724 - 88 1
31724 + 88
31725 # 1504
31725 - 88 1
31726 # 1504
31726 + 88
31726 + 88
31727 # 1504
31727 - 88 1
31727 - 88 1
31728 # 1504
31728 + 88
31729 # 1504
31729 - 88 1
31729 + 88
31730 # 1504
31730 - 88 1
31730 + 88
31730 + 108
31731 # 1504
31731 - 88 1
31731 - 108 1
31732 # 1504
31732 + 88
31733 # 1504
31733 - 88 1
31733 + 88
31734 # 1504
31734 - 88 1
31734 + 88
31735 # 1504
31735 - 88 1
31735 + 88
31736 # 1504
31736 - 88 1
31737 # 1504
31737 + 88
31737 + 100
31738 # 1504
31738 - 88 1
31738 - 100 1
31738 + 88
31739 # 1504
31739 - 88 1
31739 + 88
31740 # 1504
31740 - 88 1
31741 # 1504
31741 + 88
31742 # 1504
31742 - 88 1
31742 + 88
31743 # 1504
31743 - 88 1
31743 + 88
31744 # 1504
31744 - 88 1
31745 # 1504
31745 + 88
31746 # 1504
31746 - 88 1
31746 + 88
31747 # 1504
31747 - 88 1
31748 # 1504
31748 + 88
31748 + 108
31749 # 1504
31749 - 88 1
31749 - 108 1
31749 + 88
31750 # 1504
31750 - 88 1
31750 + 88
31751 # 1504
31751 - 88 1
31751 + 88
31752 # 1504
31752 - 88 1
31753 # 1504
31753 + 88
31754 # 1504
31754 - 88 1
31754 + 88
31755 # 1504
31755 - 88 1
31755 + 88
31756 # 1504
31756 - 88 1
31757 # 1504
31757 + 88
31758 # 1504
31758 - 88 1
31758 + 88
31758 + 108
31759 # 1504
31759 - 88 1
31759 - 108 1
31760 # 1504
31760 + 88
31761 # 1504
31761 - 88 1
31761 + 88
31762 # 1504
31762 - 88 1
31762 + 88
31763 # 1504
31763 - 88 1
31764 # 1504
31764 + 88
31765 # 1504
31765 - 88 1
31765 + 88
31766 # 1504
31766 - 88 1
31766 + 88
31767 # 1504
31767 - 88 1
31767 + 88
31768 # 1504
31768 - 88 1
31768 + 88
31768 + 108
31769 # 1504
31769 - 88 1
31769 - 108 1
31770 # 1504
31770 + 88
31771 # 1504
31771 - 88 1
31771 + 88
31772 # 1504
31772 - 88 1
31772 + 88
31773 # 1504
31773 - 88 1
31773 + 88
31774 # 1504
31774 - 88 1
31775 # 1504
31775 + 88
31776 # 1504
31776 - 88 1
31776 + 88
31777 # 1504
31777 - 88 1
31777 + 88
31778 # 1504
31778 - 88 1
31778 + 88
31779 # 1504
31779 - 88 1
31780 # 1504
31780 + 88
31780 + 108
31781 # 1504
31781 - 88 1
31781 - 108 1
31781 + 88
31782 # 1504
31782 - 88 1
31782 + 88
31783 # 1504
31783 - 88 1
31783 + 88
31784 # 1504
31784 - 88 1
31785 # 1504
31785 + 88
31786 # 1504
31786 - 88 1
31786 + 88
31787 # 1504
31787 - 88 1
31787 + 88
31788 # 1504
31788 - 88 1
31789 # 1504
31789 + 88
31790 # 1504
31790 - 88 1
31790 + 88
31790 + 108
31791 # 1504
31791 - 88 1
31791 - 108 1
31791 + 88
31792 # 1504
31792 - 88 1
31792 + 88
31793 # 1504
31793 - 88 1
31793 + 88
31794 # 1504
31794 - 88 1
31795 # 1504
31795 + 88
31796 # 1504
31796 - 88 1
31796 + 88
31797 # 1504
31797 - 88 1
31797 + 88
31798 # 1504
31798 - 88 1
31798 + 88
31799 # 1504
31799 - 88 1
31800 # 1504
31800 + 88
31801 # 1504
31801 - 88 1
31801 + 88
31801 + 108
31802 # 1504
31802 - 88 1
31802 - 108 1
31802 + 88
31803 # 1504
31803 - 88 1
31804 # 1504
31804 + 88
31805 # 1504
31805 - 88 1
31805 + 88
31806 # 1504
31806 - 88 1
31806 + 88
31807 # 1504
31807 - 88 1
31808 # 1504
31808 + 88
31809 # 1504
31809 - 88 1
31809 + 88
31810 # 1504
31810 - 88 1
31810 + 88
31811 # 1504
31811 - 88 1
31811 + 88
31811 + 108
31812 # 1504
31812 - 88 1
31812 - 108 1
31813 # 1504
31813 + 88
31814 # 1504
31814 - 88 1
31815 # 1504
31815 + 88
31815 + 88
31816 # 1504
31816 - 88 1
31816 - 88 1
31817 # 1504
31817 + 88
31818 # 1504
31818 - 88 1
31818 + 88
31819 # 1504
31819 - 88 1
31819 + 88
31820 # 1504
31820 - 88 1
31820 + 88
31821 # 1504
31821 - 88 1
31822 # 1504
31822 + 88
31822 + 108
31823 # 1504
31823 - 88 1
31823 - 108 1
31823 + 88
31824 # 1504
31824 - 88 1
31824 + 88
31825 # 1504
31825 - 88 1
31826 # 1504
31826 + 88
31827 # 1504
31827 - 88 1
31827 + 88
31828 # 1504
31828 - 88 1
31828 + 88
31829 # 1504
31829 - 88 1
31829 + 88
31830 # 1504
31830 - 88 1
31831 # 1504
31831 + 88
31832 # 1504
31832 - 88 1
31832 + 88
31832 + 108
31833 # 1504
31833 - 88 1
31833 - 108 1
31833 + 88
31834 # 1504
31834 - 88 1
31834 + 88
31835 # 1504
31835 - 88 1
31836 # 1504
31836 + 88
31837 # 1504
31837 - 88 1
31837 + 88
31838 # 1504
31838 - 88 1
31838 + 88
31839 # 1504
31839 - 88 1
31839 + 88
31840 # 1504
31840 - 88 1
31840 + 88
31841 # 1504
31841 - 88 1
31842 # 1504
31842 + 88
31843 # 1504
31843 - 88 1
31843 + 88
31843 + 108
31844 # 1504
31844 - 88 1
31844 - 108 1
31844 + 88
31845 # 1504
31845 - 88 1
31845 + 88
31846 # 1504
31846 - 88 1
31846 + 88
31847 # 1504
31847 - 88 1
31848 # 1504
31848 + 88
31849 # 1504
31849 - 88 1
31849 + 88
31850 # 1504
31850 - 88 1
31850 + 88
31851 # 1504
31851 - 88 1
31851 + 88
31852 # 1504
31852 - 88 1
31852 + 88
31853 # 1504
31853 - 88 1
31853 + 88
31853 + 108
31854 # 1504
31854 - 88 1
31854 - 108 1
31854 + 88
31855 # 1504
31855 - 88 1
31855 + 88
31856 # 1504
31856 - 88 1
31857 # 1504
31857 + 88
31858 # 1504
31858 - 88 1
31858 + 88
31859 # 1504
31859 - 88 1
31860 # 1504
31860 + 88
31861 # 1504
31861 - 88 1
31861 + 88
31862 # 1504
31862 - 88 1
31862 + 88
31863 # 1504
31863 - 88 1
31864 # 1504
31864 + 88
31864 + 108
31865 # 1504
31865 - 88 1
31865 - 108 1
31865 + 88
31866 # 1504
31866 - 88 1
31866 + 88
31867 # 1504
31867 - 88 1
31868 # 1504
31868 + 88
31869 # 1504
31869 - 88 1
31869 + 88
31870 # 1504
31870 - 88 1
31870 + 88
31871 # 1504
31871 - 88 1
31872 # 1504
31872 + 88
31873 # 1504
31873 - 88 1
31873 + 88
31874 # 1504
31874 - 88 1
31874 + 88
31874 + 108
31875 # 1504
31875 - 88 1
31875 - 108 1
31876 # 1504
31876 + 88
31877 # 1504
31877 - 88 1
31877 + 88
31878 # 1504
31878 - 88 1
31878 + 88
31879 # 1504
31879 - 88 1
31880 # 1504
31880 + 88
31881 # 1504
31881 - 88 1
31881 + 88
31882 # 1504
31882 - 88 1
31882 + 88
31883 # 1504
31883 - 88 1
31883 + 88
31884 # 1504
31884 - 88 1
31884 + 88
31884 + 108
31885 # 1504
31885 - 88 1
31885 - 108 1
31886 # 1504
31886 + 88
31886 + 88
31887 # 1504
31887 - 88 1
31887 - 88 1
31888 # 1504
31888 + 88
31889 # 1504
31889 - 88 1
31889 + 88
31890 # 1504
31890 - 88 1
31890 + 88
31891 # 1504
31891 - 88 1
31892 # 1504
31892 + 88
31893 # 1504
31893 - 88 1
31893 + 88
31894 # 1504
31894 - 88 1
31895 # 1504
31895 + 88
31895 + 108
31896 # 1504
31896 - 88 1
31896 - 108 1
31896 + 88
31897 # 1504
31897 - 88 1
31897 + 88
31898 # 1504
31898 - 88 1
31899 # 1504
31899 + 88
31900 # 1504
31900 - 88 1
31900 + 88
31901 # 1504
31901 - 88 1
31901 + 88
31902 # 1504
31902 - 88 1
31903 # 1504
31903 + 88
31904 # 1504
31904 - 88 1
31904 + 88
31905 # 1504
31905 - 88 1
31905 + 88
31905 + 108
31906 # 1504
31906 - 88 1
31906 - 108 1
31906 + 88
31907 # 1504
31907 - 88 1
31908 # 1504
31908 + 88
31909 # 1504
31909 - 88 1
31909 + 88
31910 # 1504
31910 - 88 1
31910 + 88
31911 # 1504
31911 - 88 1
31911 + 88
31912 # 1504
31912 - 88 1
31912 + 88
31913 # 1504
31913 - 88 1
31914 # 1504
31914 + 88
31915 # 1504
31915 - 88 1
31915 + 88
31916 # 1504
31916 - 88 1
31916 + 88
31916 + 108
31917 # 1504
31917 - 88 1
31917 - 108 1
31918 # 1504
31918 + 88
31919 # 1504
31919 - 88 1
31919 + 88
31920 # 1504
31920 - 88 1
31920 + 88
31921 # 1504
31921 - 88 1
31921 + 88
31922 # 1504
31922 - 88 1
31923 # 1504
31923 + 88
31924 # 1504
31924 - 88 1
31924 + 88
31925 # 1504
31925 - 88 1
31925 + 88
31925 + 100
31926 # 1504
31926 - 88 1
31926 - 100 1
31927 # 1504
31927 + 88
31928 # 1504
31928 - 88 1
31928 + 88
31929 # 1504
31929 - 88 1
31929 + 88
31930 # 1504
31930 - 88 1
31931 # 1504
31931 + 88
31932 # 1504
31932 - 88 1
31932 + 88
31933 # 1504
31933 - 88 1
31933 + 88
31934 # 1504
31934 - 88 1
31935 # 1504
31935 + 88
31936 # 1504
31936 - 88 1
31936 + 88
31936 + 108
31937 # 1504
31937 - 88 1
31937 - 108 1
31937 + 88
31938 # 1504
31938 - 88 1
31939 # 1504
31939 + 88
31940 # 1504
31940 - 88 1
31940 + 88
31941 # 1504
31941 - 88 1
31941 + 88
31942 # 1504
31942 - 88 1
31943 # 1504
31943 + 88
31944 # 1504
31944 - 88 1
31944 + 88
31945 # 1504
31945 - 88 1
31945 + 88
31946 # 1504
31946 - 88 1
31946 + 88
31946 + 108
31947 # 1504
31947 - 88 1
31947 - 108 1
31947 + 88
31948 # 1504
31948 - 88 1
31949 # 1504
31949 + 88
31949 + 88
31950 # 1504
31950 - 88 1
31950 - 88 1
31951 # 1504
31951 + 88
31952 # 1504
31952 - 88 1
31952 + 88
31953 # 1504
31953 - 88 1
31953 + 88
31954 # 1504
31954 - 88 1
31955 # 1504
31955 + 88
31956 # 1504
31956 - 88 1
31956 + 88
31957 # 1504
31957 - 88 1
31957 + 88
31957 + 108
31958 # 1504
31958 - 88 1
31958 - 108 1
31959 # 1504
31959 + 88
31960 # 1504
31960 - 88 1
31960 + 88
31961 # 1504
31961 - 88 1
31961 + 88
31962 # 1504
31962 - 88 1
31962 + 88
31963 # 1504
31963 - 88 1
31963 + 88
31964 # 1504
31964 - 88 1
31965 # 1504
31965 + 88
31965 + 88
31966 # 1504
31966 - 88 1
31966 - 88 1
31967 # 1504
31968 # 1504
31969 # 1504
31970 # 1504
31971 # 1504
31972 # 1504
31973 # 1504
31974 # 1504
31975 # 1504
31976 # 1504
31977 # 1504
31978 # 1504
31979 # 1504
31980 # 1504
31981 # 1504
31982 # 1504
31983 # 1504
31984 # 1504
31985 # 1504
31986 # 1504
31987 # 1504
31988 # 1504
31989 # 1504
31990 # 1504
31991 # 1504
31992 # 1504
31993 # 1504
31994 # 1504
31995 # 1504
31996 # 1504
31997 # 1504
31998 # 1504
31999 # 1504
32000 # 1504
32001 # 1504
32002 # 1504
32003 # 1504
32004 # 1504
32005 # 1504
32006 # 1504
32007 # 1504
32008 # 1504
32009 # 1504
32010 # 1504
32011 # 1504
32012 # 1504
32013 # 1504
32014 # 1504
32015 # 1504
32016 # 1504
32017 # 1504
32018 # 1504
32019 # 1504
32020 # 1504
32021 # 1504
32022 # 1504
32023 # 1504
32024 # 1504
32025 # 1504
32026 # 1504
32027 # 1504
32028 # 1504
32029 # 1504
32030 # 1504
32031 # 1504
32032 # 1504
32033 # 1504
32034 # 1504
32035 # 1504
32036 # 1504
32037 # 1504
32038 # 1504
32039 # 1504
32040 # 1504
32041 # 1504
32042 # 1504
32043 # 1504
32044 # 1504
32045 # 1504
32046 # 1504
32047 # 1504
32048 # 1504
32049 # 1504
32050 # 1504
32051 # 1504
32052 # 1504
32053 # 1504
32054 # 1504
32055 # 1504
32056 # 1504
32057 # 1504
32058 # 1504
32059 # 1504
32060 # 1504
32061 # 1504
32062 # 1504
32063 # 1504
32064 # 1504
32065 # 1504
32066 # 1504
32067 # 1504
32068 # 1504
32069 # 1504
32070 # 1504
32071 # 1504
32072 # 1504
32073 # 1504
32074 # 1504
32075 # 1504
32076 # 1504
32077 # 1504
32078 # 1504
32079 # 1504
32080 # 1504
32081 # 1504
32082 # 1504
32083 # 1504
32084 # 1504
32085 # 1504
32086 # 1504
32087 # 1504
32088 # 1504
32089 # 1504
32090 # 1504
32091 # 1504
32092 # 1504
32093 # 1504
32094 # 1504
32095 # 1504
32096 # 1504
32097 # 1504
32098 # 1504
32099 # 1504
32100 # 1504
32101 # 1504
32102 # 1504
32103 # 1504
32104 # 1504
32105 # 1504
32106 # 1504
32107 # 1504
32108 # 1504
32109 # 1504
32110 # 1504
32111 # 1504
32112 # 1504
32113 # 1504
32114 # 1504
32115 # 1504
32116 # 1504
32117 # 1504
32118 # 1504
32119 # 1504
32120 # 1504
32121 # 1504
32122 # 1504
32123 # 1504
32124 # 1504
32125 # 1504
32126 # 1504
32127 # 1504
32128 # 1504
32129 # 1504
32130 # 1504
32131 # 1504
32132 # 1504
32133 # 1504
32134 # 1504
32135 # 1504
32136 # 1504
32137 # 1504
32138 # 1504
32139 # 1504
32140 # 1504
32141 # 1504
32142 # 1504
32143 # 1504
32144 # 1504
32145 # 1504
32146 # 1504
32147 # 1504
32148 # 1504
32149 # 1504
32150 # 1504
32151 # 1504
32152 # 1504
32153 # 1504
32154 # 1504
32155 # 1504
32156 # 1504
32157 # 1504
32158 # 1504
32159 # 1504
32160 # 1504
32161 # 1504
32162 # 1504
32163 # 1504
32164 # 1504
32165 # 1504
32166 # 1504
32167 # 1504
32168 # 1504
32169 # 1504
32170 # 1504
32171 # 1504
32172 # 1504
32173 # 1504
32174 # 1504
32175 # 1504
32176 # 1504
32177 # 1504
32178 # 1504
32179 # 1504
32180 # 1504
32181 # 1504
32182 # 1504
32183 # 1504
32184 # 1504
32185 # 1504
32186 # 1504
32187 # 1504
32188 # 1504
32189 # 1504
32190 # 1504
32191 # 1504
32192 # 1504
32193 # 1504
32193 + 108
32193 + 88
32194 # 1504
32194 - 108 1
32194 - 88 1
32194 + 88
32195 # 1504
32195 - 88 1
32195 + 88
32196 # 1504
32196 - 88 1
32197 # 1504
32197 + 88
32197 + 88
32198 # 1504
32198 - 88 1
32198 - 88 1
32198 + 88
32199 # 1504
32199 - 88 1
32200 # 1504
32200 + 88
32200 + 88
32201 # 1504
32201 - 88 1
32201 - 88 1
32201 + 88
32202 # 1504
32202 - 88 1
32202 + 88
32203 # 1504
32203 - 88 1
32203 + 88
32204 # 1504
32204 - 88 1
32204 + 88
32204 + 108
32205 # 1504
32205 - 88 1
32205 - 108 1
32206 # 1504
32206 + 88
32206 + 88
32207 # 1504
32207 - 88 1
32207 - 88 1
32207 + 88
32208 # 1504
32208 - 88 1
32208 + 88
32209 # 1504
32209 - 88 1
32209 + 88
32210 # 1504
32210 - 88 1
32210 + 88
32211 # 1504
32211 - 88 1
32211 + 88
32212 # 1504
32212 - 88 1
32213 # 1504
32213 + 88
32213 + 88
32214 # 1504
32214 - 88 1
32214 - 88 1
32214 + 88
32215 # 1504
32215 - 88 1
32215 + 88
32215 + 108
32216 # 1504
32216 - 88 1
32216 - 108 1
32216 + 88
32216 + 88
32217 # 1504
32217 - 88 1
32217 - 88 1
32217 + 88
32218 # 1504
32218 - 88 1
32218 + 88
32219 # 1504
32219 - 88 1
32219 + 88
32220 # 1504
32220 - 88 1
32220 + 88
32221 # 1504
32221 - 88 1
32221 + 88
32222 # 1504
32222 - 88 1
32222 + 88
32223 # 1504
32223 - 88 1
32223 + 88
32224 # 1504
32224 - 88 1
32224 + 88
32225 # 1504
32225 - 88 1
32225 + 88
32225 + 108
32226 # 1504
32226 - 88 1
32226 - 108 1
32227 # 1504
32227 + 88
32227 + 88
32228 # 1504
32228 - 88 1
32228 - 88 1
32228 + 88
32229 # 1504
32229 - 88 1
32229 + 88
32230 # 1504
32230 - 88 1
32230 + 88
32231 # 1504
32231 - 88 1
32231 + 88
32232 # 1504
32232 - 88 1
32232 + 88
32233 # 1504
32233 - 88 1
32233 + 88
32233 + 100
32233 + 88
32234 # 1504
32234 - 88 1
32234 - 100 1
32234 - 88 1
32234 + 88
32235 # 1504
32235 - 88 1
32236 # 1504
32236 + 88
32236 + 88
32237 # 1504
32237 - 88 1
32237 - 88 1
32237 + 88
32238 # 1504
32238 - 88 1
32238 + 88
32239 # 1504
32239 - 88 1
32239 + 88
32240 # 1504
32240 - 88 1
32240 + 88
32241 # 1504
32241 - 88 1
32241 + 88
32242 # 1504
32242 - 88 1
32242 + 88
32243 # 1504
32243 - 88 1
32243 + 88
32243 + 108
32244 # 1504
32244 - 88 1
32244 - 108 1
32244 + 88
32245 # 1504
32245 - 88 1
32245 + 88
32246 # 1504
32246 - 88 1
32246 + 88
32247 # 1504
32247 - 88 1
32247 + 88
32248 # 1504
32248 - 88 1
32248 + 88
32249 # 1504
32249 - 88 1
32250 # 1504
32250 + 88
32250 + 88
32251 # 1504
32251 - 88 1
32251 - 88 1
32251 + 88
32252 # 1504
32252 - 88 1
32252 + 88
32253 # 1504
32253 - 88 1
32254 # 1504
32254 + 88
32254 + 108
32254 + 88
32255 # 1504
32255 - 88 1
32255 - 108 1
32255 - 88 1
32255 + 88
32256 # 1504
32256 - 88 1
32256 + 88
32256 + 88
32257 # 1504
32257 - 88 1
32257 - 88 1
32257 + 88
32258 # 1504
32258 - 88 1
32259 # 1504
32259 + 88
32259 + 88
32260 # 1504
32260 - 88 1
32260 - 88 1
32260 + 88
32261 # 1504
32261 - 88 1
32261 + 88
32262 # 1504
32262 - 88 1
32262 + 88
32263 # 1504
32263 - 88 1
32263 + 88
32264 # 1504
32264 - 88 1
32264 + 88
32264 + 108
32265 # 1504
32265 - 88 1
32265 - 108 1
32265 + 88
32266 # 1504
32266 - 88 1
32266 + 88
32267 # 1504
32267 - 88 1
32268 # 1504
32268 + 88
32268 + 88
32269 # 1504
32269 - 88 1
32269 - 88 1
32269 + 88
32270 # 1504
32270 - 88 1
32270 + 88
32271 # 1504
32271 - 88 1
32271 + 88
32272 # 1504
32272 - 88 1
32272 + 88
32273 # 1504
32273 - 88 1
32273 + 88
32274 # 1504
32274 - 88 1
32274 + 88
32274 + 108
32275 # 1504
32275 - 88 1
32275 - 108 1
32275 + 88
32276 # 1504
32276 - 88 1
32277 # 1504
32277 + 88
32277 + 88
32278 # 1504
32278 - 88 1
32278 - 88 1
32278 + 88
32278 + 88
32279 # 1504
32279 - 88 1
32279 - 88 1
32279 + 88
32280 # 1504
32280 - 88 1
32280 + 88
32281 # 1504
32281 - 88 1
32281 + 88
32282 # 1504
32282 - 88 1
32282 + 88
32283 # 1504
32283 - 88 1
32283 + 88
32284 # 1504
32284 - 88 1
32284 + 88
32284 + 108
32285 # 1504
32285 - 88 1
32285 - 108 1
32286 # 1504
32286 + 88
32286 + 88
32287 # 1504
32287 - 88 1
32287 - 88 1
32287 + 88
32288 # 1504
32288 - 88 1
32288 + 88
32289 # 1504
32289 - 88 1
32289 + 88
32290 # 1504
32290 - 88 1
32291 # 1504
32291 + 88
32291 + 88
32292 # 1504
32292 - 88 1
32292 - 88 1
32292 + 88
32293 # 1504
32293 - 88 1
32293 + 88
32294 # 1504
32294 - 88 1
32294 + 88
32294 + 108
32295 # 1504
32295 - 88 1
32295 - 108 1
32295 + 88
32296 # 1504
32296 - 88 1
32296 + 88
32297 # 1504
32297 - 88 1
32297 + 88
32298 # 1504
32298 - 88 1
32298 + 88
32299 # 1504
32299 - 88 1
32300 # 1504
32300 + 88
32300 + 88
32301 # 1504
32301 - 88 1
32301 - 88 1
32301 + 88
32301 + 88
32302 # 1504
32302 - 88 1
32302 - 88 1
32302 + 88
32303 # 1504
32303 - 88 1
32303 + 88
32303 + 100
32304 # 1504
32304 - 88 1
32304 - 100 1
32304 + 88
32305 # 1504
32305 - 88 1
32305 + 88
32306 # 1504
32306 - 88 1
32306 + 88
32307 # 1504
32307 - 88 1
32307 + 88
32308 # 1504
32308 - 88 1
32309 # 1504
32309 + 88
32309 + 88
32310 # 1504
32310 - 88 1
32310 - 88 1
32310 + 88
32311 # 1504
32311 - 88 1
32311 + 88
32312 # 1504
32312 - 88 1
32312 + 88
32313 # 1504
32313 - 88 1
32313 + 88
32314 # 1504
32314 - 88 1
32314 + 88
32314 + 108
32315 # 1504
32315 - 88 1
32315 - 108 1
32315 + 88
32316 # 1504
32316 - 88 1
32316 + 88
32317 # 1504
32317 - 88 1
32318 # 1504
32318 + 88
32318 + 88
32318 + 88
32319 # 1504
32319 - 88 1
32319 - 88 1
32319 - 88 1
32319 + 88
32320 # 1504
32320 - 88 1
32320 + 88
32321 # 1504
32321 - 88 1
32321 + 88
32322 # 1504
32322 - 88 1
32322 + 88
32323 # 1504
32323 - 88 1
32323 + 88
32324 # 1504
32324 - 88 1
32324 + 88
32324 + 108
32325 # 1504
32325 - 88 1
32325 - 108 1
32325 + 88
32326 # 1504
32326 - 88 1
32326 + 88
32327 # 1504
32327 - 88 1
32327 + 88
32328 # 1504
32328 - 88 1
32328 + 88
32329 # 1504
32329 - 88 1
32329 + 88
32330 # 1504
32330 - 88 1
32330 + 88
32331 # 1504
32331 - 88 1
32332 # 1504
32332 + 88
32332 + 88
32333 # 1504
32333 - 88 1
32333 - 88 1
32333 + 88
32334 # 1504
32334 - 88 1
32334 + 88
32334 + 108
32335 # 1504
32335 - 88 1
32335 - 108 1
32335 + 88
32336 # 1504
32336 - 88 1
32336 + 88
32337 # 1504
32337 - 88 1
32337 + 88
32338 # 1504
32338 - 88 1
32338 + 88
32339 # 1504
32339 - 88 1
32339 + 88
32340 # 1504
32340 - 88 1
32341 # 1504
32341 + 88
32341 + 88
32341 + 88
32342 # 1504
32342 - 88 1
32342 - 88 1
32342 - 88 1
32342 + 88
32343 # 1504
32343 - 88 1
32343 + 88
32344 # 1504
32344 - 88 1
32344 + 88
32344 + 108
32345 # 1504
32345 - 88 1
32345 - 108 1
32345 + 88
32346 # 1504
32346 - 88 1
32346 + 88
32347 # 1504
32347 - 88 1
32347 + 88
32348 # 1504
32348 - 88 1
32348 + 88
32349 # 1504
32349 - 88 1
32350 # 1504
32350 + 88
32350 + 88
32351 # 1504
32351 - 88 1
32351 - 88 1
32351 + 88
32352 # 1504
32352 - 88 1
32352 + 88
32353 # 1504
32353 - 88 1
32353 + 88
32354 # 1504
32354 - 88 1
32354 + 88
32355 # 1504
32355 - 88 1
32355 + 88
32355 + 108
32356 # 1504
32356 - 88 1
32356 - 108 1
32356 + 88
32357 # 1504
32357 - 88 1
32357 + 88
32358 # 1504
32358 - 88 1
32359 # 1504
32359 + 88
32359 + 88
32360 # 1504
32360 - 88 1
32360 - 88 1
32360 + 88
32361 # 1504
32361 - 88 1
32361 + 88
32362 # 1504
32362 - 88 1
32363 # 1504
32363 + 88
32363 + 88
32363 + 88
32364 # 1504
32364 - 88 1
32364 - 88 1
32364 - 88 1
32364 + 88
32365 # 1504
32365 - 88 1
32365 + 88
32365 + 108
32366 # 1504
32366 - 88 1
32366 - 108 1
32366 + 88
32367 # 1504
32367 - 88 1
32368 # 1504
32368 + 88
32368 + 88
32369 # 1504
32369 - 88 1
32369 - 88 1
32369 + 88
32370 # 1504
32370 - 88 1
32370 + 88
32371 # 1504
32371 - 88 1
32371 + 88
32372 # 1504
32372 - 88 1
32372 + 88
32373 # 1504
32373 - 88 1
32373 + 88
32374 # 1504
32374 - 88 1
32374 + 88
32374 + 100
32375 # 1504
32375 - 88 1
32375 - 100 1
32376 # 1504
32376 + 88
32377 # 1504
32377 - 88 1
32377 + 88
32377 + 88
32378 # 1504
32378 - 88 1
32378 - 88 1
32378 + 88
32379 # 1504
32379 - 88 1
32379 + 88
32380 # 1504
32380 - 88 1
32381 # 1504
32381 + 88
32381 + 88
32381 + 88
32382 # 1504
32382 - 88 1
32382 - 88 1
32382 - 88 1
32383 # 1504
32383 + 88
32383 + 88
32384 # 1504
32384 - 88 1
32384 - 88 1
32384 + 88
32384 + 108
32385 # 1504
32385 - 88 1
32385 - 108 1
32386 # 1504
32386 + 88
32386 + 88
32387 # 1504
32387 - 88 1
32387 - 88 1
32387 + 88
32388 # 1504
32388 - 88 1
32388 + 88
32389 # 1504
32389 - 88 1
32390 # 1504
32390 + 88
32390 + 88
32391 # 1504
32391 - 88 1
32391 - 88 1
32391 + 88
32392 # 1504
32392 - 88 1
32392 + 88
32393 # 1504
32393 - 88 1
32393 + 88
32394 # 1504
32394 - 88 1
32395 # 1504
32395 + 88
32395 + 108
32395 + 88
32396 # 1504
32396 - 88 1
32396 - 108 1
32396 - 88 1
32396 + 88
32397 # 1504
32397 - 88 1
32397 + 88
32398 # 1504
32398 - 88 1
32399 # 1504
32399 + 88
32399 + 88
32400 # 1504
32400 - 88 1
32400 - 88 1
32400 + 88
32401 # 1504
32401 - 88 1
32401 + 88
32402 # 1504
32402 - 88 1
32402 + 88
32403 # 1504
32403 - 88 1
32404 # 1504
32404 + 88
32404 + 88
32405 # 1504
32405 - 88 1
32405 - 88 1
32405 + 88
32405 + 108
32406 # 1504
32406 - 88 1
32406 - 108 1
32406 + 88
32407 # 1504
32407 - 88 1
32407 + 88
32408 # 1504
32408 - 88 1
32409 # 1504
32409 + 88
32409 + 88
32409 + 88
32410 # 1504
32410 - 88 1
32410 - 88 1
32410 - 88 1
32410 + 88
32411 # 1504
32411 - 88 1
32411 + 88
32412 # 1504
32412 - 88 1
32413 # 1504
32413 + 88
32413 + 88
32414 # 1504
32414 - 88 1
32414 - 88 1
32414 + 88
32415 # 1504
32415 - 88 1
32415 + 88
32415 + 108
32416 # 1504
32416 - 88 1
32416 - 108 1
32416 + 88
32417 # 1504
32417 - 88 1
32417 + 88
32418 # 1504
32418 - 88 1
32418 + 88
32419 # 1504
32419 - 88 1
32419 + 88
32420 # 1504
32420 - 88 1
32420 + 88
32421 # 1504
32421 - 88 1
32422 # 1504
32422 + 88
32422 + 88
32423 # 1504
32423 - 88 1
32423 - 88 1
32423 + 88
32424 # 1504
32424 - 88 1
32424 + 88
32425 # 1504
32425 - 88 1
32425 + 88
32425 + 108
32426 # 1504
32426 - 88 1
32426 - 108 1
32427 # 1504
32427 + 88
32427 + 88
32428 # 1504
32428 - 88 1
32428 - 88 1
32428 + 88
32429 # 1504
32429 - 88 1
32429 + 88
32430 # 1504
32430 - 88 1
32431 # 1504
32431 + 88
32431 + 88
32432 # 1504
32432 - 88 1
32432 - 88 1
32432 + 88
32433 # 1504
32433 - 88 1
32433 + 88
32434 # 1504
32434 - 88 1
32434 + 88
32435 # 1504
32435 - 88 1
32436 # 1504
32436 + 88
32436 + 108
32436 + 88
32437 # 1504
32437 - 88 1
32437 - 108 1
32437 - 88 1
32437 + 88
32437 + 88
32438 # 1504
32438 - 88 1
32438 - 88 1
32438 + 88
32439 # 1504
32439 - 88 1
32440 # 1504
32440 + 88
32440 + 88
32441 # 1504
32441 - 88 1
32441 - 88 1
32441 + 88
32442 # 1504
32442 - 88 1
32442 + 88
32443 # 1504
32443 - 88 1
32443 + 88
32444 # 1504
32444 - 88 1
32445 # 1504
32445 + 88
32445 + 88
32445 + 100
32446 # 1504
32446 - 88 1
32446 - 88 1
32446 - 100 1
32446 + 88
32447 # 1504
32447 - 88 1
32447 + 88
32448 # 1504
32448 - 88 1
32449 # 1504
32449 + 88
32449 + 88
32450 # 1504
32450 - 88 1
32450 - 88 1
32450 + 88
32451 # 1504
32451 - 88 1
32451 + 88
32452 # 1504
32452 - 88 1
32452 + 88
32453 # 1504
32453 - 88 1
32454 # 1504
32454 + 88
32455 # 1504
32455 - 88 1
32455 + 88
32455 + 88
32456 # 1504
32456 - 88 1
32456 - 88 1
32456 + 88
32456 + 108
32457 # 1504
32457 - 88 1
32457 - 108 1
32457 + 88
32458 # 1504
32458 - 88 1
32458 + 88
32458 + 88
32459 # 1504
32459 - 88 1
32459 - 88 1
32460 # 1504
32460 + 88
32460 + 88
32461 # 1504
32461 - 88 1
32461 - 88 1
32461 + 88
32462 # 1504
32462 - 88 1
32462 + 88
32463 # 1504
32463 - 88 1
32463 + 88
32464 # 1504
32464 - 88 1
32464 + 88
32465 # 1504
32465 - 88 1
32466 # 1504
32466 + 88
32466 + 88
32467 # 1504
32467 - 88 1
32467 - 88 1
32467 + 88
32467 + 108
32468 # 1504
32468 - 88 1
32468 - 108 1
32468 + 88
32469 # 1504
32469 - 88 1
32469 + 88
32470 # 1504
32470 - 88 1
32471 # 1504
32471 + 88
32471 + 88
32472 # 1504
32472 - 88 1
32472 - 88 1
32472 + 88
32473 # 1504
32473 - 88 1
32473 + 88
32474 # 1504
32474 - 88 1
32474 + 88
32475 # 1504
32475 - 88 1
32475 + 88
32476 # 1504
32476 - 88 1
32477 # 1504
32477 + 88
32477 + 88
32478 # 1504
32478 - 88 1
32478 - 88 1
32478 + 88
32478 + 108
32479 # 1504
32479 - 88 1
32479 - 108 1
32479 + 88
32480 # 1504
32480 - 88 1
32480 + 88
32481 # 1504
32481 - 88 1
32481 + 88
32482 # 1504
32482 - 88 1
32483 # 1504
32483 + 88
32483 + 88
32484 # 1504
32484 - 88 1
32484 - 88 1
32484 + 88
32485 # 1504
32485 - 88 1
32485 + 88
32485 + 88
32486 # 1504
32486 - 88 1
32486 - 88 1
32486 + 88
32487 # 1504
32487 - 88 1
32488 # 1504
32488 + 88
32489 # 1504
32489 - 88 1
32489 + 88
32489 + 108
32489 + 88
32490 # 1504
32490 - 88 1
32490 - 108 1
32490 - 88 1
32490 + 88
32491 # 1504
32491 - 88 1
32491 + 88
32492 # 1504
32492 - 88 1
32492 + 88
32493 # 1504
32493 - 88 1
32494 # 1504
32494 + 88
32495 # 1504
32495 - 88 1
32495 + 88
32495 + 88
32496 # 1504
32496 - 88 1
32496 - 88 1
32496 + 88
32497 # 1504
32497 - 88 1
32497 + 88
32498 # 1504
32498 - 88 1
32498 + 88
32499 # 1504
32499 - 88 1
32500 # 1504
32500 + 88
32500 + 108
32500 + 88
32501 # 1504
32501 - 88 1
32501 - 108 1
32501 - 88 1
32501 + 88
32502 # 1504
32502 - 88 1
32502 + 88
32503 # 1504
32503 - 88 1
32503 + 88
32504 # 1504
32504 - 88 1
32504 + 88
32505 # 1504
32505 - 88 1
32506 # 1504
32506 + 88
32506 + 88
32507 # 1504
32507 - 88 1
32507 - 88 1
32507 + 88
32508 # 1504
32508 - 88 1
32508 + 88
32509 # 1504
32509 - 88 1
32509 + 88
32510 # 1504
32510 - 88 1
32511 # 1504
32511 + 88
32511 + 108
32512 # 1504
32512 - 88 1
32512 - 108 1
32512 + 88
32512 + 88
32513 # 1504
32513 - 88 1
32513 - 88 1
32513 + 88
32513 + 88
32514 # 1504
32514 - 88 1
32514 - 88 1
32514 + 88
32515 # 1504
32515 - 88 1
32515 + 88
32516 # 1504
32516 - 88 1
32517 # 1504
32517 + 88
32517 + 100
32517 + 88
32518 # 1504
32518 - 88 1
32518 - 100 1
32518 - 88 1
32518 + 88
32519 # 1504
32519 - 88 1
32519 + 88
32520 # 1504
32520 - 88 1
32520 + 88
32521 # 1504
32521 - 88 1
32521 + 88
32522 # 1504
32522 - 88 1
32523 # 1504
32523 + 88
32523 + 88
32524 # 1504
32524 - 88 1
32524 - 88 1
32524 + 88
32525 # 1504
32525 - 88 1
32525 + 88
32526 # 1504
32526 - 88 1
32526 + 88
32527 # 1504
32527 - 88 1
32528 # 1504
32528 + 88
32528 + 108
32529 # 1504
32529 - 88 1
32529 - 108 1
32529 + 88
32529 + 88
32530 # 1504
32530 - 88 1
32530 - 88 1
32530 + 88
32531 # 1504
32531 - 88 1
32531 + 88
32532 # 1504
32532 - 88 1
32532 + 88
32533 # 1504
32533 - 88 1
32534 # 1504
32534 + 88
32534 + 88
32534 + 88
32535 # 1504
32535 - 88 1
32535 - 88 1
32535 - 88 1
32535 + 88
32536 # 1504
32536 - 88 1
32536 + 88
32537 # 1504
32537 - 88 1
32537 + 88
32538 # 1504
32538 - 88 1
32538 + 88
32538 + 108
32539 # 1504
32539 - 88 1
32539 - 108 1
32540 # 1504
32540 + 88
32540 + 88
32541 # 1504
32541 - 88 1
32541 - 88 1
32541 + 88
32542 # 1504
32542 - 88 1
32542 + 88
32543 # 1504
32543 - 88 1
32543 + 88
32544 # 1504
32544 - 88 1
32544 + 88
32545 # 1504
32545 - 88 1
32546 # 1504
32546 + 88
32546 + 88
32547 # 1504
32547 - 88 1
32547 - 88 1
32547 + 88
32548 # 1504
32548 - 88 1
32548 + 88
32549 # 1504
32549 - 88 1
32549 + 88
32549 + 108
32550 # 1504
32550 - 88 1
32550 - 108 1
32551 # 1504
32551 + 88
32551 + 88
32552 # 1504
32552 - 88 1
32552 - 88 1
32552 + 88
32553 # 1504
32553 - 88 1
32553 + 88
32554 # 1504
32554 - 88 1
32554 + 88
32555 # 1504
32555 - 88 1
32555 + 88
32556 # 1504
32556 - 88 1
32557 # 1504
32557 + 88
32557 + 88
32558 # 1504
32558 - 88 1
32558 - 88 1
32558 + 88
32559 # 1504
32559 - 88 1
32559 + 88
32560 # 1504
32560 - 88 1
32560 + 88
32560 + 108
32561 # 1504
32561 - 88 1
32561 - 108 1
32561 + 88
32561 + 88
32562 # 1504
32562 - 88 1
32562 - 88 1
32563 # 1504
32563 + 88
32563 + 88
32564 # 1504
32564 - 88 1
32564 - 88 1
32564 + 88
32565 # 1504
32565 - 88 1
32565 + 88
32566 # 1504
32566 - 88 1
32566 + 88
32567 # 1504
32567 - 88 1
32567 + 88
32568 # 1504
32568 - 88 1
32569 # 1504
32569 + 88
32569 + 88
32570 # 1504
32570 - 88 1
32570 - 88 1
32570 + 88
32571 # 1504
32571 - 88 1
32571 + 88
32571 + 108
32572 # 1504
32572 - 88 1
32572 - 108 1
32572 + 88
32573 # 1504
32573 - 88 1
32574 # 1504
32574 + 88
32574 + 88
32575 # 1504
32575 - 88 1
32575 - 88 1
32575 + 88
32576 # 1504
32576 - 88 1
32576 + 88
32577 # 1504
32577 - 88 1
32577 + 88
32578 # 1504
32578 - 88 1
32578 + 88
32579 # 1504
32579 - 88 1
32580 # 1504
32580 + 88
32580 + 88
32581 # 1504
32581 - 88 1
32581 - 88 1
32581 + 88
32582 # 1504
32582 - 88 1
32582 + 88
32582 + 108
32583 # 1504
32583 - 88 1
32583 - 108 1
32583 + 88
32584 # 1504
32584 - 88 1
32584 + 88
32585 # 1504
32585 - 88 1
32586 # 1504
32586 + 88
32586 + 88
32587 # 1504
32587 - 88 1
32587 - 88 1
32587 + 88
32587 + 88
32587 + 100
32588 # 1504
32588 - 88 1
32588 - 88 1
32588 - 100 1
32588 + 88
32589 # 1504
32589 - 88 1
32589 + 88
32590 # 1504
32590 - 88 1
32591 # 1504
32591 + 88
32591 + 88
32592 # 1504
32592 - 88 1
32592 - 88 1
32592 + 88
32593 # 1504
32593 - 88 1
32593 + 88
32594 # 1504
32594 - 88 1
32594 + 88
32595 # 1504
32595 - 88 1
32595 + 88
32596 # 1504
32596 - 88 1
32597 # 1504
32597 + 88
32597 + 88
32598 # 1504
32598 - 88 1
32598 - 88 1
32598 + 88
32598 + 108
32599 # 1504
32599 - 88 1
32599 - 108 1
32599 + 88
32600 # 1504
32600 - 88 1
32600 + 88
32601 # 1504
32601 - 88 1
32601 + 88
32602 # 1504
32602 - 88 1
32603 # 1504
32603 + 88
32603 + 88
32604 # 1504
32604 - 88 1
32604 - 88 1
32604 + 88
32605 # 1504
32605 - 88 1
32605 + 88
32606 # 1504
32606 - 88 1
32606 + 88
32607 # 1504
32607 - 88 1
32607 + 88
32608 # 1504
32608 - 88 1
32609 # 1504
32609 + 88
32609 + 108
32609 + 88
32609 + 88
32610 # 1504
32610 - 88 1
32610 - 108 1
32610 - 88 1
32610 - 88 1
32610 + 88
32611 # 1504
32611 - 88 1
32611 + 88
32612 # 1504
32612 - 88 1
32612 + 88
32613 # 1504
32613 - 88 1
32614 # 1504
32614 + 88
32614 + 88
32615 # 1504
32615 - 88 1
32615 - 88 1
32615 + 88
32616 # 1504
32616 - 88 1
32616 + 88
32617 # 1504
32617 - 88 1
32617 + 88
32618 # 1504
32618 - 88 1
32618 + 88
32619 # 1504
32619 - 88 1
32620 # 1504
32620 + 88
32620 + 108
32620 + 88
32621 # 1504
32621 - 88 1
32621 - 108 1
32621 - 88 1
32621 + 88
32622 # 1504
32622 - 88 1
32622 + 88
32623 # 1504
32623 - 88 1
32623 + 88
32624 # 1504
32624 - 88 1
32624 + 88
32625 # 1504
32625 - 88 1
32626 # 1504
32626 + 88
32626 + 88
32627 # 1504
32627 - 88 1
32627 - 88 1
32627 + 88
32628 # 1504
32628 - 88 1
32628 + 88
32629 # 1504
32629 - 88 1
32629 + 88
32630 # 1504
32630 - 88 1
32631 # 1504
32631 + 88
32631 + 108
32631 + 88
32632 # 1504
32632 - 88 1
32632 - 108 1
32632 - 88 1
32632 + 88
32633 # 1504
32633 - 88 1
32633 + 88
32634 # 1504
32634 - 88 1
32635 # 1504
32635 + 88
32635 + 88
32635 + 88
32636 # 1504
32636 - 88 1
32636 - 88 1
32636 - 88 1
32636 + 88
32637 # 1504
32637 - 88 1
32637 + 88
32638 # 1504
32638 - 88 1
32638 + 88
32639 # 1504
32639 - 88 1
32639 + 88
32640 # 1504
32640 - 88 1
32640 + 88
32641 # 1504
32641 - 88 1
32642 # 1504
32642 + 88
32642 + 108
32642 + 88
32643 # 1504
32643 - 88 1
32643 - 108 1
32643 - 88 1
32643 + 88
32644 # 1504
32644 - 88 1
32644 + 88
32645 # 1504
32645 - 88 1
32645 + 88
32646 # 1504
32646 - 88 1
32646 + 88
32647 # 1504
32647 - 88 1
32647 + 88
32648 # 1504
32648 - 88 1
32648 + 88
32649 # 1504
32649 - 88 1
32650 # 1504
32650 + 88
32650 + 88
32651 # 1504
32651 - 88 1
32651 - 88 1
32651 + 88
32652 # 1504
32652 - 88 1
32652 + 88
32652 + 108
32653 # 1504
32653 - 88 1
32653 - 108 1
32654 # 1504
32654 + 88
32654 + 88
32655 # 1504
32655 - 88 1
32655 - 88 1
32655 + 88
32656 # 1504
32656 - 88 1
32656 + 88
32657 # 1504
32657 - 88 1
32657 + 88
32658 # 1504
32658 - 88 1
32658 + 88
32658 + 88
32658 + 100
32659 # 1504
32659 - 88 1
32659 - 88 1
32659 - 100 1
32659 + 88
32660 # 1504
32660 - 88 1
32660 + 88
32661 # 1504
32661 - 88 1
32661 + 88
32662 # 1504
32662 - 88 1
32662 + 88
32663 # 1504
32663 - 88 1
32663 + 88
32664 # 1504
32664 - 88 1
32664 + 88
32665 # 1504
32665 - 88 1
32665 + 88
32666 # 1504
32666 - 88 1
32666 + 88
32667 # 1504
32667 - 88 1
32667 + 88
32668 # 1504
32668 - 88 1
32669 # 1504
32669 + 88
32669 + 108
32669 + 88
32670 # 1504
32670 - 88 1
32670 - 108 1
32670 - 88 1
32670 + 88
32671 # 1504
32671 - 88 1
32671 + 88
32672 # 1504
32672 - 88 1
32673 # 1504
32673 + 88
32673 + 88
32674 # 1504
32674 - 88 1
32674 - 88 1
32674 + 88
32675 # 1504
32675 - 88 1
32675 + 88
32676 # 1504
32676 - 88 1
32676 + 88
32677 # 1504
32677 - 88 1
32677 + 88
32678 # 1504
32678 - 88 1
32678 + 88
32679 # 1504
32679 - 88 1
32679 + 88
32679 + 108
32680 # 1504
32680 - 88 1
32680 - 108 1
32680 + 88
32681 # 1504
32681 - 88 1
32681 + 88
32682 # 1504
32682 - 88 1
32682 + 88
32683 # 1504
32683 - 88 1
32684 # 1504
32684 + 88
32684 + 88
32685 # 1504
32685 - 88 1
32685 - 88 1
32685 + 88
32685 + 88
32686 # 1504
32686 - 88 1
32686 - 88 1
32686 + 88
32687 # 1504
32687 - 88 1
32688 # 1504
32688 + 88
32688 + 88
32689 # 1504
32689 - 88 1
32689 - 88 1
32689 + 88
32690 # 1504
32690 - 88 1
32690 + 88
32690 + 108
32691 # 1504
32691 - 88 1
32691 - 108 1
32691 + 88
32692 # 1504
32692 - 88 1
32692 + 88
32693 # 1504
32693 - 88 1
32693 + 88
32694 # 1504
32694 - 88 1
32694 + 88
32695 # 1504
32695 - 88 1
32695 + 88
32696 # 1504
32696 - 88 1
32696 + 88
32697 # 1504
32697 - 88 1
32697 + 88
32698 # 1504
32698 - 88 1
32698 + 88
32699 # 1504
32699 - 88 1
32699 + 88
32700 # 1504
32700 - 88 1
32700 + 88
32701 # 1504
32701 - 88 1
32701 + 88
32701 + 108
32702 # 1504
32702 - 88 1
32702 - 108 1
32702 + 88
32703 # 1504
32703 - 88 1
32703 + 88
32704 # 1504
32704 - 88 1
32704 + 88
32705 # 1504
32705 - 88 1
32705 + 88
32706 # 1504
32706 - 88 1
32707 # 1504
32707 + 88
32707 + 88
32708 # 1504
32708 - 88 1
32708 - 88 1
32708 + 88
32709 # 1504
32709 - 88 1
32709 + 88
32710 # 1504
32710 - 88 1
32711 # 1504
32711 + 88
32711 + 88
32711 + 88
32712 # 1504
32712 - 88 1
32712 - 88 1
32712 - 88 1
32712 + 88
32712 + 108
32713 # 1504
32713 - 88 1
32713 - 108 1
32713 + 88
32714 # 1504
32714 - 88 1
32714 + 88
32715 # 1504
32715 - 88 1
32715 + 88
32716 # 1504
32716 - 88 1
32716 + 88
32717 # 1504
32717 - 88 1
32717 + 88
32718 # 1504
32718 - 88 1
32718 + 88
32719 # 1504
32719 - 88 1
32719 + 88
32720 # 1504
32720 - 88 1
32720 + 88
32721 # 1504
32721 - 88 1
32721 + 88
32722 # 1504
32722 - 88 1
32722 + 88
32723 # 1504
32723 - 88 1
32723 + 88
32723 + 108
32724 # 1504
32724 - 88 1
32724 - 108 1
32724 + 88
32725 # 1504
32725 - 88 1
32726 # 1504
32726 + 88
32726 + 88
32727 # 1504
32727 - 88 1
32727 - 88 1
32727 + 88
32728 # 1504
32728 - 88 1
32728 + 88
32729 # 1504
32729 - 88 1
32729 + 88
32730 # 1504
32730 - 88 1
32730 + 88
32730 + 100
32731 # 1504
32731 - 88 1
32731 - 100 1
32731 + 88
32732 # 1504
32732 - 88 1
32732 + 88
32733 # 1504
32733 - 88 1
32733 + 88
32733 + 88
32734 # 1504
32734 - 88 1
32734 - 88 1
32734 + 88
32735 # 1504
32735 - 88 1
32735 + 88
32736 # 1504
32736 - 88 1
32736 + 88
32737 # 1504
32737 - 88 1
32737 + 88
32738 # 1504
32738 - 88 1
32738 + 88
32739 # 1504
32739 - 88 1
32739 + 88
32740 # 1504
32740 - 88 1
32740 + 88
32741 # 1504
32741 - 88 1
32741 + 108
32741 + 88
32742 # 1504
32742 - 108 1
32742 - 88 1
32742 + 88
32743 # 1504
32743 - 88 1
32743 + 88
32744 # 1504
32744 - 88 1
32745 # 1504
32745 + 88
32745 + 88
32746 # 1504
32746 - 88 1
32746 - 88 1
32746 + 88
32747 # 1504
32747 - 88 1
32747 + 88
32748 # 1504
32748 - 88 1
32748 + 88
32749 # 1504
32749 - 88 1
32749 + 88
32750 # 1504
32750 - 88 1
32750 + 88
32751 # 1504
32751 - 88 1
32751 + 88
32751 + 108
32752 # 1504
32752 - 88 1
32752 - 108 1
32752 + 88
32753 # 1504
32753 - 88 1
32753 + 88
32754 # 1504
32754 - 88 1
32754 + 88
32755 # 1504
32755 - 88 1
32755 + 88
32756 # 1504
32756 - 88 1
32756 + 88
32757 # 1504
32757 - 88 1
32757 + 88
32758 # 1504
32758 - 88 1
32758 + 88
32759 # 1504
32759 - 88 1
32759 + 88
32760 # 1504
32760 - 88 1
32760 + 88
32761 # 1504
32761 - 88 1
32761 + 88
32761 + 88
32762 # 1504
32762 - 88 1
32762 - 88 1
32762 + 88
32762 + 108
32763 # 1504
32763 - 88 1
32763 - 108 1
32763 + 88
32764 # 1504
32764 - 88 1
32764 + 88
32765 # 1504
32765 - 88 1
32765 + 88
32766 # 1504
32766 - 88 1
32766 + 88
32767 # 1504
32767 - 88 1
32767 + 88
32768 # 1504
32768 - 88 1
32768 + 88
32769 # 1504
32769 - 88 1
32769 + 88
32770 # 1504
32770 - 88 1
32770 + 88
32771 # 1504
32771 - 88 1
32771 + 88
32772 # 1504
32772 - 88 1
32772 + 88
32773 # 1504
32773 - 88 1
32773 + 88
32773 + 108
32774 # 1504
32774 - 88 1
32774 - 108 1
32774 + 88
32775 # 1504
32775 - 88 1
32775 + 88
32776 # 1504
32776 - 88 1
32776 + 88
32777 # 1504
32777 - 88 1
32777 + 88
32778 # 1504
32778 - 88 1
32779 # 1504
32779 + 88
32779 + 88
32780 # 1504
32780 - 88 1
32780 - 88 1
32780 + 88
32781 # 1504
32781 - 88 1
32781 + 88
32782 # 1504
32782 - 88 1
32783 # 1504
32783 + 88
32783 + 88
32784 # 1504
32784 - 88 1
32784 - 88 1
32784 + 88
32784 + 108
32785 # 1504
32785 - 88 1
32785 - 108 1
32785 + 88
32786 # 1504
32786 - 88 1
32786 + 88
32787 # 1504
32787 - 88 1
32787 + 88
32788 # 1504
32788 - 88 1
32788 + 88
32789 # 1504
32789 - 88 1
32789 + 88
32789 + 88
32790 # 1504
32790 - 88 1
32790 - 88 1
32790 + 88
32791 # 1504
32791 - 88 1
32791 + 88
32792 # 1504
32792 - 88 1
32792 + 88
32793 # 1504
32793 - 88 1
32793 + 88
32794 # 1504
32794 - 88 1
32794 + 88
32795 # 1504
32795 - 88 1
32795 + 88
32795 + 108
32796 # 1504
32796 - 88 1
32796 - 108 1
32796 + 88
32797 # 1504
32797 - 88 1
32798 # 1504
32798 + 88
32798 + 88
32799 # 1504
32799 - 88 1
32799 - 88 1
32799 + 88
32800 # 1504
32800 - 88 1
32801 # 1504
32801 + 88
32801 + 88
32801 + 100
32802 # 1504
32802 - 88 1
32802 - 88 1
32802 - 100 1
32802 + 88
32803 # 1504
32803 - 88 1
32803 + 88
32804 # 1504
32804 - 88 1
32804 + 88
32805 # 1504
32805 - 88 1
32805 + 88
32806 # 1504
32806 - 88 1
32806 + 88
32807 # 1504
32807 - 88 1
32807 + 88
32808 # 1504
32808 - 88 1
32808 + 88
32808 + 88
32809 # 1504
32809 - 88 1
32809 - 88 1
32809 + 88
32810 # 1504
32810 - 88 1
32810 + 88
32811 # 1504
32811 - 88 1
32811 + 88
32811 + 108
32812 # 1504
32812 - 88 1
32812 - 108 1
32812 + 88
32813 # 1504
32813 - 88 1
32813 + 88
32814 # 1504
32814 - 88 1
32814 + 88
32815 # 1504
32815 - 88 1
32815 + 88
32816 # 1504
32816 - 88 1
32817 # 1504
32817 + 88
32817 + 88
32818 # 1504
32818 - 88 1
32818 - 88 1
32818 + 88
32819 # 1504
32819 - 88 1
32819 + 88
32820 # 1504
32820 - 88 1
32820 + 88
32821 # 1504
32821 - 88 1
32821 + 88
32822 # 1504
32822 - 88 1
32822 + 88
32822 + 108
32823 # 1504
32823 - 88 1
32823 - 108 1
32824 # 1504
32824 + 88
32824 + 88
32825 # 1504
32825 - 88 1
32825 - 88 1
32825 + 88
32826 # 1504
32826 - 88 1
32826 + 88
32827 # 1504
32827 - 88 1
32828 # 1504
32828 + 88
32828 + 88
32829 # 1504
32829 - 88 1
32829 - 88 1
32829 + 88
32830 # 1504
32830 - 88 1
32830 + 88
32831 # 1504
32831 - 88 1
32832 # 1504
32832 + 88
32832 + 88
32833 # 1504
32833 - 88 1
32833 - 88 1
32833 + 88
32833 + 108
32834 # 1504
32834 - 88 1
32834 - 108 1
32834 + 88
32835 # 1504
32835 - 88 1
32835 + 88
32836 # 1504
32836 - 88 1
32836 + 88
32836 + 88
32837 # 1504
32837 - 88 1
32837 - 88 1
32838 # 1504
32838 + 88
32838 + 88
32839 # 1504
32839 - 88 1
32839 - 88 1
32839 + 88
32840 # 1504
32840 - 88 1
32840 + 88
32841 # 1504
32841 - 88 1
32841 + 88
32842 # 1504
32842 - 88 1
32842 + 88
32843 # 1504
32843 - 88 1
32843 + 88
32844 # 1504
32844 - 88 1
32844 + 88
32844 + 108
32845 # 1504
32845 - 88 1
32845 - 108 1
32845 + 88
32846 # 1504
32846 - 88 1
32847 # 1504
32847 + 88
32847 + 88
32848 # 1504
32848 - 88 1
32848 - 88 1
32848 + 88
32849 # 1504
32849 - 88 1
32849 + 88
32850 # 1504
32850 - 88 1
32851 # 1504
32851 + 88
32851 + 88
32852 # 1504
32852 - 88 1
32852 - 88 1
32852 + 88
32853 # 1504
32853 - 88 1
32853 + 88
32854 # 1504
32854 - 88 1
32854 + 88
32855 # 1504
32855 - 88 1
32855 + 88
32855 + 108
32856 # 1504
32856 - 88 1
32856 - 108 1
32856 + 88
32857 # 1504
32857 - 88 1
32857 + 88
32858 # 1504
32858 - 88 1
32858 + 88
32859 # 1504
32859 - 88 1
32859 + 88
32860 # 1504
32860 - 88 1
32860 + 88
32861 # 1504
32861 - 88 1
32861 + 88
32862 # 1504
32862 - 88 1
32862 + 88
32863 # 1504
32863 - 88 1
32863 + 88
32864 # 1504
32864 - 88 1
32864 + 88
32864 + 88
32865 # 1504
32865 - 88 1
32865 - 88 1
32866 # 1504
32866 + 88
32866 + 108
32866 + 88
32867 # 1504
32867 - 88 1
32867 - 108 1
32867 - 88 1
32867 + 88
32868 # 1504
32868 - 88 1
32868 + 88
32869 # 1504
32869 - 88 1
32870 # 1504
32870 + 88
32870 + 88
32871 # 1504
32871 - 88 1
32871 - 88 1
32871 + 88
32872 # 1504
32872 - 88 1
32872 + 88
32872 + 100
32873 # 1504
32873 - 88 1
32873 - 100 1
32873 + 88
32874 # 1504
32874 - 88 1
32874 + 88
32875 # 1504
32875 - 88 1
32875 + 88
32876 # 1504
32876 - 88 1
32876 + 88
32877 # 1504
32877 - 88 1
32877 + 88
32878 # 1504
32878 - 88 1
32878 + 88
32879 # 1504
32879 - 88 1
32879 + 88
32880 # 1504
32880 - 88 1
32880 + 88
32881 # 1504
32881 - 88 1
32881 + 88
32882 # 1504
32882 - 88 1
32882 + 88
32883 # 1504
32883 - 88 1
32883 + 88
32883 + 108
32884 # 1504
32884 - 88 1
32884 - 108 1
32884 + 88
32885 # 1504
32885 - 88 1
32886 # 1504
32886 + 88
32886 + 88
32886 + 88
32887 # 1504
32887 - 88 1
32887 - 88 1
32887 - 88 1
32887 + 88
32888 # 1504
32888 - 88 1
32888 + 88
32889 # 1504
32889 - 88 1
32889 + 88
32890 # 1504
32890 - 88 1
32890 + 88
32891 # 1504
32891 - 88 1
32891 + 88
32892 # 1504
32892 - 88 1
32892 + 88
32893 # 1504
32893 - 88 1
32893 + 88
32894 # 1504
32894 - 88 1
32894 + 88
32894 + 108
32895 # 1504
32895 - 88 1
32895 - 108 1
32895 + 88
32896 # 1504
32896 - 88 1
32896 + 88
32897 # 1504
32897 - 88 1
32897 + 88
32898 # 1504
32898 - 88 1
32898 + 88
32899 # 1504
32899 - 88 1
32899 + 88
32900 # 1504
32900 - 88 1
32900 + 88
32901 # 1504
32901 - 88 1
32901 + 88
32902 # 1504
32902 - 88 1
32903 # 1504
32903 + 88
32903 + 88
32904 # 1504
32904 - 88 1
32904 - 88 1
32904 + 88
32905 # 1504
32905 - 88 1
32905 + 88
32905 + 108
32906 # 1504
32906 - 88 1
32906 - 108 1
32906 + 88
32907 # 1504
32907 - 88 1
32908 # 1504
32908 + 88
32908 + 88
32909 # 1504
32909 - 88 1
32909 - 88 1
32910 # 1504
32910 + 88
32911 # 1504
32911 - 88 1
32911 + 88
32912 # 1504
32912 - 88 1
32913 # 1504
32913 + 88
32913 + 88
32914 # 1504
32914 - 88 1
32914 - 88 1
32915 # 1504
32915 + 88
32916 # 1504
32916 - 88 1
32916 + 88
32916 + 108
32917 # 1504
32917 - 88 1
32917 - 108 1
32917 + 88
32918 # 1504
32918 - 88 1
32919 # 1504
32919 + 88
32919 + 88
32920 # 1504
32920 - 88 1
32920 - 88 1
32921 # 1504
32921 + 88
32922 # 1504
32922 - 88 1
32922 + 88
32923 # 1504
32923 - 88 1
32923 + 88
32924 # 1504
32924 - 88 1
32925 # 1504
32925 + 88
32925 + 88
32926 # 1504
32926 - 88 1
32926 - 88 1
32927 # 1504
32927 + 88
32927 + 108
32928 # 1504
32928 - 88 1
32928 - 108 1
32928 + 88
32929 # 1504
32929 - 88 1
32929 + 88
32930 # 1504
32930 - 88 1
32931 # 1504
32931 + 88
32932 # 1504
32932 - 88 1
32932 + 88
32933 # 1504
32933 - 88 1
32933 + 88
32934 # 1504
32934 - 88 1
32935 # 1504
32935 + 88
32935 + 88
32936 # 1504
32936 - 88 1
32936 - 88 1
32937 # 1504
32937 + 88
32937 + 108
32938 # 1504
32938 - 88 1
32938 - 108 1
32938 + 88
32939 # 1504
32939 - 88 1
32940 # 1504
32940 + 88
32941 # 1504
32941 - 88 1
32941 + 88
32942 # 1504
32942 - 88 1
32943 # 1504
32943 + 88
32944 # 1504
32944 - 88 1
32944 + 88
32945 # 1504
32945 - 88 1
32945 + 88
32946 # 1504
32946 - 88 1
32947 # 1504
32947 + 88
32948 # 1504
32948 - 88 1
32948 + 88
32948 + 108
32949 # 1504
32949 - 88 1
32949 - 108 1
32949 + 88
32950 # 1504
32950 - 88 1
32951 # 1504
32951 + 88
32952 # 1504
32952 - 88 1
32952 + 88
32953 # 1504
32953 - 88 1
32953 + 88
32954 # 1504
32954 - 88 1
32955 # 1504
32955 + 88
32956 # 1504
32956 - 88 1
32956 + 88
32956 + 100
32957 # 1504
32957 - 88 1
32957 - 100 1
32957 + 88
32958 # 1504
32958 - 88 1
32959 # 1504
32959 + 88
32960 # 1504
32960 - 88 1
32960 + 88
32961 # 1504
32961 - 88 1
32962 # 1504
32962 + 88
32963 # 1504
32963 - 88 1
32963 + 88
32964 # 1504
32964 - 88 1
32965 # 1504
32965 + 88
32966 # 1504
32966 - 88 1
32966 + 88
32966 + 108
32967 # 1504
32967 - 88 1
32967 - 108 1
32968 # 1504
32968 + 88
32969 # 1504
32969 - 88 1
32970 # 1504
32970 + 88
32970 + 88
32971 # 1504
32971 - 88 1
32971 - 88 1
32972 # 1504
32972 + 88
32973 # 1504
32973 - 88 1
32973 + 88
32974 # 1504
32974 - 88 1
32974 + 88
32975 # 1504
32975 - 88 1
32975 + 88
32976 # 1504
32976 - 88 1
32977 # 1504
32977 + 88
32977 + 108
32978 # 1504
32978 - 88 1
32978 - 108 1
32978 + 88
32979 # 1504
32979 - 88 1
32980 # 1504
32981 # 1504
32981 + 88
32981 + 88
32982 # 1504
32982 - 88 1
32982 - 88 1
32982 + 88
32983 # 1504
32983 - 88 1
32983 + 88
32984 # 1504
32984 - 88 1
32984 + 88
32985 # 1504
32985 - 88 1
32986 # 1504
32986 + 88
32987 # 1504
32987 - 88 1
32987 + 88
32987 + 108
32988 # 1504
32988 - 88 1
32988 - 108 1
32988 + 88
32989 # 1504
32989 - 88 1
32990 # 1504
32990 + 88
32991 # 1504
32991 - 88 1
32991 + 88
32992 # 1504
32992 - 88 1
32992 + 88
32993 # 1504
32993 - 88 1
32993 + 88
32994 # 1504
32994 - 88 1
32995 # 1504
32995 + 88
32996 # 1504
32996 - 88 1
32996 + 88
32997 # 1504
32997 - 88 1
32998 # 1504
32998 + 88
32998 + 108
32999 # 1504
32999 - 88 1
32999 - 108 1
32999 + 88
33000 # 1504
33000 - 88 1
33001 # 1504
33002 # 1504
33002 + 88
33002 + 88
33003 # 1504
33003 - 88 1
33003 - 88 1
33003 + 88
33004 # 1504
33004 - 88 1
33004 + 88
33005 # 1504
33005 - 88 1
33006 # 1504
33006 + 88
33007 # 1504
33007 - 88 1
33007 + 88
33008 # 1504
33008 - 88 1
33008 + 88
33008 + 108
33009 # 1504
33009 - 88 1
33009 - 108 1
33010 # 1504
33010 + 88
33011 # 1504
33011 - 88 1
33012 # 1504
33012 + 88
33012 + 88
33013 # 1504
33013 - 88 1
33013 - 88 1
33013 + 88
33014 # 1504
33014 - 88 1
33014 + 88
33015 # 1504
33015 - 88 1
33016 # 1504
33016 + 88
33017 # 1504
33017 - 88 1
33017 + 88
33018 # 1504
33018 - 88 1
33018 + 88
33019 # 1504
33019 - 88 1
33019 + 88
33019 + 108
33020 # 1504
33020 - 88 1
33020 - 108 1
33020 + 88
33021 # 1504
33021 - 88 1
33022 # 1504
33022 + 88
33023 # 1504
33023 - 88 1
33023 + 88
33024 # 1504
33024 - 88 1
33025 # 1504
33025 + 88
33026 # 1504
33026 - 88 1
33026 + 88
33027 # 1504
33027 - 88 1
33027 + 88
33028 # 1504
33028 - 88 1
33029 # 1504
33029 + 88
33030 # 1504
33030 - 88 1
33030 + 88
33030 + 108
33031 # 1504
33031 - 88 1
33031 - 108 1
33031 + 88
33032 # 1504
33032 - 88 1
33033 # 1504
33033 + 88
33034 # 1504
33034 - 88 1
33034 + 88
33035 # 1504
33035 - 88 1
33035 + 88
33036 # 1504
33036 - 88 1
33036 + 88
33037 # 1504
33037 - 88 1
33038 # 1504
33038 + 88
33039 # 1504
33039 - 88 1
33039 + 88
33040 # 1504
33040 - 88 1
33040 + 88
33041 # 1504
33041 - 88 1
33041 + 88
33041 + 108
33042 # 1504
33042 - 88 1
33042 - 108 1
33042 + 88
33043 # 1504
33043 - 88 1
33044 # 1504
33044 + 88
33045 # 1504
33045 - 88 1
33045 + 88
33046 # 1504
33046 - 88 1
33046 + 88
33047 # 1504
33047 - 88 1
33047 + 88
33048 # 1504
33048 - 88 1
33049 # 1504
33049 + 88
33050 # 1504
33050 - 88 1
33050 + 88
33051 # 1504
33051 - 88 1
33051 + 88
33052 # 1504
33052 - 88 1
33052 + 88
33052 + 108
33053 # 1504
33053 - 88 1
33053 - 108 1
33054 # 1504
33054 + 88
33055 # 1504
33055 - 88 1
33056 # 1504
33056 + 88
33056 + 88
33057 # 1504
33057 - 88 1
33057 - 88 1
33057 + 88
33058 # 1504
33058 - 88 1
33058 + 88
33059 # 1504
33059 - 88 1
33059 + 88
33060 # 1504
33060 - 88 1
33061 # 1504
33061 + 88
33062 # 1504
33062 - 88 1
33062 + 88
33063 # 1504
33063 - 88 1
33063 + 88
33063 + 108
33064 # 1504
33064 - 88 1
33064 - 108 1
33064 + 88
33065 # 1504
33065 - 88 1
33065 + 88
33066 # 1504
33066 - 88 1
33066 + 88
33067 # 1504
33067 - 88 1
33068 # 1504
33068 + 88
33069 # 1504
33069 - 88 1
33069 + 88
33070 # 1504
33070 - 88 1
33070 + 88
33071 # 1504
33071 - 88 1
33071 + 88
33072 # 1504
33072 - 88 1
33072 + 88
33073 # 1504
33073 - 88 1
33074 # 1504
33074 + 88
33074 + 108
33075 # 1504
33075 - 88 1
33075 - 108 1
33075 + 88
33076 # 1504
33076 - 88 1
33077 # 1504
33078 # 1504
33078 + 88
33078 + 88
33079 # 1504
33079 - 88 1
33079 - 88 1
33079 + 88
33080 # 1504
33080 - 88 1
33080 + 88
33081 # 1504
33081 - 88 1
33081 + 88
33082 # 1504
33082 - 88 1
33083 # 1504
33083 + 88
33084 # 1504
33084 - 88 1
33084 + 88
33084 + 108
33085 # 1504
33085 - 88 1
33085 - 108 1
33085 + 88
33086 # 1504
33086 - 88 1
33086 + 88
33087 # 1504
33087 - 88 1
33087 + 88
33088 # 1504
33088 - 88 1
33088 + 88
33089 # 1504
33089 - 88 1
33090 # 1504
33090 + 88
33091 # 1504
33091 - 88 1
33091 + 88
33092 # 1504
33092 - 88 1
33092 + 88
33093 # 1504
33093 - 88 1
33093 + 88
33094 # 1504
33094 - 88 1
33094 + 88
33094 + 108
33095 # 1504
33095 - 88 1
33095 - 108 1
33095 + 88
33096 # 1504
33096 - 88 1
33096 + 88
33097 # 1504
33097 - 88 1
33097 + 88
33098 # 1504
33098 - 88 1
33098 + 88
33099 # 1504
33099 - 88 1
33099 + 88
33100 # 1504
33100 - 88 1
33100 + 88
33101 # 1504
33101 - 88 1
33101 + 88
33102 # 1504
33102 - 88 1
33103 # 1504
33103 + 88
33103 + 88
33104 # 1504
33104 - 88 1
33104 - 88 1
33105 # 1504
33105 + 88
33105 + 108
33106 # 1504
33106 - 88 1
33106 - 108 1
33106 + 88
33107 # 1504
33107 - 88 1
33108 # 1504
33108 + 88
33108 + 88
33109 # 1504
33109 - 88 1
33109 - 88 1
33110 # 1504
33110 + 88
33111 # 1504
33111 - 88 1
33111 + 88
33112 # 1504
33112 - 88 1
33112 + 88
33113 # 1504
33113 - 88 1
33114 # 1504
33115 # 1504
33116 # 1504
33117 # 1504
33118 # 1504
33119 # 1504
33120 # 1504
33121 # 1504
33122 # 1504
33123 # 1504
33124 # 1504
33125 # 1504
33126 # 1504
33127 # 1504
33128 # 1504
