# mahimahi mm-link (Uplink) [/home/vboxuser/pantheon/src/experiments/12mbps.trace] > /home/vboxuser/pantheon/src/experiments/data/vivace_mm_datalink_run1.log
# command line: 'mm-link' '/home/vboxuser/pantheon/src/experiments/12mbps.trace' '/home/vboxuser/pantheon/src/experiments/12mbps.trace' '--uplink-log=/home/vboxuser/pantheon/src/experiments/data/vivace_mm_datalink_run1.log' '--downlink-log=/home/vboxuser/pantheon/src/experiments/data/vivace_mm_acklink_run1.log' 'python' '/home/vboxuser/pantheon/src/experiments/tunnel_manager.py'
# queue: infinite
# init timestamp: 1744939475831
# base timestamp: 33
34 # 1504
35 # 1504
36 # 1504
37 # 1504
38 # 1504
39 # 1504
40 # 1504
41 # 1504
42 # 1504
43 # 1504
44 # 1504
45 # 1504
46 # 1504
47 # 1504
48 # 1504
49 # 1504
50 # 1504
51 # 1504
52 # 1504
53 # 1504
54 # 1504
55 # 1504
56 # 1504
57 # 1504
58 # 1504
59 # 1504
60 # 1504
61 # 1504
62 # 1504
63 # 1504
64 # 1504
65 # 1504
66 # 1504
67 # 1504
68 # 1504
69 # 1504
70 # 1504
71 # 1504
72 # 1504
73 # 1504
74 # 1504
75 # 1504
76 # 1504
77 # 1504
78 # 1504
79 # 1504
80 # 1504
81 # 1504
82 # 1504
83 # 1504
83 + 40
84 # 1504
84 - 40 1
85 # 1504
86 # 1504
87 # 1504
88 # 1504
89 # 1504
90 # 1504
91 # 1504
92 # 1504
93 # 1504
94 # 1504
95 # 1504
96 # 1504
97 # 1504
98 # 1504
99 # 1504
100 # 1504
101 # 1504
102 # 1504
103 # 1504
104 # 1504
105 # 1504
106 # 1504
107 # 1504
108 # 1504
109 # 1504
110 # 1504
111 # 1504
112 # 1504
113 # 1504
114 # 1504
115 # 1504
116 # 1504
117 # 1504
118 # 1504
119 # 1504
120 # 1504
121 # 1504
122 # 1504
123 # 1504
124 # 1504
125 # 1504
126 # 1504
127 # 1504
128 # 1504
129 # 1504
130 # 1504
131 # 1504
132 # 1504
133 # 1504
134 # 1504
135 # 1504
136 # 1504
137 # 1504
138 # 1504
139 # 1504
140 # 1504
141 # 1504
142 # 1504
143 # 1504
144 # 1504
145 # 1504
146 # 1504
147 # 1504
148 # 1504
149 # 1504
150 # 1504
151 # 1504
152 # 1504
153 # 1504
154 # 1504
155 # 1504
156 # 1504
157 # 1504
158 # 1504
159 # 1504
160 # 1504
161 # 1504
162 # 1504
163 # 1504
164 # 1504
165 # 1504
166 # 1504
167 # 1504
168 # 1504
169 # 1504
170 # 1504
171 # 1504
172 # 1504
173 # 1504
174 # 1504
175 # 1504
176 # 1504
177 # 1504
178 # 1504
179 # 1504
180 # 1504
181 # 1504
182 # 1504
183 # 1504
184 # 1504
185 # 1504
186 # 1504
187 # 1504
188 # 1504
189 # 1504
190 # 1504
191 # 1504
192 # 1504
193 # 1504
194 # 1504
195 # 1504
196 # 1504
197 # 1504
198 # 1504
199 # 1504
200 # 1504
201 # 1504
202 # 1504
203 # 1504
204 # 1504
205 # 1504
206 # 1504
207 # 1504
208 # 1504
209 # 1504
210 # 1504
211 # 1504
212 # 1504
213 # 1504
214 # 1504
215 # 1504
216 # 1504
217 # 1504
218 # 1504
219 # 1504
220 # 1504
221 # 1504
222 # 1504
223 # 1504
224 # 1504
225 # 1504
226 # 1504
227 # 1504
228 # 1504
229 # 1504
230 # 1504
231 # 1504
232 # 1504
233 # 1504
234 # 1504
235 # 1504
236 # 1504
237 # 1504
238 # 1504
239 # 1504
240 # 1504
241 # 1504
242 # 1504
243 # 1504
244 # 1504
245 # 1504
246 # 1504
247 # 1504
248 # 1504
249 # 1504
250 # 1504
251 # 1504
252 # 1504
253 # 1504
254 # 1504
255 # 1504
256 # 1504
257 # 1504
258 # 1504
259 # 1504
260 # 1504
261 # 1504
262 # 1504
263 # 1504
264 # 1504
265 # 1504
266 # 1504
267 # 1504
268 # 1504
269 # 1504
270 # 1504
271 # 1504
272 # 1504
273 # 1504
274 # 1504
275 # 1504
276 # 1504
277 # 1504
278 # 1504
279 # 1504
280 # 1504
281 # 1504
282 # 1504
283 # 1504
284 # 1504
285 # 1504
286 # 1504
287 # 1504
288 # 1504
289 # 1504
290 # 1504
291 # 1504
292 # 1504
293 # 1504
294 # 1504
295 # 1504
296 # 1504
297 # 1504
298 # 1504
299 # 1504
300 # 1504
301 # 1504
302 # 1504
303 # 1504
304 # 1504
305 # 1504
306 # 1504
307 # 1504
308 # 1504
309 # 1504
310 # 1504
311 # 1504
312 # 1504
313 # 1504
314 # 1504
315 # 1504
316 # 1504
317 # 1504
318 # 1504
319 # 1504
320 # 1504
321 # 1504
322 # 1504
323 # 1504
324 # 1504
325 # 1504
326 # 1504
327 # 1504
328 # 1504
329 # 1504
330 # 1504
331 # 1504
332 # 1504
333 # 1504
334 # 1504
335 # 1504
336 # 1504
337 # 1504
338 # 1504
339 # 1504
340 # 1504
341 # 1504
342 # 1504
343 # 1504
344 # 1504
345 # 1504
346 # 1504
347 # 1504
348 # 1504
349 # 1504
350 # 1504
351 # 1504
352 # 1504
353 # 1504
354 # 1504
355 # 1504
356 # 1504
357 # 1504
358 # 1504
359 # 1504
360 # 1504
361 # 1504
362 # 1504
363 # 1504
364 # 1504
365 # 1504
366 # 1504
367 # 1504
368 # 1504
369 # 1504
370 # 1504
371 # 1504
372 # 1504
373 # 1504
374 # 1504
375 # 1504
376 # 1504
377 # 1504
378 # 1504
379 # 1504
380 # 1504
381 # 1504
382 # 1504
383 # 1504
384 # 1504
385 # 1504
386 # 1504
387 # 1504
388 # 1504
389 # 1504
390 # 1504
391 # 1504
392 # 1504
393 # 1504
394 # 1504
395 # 1504
396 # 1504
397 # 1504
398 # 1504
399 # 1504
400 # 1504
401 # 1504
402 # 1504
403 # 1504
404 # 1504
405 # 1504
406 # 1504
407 # 1504
408 # 1504
409 # 1504
410 # 1504
411 # 1504
412 # 1504
413 # 1504
414 # 1504
415 # 1504
416 # 1504
417 # 1504
418 # 1504
419 # 1504
420 # 1504
421 # 1504
422 # 1504
423 # 1504
424 # 1504
425 # 1504
426 # 1504
427 # 1504
428 # 1504
429 # 1504
430 # 1504
431 # 1504
432 # 1504
433 # 1504
434 # 1504
435 # 1504
436 # 1504
437 # 1504
438 # 1504
439 # 1504
440 # 1504
441 # 1504
442 # 1504
443 # 1504
444 # 1504
445 # 1504
446 # 1504
447 # 1504
448 # 1504
449 # 1504
450 # 1504
451 # 1504
452 # 1504
453 # 1504
454 # 1504
455 # 1504
456 # 1504
457 # 1504
458 # 1504
459 # 1504
460 # 1504
461 # 1504
462 # 1504
463 # 1504
464 # 1504
465 # 1504
466 # 1504
467 # 1504
468 # 1504
469 # 1504
470 # 1504
471 # 1504
472 # 1504
473 # 1504
474 # 1504
475 # 1504
476 # 1504
477 # 1504
478 # 1504
479 # 1504
480 # 1504
481 # 1504
482 # 1504
483 # 1504
484 # 1504
485 # 1504
486 # 1504
487 # 1504
488 # 1504
489 # 1504
490 # 1504
491 # 1504
492 # 1504
493 # 1504
494 # 1504
495 # 1504
496 # 1504
497 # 1504
498 # 1504
499 # 1504
500 # 1504
501 # 1504
502 # 1504
503 # 1504
504 # 1504
505 # 1504
506 # 1504
507 # 1504
508 # 1504
509 # 1504
510 # 1504
511 # 1504
512 # 1504
513 # 1504
514 # 1504
515 # 1504
516 # 1504
517 # 1504
518 # 1504
519 # 1504
520 # 1504
521 # 1504
522 # 1504
523 # 1504
524 # 1504
525 # 1504
526 # 1504
527 # 1504
528 # 1504
529 # 1504
530 # 1504
531 # 1504
532 # 1504
533 # 1504
534 # 1504
535 # 1504
536 # 1504
537 # 1504
538 # 1504
539 # 1504
540 # 1504
541 # 1504
542 # 1504
543 # 1504
544 # 1504
545 # 1504
546 # 1504
547 # 1504
548 # 1504
549 # 1504
550 # 1504
551 # 1504
552 # 1504
553 # 1504
554 # 1504
555 # 1504
556 # 1504
557 # 1504
558 # 1504
559 # 1504
560 # 1504
561 # 1504
562 # 1504
563 # 1504
564 # 1504
565 # 1504
566 # 1504
567 # 1504
568 # 1504
569 # 1504
570 # 1504
571 # 1504
572 # 1504
573 # 1504
574 # 1504
575 # 1504
576 # 1504
577 # 1504
578 # 1504
579 # 1504
580 # 1504
581 # 1504
582 # 1504
583 # 1504
584 # 1504
585 # 1504
586 # 1504
587 # 1504
588 # 1504
589 # 1504
590 # 1504
591 # 1504
592 # 1504
593 # 1504
594 # 1504
595 # 1504
596 # 1504
597 # 1504
598 # 1504
599 # 1504
600 # 1504
601 # 1504
602 # 1504
603 # 1504
604 # 1504
605 # 1504
606 # 1504
607 # 1504
608 # 1504
609 # 1504
610 # 1504
611 # 1504
612 # 1504
613 # 1504
614 # 1504
615 # 1504
616 # 1504
617 # 1504
618 # 1504
619 # 1504
620 # 1504
621 # 1504
622 # 1504
623 # 1504
624 # 1504
625 # 1504
626 # 1504
627 # 1504
628 # 1504
629 # 1504
630 # 1504
631 # 1504
632 # 1504
633 # 1504
634 # 1504
635 # 1504
636 # 1504
637 # 1504
638 # 1504
639 # 1504
640 # 1504
640 + 80
640 + 52
641 # 1504
641 - 80 1
641 - 52 1
642 # 1504
643 # 1504
644 # 1504
645 # 1504
646 # 1504
647 # 1504
648 # 1504
649 # 1504
650 # 1504
651 # 1504
652 # 1504
653 # 1504
654 # 1504
655 # 1504
656 # 1504
656 + 80
657 # 1504
657 - 80 1
658 # 1504
659 # 1504
660 # 1504
661 # 1504
662 # 1504
663 # 1504
664 # 1504
665 # 1504
666 # 1504
667 # 1504
668 # 1504
669 # 1504
670 # 1504
671 # 1504
672 # 1504
673 # 1504
674 # 1504
675 # 1504
676 # 1504
677 # 1504
678 # 1504
679 # 1504
680 # 1504
681 # 1504
682 # 1504
683 # 1504
684 # 1504
685 # 1504
686 # 1504
687 # 1504
688 # 1504
689 # 1504
690 # 1504
691 # 1504
692 # 1504
693 # 1504
694 # 1504
695 # 1504
696 # 1504
697 # 1504
698 # 1504
699 # 1504
700 # 1504
701 # 1504
702 # 1504
703 # 1504
704 # 1504
705 # 1504
706 # 1504
707 # 1504
708 # 1504
709 # 1504
710 # 1504
711 # 1504
712 # 1504
713 # 1504
714 # 1504
715 # 1504
716 # 1504
717 # 1504
718 # 1504
719 # 1504
720 # 1504
721 # 1504
722 # 1504
723 # 1504
724 # 1504
725 # 1504
726 # 1504
727 # 1504
728 # 1504
729 # 1504
730 # 1504
731 # 1504
732 # 1504
733 # 1504
734 # 1504
735 # 1504
736 # 1504
737 # 1504
738 # 1504
739 # 1504
740 # 1504
741 # 1504
742 # 1504
743 # 1504
744 # 1504
745 # 1504
746 # 1504
747 # 1504
748 # 1504
749 # 1504
750 # 1504
751 # 1504
752 # 1504
753 # 1504
754 # 1504
755 # 1504
756 # 1504
757 # 1504
758 # 1504
759 # 1504
760 # 1504
761 # 1504
762 # 1504
763 # 1504
764 # 1504
765 # 1504
766 # 1504
767 # 1504
768 # 1504
769 # 1504
770 # 1504
771 # 1504
772 # 1504
773 # 1504
774 # 1504
775 # 1504
776 # 1504
777 # 1504
778 # 1504
779 # 1504
780 # 1504
781 # 1504
782 # 1504
783 # 1504
784 # 1504
785 # 1504
786 # 1504
787 # 1504
788 # 1504
789 # 1504
790 # 1504
791 # 1504
792 # 1504
793 # 1504
794 # 1504
795 # 1504
796 # 1504
797 # 1504
798 # 1504
799 # 1504
800 # 1504
801 # 1504
802 # 1504
803 # 1504
804 # 1504
805 # 1504
806 # 1504
807 # 1504
808 # 1504
809 # 1504
810 # 1504
811 # 1504
812 # 1504
813 # 1504
814 # 1504
815 # 1504
816 # 1504
817 # 1504
818 # 1504
819 # 1504
820 # 1504
821 # 1504
822 # 1504
823 # 1504
824 # 1504
825 # 1504
826 # 1504
827 # 1504
828 # 1504
829 # 1504
830 # 1504
831 # 1504
832 # 1504
833 # 1504
834 # 1504
835 # 1504
836 # 1504
837 # 1504
838 # 1504
839 # 1504
840 # 1504
841 # 1504
842 # 1504
843 # 1504
844 # 1504
845 # 1504
846 # 1504
847 # 1504
848 # 1504
849 # 1504
850 # 1504
851 # 1504
852 # 1504
853 # 1504
854 # 1504
855 # 1504
856 # 1504
857 # 1504
858 # 1504
859 # 1504
860 # 1504
861 # 1504
862 # 1504
863 # 1504
864 # 1504
865 # 1504
866 # 1504
867 # 1504
868 # 1504
869 # 1504
870 # 1504
871 # 1504
872 # 1504
873 # 1504
874 # 1504
875 # 1504
876 # 1504
877 # 1504
878 # 1504
879 # 1504
880 # 1504
881 # 1504
882 # 1504
883 # 1504
884 # 1504
885 # 1504
886 # 1504
887 # 1504
888 # 1504
889 # 1504
890 # 1504
891 # 1504
892 # 1504
893 # 1504
894 # 1504
895 # 1504
896 # 1504
897 # 1504
898 # 1504
899 # 1504
900 # 1504
901 # 1504
902 # 1504
903 # 1504
904 # 1504
905 # 1504
906 # 1504
907 # 1504
908 # 1504
909 # 1504
910 # 1504
911 # 1504
912 # 1504
913 # 1504
913 + 80
914 # 1504
914 - 80 1
915 # 1504
916 # 1504
917 # 1504
918 # 1504
919 # 1504
920 # 1504
921 # 1504
922 # 1504
923 # 1504
924 # 1504
925 # 1504
926 # 1504
927 # 1504
928 # 1504
929 # 1504
930 # 1504
931 # 1504
932 # 1504
933 # 1504
934 # 1504
935 # 1504
936 # 1504
937 # 1504
938 # 1504
939 # 1504
940 # 1504
941 # 1504
942 # 1504
943 # 1504
944 # 1504
945 # 1504
946 # 1504
947 # 1504
948 # 1504
949 # 1504
950 # 1504
951 # 1504
952 # 1504
953 # 1504
954 # 1504
955 # 1504
956 # 1504
957 # 1504
958 # 1504
959 # 1504
960 # 1504
961 # 1504
962 # 1504
963 # 1504
964 # 1504
965 # 1504
966 # 1504
967 # 1504
968 # 1504
969 # 1504
970 # 1504
971 # 1504
972 # 1504
973 # 1504
974 # 1504
975 # 1504
976 # 1504
977 # 1504
978 # 1504
979 # 1504
980 # 1504
981 # 1504
982 # 1504
983 # 1504
984 # 1504
985 # 1504
986 # 1504
987 # 1504
988 # 1504
989 # 1504
990 # 1504
991 # 1504
992 # 1504
993 # 1504
994 # 1504
995 # 1504
996 # 1504
997 # 1504
998 # 1504
999 # 1504
1000 # 1504
1001 # 1504
1002 # 1504
1003 # 1504
1004 # 1504
1005 # 1504
1006 # 1504
1007 # 1504
1008 # 1504
1009 # 1504
1010 # 1504
1011 # 1504
1012 # 1504
1013 # 1504
1014 # 1504
1015 # 1504
1016 # 1504
1017 # 1504
1018 # 1504
1019 # 1504
1020 # 1504
1021 # 1504
1022 # 1504
1023 # 1504
1024 # 1504
1025 # 1504
1026 # 1504
1027 # 1504
1028 # 1504
1029 # 1504
1030 # 1504
1031 # 1504
1032 # 1504
1033 # 1504
1034 # 1504
1035 # 1504
1036 # 1504
1037 # 1504
1038 # 1504
1039 # 1504
1040 # 1504
1041 # 1504
1042 # 1504
1043 # 1504
1044 # 1504
1045 # 1504
1046 # 1504
1047 # 1504
1048 # 1504
1049 # 1504
1050 # 1504
1051 # 1504
1052 # 1504
1053 # 1504
1054 # 1504
1055 # 1504
1056 # 1504
1057 # 1504
1058 # 1504
1059 # 1504
1060 # 1504
1061 # 1504
1062 # 1504
1063 # 1504
1064 # 1504
1065 # 1504
1066 # 1504
1067 # 1504
1068 # 1504
1069 # 1504
1070 # 1504
1071 # 1504
1072 # 1504
1073 # 1504
1074 # 1504
1075 # 1504
1076 # 1504
1077 # 1504
1078 # 1504
1079 # 1504
1080 # 1504
1081 # 1504
1082 # 1504
1083 # 1504
1084 # 1504
1085 # 1504
1086 # 1504
1087 # 1504
1088 # 1504
1089 # 1504
1090 # 1504
1091 # 1504
1092 # 1504
1093 # 1504
1094 # 1504
1095 # 1504
1096 # 1504
1097 # 1504
1098 # 1504
1099 # 1504
1100 # 1504
1101 # 1504
1102 # 1504
1103 # 1504
1104 # 1504
1105 # 1504
1106 # 1504
1107 # 1504
1108 # 1504
1109 # 1504
1110 # 1504
1111 # 1504
1112 # 1504
1113 # 1504
1114 # 1504
1115 # 1504
1116 # 1504
1117 # 1504
1118 # 1504
1119 # 1504
1120 # 1504
1121 # 1504
1122 # 1504
1123 # 1504
1124 # 1504
1125 # 1504
1126 # 1504
1127 # 1504
1128 # 1504
1129 # 1504
1130 # 1504
1131 # 1504
1132 # 1504
1133 # 1504
1134 # 1504
1135 # 1504
1136 # 1504
1137 # 1504
1138 # 1504
1139 # 1504
1140 # 1504
1141 # 1504
1142 # 1504
1143 # 1504
1144 # 1504
1145 # 1504
1146 # 1504
1147 # 1504
1148 # 1504
1149 # 1504
1150 # 1504
1151 # 1504
1152 # 1504
1153 # 1504
1154 # 1504
1155 # 1504
1156 # 1504
1157 # 1504
1158 # 1504
1159 # 1504
1160 # 1504
1161 # 1504
1162 # 1504
1163 # 1504
1164 # 1504
1165 # 1504
1166 # 1504
1167 # 1504
1168 # 1504
1169 # 1504
1170 # 1504
1171 # 1504
1172 # 1504
1173 # 1504
1174 # 1504
1175 # 1504
1176 # 1504
1177 # 1504
1178 # 1504
1179 # 1504
1180 # 1504
1181 # 1504
1182 # 1504
1183 # 1504
1184 # 1504
1185 # 1504
1186 # 1504
1187 # 1504
1188 # 1504
1189 # 1504
1190 # 1504
1191 # 1504
1192 # 1504
1193 # 1504
1194 # 1504
1195 # 1504
1196 # 1504
1197 # 1504
1198 # 1504
1199 # 1504
1200 # 1504
1201 # 1504
1202 # 1504
1203 # 1504
1204 # 1504
1205 # 1504
1206 # 1504
1207 # 1504
1208 # 1504
1209 # 1504
1210 # 1504
1211 # 1504
1212 # 1504
1213 # 1504
1214 # 1504
1215 # 1504
1216 # 1504
1217 # 1504
1218 # 1504
1219 # 1504
1220 # 1504
1221 # 1504
1222 # 1504
1223 # 1504
1224 # 1504
1225 # 1504
1226 # 1504
1227 # 1504
1228 # 1504
1229 # 1504
1230 # 1504
1231 # 1504
1232 # 1504
1233 # 1504
1234 # 1504
1235 # 1504
1236 # 1504
1237 # 1504
1238 # 1504
1239 # 1504
1240 # 1504
1241 # 1504
1242 # 1504
1243 # 1504
1244 # 1504
1245 # 1504
1246 # 1504
1247 # 1504
1248 # 1504
1249 # 1504
1250 # 1504
1251 # 1504
1252 # 1504
1253 # 1504
1254 # 1504
1255 # 1504
1256 # 1504
1257 # 1504
1258 # 1504
1259 # 1504
1260 # 1504
1261 # 1504
1262 # 1504
1263 # 1504
1264 # 1504
1265 # 1504
1266 # 1504
1267 # 1504
1268 # 1504
1269 # 1504
1270 # 1504
1271 # 1504
1272 # 1504
1273 # 1504
1274 # 1504
1275 # 1504
1276 # 1504
1277 # 1504
1278 # 1504
1279 # 1504
1280 # 1504
1281 # 1504
1281 + 80
1282 # 1504
1282 - 80 1
1283 # 1504
1284 # 1504
1285 # 1504
1286 # 1504
1287 # 1504
1288 # 1504
1289 # 1504
1290 # 1504
1291 # 1504
1292 # 1504
1293 # 1504
1294 # 1504
1295 # 1504
1296 # 1504
1297 # 1504
1298 # 1504
1299 # 1504
1300 # 1504
1301 # 1504
1302 # 1504
1303 # 1504
1304 # 1504
1305 # 1504
1306 # 1504
1307 # 1504
1308 # 1504
1309 # 1504
1310 # 1504
1311 # 1504
1312 # 1504
1313 # 1504
1314 # 1504
1315 # 1504
1316 # 1504
1317 # 1504
1318 # 1504
1319 # 1504
1320 # 1504
1321 # 1504
1322 # 1504
1323 # 1504
1324 # 1504
1325 # 1504
1326 # 1504
1327 # 1504
1328 # 1504
1329 # 1504
1330 # 1504
1331 # 1504
1332 # 1504
1333 # 1504
1334 # 1504
1335 # 1504
1336 # 1504
1337 # 1504
1338 # 1504
1339 # 1504
1340 # 1504
1341 # 1504
1342 # 1504
1343 # 1504
1344 # 1504
1345 # 1504
1346 # 1504
1347 # 1504
1348 # 1504
1349 # 1504
1350 # 1504
1351 # 1504
1352 # 1504
1353 # 1504
1354 # 1504
1355 # 1504
1356 # 1504
1357 # 1504
1358 # 1504
1359 # 1504
1360 # 1504
1361 # 1504
1362 # 1504
1363 # 1504
1364 # 1504
1365 # 1504
1366 # 1504
1367 # 1504
1368 # 1504
1369 # 1504
1370 # 1504
1371 # 1504
1372 # 1504
1373 # 1504
1374 # 1504
1375 # 1504
1376 # 1504
1377 # 1504
1378 # 1504
1379 # 1504
1380 # 1504
1381 # 1504
1382 # 1504
1383 # 1504
1384 # 1504
1385 # 1504
1386 # 1504
1387 # 1504
1388 # 1504
1389 # 1504
1390 # 1504
1391 # 1504
1392 # 1504
1393 # 1504
1394 # 1504
1395 # 1504
1396 # 1504
1397 # 1504
1398 # 1504
1399 # 1504
1400 # 1504
1401 # 1504
1402 # 1504
1403 # 1504
1404 # 1504
1405 # 1504
1406 # 1504
1407 # 1504
1408 # 1504
1409 # 1504
1410 # 1504
1411 # 1504
1412 # 1504
1413 # 1504
1414 # 1504
1415 # 1504
1416 # 1504
1417 # 1504
1418 # 1504
1419 # 1504
1420 # 1504
1421 # 1504
1422 # 1504
1423 # 1504
1424 # 1504
1425 # 1504
1426 # 1504
1427 # 1504
1428 # 1504
1429 # 1504
1430 # 1504
1431 # 1504
1432 # 1504
1433 # 1504
1434 # 1504
1435 # 1504
1436 # 1504
1437 # 1504
1438 # 1504
1439 # 1504
1440 # 1504
1441 # 1504
1442 # 1504
1443 # 1504
1444 # 1504
1445 # 1504
1446 # 1504
1447 # 1504
1448 # 1504
1449 # 1504
1450 # 1504
1451 # 1504
1452 # 1504
1453 # 1504
1454 # 1504
1455 # 1504
1456 # 1504
1457 # 1504
1458 # 1504
1459 # 1504
1460 # 1504
1461 # 1504
1462 # 1504
1463 # 1504
1464 # 1504
1465 # 1504
1466 # 1504
1467 # 1504
1468 # 1504
1469 # 1504
1470 # 1504
1471 # 1504
1472 # 1504
1473 # 1504
1474 # 1504
1475 # 1504
1476 # 1504
1477 # 1504
1478 # 1504
1479 # 1504
1480 # 1504
1481 # 1504
1482 # 1504
1483 # 1504
1484 # 1504
1485 # 1504
1486 # 1504
1487 # 1504
1488 # 1504
1489 # 1504
1490 # 1504
1491 # 1504
1492 # 1504
1493 # 1504
1494 # 1504
1495 # 1504
1496 # 1504
1497 # 1504
1498 # 1504
1499 # 1504
1500 # 1504
1501 # 1504
1502 # 1504
1503 # 1504
1504 # 1504
1505 # 1504
1506 # 1504
1507 # 1504
1508 # 1504
1509 # 1504
1510 # 1504
1511 # 1504
1512 # 1504
1513 # 1504
1514 # 1504
1515 # 1504
1516 # 1504
1517 # 1504
1518 # 1504
1519 # 1504
1520 # 1504
1521 # 1504
1522 # 1504
1523 # 1504
1524 # 1504
1525 # 1504
1526 # 1504
1527 # 1504
1528 # 1504
1529 # 1504
1530 # 1504
1531 # 1504
1532 # 1504
1533 # 1504
1534 # 1504
1535 # 1504
1536 # 1504
1537 # 1504
1538 # 1504
1539 # 1504
1540 # 1504
1541 # 1504
1542 # 1504
1543 # 1504
1544 # 1504
1545 # 1504
1546 # 1504
1547 # 1504
1548 # 1504
1549 # 1504
1550 # 1504
1551 # 1504
1552 # 1504
1553 # 1504
1554 # 1504
1555 # 1504
1556 # 1504
1557 # 1504
1558 # 1504
1559 # 1504
1560 # 1504
1561 # 1504
1562 # 1504
1563 # 1504
1564 # 1504
1565 # 1504
1566 # 1504
1567 # 1504
1568 # 1504
1569 # 1504
1570 # 1504
1571 # 1504
1572 # 1504
1573 # 1504
1574 # 1504
1575 # 1504
1576 # 1504
1577 # 1504
1578 # 1504
1579 # 1504
1580 # 1504
1581 # 1504
1582 # 1504
1583 # 1504
1584 # 1504
1585 # 1504
1586 # 1504
1587 # 1504
1588 # 1504
1589 # 1504
1590 # 1504
1591 # 1504
1592 # 1504
1593 # 1504
1594 # 1504
1595 # 1504
1596 # 1504
1597 # 1504
1598 # 1504
1599 # 1504
1600 # 1504
1601 # 1504
1602 # 1504
1603 # 1504
1604 # 1504
1605 # 1504
1606 # 1504
1607 # 1504
1608 # 1504
1609 # 1504
1610 # 1504
1611 # 1504
1612 # 1504
1613 # 1504
1614 # 1504
1615 # 1504
1616 # 1504
1617 # 1504
1618 # 1504
1619 # 1504
1620 # 1504
1621 # 1504
1622 # 1504
1623 # 1504
1624 # 1504
1625 # 1504
1626 # 1504
1627 # 1504
1628 # 1504
1629 # 1504
1630 # 1504
1631 # 1504
1632 # 1504
1633 # 1504
1634 # 1504
1635 # 1504
1636 # 1504
1637 # 1504
1638 # 1504
1639 # 1504
1640 # 1504
1641 # 1504
1642 # 1504
1643 # 1504
1644 # 1504
1645 # 1504
1646 # 1504
1647 # 1504
1648 # 1504
1649 # 1504
1650 # 1504
1651 # 1504
1652 # 1504
1653 # 1504
1654 # 1504
1655 # 1504
1656 # 1504
1657 # 1504
1658 # 1504
1659 # 1504
1660 # 1504
1661 # 1504
1662 # 1504
1663 # 1504
1664 # 1504
1665 # 1504
1666 # 1504
1667 # 1504
1668 # 1504
1669 # 1504
1670 # 1504
1671 # 1504
1672 # 1504
1673 # 1504
1674 # 1504
1675 # 1504
1676 # 1504
1677 # 1504
1678 # 1504
1679 # 1504
1680 # 1504
1681 # 1504
1682 # 1504
1683 # 1504
1684 # 1504
1685 # 1504
1686 # 1504
1687 # 1504
1688 # 1504
1689 # 1504
1690 # 1504
1691 # 1504
1692 # 1504
1693 # 1504
1694 # 1504
1695 # 1504
1696 # 1504
1697 # 1504
1698 # 1504
1699 # 1504
1700 # 1504
1701 # 1504
1702 # 1504
1703 # 1504
1704 # 1504
1705 # 1504
1706 # 1504
1707 # 1504
1708 # 1504
1709 # 1504
1710 # 1504
1711 # 1504
1712 # 1504
1713 # 1504
1714 # 1504
1715 # 1504
1716 # 1504
1717 # 1504
1718 # 1504
1719 # 1504
1720 # 1504
1721 # 1504
1722 # 1504
1723 # 1504
1724 # 1504
1725 # 1504
1726 # 1504
1727 # 1504
1728 # 1504
1729 # 1504
1730 # 1504
1731 # 1504
1732 # 1504
1733 # 1504
1734 # 1504
1735 # 1504
1736 # 1504
1737 # 1504
1738 # 1504
1739 # 1504
1740 # 1504
1741 # 1504
1742 # 1504
1743 # 1504
1744 # 1504
1745 # 1504
1746 # 1504
1747 # 1504
1748 # 1504
1749 # 1504
1750 # 1504
1751 # 1504
1752 # 1504
1753 # 1504
1754 # 1504
1755 # 1504
1756 # 1504
1757 # 1504
1758 # 1504
1759 # 1504
1760 # 1504
1761 # 1504
1762 # 1504
1763 # 1504
1764 # 1504
1765 # 1504
1766 # 1504
1767 # 1504
1768 # 1504
1769 # 1504
1770 # 1504
1771 # 1504
1772 # 1504
1773 # 1504
1774 # 1504
1775 # 1504
1776 # 1504
1777 # 1504
1778 # 1504
1779 # 1504
1780 # 1504
1781 # 1504
1782 # 1504
1783 # 1504
1784 # 1504
1785 # 1504
1786 # 1504
1787 # 1504
1788 # 1504
1789 # 1504
1790 # 1504
1791 # 1504
1792 # 1504
1793 # 1504
1794 # 1504
1795 # 1504
1796 # 1504
1797 # 1504
1798 # 1504
1799 # 1504
1800 # 1504
1801 # 1504
1802 # 1504
1803 # 1504
1804 # 1504
1805 # 1504
1806 # 1504
1807 # 1504
1808 # 1504
1809 # 1504
1810 # 1504
1811 # 1504
1812 # 1504
1813 # 1504
1814 # 1504
1815 # 1504
1816 # 1504
1817 # 1504
1818 # 1504
1819 # 1504
1820 # 1504
1821 # 1504
1822 # 1504
1823 # 1504
1824 # 1504
1825 # 1504
1826 # 1504
1827 # 1504
1828 # 1504
1829 # 1504
1830 # 1504
1831 # 1504
1832 # 1504
1833 # 1504
1834 # 1504
1835 # 1504
1836 # 1504
1837 # 1504
1838 # 1504
1839 # 1504
1840 # 1504
1841 # 1504
1842 # 1504
1843 # 1504
1844 # 1504
1845 # 1504
1846 # 1504
1847 # 1504
1848 # 1504
1849 # 1504
1850 # 1504
1851 # 1504
1852 # 1504
1853 # 1504
1854 # 1504
1855 # 1504
1856 # 1504
1857 # 1504
1858 # 1504
1859 # 1504
1860 # 1504
1861 # 1504
1862 # 1504
1863 # 1504
1864 # 1504
1865 # 1504
1866 # 1504
1867 # 1504
1868 # 1504
1869 # 1504
1870 # 1504
1871 # 1504
1872 # 1504
1873 # 1504
1874 # 1504
1875 # 1504
1876 # 1504
1877 # 1504
1878 # 1504
1879 # 1504
1880 # 1504
1881 # 1504
1882 # 1504
1883 # 1504
1884 # 1504
1885 # 1504
1886 # 1504
1887 # 1504
1888 # 1504
1889 # 1504
1890 # 1504
1891 # 1504
1892 # 1504
1893 # 1504
1894 # 1504
1895 # 1504
1896 # 1504
1897 # 1504
1898 # 1504
1899 # 1504
1900 # 1504
1901 # 1504
1902 # 1504
1903 # 1504
1904 # 1504
1905 # 1504
1906 # 1504
1907 # 1504
1908 # 1504
1909 # 1504
1910 # 1504
1911 # 1504
1912 # 1504
1913 # 1504
1914 # 1504
1915 # 1504
1916 # 1504
1917 # 1504
1918 # 1504
1919 # 1504
1920 # 1504
1921 # 1504
1922 # 1504
1923 # 1504
1924 # 1504
1925 # 1504
1926 # 1504
1927 # 1504
1928 # 1504
1929 # 1504
1930 # 1504
1931 # 1504
1932 # 1504
1933 # 1504
1934 # 1504
1935 # 1504
1936 # 1504
1937 # 1504
1938 # 1504
1939 # 1504
1940 # 1504
1941 # 1504
1942 # 1504
1943 # 1504
1944 # 1504
1945 # 1504
1946 # 1504
1947 # 1504
1948 # 1504
1949 # 1504
1950 # 1504
1951 # 1504
1952 # 1504
1953 # 1504
1954 # 1504
1955 # 1504
1956 # 1504
1957 # 1504
1958 # 1504
1959 # 1504
1960 # 1504
1961 # 1504
1962 # 1504
1963 # 1504
1964 # 1504
1965 # 1504
1966 # 1504
1967 # 1504
1968 # 1504
1969 # 1504
1970 # 1504
1971 # 1504
1972 # 1504
1973 # 1504
1974 # 1504
1975 # 1504
1976 # 1504
1977 # 1504
1978 # 1504
1979 # 1504
1980 # 1504
1981 # 1504
1982 # 1504
1983 # 1504
1984 # 1504
1985 # 1504
1986 # 1504
1987 # 1504
1988 # 1504
1989 # 1504
1990 # 1504
1991 # 1504
1992 # 1504
1993 # 1504
1994 # 1504
1995 # 1504
1996 # 1504
1997 # 1504
1998 # 1504
1999 # 1504
2000 # 1504
2001 # 1504
2002 # 1504
2003 # 1504
2004 # 1504
2005 # 1504
2006 # 1504
2007 # 1504
2008 # 1504
2009 # 1504
2010 # 1504
2011 # 1504
2012 # 1504
2013 # 1504
2014 # 1504
2015 # 1504
2016 # 1504
2017 # 1504
2018 # 1504
2019 # 1504
2020 # 1504
2021 # 1504
2022 # 1504
2023 # 1504
2024 # 1504
2025 # 1504
2026 # 1504
2027 # 1504
2028 # 1504
2029 # 1504
2030 # 1504
2031 # 1504
2032 # 1504
2033 # 1504
2034 # 1504
2035 # 1504
2036 # 1504
2037 # 1504
2038 # 1504
2039 # 1504
2040 # 1504
2041 # 1504
2042 # 1504
2043 # 1504
2044 # 1504
2045 # 1504
2046 # 1504
2047 # 1504
2048 # 1504
2049 # 1504
2050 # 1504
2051 # 1504
2052 # 1504
2053 # 1504
2054 # 1504
2055 # 1504
2056 # 1504
2057 # 1504
2058 # 1504
2059 # 1504
2060 # 1504
2061 # 1504
2062 # 1504
2063 # 1504
2064 # 1504
2065 # 1504
2066 # 1504
2067 # 1504
2068 # 1504
2069 # 1504
2070 # 1504
2071 # 1504
2072 # 1504
2073 # 1504
2074 # 1504
2075 # 1504
2076 # 1504
2077 # 1504
2078 # 1504
2079 # 1504
2080 # 1504
2081 # 1504
2082 # 1504
2083 # 1504
2084 # 1504
2085 # 1504
2086 # 1504
2087 # 1504
2088 # 1504
2089 # 1504
2090 # 1504
2091 # 1504
2092 # 1504
2093 # 1504
2094 # 1504
2095 # 1504
2096 # 1504
2097 # 1504
2098 # 1504
2099 # 1504
2100 # 1504
2101 # 1504
2102 # 1504
2103 # 1504
2104 # 1504
2105 # 1504
2106 # 1504
2107 # 1504
2108 # 1504
2109 # 1504
2110 # 1504
2111 # 1504
2112 # 1504
2113 # 1504
2114 # 1504
2115 # 1504
2116 # 1504
2117 # 1504
2118 # 1504
2119 # 1504
2120 # 1504
2121 # 1504
2122 # 1504
2123 # 1504
2124 # 1504
2125 # 1504
2126 # 1504
2127 # 1504
2128 # 1504
2129 # 1504
2130 # 1504
2131 # 1504
2132 # 1504
2133 # 1504
2134 # 1504
2135 # 1504
2136 # 1504
2137 # 1504
2138 # 1504
2139 # 1504
2140 # 1504
2141 # 1504
2142 # 1504
2143 # 1504
2144 # 1504
2145 # 1504
2146 # 1504
2147 # 1504
2148 # 1504
2149 # 1504
2150 # 1504
2151 # 1504
2152 # 1504
2153 # 1504
2154 # 1504
2155 # 1504
2156 # 1504
2157 # 1504
2158 # 1504
2159 # 1504
2160 # 1504
2161 # 1504
2162 # 1504
2163 # 1504
2164 # 1504
2165 # 1504
2166 # 1504
2167 # 1504
2168 # 1504
2169 # 1504
2170 # 1504
2171 # 1504
2172 # 1504
2173 # 1504
2174 # 1504
2175 # 1504
2176 # 1504
2177 # 1504
2178 # 1504
2179 # 1504
2180 # 1504
2181 # 1504
2182 # 1504
2183 # 1504
2184 # 1504
2185 # 1504
2186 # 1504
2187 # 1504
2188 # 1504
2189 # 1504
2190 # 1504
2191 # 1504
2192 # 1504
2193 # 1504
2194 # 1504
2195 # 1504
2196 # 1504
2197 # 1504
2198 # 1504
2199 # 1504
2200 # 1504
2201 # 1504
2202 # 1504
2203 # 1504
2204 # 1504
2205 # 1504
2206 # 1504
2207 # 1504
2208 # 1504
2209 # 1504
2210 # 1504
2211 # 1504
2212 # 1504
2213 # 1504
2214 # 1504
2215 # 1504
2216 # 1504
2217 # 1504
2218 # 1504
2219 # 1504
2220 # 1504
2221 # 1504
2222 # 1504
2223 # 1504
2224 # 1504
2225 # 1504
2226 # 1504
2227 # 1504
2228 # 1504
2229 # 1504
2230 # 1504
2231 # 1504
2232 # 1504
2233 # 1504
2234 # 1504
2235 # 1504
2236 # 1504
2237 # 1504
2238 # 1504
2239 # 1504
2240 # 1504
2241 # 1504
2242 # 1504
2243 # 1504
2244 # 1504
2245 # 1504
2246 # 1504
2247 # 1504
2248 # 1504
2249 # 1504
2250 # 1504
2251 # 1504
2252 # 1504
2253 # 1504
2254 # 1504
2255 # 1504
2256 # 1504
2257 # 1504
2258 # 1504
2259 # 1504
2260 # 1504
2261 # 1504
2262 # 1504
2263 # 1504
2264 # 1504
2265 # 1504
2266 # 1504
2267 # 1504
2268 # 1504
2269 # 1504
2270 # 1504
2271 # 1504
2272 # 1504
2273 # 1504
2274 # 1504
2275 # 1504
2276 # 1504
2277 # 1504
2278 # 1504
2279 # 1504
2280 # 1504
2281 # 1504
2282 # 1504
2283 # 1504
2284 # 1504
2285 # 1504
2286 # 1504
2287 # 1504
2288 # 1504
2289 # 1504
2290 # 1504
2291 # 1504
2292 # 1504
2293 # 1504
2294 # 1504
2295 # 1504
2296 # 1504
2297 # 1504
2298 # 1504
2299 # 1504
2300 # 1504
2301 # 1504
2302 # 1504
2303 # 1504
2304 # 1504
2305 # 1504
2306 # 1504
2307 # 1504
2308 # 1504
2309 # 1504
2310 # 1504
2311 # 1504
2312 # 1504
2313 # 1504
2314 # 1504
2315 # 1504
2316 # 1504
2317 # 1504
2318 # 1504
2319 # 1504
2320 # 1504
2321 # 1504
2322 # 1504
2323 # 1504
2324 # 1504
2325 # 1504
2326 # 1504
2327 # 1504
2328 # 1504
2329 # 1504
2330 # 1504
2331 # 1504
2332 # 1504
2333 # 1504
2334 # 1504
2335 # 1504
2336 # 1504
2337 # 1504
2338 # 1504
2339 # 1504
2340 # 1504
2341 # 1504
2342 # 1504
2343 # 1504
2344 # 1504
2345 # 1504
2346 # 1504
2347 # 1504
2348 # 1504
2349 # 1504
2350 # 1504
2351 # 1504
2352 # 1504
2353 # 1504
2354 # 1504
2355 # 1504
2356 # 1504
2357 # 1504
2358 # 1504
2359 # 1504
2360 # 1504
2361 # 1504
2362 # 1504
2363 # 1504
2364 # 1504
2365 # 1504
2366 # 1504
2367 # 1504
2368 # 1504
2369 # 1504
2370 # 1504
2371 # 1504
2372 # 1504
2373 # 1504
2374 # 1504
2375 # 1504
2376 # 1504
2377 # 1504
2378 # 1504
2379 # 1504
2380 # 1504
2381 # 1504
2382 # 1504
2383 # 1504
2384 # 1504
2385 # 1504
2386 # 1504
2387 # 1504
2388 # 1504
2389 # 1504
2390 # 1504
2391 # 1504
2392 # 1504
2393 # 1504
2394 # 1504
2395 # 1504
2396 # 1504
2397 # 1504
2398 # 1504
2399 # 1504
2400 # 1504
2401 # 1504
2402 # 1504
2403 # 1504
2404 # 1504
2405 # 1504
2406 # 1504
2407 # 1504
2408 # 1504
2409 # 1504
2410 # 1504
2411 # 1504
2412 # 1504
2413 # 1504
2414 # 1504
2415 # 1504
2416 # 1504
2417 # 1504
2418 # 1504
2419 # 1504
2420 # 1504
2421 # 1504
2422 # 1504
2423 # 1504
2424 # 1504
2425 # 1504
2426 # 1504
2427 # 1504
2428 # 1504
2429 # 1504
2430 # 1504
2431 # 1504
2432 # 1504
2433 # 1504
2434 # 1504
2435 # 1504
2436 # 1504
2437 # 1504
2438 # 1504
2439 # 1504
2440 # 1504
2441 # 1504
2442 # 1504
2443 # 1504
2444 # 1504
2445 # 1504
2446 # 1504
2447 # 1504
2448 # 1504
2449 # 1504
2450 # 1504
2451 # 1504
2452 # 1504
2453 # 1504
2454 # 1504
2455 # 1504
2456 # 1504
2457 # 1504
2458 # 1504
2459 # 1504
2460 # 1504
2461 # 1504
2462 # 1504
2463 # 1504
2464 # 1504
2465 # 1504
2466 # 1504
2467 # 1504
2468 # 1504
2469 # 1504
2470 # 1504
2471 # 1504
2472 # 1504
2473 # 1504
2474 # 1504
2475 # 1504
2476 # 1504
2477 # 1504
2478 # 1504
2479 # 1504
2480 # 1504
2481 # 1504
2482 # 1504
2483 # 1504
2484 # 1504
2485 # 1504
2486 # 1504
2487 # 1504
2488 # 1504
2489 # 1504
2490 # 1504
2491 # 1504
2492 # 1504
2493 # 1504
2494 # 1504
2495 # 1504
2496 # 1504
2497 # 1504
2498 # 1504
2499 # 1504
2500 # 1504
2501 # 1504
2502 # 1504
2503 # 1504
2504 # 1504
2505 # 1504
2506 # 1504
2507 # 1504
2508 # 1504
2509 # 1504
2510 # 1504
2511 # 1504
2512 # 1504
2513 # 1504
2514 # 1504
2515 # 1504
2516 # 1504
2517 # 1504
2518 # 1504
2519 # 1504
2520 # 1504
2521 # 1504
2522 # 1504
2523 # 1504
2524 # 1504
2525 # 1504
2526 # 1504
2527 # 1504
2528 # 1504
2529 # 1504
2530 # 1504
2531 # 1504
2532 # 1504
2533 # 1504
2534 # 1504
2535 # 1504
2536 # 1504
2537 # 1504
2538 # 1504
2539 # 1504
2540 # 1504
2541 # 1504
2542 # 1504
2543 # 1504
2544 # 1504
2545 # 1504
2546 # 1504
2547 # 1504
2548 # 1504
2549 # 1504
2550 # 1504
2551 # 1504
2552 # 1504
2553 # 1504
2554 # 1504
2555 # 1504
2556 # 1504
2557 # 1504
2558 # 1504
2559 # 1504
2560 # 1504
2561 # 1504
2562 # 1504
2563 # 1504
2564 # 1504
2565 # 1504
2566 # 1504
2567 # 1504
2568 # 1504
2569 # 1504
2570 # 1504
2571 # 1504
2572 # 1504
2573 # 1504
2574 # 1504
2575 # 1504
2576 # 1504
2577 # 1504
2578 # 1504
2579 # 1504
2580 # 1504
2581 # 1504
2582 # 1504
2583 # 1504
2584 # 1504
2585 # 1504
2586 # 1504
2587 # 1504
2588 # 1504
2589 # 1504
2590 # 1504
2591 # 1504
2592 # 1504
2593 # 1504
2594 # 1504
2595 # 1504
2596 # 1504
2597 # 1504
2598 # 1504
2599 # 1504
2600 # 1504
2601 # 1504
2602 # 1504
2603 # 1504
2604 # 1504
2605 # 1504
2606 # 1504
2607 # 1504
2608 # 1504
2609 # 1504
2610 # 1504
2611 # 1504
2612 # 1504
2613 # 1504
2614 # 1504
2615 # 1504
2616 # 1504
2617 # 1504
2618 # 1504
2619 # 1504
2620 # 1504
2621 # 1504
2622 # 1504
2623 # 1504
2624 # 1504
2625 # 1504
2626 # 1504
2627 # 1504
2628 # 1504
2629 # 1504
2630 # 1504
2631 # 1504
2632 # 1504
2633 # 1504
2634 # 1504
2635 # 1504
2636 # 1504
2637 # 1504
2638 # 1504
2639 # 1504
2640 # 1504
2641 # 1504
2642 # 1504
2643 # 1504
2644 # 1504
2645 # 1504
2646 # 1504
2647 # 1504
2648 # 1504
2649 # 1504
2650 # 1504
2651 # 1504
2652 # 1504
2653 # 1504
2654 # 1504
2655 # 1504
2656 # 1504
2657 # 1504
2658 # 1504
2659 # 1504
2660 # 1504
2661 # 1504
2662 # 1504
2663 # 1504
2664 # 1504
2665 # 1504
2666 # 1504
2667 # 1504
2668 # 1504
2669 # 1504
2670 # 1504
2671 # 1504
2672 # 1504
2673 # 1504
2674 # 1504
2675 # 1504
2676 # 1504
2677 # 1504
2678 # 1504
2679 # 1504
2680 # 1504
2681 # 1504
2682 # 1504
2683 # 1504
2684 # 1504
2685 # 1504
2686 # 1504
2687 # 1504
2688 # 1504
2689 # 1504
2690 # 1504
2691 # 1504
2692 # 1504
2693 # 1504
2694 # 1504
2695 # 1504
2696 # 1504
2697 # 1504
2698 # 1504
2699 # 1504
2700 # 1504
2701 # 1504
2702 # 1504
2703 # 1504
2704 # 1504
2705 # 1504
2706 # 1504
2707 # 1504
2708 # 1504
2709 # 1504
2710 # 1504
2711 # 1504
2712 # 1504
2713 # 1504
2714 # 1504
2715 # 1504
2716 # 1504
2717 # 1504
2718 # 1504
2719 # 1504
2720 # 1504
2721 # 1504
2722 # 1504
2723 # 1504
2724 # 1504
2725 # 1504
2726 # 1504
2727 # 1504
2728 # 1504
2729 # 1504
2730 # 1504
2731 # 1504
2732 # 1504
2733 # 1504
2734 # 1504
2735 # 1504
2736 # 1504
2737 # 1504
2738 # 1504
2739 # 1504
2740 # 1504
2741 # 1504
2742 # 1504
2743 # 1504
2744 # 1504
2745 # 1504
2746 # 1504
2747 # 1504
2748 # 1504
2749 # 1504
2750 # 1504
2751 # 1504
2752 # 1504
2753 # 1504
2754 # 1504
2755 # 1504
2756 # 1504
2757 # 1504
2758 # 1504
2759 # 1504
2760 # 1504
2761 # 1504
2762 # 1504
2763 # 1504
2764 # 1504
2765 # 1504
2766 # 1504
2767 # 1504
2768 # 1504
2769 # 1504
2770 # 1504
2771 # 1504
2772 # 1504
2773 # 1504
2774 # 1504
2775 # 1504
2776 # 1504
2777 # 1504
2778 # 1504
2779 # 1504
2780 # 1504
2781 # 1504
2782 # 1504
2783 # 1504
2784 # 1504
2785 # 1504
2786 # 1504
2787 # 1504
2788 # 1504
2789 # 1504
2790 # 1504
2791 # 1504
2792 # 1504
2793 # 1504
2794 # 1504
2795 # 1504
2796 # 1504
2797 # 1504
2798 # 1504
2799 # 1504
2800 # 1504
2801 # 1504
2802 # 1504
2803 # 1504
2804 # 1504
2805 # 1504
2806 # 1504
2807 # 1504
2808 # 1504
2809 # 1504
2810 # 1504
2811 # 1504
2812 # 1504
2813 # 1504
2814 # 1504
2815 # 1504
2816 # 1504
2817 # 1504
2818 # 1504
2819 # 1504
2820 # 1504
2821 # 1504
2822 # 1504
2823 # 1504
2824 # 1504
2825 # 1504
2826 # 1504
2827 # 1504
2828 # 1504
2829 # 1504
2830 # 1504
2831 # 1504
2832 # 1504
2833 # 1504
2834 # 1504
2835 # 1504
2836 # 1504
2837 # 1504
2838 # 1504
2839 # 1504
2840 # 1504
2841 # 1504
2842 # 1504
2843 # 1504
2844 # 1504
2845 # 1504
2846 # 1504
2847 # 1504
2848 # 1504
2849 # 1504
2850 # 1504
2851 # 1504
2852 # 1504
2853 # 1504
2854 # 1504
2855 # 1504
2856 # 1504
2857 # 1504
2858 # 1504
2859 # 1504
2860 # 1504
2861 # 1504
2862 # 1504
2863 # 1504
2864 # 1504
2865 # 1504
2866 # 1504
2867 # 1504
2868 # 1504
2869 # 1504
2870 # 1504
2871 # 1504
2872 # 1504
2873 # 1504
2874 # 1504
2875 # 1504
2876 # 1504
2877 # 1504
2878 # 1504
2879 # 1504
2880 # 1504
2881 # 1504
2882 # 1504
2883 # 1504
2884 # 1504
2885 # 1504
2886 # 1504
2887 # 1504
2888 # 1504
2889 # 1504
2890 # 1504
2891 # 1504
2892 # 1504
2893 # 1504
2894 # 1504
2895 # 1504
2896 # 1504
2897 # 1504
2898 # 1504
2899 # 1504
2900 # 1504
2901 # 1504
2902 # 1504
2903 # 1504
2904 # 1504
2905 # 1504
2906 # 1504
2907 # 1504
2908 # 1504
2909 # 1504
2910 # 1504
2911 # 1504
2912 # 1504
2913 # 1504
2914 # 1504
2915 # 1504
2916 # 1504
2917 # 1504
2918 # 1504
2919 # 1504
2920 # 1504
2921 # 1504
2922 # 1504
2923 # 1504
2924 # 1504
2925 # 1504
2926 # 1504
2927 # 1504
2928 # 1504
2929 # 1504
2930 # 1504
2931 # 1504
2932 # 1504
2933 # 1504
2934 # 1504
2935 # 1504
2936 # 1504
2937 # 1504
2938 # 1504
2939 # 1504
2940 # 1504
2941 # 1504
2942 # 1504
2943 # 1504
2944 # 1504
2945 # 1504
2946 # 1504
2947 # 1504
2948 # 1504
2949 # 1504
2950 # 1504
2951 # 1504
2952 # 1504
2953 # 1504
2954 # 1504
2955 # 1504
2956 # 1504
2957 # 1504
2958 # 1504
2959 # 1504
2960 # 1504
2961 # 1504
2962 # 1504
2963 # 1504
2964 # 1504
2965 # 1504
2966 # 1504
2967 # 1504
2968 # 1504
2969 # 1504
2970 # 1504
2971 # 1504
2972 # 1504
2973 # 1504
2974 # 1504
2975 # 1504
2976 # 1504
2977 # 1504
2978 # 1504
2979 # 1504
2980 # 1504
2981 # 1504
2982 # 1504
2983 # 1504
2984 # 1504
2985 # 1504
2986 # 1504
2987 # 1504
2988 # 1504
2989 # 1504
2990 # 1504
2991 # 1504
2992 # 1504
2993 # 1504
2994 # 1504
2995 # 1504
2996 # 1504
2997 # 1504
2998 # 1504
2999 # 1504
3000 # 1504
3001 # 1504
3002 # 1504
3003 # 1504
3004 # 1504
3005 # 1504
3006 # 1504
3007 # 1504
3008 # 1504
3009 # 1504
3010 # 1504
3011 # 1504
3012 # 1504
3013 # 1504
3014 # 1504
3015 # 1504
3016 # 1504
3017 # 1504
3018 # 1504
3019 # 1504
3020 # 1504
3021 # 1504
3022 # 1504
3023 # 1504
3024 # 1504
3025 # 1504
3026 # 1504
3027 # 1504
3028 # 1504
3029 # 1504
3030 # 1504
3031 # 1504
3032 # 1504
3033 # 1504
3034 # 1504
3035 # 1504
3036 # 1504
3037 # 1504
3038 # 1504
3039 # 1504
3040 # 1504
3041 # 1504
3042 # 1504
3043 # 1504
3044 # 1504
3045 # 1504
3046 # 1504
3047 # 1504
3048 # 1504
3049 # 1504
3050 # 1504
3051 # 1504
3052 # 1504
3053 # 1504
3054 # 1504
3055 # 1504
3056 # 1504
3057 # 1504
3058 # 1504
3059 # 1504
3060 # 1504
3061 # 1504
3062 # 1504
3063 # 1504
3064 # 1504
3065 # 1504
3066 # 1504
3067 # 1504
3068 # 1504
3069 # 1504
3070 # 1504
3071 # 1504
3072 # 1504
3073 # 1504
3074 # 1504
3075 # 1504
3076 # 1504
3077 # 1504
3078 # 1504
3079 # 1504
3080 # 1504
3081 # 1504
3082 # 1504
3083 # 1504
3084 # 1504
3085 # 1504
3086 # 1504
3087 # 1504
3088 # 1504
3089 # 1504
3090 # 1504
3091 # 1504
3092 # 1504
3093 # 1504
3094 # 1504
3095 # 1504
3096 # 1504
3097 # 1504
3098 # 1504
3099 # 1504
3100 # 1504
3101 # 1504
3102 # 1504
3103 # 1504
3104 # 1504
3105 # 1504
3106 # 1504
3107 # 1504
3108 # 1504
3109 # 1504
3110 # 1504
3111 # 1504
3112 # 1504
3113 # 1504
3114 # 1504
3115 # 1504
3116 # 1504
3117 # 1504
3118 # 1504
3119 # 1504
3120 # 1504
3121 # 1504
3122 # 1504
3123 # 1504
3124 # 1504
3125 # 1504
3126 # 1504
3127 # 1504
3128 # 1504
3129 # 1504
3130 # 1504
3131 # 1504
3132 # 1504
3133 # 1504
3134 # 1504
3135 # 1504
3136 # 1504
3137 # 1504
3138 # 1504
3139 # 1504
3140 # 1504
3141 # 1504
3142 # 1504
3143 # 1504
3144 # 1504
3145 # 1504
3146 # 1504
3147 # 1504
3148 # 1504
3149 # 1504
3150 # 1504
3151 # 1504
3152 # 1504
3153 # 1504
3154 # 1504
3155 # 1504
3156 # 1504
3157 # 1504
3158 # 1504
3159 # 1504
3160 # 1504
3161 # 1504
3162 # 1504
3163 # 1504
3164 # 1504
3165 # 1504
3166 # 1504
3167 # 1504
3168 # 1504
3169 # 1504
3170 # 1504
3171 # 1504
3172 # 1504
3173 # 1504
3174 # 1504
3175 # 1504
3176 # 1504
3177 # 1504
3178 # 1504
3179 # 1504
3180 # 1504
3181 # 1504
3182 # 1504
3183 # 1504
3184 # 1504
3185 # 1504
3186 # 1504
3187 # 1504
3188 # 1504
3189 # 1504
3190 # 1504
3191 # 1504
3192 # 1504
3193 # 1504
3194 # 1504
3195 # 1504
3196 # 1504
3197 # 1504
3198 # 1504
3199 # 1504
3200 # 1504
3201 # 1504
3202 # 1504
3203 # 1504
3203 + 132
3204 # 1504
3204 - 132 1
3205 # 1504
3206 # 1504
3206 + 132
3207 # 1504
3207 - 132 1
3208 # 1504
3209 # 1504
3210 # 1504
3211 # 1504
3211 + 1440
3212 # 1504
3212 - 1440 1
3213 # 1504
3214 # 1504
3215 # 1504
3216 # 1504
3217 # 1504
3218 # 1504
3218 + 1440
3219 # 1504
3219 - 1440 1
3220 # 1504
3221 # 1504
3222 # 1504
3222 + 88
3223 # 1504
3223 - 88 1
3224 # 1504
3225 # 1504
3225 + 1440
3226 # 1504
3226 - 1440 1
3227 # 1504
3228 # 1504
3229 # 1504
3230 # 1504
3231 # 1504
3232 # 1504
3232 + 1440
3233 # 1504
3233 - 1440 1
3234 # 1504
3235 # 1504
3236 # 1504
3236 + 88
3237 # 1504
3237 - 88 1
3238 # 1504
3239 # 1504
3239 + 1440
3240 # 1504
3240 - 1440 1
3241 # 1504
3242 # 1504
3243 # 1504
3244 # 1504
3245 # 1504
3246 # 1504
3246 + 88
3246 + 1440
3247 # 1504
3247 - 88 1
3248 # 1504
3248 - 1440 2
3249 # 1504
3250 # 1504
3251 # 1504
3252 # 1504
3253 # 1504
3253 + 1440
3254 # 1504
3254 - 1440 1
3255 # 1504
3256 # 1504
3256 + 88
3257 # 1504
3257 - 88 1
3258 # 1504
3259 # 1504
3260 # 1504
3260 + 1440
3261 # 1504
3261 - 1440 1
3262 # 1504
3263 # 1504
3264 # 1504
3265 # 1504
3266 # 1504
3267 # 1504
3267 + 1440
3268 # 1504
3268 - 1440 1
3269 # 1504
3270 # 1504
3270 + 88
3271 # 1504
3271 - 88 1
3272 # 1504
3273 # 1504
3274 # 1504
3274 + 1440
3275 # 1504
3275 - 1440 1
3276 # 1504
3277 # 1504
3278 # 1504
3279 # 1504
3280 # 1504
3281 # 1504
3281 + 1440
3282 # 1504
3282 - 1440 1
3283 # 1504
3284 # 1504
3285 # 1504
3286 # 1504
3286 + 88
3287 # 1504
3287 - 88 1
3288 # 1504
3288 + 1440
3289 # 1504
3289 - 1440 1
3290 # 1504
3291 # 1504
3292 # 1504
3293 # 1504
3294 # 1504
3295 # 1504
3295 + 1440
3296 # 1504
3296 - 1440 1
3297 # 1504
3298 # 1504
3299 # 1504
3299 + 88
3300 # 1504
3300 - 88 1
3301 # 1504
3302 # 1504
3302 + 1440
3303 # 1504
3303 - 1440 1
3304 # 1504
3305 # 1504
3306 # 1504
3307 # 1504
3308 # 1504
3309 # 1504
3309 + 1440
3310 # 1504
3310 - 1440 1
3311 # 1504
3312 # 1504
3312 + 88
3313 # 1504
3313 - 88 1
3314 # 1504
3315 # 1504
3316 # 1504
3316 + 1440
3317 # 1504
3317 - 1440 1
3318 # 1504
3319 # 1504
3320 # 1504
3321 # 1504
3322 # 1504
3323 # 1504
3323 + 1440
3324 # 1504
3324 - 1440 1
3325 # 1504
3326 # 1504
3327 # 1504
3328 # 1504
3329 # 1504
3330 # 1504
3331 # 1504
3331 + 1440
3332 # 1504
3332 - 1440 1
3332 + 88
3333 # 1504
3333 - 88 1
3334 # 1504
3335 # 1504
3336 # 1504
3337 # 1504
3337 + 1440
3338 # 1504
3338 - 1440 1
3339 # 1504
3340 # 1504
3341 # 1504
3342 # 1504
3343 # 1504
3344 # 1504
3344 + 1440
3345 # 1504
3345 - 1440 1
3346 # 1504
3346 + 88
3347 # 1504
3347 - 88 1
3348 # 1504
3349 # 1504
3350 # 1504
3351 # 1504
3351 + 1440
3352 # 1504
3352 - 1440 1
3353 # 1504
3354 # 1504
3355 # 1504
3356 # 1504
3357 # 1504
3358 # 1504
3359 # 1504
3359 + 1440
3360 # 1504
3360 - 1440 1
3361 # 1504
3362 # 1504
3362 + 88
3363 # 1504
3363 - 88 1
3364 # 1504
3365 # 1504
3366 # 1504
3366 + 1440
3367 # 1504
3367 - 1440 1
3368 # 1504
3369 # 1504
3370 # 1504
3371 # 1504
3372 # 1504
3373 # 1504
3373 + 1440
3374 # 1504
3374 - 1440 1
3375 # 1504
3375 + 88
3376 # 1504
3376 - 88 1
3377 # 1504
3378 # 1504
3379 # 1504
3380 # 1504
3380 + 1440
3381 # 1504
3381 - 1440 1
3382 # 1504
3383 # 1504
3384 # 1504
3385 # 1504
3386 # 1504
3387 # 1504
3387 + 1440
3388 # 1504
3388 - 1440 1
3389 # 1504
3390 # 1504
3390 + 88
3391 # 1504
3391 - 88 1
3392 # 1504
3393 # 1504
3394 # 1504
3394 + 1440
3395 # 1504
3395 - 1440 1
3396 # 1504
3397 # 1504
3398 # 1504
3399 # 1504
3400 # 1504
3401 # 1504
3401 + 1440
3402 # 1504
3402 - 1440 1
3403 # 1504
3404 # 1504
3404 + 88
3405 # 1504
3405 - 88 1
3406 # 1504
3407 # 1504
3408 # 1504
3408 + 1440
3409 # 1504
3409 - 1440 1
3410 # 1504
3411 # 1504
3412 # 1504
3413 # 1504
3414 # 1504
3415 # 1504
3415 + 1440
3416 # 1504
3416 - 1440 1
3417 # 1504
3418 # 1504
3418 + 88
3419 # 1504
3419 - 88 1
3420 # 1504
3421 # 1504
3422 # 1504
3422 + 1440
3423 # 1504
3423 - 1440 1
3424 # 1504
3425 # 1504
3426 # 1504
3427 # 1504
3428 # 1504
3429 # 1504
3429 + 1440
3430 # 1504
3430 - 1440 1
3431 # 1504
3431 + 88
3432 # 1504
3432 - 88 1
3433 # 1504
3434 # 1504
3435 # 1504
3436 # 1504
3436 + 1440
3437 # 1504
3437 - 1440 1
3438 # 1504
3439 # 1504
3440 # 1504
3441 # 1504
3442 # 1504
3443 # 1504
3443 + 1440
3444 # 1504
3444 - 1440 1
3445 # 1504
3446 # 1504
3447 # 1504
3448 # 1504
3448 + 88
3449 # 1504
3449 - 88 1
3450 # 1504
3450 + 1440
3451 # 1504
3451 - 1440 1
3452 # 1504
3453 # 1504
3454 # 1504
3455 # 1504
3456 # 1504
3457 # 1504
3457 + 1440
3458 # 1504
3458 - 1440 1
3459 # 1504
3460 # 1504
3460 + 88
3461 # 1504
3461 - 88 1
3462 # 1504
3463 # 1504
3464 # 1504
3464 + 1440
3465 # 1504
3465 - 1440 1
3466 # 1504
3467 # 1504
3468 # 1504
3469 # 1504
3470 # 1504
3471 # 1504
3471 + 1440
3472 # 1504
3472 - 1440 1
3473 # 1504
3474 # 1504
3474 + 88
3475 # 1504
3475 - 88 1
3476 # 1504
3477 # 1504
3478 # 1504
3478 + 1440
3479 # 1504
3479 - 1440 1
3480 # 1504
3481 # 1504
3482 # 1504
3483 # 1504
3484 # 1504
3485 # 1504
3485 + 1440
3486 # 1504
3486 - 1440 1
3487 # 1504
3488 # 1504
3488 + 88
3489 # 1504
3489 - 88 1
3490 # 1504
3491 # 1504
3492 # 1504
3492 + 1440
3493 # 1504
3493 - 1440 1
3494 # 1504
3495 # 1504
3496 # 1504
3497 # 1504
3498 # 1504
3499 # 1504
3499 + 1440
3500 # 1504
3500 - 1440 1
3501 # 1504
3501 + 88
3502 # 1504
3502 - 88 1
3503 # 1504
3504 # 1504
3505 # 1504
3506 # 1504
3506 + 1440
3507 # 1504
3507 - 1440 1
3508 # 1504
3509 # 1504
3510 # 1504
3511 # 1504
3512 # 1504
3513 # 1504
3513 + 1440
3514 # 1504
3514 - 1440 1
3515 # 1504
3516 # 1504
3516 + 88
3517 # 1504
3517 - 88 1
3518 # 1504
3519 # 1504
3520 # 1504
3520 + 1440
3521 # 1504
3521 - 1440 1
3522 # 1504
3523 # 1504
3524 # 1504
3525 # 1504
3526 # 1504
3527 # 1504
3527 + 1440
3528 # 1504
3528 - 1440 1
3529 # 1504
3529 + 88
3530 # 1504
3530 - 88 1
3531 # 1504
3532 # 1504
3533 # 1504
3534 # 1504
3534 + 1440
3535 # 1504
3535 - 1440 1
3536 # 1504
3537 # 1504
3538 # 1504
3539 # 1504
3540 # 1504
3541 # 1504
3541 + 1440
3542 # 1504
3542 - 1440 1
3543 # 1504
3544 # 1504
3544 + 88
3545 # 1504
3545 - 88 1
3546 # 1504
3547 # 1504
3548 # 1504
3548 + 1440
3549 # 1504
3549 - 1440 1
3550 # 1504
3551 # 1504
3552 # 1504
3553 # 1504
3554 # 1504
3555 # 1504
3555 + 1440
3556 # 1504
3556 - 1440 1
3557 # 1504
3558 # 1504
3559 # 1504
3560 # 1504
3561 # 1504
3562 # 1504
3562 + 1440
3562 + 88
3563 # 1504
3563 - 1440 1
3564 # 1504
3564 - 88 2
3565 # 1504
3566 # 1504
3567 # 1504
3568 # 1504
3569 # 1504
3569 + 1440
3570 # 1504
3570 - 1440 1
3571 # 1504
3572 # 1504
3572 + 88
3573 # 1504
3573 - 88 1
3574 # 1504
3575 # 1504
3576 # 1504
3576 + 1440
3577 # 1504
3577 - 1440 1
3578 # 1504
3579 # 1504
3580 # 1504
3581 # 1504
3582 # 1504
3583 # 1504
3583 + 1440
3584 # 1504
3584 - 1440 1
3585 # 1504
3586 # 1504
3586 + 88
3587 # 1504
3587 - 88 1
3588 # 1504
3589 # 1504
3590 # 1504
3590 + 1440
3591 # 1504
3591 - 1440 1
3592 # 1504
3593 # 1504
3594 # 1504
3595 # 1504
3596 # 1504
3597 # 1504
3597 + 1440
3598 # 1504
3598 - 1440 1
3599 # 1504
3600 # 1504
3600 + 88
3601 # 1504
3601 - 88 1
3602 # 1504
3603 # 1504
3604 # 1504
3604 + 1440
3605 # 1504
3605 - 1440 1
3606 # 1504
3607 # 1504
3608 # 1504
3609 # 1504
3610 # 1504
3611 # 1504
3611 + 1440
3612 # 1504
3612 - 1440 1
3613 # 1504
3614 # 1504
3614 + 88
3615 # 1504
3615 - 88 1
3616 # 1504
3617 # 1504
3618 # 1504
3618 + 1440
3619 # 1504
3619 - 1440 1
3620 # 1504
3621 # 1504
3622 # 1504
3623 # 1504
3624 # 1504
3625 # 1504
3625 + 1440
3626 # 1504
3626 - 1440 1
3627 # 1504
3628 # 1504
3628 + 88
3629 # 1504
3629 - 88 1
3630 # 1504
3631 # 1504
3632 # 1504
3632 + 1440
3633 # 1504
3633 - 1440 1
3634 # 1504
3635 # 1504
3636 # 1504
3637 # 1504
3638 # 1504
3639 # 1504
3639 + 1440
3640 # 1504
3640 - 1440 1
3641 # 1504
3642 # 1504
3642 + 88
3643 # 1504
3643 - 88 1
3644 # 1504
3645 # 1504
3646 # 1504
3646 + 1440
3647 # 1504
3647 - 1440 1
3648 # 1504
3649 # 1504
3650 # 1504
3651 # 1504
3652 # 1504
3653 # 1504
3653 + 1440
3654 # 1504
3654 - 1440 1
3655 # 1504
3656 # 1504
3657 # 1504
3657 + 88
3658 # 1504
3658 - 88 1
3659 # 1504
3660 # 1504
3660 + 1440
3661 # 1504
3661 - 1440 1
3662 # 1504
3663 # 1504
3664 # 1504
3665 # 1504
3666 # 1504
3667 # 1504
3667 + 1440
3668 # 1504
3668 - 1440 1
3669 # 1504
3670 # 1504
3670 + 88
3671 # 1504
3671 - 88 1
3672 # 1504
3673 # 1504
3674 # 1504
3674 + 1440
3675 # 1504
3675 - 1440 1
3676 # 1504
3677 # 1504
3678 # 1504
3679 # 1504
3680 # 1504
3681 # 1504
3681 + 1440
3682 # 1504
3682 - 1440 1
3683 # 1504
3684 # 1504
3684 + 88
3685 # 1504
3685 - 88 1
3686 # 1504
3687 # 1504
3688 # 1504
3688 + 1440
3689 # 1504
3689 - 1440 1
3690 # 1504
3691 # 1504
3692 # 1504
3693 # 1504
3694 # 1504
3695 # 1504
3695 + 1440
3696 # 1504
3696 - 1440 1
3697 # 1504
3698 # 1504
3698 + 88
3699 # 1504
3699 - 88 1
3700 # 1504
3701 # 1504
3702 # 1504
3702 + 1440
3703 # 1504
3703 - 1440 1
3704 # 1504
3705 # 1504
3706 # 1504
3707 # 1504
3708 # 1504
3709 # 1504
3709 + 1440
3710 # 1504
3710 - 1440 1
3711 # 1504
3712 # 1504
3713 # 1504
3714 # 1504
3714 + 88
3715 # 1504
3715 - 88 1
3716 # 1504
3716 + 1440
3717 # 1504
3717 - 1440 1
3718 # 1504
3719 # 1504
3720 # 1504
3721 # 1504
3722 # 1504
3723 # 1504
3723 + 1096
3724 # 1504
3724 - 1096 1
3725 # 1504
3726 # 1504
3726 + 88
3727 # 1504
3727 - 88 1
3728 # 1504
3729 # 1504
3730 # 1504
3730 + 1440
3731 # 1504
3731 - 1440 1
3732 # 1504
3733 # 1504
3734 # 1504
3735 # 1504
3736 # 1504
3737 # 1504
3737 + 1440
3738 # 1504
3738 - 1440 1
3739 # 1504
3740 # 1504
3740 + 88
3741 # 1504
3741 - 88 1
3742 # 1504
3743 # 1504
3744 # 1504
3744 + 1440
3745 # 1504
3745 - 1440 1
3746 # 1504
3747 # 1504
3748 # 1504
3749 # 1504
3750 # 1504
3751 # 1504
3751 + 1440
3752 # 1504
3752 - 1440 1
3753 # 1504
3754 # 1504
3754 + 88
3755 # 1504
3755 - 88 1
3756 # 1504
3757 # 1504
3758 # 1504
3759 # 1504
3759 + 1440
3760 # 1504
3760 - 1440 1
3761 # 1504
3762 # 1504
3763 # 1504
3764 # 1504
3765 # 1504
3766 # 1504
3766 + 1440
3767 # 1504
3767 - 1440 1
3768 # 1504
3768 + 88
3769 # 1504
3769 - 88 1
3770 # 1504
3771 # 1504
3772 # 1504
3773 # 1504
3773 + 1440
3774 # 1504
3774 - 1440 1
3775 # 1504
3776 # 1504
3777 # 1504
3778 # 1504
3779 # 1504
3780 # 1504
3780 + 1440
3781 # 1504
3781 - 1440 1
3782 # 1504
3783 # 1504
3783 + 88
3784 # 1504
3784 - 88 1
3785 # 1504
3786 # 1504
3787 # 1504
3787 + 1440
3788 # 1504
3788 - 1440 1
3789 # 1504
3790 # 1504
3791 # 1504
3792 # 1504
3793 # 1504
3794 # 1504
3794 + 1440
3795 # 1504
3795 - 1440 1
3796 # 1504
3796 + 88
3797 # 1504
3797 - 88 1
3797 + 1440
3798 # 1504
3798 - 1440 1
3799 # 1504
3800 # 1504
3801 # 1504
3801 + 1440
3802 # 1504
3802 - 1440 1
3803 # 1504
3804 # 1504
3804 + 1440
3805 # 1504
3805 - 1440 1
3806 # 1504
3807 # 1504
3808 # 1504
3808 + 1440
3809 # 1504
3809 - 1440 1
3810 # 1504
3810 + 88
3811 # 1504
3811 - 88 1
3811 + 1440
3812 # 1504
3812 - 1440 1
3813 # 1504
3814 # 1504
3815 # 1504
3815 + 1440
3816 # 1504
3816 - 1440 1
3817 # 1504
3818 # 1504
3818 + 1440
3819 # 1504
3819 - 1440 1
3820 # 1504
3821 # 1504
3821 + 88
3822 # 1504
3822 - 88 1
3822 + 1440
3823 # 1504
3823 - 1440 1
3824 # 1504
3825 # 1504
3825 + 1440
3826 # 1504
3826 - 1440 1
3827 # 1504
3828 # 1504
3829 # 1504
3829 + 1440
3830 # 1504
3830 - 1440 1
3831 # 1504
3831 + 88
3832 # 1504
3832 - 88 1
3832 + 1440
3833 # 1504
3833 - 1440 1
3834 # 1504
3835 # 1504
3836 # 1504
3836 + 1440
3837 # 1504
3837 - 1440 1
3838 # 1504
3839 # 1504
3839 + 1440
3840 # 1504
3840 - 1440 1
3841 # 1504
3842 # 1504
3843 # 1504
3843 + 1440
3843 + 88
3844 # 1504
3844 - 1440 1
3845 # 1504
3845 - 88 2
3846 # 1504
3846 + 1440
3847 # 1504
3847 - 1440 1
3848 # 1504
3849 # 1504
3850 # 1504
3850 + 1440
3851 # 1504
3851 - 1440 1
3852 # 1504
3852 + 88
3853 # 1504
3853 - 88 1
3853 + 1440
3854 # 1504
3854 - 1440 1
3855 # 1504
3856 # 1504
3857 # 1504
3857 + 1440
3858 # 1504
3858 - 1440 1
3859 # 1504
3860 # 1504
3860 + 1440
3861 # 1504
3861 - 1440 1
3862 # 1504
3863 # 1504
3864 # 1504
3864 + 1440
3865 # 1504
3865 - 1440 1
3865 + 1440
3866 # 1504
3866 - 1440 1
3866 + 88
3867 # 1504
3867 - 88 1
3867 + 1440
3868 # 1504
3868 - 1440 1
3869 # 1504
3869 + 1440
3870 # 1504
3870 - 1440 1
3871 # 1504
3871 + 1440
3872 # 1504
3872 - 1440 1
3873 # 1504
3873 + 1440
3874 # 1504
3874 - 1440 1
3874 + 1440
3875 # 1504
3875 - 1440 1
3876 # 1504
3876 + 1440
3877 # 1504
3877 - 1440 1
3877 + 88
3878 # 1504
3878 - 88 1
3878 + 1440
3879 # 1504
3879 - 1440 1
3880 # 1504
3880 + 1440
3881 # 1504
3881 - 1440 1
3881 + 1440
3882 # 1504
3882 - 1440 1
3883 # 1504
3883 + 1440
3884 # 1504
3884 - 1440 1
3885 # 1504
3885 + 1440
3886 # 1504
3886 - 1440 1
3887 # 1504
3887 + 1440
3888 # 1504
3888 - 1440 1
3888 + 88
3888 + 1440
3889 # 1504
3889 - 88 1
3890 # 1504
3890 - 1440 2
3890 + 1440
3891 # 1504
3891 - 1440 1
3892 # 1504
3892 + 1440
3893 # 1504
3893 - 1440 1
3894 # 1504
3894 + 1440
3895 # 1504
3895 - 1440 1
3895 + 1440
3896 # 1504
3896 - 1440 1
3897 # 1504
3897 + 1440
3898 # 1504
3898 - 1440 1
3898 + 88
3899 # 1504
3899 - 88 1
3899 + 1440
3900 # 1504
3900 - 1440 1
3901 # 1504
3902 # 1504
3903 # 1504
3903 + 1440
3904 # 1504
3904 - 1440 1
3905 # 1504
3906 # 1504
3907 # 1504
3907 + 1440
3908 # 1504
3908 - 1440 1
3909 # 1504
3910 # 1504
3910 + 88
3911 # 1504
3911 - 88 1
3911 + 1440
3912 # 1504
3912 - 1440 1
3913 # 1504
3914 # 1504
3915 # 1504
3916 # 1504
3916 + 1440
3917 # 1504
3917 - 1440 1
3918 # 1504
3919 # 1504
3920 # 1504
3920 + 1440
3921 # 1504
3921 - 1440 1
3922 # 1504
3923 # 1504
3923 + 88
3924 # 1504
3924 - 88 1
3924 + 1440
3925 # 1504
3925 - 1440 1
3926 # 1504
3927 # 1504
3928 # 1504
3928 + 1440
3929 # 1504
3929 - 1440 1
3930 # 1504
3931 # 1504
3932 # 1504
3932 + 1440
3933 # 1504
3933 - 1440 1
3934 # 1504
3935 # 1504
3936 # 1504
3936 + 88
3936 + 1440
3937 # 1504
3937 - 88 1
3938 # 1504
3938 - 1440 2
3939 # 1504
3940 # 1504
3940 + 1440
3941 # 1504
3941 - 1440 1
3942 # 1504
3943 # 1504
3943 + 1440
3944 # 1504
3944 - 1440 1
3945 # 1504
3946 # 1504
3947 # 1504
3947 + 1440
3947 + 88
3948 # 1504
3948 - 1440 1
3949 # 1504
3949 - 88 2
3950 # 1504
3950 + 1440
3951 # 1504
3951 - 1440 1
3952 # 1504
3953 # 1504
3953 + 1440
3954 # 1504
3954 - 1440 1
3955 # 1504
3956 # 1504
3956 + 1440
3957 # 1504
3957 - 1440 1
3958 # 1504
3959 # 1504
3959 + 1440
3959 + 88
3960 # 1504
3960 - 1440 1
3961 # 1504
3961 - 88 2
3962 # 1504
3962 + 1440
3963 # 1504
3963 - 1440 1
3964 # 1504
3965 # 1504
3965 + 1440
3966 # 1504
3966 - 1440 1
3967 # 1504
3968 # 1504
3968 + 1440
3969 # 1504
3969 - 1440 1
3970 # 1504
3971 # 1504
3971 + 1440
3971 + 88
3972 # 1504
3972 - 1440 1
3973 # 1504
3973 - 88 2
3974 # 1504
3974 + 1440
3975 # 1504
3975 - 1440 1
3976 # 1504
3977 # 1504
3977 + 1440
3978 # 1504
3978 - 1440 1
3979 # 1504
3980 # 1504
3980 + 1440
3981 # 1504
3981 - 1440 1
3982 # 1504
3983 # 1504
3983 + 1096
3983 + 88
3984 # 1504
3984 - 1096 1
3984 - 88 1
3985 # 1504
3986 # 1504
3986 + 1440
3987 # 1504
3987 - 1440 1
3988 # 1504
3988 + 88
3989 # 1504
3989 - 88 1
3989 + 1440
3990 # 1504
3990 - 1440 1
3991 # 1504
3992 # 1504
3992 + 1440
3993 # 1504
3993 - 1440 1
3994 # 1504
3995 # 1504
3995 + 1440
3996 # 1504
3996 - 1440 1
3997 # 1504
3998 # 1504
3998 + 1440
3998 + 88
3999 # 1504
3999 - 1440 1
4000 # 1504
4000 - 88 2
4001 # 1504
4001 + 1440
4002 # 1504
4002 - 1440 1
4003 # 1504
4004 # 1504
4005 # 1504
4005 + 1440
4006 # 1504
4006 - 1440 1
4007 # 1504
4008 # 1504
4009 # 1504
4009 + 1440
4010 # 1504
4010 - 1440 1
4011 # 1504
4012 # 1504
4013 # 1504
4013 + 88
4014 # 1504
4014 - 88 1
4014 + 1440
4015 # 1504
4015 - 1440 1
4016 # 1504
4017 # 1504
4018 # 1504
4018 + 1440
4019 # 1504
4019 - 1440 1
4020 # 1504
4021 # 1504
4022 # 1504
4022 + 1440
4023 # 1504
4023 - 1440 1
4024 # 1504
4025 # 1504
4026 # 1504
4026 + 88
4026 + 1440
4027 # 1504
4027 - 88 1
4028 # 1504
4028 - 1440 2
4029 # 1504
4030 # 1504
4030 + 1440
4031 # 1504
4031 - 1440 1
4032 # 1504
4033 # 1504
4034 # 1504
4034 + 1440
4035 # 1504
4035 - 1440 1
4036 # 1504
4037 # 1504
4038 # 1504
4038 + 88
4039 # 1504
4039 - 88 1
4039 + 1440
4040 # 1504
4040 - 1440 1
4041 # 1504
4042 # 1504
4043 # 1504
4043 + 1440
4044 # 1504
4044 - 1440 1
4045 # 1504
4046 # 1504
4046 + 1440
4047 # 1504
4047 - 1440 1
4048 # 1504
4049 # 1504
4049 + 88
4050 # 1504
4050 - 88 1
4050 + 1440
4051 # 1504
4051 - 1440 1
4052 # 1504
4053 # 1504
4053 + 1440
4054 # 1504
4054 - 1440 1
4055 # 1504
4056 # 1504
4057 # 1504
4057 + 1440
4058 # 1504
4058 - 1440 1
4059 # 1504
4060 # 1504
4060 + 1440
4061 # 1504
4061 - 1440 1
4062 # 1504
4062 + 88
4063 # 1504
4063 - 88 1
4064 # 1504
4064 + 1440
4065 # 1504
4065 - 1440 1
4066 # 1504
4067 # 1504
4067 + 1440
4068 # 1504
4068 - 1440 1
4069 # 1504
4070 # 1504
4071 # 1504
4071 + 1440
4072 # 1504
4072 - 1440 1
4073 # 1504
4074 # 1504
4074 + 1440
4075 # 1504
4075 - 1440 1
4075 + 88
4076 # 1504
4076 - 88 1
4077 # 1504
4078 # 1504
4078 + 1440
4079 # 1504
4079 - 1440 1
4080 # 1504
4081 # 1504
4081 + 1440
4082 # 1504
4082 - 1440 1
4083 # 1504
4084 # 1504
4084 + 1440
4084 + 88
4085 # 1504
4085 - 1440 1
4086 # 1504
4086 - 88 2
4087 # 1504
4087 + 1440
4088 # 1504
4088 - 1440 1
4089 # 1504
4090 # 1504
4090 + 1440
4091 # 1504
4091 - 1440 1
4092 # 1504
4093 # 1504
4093 + 1440
4094 # 1504
4094 - 1440 1
4095 # 1504
4096 # 1504
4096 + 1440
4096 + 88
4097 # 1504
4097 - 1440 1
4098 # 1504
4098 - 88 2
4099 # 1504
4099 + 1440
4100 # 1504
4100 - 1440 1
4101 # 1504
4102 # 1504
4102 + 1440
4103 # 1504
4103 - 1440 1
4104 # 1504
4105 # 1504
4105 + 1440
4106 # 1504
4106 - 1440 1
4107 # 1504
4108 # 1504
4108 + 1440
4108 + 88
4109 # 1504
4109 - 1440 1
4110 # 1504
4110 - 88 2
4111 # 1504
4111 + 1440
4112 # 1504
4112 - 1440 1
4113 # 1504
4114 # 1504
4114 + 1440
4115 # 1504
4115 - 1440 1
4116 # 1504
4117 # 1504
4117 + 1440
4118 # 1504
4118 - 1440 1
4119 # 1504
4120 # 1504
4120 + 1440
4120 + 88
4121 # 1504
4121 - 1440 1
4122 # 1504
4122 - 88 2
4123 # 1504
4123 + 1440
4124 # 1504
4124 - 1440 1
4125 # 1504
4126 # 1504
4126 + 1440
4127 # 1504
4127 - 1440 1
4128 # 1504
4129 # 1504
4129 + 1440
4130 # 1504
4130 - 1440 1
4131 # 1504
4132 # 1504
4132 + 1440
4133 # 1504
4133 - 1440 1
4133 + 88
4134 # 1504
4134 - 88 1
4135 # 1504
4135 + 1440
4136 # 1504
4136 - 1440 1
4137 # 1504
4138 # 1504
4138 + 1440
4139 # 1504
4139 - 1440 1
4140 # 1504
4141 # 1504
4141 + 1440
4142 # 1504
4142 - 1440 1
4143 # 1504
4144 # 1504
4144 + 1440
4145 # 1504
4145 - 1440 1
4146 # 1504
4146 + 88
4146 + 1440
4147 # 1504
4147 - 88 1
4148 # 1504
4148 - 1440 2
4149 # 1504
4149 + 1440
4150 # 1504
4150 - 1440 1
4151 # 1504
4152 # 1504
4152 + 1440
4153 # 1504
4153 - 1440 1
4154 # 1504
4155 # 1504
4155 + 1440
4156 # 1504
4156 - 1440 1
4157 # 1504
4157 + 1440
4158 # 1504
4158 - 1440 1
4158 + 88
4159 # 1504
4159 - 88 1
4160 # 1504
4160 + 1440
4161 # 1504
4161 - 1440 1
4162 # 1504
4163 # 1504
4163 + 1440
4164 # 1504
4164 - 1440 1
4165 # 1504
4165 + 1440
4166 # 1504
4166 - 1440 1
4167 # 1504
4168 # 1504
4168 + 1440
4169 # 1504
4169 - 1440 1
4169 + 88
4170 # 1504
4170 - 88 1
4171 # 1504
4171 + 1440
4172 # 1504
4172 - 1440 1
4173 # 1504
4173 + 1440
4174 # 1504
4174 - 1440 1
4175 # 1504
4176 # 1504
4176 + 1440
4177 # 1504
4177 - 1440 1
4178 # 1504
4179 # 1504
4179 + 1440
4179 + 88
4180 # 1504
4180 - 1440 1
4181 # 1504
4181 - 88 2
4181 + 1440
4182 # 1504
4182 - 1440 1
4183 # 1504
4184 # 1504
4184 + 1440
4185 # 1504
4185 - 1440 1
4186 # 1504
4187 # 1504
4187 + 1440
4188 # 1504
4188 - 1440 1
4189 # 1504
4189 + 1440
4190 # 1504
4190 - 1440 1
4190 + 88
4191 # 1504
4191 - 88 1
4192 # 1504
4192 + 1440
4193 # 1504
4193 - 1440 1
4194 # 1504
4194 + 1440
4195 # 1504
4195 - 1440 1
4196 # 1504
4197 # 1504
4197 + 1440
4198 # 1504
4198 - 1440 1
4199 # 1504
4199 + 1440
4200 # 1504
4200 - 1440 1
4200 + 88
4201 # 1504
4201 - 88 1
4201 + 1440
4202 # 1504
4202 - 1440 1
4203 # 1504
4203 + 1440
4204 # 1504
4204 - 1440 1
4205 # 1504
4206 # 1504
4206 + 1440
4207 # 1504
4207 - 1440 1
4208 # 1504
4208 + 1440
4209 # 1504
4209 - 1440 1
4210 # 1504
4210 + 1096
4211 # 1504
4211 - 1096 1
4212 # 1504
4212 + 88
4212 + 1440
4213 # 1504
4213 - 88 1
4214 # 1504
4214 - 1440 2
4214 + 88
4215 # 1504
4215 - 88 1
4215 + 1440
4216 # 1504
4216 - 1440 1
4217 # 1504
4217 + 1440
4218 # 1504
4218 - 1440 1
4219 # 1504
4219 + 1440
4220 # 1504
4220 - 1440 1
4221 # 1504
4222 # 1504
4222 + 1440
4223 # 1504
4223 - 1440 1
4224 # 1504
4224 + 1440
4225 # 1504
4225 - 1440 1
4226 # 1504
4227 # 1504
4227 + 1440
4228 # 1504
4228 - 1440 1
4229 # 1504
4229 + 88
4229 + 1440
4230 # 1504
4230 - 88 1
4231 # 1504
4231 - 1440 2
4232 # 1504
4232 + 1440
4233 # 1504
4233 - 1440 1
4234 # 1504
4235 # 1504
4235 + 1440
4235 + 88
4236 # 1504
4236 - 1440 1
4237 # 1504
4237 - 88 2
4237 + 1440
4238 # 1504
4238 - 1440 1
4239 # 1504
4240 # 1504
4240 + 1440
4241 # 1504
4241 - 1440 1
4242 # 1504
4242 + 1440
4243 # 1504
4243 - 1440 1
4244 # 1504
4244 + 1440
4245 # 1504
4245 - 1440 1
4246 # 1504
4247 # 1504
4247 + 1440
4248 # 1504
4248 - 1440 1
4248 + 88
4249 # 1504
4249 - 88 1
4249 + 1440
4250 # 1504
4250 - 1440 1
4251 # 1504
4251 + 1440
4252 # 1504
4252 - 1440 1
4253 # 1504
4253 + 1440
4254 # 1504
4254 - 1440 1
4255 # 1504
4256 # 1504
4256 + 1440
4257 # 1504
4257 - 1440 1
4258 # 1504
4258 + 1440
4259 # 1504
4259 - 1440 1
4260 # 1504
4260 + 88
4260 + 1440
4261 # 1504
4261 - 88 1
4262 # 1504
4262 - 1440 2
4263 # 1504
4263 + 1440
4264 # 1504
4264 - 1440 1
4265 # 1504
4265 + 1440
4266 # 1504
4266 - 1440 1
4267 # 1504
4268 # 1504
4268 + 1440
4269 # 1504
4269 - 1440 1
4270 # 1504
4271 # 1504
4271 + 1440
4272 # 1504
4272 - 1440 1
4272 + 88
4273 # 1504
4273 - 88 1
4274 # 1504
4274 + 1440
4275 # 1504
4275 - 1440 1
4276 # 1504
4277 # 1504
4277 + 1440
4278 # 1504
4278 - 1440 1
4279 # 1504
4280 # 1504
4280 + 1440
4281 # 1504
4281 - 1440 1
4282 # 1504
4283 # 1504
4283 + 1440
4283 + 88
4284 # 1504
4284 - 1440 1
4285 # 1504
4285 - 88 2
4285 + 1440
4286 # 1504
4286 - 1440 1
4287 # 1504
4288 # 1504
4288 + 1440
4289 # 1504
4289 - 1440 1
4290 # 1504
4291 # 1504
4291 + 1440
4292 # 1504
4292 - 1440 1
4293 # 1504
4294 # 1504
4294 + 1440
4294 + 88
4295 # 1504
4295 - 1440 1
4296 # 1504
4296 - 88 2
4296 + 1440
4297 # 1504
4297 - 1440 1
4298 # 1504
4298 + 1440
4299 # 1504
4299 - 1440 1
4300 # 1504
4300 + 1440
4301 # 1504
4301 - 1440 1
4302 # 1504
4303 # 1504
4303 + 1440
4304 # 1504
4304 - 1440 1
4305 # 1504
4305 + 1440
4306 # 1504
4306 - 1440 1
4306 + 88
4307 # 1504
4307 - 88 1
4307 + 1440
4308 # 1504
4308 - 1440 1
4309 # 1504
4310 # 1504
4310 + 1440
4311 # 1504
4311 - 1440 1
4312 # 1504
4312 + 1440
4313 # 1504
4313 - 1440 1
4314 # 1504
4314 + 1440
4315 # 1504
4315 - 1440 1
4316 # 1504
4317 # 1504
4317 + 1440
4318 # 1504
4318 - 1440 1
4318 + 88
4319 # 1504
4319 - 88 1
4320 # 1504
4320 + 1440
4321 # 1504
4321 - 1440 1
4322 # 1504
4323 # 1504
4323 + 1440
4324 # 1504
4324 - 1440 1
4325 # 1504
4326 # 1504
4326 + 1440
4327 # 1504
4327 - 1440 1
4328 # 1504
4328 + 1440
4329 # 1504
4329 - 1440 1
4330 # 1504
4330 + 88
4331 # 1504
4331 - 88 1
4331 + 1440
4332 # 1504
4332 - 1440 1
4333 # 1504
4334 # 1504
4334 + 1440
4335 # 1504
4335 - 1440 1
4336 # 1504
4337 # 1504
4337 + 1440
4338 # 1504
4338 - 1440 1
4339 # 1504
4340 # 1504
4340 + 1440
4340 + 88
4341 # 1504
4341 - 1440 1
4342 # 1504
4342 - 88 2
4343 # 1504
4343 + 1440
4344 # 1504
4344 - 1440 1
4345 # 1504
4345 + 1440
4346 # 1504
4346 - 1440 1
4347 # 1504
4348 # 1504
4348 + 1440
4349 # 1504
4349 - 1440 1
4350 # 1504
4351 # 1504
4351 + 1440
4351 + 88
4352 # 1504
4352 - 1440 1
4353 # 1504
4353 - 88 2
4354 # 1504
4354 + 1440
4355 # 1504
4355 - 1440 1
4356 # 1504
4356 + 1440
4357 # 1504
4357 - 1440 1
4358 # 1504
4359 # 1504
4360 # 1504
4360 + 1440
4361 # 1504
4361 - 1440 1
4362 # 1504
4362 + 1440
4363 # 1504
4363 - 1440 1
4363 + 88
4364 # 1504
4364 - 88 1
4365 # 1504
4365 + 1440
4366 # 1504
4366 - 1440 1
4367 # 1504
4368 # 1504
4368 + 1440
4369 # 1504
4369 - 1440 1
4370 # 1504
4371 # 1504
4371 + 1440
4372 # 1504
4372 - 1440 1
4373 # 1504
4373 + 1440
4374 # 1504
4374 - 1440 1
4374 + 88
4375 # 1504
4375 - 88 1
4376 # 1504
4376 + 1440
4377 # 1504
4377 - 1440 1
4378 # 1504
4378 + 1440
4379 # 1504
4379 - 1440 1
4380 # 1504
4381 # 1504
4381 + 1440
4382 # 1504
4382 - 1440 1
4383 # 1504
4383 + 1440
4384 # 1504
4384 - 1440 1
4384 + 88
4385 # 1504
4385 - 88 1
4386 # 1504
4386 + 1440
4387 # 1504
4387 - 1440 1
4388 # 1504
4389 # 1504
4389 + 1440
4390 # 1504
4390 - 1440 1
4391 # 1504
4391 + 1440
4392 # 1504
4392 - 1440 1
4393 # 1504
4394 # 1504
4394 + 1440
4395 # 1504
4395 - 1440 1
4395 + 88
4396 # 1504
4396 - 88 1
4396 + 1440
4397 # 1504
4397 - 1440 1
4398 # 1504
4399 # 1504
4400 # 1504
4400 + 1440
4401 # 1504
4401 - 1440 1
4402 # 1504
4403 # 1504
4403 + 1096
4404 # 1504
4404 - 1096 1
4405 # 1504
4406 # 1504
4406 + 88
4406 + 1440
4407 # 1504
4407 - 88 1
4408 # 1504
4408 - 1440 2
4409 # 1504
4409 + 1440
4410 # 1504
4410 - 1440 1
4411 # 1504
4412 # 1504
4413 # 1504
4413 + 1440
4414 # 1504
4414 - 1440 1
4415 # 1504
4416 # 1504
4416 + 1440
4417 # 1504
4417 - 1440 1
4418 # 1504
4419 # 1504
4419 + 88
4419 + 1440
4420 # 1504
4420 - 88 1
4421 # 1504
4421 - 1440 2
4422 # 1504
4423 # 1504
4423 + 1440
4424 # 1504
4424 - 1440 1
4425 # 1504
4426 # 1504
4426 + 1440
4427 # 1504
4427 - 1440 1
4428 # 1504
4429 # 1504
4429 + 1440
4430 # 1504
4430 - 1440 1
4431 # 1504
4432 # 1504
4432 + 1440
4432 + 88
4433 # 1504
4433 - 1440 1
4434 # 1504
4434 - 88 2
4435 # 1504
4435 + 1440
4436 # 1504
4436 - 1440 1
4437 # 1504
4438 # 1504
4438 + 1440
4439 # 1504
4439 - 1440 1
4440 # 1504
4441 # 1504
4441 + 1440
4442 # 1504
4442 - 1440 1
4443 # 1504
4444 # 1504
4445 # 1504
4445 + 1440
4445 + 88
4446 # 1504
4446 - 1440 1
4447 # 1504
4447 - 88 2
4448 # 1504
4448 + 1440
4449 # 1504
4449 - 1440 1
4450 # 1504
4451 # 1504
4451 + 1440
4452 # 1504
4452 - 1440 1
4453 # 1504
4454 # 1504
4455 # 1504
4455 + 1440
4456 # 1504
4456 - 1440 1
4457 # 1504
4458 # 1504
4458 + 88
4458 + 1440
4459 # 1504
4459 - 88 1
4460 # 1504
4460 - 1440 2
4461 # 1504
4461 + 1440
4462 # 1504
4462 - 1440 1
4463 # 1504
4464 # 1504
4465 # 1504
4465 + 1440
4466 # 1504
4466 - 1440 1
4467 # 1504
4468 # 1504
4468 + 88
4469 # 1504
4469 - 88 1
4469 + 1440
4470 # 1504
4470 - 1440 1
4471 # 1504
4472 # 1504
4473 # 1504
4473 + 1440
4474 # 1504
4474 - 1440 1
4475 # 1504
4476 # 1504
4477 # 1504
4477 + 1440
4478 # 1504
4478 - 1440 1
4479 # 1504
4480 # 1504
4480 + 52
4480 + 88
4480 + 1440
4481 # 1504
4481 - 52 1
4481 - 88 1
4482 # 1504
4482 - 1440 2
4483 # 1504
4484 # 1504
4484 + 1440
4485 # 1504
4485 - 1440 1
4486 # 1504
4487 # 1504
4488 # 1504
4488 + 1440
4489 # 1504
4489 - 1440 1
4490 # 1504
4491 # 1504
4492 # 1504
4492 + 1440
4492 + 88
4493 # 1504
4493 - 1440 1
4494 # 1504
4494 - 88 2
4495 # 1504
4496 # 1504
4496 + 1440
4497 # 1504
4497 - 1440 1
4498 # 1504
4499 # 1504
4500 # 1504
4500 + 1440
4501 # 1504
4501 - 1440 1
4502 # 1504
4503 # 1504
4503 + 1440
4503 + 88
4504 # 1504
4504 - 1440 1
4505 # 1504
4505 - 88 2
4505 + 1440
4506 # 1504
4506 - 1440 1
4507 # 1504
4508 # 1504
4508 + 1440
4509 # 1504
4509 - 1440 1
4510 # 1504
4511 # 1504
4511 + 1440
4512 # 1504
4512 - 1440 1
4513 # 1504
4514 # 1504
4514 + 1440
4515 # 1504
4515 - 1440 1
4516 # 1504
4516 + 88
4517 # 1504
4517 - 88 1
4517 + 1440
4518 # 1504
4518 - 1440 1
4519 # 1504
4520 # 1504
4520 + 1440
4521 # 1504
4521 - 1440 1
4522 # 1504
4523 # 1504
4523 + 1440
4524 # 1504
4524 - 1440 1
4525 # 1504
4526 # 1504
4526 + 1440
4527 # 1504
4527 - 1440 1
4528 # 1504
4528 + 1440
4529 # 1504
4529 - 1440 1
4529 + 88
4530 # 1504
4530 - 88 1
4531 # 1504
4532 # 1504
4532 + 1440
4533 # 1504
4533 - 1440 1
4534 # 1504
4535 # 1504
4535 + 1440
4536 # 1504
4536 - 1440 1
4537 # 1504
4538 # 1504
4538 + 1440
4539 # 1504
4539 - 1440 1
4540 # 1504
4541 # 1504
4541 + 88
4542 # 1504
4542 - 88 1
4542 + 1440
4543 # 1504
4543 - 1440 1
4544 # 1504
4545 # 1504
4545 + 1440
4546 # 1504
4546 - 1440 1
4547 # 1504
4548 # 1504
4548 + 1440
4549 # 1504
4549 - 1440 1
4550 # 1504
4551 # 1504
4551 + 1440
4552 # 1504
4552 - 1440 1
4553 # 1504
4554 # 1504
4555 # 1504
4555 + 88
4555 + 1440
4556 # 1504
4556 - 88 1
4557 # 1504
4557 - 1440 2
4558 # 1504
4558 + 1440
4559 # 1504
4559 - 1440 1
4560 # 1504
4561 # 1504
4561 + 1440
4562 # 1504
4562 - 1440 1
4563 # 1504
4564 # 1504
4564 + 1440
4565 # 1504
4565 - 1440 1
4566 # 1504
4567 # 1504
4567 + 1440
4567 + 88
4568 # 1504
4568 - 1440 1
4569 # 1504
4569 - 88 2
4570 # 1504
4570 + 1440
4571 # 1504
4571 - 1440 1
4572 # 1504
4573 # 1504
4573 + 1440
4574 # 1504
4574 - 1440 1
4575 # 1504
4576 # 1504
4576 + 1440
4577 # 1504
4577 - 1440 1
4578 # 1504
4579 # 1504
4579 + 1440
4580 # 1504
4580 - 1440 1
4580 + 88
4581 # 1504
4581 - 88 1
4581 + 1440
4582 # 1504
4582 - 1440 1
4583 # 1504
4584 # 1504
4584 + 1440
4585 # 1504
4585 - 1440 1
4586 # 1504
4587 # 1504
4587 + 1440
4588 # 1504
4588 - 1440 1
4589 # 1504
4590 # 1504
4590 + 1440
4591 # 1504
4591 - 1440 1
4592 # 1504
4592 + 88
4593 # 1504
4593 - 88 1
4593 + 1440
4594 # 1504
4594 - 1440 1
4595 # 1504
4596 # 1504
4596 + 1440
4597 # 1504
4597 - 1440 1
4598 # 1504
4599 # 1504
4599 + 1440
4600 # 1504
4600 - 1440 1
4601 # 1504
4602 # 1504
4602 + 88
4602 + 1440
4603 # 1504
4603 - 88 1
4604 # 1504
4604 - 1440 2
4605 # 1504
4606 # 1504
4606 + 1440
4607 # 1504
4607 - 1440 1
4608 # 1504
4609 # 1504
4609 + 1440
4610 # 1504
4610 - 1440 1
4611 # 1504
4612 # 1504
4612 + 1440
4613 # 1504
4613 - 1440 1
4614 # 1504
4615 # 1504
4615 + 88
4615 + 1440
4616 # 1504
4616 - 88 1
4617 # 1504
4617 - 1440 2
4618 # 1504
4619 # 1504
4619 + 1440
4620 # 1504
4620 - 1440 1
4621 # 1504
4622 # 1504
4622 + 1440
4623 # 1504
4623 - 1440 1
4624 # 1504
4625 # 1504
4626 # 1504
4626 + 1440
4626 + 88
4627 # 1504
4627 - 1440 1
4628 # 1504
4628 - 88 2
4629 # 1504
4630 # 1504
4630 + 1440
4631 # 1504
4631 - 1440 1
4632 # 1504
4633 # 1504
4634 # 1504
4634 + 1440
4635 # 1504
4635 - 1440 1
4636 # 1504
4636 + 88
4637 # 1504
4637 - 88 1
4637 + 1440
4638 # 1504
4638 - 1440 1
4639 # 1504
4640 # 1504
4641 # 1504
4641 + 1440
4642 # 1504
4642 - 1440 1
4643 # 1504
4644 # 1504
4645 # 1504
4645 + 1096
4646 # 1504
4646 - 1096 1
4647 # 1504
4648 # 1504
4648 + 88
4649 # 1504
4649 - 88 1
4649 + 1440
4650 # 1504
4650 - 1440 1
4651 # 1504
4652 # 1504
4653 # 1504
4653 + 1440
4654 # 1504
4654 - 1440 1
4655 # 1504
4656 # 1504
4657 # 1504
4657 + 1440
4658 # 1504
4658 - 1440 1
4659 # 1504
4660 # 1504
4660 + 88
4660 + 1440
4661 # 1504
4661 - 88 1
4662 # 1504
4662 - 1440 2
4663 # 1504
4663 + 1440
4664 # 1504
4664 - 1440 1
4665 # 1504
4666 # 1504
4666 + 1440
4667 # 1504
4667 - 1440 1
4668 # 1504
4669 # 1504
4669 + 1440
4670 # 1504
4670 - 1440 1
4671 # 1504
4672 # 1504
4672 + 1440
4672 + 88
4673 # 1504
4673 - 1440 1
4674 # 1504
4674 - 88 2
4675 # 1504
4675 + 1440
4676 # 1504
4676 - 1440 1
4677 # 1504
4678 # 1504
4678 + 1440
4679 # 1504
4679 - 1440 1
4680 # 1504
4681 # 1504
4681 + 1440
4682 # 1504
4682 - 1440 1
4683 # 1504
4683 + 1440
4684 # 1504
4684 - 1440 1
4684 + 88
4685 # 1504
4685 - 88 1
4686 # 1504
4686 + 1440
4687 # 1504
4687 - 1440 1
4688 # 1504
4689 # 1504
4689 + 1440
4690 # 1504
4690 - 1440 1
4691 # 1504
4692 # 1504
4693 # 1504
4693 + 1440
4694 # 1504
4694 - 1440 1
4695 # 1504
4696 # 1504
4696 + 88
4697 # 1504
4697 - 88 1
4697 + 1440
4698 # 1504
4698 - 1440 1
4699 # 1504
4700 # 1504
4701 # 1504
4701 + 1440
4702 # 1504
4702 - 1440 1
4703 # 1504
4704 # 1504
4705 # 1504
4705 + 1440
4706 # 1504
4706 - 1440 1
4707 # 1504
4708 # 1504
4708 + 88
4709 # 1504
4709 - 88 1
4709 + 1440
4710 # 1504
4710 - 1440 1
4711 # 1504
4712 # 1504
4712 + 1440
4713 # 1504
4713 - 1440 1
4714 # 1504
4715 # 1504
4716 # 1504
4716 + 1440
4717 # 1504
4717 - 1440 1
4718 # 1504
4719 # 1504
4720 # 1504
4720 + 1440
4720 + 88
4721 # 1504
4721 - 1440 1
4722 # 1504
4722 - 88 2
4723 # 1504
4724 # 1504
4724 + 1440
4725 # 1504
4725 - 1440 1
4726 # 1504
4727 # 1504
4728 # 1504
4728 + 1440
4729 # 1504
4729 - 1440 1
4730 # 1504
4731 # 1504
4731 + 1440
4731 + 88
4732 # 1504
4732 - 1440 1
4733 # 1504
4733 - 88 2
4733 + 1440
4734 # 1504
4734 - 1440 1
4735 # 1504
4736 # 1504
4736 + 1440
4737 # 1504
4737 - 1440 1
4738 # 1504
4739 # 1504
4739 + 1440
4740 # 1504
4740 - 1440 1
4741 # 1504
4742 # 1504
4742 + 1440
4743 # 1504
4743 - 1440 1
4743 + 88
4744 # 1504
4744 - 88 1
4745 # 1504
4745 + 1440
4746 # 1504
4746 - 1440 1
4747 # 1504
4748 # 1504
4748 + 1440
4749 # 1504
4749 - 1440 1
4750 # 1504
4751 # 1504
4751 + 1440
4752 # 1504
4752 - 1440 1
4753 # 1504
4754 # 1504
4754 + 1440
4754 + 88
4755 # 1504
4755 - 1440 1
4756 # 1504
4756 - 88 2
4756 + 1440
4757 # 1504
4757 - 1440 1
4758 # 1504
4759 # 1504
4760 # 1504
4760 + 1440
4761 # 1504
4761 - 1440 1
4762 # 1504
4763 # 1504
4763 + 1440
4764 # 1504
4764 - 1440 1
4765 # 1504
4766 # 1504
4766 + 88
4766 + 1440
4767 # 1504
4767 - 88 1
4768 # 1504
4768 - 1440 2
4769 # 1504
4770 # 1504
4770 + 1440
4771 # 1504
4771 - 1440 1
4772 # 1504
4773 # 1504
4773 + 1440
4774 # 1504
4774 - 1440 1
4775 # 1504
4776 # 1504
4776 + 1440
4777 # 1504
4777 - 1440 1
4778 # 1504
4779 # 1504
4779 + 88
4779 + 1440
4780 # 1504
4780 - 88 1
4781 # 1504
4781 - 1440 2
4782 # 1504
4783 # 1504
4783 + 1440
4784 # 1504
4784 - 1440 1
4785 # 1504
4786 # 1504
4786 + 1440
4787 # 1504
4787 - 1440 1
4788 # 1504
4789 # 1504
4789 + 1440
4790 # 1504
4790 - 1440 1
4791 # 1504
4792 # 1504
4792 + 1440
4792 + 88
4793 # 1504
4793 - 1440 1
4794 # 1504
4794 - 88 2
4795 # 1504
4795 + 1440
4796 # 1504
4796 - 1440 1
4797 # 1504
4798 # 1504
4798 + 1440
4799 # 1504
4799 - 1440 1
4800 # 1504
4801 # 1504
4801 + 1440
4802 # 1504
4802 - 1440 1
4803 # 1504
4804 # 1504
4804 + 1440
4804 + 88
4805 # 1504
4805 - 1440 1
4806 # 1504
4806 - 88 2
4807 # 1504
4807 + 1440
4808 # 1504
4808 - 1440 1
4809 # 1504
4809 + 1440
4810 # 1504
4810 - 1440 1
4811 # 1504
4812 # 1504
4812 + 1440
4813 # 1504
4813 - 1440 1
4814 # 1504
4815 # 1504
4815 + 1440
4815 + 88
4816 # 1504
4816 - 1440 1
4817 # 1504
4817 - 88 2
4818 # 1504
4818 + 1440
4819 # 1504
4819 - 1440 1
4820 # 1504
4821 # 1504
4821 + 1440
4822 # 1504
4822 - 1440 1
4823 # 1504
4824 # 1504
4824 + 1440
4825 # 1504
4825 - 1440 1
4826 # 1504
4827 # 1504
4827 + 1440
4827 + 88
4828 # 1504
4828 - 1440 1
4829 # 1504
4829 - 88 2
4830 # 1504
4830 + 1440
4831 # 1504
4831 - 1440 1
4832 # 1504
4832 + 1440
4833 # 1504
4833 - 1440 1
4834 # 1504
4835 # 1504
4835 + 1440
4836 # 1504
4836 - 1440 1
4837 # 1504
4838 # 1504
4838 + 1440
4838 + 88
4839 # 1504
4839 - 1440 1
4840 # 1504
4840 - 88 2
4841 # 1504
4841 + 1440
4842 # 1504
4842 - 1440 1
4843 # 1504
4844 # 1504
4844 + 1440
4845 # 1504
4845 - 1440 1
4846 # 1504
4847 # 1504
4847 + 1440
4848 # 1504
4848 - 1440 1
4849 # 1504
4849 + 1440
4850 # 1504
4850 - 1440 1
4850 + 88
4851 # 1504
4851 - 88 1
4852 # 1504
4852 + 1440
4853 # 1504
4853 - 1440 1
4854 # 1504
4854 + 1440
4855 # 1504
4855 - 1440 1
4856 # 1504
4857 # 1504
4857 + 1440
4858 # 1504
4858 - 1440 1
4859 # 1504
4859 + 1440
4860 # 1504
4860 - 1440 1
4860 + 88
4861 # 1504
4861 - 88 1
4862 # 1504
4862 + 1440
4863 # 1504
4863 - 1440 1
4864 # 1504
4865 # 1504
4865 + 1440
4866 # 1504
4866 - 1440 1
4867 # 1504
4867 + 1440
4868 # 1504
4868 - 1440 1
4869 # 1504
4870 # 1504
4870 + 1440
4871 # 1504
4871 - 1440 1
4872 # 1504
4872 + 1096
4873 # 1504
4873 - 1096 1
4873 + 88
4874 # 1504
4874 - 88 1
4875 # 1504
4875 + 88
4875 + 1440
4876 # 1504
4876 - 88 1
4877 # 1504
4877 - 1440 2
4878 # 1504
4878 + 1440
4879 # 1504
4879 - 1440 1
4880 # 1504
4880 + 1440
4881 # 1504
4881 - 1440 1
4882 # 1504
4883 # 1504
4883 + 1440
4884 # 1504
4884 - 1440 1
4885 # 1504
4886 # 1504
4886 + 1440
4886 + 88
4887 # 1504
4887 - 1440 1
4888 # 1504
4888 - 88 2
4889 # 1504
4889 + 1440
4890 # 1504
4890 - 1440 1
4891 # 1504
4892 # 1504
4892 + 1440
4893 # 1504
4893 - 1440 1
4894 # 1504
4895 # 1504
4895 + 1440
4896 # 1504
4896 - 1440 1
4897 # 1504
4898 # 1504
4898 + 1440
4898 + 88
4899 # 1504
4899 - 1440 1
4900 # 1504
4900 - 88 2
4901 # 1504
4901 + 1440
4902 # 1504
4902 - 1440 1
4903 # 1504
4904 # 1504
4904 + 1440
4905 # 1504
4905 - 1440 1
4906 # 1504
4907 # 1504
4907 + 1440
4908 # 1504
4908 - 1440 1
4909 # 1504
4910 # 1504
4910 + 1440
4911 # 1504
4911 - 1440 1
4911 + 88
4912 # 1504
4912 - 88 1
4913 # 1504
4914 # 1504
4914 + 1440
4915 # 1504
4915 - 1440 1
4916 # 1504
4917 # 1504
4917 + 1440
4918 # 1504
4918 - 1440 1
4919 # 1504
4920 # 1504
4920 + 1440
4921 # 1504
4921 - 1440 1
4922 # 1504
4923 # 1504
4923 + 88
4923 + 1440
4924 # 1504
4924 - 88 1
4925 # 1504
4925 - 1440 2
4926 # 1504
4927 # 1504
4927 + 1440
4928 # 1504
4928 - 1440 1
4929 # 1504
4930 # 1504
4930 + 1440
4931 # 1504
4931 - 1440 1
4932 # 1504
4933 # 1504
4933 + 1440
4934 # 1504
4934 - 1440 1
4935 # 1504
4936 # 1504
4936 + 1440
4936 + 88
4937 # 1504
4937 - 1440 1
4938 # 1504
4938 - 88 2
4939 # 1504
4939 + 1440
4940 # 1504
4940 - 1440 1
4941 # 1504
4941 + 1440
4942 # 1504
4942 - 1440 1
4943 # 1504
4944 # 1504
4944 + 1440
4945 # 1504
4945 - 1440 1
4946 # 1504
4946 + 1440
4947 # 1504
4947 - 1440 1
4947 + 88
4948 # 1504
4948 - 88 1
4949 # 1504
4949 + 1440
4950 # 1504
4950 - 1440 1
4951 # 1504
4951 + 1440
4952 # 1504
4952 - 1440 1
4953 # 1504
4954 # 1504
4954 + 1440
4955 # 1504
4955 - 1440 1
4956 # 1504
4956 + 1440
4957 # 1504
4957 - 1440 1
4958 # 1504
4959 # 1504
4959 + 1440
4960 # 1504
4960 - 1440 1
4960 + 88
4961 # 1504
4961 - 88 1
4962 # 1504
4962 + 1440
4963 # 1504
4963 - 1440 1
4964 # 1504
4965 # 1504
4965 + 1440
4966 # 1504
4966 - 1440 1
4967 # 1504
4968 # 1504
4969 # 1504
4969 + 1440
4970 # 1504
4970 - 1440 1
4971 # 1504
4972 # 1504
4972 + 88
4972 + 1440
4973 # 1504
4973 - 88 1
4974 # 1504
4974 - 1440 2
4975 # 1504
4975 + 1440
4976 # 1504
4976 - 1440 1
4977 # 1504
4978 # 1504
4978 + 1440
4979 # 1504
4979 - 1440 1
4980 # 1504
4981 # 1504
4982 # 1504
4982 + 1440
4983 # 1504
4983 - 1440 1
4984 # 1504
4985 # 1504
4985 + 1440
4985 + 88
4986 # 1504
4986 - 1440 1
4987 # 1504
4987 - 88 2
4988 # 1504
4988 + 1440
4989 # 1504
4989 - 1440 1
4990 # 1504
4991 # 1504
4992 # 1504
4992 + 1440
4993 # 1504
4993 - 1440 1
4994 # 1504
4994 + 1440
4995 # 1504
4995 - 1440 1
4996 # 1504
4997 # 1504
4997 + 1440
4998 # 1504
4998 - 1440 1
4998 + 88
4999 # 1504
4999 - 88 1
4999 + 1440
5000 # 1504
5000 - 1440 1
5001 # 1504
5002 # 1504
5002 + 1440
5003 # 1504
5003 - 1440 1
5004 # 1504
5004 + 1440
5005 # 1504
5005 - 1440 1
5006 # 1504
5007 # 1504
5007 + 1440
5008 # 1504
5008 - 1440 1
5009 # 1504
5009 + 88
5010 # 1504
5010 - 88 1
5010 + 1440
5011 # 1504
5011 - 1440 1
5012 # 1504
5012 + 1440
5013 # 1504
5013 - 1440 1
5014 # 1504
5015 # 1504
5015 + 1440
5016 # 1504
5016 - 1440 1
5017 # 1504
5017 + 1440
5018 # 1504
5018 - 1440 1
5019 # 1504
5020 # 1504
5020 + 88
5020 + 1440
5021 # 1504
5021 - 88 1
5022 # 1504
5022 - 1440 2
5023 # 1504
5023 + 1440
5024 # 1504
5024 - 1440 1
5025 # 1504
5026 # 1504
5026 + 1440
5027 # 1504
5027 - 1440 1
5028 # 1504
5029 # 1504
5029 + 1440
5030 # 1504
5030 - 1440 1
5031 # 1504
5031 + 1440
5032 # 1504
5032 - 1440 1
5032 + 88
5033 # 1504
5033 - 88 1
5034 # 1504
5034 + 1440
5035 # 1504
5035 - 1440 1
5036 # 1504
5037 # 1504
5037 + 1440
5038 # 1504
5038 - 1440 1
5039 # 1504
5040 # 1504
5040 + 1440
5041 # 1504
5041 - 1440 1
5042 # 1504
5043 # 1504
5043 + 88
5043 + 1440
5044 # 1504
5044 - 88 1
5045 # 1504
5045 - 1440 2
5046 # 1504
5046 + 1440
5047 # 1504
5047 - 1440 1
5048 # 1504
5048 + 1440
5049 # 1504
5049 - 1440 1
5050 # 1504
5051 # 1504
5051 + 1440
5052 # 1504
5052 - 1440 1
5053 # 1504
5053 + 1440
5054 # 1504
5054 - 1440 1
5054 + 88
5055 # 1504
5055 - 88 1
5056 # 1504
5056 + 1440
5057 # 1504
5057 - 1440 1
5058 # 1504
5059 # 1504
5059 + 1440
5060 # 1504
5060 - 1440 1
5061 # 1504
5061 + 1440
5062 # 1504
5062 - 1440 1
5063 # 1504
5064 # 1504
5064 + 1440
5064 + 88
5065 # 1504
5065 - 1440 1
5066 # 1504
5066 - 88 2
5066 + 1440
5067 # 1504
5067 - 1440 1
5068 # 1504
5069 # 1504
5069 + 1440
5070 # 1504
5070 - 1440 1
5071 # 1504
5071 + 1440
5072 # 1504
5072 - 1440 1
5073 # 1504
5074 # 1504
5074 + 1440
5075 # 1504
5075 - 1440 1
5075 + 88
5076 # 1504
5076 - 88 1
5076 + 1440
5077 # 1504
5077 - 1440 1
5078 # 1504
5079 # 1504
5079 + 1440
5080 # 1504
5080 - 1440 1
5081 # 1504
5082 # 1504
5082 + 1096
5083 # 1504
5083 - 1096 1
5084 # 1504
5085 # 1504
5085 + 88
5085 + 1440
5086 # 1504
5086 - 88 1
5087 # 1504
5087 - 1440 2
5088 # 1504
5088 + 1440
5089 # 1504
5089 - 1440 1
5090 # 1504
5091 # 1504
5091 + 1440
5092 # 1504
5092 - 1440 1
5093 # 1504
5094 # 1504
5094 + 1440
5095 # 1504
5095 - 1440 1
5096 # 1504
5096 + 1440
5096 + 88
5097 # 1504
5097 - 1440 1
5098 # 1504
5098 - 88 2
5099 # 1504
5099 + 1440
5100 # 1504
5100 - 1440 1
5101 # 1504
5102 # 1504
5102 + 1440
5103 # 1504
5103 - 1440 1
5104 # 1504
5104 + 1440
5105 # 1504
5105 - 1440 1
5106 # 1504
5107 # 1504
5107 + 1440
5108 # 1504
5108 - 1440 1
5108 + 88
5109 # 1504
5109 - 88 1
5109 + 1440
5110 # 1504
5110 - 1440 1
5111 # 1504
5112 # 1504
5112 + 1440
5113 # 1504
5113 - 1440 1
5114 # 1504
5115 # 1504
5115 + 1440
5116 # 1504
5116 - 1440 1
5117 # 1504
5117 + 1440
5118 # 1504
5118 - 1440 1
5119 # 1504
5120 # 1504
5120 + 1440
5121 # 1504
5121 - 1440 1
5121 + 88
5122 # 1504
5122 - 88 1
5122 + 1440
5123 # 1504
5123 - 1440 1
5124 # 1504
5125 # 1504
5125 + 1440
5126 # 1504
5126 - 1440 1
5127 # 1504
5128 # 1504
5128 + 1440
5129 # 1504
5129 - 1440 1
5130 # 1504
5131 # 1504
5131 + 88
5131 + 1440
5132 # 1504
5132 - 88 1
5133 # 1504
5133 - 1440 2
5134 # 1504
5135 # 1504
5135 + 1440
5136 # 1504
5136 - 1440 1
5137 # 1504
5138 # 1504
5138 + 1440
5139 # 1504
5139 - 1440 1
5140 # 1504
5141 # 1504
5141 + 1440
5142 # 1504
5142 - 1440 1
5143 # 1504
5144 # 1504
5144 + 88
5144 + 1440
5145 # 1504
5145 - 88 1
5146 # 1504
5146 - 1440 2
5147 # 1504
5148 # 1504
5148 + 1440
5149 # 1504
5149 - 1440 1
5150 # 1504
5151 # 1504
5151 + 1440
5152 # 1504
5152 - 1440 1
5153 # 1504
5154 # 1504
5154 + 1440
5155 # 1504
5155 - 1440 1
5156 # 1504
5157 # 1504
5157 + 88
5158 # 1504
5158 - 88 1
5158 + 1440
5159 # 1504
5159 - 1440 1
5160 # 1504
5160 + 1440
5161 # 1504
5161 - 1440 1
5162 # 1504
5163 # 1504
5163 + 1440
5164 # 1504
5164 - 1440 1
5165 # 1504
5165 + 1440
5166 # 1504
5166 - 1440 1
5167 # 1504
5168 # 1504
5168 + 1440
5168 + 88
5169 # 1504
5169 - 1440 1
5170 # 1504
5170 - 88 2
5170 + 1440
5171 # 1504
5171 - 1440 1
5172 # 1504
5173 # 1504
5173 + 1440
5174 # 1504
5174 - 1440 1
5175 # 1504
5175 + 1440
5176 # 1504
5176 - 1440 1
5177 # 1504
5178 # 1504
5178 + 1440
5179 # 1504
5179 - 1440 1
5180 # 1504
5180 + 88
5180 + 1440
5181 # 1504
5181 - 88 1
5182 # 1504
5182 - 1440 2
5183 # 1504
5183 + 1440
5184 # 1504
5184 - 1440 1
5185 # 1504
5186 # 1504
5186 + 1440
5187 # 1504
5187 - 1440 1
5188 # 1504
5189 # 1504
5189 + 88
5190 # 1504
5190 - 88 1
5190 + 1440
5191 # 1504
5191 - 1440 1
5192 # 1504
5193 # 1504
5193 + 1440
5194 # 1504
5194 - 1440 1
5195 # 1504
5196 # 1504
5196 + 1440
5197 # 1504
5197 - 1440 1
5198 # 1504
5199 # 1504
5199 + 1440
5200 # 1504
5200 - 1440 1
5201 # 1504
5202 # 1504
5203 # 1504
5203 + 88
5203 + 1440
5204 # 1504
5204 - 88 1
5205 # 1504
5205 - 1440 2
5206 # 1504
5206 + 1440
5207 # 1504
5207 - 1440 1
5208 # 1504
5209 # 1504
5209 + 1440
5210 # 1504
5210 - 1440 1
5211 # 1504
5212 # 1504
5213 # 1504
5213 + 1440
5214 # 1504
5214 - 1440 1
5215 # 1504
5216 # 1504
5216 + 1440
5217 # 1504
5217 - 1440 1
5218 # 1504
5218 + 88
5219 # 1504
5219 - 88 1
5219 + 1440
5220 # 1504
5220 - 1440 1
5221 # 1504
5222 # 1504
5222 + 1440
5223 # 1504
5223 - 1440 1
5224 # 1504
5225 # 1504
5225 + 1440
5226 # 1504
5226 - 1440 1
5227 # 1504
5227 + 1440
5228 # 1504
5228 - 1440 1
5229 # 1504
5230 # 1504
5230 + 1440
5231 # 1504
5231 - 1440 1
5231 + 88
5232 # 1504
5232 - 88 1
5233 # 1504
5233 + 1440
5234 # 1504
5234 - 1440 1
5235 # 1504
5236 # 1504
5236 + 1440
5237 # 1504
5237 - 1440 1
5238 # 1504
5239 # 1504
5239 + 1440
5240 # 1504
5240 - 1440 1
5241 # 1504
5242 # 1504
5242 + 88
5242 + 1440
5243 # 1504
5243 - 88 1
5244 # 1504
5244 - 1440 2
5245 # 1504
5245 + 1440
5246 # 1504
5246 - 1440 1
5247 # 1504
5247 + 1440
5248 # 1504
5248 - 1440 1
5249 # 1504
5250 # 1504
5250 + 1440
5251 # 1504
5251 - 1440 1
5252 # 1504
5252 + 1440
5253 # 1504
5253 - 1440 1
5253 + 88
5254 # 1504
5254 - 88 1
5255 # 1504
5255 + 1440
5256 # 1504
5256 - 1440 1
5257 # 1504
5257 + 1440
5258 # 1504
5258 - 1440 1
5259 # 1504
5260 # 1504
5260 + 1440
5261 # 1504
5261 - 1440 1
5262 # 1504
5262 + 1440
5263 # 1504
5263 - 1440 1
5264 # 1504
5265 # 1504
5265 + 1440
5266 # 1504
5266 - 1440 1
5266 + 88
5267 # 1504
5267 - 88 1
5268 # 1504
5268 + 1440
5269 # 1504
5269 - 1440 1
5270 # 1504
5270 + 1440
5271 # 1504
5271 - 1440 1
5272 # 1504
5273 # 1504
5273 + 1440
5274 # 1504
5274 - 1440 1
5275 # 1504
5275 + 1440
5276 # 1504
5276 - 1440 1
5277 # 1504
5278 # 1504
5278 + 1440
5278 + 88
5279 # 1504
5279 - 1440 1
5280 # 1504
5280 - 88 2
5280 + 1440
5281 # 1504
5281 - 1440 1
5282 # 1504
5283 # 1504
5283 + 1440
5284 # 1504
5284 - 1440 1
5285 # 1504
5285 + 1440
5286 # 1504
5286 - 1440 1
5287 # 1504
5288 # 1504
5288 + 1440
5288 + 88
5289 # 1504
5289 - 1440 1
5290 # 1504
5290 - 88 2
5290 + 1096
5291 # 1504
5291 - 1096 1
5292 # 1504
5293 # 1504
5293 + 1440
5294 # 1504
5294 - 1440 1
5295 # 1504
5296 # 1504
5296 + 1440
5296 + 88
5297 # 1504
5297 - 1440 1
5298 # 1504
5298 - 88 2
5298 + 1440
5299 # 1504
5299 - 1440 1
5300 # 1504
5300 + 1440
5301 # 1504
5301 - 1440 1
5302 # 1504
5302 + 1440
5303 # 1504
5303 - 1440 1
5304 # 1504
5305 # 1504
5305 + 1440
5305 + 88
5306 # 1504
5306 - 1440 1
5307 # 1504
5307 - 88 2
5307 + 1440
5308 # 1504
5308 - 1440 1
5309 # 1504
5309 + 1440
5310 # 1504
5310 - 1440 1
5311 # 1504
5311 + 1440
5312 # 1504
5312 - 1440 1
5313 # 1504
5314 # 1504
5314 + 1440
5315 # 1504
5315 - 1440 1
5316 # 1504
5316 + 1440
5317 # 1504
5317 - 1440 1
5317 + 88
5318 # 1504
5318 - 88 1
5318 + 1440
5319 # 1504
5319 - 1440 1
5320 # 1504
5321 # 1504
5321 + 1440
5322 # 1504
5322 - 1440 1
5323 # 1504
5323 + 1440
5324 # 1504
5324 - 1440 1
5325 # 1504
5325 + 1440
5326 # 1504
5326 - 1440 1
5327 # 1504
5327 + 1440
5328 # 1504
5328 - 1440 1
5329 # 1504
5329 + 88
5330 # 1504
5330 - 88 1
5330 + 1440
5331 # 1504
5331 - 1440 1
5332 # 1504
5332 + 1440
5333 # 1504
5333 - 1440 1
5334 # 1504
5334 + 1440
5335 # 1504
5335 - 1440 1
5336 # 1504
5337 # 1504
5337 + 1440
5338 # 1504
5338 - 1440 1
5339 # 1504
5339 + 1440
5340 # 1504
5340 - 1440 1
5340 + 88
5341 # 1504
5341 - 88 1
5341 + 1440
5342 # 1504
5342 - 1440 1
5343 # 1504
5343 + 1440
5344 # 1504
5344 - 1440 1
5345 # 1504
5345 + 1440
5346 # 1504
5346 - 1440 1
5347 # 1504
5347 + 1440
5348 # 1504
5348 - 1440 1
5349 # 1504
5349 + 1440
5350 # 1504
5350 - 1440 1
5350 + 88
5351 # 1504
5351 - 88 1
5351 + 1440
5352 # 1504
5352 - 1440 1
5353 # 1504
5354 # 1504
5354 + 1440
5355 # 1504
5355 - 1440 1
5356 # 1504
5356 + 1440
5357 # 1504
5357 - 1440 1
5358 # 1504
5358 + 1440
5359 # 1504
5359 - 1440 1
5360 # 1504
5360 + 1440
5361 # 1504
5361 - 1440 1
5361 + 88
5362 # 1504
5362 - 88 1
5362 + 1440
5363 # 1504
5363 - 1440 1
5364 # 1504
5364 + 1440
5365 # 1504
5365 - 1440 1
5366 # 1504
5366 + 1440
5367 # 1504
5367 - 1440 1
5368 # 1504
5368 + 1440
5369 # 1504
5369 - 1440 1
5370 # 1504
5370 + 1440
5371 # 1504
5371 - 1440 1
5371 + 88
5372 # 1504
5372 - 88 1
5372 + 1440
5373 # 1504
5373 - 1440 1
5374 # 1504
5375 # 1504
5375 + 1440
5376 # 1504
5376 - 1440 1
5377 # 1504
5377 + 1440
5378 # 1504
5378 - 1440 1
5379 # 1504
5379 + 1440
5380 # 1504
5380 - 1440 1
5381 # 1504
5382 # 1504
5382 + 1440
5382 + 88
5383 # 1504
5383 - 1440 1
5384 # 1504
5384 - 88 2
5384 + 1440
5385 # 1504
5385 - 1440 1
5386 # 1504
5386 + 1440
5387 # 1504
5387 - 1440 1
5388 # 1504
5388 + 1440
5389 # 1504
5389 - 1440 1
5390 # 1504
5390 + 1440
5391 # 1504
5391 - 1440 1
5392 # 1504
5392 + 1440
5393 # 1504
5393 - 1440 1
5394 # 1504
5394 + 88
5394 + 1440
5395 # 1504
5395 - 88 1
5396 # 1504
5396 - 1440 2
5396 + 1440
5397 # 1504
5397 - 1440 1
5398 # 1504
5398 + 1440
5399 # 1504
5399 - 1440 1
5400 # 1504
5400 + 1440
5401 # 1504
5401 - 1440 1
5402 # 1504
5402 + 1440
5403 # 1504
5403 - 1440 1
5404 # 1504
5404 + 1440
5405 # 1504
5405 - 1440 1
5405 + 88
5406 # 1504
5406 - 88 1
5407 # 1504
5407 + 1440
5408 # 1504
5408 - 1440 1
5409 # 1504
5409 + 1440
5410 # 1504
5410 - 1440 1
5411 # 1504
5412 # 1504
5412 + 1440
5413 # 1504
5413 - 1440 1
5414 # 1504
5414 + 1440
5415 # 1504
5415 - 1440 1
5416 # 1504
5417 # 1504
5417 + 1440
5417 + 88
5418 # 1504
5418 - 1440 1
5419 # 1504
5419 - 88 2
5420 # 1504
5420 + 1440
5421 # 1504
5421 - 1440 1
5422 # 1504
5422 + 1440
5423 # 1504
5423 - 1440 1
5424 # 1504
5425 # 1504
5425 + 1440
5426 # 1504
5426 - 1440 1
5427 # 1504
5427 + 1440
5427 + 88
5428 # 1504
5428 - 1440 1
5429 # 1504
5429 - 88 2
5430 # 1504
5430 + 1440
5431 # 1504
5431 - 1440 1
5432 # 1504
5432 + 1440
5433 # 1504
5433 - 1440 1
5434 # 1504
5434 + 1440
5435 # 1504
5435 - 1440 1
5436 # 1504
5436 + 1440
5437 # 1504
5437 - 1440 1
5438 # 1504
5438 + 1440
5439 # 1504
5439 - 1440 1
5439 + 88
5440 # 1504
5440 - 88 1
5440 + 1440
5441 # 1504
5441 - 1440 1
5442 # 1504
5442 + 1440
5443 # 1504
5443 - 1440 1
5444 # 1504
5444 + 1440
5445 # 1504
5445 - 1440 1
5446 # 1504
5446 + 1440
5447 # 1504
5447 - 1440 1
5448 # 1504
5448 + 1440
5449 # 1504
5449 - 1440 1
5449 + 88
5450 # 1504
5450 - 88 1
5450 + 1440
5451 # 1504
5451 - 1440 1
5452 # 1504
5453 # 1504
5453 + 1440
5454 # 1504
5454 - 1440 1
5455 # 1504
5455 + 1096
5456 # 1504
5456 - 1096 1
5457 # 1504
5458 # 1504
5458 + 1440
5459 # 1504
5459 - 1440 1
5460 # 1504
5460 + 1440
5460 + 88
5461 # 1504
5461 - 1440 1
5462 # 1504
5462 - 88 2
5463 # 1504
5463 + 1440
5464 # 1504
5464 - 1440 1
5465 # 1504
5465 + 1440
5466 # 1504
5466 - 1440 1
5467 # 1504
5468 # 1504
5468 + 1440
5469 # 1504
5469 - 1440 1
5470 # 1504
5471 # 1504
5471 + 1440
5472 # 1504
5472 - 1440 1
5472 + 88
5473 # 1504
5473 - 88 1
5473 + 1440
5474 # 1504
5474 - 1440 1
5475 # 1504
5476 # 1504
5476 + 1440
5477 # 1504
5477 - 1440 1
5478 # 1504
5478 + 1440
5479 # 1504
5479 - 1440 1
5480 # 1504
5480 + 1440
5481 # 1504
5481 - 1440 1
5482 # 1504
5482 + 1440
5483 # 1504
5483 - 1440 1
5483 + 88
5484 # 1504
5484 - 88 1
5485 # 1504
5485 + 1440
5486 # 1504
5486 - 1440 1
5487 # 1504
5487 + 1440
5488 # 1504
5488 - 1440 1
5489 # 1504
5489 + 1440
5490 # 1504
5490 - 1440 1
5491 # 1504
5491 + 1440
5492 # 1504
5492 - 1440 1
5493 # 1504
5494 # 1504
5494 + 1440
5494 + 88
5495 # 1504
5495 - 1440 1
5496 # 1504
5496 - 88 2
5496 + 1440
5497 # 1504
5497 - 1440 1
5498 # 1504
5498 + 1440
5499 # 1504
5499 - 1440 1
5500 # 1504
5500 + 1440
5501 # 1504
5501 - 1440 1
5502 # 1504
5502 + 1440
5503 # 1504
5503 - 1440 1
5504 # 1504
5504 + 1440
5505 # 1504
5505 - 1440 1
5505 + 88
5506 # 1504
5506 - 88 1
5506 + 1440
5507 # 1504
5507 - 1440 1
5508 # 1504
5508 + 1440
5509 # 1504
5509 - 1440 1
5510 # 1504
5510 + 1440
5511 # 1504
5511 - 1440 1
5512 # 1504
5513 # 1504
5513 + 1440
5514 # 1504
5514 - 1440 1
5515 # 1504
5515 + 1440
5515 + 88
5516 # 1504
5516 - 1440 1
5517 # 1504
5517 - 88 2
5517 + 1440
5518 # 1504
5518 - 1440 1
5519 # 1504
5519 + 1440
5520 # 1504
5520 - 1440 1
5521 # 1504
5521 + 1440
5522 # 1504
5522 - 1440 1
5523 # 1504
5523 + 1440
5524 # 1504
5524 - 1440 1
5525 # 1504
5525 + 1440
5526 # 1504
5526 - 1440 1
5526 + 88
5527 # 1504
5527 - 88 1
5527 + 1440
5528 # 1504
5528 - 1440 1
5528 + 1440
5529 # 1504
5529 - 1440 1
5530 # 1504
5530 + 1440
5531 # 1504
5531 - 1440 1
5532 # 1504
5532 + 1440
5533 # 1504
5533 - 1440 1
5534 # 1504
5534 + 1440
5535 # 1504
5535 - 1440 1
5536 # 1504
5536 + 1440
5537 # 1504
5537 - 1440 1
5537 + 88
5538 # 1504
5538 - 88 1
5538 + 1440
5539 # 1504
5539 - 1440 1
5540 # 1504
5540 + 1440
5541 # 1504
5541 - 1440 1
5542 # 1504
5542 + 1440
5543 # 1504
5543 - 1440 1
5544 # 1504
5544 + 1440
5545 # 1504
5545 - 1440 1
5546 # 1504
5546 + 1440
5547 # 1504
5547 - 1440 1
5548 # 1504
5548 + 1440
5549 # 1504
5549 - 1440 1
5549 + 88
5550 # 1504
5550 - 88 1
5550 + 1440
5551 # 1504
5551 - 1440 1
5552 # 1504
5553 # 1504
5553 + 1440
5554 # 1504
5554 - 1440 1
5555 # 1504
5555 + 1440
5556 # 1504
5556 - 1440 1
5557 # 1504
5557 + 1440
5558 # 1504
5558 - 1440 1
5559 # 1504
5559 + 1440
5559 + 88
5560 # 1504
5560 - 1440 1
5560 + 1440
5561 # 1504
5561 - 88 2
5561 - 1440 1
5562 # 1504
5562 + 1440
5563 # 1504
5563 - 1440 1
5564 # 1504
5564 + 1440
5565 # 1504
5565 - 1440 1
5566 # 1504
5566 + 1440
5567 # 1504
5567 - 1440 1
5567 + 1440
5568 # 1504
5568 - 1440 1
5569 # 1504
5569 + 1440
5570 # 1504
5570 - 1440 1
5570 + 88
5571 # 1504
5571 - 88 1
5571 + 1440
5572 # 1504
5572 - 1440 1
5573 # 1504
5573 + 1440
5574 # 1504
5574 - 1440 1
5574 + 1440
5575 # 1504
5575 - 1440 1
5576 # 1504
5576 + 1440
5577 # 1504
5577 - 1440 1
5578 # 1504
5578 + 1440
5579 # 1504
5579 - 1440 1
5580 # 1504
5580 + 1440
5581 # 1504
5581 - 1440 1
5581 + 88
5582 # 1504
5582 - 88 1
5582 + 1440
5583 # 1504
5583 - 1440 1
5584 # 1504
5584 + 1440
5585 # 1504
5585 - 1440 1
5586 # 1504
5586 + 1440
5587 # 1504
5587 - 1440 1
5587 + 1440
5588 # 1504
5588 - 1440 1
5589 # 1504
5589 + 1440
5590 # 1504
5590 - 1440 1
5591 # 1504
5591 + 1440
5592 # 1504
5592 - 1440 1
5592 + 88
5593 # 1504
5593 - 88 1
5593 + 1440
5594 # 1504
5594 - 1440 1
5595 # 1504
5595 + 1440
5596 # 1504
5596 - 1440 1
5597 # 1504
5597 + 1440
5598 # 1504
5598 - 1440 1
5598 + 1440
5599 # 1504
5599 - 1440 1
5600 # 1504
5600 + 1440
5601 # 1504
5601 - 1440 1
5602 # 1504
5602 + 1440
5603 # 1504
5603 - 1440 1
5603 + 88
5604 # 1504
5604 - 88 1
5604 + 1440
5605 # 1504
5605 - 1440 1
5605 + 1096
5606 # 1504
5606 - 1096 1
5607 # 1504
5607 + 1440
5608 # 1504
5608 - 1440 1
5608 + 88
5609 # 1504
5609 - 88 1
5609 + 1440
5610 # 1504
5610 - 1440 1
5610 + 1440
5611 # 1504
5611 - 1440 1
5612 # 1504
5612 + 1440
5613 # 1504
5613 - 1440 1
5614 # 1504
5614 + 1440
5615 # 1504
5615 - 1440 1
5615 + 1440
5616 # 1504
5616 - 1440 1
5617 # 1504
5617 + 1440
5618 # 1504
5618 - 1440 1
5619 # 1504
5619 + 88
5619 + 1440
5620 # 1504
5620 - 88 1
5621 # 1504
5621 - 1440 2
5621 + 1440
5622 # 1504
5622 - 1440 1
5622 + 1440
5623 # 1504
5623 - 1440 1
5624 # 1504
5624 + 1440
5625 # 1504
5625 - 1440 1
5626 # 1504
5626 + 1440
5627 # 1504
5627 - 1440 1
5627 + 1440
5628 # 1504
5628 - 1440 1
5629 # 1504
5629 + 1440
5630 # 1504
5630 - 1440 1
5630 + 88
5631 # 1504
5631 - 88 1
5631 + 1440
5632 # 1504
5632 - 1440 1
5632 + 1440
5633 # 1504
5633 - 1440 1
5634 # 1504
5634 + 1440
5635 # 1504
5635 - 1440 1
5635 + 1440
5636 # 1504
5636 - 1440 1
5637 # 1504
5637 + 1440
5638 # 1504
5638 - 1440 1
5638 + 1440
5639 # 1504
5639 - 1440 1
5640 # 1504
5640 + 1440
5641 # 1504
5641 - 1440 1
5641 + 1440
5641 + 88
5642 # 1504
5642 - 1440 1
5643 # 1504
5643 - 88 2
5643 + 1440
5644 # 1504
5644 - 1440 1
5644 + 1440
5645 # 1504
5645 - 1440 1
5646 # 1504
5646 + 1440
5647 # 1504
5647 - 1440 1
5647 + 1440
5648 # 1504
5648 - 1440 1
5649 # 1504
5649 + 1440
5650 # 1504
5650 - 1440 1
5651 # 1504
5651 + 1440
5652 # 1504
5652 - 1440 1
5652 + 1440
5652 + 88
5653 # 1504
5653 - 1440 1
5654 # 1504
5654 - 88 2
5654 + 1440
5655 # 1504
5655 - 1440 1
5655 + 1440
5656 # 1504
5656 - 1440 1
5657 # 1504
5657 + 1440
5658 # 1504
5658 - 1440 1
5659 # 1504
5659 + 1440
5660 # 1504
5660 - 1440 1
5660 + 1440
5661 # 1504
5661 - 1440 1
5662 # 1504
5662 + 1440
5663 # 1504
5663 - 1440 1
5663 + 88
5663 + 1440
5664 # 1504
5664 - 88 1
5665 # 1504
5665 - 1440 2
5665 + 1440
5666 # 1504
5666 - 1440 1
5667 # 1504
5667 + 1440
5668 # 1504
5668 - 1440 1
5668 + 1440
5669 # 1504
5669 - 1440 1
5670 # 1504
5670 + 1440
5671 # 1504
5671 - 1440 1
5671 + 1440
5672 # 1504
5672 - 1440 1
5673 # 1504
5673 + 1440
5674 # 1504
5674 - 1440 1
5674 + 1440
5674 + 88
5675 # 1504
5675 - 1440 1
5676 # 1504
5676 - 88 2
5676 + 1440
5677 # 1504
5677 - 1440 1
5677 + 1440
5678 # 1504
5678 - 1440 1
5679 # 1504
5679 + 1440
5680 # 1504
5680 - 1440 1
5681 # 1504
5681 + 1440
5682 # 1504
5682 - 1440 1
5683 # 1504
5683 + 1440
5684 # 1504
5684 - 1440 1
5685 # 1504
5685 + 1440
5686 # 1504
5686 - 1440 1
5686 + 88
5686 + 1440
5687 # 1504
5687 - 88 1
5688 # 1504
5688 - 1440 2
5688 + 1440
5689 # 1504
5689 - 1440 1
5690 # 1504
5690 + 1440
5691 # 1504
5691 - 1440 1
5692 # 1504
5692 + 1440
5693 # 1504
5693 - 1440 1
5693 + 1440
5694 # 1504
5694 - 1440 1
5695 # 1504
5695 + 1440
5696 # 1504
5696 - 1440 1
5696 + 88
5697 # 1504
5697 - 88 1
5697 + 1440
5698 # 1504
5698 - 1440 1
5699 # 1504
5699 + 1440
5700 # 1504
5700 - 1440 1
5701 # 1504
5701 + 1440
5702 # 1504
5702 - 1440 1
5702 + 1440
5703 # 1504
5703 - 1440 1
5704 # 1504
5704 + 1440
5705 # 1504
5705 - 1440 1
5706 # 1504
5706 + 1440
5707 # 1504
5707 - 1440 1
5707 + 88
5708 # 1504
5708 - 88 1
5708 + 1440
5709 # 1504
5709 - 1440 1
5709 + 1440
5710 # 1504
5710 - 1440 1
5711 # 1504
5711 + 1440
5712 # 1504
5712 - 1440 1
5713 # 1504
5713 + 1440
5714 # 1504
5714 - 1440 1
5714 + 1440
5715 # 1504
5715 - 1440 1
5716 # 1504
5716 + 1440
5717 # 1504
5717 - 1440 1
5717 + 1440
5718 # 1504
5718 - 1440 1
5718 + 88
5719 # 1504
5719 - 88 1
5719 + 1440
5720 # 1504
5720 - 1440 1
5720 + 1440
5721 # 1504
5721 - 1440 1
5722 # 1504
5722 + 1440
5723 # 1504
5723 - 1440 1
5723 + 1440
5724 # 1504
5724 - 1440 1
5725 # 1504
5725 + 1440
5726 # 1504
5726 - 1440 1
5727 # 1504
5727 + 1096
5728 # 1504
5728 - 1096 1
5728 + 88
5728 + 1440
5729 # 1504
5729 - 88 1
5729 + 88
5730 # 1504
5730 - 1440 2
5730 - 88 1
5730 + 1440
5731 # 1504
5731 - 1440 1
5731 + 1440
5732 # 1504
5732 - 1440 1
5733 # 1504
5733 + 1440
5734 # 1504
5734 - 1440 1
5735 # 1504
5735 + 1440
5736 # 1504
5736 - 1440 1
5736 + 1440
5737 # 1504
5737 - 1440 1
5738 # 1504
5738 + 1440
5739 # 1504
5739 - 1440 1
5740 # 1504
5740 + 1440
5741 # 1504
5741 - 1440 1
5741 + 1440
5742 # 1504
5742 - 1440 1
5742 + 88
5743 # 1504
5743 - 88 1
5743 + 1440
5744 # 1504
5744 - 1440 1
5745 # 1504
5745 + 1440
5746 # 1504
5746 - 1440 1
5747 # 1504
5747 + 1440
5748 # 1504
5748 - 1440 1
5748 + 1440
5749 # 1504
5749 - 1440 1
5750 # 1504
5750 + 1440
5751 # 1504
5751 - 1440 1
5752 # 1504
5752 + 1440
5753 # 1504
5753 - 1440 1
5753 + 88
5754 # 1504
5754 - 88 1
5754 + 1440
5755 # 1504
5755 - 1440 1
5755 + 1440
5756 # 1504
5756 - 1440 1
5757 # 1504
5757 + 1440
5758 # 1504
5758 - 1440 1
5759 # 1504
5759 + 1440
5760 # 1504
5760 - 1440 1
5761 # 1504
5761 + 1440
5762 # 1504
5762 - 1440 1
5762 + 1440
5763 # 1504
5763 - 1440 1
5763 + 88
5764 # 1504
5764 - 88 1
5764 + 1440
5765 # 1504
5765 - 1440 1
5765 + 1440
5766 # 1504
5766 - 1440 1
5767 # 1504
5767 + 1440
5768 # 1504
5768 - 1440 1
5768 + 1440
5769 # 1504
5769 - 1440 1
5770 # 1504
5770 + 1440
5771 # 1504
5771 - 1440 1
5771 + 1440
5772 # 1504
5772 - 1440 1
5773 # 1504
5773 + 1440
5774 # 1504
5774 - 1440 1
5774 + 1440
5775 # 1504
5775 - 1440 1
5775 + 88
5776 # 1504
5776 - 88 1
5776 + 1440
5777 # 1504
5777 - 1440 1
5778 # 1504
5778 + 1440
5779 # 1504
5779 - 1440 1
5779 + 1440
5780 # 1504
5780 - 1440 1
5781 # 1504
5781 + 1440
5782 # 1504
5782 - 1440 1
5782 + 1440
5783 # 1504
5783 - 1440 1
5784 # 1504
5784 + 1440
5785 # 1504
5785 - 1440 1
5785 + 88
5785 + 1440
5786 # 1504
5786 - 88 1
5787 # 1504
5787 - 1440 2
5787 + 1440
5788 # 1504
5788 - 1440 1
5788 + 1440
5789 # 1504
5789 - 1440 1
5790 # 1504
5790 + 1440
5791 # 1504
5791 - 1440 1
5792 # 1504
5792 + 1440
5793 # 1504
5793 - 1440 1
5793 + 1440
5794 # 1504
5794 - 1440 1
5794 + 1440
5795 # 1504
5795 - 1440 1
5796 # 1504
5796 + 1440
5796 + 88
5797 # 1504
5797 - 1440 1
5797 + 1440
5798 # 1504
5798 - 88 2
5798 - 1440 1
5799 # 1504
5799 + 1440
5800 # 1504
5800 - 1440 1
5800 + 1440
5801 # 1504
5801 - 1440 1
5802 # 1504
5802 + 1440
5803 # 1504
5803 - 1440 1
5803 + 1440
5804 # 1504
5804 - 1440 1
5805 # 1504
5805 + 1440
5806 # 1504
5806 - 1440 1
5806 + 1440
5806 + 88
5807 # 1504
5807 - 1440 1
5808 # 1504
5808 - 88 2
5808 + 1440
5809 # 1504
5809 - 1440 1
5809 + 1440
5810 # 1504
5810 - 1440 1
5811 # 1504
5811 + 1440
5812 # 1504
5812 - 1440 1
5812 + 1440
5813 # 1504
5813 - 1440 1
5814 # 1504
5814 + 1440
5815 # 1504
5815 - 1440 1
5816 # 1504
5816 + 1440
5817 # 1504
5817 - 1440 1
5817 + 88
5817 + 1440
5818 # 1504
5818 - 88 1
5819 # 1504
5819 - 1440 2
5819 + 1440
5820 # 1504
5820 - 1440 1
5821 # 1504
5821 + 1440
5822 # 1504
5822 - 1440 1
5822 + 1440
5823 # 1504
5823 - 1440 1
5824 # 1504
5824 + 1440
5825 # 1504
5825 - 1440 1
5825 + 1440
5826 # 1504
5826 - 1440 1
5827 # 1504
5827 + 1440
5828 # 1504
5828 - 1440 1
5828 + 88
5829 # 1504
5829 - 88 1
5829 + 1440
5830 # 1504
5830 - 1440 1
5830 + 1440
5831 # 1504
5831 - 1440 1
5832 # 1504
5832 + 1440
5833 # 1504
5833 - 1440 1
5834 # 1504
5834 + 1440
5835 # 1504
5835 - 1440 1
5835 + 1440
5836 # 1504
5836 - 1440 1
5837 # 1504
5837 + 1440
5838 # 1504
5838 - 1440 1
5839 # 1504
5839 + 1440
5840 # 1504
5840 - 1440 1
5840 + 88
5840 + 1440
5841 # 1504
5841 - 88 1
5842 # 1504
5842 - 1440 2
5842 + 1440
5843 # 1504
5843 - 1440 1
5843 + 1440
5844 # 1504
5844 - 1440 1
5845 # 1504
5845 + 1096
5846 # 1504
5846 - 1096 1
5846 + 1440
5847 # 1504
5847 - 1440 1
5847 + 88
5848 # 1504
5848 - 88 1
5848 + 1440
5849 # 1504
5849 - 1440 1
5849 + 1440
5850 # 1504
5850 - 1440 1
5851 # 1504
5851 + 1440
5852 # 1504
5852 - 1440 1
5852 + 1440
5853 # 1504
5853 - 1440 1
5854 # 1504
5854 + 1440
5855 # 1504
5855 - 1440 1
5856 # 1504
5856 + 1440
5857 # 1504
5857 - 1440 1
5857 + 1440
5858 # 1504
5858 - 1440 1
5858 + 88
5859 # 1504
5859 - 88 1
5859 + 1440
5860 # 1504
5860 - 1440 1
5861 # 1504
5861 + 1440
5862 # 1504
5862 - 1440 1
5863 # 1504
5863 + 1440
5864 # 1504
5864 - 1440 1
5865 # 1504
5865 + 1440
5866 # 1504
5866 - 1440 1
5866 + 1440
5867 # 1504
5867 - 1440 1
5868 # 1504
5868 + 1440
5869 # 1504
5869 - 1440 1
5869 + 88
5870 # 1504
5870 - 88 1
5870 + 1440
5871 # 1504
5871 - 1440 1
5872 # 1504
5872 + 1440
5873 # 1504
5873 - 1440 1
5873 + 1440
5874 # 1504
5874 - 1440 1
5875 # 1504
5875 + 1440
5876 # 1504
5876 - 1440 1
5876 + 1440
5877 # 1504
5877 - 1440 1
5878 # 1504
5878 + 1440
5879 # 1504
5879 - 1440 1
5879 + 1440
5880 # 1504
5880 - 1440 1
5881 # 1504
5881 + 1440
5881 + 88
5882 # 1504
5882 - 1440 1
5882 + 1440
5883 # 1504
5883 - 88 2
5883 - 1440 1
5884 # 1504
5884 + 1440
5885 # 1504
5885 - 1440 1
5885 + 1440
5886 # 1504
5886 - 1440 1
5887 # 1504
5887 + 1440
5888 # 1504
5888 - 1440 1
5889 # 1504
5889 + 1440
5890 # 1504
5890 - 1440 1
5891 # 1504
5891 + 1440
5892 # 1504
5892 - 1440 1
5892 + 88
5892 + 1440
5893 # 1504
5893 - 88 1
5894 # 1504
5894 - 1440 2
5894 + 1440
5895 # 1504
5895 - 1440 1
5896 # 1504
5896 + 1440
5897 # 1504
5897 - 1440 1
5898 # 1504
5898 + 1440
5899 # 1504
5899 - 1440 1
5899 + 1440
5900 # 1504
5900 - 1440 1
5901 # 1504
5901 + 1440
5902 # 1504
5902 - 1440 1
5902 + 88
5903 # 1504
5903 - 88 1
5903 + 1440
5904 # 1504
5904 - 1440 1
5905 # 1504
5905 + 1440
5906 # 1504
5906 - 1440 1
5906 + 1440
5907 # 1504
5907 - 1440 1
5908 # 1504
5908 + 1440
5909 # 1504
5909 - 1440 1
5910 # 1504
5910 + 1440
5911 # 1504
5911 - 1440 1
5911 + 1440
5912 # 1504
5912 - 1440 1
5913 # 1504
5913 + 1440
5914 # 1504
5914 - 1440 1
5914 + 88
5915 # 1504
5915 - 88 1
5915 + 1440
5916 # 1504
5916 - 1440 1
5916 + 1440
5917 # 1504
5917 - 1440 1
5918 # 1504
5918 + 1440
5919 # 1504
5919 - 1440 1
5919 + 1440
5920 # 1504
5920 - 1440 1
5921 # 1504
5921 + 1440
5922 # 1504
5922 - 1440 1
5923 # 1504
5923 + 1440
5924 # 1504
5924 - 1440 1
5924 + 1440
5925 # 1504
5925 - 1440 1
5925 + 88
5926 # 1504
5926 - 88 1
5926 + 1440
5927 # 1504
5927 - 1440 1
5927 + 1440
5928 # 1504
5928 - 1440 1
5929 # 1504
5929 + 1440
5930 # 1504
5930 - 1440 1
5930 + 1440
5931 # 1504
5931 - 1440 1
5932 # 1504
5932 + 1440
5933 # 1504
5933 - 1440 1
5933 + 1440
5934 # 1504
5934 - 1440 1
5935 # 1504
5935 + 1440
5936 # 1504
5936 - 1440 1
5936 + 88
5936 + 1440
5937 # 1504
5937 - 88 1
5938 # 1504
5938 - 1440 2
5938 + 1440
5939 # 1504
5939 - 1440 1
5940 # 1504
5940 + 1440
5941 # 1504
5941 - 1440 1
5942 # 1504
5942 + 1440
5943 # 1504
5943 - 1440 1
5944 # 1504
5944 + 1440
5945 # 1504
5945 - 1440 1
5945 + 1440
5946 # 1504
5946 - 1440 1
5947 # 1504
5947 + 88
5947 + 1440
5948 # 1504
5948 - 88 1
5949 # 1504
5949 - 1440 2
5949 + 1440
5950 # 1504
5950 - 1440 1
5951 # 1504
5951 + 1440
5952 # 1504
5952 - 1440 1
5952 + 1440
5953 # 1504
5953 - 1440 1
5954 # 1504
5954 + 1440
5955 # 1504
5955 - 1440 1
5956 # 1504
5956 + 1440
5957 # 1504
5957 - 1440 1
5957 + 88
5957 + 1440
5958 # 1504
5958 - 88 1
5959 # 1504
5959 - 1440 2
5959 + 1440
5960 # 1504
5960 - 1440 1
5961 # 1504
5961 + 1440
5962 # 1504
5962 - 1440 1
5962 + 1440
5963 # 1504
5963 - 1440 1
5964 # 1504
5964 + 1440
5965 # 1504
5965 - 1440 1
5965 + 1440
5966 # 1504
5966 - 1440 1
5967 # 1504
5967 + 1096
5968 # 1504
5968 - 1096 1
5968 + 88
5968 + 1440
5969 # 1504
5969 - 88 1
5969 + 88
5970 # 1504
5970 - 1440 2
5970 - 88 1
5970 + 1440
5971 # 1504
5971 - 1440 1
5971 + 1440
5972 # 1504
5972 - 1440 1
5973 # 1504
5973 + 1440
5974 # 1504
5974 - 1440 1
5975 # 1504
5975 + 1440
5976 # 1504
5976 - 1440 1
5976 + 1440
5977 # 1504
5977 - 1440 1
5978 # 1504
5978 + 1440
5979 # 1504
5979 - 1440 1
5980 # 1504
5980 + 1440
5980 + 88
5981 # 1504
5981 - 1440 1
5981 + 1440
5982 # 1504
5982 - 88 2
5982 - 1440 1
5983 # 1504
5983 + 1440
5984 # 1504
5984 - 1440 1
5985 # 1504
5985 + 1440
5986 # 1504
5986 - 1440 1
5986 + 1440
5987 # 1504
5987 - 1440 1
5988 # 1504
5988 + 1440
5989 # 1504
5989 - 1440 1
5989 + 1440
5990 # 1504
5990 - 1440 1
5990 + 1440
5991 # 1504
5991 - 1440 1
5992 # 1504
5992 + 1440
5992 + 88
5993 # 1504
5993 - 1440 1
5993 + 1440
5994 # 1504
5994 - 88 2
5994 - 1440 1
5995 # 1504
5995 + 1440
5996 # 1504
5996 - 1440 1
5996 + 1440
5997 # 1504
5997 - 1440 1
5998 # 1504
5998 + 1440
5999 # 1504
5999 - 1440 1
5999 + 1440
6000 # 1504
6000 - 1440 1
6000 + 1440
6001 # 1504
6001 - 1440 1
6002 # 1504
6002 + 1440
6002 + 88
6003 # 1504
6003 - 1440 1
6004 # 1504
6004 - 88 2
6004 + 1440
6005 # 1504
6005 - 1440 1
6005 + 1440
6006 # 1504
6006 - 1440 1
6007 # 1504
6007 + 1440
6008 # 1504
6008 - 1440 1
6008 + 1440
6009 # 1504
6009 - 1440 1
6010 # 1504
6010 + 1440
6011 # 1504
6011 - 1440 1
6012 # 1504
6012 + 1440
6013 # 1504
6013 - 1440 1
6013 + 1440
6013 + 88
6014 # 1504
6014 - 1440 1
6015 # 1504
6015 - 88 2
6015 + 1440
6016 # 1504
6016 - 1440 1
6017 # 1504
6017 + 1440
6018 # 1504
6018 - 1440 1
6018 + 1440
6019 # 1504
6019 - 1440 1
6020 # 1504
6020 + 1440
6021 # 1504
6021 - 1440 1
6022 # 1504
6022 + 1440
6023 # 1504
6023 - 1440 1
6024 # 1504
6024 + 1440
6025 # 1504
6025 - 1440 1
6025 + 88
6025 + 1440
6026 # 1504
6026 - 88 1
6027 # 1504
6027 - 1440 2
6027 + 1440
6028 # 1504
6028 - 1440 1
6029 # 1504
6029 + 1440
6030 # 1504
6030 - 1440 1
6031 # 1504
6031 + 1440
6032 # 1504
6032 - 1440 1
6033 # 1504
6033 + 1440
6034 # 1504
6034 - 1440 1
6034 + 1440
6035 # 1504
6035 - 1440 1
6035 + 88
6036 # 1504
6036 - 88 1
6036 + 1440
6037 # 1504
6037 - 1440 1
6037 + 1440
6038 # 1504
6038 - 1440 1
6039 # 1504
6039 + 1440
6040 # 1504
6040 - 1440 1
6040 + 1440
6041 # 1504
6041 - 1440 1
6042 # 1504
6042 + 1440
6043 # 1504
6043 - 1440 1
6044 # 1504
6044 + 1440
6045 # 1504
6045 - 1440 1
6045 + 1440
6046 # 1504
6046 - 1440 1
6046 + 88
6047 # 1504
6047 - 88 1
6047 + 1440
6048 # 1504
6048 - 1440 1
6048 + 1440
6049 # 1504
6049 - 1440 1
6050 # 1504
6050 + 1440
6051 # 1504
6051 - 1440 1
6051 + 1440
6052 # 1504
6052 - 1440 1
6053 # 1504
6053 + 1440
6054 # 1504
6054 - 1440 1
6055 # 1504
6055 + 1440
6056 # 1504
6056 - 1440 1
6056 + 88
6057 # 1504
6057 - 88 1
6057 + 1440
6058 # 1504
6058 - 1440 1
6059 # 1504
6059 + 1440
6060 # 1504
6060 - 1440 1
6060 + 1440
6061 # 1504
6061 - 1440 1
6062 # 1504
6062 + 1440
6063 # 1504
6063 - 1440 1
6064 # 1504
6064 + 1440
6065 # 1504
6065 - 1440 1
6066 # 1504
6066 + 1440
6067 # 1504
6067 - 1440 1
6067 + 88
6067 + 1440
6068 # 1504
6068 - 88 1
6069 # 1504
6069 - 1440 2
6069 + 1440
6070 # 1504
6070 - 1440 1
6071 # 1504
6071 + 1440
6072 # 1504
6072 - 1440 1
6072 + 1440
6073 # 1504
6073 - 1440 1
6074 # 1504
6074 + 1440
6075 # 1504
6075 - 1440 1
6075 + 1440
6076 # 1504
6076 - 1440 1
6077 # 1504
6077 + 1440
6078 # 1504
6078 - 1440 1
6078 + 1440
6078 + 88
6079 # 1504
6079 - 1440 1
6080 # 1504
6080 - 88 2
6080 + 1440
6081 # 1504
6081 - 1440 1
6081 + 1440
6082 # 1504
6082 - 1440 1
6083 # 1504
6083 + 1440
6084 # 1504
6084 - 1440 1
6084 + 1440
6085 # 1504
6085 - 1440 1
6086 # 1504
6086 + 1096
6087 # 1504
6087 - 1096 1
6088 # 1504
6088 + 1440
6089 # 1504
6089 - 1440 1
6089 + 88
6090 # 1504
6090 - 88 1
6090 + 1440
6091 # 1504
6091 - 1440 1
6091 + 1440
6092 # 1504
6092 - 1440 1
6093 # 1504
6093 + 1440
6094 # 1504
6094 - 1440 1
6095 # 1504
6095 + 1440
6096 # 1504
6096 - 1440 1
6097 # 1504
6097 + 1440
6098 # 1504
6098 - 1440 1
6098 + 1440
6099 # 1504
6099 - 1440 1
6099 + 88
6100 # 1504
6100 - 88 1
6100 + 1440
6101 # 1504
6101 - 1440 1
6102 # 1504
6102 + 1440
6103 # 1504
6103 - 1440 1
6104 # 1504
6104 + 1440
6105 # 1504
6105 - 1440 1
6106 # 1504
6106 + 1440
6107 # 1504
6107 - 1440 1
6108 # 1504
6108 + 1440
6109 # 1504
6109 - 1440 1
6110 # 1504
6110 + 1440
6111 # 1504
6111 - 1440 1
6111 + 88
6112 # 1504
6112 - 88 1
6112 + 1440
6113 # 1504
6113 - 1440 1
6114 # 1504
6114 + 1440
6115 # 1504
6115 - 1440 1
6116 # 1504
6116 + 1440
6117 # 1504
6117 - 1440 1
6118 # 1504
6118 + 1440
6119 # 1504
6119 - 1440 1
6119 + 1440
6120 # 1504
6120 - 1440 1
6121 # 1504
6121 + 1440
6122 # 1504
6122 - 1440 1
6122 + 88
6123 # 1504
6123 - 88 1
6123 + 1440
6124 # 1504
6124 - 1440 1
6124 + 1440
6125 # 1504
6125 - 1440 1
6126 # 1504
6126 + 1440
6127 # 1504
6127 - 1440 1
6128 # 1504
6128 + 1440
6129 # 1504
6129 - 1440 1
6129 + 1440
6130 # 1504
6130 - 1440 1
6131 # 1504
6131 + 1440
6132 # 1504
6132 - 1440 1
6133 # 1504
6133 + 1440
6134 # 1504
6134 - 1440 1
6134 + 88
6134 + 1440
6135 # 1504
6135 - 88 1
6136 # 1504
6136 - 1440 2
6136 + 1440
6137 # 1504
6137 - 1440 1
6138 # 1504
6138 + 1440
6139 # 1504
6139 - 1440 1
6139 + 1440
6140 # 1504
6140 - 1440 1
6141 # 1504
6141 + 1440
6142 # 1504
6142 - 1440 1
6143 # 1504
6143 + 1440
6144 # 1504
6144 - 1440 1
6144 + 1440
6145 # 1504
6145 - 1440 1
6145 + 88
6146 # 1504
6146 - 88 1
6146 + 1440
6147 # 1504
6147 - 1440 1
6148 # 1504
6148 + 1440
6149 # 1504
6149 - 1440 1
6149 + 1440
6150 # 1504
6150 - 1440 1
6151 # 1504
6151 + 1440
6152 # 1504
6152 - 1440 1
6153 # 1504
6153 + 1440
6154 # 1504
6154 - 1440 1
6154 + 1440
6155 # 1504
6155 - 1440 1
6156 # 1504
6156 + 1440
6157 # 1504
6157 - 1440 1
6157 + 88
6157 + 1440
6158 # 1504
6158 - 88 1
6159 # 1504
6159 - 1440 2
6159 + 1440
6160 # 1504
6160 - 1440 1
6160 + 1440
6161 # 1504
6161 - 1440 1
6162 # 1504
6162 + 1440
6163 # 1504
6163 - 1440 1
6163 + 1440
6164 # 1504
6164 - 1440 1
6165 # 1504
6165 + 1440
6166 # 1504
6166 - 1440 1
6166 + 1440
6167 # 1504
6167 - 1440 1
6167 + 88
6168 # 1504
6168 - 88 1
6168 + 1440
6169 # 1504
6169 - 1440 1
6170 # 1504
6170 + 1440
6171 # 1504
6171 - 1440 1
6172 # 1504
6172 + 1440
6173 # 1504
6173 - 1440 1
6173 + 1440
6174 # 1504
6174 - 1440 1
6175 # 1504
6175 + 1440
6176 # 1504
6176 - 1440 1
6177 # 1504
6177 + 1440
6178 # 1504
6178 - 1440 1
6178 + 88
6179 # 1504
6179 - 88 1
6179 + 1440
6180 # 1504
6180 - 1440 1
6180 + 1440
6181 # 1504
6181 - 1440 1
6182 # 1504
6182 + 1440
6183 # 1504
6183 - 1440 1
6184 # 1504
6184 + 1440
6185 # 1504
6185 - 1440 1
6186 # 1504
6186 + 1440
6187 # 1504
6187 - 1440 1
6188 # 1504
6188 + 1440
6189 # 1504
6189 - 1440 1
6189 + 88
6189 + 1440
6190 # 1504
6190 - 88 1
6191 # 1504
6191 - 1440 2
6191 + 1440
6192 # 1504
6192 - 1440 1
6193 # 1504
6193 + 1440
6194 # 1504
6194 - 1440 1
6195 # 1504
6195 + 1440
6196 # 1504
6196 - 1440 1
6196 + 1440
6197 # 1504
6197 - 1440 1
6198 # 1504
6198 + 1440
6199 # 1504
6199 - 1440 1
6200 # 1504
6200 + 88
6200 + 1440
6201 # 1504
6201 - 88 1
6202 # 1504
6202 - 1440 2
6202 + 1440
6203 # 1504
6203 - 1440 1
6203 + 1440
6204 # 1504
6204 - 1440 1
6205 # 1504
6205 + 1440
6206 # 1504
6206 - 1440 1
6207 # 1504
6207 + 1440
6208 # 1504
6208 - 1440 1
6208 + 1440
6209 # 1504
6209 - 1440 1
6210 # 1504
6210 + 1440
6211 # 1504
6211 - 1440 1
6211 + 88
6211 + 1440
6212 # 1504
6212 - 88 1
6213 # 1504
6213 - 1440 2
6213 + 1096
6214 # 1504
6214 - 1096 1
6214 + 1440
6215 # 1504
6215 - 1440 1
6215 + 88
6216 # 1504
6216 - 88 1
6216 + 1440
6217 # 1504
6217 - 1440 1
6217 + 1440
6218 # 1504
6218 - 1440 1
6219 # 1504
6219 + 1440
6220 # 1504
6220 - 1440 1
6220 + 1440
6221 # 1504
6221 - 1440 1
6222 # 1504
6222 + 1440
6223 # 1504
6223 - 1440 1
6224 # 1504
6224 + 1440
6225 # 1504
6225 - 1440 1
6226 # 1504
6226 + 1440
6227 # 1504
6227 - 1440 1
6227 + 88
6227 + 1440
6228 # 1504
6228 - 88 1
6229 # 1504
6229 - 1440 2
6229 + 1440
6230 # 1504
6230 - 1440 1
6231 # 1504
6231 + 1440
6232 # 1504
6232 - 1440 1
6233 # 1504
6233 + 1440
6234 # 1504
6234 - 1440 1
6234 + 1440
6235 # 1504
6235 - 1440 1
6236 # 1504
6236 + 1440
6237 # 1504
6237 - 1440 1
6237 + 88
6238 # 1504
6238 - 88 1
6238 + 1440
6239 # 1504
6239 - 1440 1
6240 # 1504
6240 + 1440
6241 # 1504
6241 - 1440 1
6241 + 1440
6242 # 1504
6242 - 1440 1
6243 # 1504
6243 + 1440
6244 # 1504
6244 - 1440 1
6244 + 1440
6245 # 1504
6245 - 1440 1
6246 # 1504
6246 + 1440
6247 # 1504
6247 - 1440 1
6248 # 1504
6248 + 1440
6249 # 1504
6249 - 1440 1
6249 + 88
6249 + 1440
6250 # 1504
6250 - 88 1
6251 # 1504
6251 - 1440 2
6251 + 1440
6252 # 1504
6252 - 1440 1
6253 # 1504
6253 + 1440
6254 # 1504
6254 - 1440 1
6255 # 1504
6255 + 1440
6256 # 1504
6256 - 1440 1
6257 # 1504
6257 + 1440
6258 # 1504
6258 - 1440 1
6258 + 1440
6259 # 1504
6259 - 1440 1
6259 + 88
6260 # 1504
6260 - 88 1
6260 + 1440
6261 # 1504
6261 - 1440 1
6262 # 1504
6262 + 1440
6263 # 1504
6263 - 1440 1
6264 # 1504
6264 + 1440
6265 # 1504
6265 - 1440 1
6266 # 1504
6266 + 1440
6267 # 1504
6267 - 1440 1
6268 # 1504
6268 + 1440
6269 # 1504
6269 - 1440 1
6270 # 1504
6270 + 1440
6271 # 1504
6271 - 1440 1
6271 + 88
6272 # 1504
6272 - 88 1
6272 + 1440
6273 # 1504
6273 - 1440 1
6274 # 1504
6274 + 1440
6275 # 1504
6275 - 1440 1
6275 + 1440
6276 # 1504
6276 - 1440 1
6277 # 1504
6277 + 1440
6278 # 1504
6278 - 1440 1
6279 # 1504
6279 + 1440
6280 # 1504
6280 - 1440 1
6280 + 1440
6281 # 1504
6281 - 1440 1
6282 # 1504
6282 + 1440
6283 # 1504
6283 - 1440 1
6283 + 88
6283 + 1440
6284 # 1504
6284 - 88 1
6285 # 1504
6285 - 1440 2
6285 + 1440
6286 # 1504
6286 - 1440 1
6287 # 1504
6287 + 1440
6288 # 1504
6288 - 1440 1
6288 + 1440
6289 # 1504
6289 - 1440 1
6290 # 1504
6290 + 1440
6291 # 1504
6291 - 1440 1
6292 # 1504
6292 + 1440
6293 # 1504
6293 - 1440 1
6293 + 88
6294 # 1504
6294 - 88 1
6294 + 1440
6295 # 1504
6295 - 1440 1
6296 # 1504
6296 + 1440
6297 # 1504
6297 - 1440 1
6298 # 1504
6298 + 1440
6299 # 1504
6299 - 1440 1
6300 # 1504
6300 + 1440
6301 # 1504
6301 - 1440 1
6302 # 1504
6302 + 1440
6303 # 1504
6303 - 1440 1
6304 # 1504
6304 + 1440
6305 # 1504
6305 - 1440 1
6305 + 88
6306 # 1504
6306 - 88 1
6306 + 1440
6307 # 1504
6307 - 1440 1
6308 # 1504
6308 + 1440
6309 # 1504
6309 - 1440 1
6309 + 1440
6310 # 1504
6310 - 1440 1
6311 # 1504
6311 + 1440
6312 # 1504
6312 - 1440 1
6313 # 1504
6313 + 1440
6314 # 1504
6314 - 1440 1
6315 # 1504
6315 + 1440
6316 # 1504
6316 - 1440 1
6316 + 88
6317 # 1504
6317 - 88 1
6317 + 1440
6318 # 1504
6318 - 1440 1
6318 + 1440
6319 # 1504
6319 - 1440 1
6320 # 1504
6320 + 1440
6321 # 1504
6321 - 1440 1
6322 # 1504
6322 + 1440
6323 # 1504
6323 - 1440 1
6324 # 1504
6324 + 1440
6325 # 1504
6325 - 1440 1
6325 + 1440
6326 # 1504
6326 - 1440 1
6326 + 88
6327 # 1504
6327 - 88 1
6327 + 1440
6328 # 1504
6328 - 1440 1
6329 # 1504
6329 + 1440
6330 # 1504
6330 - 1440 1
6330 + 1440
6331 # 1504
6331 - 1440 1
6332 # 1504
6332 + 1440
6333 # 1504
6333 - 1440 1
6334 # 1504
6334 + 1440
6335 # 1504
6335 - 1440 1
6335 + 1440
6336 # 1504
6336 - 1440 1
6336 + 88
6337 # 1504
6337 - 88 1
6337 + 1440
6338 # 1504
6338 - 1440 1
6339 # 1504
6339 + 1440
6340 # 1504
6340 - 1440 1
6340 + 1440
6341 # 1504
6341 - 1440 1
6342 # 1504
6342 + 1096
6343 # 1504
6343 - 1096 1
6344 # 1504
6344 + 1440
6345 # 1504
6345 - 1440 1
6345 + 88
6346 # 1504
6346 - 88 1
6346 + 1440
6347 # 1504
6347 - 1440 1
6348 # 1504
6348 + 1440
6349 # 1504
6349 - 1440 1
6350 # 1504
6350 + 1440
6351 # 1504
6351 - 1440 1
6352 # 1504
6352 + 1440
6353 # 1504
6353 - 1440 1
6353 + 1440
6354 # 1504
6354 - 1440 1
6355 # 1504
6355 + 1440
6356 # 1504
6356 - 1440 1
6356 + 88
6357 # 1504
6357 - 88 1
6357 + 1440
6358 # 1504
6358 - 1440 1
6359 # 1504
6359 + 1440
6360 # 1504
6360 - 1440 1
6361 # 1504
6361 + 1440
6362 # 1504
6362 - 1440 1
6363 # 1504
6363 + 1440
6364 # 1504
6364 - 1440 1
6365 # 1504
6365 + 1440
6366 # 1504
6366 - 1440 1
6366 + 88
6366 + 1440
6367 # 1504
6367 - 88 1
6368 # 1504
6368 - 1440 2
6368 + 1440
6369 # 1504
6369 - 1440 1
6370 # 1504
6370 + 1440
6371 # 1504
6371 - 1440 1
6371 + 1440
6372 # 1504
6372 - 1440 1
6373 # 1504
6373 + 1440
6374 # 1504
6374 - 1440 1
6374 + 1440
6375 # 1504
6375 - 1440 1
6376 # 1504
6376 + 88
6376 + 1440
6377 # 1504
6377 - 88 1
6378 # 1504
6378 - 1440 2
6378 + 1440
6379 # 1504
6379 - 1440 1
6379 + 1440
6380 # 1504
6380 - 1440 1
6381 # 1504
6381 + 1440
6382 # 1504
6382 - 1440 1
6382 + 1440
6383 # 1504
6383 - 1440 1
6384 # 1504
6384 + 1440
6385 # 1504
6385 - 1440 1
6385 + 1440
6386 # 1504
6386 - 1440 1
6387 # 1504
6387 + 88
6387 + 1440
6388 # 1504
6388 - 88 1
6388 + 1440
6389 # 1504
6389 - 1440 2
6389 - 1440 1
6390 # 1504
6390 + 1440
6391 # 1504
6391 - 1440 1
6392 # 1504
6392 + 1440
6393 # 1504
6393 - 1440 1
6393 + 1440
6394 # 1504
6394 - 1440 1
6395 # 1504
6395 + 1440
6396 # 1504
6396 - 1440 1
6397 # 1504
6397 + 1440
6397 + 88
6398 # 1504
6398 - 1440 1
6398 + 1440
6399 # 1504
6399 - 88 2
6399 - 1440 1
6400 # 1504
6400 + 1440
6401 # 1504
6401 - 1440 1
6402 # 1504
6402 + 1440
6403 # 1504
6403 - 1440 1
6404 # 1504
6404 + 1440
6405 # 1504
6405 - 1440 1
6405 + 1440
6406 # 1504
6406 - 1440 1
6407 # 1504
6407 + 1440
6408 # 1504
6408 - 1440 1
6409 # 1504
6409 + 1440
6410 # 1504
6410 - 1440 1
6411 # 1504
6411 + 1440
6411 + 88
6412 # 1504
6412 - 1440 1
6412 + 1440
6413 # 1504
6413 - 88 2
6413 - 1440 1
6414 # 1504
6414 + 1440
6415 # 1504
6415 - 1440 1
6416 # 1504
6416 + 1440
6417 # 1504
6417 - 1440 1
6418 # 1504
6418 + 1440
6419 # 1504
6419 - 1440 1
6419 + 1440
6420 # 1504
6420 - 1440 1
6420 + 88
6421 # 1504
6421 - 88 1
6421 + 1440
6422 # 1504
6422 - 1440 1
6423 # 1504
6423 + 1440
6424 # 1504
6424 - 1440 1
6425 # 1504
6425 + 1440
6426 # 1504
6426 - 1440 1
6427 # 1504
6427 + 1440
6428 # 1504
6428 - 1440 1
6428 + 1440
6429 # 1504
6429 - 1440 1
6430 # 1504
6430 + 1440
6431 # 1504
6431 - 1440 1
6432 # 1504
6432 + 88
6432 + 1440
6433 # 1504
6433 - 88 1
6434 # 1504
6434 - 1440 2
6434 + 1440
6435 # 1504
6435 - 1440 1
6436 # 1504
6436 + 1440
6437 # 1504
6437 - 1440 1
6438 # 1504
6438 + 1440
6439 # 1504
6439 - 1440 1
6440 # 1504
6440 + 1440
6441 # 1504
6441 - 1440 1
6442 # 1504
6442 + 1440
6443 # 1504
6443 - 1440 1
6443 + 88
6444 # 1504
6444 - 88 1
6444 + 1440
6445 # 1504
6445 - 1440 1
6446 # 1504
6446 + 1440
6447 # 1504
6447 - 1440 1
6448 # 1504
6448 + 1440
6449 # 1504
6449 - 1440 1
6449 + 1440
6450 # 1504
6450 - 1440 1
6451 # 1504
6451 + 1440
6452 # 1504
6452 - 1440 1
6453 # 1504
6453 + 1440
6454 # 1504
6454 - 1440 1
6454 + 1440
6454 + 88
6455 # 1504
6455 - 1440 1
6456 # 1504
6456 - 88 2
6456 + 1440
6457 # 1504
6457 - 1440 1
6457 + 1440
6458 # 1504
6458 - 1440 1
6459 # 1504
6459 + 1440
6460 # 1504
6460 - 1440 1
6461 # 1504
6461 + 1440
6462 # 1504
6462 - 1440 1
6462 + 1440
6463 # 1504
6463 - 1440 1
6464 # 1504
6464 + 1440
6465 # 1504
6465 - 1440 1
6465 + 88
6466 # 1504
6466 - 88 1
6466 + 1440
6467 # 1504
6467 - 1440 1
6467 + 1440
6468 # 1504
6468 - 1440 1
6469 # 1504
6469 + 1440
6470 # 1504
6470 - 1440 1
6471 # 1504
6471 + 1096
6472 # 1504
6472 - 1096 1
6472 + 1440
6473 # 1504
6473 - 1440 1
6473 + 88
6474 # 1504
6474 - 88 1
6474 + 1440
6475 # 1504
6475 - 1440 1
6475 + 1440
6476 # 1504
6476 - 1440 1
6477 # 1504
6477 + 1440
6478 # 1504
6478 - 1440 1
6479 # 1504
6479 + 1440
6480 # 1504
6480 - 1440 1
6480 + 1440
6481 # 1504
6481 - 1440 1
6482 # 1504
6482 + 1440
6483 # 1504
6483 - 1440 1
6484 # 1504
6484 + 1440
6485 # 1504
6485 - 1440 1
6485 + 88
6486 # 1504
6486 - 88 1
6486 + 1440
6487 # 1504
6487 - 1440 1
6488 # 1504
6488 + 1440
6489 # 1504
6489 - 1440 1
6490 # 1504
6490 + 1440
6491 # 1504
6491 - 1440 1
6492 # 1504
6492 + 1440
6493 # 1504
6493 - 1440 1
6494 # 1504
6494 + 1440
6495 # 1504
6495 - 1440 1
6496 # 1504
6496 + 1440
6497 # 1504
6497 - 1440 1
6497 + 88
6498 # 1504
6498 - 88 1
6498 + 1440
6499 # 1504
6499 - 1440 1
6500 # 1504
6500 + 1440
6501 # 1504
6501 - 1440 1
6501 + 1440
6502 # 1504
6502 - 1440 1
6503 # 1504
6503 + 1440
6504 # 1504
6504 - 1440 1
6505 # 1504
6505 + 1440
6506 # 1504
6506 - 1440 1
6506 + 1440
6507 # 1504
6507 - 1440 1
6508 # 1504
6508 + 1440
6508 + 88
6509 # 1504
6509 - 1440 1
6510 # 1504
6510 - 88 2
6510 + 1440
6511 # 1504
6511 - 1440 1
6511 + 1440
6512 # 1504
6512 - 1440 1
6513 # 1504
6513 + 1440
6514 # 1504
6514 - 1440 1
6515 # 1504
6515 + 1440
6516 # 1504
6516 - 1440 1
6516 + 1440
6517 # 1504
6517 - 1440 1
6518 # 1504
6518 + 1440
6519 # 1504
6519 - 1440 1
6519 + 88
6520 # 1504
6520 - 88 1
6520 + 1440
6521 # 1504
6521 - 1440 1
6522 # 1504
6522 + 1440
6523 # 1504
6523 - 1440 1
6523 + 1440
6524 # 1504
6524 - 1440 1
6525 # 1504
6525 + 1440
6526 # 1504
6526 - 1440 1
6527 # 1504
6527 + 1440
6528 # 1504
6528 - 1440 1
6529 # 1504
6529 + 1440
6530 # 1504
6530 - 1440 1
6530 + 88
6531 # 1504
6531 - 88 1
6531 + 1440
6532 # 1504
6532 - 1440 1
6532 + 1440
6533 # 1504
6533 - 1440 1
6534 # 1504
6534 + 1440
6535 # 1504
6535 - 1440 1
6536 # 1504
6536 + 1440
6537 # 1504
6537 - 1440 1
6537 + 1440
6538 # 1504
6538 - 1440 1
6539 # 1504
6539 + 1440
6540 # 1504
6540 - 1440 1
6540 + 88
6540 + 1440
6541 # 1504
6541 - 88 1
6542 # 1504
6542 - 1440 2
6542 + 1440
6543 # 1504
6543 - 1440 1
6543 + 1440
6544 # 1504
6544 - 1440 1
6545 # 1504
6545 + 1440
6546 # 1504
6546 - 1440 1
6546 + 1440
6547 # 1504
6547 - 1440 1
6548 # 1504
6548 + 1440
6549 # 1504
6549 - 1440 1
6549 + 1440
6550 # 1504
6550 - 1440 1
6551 # 1504
6551 + 1440
6551 + 88
6552 # 1504
6552 - 1440 1
6552 + 1440
6553 # 1504
6553 - 88 2
6553 - 1440 1
6554 # 1504
6554 + 1440
6555 # 1504
6555 - 1440 1
6556 # 1504
6556 + 1440
6557 # 1504
6557 - 1440 1
6557 + 1440
6558 # 1504
6558 - 1440 1
6559 # 1504
6559 + 1440
6560 # 1504
6560 - 1440 1
6560 + 1440
6561 # 1504
6561 - 1440 1
6561 + 88
6562 # 1504
6562 - 88 1
6562 + 1440
6563 # 1504
6563 - 1440 1
6563 + 1440
6564 # 1504
6564 - 1440 1
6565 # 1504
6565 + 1440
6566 # 1504
6566 - 1440 1
6566 + 1440
6567 # 1504
6567 - 1440 1
6568 # 1504
6568 + 1440
6569 # 1504
6569 - 1440 1
6570 # 1504
6570 + 1440
6571 # 1504
6571 - 1440 1
6572 # 1504
6572 + 1440
6573 # 1504
6573 - 1440 1
6573 + 88
6574 # 1504
6574 - 88 1
6574 + 1440
6575 # 1504
6575 - 1440 1
6575 + 1440
6576 # 1504
6576 - 1440 1
6577 # 1504
6577 + 1440
6578 # 1504
6578 - 1440 1
6579 # 1504
6579 + 1440
6580 # 1504
6580 - 1440 1
6581 # 1504
6581 + 1440
6582 # 1504
6582 - 1440 1
6582 + 1440
6583 # 1504
6583 - 1440 1
6583 + 88
6584 # 1504
6584 - 88 1
6584 + 1440
6585 # 1504
6585 - 1440 1
6586 # 1504
6586 + 1440
6587 # 1504
6587 - 1440 1
6588 # 1504
6588 + 1440
6589 # 1504
6589 - 1440 1
6589 + 1440
6590 # 1504
6590 - 1440 1
6591 # 1504
6591 + 1440
6592 # 1504
6592 - 1440 1
6593 # 1504
6593 + 1440
6594 # 1504
6594 - 1440 1
6595 # 1504
6595 + 1440
6595 + 88
6596 # 1504
6596 - 1440 1
6596 + 1096
6597 # 1504
6597 - 88 2
6597 - 1096 1
6598 # 1504
6598 + 1440
6599 # 1504
6599 - 1440 1
6600 # 1504
6600 + 88
6600 + 1440
6601 # 1504
6601 - 88 1
6602 # 1504
6602 - 1440 2
6602 + 1440
6603 # 1504
6603 - 1440 1
6603 + 1440
6604 # 1504
6604 - 1440 1
6605 # 1504
6605 + 1440
6606 # 1504
6606 - 1440 1
6607 # 1504
6607 + 1440
6608 # 1504
6608 - 1440 1
6608 + 1440
6609 # 1504
6609 - 1440 1
6610 # 1504
6610 + 1440
6611 # 1504
6611 - 1440 1
6611 + 88
6611 + 1440
6612 # 1504
6612 - 88 1
6613 # 1504
6613 - 1440 2
6613 + 1440
6614 # 1504
6614 - 1440 1
6615 # 1504
6615 + 1440
6616 # 1504
6616 - 1440 1
6616 + 1440
6617 # 1504
6617 - 1440 1
6618 # 1504
6618 + 1440
6619 # 1504
6619 - 1440 1
6620 # 1504
6620 + 1440
6621 # 1504
6621 - 1440 1
6621 + 88
6622 # 1504
6622 - 88 1
6622 + 1440
6623 # 1504
6623 - 1440 1
6624 # 1504
6624 + 1440
6625 # 1504
6625 - 1440 1
6626 # 1504
6626 + 1440
6627 # 1504
6627 - 1440 1
6628 # 1504
6628 + 1440
6629 # 1504
6629 - 1440 1
6630 # 1504
6630 + 1440
6631 # 1504
6631 - 1440 1
6631 + 88
6632 # 1504
6632 - 88 1
6632 + 1440
6633 # 1504
6633 - 1440 1
6634 # 1504
6634 + 1440
6635 # 1504
6635 - 1440 1
6636 # 1504
6636 + 1440
6637 # 1504
6637 - 1440 1
6637 + 1440
6638 # 1504
6638 - 1440 1
6639 # 1504
6639 + 1440
6640 # 1504
6640 - 1440 1
6641 # 1504
6641 + 1440
6642 # 1504
6642 - 1440 1
6642 + 1440
6643 # 1504
6643 - 1440 1
6644 # 1504
6644 + 88
6644 + 1440
6645 # 1504
6645 - 88 1
6645 + 1440
6646 # 1504
6646 - 1440 2
6646 - 1440 1
6647 # 1504
6647 + 1440
6648 # 1504
6648 - 1440 1
6649 # 1504
6649 + 1440
6650 # 1504
6650 - 1440 1
6650 + 1440
6651 # 1504
6651 - 1440 1
6652 # 1504
6652 + 1440
6653 # 1504
6653 - 1440 1
6654 # 1504
6654 + 1440
6655 # 1504
6655 - 1440 1
6655 + 88
6656 # 1504
6656 - 88 1
6656 + 1440
6657 # 1504
6657 - 1440 1
6658 # 1504
6658 + 1440
6659 # 1504
6659 - 1440 1
6660 # 1504
6660 + 1440
6661 # 1504
6661 - 1440 1
6662 # 1504
6662 + 1440
6663 # 1504
6663 - 1440 1
6664 # 1504
6664 + 1440
6665 # 1504
6665 - 1440 1
6666 # 1504
6666 + 1440
6666 + 88
6667 # 1504
6667 - 1440 1
6667 + 1440
6668 # 1504
6668 - 88 2
6668 - 1440 1
6669 # 1504
6669 + 1440
6670 # 1504
6670 - 1440 1
6671 # 1504
6671 + 1440
6672 # 1504
6672 - 1440 1
6673 # 1504
6673 + 1440
6674 # 1504
6674 - 1440 1
6675 # 1504
6675 + 1440
6676 # 1504
6676 - 1440 1
6676 + 88
6677 # 1504
6677 - 88 1
6677 + 1440
6678 # 1504
6678 - 1440 1
6678 + 1440
6679 # 1504
6679 - 1440 1
6680 # 1504
6680 + 1440
6681 # 1504
6681 - 1440 1
6682 # 1504
6682 + 1440
6683 # 1504
6683 - 1440 1
6683 + 1440
6684 # 1504
6684 - 1440 1
6685 # 1504
6685 + 1440
6686 # 1504
6686 - 1440 1
6687 # 1504
6687 + 1440
6688 # 1504
6688 - 1440 1
6688 + 1440
6688 + 88
6689 # 1504
6689 - 1440 1
6690 # 1504
6690 - 88 2
6690 + 1440
6691 # 1504
6691 - 1440 1
6691 + 1440
6692 # 1504
6692 - 1440 1
6693 # 1504
6693 + 1440
6694 # 1504
6694 - 1440 1
6694 + 1440
6695 # 1504
6695 - 1440 1
6696 # 1504
6696 + 1440
6697 # 1504
6697 - 1440 1
6697 + 1440
6698 # 1504
6698 - 1440 1
6698 + 88
6699 # 1504
6699 - 88 1
6699 + 1440
6700 # 1504
6700 - 1440 1
6700 + 1440
6701 # 1504
6701 - 1440 1
6702 # 1504
6702 + 1440
6703 # 1504
6703 - 1440 1
6703 + 1440
6704 # 1504
6704 - 1440 1
6705 # 1504
6705 + 1440
6706 # 1504
6706 - 1440 1
6707 # 1504
6707 + 1440
6708 # 1504
6708 - 1440 1
6709 # 1504
6709 + 1440
6710 # 1504
6710 - 1440 1
6710 + 88
6711 # 1504
6711 - 88 1
6711 + 1440
6712 # 1504
6712 - 1440 1
6712 + 1440
6713 # 1504
6713 - 1440 1
6714 # 1504
6714 + 1440
6715 # 1504
6715 - 1440 1
6716 # 1504
6716 + 1440
6717 # 1504
6717 - 1440 1
6718 # 1504
6718 + 1440
6719 # 1504
6719 - 1440 1
6719 + 1440
6720 # 1504
6720 - 1440 1
6720 + 88
6721 # 1504
6721 - 88 1
6721 + 1440
6722 # 1504
6722 - 1440 1
6723 # 1504
6723 + 1440
6724 # 1504
6724 - 1440 1
6724 + 1096
6725 # 1504
6725 - 1096 1
6726 # 1504
6726 + 1440
6727 # 1504
6727 - 1440 1
6727 + 88
6727 + 1440
6728 # 1504
6728 - 88 1
6729 # 1504
6729 - 1440 2
6729 + 1440
6730 # 1504
6730 - 1440 1
6730 + 1440
6731 # 1504
6731 - 1440 1
6732 # 1504
6732 + 1440
6733 # 1504
6733 - 1440 1
6733 + 1440
6734 # 1504
6734 - 1440 1
6735 # 1504
6735 + 1440
6736 # 1504
6736 - 1440 1
6737 # 1504
6737 + 1440
6738 # 1504
6738 - 1440 1
6738 + 88
6738 + 1440
6739 # 1504
6739 - 88 1
6740 # 1504
6740 - 1440 2
6740 + 1440
6741 # 1504
6741 - 1440 1
6742 # 1504
6742 + 1440
6743 # 1504
6743 - 1440 1
6744 # 1504
6744 + 1440
6745 # 1504
6745 - 1440 1
6745 + 1440
6746 # 1504
6746 - 1440 1
6747 # 1504
6747 + 1440
6748 # 1504
6748 - 1440 1
6748 + 88
6749 # 1504
6749 - 88 1
6749 + 1440
6750 # 1504
6750 - 1440 1
6751 # 1504
6751 + 1440
6752 # 1504
6752 - 1440 1
6752 + 1440
6753 # 1504
6753 - 1440 1
6754 # 1504
6754 + 1440
6755 # 1504
6755 - 1440 1
6756 # 1504
6756 + 1440
6757 # 1504
6757 - 1440 1
6758 # 1504
6758 + 1440
6758 + 88
6759 # 1504
6759 - 1440 1
6759 + 1440
6760 # 1504
6760 - 88 2
6760 - 1440 1
6761 # 1504
6761 + 1440
6762 # 1504
6762 - 1440 1
6762 + 1440
6763 # 1504
6763 - 1440 1
6764 # 1504
6764 + 1440
6765 # 1504
6765 - 1440 1
6766 # 1504
6766 + 1440
6767 # 1504
6767 - 1440 1
6767 + 1440
6768 # 1504
6768 - 1440 1
6769 # 1504
6769 + 1440
6770 # 1504
6770 - 1440 1
6770 + 88
6771 # 1504
6771 - 88 1
6771 + 1440
6772 # 1504
6772 - 1440 1
6772 + 1440
6773 # 1504
6773 - 1440 1
6774 # 1504
6774 + 1440
6775 # 1504
6775 - 1440 1
6775 + 1440
6776 # 1504
6776 - 1440 1
6777 # 1504
6777 + 1440
6778 # 1504
6778 - 1440 1
6778 + 1440
6779 # 1504
6779 - 1440 1
6780 # 1504
6780 + 1440
6781 # 1504
6781 - 1440 1
6781 + 88
6781 + 1440
6782 # 1504
6782 - 88 1
6783 # 1504
6783 - 1440 2
6783 + 1440
6784 # 1504
6784 - 1440 1
6784 + 1440
6785 # 1504
6785 - 1440 1
6786 # 1504
6786 + 1440
6787 # 1504
6787 - 1440 1
6788 # 1504
6788 + 1440
6789 # 1504
6789 - 1440 1
6790 # 1504
6790 + 1440
6791 # 1504
6791 - 1440 1
6791 + 1440
6792 # 1504
6792 - 1440 1
6792 + 88
6793 # 1504
6793 - 88 1
6793 + 1440
6794 # 1504
6794 - 1440 1
6795 # 1504
6795 + 1440
6796 # 1504
6796 - 1440 1
6797 # 1504
6797 + 1440
6798 # 1504
6798 - 1440 1
6798 + 1440
6799 # 1504
6799 - 1440 1
6800 # 1504
6800 + 1440
6801 # 1504
6801 - 1440 1
6802 # 1504
6802 + 1440
6803 # 1504
6803 - 1440 1
6804 # 1504
6804 + 88
6804 + 1440
6805 # 1504
6805 - 88 1
6805 + 1440
6806 # 1504
6806 - 1440 2
6806 - 1440 1
6807 # 1504
6807 + 1440
6808 # 1504
6808 - 1440 1
6809 # 1504
6809 + 1440
6810 # 1504
6810 - 1440 1
6810 + 1440
6811 # 1504
6811 - 1440 1
6812 # 1504
6812 + 1440
6813 # 1504
6813 - 1440 1
6813 + 1440
6814 # 1504
6814 - 1440 1
6814 + 88
6815 # 1504
6815 - 88 1
6815 + 1440
6816 # 1504
6816 - 1440 1
6816 + 1440
6817 # 1504
6817 - 1440 1
6818 # 1504
6818 + 1440
6819 # 1504
6819 - 1440 1
6819 + 1440
6820 # 1504
6820 - 1440 1
6821 # 1504
6821 + 1440
6822 # 1504
6822 - 1440 1
6823 # 1504
6823 + 1440
6824 # 1504
6824 - 1440 1
6824 + 1440
6825 # 1504
6825 - 1440 1
6826 # 1504
6826 + 88
6826 + 1440
6827 # 1504
6827 - 88 1
6828 # 1504
6828 - 1440 2
6828 + 1440
6829 # 1504
6829 - 1440 1
6829 + 1440
6830 # 1504
6830 - 1440 1
6831 # 1504
6831 + 1440
6832 # 1504
6832 - 1440 1
6833 # 1504
6833 + 1440
6834 # 1504
6834 - 1440 1
6834 + 1440
6835 # 1504
6835 - 1440 1
6836 # 1504
6836 + 1440
6837 # 1504
6837 - 1440 1
6837 + 1440
6837 + 88
6838 # 1504
6838 - 1440 1
6839 # 1504
6839 - 88 2
6839 + 1440
6840 # 1504
6840 - 1440 1
6840 + 1440
6841 # 1504
6841 - 1440 1
6842 # 1504
6842 + 1440
6843 # 1504
6843 - 1440 1
6843 + 1440
6844 # 1504
6844 - 1440 1
6844 + 1096
6845 # 1504
6845 - 1096 1
6846 # 1504
6846 + 1440
6847 # 1504
6847 - 1440 1
6847 + 88
6847 + 1440
6848 # 1504
6848 - 88 1
6849 # 1504
6849 - 1440 2
6849 + 1440
6850 # 1504
6850 - 1440 1
6850 + 1440
6851 # 1504
6851 - 1440 1
6852 # 1504
6852 + 1440
6853 # 1504
6853 - 1440 1
6853 + 1440
6854 # 1504
6854 - 1440 1
6855 # 1504
6855 + 1440
6856 # 1504
6856 - 1440 1
6856 + 1440
6857 # 1504
6857 - 1440 1
6857 + 88
6858 # 1504
6858 - 88 1
6858 + 1440
6859 # 1504
6859 - 1440 1
6859 + 1440
6860 # 1504
6860 - 1440 1
6861 # 1504
6861 + 1440
6862 # 1504
6862 - 1440 1
6862 + 1440
6863 # 1504
6863 - 1440 1
6864 # 1504
6864 + 1440
6865 # 1504
6865 - 1440 1
6865 + 1440
6866 # 1504
6866 - 1440 1
6867 # 1504
6867 + 1440
6868 # 1504
6868 - 1440 1
6868 + 88
6868 + 1440
6869 # 1504
6869 - 88 1
6870 # 1504
6870 - 1440 2
6870 + 1440
6871 # 1504
6871 - 1440 1
6871 + 1440
6872 # 1504
6872 - 1440 1
6872 + 1440
6873 # 1504
6873 - 1440 1
6874 # 1504
6874 + 1440
6875 # 1504
6875 - 1440 1
6875 + 1440
6876 # 1504
6876 - 1440 1
6876 + 1440
6877 # 1504
6877 - 1440 1
6878 # 1504
6878 + 1440
6879 # 1504
6879 - 1440 1
6879 + 1440
6880 # 1504
6880 - 1440 1
6880 + 88
6881 # 1504
6881 - 88 1
6881 + 1440
6882 # 1504
6882 - 1440 1
6882 + 1440
6883 # 1504
6883 - 1440 1
6883 + 1440
6884 # 1504
6884 - 1440 1
6885 # 1504
6885 + 1440
6886 # 1504
6886 - 1440 1
6886 + 1440
6887 # 1504
6887 - 1440 1
6888 # 1504
6888 + 1440
6889 # 1504
6889 - 1440 1
6889 + 1440
6890 # 1504
6890 - 1440 1
6890 + 1440
6891 # 1504
6891 - 1440 1
6891 + 88
6892 # 1504
6892 - 88 1
6892 + 1440
6893 # 1504
6893 - 1440 1
6893 + 1440
6894 # 1504
6894 - 1440 1
6894 + 1440
6895 # 1504
6895 - 1440 1
6895 + 1440
6896 # 1504
6896 - 1440 1
6897 # 1504
6897 + 1440
6898 # 1504
6898 - 1440 1
6898 + 1440
6899 # 1504
6899 - 1440 1
6899 + 1440
6900 # 1504
6900 - 1440 1
6900 + 1440
6900 + 88
6901 # 1504
6901 - 1440 1
6901 + 1440
6902 # 1504
6902 - 88 2
6902 - 1440 1
6902 + 1440
6903 # 1504
6903 - 1440 1
6904 # 1504
6904 + 1440
6905 # 1504
6905 - 1440 1
6905 + 1440
6906 # 1504
6906 - 1440 1
6906 + 1440
6907 # 1504
6907 - 1440 1
6907 + 1440
6908 # 1504
6908 - 1440 1
6908 + 1440
6909 # 1504
6909 - 1440 1
6910 # 1504
6910 + 1440
6911 # 1504
6911 - 1440 1
6911 + 88
6911 + 1440
6912 # 1504
6912 - 88 1
6912 + 1440
6913 # 1504
6913 - 1440 2
6913 - 1440 1
6913 + 1440
6914 # 1504
6914 - 1440 1
6915 # 1504
6915 + 1440
6916 # 1504
6916 - 1440 1
6916 + 1440
6917 # 1504
6917 - 1440 1
6917 + 1440
6918 # 1504
6918 - 1440 1
6918 + 1440
6919 # 1504
6919 - 1440 1
6920 # 1504
6920 + 1440
6921 # 1504
6921 - 1440 1
6921 + 88
6921 + 1440
6922 # 1504
6922 - 88 1
6922 + 1440
6923 # 1504
6923 - 1440 2
6923 - 1440 1
6924 # 1504
6924 + 1440
6925 # 1504
6925 - 1440 1
6925 + 1440
6926 # 1504
6926 - 1440 1
6926 + 1440
6927 # 1504
6927 - 1440 1
6928 # 1504
6928 + 1440
6929 # 1504
6929 - 1440 1
6929 + 1440
6930 # 1504
6930 - 1440 1
6930 + 1440
6931 # 1504
6931 - 1440 1
6931 + 1440
6932 # 1504
6932 - 1440 1
6932 + 88
6933 # 1504
6933 - 88 1
6933 + 1440
6934 # 1504
6934 - 1440 1
6934 + 1440
6935 # 1504
6935 - 1440 1
6935 + 1440
6936 # 1504
6936 - 1440 1
6936 + 1440
6937 # 1504
6937 - 1440 1
6937 + 1440
6938 # 1504
6938 - 1440 1
6939 # 1504
6939 + 1440
6940 # 1504
6940 - 1440 1
6940 + 1440
6941 # 1504
6941 - 1440 1
6941 + 1440
6942 # 1504
6942 - 1440 1
6942 + 1096
6942 + 88
6943 # 1504
6943 - 1096 1
6943 - 88 1
6943 + 1440
6944 # 1504
6944 - 1440 1
6945 # 1504
6945 + 1440
6945 + 88
6946 # 1504
6946 - 1440 1
6946 + 1440
6947 # 1504
6947 - 88 2
6947 - 1440 1
6947 + 1440
6948 # 1504
6948 - 1440 1
6949 # 1504
6949 + 1440
6950 # 1504
6950 - 1440 1
6950 + 1440
6951 # 1504
6951 - 1440 1
6951 + 1440
6952 # 1504
6952 - 1440 1
6953 # 1504
6953 + 1440
6954 # 1504
6954 - 1440 1
6954 + 1440
6955 # 1504
6955 - 1440 1
6955 + 88
6955 + 1440
6956 # 1504
6956 - 88 1
6956 + 1440
6957 # 1504
6957 - 1440 2
6957 - 1440 1
6958 # 1504
6958 + 1440
6959 # 1504
6959 - 1440 1
6959 + 1440
6960 # 1504
6960 - 1440 1
6960 + 1440
6961 # 1504
6961 - 1440 1
6961 + 1440
6962 # 1504
6962 - 1440 1
6962 + 1440
6963 # 1504
6963 - 1440 1
6964 # 1504
6964 + 1440
6965 # 1504
6965 - 1440 1
6965 + 1440
6966 # 1504
6966 - 1440 1
6966 + 1440
6966 + 88
6967 # 1504
6967 - 1440 1
6967 + 1440
6968 # 1504
6968 - 88 2
6968 - 1440 1
6968 + 1440
6969 # 1504
6969 - 1440 1
6970 # 1504
6970 + 1440
6971 # 1504
6971 - 1440 1
6971 + 1440
6972 # 1504
6972 - 1440 1
6972 + 1440
6973 # 1504
6973 - 1440 1
6973 + 1440
6974 # 1504
6974 - 1440 1
6975 # 1504
6975 + 1440
6976 # 1504
6976 - 1440 1
6976 + 1440
6977 # 1504
6977 - 1440 1
6977 + 1440
6977 + 88
6978 # 1504
6978 - 1440 1
6978 + 1440
6979 # 1504
6979 - 88 2
6979 - 1440 1
6980 # 1504
6980 + 1440
6981 # 1504
6981 - 1440 1
6981 + 1440
6982 # 1504
6982 - 1440 1
6982 + 1440
6983 # 1504
6983 - 1440 1
6984 # 1504
6984 + 1440
6985 # 1504
6985 - 1440 1
6985 + 1440
6986 # 1504
6986 - 1440 1
6986 + 1440
6987 # 1504
6987 - 1440 1
6987 + 1440
6988 # 1504
6988 - 1440 1
6988 + 88
6989 # 1504
6989 - 88 1
6989 + 1440
6990 # 1504
6990 - 1440 1
6990 + 1440
6991 # 1504
6991 - 1440 1
6991 + 1440
6992 # 1504
6992 - 1440 1
6993 # 1504
6993 + 1440
6994 # 1504
6994 - 1440 1
6994 + 1440
6995 # 1504
6995 - 1440 1
6995 + 1440
6996 # 1504
6996 - 1440 1
6996 + 1440
6997 # 1504
6997 - 1440 1
6997 + 1440
6998 # 1504
6998 - 1440 1
6998 + 88
6999 # 1504
6999 - 88 1
6999 + 1440
7000 # 1504
7000 - 1440 1
7000 + 1440
7001 # 1504
7001 - 1440 1
7001 + 1440
7002 # 1504
7002 - 1440 1
7002 + 1440
7003 # 1504
7003 - 1440 1
7003 + 1440
7004 # 1504
7004 - 1440 1
7004 + 1440
7005 # 1504
7005 - 1440 1
7006 # 1504
7006 + 1440
7007 # 1504
7007 - 1440 1
7007 + 1440
7008 # 1504
7008 - 1440 1
7008 + 88
7008 + 1440
7009 # 1504
7009 - 88 1
7010 # 1504
7010 - 1440 2
7010 + 1440
7011 # 1504
7011 - 1440 1
7011 + 1440
7012 # 1504
7012 - 1440 1
7012 + 1440
7013 # 1504
7013 - 1440 1
7014 # 1504
7014 + 1440
7015 # 1504
7015 - 1440 1
7015 + 1440
7016 # 1504
7016 - 1440 1
7016 + 1440
7017 # 1504
7017 - 1440 1
7017 + 1440
7018 # 1504
7018 - 1440 1
7019 # 1504
7019 + 1440
7019 + 88
7020 # 1504
7020 - 1440 1
7020 + 1440
7021 # 1504
7021 - 88 2
7021 - 1440 1
7021 + 1440
7022 # 1504
7022 - 1440 1
7022 + 1440
7023 # 1504
7023 - 1440 1
7024 # 1504
7024 + 1440
7025 # 1504
7025 - 1440 1
7025 + 1440
7026 # 1504
7026 - 1440 1
7026 + 1440
7027 # 1504
7027 - 1440 1
7027 + 1440
7028 # 1504
7028 - 1440 1
7029 # 1504
7029 + 1440
7029 + 88
7030 # 1504
7030 - 1440 1
7030 + 1440
7031 # 1504
7031 - 88 2
7031 - 1440 1
7031 + 1440
7032 # 1504
7032 - 1440 1
7033 # 1504
7033 + 1440
7034 # 1504
7034 - 1440 1
7034 + 1440
7035 # 1504
7035 - 1440 1
7035 + 1096
7036 # 1504
7036 - 1096 1
7037 # 1504
7037 + 1440
7038 # 1504
7038 - 1440 1
7038 + 1440
7039 # 1504
7039 - 1440 1
7039 + 88
7040 # 1504
7040 - 88 1
7040 + 1440
7041 # 1504
7041 - 1440 1
7041 + 1440
7042 # 1504
7042 - 1440 1
7042 + 1440
7043 # 1504
7043 - 1440 1
7044 # 1504
7044 + 1440
7045 # 1504
7045 - 1440 1
7045 + 1440
7046 # 1504
7046 - 1440 1
7047 # 1504
7047 + 1440
7048 # 1504
7048 - 1440 1
7048 + 1440
7049 # 1504
7049 - 1440 1
7049 + 88
7050 # 1504
7050 - 88 1
7050 + 1440
7051 # 1504
7051 - 1440 1
7051 + 1440
7052 # 1504
7052 - 1440 1
7052 + 1440
7053 # 1504
7053 - 1440 1
7054 # 1504
7054 + 1440
7055 # 1504
7055 - 1440 1
7055 + 1440
7056 # 1504
7056 - 1440 1
7057 # 1504
7057 + 1440
7058 # 1504
7058 - 1440 1
7058 + 1440
7059 # 1504
7059 - 1440 1
7059 + 88
7060 # 1504
7060 - 88 1
7060 + 1440
7061 # 1504
7061 - 1440 1
7061 + 1440
7062 # 1504
7062 - 1440 1
7063 # 1504
7063 + 1440
7064 # 1504
7064 - 1440 1
7064 + 1440
7065 # 1504
7065 - 1440 1
7065 + 1440
7066 # 1504
7066 - 1440 1
7067 # 1504
7067 + 1440
7068 # 1504
7068 - 1440 1
7068 + 1440
7069 # 1504
7069 - 1440 1
7069 + 88
7069 + 1440
7070 # 1504
7070 - 88 1
7071 # 1504
7071 - 1440 2
7071 + 1440
7072 # 1504
7072 - 1440 1
7072 + 1440
7073 # 1504
7073 - 1440 1
7074 # 1504
7074 + 1440
7075 # 1504
7075 - 1440 1
7075 + 1440
7076 # 1504
7076 - 1440 1
7077 # 1504
7077 + 1440
7078 # 1504
7078 - 1440 1
7079 # 1504
7079 + 1440
7080 # 1504
7080 - 1440 1
7080 + 88
7080 + 1440
7081 # 1504
7081 - 88 1
7082 # 1504
7082 - 1440 2
7082 + 1440
7083 # 1504
7083 - 1440 1
7083 + 1440
7084 # 1504
7084 - 1440 1
7085 # 1504
7085 + 1440
7086 # 1504
7086 - 1440 1
7087 # 1504
7087 + 1440
7088 # 1504
7088 - 1440 1
7088 + 1440
7089 # 1504
7089 - 1440 1
7090 # 1504
7090 + 1440
7091 # 1504
7091 - 1440 1
7091 + 88
7091 + 1440
7092 # 1504
7092 - 88 1
7093 # 1504
7093 - 1440 2
7093 + 1440
7094 # 1504
7094 - 1440 1
7095 # 1504
7095 + 1440
7096 # 1504
7096 - 1440 1
7096 + 1440
7097 # 1504
7097 - 1440 1
7098 # 1504
7098 + 1440
7099 # 1504
7099 - 1440 1
7100 # 1504
7100 + 1440
7101 # 1504
7101 - 1440 1
7101 + 88
7102 # 1504
7102 - 88 1
7102 + 1440
7103 # 1504
7103 - 1440 1
7104 # 1504
7104 + 1440
7105 # 1504
7105 - 1440 1
7105 + 1440
7106 # 1504
7106 - 1440 1
7107 # 1504
7107 + 1440
7108 # 1504
7108 - 1440 1
7109 # 1504
7109 + 1440
7110 # 1504
7110 - 1440 1
7111 # 1504
7111 + 1440
7112 # 1504
7112 - 1440 1
7112 + 88
7113 # 1504
7113 - 88 1
7113 + 1440
7114 # 1504
7114 - 1440 1
7115 # 1504
7115 + 1440
7116 # 1504
7116 - 1440 1
7117 # 1504
7117 + 1440
7118 # 1504
7118 - 1440 1
7119 # 1504
7119 + 1440
7120 # 1504
7120 - 1440 1
7121 # 1504
7121 + 1440
7122 # 1504
7122 - 1440 1
7123 # 1504
7123 + 1440
7124 # 1504
7124 - 1440 1
7124 + 88
7125 # 1504
7125 - 88 1
7125 + 1440
7126 # 1504
7126 - 1440 1
7126 + 1440
7127 # 1504
7127 - 1440 1
7128 # 1504
7128 + 1440
7129 # 1504
7129 - 1440 1
7130 # 1504
7130 + 1440
7131 # 1504
7131 - 1440 1
7131 + 1440
7132 # 1504
7132 - 1440 1
7133 # 1504
7133 + 1440
7134 # 1504
7134 - 1440 1
7134 + 88
7135 # 1504
7135 - 88 1
7135 + 1440
7136 # 1504
7136 - 1440 1
7136 + 1440
7137 # 1504
7137 - 1440 1
7138 # 1504
7138 + 1440
7139 # 1504
7139 - 1440 1
7140 # 1504
7140 + 1440
7141 # 1504
7141 - 1440 1
7141 + 1440
7142 # 1504
7142 - 1440 1
7143 # 1504
7143 + 1440
7144 # 1504
7144 - 1440 1
7145 # 1504
7145 + 1440
7146 # 1504
7146 - 1440 1
7146 + 88
7147 # 1504
7147 - 88 1
7147 + 1440
7148 # 1504
7148 - 1440 1
7148 + 1440
7149 # 1504
7149 - 1440 1
7150 # 1504
7150 + 1440
7151 # 1504
7151 - 1440 1
7151 + 1440
7152 # 1504
7152 - 1440 1
7153 # 1504
7153 + 1440
7154 # 1504
7154 - 1440 1
7155 # 1504
7155 + 1096
7156 # 1504
7156 - 1096 1
7157 # 1504
7157 + 1440
7158 # 1504
7158 - 1440 1
7158 + 88
7158 + 1440
7159 # 1504
7159 - 88 1
7160 # 1504
7160 - 1440 2
7160 + 1440
7161 # 1504
7161 - 1440 1
7161 + 1440
7162 # 1504
7162 - 1440 1
7163 # 1504
7163 + 1440
7164 # 1504
7164 - 1440 1
7164 + 1440
7165 # 1504
7165 - 1440 1
7166 # 1504
7166 + 1440
7167 # 1504
7167 - 1440 1
7167 + 1440
7168 # 1504
7168 - 1440 1
7168 + 88
7169 # 1504
7169 - 88 1
7169 + 1440
7170 # 1504
7170 - 1440 1
7170 + 1440
7171 # 1504
7171 - 1440 1
7172 # 1504
7172 + 1440
7173 # 1504
7173 - 1440 1
7174 # 1504
7174 + 1440
7175 # 1504
7175 - 1440 1
7175 + 1440
7176 # 1504
7176 - 1440 1
7177 # 1504
7177 + 1440
7178 # 1504
7178 - 1440 1
7179 # 1504
7179 + 1440
7180 # 1504
7180 - 1440 1
7180 + 88
7181 # 1504
7181 - 88 1
7181 + 1440
7182 # 1504
7182 - 1440 1
7182 + 1440
7183 # 1504
7183 - 1440 1
7184 # 1504
7184 + 1440
7185 # 1504
7185 - 1440 1
7186 # 1504
7186 + 1440
7187 # 1504
7187 - 1440 1
7188 # 1504
7188 + 1440
7189 # 1504
7189 - 1440 1
7190 # 1504
7190 + 1440
7191 # 1504
7191 - 1440 1
7191 + 88
7191 + 1440
7192 # 1504
7192 - 88 1
7193 # 1504
7193 - 1440 2
7193 + 1440
7194 # 1504
7194 - 1440 1
7194 + 1440
7195 # 1504
7195 - 1440 1
7196 # 1504
7196 + 1440
7197 # 1504
7197 - 1440 1
7197 + 1440
7198 # 1504
7198 - 1440 1
7199 # 1504
7199 + 1440
7200 # 1504
7200 - 1440 1
7201 # 1504
7201 + 1440
7202 # 1504
7202 - 1440 1
7202 + 1440
7202 + 88
7203 # 1504
7203 - 1440 1
7204 # 1504
7204 - 88 2
7204 + 1440
7205 # 1504
7205 - 1440 1
7205 + 1440
7206 # 1504
7206 - 1440 1
7207 # 1504
7207 + 1440
7208 # 1504
7208 - 1440 1
7209 # 1504
7209 + 1440
7210 # 1504
7210 - 1440 1
7210 + 1440
7211 # 1504
7211 - 1440 1
7212 # 1504
7212 + 1440
7213 # 1504
7213 - 1440 1
7214 # 1504
7214 + 88
7214 + 1440
7215 # 1504
7215 - 88 1
7216 # 1504
7216 - 1440 2
7216 + 1440
7217 # 1504
7217 - 1440 1
7217 + 1440
7218 # 1504
7218 - 1440 1
7219 # 1504
7219 + 1440
7220 # 1504
7220 - 1440 1
7221 # 1504
7221 + 1440
7222 # 1504
7222 - 1440 1
7223 # 1504
7223 + 1440
7224 # 1504
7224 - 1440 1
7225 # 1504
7225 + 1440
7225 + 88
7226 # 1504
7226 - 1440 1
7226 + 1440
7227 # 1504
7227 - 88 2
7227 - 1440 1
7228 # 1504
7228 + 1440
7229 # 1504
7229 - 1440 1
7229 + 1440
7230 # 1504
7230 - 1440 1
7231 # 1504
7231 + 1440
7232 # 1504
7232 - 1440 1
7232 + 1440
7233 # 1504
7233 - 1440 1
7234 # 1504
7234 + 1440
7235 # 1504
7235 - 1440 1
7235 + 88
7235 + 1440
7236 # 1504
7236 - 88 1
7237 # 1504
7237 - 1440 2
7237 + 1440
7238 # 1504
7238 - 1440 1
7239 # 1504
7239 + 1440
7240 # 1504
7240 - 1440 1
7240 + 1440
7241 # 1504
7241 - 1440 1
7242 # 1504
7242 + 1440
7243 # 1504
7243 - 1440 1
7243 + 1440
7244 # 1504
7244 - 1440 1
7244 + 1440
7245 # 1504
7245 - 1440 1
7246 # 1504
7246 + 88
7246 + 1440
7247 # 1504
7247 - 88 1
7247 + 1440
7248 # 1504
7248 - 1440 2
7248 - 1440 1
7249 # 1504
7249 + 1440
7250 # 1504
7250 - 1440 1
7250 + 1440
7251 # 1504
7251 - 1440 1
7252 # 1504
7252 + 1440
7253 # 1504
7253 - 1440 1
7253 + 1440
7254 # 1504
7254 - 1440 1
7255 # 1504
7255 + 1440
7256 # 1504
7256 - 1440 1
7256 + 1440
7257 # 1504
7257 - 1440 1
7257 + 88
7258 # 1504
7258 - 88 1
7258 + 1440
7259 # 1504
7259 - 1440 1
7260 # 1504
7260 + 1440
7261 # 1504
7261 - 1440 1
7261 + 1440
7262 # 1504
7262 - 1440 1
7263 # 1504
7263 + 1440
7264 # 1504
7264 - 1440 1
7264 + 1440
7265 # 1504
7265 - 1440 1
7266 # 1504
7266 + 1440
7267 # 1504
7267 - 1440 1
7267 + 88
7268 # 1504
7268 - 88 1
7268 + 1440
7269 # 1504
7269 - 1440 1
7269 + 1440
7270 # 1504
7270 - 1440 1
7271 # 1504
7271 + 1440
7272 # 1504
7272 - 1440 1
7273 # 1504
7273 + 1440
7274 # 1504
7274 - 1440 1
7274 + 1096
7275 # 1504
7275 - 1096 1
7276 # 1504
7276 + 1440
7277 # 1504
7277 - 1440 1
7277 + 88
7277 + 1440
7278 # 1504
7278 - 88 1
7279 # 1504
7279 - 1440 2
7279 + 1440
7280 # 1504
7280 - 1440 1
7280 + 1440
7281 # 1504
7281 - 1440 1
7282 # 1504
7282 + 1440
7283 # 1504
7283 - 1440 1
7283 + 1440
7284 # 1504
7284 - 1440 1
7285 # 1504
7285 + 1440
7286 # 1504
7286 - 1440 1
7287 # 1504
7287 + 1440
7288 # 1504
7288 - 1440 1
7288 + 1440
7288 + 88
7289 # 1504
7289 - 1440 1
7289 + 1440
7290 # 1504
7290 - 88 2
7290 - 1440 1
7291 # 1504
7291 + 1440
7292 # 1504
7292 - 1440 1
7292 + 1440
7293 # 1504
7293 - 1440 1
7293 + 1440
7294 # 1504
7294 - 1440 1
7295 # 1504
7295 + 1440
7296 # 1504
7296 - 1440 1
7296 + 1440
7297 # 1504
7297 - 1440 1
7298 # 1504
7298 + 1440
7299 # 1504
7299 - 1440 1
7299 + 1440
7299 + 88
7300 # 1504
7300 - 1440 1
7300 + 1440
7301 # 1504
7301 - 88 2
7301 - 1440 1
7302 # 1504
7302 + 1440
7303 # 1504
7303 - 1440 1
7303 + 1440
7304 # 1504
7304 - 1440 1
7304 + 1440
7305 # 1504
7305 - 1440 1
7306 # 1504
7306 + 1440
7307 # 1504
7307 - 1440 1
7307 + 1440
7308 # 1504
7308 - 1440 1
7309 # 1504
7309 + 1440
7309 + 88
7310 # 1504
7310 - 1440 1
7310 + 1440
7311 # 1504
7311 - 88 2
7311 - 1440 1
7312 # 1504
7312 + 1440
7313 # 1504
7313 - 1440 1
7313 + 1440
7314 # 1504
7314 - 1440 1
7314 + 1440
7315 # 1504
7315 - 1440 1
7316 # 1504
7316 + 1440
7317 # 1504
7317 - 1440 1
7317 + 1440
7318 # 1504
7318 - 1440 1
7318 + 1440
7319 # 1504
7319 - 1440 1
7319 + 1440
7319 + 88
7320 # 1504
7320 - 1440 1
7320 + 1440
7321 # 1504
7321 - 88 2
7321 - 1440 1
7321 + 1440
7322 # 1504
7322 - 1440 1
7323 # 1504
7323 + 1440
7324 # 1504
7324 - 1440 1
7324 + 1440
7325 # 1504
7325 - 1440 1
7325 + 1440
7326 # 1504
7326 - 1440 1
7326 + 1440
7327 # 1504
7327 - 1440 1
7327 + 1440
7328 # 1504
7328 - 1440 1
7329 # 1504
7329 + 1440
7330 # 1504
7330 - 1440 1
7330 + 1440
7330 + 88
7331 # 1504
7331 - 1440 1
7331 + 1440
7332 # 1504
7332 - 88 2
7332 - 1440 1
7332 + 1440
7333 # 1504
7333 - 1440 1
7333 + 1440
7334 # 1504
7334 - 1440 1
7334 + 1440
7335 # 1504
7335 - 1440 1
7336 # 1504
7336 + 1440
7337 # 1504
7337 - 1440 1
7337 + 1440
7338 # 1504
7338 - 1440 1
7338 + 1440
7339 # 1504
7339 - 1440 1
7339 + 1440
7340 # 1504
7340 - 1440 1
7340 + 1440
7340 + 88
7341 # 1504
7341 - 1440 1
7341 + 1440
7342 # 1504
7342 - 88 2
7342 - 1440 1
7342 + 1440
7343 # 1504
7343 - 1440 1
7343 + 1440
7344 # 1504
7344 - 1440 1
7344 + 1440
7345 # 1504
7345 - 1440 1
7345 + 1440
7346 # 1504
7346 - 1440 1
7346 + 1440
7347 # 1504
7347 - 1440 1
7347 + 1440
7348 # 1504
7348 - 1440 1
7348 + 1440
7349 # 1504
7349 - 1440 1
7349 + 1440
7350 # 1504
7350 - 1440 1
7350 + 1440
7351 # 1504
7351 - 1440 1
7351 + 1440
7351 + 88
7352 # 1504
7352 - 1440 1
7352 + 1440
7353 # 1504
7353 - 88 2
7353 - 1440 1
7353 + 1440
7353 + 1440
7354 # 1504
7354 - 1440 1
7354 + 1440
7355 # 1504
7355 - 1440 2
7355 + 1440
7356 # 1504
7356 - 1440 2
7356 + 1440
7357 # 1504
7357 - 1440 2
7357 + 1440
7358 # 1504
7358 - 1440 2
7358 + 1440
7359 # 1504
7359 - 1440 2
7359 + 1440
7360 # 1504
7360 - 1440 2
7360 + 1440
7361 # 1504
7361 - 1440 2
7361 + 1440
7361 + 88
7362 # 1504
7362 - 1440 2
7362 + 1440
7362 + 1096
7363 # 1504
7363 - 1440 2
7363 - 88 2
7363 + 1440
7364 # 1504
7364 - 1440 2
7364 + 1440
7365 # 1504
7365 - 1096 3
7365 + 1440
7366 # 1504
7366 - 1440 3
7366 + 1440
7366 + 88
7366 + 1440
7367 # 1504
7367 - 1440 3
7367 + 1440
7368 # 1504
7368 - 1440 3
7368 + 1440
7369 # 1504
7369 - 1440 3
7369 - 88 3
7369 + 1440
7370 # 1504
7370 - 1440 4
7370 + 1440
7371 # 1504
7371 - 1440 4
7371 + 1440
7372 # 1504
7372 - 1440 4
7372 + 1440
7372 + 1440
7373 # 1504
7373 - 1440 4
7373 - 1440 3
7373 + 1440
7374 # 1504
7374 - 1440 3
7374 + 1440
7375 # 1504
7375 - 1440 3
7375 + 1440
7376 # 1504
7376 - 1440 4
7376 + 1440
7376 + 88
7377 # 1504
7377 - 1440 4
7377 + 1440
7378 # 1504
7378 - 1440 4
7378 + 1440
7379 # 1504
7379 - 1440 4
7379 + 1440
7380 # 1504
7380 - 1440 4
7380 - 88 4
7380 + 1440
7381 # 1504
7381 - 1440 4
7381 + 1440
7382 # 1504
7382 - 1440 4
7382 + 1440
7382 + 1440
7383 # 1504
7383 - 1440 4
7383 + 1440
7384 # 1504
7384 - 1440 4
7384 + 1440
7385 # 1504
7385 - 1440 4
7385 + 1440
7386 # 1504
7386 - 1440 4
7386 + 1440
7387 # 1504
7387 - 1440 5
7387 + 1440
7387 + 88
7388 # 1504
7388 - 1440 5
7388 + 1440
7388 + 1440
7389 # 1504
7389 - 1440 5
7389 + 1440
7390 # 1504
7390 - 1440 5
7390 + 1440
7391 # 1504
7391 - 1440 5
7391 + 1440
7392 # 1504
7392 - 1440 5
7392 - 88 5
7392 + 1440
7393 # 1504
7393 - 1440 5
7393 + 1440
7394 # 1504
7394 - 1440 6
7394 + 1440
7394 + 1440
7395 # 1504
7395 - 1440 6
7395 + 1440
7396 # 1504
7396 - 1440 6
7396 + 1440
7397 # 1504
7397 - 1440 6
7397 + 1440
7397 + 88
7398 # 1504
7398 - 1440 6
7398 + 1440
7399 # 1504
7399 - 1440 6
7399 - 1440 5
7399 + 1440
7400 # 1504
7400 - 1440 6
7400 + 1440
7401 # 1504
7401 - 1440 6
7401 + 1440
7402 # 1504
7402 - 1440 6
7402 + 1440
7403 # 1504
7403 - 1440 6
7403 - 88 6
7403 + 1440
7403 + 1440
7404 # 1504
7404 - 1440 6
7404 + 1440
7405 # 1504
7405 - 1440 6
7405 + 1440
7406 # 1504
7406 - 1440 6
7406 + 1440
7407 # 1504
7407 - 1440 6
7407 + 1440
7408 # 1504
7408 - 1440 6
7408 + 1440
7408 + 88
7408 + 1440
7409 # 1504
7409 - 1440 6
7409 + 1440
7410 # 1504
7410 - 1440 7
7410 + 1440
7411 # 1504
7411 - 1440 7
7411 + 1440
7412 # 1504
7412 - 1440 7
7412 + 1440
7413 # 1504
7413 - 1440 7
7413 + 1440
7414 # 1504
7414 - 1440 7
7414 + 1440
7414 + 1440
7415 # 1504
7415 - 1440 7
7415 - 88 7
7415 + 1440
7416 # 1504
7416 - 1440 8
7416 + 1440
7417 # 1504
7417 - 1440 8
7417 + 1440
7418 # 1504
7418 - 1440 8
7418 + 1440
7418 + 88
7419 # 1504
7419 - 1440 8
7419 + 1440
7420 # 1504
7420 - 1440 8
7420 + 1440
7421 # 1504
7421 - 1440 8
7421 + 1440
7422 # 1504
7422 - 1440 8
7422 + 1440
7423 # 1504
7423 - 1440 9
7423 + 1440
7423 + 1440
7424 # 1504
7424 - 1440 9
7424 - 1440 8
7424 + 1440
7425 # 1504
7425 - 1440 8
7425 + 1440
7426 # 1504
7426 - 1440 8
7426 - 88 8
7426 + 1440
7427 # 1504
7427 - 1440 8
7427 + 1096
7428 # 1504
7428 - 1440 8
7428 + 1440
7428 + 88
7429 # 1504
7429 - 1440 8
7429 + 1440
7430 # 1504
7430 - 1440 8
7430 + 1440
7431 # 1504
7431 - 1440 8
7431 + 1440
7432 # 1504
7432 - 1440 9
7432 + 1440
7432 + 1440
7433 # 1504
7433 - 1440 9
7433 + 1440
7434 # 1504
7434 - 1440 9
7434 + 1440
7435 # 1504
7435 - 1440 9
7435 + 1440
7436 # 1504
7436 - 1096 9
7436 + 1440
7437 # 1504
7437 - 1440 9
7437 - 88 9
7437 + 1440
7437 + 88
7438 # 1504
7438 - 1440 9
7438 + 1440
7439 # 1504
7439 - 1440 9
7439 + 1440
7440 # 1504
7440 - 1440 9
7440 + 1440
7441 # 1504
7441 - 1440 9
7441 + 1440
7442 # 1504
7442 - 1440 10
7442 + 1440
7443 # 1504
7443 - 1440 10
7443 + 1440
7444 # 1504
7444 - 1440 10
7444 - 1440 9
7444 + 1440
7445 # 1504
7445 - 1440 9
7445 + 1440
7446 # 1504
7446 - 1440 9
7446 - 88 9
7446 + 1440
7447 # 1504
7447 - 1440 9
7447 + 1440
7447 + 1440
7448 # 1504
7448 - 1440 9
7448 + 88
7448 + 1440
7449 # 1504
7449 - 1440 9
7449 + 1440
7450 # 1504
7450 - 1440 9
7450 + 1440
7451 # 1504
7451 - 1440 9
7451 + 1440
7452 # 1504
7452 - 1440 9
7452 + 1440
7453 # 1504
7453 - 1440 9
7453 + 1440
7454 # 1504
7454 - 1440 9
7454 + 1440
7455 # 1504
7455 - 1440 9
7455 + 1440
7456 # 1504
7456 - 1440 9
7456 + 1440
7457 # 1504
7457 - 1440 10
7457 - 88 9
7457 + 1440
7458 # 1504
7458 - 1440 10
7458 + 1440
7458 + 88
7458 + 1440
7459 # 1504
7459 - 1440 10
7459 + 1440
7460 # 1504
7460 - 1440 10
7460 + 1440
7461 # 1504
7461 - 1440 10
7461 + 1440
7462 # 1504
7462 - 1440 10
7462 + 1440
7463 # 1504
7463 - 1440 10
7463 + 1440
7464 # 1504
7464 - 1440 10
7464 + 1440
7465 # 1504
7465 - 1440 10
7465 + 1440
7465 + 1440
7466 # 1504
7466 - 1440 10
7466 + 1440
7467 # 1504
7467 - 1440 10
7467 + 1440
7468 # 1504
7468 - 1440 10
7468 - 88 10
7468 + 1440
7468 + 88
7469 # 1504
7469 - 1440 11
7469 + 1440
7470 # 1504
7470 - 1440 11
7470 - 1440 10
7470 + 1440
7470 + 1440
7471 # 1504
7471 - 1440 10
7471 + 1440
7472 # 1504
7472 - 1440 10
7472 + 1440
7473 # 1504
7473 - 1440 10
7473 + 1440
7474 # 1504
7474 - 1440 10
7474 + 1440
7475 # 1504
7475 - 1440 10
7475 + 1440
7475 + 1440
7476 # 1504
7476 - 1440 11
7476 + 1440
7477 # 1504
7477 - 1440 11
7477 + 1440
7478 # 1504
7478 - 1440 11
7478 + 1440
7478 + 88
7479 # 1504
7479 - 1440 11
7479 - 88 11
7479 + 1440
7480 # 1504
7480 - 1440 11
7480 + 1440
7481 # 1504
7481 - 1440 11
7481 + 1440
7482 # 1504
7482 - 1440 12
7482 + 1440
7483 # 1504
7483 - 1440 12
7483 + 1440
7484 # 1504
7484 - 1440 12
7484 + 1440
7485 # 1504
7485 - 1440 12
7485 + 1440
7486 # 1504
7486 - 1440 12
7486 + 1440
7487 # 1504
7487 - 1440 12
7487 + 1440
7487 + 1440
7488 # 1504
7488 - 1440 13
7488 + 1440
7489 # 1504
7489 - 1440 13
7489 + 1440
7490 # 1504
7490 - 1440 13
7490 + 1440
7490 + 88
7491 # 1504
7491 - 1440 13
7491 - 88 13
7491 + 1440
7492 # 1504
7492 - 1440 13
7492 + 1440
7493 # 1504
7493 - 1440 13
7493 + 1440
7494 # 1504
7494 - 1440 13
7494 + 1096
7495 # 1504
7495 - 1440 13
7495 + 1440
7496 # 1504
7496 - 1440 13
7496 - 1440 12
7496 + 1440
7497 # 1504
7497 - 1440 12
7497 + 1440
7497 + 1440
7498 # 1504
7498 - 1440 12
7498 + 1440
7499 # 1504
7499 - 1440 12
7499 + 1440
7500 # 1504
7500 - 1440 13
7500 + 1440
7500 + 88
7501 # 1504
7501 - 1440 13
7501 + 1440
7502 # 1504
7502 - 1440 13
7502 + 1440
7502 + 1440
7503 # 1504
7503 - 1440 13
7503 - 88 13
7503 + 1440
7504 # 1504
7504 - 1440 13
7504 + 1440
7505 # 1504
7505 - 1440 13
7505 + 1440
7506 # 1504
7506 - 1440 13
7506 + 1440
7507 # 1504
7507 - 1096 13
7507 + 1440
7507 + 1440
7508 # 1504
7508 - 1440 13
7508 + 88
7508 + 1440
7509 # 1504
7509 - 1440 13
7509 + 1440
7510 # 1504
7510 - 1440 13
7510 + 1440
7511 # 1504
7511 - 1440 14
7511 + 1440
7512 # 1504
7512 - 1440 14
7512 + 1440
7513 # 1504
7513 - 1440 14
7513 + 1440
7514 # 1504
7514 - 1440 14
7514 - 88 14
7514 + 1440
7514 + 1440
7515 # 1504
7515 - 1440 14
7515 - 1440 13
7515 + 1440
7516 # 1504
7516 - 1440 14
7516 + 1440
7517 # 1504
7517 - 1440 14
7517 + 1440
7518 # 1504
7518 - 1440 14
7518 + 1440
7518 + 88
7519 # 1504
7519 - 1440 14
7519 + 1440
7520 # 1504
7520 - 1440 14
7520 + 1440
7521 # 1504
7521 - 1440 14
7521 + 1440
7521 + 1440
7522 # 1504
7522 - 1440 15
7522 - 88 14
7522 + 1440
7523 # 1504
7523 - 1440 15
7523 + 1440
7524 # 1504
7524 - 1440 15
7524 + 1440
7525 # 1504
7525 - 1440 15
7525 + 1440
7526 # 1504
7526 - 1440 15
7526 + 1440
7527 # 1504
7527 - 1440 15
7527 + 1440
7528 # 1504
7528 - 1440 15
7528 + 1440
7529 # 1504
7529 - 1440 15
7529 + 1440
7529 + 88
7530 # 1504
7530 - 1440 16
7530 + 1440
7531 # 1504
7531 - 1440 16
7531 + 1440
7531 + 1440
7532 # 1504
7532 - 1440 16
7532 + 1440
7533 # 1504
7533 - 1440 16
7533 + 1440
7534 # 1504
7534 - 1440 16
7534 - 88 16
7534 + 1440
7535 # 1504
7535 - 1440 16
7535 + 1440
7536 # 1504
7536 - 1440 16
7536 + 1440
7537 # 1504
7537 - 1440 16
7537 + 1440
7538 # 1504
7538 - 1440 17
7538 + 1440
7539 # 1504
7539 - 1440 17
7539 + 1440
7540 # 1504
7540 - 1440 17
7540 + 1440
7540 + 88
7540 + 1440
7541 # 1504
7541 - 1440 17
7541 - 1440 16
7541 + 1440
7542 # 1504
7542 - 1440 16
7542 + 1440
7543 # 1504
7543 - 1440 16
7543 + 1440
7544 # 1504
7544 - 1440 16
7544 + 1440
7545 # 1504
7545 - 1440 16
7545 - 88 16
7545 + 1440
7546 # 1504
7546 - 1440 16
7546 + 1440
7547 # 1504
7547 - 1440 16
7547 + 1440
7547 + 1440
7548 # 1504
7548 - 1440 17
7548 + 1440
7549 # 1504
7549 - 1440 17
7549 + 1440
7550 # 1504
7550 - 1440 17
7550 + 1440
7550 + 88
7551 # 1504
7551 - 1440 17
7551 + 1440
7552 # 1504
7552 - 1440 17
7552 + 1440
7553 # 1504
7553 - 1440 17
7553 + 1440
7554 # 1504
7554 - 1440 17
7554 + 1440
7555 # 1504
7555 - 1440 17
7555 + 1440
7556 # 1504
7556 - 1440 17
7556 + 1440
7557 # 1504
7557 - 1440 17
7557 - 88 17
7557 + 1440
7558 # 1504
7558 - 1440 18
7558 + 1440
7559 # 1504
7559 - 1440 18
7559 + 1440
7560 # 1504
7560 - 1440 18
7560 + 1096
7561 # 1504
7561 - 1440 18
7561 + 1440
7561 + 88
7562 # 1504
7562 - 1440 18
7562 + 1440
7563 # 1504
7563 - 1440 18
7563 + 1440
7564 # 1504
7564 - 1440 18
7564 + 1440
7565 # 1504
7565 - 1440 18
7565 + 1440
7566 # 1504
7566 - 1440 19
7566 - 1440 18
7566 + 1440
7567 # 1504
7567 - 1440 18
7567 + 1440
7568 # 1504
7568 - 1440 18
7568 - 88 18
7568 + 1440
7568 + 1440
7569 # 1504
7569 - 1440 18
7570 # 1504
7570 - 1440 18
7570 + 1440
7570 + 1440
7571 # 1504
7571 - 1440 18
7571 + 1440
7572 # 1504
7572 - 1440 18
7572 + 1440
7573 # 1504
7573 - 1440 18
7573 + 88
7573 + 1440
7574 # 1504
7574 - 1440 18
7574 + 1440
7575 # 1504
7575 - 1440 18
7575 + 1440
7576 # 1504
7576 - 1440 18
7576 + 1440
7577 # 1504
7577 - 1440 18
7577 + 1440
7578 # 1504
7578 - 1096 18
7578 + 1440
7579 # 1504
7579 - 1440 18
7579 - 88 18
7579 + 1440
7579 + 88
7580 # 1504
7580 - 1440 18
7580 + 1440
7581 # 1504
7581 - 1440 18
7581 + 1440
7582 # 1504
7582 - 1440 18
7582 + 1440
7583 # 1504
7583 - 1440 18
7583 + 1440
7584 # 1504
7584 - 1440 18
7584 + 1440
7585 # 1504
7585 - 1440 18
7585 + 1440
7586 # 1504
7586 - 1440 18
7586 - 1440 18
7586 + 1440
7587 # 1504
7587 - 1440 17
7587 + 1440
7588 # 1504
7588 - 1440 18
7588 + 1440
7588 + 1440
7589 # 1504
7589 - 1440 18
7589 + 1440
7590 # 1504
7590 - 1440 18
7590 - 88 17
7590 + 1440
7590 + 88
7591 # 1504
7591 - 1440 18
7591 + 1440
7592 # 1504
7592 - 1440 18
7592 + 1440
7593 # 1504
7593 - 1440 18
7593 + 1440
7594 # 1504
7594 - 1440 18
7594 + 1440
7595 # 1504
7595 - 1440 18
7595 + 1440
7596 # 1504
7596 - 1440 18
7596 + 1440
7596 + 1440
7597 # 1504
7597 - 1440 18
7597 - 88 18
7597 + 1440
7598 # 1504
7598 - 1440 18
7598 + 1440
7599 # 1504
7599 - 1440 18
7599 + 1440
7600 # 1504
7600 - 1440 18
7600 + 1440
7601 # 1504
7601 - 1440 18
7601 + 1440
7601 + 88
7602 # 1504
7602 - 1440 18
7602 + 1440
7603 # 1504
7603 - 1440 18
7603 + 1440
7603 + 1440
7604 # 1504
7604 - 1440 18
7604 + 1440
7605 # 1504
7605 - 1440 18
7605 + 1440
7606 # 1504
7606 - 1440 18
7606 + 1440
7607 # 1504
7607 - 1440 19
7607 + 1440
7608 # 1504
7608 - 1440 19
7608 + 1440
7609 # 1504
7609 - 1440 19
7609 - 88 19
7609 + 1440
7610 # 1504
7610 - 1440 19
7610 + 1440
7611 # 1504
7611 - 1440 19
7611 + 1440
7612 # 1504
7612 - 1440 19
7612 - 1440 18
7612 + 1440
7612 + 88
7613 # 1504
7613 - 1440 18
7613 + 1440
7614 # 1504
7614 - 1440 18
7614 + 1440
7615 # 1504
7615 - 1440 19
7615 + 1440
7615 + 1440
7616 # 1504
7616 - 1440 19
7616 + 1440
7617 # 1504
7617 - 1440 19
7617 + 1440
7618 # 1504
7618 - 1440 19
7618 + 1440
7619 # 1504
7619 - 1440 19
7619 + 1440
7620 # 1504
7620 - 1440 19
7620 - 88 19
7620 + 1440
7621 # 1504
7621 - 1440 19
7621 + 1440
7622 # 1504
7622 - 1440 19
7622 + 1440
7622 + 88
7623 # 1504
7623 - 1440 20
7623 + 1440
7624 # 1504
7624 - 1440 20
7624 + 1440
7625 # 1504
7625 - 1440 20
7625 + 1440
7626 # 1504
7626 - 1440 20
7626 + 1440
7627 # 1504
7627 - 1440 20
7627 + 1440
7628 # 1504
7628 - 1440 20
7628 + 1440
7629 # 1504
7629 - 1440 20
7629 + 1096
7630 # 1504
7630 - 1440 20
7630 + 1440
7631 # 1504
7631 - 1440 20
7631 + 1440
7632 # 1504
7632 - 1440 20
7632 - 88 20
7632 + 1440
7633 # 1504
7633 - 1440 20
7633 + 1440
7633 + 88
7634 # 1504
7634 - 1440 20
7634 + 1440
7635 # 1504
7635 - 1440 20
7635 + 1440
7635 + 1440
7636 # 1504
7636 - 1440 21
7636 + 1440
7637 # 1504
7637 - 1440 21
7637 + 1440
7638 # 1504
7638 - 1440 21
7638 - 1440 20
7638 + 1440
7639 # 1504
7639 - 1440 20
7639 + 1440
7640 # 1504
7640 - 1440 20
7640 + 1440
7641 # 1504
7641 - 1440 20
7641 + 1440
7642 # 1504
7642 - 1440 20
7642 - 88 20
7642 + 1440
7643 # 1504
7643 - 1440 20
7643 + 1440
7643 + 88
7644 # 1504
7644 - 1440 20
7644 + 1440
7645 # 1504
7645 - 1440 20
7645 + 1440
7646 # 1504
7646 - 1440 20
7646 + 1440
7647 # 1504
7647 - 1440 20
7647 + 1440
7648 # 1504
7648 - 1440 20
7648 + 1440
7649 # 1504
7649 - 1096 20
7649 + 1440
7650 # 1504
7650 - 1440 20
7650 + 1440
7651 # 1504
7651 - 1440 20
7651 + 88
7651 + 1440
7652 # 1504
7652 - 1440 20
7653 # 1504
7653 - 1440 20
7653 - 88 20
7653 + 1440
7654 # 1504
7654 - 1440 20
7654 + 1440
7655 # 1504
7655 - 1440 20
7655 + 1440
7656 # 1504
7656 - 1440 21
7656 + 1440
7657 # 1504
7657 - 1440 21
7657 + 1440
7658 # 1504
7658 - 1440 21
7658 - 1440 20
7658 + 1440
7659 # 1504
7659 - 1440 20
7659 + 1440
7660 # 1504
7660 - 1440 20
7660 + 1440
7661 # 1504
7661 - 1440 20
7661 + 1440
7661 + 88
7662 # 1504
7662 - 1440 20
7662 + 1440
7663 # 1504
7663 - 1440 20
7663 - 88 20
7663 + 1440
7663 + 1440
7664 # 1504
7664 - 1440 20
7664 + 1440
7665 # 1504
7665 - 1440 20
7665 + 1440
7666 # 1504
7666 - 1440 20
7666 + 1440
7667 # 1504
7667 - 1440 20
7667 + 1440
7668 # 1504
7668 - 1440 20
7668 + 1440
7669 # 1504
7669 - 1440 20
7669 + 1440
7670 # 1504
7670 - 1440 20
7670 - 88 19
7670 + 1440
7671 # 1504
7671 - 1440 20
7671 + 1440
7671 + 88
7672 # 1504
7672 - 1440 19
7672 + 1440
7673 # 1504
7673 - 1440 19
7673 + 1440
7674 # 1504
7674 - 1440 19
7674 + 1440
7675 # 1504
7675 - 1440 19
7675 + 1440
7675 + 1440
7676 # 1504
7676 - 1440 19
7676 + 1440
7677 # 1504
7677 - 1440 19
7677 + 1440
7678 # 1504
7678 - 1440 19
7678 + 1440
7679 # 1504
7679 - 1440 19
7679 + 1440
7680 # 1504
7680 - 1440 19
7680 - 88 19
7680 + 1440
7681 # 1504
7681 - 1440 19
7681 + 1440
7681 + 88
7682 # 1504
7682 - 1440 19
7682 + 1440
7683 # 1504
7683 - 1440 20
7683 + 1440
7684 # 1504
7684 - 1440 20
7684 - 1440 19
7684 + 1440
7685 # 1504
7685 - 1440 19
7685 + 1440
7686 # 1504
7686 - 1440 19
7686 + 1440
7687 # 1504
7687 - 1440 19
7687 + 1440
7688 # 1504
7688 - 1440 19
7688 + 1440
7689 # 1504
7689 - 1440 19
7689 + 1440
7690 # 1504
7690 - 1440 19
7690 - 88 19
7690 + 1440
7691 # 1504
7691 - 1440 19
7691 + 1440
7692 # 1504
7692 - 1440 19
7692 + 1440
7692 + 88
7693 # 1504
7693 - 1440 19
7693 + 1440
7694 # 1504
7694 - 1440 19
7694 + 1440
7695 # 1504
7695 - 1440 20
7695 + 1440
7696 # 1504
7696 - 1440 20
7696 + 1440
7697 # 1504
7697 - 1440 20
7697 + 1440
7698 # 1504
7698 - 1440 20
7698 + 1440
7699 # 1504
7699 - 1440 20
7699 + 1440
7699 + 1440
7700 # 1504
7700 - 1440 20
7700 + 1096
7701 # 1504
7701 - 1440 20
7701 - 88 20
7701 + 1440
7702 # 1504
7702 - 1440 20
7702 + 1440
7703 # 1504
7703 - 1440 20
7703 + 88
7703 + 1440
7704 # 1504
7704 - 1440 20
7704 + 1440
7705 # 1504
7705 - 1440 20
7706 # 1504
7706 - 1440 20
7706 + 1440
7707 # 1504
7707 - 1440 20
7707 + 1440
7708 # 1504
7708 - 1440 20
7708 + 1440
7709 # 1504
7709 - 1440 20
7709 - 1440 19
7709 + 1440
7710 # 1504
7710 - 1440 19
7710 + 1440
7711 # 1504
7711 - 1440 19
7711 - 88 19
7711 + 1440
7712 # 1504
7712 - 1440 19
7712 + 1440
7713 # 1504
7713 - 1440 19
7713 + 1440
7713 + 88
7714 # 1504
7714 - 1440 19
7714 + 1440
7715 # 1504
7715 - 1440 19
7715 + 1440
7716 # 1504
7716 - 1440 19
7717 # 1504
7717 - 1440 19
7717 + 1440
7718 # 1504
7718 - 1440 19
7718 + 1440
7719 # 1504
7719 - 1440 20
7719 + 1440
7720 # 1504
7720 - 1096 20
7720 + 1440
7721 # 1504
7721 - 1440 20
7721 + 1440
7721 + 88
7722 # 1504
7722 - 1440 20
7722 - 88 19
7722 + 1440
7723 # 1504
7723 - 1440 20
7723 + 1440
7724 # 1504
7724 - 1440 20
7724 + 1440
7725 # 1504
7725 - 1440 19
7725 + 1440
7726 # 1504
7726 - 1440 19
7726 + 1440
7727 # 1504
7727 - 1440 19
7728 # 1504
7728 - 1440 19
7728 + 1440
7729 # 1504
7729 - 1440 19
7729 - 1440 18
7729 + 1440
7730 # 1504
7730 - 1440 18
7730 + 1440
7731 # 1504
7731 - 1440 18
7731 - 88 18
7731 + 1440
7732 # 1504
7732 - 1440 18
7732 + 1440
7732 + 88
7733 # 1504
7733 - 1440 18
7733 + 1440
7734 # 1504
7734 - 1440 17
7734 + 1440
7735 # 1504
7735 - 1440 17
7736 # 1504
7736 - 1440 17
7736 + 1440
7737 # 1504
7737 - 1440 17
7737 + 1440
7738 # 1504
7738 - 1440 17
7738 - 88 17
7738 + 1440
7739 # 1504
7739 - 1440 17
7739 + 1440
7740 # 1504
7740 - 1440 17
7740 + 1440
7741 # 1504
7741 - 1440 17
7741 + 1440
7742 # 1504
7742 - 1440 17
7742 + 1440
7743 # 1504
7743 - 1440 17
7743 + 88
7744 # 1504
7744 - 1440 16
7744 + 1440
7745 # 1504
7745 - 1440 16
7745 + 1440
7746 # 1504
7746 - 1440 16
7746 + 1440
7747 # 1504
7747 - 1440 16
7747 + 1440
7748 # 1504
7748 - 1440 16
7748 - 88 16
7748 + 1440
7749 # 1504
7749 - 1440 16
7749 + 1440
7750 # 1504
7750 - 1440 16
7750 + 1440
7751 # 1504
7751 - 1440 15
7751 + 1440
7752 # 1504
7752 - 1440 15
7752 + 1440
7753 # 1504
7753 - 1440 15
7753 + 1440
7753 + 88
7754 # 1504
7754 - 1440 15
7754 + 1440
7755 # 1504
7755 - 1440 15
7755 + 1440
7756 # 1504
7756 - 1440 15
7756 - 1440 14
7756 + 1440
7757 # 1504
7757 - 88 14
7757 - 1440 13
7757 + 1440
7758 # 1504
7758 - 1440 13
7758 + 1440
7759 # 1504
7759 - 1440 13
7759 + 1440
7760 # 1504
7760 - 1440 13
7760 + 1440
7761 # 1504
7761 - 1440 13
7761 + 1440
7762 # 1504
7762 - 1440 13
7763 # 1504
7763 - 1440 13
7763 + 1440
7764 # 1504
7764 - 1440 13
7764 + 1440
7764 + 88
7765 # 1504
7765 - 1440 13
7765 + 1440
7766 # 1504
7766 - 1440 13
7766 - 88 13
7766 + 1440
7767 # 1504
7767 - 1440 13
7767 + 1440
7768 # 1504
7768 - 1440 13
7768 + 1440
7769 # 1504
7769 - 1440 13
7769 + 1440
7770 # 1504
7770 - 1440 13
7770 + 1440
7771 # 1504
7771 - 1440 13
7771 + 1440
7772 # 1504
7772 - 1440 13
7772 + 1440
7773 # 1504
7773 - 1440 13
7773 + 1440
7774 # 1504
7774 - 1440 13
7774 + 1440
7775 # 1504
7775 - 1440 12
7775 + 88
7776 # 1504
7776 - 1440 12
7776 - 88 12
7776 + 1440
7777 # 1504
7777 - 1440 12
7777 + 1440
7778 # 1504
7778 - 1440 12
7778 + 1440
7779 # 1504
7779 - 1440 12
7779 + 1440
7780 # 1504
7780 - 1440 12
7780 + 1440
7781 # 1504
7781 - 1440 12
7781 + 1096
7782 # 1504
7782 - 1440 12
7783 # 1504
7783 - 1440 12
7783 - 1440 11
7783 + 1440
7784 # 1504
7784 - 1440 11
7784 + 1440
7785 # 1504
7785 - 1440 11
7785 - 88 10
7785 + 1440
7785 + 88
7786 # 1504
7786 - 1440 10
7786 + 1440
7787 # 1504
7787 - 1440 10
7788 # 1504
7788 - 1440 10
7788 + 1440
7789 # 1504
7789 - 1440 10
7789 + 1440
7790 # 1504
7790 - 1440 10
7790 + 1440
7791 # 1504
7791 - 1096 10
7791 + 1440
7792 # 1504
7792 - 1440 9
7793 # 1504
7793 - 1440 9
7793 + 1440
7793 + 88
7794 # 1504
7794 - 1440 9
7794 - 88 9
7794 + 1440
7795 # 1504
7795 - 1440 9
7795 + 1440
7796 # 1504
7796 - 1440 8
7796 + 1440
7797 # 1504
7797 - 1440 8
7798 # 1504
7798 - 1440 8
7798 + 1440
7799 # 1504
7799 - 1440 8
7799 + 1440
7800 # 1504
7800 - 1440 7
7800 - 88 7
7801 # 1504
7801 - 1440 7
7801 + 1440
7802 # 1504
7802 - 1440 7
7802 + 1440
7803 # 1504
7803 - 1440 7
7803 + 88
7803 + 1440
7804 # 1504
7804 - 1440 6
7804 - 1440 5
7805 # 1504
7805 - 1440 4
7805 + 1440
7806 # 1504
7806 - 1440 4
7806 - 88 3
7806 + 1440
7807 # 1504
7807 - 1440 4
7808 # 1504
7808 - 1440 3
7808 + 1440
7809 # 1504
7809 - 1440 3
7809 + 1440
7810 # 1504
7810 - 1440 2
7810 + 1440
7811 # 1504
7811 - 1440 2
7812 # 1504
7812 - 1440 2
7812 + 1440
7813 # 1504
7813 - 1440 1
7813 + 1440
7814 # 1504
7814 - 1440 1
7814 + 1440
7815 # 1504
7815 - 1440 1
7815 + 88
7816 # 1504
7816 - 88 1
7816 + 1440
7817 # 1504
7817 - 1440 1
7818 # 1504
7818 + 1440
7819 # 1504
7819 - 1440 1
7820 # 1504
7820 + 1440
7821 # 1504
7821 - 1440 1
7821 + 1440
7822 # 1504
7822 - 1440 1
7823 # 1504
7823 + 1440
7824 # 1504
7824 - 1440 1
7825 # 1504
7825 + 1440
7826 # 1504
7826 - 1440 1
7826 + 88
7827 # 1504
7827 - 88 1
7827 + 1440
7828 # 1504
7828 - 1440 1
7828 + 1440
7829 # 1504
7829 - 1440 1
7830 # 1504
7830 + 1440
7831 # 1504
7831 - 1440 1
7832 # 1504
7832 + 1440
7833 # 1504
7833 - 1440 1
7834 # 1504
7834 + 1440
7835 # 1504
7835 - 1440 1
7836 # 1504
7836 + 1440
7837 # 1504
7837 - 1440 1
7837 + 88
7838 # 1504
7838 - 88 1
7838 + 1440
7839 # 1504
7839 - 1440 1
7839 + 1440
7840 # 1504
7840 - 1440 1
7841 # 1504
7841 + 1440
7842 # 1504
7842 - 1440 1
7843 # 1504
7843 + 1440
7844 # 1504
7844 - 1440 1
7845 # 1504
7845 + 1440
7846 # 1504
7846 - 1440 1
7846 + 1440
7847 # 1504
7847 - 1440 1
7847 + 88
7848 # 1504
7848 - 88 1
7848 + 1440
7849 # 1504
7849 - 1440 1
7849 + 1440
7850 # 1504
7850 - 1440 1
7851 # 1504
7851 + 1440
7852 # 1504
7852 - 1440 1
7853 # 1504
7853 + 1440
7854 # 1504
7854 - 1440 1
7854 + 1440
7855 # 1504
7855 - 1440 1
7856 # 1504
7856 + 1440
7857 # 1504
7857 - 1440 1
7857 + 1440
7858 # 1504
7858 - 1440 1
7858 + 88
7859 # 1504
7859 - 88 1
7859 + 1440
7860 # 1504
7860 - 1440 1
7861 # 1504
7861 + 1440
7862 # 1504
7862 - 1440 1
7862 + 1440
7863 # 1504
7863 - 1440 1
7864 # 1504
7864 + 1440
7865 # 1504
7865 - 1440 1
7866 # 1504
7866 + 1440
7867 # 1504
7867 - 1440 1
7867 + 1440
7868 # 1504
7868 - 1440 1
7869 # 1504
7869 + 1440
7870 # 1504
7870 - 1440 1
7870 + 88
7870 + 1440
7871 # 1504
7871 - 88 1
7872 # 1504
7872 - 1440 2
7872 + 1440
7873 # 1504
7873 - 1440 1
7873 + 1440
7874 # 1504
7874 - 1440 1
7875 # 1504
7875 + 1440
7876 # 1504
7876 - 1440 1
7876 + 1440
7877 # 1504
7877 - 1440 1
7878 # 1504
7878 + 1440
7879 # 1504
7879 - 1440 1
7879 + 1440
7880 # 1504
7880 - 1440 1
7881 # 1504
7881 + 88
7881 + 1440
7882 # 1504
7882 - 88 1
7882 + 1440
7883 # 1504
7883 - 1440 2
7883 - 1440 1
7884 # 1504
7884 + 1440
7885 # 1504
7885 - 1440 1
7885 + 1440
7886 # 1504
7886 - 1440 1
7887 # 1504
7887 + 1440
7888 # 1504
7888 - 1440 1
7888 + 1440
7889 # 1504
7889 - 1440 1
7890 # 1504
7890 + 1440
7891 # 1504
7891 - 1440 1
7892 # 1504
7892 + 1440
7892 + 88
7893 # 1504
7893 - 1440 1
7893 + 1440
7894 # 1504
7894 - 88 2
7894 - 1440 1
7895 # 1504
7895 + 1096
7896 # 1504
7896 - 1096 1
7897 # 1504
7897 + 1440
7897 + 88
7898 # 1504
7898 - 1440 1
7898 + 1440
7899 # 1504
7899 - 88 2
7899 - 1440 1
7900 # 1504
7900 + 1440
7901 # 1504
7901 - 1440 1
7902 # 1504
7902 + 1440
7903 # 1504
7903 - 1440 1
7904 # 1504
7904 + 1440
7905 # 1504
7905 - 1440 1
7905 + 1440
7906 # 1504
7906 - 1440 1
7907 # 1504
7907 + 1440
7908 # 1504
7908 - 1440 1
7908 + 88
7909 # 1504
7909 - 88 1
7909 + 1440
7910 # 1504
7910 - 1440 1
7910 + 1440
7911 # 1504
7911 - 1440 1
7912 # 1504
7912 + 1440
7913 # 1504
7913 - 1440 1
7914 # 1504
7914 + 1440
7915 # 1504
7915 - 1440 1
7915 + 1440
7916 # 1504
7916 - 1440 1
7917 # 1504
7917 + 1440
7918 # 1504
7918 - 1440 1
7918 + 88
7919 # 1504
7919 - 88 1
7919 + 1440
7920 # 1504
7920 - 1440 1
7921 # 1504
7921 + 1440
7922 # 1504
7922 - 1440 1
7922 + 1440
7923 # 1504
7923 - 1440 1
7924 # 1504
7924 + 1440
7925 # 1504
7925 - 1440 1
7925 + 1440
7926 # 1504
7926 - 1440 1
7927 # 1504
7927 + 1440
7928 # 1504
7928 - 1440 1
7928 + 1440
7929 # 1504
7929 - 1440 1
7930 # 1504
7930 + 88
7930 + 1440
7931 # 1504
7931 - 88 1
7931 + 1440
7932 # 1504
7932 - 1440 2
7932 - 1440 1
7933 # 1504
7933 + 1440
7934 # 1504
7934 - 1440 1
7934 + 1440
7935 # 1504
7935 - 1440 1
7936 # 1504
7936 + 1440
7937 # 1504
7937 - 1440 1
7937 + 1440
7938 # 1504
7938 - 1440 1
7939 # 1504
7939 + 1440
7940 # 1504
7940 - 1440 1
7940 + 88
7940 + 1440
7941 # 1504
7941 - 88 1
7942 # 1504
7942 - 1440 2
7942 + 1440
7943 # 1504
7943 - 1440 1
7943 + 1440
7944 # 1504
7944 - 1440 1
7945 # 1504
7945 + 1440
7946 # 1504
7946 - 1440 1
7946 + 1440
7947 # 1504
7947 - 1440 1
7948 # 1504
7948 + 1440
7949 # 1504
7949 - 1440 1
7949 + 1440
7950 # 1504
7950 - 1440 1
7951 # 1504
7951 + 88
7951 + 1440
7952 # 1504
7952 - 88 1
7952 + 1440
7953 # 1504
7953 - 1440 2
7953 - 1440 1
7954 # 1504
7954 + 1440
7955 # 1504
7955 - 1440 1
7955 + 1440
7956 # 1504
7956 - 1440 1
7957 # 1504
7957 + 1440
7958 # 1504
7958 - 1440 1
7958 + 1440
7959 # 1504
7959 - 1440 1
7959 + 1440
7960 # 1504
7960 - 1440 1
7961 # 1504
7961 + 1440
7962 # 1504
7962 - 1440 1
7962 + 88
7962 + 1440
7963 # 1504
7963 - 88 1
7964 # 1504
7964 - 1440 2
7964 + 1440
7965 # 1504
7965 - 1440 1
7965 + 1440
7966 # 1504
7966 - 1440 1
7966 + 1440
7967 # 1504
7967 - 1440 1
7968 # 1504
7968 + 1440
7969 # 1504
7969 - 1440 1
7969 + 1440
7970 # 1504
7970 - 1440 1
7971 # 1504
7971 + 1440
7972 # 1504
7972 - 1440 1
7972 + 88
7973 # 1504
7973 - 88 1
7973 + 1440
7974 # 1504
7974 - 1440 1
7974 + 1440
7975 # 1504
7975 - 1440 1
7976 # 1504
7976 + 1440
7977 # 1504
7977 - 1440 1
7977 + 1440
7978 # 1504
7978 - 1440 1
7979 # 1504
7979 + 1440
7980 # 1504
7980 - 1440 1
7980 + 1440
7981 # 1504
7981 - 1440 1
7982 # 1504
7982 + 1440
7983 # 1504
7983 - 1440 1
7984 # 1504
7984 + 1440
7984 + 88
7985 # 1504
7985 - 1440 1
7985 + 1440
7986 # 1504
7986 - 88 2
7986 - 1440 1
7987 # 1504
7987 + 1440
7988 # 1504
7988 - 1440 1
7988 + 1440
7989 # 1504
7989 - 1440 1
7990 # 1504
7990 + 1440
7991 # 1504
7991 - 1440 1
7991 + 1440
7992 # 1504
7992 - 1440 1
7993 # 1504
7993 + 1440
7994 # 1504
7994 - 1440 1
7994 + 88
7995 # 1504
7995 - 88 1
7995 + 1440
7996 # 1504
7996 - 1440 1
7996 + 1440
7997 # 1504
7997 - 1440 1
7998 # 1504
7998 + 1440
7999 # 1504
7999 - 1440 1
7999 + 1440
8000 # 1504
8000 - 1440 1
8001 # 1504
8001 + 1440
8002 # 1504
8002 - 1440 1
8003 # 1504
8003 + 1440
8004 # 1504
8004 - 1440 1
8004 + 1440
8005 # 1504
8005 - 1440 1
8005 + 88
8006 # 1504
8006 - 88 1
8006 + 1440
8007 # 1504
8007 - 1440 1
8008 # 1504
8008 + 1440
8009 # 1504
8009 - 1440 1
8010 # 1504
8010 + 1440
8011 # 1504
8011 - 1440 1
8011 + 1096
8012 # 1504
8012 - 1096 1
8013 # 1504
8013 + 1440
8014 # 1504
8014 - 1440 1
8014 + 88
8015 # 1504
8015 - 88 1
8015 + 1440
8016 # 1504
8016 - 1440 1
8016 + 1440
8017 # 1504
8017 - 1440 1
8018 # 1504
8018 + 1440
8019 # 1504
8019 - 1440 1
8019 + 1440
8020 # 1504
8020 - 1440 1
8021 # 1504
8021 + 1440
8022 # 1504
8022 - 1440 1
8022 + 1440
8023 # 1504
8023 - 1440 1
8024 # 1504
8024 + 1440
8025 # 1504
8025 - 1440 1
8025 + 88
8025 + 1440
8026 # 1504
8026 - 88 1
8027 # 1504
8027 - 1440 2
8027 + 1440
8028 # 1504
8028 - 1440 1
8028 + 1440
8029 # 1504
8029 - 1440 1
8030 # 1504
8030 + 1440
8031 # 1504
8031 - 1440 1
8031 + 1440
8032 # 1504
8032 - 1440 1
8033 # 1504
8033 + 1440
8034 # 1504
8034 - 1440 1
8034 + 1440
8035 # 1504
8035 - 1440 1
8035 + 88
8036 # 1504
8036 - 88 1
8036 + 1440
8037 # 1504
8037 - 1440 1
8037 + 1440
8038 # 1504
8038 - 1440 1
8039 # 1504
8039 + 1440
8040 # 1504
8040 - 1440 1
8040 + 1440
8041 # 1504
8041 - 1440 1
8042 # 1504
8042 + 1440
8043 # 1504
8043 - 1440 1
8043 + 1440
8044 # 1504
8044 - 1440 1
8045 # 1504
8045 + 1440
8045 + 88
8046 # 1504
8046 - 1440 1
8046 + 1440
8047 # 1504
8047 - 88 2
8047 - 1440 1
8048 # 1504
8048 + 1440
8049 # 1504
8049 - 1440 1
8049 + 1440
8050 # 1504
8050 - 1440 1
8051 # 1504
8051 + 1440
8052 # 1504
8052 - 1440 1
8053 # 1504
8053 + 1440
8054 # 1504
8054 - 1440 1
8055 # 1504
8055 + 1440
8056 # 1504
8056 - 1440 1
8056 + 1440
8057 # 1504
8057 - 1440 1
8058 # 1504
8058 + 88
8058 + 1440
8059 # 1504
8059 - 88 1
8060 # 1504
8060 - 1440 2
8060 + 1440
8061 # 1504
8061 - 1440 1
8061 + 1440
8062 # 1504
8062 - 1440 1
8063 # 1504
8063 + 1440
8064 # 1504
8064 - 1440 1
8065 # 1504
8065 + 1440
8066 # 1504
8066 - 1440 1
8066 + 1440
8067 # 1504
8067 - 1440 1
8068 # 1504
8068 + 1440
8069 # 1504
8069 - 1440 1
8069 + 1440
8069 + 88
8070 # 1504
8070 - 1440 1
8071 # 1504
8071 - 88 2
8071 + 1440
8072 # 1504
8072 - 1440 1
8072 + 1440
8073 # 1504
8073 - 1440 1
8074 # 1504
8074 + 1440
8075 # 1504
8075 - 1440 1
8075 + 1440
8076 # 1504
8076 - 1440 1
8077 # 1504
8077 + 1440
8078 # 1504
8078 - 1440 1
8078 + 1440
8079 # 1504
8079 - 1440 1
8079 + 88
8080 # 1504
8080 - 88 1
8080 + 1440
8081 # 1504
8081 - 1440 1
8081 + 1440
8082 # 1504
8082 - 1440 1
8083 # 1504
8083 + 1440
8084 # 1504
8084 - 1440 1
8085 # 1504
8085 + 1440
8086 # 1504
8086 - 1440 1
8086 + 1440
8087 # 1504
8087 - 1440 1
8088 # 1504
8088 + 1440
8089 # 1504
8089 - 1440 1
8089 + 1440
8090 # 1504
8090 - 1440 1
8090 + 88
8091 # 1504
8091 - 88 1
8091 + 1440
8092 # 1504
8092 - 1440 1
8092 + 1440
8093 # 1504
8093 - 1440 1
8094 # 1504
8094 + 1440
8095 # 1504
8095 - 1440 1
8095 + 1440
8096 # 1504
8096 - 1440 1
8097 # 1504
8097 + 1440
8098 # 1504
8098 - 1440 1
8098 + 1440
8099 # 1504
8099 - 1440 1
8100 # 1504
8100 + 1440
8101 # 1504
8101 - 1440 1
8101 + 1440
8101 + 88
8102 # 1504
8102 - 1440 1
8102 + 1440
8103 # 1504
8103 - 88 2
8103 - 1440 1
8104 # 1504
8104 + 1440
8105 # 1504
8105 - 1440 1
8105 + 1440
8106 # 1504
8106 - 1440 1
8107 # 1504
8107 + 1440
8108 # 1504
8108 - 1440 1
8108 + 1440
8109 # 1504
8109 - 1440 1
8109 + 1440
8110 # 1504
8110 - 1440 1
8111 # 1504
8111 + 1440
8112 # 1504
8112 - 1440 1
8112 + 88
8112 + 1440
8113 # 1504
8113 - 88 1
8113 + 1440
8114 # 1504
8114 - 1440 2
8114 - 1440 1
8115 # 1504
8115 + 1440
8116 # 1504
8116 - 1440 1
8116 + 1440
8117 # 1504
8117 - 1440 1
8118 # 1504
8118 + 1440
8119 # 1504
8119 - 1440 1
8119 + 1440
8120 # 1504
8120 - 1440 1
8120 + 1440
8121 # 1504
8121 - 1440 1
8122 # 1504
8122 + 1440
8123 # 1504
8123 - 1440 1
8123 + 88
8123 + 1096
8124 # 1504
8124 - 88 1
8124 - 1096 1
8125 # 1504
8125 + 1440
8126 # 1504
8126 - 1440 1
8126 + 88
8127 # 1504
8127 - 88 1
8127 + 1440
8128 # 1504
8128 - 1440 1
8128 + 1440
8129 # 1504
8129 - 1440 1
8130 # 1504
8130 + 1440
8131 # 1504
8131 - 1440 1
8131 + 1440
8132 # 1504
8132 - 1440 1
8133 # 1504
8133 + 1440
8134 # 1504
8134 - 1440 1
8135 # 1504
8135 + 1440
8136 # 1504
8136 - 1440 1
8136 + 1440
8137 # 1504
8137 - 1440 1
8137 + 88
8138 # 1504
8138 - 88 1
8138 + 1440
8139 # 1504
8139 - 1440 1
8139 + 1440
8140 # 1504
8140 - 1440 1
8141 # 1504
8141 + 1440
8142 # 1504
8142 - 1440 1
8142 + 1440
8143 # 1504
8143 - 1440 1
8143 + 1440
8144 # 1504
8144 - 1440 1
8145 # 1504
8145 + 1440
8146 # 1504
8146 - 1440 1
8146 + 1440
8147 # 1504
8147 - 1440 1
8147 + 88
8148 # 1504
8148 - 88 1
8148 + 1440
8149 # 1504
8149 - 1440 1
8149 + 1440
8150 # 1504
8150 - 1440 1
8150 + 1440
8151 # 1504
8151 - 1440 1
8152 # 1504
8152 + 1440
8153 # 1504
8153 - 1440 1
8153 + 1440
8154 # 1504
8154 - 1440 1
8154 + 1440
8155 # 1504
8155 - 1440 1
8156 # 1504
8156 + 1440
8157 # 1504
8157 - 1440 1
8157 + 1440
8158 # 1504
8158 - 1440 1
8158 + 1440
8158 + 88
8159 # 1504
8159 - 1440 1
8160 # 1504
8160 - 88 2
8160 + 1440
8161 # 1504
8161 - 1440 1
8161 + 1440
8162 # 1504
8162 - 1440 1
8162 + 1440
8163 # 1504
8163 - 1440 1
8164 # 1504
8164 + 1440
8165 # 1504
8165 - 1440 1
8165 + 1440
8166 # 1504
8166 - 1440 1
8166 + 1440
8167 # 1504
8167 - 1440 1
8168 # 1504
8168 + 1440
8169 # 1504
8169 - 1440 1
8169 + 88
8169 + 1440
8170 # 1504
8170 - 88 1
8171 # 1504
8171 - 1440 2
8171 + 1440
8172 # 1504
8172 - 1440 1
8172 + 1440
8173 # 1504
8173 - 1440 1
8174 # 1504
8174 + 1440
8175 # 1504
8175 - 1440 1
8175 + 1440
8176 # 1504
8176 - 1440 1
8177 # 1504
8177 + 1440
8178 # 1504
8178 - 1440 1
8178 + 1440
8179 # 1504
8179 - 1440 1
8180 # 1504
8180 + 1440
8180 + 88
8181 # 1504
8181 - 1440 1
8181 + 1440
8182 # 1504
8182 - 88 2
8182 - 1440 1
8182 + 1440
8183 # 1504
8183 - 1440 1
8184 # 1504
8184 + 1440
8185 # 1504
8185 - 1440 1
8185 + 1440
8186 # 1504
8186 - 1440 1
8186 + 1440
8187 # 1504
8187 - 1440 1
8188 # 1504
8188 + 1440
8189 # 1504
8189 - 1440 1
8189 + 1440
8190 # 1504
8190 - 1440 1
8190 + 1440
8190 + 88
8191 # 1504
8191 - 1440 1
8191 + 1440
8192 # 1504
8192 - 88 2
8192 - 1440 1
8193 # 1504
8193 + 1440
8194 # 1504
8194 - 1440 1
8194 + 1440
8195 # 1504
8195 - 1440 1
8195 + 1440
8196 # 1504
8196 - 1440 1
8196 + 1440
8197 # 1504
8197 - 1440 1
8198 # 1504
8198 + 1440
8199 # 1504
8199 - 1440 1
8199 + 1440
8200 # 1504
8200 - 1440 1
8200 + 1440
8201 # 1504
8201 - 1440 1
8201 + 1440
8201 + 88
8202 # 1504
8202 - 1440 1
8202 + 1440
8203 # 1504
8203 - 88 2
8203 - 1440 1
8204 # 1504
8204 + 1440
8205 # 1504
8205 - 1440 1
8205 + 1440
8206 # 1504
8206 - 1440 1
8206 + 1440
8207 # 1504
8207 - 1440 1
8208 # 1504
8208 + 1440
8209 # 1504
8209 - 1440 1
8209 + 1440
8210 # 1504
8210 - 1440 1
8210 + 1440
8211 # 1504
8211 - 1440 1
8212 # 1504
8212 + 1440
8212 + 88
8213 # 1504
8213 - 1440 1
8213 + 1440
8214 # 1504
8214 - 88 2
8214 - 1440 1
8214 + 1440
8215 # 1504
8215 - 1440 1
8216 # 1504
8216 + 1440
8217 # 1504
8217 - 1440 1
8217 + 1440
8218 # 1504
8218 - 1440 1
8218 + 1440
8219 # 1504
8219 - 1440 1
8220 # 1504
8220 + 1440
8221 # 1504
8221 - 1440 1
8221 + 1440
8222 # 1504
8222 - 1440 1
8222 + 1440
8222 + 88
8223 # 1504
8223 - 1440 1
8223 + 1440
8224 # 1504
8224 - 88 2
8224 - 1440 1
8225 # 1504
8225 + 1096
8226 # 1504
8226 - 1096 1
8226 + 1440
8227 # 1504
8227 - 1440 1
8227 + 1440
8227 + 88
8228 # 1504
8228 - 1440 1
8228 + 1440
8229 # 1504
8229 - 88 2
8229 - 1440 1
8230 # 1504
8230 + 1440
8231 # 1504
8231 - 1440 1
8231 + 1440
8232 # 1504
8232 - 1440 1
8232 + 1440
8233 # 1504
8233 - 1440 1
8233 + 1440
8234 # 1504
8234 - 1440 1
8235 # 1504
8235 + 1440
8236 # 1504
8236 - 1440 1
8236 + 1440
8237 # 1504
8237 - 1440 1
8237 + 1440
8237 + 88
8238 # 1504
8238 - 1440 1
8238 + 1440
8239 # 1504
8239 - 88 2
8239 - 1440 1
8240 # 1504
8240 + 1440
8241 # 1504
8241 - 1440 1
8241 + 1440
8242 # 1504
8242 - 1440 1
8242 + 1440
8243 # 1504
8243 - 1440 1
8244 # 1504
8244 + 1440
8245 # 1504
8245 - 1440 1
8245 + 1440
8246 # 1504
8246 - 1440 1
8246 + 1440
8247 # 1504
8247 - 1440 1
8247 + 1440
8248 # 1504
8248 - 1440 1
8248 + 1440
8248 + 88
8249 # 1504
8249 - 1440 1
8249 + 1440
8250 # 1504
8250 - 88 2
8250 - 1440 1
8250 + 1440
8251 # 1504
8251 - 1440 1
8252 # 1504
8252 + 1440
8253 # 1504
8253 - 1440 1
8253 + 1440
8254 # 1504
8254 - 1440 1
8254 + 1440
8255 # 1504
8255 - 1440 1
8255 + 1440
8256 # 1504
8256 - 1440 1
8256 + 1440
8257 # 1504
8257 - 1440 1
8257 + 1440
8258 # 1504
8258 - 1440 1
8259 # 1504
8259 + 1440
8259 + 88
8260 # 1504
8260 - 1440 1
8260 + 1440
8261 # 1504
8261 - 88 2
8261 - 1440 1
8261 + 1440
8262 # 1504
8262 - 1440 1
8262 + 1440
8263 # 1504
8263 - 1440 1
8264 # 1504
8264 + 1440
8265 # 1504
8265 - 1440 1
8265 + 1440
8266 # 1504
8266 - 1440 1
8266 + 1440
8267 # 1504
8267 - 1440 1
8268 # 1504
8268 + 1440
8269 # 1504
8269 - 1440 1
8269 + 1440
8269 + 88
8270 # 1504
8270 - 1440 1
8270 + 1440
8271 # 1504
8271 - 88 2
8271 - 1440 1
8271 + 1440
8272 # 1504
8272 - 1440 1
8272 + 1440
8273 # 1504
8273 - 1440 1
8274 # 1504
8274 + 1440
8275 # 1504
8275 - 1440 1
8275 + 1440
8276 # 1504
8276 - 1440 1
8276 + 1440
8277 # 1504
8277 - 1440 1
8277 + 1440
8278 # 1504
8278 - 1440 1
8279 # 1504
8279 + 1440
8280 # 1504
8280 - 1440 1
8280 + 1440
8280 + 88
8281 # 1504
8281 - 1440 1
8281 + 1440
8282 # 1504
8282 - 88 2
8282 - 1440 1
8282 + 1440
8283 # 1504
8283 - 1440 1
8284 # 1504
8284 + 1440
8285 # 1504
8285 - 1440 1
8285 + 1440
8286 # 1504
8286 - 1440 1
8287 # 1504
8287 + 1440
8288 # 1504
8288 - 1440 1
8288 + 1440
8289 # 1504
8289 - 1440 1
8289 + 1440
8290 # 1504
8290 - 1440 1
8290 + 88
8291 # 1504
8291 - 88 1
8291 + 1440
8292 # 1504
8292 - 1440 1
8292 + 1440
8293 # 1504
8293 - 1440 1
8293 + 1440
8294 # 1504
8294 - 1440 1
8295 # 1504
8295 + 1440
8296 # 1504
8296 - 1440 1
8296 + 1440
8297 # 1504
8297 - 1440 1
8297 + 1440
8298 # 1504
8298 - 1440 1
8298 + 1440
8299 # 1504
8299 - 1440 1
8299 + 1440
8300 # 1504
8300 - 1440 1
8301 # 1504
8301 + 1440
8301 + 88
8302 # 1504
8302 - 1440 1
8302 + 1440
8303 # 1504
8303 - 88 2
8303 - 1440 1
8303 + 1440
8304 # 1504
8304 - 1440 1
8304 + 1440
8305 # 1504
8305 - 1440 1
8305 + 1440
8306 # 1504
8306 - 1440 1
8307 # 1504
8307 + 1440
8308 # 1504
8308 - 1440 1
8308 + 1440
8309 # 1504
8309 - 1440 1
8310 # 1504
8310 + 1440
8311 # 1504
8311 - 1440 1
8311 + 88
8311 + 1440
8312 # 1504
8312 - 88 1
8312 + 1440
8313 # 1504
8313 - 1440 2
8313 - 1440 1
8314 # 1504
8314 + 1440
8315 # 1504
8315 - 1440 1
8315 + 1440
8316 # 1504
8316 - 1440 1
8316 + 1440
8317 # 1504
8317 - 1440 1
8318 # 1504
8318 + 1096
8319 # 1504
8319 - 1096 1
8319 + 1440
8320 # 1504
8320 - 1440 1
8320 + 1440
8321 # 1504
8321 - 1440 1
8321 + 88
8322 # 1504
8322 - 88 1
8322 + 1440
8323 # 1504
8323 - 1440 1
8323 + 1440
8324 # 1504
8324 - 1440 1
8324 + 1440
8325 # 1504
8325 - 1440 1
8325 + 1440
8326 # 1504
8326 - 1440 1
8327 # 1504
8327 + 1440
8328 # 1504
8328 - 1440 1
8328 + 1440
8329 # 1504
8329 - 1440 1
8329 + 1440
8330 # 1504
8330 - 1440 1
8330 + 1440
8331 # 1504
8331 - 1440 1
8331 + 1440
8332 # 1504
8332 - 1440 1
8332 + 88
8333 # 1504
8333 - 88 1
8333 + 1440
8334 # 1504
8334 - 1440 1
8334 + 1440
8335 # 1504
8335 - 1440 1
8335 + 1440
8336 # 1504
8336 - 1440 1
8336 + 1440
8337 # 1504
8337 - 1440 1
8338 # 1504
8338 + 1440
8339 # 1504
8339 - 1440 1
8339 + 1440
8340 # 1504
8340 - 1440 1
8340 + 1440
8341 # 1504
8341 - 1440 1
8342 # 1504
8342 + 1440
8342 + 88
8343 # 1504
8343 - 1440 1
8343 + 1440
8344 # 1504
8344 - 88 2
8344 - 1440 1
8344 + 1440
8345 # 1504
8345 - 1440 1
8345 + 1440
8346 # 1504
8346 - 1440 1
8347 # 1504
8347 + 1440
8348 # 1504
8348 - 1440 1
8348 + 1440
8349 # 1504
8349 - 1440 1
8349 + 1440
8350 # 1504
8350 - 1440 1
8350 + 1440
8351 # 1504
8351 - 1440 1
8351 + 1440
8352 # 1504
8352 - 1440 1
8352 + 1440
8352 + 88
8353 # 1504
8353 - 1440 1
8353 + 1440
8354 # 1504
8354 - 88 2
8354 - 1440 1
8355 # 1504
8355 + 1440
8356 # 1504
8356 - 1440 1
8356 + 1440
8357 # 1504
8357 - 1440 1
8357 + 1440
8358 # 1504
8358 - 1440 1
8358 + 1440
8359 # 1504
8359 - 1440 1
8359 + 1440
8360 # 1504
8360 - 1440 1
8360 + 1440
8361 # 1504
8361 - 1440 1
8361 + 1440
8362 # 1504
8362 - 1440 1
8363 # 1504
8363 + 1440
8363 + 88
8364 # 1504
8364 - 1440 1
8364 + 1440
8365 # 1504
8365 - 88 2
8365 - 1440 1
8365 + 1440
8366 # 1504
8366 - 1440 1
8366 + 1440
8367 # 1504
8367 - 1440 1
8367 + 1440
8368 # 1504
8368 - 1440 1
8368 + 1440
8369 # 1504
8369 - 1440 1
8370 # 1504
8370 + 1440
8371 # 1504
8371 - 1440 1
8371 + 1440
8372 # 1504
8372 - 1440 1
8372 + 1440
8373 # 1504
8373 - 1440 1
8373 + 1440
8374 # 1504
8374 - 1440 1
8374 + 88
8375 # 1504
8375 - 88 1
8375 + 1440
8376 # 1504
8376 - 1440 1
8376 + 1440
8377 # 1504
8377 - 1440 1
8377 + 1440
8378 # 1504
8378 - 1440 1
8379 # 1504
8379 + 1440
8380 # 1504
8380 - 1440 1
8380 + 1440
8381 # 1504
8381 - 1440 1
8381 + 1440
8382 # 1504
8382 - 1440 1
8382 + 1440
8383 # 1504
8383 - 1440 1
8384 # 1504
8384 + 1440
8384 + 88
8385 # 1504
8385 - 1440 1
8385 + 1440
8386 # 1504
8386 - 88 2
8386 - 1440 1
8386 + 1440
8387 # 1504
8387 - 1440 1
8387 + 1440
8388 # 1504
8388 - 1440 1
8388 + 1440
8389 # 1504
8389 - 1440 1
8390 # 1504
8390 + 1440
8391 # 1504
8391 - 1440 1
8391 + 1440
8392 # 1504
8392 - 1440 1
8392 + 1440
8393 # 1504
8393 - 1440 1
8393 + 1440
8394 # 1504
8394 - 1440 1
8395 # 1504
8395 + 1440
8395 + 88
8396 # 1504
8396 - 1440 1
8396 + 1440
8397 # 1504
8397 - 88 2
8397 - 1440 1
8397 + 1440
8398 # 1504
8398 - 1440 1
8398 + 1440
8399 # 1504
8399 - 1440 1
8400 # 1504
8400 + 1440
8401 # 1504
8401 - 1440 1
8401 + 1440
8402 # 1504
8402 - 1440 1
8402 + 1440
8403 # 1504
8403 - 1440 1
8404 # 1504
8404 + 1440
8405 # 1504
8405 - 1440 1
8405 + 1440
8406 # 1504
8406 - 1440 1
8406 + 88
8406 + 1440
8407 # 1504
8407 - 88 1
8407 + 1440
8408 # 1504
8408 - 1440 2
8408 - 1440 1
8409 # 1504
8409 + 1096
8409 + 1440
8410 # 1504
8410 - 1096 1
8411 # 1504
8411 - 1440 2
8411 + 1440
8412 # 1504
8412 - 1440 1
8412 + 1440
8412 + 88
8413 # 1504
8413 - 1440 1
8413 + 1440
8414 # 1504
8414 - 88 2
8414 - 1440 1
8414 + 1440
8415 # 1504
8415 - 1440 1
8415 + 1440
8416 # 1504
8416 - 1440 1
8416 + 1440
8417 # 1504
8417 - 1440 1
8418 # 1504
8418 + 1440
8419 # 1504
8419 - 1440 1
8419 + 1440
8420 # 1504
8420 - 1440 1
8420 + 1440
8421 # 1504
8421 - 1440 1
8421 + 1440
8422 # 1504
8422 - 1440 1
8422 + 1440
8423 # 1504
8423 - 1440 1
8423 + 1440
8424 # 1504
8424 - 1440 1
8424 + 88
8425 # 1504
8425 - 88 1
8425 + 1440
8426 # 1504
8426 - 1440 1
8426 + 1440
8427 # 1504
8427 - 1440 1
8427 + 1440
8428 # 1504
8428 - 1440 1
8428 + 1440
8429 # 1504
8429 - 1440 1
8429 + 1440
8430 # 1504
8430 - 1440 1
8430 + 1440
8431 # 1504
8431 - 1440 1
8432 # 1504
8432 + 1440
8433 # 1504
8433 - 1440 1
8433 + 1440
8434 # 1504
8434 - 1440 1
8434 + 1440
8435 # 1504
8435 - 1440 1
8435 + 88
8435 + 1440
8436 # 1504
8436 - 88 1
8436 + 1440
8437 # 1504
8437 - 1440 2
8437 - 1440 1
8438 # 1504
8438 + 1440
8439 # 1504
8439 - 1440 1
8439 + 1440
8440 # 1504
8440 - 1440 1
8440 + 1440
8441 # 1504
8441 - 1440 1
8441 + 1440
8442 # 1504
8442 - 1440 1
8442 + 1440
8443 # 1504
8443 - 1440 1
8443 + 1440
8444 # 1504
8444 - 1440 1
8445 # 1504
8445 + 1440
8445 + 88
8446 # 1504
8446 - 1440 1
8446 + 1440
8447 # 1504
8447 - 88 2
8447 - 1440 1
8447 + 1440
8448 # 1504
8448 - 1440 1
8448 + 1440
8449 # 1504
8449 - 1440 1
8449 + 1440
8450 # 1504
8450 - 1440 1
8450 + 1440
8451 # 1504
8451 - 1440 1
8451 + 1440
8452 # 1504
8452 - 1440 1
8452 + 1440
8453 # 1504
8453 - 1440 1
8453 + 1440
8454 # 1504
8454 - 1440 1
8454 + 1440
8455 # 1504
8455 - 1440 1
8456 # 1504
8456 + 1440
8456 + 88
8457 # 1504
8457 - 1440 1
8457 + 1440
8458 # 1504
8458 - 88 2
8458 - 1440 1
8458 + 1440
8459 # 1504
8459 - 1440 1
8459 + 1440
8460 # 1504
8460 - 1440 1
8460 + 1440
8461 # 1504
8461 - 1440 1
8461 + 1440
8462 # 1504
8462 - 1440 1
8462 + 1440
8463 # 1504
8463 - 1440 1
8463 + 1440
8464 # 1504
8464 - 1440 1
8464 + 1440
8465 # 1504
8465 - 1440 1
8465 + 1440
8466 # 1504
8466 - 1440 1
8466 + 1440
8467 # 1504
8467 - 1440 1
8467 + 88
8467 + 1440
8468 # 1504
8468 - 88 1
8468 + 1440
8469 # 1504
8469 - 1440 2
8469 - 1440 1
8469 + 1440
8470 # 1504
8470 - 1440 1
8470 + 1440
8471 # 1504
8471 - 1440 1
8471 + 1440
8472 # 1504
8472 - 1440 1
8472 + 1440
8473 # 1504
8473 - 1440 1
8474 # 1504
8474 + 1440
8474 + 1440
8475 # 1504
8475 - 1440 1
8476 # 1504
8476 - 1440 2
8476 + 1440
8477 # 1504
8477 - 1440 1
8477 + 1440
8477 + 88
8478 # 1504
8478 - 1440 1
8478 + 1440
8479 # 1504
8479 - 88 2
8479 - 1440 1
8479 + 1440
8480 # 1504
8480 - 1440 1
8480 + 1440
8481 # 1504
8481 - 1440 1
8481 + 1440
8482 # 1504
8482 - 1440 1
8482 + 1440
8483 # 1504
8483 - 1440 1
8484 # 1504
8484 + 1440
8485 # 1504
8485 - 1440 1
8485 + 1440
8486 # 1504
8486 - 1440 1
8486 + 1440
8487 # 1504
8487 - 1440 1
8487 + 1440
8488 # 1504
8488 - 1440 1
8488 + 1440
8488 + 88
8489 # 1504
8489 - 1440 1
8489 + 1440
8490 # 1504
8490 - 88 2
8490 - 1440 1
8490 + 1440
8491 # 1504
8491 - 1440 1
8491 + 1096
8492 # 1504
8492 - 1096 1
8493 # 1504
8493 + 1440
8494 # 1504
8494 - 1440 1
8494 + 1440
8494 + 88
8495 # 1504
8495 - 1440 1
8495 + 1440
8496 # 1504
8496 - 88 2
8496 - 1440 1
8496 + 1440
8497 # 1504
8497 - 1440 1
8497 + 1440
8498 # 1504
8498 - 1440 1
8498 + 1440
8499 # 1504
8499 - 1440 1
8499 + 1440
8500 # 1504
8500 - 1440 1
8500 + 1440
8501 # 1504
8501 - 1440 1
8501 + 1440
8502 # 1504
8502 - 1440 1
8502 + 1440
8503 # 1504
8503 - 1440 1
8503 + 1440
8504 # 1504
8504 - 1440 1
8504 + 1440
8505 # 1504
8505 - 1440 1
8505 + 88
8506 # 1504
8506 - 88 1
8506 + 1440
8507 # 1504
8507 - 1440 1
8507 + 1440
8508 # 1504
8508 - 1440 1
8508 + 1440
8509 # 1504
8509 - 1440 1
8509 + 1440
8510 # 1504
8510 - 1440 1
8510 + 1440
8511 # 1504
8511 - 1440 1
8511 + 1440
8512 # 1504
8512 - 1440 1
8513 # 1504
8513 + 1440
8514 # 1504
8514 - 1440 1
8514 + 1440
8515 # 1504
8515 - 1440 1
8515 + 1440
8516 # 1504
8516 - 1440 1
8516 + 88
8516 + 1440
8517 # 1504
8517 - 88 1
8518 # 1504
8518 - 1440 2
8518 + 1440
8519 # 1504
8519 - 1440 1
8519 + 1440
8520 # 1504
8520 - 1440 1
8520 + 1440
8521 # 1504
8521 - 1440 1
8521 + 1440
8522 # 1504
8522 - 1440 1
8522 + 1440
8523 # 1504
8523 - 1440 1
8523 + 1440
8524 # 1504
8524 - 1440 1
8524 + 1440
8525 # 1504
8525 - 1440 1
8525 + 1440
8525 + 88
8526 # 1504
8526 - 1440 1
8526 + 1440
8527 # 1504
8527 - 88 2
8527 - 1440 1
8527 + 1440
8528 # 1504
8528 - 1440 1
8528 + 1440
8529 # 1504
8529 - 1440 1
8529 + 1440
8530 # 1504
8530 - 1440 1
8531 # 1504
8531 + 1440
8532 # 1504
8532 - 1440 1
8532 + 1440
8533 # 1504
8533 - 1440 1
8533 + 1440
8534 # 1504
8534 - 1440 1
8534 + 1440
8535 # 1504
8535 - 1440 1
8535 + 1440
8536 # 1504
8536 - 1440 1
8536 + 88
8537 # 1504
8537 - 88 1
8537 + 1440
8538 # 1504
8538 - 1440 1
8538 + 1440
8539 # 1504
8539 - 1440 1
8539 + 1440
8540 # 1504
8540 - 1440 1
8540 + 1440
8541 # 1504
8541 - 1440 1
8541 + 1440
8542 # 1504
8542 - 1440 1
8542 + 1440
8543 # 1504
8543 - 1440 1
8544 # 1504
8544 + 1440
8545 # 1504
8545 - 1440 1
8545 + 1440
8546 # 1504
8546 - 1440 1
8546 + 1440
8546 + 88
8547 # 1504
8547 - 1440 1
8547 + 1440
8548 # 1504
8548 - 88 2
8548 - 1440 1
8548 + 1440
8549 # 1504
8549 - 1440 1
8549 + 1440
8550 # 1504
8550 - 1440 1
8550 + 1440
8551 # 1504
8551 - 1440 1
8551 + 1440
8552 # 1504
8552 - 1440 1
8552 + 1440
8553 # 1504
8553 - 1440 1
8554 # 1504
8554 + 1440
8555 # 1504
8555 - 1440 1
8555 + 1440
8556 # 1504
8556 - 1440 1
8556 + 1440
8557 # 1504
8557 - 1440 1
8557 + 1440
8557 + 88
8558 # 1504
8558 - 1440 1
8558 + 1440
8559 # 1504
8559 - 88 2
8559 - 1440 1
8559 + 1440
8560 # 1504
8560 - 1440 1
8560 + 1440
8561 # 1504
8561 - 1440 1
8561 + 1440
8562 # 1504
8562 - 1440 1
8562 + 1440
8563 # 1504
8563 - 1440 1
8563 + 1440
8564 # 1504
8564 - 1440 1
8565 # 1504
8565 + 1440
8566 # 1504
8566 - 1440 1
8566 + 1440
8567 # 1504
8567 - 1440 1
8567 + 1440
8567 + 88
8568 # 1504
8568 - 1440 1
8568 + 1440
8569 # 1504
8569 - 88 2
8569 - 1440 1
8569 + 1440
8570 # 1504
8570 - 1440 1
8571 # 1504
8571 + 1440
8572 # 1504
8572 - 1440 1
8572 + 1440
8573 # 1504
8573 - 1440 1
8573 + 1440
8574 # 1504
8574 - 1440 1
8574 + 1440
8575 # 1504
8575 - 1440 1
8575 + 1096
8576 # 1504
8576 - 1096 1
8577 # 1504
8577 + 1440
8577 + 1440
8578 # 1504
8578 - 1440 1
8578 + 88
8579 # 1504
8579 - 1440 2
8579 - 88 1
8579 + 1440
8580 # 1504
8580 - 1440 1
8580 + 1440
8581 # 1504
8581 - 1440 1
8581 + 1440
8582 # 1504
8582 - 1440 1
8582 + 1440
8583 # 1504
8583 - 1440 1
8584 # 1504
8584 + 1440
8585 # 1504
8585 - 1440 1
8585 + 1440
8586 # 1504
8586 - 1440 1
8586 + 1440
8587 # 1504
8587 - 1440 1
8587 + 1440
8588 # 1504
8588 - 1440 1
8588 + 1440
8589 # 1504
8589 - 1440 1
8589 + 88
8590 # 1504
8590 - 88 1
8590 + 1440
8591 # 1504
8591 - 1440 1
8591 + 1440
8592 # 1504
8592 - 1440 1
8592 + 1440
8593 # 1504
8593 - 1440 1
8593 + 1440
8594 # 1504
8594 - 1440 1
8595 # 1504
8595 + 1440
8596 # 1504
8596 - 1440 1
8596 + 1440
8597 # 1504
8597 - 1440 1
8597 + 1440
8598 # 1504
8598 - 1440 1
8598 + 1440
8599 # 1504
8599 - 1440 1
8600 # 1504
8600 + 1440
8600 + 88
8601 # 1504
8601 - 1440 1
8601 + 1440
8602 # 1504
8602 - 88 2
8602 - 1440 1
8602 + 1440
8603 # 1504
8603 - 1440 1
8603 + 1440
8604 # 1504
8604 - 1440 1
8604 + 1440
8605 # 1504
8605 - 1440 1
8605 + 1440
8606 # 1504
8606 - 1440 1
8606 + 1440
8607 # 1504
8607 - 1440 1
8608 # 1504
8608 + 1440
8609 # 1504
8609 - 1440 1
8609 + 1440
8610 # 1504
8610 - 1440 1
8610 + 1440
8611 # 1504
8611 - 1440 1
8611 + 1440
8611 + 88
8612 # 1504
8612 - 1440 1
8612 + 1440
8613 # 1504
8613 - 88 2
8613 - 1440 1
8613 + 1440
8614 # 1504
8614 - 1440 1
8614 + 1440
8615 # 1504
8615 - 1440 1
8616 # 1504
8616 + 1440
8617 # 1504
8617 - 1440 1
8617 + 1440
8618 # 1504
8618 - 1440 1
8618 + 1440
8619 # 1504
8619 - 1440 1
8619 + 1440
8620 # 1504
8620 - 1440 1
8620 + 1440
8621 # 1504
8621 - 1440 1
8621 + 1440
8622 # 1504
8622 - 1440 1
8622 + 88
8622 + 1440
8623 # 1504
8623 - 88 1
8623 + 1440
8624 # 1504
8624 - 1440 2
8624 - 1440 1
8625 # 1504
8625 + 1440
8626 # 1504
8626 - 1440 1
8626 + 1440
8627 # 1504
8627 - 1440 1
8627 + 1440
8628 # 1504
8628 - 1440 1
8628 + 1440
8629 # 1504
8629 - 1440 1
8629 + 1440
8630 # 1504
8630 - 1440 1
8630 + 1440
8631 # 1504
8631 - 1440 1
8631 + 1440
8632 # 1504
8632 - 1440 1
8632 + 1440
8632 + 88
8633 # 1504
8633 - 1440 1
8633 + 1440
8634 # 1504
8634 - 88 2
8634 - 1440 1
8634 + 1440
8635 # 1504
8635 - 1440 1
8636 # 1504
8636 + 1440
8637 # 1504
8637 - 1440 1
8637 + 1440
8638 # 1504
8638 - 1440 1
8638 + 1440
8639 # 1504
8639 - 1440 1
8639 + 1440
8640 # 1504
8640 - 1440 1
8640 + 1440
8641 # 1504
8641 - 1440 1
8642 # 1504
8642 + 1440
8643 # 1504
8643 - 1440 1
8643 + 1440
8643 + 88
8644 # 1504
8644 - 1440 1
8644 + 1440
8645 # 1504
8645 - 88 2
8645 - 1440 1
8645 + 1440
8646 # 1504
8646 - 1440 1
8646 + 1440
8647 # 1504
8647 - 1440 1
8648 # 1504
8648 + 1440
8649 # 1504
8649 - 1440 1
8649 + 1440
8650 # 1504
8650 - 1440 1
8650 + 1440
8651 # 1504
8651 - 1440 1
8651 + 1440
8652 # 1504
8652 - 1440 1
8652 + 1440
8653 # 1504
8653 - 1440 1
8653 + 1440
8654 # 1504
8654 - 1440 1
8654 + 88
8655 # 1504
8655 - 88 1
8655 + 1440
8656 # 1504
8656 - 1440 1
8656 + 1440
8657 # 1504
8657 - 1440 1
8657 + 1440
8658 # 1504
8658 - 1440 1
8658 + 1440
8659 # 1504
8659 - 1440 1
8659 + 1440
8660 # 1504
8660 - 1440 1
8660 + 1440
8661 # 1504
8661 - 1440 1
8661 + 1096
8662 # 1504
8662 - 1096 1
8662 + 1440
8663 # 1504
8663 - 1440 1
8663 + 1440
8664 # 1504
8664 - 1440 1
8664 + 88
8664 + 1440
8665 # 1504
8665 - 88 1
8665 + 1440
8666 # 1504
8666 - 1440 2
8666 - 1440 1
8667 # 1504
8667 + 1440
8668 # 1504
8668 - 1440 1
8668 + 1440
8669 # 1504
8669 - 1440 1
8669 + 1440
8670 # 1504
8670 - 1440 1
8670 + 1440
8671 # 1504
8671 - 1440 1
8671 + 1440
8672 # 1504
8672 - 1440 1
8672 + 1440
8673 # 1504
8673 - 1440 1
8673 + 1440
8674 # 1504
8674 - 1440 1
8675 # 1504
8675 + 1440
8675 + 88
8676 # 1504
8676 - 1440 1
8676 + 1440
8677 # 1504
8677 - 88 2
8677 - 1440 1
8677 + 1440
8678 # 1504
8678 - 1440 1
8678 + 1440
8679 # 1504
8679 - 1440 1
8679 + 1440
8680 # 1504
8680 - 1440 1
8680 + 1440
8681 # 1504
8681 - 1440 1
8681 + 1440
8682 # 1504
8682 - 1440 1
8682 + 1440
8683 # 1504
8683 - 1440 1
8683 + 1440
8684 # 1504
8684 - 1440 1
8684 + 1440
8685 # 1504
8685 - 1440 1
8685 + 1440
8686 # 1504
8686 - 1440 1
8686 + 88
8686 + 1440
8687 # 1504
8687 - 88 1
8688 # 1504
8688 - 1440 2
8688 + 1440
8689 # 1504
8689 - 1440 1
8689 + 1440
8690 # 1504
8690 - 1440 1
8690 + 1440
8691 # 1504
8691 - 1440 1
8691 + 1440
8692 # 1504
8692 - 1440 1
8692 + 1440
8693 # 1504
8693 - 1440 1
8693 + 1440
8694 # 1504
8694 - 1440 1
8695 # 1504
8695 + 1440
8696 # 1504
8696 - 1440 1
8696 + 1440
8696 + 88
8697 # 1504
8697 - 1440 1
8697 + 1440
8698 # 1504
8698 - 88 2
8698 - 1440 1
8698 + 1440
8699 # 1504
8699 - 1440 1
8699 + 1440
8700 # 1504
8700 - 1440 1
8701 # 1504
8701 + 1440
8702 # 1504
8702 - 1440 1
8702 + 1440
8703 # 1504
8703 - 1440 1
8703 + 1440
8704 # 1504
8704 - 1440 1
8704 + 1440
8705 # 1504
8705 - 1440 1
8705 + 1440
8706 # 1504
8706 - 1440 1
8706 + 1440
8707 # 1504
8707 - 1440 1
8707 + 88
8707 + 1440
8708 # 1504
8708 - 88 1
8708 + 1440
8709 # 1504
8709 - 1440 2
8709 - 1440 1
8709 + 1440
8710 # 1504
8710 - 1440 1
8710 + 1440
8711 # 1504
8711 - 1440 1
8712 # 1504
8712 + 1440
8713 # 1504
8713 - 1440 1
8713 + 1440
8714 # 1504
8714 - 1440 1
8714 + 1440
8715 # 1504
8715 - 1440 1
8715 + 1440
8716 # 1504
8716 - 1440 1
8716 + 1440
8717 # 1504
8717 - 1440 1
8717 + 1440
8717 + 88
8718 # 1504
8718 - 1440 1
8718 + 1440
8719 # 1504
8719 - 88 2
8719 - 1440 1
8719 + 1440
8720 # 1504
8720 - 1440 1
8721 # 1504
8721 + 1440
8722 # 1504
8722 - 1440 1
8722 + 1440
8723 # 1504
8723 - 1440 1
8723 + 1440
8724 # 1504
8724 - 1440 1
8724 + 1440
8725 # 1504
8725 - 1440 1
8725 + 1440
8726 # 1504
8726 - 1440 1
8726 + 1440
8727 # 1504
8727 - 1440 1
8727 + 1440
8728 # 1504
8728 - 1440 1
8728 + 1440
8728 + 88
8729 # 1504
8729 - 1440 1
8729 + 1440
8730 # 1504
8730 - 88 2
8730 - 1440 1
8730 + 1440
8731 # 1504
8731 - 1440 1
8731 + 1440
8732 # 1504
8732 - 1440 1
8732 + 1440
8733 # 1504
8733 - 1440 1
8733 + 1440
8734 # 1504
8734 - 1440 1
8734 + 1440
8735 # 1504
8735 - 1440 1
8735 + 1440
8736 # 1504
8736 - 1440 1
8736 + 1440
8737 # 1504
8737 - 1440 1
8737 + 1440
8738 # 1504
8738 - 1440 1
8738 + 1440
8739 # 1504
8739 - 1440 1
8739 + 88
8740 # 1504
8740 - 88 1
8740 + 1440
8741 # 1504
8741 - 1440 1
8741 + 1440
8742 # 1504
8742 - 1440 1
8742 + 1440
8743 # 1504
8743 - 1440 1
8743 + 1096
8744 # 1504
8744 - 1096 1
8744 + 1440
8745 # 1504
8745 - 1440 1
8745 + 1440
8746 # 1504
8746 - 1440 1
8746 + 88
8747 # 1504
8747 - 88 1
8747 + 1440
8748 # 1504
8748 - 1440 1
8748 + 1440
8749 # 1504
8749 - 1440 1
8749 + 1440
8750 # 1504
8750 - 1440 1
8750 + 1440
8751 # 1504
8751 - 1440 1
8751 + 1440
8752 # 1504
8752 - 1440 1
8752 + 1440
8753 # 1504
8753 - 1440 1
8754 # 1504
8754 + 1440
8755 # 1504
8755 - 1440 1
8755 + 1440
8756 # 1504
8756 - 1440 1
8756 + 1440
8756 + 88
8757 # 1504
8757 - 1440 1
8757 + 1440
8758 # 1504
8758 - 88 2
8758 - 1440 1
8758 + 1440
8759 # 1504
8759 - 1440 1
8759 + 1440
8760 # 1504
8760 - 1440 1
8760 + 1440
8761 # 1504
8761 - 1440 1
8761 + 1440
8762 # 1504
8762 - 1440 1
8763 # 1504
8763 + 1440
8764 # 1504
8764 - 1440 1
8764 + 1440
8765 # 1504
8765 - 1440 1
8765 + 1440
8766 # 1504
8766 - 1440 1
8766 + 1440
8767 # 1504
8767 - 1440 1
8767 + 1440
8767 + 88
8768 # 1504
8768 - 1440 1
8768 + 1440
8769 # 1504
8769 - 88 2
8769 - 1440 1
8769 + 1440
8770 # 1504
8770 - 1440 1
8770 + 1440
8771 # 1504
8771 - 1440 1
8771 + 1440
8772 # 1504
8772 - 1440 1
8772 + 1440
8773 # 1504
8773 - 1440 1
8773 + 1440
8774 # 1504
8774 - 1440 1
8774 + 1440
8775 # 1504
8775 - 1440 1
8775 + 1440
8776 # 1504
8776 - 1440 1
8777 # 1504
8777 + 1440
8778 # 1504
8778 - 1440 1
8778 + 1440
8778 + 88
8779 # 1504
8779 - 1440 1
8779 + 1440
8780 # 1504
8780 - 88 2
8780 - 1440 1
8780 + 1440
8781 # 1504
8781 - 1440 1
8781 + 1440
8782 # 1504
8782 - 1440 1
8782 + 1440
8783 # 1504
8783 - 1440 1
8784 # 1504
8784 + 1440
8785 # 1504
8785 - 1440 1
8785 + 1440
8786 # 1504
8786 - 1440 1
8786 + 1440
8787 # 1504
8787 - 1440 1
8787 + 1440
8788 # 1504
8788 - 1440 1
8788 + 1440
8789 # 1504
8789 - 1440 1
8789 + 88
8790 # 1504
8790 - 88 1
8790 + 1440
8791 # 1504
8791 - 1440 1
8791 + 1440
8792 # 1504
8792 - 1440 1
8792 + 1440
8793 # 1504
8793 - 1440 1
8793 + 1440
8794 # 1504
8794 - 1440 1
8794 + 1440
8795 # 1504
8795 - 1440 1
8795 + 1440
8796 # 1504
8796 - 1440 1
8797 # 1504
8797 + 1440
8798 # 1504
8798 - 1440 1
8798 + 1440
8799 # 1504
8799 - 1440 1
8799 + 1440
8799 + 88
8800 # 1504
8800 - 1440 1
8800 + 1440
8801 # 1504
8801 - 88 2
8801 - 1440 1
8801 + 1440
8802 # 1504
8802 - 1440 1
8803 # 1504
8803 + 1440
8804 # 1504
8804 - 1440 1
8804 + 1440
8805 # 1504
8805 - 1440 1
8805 + 1440
8806 # 1504
8806 - 1440 1
8806 + 1440
8807 # 1504
8807 - 1440 1
8808 # 1504
8808 + 1440
8809 # 1504
8809 - 1440 1
8809 + 1440
8810 # 1504
8810 - 1440 1
8810 + 1440
8810 + 88
8811 # 1504
8811 - 1440 1
8811 + 1440
8812 # 1504
8812 - 88 2
8812 - 1440 1
8813 # 1504
8813 + 1440
8814 # 1504
8814 - 1440 1
8814 + 1440
8815 # 1504
8815 - 1440 1
8815 + 1440
8816 # 1504
8816 - 1440 1
8816 + 1440
8817 # 1504
8817 - 1440 1
8817 + 1440
8818 # 1504
8818 - 1440 1
8819 # 1504
8819 + 1440
8820 # 1504
8820 - 1440 1
8820 + 1440
8821 # 1504
8821 - 1440 1
8821 + 1440
8821 + 88
8822 # 1504
8822 - 1440 1
8822 + 1440
8823 # 1504
8823 - 88 2
8823 - 1440 1
8823 + 1440
8824 # 1504
8824 - 1440 1
8824 + 1440
8825 # 1504
8825 - 1440 1
8825 + 1440
8826 # 1504
8826 - 1440 1
8826 + 1440
8827 # 1504
8827 - 1440 1
8828 # 1504
8828 + 1440
8829 # 1504
8829 - 1440 1
8829 + 1096
8830 # 1504
8830 - 1096 1
8830 + 1440
8831 # 1504
8831 - 1440 1
8831 + 1440
8832 # 1504
8832 - 1440 1
8832 + 88
8832 + 1440
8833 # 1504
8833 - 88 1
8833 + 1440
8834 # 1504
8834 - 1440 2
8834 - 1440 1
8835 # 1504
8835 + 1440
8836 # 1504
8836 - 1440 1
8836 + 1440
8837 # 1504
8837 - 1440 1
8837 + 1440
8838 # 1504
8838 - 1440 1
8838 + 1440
8839 # 1504
8839 - 1440 1
8839 + 1440
8840 # 1504
8840 - 1440 1
8840 + 1440
8841 # 1504
8841 - 1440 1
8842 # 1504
8842 + 1440
8842 + 88
8843 # 1504
8843 - 1440 1
8843 + 1440
8844 # 1504
8844 - 88 2
8844 - 1440 1
8844 + 1440
8845 # 1504
8845 - 1440 1
8845 + 1440
8846 # 1504
8846 - 1440 1
8846 + 1440
8847 # 1504
8847 - 1440 1
8848 # 1504
8848 + 1440
8849 # 1504
8849 - 1440 1
8849 + 1440
8850 # 1504
8850 - 1440 1
8850 + 1440
8851 # 1504
8851 - 1440 1
8851 + 1440
8852 # 1504
8852 - 1440 1
8852 + 1440
8852 + 88
8853 # 1504
8853 - 1440 1
8853 + 1440
8854 # 1504
8854 - 88 2
8854 - 1440 1
8854 + 1440
8855 # 1504
8855 - 1440 1
8855 + 1440
8856 # 1504
8856 - 1440 1
8856 + 1440
8857 # 1504
8857 - 1440 1
8857 + 1440
8858 # 1504
8858 - 1440 1
8858 + 1440
8859 # 1504
8859 - 1440 1
8860 # 1504
8860 + 1440
8861 # 1504
8861 - 1440 1
8861 + 1440
8862 # 1504
8862 - 1440 1
8862 + 1440
8863 # 1504
8863 - 1440 1
8863 + 1440
8863 + 88
8864 # 1504
8864 - 1440 1
8864 + 1440
8865 # 1504
8865 - 88 2
8865 - 1440 1
8865 + 1440
8866 # 1504
8866 - 1440 1
8867 # 1504
8867 + 1440
8868 # 1504
8868 - 1440 1
8868 + 1440
8869 # 1504
8869 - 1440 1
8869 + 1440
8870 # 1504
8870 - 1440 1
8870 + 1440
8871 # 1504
8871 - 1440 1
8871 + 1440
8872 # 1504
8872 - 1440 1
8873 # 1504
8873 + 1440
8874 # 1504
8874 - 1440 1
8874 + 1440
8874 + 88
8875 # 1504
8875 - 1440 1
8875 + 1440
8876 # 1504
8876 - 88 2
8876 - 1440 1
8876 + 1440
8877 # 1504
8877 - 1440 1
8877 + 1440
8878 # 1504
8878 - 1440 1
8878 + 1440
8879 # 1504
8879 - 1440 1
8879 + 1440
8880 # 1504
8880 - 1440 1
8880 + 1440
8881 # 1504
8881 - 1440 1
8881 + 1440
8882 # 1504
8882 - 1440 1
8882 + 1440
8883 # 1504
8883 - 1440 1
8883 + 1440
8884 # 1504
8884 - 1440 1
8885 # 1504
8885 + 1440
8885 + 88
8886 # 1504
8886 - 1440 1
8886 + 1440
8887 # 1504
8887 - 88 2
8887 - 1440 1
8887 + 1440
8888 # 1504
8888 - 1440 1
8888 + 1440
8889 # 1504
8889 - 1440 1
8889 + 1440
8890 # 1504
8890 - 1440 1
8890 + 1440
8891 # 1504
8891 - 1440 1
8891 + 1440
8892 # 1504
8892 - 1440 1
8892 + 1440
8893 # 1504
8893 - 1440 1
8893 + 1440
8894 # 1504
8894 - 1440 1
8894 + 1440
8895 # 1504
8895 - 1440 1
8895 + 1440
8896 # 1504
8896 - 1440 1
8896 + 88
8897 # 1504
8897 - 88 1
8897 + 1440
8898 # 1504
8898 - 1440 1
8898 + 1440
8899 # 1504
8899 - 1440 1
8899 + 1440
8900 # 1504
8900 - 1440 1
8900 + 1440
8901 # 1504
8901 - 1440 1
8901 + 1440
8902 # 1504
8902 - 1440 1
8902 + 1440
8903 # 1504
8903 - 1440 1
8903 + 1440
8904 # 1504
8904 - 1440 1
8905 # 1504
8905 + 1440
8906 # 1504
8906 - 1440 1
8906 + 1440
8906 + 88
8907 # 1504
8907 - 1440 1
8907 + 1440
8908 # 1504
8908 - 88 2
8908 - 1440 1
8908 + 1440
8909 # 1504
8909 - 1440 1
8909 + 1440
8910 # 1504
8910 - 1440 1
8910 + 1440
8911 # 1504
8911 - 1440 1
8911 + 1440
8912 # 1504
8912 - 1440 1
8912 + 1096
8913 # 1504
8913 - 1096 1
8913 + 1440
8914 # 1504
8914 - 1440 1
8914 + 1440
8914 + 88
8915 # 1504
8915 - 1440 1
8915 + 1440
8916 # 1504
8916 - 88 2
8916 - 1440 1
8916 + 1440
8917 # 1504
8917 - 1440 1
8917 + 1440
8918 # 1504
8918 - 1440 1
8918 + 1440
8919 # 1504
8919 - 1440 1
8919 + 1440
8920 # 1504
8920 - 1440 1
8920 + 1440
8921 # 1504
8921 - 1440 1
8921 + 1440
8922 # 1504
8922 - 1440 1
8922 + 1440
8923 # 1504
8923 - 1440 1
8923 + 1440
8924 # 1504
8924 - 1440 1
8925 # 1504
8925 + 1440
8925 + 88
8926 # 1504
8926 - 1440 1
8926 + 1440
8927 # 1504
8927 - 88 2
8927 - 1440 1
8927 + 1440
8928 # 1504
8928 - 1440 1
8928 + 1440
8929 # 1504
8929 - 1440 1
8929 + 1440
8930 # 1504
8930 - 1440 1
8930 + 1440
8930 + 1440
8931 # 1504
8931 - 1440 1
8931 + 1440
8932 # 1504
8932 - 1440 2
8932 + 1440
8933 # 1504
8933 - 1440 2
8933 + 1440
8934 # 1504
8934 - 1440 2
8934 + 1440
8935 # 1504
8935 - 1440 2
8935 + 1440
8936 # 1504
8936 - 1440 2
8936 + 1440
8937 # 1504
8937 - 1440 2
8937 + 88
8937 + 1440
8938 # 1504
8938 - 1440 2
8938 - 88 1
8938 + 1440
8939 # 1504
8939 - 1440 2
8939 + 1440
8940 # 1504
8940 - 1440 2
8940 + 1440
8941 # 1504
8941 - 1440 2
8941 + 1440
8942 # 1504
8942 - 1440 2
8942 + 1440
8943 # 1504
8943 - 1440 2
8943 + 1440
8944 # 1504
8944 - 1440 2
8944 + 1440
8945 # 1504
8945 - 1440 2
8945 + 1440
8946 # 1504
8946 - 1440 2
8946 + 1440
8947 # 1504
8947 - 1440 2
8947 + 88
8948 # 1504
8948 - 1440 2
8948 - 88 1
8948 + 1440
8949 # 1504
8949 - 1440 1
8949 + 1440
8950 # 1504
8950 - 1440 1
8950 + 1440
8951 # 1504
8951 - 1440 1
8951 + 1440
8952 # 1504
8952 - 1440 1
8952 + 1440
8953 # 1504
8953 - 1440 1
8953 + 1440
8954 # 1504
8954 - 1440 1
8954 + 1440
8955 # 1504
8955 - 1440 1
8955 + 1440
8956 # 1504
8956 - 1440 1
8956 + 1440
8957 # 1504
8957 - 1440 1
8957 + 1440
8957 + 88
8958 # 1504
8958 - 1440 1
8958 + 1440
8959 # 1504
8959 - 88 2
8959 - 1440 1
8959 + 1440
8960 # 1504
8960 - 1440 1
8960 + 1440
8961 # 1504
8961 - 1440 1
8961 + 1440
8962 # 1504
8962 - 1440 1
8962 + 1440
8963 # 1504
8963 - 1440 1
8963 + 1440
8964 # 1504
8964 - 1440 1
8964 + 1440
8965 # 1504
8965 - 1440 1
8965 + 1440
8966 # 1504
8966 - 1440 1
8966 + 1440
8967 # 1504
8967 - 1440 1
8967 + 1440
8968 # 1504
8968 - 1440 1
8968 + 1440
8968 + 88
8969 # 1504
8969 - 1440 1
8969 + 1440
8970 # 1504
8970 - 88 2
8970 - 1440 1
8970 + 1440
8971 # 1504
8971 - 1440 1
8971 + 1440
8972 # 1504
8972 - 1440 1
8972 + 1440
8973 # 1504
8973 - 1440 1
8973 + 1440
8974 # 1504
8974 - 1440 1
8975 # 1504
8975 + 1440
8976 # 1504
8976 - 1440 1
8976 + 1440
8977 # 1504
8977 - 1440 1
8977 + 1440
8978 # 1504
8978 - 1440 1
8978 + 1440
8979 # 1504
8979 - 1440 1
8979 + 1440
8979 + 88
8980 # 1504
8980 - 1440 1
8980 + 1440
8981 # 1504
8981 - 88 2
8981 - 1440 1
8981 + 1440
8982 # 1504
8982 - 1440 1
8982 + 1440
8983 # 1504
8983 - 1440 1
8983 + 1440
8984 # 1504
8984 - 1440 1
8984 + 1440
8985 # 1504
8985 - 1440 1
8985 + 1440
8985 + 1440
8986 # 1504
8986 - 1440 1
8986 + 1440
8987 # 1504
8987 - 1440 2
8987 + 1096
8988 # 1504
8988 - 1440 2
8989 # 1504
8989 - 1096 2
8989 + 1440
8990 # 1504
8990 - 1440 1
8990 + 1440
8990 + 88
8990 + 88
8991 # 1504
8991 - 1440 1
8991 + 1440
8992 # 1504
8992 - 88 2
8992 - 88 2
8992 + 1440
8993 # 1504
8993 - 1440 2
8993 - 1440 1
8993 + 1440
8994 # 1504
8994 - 1440 1
8994 + 1440
8995 # 1504
8995 - 1440 1
8995 + 1440
8996 # 1504
8996 - 1440 1
8996 + 1440
8997 # 1504
8997 - 1440 1
8997 + 1440
8998 # 1504
8998 - 1440 1
8998 + 1440
8999 # 1504
8999 - 1440 1
8999 + 1440
9000 # 1504
9000 - 1440 1
9000 + 1440
9001 # 1504
9001 - 1440 1
9001 + 1440
9001 + 88
9002 # 1504
9002 - 1440 1
9002 + 1440
9003 # 1504
9003 - 88 2
9003 - 1440 1
9003 + 1440
9004 # 1504
9004 - 1440 1
9004 + 1440
9004 + 1440
9005 # 1504
9005 - 1440 1
9005 + 1440
9006 # 1504
9006 - 1440 2
9006 + 1440
9007 # 1504
9007 - 1440 2
9008 # 1504
9008 - 1440 2
9008 + 1440
9009 # 1504
9009 - 1440 1
9009 + 1440
9010 # 1504
9010 - 1440 1
9010 + 1440
9011 # 1504
9011 - 1440 1
9011 + 1440
9011 + 88
9012 # 1504
9012 - 1440 1
9012 + 1440
9013 # 1504
9013 - 88 2
9013 - 1440 1
9013 + 1440
9014 # 1504
9014 - 1440 1
9014 + 1440
9015 # 1504
9015 - 1440 1
9015 + 1440
9016 # 1504
9016 - 1440 1
9016 + 1440
9017 # 1504
9017 - 1440 1
9017 + 1440
9018 # 1504
9018 - 1440 1
9018 + 1440
9019 # 1504
9019 - 1440 1
9019 + 1440
9020 # 1504
9020 - 1440 1
9020 + 1440
9021 # 1504
9021 - 1440 1
9021 + 1440
9022 # 1504
9022 - 1440 1
9022 + 88
9022 + 1440
9023 # 1504
9023 - 88 1
9023 + 1440
9024 # 1504
9024 - 1440 2
9024 - 1440 1
9025 # 1504
9025 + 1440
9026 # 1504
9026 - 1440 1
9026 + 1440
9027 # 1504
9027 - 1440 1
9027 + 1440
9028 # 1504
9028 - 1440 1
9028 + 1440
9029 # 1504
9029 - 1440 1
9029 + 1440
9030 # 1504
9030 - 1440 1
9030 + 1440
9031 # 1504
9031 - 1440 1
9031 + 1440
9032 # 1504
9032 - 1440 1
9032 + 1440
9033 # 1504
9033 - 1440 1
9033 + 88
9033 + 1440
9034 # 1504
9034 - 88 1
9035 # 1504
9035 - 1440 2
9035 + 1440
9036 # 1504
9036 - 1440 1
9036 + 1440
9037 # 1504
9037 - 1440 1
9037 + 1440
9038 # 1504
9038 - 1440 1
9038 + 1440
9039 # 1504
9039 - 1440 1
9039 + 1440
9040 # 1504
9040 - 1440 1
9040 + 1440
9041 # 1504
9041 - 1440 1
9041 + 1440
9042 # 1504
9042 - 1440 1
9042 + 1440
9043 # 1504
9043 - 1440 1
9043 + 1440
9044 # 1504
9044 - 1440 1
9044 + 88
9044 + 1440
9045 # 1504
9045 - 88 1
9045 + 1440
9046 # 1504
9046 - 1440 2
9046 - 1440 1
9046 + 1440
9047 # 1504
9047 - 1440 1
9047 + 1440
9048 # 1504
9048 - 1440 1
9048 + 1440
9049 # 1504
9049 - 1440 1
9049 + 1440
9050 # 1504
9050 - 1440 1
9050 + 1440
9051 # 1504
9051 - 1440 1
9052 # 1504
9052 + 1440
9053 # 1504
9053 - 1440 1
9053 + 1440
9054 # 1504
9054 - 1440 1
9054 + 1440
9054 + 88
9055 # 1504
9055 - 1440 1
9055 + 1440
9056 # 1504
9056 - 88 2
9056 - 1440 1
9056 + 1440
9057 # 1504
9057 - 1440 1
9058 # 1504
9058 + 1440
9059 # 1504
9059 - 1440 1
9059 + 1440
9060 # 1504
9060 - 1440 1
9060 + 1440
9061 # 1504
9061 - 1440 1
9061 + 1440
9062 # 1504
9062 - 1440 1
9063 # 1504
9063 + 1440
9064 # 1504
9064 - 1440 1
9064 + 1440
9065 # 1504
9065 - 1440 1
9065 + 1440
9065 + 88
9066 # 1504
9066 - 1440 1
9066 + 1440
9067 # 1504
9067 - 88 2
9067 - 1440 1
9068 # 1504
9068 + 1096
9069 # 1504
9069 - 1096 1
9069 + 1440
9070 # 1504
9070 - 1440 1
9070 + 1440
9070 + 88
9071 # 1504
9071 - 1440 1
9071 + 1440
9072 # 1504
9072 - 88 2
9072 - 1440 1
9073 # 1504
9073 + 1440
9074 # 1504
9074 - 1440 1
9074 + 1440
9075 # 1504
9075 - 1440 1
9075 + 1440
9076 # 1504
9076 - 1440 1
9076 + 1440
9077 # 1504
9077 - 1440 1
9077 + 1440
9078 # 1504
9078 - 1440 1
9079 # 1504
9079 + 1440
9080 # 1504
9080 - 1440 1
9080 + 1440
9081 # 1504
9081 - 1440 1
9081 + 1440
9081 + 88
9082 # 1504
9082 - 1440 1
9082 + 1440
9083 # 1504
9083 - 88 2
9083 - 1440 1
9083 + 1440
9084 # 1504
9084 - 1440 1
9084 + 1440
9085 # 1504
9085 - 1440 1
9085 + 1440
9086 # 1504
9086 - 1440 1
9087 # 1504
9087 + 1440
9088 # 1504
9088 - 1440 1
9088 + 1440
9089 # 1504
9089 - 1440 1
9089 + 1440
9090 # 1504
9090 - 1440 1
9090 + 1440
9091 # 1504
9091 - 1440 1
9091 + 1440
9091 + 88
9092 # 1504
9092 - 1440 1
9092 + 1440
9093 # 1504
9093 - 88 2
9093 - 1440 1
9094 # 1504
9094 + 1440
9095 # 1504
9095 - 1440 1
9095 + 1440
9096 # 1504
9096 - 1440 1
9096 + 1440
9097 # 1504
9097 - 1440 1
9097 + 1440
9098 # 1504
9098 - 1440 1
9098 + 1440
9099 # 1504
9099 - 1440 1
9099 + 1440
9100 # 1504
9100 - 1440 1
9100 + 1440
9101 # 1504
9101 - 1440 1
9101 + 1440
9102 # 1504
9102 - 1440 1
9102 + 88
9103 # 1504
9103 - 88 1
9103 + 1440
9104 # 1504
9104 - 1440 1
9104 + 1440
9105 # 1504
9105 - 1440 1
9105 + 1440
9106 # 1504
9106 - 1440 1
9106 + 1440
9107 # 1504
9107 - 1440 1
9107 + 1440
9108 # 1504
9108 - 1440 1
9108 + 1440
9109 # 1504
9109 - 1440 1
9109 + 1440
9110 # 1504
9110 - 1440 1
9110 + 1440
9111 # 1504
9111 - 1440 1
9112 # 1504
9112 + 1440
9113 # 1504
9113 - 1440 1
9113 + 1440
9113 + 88
9114 # 1504
9114 - 1440 1
9114 + 1440
9115 # 1504
9115 - 88 2
9115 - 1440 1
9115 + 1440
9116 # 1504
9116 - 1440 1
9116 + 1440
9117 # 1504
9117 - 1440 1
9118 # 1504
9118 + 1440
9119 # 1504
9119 - 1440 1
9119 + 1440
9120 # 1504
9120 - 1440 1
9120 + 1440
9121 # 1504
9121 - 1440 1
9121 + 1440
9122 # 1504
9122 - 1440 1
9122 + 1440
9123 # 1504
9123 - 1440 1
9123 + 1440
9124 # 1504
9124 - 1440 1
9124 + 88
9124 + 1440
9125 # 1504
9125 - 88 1
9126 # 1504
9126 - 1440 2
9126 + 1440
9127 # 1504
9127 - 1440 1
9127 + 1440
9128 # 1504
9128 - 1440 1
9128 + 1440
9129 # 1504
9129 - 1440 1
9129 + 1440
9130 # 1504
9130 - 1440 1
9130 + 1440
9131 # 1504
9131 - 1440 1
9131 + 1440
9132 # 1504
9132 - 1440 1
9132 + 1440
9133 # 1504
9133 - 1440 1
9133 + 1440
9134 # 1504
9134 - 1440 1
9135 # 1504
9135 + 1440
9135 + 88
9136 # 1504
9136 - 1440 1
9136 + 1440
9137 # 1504
9137 - 88 2
9137 - 1440 1
9137 + 1440
9138 # 1504
9138 - 1440 1
9138 + 1440
9139 # 1504
9139 - 1440 1
9139 + 1440
9140 # 1504
9140 - 1440 1
9141 # 1504
9141 + 1440
9142 # 1504
9142 - 1440 1
9142 + 1440
9143 # 1504
9143 - 1440 1
9143 + 1440
9144 # 1504
9144 - 1440 1
9144 + 1440
9145 # 1504
9145 - 1440 1
9145 + 1440
9146 # 1504
9146 - 1440 1
9146 + 88
9147 # 1504
9147 - 88 1
9147 + 1440
9148 # 1504
9148 - 1440 1
9148 + 1440
9149 # 1504
9149 - 1440 1
9149 + 1440
9150 # 1504
9150 - 1440 1
9150 + 1440
9151 # 1504
9151 - 1440 1
9151 + 1440
9152 # 1504
9152 - 1440 1
9153 # 1504
9153 + 1440
9154 # 1504
9154 - 1440 1
9154 + 1096
9155 # 1504
9155 - 1096 1
9155 + 1440
9156 # 1504
9156 - 1440 1
9156 + 1440
9156 + 88
9157 # 1504
9157 - 1440 1
9157 + 1440
9158 # 1504
9158 - 88 2
9158 - 1440 1
9158 + 1440
9159 # 1504
9159 - 1440 1
9160 # 1504
9160 + 1440
9161 # 1504
9161 - 1440 1
9161 + 1440
9162 # 1504
9162 - 1440 1
9162 + 1440
9163 # 1504
9163 - 1440 1
9163 + 1440
9164 # 1504
9164 - 1440 1
9164 + 1440
9165 # 1504
9165 - 1440 1
9165 + 1440
9166 # 1504
9166 - 1440 1
9166 + 1440
9167 # 1504
9167 - 1440 1
9167 + 88
9168 # 1504
9168 - 88 1
9168 + 1440
9169 # 1504
9169 - 1440 1
9169 + 1440
9170 # 1504
9170 - 1440 1
9170 + 1440
9171 # 1504
9171 - 1440 1
9172 # 1504
9172 + 1440
9173 # 1504
9173 - 1440 1
9173 + 1440
9174 # 1504
9174 - 1440 1
9174 + 1440
9175 # 1504
9175 - 1440 1
9175 + 1440
9176 # 1504
9176 - 1440 1
9177 # 1504
9177 + 1440
9178 # 1504
9178 - 1440 1
9178 + 88
9178 + 1440
9179 # 1504
9179 - 88 1
9179 + 1440
9180 # 1504
9180 - 1440 2
9180 - 1440 1
9181 # 1504
9181 + 1440
9182 # 1504
9182 - 1440 1
9182 + 1440
9183 # 1504
9183 - 1440 1
9183 + 1440
9184 # 1504
9184 - 1440 1
9184 + 1440
9185 # 1504
9185 - 1440 1
9186 # 1504
9186 + 1440
9187 # 1504
9187 - 1440 1
9187 + 1440
9188 # 1504
9188 - 1440 1
9188 + 1440
9188 + 88
9189 # 1504
9189 - 1440 1
9190 # 1504
9190 - 88 2
9190 + 1440
9191 # 1504
9191 - 1440 1
9191 + 1440
9192 # 1504
9192 - 1440 1
9192 + 1440
9193 # 1504
9193 - 1440 1
9193 + 1440
9194 # 1504
9194 - 1440 1
9194 + 1440
9195 # 1504
9195 - 1440 1
9195 + 1440
9196 # 1504
9196 - 1440 1
9197 # 1504
9197 + 1440
9198 # 1504
9198 - 1440 1
9198 + 1440
9199 # 1504
9199 - 1440 1
9199 + 1440
9199 + 88
9200 # 1504
9200 - 1440 1
9200 + 1440
9201 # 1504
9201 - 88 2
9201 - 1440 1
9201 + 1440
9202 # 1504
9202 - 1440 1
9202 + 1440
9203 # 1504
9203 - 1440 1
9204 # 1504
9204 + 1440
9205 # 1504
9205 - 1440 1
9205 + 1440
9206 # 1504
9206 - 1440 1
9206 + 1440
9207 # 1504
9207 - 1440 1
9207 + 1440
9208 # 1504
9208 - 1440 1
9208 + 1440
9209 # 1504
9209 - 1440 1
9209 + 1440
9210 # 1504
9210 - 1440 1
9210 + 88
9211 # 1504
9211 - 88 1
9211 + 1440
9212 # 1504
9212 - 1440 1
9212 + 1440
9213 # 1504
9213 - 1440 1
9213 + 1440
9214 # 1504
9214 - 1440 1
9214 + 1440
9215 # 1504
9215 - 1440 1
9215 + 1440
9216 # 1504
9216 - 1440 1
9216 + 1440
9217 # 1504
9217 - 1440 1
9217 + 1440
9218 # 1504
9218 - 1440 1
9219 # 1504
9219 + 1440
9220 # 1504
9220 - 1440 1
9220 + 1440
9220 + 88
9221 # 1504
9221 - 1440 1
9221 + 1440
9222 # 1504
9222 - 88 2
9222 - 1440 1
9222 + 1440
9223 # 1504
9223 - 1440 1
9223 + 1440
9224 # 1504
9224 - 1440 1
9224 + 1440
9225 # 1504
9225 - 1440 1
9225 + 1440
9226 # 1504
9226 - 1440 1
9226 + 1440
9227 # 1504
9227 - 1440 1
9227 + 1440
9228 # 1504
9228 - 1440 1
9229 # 1504
9229 + 1440
9230 # 1504
9230 - 1440 1
9230 + 1440
9231 # 1504
9231 - 1440 1
9231 + 1440
9231 + 88
9232 # 1504
9232 - 1440 1
9232 + 1440
9233 # 1504
9233 - 88 2
9233 - 1440 1
9233 + 1440
9234 # 1504
9234 - 1440 1
9235 # 1504
9235 + 1440
9236 # 1504
9236 - 1440 1
9236 + 1440
9237 # 1504
9237 - 1440 1
9237 + 1440
9238 # 1504
9238 - 1440 1
9238 + 1440
9239 # 1504
9239 - 1440 1
9239 + 1440
9240 # 1504
9240 - 1440 1
9241 # 1504
9241 + 1440
9242 # 1504
9242 - 1440 1
9242 + 1096
9242 + 88
9243 # 1504
9243 - 1096 1
9243 - 88 1
9243 + 1440
9244 # 1504
9244 - 1440 1
9244 + 1440
9244 + 88
9245 # 1504
9245 - 1440 1
9246 # 1504
9246 - 88 2
9246 + 1440
9247 # 1504
9247 - 1440 1
9247 + 1440
9248 # 1504
9248 - 1440 1
9248 + 1440
9249 # 1504
9249 - 1440 1
9249 + 1440
9250 # 1504
9250 - 1440 1
9250 + 1440
9251 # 1504
9251 - 1440 1
9251 + 1440
9252 # 1504
9252 - 1440 1
9253 # 1504
9253 + 1440
9254 # 1504
9254 - 1440 1
9254 + 1440
9255 # 1504
9255 - 1440 1
9255 + 1440
9255 + 88
9256 # 1504
9256 - 1440 1
9256 + 1440
9257 # 1504
9257 - 88 2
9257 - 1440 1
9257 + 1440
9258 # 1504
9258 - 1440 1
9258 + 1440
9259 # 1504
9259 - 1440 1
9259 + 1440
9260 # 1504
9260 - 1440 1
9260 + 1440
9261 # 1504
9261 - 1440 1
9261 + 1440
9262 # 1504
9262 - 1440 1
9262 + 1440
9263 # 1504
9263 - 1440 1
9264 # 1504
9264 + 1440
9265 # 1504
9265 - 1440 1
9265 + 1440
9266 # 1504
9266 - 1440 1
9266 + 1440
9266 + 88
9267 # 1504
9267 - 1440 1
9267 + 1440
9268 # 1504
9268 - 88 2
9268 - 1440 1
9268 + 1440
9269 # 1504
9269 - 1440 1
9269 + 1440
9270 # 1504
9270 - 1440 1
9270 + 1440
9271 # 1504
9271 - 1440 1
9271 + 1440
9272 # 1504
9272 - 1440 1
9272 + 1440
9273 # 1504
9273 - 1440 1
9274 # 1504
9274 + 1440
9275 # 1504
9275 - 1440 1
9275 + 1440
9276 # 1504
9276 - 1440 1
9276 + 1440
9277 # 1504
9277 - 1440 1
9277 + 1440
9277 + 88
9278 # 1504
9278 - 1440 1
9278 + 1440
9279 # 1504
9279 - 88 2
9279 - 1440 1
9279 + 1440
9280 # 1504
9280 - 1440 1
9281 # 1504
9281 + 1440
9282 # 1504
9282 - 1440 1
9282 + 1440
9283 # 1504
9283 - 1440 1
9283 + 1440
9284 # 1504
9284 - 1440 1
9284 + 1440
9285 # 1504
9285 - 1440 1
9285 + 1440
9286 # 1504
9286 - 1440 1
9286 + 1440
9287 # 1504
9287 - 1440 1
9287 + 1440
9287 + 88
9288 # 1504
9288 - 1440 1
9288 + 1440
9289 # 1504
9289 - 88 2
9289 - 1440 1
9289 + 1440
9290 # 1504
9290 - 1440 1
9290 + 1440
9291 # 1504
9291 - 1440 1
9291 + 1440
9292 # 1504
9292 - 1440 1
9292 + 1440
9293 # 1504
9293 - 1440 1
9293 + 1440
9294 # 1504
9294 - 1440 1
9294 + 1440
9295 # 1504
9295 - 1440 1
9295 + 1440
9296 # 1504
9296 - 1440 1
9297 # 1504
9297 + 1440
9298 # 1504
9298 - 1440 1
9298 + 1440
9298 + 88
9299 # 1504
9299 - 1440 1
9299 + 1440
9300 # 1504
9300 - 88 2
9300 - 1440 1
9300 + 1440
9301 # 1504
9301 - 1440 1
9301 + 1440
9302 # 1504
9302 - 1440 1
9302 + 1440
9303 # 1504
9303 - 1440 1
9303 + 1440
9304 # 1504
9304 - 1440 1
9305 # 1504
9305 + 1440
9306 # 1504
9306 - 1440 1
9306 + 1440
9307 # 1504
9307 - 1440 1
9307 + 1440
9308 # 1504
9308 - 1440 1
9308 + 1440
9308 + 88
9309 # 1504
9309 - 1440 1
9309 + 1440
9310 # 1504
9310 - 88 2
9310 - 1440 1
9310 + 1440
9311 # 1504
9311 - 1440 1
9311 + 1440
9312 # 1504
9312 - 1440 1
9312 + 1440
9313 # 1504
9313 - 1440 1
9313 + 1440
9314 # 1504
9314 - 1440 1
9314 + 1440
9315 # 1504
9315 - 1440 1
9316 # 1504
9316 + 1440
9317 # 1504
9317 - 1440 1
9317 + 1440
9318 # 1504
9318 - 1440 1
9318 + 1440
9319 # 1504
9319 - 1440 1
9319 + 1440
9319 + 88
9320 # 1504
9320 - 1440 1
9320 + 1440
9321 # 1504
9321 - 88 2
9321 - 1440 1
9321 + 1440
9322 # 1504
9322 - 1440 1
9323 # 1504
9323 + 1440
9324 # 1504
9324 - 1440 1
9324 + 1440
9325 # 1504
9325 - 1440 1
9325 + 1096
9326 # 1504
9326 - 1096 1
9326 + 1440
9327 # 1504
9327 - 1440 1
9327 + 1440
9328 # 1504
9328 - 1440 1
9328 + 88
9329 # 1504
9329 - 88 1
9329 + 1440
9330 # 1504
9330 - 1440 1
9330 + 1440
9331 # 1504
9331 - 1440 1
9331 + 1440
9332 # 1504
9332 - 1440 1
9332 + 1440
9333 # 1504
9333 - 1440 1
9334 # 1504
9334 + 1440
9335 # 1504
9335 - 1440 1
9335 + 1440
9336 # 1504
9336 - 1440 1
9336 + 1440
9337 # 1504
9337 - 1440 1
9337 + 1440
9338 # 1504
9338 - 1440 1
9338 + 1440
9339 # 1504
9339 - 1440 1
9339 + 88
9340 # 1504
9340 - 88 1
9340 + 1440
9341 # 1504
9341 - 1440 1
9341 + 1440
9342 # 1504
9342 - 1440 1
9342 + 1440
9343 # 1504
9343 - 1440 1
9343 + 1440
9344 # 1504
9344 - 1440 1
9344 + 1440
9345 # 1504
9345 - 1440 1
9345 + 1440
9346 # 1504
9346 - 1440 1
9346 + 1440
9347 # 1504
9347 - 1440 1
9347 + 1440
9348 # 1504
9348 - 1440 1
9348 + 1440
9349 # 1504
9349 - 1440 1
9349 + 88
9350 # 1504
9350 - 88 1
9350 + 1440
9351 # 1504
9351 - 1440 1
9351 + 1440
9352 # 1504
9352 - 1440 1
9352 + 1440
9353 # 1504
9353 - 1440 1
9353 + 1440
9354 # 1504
9354 - 1440 1
9354 + 1440
9355 # 1504
9355 - 1440 1
9355 + 1440
9356 # 1504
9356 - 1440 1
9356 + 1440
9357 # 1504
9357 - 1440 1
9358 # 1504
9358 + 1440
9359 # 1504
9359 - 1440 1
9359 + 1440
9359 + 88
9360 # 1504
9360 - 1440 1
9360 + 1440
9361 # 1504
9361 - 88 2
9361 - 1440 1
9361 + 1440
9362 # 1504
9362 - 1440 1
9362 + 1440
9363 # 1504
9363 - 1440 1
9364 # 1504
9364 + 1440
9365 # 1504
9365 - 1440 1
9365 + 1440
9366 # 1504
9366 - 1440 1
9366 + 1440
9367 # 1504
9367 - 1440 1
9368 # 1504
9368 + 1440
9369 # 1504
9369 - 1440 1
9369 + 1440
9370 # 1504
9370 - 1440 1
9370 + 1440
9370 + 88
9371 # 1504
9371 - 1440 1
9371 + 1440
9372 # 1504
9372 - 88 2
9372 - 1440 1
9373 # 1504
9373 + 1440
9374 # 1504
9374 - 1440 1
9374 + 1440
9375 # 1504
9375 - 1440 1
9375 + 1440
9376 # 1504
9376 - 1440 1
9376 + 1440
9377 # 1504
9377 - 1440 1
9378 # 1504
9378 + 1440
9379 # 1504
9379 - 1440 1
9379 + 1440
9380 # 1504
9380 - 1440 1
9380 + 1440
9380 + 88
9381 # 1504
9381 - 1440 1
9381 + 1440
9382 # 1504
9382 - 88 2
9382 - 1440 1
9382 + 1440
9383 # 1504
9383 - 1440 1
9383 + 1440
9384 # 1504
9384 - 1440 1
9385 # 1504
9385 + 1440
9386 # 1504
9386 - 1440 1
9386 + 1440
9387 # 1504
9387 - 1440 1
9387 + 1440
9388 # 1504
9388 - 1440 1
9388 + 1440
9389 # 1504
9389 - 1440 1
9389 + 1440
9390 # 1504
9390 - 1440 1
9390 + 1440
9391 # 1504
9391 - 1440 1
9392 # 1504
9392 + 1440
9393 # 1504
9393 - 1440 1
9393 + 1440
9393 + 88
9394 # 1504
9394 - 1440 1
9394 + 1440
9395 # 1504
9395 - 88 2
9395 - 1440 1
9396 # 1504
9396 + 1440
9397 # 1504
9397 - 1440 1
9397 + 1440
9398 # 1504
9398 - 1440 1
9398 + 1440
9399 # 1504
9399 - 1440 1
9400 # 1504
9400 + 1440
9401 # 1504
9401 - 1440 1
9401 + 1440
9402 # 1504
9402 - 1440 1
9402 + 1440
9403 # 1504
9403 - 1440 1
9404 # 1504
9404 + 1440
9404 + 88
9405 # 1504
9405 - 1440 1
9405 + 1440
9406 # 1504
9406 - 88 2
9406 - 1440 1
9406 + 1440
9407 # 1504
9407 - 1440 1
9407 + 1440
9408 # 1504
9408 - 1440 1
9409 # 1504
9409 + 1440
9410 # 1504
9410 - 1440 1
9410 + 1440
9411 # 1504
9411 - 1440 1
9411 + 1440
9412 # 1504
9412 - 1440 1
9413 # 1504
9413 + 1440
9414 # 1504
9414 - 1440 1
9414 + 1440
9414 + 88
9415 # 1504
9415 - 1440 1
9415 + 1096
9416 # 1504
9416 - 88 2
9416 - 1096 1
9417 # 1504
9417 + 1440
9418 # 1504
9418 - 1440 1
9418 + 88
9418 + 1440
9419 # 1504
9419 - 88 1
9420 # 1504
9420 - 1440 2
9420 + 1440
9421 # 1504
9421 - 1440 1
9421 + 1440
9422 # 1504
9422 - 1440 1
9422 + 1440
9423 # 1504
9423 - 1440 1
9424 # 1504
9424 + 1440
9425 # 1504
9425 - 1440 1
9425 + 1440
9426 # 1504
9426 - 1440 1
9427 # 1504
9427 + 1440
9428 # 1504
9428 - 1440 1
9428 + 88
9428 + 1440
9429 # 1504
9429 - 88 1
9430 # 1504
9430 - 1440 2
9430 + 1440
9431 # 1504
9431 - 1440 1
9431 + 1440
9432 # 1504
9432 - 1440 1
9432 + 1440
9433 # 1504
9433 - 1440 1
9434 # 1504
9434 + 1440
9435 # 1504
9435 - 1440 1
9436 # 1504
9436 + 1440
9437 # 1504
9437 - 1440 1
9437 + 1440
9438 # 1504
9438 - 1440 1
9439 # 1504
9439 + 1440
9440 # 1504
9440 - 1440 1
9440 + 88
9441 # 1504
9441 - 88 1
9441 + 1440
9442 # 1504
9442 - 1440 1
9442 + 1440
9443 # 1504
9443 - 1440 1
9444 # 1504
9444 + 1440
9445 # 1504
9445 - 1440 1
9445 + 1440
9446 # 1504
9446 - 1440 1
9447 # 1504
9447 + 1440
9448 # 1504
9448 - 1440 1
9448 + 1440
9449 # 1504
9449 - 1440 1
9450 # 1504
9450 + 1440
9451 # 1504
9451 - 1440 1
9451 + 88
9452 # 1504
9452 - 88 1
9452 + 1440
9453 # 1504
9453 - 1440 1
9453 + 1440
9454 # 1504
9454 - 1440 1
9455 # 1504
9455 + 1440
9456 # 1504
9456 - 1440 1
9456 + 1440
9457 # 1504
9457 - 1440 1
9458 # 1504
9458 + 1440
9459 # 1504
9459 - 1440 1
9459 + 1440
9460 # 1504
9460 - 1440 1
9461 # 1504
9461 + 1440
9462 # 1504
9462 - 1440 1
9462 + 88
9463 # 1504
9463 - 88 1
9463 + 1440
9464 # 1504
9464 - 1440 1
9464 + 1440
9465 # 1504
9465 - 1440 1
9466 # 1504
9466 + 1440
9467 # 1504
9467 - 1440 1
9468 # 1504
9468 + 1440
9469 # 1504
9469 - 1440 1
9470 # 1504
9470 + 1440
9471 # 1504
9471 - 1440 1
9472 # 1504
9472 + 1440
9473 # 1504
9473 - 1440 1
9473 + 88
9473 + 1440
9474 # 1504
9474 - 88 1
9475 # 1504
9475 - 1440 2
9475 + 1440
9476 # 1504
9476 - 1440 1
9477 # 1504
9477 + 1440
9478 # 1504
9478 - 1440 1
9479 # 1504
9479 + 1440
9480 # 1504
9480 - 1440 1
9480 + 1440
9481 # 1504
9481 - 1440 1
9482 # 1504
9482 + 1440
9483 # 1504
9483 - 1440 1
9483 + 1440
9483 + 88
9484 # 1504
9484 - 1440 1
9485 # 1504
9485 - 88 2
9485 + 1440
9486 # 1504
9486 - 1440 1
9486 + 1440
9487 # 1504
9487 - 1440 1
9488 # 1504
9488 + 1440
9489 # 1504
9489 - 1440 1
9490 # 1504
9490 + 1440
9491 # 1504
9491 - 1440 1
9491 + 1440
9492 # 1504
9492 - 1440 1
9492 + 1440
9493 # 1504
9493 - 1440 1
9494 # 1504
9494 + 1440
9494 + 88
9495 # 1504
9495 - 1440 1
9496 # 1504
9496 - 88 2
9496 + 1440
9497 # 1504
9497 - 1440 1
9497 + 1440
9498 # 1504
9498 - 1440 1
9499 # 1504
9499 + 1440
9500 # 1504
9500 - 1440 1
9501 # 1504
9501 + 1440
9502 # 1504
9502 - 1440 1
9502 + 1440
9503 # 1504
9503 - 1440 1
9504 # 1504
9504 + 1440
9505 # 1504
9505 - 1440 1
9505 + 88
9506 # 1504
9506 - 88 1
9506 + 1440
9507 # 1504
9507 - 1440 1
9507 + 1440
9508 # 1504
9508 - 1440 1
9509 # 1504
9509 + 1440
9510 # 1504
9510 - 1440 1
9510 + 1440
9511 # 1504
9511 - 1440 1
9512 # 1504
9512 + 1440
9513 # 1504
9513 - 1440 1
9513 + 1440
9514 # 1504
9514 - 1440 1
9515 # 1504
9515 + 1440
9516 # 1504
9516 - 1440 1
9516 + 1440
9516 + 88
9517 # 1504
9517 - 1440 1
9517 + 1440
9518 # 1504
9518 - 88 2
9518 - 1440 1
9519 # 1504
9519 + 1440
9520 # 1504
9520 - 1440 1
9520 + 1440
9521 # 1504
9521 - 1440 1
9522 # 1504
9523 # 1504
9523 + 1440
9523 + 1440
9524 # 1504
9524 - 1440 1
9525 # 1504
9525 - 1440 2
9525 + 1440
9526 # 1504
9526 - 1440 1
9526 + 88
9526 + 1440
9527 # 1504
9527 - 88 1
9528 # 1504
9528 - 1440 2
9528 + 1440
9529 # 1504
9529 - 1440 1
9530 # 1504
9530 + 1440
9531 # 1504
9531 - 1440 1
9531 + 1096
9532 # 1504
9532 - 1096 1
9533 # 1504
9533 + 1440
9534 # 1504
9534 - 1440 1
9534 + 88
9535 # 1504
9535 - 88 1
9535 + 1440
9536 # 1504
9536 - 1440 1
9536 + 1440
9537 # 1504
9537 - 1440 1
9538 # 1504
9538 + 1440
9539 # 1504
9539 - 1440 1
9540 # 1504
9540 + 1440
9541 # 1504
9541 - 1440 1
9541 + 1440
9542 # 1504
9542 - 1440 1
9542 + 1440
9543 # 1504
9543 - 1440 1
9544 # 1504
9544 + 1440
9545 # 1504
9545 - 1440 1
9545 + 88
9545 + 1440
9546 # 1504
9546 - 88 1
9547 # 1504
9547 - 1440 2
9547 + 1440
9548 # 1504
9548 - 1440 1
9548 + 1440
9549 # 1504
9549 - 1440 1
9550 # 1504
9550 + 1440
9551 # 1504
9551 - 1440 1
9551 + 1440
9552 # 1504
9552 - 1440 1
9553 # 1504
9553 + 1440
9554 # 1504
9554 - 1440 1
9554 + 1440
9555 # 1504
9555 - 1440 1
9555 + 1440
9555 + 88
9556 # 1504
9556 - 1440 1
9557 # 1504
9557 - 88 2
9557 + 1440
9558 # 1504
9558 - 1440 1
9559 # 1504
9559 + 1440
9560 # 1504
9560 - 1440 1
9560 + 1440
9561 # 1504
9561 - 1440 1
9562 # 1504
9562 + 1440
9563 # 1504
9563 - 1440 1
9564 # 1504
9564 + 1440
9565 # 1504
9565 - 1440 1
9565 + 1440
9566 # 1504
9566 - 1440 1
9567 # 1504
9567 + 88
9567 + 1440
9568 # 1504
9568 - 88 1
9568 + 1440
9569 # 1504
9569 - 1440 2
9569 - 1440 1
9570 # 1504
9570 + 1440
9571 # 1504
9571 - 1440 1
9572 # 1504
9572 + 1440
9573 # 1504
9573 - 1440 1
9574 # 1504
9574 + 1440
9575 # 1504
9575 - 1440 1
9576 # 1504
9576 + 1440
9577 # 1504
9577 - 1440 1
9577 + 88
9577 + 1440
9578 # 1504
9578 - 88 1
9579 # 1504
9579 - 1440 2
9579 + 1440
9580 # 1504
9580 - 1440 1
9581 # 1504
9581 + 1440
9582 # 1504
9582 - 1440 1
9583 # 1504
9583 + 1440
9584 # 1504
9584 - 1440 1
9584 + 1440
9585 # 1504
9585 - 1440 1
9586 # 1504
9586 + 1440
9587 # 1504
9587 - 1440 1
9587 + 88
9588 # 1504
9588 - 88 1
9588 + 1440
9589 # 1504
9589 - 1440 1
9589 + 1440
9590 # 1504
9590 - 1440 1
9591 # 1504
9591 + 1440
9592 # 1504
9592 - 1440 1
9592 + 1440
9593 # 1504
9593 - 1440 1
9594 # 1504
9594 + 1440
9595 # 1504
9595 - 1440 1
9595 + 1440
9596 # 1504
9596 - 1440 1
9597 # 1504
9597 + 1440
9598 # 1504
9598 - 1440 1
9598 + 88
9599 # 1504
9599 - 88 1
9599 + 1440
9600 # 1504
9600 - 1440 1
9600 + 1440
9601 # 1504
9601 - 1440 1
9602 # 1504
9602 + 1440
9603 # 1504
9603 - 1440 1
9603 + 1440
9604 # 1504
9604 - 1440 1
9605 # 1504
9605 + 1440
9606 # 1504
9606 - 1440 1
9607 # 1504
9607 + 1440
9608 # 1504
9608 - 1440 1
9608 + 1440
9609 # 1504
9609 - 1440 1
9610 # 1504
9610 + 88
9610 + 1440
9611 # 1504
9611 - 88 1
9612 # 1504
9612 - 1440 2
9612 + 1440
9613 # 1504
9613 - 1440 1
9614 # 1504
9614 + 1440
9615 # 1504
9615 - 1440 1
9616 # 1504
9616 + 1440
9617 # 1504
9617 - 1440 1
9617 + 1440
9618 # 1504
9618 - 1440 1
9619 # 1504
9619 + 1440
9620 # 1504
9620 - 1440 1
9620 + 88
9621 # 1504
9621 - 88 1
9621 + 1440
9622 # 1504
9622 - 1440 1
9622 + 1440
9623 # 1504
9623 - 1440 1
9624 # 1504
9624 + 1440
9625 # 1504
9625 - 1440 1
9625 + 1440
9626 # 1504
9626 - 1440 1
9627 # 1504
9627 + 1440
9628 # 1504
9628 - 1440 1
9628 + 1440
9629 # 1504
9629 - 1440 1
9630 # 1504
9630 + 1440
9631 # 1504
9631 - 1440 1
9632 # 1504
9632 + 1440
9632 + 88
9633 # 1504
9633 - 1440 1
9633 + 1440
9634 # 1504
9634 - 88 2
9634 - 1440 1
9635 # 1504
9635 + 1440
9636 # 1504
9636 - 1440 1
9636 + 1440
9637 # 1504
9637 - 1440 1
9638 # 1504
9638 + 1440
9639 # 1504
9639 - 1440 1
9639 + 1440
9640 # 1504
9640 - 1440 1
9641 # 1504
9641 + 1440
9642 # 1504
9642 - 1440 1
9642 + 88
9643 # 1504
9643 - 88 1
9643 + 1440
9644 # 1504
9644 - 1440 1
9644 + 1440
9645 # 1504
9645 - 1440 1
9646 # 1504
9646 + 1440
9647 # 1504
9647 - 1440 1
9648 # 1504
9648 + 1440
9649 # 1504
9649 - 1440 1
9649 + 1440
9650 # 1504
9650 - 1440 1
9651 # 1504
9651 + 1096
9652 # 1504
9652 - 1096 1
9653 # 1504
9653 + 1440
9654 # 1504
9654 - 1440 1
9654 + 88
9654 + 1440
9655 # 1504
9655 - 88 1
9656 # 1504
9656 - 1440 2
9656 + 1440
9657 # 1504
9657 - 1440 1
9658 # 1504
9658 + 1440
9659 # 1504
9659 - 1440 1
9660 # 1504
9660 + 1440
9661 # 1504
9661 - 1440 1
9661 + 1440
9662 # 1504
9662 - 1440 1
9663 # 1504
9663 + 1440
9664 # 1504
9664 - 1440 1
9664 + 88
9665 # 1504
9665 - 88 1
9665 + 1440
9666 # 1504
9666 - 1440 1
9667 # 1504
9667 + 1440
9668 # 1504
9668 - 1440 1
9668 + 1440
9669 # 1504
9669 - 1440 1
9670 # 1504
9670 + 1440
9671 # 1504
9671 - 1440 1
9672 # 1504
9672 + 1440
9673 # 1504
9673 - 1440 1
9673 + 1440
9674 # 1504
9674 - 1440 1
9674 + 88
9675 # 1504
9675 - 88 1
9675 + 1440
9676 # 1504
9676 - 1440 1
9676 + 1440
9677 # 1504
9677 - 1440 1
9678 # 1504
9678 + 1440
9679 # 1504
9679 - 1440 1
9679 + 1440
9680 # 1504
9680 - 1440 1
9681 # 1504
9681 + 1440
9682 # 1504
9682 - 1440 1
9682 + 1440
9683 # 1504
9683 - 1440 1
9684 # 1504
9684 + 1440
9685 # 1504
9685 - 1440 1
9685 + 1440
9685 + 88
9686 # 1504
9686 - 1440 1
9687 # 1504
9687 - 88 2
9687 + 1440
9688 # 1504
9688 - 1440 1
9689 # 1504
9689 + 1440
9690 # 1504
9690 - 1440 1
9690 + 1440
9691 # 1504
9691 - 1440 1
9692 # 1504
9692 + 1440
9693 # 1504
9693 - 1440 1
9693 + 1440
9694 # 1504
9694 - 1440 1
9695 # 1504
9695 + 1440
9696 # 1504
9696 - 1440 1
9696 + 88
9696 + 1440
9697 # 1504
9697 - 88 1
9698 # 1504
9698 - 1440 2
9698 + 1440
9699 # 1504
9699 - 1440 1
9699 + 1440
9700 # 1504
9700 - 1440 1
9701 # 1504
9701 + 1440
9702 # 1504
9702 - 1440 1
9703 # 1504
9703 + 1440
9704 # 1504
9704 - 1440 1
9704 + 1440
9705 # 1504
9705 - 1440 1
9705 + 1440
9706 # 1504
9706 - 1440 1
9707 # 1504
9707 + 1440
9707 + 88
9708 # 1504
9708 - 1440 1
9708 + 1440
9709 # 1504
9709 - 88 2
9709 - 1440 1
9710 # 1504
9710 + 1440
9711 # 1504
9711 - 1440 1
9711 + 1440
9712 # 1504
9712 - 1440 1
9712 + 1440
9713 # 1504
9713 - 1440 1
9714 # 1504
9714 + 1440
9715 # 1504
9715 - 1440 1
9715 + 1440
9716 # 1504
9716 - 1440 1
9717 # 1504
9717 + 1440
9718 # 1504
9718 - 1440 1
9718 + 88
9719 # 1504
9719 - 88 1
9719 + 1440
9720 # 1504
9720 - 1440 1
9720 + 1440
9721 # 1504
9721 - 1440 1
9722 # 1504
9722 + 1440
9723 # 1504
9723 - 1440 1
9723 + 1440
9724 # 1504
9724 - 1440 1
9725 # 1504
9725 + 1440
9726 # 1504
9726 - 1440 1
9727 # 1504
9727 + 1440
9728 # 1504
9728 - 1440 1
9728 + 1440
9729 # 1504
9729 - 1440 1
9730 # 1504
9730 + 88
9730 + 1440
9731 # 1504
9731 - 88 1
9732 # 1504
9732 - 1440 2
9732 + 1440
9733 # 1504
9733 - 1440 1
9733 + 1440
9734 # 1504
9734 - 1440 1
9735 # 1504
9735 + 1440
9736 # 1504
9736 - 1440 1
9736 + 1440
9737 # 1504
9737 - 1440 1
9738 # 1504
9738 + 1440
9739 # 1504
9739 - 1440 1
9739 + 1440
9740 # 1504
9740 - 1440 1
9740 + 1440
9741 # 1504
9741 - 1440 1
9741 + 88
9742 # 1504
9742 - 88 1
9742 + 1440
9743 # 1504
9743 - 1440 1
9743 + 1440
9744 # 1504
9744 - 1440 1
9745 # 1504
9745 + 1440
9746 # 1504
9746 - 1440 1
9746 + 1440
9747 # 1504
9747 - 1440 1
9747 + 1440
9748 # 1504
9748 - 1440 1
9749 # 1504
9749 + 1440
9750 # 1504
9750 - 1440 1
9750 + 1440
9751 # 1504
9751 - 1440 1
9751 + 1440
9752 # 1504
9752 - 1440 1
9752 + 88
9753 # 1504
9753 - 88 1
9753 + 1440
9754 # 1504
9754 - 1440 1
9754 + 1440
9755 # 1504
9755 - 1440 1
9755 + 1440
9756 # 1504
9756 - 1440 1
9757 # 1504
9757 + 1440
9758 # 1504
9758 - 1440 1
9758 + 1440
9759 # 1504
9759 - 1440 1
9759 + 1440
9760 # 1504
9760 - 1440 1
9761 # 1504
9761 + 1440
9762 # 1504
9762 - 1440 1
9762 + 1440
9762 + 88
9763 # 1504
9763 - 1440 1
9764 # 1504
9764 - 88 2
9764 + 1096
9765 # 1504
9765 - 1096 1
9765 + 1440
9766 # 1504
9766 - 1440 1
9767 # 1504
9767 + 1440
9767 + 88
9768 # 1504
9768 - 1440 1
9768 + 1440
9769 # 1504
9769 - 88 2
9769 - 1440 1
9770 # 1504
9770 + 1440
9771 # 1504
9771 - 1440 1
9771 + 1440
9772 # 1504
9772 - 1440 1
9773 # 1504
9773 + 1440
9774 # 1504
9774 - 1440 1
9774 + 1440
9775 # 1504
9775 - 1440 1
9775 + 1440
9776 # 1504
9776 - 1440 1
9777 # 1504
9777 + 88
9777 + 1440
9778 # 1504
9778 - 88 1
9778 + 1440
9779 # 1504
9779 - 1440 2
9779 - 1440 1
9780 # 1504
9780 + 1440
9781 # 1504
9781 - 1440 1
9781 + 1440
9782 # 1504
9782 - 1440 1
9783 # 1504
9783 + 1440
9784 # 1504
9784 - 1440 1
9784 + 1440
9785 # 1504
9785 - 1440 1
9786 # 1504
9786 + 1440
9787 # 1504
9787 - 1440 1
9787 + 88
9787 + 1440
9788 # 1504
9788 - 88 1
9789 # 1504
9789 - 1440 2
9789 + 1440
9790 # 1504
9790 - 1440 1
9790 + 1440
9791 # 1504
9791 - 1440 1
9792 # 1504
9792 + 1440
9793 # 1504
9793 - 1440 1
9793 + 1440
9794 # 1504
9794 - 1440 1
9795 # 1504
9795 + 1440
9796 # 1504
9796 - 1440 1
9797 # 1504
9797 + 1440
9798 # 1504
9798 - 1440 1
9798 + 88
9798 + 1440
9799 # 1504
9799 - 88 1
9800 # 1504
9800 - 1440 2
9800 + 1440
9801 # 1504
9801 - 1440 1
9802 # 1504
9802 + 1440
9803 # 1504
9803 - 1440 1
9803 + 1440
9804 # 1504
9804 - 1440 1
9805 # 1504
9805 + 1440
9806 # 1504
9806 - 1440 1
9806 + 1440
9807 # 1504
9807 - 1440 1
9808 # 1504
9808 + 1440
9809 # 1504
9809 - 1440 1
9809 + 1440
9809 + 88
9810 # 1504
9810 - 1440 1
9810 + 1440
9811 # 1504
9811 - 88 2
9811 - 1440 1
9812 # 1504
9812 + 1440
9813 # 1504
9813 - 1440 1
9813 + 1440
9814 # 1504
9814 - 1440 1
9815 # 1504
9815 + 1440
9816 # 1504
9816 - 1440 1
9816 + 1440
9817 # 1504
9817 - 1440 1
9817 + 1440
9818 # 1504
9818 - 1440 1
9819 # 1504
9819 + 1440
9820 # 1504
9820 - 1440 1
9820 + 1440
9820 + 88
9821 # 1504
9821 - 1440 1
9821 + 1440
9822 # 1504
9822 - 88 2
9822 - 1440 1
9823 # 1504
9823 + 1440
9824 # 1504
9824 - 1440 1
9824 + 1440
9825 # 1504
9825 - 1440 1
9826 # 1504
9826 + 1440
9827 # 1504
9827 - 1440 1
9827 + 1440
9828 # 1504
9828 - 1440 1
9828 + 1440
9829 # 1504
9829 - 1440 1
9830 # 1504
9830 + 1440
9831 # 1504
9831 - 1440 1
9831 + 1440
9831 + 88
9832 # 1504
9832 - 1440 1
9833 # 1504
9833 - 88 2
9833 + 1440
9834 # 1504
9834 - 1440 1
9834 + 1440
9835 # 1504
9835 - 1440 1
9836 # 1504
9836 + 1440
9837 # 1504
9837 - 1440 1
9837 + 1440
9838 # 1504
9838 - 1440 1
9839 # 1504
9839 + 1440
9840 # 1504
9840 - 1440 1
9841 # 1504
9841 + 1440
9842 # 1504
9842 - 1440 1
9842 + 1440
9842 + 88
9843 # 1504
9843 - 1440 1
9844 # 1504
9844 - 88 2
9844 + 1440
9845 # 1504
9845 - 1440 1
9845 + 1440
9846 # 1504
9846 - 1440 1
9847 # 1504
9847 + 1440
9848 # 1504
9848 - 1440 1
9849 # 1504
9849 + 1440
9850 # 1504
9850 - 1440 1
9850 + 1440
9851 # 1504
9851 - 1440 1
9851 + 1440
9852 # 1504
9852 - 1440 1
9853 # 1504
9853 + 1440
9853 + 88
9854 # 1504
9854 - 1440 1
9854 + 1440
9855 # 1504
9855 - 88 2
9855 - 1440 1
9856 # 1504
9856 + 1440
9857 # 1504
9857 - 1440 1
9857 + 1440
9858 # 1504
9858 - 1440 1
9859 # 1504
9859 + 1440
9860 # 1504
9860 - 1440 1
9860 + 1440
9861 # 1504
9861 - 1440 1
9861 + 1440
9862 # 1504
9862 - 1440 1
9863 # 1504
9863 + 1440
9864 # 1504
9864 - 1440 1
9864 + 1440
9864 + 88
9865 # 1504
9865 - 1440 1
9866 # 1504
9866 - 88 2
9866 + 1440
9867 # 1504
9867 - 1440 1
9867 + 1440
9868 # 1504
9868 - 1440 1
9869 # 1504
9869 + 1440
9870 # 1504
9870 - 1440 1
9870 + 1440
9871 # 1504
9871 - 1440 1
9872 # 1504
9872 + 1440
9873 # 1504
9873 - 1440 1
9873 + 1096
9874 # 1504
9874 - 1096 1
9875 # 1504
9875 + 1440
9875 + 88
9876 # 1504
9876 - 1440 1
9876 + 1440
9876 + 88
9877 # 1504
9877 - 88 2
9877 - 1440 1
9878 # 1504
9878 - 88 2
9878 + 1440
9879 # 1504
9879 - 1440 1
9879 + 1440
9880 # 1504
9880 - 1440 1
9880 + 1440
9881 # 1504
9881 - 1440 1
9881 + 1440
9882 # 1504
9882 - 1440 1
9883 # 1504
9883 + 1440
9884 # 1504
9884 - 1440 1
9884 + 1440
9885 # 1504
9885 - 1440 1
9885 + 1440
9886 # 1504
9886 - 1440 1
9887 # 1504
9887 + 1440
9887 + 88
9888 # 1504
9888 - 1440 1
9888 + 1440
9889 # 1504
9889 - 88 2
9889 - 1440 1
9889 + 1440
9890 # 1504
9890 - 1440 1
9891 # 1504
9891 + 1440
9892 # 1504
9892 - 1440 1
9892 + 1440
9893 # 1504
9893 - 1440 1
9894 # 1504
9894 + 1440
9895 # 1504
9895 - 1440 1
9895 + 1440
9896 # 1504
9896 - 1440 1
9897 # 1504
9897 + 1440
9898 # 1504
9898 - 1440 1
9898 + 88
9898 + 1440
9899 # 1504
9899 - 88 1
9900 # 1504
9900 - 1440 2
9900 + 1440
9901 # 1504
9901 - 1440 1
9901 + 1440
9902 # 1504
9902 - 1440 1
9903 # 1504
9903 + 1440
9904 # 1504
9904 - 1440 1
9904 + 1440
9905 # 1504
9905 - 1440 1
9906 # 1504
9906 + 1440
9907 # 1504
9907 - 1440 1
9907 + 1440
9908 # 1504
9908 - 1440 1
9908 + 1440
9908 + 88
9909 # 1504
9909 - 1440 1
9909 + 1440
9910 # 1504
9910 - 88 2
9910 - 1440 1
9911 # 1504
9911 + 1440
9912 # 1504
9912 - 1440 1
9912 + 1440
9913 # 1504
9913 - 1440 1
9914 # 1504
9914 + 1440
9915 # 1504
9915 - 1440 1
9915 + 1440
9916 # 1504
9916 - 1440 1
9916 + 1440
9917 # 1504
9917 - 1440 1
9917 + 1440
9918 # 1504
9918 - 1440 1
9919 # 1504
9919 + 1440
9919 + 88
9920 # 1504
9920 - 1440 1
9920 + 1440
9921 # 1504
9921 - 88 2
9921 - 1440 1
9922 # 1504
9922 + 1440
9923 # 1504
9923 - 1440 1
9923 + 1440
9924 # 1504
9924 - 1440 1
9924 + 1440
9925 # 1504
9925 - 1440 1
9926 # 1504
9926 + 1440
9927 # 1504
9927 - 1440 1
9927 + 1440
9928 # 1504
9928 - 1440 1
9928 + 1440
9929 # 1504
9929 - 1440 1
9930 # 1504
9930 + 1440
9930 + 88
9931 # 1504
9931 - 1440 1
9931 + 1440
9932 # 1504
9932 - 88 2
9932 - 1440 1
9933 # 1504
9933 + 1440
9934 # 1504
9934 - 1440 1
9934 + 1440
9935 # 1504
9935 - 1440 1
9935 + 1440
9936 # 1504
9936 - 1440 1
9937 # 1504
9937 + 1440
9938 # 1504
9938 - 1440 1
9938 + 1440
9939 # 1504
9939 - 1440 1
9939 + 1440
9940 # 1504
9940 - 1440 1
9940 + 1440
9941 # 1504
9941 - 1440 1
9941 + 88
9942 # 1504
9942 - 88 1
9942 + 1440
9943 # 1504
9943 - 1440 1
9943 + 1440
9944 # 1504
9944 - 1440 1
9945 # 1504
9945 + 1440
9946 # 1504
9946 - 1440 1
9946 + 1440
9947 # 1504
9947 - 1440 1
9947 + 1440
9948 # 1504
9948 - 1440 1
9949 # 1504
9949 + 1440
9950 # 1504
9950 - 1440 1
9950 + 1440
9951 # 1504
9951 - 1440 1
9952 # 1504
9952 + 88
9952 + 1440
9953 # 1504
9953 - 88 1
9953 + 1440
9954 # 1504
9954 - 1440 2
9954 - 1440 1
9955 # 1504
9955 + 1440
9956 # 1504
9956 - 1440 1
9956 + 1440
9957 # 1504
9957 - 1440 1
9958 # 1504
9958 + 1440
9959 # 1504
9959 - 1440 1
9959 + 1440
9960 # 1504
9960 - 1440 1
9961 # 1504
9961 + 1440
9962 # 1504
9962 - 1440 1
9962 + 1440
9962 + 88
9963 # 1504
9963 - 1440 1
9964 # 1504
9964 - 88 2
9964 + 1440
9965 # 1504
9965 - 1440 1
9965 + 1440
9966 # 1504
9966 - 1440 1
9966 + 1440
9967 # 1504
9967 - 1440 1
9967 + 1440
9968 # 1504
9968 - 1440 1
9969 # 1504
9969 + 1440
9970 # 1504
9970 - 1440 1
9970 + 1440
9971 # 1504
9971 - 1440 1
9971 + 1440
9972 # 1504
9972 - 1440 1
9973 # 1504
9973 + 1440
9973 + 88
9974 # 1504
9974 - 1440 1
9974 + 1440
9975 # 1504
9975 - 88 2
9975 - 1440 1
9975 + 1096
9976 # 1504
9976 - 1096 1
9977 # 1504
9977 + 1440
9978 # 1504
9978 - 1440 1
9978 + 1440
9978 + 88
9979 # 1504
9979 - 1440 1
9980 # 1504
9980 - 88 2
9980 + 1440
9981 # 1504
9981 - 1440 1
9981 + 1440
9982 # 1504
9982 - 1440 1
9982 + 1440
9983 # 1504
9983 - 1440 1
9984 # 1504
9984 + 1440
9985 # 1504
9985 - 1440 1
9985 + 1440
9986 # 1504
9986 - 1440 1
9987 # 1504
9987 + 1440
9988 # 1504
9988 - 1440 1
9988 + 1440
9989 # 1504
9989 - 1440 1
9989 + 1440
9989 + 88
9990 # 1504
9990 - 1440 1
9990 + 1440
9991 # 1504
9991 - 88 2
9991 - 1440 1
9992 # 1504
9992 + 1440
9993 # 1504
9993 - 1440 1
9993 + 1440
9994 # 1504
9994 - 1440 1
9994 + 1440
9995 # 1504
9995 - 1440 1
9995 + 1440
9996 # 1504
9996 - 1440 1
9997 # 1504
9997 + 1440
9998 # 1504
9998 - 1440 1
9998 + 1440
9999 # 1504
9999 - 1440 1
9999 + 1440
10000 # 1504
10000 - 1440 1
10000 + 88
10000 + 1440
10001 # 1504
10001 - 88 1
10002 # 1504
10002 - 1440 2
10002 + 1440
10003 # 1504
10003 - 1440 1
10003 + 1440
10004 # 1504
10004 - 1440 1
10004 + 1440
10005 # 1504
10005 - 1440 1
10006 # 1504
10006 + 1440
10007 # 1504
10007 - 1440 1
10007 + 1440
10008 # 1504
10008 - 1440 1
10008 + 1440
10009 # 1504
10009 - 1440 1
10010 # 1504
10010 + 1440
10010 + 88
10011 # 1504
10011 - 1440 1
10011 + 1440
10012 # 1504
10012 - 88 2
10012 - 1440 1
10012 + 1440
10013 # 1504
10013 - 1440 1
10014 # 1504
10014 + 1440
10015 # 1504
10015 - 1440 1
10015 + 1440
10016 # 1504
10016 - 1440 1
10016 + 1440
10017 # 1504
10017 - 1440 1
10017 + 1440
10018 # 1504
10018 - 1440 1
10018 + 1440
10019 # 1504
10019 - 1440 1
10020 # 1504
10020 + 1440
10021 # 1504
10021 - 1440 1
10021 + 1440
10021 + 88
10022 # 1504
10022 - 1440 1
10022 + 1440
10023 # 1504
10023 - 88 2
10023 - 1440 1
10023 + 1440
10024 # 1504
10024 - 1440 1
10024 + 1440
10025 # 1504
10025 - 1440 1
10025 + 1440
10026 # 1504
10026 - 1440 1
10027 # 1504
10027 + 1440
10028 # 1504
10028 - 1440 1
10028 + 1440
10029 # 1504
10029 - 1440 1
10029 + 1440
10030 # 1504
10030 - 1440 1
10030 + 1440
10031 # 1504
10031 - 1440 1
10031 + 1440
10031 + 88
10032 # 1504
10032 - 1440 1
10032 + 1440
10033 # 1504
10033 - 88 2
10033 - 1440 1
10033 + 1440
10034 # 1504
10034 - 1440 1
10035 # 1504
10035 + 1440
10036 # 1504
10036 - 1440 1
10036 + 1440
10037 # 1504
10037 - 1440 1
10037 + 1440
10038 # 1504
10038 - 1440 1
10038 + 1440
10039 # 1504
10039 - 1440 1
10039 + 1440
10040 # 1504
10040 - 1440 1
10040 + 1440
10041 # 1504
10041 - 1440 1
10041 + 1440
10042 # 1504
10042 - 1440 1
10042 + 1440
10042 + 88
10043 # 1504
10043 - 1440 1
10043 + 1440
10044 # 1504
10044 - 88 2
10044 - 1440 1
10044 + 1440
10045 # 1504
10045 - 1440 1
10045 + 1440
10046 # 1504
10046 - 1440 1
10046 + 1440
10047 # 1504
10047 - 1440 1
10047 + 1440
10048 # 1504
10048 - 1440 1
10048 + 1440
10049 # 1504
10049 - 1440 1
10050 # 1504
10050 + 1440
10051 # 1504
10051 - 1440 1
10051 + 1440
10052 # 1504
10052 - 1440 1
10052 + 1440
10053 # 1504
10053 - 1440 1
10053 + 1440
10053 + 88
10054 # 1504
10054 - 1440 1
10054 + 1440
10055 # 1504
10055 - 88 2
10055 - 1440 1
10055 + 1440
10056 # 1504
10056 - 1440 1
10056 + 1440
10057 # 1504
10057 - 1440 1
10058 # 1504
10058 + 1440
10059 # 1504
10059 - 1440 1
10059 + 1440
10060 # 1504
10060 - 1440 1
10060 + 1440
10061 # 1504
10061 - 1440 1
10061 + 1440
10062 # 1504
10062 - 1440 1
10062 + 1440
10063 # 1504
10063 - 1440 1
10063 + 1440
10064 # 1504
10064 - 1440 1
10064 + 88
10064 + 1096
10065 # 1504
10065 - 88 1
10065 - 1096 1
10066 # 1504
10066 + 1440
10067 # 1504
10067 - 1440 1
10067 + 1440
10067 + 88
10068 # 1504
10068 - 1440 1
10068 + 1440
10069 # 1504
10069 - 88 2
10069 - 1440 1
10069 + 1440
10070 # 1504
10070 - 1440 1
10070 + 1440
10071 # 1504
10071 - 1440 1
10071 + 1440
10072 # 1504
10072 - 1440 1
10072 + 1440
10073 # 1504
10073 - 1440 1
10074 # 1504
10074 + 1440
10075 # 1504
10075 - 1440 1
10075 + 1440
10076 # 1504
10076 - 1440 1
10076 + 1440
10077 # 1504
10077 - 1440 1
10077 + 1440
10077 + 88
10078 # 1504
10078 - 1440 1
10078 + 1440
10079 # 1504
10079 - 88 2
10079 - 1440 1
10079 + 1440
10080 # 1504
10080 - 1440 1
10080 + 1440
10081 # 1504
10081 - 1440 1
10081 + 1440
10082 # 1504
10082 - 1440 1
10083 # 1504
10083 + 1440
10084 # 1504
10084 - 1440 1
10084 + 1440
10085 # 1504
10085 - 1440 1
10085 + 1440
10086 # 1504
10086 - 1440 1
10086 + 1440
10087 # 1504
10087 - 1440 1
10087 + 1440
10088 # 1504
10088 - 1440 1
10088 + 88
10089 # 1504
10089 - 88 1
10089 + 1440
10090 # 1504
10090 - 1440 1
10090 + 1440
10091 # 1504
10091 - 1440 1
10091 + 1440
10092 # 1504
10092 - 1440 1
10092 + 1440
10093 # 1504
10093 - 1440 1
10094 # 1504
10094 + 1440
10095 # 1504
10095 - 1440 1
10095 + 1440
10096 # 1504
10096 - 1440 1
10096 + 1440
10097 # 1504
10097 - 1440 1
10097 + 1440
10098 # 1504
10098 - 1440 1
10098 + 1440
10098 + 88
10099 # 1504
10099 - 1440 1
10099 + 1440
10100 # 1504
10100 - 88 2
10100 - 1440 1
10100 + 1440
10101 # 1504
10101 - 1440 1
10101 + 1440
10102 # 1504
10102 - 1440 1
10102 + 1440
10103 # 1504
10103 - 1440 1
10103 + 1440
10104 # 1504
10104 - 1440 1
10105 # 1504
10105 + 1440
10106 # 1504
10106 - 1440 1
10106 + 1440
10107 # 1504
10107 - 1440 1
10107 + 1440
10108 # 1504
10108 - 1440 1
10108 + 1440
10108 + 88
10109 # 1504
10109 - 1440 1
10109 + 1440
10110 # 1504
10110 - 88 2
10110 - 1440 1
10111 # 1504
10111 + 1440
10112 # 1504
10112 - 1440 1
10113 # 1504
10113 + 1440
10113 + 1440
10114 # 1504
10114 - 1440 1
10114 + 1440
10115 # 1504
10115 - 1440 2
10116 # 1504
10116 - 1440 2
10116 + 1440
10117 # 1504
10117 - 1440 1
10117 + 1440
10118 # 1504
10118 - 1440 1
10118 + 1440
10119 # 1504
10119 - 1440 1
10119 + 1440
10119 + 88
10120 # 1504
10120 - 1440 1
10120 + 1440
10121 # 1504
10121 - 88 2
10121 - 1440 1
10121 + 1440
10122 # 1504
10122 - 1440 1
10123 # 1504
10123 + 1440
10124 # 1504
10124 - 1440 1
10124 + 1440
10125 # 1504
10125 - 1440 1
10125 + 1440
10126 # 1504
10126 - 1440 1
10126 + 1440
10127 # 1504
10127 - 1440 1
10127 + 1440
10128 # 1504
10128 - 1440 1
10128 + 1440
10129 # 1504
10129 - 1440 1
10130 # 1504
10130 + 1440
10130 + 88
10131 # 1504
10131 - 1440 1
10131 + 1440
10132 # 1504
10132 - 88 2
10132 - 1440 1
10132 + 1440
10133 # 1504
10133 - 1440 1
10133 + 1440
10134 # 1504
10134 - 1440 1
10134 + 1440
10135 # 1504
10135 - 1440 1
10136 # 1504
10136 + 1440
10137 # 1504
10137 - 1440 1
10137 + 1440
10138 # 1504
10138 - 1440 1
10138 + 1440
10139 # 1504
10139 - 1440 1
10139 + 1440
10140 # 1504
10140 - 1440 1
10141 # 1504
10141 + 1440
10141 + 88
10142 # 1504
10142 - 1440 1
10142 + 1440
10143 # 1504
10143 - 88 2
10143 - 1440 1
10143 + 1440
10144 # 1504
10144 - 1440 1
10144 + 1440
10145 # 1504
10145 - 1440 1
10145 + 1440
10146 # 1504
10146 - 1440 1
10146 + 1440
10147 # 1504
10147 - 1440 1
10147 + 1440
10148 # 1504
10148 - 1440 1
10148 + 1440
10149 # 1504
10149 - 1440 1
10149 + 1440
10150 # 1504
10150 - 1440 1
10151 # 1504
10151 + 1096
10152 # 1504
10152 - 1096 1
10152 + 1440
10152 + 88
10153 # 1504
10153 - 1440 1
10153 + 1440
10153 + 88
10154 # 1504
10154 - 88 2
10154 - 1440 1
10154 + 1440
10155 # 1504
10155 - 88 2
10155 - 1440 1
10155 + 1440
10156 # 1504
10156 - 1440 1
10156 + 1440
10157 # 1504
10157 - 1440 1
10157 + 1440
10158 # 1504
10158 - 1440 1
10158 + 1440
10159 # 1504
10159 - 1440 1
10160 # 1504
10160 + 1440
10161 # 1504
10161 - 1440 1
10161 + 1440
10162 # 1504
10162 - 1440 1
10162 + 1440
10163 # 1504
10163 - 1440 1
10163 + 1440
10164 # 1504
10164 - 1440 1
10164 + 1440
10164 + 88
10165 # 1504
10165 - 1440 1
10165 + 1440
10166 # 1504
10166 - 88 2
10166 - 1440 1
10166 + 1440
10167 # 1504
10167 - 1440 1
10167 + 1440
10168 # 1504
10168 - 1440 1
10168 + 1440
10169 # 1504
10169 - 1440 1
10169 + 1440
10170 # 1504
10170 - 1440 1
10170 + 1440
10171 # 1504
10171 - 1440 1
10171 + 1440
10172 # 1504
10172 - 1440 1
10172 + 1440
10173 # 1504
10173 - 1440 1
10173 + 1440
10174 # 1504
10174 - 1440 1
10175 # 1504
10175 + 1440
10175 + 88
10176 # 1504
10176 - 1440 1
10176 + 1440
10177 # 1504
10177 - 88 2
10177 - 1440 1
10177 + 1440
10178 # 1504
10178 - 1440 1
10178 + 1440
10179 # 1504
10179 - 1440 1
10179 + 1440
10180 # 1504
10180 - 1440 1
10180 + 1440
10181 # 1504
10181 - 1440 1
10182 # 1504
10182 + 1440
10183 # 1504
10183 - 1440 1
10183 + 1440
10184 # 1504
10184 - 1440 1
10184 + 1440
10185 # 1504
10185 - 1440 1
10185 + 1440
10185 + 88
10186 # 1504
10186 - 1440 1
10186 + 1440
10187 # 1504
10187 - 88 2
10187 - 1440 1
10187 + 1440
10188 # 1504
10188 - 1440 1
10188 + 1440
10189 # 1504
10189 - 1440 1
10189 + 1440
10190 # 1504
10190 - 1440 1
10190 + 1440
10191 # 1504
10191 - 1440 1
10191 + 1440
10192 # 1504
10192 - 1440 1
10193 # 1504
10193 + 1440
10194 # 1504
10194 - 1440 1
10194 + 1440
10195 # 1504
10195 - 1440 1
10195 + 1440
10196 # 1504
10196 - 1440 1
10196 + 1440
10196 + 88
10197 # 1504
10197 - 1440 1
10197 + 1440
10198 # 1504
10198 - 88 2
10198 - 1440 1
10198 + 1440
10199 # 1504
10199 - 1440 1
10199 + 1440
10200 # 1504
10200 - 1440 1
10200 + 1440
10201 # 1504
10201 - 1440 1
10201 + 1440
10202 # 1504
10202 - 1440 1
10202 + 1440
10203 # 1504
10203 - 1440 1
10203 + 1440
10204 # 1504
10204 - 1440 1
10204 + 1440
10204 + 1440
10205 # 1504
10205 - 1440 1
10206 # 1504
10206 - 1440 2
10206 + 1440
10207 # 1504
10207 - 1440 1
10207 + 1440
10207 + 88
10208 # 1504
10208 - 1440 1
10208 + 1440
10209 # 1504
10209 - 88 2
10209 - 1440 1
10209 + 1440
10210 # 1504
10210 - 1440 1
10210 + 1440
10211 # 1504
10211 - 1440 1
10211 + 1440
10212 # 1504
10212 - 1440 1
10212 + 1440
10213 # 1504
10213 - 1440 1
10213 + 1440
10214 # 1504
10214 - 1440 1
10214 + 1440
10215 # 1504
10215 - 1440 1
10215 + 1440
10216 # 1504
10216 - 1440 1
10216 + 1440
10217 # 1504
10217 - 1440 1
10217 + 1440
10218 # 1504
10218 - 1440 1
10218 + 88
10218 + 1440
10219 # 1504
10219 - 88 1
10219 + 1440
10220 # 1504
10220 - 1440 2
10220 - 1440 1
10221 # 1504
10221 + 1440
10222 # 1504
10222 - 1440 1
10222 + 1440
10223 # 1504
10223 - 1440 1
10223 + 1440
10224 # 1504
10224 - 1440 1
10224 + 1440
10225 # 1504
10225 - 1440 1
10225 + 1440
10226 # 1504
10226 - 1440 1
10226 + 1440
10227 # 1504
10227 - 1440 1
10227 + 1440
10228 # 1504
10228 - 1440 1
10228 + 1440
10228 + 88
10229 # 1504
10229 - 1440 1
10229 + 1440
10230 # 1504
10230 - 88 2
10230 - 1440 1
10231 # 1504
10231 + 1096
10232 # 1504
10232 - 1096 1
10232 + 1440
10233 # 1504
10233 - 1440 1
10233 + 1440
10233 + 88
10234 # 1504
10234 - 1440 1
10234 + 1440
10235 # 1504
10235 - 88 2
10235 - 1440 1
10235 + 1440
10236 # 1504
10236 - 1440 1
10236 + 1440
10237 # 1504
10237 - 1440 1
10237 + 1440
10238 # 1504
10238 - 1440 1
10239 # 1504
10239 + 1440
10240 # 1504
10240 - 1440 1
10240 + 1440
10241 # 1504
10241 - 1440 1
10241 + 1440
10242 # 1504
10242 - 1440 1
10242 + 1440
10243 # 1504
10243 - 1440 1
10243 + 1440
10244 # 1504
10244 - 1440 1
10244 + 1440
10244 + 88
10245 # 1504
10245 - 1440 1
10245 + 1440
10246 # 1504
10246 - 88 2
10246 - 1440 1
10246 + 1440
10247 # 1504
10247 - 1440 1
10247 + 1440
10248 # 1504
10248 - 1440 1
10248 + 1440
10249 # 1504
10249 - 1440 1
10249 + 1440
10250 # 1504
10250 - 1440 1
10250 + 1440
10251 # 1504
10251 - 1440 1
10251 + 1440
10252 # 1504
10252 - 1440 1
10252 + 1440
10253 # 1504
10253 - 1440 1
10254 # 1504
10254 + 1440
10255 # 1504
10255 - 1440 1
10255 + 1440
10255 + 88
10256 # 1504
10256 - 1440 1
10256 + 1440
10257 # 1504
10257 - 88 2
10257 - 1440 1
10257 + 1440
10258 # 1504
10258 - 1440 1
10258 + 1440
10259 # 1504
10259 - 1440 1
10259 + 1440
10260 # 1504
10260 - 1440 1
10260 + 1440
10261 # 1504
10261 - 1440 1
10261 + 1440
10262 # 1504
10262 - 1440 1
10262 + 1440
10263 # 1504
10263 - 1440 1
10263 + 1440
10264 # 1504
10264 - 1440 1
10265 # 1504
10265 + 1440
10266 # 1504
10266 - 1440 1
10266 + 1440
10267 # 1504
10267 - 1440 1
10267 + 1440
10267 + 88
10268 # 1504
10268 - 1440 1
10268 + 1440
10269 # 1504
10269 - 88 2
10269 - 1440 1
10269 + 1440
10270 # 1504
10270 - 1440 1
10270 + 1440
10271 # 1504
10271 - 1440 1
10271 + 1440
10272 # 1504
10272 - 1440 1
10272 + 1440
10273 # 1504
10273 - 1440 1
10273 + 1440
10274 # 1504
10274 - 1440 1
10274 + 1440
10275 # 1504
10275 - 1440 1
10275 + 1440
10276 # 1504
10276 - 1440 1
10276 + 1440
10277 # 1504
10277 - 1440 1
10277 + 1440
10277 + 88
10278 # 1504
10278 - 1440 1
10278 + 1440
10279 # 1504
10279 - 88 2
10279 - 1440 1
10279 + 1440
10280 # 1504
10280 - 1440 1
10280 + 1440
10281 # 1504
10281 - 1440 1
10281 + 1440
10282 # 1504
10282 - 1440 1
10282 + 1440
10283 # 1504
10283 - 1440 1
10283 + 1440
10284 # 1504
10284 - 1440 1
10285 # 1504
10285 + 1440
10286 # 1504
10286 - 1440 1
10286 + 1440
10287 # 1504
10287 - 1440 1
10287 + 1440
10288 # 1504
10288 - 1440 1
10288 + 1440
10288 + 88
10289 # 1504
10289 - 1440 1
10289 + 1440
10290 # 1504
10290 - 88 2
10290 - 1440 1
10290 + 1440
10291 # 1504
10291 - 1440 1
10291 + 1440
10292 # 1504
10292 - 1440 1
10292 + 1440
10293 # 1504
10293 - 1440 1
10293 + 1440
10294 # 1504
10294 - 1440 1
10294 + 1440
10295 # 1504
10295 - 1440 1
10295 + 1440
10296 # 1504
10296 - 1440 1
10296 + 1440
10297 # 1504
10297 - 1440 1
10297 + 1440
10298 # 1504
10298 - 1440 1
10298 + 1440
10298 + 88
10299 # 1504
10299 - 1440 1
10299 + 1440
10300 # 1504
10300 - 88 2
10300 - 1440 1
10300 + 1440
10301 # 1504
10301 - 1440 1
10301 + 1440
10302 # 1504
10302 - 1440 1
10302 + 1440
10303 # 1504
10303 - 1440 1
10303 + 1440
10304 # 1504
10304 - 1440 1
10304 + 1440
10305 # 1504
10305 - 1440 1
10305 + 1440
10306 # 1504
10306 - 1440 1
10306 + 1440
10307 # 1504
10307 - 1440 1
10308 # 1504
10308 + 1440
10309 # 1504
10309 - 1440 1
10309 + 1440
10309 + 88
10310 # 1504
10310 - 1440 1
10310 + 1096
10311 # 1504
10311 - 88 2
10311 - 1096 1
10311 + 1440
10312 # 1504
10312 - 1440 1
10312 + 1440
10312 + 88
10313 # 1504
10313 - 1440 1
10313 + 1440
10314 # 1504
10314 - 88 2
10314 - 1440 1
10314 + 1440
10315 # 1504
10315 - 1440 1
10315 + 1440
10316 # 1504
10316 - 1440 1
10316 + 1440
10317 # 1504
10317 - 1440 1
10317 + 1440
10318 # 1504
10318 - 1440 1
10318 + 1440
10319 # 1504
10319 - 1440 1
10319 + 1440
10320 # 1504
10320 - 1440 1
10320 + 1440
10321 # 1504
10321 - 1440 1
10321 + 1440
10322 # 1504
10322 - 1440 1
10322 + 1440
10322 + 88
10323 # 1504
10323 - 1440 1
10323 + 1440
10324 # 1504
10324 - 88 2
10324 - 1440 1
10324 + 1440
10325 # 1504
10325 - 1440 1
10325 + 1440
10326 # 1504
10326 - 1440 1
10326 + 1440
10327 # 1504
10327 - 1440 1
10327 + 1440
10328 # 1504
10328 - 1440 1
10328 + 1440
10329 # 1504
10329 - 1440 1
10329 + 1440
10330 # 1504
10330 - 1440 1
10330 + 1440
10331 # 1504
10331 - 1440 1
10331 + 1440
10332 # 1504
10332 - 1440 1
10332 + 1440
10332 + 88
10333 # 1504
10333 - 1440 1
10333 + 1440
10334 # 1504
10334 - 88 2
10334 - 1440 1
10334 + 1440
10335 # 1504
10335 - 1440 1
10335 + 1440
10336 # 1504
10336 - 1440 1
10336 + 1440
10337 # 1504
10337 - 1440 1
10337 + 1440
10338 # 1504
10338 - 1440 1
10338 + 1440
10339 # 1504
10339 - 1440 1
10339 + 1440
10340 # 1504
10340 - 1440 1
10340 + 1440
10341 # 1504
10341 - 1440 1
10341 + 1440
10342 # 1504
10342 - 1440 1
10342 + 1440
10342 + 88
10343 # 1504
10343 - 1440 1
10343 + 1440
10344 # 1504
10344 - 88 2
10344 - 1440 1
10344 + 1440
10345 # 1504
10345 - 1440 1
10345 + 1440
10346 # 1504
10346 - 1440 1
10346 + 1440
10347 # 1504
10347 - 1440 1
10348 # 1504
10348 + 1440
10349 # 1504
10349 - 1440 1
10349 + 1440
10350 # 1504
10350 - 1440 1
10350 + 1440
10351 # 1504
10351 - 1440 1
10351 + 1440
10352 # 1504
10352 - 1440 1
10352 + 1440
10353 # 1504
10353 - 1440 1
10353 + 1440
10353 + 88
10354 # 1504
10354 - 1440 1
10354 + 1440
10355 # 1504
10355 - 88 2
10355 - 1440 1
10355 + 1440
10356 # 1504
10356 - 1440 1
10356 + 1440
10357 # 1504
10357 - 1440 1
10357 + 1440
10358 # 1504
10358 - 1440 1
10358 + 1440
10359 # 1504
10359 - 1440 1
10359 + 1440
10360 # 1504
10360 - 1440 1
10360 + 1440
10361 # 1504
10361 - 1440 1
10361 + 1440
10362 # 1504
10362 - 1440 1
10362 + 1440
10363 # 1504
10363 - 1440 1
10363 + 1440
10363 + 88
10364 # 1504
10364 - 1440 1
10364 + 1440
10365 # 1504
10365 - 88 2
10365 - 1440 1
10365 + 1440
10366 # 1504
10366 - 1440 1
10366 + 1440
10367 # 1504
10367 - 1440 1
10367 + 1440
10368 # 1504
10368 - 1440 1
10368 + 1440
10369 # 1504
10369 - 1440 1
10369 + 1440
10370 # 1504
10370 - 1440 1
10370 + 1440
10371 # 1504
10371 - 1440 1
10371 + 1440
10372 # 1504
10372 - 1440 1
10372 + 1440
10373 # 1504
10373 - 1440 1
10373 + 1440
10374 # 1504
10374 - 1440 1
10374 + 88
10374 + 1440
10375 # 1504
10375 - 88 1
10375 + 1440
10376 # 1504
10376 - 1440 2
10376 - 1440 1
10376 + 1440
10377 # 1504
10377 - 1440 1
10377 + 1440
10378 # 1504
10378 - 1440 1
10378 + 1440
10379 # 1504
10379 - 1440 1
10379 + 1440
10380 # 1504
10380 - 1440 1
10380 + 1440
10381 # 1504
10381 - 1440 1
10381 + 1440
10382 # 1504
10382 - 1440 1
10382 + 1440
10383 # 1504
10383 - 1440 1
10383 + 1440
10384 # 1504
10384 - 1440 1
10384 + 1440
10384 + 88
10385 # 1504
10385 - 1440 1
10385 + 1096
10386 # 1504
10386 - 88 2
10386 - 1096 1
10386 + 1440
10387 # 1504
10387 - 1440 1
10387 + 1440
10387 + 88
10388 # 1504
10388 - 1440 1
10388 + 1440
10389 # 1504
10389 - 88 2
10389 - 1440 1
10389 + 1440
10390 # 1504
10390 - 1440 1
10390 + 1440
10391 # 1504
10391 - 1440 1
10391 + 1440
10392 # 1504
10392 - 1440 1
10392 + 1440
10393 # 1504
10393 - 1440 1
10393 + 1440
10394 # 1504
10394 - 1440 1
10394 + 1440
10395 # 1504
10395 - 1440 1
10395 + 1440
10396 # 1504
10396 - 1440 1
10396 + 1440
10396 + 1440
10397 # 1504
10397 - 1440 1
10397 + 1440
10398 # 1504
10398 - 1440 2
10398 + 1440
10398 + 88
10399 # 1504
10399 - 1440 2
10399 + 1440
10400 # 1504
10400 - 1440 2
10400 - 88 2
10400 + 1440
10401 # 1504
10401 - 1440 2
10401 + 1440
10402 # 1504
10402 - 1440 2
10402 + 1440
10403 # 1504
10403 - 1440 2
10403 + 1440
10404 # 1504
10404 - 1440 2
10404 + 1440
10404 + 1440
10405 # 1504
10405 - 1440 2
10405 + 1440
10406 # 1504
10406 - 1440 2
10406 + 1440
10407 # 1504
10407 - 1440 3
10407 + 1440
10408 # 1504
10408 - 1440 3
10408 + 1440
10409 # 1504
10409 - 1440 3
10409 + 1440
10409 + 88
10410 # 1504
10410 - 1440 3
10410 + 1440
10411 # 1504
10411 - 1440 3
10411 + 1440
10412 # 1504
10412 - 1440 3
10412 - 88 3
10412 + 1440
10413 # 1504
10413 - 1440 3
10413 + 1440
10414 # 1504
10414 - 1440 3
10414 + 1440
10415 # 1504
10415 - 1440 3
10415 + 1440
10416 # 1504
10416 - 1440 3
10416 + 1440
10417 # 1504
10417 - 1440 3
10417 + 1440
10418 # 1504
10418 - 1440 3
10418 + 1440
10419 # 1504
10419 - 1440 3
10419 + 1440
10420 # 1504
10420 - 1440 3
10420 + 1440
10420 + 88
10421 # 1504
10421 - 1440 3
10421 + 1440
10422 # 1504
10422 - 1440 3
10422 - 1440 2
10422 + 1440
10423 # 1504
10423 - 88 3
10423 - 1440 2
10423 + 1440
10423 + 1440
10424 # 1504
10424 - 1440 2
10424 + 1440
10425 # 1504
10425 - 1440 2
10425 + 1440
10426 # 1504
10426 - 1440 3
10426 + 1440
10427 # 1504
10427 - 1440 3
10427 + 1440
10428 # 1504
10428 - 1440 3
10428 + 1440
10429 # 1504
10429 - 1440 3
10429 + 1440
10430 # 1504
10430 - 1440 3
10430 + 1440
10430 + 88
10431 # 1504
10431 - 1440 3
10431 + 1440
10431 + 1440
10432 # 1504
10432 - 1440 3
10432 + 1440
10433 # 1504
10433 - 1440 3
10433 - 88 3
10433 + 1440
10434 # 1504
10434 - 1440 3
10434 + 1440
10435 # 1504
10435 - 1440 4
10435 + 1440
10436 # 1504
10436 - 1440 4
10436 + 1440
10437 # 1504
10437 - 1440 4
10437 + 1440
10438 # 1504
10438 - 1440 4
10438 + 1440
10439 # 1504
10439 - 1440 4
10439 + 1440
10439 + 1440
10440 # 1504
10440 - 1440 4
10440 + 1440
10441 # 1504
10441 - 1440 4
10441 + 1440
10442 # 1504
10442 - 1440 4
10442 + 88
10442 + 1440
10443 # 1504
10443 - 1440 4
10443 + 1440
10444 # 1504
10444 - 1440 5
10444 + 1440
10445 # 1504
10445 - 1440 5
10445 + 1440
10446 # 1504
10446 - 1440 5
10446 - 88 4
10446 + 1440
10447 # 1504
10447 - 1440 5
10447 + 1440
10448 # 1504
10448 - 1440 5
10448 - 1440 4
10448 + 1440
10449 # 1504
10449 - 1440 4
10449 + 1440
10450 # 1504
10450 - 1440 4
10450 + 1440
10451 # 1504
10451 - 1440 4
10451 + 1440
10452 # 1504
10452 - 1440 4
10452 + 1440
10452 + 88
10453 # 1504
10453 - 1440 4
10453 + 1440
10454 # 1504
10454 - 1440 4
10454 + 1096
10455 # 1504
10455 - 1440 4
10455 + 1440
10456 # 1504
10456 - 1440 4
10456 - 88 4
10456 + 1440
10457 # 1504
10457 - 1440 4
10457 + 1440
10458 # 1504
10458 - 1096 4
10458 + 1440
10459 # 1504
10459 - 1440 4
10459 + 1440
10459 + 88
10460 # 1504
10460 - 1440 4
10460 + 1440
10461 # 1504
10461 - 1440 4
10461 + 1440
10462 # 1504
10462 - 1440 4
10462 + 1440
10463 # 1504
10463 - 1440 4
10463 - 88 4
10463 + 1440
10464 # 1504
10464 - 1440 4
10464 + 1440
10465 # 1504
10465 - 1440 4
10465 + 1440
10466 # 1504
10466 - 1440 4
10466 + 1440
10467 # 1504
10467 - 1440 4
10467 + 1440
10468 # 1504
10468 - 1440 4
10468 - 1440 3
10468 + 1440
10469 # 1504
10469 - 1440 3
10469 + 1440
10470 # 1504
10470 - 1440 3
10470 + 88
10470 + 1440
10471 # 1504
10471 - 1440 3
10471 + 1440
10472 # 1504
10472 - 1440 3
10472 - 88 2
10472 + 1440
10473 # 1504
10473 - 1440 3
10473 + 1440
10474 # 1504
10474 - 1440 3
10474 + 1440
10475 # 1504
10475 - 1440 3
10475 + 1440
10476 # 1504
10476 - 1440 3
10476 + 1440
10477 # 1504
10477 - 1440 3
10477 + 1440
10478 # 1504
10478 - 1440 3
10478 + 1440
10479 # 1504
10479 - 1440 3
10479 + 1440
10480 # 1504
10480 - 1440 3
10480 + 1440
10480 + 88
10481 # 1504
10481 - 1440 3
10481 + 1440
10482 # 1504
10482 - 1440 3
10482 + 1440
10483 # 1504
10483 - 1440 3
10483 - 88 3
10483 + 1440
10484 # 1504
10484 - 1440 3
10484 + 1440
10485 # 1504
10485 - 1440 3
10485 + 1440
10486 # 1504
10486 - 1440 3
10486 + 1440
10487 # 1504
10487 - 1440 3
10487 + 1440
10488 # 1504
10488 - 1440 3
10488 + 1440
10489 # 1504
10489 - 1440 3
10489 + 1440
10490 # 1504
10490 - 1440 3
10490 + 1440
10490 + 88
10491 # 1504
10491 - 1440 3
10491 + 1440
10492 # 1504
10492 - 1440 3
10492 + 1440
10493 # 1504
10493 - 1440 3
10493 - 88 3
10493 + 1440
10494 # 1504
10494 - 1440 3
10494 + 1440
10495 # 1504
10495 - 1440 3
10495 - 1440 2
10495 + 1440
10496 # 1504
10496 - 1440 2
10497 # 1504
10497 - 1440 2
10497 + 1440
10498 # 1504
10498 - 1440 1
10498 + 1440
10499 # 1504
10499 - 1440 1
10499 + 1440
10500 # 1504
10500 - 1440 1
10500 + 1440
10501 # 1504
10501 - 1440 1
10501 + 1440
10501 + 88
10502 # 1504
10502 - 1440 1
10502 + 1440
10503 # 1504
10503 - 88 2
10503 - 1440 1
10503 + 1440
10504 # 1504
10504 - 1440 1
10504 + 1440
10505 # 1504
10505 - 1440 1
10505 + 1440
10506 # 1504
10506 - 1440 1
10507 # 1504
10507 + 1440
10508 # 1504
10508 - 1440 1
10508 + 1440
10509 # 1504
10509 - 1440 1
10509 + 1440
10510 # 1504
10510 - 1440 1
10510 + 1440
10511 # 1504
10511 - 1440 1
10511 + 1440
10512 # 1504
10512 - 1440 1
10512 + 88
10512 + 1440
10513 # 1504
10513 - 88 1
10514 # 1504
10514 - 1440 2
10514 + 1440
10515 # 1504
10515 - 1440 1
10515 + 1440
10516 # 1504
10516 - 1440 1
10516 + 1440
10517 # 1504
10517 - 1440 1
10517 + 1440
10518 # 1504
10518 - 1440 1
10518 + 1440
10519 # 1504
10519 - 1440 1
10519 + 1440
10520 # 1504
10520 - 1440 1
10520 + 1440
10521 # 1504
10521 - 1440 1
10521 + 1440
10522 # 1504
10522 - 1440 1
10522 + 1440
10522 + 88
10523 # 1504
10523 - 1440 1
10523 + 1440
10524 # 1504
10524 - 88 2
10524 - 1440 1
10524 + 1440
10525 # 1504
10525 - 1440 1
10525 + 1440
10526 # 1504
10526 - 1440 1
10526 + 1440
10527 # 1504
10527 - 1440 1
10528 # 1504
10528 + 1440
10529 # 1504
10529 - 1440 1
10529 + 1440
10530 # 1504
10530 - 1440 1
10530 + 1440
10531 # 1504
10531 - 1440 1
10531 + 1440
10532 # 1504
10532 - 1440 1
10532 + 1096
10533 # 1504
10533 - 1096 1
10533 + 1440
10533 + 88
10534 # 1504
10534 - 1440 1
10534 + 1440
10534 + 88
10535 # 1504
10535 - 88 2
10535 - 1440 1
10535 + 1440
10536 # 1504
10536 - 88 2
10536 - 1440 1
10536 + 1440
10537 # 1504
10537 - 1440 1
10537 + 1440
10538 # 1504
10538 - 1440 1
10538 + 1440
10539 # 1504
10539 - 1440 1
10539 + 1440
10540 # 1504
10540 - 1440 1
10540 + 1440
10541 # 1504
10541 - 1440 1
10541 + 1440
10542 # 1504
10542 - 1440 1
10542 + 1440
10543 # 1504
10543 - 1440 1
10543 + 1440
10544 # 1504
10544 - 1440 1
10544 + 1440
10544 + 88
10545 # 1504
10545 - 1440 1
10545 + 1440
10546 # 1504
10546 - 88 2
10546 - 1440 1
10547 # 1504
10547 + 1440
10548 # 1504
10548 - 1440 1
10548 + 1440
10549 # 1504
10549 - 1440 1
10549 + 1440
10550 # 1504
10550 - 1440 1
10550 + 1440
10551 # 1504
10551 - 1440 1
10551 + 1440
10552 # 1504
10552 - 1440 1
10552 + 1440
10553 # 1504
10553 - 1440 1
10553 + 1440
10554 # 1504
10554 - 1440 1
10554 + 1440
10555 # 1504
10555 - 1440 1
10555 + 1440
10555 + 88
10556 # 1504
10556 - 1440 1
10556 + 1440
10557 # 1504
10557 - 88 2
10557 - 1440 1
10557 + 1440
10558 # 1504
10558 - 1440 1
10558 + 1440
10559 # 1504
10559 - 1440 1
10559 + 1440
10560 # 1504
10560 - 1440 1
10560 + 1440
10561 # 1504
10561 - 1440 1
10561 + 1440
10562 # 1504
10562 - 1440 1
10562 + 1440
10563 # 1504
10563 - 1440 1
10563 + 1440
10564 # 1504
10564 - 1440 1
10564 + 1440
10565 # 1504
10565 - 1440 1
10565 + 1440
10566 # 1504
10566 - 1440 1
10566 + 88
10566 + 1440
10567 # 1504
10567 - 88 1
10567 + 1440
10568 # 1504
10568 - 1440 2
10568 - 1440 1
10569 # 1504
10569 + 1440
10570 # 1504
10570 - 1440 1
10570 + 1440
10571 # 1504
10571 - 1440 1
10571 + 1440
10572 # 1504
10572 - 1440 1
10572 + 1440
10573 # 1504
10573 - 1440 1
10573 + 1440
10574 # 1504
10574 - 1440 1
10574 + 1440
10575 # 1504
10575 - 1440 1
10575 + 1440
10576 # 1504
10576 - 1440 1
10576 + 1440
10576 + 88
10577 # 1504
10577 - 1440 1
10577 + 1440
10578 # 1504
10578 - 88 2
10578 - 1440 1
10578 + 1440
10579 # 1504
10579 - 1440 1
10579 + 1440
10580 # 1504
10580 - 1440 1
10580 + 1440
10581 # 1504
10581 - 1440 1
10581 + 1440
10582 # 1504
10582 - 1440 1
10582 + 1440
10583 # 1504
10583 - 1440 1
10583 + 1440
10584 # 1504
10584 - 1440 1
10584 + 1440
10585 # 1504
10585 - 1440 1
10585 + 1440
10586 # 1504
10586 - 1440 1
10586 + 1440
10587 # 1504
10587 - 1440 1
10587 + 1440
10587 + 88
10588 # 1504
10588 - 1440 1
10588 + 1440
10589 # 1504
10589 - 88 2
10589 - 1440 1
10589 + 1440
10590 # 1504
10590 - 1440 1
10590 + 1440
10591 # 1504
10591 - 1440 1
10592 # 1504
10592 + 1440
10593 # 1504
10593 - 1440 1
10593 + 1440
10594 # 1504
10594 - 1440 1
10594 + 1440
10595 # 1504
10595 - 1440 1
10595 + 1440
10596 # 1504
10596 - 1440 1
10596 + 1440
10597 # 1504
10597 - 1440 1
10597 + 1440
10598 # 1504
10598 - 1440 1
10598 + 1440
10598 + 88
10599 # 1504
10599 - 1440 1
10599 + 1440
10600 # 1504
10600 - 88 2
10600 - 1440 1
10600 + 1440
10601 # 1504
10601 - 1440 1
10601 + 1440
10602 # 1504
10602 - 1440 1
10602 + 1440
10603 # 1504
10603 - 1440 1
10603 + 1440
10604 # 1504
10604 - 1440 1
10604 + 1440
10605 # 1504
10605 - 1440 1
10605 + 1440
10606 # 1504
10606 - 1440 1
10606 + 1440
10607 # 1504
10607 - 1440 1
10607 + 1440
10608 # 1504
10608 - 1440 1
10608 + 1440
10609 # 1504
10609 - 1440 1
10609 + 88
10609 + 1096
10610 # 1504
10610 - 88 1
10610 - 1096 1
10610 + 1440
10611 # 1504
10611 - 1440 1
10611 + 1440
10611 + 88
10612 # 1504
10612 - 1440 1
10612 + 1440
10613 # 1504
10613 - 88 2
10613 - 1440 1
10613 + 1440
10614 # 1504
10614 - 1440 1
10614 + 1440
10615 # 1504
10615 - 1440 1
10615 + 1440
10616 # 1504
10616 - 1440 1
10616 + 1440
10617 # 1504
10617 - 1440 1
10617 + 1440
10618 # 1504
10618 - 1440 1
10618 + 1440
10619 # 1504
10619 - 1440 1
10619 + 1440
10620 # 1504
10620 - 1440 1
10620 + 1440
10621 # 1504
10621 - 1440 1
10621 + 1440
10621 + 88
10622 # 1504
10622 - 1440 1
10622 + 1440
10623 # 1504
10623 - 88 2
10623 - 1440 1
10623 + 1440
10624 # 1504
10624 - 1440 1
10624 + 1440
10625 # 1504
10625 - 1440 1
10625 + 1440
10626 # 1504
10626 - 1440 1
10626 + 1440
10627 # 1504
10627 - 1440 1
10627 + 1440
10628 # 1504
10628 - 1440 1
10628 + 1440
10629 # 1504
10629 - 1440 1
10629 + 1440
10630 # 1504
10630 - 1440 1
10630 + 1440
10631 # 1504
10631 - 1440 1
10632 # 1504
10632 + 1440
10632 + 88
10632 + 1440
10633 # 1504
10633 - 1440 1
10634 # 1504
10634 - 88 2
10634 - 1440 2
10634 + 1440
10635 # 1504
10635 - 1440 1
10635 + 1440
10636 # 1504
10636 - 1440 1
10636 + 1440
10637 # 1504
10637 - 1440 1
10637 + 1440
10638 # 1504
10638 - 1440 1
10638 + 1440
10639 # 1504
10639 - 1440 1
10639 + 1440
10640 # 1504
10640 - 1440 1
10640 + 1440
10641 # 1504
10641 - 1440 1
10641 + 1440
10642 # 1504
10642 - 1440 1
10642 + 1440
10643 # 1504
10643 - 1440 1
10643 + 88
10643 + 1440
10644 # 1504
10644 - 88 1
10645 # 1504
10645 - 1440 2
10645 + 1440
10646 # 1504
10646 - 1440 1
10646 + 1440
10647 # 1504
10647 - 1440 1
10647 + 1440
10648 # 1504
10648 - 1440 1
10649 # 1504
10649 + 1440
10649 + 1440
10650 # 1504
10650 - 1440 1
10650 + 1440
10651 # 1504
10651 - 1440 2
10651 + 1440
10652 # 1504
10652 - 1440 2
10652 + 1440
10653 # 1504
10653 - 1440 2
10653 + 1440
10653 + 88
10654 # 1504
10654 - 1440 2
10654 + 1440
10655 # 1504
10655 - 1440 2
10655 - 88 2
10655 + 1440
10656 # 1504
10656 - 1440 2
10656 + 1440
10657 # 1504
10657 - 1440 2
10657 + 1440
10658 # 1504
10658 - 1440 2
10658 + 1440
10659 # 1504
10659 - 1440 2
10659 + 1440
10660 # 1504
10660 - 1440 2
10660 + 1440
10661 # 1504
10661 - 1440 2
10661 + 1440
10662 # 1504
10662 - 1440 2
10662 + 1440
10663 # 1504
10663 - 1440 2
10663 + 1440
10663 + 88
10664 # 1504
10664 - 1440 2
10664 + 1440
10665 # 1504
10665 - 1440 2
10665 - 88 2
10665 + 1440
10666 # 1504
10666 - 1440 2
10666 + 1440
10667 # 1504
10667 - 1440 2
10667 + 1440
10668 # 1504
10668 - 1440 2
10668 + 1440
10669 # 1504
10669 - 1440 2
10669 + 1440
10670 # 1504
10670 - 1440 2
10670 + 1440
10671 # 1504
10671 - 1440 2
10671 + 1440
10672 # 1504
10672 - 1440 2
10673 # 1504
10673 - 1440 2
10673 + 1440
10674 # 1504
10674 - 1440 1
10674 + 1440
10674 + 88
10675 # 1504
10675 - 1440 1
10675 + 1440
10676 # 1504
10676 - 88 2
10676 - 1440 1
10676 + 1440
10677 # 1504
10677 - 1440 1
10677 + 1440
10678 # 1504
10678 - 1440 1
10678 + 1440
10679 # 1504
10679 - 1440 1
10679 + 1440
10680 # 1504
10680 - 1440 1
10680 + 1440
10681 # 1504
10681 - 1440 1
10681 + 1440
10682 # 1504
10682 - 1440 1
10682 + 1440
10683 # 1504
10683 - 1440 1
10683 + 1440
10684 # 1504
10684 - 1440 1
10684 + 1440
10685 # 1504
10685 - 1440 1
10685 + 88
10686 # 1504
10686 - 88 1
10686 + 1440
10687 # 1504
10687 - 1440 1
10687 + 1096
10688 # 1504
10688 - 1096 1
10688 + 1440
10689 # 1504
10689 - 1440 1
10689 + 1440
10689 + 88
10690 # 1504
10690 - 1440 1
10690 + 1440
10691 # 1504
10691 - 88 2
10691 - 1440 1
10691 + 1440
10692 # 1504
10692 - 1440 1
10692 + 1440
10693 # 1504
10693 - 1440 1
10693 + 1440
10694 # 1504
10694 - 1440 1
10694 + 1440
10695 # 1504
10695 - 1440 1
10695 + 1440
10696 # 1504
10696 - 1440 1
10696 + 1440
10697 # 1504
10697 - 1440 1
10697 + 1440
10698 # 1504
10698 - 1440 1
10698 + 1440
10699 # 1504
10699 - 1440 1
10699 + 1440
10699 + 88
10700 # 1504
10700 - 1440 1
10700 + 1440
10701 # 1504
10701 - 88 2
10701 - 1440 1
10701 + 1440
10702 # 1504
10702 - 1440 1
10702 + 1440
10703 # 1504
10703 - 1440 1
10703 + 1440
10704 # 1504
10704 - 1440 1
10704 + 1440
10705 # 1504
10705 - 1440 1
10705 + 1440
10706 # 1504
10706 - 1440 1
10707 # 1504
10707 + 1440
10708 # 1504
10708 - 1440 1
10708 + 1440
10709 # 1504
10709 - 1440 1
10709 + 1440
10710 # 1504
10710 - 1440 1
10710 + 1440
10710 + 88
10711 # 1504
10711 - 1440 1
10711 + 1440
10712 # 1504
10712 - 88 2
10712 - 1440 1
10712 + 1440
10713 # 1504
10713 - 1440 1
10713 + 1440
10714 # 1504
10714 - 1440 1
10714 + 1440
10715 # 1504
10715 - 1440 1
10715 + 1440
10716 # 1504
10716 - 1440 1
10716 + 1440
10717 # 1504
10717 - 1440 1
10717 + 1440
10718 # 1504
10718 - 1440 1
10718 + 1440
10719 # 1504
10719 - 1440 1
10719 + 1440
10720 # 1504
10720 - 1440 1
10720 + 1440
10720 + 88
10721 # 1504
10721 - 1440 1
10721 + 1440
10722 # 1504
10722 - 88 2
10722 - 1440 1
10722 + 1440
10723 # 1504
10723 - 1440 1
10723 + 1440
10724 # 1504
10724 - 1440 1
10724 + 1440
10725 # 1504
10725 - 1440 1
10725 + 1440
10726 # 1504
10726 - 1440 1
10726 + 1440
10727 # 1504
10727 - 1440 1
10727 + 1440
10728 # 1504
10728 - 1440 1
10728 + 1440
10729 # 1504
10729 - 1440 1
10729 + 1440
10730 # 1504
10730 - 1440 1
10730 + 1440
10731 # 1504
10731 - 1440 1
10731 + 1440
10731 + 88
10732 # 1504
10732 - 1440 1
10732 + 1440
10733 # 1504
10733 - 88 2
10733 - 1440 1
10733 + 1440
10734 # 1504
10734 - 1440 1
10734 + 1440
10735 # 1504
10735 - 1440 1
10735 + 1440
10736 # 1504
10736 - 1440 1
10736 + 1440
10737 # 1504
10737 - 1440 1
10737 + 1440
10738 # 1504
10738 - 1440 1
10738 + 1440
10739 # 1504
10739 - 1440 1
10739 + 1440
10740 # 1504
10740 - 1440 1
10740 + 1440
10741 # 1504
10741 - 1440 1
10741 + 1440
10742 # 1504
10742 - 1440 1
10742 + 88
10742 + 1440
10743 # 1504
10743 - 88 1
10743 + 1440
10744 # 1504
10744 - 1440 2
10744 - 1440 1
10744 + 1440
10745 # 1504
10745 - 1440 1
10746 # 1504
10746 + 1440
10747 # 1504
10747 - 1440 1
10747 + 1440
10748 # 1504
10748 - 1440 1
10748 + 1440
10749 # 1504
10749 - 1440 1
10749 + 1440
10750 # 1504
10750 - 1440 1
10750 + 1440
10751 # 1504
10751 - 1440 1
10751 + 1440
10752 # 1504
10752 - 1440 1
10752 + 1440
10752 + 88
10753 # 1504
10753 - 1440 1
10753 + 1440
10754 # 1504
10754 - 88 2
10754 - 1440 1
10754 + 1440
10755 # 1504
10755 - 1440 1
10755 + 1440
10756 # 1504
10756 - 1440 1
10756 + 1440
10757 # 1504
10757 - 1440 1
10757 + 1440
10758 # 1504
10758 - 1440 1
10759 # 1504
10759 + 1440
10760 # 1504
10760 - 1440 1
10760 + 1440
10761 # 1504
10761 - 1440 1
10761 + 1440
10762 # 1504
10762 - 1440 1
10762 + 1440
10762 + 88
10763 # 1504
10763 - 1440 1
10763 + 1440
10764 # 1504
10764 - 88 2
10764 - 1440 1
10764 + 1096
10765 # 1504
10765 - 1096 1
10765 + 1440
10766 # 1504
10766 - 1440 1
10766 + 1440
10766 + 88
10767 # 1504
10767 - 1440 1
10767 + 1440
10768 # 1504
10768 - 88 2
10768 - 1440 1
10768 + 1440
10769 # 1504
10769 - 1440 1
10769 + 1440
10770 # 1504
10770 - 1440 1
10770 + 1440
10771 # 1504
10771 - 1440 1
10771 + 1440
10772 # 1504
10772 - 1440 1
10772 + 1440
10773 # 1504
10773 - 1440 1
10773 + 1440
10774 # 1504
10774 - 1440 1
10774 + 1440
10775 # 1504
10775 - 1440 1
10775 + 1440
10776 # 1504
10776 - 1440 1
10776 + 1440
10776 + 88
10777 # 1504
10777 - 1440 1
10777 + 1440
10778 # 1504
10778 - 88 2
10778 - 1440 1
10778 + 1440
10779 # 1504
10779 - 1440 1
10779 + 1440
10780 # 1504
10780 - 1440 1
10780 + 1440
10781 # 1504
10781 - 1440 1
10781 + 1440
10782 # 1504
10782 - 1440 1
10782 + 1440
10783 # 1504
10783 - 1440 1
10783 + 1440
10784 # 1504
10784 - 1440 1
10784 + 1440
10785 # 1504
10785 - 1440 1
10786 # 1504
10786 + 1440
10787 # 1504
10787 - 1440 1
10787 + 1440
10787 + 88
10788 # 1504
10788 - 1440 1
10788 + 1440
10789 # 1504
10789 - 88 2
10789 - 1440 1
10789 + 1440
10790 # 1504
10790 - 1440 1
10790 + 1440
10791 # 1504
10791 - 1440 1
10791 + 1440
10792 # 1504
10792 - 1440 1
10792 + 1440
10793 # 1504
10793 - 1440 1
10793 + 1440
10794 # 1504
10794 - 1440 1
10794 + 1440
10795 # 1504
10795 - 1440 1
10795 + 1440
10796 # 1504
10796 - 1440 1
10797 # 1504
10797 + 1440
10798 # 1504
10798 - 1440 1
10798 + 1440
10799 # 1504
10799 - 1440 1
10799 + 1440
10799 + 88
10800 # 1504
10800 - 1440 1
10800 + 1440
10801 # 1504
10801 - 88 2
10801 - 1440 1
10801 + 1440
10802 # 1504
10802 - 1440 1
10802 + 1440
10803 # 1504
10803 - 1440 1
10803 + 1440
10804 # 1504
10804 - 1440 1
10804 + 1440
10805 # 1504
10805 - 1440 1
10805 + 1440
10806 # 1504
10806 - 1440 1
10806 + 1440
10807 # 1504
10807 - 1440 1
10807 + 1440
10808 # 1504
10808 - 1440 1
10808 + 1440
10809 # 1504
10809 - 1440 1
10809 + 1440
10810 # 1504
10810 - 1440 1
10810 + 88
10811 # 1504
10811 - 88 1
10811 + 1440
10812 # 1504
10812 - 1440 1
10812 + 1440
10813 # 1504
10813 - 1440 1
10813 + 1440
10814 # 1504
10814 - 1440 1
10814 + 1440
10815 # 1504
10815 - 1440 1
10815 + 1440
10816 # 1504
10816 - 1440 1
10816 + 1440
10817 # 1504
10817 - 1440 1
10817 + 1440
10818 # 1504
10818 - 1440 1
10818 + 1440
10819 # 1504
10819 - 1440 1
10819 + 1440
10820 # 1504
10820 - 1440 1
10820 + 1440
10820 + 88
10821 # 1504
10821 - 1440 1
10821 + 1440
10822 # 1504
10822 - 88 2
10822 - 1440 1
10822 + 1440
10823 # 1504
10823 - 1440 1
10823 + 1440
10824 # 1504
10824 - 1440 1
10824 + 1440
10825 # 1504
10825 - 1440 1
10825 + 1440
10826 # 1504
10826 - 1440 1
10826 + 1440
10827 # 1504
10827 - 1440 1
10827 + 1440
10828 # 1504
10828 - 1440 1
10828 + 1440
10829 # 1504
10829 - 1440 1
10829 + 1440
10830 # 1504
10830 - 1440 1
10830 + 1440
10831 # 1504
10831 - 1440 1
10831 + 88
10831 + 1440
10832 # 1504
10832 - 88 1
10832 + 1440
10833 # 1504
10833 - 1440 2
10833 - 1440 1
10833 + 1440
10834 # 1504
10834 - 1440 1
10835 # 1504
10835 + 1440
10836 # 1504
10836 - 1440 1
10836 + 1440
10837 # 1504
10837 - 1440 1
10837 + 1440
10838 # 1504
10838 - 1440 1
10838 + 1440
10839 # 1504
10839 - 1440 1
10839 + 1440
10840 # 1504
10840 - 1440 1
10840 + 1440
10841 # 1504
10841 - 1440 1
10841 + 1440
10841 + 88
10842 # 1504
10842 - 1440 1
10842 + 1096
10843 # 1504
10843 - 88 2
10843 - 1096 1
10843 + 1440
10844 # 1504
10844 - 1440 1
10844 + 1440
10844 + 88
10845 # 1504
10845 - 1440 1
10845 + 1440
10846 # 1504
10846 - 88 2
10846 - 1440 1
10846 + 1440
10847 # 1504
10847 - 1440 1
10847 + 1440
10848 # 1504
10848 - 1440 1
10848 + 1440
10849 # 1504
10849 - 1440 1
10849 + 1440
10850 # 1504
10850 - 1440 1
10850 + 1440
10851 # 1504
10851 - 1440 1
10851 + 1440
10852 # 1504
10852 - 1440 1
10852 + 1440
10853 # 1504
10853 - 1440 1
10853 + 1440
10854 # 1504
10854 - 1440 1
10854 + 1440
10855 # 1504
10855 - 1440 1
10855 + 1440
10855 + 88
10856 # 1504
10856 - 1440 1
10856 + 1440
10857 # 1504
10857 - 88 2
10857 - 1440 1
10857 + 1440
10858 # 1504
10858 - 1440 1
10858 + 1440
10859 # 1504
10859 - 1440 1
10859 + 1440
10860 # 1504
10860 - 1440 1
10860 + 1440
10861 # 1504
10861 - 1440 1
10861 + 1440
10862 # 1504
10862 - 1440 1
10862 + 1440
10863 # 1504
10863 - 1440 1
10863 + 1440
10864 # 1504
10864 - 1440 1
10864 + 1440
10865 # 1504
10865 - 1440 1
10865 + 1440
10866 # 1504
10866 - 1440 1
10866 + 1440
10866 + 88
10866 + 1440
10867 # 1504
10867 - 1440 1
10867 + 1440
10868 # 1504
10868 - 88 2
10868 - 1440 2
10868 + 1440
10869 # 1504
10869 - 1440 2
10869 + 1440
10870 # 1504
10870 - 1440 2
10870 + 1440
10871 # 1504
10871 - 1440 2
10871 + 1440
10872 # 1504
10872 - 1440 2
10872 + 1440
10873 # 1504
10873 - 1440 2
10873 + 1440
10874 # 1504
10874 - 1440 2
10874 + 1440
10875 # 1504
10875 - 1440 2
10875 + 1440
10876 # 1504
10876 - 1440 2
10876 + 1440
10876 + 88
10877 # 1504
10877 - 1440 2
10877 + 1440
10878 # 1504
10878 - 1440 2
10878 - 88 2
10878 + 1440
10879 # 1504
10879 - 1440 2
10879 + 1440
10880 # 1504
10880 - 1440 2
10880 + 1440
10881 # 1504
10881 - 1440 2
10881 + 1440
10882 # 1504
10882 - 1440 2
10882 + 1440
10883 # 1504
10883 - 1440 2
10883 + 1440
10884 # 1504
10884 - 1440 2
10884 + 1440
10885 # 1504
10885 - 1440 2
10885 + 1440
10886 # 1504
10886 - 1440 2
10886 + 1440
10887 # 1504
10887 - 1440 2
10887 + 1440
10887 + 88
10887 + 1440
10888 # 1504
10888 - 1440 2
10888 + 1440
10889 # 1504
10889 - 1440 2
10889 - 88 2
10889 + 1440
10890 # 1504
10890 - 1440 3
10890 + 1440
10891 # 1504
10891 - 1440 3
10891 + 1440
10892 # 1504
10892 - 1440 3
10892 + 1440
10893 # 1504
10893 - 1440 3
10893 - 1440 2
10893 + 1440
10894 # 1504
10894 - 1440 2
10894 + 1440
10895 # 1504
10895 - 1440 2
10895 + 1440
10896 # 1504
10896 - 1440 2
10896 + 1440
10897 # 1504
10897 - 1440 2
10897 + 1440
10898 # 1504
10898 - 1440 2
10898 + 88
10898 + 1440
10899 # 1504
10899 - 1440 2
10899 - 88 1
10899 + 1440
10900 # 1504
10900 - 1440 2
10901 # 1504
10901 - 1440 2
10901 + 1440
10902 # 1504
10902 - 1440 1
10902 + 1440
10903 # 1504
10903 - 1440 1
10903 + 1440
10904 # 1504
10904 - 1440 1
10904 + 1440
10905 # 1504
10905 - 1440 1
10905 + 1440
10906 # 1504
10906 - 1440 1
10906 + 1440
10907 # 1504
10907 - 1440 1
10907 + 1440
10908 # 1504
10908 - 1440 1
10908 + 1440
10908 + 88
10909 # 1504
10909 - 1440 1
10909 + 1440
10910 # 1504
10910 - 88 2
10910 - 1440 1
10910 + 1440
10911 # 1504
10911 - 1440 1
10911 + 1440
10912 # 1504
10912 - 1440 1
10912 + 1440
10912 + 1440
10913 # 1504
10913 - 1440 1
10914 # 1504
10914 - 1440 2
10914 + 1440
10914 + 1096
10915 # 1504
10915 - 1440 1
10915 + 1440
10916 # 1504
10916 - 1096 2
10916 + 1440
10917 # 1504
10917 - 1440 2
10918 # 1504
10918 - 1440 2
10918 + 1440
10918 + 88
10919 # 1504
10919 - 1440 1
10919 + 1440
10920 # 1504
10920 - 88 2
10920 - 1440 1
10920 + 1440
10921 # 1504
10921 - 1440 1
10921 + 1440
10922 # 1504
10922 - 1440 1
10922 + 1440
10923 # 1504
10923 - 1440 1
10923 + 1440
10924 # 1504
10924 - 1440 1
10924 + 1440
10925 # 1504
10925 - 1440 1
10925 + 1440
10926 # 1504
10926 - 1440 1
10926 + 1440
10927 # 1504
10927 - 1440 1
10927 + 1440
10928 # 1504
10928 - 1440 1
10928 + 1440
10928 + 88
10929 # 1504
10929 - 1440 1
10929 + 1440
10930 # 1504
10930 - 88 2
10930 - 1440 1
10930 + 1440
10931 # 1504
10931 - 1440 1
10931 + 1440
10932 # 1504
10932 - 1440 1
10932 + 1440
10933 # 1504
10933 - 1440 1
10933 + 1440
10934 # 1504
10934 - 1440 1
10934 + 1440
10935 # 1504
10935 - 1440 1
10935 + 1440
10936 # 1504
10936 - 1440 1
10936 + 1440
10937 # 1504
10937 - 1440 1
10937 + 1440
10938 # 1504
10938 - 1440 1
10938 + 1440
10939 # 1504
10939 - 1440 1
10939 + 1440
10939 + 88
10940 # 1504
10940 - 1440 1
10940 + 1440
10941 # 1504
10941 - 88 2
10941 - 1440 1
10941 + 1440
10942 # 1504
10942 - 1440 1
10942 + 1440
10942 + 1440
10943 # 1504
10943 - 1440 1
10944 # 1504
10944 - 1440 2
10944 + 1440
10945 # 1504
10945 - 1440 1
10945 + 1440
10945 + 1440
10946 # 1504
10946 - 1440 1
10947 # 1504
10947 - 1440 2
10947 + 1440
10948 # 1504
10948 - 1440 1
10948 + 1440
10949 # 1504
10949 - 1440 1
10949 + 1440
10949 + 88
10950 # 1504
10950 - 1440 1
10950 + 1440
10951 # 1504
10951 - 88 2
10951 - 1440 1
10951 + 1440
10952 # 1504
10952 - 1440 1
10952 + 1440
10953 # 1504
10953 - 1440 1
10953 + 1440
10954 # 1504
10954 - 1440 1
10954 + 1440
10955 # 1504
10955 - 1440 1
10955 + 1440
10956 # 1504
10956 - 1440 1
10956 + 1440
10957 # 1504
10957 - 1440 1
10957 + 1440
10958 # 1504
10958 - 1440 1
10958 + 1440
10959 # 1504
10959 - 1440 1
10959 + 1440
10959 + 88
10960 # 1504
10960 - 1440 1
10960 + 1440
10961 # 1504
10961 - 88 2
10961 - 1440 1
10961 + 1440
10962 # 1504
10962 - 1440 1
10962 + 1440
10963 # 1504
10963 - 1440 1
10963 + 1440
10964 # 1504
10964 - 1440 1
10964 + 1440
10965 # 1504
10965 - 1440 1
10965 + 1440
10966 # 1504
10966 - 1440 1
10966 + 1440
10967 # 1504
10967 - 1440 1
10967 + 1440
10968 # 1504
10968 - 1440 1
10968 + 1440
10969 # 1504
10969 - 1440 1
10969 + 1440
10970 # 1504
10970 - 1440 1
10970 + 1440
10970 + 88
10970 + 1440
10971 # 1504
10971 - 1440 1
10971 + 1440
10972 # 1504
10972 - 88 2
10972 - 1440 2
10972 + 1440
10973 # 1504
10973 - 1440 2
10973 + 1440
10974 # 1504
10974 - 1440 2
10974 + 1440
10975 # 1504
10975 - 1440 2
10975 + 1440
10976 # 1504
10976 - 1440 2
10976 + 1440
10977 # 1504
10977 - 1440 2
10977 + 1440
10978 # 1504
10978 - 1440 2
10978 + 1440
10979 # 1504
10979 - 1440 2
10979 + 1440
10980 # 1504
10980 - 1440 2
10980 + 1440
10980 + 88
10981 # 1504
10981 - 1440 2
10981 + 1440
10982 # 1504
10982 - 1440 2
10982 - 88 2
10982 + 1440
10983 # 1504
10983 - 1440 2
10983 + 1440
10983 + 1440
10984 # 1504
10984 - 1440 2
10984 + 1440
10985 # 1504
10985 - 1440 2
10985 + 1440
10986 # 1504
10986 - 1440 3
10986 + 1440
10987 # 1504
10987 - 1440 3
10987 + 1096
10988 # 1504
10988 - 1440 3
10988 + 1440
10989 # 1504
10989 - 1440 3
10989 + 1440
10990 # 1504
10990 - 1096 3
10990 - 1440 2
10990 + 1440
10991 # 1504
10991 - 1440 2
10991 + 88
10991 + 1440
10992 # 1504
10992 - 1440 2
10992 - 88 1
10992 + 88
10992 + 1440
10993 # 1504
10993 - 1440 2
10993 - 88 1
10993 + 1440
10994 # 1504
10994 - 1440 2
10994 + 1440
10995 # 1504
10995 - 1440 2
10995 + 1440
10996 # 1504
10996 - 1440 2
10996 + 1440
10997 # 1504
10997 - 1440 2
10997 + 1440
10998 # 1504
10998 - 1440 2
10998 + 1440
10999 # 1504
10999 - 1440 2
10999 + 1440
11000 # 1504
11000 - 1440 2
11000 + 1440
11001 # 1504
11001 - 1440 2
11001 + 1440
11002 # 1504
11002 - 1440 2
11002 + 1440
11002 + 88
11003 # 1504
11003 - 1440 2
11003 + 1440
11004 # 1504
11004 - 1440 2
11004 - 88 2
11004 + 1440
11005 # 1504
11005 - 1440 2
11005 + 1440
11006 # 1504
11006 - 1440 2
11006 + 1440
11007 # 1504
11007 - 1440 2
11007 + 1440
11008 # 1504
11008 - 1440 2
11008 + 1440
11009 # 1504
11009 - 1440 2
11009 + 1440
11010 # 1504
11010 - 1440 2
11010 + 1440
11011 # 1504
11011 - 1440 2
11011 + 1440
11012 # 1504
11012 - 1440 2
11012 + 1440
11013 # 1504
11013 - 1440 2
11013 + 1440
11013 + 88
11014 # 1504
11014 - 1440 2
11014 + 1440
11015 # 1504
11015 - 1440 2
11015 - 88 2
11015 + 1440
11016 # 1504
11016 - 1440 2
11016 + 1440
11017 # 1504
11017 - 1440 2
11017 + 1440
11018 # 1504
11018 - 1440 2
11018 - 1440 1
11018 + 1440
11019 # 1504
11019 - 1440 1
11019 + 1440
11020 # 1504
11020 - 1440 1
11020 + 1440
11021 # 1504
11021 - 1440 1
11021 + 1440
11022 # 1504
11022 - 1440 1
11022 + 1440
11023 # 1504
11023 - 1440 1
11023 + 1440
11024 # 1504
11024 - 1440 1
11024 + 88
11024 + 1440
11025 # 1504
11025 - 88 1
11025 + 1440
11026 # 1504
11026 - 1440 2
11026 - 1440 1
11026 + 1440
11027 # 1504
11027 - 1440 1
11027 + 1440
11028 # 1504
11028 - 1440 1
11028 + 1440
11029 # 1504
11029 - 1440 1
11029 + 1440
11030 # 1504
11030 - 1440 1
11030 + 1440
11031 # 1504
11031 - 1440 1
11031 + 1440
11032 # 1504
11032 - 1440 1
11032 + 1440
11033 # 1504
11033 - 1440 1
11033 + 1440
11034 # 1504
11034 - 1440 1
11034 + 1440
11034 + 88
11035 # 1504
11035 - 1440 1
11035 + 1440
11036 # 1504
11036 - 88 2
11036 - 1440 1
11036 + 1440
11037 # 1504
11037 - 1440 1
11037 + 1440
11038 # 1504
11038 - 1440 1
11038 + 1440
11039 # 1504
11039 - 1440 1
11039 + 1440
11040 # 1504
11040 - 1440 1
11040 + 1440
11041 # 1504
11041 - 1440 1
11041 + 1440
11042 # 1504
11042 - 1440 1
11042 + 1440
11043 # 1504
11043 - 1440 1
11043 + 1440
11044 # 1504
11044 - 1440 1
11045 # 1504
11045 + 1440
11045 + 88
11046 # 1504
11046 - 1440 1
11046 + 1440
11047 # 1504
11047 - 88 2
11047 - 1440 1
11047 + 1440
11048 # 1504
11048 - 1440 1
11048 + 1440
11049 # 1504
11049 - 1440 1
11049 + 1440
11050 # 1504
11050 - 1440 1
11050 + 1440
11051 # 1504
11051 - 1440 1
11051 + 1440
11052 # 1504
11052 - 1440 1
11052 + 1440
11053 # 1504
11053 - 1440 1
11053 + 1440
11054 # 1504
11054 - 1440 1
11054 + 1440
11055 # 1504
11055 - 1440 1
11055 + 1440
11055 + 88
11056 # 1504
11056 - 1440 1
11056 + 1440
11057 # 1504
11057 - 88 2
11057 - 1440 1
11057 + 1440
11058 # 1504
11058 - 1440 1
11058 + 1440
11059 # 1504
11059 - 1440 1
11059 + 1440
11060 # 1504
11060 - 1440 1
11060 + 1440
11061 # 1504
11061 - 1440 1
11061 + 1440
11062 # 1504
11062 - 1440 1
11062 + 1096
11063 # 1504
11063 - 1096 1
11063 + 1440
11064 # 1504
11064 - 1440 1
11064 + 1440
11064 + 88
11065 # 1504
11065 - 1440 1
11065 + 1440
11066 # 1504
11066 - 88 2
11066 - 1440 1
11066 + 1440
11067 # 1504
11067 - 1440 1
11067 + 1440
11068 # 1504
11068 - 1440 1
11068 + 1440
11069 # 1504
11069 - 1440 1
11069 + 1440
11070 # 1504
11070 - 1440 1
11071 # 1504
11071 + 1440
11072 # 1504
11072 - 1440 1
11072 + 1440
11073 # 1504
11073 - 1440 1
11073 + 1440
11074 # 1504
11074 - 1440 1
11074 + 1440
11075 # 1504
11075 - 1440 1
11075 + 1440
11075 + 88
11076 # 1504
11076 - 1440 1
11076 + 1440
11077 # 1504
11077 - 88 2
11077 - 1440 1
11077 + 1440
11078 # 1504
11078 - 1440 1
11078 + 1440
11079 # 1504
11079 - 1440 1
11079 + 1440
11080 # 1504
11080 - 1440 1
11081 # 1504
11081 + 1440
11082 # 1504
11082 - 1440 1
11082 + 1440
11083 # 1504
11083 - 1440 1
11083 + 1440
11084 # 1504
11084 - 1440 1
11084 + 1440
11085 # 1504
11085 - 1440 1
11085 + 1440
11085 + 88
11086 # 1504
11086 - 1440 1
11086 + 1440
11087 # 1504
11087 - 88 2
11087 - 1440 1
11088 # 1504
11088 + 1440
11089 # 1504
11089 - 1440 1
11089 + 1440
11090 # 1504
11090 - 1440 1
11090 + 1440
11091 # 1504
11091 - 1440 1
11091 + 1440
11092 # 1504
11092 - 1440 1
11093 # 1504
11093 + 1440
11094 # 1504
11094 - 1440 1
11094 + 1440
11095 # 1504
11095 - 1440 1
11095 + 1440
11096 # 1504
11096 - 1440 1
11096 + 1440
11096 + 88
11097 # 1504
11097 - 1440 1
11098 # 1504
11098 - 88 2
11098 + 1440
11099 # 1504
11099 - 1440 1
11099 + 1440
11100 # 1504
11100 - 1440 1
11100 + 1440
11101 # 1504
11101 - 1440 1
11101 + 1440
11102 # 1504
11102 - 1440 1
11102 + 1440
11103 # 1504
11103 - 1440 1
11104 # 1504
11104 + 1440
11105 # 1504
11105 - 1440 1
11105 + 1440
11106 # 1504
11106 - 1440 1
11106 + 1440
11107 # 1504
11107 - 1440 1
11107 + 1440
11107 + 88
11108 # 1504
11108 - 1440 1
11108 + 1440
11109 # 1504
11109 - 88 2
11109 - 1440 1
11109 + 1440
11110 # 1504
11110 - 1440 1
11110 + 1440
11111 # 1504
11111 - 1440 1
11111 + 1440
11112 # 1504
11112 - 1440 1
11113 # 1504
11113 + 1440
11114 # 1504
11114 - 1440 1
11114 + 1440
11115 # 1504
11115 - 1440 1
11115 + 1440
11116 # 1504
11116 - 1440 1
11116 + 1440
11117 # 1504
11117 - 1440 1
11117 + 1440
11117 + 88
11118 # 1504
11118 - 1440 1
11118 + 1440
11119 # 1504
11119 - 88 2
11119 - 1440 1
11120 # 1504
11120 + 1440
11121 # 1504
11121 - 1440 1
11121 + 1440
11122 # 1504
11122 - 1440 1
11122 + 1440
11123 # 1504
11123 - 1440 1
11123 + 1440
11124 # 1504
11124 - 1440 1
11124 + 1440
11125 # 1504
11125 - 1440 1
11125 + 1440
11126 # 1504
11126 - 1440 1
11126 + 1440
11127 # 1504
11127 - 1440 1
11127 + 1440
11128 # 1504
11128 - 1440 1
11128 + 1440
11128 + 88
11129 # 1504
11129 - 1440 1
11129 + 1440
11130 # 1504
11130 - 88 2
11130 - 1440 1
11130 + 1440
11131 # 1504
11131 - 1440 1
11131 + 1440
11132 # 1504
11132 - 1440 1
11133 # 1504
11133 + 1440
11134 # 1504
11134 - 1440 1
11134 + 1440
11135 # 1504
11135 - 1440 1
11135 + 1440
11136 # 1504
11136 - 1440 1
11136 + 1440
11137 # 1504
11137 - 1440 1
11137 + 1440
11138 # 1504
11138 - 1440 1
11138 + 1440
11139 # 1504
11139 - 1440 1
11140 # 1504
11140 + 1440
11140 + 88
11141 # 1504
11141 - 1440 1
11141 + 1440
11142 # 1504
11142 - 88 2
11142 - 1440 1
11142 + 1440
11143 # 1504
11143 - 1440 1
11143 + 1440
11144 # 1504
11144 - 1440 1
11144 + 1440
11145 # 1504
11145 - 1440 1
11145 + 1440
11146 # 1504
11146 - 1440 1
11147 # 1504
11147 + 1096
11148 # 1504
11148 - 1096 1
11148 + 1440
11149 # 1504
11149 - 1440 1
11149 + 1440
11149 + 88
11150 # 1504
11150 - 1440 1
11150 + 1440
11151 # 1504
11151 - 88 2
11151 - 1440 1
11151 + 1440
11152 # 1504
11152 - 1440 1
11152 + 1440
11153 # 1504
11153 - 1440 1
11153 + 1440
11154 # 1504
11154 - 1440 1
11154 + 1440
11155 # 1504
11155 - 1440 1
11155 + 1440
11156 # 1504
11156 - 1440 1
11156 + 1440
11157 # 1504
11157 - 1440 1
11157 + 1440
11158 # 1504
11158 - 1440 1
11159 # 1504
11159 + 1440
11160 # 1504
11160 - 1440 1
11160 + 1440
11160 + 88
11161 # 1504
11161 - 1440 1
11161 + 1440
11162 # 1504
11162 - 88 2
11162 - 1440 1
11162 + 1440
11163 # 1504
11163 - 1440 1
11163 + 1440
11164 # 1504
11164 - 1440 1
11165 # 1504
11165 + 1440
11166 # 1504
11166 - 1440 1
11166 + 1440
11167 # 1504
11167 - 1440 1
11167 + 1440
11168 # 1504
11168 - 1440 1
11168 + 1440
11169 # 1504
11169 - 1440 1
11169 + 1440
11170 # 1504
11170 - 1440 1
11170 + 1440
11171 # 1504
11171 - 1440 1
11171 + 88
11172 # 1504
11172 - 88 1
11172 + 1440
11173 # 1504
11173 - 1440 1
11173 + 1440
11174 # 1504
11174 - 1440 1
11174 + 1440
11175 # 1504
11175 - 1440 1
11175 + 1440
11176 # 1504
11176 - 1440 1
11176 + 1440
11177 # 1504
11177 - 1440 1
11177 + 1440
11178 # 1504
11178 - 1440 1
11178 + 1440
11179 # 1504
11179 - 1440 1
11179 + 1440
11180 # 1504
11180 - 1440 1
11181 # 1504
11181 + 1440
11181 + 88
11182 # 1504
11182 - 1440 1
11182 + 1440
11183 # 1504
11183 - 88 2
11183 - 1440 1
11183 + 1440
11184 # 1504
11184 - 1440 1
11184 + 1440
11185 # 1504
11185 - 1440 1
11185 + 1440
11186 # 1504
11186 - 1440 1
11187 # 1504
11187 + 1440
11188 # 1504
11188 - 1440 1
11188 + 1440
11189 # 1504
11189 - 1440 1
11189 + 1440
11190 # 1504
11190 - 1440 1
11190 + 1440
11191 # 1504
11191 - 1440 1
11191 + 1440
11191 + 88
11192 # 1504
11192 - 1440 1
11192 + 1440
11193 # 1504
11193 - 88 2
11193 - 1440 1
11193 + 1440
11194 # 1504
11194 - 1440 1
11195 # 1504
11195 + 1440
11196 # 1504
11196 - 1440 1
11196 + 1440
11197 # 1504
11197 - 1440 1
11197 + 1440
11198 # 1504
11198 - 1440 1
11198 + 1440
11199 # 1504
11199 - 1440 1
11199 + 1440
11200 # 1504
11200 - 1440 1
11200 + 1440
11201 # 1504
11201 - 1440 1
11201 + 1440
11202 # 1504
11202 - 1440 1
11202 + 1440
11202 + 88
11203 # 1504
11203 - 1440 1
11203 + 1440
11204 # 1504
11204 - 88 2
11204 - 1440 1
11204 + 1440
11205 # 1504
11205 - 1440 1
11205 + 1440
11206 # 1504
11206 - 1440 1
11207 # 1504
11207 + 1440
11208 # 1504
11208 - 1440 1
11208 + 1440
11209 # 1504
11209 - 1440 1
11209 + 1440
11210 # 1504
11210 - 1440 1
11210 + 1440
11211 # 1504
11211 - 1440 1
11211 + 1440
11212 # 1504
11212 - 1440 1
11212 + 1440
11213 # 1504
11213 - 1440 1
11213 + 1440
11213 + 88
11214 # 1504
11214 - 1440 1
11214 + 1440
11215 # 1504
11215 - 88 2
11215 - 1440 1
11215 + 1440
11216 # 1504
11216 - 1440 1
11216 + 1440
11217 # 1504
11217 - 1440 1
11217 + 1440
11218 # 1504
11218 - 1440 1
11218 + 1440
11219 # 1504
11219 - 1440 1
11219 + 1440
11220 # 1504
11220 - 1440 1
11220 + 1440
11221 # 1504
11221 - 1440 1
11221 + 1440
11222 # 1504
11222 - 1440 1
11222 + 1440
11223 # 1504
11223 - 1440 1
11223 + 1440
11223 + 88
11224 # 1504
11224 - 1440 1
11224 + 1440
11225 # 1504
11225 - 88 2
11225 - 1440 1
11225 + 1440
11226 # 1504
11226 - 1440 1
11227 # 1504
11227 + 1440
11228 # 1504
11228 - 1440 1
11228 + 1440
11229 # 1504
11229 - 1440 1
11229 + 1096
11230 # 1504
11230 - 1096 1
11230 + 1440
11231 # 1504
11231 - 1440 1
11231 + 1440
11231 + 88
11232 # 1504
11232 - 1440 1
11232 + 1440
11233 # 1504
11233 - 88 2
11233 - 1440 1
11233 + 1440
11234 # 1504
11234 - 1440 1
11234 + 1440
11235 # 1504
11235 - 1440 1
11236 # 1504
11236 + 1440
11237 # 1504
11237 - 1440 1
11237 + 1440
11238 # 1504
11238 - 1440 1
11238 + 1440
11239 # 1504
11239 - 1440 1
11239 + 1440
11240 # 1504
11240 - 1440 1
11240 + 1440
11241 # 1504
11241 - 1440 1
11241 + 1440
11242 # 1504
11242 - 1440 1
11242 + 1440
11242 + 88
11243 # 1504
11243 - 1440 1
11243 + 1440
11244 # 1504
11244 - 88 2
11244 - 1440 1
11244 + 1440
11245 # 1504
11245 - 1440 1
11245 + 1440
11246 # 1504
11246 - 1440 1
11246 + 1440
11247 # 1504
11247 - 1440 1
11247 + 1440
11248 # 1504
11248 - 1440 1
11248 + 1440
11249 # 1504
11249 - 1440 1
11249 + 1440
11250 # 1504
11250 - 1440 1
11250 + 1440
11251 # 1504
11251 - 1440 1
11251 + 1440
11252 # 1504
11252 - 1440 1
11252 + 1440
11252 + 1440
11253 # 1504
11253 - 1440 1
11253 + 88
11253 + 1440
11254 # 1504
11254 - 1440 2
11254 - 88 1
11254 + 1440
11255 # 1504
11255 - 1440 2
11255 + 1440
11256 # 1504
11256 - 1440 2
11256 + 1440
11257 # 1504
11257 - 1440 2
11258 # 1504
11258 - 1440 2
11258 + 1440
11259 # 1504
11259 - 1440 1
11259 + 1440
11260 # 1504
11260 - 1440 1
11260 + 1440
11261 # 1504
11261 - 1440 1
11261 + 1440
11262 # 1504
11262 - 1440 1
11262 + 1440
11263 # 1504
11263 - 1440 1
11263 + 1440
11263 + 88
11264 # 1504
11264 - 1440 1
11264 + 1440
11265 # 1504
11265 - 88 2
11265 - 1440 1
11265 + 1440
11266 # 1504
11266 - 1440 1
11266 + 1440
11267 # 1504
11267 - 1440 1
11267 + 1440
11268 # 1504
11268 - 1440 1
11268 + 1440
11269 # 1504
11269 - 1440 1
11269 + 1440
11270 # 1504
11270 - 1440 1
11270 + 1440
11271 # 1504
11271 - 1440 1
11271 + 1440
11272 # 1504
11272 - 1440 1
11272 + 1440
11273 # 1504
11273 - 1440 1
11273 + 1440
11274 # 1504
11274 - 1440 1
11274 + 88
11274 + 1440
11275 # 1504
11275 - 88 1
11275 + 1440
11276 # 1504
11276 - 1440 2
11276 - 1440 1
11276 + 1440
11277 # 1504
11277 - 1440 1
11277 + 1440
11278 # 1504
11278 - 1440 1
11278 + 1440
11279 # 1504
11279 - 1440 1
11280 # 1504
11280 + 1440
11281 # 1504
11281 - 1440 1
11281 + 1440
11282 # 1504
11282 - 1440 1
11282 + 1440
11283 # 1504
11283 - 1440 1
11283 + 1440
11284 # 1504
11284 - 1440 1
11284 + 1440
11284 + 88
11285 # 1504
11285 - 1440 1
11285 + 1440
11286 # 1504
11286 - 88 2
11286 - 1440 1
11286 + 1440
11287 # 1504
11287 - 1440 1
11287 + 1440
11288 # 1504
11288 - 1440 1
11288 + 1440
11289 # 1504
11289 - 1440 1
11289 + 1440
11290 # 1504
11290 - 1440 1
11290 + 1440
11291 # 1504
11291 - 1440 1
11291 + 1440
11292 # 1504
11292 - 1440 1
11292 + 1440
11293 # 1504
11293 - 1440 1
11293 + 1440
11294 # 1504
11294 - 1440 1
11295 # 1504
11295 + 1440
11295 + 88
11296 # 1504
11296 - 1440 1
11296 + 1440
11297 # 1504
11297 - 88 2
11297 - 1440 1
11297 + 1440
11298 # 1504
11298 - 1440 1
11298 + 1440
11299 # 1504
11299 - 1440 1
11299 + 1440
11300 # 1504
11300 - 1440 1
11300 + 1440
11301 # 1504
11301 - 1440 1
11301 + 1440
11302 # 1504
11302 - 1440 1
11302 + 1440
11303 # 1504
11303 - 1440 1
11303 + 1440
11304 # 1504
11304 - 1440 1
11305 # 1504
11305 + 1440
11305 + 88
11306 # 1504
11306 - 1440 1
11306 + 1440
11307 # 1504
11307 - 88 2
11307 - 1440 1
11307 + 1096
11308 # 1504
11308 - 1096 1
11308 + 1440
11309 # 1504
11309 - 1440 1
11309 + 1440
11309 + 88
11310 # 1504
11310 - 1440 1
11310 + 1440
11311 # 1504
11311 - 88 2
11311 - 1440 1
11311 + 1440
11312 # 1504
11312 - 1440 1
11312 + 1440
11313 # 1504
11313 - 1440 1
11313 + 1440
11314 # 1504
11314 - 1440 1
11314 + 1440
11315 # 1504
11315 - 1440 1
11315 + 1440
11316 # 1504
11316 - 1440 1
11316 + 1440
11317 # 1504
11317 - 1440 1
11317 + 1440
11318 # 1504
11318 - 1440 1
11318 + 1440
11319 # 1504
11319 - 1440 1
11319 + 1440
11320 # 1504
11320 - 1440 1
11320 + 88
11320 + 1440
11321 # 1504
11321 - 88 1
11321 + 1440
11322 # 1504
11322 - 1440 2
11322 - 1440 1
11322 + 1440
11323 # 1504
11323 - 1440 1
11323 + 1440
11324 # 1504
11324 - 1440 1
11325 # 1504
11325 + 1440
11326 # 1504
11326 - 1440 1
11326 + 1440
11327 # 1504
11327 - 1440 1
11327 + 1440
11328 # 1504
11328 - 1440 1
11328 + 1440
11329 # 1504
11329 - 1440 1
11329 + 1440
11330 # 1504
11330 - 1440 1
11330 + 1440
11331 # 1504
11331 - 1440 1
11331 + 88
11331 + 1440
11332 # 1504
11332 - 88 1
11333 # 1504
11333 - 1440 2
11333 + 1440
11334 # 1504
11334 - 1440 1
11334 + 1440
11335 # 1504
11335 - 1440 1
11335 + 1440
11336 # 1504
11336 - 1440 1
11336 + 1440
11337 # 1504
11337 - 1440 1
11337 + 1440
11338 # 1504
11338 - 1440 1
11338 + 1440
11339 # 1504
11339 - 1440 1
11340 # 1504
11340 + 1440
11341 # 1504
11341 - 1440 1
11341 + 1440
11342 # 1504
11342 - 1440 1
11342 + 1440
11342 + 88
11343 # 1504
11343 - 1440 1
11343 + 1440
11344 # 1504
11344 - 88 2
11344 - 1440 1
11344 + 1440
11345 # 1504
11345 - 1440 1
11345 + 1440
11346 # 1504
11346 - 1440 1
11346 + 1440
11347 # 1504
11347 - 1440 1
11347 + 1440
11348 # 1504
11348 - 1440 1
11348 + 1440
11349 # 1504
11349 - 1440 1
11349 + 1440
11350 # 1504
11350 - 1440 1
11350 + 1440
11351 # 1504
11351 - 1440 1
11351 + 1440
11352 # 1504
11352 - 1440 1
11353 # 1504
11353 + 1440
11353 + 88
11354 # 1504
11354 - 1440 1
11354 + 1440
11355 # 1504
11355 - 88 2
11355 - 1440 1
11355 + 1440
11356 # 1504
11356 - 1440 1
11356 + 1440
11357 # 1504
11357 - 1440 1
11357 + 1440
11358 # 1504
11358 - 1440 1
11358 + 1440
11359 # 1504
11359 - 1440 1
11359 + 1440
11360 # 1504
11360 - 1440 1
11360 + 1440
11361 # 1504
11361 - 1440 1
11361 + 1440
11362 # 1504
11362 - 1440 1
11362 + 1440
11363 # 1504
11363 - 1440 1
11363 + 1440
11364 # 1504
11364 - 1440 1
11364 + 88
11364 + 1440
11365 # 1504
11365 - 88 1
11365 + 1440
11366 # 1504
11366 - 1440 2
11366 - 1440 1
11366 + 1440
11367 # 1504
11367 - 1440 1
11367 + 1440
11368 # 1504
11368 - 1440 1
11368 + 1440
11369 # 1504
11369 - 1440 1
11369 + 1440
11370 # 1504
11370 - 1440 1
11370 + 1440
11371 # 1504
11371 - 1440 1
11371 + 1440
11372 # 1504
11372 - 1440 1
11372 + 1440
11373 # 1504
11373 - 1440 1
11373 + 88
11373 + 1440
11374 # 1504
11374 - 88 1
11375 # 1504
11375 - 1440 2
11375 + 1440
11376 # 1504
11376 - 1440 1
11376 + 1440
11377 # 1504
11377 - 1440 1
11377 + 1440
11378 # 1504
11378 - 1440 1
11378 + 1440
11379 # 1504
11379 - 1440 1
11379 + 1440
11380 # 1504
11380 - 1440 1
11380 + 1440
11381 # 1504
11381 - 1440 1
11381 + 1440
11382 # 1504
11382 - 1440 1
11382 + 1440
11383 # 1504
11383 - 1440 1
11384 # 1504
11384 + 1440
11384 + 88
11385 # 1504
11385 - 1440 1
11385 + 1440
11386 # 1504
11386 - 88 2
11386 - 1440 1
11386 + 1440
11387 # 1504
11387 - 1440 1
11387 + 1096
11388 # 1504
11388 - 1096 1
11388 + 1440
11389 # 1504
11389 - 1440 1
11389 + 1440
11389 + 88
11390 # 1504
11390 - 1440 1
11390 + 1440
11391 # 1504
11391 - 88 2
11391 - 1440 1
11391 + 1440
11392 # 1504
11392 - 1440 1
11392 + 1440
11393 # 1504
11393 - 1440 1
11393 + 1440
11394 # 1504
11394 - 1440 1
11394 + 1440
11395 # 1504
11395 - 1440 1
11395 + 1440
11396 # 1504
11396 - 1440 1
11396 + 1440
11397 # 1504
11397 - 1440 1
11397 + 1440
11398 # 1504
11398 - 1440 1
11398 + 1440
11399 # 1504
11399 - 1440 1
11399 + 1440
11400 # 1504
11400 - 1440 1
11400 + 88
11400 + 1440
11401 # 1504
11401 - 88 1
11402 # 1504
11402 - 1440 2
11402 + 1440
11403 # 1504
11403 - 1440 1
11403 + 1440
11404 # 1504
11404 - 1440 1
11404 + 1440
11405 # 1504
11405 - 1440 1
11405 + 1440
11406 # 1504
11406 - 1440 1
11406 + 1440
11407 # 1504
11407 - 1440 1
11407 + 1440
11408 # 1504
11408 - 1440 1
11408 + 1440
11409 # 1504
11409 - 1440 1
11409 + 1440
11410 # 1504
11410 - 1440 1
11410 + 1440
11410 + 88
11411 # 1504
11411 - 1440 1
11411 + 1440
11412 # 1504
11412 - 88 2
11412 - 1440 1
11412 + 1440
11413 # 1504
11413 - 1440 1
11413 + 1440
11414 # 1504
11414 - 1440 1
11414 + 1440
11415 # 1504
11415 - 1440 1
11415 + 1440
11416 # 1504
11416 - 1440 1
11416 + 1440
11417 # 1504
11417 - 1440 1
11417 + 1440
11418 # 1504
11418 - 1440 1
11418 + 1440
11419 # 1504
11419 - 1440 1
11419 + 1440
11420 # 1504
11420 - 1440 1
11421 # 1504
11421 + 1440
11421 + 88
11422 # 1504
11422 - 1440 1
11422 + 1440
11423 # 1504
11423 - 88 2
11423 - 1440 1
11423 + 1440
11424 # 1504
11424 - 1440 1
11424 + 1440
11425 # 1504
11425 - 1440 1
11425 + 1440
11426 # 1504
11426 - 1440 1
11426 + 1440
11427 # 1504
11427 - 1440 1
11427 + 1440
11428 # 1504
11428 - 1440 1
11428 + 1440
11429 # 1504
11429 - 1440 1
11429 + 1440
11430 # 1504
11430 - 1440 1
11430 + 1440
11431 # 1504
11431 - 1440 1
11431 + 1440
11431 + 88
11432 # 1504
11432 - 1440 1
11432 + 1440
11433 # 1504
11433 - 88 2
11433 - 1440 1
11433 + 1440
11434 # 1504
11434 - 1440 1
11434 + 1440
11435 # 1504
11435 - 1440 1
11435 + 1440
11436 # 1504
11436 - 1440 1
11436 + 1440
11437 # 1504
11437 - 1440 1
11437 + 1440
11438 # 1504
11438 - 1440 1
11438 + 1440
11439 # 1504
11439 - 1440 1
11439 + 1440
11440 # 1504
11440 - 1440 1
11440 + 1440
11441 # 1504
11441 - 1440 1
11441 + 1440
11442 # 1504
11442 - 1440 1
11442 + 1440
11442 + 88
11443 # 1504
11443 - 1440 1
11443 + 1440
11444 # 1504
11444 - 88 2
11444 - 1440 1
11444 + 1440
11445 # 1504
11445 - 1440 1
11445 + 1440
11446 # 1504
11446 - 1440 1
11446 + 1440
11447 # 1504
11447 - 1440 1
11447 + 1440
11448 # 1504
11448 - 1440 1
11448 + 1440
11449 # 1504
11449 - 1440 1
11449 + 1440
11450 # 1504
11450 - 1440 1
11450 + 1440
11451 # 1504
11451 - 1440 1
11451 + 1440
11452 # 1504
11452 - 1440 1
11452 + 1440
11452 + 88
11453 # 1504
11453 - 1440 1
11453 + 1440
11454 # 1504
11454 - 88 2
11454 - 1440 1
11454 + 1440
11455 # 1504
11455 - 1440 1
11455 + 1440
11456 # 1504
11456 - 1440 1
11456 + 1440
11457 # 1504
11457 - 1440 1
11457 + 1440
11458 # 1504
11458 - 1440 1
11458 + 1440
11459 # 1504
11459 - 1440 1
11460 # 1504
11460 + 1440
11461 # 1504
11461 - 1440 1
11461 + 1440
11462 # 1504
11462 - 1440 1
11462 + 1440
11463 # 1504
11463 - 1440 1
11463 + 1440
11463 + 88
11464 # 1504
11464 - 1440 1
11464 + 1096
11465 # 1504
11465 - 88 2
11465 - 1096 1
11465 + 1440
11466 # 1504
11466 - 1440 1
11466 + 1440
11467 # 1504
11467 - 1440 1
11467 + 88
11467 + 1440
11468 # 1504
11468 - 88 1
11469 # 1504
11469 - 1440 2
11469 + 1440
11470 # 1504
11470 - 1440 1
11470 + 1440
11471 # 1504
11471 - 1440 1
11471 + 1440
11472 # 1504
11472 - 1440 1
11472 + 1440
11473 # 1504
11473 - 1440 1
11473 + 1440
11474 # 1504
11474 - 1440 1
11474 + 1440
11475 # 1504
11475 - 1440 1
11475 + 1440
11476 # 1504
11476 - 1440 1
11476 + 1440
11477 # 1504
11477 - 1440 1
11477 + 88
11478 # 1504
11478 - 88 1
11478 + 1440
11479 # 1504
11479 - 1440 1
11479 + 1440
11480 # 1504
11480 - 1440 1
11480 + 1440
11481 # 1504
11481 - 1440 1
11481 + 1440
11482 # 1504
11482 - 1440 1
11482 + 1440
11483 # 1504
11483 - 1440 1
11483 + 1440
11484 # 1504
11484 - 1440 1
11484 + 1440
11485 # 1504
11485 - 1440 1
11485 + 1440
11486 # 1504
11486 - 1440 1
11486 + 1440
11487 # 1504
11487 - 1440 1
11487 + 1440
11487 + 88
11488 # 1504
11488 - 1440 1
11488 + 1440
11489 # 1504
11489 - 88 2
11489 - 1440 1
11489 + 1440
11490 # 1504
11490 - 1440 1
11490 + 1440
11491 # 1504
11491 - 1440 1
11491 + 1440
11492 # 1504
11492 - 1440 1
11492 + 1440
11493 # 1504
11493 - 1440 1
11493 + 1440
11494 # 1504
11494 - 1440 1
11494 + 1440
11495 # 1504
11495 - 1440 1
11495 + 1440
11496 # 1504
11496 - 1440 1
11496 + 1440
11497 # 1504
11497 - 1440 1
11498 # 1504
11498 + 1440
11498 + 88
11499 # 1504
11499 - 1440 1
11499 + 1440
11500 # 1504
11500 - 88 2
11500 - 1440 1
11500 + 1440
11501 # 1504
11501 - 1440 1
11501 + 1440
11502 # 1504
11502 - 1440 1
11502 + 1440
11503 # 1504
11503 - 1440 1
11503 + 1440
11504 # 1504
11504 - 1440 1
11504 + 1440
11505 # 1504
11505 - 1440 1
11505 + 1440
11506 # 1504
11506 - 1440 1
11506 + 1440
11507 # 1504
11507 - 1440 1
11507 + 1440
11508 # 1504
11508 - 1440 1
11508 + 1440
11509 # 1504
11509 - 1440 1
11509 + 88
11509 + 1440
11510 # 1504
11510 - 88 1
11511 # 1504
11511 - 1440 2
11511 + 1440
11512 # 1504
11512 - 1440 1
11512 + 1440
11513 # 1504
11513 - 1440 1
11513 + 1440
11514 # 1504
11514 - 1440 1
11514 + 1440
11515 # 1504
11515 - 1440 1
11515 + 1440
11516 # 1504
11516 - 1440 1
11516 + 1440
11517 # 1504
11517 - 1440 1
11518 # 1504
11518 + 1440
11519 # 1504
11519 - 1440 1
11519 + 1440
11519 + 88
11520 # 1504
11520 - 1440 1
11520 + 1440
11521 # 1504
11521 - 88 2
11521 - 1440 1
11521 + 1440
11522 # 1504
11522 - 1440 1
11522 + 1440
11523 # 1504
11523 - 1440 1
11523 + 1440
11524 # 1504
11524 - 1440 1
11525 # 1504
11525 + 1440
11526 # 1504
11526 - 1440 1
11526 + 1440
11527 # 1504
11527 - 1440 1
11527 + 1440
11528 # 1504
11528 - 1440 1
11528 + 1440
11529 # 1504
11529 - 1440 1
11529 + 1440
11529 + 88
11530 # 1504
11530 - 1440 1
11530 + 1440
11531 # 1504
11531 - 88 2
11531 - 1440 1
11531 + 1440
11532 # 1504
11532 - 1440 1
11532 + 1440
11533 # 1504
11533 - 1440 1
11533 + 1440
11534 # 1504
11534 - 1440 1
11534 + 1440
11535 # 1504
11535 - 1440 1
11536 # 1504
11536 + 1440
11537 # 1504
11537 - 1440 1
11537 + 1440
11538 # 1504
11538 - 1440 1
11538 + 1440
11539 # 1504
11539 - 1440 1
11539 + 1440
11540 # 1504
11540 - 1440 1
11540 + 1440
11540 + 88
11541 # 1504
11541 - 1440 1
11541 + 1440
11542 # 1504
11542 - 88 2
11542 - 1440 1
11542 + 1440
11543 # 1504
11543 - 1440 1
11543 + 1440
11544 # 1504
11544 - 1440 1
11544 + 1440
11545 # 1504
11545 - 1440 1
11546 # 1504
11546 + 1096
11547 # 1504
11547 - 1096 1
11547 + 1440
11548 # 1504
11548 - 1440 1
11548 + 1440
11548 + 88
11549 # 1504
11549 - 1440 1
11549 + 1440
11550 # 1504
11550 - 88 2
11550 - 1440 1
11550 + 1440
11551 # 1504
11551 - 1440 1
11551 + 1440
11552 # 1504
11552 - 1440 1
11552 + 1440
11553 # 1504
11553 - 1440 1
11553 + 1440
11554 # 1504
11554 - 1440 1
11554 + 1440
11555 # 1504
11555 - 1440 1
11555 + 1440
11556 # 1504
11556 - 1440 1
11556 + 1440
11557 # 1504
11557 - 1440 1
11557 + 1440
11558 # 1504
11558 - 1440 1
11558 + 1440
11558 + 88
11559 # 1504
11559 - 1440 1
11559 + 1440
11560 # 1504
11560 - 88 2
11560 - 1440 1
11560 + 1440
11561 # 1504
11561 - 1440 1
11561 + 1440
11562 # 1504
11562 - 1440 1
11562 + 1440
11563 # 1504
11563 - 1440 1
11563 + 1440
11564 # 1504
11564 - 1440 1
11564 + 1440
11565 # 1504
11565 - 1440 1
11565 + 1440
11566 # 1504
11566 - 1440 1
11566 + 1440
11567 # 1504
11567 - 1440 1
11567 + 1440
11568 # 1504
11568 - 1440 1
11568 + 1440
11568 + 88
11569 # 1504
11569 - 1440 1
11569 + 1440
11570 # 1504
11570 - 88 2
11570 - 1440 1
11570 + 1440
11571 # 1504
11571 - 1440 1
11572 # 1504
11572 + 1440
11573 # 1504
11573 - 1440 1
11573 + 1440
11574 # 1504
11574 - 1440 1
11574 + 1440
11575 # 1504
11575 - 1440 1
11575 + 1440
11576 # 1504
11576 - 1440 1
11576 + 1440
11577 # 1504
11577 - 1440 1
11577 + 1440
11578 # 1504
11578 - 1440 1
11578 + 1440
11579 # 1504
11579 - 1440 1
11579 + 88
11579 + 1440
11580 # 1504
11580 - 88 1
11580 + 1440
11581 # 1504
11581 - 1440 2
11581 - 1440 1
11581 + 1440
11582 # 1504
11582 - 1440 1
11583 # 1504
11583 + 1440
11584 # 1504
11584 - 1440 1
11584 + 1440
11585 # 1504
11585 - 1440 1
11585 + 1440
11586 # 1504
11586 - 1440 1
11586 + 1440
11587 # 1504
11587 - 1440 1
11587 + 1440
11588 # 1504
11588 - 1440 1
11588 + 1440
11589 # 1504
11589 - 1440 1
11589 + 1440
11589 + 88
11590 # 1504
11590 - 1440 1
11590 + 1440
11591 # 1504
11591 - 88 2
11591 - 1440 1
11591 + 1440
11592 # 1504
11592 - 1440 1
11592 + 1440
11593 # 1504
11593 - 1440 1
11594 # 1504
11594 + 1440
11595 # 1504
11595 - 1440 1
11595 + 1440
11596 # 1504
11596 - 1440 1
11596 + 1440
11597 # 1504
11597 - 1440 1
11597 + 1440
11598 # 1504
11598 - 1440 1
11598 + 1440
11599 # 1504
11599 - 1440 1
11599 + 1440
11599 + 88
11600 # 1504
11600 - 1440 1
11600 + 1440
11601 # 1504
11601 - 88 2
11601 - 1440 1
11601 + 1440
11602 # 1504
11602 - 1440 1
11602 + 1440
11603 # 1504
11603 - 1440 1
11603 + 1440
11604 # 1504
11604 - 1440 1
11604 + 1440
11605 # 1504
11605 - 1440 1
11605 + 1440
11606 # 1504
11606 - 1440 1
11606 + 1440
11607 # 1504
11607 - 1440 1
11607 + 1440
11608 # 1504
11608 - 1440 1
11608 + 1440
11609 # 1504
11609 - 1440 1
11609 + 1440
11610 # 1504
11610 - 1440 1
11610 + 88
11610 + 1440
11611 # 1504
11611 - 88 1
11611 + 1440
11612 # 1504
11612 - 1440 2
11612 - 1440 1
11612 + 1440
11613 # 1504
11613 - 1440 1
11613 + 1440
11614 # 1504
11614 - 1440 1
11614 + 1440
11615 # 1504
11615 - 1440 1
11615 + 1440
11616 # 1504
11616 - 1440 1
11616 + 1440
11617 # 1504
11617 - 1440 1
11617 + 1440
11618 # 1504
11618 - 1440 1
11619 # 1504
11619 + 1440
11619 + 1440
11620 # 1504
11620 - 1440 1
11620 + 1440
11621 # 1504
11621 - 1440 2
11621 + 1440
11622 # 1504
11622 - 1440 2
11622 + 88
11622 + 1440
11623 # 1504
11623 - 1440 2
11623 - 88 1
11623 + 1096
11624 # 1504
11624 - 1440 2
11624 + 1440
11625 # 1504
11625 - 1096 2
11625 + 1440
11626 # 1504
11626 - 1440 2
11626 + 1440
11627 # 1504
11627 - 1440 2
11627 + 88
11627 + 1440
11628 # 1504
11628 - 1440 2
11628 - 88 1
11628 + 1440
11629 # 1504
11629 - 1440 2
11629 + 1440
11630 # 1504
11630 - 1440 2
11630 + 1440
11631 # 1504
11631 - 1440 2
11631 + 1440
11632 # 1504
11632 - 1440 2
11632 + 1440
11633 # 1504
11633 - 1440 2
11633 + 1440
11634 # 1504
11634 - 1440 2
11635 # 1504
11635 - 1440 2
11636 # 1504
11636 + 1440
11636 + 1440
11637 # 1504
11637 - 1440 1
11637 + 1440
11637 + 88
11638 # 1504
11638 - 1440 2
11638 + 1440
11639 # 1504
11639 - 1440 2
11639 - 88 2
11639 + 1440
11640 # 1504
11640 - 1440 2
11640 + 1440
11641 # 1504
11641 - 1440 2
11641 + 1440
11642 # 1504
11642 - 1440 2
11642 + 1440
11643 # 1504
11643 - 1440 2
11643 + 1440
11644 # 1504
11644 - 1440 2
11644 + 1440
11645 # 1504
11645 - 1440 2
11645 + 1440
11646 # 1504
11646 - 1440 2
11646 + 1440
11647 # 1504
11647 - 1440 2
11647 + 1440
11648 # 1504
11648 - 1440 2
11648 + 88
11648 + 1440
11649 # 1504
11649 - 1440 2
11649 - 88 1
11649 + 1440
11650 # 1504
11650 - 1440 2
11650 + 1440
11651 # 1504
11651 - 1440 2
11651 + 1440
11652 # 1504
11652 - 1440 2
11652 + 1440
11653 # 1504
11653 - 1440 2
11653 + 1440
11654 # 1504
11654 - 1440 2
11654 + 1440
11655 # 1504
11655 - 1440 2
11655 + 1440
11655 + 1440
11656 # 1504
11656 - 1440 2
11656 + 1440
11657 # 1504
11657 - 1440 2
11657 + 1440
11658 # 1504
11658 - 1440 3
11658 + 88
11658 + 1440
11659 # 1504
11659 - 1440 3
11659 + 1440
11660 # 1504
11660 - 1440 3
11660 - 88 2
11660 + 1440
11661 # 1504
11661 - 1440 3
11661 + 1440
11662 # 1504
11662 - 1440 3
11662 + 1440
11663 # 1504
11663 - 1440 3
11663 - 1440 2
11663 + 1440
11664 # 1504
11664 - 1440 2
11664 + 1440
11665 # 1504
11665 - 1440 2
11665 + 1440
11666 # 1504
11666 - 1440 2
11666 + 1440
11667 # 1504
11667 - 1440 2
11667 + 1440
11668 # 1504
11668 - 1440 2
11668 + 1440
11668 + 88
11669 # 1504
11669 - 1440 2
11669 + 1440
11670 # 1504
11670 - 1440 2
11670 - 88 2
11670 + 1440
11670 + 1440
11671 # 1504
11671 - 1440 2
11671 + 1440
11672 # 1504
11672 - 1440 2
11672 + 1440
11673 # 1504
11673 - 1440 3
11673 + 1440
11674 # 1504
11674 - 1440 3
11674 + 1440
11675 # 1504
11675 - 1440 3
11675 + 1440
11676 # 1504
11676 - 1440 3
11676 + 1440
11677 # 1504
11677 - 1440 3
11677 + 1440
11678 # 1504
11678 - 1440 3
11678 + 1440
11678 + 88
11679 # 1504
11679 - 1440 3
11679 + 1440
11680 # 1504
11680 - 1440 3
11680 + 1440
11681 # 1504
11681 - 1440 3
11681 - 88 3
11681 + 1440
11682 # 1504
11682 - 1440 3
11682 + 1440
11683 # 1504
11683 - 1440 3
11683 + 1440
11684 # 1504
11684 - 1440 3
11684 + 1440
11685 # 1504
11685 - 1440 3
11685 + 1440
11686 # 1504
11686 - 1440 3
11686 + 1440
11687 # 1504
11687 - 1440 3
11687 + 1440
11688 # 1504
11688 - 1440 3
11688 - 1440 2
11688 + 1440
11688 + 88
11689 # 1504
11689 - 1440 2
11689 + 1440
11690 # 1504
11690 - 1440 2
11690 - 88 2
11690 + 1440
11691 # 1504
11691 - 1440 2
11691 + 1440
11692 # 1504
11692 - 1440 2
11692 + 1440
11693 # 1504
11693 - 1440 2
11693 + 1440
11694 # 1504
11694 - 1440 2
11694 + 1440
11694 + 1440
11695 # 1504
11695 - 1440 2
11695 + 1096
11696 # 1504
11696 - 1440 2
11696 + 1440
11697 # 1504
11697 - 1440 3
11697 + 1440
11698 # 1504
11698 - 1096 3
11698 + 1440
11699 # 1504
11699 - 1440 3
11699 + 88
11699 + 88
11699 + 1440
11700 # 1504
11700 - 1440 3
11700 + 1440
11701 # 1504
11701 - 1440 3
11701 - 88 2
11701 - 88 2
11701 + 1440
11702 # 1504
11702 - 1440 3
11702 + 1440
11703 # 1504
11703 - 1440 3
11703 + 1440
11704 # 1504
11704 - 1440 3
11704 + 1440
11705 # 1504
11705 - 1440 3
11705 + 1440
11706 # 1504
11706 - 1440 3
11706 + 1440
11707 # 1504
11707 - 1440 3
11707 + 1440
11708 # 1504
11708 - 1440 3
11708 + 1440
11709 # 1504
11709 - 1440 3
11709 + 1440
11710 # 1504
11710 - 1440 3
11710 - 1440 2
11710 + 1440
11711 # 1504
11711 - 1440 2
11711 + 88
11711 + 1440
11712 # 1504
11712 - 1440 2
11712 - 88 1
11712 + 1440
11713 # 1504
11713 - 1440 2
11713 + 1440
11714 # 1504
11714 - 1440 2
11714 + 1440
11715 # 1504
11715 - 1440 2
11715 + 1440
11716 # 1504
11716 - 1440 2
11716 + 1440
11717 # 1504
11717 - 1440 2
11717 + 1440
11718 # 1504
11718 - 1440 2
11718 + 1440
11719 # 1504
11719 - 1440 2
11720 # 1504
11720 - 1440 2
11720 + 1440
11720 + 88
11721 # 1504
11721 - 1440 1
11721 + 1440
11722 # 1504
11722 - 88 2
11722 - 1440 1
11722 + 1440
11723 # 1504
11723 - 1440 1
11723 + 1440
11724 # 1504
11724 - 1440 1
11724 + 1440
11725 # 1504
11725 - 1440 1
11725 + 1440
11726 # 1504
11726 - 1440 1
11726 + 1440
11727 # 1504
11727 - 1440 1
11727 + 1440
11728 # 1504
11728 - 1440 1
11728 + 1440
11729 # 1504
11729 - 1440 1
11729 + 1440
11730 # 1504
11730 - 1440 1
11730 + 1440
11730 + 88
11731 # 1504
11731 - 1440 1
11731 + 1440
11732 # 1504
11732 - 88 2
11732 - 1440 1
11732 + 1440
11733 # 1504
11733 - 1440 1
11733 + 1440
11734 # 1504
11734 - 1440 1
11734 + 1440
11735 # 1504
11735 - 1440 1
11735 + 1440
11736 # 1504
11736 - 1440 1
11736 + 1440
11737 # 1504
11737 - 1440 1
11737 + 1440
11738 # 1504
11738 - 1440 1
11738 + 1440
11739 # 1504
11739 - 1440 1
11739 + 1440
11740 # 1504
11740 - 1440 1
11740 + 1440
11741 # 1504
11741 - 1440 1
11741 + 1440
11741 + 88
11742 # 1504
11742 - 1440 1
11742 + 1440
11743 # 1504
11743 - 88 2
11743 - 1440 1
11743 + 1440
11744 # 1504
11744 - 1440 1
11744 + 1440
11745 # 1504
11745 - 1440 1
11745 + 1440
11746 # 1504
11746 - 1440 1
11746 + 1440
11747 # 1504
11747 - 1440 1
11747 + 1440
11747 + 1440
11748 # 1504
11748 - 1440 1
11748 + 1440
11749 # 1504
11749 - 1440 2
11749 + 1440
11750 # 1504
11750 - 1440 2
11750 + 1440
11751 # 1504
11751 - 1440 2
11751 + 1440
11751 + 88
11752 # 1504
11752 - 1440 2
11752 + 1440
11753 # 1504
11753 - 1440 2
11753 - 88 2
11753 + 1440
11754 # 1504
11754 - 1440 2
11754 + 1440
11755 # 1504
11755 - 1440 2
11755 + 1440
11756 # 1504
11756 - 1440 2
11756 + 1440
11757 # 1504
11757 - 1440 2
11757 + 1440
11758 # 1504
11758 - 1440 2
11758 + 1440
11759 # 1504
11759 - 1440 2
11759 + 1440
11760 # 1504
11760 - 1440 2
11760 + 1440
11761 # 1504
11761 - 1440 2
11761 + 1440
11762 # 1504
11762 - 1440 2
11762 + 1440
11762 + 88
11763 # 1504
11763 - 1440 2
11763 + 1440
11764 # 1504
11764 - 1440 2
11764 - 88 2
11764 + 1440
11765 # 1504
11765 - 1440 2
11765 + 1440
11766 # 1504
11766 - 1440 2
11766 + 1440
11767 # 1504
11767 - 1440 2
11767 + 1440
11768 # 1504
11768 - 1440 2
11768 + 1440
11769 # 1504
11769 - 1440 2
11769 + 1096
11770 # 1504
11770 - 1440 2
11770 - 1096 1
11770 + 1440
11771 # 1504
11771 - 1440 1
11771 + 1440
11771 + 88
11772 # 1504
11772 - 1440 1
11772 + 1440
11772 + 1440
11773 # 1504
11773 - 88 2
11773 - 1440 1
11773 + 1440
11774 # 1504
11774 - 1440 2
11774 + 1440
11775 # 1504
11775 - 1440 2
11775 + 1440
11776 # 1504
11776 - 1440 2
11776 + 1440
11777 # 1504
11777 - 1440 2
11777 + 1440
11778 # 1504
11778 - 1440 2
11778 + 1440
11779 # 1504
11779 - 1440 2
11779 + 1440
11780 # 1504
11780 - 1440 2
11780 + 1440
11781 # 1504
11781 - 1440 2
11781 + 1440
11782 # 1504
11782 - 1440 2
11782 + 88
11782 + 1440
11783 # 1504
11783 - 1440 2
11783 - 88 1
11783 + 1440
11784 # 1504
11784 - 1440 2
11784 + 1440
11785 # 1504
11785 - 1440 2
11785 + 1440
11786 # 1504
11786 - 1440 2
11786 + 1440
11787 # 1504
11787 - 1440 2
11787 + 1440
11788 # 1504
11788 - 1440 2
11788 + 1440
11789 # 1504
11789 - 1440 2
11789 + 1440
11790 # 1504
11790 - 1440 2
11790 + 1440
11791 # 1504
11791 - 1440 2
11791 + 1440
11792 # 1504
11792 - 1440 2
11792 + 1440
11793 # 1504
11793 - 1440 2
11793 + 88
11793 + 1440
11794 # 1504
11794 - 1440 2
11794 - 88 1
11794 + 1440
11795 # 1504
11795 - 1440 2
11795 + 1440
11796 # 1504
11796 - 1440 2
11796 + 1440
11797 # 1504
11797 - 1440 2
11798 # 1504
11798 - 1440 2
11798 + 1440
11799 # 1504
11799 - 1440 1
11799 + 1440
11800 # 1504
11800 - 1440 1
11800 + 1440
11801 # 1504
11801 - 1440 1
11801 + 1440
11802 # 1504
11802 - 1440 1
11802 + 1440
11803 # 1504
11803 - 1440 1
11803 + 1440
11803 + 88
11804 # 1504
11804 - 1440 1
11804 + 1440
11805 # 1504
11805 - 88 2
11805 - 1440 1
11805 + 1440
11806 # 1504
11806 - 1440 1
11806 + 1440
11807 # 1504
11807 - 1440 1
11807 + 1440
11808 # 1504
11808 - 1440 1
11808 + 1440
11809 # 1504
11809 - 1440 1
11809 + 1440
11810 # 1504
11810 - 1440 1
11810 + 1440
11811 # 1504
11811 - 1440 1
11811 + 1440
11812 # 1504
11812 - 1440 1
11812 + 1440
11813 # 1504
11813 - 1440 1
11813 + 1440
11813 + 88
11814 # 1504
11814 - 1440 1
11814 + 1440
11815 # 1504
11815 - 88 2
11815 - 1440 1
11815 + 1440
11816 # 1504
11816 - 1440 1
11816 + 1440
11817 # 1504
11817 - 1440 1
11817 + 1440
11818 # 1504
11818 - 1440 1
11818 + 1440
11819 # 1504
11819 - 1440 1
11819 + 1440
11820 # 1504
11820 - 1440 1
11820 + 1440
11821 # 1504
11821 - 1440 1
11821 + 1440
11822 # 1504
11822 - 1440 1
11822 + 1440
11823 # 1504
11823 - 1440 1
11823 + 1440
11824 # 1504
11824 - 1440 1
11824 + 1440
11824 + 88
11824 + 1440
11825 # 1504
11825 - 1440 1
11825 + 1440
11826 # 1504
11826 - 88 2
11826 - 1440 2
11827 # 1504
11827 - 1440 2
11827 + 1440
11828 # 1504
11828 - 1440 1
11828 + 1440
11829 # 1504
11829 - 1440 1
11829 + 1440
11830 # 1504
11830 - 1440 1
11830 + 1440
11831 # 1504
11831 - 1440 1
11831 + 1440
11832 # 1504
11832 - 1440 1
11832 + 1440
11833 # 1504
11833 - 1440 1
11833 + 1440
11834 # 1504
11834 - 1440 1
11834 + 1440
11834 + 88
11835 # 1504
11835 - 1440 1
11835 + 1440
11836 # 1504
11836 - 88 2
11836 - 1440 1
11836 + 1440
11837 # 1504
11837 - 1440 1
11837 + 1440
11838 # 1504
11838 - 1440 1
11838 + 1440
11839 # 1504
11839 - 1440 1
11839 + 1440
11840 # 1504
11840 - 1440 1
11840 + 1440
11841 # 1504
11841 - 1440 1
11841 + 1440
11842 # 1504
11842 - 1440 1
11842 + 1440
11843 # 1504
11843 - 1440 1
11843 + 1096
11844 # 1504
11844 - 1096 1
11844 + 1440
11845 # 1504
11845 - 1440 1
11845 + 88
11845 + 1440
11846 # 1504
11846 - 88 1
11846 + 88
11846 + 1440
11847 # 1504
11847 - 1440 2
11847 - 88 1
11847 + 1440
11848 # 1504
11848 - 1440 2
11848 - 1440 1
11848 + 1440
11849 # 1504
11849 - 1440 1
11849 + 1440
11850 # 1504
11850 - 1440 1
11850 + 1440
11851 # 1504
11851 - 1440 1
11851 + 1440
11852 # 1504
11852 - 1440 1
11852 + 1440
11853 # 1504
11853 - 1440 1
11853 + 1440
11854 # 1504
11854 - 1440 1
11854 + 1440
11855 # 1504
11855 - 1440 1
11855 + 1440
11856 # 1504
11856 - 1440 1
11856 + 1440
11856 + 88
11857 # 1504
11857 - 1440 1
11857 + 1440
11858 # 1504
11858 - 88 2
11858 - 1440 1
11858 + 1440
11859 # 1504
11859 - 1440 1
11859 + 1440
11860 # 1504
11860 - 1440 1
11860 + 1440
11861 # 1504
11861 - 1440 1
11862 # 1504
11862 + 1440
11863 # 1504
11863 - 1440 1
11863 + 1440
11864 # 1504
11864 - 1440 1
11864 + 1440
11865 # 1504
11865 - 1440 1
11865 + 1440
11866 # 1504
11866 - 1440 1
11866 + 1440
11867 # 1504
11867 - 1440 1
11867 + 1440
11867 + 88
11868 # 1504
11868 - 1440 1
11868 + 1440
11869 # 1504
11869 - 88 2
11869 - 1440 1
11869 + 1440
11870 # 1504
11870 - 1440 1
11870 + 1440
11871 # 1504
11871 - 1440 1
11871 + 1440
11872 # 1504
11872 - 1440 1
11872 + 1440
11873 # 1504
11873 - 1440 1
11873 + 1440
11874 # 1504
11874 - 1440 1
11874 + 1440
11875 # 1504
11875 - 1440 1
11875 + 1440
11876 # 1504
11876 - 1440 1
11876 + 1440
11877 # 1504
11877 - 1440 1
11877 + 1440
11878 # 1504
11878 - 1440 1
11878 + 1440
11878 + 88
11879 # 1504
11879 - 1440 1
11879 + 1440
11880 # 1504
11880 - 88 2
11880 - 1440 1
11880 + 1440
11880 + 1440
11881 # 1504
11881 - 1440 1
11881 + 1440
11882 # 1504
11882 - 1440 2
11882 + 1440
11883 # 1504
11883 - 1440 2
11883 + 1440
11884 # 1504
11884 - 1440 2
11884 + 1440
11885 # 1504
11885 - 1440 2
11885 + 1440
11886 # 1504
11886 - 1440 2
11886 + 1440
11887 # 1504
11887 - 1440 2
11887 + 1440
11888 # 1504
11888 - 1440 2
11888 + 1440
11888 + 88
11889 # 1504
11889 - 1440 2
11889 + 1440
11890 # 1504
11890 - 1440 2
11890 - 88 2
11890 + 1440
11891 # 1504
11891 - 1440 2
11891 + 1440
11892 # 1504
11892 - 1440 2
11892 + 1440
11893 # 1504
11893 - 1440 2
11893 + 1440
11894 # 1504
11894 - 1440 2
11894 + 1440
11895 # 1504
11895 - 1440 2
11895 + 1440
11896 # 1504
11896 - 1440 2
11896 + 1440
11897 # 1504
11897 - 1440 2
11897 + 1440
11898 # 1504
11898 - 1440 2
11898 + 1440
11898 + 88
11899 # 1504
11899 - 1440 2
11899 + 1440
11900 # 1504
11900 - 1440 2
11900 - 88 2
11900 + 1440
11901 # 1504
11901 - 1440 2
11901 + 1440
11902 # 1504
11902 - 1440 2
11902 + 1440
11903 # 1504
11903 - 1440 2
11903 + 1440
11904 # 1504
11904 - 1440 2
11904 + 1440
11905 # 1504
11905 - 1440 2
11905 + 1440
11906 # 1504
11906 - 1440 2
11906 - 1440 1
11906 + 1440
11907 # 1504
11907 - 1440 1
11907 + 1440
11908 # 1504
11908 - 1440 1
11908 + 1440
11909 # 1504
11909 - 1440 1
11909 + 1440
11909 + 88
11910 # 1504
11910 - 1440 1
11910 + 1440
11911 # 1504
11911 - 88 2
11911 - 1440 1
11911 + 1440
11912 # 1504
11912 - 1440 1
11912 + 1440
11913 # 1504
11913 - 1440 1
11913 + 1440
11914 # 1504
11914 - 1440 1
11914 + 1440
11915 # 1504
11915 - 1440 1
11915 + 1440
11916 # 1504
11916 - 1440 1
11916 + 1440
11917 # 1504
11917 - 1440 1
11917 + 1096
11918 # 1504
11918 - 1096 1
11918 + 1440
11919 # 1504
11919 - 1440 1
11919 + 1440
11919 + 88
11920 # 1504
11920 - 1440 1
11920 + 1440
11921 # 1504
11921 - 88 2
11921 - 1440 1
11921 + 1440
11922 # 1504
11922 - 1440 1
11922 + 1440
11923 # 1504
11923 - 1440 1
11923 + 1440
11924 # 1504
11924 - 1440 1
11924 + 1440
11925 # 1504
11925 - 1440 1
11926 # 1504
11926 + 1440
11927 # 1504
11927 - 1440 1
11927 + 1440
11928 # 1504
11928 - 1440 1
11928 + 1440
11929 # 1504
11929 - 1440 1
11929 + 1440
11930 # 1504
11930 - 1440 1
11930 + 1440
11930 + 88
11931 # 1504
11931 - 1440 1
11931 + 1440
11932 # 1504
11932 - 88 2
11932 - 1440 1
11932 + 1440
11933 # 1504
11933 - 1440 1
11933 + 1440
11934 # 1504
11934 - 1440 1
11934 + 1440
11935 # 1504
11935 - 1440 1
11935 + 1440
11936 # 1504
11936 - 1440 1
11936 + 1440
11937 # 1504
11937 - 1440 1
11938 # 1504
11938 + 1440
11938 + 1440
11939 # 1504
11939 - 1440 1
11939 + 1440
11940 # 1504
11940 - 1440 2
11940 + 1440
11941 # 1504
11941 - 1440 2
11941 + 88
11941 + 1440
11942 # 1504
11942 - 1440 2
11942 - 88 1
11942 + 1440
11943 # 1504
11943 - 1440 2
11943 + 1440
11944 # 1504
11944 - 1440 2
11944 + 1440
11945 # 1504
11945 - 1440 2
11945 + 1440
11946 # 1504
11946 - 1440 2
11946 + 1440
11947 # 1504
11947 - 1440 2
11947 + 1440
11948 # 1504
11948 - 1440 2
11948 + 1440
11949 # 1504
11949 - 1440 2
11949 + 1440
11950 # 1504
11950 - 1440 2
11950 + 1440
11951 # 1504
11951 - 1440 2
11951 + 1440
11952 # 1504
11952 - 1440 2
11952 + 88
11952 + 1440
11953 # 1504
11953 - 1440 2
11953 - 88 1
11953 + 1440
11954 # 1504
11954 - 1440 2
11954 + 1440
11955 # 1504
11955 - 1440 2
11955 + 1440
11956 # 1504
11956 - 1440 2
11956 + 1440
11957 # 1504
11957 - 1440 2
11957 + 1440
11958 # 1504
11958 - 1440 2
11958 + 1440
11959 # 1504
11959 - 1440 2
11960 # 1504
11960 - 1440 2
11960 + 1440
11961 # 1504
11961 - 1440 1
11961 + 1440
11962 # 1504
11962 - 1440 1
11962 + 1440
11962 + 88
11963 # 1504
11963 - 1440 1
11963 + 1440
11964 # 1504
11964 - 88 2
11964 - 1440 1
11964 + 1440
11965 # 1504
11965 - 1440 1
11965 + 1440
11966 # 1504
11966 - 1440 1
11966 + 1440
11967 # 1504
11967 - 1440 1
11967 + 1440
11968 # 1504
11968 - 1440 1
11968 + 1440
11969 # 1504
11969 - 1440 1
11969 + 1440
11970 # 1504
11970 - 1440 1
11970 + 1440
11971 # 1504
11971 - 1440 1
11971 + 1440
11972 # 1504
11972 - 1440 1
11972 + 1440
11972 + 88
11973 # 1504
11973 - 1440 1
11973 + 1440
11974 # 1504
11974 - 88 2
11974 - 1440 1
11974 + 1440
11975 # 1504
11975 - 1440 1
11975 + 1440
11976 # 1504
11976 - 1440 1
11976 + 1440
11977 # 1504
11977 - 1440 1
11977 + 1440
11978 # 1504
11978 - 1440 1
11978 + 1440
11979 # 1504
11979 - 1440 1
11979 + 1440
11980 # 1504
11980 - 1440 1
11980 + 1440
11981 # 1504
11981 - 1440 1
11981 + 1440
11982 # 1504
11982 - 1440 1
11982 + 1440
11983 # 1504
11983 - 1440 1
11983 + 1440
11983 + 88
11984 # 1504
11984 - 1440 1
11984 + 1440
11985 # 1504
11985 - 88 2
11985 - 1440 1
11985 + 1440
11986 # 1504
11986 - 1440 1
11986 + 1440
11987 # 1504
11987 - 1440 1
11987 + 1440
11988 # 1504
11988 - 1440 1
11988 + 1440
11989 # 1504
11989 - 1440 1
11989 + 1440
11990 # 1504
11990 - 1440 1
11990 + 1440
11991 # 1504
11991 - 1440 1
11991 + 1440
11991 + 1440
11992 # 1504
11992 - 1440 1
11992 + 1096
11993 # 1504
11993 - 1440 2
11993 + 1440
11994 # 1504
11994 - 1096 2
11994 + 1440
11995 # 1504
11995 - 1440 2
11995 + 88
11995 + 88
11995 + 1440
11996 # 1504
11996 - 1440 2
11996 - 88 1
11996 - 88 1
11996 + 1440
11997 # 1504
11997 - 1440 2
11997 + 1440
11998 # 1504
11998 - 1440 2
11998 + 1440
11999 # 1504
11999 - 1440 2
11999 + 1440
12000 # 1504
12000 - 1440 2
12000 + 1440
12001 # 1504
12001 - 1440 2
12001 + 1440
12002 # 1504
12002 - 1440 2
12002 + 1440
12003 # 1504
12003 - 1440 2
12003 + 1440
12004 # 1504
12004 - 1440 2
12004 + 1440
12005 # 1504
12005 - 1440 2
12005 + 1440
12006 # 1504
12006 - 1440 2
12006 + 1440
12006 + 88
12007 # 1504
12007 - 1440 2
12007 + 1440
12008 # 1504
12008 - 1440 2
12008 - 88 2
12008 + 1440
12009 # 1504
12009 - 1440 2
12009 + 1440
12010 # 1504
12010 - 1440 2
12010 + 1440
12011 # 1504
12011 - 1440 2
12011 + 1440
12012 # 1504
12012 - 1440 2
12012 + 1440
12013 # 1504
12013 - 1440 2
12013 - 1440 1
12013 + 1440
12014 # 1504
12014 - 1440 1
12014 + 1440
12015 # 1504
12015 - 1440 1
12015 + 1440
12016 # 1504
12016 - 1440 1
12016 + 1440
12017 # 1504
12017 - 1440 1
12017 + 1440
12018 # 1504
12018 - 1440 1
12018 + 88
12018 + 1440
12019 # 1504
12019 - 88 1
12019 + 1440
12020 # 1504
12020 - 1440 2
12020 - 1440 1
12020 + 1440
12021 # 1504
12021 - 1440 1
12021 + 1440
12022 # 1504
12022 - 1440 1
12022 + 1440
12023 # 1504
12023 - 1440 1
12023 + 1440
12024 # 1504
12024 - 1440 1
12024 + 1440
12025 # 1504
12025 - 1440 1
12025 + 1440
12026 # 1504
12026 - 1440 1
12026 + 1440
12027 # 1504
12027 - 1440 1
12027 + 1440
12028 # 1504
12028 - 1440 1
12028 + 1440
12028 + 88
12029 # 1504
12029 - 1440 1
12029 + 1440
12030 # 1504
12030 - 88 2
12030 - 1440 1
12030 + 1440
12031 # 1504
12031 - 1440 1
12031 + 1440
12032 # 1504
12032 - 1440 1
12032 + 1440
12033 # 1504
12033 - 1440 1
12034 # 1504
12034 + 1440
12035 # 1504
12035 - 1440 1
12035 + 1440
12036 # 1504
12036 - 1440 1
12036 + 1440
12037 # 1504
12037 - 1440 1
12037 + 1440
12038 # 1504
12038 - 1440 1
12038 + 1440
12039 # 1504
12039 - 1440 1
12039 + 1440
12039 + 88
12040 # 1504
12040 - 1440 1
12040 + 1440
12041 # 1504
12041 - 88 2
12041 - 1440 1
12041 + 1440
12042 # 1504
12042 - 1440 1
12042 + 1440
12043 # 1504
12043 - 1440 1
12043 + 1440
12044 # 1504
12044 - 1440 1
12044 + 1440
12045 # 1504
12045 - 1440 1
12045 + 1440
12046 # 1504
12046 - 1440 1
12046 + 1440
12047 # 1504
12047 - 1440 1
12048 # 1504
12048 + 1440
12049 # 1504
12049 - 1440 1
12049 + 1440
12050 # 1504
12050 - 1440 1
12050 + 1440
12050 + 88
12051 # 1504
12051 - 1440 1
12051 + 1440
12052 # 1504
12052 - 88 2
12052 - 1440 1
12052 + 1440
12053 # 1504
12053 - 1440 1
12053 + 1440
12054 # 1504
12054 - 1440 1
12054 + 1440
12055 # 1504
12055 - 1440 1
12055 + 1440
12055 + 1440
12056 # 1504
12056 - 1440 1
12056 + 1440
12057 # 1504
12057 - 1440 2
12057 + 1440
12058 # 1504
12058 - 1440 2
12058 + 1440
12059 # 1504
12059 - 1440 2
12059 + 1440
12060 # 1504
12060 - 1440 2
12060 + 1440
12061 # 1504
12061 - 1440 2
12061 + 88
12061 + 1440
12062 # 1504
12062 - 1440 2
12062 - 88 1
12062 + 1440
12063 # 1504
12063 - 1440 2
12063 + 1440
12064 # 1504
12064 - 1440 2
12065 # 1504
12065 - 1440 2
12065 + 1440
12066 # 1504
12066 - 1440 1
12066 + 1440
12067 # 1504
12067 - 1440 1
12067 + 1440
12068 # 1504
12068 - 1440 1
12068 + 1096
12069 # 1504
12069 - 1096 1
12069 + 1440
12070 # 1504
12070 - 1440 1
12070 + 1440
12070 + 88
12071 # 1504
12071 - 1440 1
12071 + 1440
12072 # 1504
12072 - 88 2
12072 - 1440 1
12072 + 1440
12073 # 1504
12073 - 1440 1
12073 + 1440
12074 # 1504
12074 - 1440 1
12074 + 1440
12075 # 1504
12075 - 1440 1
12075 + 1440
12076 # 1504
12076 - 1440 1
12076 + 1440
12077 # 1504
12077 - 1440 1
12077 + 1440
12078 # 1504
12078 - 1440 1
12078 + 1440
12079 # 1504
12079 - 1440 1
12079 + 1440
12080 # 1504
12080 - 1440 1
12080 + 1440
12081 # 1504
12081 - 1440 1
12081 + 88
12081 + 1440
12082 # 1504
12082 - 88 1
12082 + 1440
12083 # 1504
12083 - 1440 2
12083 - 1440 1
12083 + 1440
12084 # 1504
12084 - 1440 1
12084 + 1440
12085 # 1504
12085 - 1440 1
12085 + 1440
12086 # 1504
12086 - 1440 1
12086 + 1440
12087 # 1504
12087 - 1440 1
12087 + 1440
12088 # 1504
12088 - 1440 1
12088 + 1440
12089 # 1504
12089 - 1440 1
12089 + 1440
12090 # 1504
12090 - 1440 1
12090 + 1440
12091 # 1504
12091 - 1440 1
12091 + 1440
12092 # 1504
12092 - 1440 1
12092 + 88
12092 + 1440
12093 # 1504
12093 - 88 1
12093 + 1440
12094 # 1504
12094 - 1440 2
12094 - 1440 1
12094 + 1440
12095 # 1504
12095 - 1440 1
12095 + 1440
12096 # 1504
12096 - 1440 1
12096 + 1440
12097 # 1504
12097 - 1440 1
12097 + 1440
12098 # 1504
12098 - 1440 1
12098 + 1440
12099 # 1504
12099 - 1440 1
12099 + 1440
12100 # 1504
12100 - 1440 1
12100 + 1440
12101 # 1504
12101 - 1440 1
12101 + 1440
12102 # 1504
12102 - 1440 1
12102 + 1440
12102 + 88
12103 # 1504
12103 - 1440 1
12103 + 1440
12104 # 1504
12104 - 88 2
12104 - 1440 1
12104 + 1440
12105 # 1504
12105 - 1440 1
12105 + 1440
12106 # 1504
12106 - 1440 1
12106 + 1440
12107 # 1504
12107 - 1440 1
12107 + 1440
12107 + 1440
12108 # 1504
12108 - 1440 1
12108 + 1440
12109 # 1504
12109 - 1440 2
12109 + 1440
12110 # 1504
12110 - 1440 2
12110 + 1440
12111 # 1504
12111 - 1440 2
12111 + 1440
12112 # 1504
12112 - 1440 2
12113 # 1504
12113 - 1440 2
12113 + 1440
12113 + 88
12114 # 1504
12114 - 1440 1
12114 + 1440
12115 # 1504
12115 - 88 2
12115 - 1440 1
12115 + 1440
12116 # 1504
12116 - 1440 1
12116 + 1440
12117 # 1504
12117 - 1440 1
12117 + 1440
12118 # 1504
12118 - 1440 1
12118 + 1440
12119 # 1504
12119 - 1440 1
12119 + 1440
12120 # 1504
12120 - 1440 1
12120 + 1440
12121 # 1504
12121 - 1440 1
12121 + 1440
12122 # 1504
12122 - 1440 1
12122 + 1440
12123 # 1504
12123 - 1440 1
12123 + 1440
12123 + 88
12124 # 1504
12124 - 1440 1
12124 + 1440
12125 # 1504
12125 - 88 2
12125 - 1440 1
12125 + 1440
12126 # 1504
12126 - 1440 1
12126 + 1440
12127 # 1504
12127 - 1440 1
12127 + 1440
12128 # 1504
12128 - 1440 1
12128 + 1440
12129 # 1504
12129 - 1440 1
12129 + 1440
12130 # 1504
12130 - 1440 1
12130 + 1440
12131 # 1504
12131 - 1440 1
12131 + 1440
12132 # 1504
12132 - 1440 1
12132 + 1440
12133 # 1504
12133 - 1440 1
12133 + 1440
12133 + 88
12134 # 1504
12134 - 1440 1
12134 + 1440
12135 # 1504
12135 - 88 2
12135 - 1440 1
12135 + 1440
12136 # 1504
12136 - 1440 1
12136 + 1440
12137 # 1504
12137 - 1440 1
12137 + 1440
12138 # 1504
12138 - 1440 1
12138 + 1440
12139 # 1504
12139 - 1440 1
12139 + 1440
12140 # 1504
12140 - 1440 1
12140 + 1440
12141 # 1504
12141 - 1440 1
12141 + 1440
12142 # 1504
12142 - 1440 1
12142 + 1096
12143 # 1504
12143 - 1096 1
12143 + 1440
12143 + 88
12144 # 1504
12144 - 1440 1
12144 + 1440
12144 + 88
12145 # 1504
12145 - 88 2
12145 - 1440 1
12145 + 1440
12146 # 1504
12146 - 88 2
12146 - 1440 1
12146 + 1440
12147 # 1504
12147 - 1440 1
12147 + 1440
12148 # 1504
12148 - 1440 1
12148 + 1440
12149 # 1504
12149 - 1440 1
12149 + 1440
12150 # 1504
12150 - 1440 1
12150 + 1440
12151 # 1504
12151 - 1440 1
12151 + 1440
12152 # 1504
12152 - 1440 1
12152 + 1440
12153 # 1504
12153 - 1440 1
12153 + 1440
12154 # 1504
12154 - 1440 1
12154 + 1440
12155 # 1504
12155 - 1440 1
12155 + 88
12155 + 1440
12156 # 1504
12156 - 88 1
12156 + 1440
12157 # 1504
12157 - 1440 2
12157 - 1440 1
12157 + 1440
12158 # 1504
12158 - 1440 1
12158 + 1440
12159 # 1504
12159 - 1440 1
12159 + 1440
12160 # 1504
12160 - 1440 1
12160 + 1440
12161 # 1504
12161 - 1440 1
12161 + 1440
12162 # 1504
12162 - 1440 1
12162 + 1440
12163 # 1504
12163 - 1440 1
12163 + 1440
12164 # 1504
12164 - 1440 1
12165 # 1504
12165 + 1440
12165 + 88
12166 # 1504
12166 - 1440 1
12166 + 1440
12167 # 1504
12167 - 88 2
12167 - 1440 1
12167 + 1440
12168 # 1504
12168 - 1440 1
12168 + 1440
12169 # 1504
12169 - 1440 1
12169 + 1440
12170 # 1504
12170 - 1440 1
12170 + 1440
12171 # 1504
12171 - 1440 1
12171 + 1440
12172 # 1504
12172 - 1440 1
12172 + 1440
12173 # 1504
12173 - 1440 1
12173 + 1440
12174 # 1504
12174 - 1440 1
12174 + 1440
12175 # 1504
12175 - 1440 1
12175 + 1440
12175 + 88
12176 # 1504
12176 - 1440 1
12176 + 1440
12177 # 1504
12177 - 88 2
12177 - 1440 1
12177 + 1440
12178 # 1504
12178 - 1440 1
12178 + 1440
12179 # 1504
12179 - 1440 1
12179 + 1440
12180 # 1504
12180 - 1440 1
12180 + 1440
12181 # 1504
12181 - 1440 1
12181 + 1440
12182 # 1504
12182 - 1440 1
12183 # 1504
12183 + 1440
12184 # 1504
12184 - 1440 1
12184 + 1440
12185 # 1504
12185 - 1440 1
12186 # 1504
12186 + 1440
12186 + 1440
12187 # 1504
12187 - 1440 1
12187 + 1440
12188 # 1504
12188 - 1440 2
12188 + 88
12188 + 1440
12189 # 1504
12189 - 1440 2
12189 - 88 1
12189 + 1440
12190 # 1504
12190 - 1440 2
12190 + 1440
12191 # 1504
12191 - 1440 2
12191 + 1440
12192 # 1504
12192 - 1440 2
12192 + 1440
12193 # 1504
12193 - 1440 2
12193 + 1440
12194 # 1504
12194 - 1440 2
12194 + 1440
12195 # 1504
12195 - 1440 2
12195 + 1440
12196 # 1504
12196 - 1440 2
12196 + 1440
12197 # 1504
12197 - 1440 2
12197 + 1440
12197 + 88
12198 # 1504
12198 - 1440 2
12198 + 1440
12199 # 1504
12199 - 1440 2
12199 - 88 2
12199 + 1440
12200 # 1504
12200 - 1440 2
12200 + 1440
12201 # 1504
12201 - 1440 2
12201 + 1440
12202 # 1504
12202 - 1440 2
12202 + 1440
12203 # 1504
12203 - 1440 2
12203 + 1440
12204 # 1504
12204 - 1440 2
12204 + 1440
12205 # 1504
12205 - 1440 2
12205 + 1440
12206 # 1504
12206 - 1440 2
12206 + 1440
12207 # 1504
12207 - 1440 2
12207 + 1440
12208 # 1504
12208 - 1440 2
12208 + 1440
12208 + 88
12209 # 1504
12209 - 1440 2
12209 + 1440
12210 # 1504
12210 - 1440 2
12210 - 88 2
12210 + 1440
12211 # 1504
12211 - 1440 2
12211 + 1440
12212 # 1504
12212 - 1440 2
12212 + 1440
12213 # 1504
12213 - 1440 2
12213 - 1440 1
12213 + 1440
12214 # 1504
12214 - 1440 1
12214 + 1440
12215 # 1504
12215 - 1440 1
12215 + 1440
12216 # 1504
12216 - 1440 1
12216 + 1440
12217 # 1504
12217 - 1440 1
12217 + 1440
12218 # 1504
12218 - 1440 1
12218 + 1096
12219 # 1504
12219 - 1096 1
12219 + 1440
12219 + 88
12220 # 1504
12220 - 1440 1
12220 + 1440
12220 + 88
12221 # 1504
12221 - 88 2
12221 - 1440 1
12221 + 1440
12222 # 1504
12222 - 88 2
12222 - 1440 1
12222 + 1440
12223 # 1504
12223 - 1440 1
12223 + 1440
12224 # 1504
12224 - 1440 1
12224 + 1440
12225 # 1504
12225 - 1440 1
12225 + 1440
12226 # 1504
12226 - 1440 1
12226 + 1440
12227 # 1504
12227 - 1440 1
12227 + 1440
12228 # 1504
12228 - 1440 1
12228 + 1440
12229 # 1504
12229 - 1440 1
12229 + 1440
12230 # 1504
12230 - 1440 1
12230 + 1440
12231 # 1504
12231 - 1440 1
12231 + 1440
12231 + 88
12232 # 1504
12232 - 1440 1
12232 + 1440
12233 # 1504
12233 - 88 2
12233 - 1440 1
12233 + 1440
12234 # 1504
12234 - 1440 1
12234 + 1440
12235 # 1504
12235 - 1440 1
12235 + 1440
12236 # 1504
12236 - 1440 1
12236 + 1440
12237 # 1504
12237 - 1440 1
12237 + 1440
12238 # 1504
12238 - 1440 1
12238 + 1440
12239 # 1504
12239 - 1440 1
12239 + 1440
12240 # 1504
12240 - 1440 1
12240 + 1440
12241 # 1504
12241 - 1440 1
12241 + 1440
12241 + 88
12242 # 1504
12242 - 1440 1
12242 + 1440
12243 # 1504
12243 - 88 2
12243 - 1440 1
12243 + 1440
12244 # 1504
12244 - 1440 1
12244 + 1440
12245 # 1504
12245 - 1440 1
12245 + 1440
12245 + 1440
12246 # 1504
12246 - 1440 1
12246 + 1440
12247 # 1504
12247 - 1440 2
12247 + 1440
12248 # 1504
12248 - 1440 2
12248 + 1440
12249 # 1504
12249 - 1440 2
12249 + 1440
12250 # 1504
12250 - 1440 2
12250 + 1440
12251 # 1504
12251 - 1440 2
12251 + 1440
12251 + 88
12252 # 1504
12252 - 1440 2
12252 + 1440
12253 # 1504
12253 - 1440 2
12253 - 88 2
12253 + 1440
12254 # 1504
12254 - 1440 2
12254 + 1440
12255 # 1504
12255 - 1440 2
12255 + 1440
12256 # 1504
12256 - 1440 2
12256 + 1440
12257 # 1504
12257 - 1440 2
12257 + 1440
12258 # 1504
12258 - 1440 2
12258 + 1440
12259 # 1504
12259 - 1440 2
12259 + 1440
12260 # 1504
12260 - 1440 2
12260 + 1440
12261 # 1504
12261 - 1440 2
12261 + 1440
12262 # 1504
12262 - 1440 2
12262 + 1440
12263 # 1504
12263 - 1440 2
12263 + 88
12263 + 1440
12264 # 1504
12264 - 1440 2
12264 - 88 1
12265 # 1504
12265 - 1440 2
12265 + 1440
12266 # 1504
12266 - 1440 1
12266 + 1440
12267 # 1504
12267 - 1440 1
12267 + 1440
12268 # 1504
12268 - 1440 1
12268 + 1440
12269 # 1504
12269 - 1440 1
12269 + 1440
12270 # 1504
12270 - 1440 1
12270 + 1440
12271 # 1504
12271 - 1440 1
12271 + 1440
12272 # 1504
12272 - 1440 1
12272 + 1440
12273 # 1504
12273 - 1440 1
12273 + 1440
12273 + 88
12274 # 1504
12274 - 1440 1
12274 + 1440
12275 # 1504
12275 - 88 2
12275 - 1440 1
12275 + 1440
12276 # 1504
12276 - 1440 1
12276 + 1440
12277 # 1504
12277 - 1440 1
12277 + 1440
12278 # 1504
12278 - 1440 1
12278 + 1440
12279 # 1504
12279 - 1440 1
12279 + 1440
12280 # 1504
12280 - 1440 1
12280 + 1440
12281 # 1504
12281 - 1440 1
12281 + 1440
12282 # 1504
12282 - 1440 1
12282 + 1440
12283 # 1504
12283 - 1440 1
12283 + 1440
12284 # 1504
12284 - 1440 1
12284 + 1440
12284 + 88
12285 # 1504
12285 - 1440 1
12285 + 1440
12286 # 1504
12286 - 88 2
12286 - 1440 1
12286 + 1440
12287 # 1504
12287 - 1440 1
12287 + 1440
12288 # 1504
12288 - 1440 1
12289 # 1504
12289 + 1440
12290 # 1504
12290 - 1440 1
12290 + 1440
12291 # 1504
12291 - 1440 1
12291 + 1440
12292 # 1504
12292 - 1440 1
12292 + 1440
12293 # 1504
12293 - 1440 1
12293 + 1096
12294 # 1504
12294 - 1096 1
12294 + 1440
12294 + 88
12295 # 1504
12295 - 1440 1
12295 + 1440
12295 + 88
12296 # 1504
12296 - 88 2
12296 - 1440 1
12296 + 1440
12297 # 1504
12297 - 88 2
12297 - 1440 1
12298 # 1504
12298 + 1440
12299 # 1504
12299 - 1440 1
12299 + 1440
12300 # 1504
12300 - 1440 1
12300 + 1440
12301 # 1504
12301 - 1440 1
12301 + 1440
12302 # 1504
12302 - 1440 1
12302 + 1440
12303 # 1504
12303 - 1440 1
12303 + 1440
12304 # 1504
12304 - 1440 1
12304 + 1440
12305 # 1504
12305 - 1440 1
12306 # 1504
12306 + 1440
12306 + 88
12307 # 1504
12307 - 1440 1
12307 + 1440
12308 # 1504
12308 - 88 2
12308 - 1440 1
12308 + 1440
12309 # 1504
12309 - 1440 1
12309 + 1440
12310 # 1504
12310 - 1440 1
12311 # 1504
12311 + 1440
12312 # 1504
12312 - 1440 1
12312 + 1440
12313 # 1504
12313 - 1440 1
12313 + 1440
12314 # 1504
12314 - 1440 1
12314 + 1440
12315 # 1504
12315 - 1440 1
12315 + 1440
12316 # 1504
12316 - 1440 1
12316 + 1440
12317 # 1504
12317 - 1440 1
12317 + 88
12318 # 1504
12318 - 88 1
12318 + 1440
12319 # 1504
12319 - 1440 1
12319 + 1440
12320 # 1504
12320 - 1440 1
12320 + 1440
12321 # 1504
12321 - 1440 1
12321 + 1440
12322 # 1504
12322 - 1440 1
12323 # 1504
12323 + 1440
12324 # 1504
12324 - 1440 1
12324 + 1440
12325 # 1504
12325 - 1440 1
12326 # 1504
12326 + 1440
12327 # 1504
12327 - 1440 1
12327 + 1440
12327 + 88
12328 # 1504
12328 - 1440 1
12329 # 1504
12329 - 88 2
12329 + 1440
12330 # 1504
12330 - 1440 1
12330 + 1440
12331 # 1504
12331 - 1440 1
12332 # 1504
12332 + 1440
12333 # 1504
12333 - 1440 1
12333 + 1440
12334 # 1504
12334 - 1440 1
12334 + 1440
12335 # 1504
12335 - 1440 1
12336 # 1504
12336 + 1440
12337 # 1504
12337 - 1440 1
12337 + 1440
12338 # 1504
12338 - 1440 1
12339 # 1504
12339 + 1440
12339 + 88
12340 # 1504
12340 - 1440 1
12340 + 1440
12341 # 1504
12341 - 88 2
12341 - 1440 1
12342 # 1504
12342 + 1440
12343 # 1504
12343 - 1440 1
12343 + 1440
12344 # 1504
12344 - 1440 1
12345 # 1504
12345 + 1440
12346 # 1504
12346 - 1440 1
12346 + 1440
12347 # 1504
12347 - 1440 1
12347 + 1440
12348 # 1504
12348 - 1440 1
12349 # 1504
12349 + 1440
12349 + 88
12350 # 1504
12350 - 1440 1
12350 + 1440
12351 # 1504
12351 - 88 2
12351 - 1440 1
12351 + 1440
12352 # 1504
12352 - 1440 1
12353 # 1504
12353 + 1440
12354 # 1504
12354 - 1440 1
12354 + 1440
12355 # 1504
12355 - 1440 1
12355 + 1440
12356 # 1504
12356 - 1440 1
12356 + 1440
12357 # 1504
12357 - 1440 1
12358 # 1504
12358 + 1440
12359 # 1504
12359 - 1440 1
12359 + 1440
12359 + 88
12360 # 1504
12360 - 1440 1
12361 # 1504
12361 - 88 2
12361 + 1440
12362 # 1504
12362 - 1440 1
12362 + 1440
12363 # 1504
12363 - 1440 1
12363 + 1440
12364 # 1504
12364 - 1440 1
12365 # 1504
12365 + 1440
12366 # 1504
12366 - 1440 1
12366 + 1440
12367 # 1504
12367 - 1440 1
12367 + 1440
12368 # 1504
12368 - 1440 1
12369 # 1504
12369 + 1440
12370 # 1504
12370 - 1440 1
12370 + 1440
12370 + 88
12371 # 1504
12371 - 1440 1
12371 + 1440
12372 # 1504
12372 - 88 2
12372 - 1440 1
12373 # 1504
12373 + 1440
12374 # 1504
12374 - 1440 1
12374 + 1440
12375 # 1504
12375 - 1440 1
12375 + 1440
12376 # 1504
12376 - 1440 1
12377 # 1504
12377 + 1440
12378 # 1504
12378 - 1440 1
12378 + 1440
12379 # 1504
12379 - 1440 1
12380 # 1504
12380 + 1440
12381 # 1504
12381 - 1440 1
12381 + 1440
12381 + 88
12382 # 1504
12382 - 1440 1
12382 + 1440
12383 # 1504
12383 - 88 2
12383 - 1440 1
12384 # 1504
12384 + 1440
12385 # 1504
12385 - 1440 1
12385 + 1440
12386 # 1504
12386 - 1440 1
12386 + 1440
12387 # 1504
12387 - 1440 1
12388 # 1504
12388 + 1440
12389 # 1504
12389 - 1440 1
12389 + 1440
12390 # 1504
12390 - 1440 1
12390 + 1096
12391 # 1504
12391 - 1096 1
12391 + 1440
12391 + 88
12392 # 1504
12392 - 1440 1
12392 + 1440
12392 + 88
12393 # 1504
12393 - 88 2
12393 - 1440 1
12394 # 1504
12394 - 88 2
12394 + 1440
12395 # 1504
12395 - 1440 1
12395 + 1440
12396 # 1504
12396 - 1440 1
12396 + 1440
12397 # 1504
12397 - 1440 1
12397 + 1440
12398 # 1504
12398 - 1440 1
12399 # 1504
12399 + 1440
12400 # 1504
12400 - 1440 1
12400 + 1440
12401 # 1504
12401 - 1440 1
12401 + 1440
12402 # 1504
12402 - 1440 1
12402 + 1440
12403 # 1504
12403 - 1440 1
12404 # 1504
12404 + 1440
12404 + 88
12405 # 1504
12405 - 1440 1
12405 + 1440
12406 # 1504
12406 - 88 2
12406 - 1440 1
12406 + 1440
12407 # 1504
12407 - 1440 1
12407 + 1440
12408 # 1504
12408 - 1440 1
12409 # 1504
12409 + 1440
12410 # 1504
12410 - 1440 1
12410 + 1440
12411 # 1504
12411 - 1440 1
12411 + 1440
12412 # 1504
12412 - 1440 1
12413 # 1504
12413 + 1440
12414 # 1504
12414 - 1440 1
12414 + 1440
12414 + 88
12415 # 1504
12415 - 1440 1
12416 # 1504
12416 - 88 2
12416 + 1440
12417 # 1504
12417 - 1440 1
12417 + 52
12417 + 1440
12418 # 1504
12418 - 52 1
12418 - 1440 1
12418 + 1440
12419 # 1504
12419 - 1440 1
12420 # 1504
12420 + 1440
12421 # 1504
12421 - 1440 1
12421 + 1440
12422 # 1504
12422 - 1440 1
12423 # 1504
12423 + 1440
12424 # 1504
12424 - 1440 1
12424 + 1440
12425 # 1504
12425 - 1440 1
12425 + 1440
12425 + 88
12426 # 1504
12426 - 1440 1
12427 # 1504
12427 - 88 2
12427 + 1440
12428 # 1504
12428 - 1440 1
12428 + 1440
12429 # 1504
12429 - 1440 1
12429 + 1440
12430 # 1504
12430 - 1440 1
12431 # 1504
12431 + 1440
12432 # 1504
12432 - 1440 1
12432 + 1440
12433 # 1504
12433 - 1440 1
12433 + 1440
12434 # 1504
12434 - 1440 1
12435 # 1504
12435 + 1440
12436 # 1504
12436 - 1440 1
12436 + 1440
12437 # 1504
12437 - 1440 1
12438 # 1504
12438 + 1440
12438 + 88
12439 # 1504
12439 - 1440 1
12439 + 1440
12440 # 1504
12440 - 88 2
12440 - 1440 1
12441 # 1504
12441 + 1440
12442 # 1504
12442 - 1440 1
12442 + 1440
12443 # 1504
12443 - 1440 1
12444 # 1504
12444 + 1440
12445 # 1504
12445 - 1440 1
12445 + 1440
12446 # 1504
12446 - 1440 1
12447 # 1504
12447 + 1440
12448 # 1504
12448 - 1440 1
12448 + 1440
12448 + 88
12449 # 1504
12449 - 1440 1
12450 # 1504
12450 - 88 2
12450 + 1440
12451 # 1504
12451 - 1440 1
12451 + 1440
12452 # 1504
12452 - 1440 1
12452 + 1440
12453 # 1504
12453 - 1440 1
12454 # 1504
12454 + 1440
12455 # 1504
12455 - 1440 1
12455 + 1440
12456 # 1504
12456 - 1440 1
12456 + 1440
12457 # 1504
12457 - 1440 1
12458 # 1504
12458 + 1440
12459 # 1504
12459 - 1440 1
12459 + 1440
12459 + 88
12460 # 1504
12460 - 1440 1
12460 + 1440
12461 # 1504
12461 - 88 2
12461 - 1440 1
12462 # 1504
12462 + 1440
12463 # 1504
12463 - 1440 1
12463 + 1440
12464 # 1504
12464 - 1440 1
12464 + 1440
12465 # 1504
12465 - 1440 1
12466 # 1504
12466 + 1440
12467 # 1504
12467 - 1440 1
12467 + 1440
12468 # 1504
12468 - 1440 1
12468 + 1440
12469 # 1504
12469 - 1440 1
12470 # 1504
12470 + 1440
12470 + 88
12471 # 1504
12471 - 1440 1
12471 + 1440
12472 # 1504
12472 - 88 2
12472 - 1440 1
12472 + 1440
12473 # 1504
12473 - 1440 1
12473 + 1440
12474 # 1504
12474 - 1440 1
12475 # 1504
12475 + 1440
12476 # 1504
12476 - 1440 1
12476 + 1440
12477 # 1504
12477 - 1440 1
12477 + 1440
12478 # 1504
12478 - 1440 1
12479 # 1504
12479 + 1440
12480 # 1504
12480 - 1440 1
12480 + 88
12480 + 1440
12481 # 1504
12481 - 88 1
12482 # 1504
12482 - 1440 2
12482 + 1440
12483 # 1504
12483 - 1440 1
12483 + 1440
12484 # 1504
12484 - 1440 1
12485 # 1504
12485 + 1440
12486 # 1504
12486 - 1440 1
12486 + 1440
12487 # 1504
12487 - 1440 1
12488 # 1504
12488 + 1440
12489 # 1504
12489 - 1440 1
12489 + 1440
12490 # 1504
12490 - 1440 1
12491 # 1504
12491 + 1096
12491 + 88
12492 # 1504
12492 - 1096 1
12492 - 88 1
12492 + 1440
12493 # 1504
12493 - 1440 1
12493 + 88
12494 # 1504
12494 - 88 1
12494 + 1440
12495 # 1504
12495 - 1440 1
12495 + 1440
12496 # 1504
12496 - 1440 1
12496 + 1440
12497 # 1504
12497 - 1440 1
12498 # 1504
12498 + 1440
12499 # 1504
12499 - 1440 1
12499 + 1440
12500 # 1504
12500 - 1440 1
12501 # 1504
12501 + 1440
12502 # 1504
12502 - 1440 1
12502 + 1440
12503 # 1504
12503 - 1440 1
12503 + 1440
12504 # 1504
12504 - 1440 1
12505 # 1504
12505 + 1440
12505 + 88
12506 # 1504
12506 - 1440 1
12506 + 1440
12507 # 1504
12507 - 88 2
12507 - 1440 1
12507 + 1440
12508 # 1504
12508 - 1440 1
12509 # 1504
12509 + 1440
12510 # 1504
12510 - 1440 1
12510 + 1440
12511 # 1504
12511 - 1440 1
12511 + 1440
12512 # 1504
12512 - 1440 1
12513 # 1504
12513 + 1440
12514 # 1504
12514 - 1440 1
12514 + 1440
12515 # 1504
12515 - 1440 1
12515 + 1440
12515 + 88
12516 # 1504
12516 - 1440 1
12517 # 1504
12517 - 88 2
12517 + 1440
12518 # 1504
12518 - 1440 1
12519 # 1504
12519 + 1440
12519 + 1440
12520 # 1504
12520 - 1440 1
12521 # 1504
12521 - 1440 2
12521 + 1440
12522 # 1504
12522 - 1440 1
12522 + 1440
12523 # 1504
12523 - 1440 1
12524 # 1504
12524 + 1440
12525 # 1504
12525 - 1440 1
12525 + 1440
12526 # 1504
12526 - 1440 1
12527 # 1504
12527 + 1440
12527 + 88
12528 # 1504
12528 - 1440 1
12528 + 1440
12529 # 1504
12529 - 88 2
12529 - 1440 1
12530 # 1504
12530 + 1440
12531 # 1504
12531 - 1440 1
12531 + 1440
12532 # 1504
12532 - 1440 1
12533 # 1504
12533 + 1440
12534 # 1504
12534 - 1440 1
12534 + 1440
12535 # 1504
12535 - 1440 1
12535 + 1440
12536 # 1504
12536 - 1440 1
12537 # 1504
12537 + 1440
12537 + 88
12538 # 1504
12538 - 1440 1
12538 + 1440
12539 # 1504
12539 - 88 2
12539 - 1440 1
12540 # 1504
12540 + 1440
12541 # 1504
12541 - 1440 1
12541 + 1440
12542 # 1504
12542 - 1440 1
12543 # 1504
12543 + 1440
12544 # 1504
12544 - 1440 1
12544 + 1440
12545 # 1504
12545 - 1440 1
12546 # 1504
12546 + 1440
12547 # 1504
12547 - 1440 1
12547 + 1440
12547 + 88
12548 # 1504
12548 - 1440 1
12549 # 1504
12549 - 88 2
12549 + 1440
12550 # 1504
12550 - 1440 1
12550 + 1440
12551 # 1504
12551 - 1440 1
12552 # 1504
12552 + 1440
12553 # 1504
12553 - 1440 1
12553 + 1440
12554 # 1504
12554 - 1440 1
12554 + 1440
12555 # 1504
12555 - 1440 1
12556 # 1504
12556 + 1440
12557 # 1504
12557 - 1440 1
12557 + 1440
12558 # 1504
12558 - 1440 1
12558 + 1440
12559 # 1504
12559 - 1440 1
12559 + 88
12560 # 1504
12560 - 88 1
12560 + 1440
12561 # 1504
12561 - 1440 1
12561 + 1440
12562 # 1504
12562 - 1440 1
12563 # 1504
12563 + 1440
12564 # 1504
12564 - 1440 1
12564 + 1440
12565 # 1504
12565 - 1440 1
12566 # 1504
12566 + 1440
12567 # 1504
12567 - 1440 1
12567 + 1440
12568 # 1504
12568 - 1440 1
12569 # 1504
12569 + 1440
12569 + 88
12570 # 1504
12570 - 1440 1
12571 # 1504
12571 - 88 2
12571 + 1440
12572 # 1504
12572 - 1440 1
12572 + 1440
12573 # 1504
12573 - 1440 1
12574 # 1504
12574 + 1440
12575 # 1504
12575 - 1440 1
12575 + 1440
12576 # 1504
12576 - 1440 1
12577 # 1504
12577 + 1440
12578 # 1504
12578 - 1440 1
12579 # 1504
12580 # 1504
12581 # 1504
12582 # 1504
12583 # 1504
12584 # 1504
12584 + 1440
12584 + 1440
12584 + 1440
12584 + 1440
12585 # 1504
12585 - 1440 1
12585 + 1440
12585 + 88
12586 # 1504
12586 - 1440 2
12586 + 1440
12587 # 1504
12587 - 1440 3
12587 + 1440
12588 # 1504
12588 - 1440 4
12589 # 1504
12589 - 1440 4
12589 - 88 4
12589 + 1440
12590 # 1504
12590 - 1440 4
12590 + 1440
12591 # 1504
12591 - 1440 4
12592 # 1504
12592 - 1440 3
12592 + 1440
12593 # 1504
12593 - 1440 3
12593 + 1440
12594 # 1504
12594 - 1440 2
12595 # 1504
12595 - 1440 2
12595 + 1440
12596 # 1504
12596 - 1440 1
12596 + 1440
12596 + 88
12597 # 1504
12597 - 1440 1
12598 # 1504
12598 - 88 2
12598 + 1096
12599 # 1504
12599 - 1096 1
12599 + 1440
12600 # 1504
12600 - 1440 1
12601 # 1504
12601 + 1440
12601 + 88
12602 # 1504
12602 - 1440 1
12602 + 1440
12603 # 1504
12603 - 88 2
12603 - 1440 1
12603 + 1440
12604 # 1504
12604 - 1440 1
12605 # 1504
12605 + 1440
12606 # 1504
12606 - 1440 1
12606 + 1440
12607 # 1504
12607 - 1440 1
12608 # 1504
12608 + 1440
12609 # 1504
12609 - 1440 1
12609 + 1440
12610 # 1504
12610 - 1440 1
12610 + 1440
12611 # 1504
12611 - 1440 1
12611 + 88
12612 # 1504
12612 - 88 1
12612 + 1440
12613 # 1504
12613 - 1440 1
12613 + 1440
12614 # 1504
12614 - 1440 1
12615 # 1504
12615 + 1440
12616 # 1504
12616 - 1440 1
12616 + 1440
12617 # 1504
12617 - 1440 1
12617 + 1440
12618 # 1504
12618 - 1440 1
12618 + 1440
12619 # 1504
12619 - 1440 1
12620 # 1504
12620 + 1440
12621 # 1504
12621 - 1440 1
12621 + 1440
12622 # 1504
12622 - 1440 1
12622 + 1440
12622 + 88
12623 # 1504
12623 - 1440 1
12624 # 1504
12624 - 88 2
12624 + 1440
12625 # 1504
12625 - 1440 1
12625 + 1440
12626 # 1504
12626 - 1440 1
12626 + 1440
12627 # 1504
12627 - 1440 1
12628 # 1504
12628 + 1440
12629 # 1504
12629 - 1440 1
12629 + 1440
12630 # 1504
12630 - 1440 1
12630 + 1440
12631 # 1504
12631 - 1440 1
12632 # 1504
12632 + 1440
12633 # 1504
12633 - 1440 1
12633 + 1440
12633 + 88
12634 # 1504
12634 - 1440 1
12634 + 1440
12635 # 1504
12635 - 88 2
12635 - 1440 1
12636 # 1504
12636 + 1440
12637 # 1504
12637 - 1440 1
12637 + 1440
12638 # 1504
12638 - 1440 1
12639 # 1504
12639 + 1440
12640 # 1504
12640 - 1440 1
12640 + 1440
12641 # 1504
12641 - 1440 1
12641 + 1440
12642 # 1504
12642 - 1440 1
12643 # 1504
12643 + 1440
12644 # 1504
12644 - 1440 1
12644 + 88
12644 + 1440
12645 # 1504
12645 - 88 1
12646 # 1504
12646 - 1440 2
12646 + 1440
12647 # 1504
12647 - 1440 1
12647 + 1440
12648 # 1504
12648 - 1440 1
12649 # 1504
12649 + 1440
12650 # 1504
12650 - 1440 1
12650 + 1440
12651 # 1504
12651 - 1440 1
12652 # 1504
12652 + 1440
12653 # 1504
12653 - 1440 1
12653 + 1440
12654 # 1504
12654 - 1440 1
12655 # 1504
12655 + 1440
12655 + 88
12656 # 1504
12656 - 1440 1
12656 + 1440
12657 # 1504
12657 - 88 2
12657 - 1440 1
12658 # 1504
12658 + 1440
12659 # 1504
12659 - 1440 1
12659 + 1440
12660 # 1504
12660 - 1440 1
12661 # 1504
12661 + 1440
12662 # 1504
12662 - 1440 1
12662 + 1440
12663 # 1504
12663 - 1440 1
12664 # 1504
12664 + 1440
12665 # 1504
12665 - 1440 1
12665 + 1440
12665 + 88
12666 # 1504
12666 - 1440 1
12666 + 1440
12667 # 1504
12667 - 88 2
12667 - 1440 1
12668 # 1504
12668 + 1440
12669 # 1504
12669 - 1440 1
12669 + 1440
12670 # 1504
12670 - 1440 1
12671 # 1504
12671 + 1440
12672 # 1504
12672 - 1440 1
12672 + 1440
12673 # 1504
12673 - 1440 1
12673 + 1440
12674 # 1504
12674 - 1440 1
12675 # 1504
12675 + 1440
12676 # 1504
12676 - 1440 1
12676 + 88
12676 + 1440
12677 # 1504
12677 - 88 1
12677 + 1440
12678 # 1504
12678 - 1440 2
12678 - 1440 1
12679 # 1504
12679 + 1440
12680 # 1504
12680 - 1440 1
12681 # 1504
12681 + 1440
12682 # 1504
12682 - 1440 1
12682 + 1440
12683 # 1504
12683 - 1440 1
12684 # 1504
12684 + 1440
12685 # 1504
12685 - 1440 1
12686 # 1504
12686 + 1440
12687 # 1504
12687 - 1440 1
12687 + 1440
12687 + 88
12688 # 1504
12688 - 1440 1
12689 # 1504
12689 - 88 2
12689 + 1440
12690 # 1504
12690 - 1440 1
12690 + 1440
12691 # 1504
12691 - 1440 1
12692 # 1504
12692 + 1440
12693 # 1504
12693 - 1440 1
12693 + 1440
12694 # 1504
12694 - 1440 1
12695 # 1504
12695 + 1440
12696 # 1504
12696 - 1440 1
12696 + 1440
12697 # 1504
12697 - 1440 1
12697 + 88
12698 # 1504
12698 - 88 1
12698 + 1440
12699 # 1504
12699 - 1440 1
12699 + 1440
12700 # 1504
12700 - 1440 1
12700 + 1440
12701 # 1504
12701 - 1440 1
12702 # 1504
12702 + 1440
12703 # 1504
12703 - 1440 1
12703 + 1096
12704 # 1504
12704 - 1096 1
12705 # 1504
12705 + 1440
12706 # 1504
12706 - 1440 1
12706 + 1440
12706 + 88
12707 # 1504
12707 - 1440 1
12707 + 1440
12708 # 1504
12708 - 88 2
12708 - 1440 1
12709 # 1504
12709 + 1440
12710 # 1504
12710 - 1440 1
12710 + 1440
12711 # 1504
12711 - 1440 1
12712 # 1504
12712 + 1440
12713 # 1504
12713 - 1440 1
12714 # 1504
12714 + 1440
12715 # 1504
12715 - 1440 1
12715 + 1440
12716 # 1504
12716 - 1440 1
12716 + 88
12717 # 1504
12717 - 88 1
12717 + 1440
12718 # 1504
12718 - 1440 1
12719 # 1504
12719 + 1440
12720 # 1504
12720 - 1440 1
12720 + 1440
12721 # 1504
12721 - 1440 1
12722 # 1504
12722 + 1440
12723 # 1504
12723 - 1440 1
12723 + 1440
12724 # 1504
12724 - 1440 1
12725 # 1504
12725 + 1440
12726 # 1504
12726 - 1440 1
12726 + 1440
12727 # 1504
12727 - 1440 1
12728 # 1504
12728 + 1440
12728 + 88
12729 # 1504
12729 - 1440 1
12729 + 1440
12730 # 1504
12730 - 88 2
12730 - 1440 1
12731 # 1504
12731 + 1440
12732 # 1504
12732 - 1440 1
12732 + 1440
12733 # 1504
12733 - 1440 1
12734 # 1504
12734 + 1440
12735 # 1504
12735 - 1440 1
12735 + 1440
12736 # 1504
12736 - 1440 1
12737 # 1504
12737 + 1440
12738 # 1504
12738 - 1440 1
12738 + 1440
12738 + 88
12739 # 1504
12739 - 1440 1
12740 # 1504
12740 - 88 2
12740 + 1440
12741 # 1504
12741 - 1440 1
12741 + 1440
12742 # 1504
12742 - 1440 1
12743 # 1504
12743 + 1440
12744 # 1504
12744 - 1440 1
12744 + 1440
12745 # 1504
12745 - 1440 1
12746 # 1504
12746 + 1440
12747 # 1504
12747 - 1440 1
12748 # 1504
12748 + 1440
12749 # 1504
12749 - 1440 1
12749 + 88
12749 + 1440
12750 # 1504
12750 - 88 1
12751 # 1504
12751 - 1440 2
12751 + 1440
12752 # 1504
12752 - 1440 1
12752 + 1440
12753 # 1504
12753 - 1440 1
12754 # 1504
12754 + 1440
12755 # 1504
12755 - 1440 1
12755 + 1440
12756 # 1504
12756 - 1440 1
12757 # 1504
12757 + 1440
12758 # 1504
12758 - 1440 1
12758 + 1440
12759 # 1504
12759 - 1440 1
12760 # 1504
12760 + 1440
12760 + 88
12761 # 1504
12761 - 1440 1
12761 + 1440
12762 # 1504
12762 - 88 2
12762 - 1440 1
12762 + 1440
12763 # 1504
12763 - 1440 1
12764 # 1504
12764 + 1440
12765 # 1504
12765 - 1440 1
12765 + 1440
12766 # 1504
12766 - 1440 1
12767 # 1504
12767 + 1440
12768 # 1504
12768 - 1440 1
12768 + 1440
12769 # 1504
12769 - 1440 1
12769 + 1440
12770 # 1504
12770 - 1440 1
12771 # 1504
12771 + 1440
12771 + 88
12772 # 1504
12772 - 1440 1
12772 + 1440
12773 # 1504
12773 - 88 2
12773 - 1440 1
12774 # 1504
12774 + 1440
12775 # 1504
12775 - 1440 1
12775 + 1440
12776 # 1504
12776 - 1440 1
12777 # 1504
12777 + 1440
12778 # 1504
12778 - 1440 1
12778 + 1440
12779 # 1504
12779 - 1440 1
12779 + 1440
12780 # 1504
12780 - 1440 1
12781 # 1504
12781 + 1440
12781 + 88
12782 # 1504
12782 - 1440 1
12782 + 1440
12783 # 1504
12783 - 88 2
12783 - 1440 1
12784 # 1504
12784 + 1440
12785 # 1504
12785 - 1440 1
12785 + 1440
12786 # 1504
12786 - 1440 1
12786 + 1440
12787 # 1504
12787 - 1440 1
12787 + 1440
12788 # 1504
12788 - 1440 1
12789 # 1504
12789 + 1440
12790 # 1504
12790 - 1440 1
12790 + 1440
12791 # 1504
12791 - 1440 1
12791 + 1440
12791 + 88
12792 # 1504
12792 - 1440 1
12793 # 1504
12793 - 88 2
12793 + 1440
12794 # 1504
12794 - 1440 1
12794 + 1440
12795 # 1504
12795 - 1440 1
12795 + 1440
12796 # 1504
12796 - 1440 1
12797 # 1504
12797 + 1440
12798 # 1504
12798 - 1440 1
12798 + 1440
12799 # 1504
12799 - 1440 1
12800 # 1504
12800 + 1440
12801 # 1504
12801 - 1440 1
12801 + 1440
12802 # 1504
12802 - 1440 1
12803 # 1504
12803 + 1440
12803 + 88
12804 # 1504
12804 - 1440 1
12804 + 1440
12805 # 1504
12805 - 88 2
12805 - 1440 1
12806 # 1504
12806 + 1440
12807 # 1504
12807 - 1440 1
12807 + 1440
12808 # 1504
12808 - 1440 1
12809 # 1504
12809 + 1440
12810 # 1504
12810 - 1440 1
12810 + 1440
12811 # 1504
12811 - 1440 1
12812 # 1504
12812 + 1096
12813 # 1504
12813 - 1096 1
12813 + 1440
12813 + 88
12814 # 1504
12814 - 1440 1
12814 + 1440
12814 + 88
12815 # 1504
12815 - 88 2
12815 - 1440 1
12816 # 1504
12816 - 88 2
12816 + 1440
12817 # 1504
12817 - 1440 1
12817 + 1440
12818 # 1504
12818 - 1440 1
12819 # 1504
12819 + 1440
12820 # 1504
12820 - 1440 1
12820 + 1440
12821 # 1504
12821 - 1440 1
12822 # 1504
12822 + 1440
12823 # 1504
12823 - 1440 1
12823 + 1440
12824 # 1504
12824 - 1440 1
12825 # 1504
12825 + 1440
12825 + 88
12826 # 1504
12826 - 1440 1
12826 + 1440
12827 # 1504
12827 - 88 2
12827 - 1440 1
12828 # 1504
12828 + 1440
12829 # 1504
12829 - 1440 1
12830 # 1504
12830 + 1440
12831 # 1504
12831 - 1440 1
12831 + 1440
12832 # 1504
12832 - 1440 1
12833 # 1504
12833 + 1440
12834 # 1504
12834 - 1440 1
12834 + 1440
12835 # 1504
12835 - 1440 1
12836 # 1504
12836 + 88
12836 + 1440
12837 # 1504
12837 - 88 1
12838 # 1504
12838 - 1440 2
12838 + 1440
12839 # 1504
12839 - 1440 1
12839 + 1440
12840 # 1504
12840 - 1440 1
12841 # 1504
12841 + 1440
12842 # 1504
12842 - 1440 1
12842 + 1440
12843 # 1504
12843 - 1440 1
12843 + 1440
12844 # 1504
12844 - 1440 1
12845 # 1504
12845 + 1440
12846 # 1504
12846 - 1440 1
12846 + 1440
12846 + 88
12847 # 1504
12847 - 1440 1
12848 # 1504
12848 - 88 2
12848 + 1440
12849 # 1504
12849 - 1440 1
12849 + 1440
12850 # 1504
12850 - 1440 1
12850 + 1440
12851 # 1504
12851 - 1440 1
12852 # 1504
12852 + 1440
12853 # 1504
12853 - 1440 1
12853 + 1440
12854 # 1504
12854 - 1440 1
12855 # 1504
12855 + 1440
12856 # 1504
12856 - 1440 1
12856 + 1440
12857 # 1504
12857 - 1440 1
12857 + 1440
12858 # 1504
12858 - 1440 1
12858 + 88
12859 # 1504
12859 - 88 1
12859 + 1440
12860 # 1504
12860 - 1440 1
12860 + 1440
12861 # 1504
12861 - 1440 1
12862 # 1504
12862 + 1440
12863 # 1504
12863 - 1440 1
12863 + 1440
12864 # 1504
12864 - 1440 1
12864 + 1440
12865 # 1504
12865 - 1440 1
12866 # 1504
12866 + 1440
12867 # 1504
12867 - 1440 1
12867 + 1440
12868 # 1504
12868 - 1440 1
12869 # 1504
12869 + 1440
12869 + 88
12870 # 1504
12870 - 1440 1
12870 + 1440
12871 # 1504
12871 - 88 2
12871 - 1440 1
12872 # 1504
12872 + 1440
12873 # 1504
12873 - 1440 1
12873 + 1440
12874 # 1504
12874 - 1440 1
12875 # 1504
12875 + 1440
12876 # 1504
12876 - 1440 1
12877 # 1504
12877 + 1440
12878 # 1504
12878 - 1440 1
12878 + 1440
12879 # 1504
12879 - 1440 1
12880 # 1504
12880 + 1440
12880 + 88
12881 # 1504
12881 - 1440 1
12881 + 1440
12882 # 1504
12882 - 88 2
12882 - 1440 1
12883 # 1504
12883 + 1440
12884 # 1504
12884 - 1440 1
12884 + 1440
12885 # 1504
12885 - 1440 1
12886 # 1504
12886 + 1440
12887 # 1504
12887 - 1440 1
12887 + 1440
12888 # 1504
12888 - 1440 1
12889 # 1504
12889 + 1440
12890 # 1504
12890 - 1440 1
12890 + 88
12890 + 1440
12891 # 1504
12891 - 88 1
12892 # 1504
12892 - 1440 2
12892 + 1440
12893 # 1504
12893 - 1440 1
12893 + 1440
12894 # 1504
12894 - 1440 1
12895 # 1504
12895 + 1440
12896 # 1504
12896 - 1440 1
12896 + 1440
12897 # 1504
12897 - 1440 1
12898 # 1504
12898 + 1440
12899 # 1504
12899 - 1440 1
12899 + 1440
12900 # 1504
12900 - 1440 1
12901 # 1504
12901 + 1440
12901 + 88
12902 # 1504
12902 - 1440 1
12902 + 1440
12903 # 1504
12903 - 88 2
12903 - 1440 1
12904 # 1504
12904 + 1440
12905 # 1504
12905 - 1440 1
12905 + 1440
12906 # 1504
12906 - 1440 1
12906 + 1440
12907 # 1504
12907 - 1440 1
12908 # 1504
12908 + 1440
12909 # 1504
12909 - 1440 1
12909 + 1440
12910 # 1504
12910 - 1440 1
12910 + 1440
12911 # 1504
12911 - 1440 1
12912 # 1504
12912 + 1440
12912 + 88
12913 # 1504
12913 - 1440 1
12913 + 1440
12914 # 1504
12914 - 88 2
12914 - 1440 1
12915 # 1504
12915 + 1440
12916 # 1504
12916 - 1440 1
12916 + 1440
12917 # 1504
12917 - 1440 1
12918 # 1504
12918 + 1440
12919 # 1504
12919 - 1440 1
12920 # 1504
12920 + 1440
12921 # 1504
12921 - 1440 1
12921 + 1096
12922 # 1504
12922 - 1096 1
12923 # 1504
12923 + 1440
12923 + 88
12924 # 1504
12924 - 1440 1
12924 + 88
12924 + 1440
12925 # 1504
12925 - 88 2
12925 - 88 1
12926 # 1504
12926 - 1440 2
12926 + 1440
12927 # 1504
12927 - 1440 1
12928 # 1504
12928 + 1440
12929 # 1504
12929 - 1440 1
12929 + 1440
12930 # 1504
12930 - 1440 1
12931 # 1504
12931 + 1440
12932 # 1504
12932 - 1440 1
12932 + 1440
12933 # 1504
12933 - 1440 1
12934 # 1504
12934 + 1440
12935 # 1504
12935 - 1440 1
12935 + 88
12935 + 1440
12936 # 1504
12936 - 88 1
12937 # 1504
12937 - 1440 2
12937 + 1440
12938 # 1504
12938 - 1440 1
12938 + 1440
12939 # 1504
12939 - 1440 1
12940 # 1504
12940 + 1440
12941 # 1504
12941 - 1440 1
12942 # 1504
12942 + 1440
12943 # 1504
12943 - 1440 1
12943 + 1440
12944 # 1504
12944 - 1440 1
12945 # 1504
12945 + 1440
12945 + 88
12946 # 1504
12946 - 1440 1
12946 + 1440
12947 # 1504
12947 - 88 2
12947 - 1440 1
12948 # 1504
12948 + 1440
12949 # 1504
12949 - 1440 1
12949 + 1440
12950 # 1504
12950 - 1440 1
12951 # 1504
12951 + 1440
12952 # 1504
12952 - 1440 1
12952 + 1440
12953 # 1504
12953 - 1440 1
12954 # 1504
12954 + 1440
12955 # 1504
12955 - 1440 1
12955 + 88
12955 + 1440
12956 # 1504
12956 - 88 1
12957 # 1504
12957 - 1440 2
12957 + 1440
12958 # 1504
12958 - 1440 1
12958 + 1440
12959 # 1504
12959 - 1440 1
12960 # 1504
12960 + 1440
12961 # 1504
12961 - 1440 1
12961 + 1440
12962 # 1504
12962 - 1440 1
12963 # 1504
12963 + 1440
12964 # 1504
12964 - 1440 1
12965 # 1504
12965 + 1440
12966 # 1504
12966 - 1440 1
12966 + 88
12967 # 1504
12967 - 88 1
12967 + 1440
12968 # 1504
12968 - 1440 1
12968 + 1440
12969 # 1504
12969 - 1440 1
12970 # 1504
12970 + 1440
12971 # 1504
12971 - 1440 1
12972 # 1504
12972 + 1440
12973 # 1504
12973 - 1440 1
12973 + 1440
12974 # 1504
12974 - 1440 1
12975 # 1504
12975 + 1440
12976 # 1504
12976 - 1440 1
12976 + 88
12977 # 1504
12977 - 88 1
12977 + 1440
12978 # 1504
12978 - 1440 1
12978 + 1440
12979 # 1504
12979 - 1440 1
12980 # 1504
12980 + 1440
12981 # 1504
12981 - 1440 1
12982 # 1504
12982 + 1440
12983 # 1504
12983 - 1440 1
12984 # 1504
12984 + 1440
12985 # 1504
12985 - 1440 1
12985 + 1440
12986 # 1504
12986 - 1440 1
12987 # 1504
12987 + 88
12987 + 1440
12988 # 1504
12988 - 88 1
12989 # 1504
12989 - 1440 2
12989 + 1440
12990 # 1504
12990 - 1440 1
12991 # 1504
12991 + 1440
12992 # 1504
12992 - 1440 1
12992 + 1440
12993 # 1504
12993 - 1440 1
12994 # 1504
12994 + 1440
12995 # 1504
12995 - 1440 1
12996 # 1504
12996 + 1440
12997 # 1504
12997 - 1440 1
12998 # 1504
12998 + 1440
12998 + 88
12999 # 1504
12999 - 1440 1
13000 # 1504
13000 - 88 2
13000 + 1440
13001 # 1504
13001 - 1440 1
13002 # 1504
13002 + 1440
13003 # 1504
13003 - 1440 1
13004 # 1504
13004 + 1440
13005 # 1504
13005 - 1440 1
13006 # 1504
13006 + 1440
13007 # 1504
13007 - 1440 1
13008 # 1504
13008 + 1440
13009 # 1504
13009 - 1440 1
13009 + 88
13010 # 1504
13010 - 88 1
13010 + 1440
13011 # 1504
13011 - 1440 1
13012 # 1504
13012 + 1440
13013 # 1504
13013 - 1440 1
13014 # 1504
13014 + 1440
13015 # 1504
13015 - 1440 1
13015 + 1440
13016 # 1504
13016 - 1440 1
13017 # 1504
13017 + 1440
13018 # 1504
13018 - 1440 1
13019 # 1504
13019 + 1440
13020 # 1504
13020 - 1440 1
13020 + 88
13020 + 1440
13021 # 1504
13021 - 88 1
13022 # 1504
13022 - 1440 2
13022 + 1440
13023 # 1504
13023 - 1440 1
13024 # 1504
13024 + 1440
13025 # 1504
13025 - 1440 1
13025 + 1440
13026 # 1504
13026 - 1440 1
13027 # 1504
13027 + 1440
13028 # 1504
13028 - 1440 1
13029 # 1504
13029 + 1440
13030 # 1504
13030 - 1440 1
13030 + 88
13030 + 1440
13031 # 1504
13031 - 88 1
13032 # 1504
13032 - 1440 2
13032 + 1440
13033 # 1504
13033 - 1440 1
13034 # 1504
13034 + 1440
13035 # 1504
13035 - 1440 1
13036 # 1504
13036 + 1440
13037 # 1504
13037 - 1440 1
13038 # 1504
13038 + 1440
13039 # 1504
13039 - 1440 1
13040 # 1504
13040 + 1440
13041 # 1504
13041 - 1440 1
13041 + 88
13042 # 1504
13042 - 88 1
13043 # 1504
13043 + 1440
13044 # 1504
13044 - 1440 1
13044 + 1440
13045 # 1504
13045 - 1440 1
13046 # 1504
13047 # 1504
13047 + 1440
13048 # 1504
13048 - 1440 1
13049 # 1504
13049 + 1096
13050 # 1504
13050 - 1096 1
13051 # 1504
13051 + 1440
13052 # 1504
13052 - 1440 1
13052 + 88
13053 # 1504
13053 - 88 1
13053 + 1440
13054 # 1504
13054 - 1440 1
13055 # 1504
13055 + 1440
13056 # 1504
13056 - 1440 1
13057 # 1504
13057 + 1440
13058 # 1504
13058 - 1440 1
13059 # 1504
13059 + 1440
13060 # 1504
13060 - 1440 1
13061 # 1504
13061 + 1440
13062 # 1504
13062 - 1440 1
13063 # 1504
13063 + 1440
13064 # 1504
13064 - 1440 1
13064 + 88
13065 # 1504
13065 - 88 1
13065 + 1440
13066 # 1504
13066 - 1440 1
13067 # 1504
13067 + 1440
13068 # 1504
13068 - 1440 1
13069 # 1504
13069 + 1440
13070 # 1504
13070 - 1440 1
13071 # 1504
13071 + 1440
13072 # 1504
13072 - 1440 1
13073 # 1504
13073 + 1440
13074 # 1504
13074 - 1440 1
13075 # 1504
13076 # 1504
13076 + 1440
13076 + 88
13077 # 1504
13077 - 1440 1
13078 # 1504
13078 - 88 2
13078 + 1440
13079 # 1504
13079 - 1440 1
13080 # 1504
13080 + 1440
13081 # 1504
13081 - 1440 1
13082 # 1504
13083 # 1504
13083 + 1440
13084 # 1504
13084 - 1440 1
13085 # 1504
13085 + 1440
13086 # 1504
13086 - 1440 1
13087 # 1504
13087 + 1440
13088 # 1504
13088 - 1440 1
13088 + 88
13089 # 1504
13089 - 88 1
13090 # 1504
13090 + 1440
13091 # 1504
13091 - 1440 1
13092 # 1504
13092 + 1440
13093 # 1504
13093 - 1440 1
13094 # 1504
13095 # 1504
13095 + 1440
13096 # 1504
13096 - 1440 1
13097 # 1504
13097 + 1440
13098 # 1504
13098 - 1440 1
13099 # 1504
13099 + 1440
13099 + 88
13100 # 1504
13100 - 1440 1
13101 # 1504
13101 - 88 2
13101 + 1440
13102 # 1504
13102 - 1440 1
13103 # 1504
13103 + 1440
13104 # 1504
13104 - 1440 1
13105 # 1504
13105 + 1440
13106 # 1504
13106 - 1440 1
13107 # 1504
13107 + 1440
13108 # 1504
13108 - 1440 1
13109 # 1504
13109 + 1440
13109 + 88
13110 # 1504
13110 - 1440 1
13111 # 1504
13111 - 88 2
13111 + 1440
13112 # 1504
13112 - 1440 1
13113 # 1504
13113 + 1440
13114 # 1504
13114 - 1440 1
13115 # 1504
13115 + 1440
13116 # 1504
13116 - 1440 1
13117 # 1504
13117 + 1440
13118 # 1504
13118 - 1440 1
13118 + 1440
13119 # 1504
13119 - 1440 1
13120 # 1504
13121 # 1504
13121 + 1440
13121 + 88
13122 # 1504
13122 - 1440 1
13122 + 1440
13123 # 1504
13123 - 88 2
13123 - 1440 1
13124 # 1504
13124 + 1440
13125 # 1504
13125 - 1440 1
13126 # 1504
13126 + 1440
13127 # 1504
13127 - 1440 1
13128 # 1504
13128 + 1440
13129 # 1504
13129 - 1440 1
13129 + 1440
13130 # 1504
13130 - 1440 1
13131 # 1504
13131 + 88
13131 + 1440
13132 # 1504
13132 - 88 1
13133 # 1504
13133 - 1440 2
13133 + 1440
13134 # 1504
13134 - 1440 1
13135 # 1504
13135 + 1440
13136 # 1504
13136 - 1440 1
13137 # 1504
13137 + 1440
13138 # 1504
13138 - 1440 1
13139 # 1504
13139 + 1440
13140 # 1504
13140 - 1440 1
13141 # 1504
13142 # 1504
13142 + 1440
13142 + 88
13143 # 1504
13143 - 1440 1
13144 # 1504
13144 - 88 2
13144 + 1440
13145 # 1504
13145 - 1440 1
13146 # 1504
13146 + 1440
13147 # 1504
13147 - 1440 1
13148 # 1504
13148 + 1440
13149 # 1504
13149 - 1440 1
13150 # 1504
13150 + 1440
13151 # 1504
13151 - 1440 1
13152 # 1504
13152 + 1440
13153 # 1504
13153 - 1440 1
13153 + 88
13154 # 1504
13154 - 88 1
13154 + 1440
13155 # 1504
13155 - 1440 1
13156 # 1504
13156 + 1440
13157 # 1504
13157 - 1440 1
13158 # 1504
13158 + 1440
13159 # 1504
13159 - 1440 1
13160 # 1504
13160 + 1440
13161 # 1504
13161 - 1440 1
13162 # 1504
13162 + 1440
13163 # 1504
13163 - 1440 1
13164 # 1504
13164 + 1440
13164 + 88
13165 # 1504
13165 - 1440 1
13165 + 1440
13166 # 1504
13166 - 88 2
13166 - 1440 1
13167 # 1504
13167 + 1440
13168 # 1504
13168 - 1440 1
13169 # 1504
13169 + 1440
13170 # 1504
13170 - 1440 1
13171 # 1504
13171 + 1440
13172 # 1504
13172 - 1440 1
13172 + 1440
13173 # 1504
13173 - 1440 1
13174 # 1504
13175 # 1504
13175 + 1440
13175 + 88
13176 # 1504
13176 - 1440 1
13177 # 1504
13177 - 88 2
13177 + 1440
13178 # 1504
13178 - 1440 1
13179 # 1504
13179 + 1440
13180 # 1504
13180 - 1440 1
13181 # 1504
13181 + 1440
13182 # 1504
13182 - 1440 1
13183 # 1504
13183 + 1440
13184 # 1504
13184 - 1440 1
13185 # 1504
13185 + 1440
13186 # 1504
13186 - 1440 1
13186 + 88
13187 # 1504
13187 - 88 1
13188 # 1504
13188 + 1440
13189 # 1504
13189 - 1440 1
13190 # 1504
13190 + 1440
13191 # 1504
13191 - 1440 1
13192 # 1504
13192 + 1440
13193 # 1504
13193 - 1440 1
13194 # 1504
13194 + 1440
13195 # 1504
13195 - 1440 1
13196 # 1504
13196 + 1440
13196 + 88
13197 # 1504
13197 - 1440 1
13198 # 1504
13198 - 88 2
13198 + 1440
13199 # 1504
13199 - 1440 1
13200 # 1504
13200 + 1096
13201 # 1504
13201 - 1096 1
13202 # 1504
13202 + 1440
13203 # 1504
13203 - 1440 1
13204 # 1504
13204 + 1440
13204 + 88
13205 # 1504
13205 - 1440 1
13206 # 1504
13206 - 88 2
13206 + 1440
13207 # 1504
13207 - 1440 1
13208 # 1504
13208 + 1440
13209 # 1504
13209 - 1440 1
13210 # 1504
13210 + 1440
13211 # 1504
13211 - 1440 1
13212 # 1504
13212 + 1440
13213 # 1504
13213 - 1440 1
13214 # 1504
13214 + 1440
13215 # 1504
13215 - 1440 1
13216 # 1504
13216 + 1440
13216 + 88
13217 # 1504
13217 - 1440 1
13217 + 1440
13218 # 1504
13218 - 88 2
13218 - 1440 1
13219 # 1504
13219 + 1440
13220 # 1504
13220 - 1440 1
13221 # 1504
13221 + 1440
13222 # 1504
13222 - 1440 1
13223 # 1504
13223 + 1440
13224 # 1504
13224 - 1440 1
13224 + 1440
13225 # 1504
13225 - 1440 1
13226 # 1504
13226 + 88
13226 + 1440
13227 # 1504
13227 - 88 1
13228 # 1504
13228 - 1440 2
13228 + 1440
13229 # 1504
13229 - 1440 1
13230 # 1504
13230 + 1440
13231 # 1504
13231 - 1440 1
13232 # 1504
13232 + 1440
13233 # 1504
13233 - 1440 1
13234 # 1504
13234 + 1440
13235 # 1504
13235 - 1440 1
13236 # 1504
13236 + 1440
13237 # 1504
13237 - 1440 1
13238 # 1504
13238 + 88
13238 + 1440
13239 # 1504
13239 - 88 1
13240 # 1504
13240 - 1440 2
13240 + 1440
13241 # 1504
13241 - 1440 1
13242 # 1504
13243 # 1504
13243 + 1440
13244 # 1504
13244 - 1440 1
13245 # 1504
13245 + 1440
13246 # 1504
13246 - 1440 1
13247 # 1504
13247 + 1440
13248 # 1504
13248 - 1440 1
13249 # 1504
13249 + 1440
13250 # 1504
13250 - 1440 1
13251 # 1504
13251 + 88
13251 + 1440
13252 # 1504
13252 - 88 1
13253 # 1504
13253 - 1440 2
13253 + 1440
13254 # 1504
13254 - 1440 1
13255 # 1504
13255 + 1440
13256 # 1504
13256 - 1440 1
13257 # 1504
13257 + 1440
13258 # 1504
13258 - 1440 1
13259 # 1504
13259 + 1440
13260 # 1504
13260 - 1440 1
13261 # 1504
13261 + 1440
13261 + 88
13262 # 1504
13262 - 1440 1
13263 # 1504
13263 - 88 2
13263 + 1440
13264 # 1504
13264 - 1440 1
13265 # 1504
13265 + 1440
13266 # 1504
13266 - 1440 1
13266 + 1440
13267 # 1504
13267 - 1440 1
13268 # 1504
13268 + 1440
13269 # 1504
13269 - 1440 1
13270 # 1504
13270 + 1440
13271 # 1504
13271 - 1440 1
13272 # 1504
13272 + 1440
13272 + 88
13273 # 1504
13273 - 1440 1
13274 # 1504
13274 - 88 2
13274 + 1440
13275 # 1504
13275 - 1440 1
13275 + 1440
13276 # 1504
13276 - 1440 1
13277 # 1504
13277 + 1440
13278 # 1504
13278 - 1440 1
13279 # 1504
13279 + 1440
13280 # 1504
13280 - 1440 1
13280 + 1440
13281 # 1504
13281 - 1440 1
13282 # 1504
13282 + 1440
13282 + 88
13283 # 1504
13283 - 1440 1
13284 # 1504
13284 - 88 2
13284 + 1440
13285 # 1504
13285 - 1440 1
13285 + 1440
13286 # 1504
13286 - 1440 1
13287 # 1504
13287 + 1440
13288 # 1504
13288 - 1440 1
13289 # 1504
13289 + 1440
13290 # 1504
13290 - 1440 1
13291 # 1504
13291 + 1440
13292 # 1504
13292 - 1440 1
13293 # 1504
13293 + 1440
13293 + 88
13294 # 1504
13294 - 1440 1
13294 + 1440
13295 # 1504
13295 - 88 2
13295 - 1440 1
13296 # 1504
13296 + 1440
13297 # 1504
13297 - 1440 1
13298 # 1504
13298 + 1440
13299 # 1504
13299 - 1440 1
13300 # 1504
13300 + 1440
13301 # 1504
13301 - 1440 1
13302 # 1504
13302 + 1440
13303 # 1504
13303 - 1440 1
13303 + 88
13304 # 1504
13304 - 88 1
13304 + 1440
13305 # 1504
13305 - 1440 1
13306 # 1504
13306 + 1440
13307 # 1504
13307 - 1440 1
13308 # 1504
13308 + 1440
13309 # 1504
13309 - 1440 1
13310 # 1504
13310 + 1440
13311 # 1504
13311 - 1440 1
13312 # 1504
13312 + 1440
13313 # 1504
13313 - 1440 1
13314 # 1504
13314 + 1440
13314 + 88
13315 # 1504
13315 - 1440 1
13315 + 1440
13316 # 1504
13316 - 88 2
13316 - 1440 1
13317 # 1504
13317 + 1440
13318 # 1504
13318 - 1440 1
13319 # 1504
13319 + 1440
13320 # 1504
13320 - 1440 1
13321 # 1504
13321 + 1440
13322 # 1504
13322 - 1440 1
13323 # 1504
13323 + 1440
13324 # 1504
13324 - 1440 1
13324 + 88
13325 # 1504
13325 - 88 1
13325 + 1440
13326 # 1504
13326 - 1440 1
13326 + 1440
13327 # 1504
13327 - 1440 1
13328 # 1504
13328 + 1440
13329 # 1504
13329 - 1440 1
13330 # 1504
13330 + 1440
13331 # 1504
13331 - 1440 1
13331 + 1440
13332 # 1504
13332 - 1440 1
13333 # 1504
13333 + 1440
13334 # 1504
13334 - 1440 1
13334 + 88
13334 + 1440
13335 # 1504
13335 - 88 1
13336 # 1504
13336 - 1440 2
13336 + 1440
13337 # 1504
13337 - 1440 1
13338 # 1504
13338 + 1096
13339 # 1504
13339 - 1096 1
13339 + 1440
13340 # 1504
13340 - 1440 1
13340 + 88
13341 # 1504
13341 - 88 1
13341 + 1440
13342 # 1504
13342 - 1440 1
13342 + 1440
13343 # 1504
13343 - 1440 1
13344 # 1504
13344 + 1440
13345 # 1504
13345 - 1440 1
13346 # 1504
13346 + 1440
13347 # 1504
13347 - 1440 1
13348 # 1504
13348 + 1440
13349 # 1504
13349 - 1440 1
13349 + 1440
13350 # 1504
13350 - 1440 1
13351 # 1504
13351 + 1440
13352 # 1504
13352 - 1440 1
13352 + 88
13353 # 1504
13353 - 88 1
13353 + 1440
13354 # 1504
13354 - 1440 1
13354 + 1440
13355 # 1504
13355 - 1440 1
13356 # 1504
13356 + 1440
13357 # 1504
13357 - 1440 1
13358 # 1504
13358 + 1440
13359 # 1504
13359 - 1440 1
13360 # 1504
13360 + 1440
13361 # 1504
13361 - 1440 1
13362 # 1504
13362 + 1440
13363 # 1504
13363 - 1440 1
13364 # 1504
13364 + 1440
13364 + 88
13365 # 1504
13365 - 1440 1
13366 # 1504
13366 - 88 2
13366 + 1440
13367 # 1504
13367 - 1440 1
13368 # 1504
13368 + 1440
13369 # 1504
13369 - 1440 1
13369 + 1440
13370 # 1504
13370 - 1440 1
13371 # 1504
13371 + 1440
13372 # 1504
13372 - 1440 1
13373 # 1504
13373 + 1440
13373 + 88
13374 # 1504
13374 - 1440 1
13375 # 1504
13375 - 88 2
13375 + 1440
13376 # 1504
13376 - 1440 1
13377 # 1504
13377 + 1440
13378 # 1504
13378 - 1440 1
13379 # 1504
13379 + 1440
13380 # 1504
13380 - 1440 1
13380 + 1440
13381 # 1504
13381 - 1440 1
13382 # 1504
13382 + 1440
13383 # 1504
13383 - 1440 1
13384 # 1504
13384 + 1440
13384 + 88
13385 # 1504
13385 - 1440 1
13385 + 1440
13386 # 1504
13386 - 88 2
13386 - 1440 1
13387 # 1504
13387 + 1440
13388 # 1504
13388 - 1440 1
13389 # 1504
13389 + 1440
13390 # 1504
13390 - 1440 1
13390 + 1440
13391 # 1504
13391 - 1440 1
13392 # 1504
13392 + 1440
13393 # 1504
13393 - 1440 1
13393 + 1440
13394 # 1504
13394 - 1440 1
13395 # 1504
13395 + 1440
13395 + 88
13396 # 1504
13396 - 1440 1
13397 # 1504
13397 - 88 2
13397 + 1440
13398 # 1504
13398 - 1440 1
13399 # 1504
13399 + 1440
13400 # 1504
13400 - 1440 1
13401 # 1504
13401 + 1440
13402 # 1504
13402 - 1440 1
13403 # 1504
13403 + 1440
13404 # 1504
13404 - 1440 1
13405 # 1504
13405 + 1440
13406 # 1504
13406 - 1440 1
13407 # 1504
13407 + 1440
13407 + 88
13408 # 1504
13408 - 1440 1
13409 # 1504
13409 - 88 2
13409 + 1440
13410 # 1504
13410 - 1440 1
13410 + 1440
13411 # 1504
13411 - 1440 1
13412 # 1504
13412 + 1440
13413 # 1504
13413 - 1440 1
13414 # 1504
13414 + 1440
13415 # 1504
13415 - 1440 1
13416 # 1504
13416 + 1440
13417 # 1504
13417 - 1440 1
13418 # 1504
13418 + 1440
13418 + 88
13419 # 1504
13419 - 1440 1
13419 + 1440
13420 # 1504
13420 - 88 2
13420 - 1440 1
13421 # 1504
13421 + 1440
13422 # 1504
13422 - 1440 1
13422 + 1440
13423 # 1504
13423 - 1440 1
13424 # 1504
13424 + 1440
13425 # 1504
13425 - 1440 1
13426 # 1504
13426 + 1440
13427 # 1504
13427 - 1440 1
13427 + 1440
13428 # 1504
13428 - 1440 1
13429 # 1504
13429 + 1440
13429 + 88
13430 # 1504
13430 - 1440 1
13431 # 1504
13431 - 88 2
13431 + 1440
13432 # 1504
13432 - 1440 1
13432 + 1440
13433 # 1504
13433 - 1440 1
13434 # 1504
13434 + 1440
13435 # 1504
13435 - 1440 1
13436 # 1504
13436 + 1440
13437 # 1504
13437 - 1440 1
13438 # 1504
13438 + 1440
13439 # 1504
13439 - 1440 1
13439 + 1440
13440 # 1504
13440 - 1440 1
13440 + 88
13441 # 1504
13441 - 88 1
13441 + 1440
13442 # 1504
13442 - 1440 1
13443 # 1504
13443 + 1440
13444 # 1504
13444 - 1440 1
13445 # 1504
13445 + 1440
13446 # 1504
13446 - 1440 1
13446 + 1440
13447 # 1504
13447 - 1440 1
13448 # 1504
13448 + 1440
13449 # 1504
13449 - 1440 1
13450 # 1504
13450 + 1440
13450 + 88
13451 # 1504
13451 - 1440 1
13452 # 1504
13452 - 88 2
13452 + 1440
13453 # 1504
13453 - 1440 1
13454 # 1504
13454 + 1440
13455 # 1504
13455 - 1440 1
13456 # 1504
13456 + 1440
13457 # 1504
13457 - 1440 1
13458 # 1504
13458 + 1440
13459 # 1504
13459 - 1440 1
13459 + 1440
13460 # 1504
13460 - 1440 1
13461 # 1504
13461 + 1440
13462 # 1504
13462 - 1440 1
13462 + 88
13463 # 1504
13463 - 88 1
13463 + 1440
13464 # 1504
13464 - 1440 1
13465 # 1504
13465 + 1440
13466 # 1504
13466 - 1440 1
13467 # 1504
13467 + 1440
13468 # 1504
13468 - 1440 1
13469 # 1504
13469 + 1096
13470 # 1504
13470 - 1096 1
13470 + 1440
13471 # 1504
13471 - 1440 1
13472 # 1504
13472 + 1440
13472 + 88
13473 # 1504
13473 - 1440 1
13474 # 1504
13474 - 88 2
13474 + 1440
13475 # 1504
13475 - 1440 1
13475 + 1440
13476 # 1504
13476 - 1440 1
13477 # 1504
13477 + 1440
13478 # 1504
13478 - 1440 1
13479 # 1504
13479 + 1440
13480 # 1504
13480 - 1440 1
13480 + 1440
13481 # 1504
13481 - 1440 1
13482 # 1504
13482 + 1440
13483 # 1504
13483 - 1440 1
13483 + 88
13483 + 1440
13484 # 1504
13484 - 88 1
13485 # 1504
13485 - 1440 2
13485 + 1440
13486 # 1504
13486 - 1440 1
13487 # 1504
13487 + 1440
13488 # 1504
13488 - 1440 1
13489 # 1504
13489 + 1440
13490 # 1504
13490 - 1440 1
13491 # 1504
13491 + 1440
13492 # 1504
13492 - 1440 1
13492 + 1440
13493 # 1504
13493 - 1440 1
13494 # 1504
13494 + 1440
13495 # 1504
13495 - 1440 1
13495 + 88
13496 # 1504
13496 - 88 1
13496 + 1440
13497 # 1504
13497 - 1440 1
13498 # 1504
13498 + 1440
13499 # 1504
13499 - 1440 1
13500 # 1504
13500 + 1440
13501 # 1504
13501 - 1440 1
13502 # 1504
13502 + 1440
13503 # 1504
13503 - 1440 1
13504 # 1504
13504 + 1440
13504 + 88
13505 # 1504
13505 - 1440 1
13505 + 1440
13506 # 1504
13506 - 88 2
13506 - 1440 1
13507 # 1504
13507 + 1440
13508 # 1504
13508 - 1440 1
13509 # 1504
13509 + 1440
13510 # 1504
13510 - 1440 1
13511 # 1504
13511 + 1440
13512 # 1504
13512 - 1440 1
13513 # 1504
13513 + 1440
13514 # 1504
13514 - 1440 1
13514 + 1440
13515 # 1504
13515 - 1440 1
13515 + 88
13516 # 1504
13516 - 88 1
13516 + 1440
13517 # 1504
13517 - 1440 1
13518 # 1504
13518 + 1440
13519 # 1504
13519 - 1440 1
13520 # 1504
13520 + 1440
13521 # 1504
13521 - 1440 1
13522 # 1504
13522 + 1440
13523 # 1504
13523 - 1440 1
13524 # 1504
13524 + 1440
13525 # 1504
13525 - 1440 1
13526 # 1504
13526 + 1440
13526 + 88
13527 # 1504
13527 - 1440 1
13528 # 1504
13528 - 88 2
13528 + 1440
13529 # 1504
13529 - 1440 1
13530 # 1504
13530 + 1440
13531 # 1504
13531 - 1440 1
13532 # 1504
13532 + 1440
13533 # 1504
13533 - 1440 1
13534 # 1504
13534 + 1440
13535 # 1504
13535 - 1440 1
13536 # 1504
13536 + 1440
13537 # 1504
13537 - 1440 1
13537 + 88
13538 # 1504
13538 - 88 1
13538 + 1440
13539 # 1504
13539 - 1440 1
13540 # 1504
13540 + 1440
13541 # 1504
13541 - 1440 1
13542 # 1504
13542 + 1440
13543 # 1504
13543 - 1440 1
13544 # 1504
13544 + 1440
13545 # 1504
13545 - 1440 1
13546 # 1504
13546 + 1440
13547 # 1504
13547 - 1440 1
13548 # 1504
13548 + 88
13548 + 1440
13549 # 1504
13549 - 88 1
13550 # 1504
13550 - 1440 2
13551 # 1504
13551 + 1440
13552 # 1504
13552 - 1440 1
13553 # 1504
13553 + 1440
13554 # 1504
13554 - 1440 1
13555 # 1504
13555 + 1440
13556 # 1504
13556 - 1440 1
13557 # 1504
13557 + 1440
13558 # 1504
13558 - 1440 1
13559 # 1504
13559 + 1440
13559 + 88
13560 # 1504
13560 - 1440 1
13561 # 1504
13561 - 88 2
13561 + 1440
13562 # 1504
13562 - 1440 1
13563 # 1504
13563 + 1440
13564 # 1504
13564 - 1440 1
13565 # 1504
13565 + 1440
13566 # 1504
13566 - 1440 1
13567 # 1504
13567 + 1440
13568 # 1504
13568 - 1440 1
13569 # 1504
13569 + 1440
13569 + 88
13570 # 1504
13570 - 1440 1
13571 # 1504
13571 - 88 2
13571 + 1440
13572 # 1504
13572 - 1440 1
13573 # 1504
13573 + 1440
13574 # 1504
13574 - 1440 1
13575 # 1504
13575 + 1440
13576 # 1504
13576 - 1440 1
13577 # 1504
13577 + 1440
13578 # 1504
13578 - 1440 1
13579 # 1504
13579 + 1440
13580 # 1504
13580 - 1440 1
13581 # 1504
13581 + 1440
13581 + 88
13582 # 1504
13582 - 1440 1
13583 # 1504
13583 - 88 2
13583 + 1440
13584 # 1504
13584 - 1440 1
13585 # 1504
13586 # 1504
13586 + 1440
13587 # 1504
13587 - 1440 1
13588 # 1504
13588 + 1440
13589 # 1504
13589 - 1440 1
13590 # 1504
13590 + 1440
13591 # 1504
13591 - 1440 1
13592 # 1504
13593 # 1504
13593 + 1440
13593 + 88
13594 # 1504
13594 - 1440 1
13595 # 1504
13595 - 88 2
13595 + 1440
13596 # 1504
13596 - 1440 1
13597 # 1504
13597 + 1440
13598 # 1504
13598 - 1440 1
13599 # 1504
13600 # 1504
13600 + 1440
13601 # 1504
13601 - 1440 1
13602 # 1504
13602 + 1440
13602 + 88
13603 # 1504
13603 - 1440 1
13604 # 1504
13604 - 88 2
13605 # 1504
13605 + 1440
13606 # 1504
13606 - 1440 1
13607 # 1504
13607 + 1440
13608 # 1504
13608 - 1440 1
13609 # 1504
13609 + 1440
13610 # 1504
13610 - 1440 1
13611 # 1504
13611 + 1440
13612 # 1504
13612 - 1440 1
13613 # 1504
13614 # 1504
13614 + 1440
13614 + 88
13615 # 1504
13615 - 1440 1
13616 # 1504
13616 - 88 2
13616 + 1096
13617 # 1504
13617 - 1096 1
13618 # 1504
13619 # 1504
13619 + 1440
13620 # 1504
13620 - 1440 1
13621 # 1504
13622 # 1504
13622 + 1440
13622 + 88
13623 # 1504
13623 - 1440 1
13624 # 1504
13624 - 88 2
13624 + 1440
13625 # 1504
13625 - 1440 1
13626 # 1504
13627 # 1504
13627 + 1440
13628 # 1504
13628 - 1440 1
13629 # 1504
13629 + 1440
13630 # 1504
13630 - 1440 1
13630 + 88
13631 # 1504
13631 - 88 1
13632 # 1504
13632 + 1440
13633 # 1504
13633 - 1440 1
13634 # 1504
13635 # 1504
13635 + 1440
13636 # 1504
13636 - 1440 1
13637 # 1504
13638 # 1504
13638 + 1440
13639 # 1504
13639 - 1440 1
13640 # 1504
13641 # 1504
13641 + 1440
13642 # 1504
13642 - 1440 1
13642 + 88
13643 # 1504
13643 - 88 1
13644 # 1504
13644 + 1440
13645 # 1504
13645 - 1440 1
13646 # 1504
13647 # 1504
13647 + 1440
13648 # 1504
13648 - 1440 1
13649 # 1504
13650 # 1504
13650 + 1440
13651 # 1504
13651 - 1440 1
13652 # 1504
13653 # 1504
13653 + 1440
13654 # 1504
13654 - 1440 1
13654 + 88
13655 # 1504
13655 - 88 1
13656 # 1504
13656 + 1440
13657 # 1504
13657 - 1440 1
13658 # 1504
13659 # 1504
13659 + 1440
13660 # 1504
13660 - 1440 1
13661 # 1504
13662 # 1504
13662 + 1440
13663 # 1504
13663 - 1440 1
13664 # 1504
13664 + 1440
13664 + 88
13665 # 1504
13665 - 1440 1
13666 # 1504
13666 - 88 2
13666 + 1440
13667 # 1504
13667 - 1440 1
13668 # 1504
13669 # 1504
13669 + 1440
13670 # 1504
13670 - 1440 1
13671 # 1504
13671 + 1440
13672 # 1504
13672 - 1440 1
13673 # 1504
13673 + 1440
13674 # 1504
13674 - 1440 1
13675 # 1504
13676 # 1504
13676 + 1440
13676 + 88
13677 # 1504
13677 - 1440 1
13678 # 1504
13678 - 88 2
13678 + 1440
13679 # 1504
13679 - 1440 1
13680 # 1504
13681 # 1504
13681 + 1440
13682 # 1504
13682 - 1440 1
13683 # 1504
13683 + 1440
13684 # 1504
13684 - 1440 1
13685 # 1504
13685 + 1440
13686 # 1504
13686 - 1440 1
13687 # 1504
13688 # 1504
13688 + 1440
13688 + 88
13689 # 1504
13689 - 1440 1
13690 # 1504
13690 - 88 2
13691 # 1504
13691 + 1440
13692 # 1504
13692 - 1440 1
13693 # 1504
13694 # 1504
13694 + 1440
13695 # 1504
13695 - 1440 1
13696 # 1504
13697 # 1504
13697 + 1440
13698 # 1504
13698 - 1440 1
13698 + 88
13699 # 1504
13699 - 88 1
13700 # 1504
13700 + 1440
13701 # 1504
13701 - 1440 1
13702 # 1504
13703 # 1504
13704 # 1504
13704 + 1440
13705 # 1504
13705 - 1440 1
13706 # 1504
13707 # 1504
13707 + 1440
13708 # 1504
13708 - 1440 1
13709 # 1504
13710 # 1504
13711 # 1504
13711 + 1440
13711 + 88
13712 # 1504
13712 - 1440 1
13713 # 1504
13713 - 88 2
13714 # 1504
13714 + 1440
13715 # 1504
13715 - 1440 1
13716 # 1504
13717 # 1504
13717 + 1440
13718 # 1504
13718 - 1440 1
13719 # 1504
13720 # 1504
13720 + 1440
13721 # 1504
13721 - 1440 1
13722 # 1504
13722 + 88
13723 # 1504
13723 - 88 1
13723 + 1440
13724 # 1504
13724 - 1440 1
13725 # 1504
13726 # 1504
13726 + 1440
13727 # 1504
13727 - 1440 1
13728 # 1504
13729 # 1504
13729 + 1440
13730 # 1504
13730 - 1440 1
13731 # 1504
13732 # 1504
13732 + 1440
13732 + 88
13733 # 1504
13733 - 1440 1
13734 # 1504
13734 - 88 2
13734 + 1440
13735 # 1504
13735 - 1440 1
13736 # 1504
13737 # 1504
13737 + 1440
13738 # 1504
13738 - 1440 1
13739 # 1504
13740 # 1504
13740 + 1440
13741 # 1504
13741 - 1440 1
13741 + 88
13742 # 1504
13742 - 88 1
13743 # 1504
13743 + 1440
13744 # 1504
13744 - 1440 1
13745 # 1504
13746 # 1504
13747 # 1504
13747 + 1440
13748 # 1504
13748 - 1440 1
13749 # 1504
13750 # 1504
13751 # 1504
13751 + 1440
13752 # 1504
13752 - 1440 1
13753 # 1504
13754 # 1504
13755 # 1504
13755 + 1440
13756 # 1504
13756 - 1440 1
13756 + 88
13757 # 1504
13757 - 88 1
13758 # 1504
13759 # 1504
13759 + 1440
13760 # 1504
13760 - 1440 1
13761 # 1504
13762 # 1504
13763 # 1504
13763 + 1440
13764 # 1504
13764 - 1440 1
13765 # 1504
13766 # 1504
13767 # 1504
13767 + 1440
13767 + 88
13768 # 1504
13768 - 1440 1
13769 # 1504
13769 - 88 2
13770 # 1504
13771 # 1504
13771 + 1440
13772 # 1504
13772 - 1440 1
13773 # 1504
13774 # 1504
13775 # 1504
13775 + 1440
13776 # 1504
13776 - 1440 1
13777 # 1504
13778 # 1504
13779 # 1504
13779 + 1440
13779 + 88
13780 # 1504
13780 - 1440 1
13781 # 1504
13781 - 88 2
13782 # 1504
13783 # 1504
13783 + 1440
13784 # 1504
13784 - 1440 1
13785 # 1504
13786 # 1504
13786 + 1440
13787 # 1504
13787 - 1440 1
13788 # 1504
13789 # 1504
13789 + 1440
13790 # 1504
13790 - 1440 1
13790 + 88
13791 # 1504
13791 - 88 1
13792 # 1504
13793 # 1504
13793 + 1440
13794 # 1504
13794 - 1440 1
13795 # 1504
13796 # 1504
13796 + 1440
13797 # 1504
13797 - 1440 1
13798 # 1504
13799 # 1504
13799 + 1440
13800 # 1504
13800 - 1440 1
13801 # 1504
13802 # 1504
13803 # 1504
13803 + 1440
13803 + 88
13804 # 1504
13804 - 1440 1
13805 # 1504
13805 - 88 2
13806 # 1504
13806 + 1440
13807 # 1504
13807 - 1440 1
13808 # 1504
13809 # 1504
13809 + 1440
13810 # 1504
13810 - 1440 1
13811 # 1504
13812 # 1504
13813 # 1504
13813 + 88
13813 + 1440
13814 # 1504
13814 - 88 1
13815 # 1504
13815 - 1440 2
13816 # 1504
13816 + 1440
13817 # 1504
13817 - 1440 1
13818 # 1504
13819 # 1504
13819 + 1440
13820 # 1504
13820 - 1440 1
13821 # 1504
13822 # 1504
13822 + 1440
13823 # 1504
13823 - 1440 1
13824 # 1504
13825 # 1504
13825 + 1440
13825 + 88
13826 # 1504
13826 - 1440 1
13827 # 1504
13827 - 88 2
13828 # 1504
13828 + 1440
13829 # 1504
13829 - 1440 1
13830 # 1504
13831 # 1504
13831 + 1440
13832 # 1504
13832 - 1440 1
13833 # 1504
13833 + 1440
13834 # 1504
13834 - 1440 1
13835 # 1504
13836 # 1504
13836 + 88
13836 + 1440
13837 # 1504
13837 - 88 1
13838 # 1504
13838 - 1440 2
13839 # 1504
13839 + 1440
13840 # 1504
13840 - 1440 1
13841 # 1504
13842 # 1504
13842 + 1096
13843 # 1504
13843 - 1096 1
13844 # 1504
13845 # 1504
13845 + 1440
13846 # 1504
13846 - 1440 1
13847 # 1504
13847 + 88
13848 # 1504
13848 - 88 1
13848 + 1440
13849 # 1504
13849 - 1440 1
13850 # 1504
13851 # 1504
13851 + 1440
13852 # 1504
13852 - 1440 1
13853 # 1504
13854 # 1504
13854 + 1440
13855 # 1504
13855 - 1440 1
13856 # 1504
13857 # 1504
13857 + 1440
13858 # 1504
13858 - 1440 1
13859 # 1504
13860 # 1504
13860 + 1440
13861 # 1504
13861 - 1440 1
13861 + 88
13862 # 1504
13862 - 88 1
13863 # 1504
13863 + 1440
13864 # 1504
13864 - 1440 1
13865 # 1504
13865 + 1440
13866 # 1504
13866 - 1440 1
13867 # 1504
13868 # 1504
13868 + 1440
13869 # 1504
13869 - 1440 1
13870 # 1504
13871 # 1504
13871 + 1440
13872 # 1504
13872 - 1440 1
13873 # 1504
13874 # 1504
13874 + 1440
13874 + 88
13875 # 1504
13875 - 1440 1
13876 # 1504
13876 - 88 2
13877 # 1504
13877 + 1440
13878 # 1504
13878 - 1440 1
13879 # 1504
13880 # 1504
13880 + 1440
13881 # 1504
13881 - 1440 1
13882 # 1504
13882 + 1440
13883 # 1504
13883 - 1440 1
13884 # 1504
13885 # 1504
13885 + 1440
13886 # 1504
13886 - 1440 1
13886 + 88
13887 # 1504
13887 - 88 1
13887 + 1440
13888 # 1504
13888 - 1440 1
13889 # 1504
13890 # 1504
13890 + 1440
13891 # 1504
13891 - 1440 1
13892 # 1504
13892 + 1440
13893 # 1504
13893 - 1440 1
13894 # 1504
13895 # 1504
13895 + 1440
13896 # 1504
13896 - 1440 1
13896 + 88
13897 # 1504
13897 - 88 1
13898 # 1504
13898 + 1440
13899 # 1504
13899 - 1440 1
13900 # 1504
13900 + 1440
13901 # 1504
13901 - 1440 1
13902 # 1504
13903 # 1504
13903 + 1440
13904 # 1504
13904 - 1440 1
13905 # 1504
13905 + 1440
13906 # 1504
13906 - 1440 1
13907 # 1504
13908 # 1504
13908 + 1440
13909 # 1504
13909 - 1440 1
13910 # 1504
13910 + 88
13911 # 1504
13911 - 88 1
13911 + 1440
13912 # 1504
13912 - 1440 1
13913 # 1504
13914 # 1504
13914 + 1440
13915 # 1504
13915 - 1440 1
13916 # 1504
13917 # 1504
13917 + 1440
13918 # 1504
13918 - 1440 1
13919 # 1504
13920 # 1504
13920 + 1440
13921 # 1504
13921 - 1440 1
13922 # 1504
13922 + 88
13923 # 1504
13923 - 88 1
13923 + 1440
13924 # 1504
13924 - 1440 1
13925 # 1504
13926 # 1504
13926 + 1440
13927 # 1504
13927 - 1440 1
13928 # 1504
13928 + 1440
13929 # 1504
13929 - 1440 1
13930 # 1504
13931 # 1504
13931 + 1440
13932 # 1504
13932 - 1440 1
13933 # 1504
13934 # 1504
13934 + 1440
13934 + 88
13935 # 1504
13935 - 1440 1
13936 # 1504
13936 - 88 2
13936 + 1440
13937 # 1504
13937 - 1440 1
13938 # 1504
13939 # 1504
13939 + 1440
13940 # 1504
13940 - 1440 1
13941 # 1504
13941 + 1440
13942 # 1504
13942 - 1440 1
13943 # 1504
13944 # 1504
13944 + 1440
13945 # 1504
13945 - 1440 1
13945 + 88
13946 # 1504
13946 - 88 1
13947 # 1504
13947 + 1440
13948 # 1504
13948 - 1440 1
13949 # 1504
13949 + 1440
13950 # 1504
13950 - 1440 1
13951 # 1504
13952 # 1504
13952 + 1440
13953 # 1504
13953 - 1440 1
13954 # 1504
13954 + 1440
13955 # 1504
13955 - 1440 1
13956 # 1504
13957 # 1504
13958 # 1504
13958 + 1440
13958 + 88
13959 # 1504
13959 - 1440 1
13960 # 1504
13960 - 88 2
13961 # 1504
13961 + 1440
13962 # 1504
13962 - 1440 1
13963 # 1504
13964 # 1504
13965 # 1504
13965 + 1440
13966 # 1504
13966 - 1440 1
13967 # 1504
13968 # 1504
13968 + 1440
13969 # 1504
13969 - 1440 1
13970 # 1504
13971 # 1504
13971 + 88
13971 + 1440
13972 # 1504
13972 - 88 1
13973 # 1504
13973 - 1440 2
13974 # 1504
13974 + 1440
13975 # 1504
13975 - 1440 1
13976 # 1504
13977 # 1504
13978 # 1504
13978 + 1440
13979 # 1504
13979 - 1440 1
13980 # 1504
13981 # 1504
13981 + 1440
13982 # 1504
13982 - 1440 1
13982 + 88
13983 # 1504
13983 - 88 1
13984 # 1504
13985 # 1504
13985 + 1440
13986 # 1504
13986 - 1440 1
13987 # 1504
13988 # 1504
13988 + 1440
13989 # 1504
13989 - 1440 1
13990 # 1504
13991 # 1504
13991 + 1440
13992 # 1504
13992 - 1440 1
13993 # 1504
13994 # 1504
13995 # 1504
13995 + 1440
13996 # 1504
13996 - 1440 1
13996 + 88
13997 # 1504
13997 - 88 1
13998 # 1504
13998 + 1440
13999 # 1504
13999 - 1440 1
14000 # 1504
14001 # 1504
14001 + 1440
14002 # 1504
14002 - 1440 1
14003 # 1504
14004 # 1504
14005 # 1504
14005 + 1440
14006 # 1504
14006 - 1440 1
14007 # 1504
14007 + 88
14008 # 1504
14008 - 88 1
14008 + 1440
14009 # 1504
14009 - 1440 1
14010 # 1504
14011 # 1504
14011 + 1440
14012 # 1504
14012 - 1440 1
14013 # 1504
14014 # 1504
14015 # 1504
14015 + 1440
14016 # 1504
14016 - 1440 1
14017 # 1504
14018 # 1504
14018 + 1440
14019 # 1504
14019 - 1440 1
14020 # 1504
14021 # 1504
14022 # 1504
14022 + 1440
14022 + 88
14023 # 1504
14023 - 1440 1
14024 # 1504
14024 - 88 2
14024 + 1440
14025 # 1504
14025 - 1440 1
14026 # 1504
14026 + 1440
14027 # 1504
14027 - 1440 1
14028 # 1504
14029 # 1504
14029 + 1440
14030 # 1504
14030 - 1440 1
14031 # 1504
14032 # 1504
14032 + 1440
14033 # 1504
14033 - 1440 1
14033 + 88
14034 # 1504
14034 - 88 1
14034 + 1440
14035 # 1504
14035 - 1440 1
14036 # 1504
14037 # 1504
14037 + 1440
14038 # 1504
14038 - 1440 1
14039 # 1504
14039 + 1440
14040 # 1504
14040 - 1440 1
14041 # 1504
14042 # 1504
14042 + 1440
14043 # 1504
14043 - 1440 1
14044 # 1504
14045 # 1504
14045 + 1440
14045 + 88
14046 # 1504
14046 - 1440 1
14047 # 1504
14047 - 88 2
14047 + 1440
14048 # 1504
14048 - 1440 1
14049 # 1504
14050 # 1504
14050 + 1440
14051 # 1504
14051 - 1440 1
14052 # 1504
14053 # 1504
14053 + 1440
14054 # 1504
14054 - 1440 1
14055 # 1504
14056 # 1504
14056 + 88
14056 + 1096
14057 # 1504
14057 - 88 1
14057 - 1096 1
14058 # 1504
14058 + 88
14059 # 1504
14059 - 88 1
14059 + 1440
14060 # 1504
14060 - 1440 1
14061 # 1504
14062 # 1504
14062 + 1440
14063 # 1504
14063 - 1440 1
14064 # 1504
14065 # 1504
14065 + 1440
14066 # 1504
14066 - 1440 1
14067 # 1504
14067 + 1440
14068 # 1504
14068 - 1440 1
14069 # 1504
14070 # 1504
14070 + 88
14070 + 1440
14071 # 1504
14071 - 88 1
14072 # 1504
14072 - 1440 2
14073 # 1504
14073 + 1440
14074 # 1504
14074 - 1440 1
14075 # 1504
14076 # 1504
14076 + 1440
14077 # 1504
14077 - 1440 1
14078 # 1504
14079 # 1504
14079 + 1440
14080 # 1504
14080 - 1440 1
14081 # 1504
14081 + 88
14081 + 1440
14082 # 1504
14082 - 88 1
14083 # 1504
14083 - 1440 2
14084 # 1504
14084 + 1440
14085 # 1504
14085 - 1440 1
14086 # 1504
14086 + 1440
14087 # 1504
14087 - 1440 1
14088 # 1504
14089 # 1504
14089 + 1440
14090 # 1504
14090 - 1440 1
14091 # 1504
14092 # 1504
14092 + 1440
14092 + 88
14093 # 1504
14093 - 1440 1
14094 # 1504
14094 - 88 2
14094 + 1440
14095 # 1504
14095 - 1440 1
14096 # 1504
14097 # 1504
14097 + 1440
14098 # 1504
14098 - 1440 1
14099 # 1504
14099 + 1440
14100 # 1504
14100 - 1440 1
14101 # 1504
14102 # 1504
14102 + 1440
14103 # 1504
14103 - 1440 1
14104 # 1504
14105 # 1504
14105 + 1440
14106 # 1504
14106 - 1440 1
14106 + 88
14107 # 1504
14107 - 88 1
14107 + 1440
14108 # 1504
14108 - 1440 1
14109 # 1504
14110 # 1504
14110 + 1440
14111 # 1504
14111 - 1440 1
14112 # 1504
14112 + 1440
14113 # 1504
14113 - 1440 1
14114 # 1504
14115 # 1504
14115 + 1440
14116 # 1504
14116 - 1440 1
14117 # 1504
14117 + 88
14117 + 1440
14118 # 1504
14118 - 88 1
14119 # 1504
14119 - 1440 2
14120 # 1504
14120 + 1440
14121 # 1504
14121 - 1440 1
14122 # 1504
14123 # 1504
14123 + 1440
14124 # 1504
14124 - 1440 1
14125 # 1504
14126 # 1504
14126 + 1440
14127 # 1504
14127 - 1440 1
14128 # 1504
14128 + 1440
14128 + 88
14129 # 1504
14129 - 1440 1
14130 # 1504
14130 - 88 2
14130 + 1440
14131 # 1504
14131 - 1440 1
14132 # 1504
14132 + 1440
14133 # 1504
14133 - 1440 1
14134 # 1504
14135 # 1504
14135 + 1440
14136 # 1504
14136 - 1440 1
14137 # 1504
14137 + 1440
14138 # 1504
14138 - 1440 1
14139 # 1504
14139 + 1440
14140 # 1504
14140 - 1440 1
14141 # 1504
14142 # 1504
14142 + 1440
14142 + 88
14143 # 1504
14143 - 1440 1
14144 # 1504
14144 - 88 2
14144 + 1440
14145 # 1504
14145 - 1440 1
14146 # 1504
14146 + 1440
14147 # 1504
14147 - 1440 1
14148 # 1504
14149 # 1504
14149 + 1440
14150 # 1504
14150 - 1440 1
14151 # 1504
14151 + 1440
14152 # 1504
14152 - 1440 1
14152 + 88
14153 # 1504
14153 - 88 1
14153 + 1440
14154 # 1504
14154 - 1440 1
14155 # 1504
14156 # 1504
14156 + 1440
14157 # 1504
14157 - 1440 1
14158 # 1504
14158 + 1440
14159 # 1504
14159 - 1440 1
14160 # 1504
14161 # 1504
14161 + 1440
14162 # 1504
14162 - 1440 1
14163 # 1504
14163 + 1440
14163 + 88
14164 # 1504
14164 - 1440 1
14165 # 1504
14165 - 88 2
14166 # 1504
14166 + 1440
14167 # 1504
14167 - 1440 1
14168 # 1504
14168 + 1440
14169 # 1504
14169 - 1440 1
14170 # 1504
14171 # 1504
14171 + 1440
14172 # 1504
14172 - 1440 1
14173 # 1504
14173 + 88
14174 # 1504
14174 - 88 1
14174 + 1440
14175 # 1504
14175 - 1440 1
14176 # 1504
14176 + 1440
14177 # 1504
14177 - 1440 1
14178 # 1504
14179 # 1504
14179 + 1440
14180 # 1504
14180 - 1440 1
14181 # 1504
14181 + 1440
14182 # 1504
14182 - 1440 1
14183 # 1504
14183 + 1440
14184 # 1504
14184 - 1440 1
14185 # 1504
14186 # 1504
14186 + 1440
14187 # 1504
14187 - 1440 1
14188 # 1504
14188 + 1440
14188 + 88
14189 # 1504
14189 - 1440 1
14190 # 1504
14190 - 88 2
14190 + 1440
14191 # 1504
14191 - 1440 1
14192 # 1504
14192 + 1440
14193 # 1504
14193 - 1440 1
14194 # 1504
14195 # 1504
14195 + 1440
14196 # 1504
14196 - 1440 1
14197 # 1504
14197 + 1440
14198 # 1504
14198 - 1440 1
14198 + 88
14199 # 1504
14199 - 88 1
14199 + 1440
14200 # 1504
14200 - 1440 1
14201 # 1504
14202 # 1504
14202 + 1440
14203 # 1504
14203 - 1440 1
14204 # 1504
14205 # 1504
14205 + 1440
14206 # 1504
14206 - 1440 1
14207 # 1504
14208 # 1504
14208 + 1440
14209 # 1504
14209 - 1440 1
14210 # 1504
14211 # 1504
14211 + 1440
14211 + 88
14212 # 1504
14212 - 1440 1
14213 # 1504
14213 - 88 2
14214 # 1504
14214 + 1440
14215 # 1504
14215 - 1440 1
14216 # 1504
14217 # 1504
14217 + 1440
14218 # 1504
14218 - 1440 1
14219 # 1504
14220 # 1504
14220 + 1440
14221 # 1504
14221 - 1440 1
14222 # 1504
14223 # 1504
14223 + 1440
14223 + 88
14224 # 1504
14224 - 1440 1
14225 # 1504
14225 - 88 2
14226 # 1504
14226 + 1440
14227 # 1504
14227 - 1440 1
14228 # 1504
14228 + 1440
14229 # 1504
14229 - 1440 1
14230 # 1504
14231 # 1504
14232 # 1504
14232 + 1440
14232 + 88
14233 # 1504
14233 - 1440 1
14234 # 1504
14234 - 88 2
14234 + 1440
14235 # 1504
14235 - 1440 1
14236 # 1504
14237 # 1504
14237 + 1440
14238 # 1504
14238 - 1440 1
14239 # 1504
14240 # 1504
14240 + 1440
14241 # 1504
14241 - 1440 1
14242 # 1504
14243 # 1504
14243 + 88
14243 + 1440
14244 # 1504
14244 - 88 1
14245 # 1504
14245 - 1440 2
14246 # 1504
14246 + 1440
14247 # 1504
14247 - 1440 1
14248 # 1504
14249 # 1504
14249 + 1096
14250 # 1504
14250 - 1096 1
14251 # 1504
14251 + 88
14252 # 1504
14252 - 88 1
14252 + 1440
14253 # 1504
14253 - 1440 1
14254 # 1504
14255 # 1504
14255 + 1440
14256 # 1504
14256 - 1440 1
14257 # 1504
14258 # 1504
14258 + 1440
14259 # 1504
14259 - 1440 1
14260 # 1504
14260 + 1440
14261 # 1504
14261 - 1440 1
14262 # 1504
14262 + 1440
14263 # 1504
14263 - 1440 1
14264 # 1504
14265 # 1504
14265 + 1440
14265 + 88
14266 # 1504
14266 - 1440 1
14267 # 1504
14267 - 88 2
14267 + 1440
14268 # 1504
14268 - 1440 1
14269 # 1504
14269 + 1440
14270 # 1504
14270 - 1440 1
14271 # 1504
14272 # 1504
14272 + 1440
14273 # 1504
14273 - 1440 1
14274 # 1504
14274 + 1440
14275 # 1504
14275 - 1440 1
14276 # 1504
14276 + 88
14276 + 1440
14277 # 1504
14277 - 88 1
14278 # 1504
14278 - 1440 2
14278 + 1440
14279 # 1504
14279 - 1440 1
14280 # 1504
14281 # 1504
14281 + 1440
14282 # 1504
14282 - 1440 1
14283 # 1504
14283 + 1440
14284 # 1504
14284 - 1440 1
14285 # 1504
14286 # 1504
14286 + 1440
14286 + 88
14287 # 1504
14287 - 1440 1
14288 # 1504
14288 - 88 2
14288 + 1440
14289 # 1504
14289 - 1440 1
14290 # 1504
14291 # 1504
14291 + 1440
14292 # 1504
14292 - 1440 1
14293 # 1504
14294 # 1504
14294 + 1440
14295 # 1504
14295 - 1440 1
14296 # 1504
14296 + 1440
14297 # 1504
14297 - 1440 1
14298 # 1504
14298 + 88
14299 # 1504
14299 - 88 1
14299 + 1440
14300 # 1504
14300 - 1440 1
14301 # 1504
14301 + 1440
14302 # 1504
14302 - 1440 1
14303 # 1504
14304 # 1504
14304 + 1440
14305 # 1504
14305 - 1440 1
14306 # 1504
14307 # 1504
14307 + 1440
14308 # 1504
14308 - 1440 1
14309 # 1504
14309 + 88
14309 + 1440
14310 # 1504
14310 - 88 1
14311 # 1504
14311 - 1440 2
14312 # 1504
14312 + 1440
14313 # 1504
14313 - 1440 1
14314 # 1504
14315 # 1504
14315 + 1440
14316 # 1504
14316 - 1440 1
14317 # 1504
14318 # 1504
14318 + 1440
14319 # 1504
14319 - 1440 1
14320 # 1504
14321 # 1504
14321 + 1440
14321 + 88
14322 # 1504
14322 - 1440 1
14323 # 1504
14323 - 88 2
14324 # 1504
14324 + 1440
14325 # 1504
14325 - 1440 1
14326 # 1504
14327 # 1504
14327 + 1440
14328 # 1504
14328 - 1440 1
14329 # 1504
14330 # 1504
14330 + 1440
14331 # 1504
14331 - 1440 1
14332 # 1504
14333 # 1504
14333 + 1440
14334 # 1504
14334 - 1440 1
14335 # 1504
14336 # 1504
14336 + 1440
14336 + 88
14337 # 1504
14337 - 1440 1
14338 # 1504
14338 - 88 2
14338 + 1440
14339 # 1504
14339 - 1440 1
14340 # 1504
14340 + 1440
14341 # 1504
14341 - 1440 1
14342 # 1504
14343 # 1504
14343 + 1440
14344 # 1504
14344 - 1440 1
14345 # 1504
14345 + 1440
14345 + 88
14346 # 1504
14346 - 1440 1
14347 # 1504
14347 - 88 2
14347 + 1440
14348 # 1504
14348 - 1440 1
14349 # 1504
14350 # 1504
14350 + 1440
14351 # 1504
14351 - 1440 1
14352 # 1504
14352 + 1440
14353 # 1504
14353 - 1440 1
14354 # 1504
14354 + 1440
14355 # 1504
14355 - 1440 1
14356 # 1504
14357 # 1504
14357 + 1440
14357 + 88
14358 # 1504
14358 - 1440 1
14359 # 1504
14359 - 88 2
14359 + 1440
14360 # 1504
14360 - 1440 1
14361 # 1504
14361 + 1440
14362 # 1504
14362 - 1440 1
14363 # 1504
14364 # 1504
14364 + 1440
14365 # 1504
14365 - 1440 1
14366 # 1504
14367 # 1504
14367 + 1440
14368 # 1504
14368 - 1440 1
14369 # 1504
14370 # 1504
14370 + 1440
14370 + 88
14371 # 1504
14371 - 1440 1
14372 # 1504
14372 - 88 2
14372 + 1440
14373 # 1504
14373 - 1440 1
14374 # 1504
14375 # 1504
14375 + 1440
14376 # 1504
14376 - 1440 1
14377 # 1504
14378 # 1504
14378 + 1440
14379 # 1504
14379 - 1440 1
14380 # 1504
14381 # 1504
14381 + 1440
14381 + 88
14382 # 1504
14382 - 1440 1
14383 # 1504
14383 - 88 2
14384 # 1504
14384 + 1440
14385 # 1504
14385 - 1440 1
14386 # 1504
14387 # 1504
14387 + 1440
14388 # 1504
14388 - 1440 1
14389 # 1504
14390 # 1504
14390 + 1440
14391 # 1504
14391 - 1440 1
14392 # 1504
14393 # 1504
14394 # 1504
14394 + 1440
14394 + 88
14395 # 1504
14395 - 1440 1
14396 # 1504
14396 - 88 2
14397 # 1504
14397 + 1440
14398 # 1504
14398 - 1440 1
14399 # 1504
14400 # 1504
14400 + 1440
14401 # 1504
14401 - 1440 1
14402 # 1504
14403 # 1504
14404 # 1504
14404 + 1440
14404 + 88
14405 # 1504
14405 - 1440 1
14406 # 1504
14406 - 88 2
14407 # 1504
14407 + 1440
14408 # 1504
14408 - 1440 1
14409 # 1504
14410 # 1504
14410 + 1440
14411 # 1504
14411 - 1440 1
14412 # 1504
14413 # 1504
14413 + 88
14414 # 1504
14414 - 88 1
14414 + 1440
14415 # 1504
14415 - 1440 1
14416 # 1504
14417 # 1504
14417 + 1440
14418 # 1504
14418 - 1440 1
14419 # 1504
14420 # 1504
14420 + 1440
14421 # 1504
14421 - 1440 1
14422 # 1504
14423 # 1504
14423 + 1440
14424 # 1504
14424 - 1440 1
14425 # 1504
14426 # 1504
14426 + 1440
14427 # 1504
14427 - 1440 1
14428 # 1504
14428 + 1440
14428 + 88
14429 # 1504
14429 - 1440 1
14430 # 1504
14430 - 88 2
14431 # 1504
14431 + 1440
14432 # 1504
14432 - 1440 1
14433 # 1504
14433 + 1440
14434 # 1504
14434 - 1440 1
14435 # 1504
14436 # 1504
14436 + 1440
14437 # 1504
14437 - 1440 1
14438 # 1504
14438 + 1440
14439 # 1504
14439 - 1440 1
14440 # 1504
14441 # 1504
14441 + 1440
14441 + 88
14442 # 1504
14442 - 1440 1
14443 # 1504
14443 - 88 2
14444 # 1504
14444 + 1440
14445 # 1504
14445 - 1440 1
14446 # 1504
14446 + 1440
14447 # 1504
14447 - 1440 1
14448 # 1504
14449 # 1504
14449 + 1096
14450 # 1504
14450 - 1096 1
14451 # 1504
14452 # 1504
14452 + 1440
14453 # 1504
14453 - 1440 1
14453 + 88
14454 # 1504
14454 - 88 1
14455 # 1504
14455 + 1440
14456 # 1504
14456 - 1440 1
14457 # 1504
14458 # 1504
14458 + 1440
14459 # 1504
14459 - 1440 1
14460 # 1504
14461 # 1504
14461 + 1440
14462 # 1504
14462 - 1440 1
14463 # 1504
14464 # 1504
14464 + 1440
14465 # 1504
14465 - 1440 1
14466 # 1504
14467 # 1504
14467 + 1440
14467 + 88
14468 # 1504
14468 - 1440 1
14469 # 1504
14469 - 88 2
14470 # 1504
14470 + 1440
14471 # 1504
14471 - 1440 1
14472 # 1504
14472 + 1440
14473 # 1504
14473 - 1440 1
14474 # 1504
14475 # 1504
14475 + 1440
14476 # 1504
14476 - 1440 1
14477 # 1504
14478 # 1504
14478 + 1440
14479 # 1504
14479 - 1440 1
14480 # 1504
14480 + 88
14481 # 1504
14481 - 88 1
14481 + 1440
14482 # 1504
14482 - 1440 1
14483 # 1504
14483 + 1440
14484 # 1504
14484 - 1440 1
14485 # 1504
14486 # 1504
14486 + 1440
14487 # 1504
14487 - 1440 1
14488 # 1504
14488 + 1440
14489 # 1504
14489 - 1440 1
14489 + 88
14490 # 1504
14490 - 88 1
14491 # 1504
14491 + 1440
14492 # 1504
14492 - 1440 1
14493 # 1504
14493 + 1440
14494 # 1504
14494 - 1440 1
14495 # 1504
14496 # 1504
14496 + 1440
14497 # 1504
14497 - 1440 1
14498 # 1504
14499 # 1504
14499 + 1440
14500 # 1504
14500 - 1440 1
14501 # 1504
14501 + 1440
14501 + 88
14502 # 1504
14502 - 1440 1
14503 # 1504
14503 - 88 2
14504 # 1504
14504 + 1440
14505 # 1504
14505 - 1440 1
14506 # 1504
14506 + 1440
14507 # 1504
14507 - 1440 1
14508 # 1504
14509 # 1504
14509 + 1440
14510 # 1504
14510 - 1440 1
14511 # 1504
14512 # 1504
14512 + 1440
14513 # 1504
14513 - 1440 1
14514 # 1504
14514 + 1440
14514 + 88
14515 # 1504
14515 - 1440 1
14516 # 1504
14516 - 88 2
14517 # 1504
14517 + 1440
14518 # 1504
14518 - 1440 1
14519 # 1504
14519 + 1440
14520 # 1504
14520 - 1440 1
14521 # 1504
14522 # 1504
14522 + 1440
14523 # 1504
14523 - 1440 1
14524 # 1504
14524 + 1440
14525 # 1504
14525 - 1440 1
14525 + 88
14526 # 1504
14526 - 88 1
14527 # 1504
14527 + 1440
14528 # 1504
14528 - 1440 1
14529 # 1504
14529 + 1440
14530 # 1504
14530 - 1440 1
14531 # 1504
14532 # 1504
14532 + 1440
14533 # 1504
14533 - 1440 1
14534 # 1504
14534 + 1440
14535 # 1504
14535 - 1440 1
14536 # 1504
14536 + 1440
14537 # 1504
14537 - 1440 1
14537 + 88
14538 # 1504
14538 - 88 1
14539 # 1504
14539 + 1440
14540 # 1504
14540 - 1440 1
14541 # 1504
14541 + 1440
14542 # 1504
14542 - 1440 1
14543 # 1504
14543 + 1440
14544 # 1504
14544 - 1440 1
14545 # 1504
14546 # 1504
14546 + 1440
14547 # 1504
14547 - 1440 1
14548 # 1504
14548 + 1440
14548 + 88
14549 # 1504
14549 - 1440 1
14550 # 1504
14550 - 88 2
14550 + 1440
14551 # 1504
14551 - 1440 1
14552 # 1504
14552 + 1440
14553 # 1504
14553 - 1440 1
14554 # 1504
14555 # 1504
14555 + 1440
14556 # 1504
14556 - 1440 1
14557 # 1504
14557 + 1440
14558 # 1504
14558 - 1440 1
14559 # 1504
14560 # 1504
14560 + 1440
14560 + 88
14561 # 1504
14561 - 1440 1
14562 # 1504
14562 - 88 2
14562 + 1440
14563 # 1504
14563 - 1440 1
14564 # 1504
14565 # 1504
14565 + 1440
14566 # 1504
14566 - 1440 1
14567 # 1504
14567 + 1440
14568 # 1504
14568 - 1440 1
14569 # 1504
14570 # 1504
14570 + 1440
14570 + 88
14571 # 1504
14571 - 1440 1
14572 # 1504
14572 - 88 2
14572 + 1440
14573 # 1504
14573 - 1440 1
14574 # 1504
14575 # 1504
14575 + 1440
14576 # 1504
14576 - 1440 1
14577 # 1504
14577 + 1440
14578 # 1504
14578 - 1440 1
14579 # 1504
14580 # 1504
14580 + 1440
14581 # 1504
14581 - 1440 1
14582 # 1504
14582 + 1440
14583 # 1504
14583 - 1440 1
14584 # 1504
14584 + 88
14584 + 1440
14585 # 1504
14585 - 88 1
14586 # 1504
14586 - 1440 2
14586 + 1440
14587 # 1504
14587 - 1440 1
14588 # 1504
14589 # 1504
14589 + 1440
14590 # 1504
14590 - 1440 1
14591 # 1504
14591 + 1440
14592 # 1504
14592 - 1440 1
14593 # 1504
14594 # 1504
14594 + 1440
14594 + 88
14595 # 1504
14595 - 1440 1
14596 # 1504
14596 - 88 2
14596 + 1440
14597 # 1504
14597 - 1440 1
14598 # 1504
14598 + 1440
14599 # 1504
14599 - 1440 1
14600 # 1504
14601 # 1504
14601 + 1440
14602 # 1504
14602 - 1440 1
14603 # 1504
14604 # 1504
14604 + 1440
14605 # 1504
14605 - 1440 1
14605 + 88
14606 # 1504
14606 - 88 1
14607 # 1504
14607 + 1440
14608 # 1504
14608 - 1440 1
14609 # 1504
14610 # 1504
14610 + 1440
14611 # 1504
14611 - 1440 1
14612 # 1504
14613 # 1504
14613 + 1440
14614 # 1504
14614 - 1440 1
14615 # 1504
14616 # 1504
14616 + 1440
14616 + 88
14617 # 1504
14617 - 1440 1
14618 # 1504
14618 - 88 2
14619 # 1504
14619 + 1440
14620 # 1504
14620 - 1440 1
14621 # 1504
14622 # 1504
14622 + 1440
14623 # 1504
14623 - 1440 1
14624 # 1504
14625 # 1504
14625 + 1440
14626 # 1504
14626 - 1440 1
14627 # 1504
14627 + 1440
14628 # 1504
14628 - 1440 1
14629 # 1504
14630 # 1504
14630 + 1440
14630 + 88
14631 # 1504
14631 - 1440 1
14632 # 1504
14632 - 88 2
14633 # 1504
14633 + 1440
14634 # 1504
14634 - 1440 1
14635 # 1504
14636 # 1504
14636 + 1440
14637 # 1504
14637 - 1440 1
14638 # 1504
14639 # 1504
14639 + 1440
14640 # 1504
14640 - 1440 1
14641 # 1504
14642 # 1504
14642 + 88
14642 + 1096
14643 # 1504
14643 - 88 1
14643 - 1096 1
14644 # 1504
14645 # 1504
14645 + 1440
14645 + 88
14646 # 1504
14646 - 1440 1
14647 # 1504
14647 - 88 2
14648 # 1504
14648 + 1440
14649 # 1504
14649 - 1440 1
14650 # 1504
14651 # 1504
14651 + 1440
14652 # 1504
14652 - 1440 1
14653 # 1504
14654 # 1504
14654 + 1440
14655 # 1504
14655 - 1440 1
14656 # 1504
14656 + 1440
14657 # 1504
14657 - 1440 1
14658 # 1504
14658 + 88
14659 # 1504
14659 - 88 1
14659 + 1440
14660 # 1504
14660 - 1440 1
14661 # 1504
14661 + 1440
14662 # 1504
14662 - 1440 1
14663 # 1504
14663 + 1440
14664 # 1504
14664 - 1440 1
14665 # 1504
14666 # 1504
14666 + 1440
14667 # 1504
14667 - 1440 1
14668 # 1504
14668 + 1440
14669 # 1504
14669 - 1440 1
14669 + 88
14670 # 1504
14670 - 88 1
14670 + 1440
14671 # 1504
14671 - 1440 1
14672 # 1504
14673 # 1504
14673 + 1440
14674 # 1504
14674 - 1440 1
14675 # 1504
14676 # 1504
14676 + 1440
14677 # 1504
14677 - 1440 1
14677 + 1440
14678 # 1504
14678 - 1440 1
14679 # 1504
14679 + 1440
14680 # 1504
14680 - 1440 1
14681 # 1504
14681 + 88
14682 # 1504
14682 - 88 1
14682 + 1440
14683 # 1504
14683 - 1440 1
14684 # 1504
14685 # 1504
14685 + 1440
14686 # 1504
14686 - 1440 1
14687 # 1504
14688 # 1504
14688 + 1440
14689 # 1504
14689 - 1440 1
14690 # 1504
14691 # 1504
14691 + 1440
14692 # 1504
14692 - 1440 1
14693 # 1504
14693 + 1440
14694 # 1504
14694 - 1440 1
14694 + 88
14695 # 1504
14695 - 88 1
14696 # 1504
14696 + 1440
14697 # 1504
14697 - 1440 1
14698 # 1504
14699 # 1504
14699 + 1440
14700 # 1504
14700 - 1440 1
14701 # 1504
14702 # 1504
14702 + 1440
14703 # 1504
14703 - 1440 1
14704 # 1504
14705 # 1504
14705 + 88
14706 # 1504
14706 - 88 1
14706 + 1440
14707 # 1504
14707 - 1440 1
14708 # 1504
14709 # 1504
14709 + 1440
14710 # 1504
14710 - 1440 1
14711 # 1504
14712 # 1504
14713 # 1504
14713 + 1440
14714 # 1504
14714 - 1440 1
14715 # 1504
14715 + 88
14716 # 1504
14716 - 88 1
14716 + 1440
14717 # 1504
14717 - 1440 1
14718 # 1504
14719 # 1504
14719 + 1440
14720 # 1504
14720 - 1440 1
14721 # 1504
14722 # 1504
14723 # 1504
14724 # 1504
14724 + 1440
14725 # 1504
14725 - 1440 1
14726 # 1504
14726 + 1440
14726 + 88
14727 # 1504
14727 - 1440 1
14728 # 1504
14728 - 88 2
14729 # 1504
14729 + 1440
14730 # 1504
14730 - 1440 1
14731 # 1504
14732 # 1504
14733 # 1504
14733 + 1440
14734 # 1504
14734 - 1440 1
14735 # 1504
14736 # 1504
14736 + 1440
14737 # 1504
14737 - 1440 1
14738 # 1504
14738 + 88
14739 # 1504
14739 - 88 1
14739 + 1440
14740 # 1504
14740 - 1440 1
14741 # 1504
14742 # 1504
14743 # 1504
14743 + 1440
14744 # 1504
14744 - 1440 1
14745 # 1504
14745 + 1440
14746 # 1504
14746 - 1440 1
14747 # 1504
14748 # 1504
14748 + 1440
14749 # 1504
14749 - 1440 1
14749 + 88
14750 # 1504
14750 - 88 1
14751 # 1504
14751 + 1440
14752 # 1504
14752 - 1440 1
14753 # 1504
14753 + 1440
14754 # 1504
14754 - 1440 1
14755 # 1504
14756 # 1504
14756 + 1440
14757 # 1504
14757 - 1440 1
14758 # 1504
14758 + 1440
14759 # 1504
14759 - 1440 1
14760 # 1504
14761 # 1504
14761 + 1440
14761 + 88
14762 # 1504
14762 - 1440 1
14763 # 1504
14763 - 88 2
14763 + 1440
14764 # 1504
14764 - 1440 1
14765 # 1504
14766 # 1504
14766 + 1440
14767 # 1504
14767 - 1440 1
14768 # 1504
14768 + 1440
14769 # 1504
14769 - 1440 1
14770 # 1504
14771 # 1504
14771 + 88
14771 + 1440
14772 # 1504
14772 - 88 1
14773 # 1504
14773 - 1440 2
14774 # 1504
14774 + 1440
14775 # 1504
14775 - 1440 1
14776 # 1504
14777 # 1504
14777 + 1440
14778 # 1504
14778 - 1440 1
14779 # 1504
14780 # 1504
14780 + 1440
14781 # 1504
14781 - 1440 1
14782 # 1504
14783 # 1504
14783 + 88
14783 + 1440
14784 # 1504
14784 - 88 1
14785 # 1504
14785 - 1440 2
14786 # 1504
14786 + 1440
14787 # 1504
14787 - 1440 1
14788 # 1504
14789 # 1504
14789 + 1440
14790 # 1504
14790 - 1440 1
14791 # 1504
14792 # 1504
14792 + 1440
14793 # 1504
14793 - 1440 1
14794 # 1504
14794 + 88
14795 # 1504
14795 - 88 1
14795 + 1440
14796 # 1504
14796 - 1440 1
14797 # 1504
14798 # 1504
14798 + 1440
14799 # 1504
14799 - 1440 1
14800 # 1504
14800 + 1440
14801 # 1504
14801 - 1440 1
14802 # 1504
14803 # 1504
14803 + 1440
14804 # 1504
14804 - 1440 1
14805 # 1504
14805 + 1440
14806 # 1504
14806 - 1440 1
14807 # 1504
14807 + 88
14808 # 1504
14808 - 88 1
14808 + 1440
14809 # 1504
14809 - 1440 1
14810 # 1504
14811 # 1504
14811 + 1440
14812 # 1504
14812 - 1440 1
14813 # 1504
14813 + 1440
14814 # 1504
14814 - 1440 1
14815 # 1504
14816 # 1504
14816 + 1440
14817 # 1504
14817 - 1440 1
14818 # 1504
14818 + 1440
14819 # 1504
14819 - 1440 1
14819 + 88
14820 # 1504
14820 - 88 1
14821 # 1504
14821 + 1440
14822 # 1504
14822 - 1440 1
14823 # 1504
14823 + 1440
14824 # 1504
14824 - 1440 1
14825 # 1504
14826 # 1504
14826 + 1440
14827 # 1504
14827 - 1440 1
14828 # 1504
14829 # 1504
14829 + 1440
14829 + 88
14830 # 1504
14830 - 1440 1
14831 # 1504
14831 - 88 2
14831 + 1440
14832 # 1504
14832 - 1440 1
14833 # 1504
14834 # 1504
14834 + 1440
14835 # 1504
14835 - 1440 1
14836 # 1504
14836 + 1440
14837 # 1504
14837 - 1440 1
14838 # 1504
14839 # 1504
14839 + 1440
14840 # 1504
14840 - 1440 1
14840 + 88
14841 # 1504
14841 - 88 1
14841 + 1440
14842 # 1504
14842 - 1440 1
14843 # 1504
14844 # 1504
14844 + 1440
14845 # 1504
14845 - 1440 1
14846 # 1504
14847 # 1504
14847 + 1096
14848 # 1504
14848 - 1096 1
14849 # 1504
14849 + 1440
14849 + 88
14850 # 1504
14850 - 1440 1
14851 # 1504
14851 - 88 2
14852 # 1504
14852 + 1440
14853 # 1504
14853 - 1440 1
14854 # 1504
14854 + 1440
14855 # 1504
14855 - 1440 1
14856 # 1504
14856 + 1440
14857 # 1504
14857 - 1440 1
14858 # 1504
14858 + 1440
14859 # 1504
14859 - 1440 1
14860 # 1504
14861 # 1504
14861 + 1440
14862 # 1504
14862 - 1440 1
14862 + 88
14863 # 1504
14863 - 88 1
14863 + 1440
14864 # 1504
14864 - 1440 1
14865 # 1504
14865 + 1440
14866 # 1504
14866 - 1440 1
14867 # 1504
14868 # 1504
14868 + 1440
14869 # 1504
14869 - 1440 1
14870 # 1504
14870 + 1440
14871 # 1504
14871 - 1440 1
14872 # 1504
14872 + 1440
14873 # 1504
14873 - 1440 1
14874 # 1504
14875 # 1504
14875 + 1440
14875 + 88
14876 # 1504
14876 - 1440 1
14877 # 1504
14877 - 88 2
14877 + 1440
14878 # 1504
14878 - 1440 1
14879 # 1504
14879 + 1440
14880 # 1504
14880 - 1440 1
14881 # 1504
14882 # 1504
14882 + 1440
14883 # 1504
14883 - 1440 1
14884 # 1504
14885 # 1504
14885 + 1440
14886 # 1504
14886 - 1440 1
14887 # 1504
14887 + 1440
14887 + 88
14888 # 1504
14888 - 1440 1
14889 # 1504
14889 - 88 2
14890 # 1504
14890 + 1440
14891 # 1504
14891 - 1440 1
14892 # 1504
14892 + 1440
14893 # 1504
14893 - 1440 1
14894 # 1504
14895 # 1504
14895 + 1440
14896 # 1504
14896 - 1440 1
14897 # 1504
14897 + 1440
14897 + 88
14898 # 1504
14898 - 1440 1
14899 # 1504
14899 - 88 2
14900 # 1504
14900 + 1440
14901 # 1504
14901 - 1440 1
14902 # 1504
14903 # 1504
14903 + 1440
14904 # 1504
14904 - 1440 1
14905 # 1504
14906 # 1504
14906 + 1440
14907 # 1504
14907 - 1440 1
14908 # 1504
14909 # 1504
14909 + 1440
14910 # 1504
14910 - 1440 1
14910 + 88
14911 # 1504
14911 - 88 1
14912 # 1504
14912 + 1440
14913 # 1504
14913 - 1440 1
14914 # 1504
14915 # 1504
14915 + 1440
14916 # 1504
14916 - 1440 1
14917 # 1504
14918 # 1504
14918 + 1440
14919 # 1504
14919 - 1440 1
14920 # 1504
14921 # 1504
14921 + 1440
14922 # 1504
14922 - 1440 1
14922 + 88
14923 # 1504
14923 - 88 1
14923 + 1440
14924 # 1504
14924 - 1440 1
14925 # 1504
14926 # 1504
14927 # 1504
14927 + 1440
14928 # 1504
14928 - 1440 1
14929 # 1504
14929 + 1440
14930 # 1504
14930 - 1440 1
14931 # 1504
14931 + 1440
14932 # 1504
14932 - 1440 1
14933 # 1504
14934 # 1504
14934 + 1440
14934 + 88
14935 # 1504
14935 - 1440 1
14936 # 1504
14936 - 88 2
14936 + 1440
14937 # 1504
14937 - 1440 1
14938 # 1504
14938 + 1440
14939 # 1504
14939 - 1440 1
14940 # 1504
14940 + 1440
14941 # 1504
14941 - 1440 1
14942 # 1504
14943 # 1504
14943 + 1440
14944 # 1504
14944 - 1440 1
14945 # 1504
14945 + 1440
14946 # 1504
14946 - 1440 1
14947 # 1504
14947 + 1440
14948 # 1504
14948 - 1440 1
14948 + 88
14949 # 1504
14949 - 88 1
14950 # 1504
14950 + 1440
14951 # 1504
14951 - 1440 1
14952 # 1504
14952 + 1440
14953 # 1504
14953 - 1440 1
14954 # 1504
14954 + 1440
14955 # 1504
14955 - 1440 1
14956 # 1504
14957 # 1504
14957 + 1440
14957 + 88
14958 # 1504
14958 - 1440 1
14959 # 1504
14959 - 88 2
14959 + 1440
14960 # 1504
14960 - 1440 1
14961 # 1504
14961 + 1440
14962 # 1504
14962 - 1440 1
14963 # 1504
14964 # 1504
14964 + 1440
14965 # 1504
14965 - 1440 1
14966 # 1504
14966 + 1440
14967 # 1504
14967 - 1440 1
14968 # 1504
14968 + 1440
14969 # 1504
14969 - 1440 1
14969 + 88
14970 # 1504
14970 - 88 1
14971 # 1504
14971 + 1440
14972 # 1504
14972 - 1440 1
14973 # 1504
14973 + 1440
14974 # 1504
14974 - 1440 1
14975 # 1504
14976 # 1504
14976 + 1440
14977 # 1504
14977 - 1440 1
14978 # 1504
14979 # 1504
14979 + 1440
14980 # 1504
14980 - 1440 1
14980 + 88
14981 # 1504
14981 - 88 1
14982 # 1504
14982 + 1440
14983 # 1504
14983 - 1440 1
14984 # 1504
14984 + 1440
14985 # 1504
14985 - 1440 1
14986 # 1504
14987 # 1504
14987 + 1440
14988 # 1504
14988 - 1440 1
14989 # 1504
14990 # 1504
14990 + 1440
14991 # 1504
14991 - 1440 1
14992 # 1504
14992 + 88
14993 # 1504
14993 - 88 1
14993 + 1440
14994 # 1504
14994 - 1440 1
14995 # 1504
14996 # 1504
14996 + 1440
14997 # 1504
14997 - 1440 1
14998 # 1504
14999 # 1504
14999 + 1440
15000 # 1504
15000 - 1440 1
15001 # 1504
15002 # 1504
15002 + 1440
15003 # 1504
15003 - 1440 1
15004 # 1504
15004 + 1440
15005 # 1504
15005 - 1440 1
15005 + 88
15006 # 1504
15006 - 88 1
15007 # 1504
15007 + 1440
15008 # 1504
15008 - 1440 1
15009 # 1504
15010 # 1504
15010 + 1440
15011 # 1504
15011 - 1440 1
15012 # 1504
15013 # 1504
15013 + 1440
15014 # 1504
15014 - 1440 1
15015 # 1504
15016 # 1504
15016 + 1440
15017 # 1504
15017 - 1440 1
15017 + 88
15018 # 1504
15018 - 88 1
15019 # 1504
15019 + 1440
15020 # 1504
15020 - 1440 1
15021 # 1504
15022 # 1504
15022 + 1440
15023 # 1504
15023 - 1440 1
15024 # 1504
15025 # 1504
15025 + 1440
15026 # 1504
15026 - 1440 1
15027 # 1504
15027 + 1440
15027 + 88
15028 # 1504
15028 - 1440 1
15029 # 1504
15029 - 88 2
15030 # 1504
15030 + 1440
15031 # 1504
15031 - 1440 1
15032 # 1504
15033 # 1504
15033 + 1440
15034 # 1504
15034 - 1440 1
15035 # 1504
15035 + 1440
15036 # 1504
15036 - 1440 1
15037 # 1504
15038 # 1504
15038 + 1096
15038 + 88
15039 # 1504
15039 - 1096 1
15039 - 88 1
15040 # 1504
15041 # 1504
15041 + 1440
15041 + 88
15042 # 1504
15042 - 1440 1
15043 # 1504
15043 - 88 2
15043 + 1440
15044 # 1504
15044 - 1440 1
15045 # 1504
15046 # 1504
15046 + 1440
15047 # 1504
15047 - 1440 1
15048 # 1504
15048 + 1440
15049 # 1504
15049 - 1440 1
15050 # 1504
15051 # 1504
15051 + 1440
15052 # 1504
15052 - 1440 1
15052 + 88
15053 # 1504
15053 - 88 1
15054 # 1504
15054 + 1440
15055 # 1504
15055 - 1440 1
15056 # 1504
15056 + 1440
15057 # 1504
15057 - 1440 1
15058 # 1504
15059 # 1504
15059 + 1440
15060 # 1504
15060 - 1440 1
15061 # 1504
15062 # 1504
15063 # 1504
15063 + 1440
15064 # 1504
15064 - 1440 1
15065 # 1504
15066 # 1504
15066 + 1440
15067 # 1504
15067 - 1440 1
15067 + 88
15068 # 1504
15068 - 88 1
15069 # 1504
15070 # 1504
15070 + 1440
15071 # 1504
15071 - 1440 1
15072 # 1504
15073 # 1504
15073 + 1440
15074 # 1504
15074 - 1440 1
15075 # 1504
15075 + 88
15076 # 1504
15076 - 88 1
15076 + 1440
15077 # 1504
15077 - 1440 1
15078 # 1504
15079 # 1504
15079 + 1440
15080 # 1504
15080 - 1440 1
15081 # 1504
15082 # 1504
15083 # 1504
15083 + 1440
15084 # 1504
15084 - 1440 1
15085 # 1504
15086 # 1504
15086 + 88
15086 + 1440
15087 # 1504
15087 - 88 1
15088 # 1504
15088 - 1440 2
15089 # 1504
15090 # 1504
15090 + 1440
15091 # 1504
15091 - 1440 1
15092 # 1504
15092 + 1440
15093 # 1504
15093 - 1440 1
15094 # 1504
15095 # 1504
15095 + 1440
15096 # 1504
15096 - 1440 1
15097 # 1504
15098 # 1504
15098 + 88
15099 # 1504
15099 - 88 1
15099 + 1440
15100 # 1504
15100 - 1440 1
15101 # 1504
15102 # 1504
15102 + 1440
15103 # 1504
15103 - 1440 1
15104 # 1504
15105 # 1504
15105 + 1440
15106 # 1504
15106 - 1440 1
15107 # 1504
15108 # 1504
15109 # 1504
15109 + 1440
15110 # 1504
15110 - 1440 1
15111 # 1504
15112 # 1504
15112 + 1440
15112 + 88
15113 # 1504
15113 - 1440 1
15114 # 1504
15114 - 88 2
15115 # 1504
15116 # 1504
15116 + 1440
15117 # 1504
15117 - 1440 1
15118 # 1504
15119 # 1504
15119 + 1440
15120 # 1504
15120 - 1440 1
15121 # 1504
15122 # 1504
15122 + 1440
15122 + 88
15123 # 1504
15123 - 1440 1
15124 # 1504
15124 - 88 2
15125 # 1504
15126 # 1504
15126 + 1440
15127 # 1504
15127 - 1440 1
15128 # 1504
15129 # 1504
15130 # 1504
15130 + 1440
15131 # 1504
15131 - 1440 1
15132 # 1504
15133 # 1504
15133 + 88
15134 # 1504
15134 - 88 1
15134 + 1440
15135 # 1504
15135 - 1440 1
15136 # 1504
15137 # 1504
15138 # 1504
15138 + 1440
15139 # 1504
15139 - 1440 1
15140 # 1504
15141 # 1504
15142 # 1504
15142 + 1440
15143 # 1504
15143 - 1440 1
15144 # 1504
15145 # 1504
15146 # 1504
15146 + 1440
15147 # 1504
15147 - 1440 1
15147 + 88
15148 # 1504
15148 - 88 1
15149 # 1504
15150 # 1504
15150 + 1440
15151 # 1504
15151 - 1440 1
15152 # 1504
15153 # 1504
15154 # 1504
15154 + 1440
15155 # 1504
15155 - 1440 1
15156 # 1504
15157 # 1504
15158 # 1504
15158 + 1440
15159 # 1504
15159 - 1440 1
15160 # 1504
15161 # 1504
15162 # 1504
15162 + 1440
15163 # 1504
15163 - 1440 1
15164 # 1504
15164 + 1440
15165 # 1504
15165 - 1440 1
15165 + 88
15166 # 1504
15166 - 88 1
15167 # 1504
15167 + 1440
15168 # 1504
15168 - 1440 1
15169 # 1504
15170 # 1504
15170 + 1440
15171 # 1504
15171 - 1440 1
15172 # 1504
15173 # 1504
15173 + 1440
15174 # 1504
15174 - 1440 1
15175 # 1504
15176 # 1504
15176 + 1440
15177 # 1504
15177 - 1440 1
15177 + 88
15178 # 1504
15178 - 88 1
15179 # 1504
15179 + 1440
15180 # 1504
15180 - 1440 1
15181 # 1504
15182 # 1504
15182 + 1440
15183 # 1504
15183 - 1440 1
15184 # 1504
15185 # 1504
15185 + 1440
15186 # 1504
15186 - 1440 1
15187 # 1504
15188 # 1504
15188 + 1440
15188 + 88
15189 # 1504
15189 - 1440 1
15190 # 1504
15190 - 88 2
15191 # 1504
15191 + 1440
15192 # 1504
15192 - 1440 1
15193 # 1504
15194 # 1504
15194 + 1440
15195 # 1504
15195 - 1440 1
15196 # 1504
15197 # 1504
15197 + 1440
15198 # 1504
15198 - 1440 1
15199 # 1504
15200 # 1504
15201 # 1504
15201 + 1440
15201 + 88
15202 # 1504
15202 - 1440 1
15203 # 1504
15203 - 88 2
15204 # 1504
15205 # 1504
15205 + 1440
15206 # 1504
15206 - 1440 1
15207 # 1504
15208 # 1504
15209 # 1504
15209 + 1440
15210 # 1504
15210 - 1440 1
15211 # 1504
15212 # 1504
15213 # 1504
15213 + 1440
15213 + 88
15214 # 1504
15214 - 1440 1
15215 # 1504
15215 - 88 2
15216 # 1504
15217 # 1504
15217 + 1440
15218 # 1504
15218 - 1440 1
15219 # 1504
15220 # 1504
15221 # 1504
15221 + 1440
15222 # 1504
15222 - 1440 1
15223 # 1504
15224 # 1504
15224 + 88
15225 # 1504
15225 - 88 1
15225 + 1440
15226 # 1504
15226 - 1440 1
15227 # 1504
15228 # 1504
15229 # 1504
15229 + 1440
15230 # 1504
15230 - 1440 1
15231 # 1504
15232 # 1504
15232 + 1440
15233 # 1504
15233 - 1440 1
15234 # 1504
15235 # 1504
15236 # 1504
15236 + 1440
15236 + 88
15237 # 1504
15237 - 1440 1
15238 # 1504
15238 - 88 2
15239 # 1504
15239 + 1440
15240 # 1504
15240 - 1440 1
15241 # 1504
15242 # 1504
15243 # 1504
15243 + 1440
15244 # 1504
15244 - 1440 1
15245 # 1504
15245 + 88
15246 # 1504
15246 - 88 1
15246 + 1440
15247 # 1504
15247 - 1440 1
15248 # 1504
15249 # 1504
15249 + 1440
15250 # 1504
15250 - 1440 1
15251 # 1504
15252 # 1504
15253 # 1504
15253 + 1440
15254 # 1504
15254 - 1440 1
15255 # 1504
15256 # 1504
15256 + 1440
15257 # 1504
15257 - 1440 1
15258 # 1504
15259 # 1504
15259 + 88
15260 # 1504
15260 - 88 1
15260 + 1440
15261 # 1504
15261 - 1440 1
15262 # 1504
15263 # 1504
15263 + 1440
15264 # 1504
15264 - 1440 1
15265 # 1504
15266 # 1504
15267 # 1504
15268 # 1504
15268 + 1440
15269 # 1504
15269 - 1440 1
15270 # 1504
15271 # 1504
15272 # 1504
15272 + 88
15273 # 1504
15273 - 88 1
15273 + 1440
15274 # 1504
15274 - 1440 1
15275 # 1504
15276 # 1504
15277 # 1504
15278 # 1504
15278 + 1440
15279 # 1504
15279 - 1440 1
15280 # 1504
15281 # 1504
15282 # 1504
15283 # 1504
15283 + 1440
15284 # 1504
15284 - 1440 1
15285 # 1504
15286 # 1504
15286 + 88
15287 # 1504
15287 - 88 1
15288 # 1504
15288 + 1440
15289 # 1504
15289 - 1440 1
15290 # 1504
15291 # 1504
15292 # 1504
15293 # 1504
15293 + 1440
15294 # 1504
15294 - 1440 1
15295 # 1504
15296 # 1504
15297 # 1504
15297 + 88
15297 + 1096
15298 # 1504
15298 - 88 1
15298 - 1096 1
15299 # 1504
15300 # 1504
15301 # 1504
15301 + 88
15302 # 1504
15302 - 88 1
15303 # 1504
15303 + 1440
15304 # 1504
15304 - 1440 1
15305 # 1504
15306 # 1504
15307 # 1504
15307 + 1440
15308 # 1504
15308 - 1440 1
15309 # 1504
15310 # 1504
15311 # 1504
15312 # 1504
15312 + 1440
15313 # 1504
15313 - 1440 1
15314 # 1504
15315 # 1504
15316 # 1504
15316 + 1440
15317 # 1504
15317 - 1440 1
15318 # 1504
15319 # 1504
15320 # 1504
15320 + 1440
15321 # 1504
15321 - 1440 1
15321 + 88
15322 # 1504
15322 - 88 1
15323 # 1504
15324 # 1504
15324 + 1440
15325 # 1504
15325 - 1440 1
15326 # 1504
15327 # 1504
15328 # 1504
15329 # 1504
15329 + 1440
15330 # 1504
15330 - 1440 1
15330 + 88
15331 # 1504
15331 - 88 1
15332 # 1504
15332 + 1440
15333 # 1504
15333 - 1440 1
15334 # 1504
15335 # 1504
15336 # 1504
15336 + 1440
15337 # 1504
15337 - 1440 1
15338 # 1504
15339 # 1504
15340 # 1504
15341 # 1504
15341 + 1440
15342 # 1504
15342 - 1440 1
15343 # 1504
15343 + 88
15344 # 1504
15344 - 88 1
15345 # 1504
15345 + 1440
15346 # 1504
15346 - 1440 1
15347 # 1504
15348 # 1504
15349 # 1504
15349 + 1440
15350 # 1504
15350 - 1440 1
15351 # 1504
15352 # 1504
15353 # 1504
15353 + 1440
15354 # 1504
15354 - 1440 1
15355 # 1504
15355 + 88
15356 # 1504
15356 - 88 1
15356 + 1440
15357 # 1504
15357 - 1440 1
15358 # 1504
15359 # 1504
15360 # 1504
15360 + 1440
15361 # 1504
15361 - 1440 1
15362 # 1504
15363 # 1504
15363 + 1440
15364 # 1504
15364 - 1440 1
15365 # 1504
15366 # 1504
15366 + 1440
15367 # 1504
15367 - 1440 1
15367 + 88
15368 # 1504
15368 - 88 1
15369 # 1504
15370 # 1504
15370 + 1440
15371 # 1504
15371 - 1440 1
15372 # 1504
15373 # 1504
15373 + 1440
15374 # 1504
15374 - 1440 1
15375 # 1504
15376 # 1504
15376 + 88
15376 + 1440
15377 # 1504
15377 - 88 1
15378 # 1504
15378 - 1440 2
15379 # 1504
15380 # 1504
15380 + 1440
15381 # 1504
15381 - 1440 1
15382 # 1504
15383 # 1504
15383 + 1440
15384 # 1504
15384 - 1440 1
15385 # 1504
15386 # 1504
15387 # 1504
15387 + 1440
15387 + 88
15388 # 1504
15388 - 1440 1
15389 # 1504
15389 - 88 2
15390 # 1504
15390 + 1440
15391 # 1504
15391 - 1440 1
15392 # 1504
15393 # 1504
15394 # 1504
15394 + 1440
15395 # 1504
15395 - 1440 1
15396 # 1504
15397 # 1504
15397 + 1440
15398 # 1504
15398 - 1440 1
15398 + 88
15399 # 1504
15399 - 88 1
15400 # 1504
15400 + 1440
15401 # 1504
15401 - 1440 1
15402 # 1504
15403 # 1504
15404 # 1504
15404 + 1440
15405 # 1504
15405 - 1440 1
15406 # 1504
15407 # 1504
15407 + 1440
15408 # 1504
15408 - 1440 1
15409 # 1504
15410 # 1504
15410 + 88
15411 # 1504
15411 - 88 1
15411 + 1440
15412 # 1504
15412 - 1440 1
15413 # 1504
15414 # 1504
15414 + 1440
15415 # 1504
15415 - 1440 1
15416 # 1504
15417 # 1504
15418 # 1504
15418 + 1440
15419 # 1504
15419 - 1440 1
15420 # 1504
15420 + 88
15421 # 1504
15421 - 88 1
15421 + 1440
15422 # 1504
15422 - 1440 1
15423 # 1504
15424 # 1504
15424 + 1440
15425 # 1504
15425 - 1440 1
15426 # 1504
15427 # 1504
15427 + 1440
15428 # 1504
15428 - 1440 1
15429 # 1504
15430 # 1504
15430 + 1440
15431 # 1504
15431 - 1440 1
15432 # 1504
15433 # 1504
15433 + 1440
15434 # 1504
15434 - 1440 1
15435 # 1504
15436 # 1504
15436 + 1440
15436 + 88
15437 # 1504
15437 - 1440 1
15438 # 1504
15438 - 88 2
15439 # 1504
15439 + 1440
15440 # 1504
15440 - 1440 1
15441 # 1504
15442 # 1504
15442 + 1440
15443 # 1504
15443 - 1440 1
15444 # 1504
15445 # 1504
15445 + 1440
15446 # 1504
15446 - 1440 1
15447 # 1504
15448 # 1504
15448 + 1440
15448 + 88
15449 # 1504
15449 - 1440 1
15450 # 1504
15450 - 88 2
15451 # 1504
15451 + 1440
15452 # 1504
15452 - 1440 1
15453 # 1504
15454 # 1504
15454 + 1440
15455 # 1504
15455 - 1440 1
15456 # 1504
15457 # 1504
15457 + 1440
15458 # 1504
15458 - 1440 1
15459 # 1504
15460 # 1504
15460 + 1440
15460 + 88
15461 # 1504
15461 - 1440 1
15462 # 1504
15462 - 88 2
15463 # 1504
15463 + 1440
15464 # 1504
15464 - 1440 1
15465 # 1504
15466 # 1504
15466 + 1440
15467 # 1504
15467 - 1440 1
15468 # 1504
15469 # 1504
15470 # 1504
15470 + 1440
15471 # 1504
15471 - 1440 1
15472 # 1504
15473 # 1504
15473 + 88
15473 + 1440
15474 # 1504
15474 - 88 1
15475 # 1504
15475 - 1440 2
15476 # 1504
15477 # 1504
15477 + 1440
15478 # 1504
15478 - 1440 1
15479 # 1504
15480 # 1504
15480 + 1440
15481 # 1504
15481 - 1440 1
15482 # 1504
15483 # 1504
15483 + 88
15484 # 1504
15484 - 88 1
15484 + 1440
15485 # 1504
15485 - 1440 1
15486 # 1504
15487 # 1504
15487 + 1440
15488 # 1504
15488 - 1440 1
15489 # 1504
15490 # 1504
15491 # 1504
15492 # 1504
15492 + 1440
15493 # 1504
15493 - 1440 1
15494 # 1504
15495 # 1504
15496 # 1504
15496 + 1440
15497 # 1504
15497 - 1440 1
15498 # 1504
15499 # 1504
15500 # 1504
15500 + 1440
15500 + 88
15501 # 1504
15501 - 1440 1
15502 # 1504
15502 - 88 2
15503 # 1504
15504 # 1504
15504 + 1440
15505 # 1504
15505 - 1440 1
15506 # 1504
15507 # 1504
15508 # 1504
15508 + 1440
15509 # 1504
15509 - 1440 1
15510 # 1504
15511 # 1504
15512 # 1504
15512 + 1440
15512 + 88
15513 # 1504
15513 - 1440 1
15514 # 1504
15514 - 88 2
15515 # 1504
15516 # 1504
15516 + 1440
15517 # 1504
15517 - 1440 1
15518 # 1504
15519 # 1504
15520 # 1504
15520 + 1440
15521 # 1504
15521 - 1440 1
15522 # 1504
15523 # 1504
15524 # 1504
15524 + 1440
15524 + 88
15525 # 1504
15525 - 1440 1
15526 # 1504
15526 - 88 2
15527 # 1504
15527 + 1440
15528 # 1504
15528 - 1440 1
15529 # 1504
15530 # 1504
15530 + 1440
15531 # 1504
15531 - 1440 1
15532 # 1504
15533 # 1504
15533 + 1440
15534 # 1504
15534 - 1440 1
15535 # 1504
15536 # 1504
15536 + 1440
15536 + 88
15537 # 1504
15537 - 1440 1
15538 # 1504
15538 - 88 2
15539 # 1504
15539 + 1440
15540 # 1504
15540 - 1440 1
15541 # 1504
15542 # 1504
15542 + 1440
15543 # 1504
15543 - 1440 1
15544 # 1504
15545 # 1504
15545 + 1440
15546 # 1504
15546 - 1440 1
15546 + 88
15547 # 1504
15547 - 88 1
15548 # 1504
15548 + 1440
15549 # 1504
15549 - 1440 1
15550 # 1504
15551 # 1504
15551 + 1440
15552 # 1504
15552 - 1440 1
15553 # 1504
15553 + 1440
15554 # 1504
15554 - 1440 1
15555 # 1504
15556 # 1504
15556 + 88
15557 # 1504
15557 - 88 1
15557 + 1096
15558 # 1504
15558 - 1096 1
15559 # 1504
15560 # 1504
15560 + 88
15561 # 1504
15561 - 88 1
15562 # 1504
15562 + 1440
15563 # 1504
15563 - 1440 1
15564 # 1504
15565 # 1504
15566 # 1504
15566 + 1440
15567 # 1504
15567 - 1440 1
15568 # 1504
15569 # 1504
15570 # 1504
15570 + 1440
15571 # 1504
15571 - 1440 1
15572 # 1504
15573 # 1504
15574 # 1504
15574 + 1440
15574 + 88
15575 # 1504
15575 - 1440 1
15576 # 1504
15576 - 88 2
15577 # 1504
15578 # 1504
15578 + 1440
15579 # 1504
15579 - 1440 1
15580 # 1504
15581 # 1504
15582 # 1504
15582 + 1440
15583 # 1504
15583 - 1440 1
15584 # 1504
15585 # 1504
15586 # 1504
15586 + 1440
15587 # 1504
15587 - 1440 1
15588 # 1504
15589 # 1504
15590 # 1504
15590 + 1440
15590 + 88
15591 # 1504
15591 - 1440 1
15592 # 1504
15592 - 88 2
15593 # 1504
15594 # 1504
15594 + 1440
15595 # 1504
15595 - 1440 1
15596 # 1504
15597 # 1504
15597 + 1440
15598 # 1504
15598 - 1440 1
15599 # 1504
15600 # 1504
15600 + 1440
15600 + 88
15601 # 1504
15601 - 1440 1
15602 # 1504
15602 - 88 2
15603 # 1504
15603 + 1440
15604 # 1504
15604 - 1440 1
15605 # 1504
15606 # 1504
15606 + 1440
15607 # 1504
15607 - 1440 1
15608 # 1504
15609 # 1504
15609 + 1440
15610 # 1504
15610 - 1440 1
15610 + 88
15611 # 1504
15611 - 88 1
15612 # 1504
15612 + 1440
15613 # 1504
15613 - 1440 1
15614 # 1504
15615 # 1504
15615 + 1440
15616 # 1504
15616 - 1440 1
15617 # 1504
15618 # 1504
15618 + 1440
15619 # 1504
15619 - 1440 1
15620 # 1504
15621 # 1504
15621 + 1440
15621 + 88
15622 # 1504
15622 - 1440 1
15623 # 1504
15623 - 88 2
15624 # 1504
15624 + 1440
15625 # 1504
15625 - 1440 1
15626 # 1504
15627 # 1504
15627 + 1440
15628 # 1504
15628 - 1440 1
15629 # 1504
15630 # 1504
15631 # 1504
15631 + 1440
15632 # 1504
15632 - 1440 1
15633 # 1504
15633 + 88
15634 # 1504
15634 - 88 1
15634 + 1440
15635 # 1504
15635 - 1440 1
15636 # 1504
15637 # 1504
15637 + 1440
15638 # 1504
15638 - 1440 1
15639 # 1504
15640 # 1504
15641 # 1504
15641 + 1440
15642 # 1504
15642 - 1440 1
15643 # 1504
15644 # 1504
15644 + 1440
15645 # 1504
15645 - 1440 1
15646 # 1504
15647 # 1504
15648 # 1504
15648 + 1440
15648 + 88
15649 # 1504
15649 - 1440 1
15650 # 1504
15650 - 88 2
15651 # 1504
15651 + 1440
15652 # 1504
15652 - 1440 1
15653 # 1504
15654 # 1504
15654 + 1440
15654 + 88
15655 # 1504
15655 - 1440 1
15656 # 1504
15656 - 88 2
15657 # 1504
15658 # 1504
15658 + 1440
15659 # 1504
15659 - 1440 1
15660 # 1504
15661 # 1504
15661 + 1440
15662 # 1504
15662 - 1440 1
15663 # 1504
15664 # 1504
15664 + 1440
15665 # 1504
15665 - 1440 1
15666 # 1504
15667 # 1504
15667 + 1440
15667 + 88
15668 # 1504
15668 - 1440 1
15669 # 1504
15669 - 88 2
15670 # 1504
15670 + 1440
15671 # 1504
15671 - 1440 1
15672 # 1504
15673 # 1504
15673 + 1440
15674 # 1504
15674 - 1440 1
15675 # 1504
15676 # 1504
15676 + 88
15676 + 1440
15677 # 1504
15677 - 88 1
15678 # 1504
15678 - 1440 2
15679 # 1504
15679 + 1440
15680 # 1504
15680 - 1440 1
15681 # 1504
15682 # 1504
15682 + 1440
15683 # 1504
15683 - 1440 1
15684 # 1504
15685 # 1504
15685 + 1440
15686 # 1504
15686 - 1440 1
15687 # 1504
15687 + 1440
15688 # 1504
15688 - 1440 1
15689 # 1504
15690 # 1504
15691 # 1504
15691 + 1440
15691 + 88
15692 # 1504
15692 - 1440 1
15693 # 1504
15693 - 88 2
15694 # 1504
15694 + 1440
15695 # 1504
15695 - 1440 1
15696 # 1504
15696 + 1440
15697 # 1504
15697 - 1440 1
15698 # 1504
15699 # 1504
15700 # 1504
15700 + 1440
15701 # 1504
15701 - 1440 1
15701 + 88
15702 # 1504
15702 - 88 1
15702 + 1440
15703 # 1504
15703 - 1440 1
15704 # 1504
15705 # 1504
15705 + 1440
15706 # 1504
15706 - 1440 1
15707 # 1504
15708 # 1504
15708 + 1440
15709 # 1504
15709 - 1440 1
15710 # 1504
15711 # 1504
15711 + 1440
15712 # 1504
15712 - 1440 1
15712 + 88
15713 # 1504
15713 - 88 1
15714 # 1504
15714 + 1440
15715 # 1504
15715 - 1440 1
15716 # 1504
15717 # 1504
15717 + 1440
15718 # 1504
15718 - 1440 1
15719 # 1504
15720 # 1504
15720 + 1440
15721 # 1504
15721 - 1440 1
15722 # 1504
15722 + 1440
15723 # 1504
15723 - 1440 1
15723 + 88
15724 # 1504
15724 - 88 1
15725 # 1504
15725 + 1440
15726 # 1504
15726 - 1440 1
15727 # 1504
15728 # 1504
15728 + 1440
15729 # 1504
15729 - 1440 1
15730 # 1504
15730 + 1440
15731 # 1504
15731 - 1440 1
15732 # 1504
15733 # 1504
15733 + 1440
15733 + 88
15734 # 1504
15734 - 1440 1
15735 # 1504
15735 - 88 2
15736 # 1504
15736 + 1440
15737 # 1504
15737 - 1440 1
15738 # 1504
15738 + 1440
15739 # 1504
15739 - 1440 1
15740 # 1504
15741 # 1504
15741 + 1440
15742 # 1504
15742 - 1440 1
15743 # 1504
15743 + 1440
15744 # 1504
15744 - 1440 1
15744 + 88
15745 # 1504
15745 - 88 1
15746 # 1504
15746 + 1440
15747 # 1504
15747 - 1440 1
15748 # 1504
15749 # 1504
15749 + 1440
15750 # 1504
15750 - 1440 1
15751 # 1504
15752 # 1504
15752 + 1440
15753 # 1504
15753 - 1440 1
15754 # 1504
15755 # 1504
15755 + 88
15755 + 1440
15756 # 1504
15756 - 88 1
15757 # 1504
15757 - 1440 2
15758 # 1504
15758 + 1440
15759 # 1504
15759 - 1440 1
15760 # 1504
15761 # 1504
15761 + 1440
15762 # 1504
15762 - 1440 1
15763 # 1504
15764 # 1504
15764 + 1440
15765 # 1504
15765 - 1440 1
15766 # 1504
15767 # 1504
15767 + 1440
15767 + 88
15768 # 1504
15768 - 1440 1
15769 # 1504
15769 - 88 2
15770 # 1504
15770 + 1440
15771 # 1504
15771 - 1440 1
15772 # 1504
15773 # 1504
15773 + 1440
15774 # 1504
15774 - 1440 1
15775 # 1504
15776 # 1504
15776 + 1440
15777 # 1504
15777 - 1440 1
15778 # 1504
15779 # 1504
15780 # 1504
15780 + 1440
15780 + 88
15781 # 1504
15781 - 1440 1
15782 # 1504
15782 - 88 2
15783 # 1504
15783 + 1440
15784 # 1504
15784 - 1440 1
15785 # 1504
15786 # 1504
15787 # 1504
15787 + 1440
15788 # 1504
15788 - 1440 1
15788 + 88
15789 # 1504
15789 - 88 1
15790 # 1504
15790 + 1096
15791 # 1504
15791 - 1096 1
15792 # 1504
15793 # 1504
15793 + 1440
15794 # 1504
15794 - 1440 1
15795 # 1504
15795 + 88
15796 # 1504
15796 - 88 1
15797 # 1504
15797 + 1440
15798 # 1504
15798 - 1440 1
15799 # 1504
15800 # 1504
15800 + 1440
15801 # 1504
15801 - 1440 1
15802 # 1504
15803 # 1504
15804 # 1504
15804 + 1440
15805 # 1504
15805 - 1440 1
15806 # 1504
15807 # 1504
15807 + 1440
15808 # 1504
15808 - 1440 1
15808 + 88
15809 # 1504
15809 - 88 1
15810 # 1504
15810 + 1440
15811 # 1504
15811 - 1440 1
15812 # 1504
15812 + 1440
15813 # 1504
15813 - 1440 1
15814 # 1504
15815 # 1504
15815 + 1440
15816 # 1504
15816 - 1440 1
15817 # 1504
15818 # 1504
15818 + 1440
15819 # 1504
15819 - 1440 1
15820 # 1504
15820 + 1440
15820 + 88
15821 # 1504
15821 - 1440 1
15822 # 1504
15822 - 88 2
15823 # 1504
15823 + 1440
15824 # 1504
15824 - 1440 1
15825 # 1504
15825 + 1440
15826 # 1504
15826 - 1440 1
15827 # 1504
15828 # 1504
15828 + 1440
15829 # 1504
15829 - 1440 1
15830 # 1504
15831 # 1504
15831 + 1440
15831 + 88
15832 # 1504
15832 - 1440 1
15833 # 1504
15833 - 88 2
15833 + 1440
15834 # 1504
15834 - 1440 1
15835 # 1504
15836 # 1504
15836 + 1440
15837 # 1504
15837 - 1440 1
15838 # 1504
15838 + 1440
15839 # 1504
15839 - 1440 1
15840 # 1504
15841 # 1504
15841 + 1440
15842 # 1504
15842 - 1440 1
15842 + 88
15843 # 1504
15843 - 88 1
15844 # 1504
15844 + 1440
15845 # 1504
15845 - 1440 1
15846 # 1504
15846 + 1440
15847 # 1504
15847 - 1440 1
15848 # 1504
15849 # 1504
15849 + 1440
15850 # 1504
15850 - 1440 1
15851 # 1504
15852 # 1504
15852 + 1440
15853 # 1504
15853 - 1440 1
15854 # 1504
15854 + 1440
15854 + 88
15855 # 1504
15855 - 1440 1
15856 # 1504
15856 - 88 2
15857 # 1504
15857 + 1440
15858 # 1504
15858 - 1440 1
15859 # 1504
15859 + 1440
15860 # 1504
15860 - 1440 1
15861 # 1504
15862 # 1504
15863 # 1504
15863 + 1440
15864 # 1504
15864 - 1440 1
15865 # 1504
15866 # 1504
15866 + 1440
15866 + 88
15867 # 1504
15867 - 1440 1
15868 # 1504
15868 - 88 2
15869 # 1504
15870 # 1504
15870 + 1440
15871 # 1504
15871 - 1440 1
15872 # 1504
15873 # 1504
15873 + 1440
15874 # 1504
15874 - 1440 1
15875 # 1504
15876 # 1504
15877 # 1504
15877 + 1440
15878 # 1504
15878 - 1440 1
15878 + 88
15879 # 1504
15879 - 88 1
15880 # 1504
15880 + 1440
15881 # 1504
15881 - 1440 1
15882 # 1504
15883 # 1504
15883 + 1440
15884 # 1504
15884 - 1440 1
15885 # 1504
15886 # 1504
15887 # 1504
15887 + 1440
15888 # 1504
15888 - 1440 1
15889 # 1504
15889 + 88
15890 # 1504
15890 - 88 1
15890 + 1440
15891 # 1504
15891 - 1440 1
15892 # 1504
15893 # 1504
15893 + 1440
15894 # 1504
15894 - 1440 1
15895 # 1504
15896 # 1504
15896 + 1440
15897 # 1504
15897 - 1440 1
15898 # 1504
15899 # 1504
15900 # 1504
15900 + 1440
15901 # 1504
15901 - 1440 1
15902 # 1504
15903 # 1504
15903 + 1440
15903 + 88
15904 # 1504
15904 - 1440 1
15905 # 1504
15905 - 88 2
15906 # 1504
15906 + 1440
15907 # 1504
15907 - 1440 1
15908 # 1504
15909 # 1504
15910 # 1504
15910 + 1440
15911 # 1504
15911 - 1440 1
15912 # 1504
15913 # 1504
15913 + 1440
15913 + 88
15914 # 1504
15914 - 1440 1
15915 # 1504
15915 - 88 2
15916 # 1504
15917 # 1504
15917 + 1440
15918 # 1504
15918 - 1440 1
15919 # 1504
15920 # 1504
15920 + 1440
15921 # 1504
15921 - 1440 1
15922 # 1504
15923 # 1504
15923 + 1440
15924 # 1504
15924 - 1440 1
15925 # 1504
15926 # 1504
15927 # 1504
15927 + 1440
15927 + 88
15928 # 1504
15928 - 1440 1
15929 # 1504
15929 - 88 2
15930 # 1504
15931 # 1504
15931 + 1440
15932 # 1504
15932 - 1440 1
15933 # 1504
15934 # 1504
15935 # 1504
15935 + 1440
15936 # 1504
15936 - 1440 1
15937 # 1504
15938 # 1504
15938 + 88
15939 # 1504
15939 - 88 1
15939 + 1440
15940 # 1504
15940 - 1440 1
15941 # 1504
15942 # 1504
15943 # 1504
15943 + 1440
15944 # 1504
15944 - 1440 1
15945 # 1504
15946 # 1504
15947 # 1504
15947 + 1440
15948 # 1504
15948 - 1440 1
15949 # 1504
15950 # 1504
15951 # 1504
15951 + 1440
15951 + 88
15952 # 1504
15952 - 1440 1
15953 # 1504
15953 - 88 2
15954 # 1504
15955 # 1504
15955 + 1440
15956 # 1504
15956 - 1440 1
15957 # 1504
15958 # 1504
15959 # 1504
15959 + 1440
15960 # 1504
15960 - 1440 1
15961 # 1504
15962 # 1504
15963 # 1504
15963 + 1440
15964 # 1504
15964 - 1440 1
15965 # 1504
15966 # 1504
15967 # 1504
15967 + 1440
15968 # 1504
15968 - 1440 1
15968 + 88
15969 # 1504
15969 - 88 1
15970 # 1504
15970 + 1440
15971 # 1504
15971 - 1440 1
15972 # 1504
15973 # 1504
15973 + 1440
15974 # 1504
15974 - 1440 1
15975 # 1504
15976 # 1504
15976 + 1440
15976 + 88
15977 # 1504
15977 - 1440 1
15978 # 1504
15978 - 88 2
15979 # 1504
15979 + 1440
15980 # 1504
15980 - 1440 1
15981 # 1504
15982 # 1504
15982 + 1440
15983 # 1504
15983 - 1440 1
15984 # 1504
15985 # 1504
15985 + 1440
15986 # 1504
15986 - 1440 1
15987 # 1504
15988 # 1504
15988 + 1440
15988 + 88
15989 # 1504
15989 - 1440 1
15990 # 1504
15990 - 88 2
15991 # 1504
15991 + 1440
15992 # 1504
15992 - 1440 1
15993 # 1504
15994 # 1504
15994 + 1440
15995 # 1504
15995 - 1440 1
15996 # 1504
15997 # 1504
15997 + 1440
15998 # 1504
15998 - 1440 1
15999 # 1504
16000 # 1504
16000 + 88
16000 + 1440
16001 # 1504
16001 - 88 1
16002 # 1504
16002 - 1440 2
16003 # 1504
16004 # 1504
16004 + 1440
16005 # 1504
16005 - 1440 1
16006 # 1504
16007 # 1504
16007 + 1440
16008 # 1504
16008 - 1440 1
16009 # 1504
16010 # 1504
16010 + 88
16010 + 1440
16011 # 1504
16011 - 88 1
16012 # 1504
16012 - 1440 2
16013 # 1504
16014 # 1504
16014 + 1440
16015 # 1504
16015 - 1440 1
16016 # 1504
16017 # 1504
16017 + 1440
16018 # 1504
16018 - 1440 1
16019 # 1504
16020 # 1504
16020 + 88
16021 # 1504
16021 - 88 1
16021 + 1440
16022 # 1504
16022 - 1440 1
16023 # 1504
16024 # 1504
16024 + 1440
16025 # 1504
16025 - 1440 1
16026 # 1504
16027 # 1504
16028 # 1504
16028 + 1096
16029 # 1504
16029 - 1096 1
16030 # 1504
16031 # 1504
16031 + 1440
16032 # 1504
16032 - 1440 1
16032 + 88
16033 # 1504
16033 - 88 1
16034 # 1504
16034 + 1440
16035 # 1504
16035 - 1440 1
16036 # 1504
16037 # 1504
16037 + 1440
16038 # 1504
16038 - 1440 1
16039 # 1504
16040 # 1504
16040 + 1440
16041 # 1504
16041 - 1440 1
16042 # 1504
16043 # 1504
16043 + 1440
16044 # 1504
16044 - 1440 1
16045 # 1504
16046 # 1504
16046 + 1440
16046 + 88
16047 # 1504
16047 - 1440 1
16048 # 1504
16048 - 88 2
16049 # 1504
16049 + 1440
16050 # 1504
16050 - 1440 1
16051 # 1504
16052 # 1504
16052 + 1440
16053 # 1504
16053 - 1440 1
16054 # 1504
16055 # 1504
16055 + 1440
16056 # 1504
16056 - 1440 1
16057 # 1504
16058 # 1504
16058 + 1440
16058 + 88
16059 # 1504
16059 - 1440 1
16060 # 1504
16060 - 88 2
16061 # 1504
16061 + 1440
16062 # 1504
16062 - 1440 1
16063 # 1504
16064 # 1504
16064 + 1440
16065 # 1504
16065 - 1440 1
16066 # 1504
16067 # 1504
16067 + 1440
16068 # 1504
16068 - 1440 1
16069 # 1504
16069 + 88
16070 # 1504
16070 - 88 1
16070 + 1440
16071 # 1504
16071 - 1440 1
16072 # 1504
16073 # 1504
16073 + 1440
16074 # 1504
16074 - 1440 1
16075 # 1504
16076 # 1504
16077 # 1504
16077 + 1440
16078 # 1504
16078 - 1440 1
16079 # 1504
16080 # 1504
16080 + 1440
16081 # 1504
16081 - 1440 1
16082 # 1504
16083 # 1504
16083 + 1440
16084 # 1504
16084 - 1440 1
16084 + 88
16085 # 1504
16085 - 88 1
16086 # 1504
16087 # 1504
16087 + 1440
16088 # 1504
16088 - 1440 1
16089 # 1504
16090 # 1504
16090 + 1440
16091 # 1504
16091 - 1440 1
16092 # 1504
16093 # 1504
16094 # 1504
16094 + 1440
16095 # 1504
16095 - 1440 1
16096 # 1504
16097 # 1504
16097 + 1440
16097 + 88
16098 # 1504
16098 - 1440 1
16099 # 1504
16099 - 88 2
16100 # 1504
16100 + 1440
16101 # 1504
16101 - 1440 1
16102 # 1504
16102 + 1440
16103 # 1504
16103 - 1440 1
16104 # 1504
16105 # 1504
16105 + 1440
16106 # 1504
16106 - 1440 1
16107 # 1504
16108 # 1504
16108 + 1440
16109 # 1504
16109 - 1440 1
16110 # 1504
16111 # 1504
16111 + 1440
16112 # 1504
16112 - 1440 1
16112 + 88
16113 # 1504
16113 - 88 1
16114 # 1504
16114 + 1440
16115 # 1504
16115 - 1440 1
16116 # 1504
16117 # 1504
16117 + 1440
16118 # 1504
16118 - 1440 1
16119 # 1504
16120 # 1504
16120 + 1440
16121 # 1504
16121 - 1440 1
16122 # 1504
16123 # 1504
16123 + 1440
16124 # 1504
16124 - 1440 1
16124 + 88
16125 # 1504
16125 - 88 1
16126 # 1504
16127 # 1504
16127 + 1440
16128 # 1504
16128 - 1440 1
16129 # 1504
16130 # 1504
16131 # 1504
16131 + 1440
16132 # 1504
16132 - 1440 1
16133 # 1504
16134 # 1504
16135 # 1504
16135 + 1440
16136 # 1504
16136 - 1440 1
16137 # 1504
16138 # 1504
16139 # 1504
16139 + 1440
16140 # 1504
16140 - 1440 1
16140 + 88
16141 # 1504
16141 - 88 1
16142 # 1504
16143 # 1504
16143 + 1440
16144 # 1504
16144 - 1440 1
16145 # 1504
16146 # 1504
16147 # 1504
16147 + 1440
16148 # 1504
16148 - 1440 1
16149 # 1504
16150 # 1504
16151 # 1504
16152 # 1504
16152 + 1440
16153 # 1504
16153 - 1440 1
16153 + 88
16154 # 1504
16154 - 88 1
16155 # 1504
16156 # 1504
16156 + 1440
16157 # 1504
16157 - 1440 1
16158 # 1504
16159 # 1504
16160 # 1504
16160 + 1440
16161 # 1504
16161 - 1440 1
16162 # 1504
16163 # 1504
16164 # 1504
16164 + 1440
16164 + 88
16165 # 1504
16165 - 1440 1
16166 # 1504
16166 - 88 2
16167 # 1504
16168 # 1504
16168 + 1440
16169 # 1504
16169 - 1440 1
16170 # 1504
16171 # 1504
16172 # 1504
16172 + 1440
16173 # 1504
16173 - 1440 1
16174 # 1504
16175 # 1504
16176 # 1504
16176 + 1440
16177 # 1504
16177 - 1440 1
16178 # 1504
16179 # 1504
16179 + 88
16180 # 1504
16180 - 88 1
16180 + 1440
16181 # 1504
16181 - 1440 1
16182 # 1504
16183 # 1504
16184 # 1504
16184 + 1440
16185 # 1504
16185 - 1440 1
16186 # 1504
16187 # 1504
16188 # 1504
16188 + 1440
16189 # 1504
16189 - 1440 1
16190 # 1504
16191 # 1504
16191 + 88
16192 # 1504
16192 - 88 1
16192 + 1440
16193 # 1504
16193 - 1440 1
16194 # 1504
16195 # 1504
16196 # 1504
16196 + 1440
16197 # 1504
16197 - 1440 1
16198 # 1504
16199 # 1504
16200 # 1504
16200 + 1440
16201 # 1504
16201 - 1440 1
16202 # 1504
16203 # 1504
16203 + 88
16204 # 1504
16204 - 88 1
16204 + 1440
16205 # 1504
16205 - 1440 1
16206 # 1504
16207 # 1504
16207 + 1440
16208 # 1504
16208 - 1440 1
16209 # 1504
16210 # 1504
16210 + 1440
16211 # 1504
16211 - 1440 1
16212 # 1504
16213 # 1504
16213 + 1440
16214 # 1504
16214 - 1440 1
16215 # 1504
16216 # 1504
16216 + 1440
16216 + 88
16217 # 1504
16217 - 1440 1
16218 # 1504
16218 - 88 2
16219 # 1504
16219 + 1440
16220 # 1504
16220 - 1440 1
16221 # 1504
16222 # 1504
16222 + 1440
16223 # 1504
16223 - 1440 1
16224 # 1504
16225 # 1504
16225 + 1440
16225 + 88
16226 # 1504
16226 - 1440 1
16227 # 1504
16227 - 88 2
16228 # 1504
16228 + 1440
16229 # 1504
16229 - 1440 1
16230 # 1504
16231 # 1504
16231 + 1440
16232 # 1504
16232 - 1440 1
16233 # 1504
16234 # 1504
16234 + 1440
16235 # 1504
16235 - 1440 1
16236 # 1504
16236 + 88
16237 # 1504
16237 - 88 1
16237 + 1440
16238 # 1504
16238 - 1440 1
16239 # 1504
16240 # 1504
16240 + 1440
16241 # 1504
16241 - 1440 1
16242 # 1504
16243 # 1504
16244 # 1504
16244 + 1440
16245 # 1504
16245 - 1440 1
16246 # 1504
16247 # 1504
16247 + 1440
16248 # 1504
16248 - 1440 1
16249 # 1504
16249 + 88
16250 # 1504
16250 - 88 1
16251 # 1504
16251 + 1440
16252 # 1504
16252 - 1440 1
16253 # 1504
16254 # 1504
16254 + 1440
16255 # 1504
16255 - 1440 1
16256 # 1504
16257 # 1504
16258 # 1504
16258 + 1440
16259 # 1504
16259 - 1440 1
16260 # 1504
16261 # 1504
16261 + 1440
16262 # 1504
16262 - 1440 1
16263 # 1504
16264 # 1504
16264 + 1440
16265 # 1504
16265 - 1440 1
16265 + 88
16266 # 1504
16266 - 88 1
16267 # 1504
16268 # 1504
16268 + 1440
16269 # 1504
16269 - 1440 1
16270 # 1504
16271 # 1504
16271 + 1440
16272 # 1504
16272 - 1440 1
16273 # 1504
16274 # 1504
16274 + 1440
16275 # 1504
16275 - 1440 1
16275 + 88
16276 # 1504
16276 - 88 1
16277 # 1504
16277 + 1096
16278 # 1504
16278 - 1096 1
16279 # 1504
16280 # 1504
16280 + 1440
16281 # 1504
16281 - 1440 1
16282 # 1504
16283 # 1504
16283 + 1440
16283 + 88
16284 # 1504
16284 - 1440 1
16285 # 1504
16285 - 88 2
16286 # 1504
16286 + 1440
16287 # 1504
16287 - 1440 1
16288 # 1504
16289 # 1504
16289 + 1440
16290 # 1504
16290 - 1440 1
16291 # 1504
16291 + 1440
16292 # 1504
16292 - 1440 1
16293 # 1504
16294 # 1504
16294 + 1440
16295 # 1504
16295 - 1440 1
16295 + 88
16296 # 1504
16296 - 88 1
16297 # 1504
16297 + 1440
16298 # 1504
16298 - 1440 1
16299 # 1504
16300 # 1504
16301 # 1504
16301 + 1440
16302 # 1504
16302 - 1440 1
16303 # 1504
16304 # 1504
16305 # 1504
16306 # 1504
16306 + 1440
16307 # 1504
16307 - 1440 1
16308 # 1504
16309 # 1504
16310 # 1504
16310 + 1440
16311 # 1504
16311 - 1440 1
16311 + 88
16312 # 1504
16312 - 88 1
16313 # 1504
16314 # 1504
16314 + 1440
16315 # 1504
16315 - 1440 1
16316 # 1504
16317 # 1504
16318 # 1504
16318 + 1440
16319 # 1504
16319 - 1440 1
16320 # 1504
16321 # 1504
16322 # 1504
16322 + 1440
16323 # 1504
16323 - 1440 1
16324 # 1504
16325 # 1504
16326 # 1504
16326 + 1440
16326 + 88
16327 # 1504
16327 - 1440 1
16328 # 1504
16328 - 88 2
16329 # 1504
16330 # 1504
16330 + 1440
16331 # 1504
16331 - 1440 1
16332 # 1504
16333 # 1504
16334 # 1504
16334 + 1440
16335 # 1504
16335 - 1440 1
16336 # 1504
16336 + 88
16337 # 1504
16337 - 88 1
16338 # 1504
16338 + 1440
16339 # 1504
16339 - 1440 1
16340 # 1504
16341 # 1504
16341 + 1440
16342 # 1504
16342 - 1440 1
16343 # 1504
16344 # 1504
16345 # 1504
16345 + 1440
16346 # 1504
16346 - 1440 1
16347 # 1504
16348 # 1504
16348 + 88
16348 + 1440
16349 # 1504
16349 - 88 1
16350 # 1504
16350 - 1440 2
16351 # 1504
16351 + 1440
16352 # 1504
16352 - 1440 1
16353 # 1504
16354 # 1504
16355 # 1504
16355 + 1440
16356 # 1504
16356 - 1440 1
16357 # 1504
16358 # 1504
16358 + 88
16358 + 1440
16359 # 1504
16359 - 88 1
16360 # 1504
16360 - 1440 2
16361 # 1504
16362 # 1504
16362 + 1440
16363 # 1504
16363 - 1440 1
16364 # 1504
16365 # 1504
16365 + 1440
16366 # 1504
16366 - 1440 1
16367 # 1504
16368 # 1504
16368 + 1440
16369 # 1504
16369 - 1440 1
16370 # 1504
16370 + 88
16371 # 1504
16371 - 88 1
16372 # 1504
16372 + 1440
16373 # 1504
16373 - 1440 1
16374 # 1504
16375 # 1504
16375 + 1440
16376 # 1504
16376 - 1440 1
16377 # 1504
16378 # 1504
16378 + 1440
16379 # 1504
16379 - 1440 1
16380 # 1504
16381 # 1504
16381 + 1440
16381 + 88
16382 # 1504
16382 - 1440 1
16383 # 1504
16383 - 88 2
16384 # 1504
16384 + 1440
16385 # 1504
16385 - 1440 1
16386 # 1504
16387 # 1504
16387 + 1440
16388 # 1504
16388 - 1440 1
16389 # 1504
16390 # 1504
16390 + 1440
16391 # 1504
16391 - 1440 1
16392 # 1504
16392 + 88
16393 # 1504
16393 - 88 1
16393 + 1440
16394 # 1504
16394 - 1440 1
16395 # 1504
16396 # 1504
16396 + 1440
16397 # 1504
16397 - 1440 1
16398 # 1504
16398 + 1440
16399 # 1504
16399 - 1440 1
16400 # 1504
16401 # 1504
16402 # 1504
16402 + 1440
16403 # 1504
16403 - 1440 1
16404 # 1504
16405 # 1504
16405 + 1440
16406 # 1504
16406 - 1440 1
16407 # 1504
16408 # 1504
16408 + 1440
16408 + 88
16409 # 1504
16409 - 1440 1
16410 # 1504
16410 - 88 2
16411 # 1504
16411 + 1440
16412 # 1504
16412 - 1440 1
16413 # 1504
16413 + 1440
16414 # 1504
16414 - 1440 1
16415 # 1504
16416 # 1504
16416 + 1440
16417 # 1504
16417 - 1440 1
16418 # 1504
16419 # 1504
16419 + 1440
16420 # 1504
16420 - 1440 1
16421 # 1504
16421 + 88
16422 # 1504
16422 - 88 1
16422 + 1440
16423 # 1504
16423 - 1440 1
16424 # 1504
16425 # 1504
16425 + 1440
16426 # 1504
16426 - 1440 1
16427 # 1504
16428 # 1504
16428 + 1440
16429 # 1504
16429 - 1440 1
16430 # 1504
16431 # 1504
16431 + 1440
16432 # 1504
16432 - 1440 1
16432 + 88
16433 # 1504
16433 - 88 1
16434 # 1504
16434 + 1440
16435 # 1504
16435 - 1440 1
16436 # 1504
16437 # 1504
16437 + 1440
16438 # 1504
16438 - 1440 1
16439 # 1504
16439 + 1440
16440 # 1504
16440 - 1440 1
16441 # 1504
16442 # 1504
16442 + 1440
16442 + 88
16443 # 1504
16443 - 1440 1
16444 # 1504
16444 - 88 2
16444 + 1440
16445 # 1504
16445 - 1440 1
16446 # 1504
16447 # 1504
16447 + 1440
16448 # 1504
16448 - 1440 1
16449 # 1504
16450 # 1504
16450 + 1440
16451 # 1504
16451 - 1440 1
16452 # 1504
16452 + 1440
16453 # 1504
16453 - 1440 1
16454 # 1504
16454 + 88
16455 # 1504
16455 - 88 1
16455 + 1440
16456 # 1504
16456 - 1440 1
16457 # 1504
16457 + 1440
16458 # 1504
16458 - 1440 1
16459 # 1504
16460 # 1504
16460 + 1440
16461 # 1504
16461 - 1440 1
16462 # 1504
16463 # 1504
16463 + 1440
16464 # 1504
16464 - 1440 1
16465 # 1504
16465 + 1440
16466 # 1504
16466 - 1440 1
16466 + 88
16467 # 1504
16467 - 88 1
16468 # 1504
16468 + 1440
16469 # 1504
16469 - 1440 1
16470 # 1504
16471 # 1504
16471 + 1440
16472 # 1504
16472 - 1440 1
16473 # 1504
16473 + 1440
16474 # 1504
16474 - 1440 1
16475 # 1504
16476 # 1504
16476 + 1440
16476 + 88
16477 # 1504
16477 - 1440 1
16478 # 1504
16478 - 88 2
16478 + 1440
16479 # 1504
16479 - 1440 1
16480 # 1504
16481 # 1504
16481 + 1440
16482 # 1504
16482 - 1440 1
16483 # 1504
16484 # 1504
16484 + 1440
16485 # 1504
16485 - 1440 1
16486 # 1504
16486 + 1440
16486 + 88
16487 # 1504
16487 - 1440 1
16488 # 1504
16488 - 88 2
16488 + 1440
16489 # 1504
16489 - 1440 1
16490 # 1504
16490 + 1440
16491 # 1504
16491 - 1440 1
16492 # 1504
16493 # 1504
16493 + 1440
16494 # 1504
16494 - 1440 1
16495 # 1504
16495 + 1440
16496 # 1504
16496 - 1440 1
16497 # 1504
16497 + 1440
16498 # 1504
16498 - 1440 1
16498 + 88
16499 # 1504
16499 - 88 1
16499 + 1096
16500 # 1504
16500 - 1096 1
16501 # 1504
16502 # 1504
16502 + 1440
16502 + 88
16503 # 1504
16503 - 1440 1
16504 # 1504
16504 - 88 2
16504 + 1440
16505 # 1504
16505 - 1440 1
16506 # 1504
16506 + 1440
16507 # 1504
16507 - 1440 1
16508 # 1504
16508 + 1440
16509 # 1504
16509 - 1440 1
16510 # 1504
16511 # 1504
16511 + 1440
16512 # 1504
16512 - 1440 1
16513 # 1504
16513 + 1440
16513 + 88
16514 # 1504
16514 - 1440 1
16515 # 1504
16515 - 88 2
16516 # 1504
16516 + 1440
16517 # 1504
16517 - 1440 1
16518 # 1504
16518 + 1440
16519 # 1504
16519 - 1440 1
16520 # 1504
16521 # 1504
16521 + 1440
16522 # 1504
16522 - 1440 1
16523 # 1504
16523 + 1440
16524 # 1504
16524 - 1440 1
16525 # 1504
16525 + 88
16526 # 1504
16526 - 88 1
16526 + 1440
16527 # 1504
16527 - 1440 1
16528 # 1504
16528 + 1440
16529 # 1504
16529 - 1440 1
16530 # 1504
16531 # 1504
16531 + 1440
16532 # 1504
16532 - 1440 1
16533 # 1504
16533 + 1440
16534 # 1504
16534 - 1440 1
16535 # 1504
16535 + 1440
16536 # 1504
16536 - 1440 1
16537 # 1504
16537 + 88
16537 + 1440
16538 # 1504
16538 - 88 1
16539 # 1504
16539 - 1440 2
16539 + 1440
16540 # 1504
16540 - 1440 1
16541 # 1504
16542 # 1504
16542 + 1440
16543 # 1504
16543 - 1440 1
16544 # 1504
16544 + 1440
16545 # 1504
16545 - 1440 1
16546 # 1504
16546 + 1440
16547 # 1504
16547 - 1440 1
16548 # 1504
16548 + 1440
16549 # 1504
16549 - 1440 1
16549 + 88
16550 # 1504
16550 - 88 1
16551 # 1504
16551 + 1440
16552 # 1504
16552 - 1440 1
16553 # 1504
16553 + 1440
16554 # 1504
16554 - 1440 1
16555 # 1504
16556 # 1504
16556 + 1440
16557 # 1504
16557 - 1440 1
16558 # 1504
16558 + 1440
16559 # 1504
16559 - 1440 1
16560 # 1504
16561 # 1504
16561 + 1440
16561 + 88
16562 # 1504
16562 - 1440 1
16563 # 1504
16563 - 88 2
16564 # 1504
16564 + 1440
16565 # 1504
16565 - 1440 1
16566 # 1504
16567 # 1504
16567 + 1440
16568 # 1504
16568 - 1440 1
16569 # 1504
16570 # 1504
16570 + 1440
16571 # 1504
16571 - 1440 1
16572 # 1504
16572 + 88
16572 + 1440
16573 # 1504
16573 - 88 1
16574 # 1504
16574 - 1440 2
16575 # 1504
16575 + 1440
16576 # 1504
16576 - 1440 1
16577 # 1504
16578 # 1504
16578 + 1440
16579 # 1504
16579 - 1440 1
16580 # 1504
16581 # 1504
16581 + 1440
16582 # 1504
16582 - 1440 1
16583 # 1504
16583 + 1440
16583 + 88
16584 # 1504
16584 - 1440 1
16585 # 1504
16585 - 88 2
16585 + 1440
16586 # 1504
16586 - 1440 1
16587 # 1504
16588 # 1504
16588 + 1440
16589 # 1504
16589 - 1440 1
16590 # 1504
16590 + 1440
16591 # 1504
16591 - 1440 1
16592 # 1504
16592 + 1440
16593 # 1504
16593 - 1440 1
16594 # 1504
16594 + 1440
16594 + 88
16595 # 1504
16595 - 1440 1
16596 # 1504
16596 - 88 2
16597 # 1504
16597 + 1440
16598 # 1504
16598 - 1440 1
16599 # 1504
16599 + 1440
16600 # 1504
16600 - 1440 1
16601 # 1504
16601 + 1440
16602 # 1504
16602 - 1440 1
16603 # 1504
16603 + 1440
16604 # 1504
16604 - 1440 1
16605 # 1504
16606 # 1504
16606 + 1440
16606 + 88
16607 # 1504
16607 - 1440 1
16608 # 1504
16608 - 88 2
16609 # 1504
16609 + 1440
16610 # 1504
16610 - 1440 1
16611 # 1504
16612 # 1504
16612 + 1440
16613 # 1504
16613 - 1440 1
16614 # 1504
16614 + 1440
16615 # 1504
16615 - 1440 1
16616 # 1504
16617 # 1504
16617 + 1440
16617 + 88
16618 # 1504
16618 - 1440 1
16619 # 1504
16619 - 88 2
16620 # 1504
16620 + 1440
16621 # 1504
16621 - 1440 1
16622 # 1504
16623 # 1504
16623 + 1440
16624 # 1504
16624 - 1440 1
16625 # 1504
16626 # 1504
16626 + 1440
16627 # 1504
16627 - 1440 1
16628 # 1504
16628 + 1440
16629 # 1504
16629 - 1440 1
16630 # 1504
16630 + 88
16631 # 1504
16631 - 88 1
16631 + 1440
16632 # 1504
16632 - 1440 1
16633 # 1504
16634 # 1504
16634 + 1440
16635 # 1504
16635 - 1440 1
16636 # 1504
16636 + 1440
16637 # 1504
16637 - 1440 1
16638 # 1504
16639 # 1504
16639 + 1440
16640 # 1504
16640 - 1440 1
16641 # 1504
16642 # 1504
16642 + 1440
16642 + 88
16643 # 1504
16643 - 1440 1
16644 # 1504
16644 - 88 2
16645 # 1504
16645 + 1440
16646 # 1504
16646 - 1440 1
16647 # 1504
16647 + 1440
16648 # 1504
16648 - 1440 1
16649 # 1504
16650 # 1504
16650 + 1440
16651 # 1504
16651 - 1440 1
16652 # 1504
16653 # 1504
16653 + 1440
16653 + 88
16654 # 1504
16654 - 1440 1
16655 # 1504
16655 - 88 2
16656 # 1504
16656 + 1440
16657 # 1504
16657 - 1440 1
16658 # 1504
16659 # 1504
16659 + 1440
16660 # 1504
16660 - 1440 1
16661 # 1504
16662 # 1504
16662 + 1440
16663 # 1504
16663 - 1440 1
16664 # 1504
16664 + 88
16665 # 1504
16665 - 88 1
16665 + 1440
16666 # 1504
16666 - 1440 1
16667 # 1504
16668 # 1504
16668 + 1440
16669 # 1504
16669 - 1440 1
16670 # 1504
16671 # 1504
16671 + 1440
16672 # 1504
16672 - 1440 1
16673 # 1504
16674 # 1504
16675 # 1504
16675 + 1440
16676 # 1504
16676 - 1440 1
16677 # 1504
16678 # 1504
16678 + 1440
16678 + 88
16679 # 1504
16679 - 1440 1
16680 # 1504
16680 - 88 2
16681 # 1504
16681 + 1440
16682 # 1504
16682 - 1440 1
16683 # 1504
16684 # 1504
16684 + 1440
16685 # 1504
16685 - 1440 1
16686 # 1504
16687 # 1504
16687 + 1440
16688 # 1504
16688 - 1440 1
16689 # 1504
16690 # 1504
16691 # 1504
16691 + 1440
16691 + 88
16692 # 1504
16692 - 1440 1
16693 # 1504
16693 - 88 2
16693 + 1096
16694 # 1504
16694 - 1096 1
16695 # 1504
16696 # 1504
16696 + 1440
16697 # 1504
16697 - 1440 1
16698 # 1504
16698 + 1440
16698 + 88
16699 # 1504
16699 - 1440 1
16700 # 1504
16700 - 88 2
16701 # 1504
16701 + 1440
16702 # 1504
16702 - 1440 1
16703 # 1504
16703 + 1440
16704 # 1504
16704 - 1440 1
16705 # 1504
16706 # 1504
16706 + 1440
16707 # 1504
16707 - 1440 1
16708 # 1504
16708 + 1440
16709 # 1504
16709 - 1440 1
16710 # 1504
16711 # 1504
16711 + 1440
16711 + 88
16712 # 1504
16712 - 1440 1
16713 # 1504
16713 - 88 2
16713 + 1440
16714 # 1504
16714 - 1440 1
16715 # 1504
16715 + 1440
16716 # 1504
16716 - 1440 1
16717 # 1504
16718 # 1504
16718 + 1440
16719 # 1504
16719 - 1440 1
16720 # 1504
16721 # 1504
16721 + 1440
16722 # 1504
16722 - 1440 1
16723 # 1504
16724 # 1504
16724 + 1440
16724 + 88
16725 # 1504
16725 - 1440 1
16726 # 1504
16726 - 88 2
16727 # 1504
16727 + 1440
16728 # 1504
16728 - 1440 1
16729 # 1504
16729 + 1440
16730 # 1504
16730 - 1440 1
16731 # 1504
16732 # 1504
16732 + 1440
16733 # 1504
16733 - 1440 1
16734 # 1504
16734 + 88
16735 # 1504
16735 - 88 1
16735 + 1440
16736 # 1504
16736 - 1440 1
16737 # 1504
16738 # 1504
16738 + 1440
16739 # 1504
16739 - 1440 1
16740 # 1504
16741 # 1504
16741 + 1440
16742 # 1504
16742 - 1440 1
16743 # 1504
16743 + 1440
16744 # 1504
16744 - 1440 1
16745 # 1504
16746 # 1504
16746 + 1440
16746 + 88
16747 # 1504
16747 - 1440 1
16748 # 1504
16748 - 88 2
16748 + 1440
16749 # 1504
16749 - 1440 1
16750 # 1504
16751 # 1504
16751 + 1440
16752 # 1504
16752 - 1440 1
16753 # 1504
16753 + 1440
16754 # 1504
16754 - 1440 1
16755 # 1504
16756 # 1504
16756 + 1440
16757 # 1504
16757 - 1440 1
16757 + 88
16758 # 1504
16758 - 88 1
16758 + 1440
16759 # 1504
16759 - 1440 1
16760 # 1504
16761 # 1504
16761 + 1440
16762 # 1504
16762 - 1440 1
16763 # 1504
16763 + 1440
16764 # 1504
16764 - 1440 1
16765 # 1504
16766 # 1504
16766 + 1440
16767 # 1504
16767 - 1440 1
16768 # 1504
16768 + 1440
16769 # 1504
16769 - 1440 1
16770 # 1504
16771 # 1504
16771 + 1440
16771 + 88
16772 # 1504
16772 - 1440 1
16773 # 1504
16773 - 88 2
16773 + 1440
16774 # 1504
16774 - 1440 1
16775 # 1504
16776 # 1504
16776 + 1440
16777 # 1504
16777 - 1440 1
16778 # 1504
16779 # 1504
16779 + 1440
16780 # 1504
16780 - 1440 1
16781 # 1504
16781 + 1440
16782 # 1504
16782 - 1440 1
16782 + 88
16783 # 1504
16783 - 88 1
16784 # 1504
16784 + 1440
16785 # 1504
16785 - 1440 1
16786 # 1504
16787 # 1504
16787 + 1440
16788 # 1504
16788 - 1440 1
16789 # 1504
16790 # 1504
16790 + 1440
16791 # 1504
16791 - 1440 1
16792 # 1504
16792 + 88
16792 + 1440
16793 # 1504
16793 - 88 1
16794 # 1504
16794 - 1440 2
16795 # 1504
16795 + 1440
16796 # 1504
16796 - 1440 1
16797 # 1504
16798 # 1504
16798 + 1440
16799 # 1504
16799 - 1440 1
16800 # 1504
16800 + 1440
16801 # 1504
16801 - 1440 1
16802 # 1504
16802 + 88
16803 # 1504
16803 - 88 1
16803 + 1440
16804 # 1504
16804 - 1440 1
16805 # 1504
16805 + 1440
16806 # 1504
16806 - 1440 1
16807 # 1504
16808 # 1504
16808 + 1440
16809 # 1504
16809 - 1440 1
16810 # 1504
16810 + 1440
16811 # 1504
16811 - 1440 1
16812 # 1504
16813 # 1504
16813 + 1440
16813 + 88
16814 # 1504
16814 - 1440 1
16815 # 1504
16815 - 88 2
16815 + 1440
16816 # 1504
16816 - 1440 1
16817 # 1504
16818 # 1504
16818 + 1440
16819 # 1504
16819 - 1440 1
16820 # 1504
16820 + 1440
16821 # 1504
16821 - 1440 1
16822 # 1504
16823 # 1504
16823 + 1440
16824 # 1504
16824 - 1440 1
16825 # 1504
16826 # 1504
16827 # 1504
16827 + 1440
16827 + 88
16828 # 1504
16828 - 1440 1
16829 # 1504
16829 - 88 2
16830 # 1504
16830 + 1440
16831 # 1504
16831 - 1440 1
16832 # 1504
16833 # 1504
16833 + 1440
16834 # 1504
16834 - 1440 1
16835 # 1504
16836 # 1504
16836 + 1440
16837 # 1504
16837 - 1440 1
16838 # 1504
16838 + 88
16839 # 1504
16839 - 88 1
16839 + 1440
16840 # 1504
16840 - 1440 1
16841 # 1504
16842 # 1504
16843 # 1504
16843 + 1440
16844 # 1504
16844 - 1440 1
16845 # 1504
16846 # 1504
16846 + 1440
16847 # 1504
16847 - 1440 1
16848 # 1504
16849 # 1504
16849 + 1440
16850 # 1504
16850 - 1440 1
16851 # 1504
16852 # 1504
16852 + 1440
16853 # 1504
16853 - 1440 1
16853 + 88
16854 # 1504
16854 - 88 1
16855 # 1504
16855 + 1440
16856 # 1504
16856 - 1440 1
16857 # 1504
16857 + 1440
16858 # 1504
16858 - 1440 1
16859 # 1504
16860 # 1504
16860 + 1440
16861 # 1504
16861 - 1440 1
16862 # 1504
16862 + 1440
16863 # 1504
16863 - 1440 1
16863 + 88
16864 # 1504
16864 - 88 1
16865 # 1504
16865 + 1440
16866 # 1504
16866 - 1440 1
16867 # 1504
16867 + 1440
16868 # 1504
16868 - 1440 1
16869 # 1504
16870 # 1504
16870 + 1440
16871 # 1504
16871 - 1440 1
16872 # 1504
16872 + 1440
16873 # 1504
16873 - 1440 1
16874 # 1504
16874 + 88
16875 # 1504
16875 - 88 1
16875 + 1440
16876 # 1504
16876 - 1440 1
16877 # 1504
16877 + 1440
16878 # 1504
16878 - 1440 1
16879 # 1504
16880 # 1504
16880 + 1440
16881 # 1504
16881 - 1440 1
16882 # 1504
16883 # 1504
16883 + 1440
16884 # 1504
16884 - 1440 1
16885 # 1504
16886 # 1504
16887 # 1504
16887 + 1440
16887 + 88
16888 # 1504
16888 - 1440 1
16889 # 1504
16889 - 88 2
16890 # 1504
16890 + 1440
16891 # 1504
16891 - 1440 1
16892 # 1504
16893 # 1504
16893 + 1096
16894 # 1504
16894 - 1096 1
16895 # 1504
16896 # 1504
16896 + 88
16896 + 1440
16897 # 1504
16897 - 88 1
16898 # 1504
16898 - 1440 2
16899 # 1504
16899 + 1440
16900 # 1504
16900 - 1440 1
16901 # 1504
16902 # 1504
16903 # 1504
16903 + 1440
16904 # 1504
16904 - 1440 1
16905 # 1504
16906 # 1504
16906 + 1440
16907 # 1504
16907 - 1440 1
16908 # 1504
16909 # 1504
16909 + 1440
16909 + 88
16910 # 1504
16910 - 1440 1
16911 # 1504
16911 - 88 2
16912 # 1504
16912 + 1440
16913 # 1504
16913 - 1440 1
16914 # 1504
16915 # 1504
16915 + 1440
16916 # 1504
16916 - 1440 1
16917 # 1504
16917 + 1440
16918 # 1504
16918 - 1440 1
16918 + 88
16919 # 1504
16919 - 88 1
16920 # 1504
16920 + 1440
16921 # 1504
16921 - 1440 1
16922 # 1504
16923 # 1504
16923 + 1440
16924 # 1504
16924 - 1440 1
16925 # 1504
16926 # 1504
16926 + 1440
16927 # 1504
16927 - 1440 1
16928 # 1504
16929 # 1504
16929 + 1440
16929 + 88
16930 # 1504
16930 - 1440 1
16931 # 1504
16931 - 88 2
16931 + 1440
16932 # 1504
16932 - 1440 1
16933 # 1504
16934 # 1504
16934 + 1440
16935 # 1504
16935 - 1440 1
16936 # 1504
16937 # 1504
16937 + 1440
16938 # 1504
16938 - 1440 1
16939 # 1504
16940 # 1504
16940 + 1440
16940 + 88
16941 # 1504
16941 - 1440 1
16942 # 1504
16942 - 88 2
16942 + 1440
16943 # 1504
16943 - 1440 1
16944 # 1504
16945 # 1504
16945 + 1440
16946 # 1504
16946 - 1440 1
16947 # 1504
16947 + 1440
16948 # 1504
16948 - 1440 1
16949 # 1504
16949 + 1440
16950 # 1504
16950 - 1440 1
16951 # 1504
16952 # 1504
16952 + 1440
16952 + 88
16953 # 1504
16953 - 1440 1
16954 # 1504
16954 - 88 2
16954 + 1440
16955 # 1504
16955 - 1440 1
16956 # 1504
16957 # 1504
16957 + 1440
16958 # 1504
16958 - 1440 1
16959 # 1504
16959 + 1440
16960 # 1504
16960 - 1440 1
16961 # 1504
16962 # 1504
16962 + 1440
16963 # 1504
16963 - 1440 1
16964 # 1504
16965 # 1504
16965 + 1440
16966 # 1504
16966 - 1440 1
16966 + 88
16967 # 1504
16967 - 88 1
16968 # 1504
16968 + 1440
16969 # 1504
16969 - 1440 1
16970 # 1504
16971 # 1504
16972 # 1504
16972 + 1440
16973 # 1504
16973 - 1440 1
16974 # 1504
16975 # 1504
16975 + 1440
16976 # 1504
16976 - 1440 1
16977 # 1504
16978 # 1504
16978 + 1440
16978 + 88
16979 # 1504
16979 - 1440 1
16980 # 1504
16980 - 88 2
16981 # 1504
16981 + 1440
16982 # 1504
16982 - 1440 1
16983 # 1504
16984 # 1504
16984 + 1440
16985 # 1504
16985 - 1440 1
16986 # 1504
16987 # 1504
16987 + 1440
16988 # 1504
16988 - 1440 1
16988 + 88
16989 # 1504
16989 - 88 1
16990 # 1504
16991 # 1504
16991 + 1440
16992 # 1504
16992 - 1440 1
16993 # 1504
16994 # 1504
16994 + 1440
16995 # 1504
16995 - 1440 1
16996 # 1504
16997 # 1504
16997 + 1440
16998 # 1504
16998 - 1440 1
16999 # 1504
16999 + 88
17000 # 1504
17000 - 88 1
17000 + 1440
17001 # 1504
17001 - 1440 1
17002 # 1504
17003 # 1504
17003 + 1440
17004 # 1504
17004 - 1440 1
17005 # 1504
17006 # 1504
17006 + 1440
17007 # 1504
17007 - 1440 1
17008 # 1504
17009 # 1504
17009 + 1440
17010 # 1504
17010 - 1440 1
17010 + 88
17011 # 1504
17011 - 88 1
17012 # 1504
17012 + 1440
17013 # 1504
17013 - 1440 1
17014 # 1504
17015 # 1504
17016 # 1504
17016 + 1440
17017 # 1504
17017 - 1440 1
17018 # 1504
17019 # 1504
17019 + 1440
17020 # 1504
17020 - 1440 1
17021 # 1504
17022 # 1504
17022 + 1440
17022 + 88
17023 # 1504
17023 - 1440 1
17024 # 1504
17024 - 88 2
17025 # 1504
17025 + 1440
17026 # 1504
17026 - 1440 1
17027 # 1504
17028 # 1504
17028 + 1440
17029 # 1504
17029 - 1440 1
17030 # 1504
17031 # 1504
17031 + 1440
17032 # 1504
17032 - 1440 1
17033 # 1504
17034 # 1504
17034 + 88
17034 + 1440
17035 # 1504
17035 - 88 1
17036 # 1504
17036 - 1440 2
17037 # 1504
17037 + 1440
17038 # 1504
17038 - 1440 1
17039 # 1504
17039 + 1440
17040 # 1504
17040 - 1440 1
17041 # 1504
17042 # 1504
17042 + 1440
17043 # 1504
17043 - 1440 1
17044 # 1504
17045 # 1504
17045 + 88
17045 + 1440
17046 # 1504
17046 - 88 1
17047 # 1504
17047 - 1440 2
17048 # 1504
17048 + 1440
17049 # 1504
17049 - 1440 1
17050 # 1504
17051 # 1504
17051 + 1440
17052 # 1504
17052 - 1440 1
17053 # 1504
17053 + 1440
17054 # 1504
17054 - 1440 1
17055 # 1504
17056 # 1504
17057 # 1504
17057 + 1440
17058 # 1504
17058 - 1440 1
17059 # 1504
17060 # 1504
17061 # 1504
17061 + 1440
17061 + 88
17062 # 1504
17062 - 1440 1
17063 # 1504
17063 - 88 2
17064 # 1504
17064 + 1440
17065 # 1504
17065 - 1440 1
17066 # 1504
17067 # 1504
17068 # 1504
17068 + 1440
17069 # 1504
17069 - 1440 1
17070 # 1504
17071 # 1504
17071 + 88
17072 # 1504
17072 - 88 1
17072 + 1440
17073 # 1504
17073 - 1440 1
17074 # 1504
17075 # 1504
17076 # 1504
17076 + 1440
17077 # 1504
17077 - 1440 1
17078 # 1504
17079 # 1504
17079 + 1440
17080 # 1504
17080 - 1440 1
17081 # 1504
17082 # 1504
17083 # 1504
17083 + 1440
17083 + 88
17084 # 1504
17084 - 1440 1
17085 # 1504
17085 - 88 2
17086 # 1504
17087 # 1504
17087 + 1440
17088 # 1504
17088 - 1440 1
17089 # 1504
17090 # 1504
17091 # 1504
17091 + 1440
17092 # 1504
17092 - 1440 1
17093 # 1504
17093 + 88
17094 # 1504
17094 - 88 1
17094 + 1440
17095 # 1504
17095 - 1440 1
17096 # 1504
17097 # 1504
17098 # 1504
17098 + 1440
17099 # 1504
17099 - 1440 1
17100 # 1504
17101 # 1504
17101 + 1440
17102 # 1504
17102 - 1440 1
17103 # 1504
17104 # 1504
17105 # 1504
17105 + 1440
17105 + 88
17106 # 1504
17106 - 1440 1
17107 # 1504
17107 - 88 2
17108 # 1504
17109 # 1504
17109 + 1440
17110 # 1504
17110 - 1440 1
17111 # 1504
17112 # 1504
17112 + 1440
17113 # 1504
17113 - 1440 1
17114 # 1504
17115 # 1504
17116 # 1504
17116 + 1440
17117 # 1504
17117 - 1440 1
17117 + 88
17118 # 1504
17118 - 88 1
17119 # 1504
17120 # 1504
17120 + 1440
17121 # 1504
17121 - 1440 1
17122 # 1504
17123 # 1504
17124 # 1504
17124 + 1096
17125 # 1504
17125 - 1096 1
17126 # 1504
17127 # 1504
17127 + 88
17127 + 1440
17128 # 1504
17128 - 88 1
17129 # 1504
17129 - 1440 2
17130 # 1504
17131 # 1504
17132 # 1504
17132 + 1440
17133 # 1504
17133 - 1440 1
17134 # 1504
17135 # 1504
17136 # 1504
17136 + 1440
17137 # 1504
17137 - 1440 1
17138 # 1504
17139 # 1504
17139 + 88
17140 # 1504
17140 - 88 1
17141 # 1504
17141 + 1440
17142 # 1504
17142 - 1440 1
17143 # 1504
17144 # 1504
17145 # 1504
17145 + 1440
17146 # 1504
17146 - 1440 1
17147 # 1504
17148 # 1504
17149 # 1504
17150 # 1504
17150 + 1440
17151 # 1504
17151 - 1440 1
17152 # 1504
17152 + 88
17153 # 1504
17153 - 88 1
17154 # 1504
17154 + 1440
17155 # 1504
17155 - 1440 1
17156 # 1504
17157 # 1504
17158 # 1504
17159 # 1504
17159 + 1440
17160 # 1504
17160 - 1440 1
17161 # 1504
17162 # 1504
17163 # 1504
17163 + 1440
17164 # 1504
17164 - 1440 1
17165 # 1504
17166 # 1504
17167 # 1504
17168 # 1504
17168 + 1440
17169 # 1504
17169 - 1440 1
17169 + 88
17170 # 1504
17170 - 88 1
17171 # 1504
17172 # 1504
17172 + 1440
17173 # 1504
17173 - 1440 1
17174 # 1504
17175 # 1504
17175 + 1440
17176 # 1504
17176 - 1440 1
17177 # 1504
17178 # 1504
17179 # 1504
17179 + 1440
17180 # 1504
17180 - 1440 1
17181 # 1504
17182 # 1504
17182 + 1440
17182 + 88
17183 # 1504
17183 - 1440 1
17184 # 1504
17184 - 88 2
17185 # 1504
17185 + 1440
17186 # 1504
17186 - 1440 1
17187 # 1504
17188 # 1504
17188 + 1440
17189 # 1504
17189 - 1440 1
17190 # 1504
17191 # 1504
17191 + 1440
17192 # 1504
17192 - 1440 1
17193 # 1504
17194 # 1504
17195 # 1504
17195 + 1440
17195 + 88
17196 # 1504
17196 - 1440 1
17197 # 1504
17197 - 88 2
17197 + 1440
17198 # 1504
17198 - 1440 1
17199 # 1504
17200 # 1504
17201 # 1504
17201 + 1440
17202 # 1504
17202 - 1440 1
17203 # 1504
17204 # 1504
17204 + 1440
17205 # 1504
17205 - 1440 1
17206 # 1504
17206 + 88
17207 # 1504
17207 - 88 1
17208 # 1504
17208 + 1440
17209 # 1504
17209 - 1440 1
17210 # 1504
17211 # 1504
17212 # 1504
17212 + 1440
17213 # 1504
17213 - 1440 1
17214 # 1504
17215 # 1504
17216 # 1504
17217 # 1504
17217 + 1440
17218 # 1504
17218 - 1440 1
17219 # 1504
17220 # 1504
17220 + 88
17221 # 1504
17221 - 88 1
17221 + 1440
17222 # 1504
17222 - 1440 1
17223 # 1504
17224 # 1504
17225 # 1504
17226 # 1504
17226 + 1440
17227 # 1504
17227 - 1440 1
17228 # 1504
17229 # 1504
17230 # 1504
17230 + 1440
17231 # 1504
17231 - 1440 1
17232 # 1504
17233 # 1504
17233 + 88
17234 # 1504
17234 - 88 1
17235 # 1504
17235 + 1440
17236 # 1504
17236 - 1440 1
17237 # 1504
17238 # 1504
17239 # 1504
17239 + 1440
17240 # 1504
17240 - 1440 1
17241 # 1504
17242 # 1504
17243 # 1504
17244 # 1504
17244 + 1440
17245 # 1504
17245 - 1440 1
17246 # 1504
17247 # 1504
17247 + 88
17248 # 1504
17248 - 88 1
17248 + 1440
17249 # 1504
17249 - 1440 1
17250 # 1504
17251 # 1504
17252 # 1504
17252 + 1440
17253 # 1504
17253 - 1440 1
17254 # 1504
17255 # 1504
17256 # 1504
17256 + 1440
17257 # 1504
17257 - 1440 1
17258 # 1504
17259 # 1504
17260 # 1504
17260 + 1440
17260 + 88
17261 # 1504
17261 - 1440 1
17262 # 1504
17262 - 88 2
17263 # 1504
17263 + 1440
17264 # 1504
17264 - 1440 1
17265 # 1504
17266 # 1504
17267 # 1504
17267 + 1440
17268 # 1504
17268 - 1440 1
17269 # 1504
17270 # 1504
17271 # 1504
17271 + 1440
17271 + 88
17272 # 1504
17272 - 1440 1
17273 # 1504
17273 - 88 2
17274 # 1504
17274 + 1440
17275 # 1504
17275 - 1440 1
17276 # 1504
17277 # 1504
17278 # 1504
17278 + 1440
17279 # 1504
17279 - 1440 1
17280 # 1504
17281 # 1504
17282 # 1504
17282 + 1440
17283 # 1504
17283 - 1440 1
17284 # 1504
17284 + 88
17285 # 1504
17285 - 88 1
17286 # 1504
17286 + 1440
17287 # 1504
17287 - 1440 1
17288 # 1504
17289 # 1504
17290 # 1504
17291 # 1504
17291 + 1440
17292 # 1504
17292 - 1440 1
17293 # 1504
17294 # 1504
17295 # 1504
17296 # 1504
17296 + 88
17297 # 1504
17297 - 88 1
17297 + 1440
17298 # 1504
17298 - 1440 1
17299 # 1504
17300 # 1504
17301 # 1504
17302 # 1504
17303 # 1504
17303 + 1440
17304 # 1504
17304 - 1440 1
17304 + 88
17305 # 1504
17305 - 88 1
17306 # 1504
17307 # 1504
17308 # 1504
17308 + 1440
17309 # 1504
17309 - 1440 1
17310 # 1504
17311 # 1504
17312 # 1504
17313 # 1504
17314 # 1504
17314 + 1440
17315 # 1504
17315 - 1440 1
17315 + 88
17316 # 1504
17316 - 88 1
17317 # 1504
17318 # 1504
17319 # 1504
17319 + 1440
17320 # 1504
17320 - 1440 1
17321 # 1504
17322 # 1504
17323 # 1504
17324 # 1504
17325 # 1504
17325 + 1440
17326 # 1504
17326 - 1440 1
17327 # 1504
17328 # 1504
17329 # 1504
17330 # 1504
17330 + 1440
17331 # 1504
17331 - 1440 1
17332 # 1504
17332 + 88
17333 # 1504
17333 - 88 1
17334 # 1504
17335 # 1504
17336 # 1504
17336 + 1440
17337 # 1504
17337 - 1440 1
17338 # 1504
17339 # 1504
17340 # 1504
17341 # 1504
17342 # 1504
17342 + 1440
17343 # 1504
17343 - 1440 1
17344 # 1504
17345 # 1504
17345 + 88
17346 # 1504
17346 - 88 1
17346 + 1440
17347 # 1504
17347 - 1440 1
17348 # 1504
17349 # 1504
17350 # 1504
17351 # 1504
17352 # 1504
17352 + 1440
17353 # 1504
17353 - 1440 1
17354 # 1504
17355 # 1504
17356 # 1504
17357 # 1504
17358 # 1504
17358 + 1440
17359 # 1504
17359 - 1440 1
17360 # 1504
17361 # 1504
17361 + 88
17362 # 1504
17362 - 88 1
17363 # 1504
17364 # 1504
17364 + 1440
17365 # 1504
17365 - 1440 1
17366 # 1504
17367 # 1504
17368 # 1504
17369 # 1504
17370 # 1504
17370 + 1440
17371 # 1504
17371 - 1440 1
17372 # 1504
17372 + 88
17373 # 1504
17373 - 88 1
17374 # 1504
17375 # 1504
17375 + 1440
17376 # 1504
17376 - 1440 1
17377 # 1504
17378 # 1504
17379 # 1504
17380 # 1504
17381 # 1504
17381 + 1440
17382 # 1504
17382 - 1440 1
17383 # 1504
17384 # 1504
17384 + 88
17385 # 1504
17385 - 88 1
17386 # 1504
17387 # 1504
17387 + 1440
17388 # 1504
17388 - 1440 1
17389 # 1504
17390 # 1504
17391 # 1504
17392 # 1504
17393 # 1504
17393 + 1440
17394 # 1504
17394 - 1440 1
17395 # 1504
17396 # 1504
17397 # 1504
17397 + 88
17398 # 1504
17398 - 88 1
17399 # 1504
17399 + 1440
17400 # 1504
17400 - 1440 1
17401 # 1504
17402 # 1504
17403 # 1504
17404 # 1504
17405 # 1504
17406 # 1504
17407 # 1504
17407 + 1440
17408 # 1504
17408 - 1440 1
17409 # 1504
17410 # 1504
17410 + 88
17411 # 1504
17411 - 88 1
17412 # 1504
17413 # 1504
17414 # 1504
17414 + 1440
17415 # 1504
17415 - 1440 1
17416 # 1504
17417 # 1504
17418 # 1504
17419 # 1504
17420 # 1504
17421 # 1504
17422 # 1504
17422 + 1440
17423 # 1504
17423 - 1440 1
17424 # 1504
17425 # 1504
17426 # 1504
17427 # 1504
17428 # 1504
17429 # 1504
17430 # 1504
17430 + 1440
17431 # 1504
17431 - 1440 1
17431 + 88
17432 # 1504
17432 - 88 1
17433 # 1504
17434 # 1504
17435 # 1504
17436 # 1504
17437 # 1504
17438 # 1504
17438 + 1440
17439 # 1504
17439 - 1440 1
17440 # 1504
17441 # 1504
17442 # 1504
17443 # 1504
17444 # 1504
17445 # 1504
17446 # 1504
17446 + 1440
17446 + 88
17447 # 1504
17447 - 1440 1
17448 # 1504
17448 - 88 2
17449 # 1504
17450 # 1504
17451 # 1504
17452 # 1504
17453 # 1504
17454 # 1504
17454 + 1440
17455 # 1504
17455 - 1440 1
17456 # 1504
17457 # 1504
17458 # 1504
17458 + 88
17459 # 1504
17459 - 88 1
17460 # 1504
17461 # 1504
17462 # 1504
17462 + 1440
17463 # 1504
17463 - 1440 1
17464 # 1504
17465 # 1504
17466 # 1504
17467 # 1504
17468 # 1504
17469 # 1504
17470 # 1504
17470 + 1440
17471 # 1504
17471 - 1440 1
17472 # 1504
17473 # 1504
17474 # 1504
17475 # 1504
17476 # 1504
17477 # 1504
17478 # 1504
17478 + 1440
17478 + 88
17479 # 1504
17479 - 1440 1
17480 # 1504
17480 - 88 2
17481 # 1504
17482 # 1504
17482 + 88
17482 + 1440
17483 # 1504
17483 - 88 1
17484 # 1504
17484 - 1440 2
17485 # 1504
17486 # 1504
17487 # 1504
17487 + 1440
17488 # 1504
17488 - 1440 1
17489 # 1504
17490 # 1504
17491 # 1504
17491 + 1096
17492 # 1504
17492 - 1096 1
17493 # 1504
17494 # 1504
17494 + 88
17495 # 1504
17495 - 88 1
17496 # 1504
17496 + 1440
17497 # 1504
17497 - 1440 1
17498 # 1504
17499 # 1504
17500 # 1504
17501 # 1504
17501 + 1440
17502 # 1504
17502 - 1440 1
17503 # 1504
17504 # 1504
17505 # 1504
17505 + 1440
17506 # 1504
17506 - 1440 1
17507 # 1504
17508 # 1504
17509 # 1504
17509 + 88
17510 # 1504
17510 - 88 1
17510 + 1440
17511 # 1504
17511 - 1440 1
17512 # 1504
17513 # 1504
17514 # 1504
17515 # 1504
17515 + 1440
17516 # 1504
17516 - 1440 1
17517 # 1504
17518 # 1504
17519 # 1504
17519 + 1440
17520 # 1504
17520 - 1440 1
17521 # 1504
17522 # 1504
17523 # 1504
17523 + 88
17524 # 1504
17524 - 88 1
17524 + 1440
17525 # 1504
17525 - 1440 1
17526 # 1504
17527 # 1504
17528 # 1504
17529 # 1504
17530 # 1504
17530 + 1440
17531 # 1504
17531 - 1440 1
17532 # 1504
17533 # 1504
17534 # 1504
17535 # 1504
17535 + 1440
17536 # 1504
17536 - 1440 1
17536 + 88
17537 # 1504
17537 - 88 1
17538 # 1504
17539 # 1504
17540 # 1504
17541 # 1504
17542 # 1504
17543 # 1504
17544 # 1504
17544 + 1440
17545 # 1504
17545 - 1440 1
17546 # 1504
17547 # 1504
17548 # 1504
17549 # 1504
17550 # 1504
17551 # 1504
17552 # 1504
17552 + 1440
17552 + 88
17553 # 1504
17553 - 1440 1
17554 # 1504
17554 - 88 2
17555 # 1504
17556 # 1504
17557 # 1504
17558 # 1504
17559 # 1504
17560 # 1504
17560 + 1440
17561 # 1504
17561 - 1440 1
17562 # 1504
17563 # 1504
17564 # 1504
17565 # 1504
17566 # 1504
17567 # 1504
17568 # 1504
17568 + 1440
17568 + 88
17569 # 1504
17569 - 1440 1
17570 # 1504
17570 - 88 2
17571 # 1504
17572 # 1504
17573 # 1504
17574 # 1504
17575 # 1504
17576 # 1504
17576 + 1440
17577 # 1504
17577 - 1440 1
17578 # 1504
17579 # 1504
17580 # 1504
17580 + 88
17581 # 1504
17581 - 88 1
17582 # 1504
17583 # 1504
17584 # 1504
17585 # 1504
17585 + 1440
17586 # 1504
17586 - 1440 1
17587 # 1504
17588 # 1504
17589 # 1504
17590 # 1504
17591 # 1504
17592 # 1504
17593 # 1504
17593 + 1440
17594 # 1504
17594 - 1440 1
17595 # 1504
17596 # 1504
17597 # 1504
17598 # 1504
17599 # 1504
17600 # 1504
17601 # 1504
17601 + 1440
17602 # 1504
17602 - 1440 1
17603 # 1504
17604 # 1504
17605 # 1504
17606 # 1504
17607 # 1504
17608 # 1504
17609 # 1504
17610 # 1504
17611 # 1504
17612 # 1504
17613 # 1504
17614 # 1504
17614 + 1440
17614 + 88
17615 # 1504
17615 - 1440 1
17616 # 1504
17616 - 88 2
17617 # 1504
17618 # 1504
17619 # 1504
17620 # 1504
17621 # 1504
17622 # 1504
17623 # 1504
17624 # 1504
17625 # 1504
17626 # 1504
17627 # 1504
17627 + 1440
17628 # 1504
17628 - 1440 1
17629 # 1504
17630 # 1504
17631 # 1504
17631 + 88
17632 # 1504
17632 - 88 1
17633 # 1504
17634 # 1504
17635 # 1504
17636 # 1504
17637 # 1504
17638 # 1504
17639 # 1504
17640 # 1504
17640 + 1440
17641 # 1504
17641 - 1440 1
17642 # 1504
17643 # 1504
17644 # 1504
17644 + 88
17645 # 1504
17645 - 88 1
17646 # 1504
17647 # 1504
17648 # 1504
17649 # 1504
17650 # 1504
17651 # 1504
17652 # 1504
17653 # 1504
17653 + 1440
17654 # 1504
17654 - 1440 1
17655 # 1504
17655 + 88
17656 # 1504
17656 - 88 1
17657 # 1504
17658 # 1504
17659 # 1504
17660 # 1504
17661 # 1504
17662 # 1504
17663 # 1504
17664 # 1504
17665 # 1504
17666 # 1504
17666 + 1440
17667 # 1504
17667 - 1440 1
17668 # 1504
17668 + 88
17669 # 1504
17669 - 88 1
17670 # 1504
17671 # 1504
17672 # 1504
17673 # 1504
17674 # 1504
17675 # 1504
17676 # 1504
17677 # 1504
17678 # 1504
17679 # 1504
17679 + 1440
17680 # 1504
17680 - 1440 1
17681 # 1504
17682 # 1504
17683 # 1504
17684 # 1504
17685 # 1504
17686 # 1504
17687 # 1504
17688 # 1504
17689 # 1504
17690 # 1504
17691 # 1504
17692 # 1504
17692 + 1440
17693 # 1504
17693 - 1440 1
17694 # 1504
17695 # 1504
17696 # 1504
17697 # 1504
17698 # 1504
17699 # 1504
17700 # 1504
17701 # 1504
17702 # 1504
17703 # 1504
17704 # 1504
17705 # 1504
17705 + 1440
17705 + 88
17706 # 1504
17706 - 1440 1
17707 # 1504
17707 - 88 2
17708 # 1504
17709 # 1504
17710 # 1504
17711 # 1504
17712 # 1504
17713 # 1504
17714 # 1504
17715 # 1504
17716 # 1504
17717 # 1504
17718 # 1504
17718 + 1440
17719 # 1504
17719 - 1440 1
17720 # 1504
17720 + 88
17721 # 1504
17721 - 88 1
17722 # 1504
17723 # 1504
17724 # 1504
17725 # 1504
17726 # 1504
17727 # 1504
17728 # 1504
17729 # 1504
17730 # 1504
17731 # 1504
17731 + 1440
17732 # 1504
17732 - 1440 1
17733 # 1504
17734 # 1504
17735 # 1504
17736 # 1504
17737 # 1504
17737 + 1440
17737 + 88
17738 # 1504
17738 - 1440 1
17739 # 1504
17739 - 88 2
17740 # 1504
17741 # 1504
17742 # 1504
17743 # 1504
17743 + 1440
17744 # 1504
17744 - 1440 1
17745 # 1504
17746 # 1504
17747 # 1504
17748 # 1504
17749 # 1504
17749 + 1440
17749 + 88
17750 # 1504
17750 - 1440 1
17751 # 1504
17751 - 88 2
17752 # 1504
17753 # 1504
17754 # 1504
17755 # 1504
17755 + 1440
17756 # 1504
17756 - 1440 1
17757 # 1504
17758 # 1504
17759 # 1504
17760 # 1504
17761 # 1504
17761 + 1440
17762 # 1504
17762 - 1440 1
17763 # 1504
17764 # 1504
17765 # 1504
17766 # 1504
17767 # 1504
17767 + 1440
17768 # 1504
17768 - 1440 1
17769 # 1504
17769 + 88
17770 # 1504
17770 - 88 1
17771 # 1504
17772 # 1504
17773 # 1504
17773 + 1440
17774 # 1504
17774 - 1440 1
17775 # 1504
17776 # 1504
17777 # 1504
17778 # 1504
17779 # 1504
17779 + 1440
17780 # 1504
17780 - 1440 1
17781 # 1504
17782 # 1504
17782 + 88
17783 # 1504
17783 - 88 1
17784 # 1504
17785 # 1504
17785 + 1440
17786 # 1504
17786 - 1440 1
17787 # 1504
17788 # 1504
17789 # 1504
17790 # 1504
17791 # 1504
17791 + 1440
17792 # 1504
17792 - 1440 1
17793 # 1504
17794 # 1504
17795 # 1504
17796 # 1504
17797 # 1504
17798 # 1504
17799 # 1504
17799 + 1440
17799 + 88
17800 # 1504
17800 - 1440 1
17801 # 1504
17801 - 88 2
17802 # 1504
17803 # 1504
17804 # 1504
17805 # 1504
17806 # 1504
17807 # 1504
17807 + 1440
17808 # 1504
17808 - 1440 1
17809 # 1504
17810 # 1504
17811 # 1504
17812 # 1504
17813 # 1504
17814 # 1504
17815 # 1504
17816 # 1504
17816 + 1440
17816 + 88
17817 # 1504
17817 - 1440 1
17818 # 1504
17818 - 88 2
17819 # 1504
17820 # 1504
17821 # 1504
17822 # 1504
17823 # 1504
17824 # 1504
17824 + 1440
17825 # 1504
17825 - 1440 1
17826 # 1504
17827 # 1504
17828 # 1504
17829 # 1504
17830 # 1504
17831 # 1504
17832 # 1504
17832 + 1440
17832 + 88
17833 # 1504
17833 - 1440 1
17834 # 1504
17834 - 88 2
17835 # 1504
17836 # 1504
17836 + 88
17837 # 1504
17837 - 88 1
17838 # 1504
17839 # 1504
17840 # 1504
17840 + 1440
17841 # 1504
17841 - 1440 1
17842 # 1504
17843 # 1504
17844 # 1504
17845 # 1504
17846 # 1504
17847 # 1504
17848 # 1504
17848 + 1440
17849 # 1504
17849 - 1440 1
17850 # 1504
17851 # 1504
17851 + 88
17852 # 1504
17852 - 88 1
17853 # 1504
17854 # 1504
17855 # 1504
17856 # 1504
17856 + 1440
17857 # 1504
17857 - 1440 1
17858 # 1504
17859 # 1504
17860 # 1504
17861 # 1504
17862 # 1504
17863 # 1504
17864 # 1504
17865 # 1504
17865 + 1440
17866 # 1504
17866 - 1440 1
17867 # 1504
17867 + 88
17868 # 1504
17868 - 88 1
17869 # 1504
17870 # 1504
17871 # 1504
17872 # 1504
17873 # 1504
17873 + 1440
17874 # 1504
17874 - 1440 1
17875 # 1504
17876 # 1504
17877 # 1504
17877 + 88
17878 # 1504
17878 - 88 1
17879 # 1504
17879 + 1440
17880 # 1504
17880 - 1440 1
17881 # 1504
17882 # 1504
17883 # 1504
17884 # 1504
17885 # 1504
17885 + 1440
17886 # 1504
17886 - 1440 1
17887 # 1504
17888 # 1504
17889 # 1504
17889 + 88
17890 # 1504
17890 - 88 1
17891 # 1504
17891 + 1440
17892 # 1504
17892 - 1440 1
17893 # 1504
17894 # 1504
17895 # 1504
17896 # 1504
17897 # 1504
17897 + 1440
17898 # 1504
17898 - 1440 1
17899 # 1504
17900 # 1504
17900 + 88
17901 # 1504
17901 - 88 1
17902 # 1504
17903 # 1504
17903 + 1440
17904 # 1504
17904 - 1440 1
17905 # 1504
17906 # 1504
17907 # 1504
17908 # 1504
17909 # 1504
17909 + 1440
17910 # 1504
17910 - 1440 1
17911 # 1504
17912 # 1504
17912 + 88
17913 # 1504
17913 - 88 1
17914 # 1504
17915 # 1504
17915 + 1440
17916 # 1504
17916 - 1440 1
17917 # 1504
17918 # 1504
17919 # 1504
17920 # 1504
17921 # 1504
17921 + 1440
17922 # 1504
17922 - 1440 1
17923 # 1504
17924 # 1504
17925 # 1504
17926 # 1504
17927 # 1504
17927 + 1440
17927 + 88
17928 # 1504
17928 - 1440 1
17929 # 1504
17929 - 88 2
17930 # 1504
17931 # 1504
17932 # 1504
17933 # 1504
17933 + 1440
17934 # 1504
17934 - 1440 1
17935 # 1504
17936 # 1504
17936 + 88
17937 # 1504
17937 - 88 1
17938 # 1504
17939 # 1504
17939 + 1440
17940 # 1504
17940 - 1440 1
17941 # 1504
17942 # 1504
17943 # 1504
17944 # 1504
17945 # 1504
17946 # 1504
17947 # 1504
17947 + 1440
17948 # 1504
17948 - 1440 1
17949 # 1504
17950 # 1504
17951 # 1504
17952 # 1504
17953 # 1504
17953 + 88
17954 # 1504
17954 - 88 1
17955 # 1504
17955 + 1440
17956 # 1504
17956 - 1440 1
17957 # 1504
17958 # 1504
17959 # 1504
17960 # 1504
17961 # 1504
17962 # 1504
17963 # 1504
17964 # 1504
17964 + 1440
17965 # 1504
17965 - 1440 1
17966 # 1504
17967 # 1504
17968 # 1504
17969 # 1504
17970 # 1504
17971 # 1504
17972 # 1504
17972 + 1440
17973 # 1504
17973 - 1440 1
17974 # 1504
17974 + 88
17975 # 1504
17975 - 88 1
17976 # 1504
17977 # 1504
17978 # 1504
17979 # 1504
17980 # 1504
17980 + 1440
17981 # 1504
17981 - 1440 1
17982 # 1504
17983 # 1504
17984 # 1504
17985 # 1504
17986 # 1504
17987 # 1504
17988 # 1504
17988 + 1440
17989 # 1504
17989 - 1440 1
17990 # 1504
17991 # 1504
17991 + 88
17992 # 1504
17992 - 88 1
17993 # 1504
17994 # 1504
17995 # 1504
17996 # 1504
17996 + 1440
17997 # 1504
17997 - 1440 1
17998 # 1504
17999 # 1504
18000 # 1504
18001 # 1504
18002 # 1504
18003 # 1504
18003 + 88
18004 # 1504
18004 - 88 1
18005 # 1504
18005 + 1440
18006 # 1504
18006 - 1440 1
18007 # 1504
18008 # 1504
18009 # 1504
18010 # 1504
18011 # 1504
18012 # 1504
18013 # 1504
18013 + 1440
18014 # 1504
18014 - 1440 1
18014 + 88
18015 # 1504
18015 - 88 1
18016 # 1504
18017 # 1504
18018 # 1504
18019 # 1504
18020 # 1504
18021 # 1504
18022 # 1504
18023 # 1504
18024 # 1504
18025 # 1504
18026 # 1504
18026 + 1440
18027 # 1504
18027 - 1440 1
18028 # 1504
18029 # 1504
18029 + 88
18030 # 1504
18030 - 88 1
18031 # 1504
18032 # 1504
18033 # 1504
18034 # 1504
18035 # 1504
18036 # 1504
18037 # 1504
18038 # 1504
18039 # 1504
18039 + 1440
18040 # 1504
18040 - 1440 1
18041 # 1504
18042 # 1504
18043 # 1504
18044 # 1504
18045 # 1504
18046 # 1504
18047 # 1504
18048 # 1504
18049 # 1504
18050 # 1504
18051 # 1504
18052 # 1504
18052 + 1440
18052 + 88
18053 # 1504
18053 - 1440 1
18053 + 88
18054 # 1504
18054 - 88 2
18054 - 88 1
18055 # 1504
18056 # 1504
18057 # 1504
18058 # 1504
18059 # 1504
18060 # 1504
18061 # 1504
18062 # 1504
18063 # 1504
18064 # 1504
18065 # 1504
18065 + 1440
18066 # 1504
18066 - 1440 1
18067 # 1504
18068 # 1504
18068 + 88
18069 # 1504
18069 - 88 1
18070 # 1504
18071 # 1504
18072 # 1504
18073 # 1504
18074 # 1504
18075 # 1504
18076 # 1504
18077 # 1504
18078 # 1504
18078 + 1440
18079 # 1504
18079 - 1440 1
18080 # 1504
18081 # 1504
18082 # 1504
18083 # 1504
18084 # 1504
18085 # 1504
18086 # 1504
18087 # 1504
18088 # 1504
18089 # 1504
18090 # 1504
18091 # 1504
18091 + 1440
18091 + 88
18092 # 1504
18092 - 1440 1
18093 # 1504
18093 - 88 2
18094 # 1504
18095 # 1504
18096 # 1504
18097 # 1504
18098 # 1504
18099 # 1504
18100 # 1504
18101 # 1504
18102 # 1504
18103 # 1504
18104 # 1504
18104 + 1096
18105 # 1504
18105 - 1096 1
18106 # 1504
18107 # 1504
18108 # 1504
18109 # 1504
18110 # 1504
18111 # 1504
18112 # 1504
18113 # 1504
18114 # 1504
18115 # 1504
18116 # 1504
18117 # 1504
18117 + 1440
18118 # 1504
18118 - 1440 1
18119 # 1504
18119 + 88
18119 + 88
18120 # 1504
18120 - 88 1
18120 - 88 1
18121 # 1504
18122 # 1504
18123 # 1504
18124 # 1504
18125 # 1504
18126 # 1504
18127 # 1504
18128 # 1504
18129 # 1504
18130 # 1504
18131 # 1504
18131 + 1440
18132 # 1504
18132 - 1440 1
18133 # 1504
18134 # 1504
18134 + 88
18135 # 1504
18135 - 88 1
18136 # 1504
18137 # 1504
18138 # 1504
18139 # 1504
18140 # 1504
18141 # 1504
18142 # 1504
18143 # 1504
18143 + 1440
18144 # 1504
18144 - 1440 1
18145 # 1504
18146 # 1504
18147 # 1504
18148 # 1504
18149 # 1504
18149 + 1440
18150 # 1504
18150 - 1440 1
18151 # 1504
18152 # 1504
18153 # 1504
18154 # 1504
18155 # 1504
18155 + 1440
18155 + 88
18156 # 1504
18156 - 1440 1
18156 + 88
18157 # 1504
18157 - 88 2
18157 - 88 1
18158 # 1504
18159 # 1504
18160 # 1504
18161 # 1504
18161 + 1440
18162 # 1504
18162 - 1440 1
18163 # 1504
18164 # 1504
18165 # 1504
18166 # 1504
18167 # 1504
18167 + 1440
18168 # 1504
18168 - 1440 1
18169 # 1504
18170 # 1504
18171 # 1504
18172 # 1504
18173 # 1504
18173 + 1440
18174 # 1504
18174 - 1440 1
18175 # 1504
18176 # 1504
18177 # 1504
18177 + 88
18178 # 1504
18178 - 88 1
18179 # 1504
18179 + 1440
18180 # 1504
18180 - 1440 1
18181 # 1504
18182 # 1504
18183 # 1504
18184 # 1504
18185 # 1504
18185 + 1440
18186 # 1504
18186 - 1440 1
18187 # 1504
18188 # 1504
18189 # 1504
18190 # 1504
18191 # 1504
18191 + 1440
18192 # 1504
18192 - 1440 1
18193 # 1504
18194 # 1504
18195 # 1504
18196 # 1504
18197 # 1504
18197 + 1440
18197 + 88
18198 # 1504
18198 - 1440 1
18199 # 1504
18199 - 88 2
18200 # 1504
18201 # 1504
18202 # 1504
18203 # 1504
18203 + 1440
18204 # 1504
18204 - 1440 1
18205 # 1504
18205 + 88
18206 # 1504
18206 - 88 1
18207 # 1504
18208 # 1504
18209 # 1504
18210 # 1504
18211 # 1504
18212 # 1504
18213 # 1504
18214 # 1504
18215 # 1504
18216 # 1504
18216 + 1440
18217 # 1504
18217 - 1440 1
18218 # 1504
18219 # 1504
18219 + 88
18220 # 1504
18220 - 88 1
18221 # 1504
18222 # 1504
18223 # 1504
18224 # 1504
18225 # 1504
18226 # 1504
18227 # 1504
18228 # 1504
18228 + 1440
18229 # 1504
18229 - 1440 1
18230 # 1504
18231 # 1504
18232 # 1504
18233 # 1504
18234 # 1504
18235 # 1504
18236 # 1504
18237 # 1504
18238 # 1504
18239 # 1504
18240 # 1504
18240 + 88
18241 # 1504
18241 - 88 1
18241 + 1440
18242 # 1504
18242 - 1440 1
18243 # 1504
18244 # 1504
18245 # 1504
18246 # 1504
18247 # 1504
18248 # 1504
18249 # 1504
18250 # 1504
18251 # 1504
18252 # 1504
18253 # 1504
18254 # 1504
18255 # 1504
18255 + 1440
18256 # 1504
18256 - 1440 1
18257 # 1504
18258 # 1504
18259 # 1504
18259 + 88
18260 # 1504
18260 - 88 1
18261 # 1504
18262 # 1504
18263 # 1504
18264 # 1504
18265 # 1504
18266 # 1504
18267 # 1504
18268 # 1504
18268 + 1440
18269 # 1504
18269 - 1440 1
18269 + 88
18270 # 1504
18270 - 88 1
18271 # 1504
18272 # 1504
18273 # 1504
18274 # 1504
18275 # 1504
18276 # 1504
18277 # 1504
18278 # 1504
18279 # 1504
18280 # 1504
18280 + 1440
18281 # 1504
18281 - 1440 1
18282 # 1504
18283 # 1504
18284 # 1504
18284 + 88
18285 # 1504
18285 - 88 1
18286 # 1504
18287 # 1504
18288 # 1504
18289 # 1504
18290 # 1504
18291 # 1504
18292 # 1504
18293 # 1504
18293 + 1440
18294 # 1504
18294 - 1440 1
18295 # 1504
18296 # 1504
18297 # 1504
18298 # 1504
18298 + 88
18299 # 1504
18299 - 88 1
18300 # 1504
18301 # 1504
18302 # 1504
18303 # 1504
18304 # 1504
18305 # 1504
18306 # 1504
18306 + 1440
18307 # 1504
18307 - 1440 1
18308 # 1504
18309 # 1504
18310 # 1504
18310 + 88
18311 # 1504
18311 - 88 1
18312 # 1504
18313 # 1504
18314 # 1504
18315 # 1504
18316 # 1504
18317 # 1504
18318 # 1504
18319 # 1504
18319 + 1440
18320 # 1504
18320 - 1440 1
18321 # 1504
18322 # 1504
18322 + 88
18323 # 1504
18323 - 88 1
18324 # 1504
18325 # 1504
18326 # 1504
18327 # 1504
18328 # 1504
18329 # 1504
18330 # 1504
18331 # 1504
18332 # 1504
18332 + 1440
18333 # 1504
18333 - 1440 1
18334 # 1504
18335 # 1504
18336 # 1504
18337 # 1504
18338 # 1504
18338 + 88
18338 + 1440
18339 # 1504
18339 - 88 1
18340 # 1504
18340 - 1440 2
18341 # 1504
18342 # 1504
18343 # 1504
18344 # 1504
18344 + 1440
18345 # 1504
18345 - 1440 1
18346 # 1504
18347 # 1504
18348 # 1504
18349 # 1504
18350 # 1504
18350 + 1440
18351 # 1504
18351 - 1440 1
18352 # 1504
18353 # 1504
18353 + 88
18354 # 1504
18354 - 88 1
18355 # 1504
18356 # 1504
18356 + 1440
18357 # 1504
18357 - 1440 1
18358 # 1504
18359 # 1504
18360 # 1504
18361 # 1504
18362 # 1504
18362 + 1440
18363 # 1504
18363 - 1440 1
18364 # 1504
18365 # 1504
18366 # 1504
18366 + 88
18367 # 1504
18367 - 88 1
18368 # 1504
18368 + 1440
18369 # 1504
18369 - 1440 1
18370 # 1504
18371 # 1504
18372 # 1504
18373 # 1504
18374 # 1504
18374 + 1440
18375 # 1504
18375 - 1440 1
18376 # 1504
18377 # 1504
18378 # 1504
18379 # 1504
18380 # 1504
18380 + 1440
18381 # 1504
18381 - 1440 1
18381 + 88
18382 # 1504
18382 - 88 1
18383 # 1504
18384 # 1504
18385 # 1504
18386 # 1504
18386 + 1440
18387 # 1504
18387 - 1440 1
18388 # 1504
18389 # 1504
18390 # 1504
18391 # 1504
18392 # 1504
18392 + 88
18392 + 1440
18393 # 1504
18393 - 88 1
18394 # 1504
18394 - 1440 2
18395 # 1504
18396 # 1504
18397 # 1504
18398 # 1504
18399 # 1504
18399 + 88
18400 # 1504
18400 - 88 1
18401 # 1504
18401 + 1440
18402 # 1504
18402 - 1440 1
18403 # 1504
18404 # 1504
18405 # 1504
18406 # 1504
18407 # 1504
18408 # 1504
18409 # 1504
18410 # 1504
18411 # 1504
18412 # 1504
18413 # 1504
18414 # 1504
18414 + 1440
18415 # 1504
18415 - 1440 1
18416 # 1504
18417 # 1504
18418 # 1504
18419 # 1504
18420 # 1504
18421 # 1504
18422 # 1504
18423 # 1504
18424 # 1504
18425 # 1504
18426 # 1504
18427 # 1504
18427 + 1440
18427 + 88
18428 # 1504
18428 - 1440 1
18429 # 1504
18429 - 88 2
18430 # 1504
18431 # 1504
18432 # 1504
18433 # 1504
18434 # 1504
18435 # 1504
18436 # 1504
18437 # 1504
18438 # 1504
18439 # 1504
18440 # 1504
18440 + 1440
18441 # 1504
18441 - 1440 1
18441 + 88
18442 # 1504
18442 - 88 1
18443 # 1504
18444 # 1504
18445 # 1504
18446 # 1504
18447 # 1504
18448 # 1504
18449 # 1504
18450 # 1504
18451 # 1504
18452 # 1504
18452 + 1440
18453 # 1504
18453 - 1440 1
18454 # 1504
18455 # 1504
18456 # 1504
18457 # 1504
18458 # 1504
18459 # 1504
18459 + 88
18460 # 1504
18460 - 88 1
18461 # 1504
18462 # 1504
18463 # 1504
18464 # 1504
18465 # 1504
18465 + 1440
18466 # 1504
18466 - 1440 1
18467 # 1504
18468 # 1504
18469 # 1504
18470 # 1504
18471 # 1504
18472 # 1504
18473 # 1504
18474 # 1504
18475 # 1504
18476 # 1504
18477 # 1504
18478 # 1504
18478 + 1440
18479 # 1504
18479 - 1440 1
18480 # 1504
18480 + 88
18481 # 1504
18481 - 88 1
18482 # 1504
18483 # 1504
18484 # 1504
18485 # 1504
18486 # 1504
18487 # 1504
18488 # 1504
18489 # 1504
18490 # 1504
18491 # 1504
18491 + 1440
18492 # 1504
18492 - 1440 1
18493 # 1504
18494 # 1504
18494 + 88
18495 # 1504
18495 - 88 1
18496 # 1504
18497 # 1504
18498 # 1504
18499 # 1504
18500 # 1504
18501 # 1504
18502 # 1504
18503 # 1504
18504 # 1504
18504 + 1440
18505 # 1504
18505 - 1440 1
18506 # 1504
18507 # 1504
18508 # 1504
18509 # 1504
18510 # 1504
18511 # 1504
18512 # 1504
18512 + 88
18513 # 1504
18513 - 88 1
18514 # 1504
18515 # 1504
18516 # 1504
18517 # 1504
18517 + 1440
18518 # 1504
18518 - 1440 1
18519 # 1504
18520 # 1504
18520 + 88
18521 # 1504
18521 - 88 1
18522 # 1504
18523 # 1504
18523 + 1440
18524 # 1504
18524 - 1440 1
18525 # 1504
18526 # 1504
18527 # 1504
18528 # 1504
18529 # 1504
18530 # 1504
18530 + 1440
18531 # 1504
18531 - 1440 1
18532 # 1504
18532 + 88
18533 # 1504
18533 - 88 1
18534 # 1504
18535 # 1504
18536 # 1504
18536 + 1440
18537 # 1504
18537 - 1440 1
18538 # 1504
18539 # 1504
18540 # 1504
18541 # 1504
18542 # 1504
18542 + 1440
18543 # 1504
18543 - 1440 1
18544 # 1504
18545 # 1504
18545 + 88
18546 # 1504
18546 - 88 1
18547 # 1504
18548 # 1504
18548 + 1440
18549 # 1504
18549 - 1440 1
18550 # 1504
18551 # 1504
18552 # 1504
18553 # 1504
18554 # 1504
18555 # 1504
18555 + 1440
18556 # 1504
18556 - 1440 1
18557 # 1504
18558 # 1504
18559 # 1504
18560 # 1504
18561 # 1504
18561 + 1440
18561 + 88
18562 # 1504
18562 - 1440 1
18563 # 1504
18563 - 88 2
18564 # 1504
18565 # 1504
18566 # 1504
18567 # 1504
18567 + 1440
18568 # 1504
18568 - 1440 1
18569 # 1504
18570 # 1504
18570 + 88
18571 # 1504
18571 - 88 1
18572 # 1504
18573 # 1504
18573 + 1440
18574 # 1504
18574 - 1440 1
18575 # 1504
18576 # 1504
18577 # 1504
18578 # 1504
18579 # 1504
18579 + 1440
18580 # 1504
18580 - 1440 1
18581 # 1504
18582 # 1504
18583 # 1504
18584 # 1504
18584 + 88
18585 # 1504
18585 - 88 1
18586 # 1504
18587 # 1504
18588 # 1504
18589 # 1504
18590 # 1504
18591 # 1504
18592 # 1504
18593 # 1504
18594 # 1504
18594 + 1440
18595 # 1504
18595 - 1440 1
18596 # 1504
18597 # 1504
18598 # 1504
18599 # 1504
18599 + 88
18600 # 1504
18600 - 88 1
18601 # 1504
18602 # 1504
18603 # 1504
18604 # 1504
18605 # 1504
18606 # 1504
18607 # 1504
18608 # 1504
18608 + 1440
18609 # 1504
18609 - 1440 1
18610 # 1504
18611 # 1504
18612 # 1504
18613 # 1504
18614 # 1504
18615 # 1504
18616 # 1504
18617 # 1504
18618 # 1504
18619 # 1504
18620 # 1504
18621 # 1504
18622 # 1504
18622 + 1440
18623 # 1504
18623 - 1440 1
18624 # 1504
18624 + 88
18625 # 1504
18625 - 88 1
18626 # 1504
18627 # 1504
18628 # 1504
18629 # 1504
18630 # 1504
18631 # 1504
18632 # 1504
18633 # 1504
18634 # 1504
18635 # 1504
18636 # 1504
18636 + 1440
18637 # 1504
18637 - 1440 1
18638 # 1504
18639 # 1504
18639 + 88
18640 # 1504
18640 - 88 1
18641 # 1504
18642 # 1504
18643 # 1504
18644 # 1504
18645 # 1504
18646 # 1504
18647 # 1504
18648 # 1504
18649 # 1504
18650 # 1504
18650 + 1440
18651 # 1504
18651 - 1440 1
18652 # 1504
18653 # 1504
18654 # 1504
18654 + 88
18655 # 1504
18655 - 88 1
18656 # 1504
18657 # 1504
18658 # 1504
18659 # 1504
18660 # 1504
18661 # 1504
18662 # 1504
18663 # 1504
18664 # 1504
18664 + 1440
18665 # 1504
18665 - 1440 1
18666 # 1504
18667 # 1504
18668 # 1504
18669 # 1504
18670 # 1504
18671 # 1504
18672 # 1504
18673 # 1504
18674 # 1504
18675 # 1504
18676 # 1504
18677 # 1504
18678 # 1504
18678 + 1440
18679 # 1504
18679 - 1440 1
18680 # 1504
18680 + 88
18681 # 1504
18681 - 88 1
18682 # 1504
18683 # 1504
18684 # 1504
18685 # 1504
18686 # 1504
18687 # 1504
18688 # 1504
18689 # 1504
18690 # 1504
18691 # 1504
18692 # 1504
18692 + 1440
18693 # 1504
18693 - 1440 1
18694 # 1504
18695 # 1504
18696 # 1504
18697 # 1504
18698 # 1504
18699 # 1504
18700 # 1504
18701 # 1504
18702 # 1504
18703 # 1504
18704 # 1504
18705 # 1504
18706 # 1504
18706 + 1440
18706 + 88
18707 # 1504
18707 - 1440 1
18708 # 1504
18708 - 88 2
18709 # 1504
18710 # 1504
18711 # 1504
18712 # 1504
18713 # 1504
18714 # 1504
18715 # 1504
18716 # 1504
18717 # 1504
18718 # 1504
18719 # 1504
18720 # 1504
18720 + 1440
18721 # 1504
18721 - 1440 1
18722 # 1504
18723 # 1504
18724 # 1504
18725 # 1504
18726 # 1504
18727 # 1504
18728 # 1504
18729 # 1504
18729 + 1440
18729 + 88
18730 # 1504
18730 - 1440 1
18731 # 1504
18731 - 88 2
18732 # 1504
18733 # 1504
18734 # 1504
18734 + 88
18735 # 1504
18735 - 88 1
18736 # 1504
18737 # 1504
18737 + 1440
18738 # 1504
18738 - 1440 1
18739 # 1504
18740 # 1504
18741 # 1504
18742 # 1504
18743 # 1504
18744 # 1504
18745 # 1504
18746 # 1504
18746 + 1440
18747 # 1504
18747 - 1440 1
18748 # 1504
18749 # 1504
18750 # 1504
18750 + 88
18751 # 1504
18751 - 88 1
18752 # 1504
18753 # 1504
18754 # 1504
18754 + 1440
18755 # 1504
18755 - 1440 1
18756 # 1504
18757 # 1504
18758 # 1504
18759 # 1504
18760 # 1504
18761 # 1504
18762 # 1504
18763 # 1504
18763 + 1440
18764 # 1504
18764 - 1440 1
18765 # 1504
18766 # 1504
18767 # 1504
18768 # 1504
18769 # 1504
18770 # 1504
18771 # 1504
18772 # 1504
18772 + 1440
18772 + 88
18773 # 1504
18773 - 1440 1
18774 # 1504
18774 - 88 2
18775 # 1504
18776 # 1504
18777 # 1504
18778 # 1504
18779 # 1504
18780 # 1504
18780 + 1440
18781 # 1504
18781 - 1440 1
18782 # 1504
18783 # 1504
18784 # 1504
18785 # 1504
18786 # 1504
18787 # 1504
18788 # 1504
18789 # 1504
18789 + 1440
18789 + 88
18790 # 1504
18790 - 1440 1
18791 # 1504
18791 - 88 2
18792 # 1504
18793 # 1504
18794 # 1504
18795 # 1504
18796 # 1504
18797 # 1504
18798 # 1504
18798 + 1440
18798 + 88
18799 # 1504
18799 - 1440 1
18800 # 1504
18800 - 88 2
18801 # 1504
18802 # 1504
18803 # 1504
18804 # 1504
18805 # 1504
18806 # 1504
18806 + 1440
18807 # 1504
18807 - 1440 1
18808 # 1504
18809 # 1504
18810 # 1504
18811 # 1504
18812 # 1504
18812 + 1096
18813 # 1504
18813 - 1096 1
18814 # 1504
18815 # 1504
18815 + 88
18816 # 1504
18816 - 88 1
18817 # 1504
18818 # 1504
18819 # 1504
18819 + 1440
18820 # 1504
18820 - 1440 1
18821 # 1504
18822 # 1504
18823 # 1504
18824 # 1504
18825 # 1504
18825 + 1440
18826 # 1504
18826 - 1440 1
18827 # 1504
18828 # 1504
18828 + 88
18829 # 1504
18829 - 88 1
18830 # 1504
18831 # 1504
18831 + 1440
18832 # 1504
18832 - 1440 1
18833 # 1504
18834 # 1504
18835 # 1504
18836 # 1504
18837 # 1504
18837 + 1440
18838 # 1504
18838 - 1440 1
18839 # 1504
18840 # 1504
18841 # 1504
18842 # 1504
18842 + 88
18843 # 1504
18843 - 88 1
18844 # 1504
18844 + 1440
18845 # 1504
18845 - 1440 1
18846 # 1504
18847 # 1504
18848 # 1504
18849 # 1504
18850 # 1504
18850 + 1440
18851 # 1504
18851 - 1440 1
18852 # 1504
18853 # 1504
18854 # 1504
18855 # 1504
18856 # 1504
18856 + 1440
18857 # 1504
18857 - 1440 1
18858 # 1504
18859 # 1504
18860 # 1504
18861 # 1504
18862 # 1504
18862 + 1440
18863 # 1504
18863 - 1440 1
18863 + 88
18864 # 1504
18864 - 88 1
18865 # 1504
18866 # 1504
18867 # 1504
18867 + 88
18868 # 1504
18868 - 88 1
18869 # 1504
18869 + 1440
18870 # 1504
18870 - 1440 1
18871 # 1504
18872 # 1504
18873 # 1504
18874 # 1504
18875 # 1504
18875 + 1440
18876 # 1504
18876 - 1440 1
18877 # 1504
18878 # 1504
18879 # 1504
18880 # 1504
18881 # 1504
18881 + 1440
18882 # 1504
18882 - 1440 1
18883 # 1504
18884 # 1504
18884 + 88
18885 # 1504
18885 - 88 1
18886 # 1504
18887 # 1504
18887 + 1440
18888 # 1504
18888 - 1440 1
18889 # 1504
18890 # 1504
18891 # 1504
18892 # 1504
18893 # 1504
18894 # 1504
18895 # 1504
18896 # 1504
18896 + 1440
18897 # 1504
18897 - 1440 1
18898 # 1504
18899 # 1504
18900 # 1504
18900 + 88
18901 # 1504
18901 - 88 1
18902 # 1504
18903 # 1504
18904 # 1504
18905 # 1504
18905 + 1440
18906 # 1504
18906 - 1440 1
18907 # 1504
18908 # 1504
18909 # 1504
18910 # 1504
18910 + 88
18911 # 1504
18911 - 88 1
18912 # 1504
18913 # 1504
18913 + 1440
18914 # 1504
18914 - 1440 1
18915 # 1504
18916 # 1504
18917 # 1504
18918 # 1504
18919 # 1504
18920 # 1504
18921 # 1504
18922 # 1504
18922 + 1440
18923 # 1504
18923 - 1440 1
18924 # 1504
18925 # 1504
18926 # 1504
18927 # 1504
18928 # 1504
18928 + 88
18929 # 1504
18929 - 88 1
18930 # 1504
18930 + 1440
18931 # 1504
18931 - 1440 1
18932 # 1504
18933 # 1504
18934 # 1504
18935 # 1504
18936 # 1504
18937 # 1504
18938 # 1504
18939 # 1504
18939 + 1440
18940 # 1504
18940 - 1440 1
18941 # 1504
18942 # 1504
18942 + 88
18943 # 1504
18943 - 88 1
18944 # 1504
18945 # 1504
18946 # 1504
18947 # 1504
18948 # 1504
18948 + 1440
18949 # 1504
18949 - 1440 1
18950 # 1504
18951 # 1504
18952 # 1504
18953 # 1504
18954 # 1504
18954 + 1440
18955 # 1504
18955 - 1440 1
18956 # 1504
18957 # 1504
18958 # 1504
18959 # 1504
18960 # 1504
18960 + 1440
18960 + 88
18961 # 1504
18961 - 1440 1
18962 # 1504
18962 - 88 2
18963 # 1504
18964 # 1504
18965 # 1504
18966 # 1504
18966 + 1440
18967 # 1504
18967 - 1440 1
18968 # 1504
18969 # 1504
18970 # 1504
18971 # 1504
18972 # 1504
18973 # 1504
18973 + 1440
18973 + 88
18974 # 1504
18974 - 1440 1
18975 # 1504
18975 - 88 2
18976 # 1504
18977 # 1504
18978 # 1504
18979 # 1504
18979 + 1440
18980 # 1504
18980 - 1440 1
18981 # 1504
18982 # 1504
18983 # 1504
18984 # 1504
18985 # 1504
18985 + 1440
18986 # 1504
18986 - 1440 1
18986 + 88
18987 # 1504
18987 - 88 1
18988 # 1504
18989 # 1504
18990 # 1504
18991 # 1504
18991 + 1440
18992 # 1504
18992 - 1440 1
18993 # 1504
18994 # 1504
18995 # 1504
18996 # 1504
18997 # 1504
18998 # 1504
18998 + 1440
18999 # 1504
18999 - 1440 1
19000 # 1504
19000 + 88
19001 # 1504
19001 - 88 1
19002 # 1504
19003 # 1504
19004 # 1504
19004 + 1440
19005 # 1504
19005 - 1440 1
19006 # 1504
19007 # 1504
19008 # 1504
19009 # 1504
19010 # 1504
19010 + 1440
19011 # 1504
19011 - 1440 1
19012 # 1504
19013 # 1504
19014 # 1504
19015 # 1504
19016 # 1504
19017 # 1504
19018 # 1504
19019 # 1504
19020 # 1504
19021 # 1504
19022 # 1504
19023 # 1504
19024 # 1504
19024 + 1440
19024 + 88
19025 # 1504
19025 - 1440 1
19026 # 1504
19026 - 88 2
19027 # 1504
19028 # 1504
19029 # 1504
19030 # 1504
19031 # 1504
19032 # 1504
19033 # 1504
19034 # 1504
19035 # 1504
19036 # 1504
19037 # 1504
19038 # 1504
19038 + 1440
19039 # 1504
19039 - 1440 1
19040 # 1504
19041 # 1504
19042 # 1504
19043 # 1504
19044 # 1504
19045 # 1504
19046 # 1504
19047 # 1504
19048 # 1504
19049 # 1504
19049 + 88
19050 # 1504
19050 - 88 1
19051 # 1504
19052 # 1504
19052 + 1440
19053 # 1504
19053 - 1440 1
19054 # 1504
19055 # 1504
19056 # 1504
19057 # 1504
19058 # 1504
19059 # 1504
19060 # 1504
19061 # 1504
19062 # 1504
19063 # 1504
19064 # 1504
19065 # 1504
19066 # 1504
19066 + 1440
19067 # 1504
19067 - 1440 1
19068 # 1504
19069 # 1504
19069 + 88
19070 # 1504
19070 - 88 1
19071 # 1504
19072 # 1504
19073 # 1504
19074 # 1504
19075 # 1504
19076 # 1504
19077 # 1504
19078 # 1504
19079 # 1504
19080 # 1504
19080 + 1440
19081 # 1504
19081 - 1440 1
19082 # 1504
19083 # 1504
19084 # 1504
19085 # 1504
19086 # 1504
19087 # 1504
19088 # 1504
19089 # 1504
19090 # 1504
19091 # 1504
19092 # 1504
19093 # 1504
19094 # 1504
19094 + 1440
19095 # 1504
19095 - 1440 1
19096 # 1504
19096 + 88
19097 # 1504
19097 - 88 1
19098 # 1504
19099 # 1504
19100 # 1504
19101 # 1504
19102 # 1504
19103 # 1504
19104 # 1504
19105 # 1504
19106 # 1504
19107 # 1504
19108 # 1504
19108 + 1440
19109 # 1504
19109 - 1440 1
19110 # 1504
19111 # 1504
19111 + 88
19112 # 1504
19112 - 88 1
19113 # 1504
19114 # 1504
19115 # 1504
19116 # 1504
19117 # 1504
19118 # 1504
19119 # 1504
19120 # 1504
19121 # 1504
19122 # 1504
19122 + 1440
19123 # 1504
19123 - 1440 1
19124 # 1504
19125 # 1504
19125 + 88
19126 # 1504
19126 - 88 1
19127 # 1504
19128 # 1504
19129 # 1504
19130 # 1504
19131 # 1504
19132 # 1504
19133 # 1504
19134 # 1504
19135 # 1504
19136 # 1504
19136 + 1440
19137 # 1504
19137 - 1440 1
19138 # 1504
19139 # 1504
19140 # 1504
19141 # 1504
19142 # 1504
19143 # 1504
19144 # 1504
19145 # 1504
19146 # 1504
19147 # 1504
19148 # 1504
19149 # 1504
19150 # 1504
19151 # 1504
19151 + 1440
19152 # 1504
19152 - 1440 1
19153 # 1504
19153 + 88
19154 # 1504
19154 - 88 1
19155 # 1504
19156 # 1504
19157 # 1504
19157 + 1440
19158 # 1504
19158 - 1440 1
19159 # 1504
19160 # 1504
19161 # 1504
19162 # 1504
19163 # 1504
19163 + 1440
19164 # 1504
19164 - 1440 1
19165 # 1504
19166 # 1504
19166 + 88
19167 # 1504
19167 - 88 1
19168 # 1504
19169 # 1504
19169 + 1440
19170 # 1504
19170 - 1440 1
19171 # 1504
19172 # 1504
19173 # 1504
19174 # 1504
19175 # 1504
19175 + 1440
19176 # 1504
19176 - 1440 1
19177 # 1504
19178 # 1504
19179 # 1504
19180 # 1504
19181 # 1504
19182 # 1504
19182 + 1440
19183 # 1504
19183 - 1440 1
19184 # 1504
19185 # 1504
19186 # 1504
19187 # 1504
19188 # 1504
19188 + 1440
19188 + 88
19189 # 1504
19189 - 1440 1
19190 # 1504
19190 - 88 2
19191 # 1504
19192 # 1504
19193 # 1504
19194 # 1504
19194 + 1440
19195 # 1504
19195 - 1440 1
19196 # 1504
19197 # 1504
19198 # 1504
19199 # 1504
19200 # 1504
19200 + 1440
19201 # 1504
19201 - 1440 1
19201 + 88
19202 # 1504
19202 - 88 1
19203 # 1504
19204 # 1504
19205 # 1504
19206 # 1504
19207 # 1504
19207 + 1440
19208 # 1504
19208 - 1440 1
19209 # 1504
19210 # 1504
19211 # 1504
19212 # 1504
19213 # 1504
19213 + 1440
19214 # 1504
19214 - 1440 1
19215 # 1504
19215 + 88
19216 # 1504
19216 - 88 1
19217 # 1504
19218 # 1504
19219 # 1504
19220 # 1504
19221 # 1504
19222 # 1504
19223 # 1504
19224 # 1504
19225 # 1504
19226 # 1504
19227 # 1504
19227 + 1440
19228 # 1504
19228 - 1440 1
19229 # 1504
19230 # 1504
19230 + 88
19231 # 1504
19231 - 88 1
19232 # 1504
19233 # 1504
19234 # 1504
19235 # 1504
19236 # 1504
19237 # 1504
19238 # 1504
19239 # 1504
19240 # 1504
19241 # 1504
19241 + 1440
19242 # 1504
19242 - 1440 1
19243 # 1504
19244 # 1504
19244 + 88
19245 # 1504
19245 - 88 1
19246 # 1504
19247 # 1504
19248 # 1504
19249 # 1504
19250 # 1504
19251 # 1504
19252 # 1504
19253 # 1504
19254 # 1504
19255 # 1504
19255 + 1440
19256 # 1504
19256 - 1440 1
19257 # 1504
19258 # 1504
19259 # 1504
19260 # 1504
19261 # 1504
19262 # 1504
19263 # 1504
19264 # 1504
19265 # 1504
19266 # 1504
19267 # 1504
19268 # 1504
19269 # 1504
19269 + 1440
19270 # 1504
19270 - 1440 1
19271 # 1504
19272 # 1504
19272 + 88
19273 # 1504
19273 - 88 1
19274 # 1504
19275 # 1504
19276 # 1504
19277 # 1504
19278 # 1504
19279 # 1504
19280 # 1504
19281 # 1504
19282 # 1504
19283 # 1504
19283 + 1440
19284 # 1504
19284 - 1440 1
19285 # 1504
19286 # 1504
19287 # 1504
19288 # 1504
19289 # 1504
19290 # 1504
19291 # 1504
19292 # 1504
19293 # 1504
19294 # 1504
19295 # 1504
19296 # 1504
19297 # 1504
19297 + 1440
19297 + 88
19298 # 1504
19298 - 1440 1
19299 # 1504
19299 - 88 2
19300 # 1504
19301 # 1504
19302 # 1504
19303 # 1504
19304 # 1504
19305 # 1504
19306 # 1504
19307 # 1504
19308 # 1504
19309 # 1504
19310 # 1504
19311 # 1504
19311 + 1440
19312 # 1504
19312 - 1440 1
19313 # 1504
19314 # 1504
19315 # 1504
19316 # 1504
19317 # 1504
19318 # 1504
19319 # 1504
19320 # 1504
19321 # 1504
19322 # 1504
19323 # 1504
19324 # 1504
19325 # 1504
19325 + 1440
19325 + 88
19326 # 1504
19326 - 1440 1
19327 # 1504
19327 - 88 2
19328 # 1504
19328 + 88
19329 # 1504
19329 - 88 1
19330 # 1504
19331 # 1504
19332 # 1504
19333 # 1504
19334 # 1504
19335 # 1504
19336 # 1504
19337 # 1504
19338 # 1504
19339 # 1504
19339 + 1440
19339 + 88
19340 # 1504
19340 - 1440 1
19341 # 1504
19341 - 88 2
19342 # 1504
19343 # 1504
19344 # 1504
19345 # 1504
19346 # 1504
19347 # 1504
19348 # 1504
19349 # 1504
19350 # 1504
19351 # 1504
19352 # 1504
19353 # 1504
19353 + 1440
19354 # 1504
19354 - 1440 1
19355 # 1504
19356 # 1504
19357 # 1504
19358 # 1504
19359 # 1504
19360 # 1504
19361 # 1504
19362 # 1504
19362 + 1440
19362 + 88
19363 # 1504
19363 - 1440 1
19364 # 1504
19364 - 88 2
19365 # 1504
19366 # 1504
19367 # 1504
19368 # 1504
19369 # 1504
19370 # 1504
19370 + 1440
19371 # 1504
19371 - 1440 1
19372 # 1504
19373 # 1504
19374 # 1504
19375 # 1504
19376 # 1504
19377 # 1504
19378 # 1504
19379 # 1504
19380 # 1504
19381 # 1504
19382 # 1504
19383 # 1504
19384 # 1504
19385 # 1504
19385 + 1440
19385 + 88
19386 # 1504
19386 - 1440 1
19387 # 1504
19387 - 88 2
19388 # 1504
19389 # 1504
19390 # 1504
19391 # 1504
19392 # 1504
19393 # 1504
19394 # 1504
19395 # 1504
19396 # 1504
19397 # 1504
19398 # 1504
19398 + 1440
19399 # 1504
19399 - 1440 1
19400 # 1504
19401 # 1504
19402 # 1504
19403 # 1504
19404 # 1504
19405 # 1504
19406 # 1504
19407 # 1504
19408 # 1504
19409 # 1504
19410 # 1504
19411 # 1504
19412 # 1504
19412 + 1440
19413 # 1504
19413 - 1440 1
19414 # 1504
19415 # 1504
19416 # 1504
19417 # 1504
19418 # 1504
19419 # 1504
19420 # 1504
19421 # 1504
19422 # 1504
19423 # 1504
19424 # 1504
19425 # 1504
19426 # 1504
19427 # 1504
19427 + 1440
19428 # 1504
19428 - 1440 1
19428 + 88
19429 # 1504
19429 - 88 1
19430 # 1504
19431 # 1504
19432 # 1504
19433 # 1504
19434 # 1504
19435 # 1504
19436 # 1504
19437 # 1504
19438 # 1504
19439 # 1504
19440 # 1504
19441 # 1504
19441 + 1440
19442 # 1504
19442 - 1440 1
19442 + 88
19443 # 1504
19443 - 88 1
19444 # 1504
19445 # 1504
19446 # 1504
19447 # 1504
19448 # 1504
19449 # 1504
19450 # 1504
19451 # 1504
19452 # 1504
19453 # 1504
19454 # 1504
19455 # 1504
19455 + 1440
19456 # 1504
19456 - 1440 1
19457 # 1504
19458 # 1504
19459 # 1504
19460 # 1504
19461 # 1504
19462 # 1504
19463 # 1504
19464 # 1504
19464 + 88
19465 # 1504
19465 - 88 1
19466 # 1504
19467 # 1504
19468 # 1504
19469 # 1504
19469 + 1440
19470 # 1504
19470 - 1440 1
19471 # 1504
19472 # 1504
19472 + 88
19473 # 1504
19473 - 88 1
19474 # 1504
19475 # 1504
19476 # 1504
19477 # 1504
19478 # 1504
19479 # 1504
19480 # 1504
19481 # 1504
19482 # 1504
19483 # 1504
19483 + 1440
19484 # 1504
19484 - 1440 1
19485 # 1504
19486 # 1504
19486 + 88
19487 # 1504
19487 - 88 1
19488 # 1504
19489 # 1504
19489 + 1440
19490 # 1504
19490 - 1440 1
19491 # 1504
19492 # 1504
19493 # 1504
19494 # 1504
19495 # 1504
19495 + 1440
19496 # 1504
19496 - 1440 1
19497 # 1504
19498 # 1504
19498 + 88
19499 # 1504
19499 - 88 1
19500 # 1504
19501 # 1504
19501 + 1440
19502 # 1504
19502 - 1440 1
19503 # 1504
19504 # 1504
19505 # 1504
19506 # 1504
19507 # 1504
19508 # 1504
19508 + 1440
19509 # 1504
19509 - 1440 1
19510 # 1504
19511 # 1504
19512 # 1504
19512 + 88
19513 # 1504
19513 - 88 1
19514 # 1504
19514 + 1096
19515 # 1504
19515 - 1096 1
19516 # 1504
19517 # 1504
19517 + 88
19518 # 1504
19518 - 88 1
19519 # 1504
19520 # 1504
19520 + 1440
19521 # 1504
19521 - 1440 1
19522 # 1504
19523 # 1504
19524 # 1504
19525 # 1504
19526 # 1504
19526 + 1440
19527 # 1504
19527 - 1440 1
19528 # 1504
19529 # 1504
19530 # 1504
19531 # 1504
19532 # 1504
19532 + 88
19533 # 1504
19533 - 88 1
19533 + 1440
19534 # 1504
19534 - 1440 1
19535 # 1504
19536 # 1504
19537 # 1504
19538 # 1504
19539 # 1504
19539 + 1440
19540 # 1504
19540 - 1440 1
19541 # 1504
19542 # 1504
19543 # 1504
19544 # 1504
19544 + 88
19545 # 1504
19545 - 88 1
19545 + 1440
19546 # 1504
19546 - 1440 1
19547 # 1504
19548 # 1504
19549 # 1504
19550 # 1504
19551 # 1504
19552 # 1504
19553 # 1504
19554 # 1504
19555 # 1504
19556 # 1504
19557 # 1504
19558 # 1504
19559 # 1504
19559 + 1440
19560 # 1504
19560 - 1440 1
19560 + 88
19561 # 1504
19561 - 88 1
19562 # 1504
19563 # 1504
19564 # 1504
19565 # 1504
19566 # 1504
19567 # 1504
19568 # 1504
19569 # 1504
19570 # 1504
19571 # 1504
19572 # 1504
19573 # 1504
19573 + 1440
19574 # 1504
19574 - 1440 1
19575 # 1504
19576 # 1504
19577 # 1504
19578 # 1504
19579 # 1504
19580 # 1504
19581 # 1504
19582 # 1504
19583 # 1504
19584 # 1504
19585 # 1504
19586 # 1504
19587 # 1504
19587 + 1440
19588 # 1504
19588 - 1440 1
19589 # 1504
19589 + 88
19590 # 1504
19590 - 88 1
19591 # 1504
19592 # 1504
19593 # 1504
19594 # 1504
19595 # 1504
19596 # 1504
19597 # 1504
19598 # 1504
19599 # 1504
19600 # 1504
19601 # 1504
19601 + 1440
19602 # 1504
19602 - 1440 1
19603 # 1504
19603 + 88
19604 # 1504
19604 - 88 1
19605 # 1504
19606 # 1504
19607 # 1504
19608 # 1504
19609 # 1504
19610 # 1504
19611 # 1504
19612 # 1504
19613 # 1504
19614 # 1504
19615 # 1504
19615 + 1440
19616 # 1504
19616 - 1440 1
19617 # 1504
19618 # 1504
19619 # 1504
19620 # 1504
19621 # 1504
19622 # 1504
19623 # 1504
19624 # 1504
19625 # 1504
19626 # 1504
19627 # 1504
19628 # 1504
19629 # 1504
19629 + 1440
19630 # 1504
19630 - 1440 1
19630 + 88
19631 # 1504
19631 - 88 1
19632 # 1504
19633 # 1504
19634 # 1504
19635 # 1504
19636 # 1504
19637 # 1504
19638 # 1504
19639 # 1504
19640 # 1504
19641 # 1504
19642 # 1504
19643 # 1504
19643 + 1440
19644 # 1504
19644 - 1440 1
19645 # 1504
19646 # 1504
19647 # 1504
19648 # 1504
19648 + 88
19649 # 1504
19649 - 88 1
19650 # 1504
19651 # 1504
19652 # 1504
19653 # 1504
19654 # 1504
19655 # 1504
19656 # 1504
19657 # 1504
19657 + 1440
19658 # 1504
19658 - 1440 1
19659 # 1504
19660 # 1504
19661 # 1504
19662 # 1504
19663 # 1504
19664 # 1504
19665 # 1504
19666 # 1504
19667 # 1504
19668 # 1504
19669 # 1504
19669 + 88
19670 # 1504
19670 - 88 1
19671 # 1504
19671 + 1440
19672 # 1504
19672 - 1440 1
19673 # 1504
19674 # 1504
19675 # 1504
19676 # 1504
19677 # 1504
19678 # 1504
19679 # 1504
19680 # 1504
19681 # 1504
19682 # 1504
19682 + 88
19683 # 1504
19683 - 88 1
19684 # 1504
19685 # 1504
19685 + 1440
19686 # 1504
19686 - 1440 1
19687 # 1504
19688 # 1504
19689 # 1504
19690 # 1504
19691 # 1504
19692 # 1504
19693 # 1504
19694 # 1504
19694 + 1440
19695 # 1504
19695 - 1440 1
19696 # 1504
19697 # 1504
19697 + 88
19698 # 1504
19698 - 88 1
19699 # 1504
19700 # 1504
19701 # 1504
19702 # 1504
19703 # 1504
19704 # 1504
19705 # 1504
19706 # 1504
19707 # 1504
19708 # 1504
19708 + 1440
19709 # 1504
19709 - 1440 1
19710 # 1504
19711 # 1504
19712 # 1504
19713 # 1504
19713 + 88
19714 # 1504
19714 - 88 1
19715 # 1504
19716 # 1504
19717 # 1504
19718 # 1504
19719 # 1504
19720 # 1504
19721 # 1504
19722 # 1504
19722 + 1440
19723 # 1504
19723 - 1440 1
19724 # 1504
19725 # 1504
19725 + 88
19726 # 1504
19726 - 88 1
19727 # 1504
19728 # 1504
19729 # 1504
19730 # 1504
19731 # 1504
19732 # 1504
19733 # 1504
19734 # 1504
19735 # 1504
19736 # 1504
19736 + 1440
19737 # 1504
19737 - 1440 1
19738 # 1504
19739 # 1504
19739 + 88
19740 # 1504
19740 - 88 1
19741 # 1504
19742 # 1504
19743 # 1504
19744 # 1504
19745 # 1504
19746 # 1504
19747 # 1504
19748 # 1504
19749 # 1504
19750 # 1504
19750 + 1440
19751 # 1504
19751 - 1440 1
19752 # 1504
19752 + 88
19753 # 1504
19753 - 88 1
19754 # 1504
19755 # 1504
19756 # 1504
19757 # 1504
19758 # 1504
19759 # 1504
19760 # 1504
19761 # 1504
19762 # 1504
19763 # 1504
19764 # 1504
19764 + 1440
19765 # 1504
19765 - 1440 1
19766 # 1504
19767 # 1504
19767 + 88
19768 # 1504
19768 - 88 1
19769 # 1504
19770 # 1504
19771 # 1504
19772 # 1504
19773 # 1504
19774 # 1504
19775 # 1504
19776 # 1504
19777 # 1504
19778 # 1504
19778 + 1440
19779 # 1504
19779 - 1440 1
19780 # 1504
19781 # 1504
19781 + 88
19782 # 1504
19782 - 88 1
19783 # 1504
19784 # 1504
19785 # 1504
19786 # 1504
19787 # 1504
19788 # 1504
19789 # 1504
19790 # 1504
19791 # 1504
19792 # 1504
19792 + 1440
19793 # 1504
19793 - 1440 1
19794 # 1504
19795 # 1504
19795 + 88
19796 # 1504
19796 - 88 1
19797 # 1504
19798 # 1504
19799 # 1504
19800 # 1504
19801 # 1504
19802 # 1504
19803 # 1504
19804 # 1504
19805 # 1504
19806 # 1504
19806 + 1440
19807 # 1504
19807 - 1440 1
19808 # 1504
19809 # 1504
19810 # 1504
19811 # 1504
19812 # 1504
19813 # 1504
19814 # 1504
19815 # 1504
19816 # 1504
19817 # 1504
19818 # 1504
19819 # 1504
19820 # 1504
19820 + 1440
19821 # 1504
19821 - 1440 1
19822 # 1504
19822 + 88
19823 # 1504
19823 - 88 1
19824 # 1504
19825 # 1504
19826 # 1504
19827 # 1504
19827 + 1440
19828 # 1504
19828 - 1440 1
19829 # 1504
19830 # 1504
19831 # 1504
19832 # 1504
19833 # 1504
19833 + 1440
19834 # 1504
19834 - 1440 1
19835 # 1504
19836 # 1504
19837 # 1504
19838 # 1504
19839 # 1504
19839 + 1440
19839 + 88
19840 # 1504
19840 - 1440 1
19841 # 1504
19841 - 88 2
19842 # 1504
19843 # 1504
19844 # 1504
19845 # 1504
19845 + 1440
19846 # 1504
19846 - 1440 1
19847 # 1504
19847 + 88
19848 # 1504
19848 - 88 1
19849 # 1504
19850 # 1504
19851 # 1504
19851 + 1440
19852 # 1504
19852 - 1440 1
19853 # 1504
19854 # 1504
19855 # 1504
19856 # 1504
19857 # 1504
19858 # 1504
19858 + 1440
19859 # 1504
19859 - 1440 1
19860 # 1504
19860 + 88
19861 # 1504
19861 - 88 1
19862 # 1504
19863 # 1504
19864 # 1504
19864 + 1440
19865 # 1504
19865 - 1440 1
19866 # 1504
19867 # 1504
19868 # 1504
19869 # 1504
19870 # 1504
19870 + 1440
19871 # 1504
19871 - 1440 1
19872 # 1504
19873 # 1504
19873 + 88
19874 # 1504
19874 - 88 1
19875 # 1504
19876 # 1504
19876 + 1440
19877 # 1504
19877 - 1440 1
19878 # 1504
19879 # 1504
19880 # 1504
19881 # 1504
19882 # 1504
19883 # 1504
19883 + 1440
19884 # 1504
19884 - 1440 1
19885 # 1504
19886 # 1504
19886 + 88
19887 # 1504
19887 - 88 1
19888 # 1504
19889 # 1504
19890 # 1504
19891 # 1504
19892 # 1504
19893 # 1504
19894 # 1504
19895 # 1504
19896 # 1504
19897 # 1504
19897 + 1440
19898 # 1504
19898 - 1440 1
19899 # 1504
19900 # 1504
19900 + 88
19901 # 1504
19901 - 88 1
19902 # 1504
19903 # 1504
19904 # 1504
19905 # 1504
19906 # 1504
19907 # 1504
19908 # 1504
19909 # 1504
19910 # 1504
19911 # 1504
19911 + 1440
19912 # 1504
19912 - 1440 1
19913 # 1504
19913 + 88
19914 # 1504
19914 - 88 1
19915 # 1504
19916 # 1504
19917 # 1504
19918 # 1504
19919 # 1504
19920 # 1504
19921 # 1504
19922 # 1504
19923 # 1504
19924 # 1504
19925 # 1504
19925 + 1440
19926 # 1504
19926 - 1440 1
19927 # 1504
19928 # 1504
19928 + 88
19929 # 1504
19929 - 88 1
19930 # 1504
19931 # 1504
19932 # 1504
19933 # 1504
19934 # 1504
19935 # 1504
19936 # 1504
19937 # 1504
19938 # 1504
19939 # 1504
19939 + 1440
19940 # 1504
19940 - 1440 1
19941 # 1504
19942 # 1504
19943 # 1504
19944 # 1504
19945 # 1504
19946 # 1504
19947 # 1504
19948 # 1504
19949 # 1504
19950 # 1504
19951 # 1504
19952 # 1504
19953 # 1504
19953 + 1440
19954 # 1504
19954 - 1440 1
19954 + 88
19955 # 1504
19955 - 88 1
19956 # 1504
19957 # 1504
19958 # 1504
19959 # 1504
19960 # 1504
19961 # 1504
19962 # 1504
19963 # 1504
19964 # 1504
19965 # 1504
19966 # 1504
19967 # 1504
19967 + 1440
19968 # 1504
19968 - 1440 1
19969 # 1504
19970 # 1504
19970 + 88
19971 # 1504
19971 - 88 1
19972 # 1504
19973 # 1504
19974 # 1504
19975 # 1504
19976 # 1504
19977 # 1504
19978 # 1504
19979 # 1504
19980 # 1504
19981 # 1504
19981 + 1440
19982 # 1504
19982 - 1440 1
19983 # 1504
19984 # 1504
19985 # 1504
19986 # 1504
19986 + 88
19987 # 1504
19987 - 88 1
19988 # 1504
19989 # 1504
19990 # 1504
19991 # 1504
19992 # 1504
19993 # 1504
19994 # 1504
19995 # 1504
19995 + 1440
19996 # 1504
19996 - 1440 1
19997 # 1504
19998 # 1504
19999 # 1504
20000 # 1504
20001 # 1504
20002 # 1504
20003 # 1504
20004 # 1504
20005 # 1504
20006 # 1504
20007 # 1504
20008 # 1504
20009 # 1504
20009 + 1440
20010 # 1504
20010 - 1440 1
20010 + 88
20011 # 1504
20011 - 88 1
20012 # 1504
20013 # 1504
20014 # 1504
20015 # 1504
20016 # 1504
20017 # 1504
20018 # 1504
20019 # 1504
20020 # 1504
20021 # 1504
20022 # 1504
20023 # 1504
20023 + 1440
20024 # 1504
20024 - 1440 1
20025 # 1504
20026 # 1504
20026 + 88
20027 # 1504
20027 - 88 1
20028 # 1504
20029 # 1504
20030 # 1504
20031 # 1504
20032 # 1504
20032 + 1440
20033 # 1504
20033 - 1440 1
20034 # 1504
20035 # 1504
20036 # 1504
20037 # 1504
20038 # 1504
20039 # 1504
20039 + 88
20040 # 1504
20040 - 88 1
20040 + 1440
20041 # 1504
20041 - 1440 1
20042 # 1504
20043 # 1504
20044 # 1504
20045 # 1504
20046 # 1504
20047 # 1504
20048 # 1504
20049 # 1504
20049 + 1440
20050 # 1504
20050 - 1440 1
20051 # 1504
20052 # 1504
20053 # 1504
20054 # 1504
20054 + 88
20055 # 1504
20055 - 88 1
20056 # 1504
20057 # 1504
20058 # 1504
20058 + 1440
20059 # 1504
20059 - 1440 1
20060 # 1504
20061 # 1504
20062 # 1504
20063 # 1504
20064 # 1504
20065 # 1504
20066 # 1504
20066 + 1440
20067 # 1504
20067 - 1440 1
20068 # 1504
20069 # 1504
20070 # 1504
20071 # 1504
20072 # 1504
20073 # 1504
20074 # 1504
20075 # 1504
20075 + 1440
20075 + 88
20076 # 1504
20076 - 1440 1
20077 # 1504
20077 - 88 2
20078 # 1504
20079 # 1504
20080 # 1504
20081 # 1504
20082 # 1504
20082 + 88
20083 # 1504
20083 - 88 1
20083 + 1440
20084 # 1504
20084 - 1440 1
20085 # 1504
20086 # 1504
20087 # 1504
20088 # 1504
20089 # 1504
20090 # 1504
20091 # 1504
20092 # 1504
20092 + 1440
20093 # 1504
20093 - 1440 1
20094 # 1504
20095 # 1504
20095 + 88
20096 # 1504
20096 - 88 1
20097 # 1504
20098 # 1504
20099 # 1504
20100 # 1504
20101 # 1504
20101 + 1440
20102 # 1504
20102 - 1440 1
20103 # 1504
20104 # 1504
20105 # 1504
20106 # 1504
20107 # 1504
20108 # 1504
20109 # 1504
20109 + 1440
20110 # 1504
20110 - 1440 1
20111 # 1504
20112 # 1504
20113 # 1504
20114 # 1504
20114 + 88
20115 # 1504
20115 - 88 1
20116 # 1504
20116 + 1440
20117 # 1504
20117 - 1440 1
20118 # 1504
20119 # 1504
20120 # 1504
20121 # 1504
20122 # 1504
20122 + 1440
20123 # 1504
20123 - 1440 1
20124 # 1504
20125 # 1504
20126 # 1504
20126 + 88
20127 # 1504
20127 - 88 1
20128 # 1504
20128 + 1440
20129 # 1504
20129 - 1440 1
20130 # 1504
20131 # 1504
20132 # 1504
20133 # 1504
20134 # 1504
20134 + 1440
20135 # 1504
20135 - 1440 1
20136 # 1504
20137 # 1504
20138 # 1504
20139 # 1504
20139 + 88
20140 # 1504
20140 - 88 1
20141 # 1504
20141 + 1440
20142 # 1504
20142 - 1440 1
20143 # 1504
20144 # 1504
20145 # 1504
20146 # 1504
20147 # 1504
20147 + 1440
20148 # 1504
20148 - 1440 1
20149 # 1504
20150 # 1504
20151 # 1504
20152 # 1504
20152 + 88
20153 # 1504
20153 - 88 1
20153 + 1440
20154 # 1504
20154 - 1440 1
20155 # 1504
20156 # 1504
20157 # 1504
20158 # 1504
20159 # 1504
20159 + 1440
20160 # 1504
20160 - 1440 1
20161 # 1504
20162 # 1504
20163 # 1504
20164 # 1504
20165 # 1504
20166 # 1504
20166 + 1440
20166 + 88
20167 # 1504
20167 - 1440 1
20168 # 1504
20168 - 88 2
20169 # 1504
20170 # 1504
20171 # 1504
20172 # 1504
20172 + 1440
20173 # 1504
20173 - 1440 1
20174 # 1504
20175 # 1504
20176 # 1504
20177 # 1504
20178 # 1504
20178 + 1440
20178 + 88
20179 # 1504
20179 - 1440 1
20180 # 1504
20180 - 88 2
20181 # 1504
20182 # 1504
20183 # 1504
20184 # 1504
20184 + 1440
20185 # 1504
20185 - 1440 1
20186 # 1504
20187 # 1504
20188 # 1504
20189 # 1504
20190 # 1504
20191 # 1504
20192 # 1504
20193 # 1504
20193 + 1440
20194 # 1504
20194 - 1440 1
20195 # 1504
20196 # 1504
20196 + 88
20197 # 1504
20197 - 88 1
20198 # 1504
20199 # 1504
20200 # 1504
20201 # 1504
20201 + 1440
20202 # 1504
20202 - 1440 1
20203 # 1504
20204 # 1504
20205 # 1504
20206 # 1504
20207 # 1504
20208 # 1504
20209 # 1504
20210 # 1504
20210 + 1440
20211 # 1504
20211 - 1440 1
20212 # 1504
20213 # 1504
20214 # 1504
20215 # 1504
20216 # 1504
20217 # 1504
20218 # 1504
20219 # 1504
20219 + 1440
20220 # 1504
20220 - 1440 1
20221 # 1504
20222 # 1504
20223 # 1504
20223 + 88
20224 # 1504
20224 - 88 1
20225 # 1504
20226 # 1504
20227 # 1504
20228 # 1504
20228 + 1440
20229 # 1504
20229 - 1440 1
20230 # 1504
20230 + 88
20231 # 1504
20231 - 88 1
20232 # 1504
20233 # 1504
20234 # 1504
20235 # 1504
20236 # 1504
20236 + 1440
20237 # 1504
20237 - 1440 1
20238 # 1504
20239 # 1504
20240 # 1504
20241 # 1504
20242 # 1504
20243 # 1504
20244 # 1504
20245 # 1504
20245 + 1096
20246 # 1504
20246 - 1096 1
20247 # 1504
20248 # 1504
20249 # 1504
20250 # 1504
20251 # 1504
20252 # 1504
20252 + 88
20253 # 1504
20253 - 88 1
20253 + 1440
20254 # 1504
20254 - 1440 1
20254 + 88
20255 # 1504
20255 - 88 1
20256 # 1504
20257 # 1504
20258 # 1504
20259 # 1504
20260 # 1504
20261 # 1504
20262 # 1504
20263 # 1504
20264 # 1504
20265 # 1504
20266 # 1504
20267 # 1504
20267 + 1440
20268 # 1504
20268 - 1440 1
20269 # 1504
20270 # 1504
20270 + 88
20271 # 1504
20271 - 88 1
20272 # 1504
20273 # 1504
20274 # 1504
20275 # 1504
20276 # 1504
20277 # 1504
20278 # 1504
20279 # 1504
20280 # 1504
20281 # 1504
20281 + 1440
20282 # 1504
20282 - 1440 1
20283 # 1504
20284 # 1504
20285 # 1504
20286 # 1504
20287 # 1504
20288 # 1504
20289 # 1504
20290 # 1504
20291 # 1504
20292 # 1504
20293 # 1504
20294 # 1504
20295 # 1504
20295 + 1440
20296 # 1504
20296 - 1440 1
20296 + 88
20297 # 1504
20297 - 88 1
20298 # 1504
20299 # 1504
20300 # 1504
20301 # 1504
20302 # 1504
20303 # 1504
20304 # 1504
20305 # 1504
20306 # 1504
20307 # 1504
20308 # 1504
20309 # 1504
20310 # 1504
20310 + 1440
20311 # 1504
20311 - 1440 1
20312 # 1504
20312 + 88
20313 # 1504
20313 - 88 1
20314 # 1504
20315 # 1504
20316 # 1504
20317 # 1504
20318 # 1504
20319 # 1504
20320 # 1504
20321 # 1504
20322 # 1504
20323 # 1504
20324 # 1504
20324 + 1440
20325 # 1504
20325 - 1440 1
20325 + 88
20326 # 1504
20326 - 88 1
20327 # 1504
20328 # 1504
20329 # 1504
20330 # 1504
20331 # 1504
20332 # 1504
20333 # 1504
20334 # 1504
20335 # 1504
20336 # 1504
20337 # 1504
20338 # 1504
20338 + 1440
20339 # 1504
20339 - 1440 1
20340 # 1504
20341 # 1504
20342 # 1504
20343 # 1504
20344 # 1504
20345 # 1504
20346 # 1504
20347 # 1504
20348 # 1504
20349 # 1504
20350 # 1504
20351 # 1504
20352 # 1504
20352 + 1440
20352 + 88
20353 # 1504
20353 - 1440 1
20354 # 1504
20354 - 88 2
20355 # 1504
20356 # 1504
20357 # 1504
20358 # 1504
20359 # 1504
20360 # 1504
20361 # 1504
20362 # 1504
20363 # 1504
20364 # 1504
20365 # 1504
20366 # 1504
20366 + 1440
20367 # 1504
20367 - 1440 1
20368 # 1504
20368 + 88
20369 # 1504
20369 - 88 1
20370 # 1504
20371 # 1504
20372 # 1504
20373 # 1504
20374 # 1504
20375 # 1504
20376 # 1504
20377 # 1504
20378 # 1504
20379 # 1504
20380 # 1504
20380 + 1440
20381 # 1504
20381 - 1440 1
20382 # 1504
20383 # 1504
20384 # 1504
20385 # 1504
20386 # 1504
20387 # 1504
20388 # 1504
20389 # 1504
20390 # 1504
20391 # 1504
20392 # 1504
20393 # 1504
20394 # 1504
20394 + 1440
20395 # 1504
20395 - 1440 1
20396 # 1504
20397 # 1504
20398 # 1504
20398 + 88
20399 # 1504
20399 - 88 1
20400 # 1504
20400 + 1440
20401 # 1504
20401 - 1440 1
20402 # 1504
20403 # 1504
20404 # 1504
20405 # 1504
20406 # 1504
20406 + 1440
20407 # 1504
20407 - 1440 1
20408 # 1504
20409 # 1504
20410 # 1504
20411 # 1504
20412 # 1504
20412 + 1440
20413 # 1504
20413 - 1440 1
20413 + 88
20414 # 1504
20414 - 88 1
20415 # 1504
20416 # 1504
20417 # 1504
20418 # 1504
20419 # 1504
20419 + 1440
20420 # 1504
20420 - 1440 1
20421 # 1504
20422 # 1504
20423 # 1504
20424 # 1504
20425 # 1504
20425 + 1440
20426 # 1504
20426 - 1440 1
20426 + 88
20427 # 1504
20427 - 88 1
20428 # 1504
20429 # 1504
20430 # 1504
20431 # 1504
20431 + 1440
20432 # 1504
20432 - 1440 1
20433 # 1504
20434 # 1504
20435 # 1504
20436 # 1504
20437 # 1504
20437 + 1440
20438 # 1504
20438 - 1440 1
20439 # 1504
20439 + 88
20440 # 1504
20440 - 88 1
20441 # 1504
20442 # 1504
20443 # 1504
20444 # 1504
20444 + 1440
20445 # 1504
20445 - 1440 1
20446 # 1504
20447 # 1504
20448 # 1504
20449 # 1504
20450 # 1504
20450 + 1440
20451 # 1504
20451 - 1440 1
20452 # 1504
20452 + 88
20453 # 1504
20453 - 88 1
20454 # 1504
20455 # 1504
20456 # 1504
20456 + 1440
20457 # 1504
20457 - 1440 1
20458 # 1504
20459 # 1504
20460 # 1504
20461 # 1504
20462 # 1504
20463 # 1504
20464 # 1504
20465 # 1504
20466 # 1504
20467 # 1504
20468 # 1504
20469 # 1504
20470 # 1504
20470 + 1440
20471 # 1504
20471 - 1440 1
20472 # 1504
20473 # 1504
20473 + 88
20474 # 1504
20474 - 88 1
20475 # 1504
20476 # 1504
20477 # 1504
20478 # 1504
20479 # 1504
20480 # 1504
20481 # 1504
20482 # 1504
20483 # 1504
20484 # 1504
20484 + 1440
20485 # 1504
20485 - 1440 1
20486 # 1504
20487 # 1504
20488 # 1504
20489 # 1504
20490 # 1504
20491 # 1504
20492 # 1504
20493 # 1504
20494 # 1504
20495 # 1504
20496 # 1504
20497 # 1504
20498 # 1504
20498 + 1440
20498 + 88
20499 # 1504
20499 - 1440 1
20500 # 1504
20500 - 88 2
20501 # 1504
20502 # 1504
20503 # 1504
20504 # 1504
20505 # 1504
20506 # 1504
20507 # 1504
20508 # 1504
20509 # 1504
20510 # 1504
20511 # 1504
20512 # 1504
20512 + 1440
20512 + 88
20513 # 1504
20513 - 1440 1
20514 # 1504
20514 - 88 2
20515 # 1504
20516 # 1504
20517 # 1504
20518 # 1504
20519 # 1504
20520 # 1504
20521 # 1504
20522 # 1504
20523 # 1504
20524 # 1504
20525 # 1504
20526 # 1504
20526 + 1440
20527 # 1504
20527 - 1440 1
20528 # 1504
20528 + 88
20529 # 1504
20529 - 88 1
20530 # 1504
20531 # 1504
20532 # 1504
20533 # 1504
20534 # 1504
20535 # 1504
20536 # 1504
20537 # 1504
20538 # 1504
20539 # 1504
20540 # 1504
20540 + 1440
20541 # 1504
20541 - 1440 1
20542 # 1504
20543 # 1504
20543 + 88
20544 # 1504
20544 - 88 1
20545 # 1504
20546 # 1504
20547 # 1504
20548 # 1504
20549 # 1504
20550 # 1504
20551 # 1504
20552 # 1504
20553 # 1504
20554 # 1504
20554 + 1440
20555 # 1504
20555 - 1440 1
20556 # 1504
20557 # 1504
20558 # 1504
20558 + 88
20559 # 1504
20559 - 88 1
20560 # 1504
20561 # 1504
20562 # 1504
20563 # 1504
20564 # 1504
20565 # 1504
20566 # 1504
20567 # 1504
20568 # 1504
20568 + 1440
20569 # 1504
20569 - 1440 1
20570 # 1504
20571 # 1504
20572 # 1504
20573 # 1504
20574 # 1504
20575 # 1504
20576 # 1504
20577 # 1504
20578 # 1504
20579 # 1504
20580 # 1504
20581 # 1504
20582 # 1504
20582 + 1440
20583 # 1504
20583 - 1440 1
20584 # 1504
20585 # 1504
20586 # 1504
20587 # 1504
20588 # 1504
20589 # 1504
20590 # 1504
20591 # 1504
20592 # 1504
20593 # 1504
20594 # 1504
20595 # 1504
20596 # 1504
20596 + 1440
20597 # 1504
20597 - 1440 1
20598 # 1504
20599 # 1504
20599 + 88
20600 # 1504
20600 - 88 1
20601 # 1504
20602 # 1504
20603 # 1504
20603 + 1440
20604 # 1504
20604 - 1440 1
20605 # 1504
20606 # 1504
20607 # 1504
20608 # 1504
20609 # 1504
20609 + 1440
20610 # 1504
20610 - 1440 1
20611 # 1504
20612 # 1504
20613 # 1504
20613 + 88
20614 # 1504
20614 - 88 1
20615 # 1504
20615 + 1440
20616 # 1504
20616 - 1440 1
20617 # 1504
20618 # 1504
20619 # 1504
20620 # 1504
20621 # 1504
20621 + 1440
20622 # 1504
20622 - 1440 1
20623 # 1504
20624 # 1504
20625 # 1504
20625 + 88
20626 # 1504
20626 - 88 1
20627 # 1504
20628 # 1504
20628 + 1440
20629 # 1504
20629 - 1440 1
20630 # 1504
20631 # 1504
20632 # 1504
20633 # 1504
20634 # 1504
20634 + 1440
20635 # 1504
20635 - 1440 1
20636 # 1504
20637 # 1504
20638 # 1504
20639 # 1504
20639 + 88
20640 # 1504
20640 - 88 1
20640 + 1440
20641 # 1504
20641 - 1440 1
20642 # 1504
20643 # 1504
20644 # 1504
20645 # 1504
20646 # 1504
20646 + 1440
20647 # 1504
20647 - 1440 1
20648 # 1504
20649 # 1504
20649 + 88
20650 # 1504
20650 - 88 1
20651 # 1504
20652 # 1504
20653 # 1504
20653 + 1440
20654 # 1504
20654 - 1440 1
20655 # 1504
20656 # 1504
20657 # 1504
20658 # 1504
20659 # 1504
20659 + 1440
20660 # 1504
20660 - 1440 1
20661 # 1504
20661 + 88
20662 # 1504
20662 - 88 1
20663 # 1504
20664 # 1504
20665 # 1504
20666 # 1504
20667 # 1504
20667 + 1440
20668 # 1504
20668 - 1440 1
20669 # 1504
20670 # 1504
20671 # 1504
20672 # 1504
20673 # 1504
20674 # 1504
20674 + 88
20675 # 1504
20675 - 88 1
20676 # 1504
20676 + 1440
20677 # 1504
20677 - 1440 1
20678 # 1504
20679 # 1504
20680 # 1504
20681 # 1504
20682 # 1504
20683 # 1504
20684 # 1504
20685 # 1504
20685 + 1440
20686 # 1504
20686 - 1440 1
20687 # 1504
20688 # 1504
20688 + 88
20689 # 1504
20689 - 88 1
20690 # 1504
20691 # 1504
20692 # 1504
20693 # 1504
20693 + 1440
20694 # 1504
20694 - 1440 1
20695 # 1504
20696 # 1504
20697 # 1504
20698 # 1504
20698 + 88
20699 # 1504
20699 - 88 1
20700 # 1504
20701 # 1504
20702 # 1504
20702 + 1440
20703 # 1504
20703 - 1440 1
20704 # 1504
20705 # 1504
20706 # 1504
20707 # 1504
20708 # 1504
20709 # 1504
20710 # 1504
20711 # 1504
20711 + 1440
20712 # 1504
20712 - 1440 1
20713 # 1504
20713 + 88
20714 # 1504
20714 - 88 1
20715 # 1504
20716 # 1504
20717 # 1504
20718 # 1504
20719 # 1504
20719 + 1440
20720 # 1504
20720 - 1440 1
20721 # 1504
20722 # 1504
20723 # 1504
20724 # 1504
20725 # 1504
20726 # 1504
20727 # 1504
20728 # 1504
20728 + 1440
20729 # 1504
20729 - 1440 1
20730 # 1504
20731 # 1504
20732 # 1504
20733 # 1504
20734 # 1504
20735 # 1504
20736 # 1504
20736 + 1440
20737 # 1504
20737 - 1440 1
20738 # 1504
20738 + 88
20739 # 1504
20739 - 88 1
20740 # 1504
20741 # 1504
20742 # 1504
20743 # 1504
20744 # 1504
20745 # 1504
20745 + 1440
20746 # 1504
20746 - 1440 1
20747 # 1504
20748 # 1504
20749 # 1504
20749 + 88
20750 # 1504
20750 - 88 1
20751 # 1504
20752 # 1504
20752 + 1440
20753 # 1504
20753 - 1440 1
20754 # 1504
20755 # 1504
20756 # 1504
20757 # 1504
20758 # 1504
20758 + 1440
20759 # 1504
20759 - 1440 1
20760 # 1504
20761 # 1504
20762 # 1504
20762 + 88
20763 # 1504
20763 - 88 1
20764 # 1504
20764 + 1440
20765 # 1504
20765 - 1440 1
20766 # 1504
20767 # 1504
20768 # 1504
20769 # 1504
20770 # 1504
20770 + 1440
20771 # 1504
20771 - 1440 1
20772 # 1504
20773 # 1504
20774 # 1504
20774 + 88
20775 # 1504
20775 - 88 1
20776 # 1504
20776 + 1440
20777 # 1504
20777 - 1440 1
20778 # 1504
20779 # 1504
20780 # 1504
20781 # 1504
20782 # 1504
20783 # 1504
20783 + 1440
20784 # 1504
20784 - 1440 1
20785 # 1504
20785 + 88
20786 # 1504
20786 - 88 1
20787 # 1504
20788 # 1504
20789 # 1504
20789 + 1440
20790 # 1504
20790 - 1440 1
20791 # 1504
20792 # 1504
20793 # 1504
20794 # 1504
20795 # 1504
20795 + 1440
20796 # 1504
20796 - 1440 1
20797 # 1504
20798 # 1504
20799 # 1504
20800 # 1504
20800 + 88
20801 # 1504
20801 - 88 1
20801 + 1440
20802 # 1504
20802 - 1440 1
20803 # 1504
20804 # 1504
20805 # 1504
20806 # 1504
20807 # 1504
20808 # 1504
20808 + 1440
20809 # 1504
20809 - 1440 1
20810 # 1504
20811 # 1504
20811 + 88
20812 # 1504
20812 - 88 1
20813 # 1504
20814 # 1504
20815 # 1504
20816 # 1504
20817 # 1504
20818 # 1504
20819 # 1504
20820 # 1504
20821 # 1504
20822 # 1504
20822 + 1440
20823 # 1504
20823 - 1440 1
20824 # 1504
20825 # 1504
20826 # 1504
20827 # 1504
20828 # 1504
20829 # 1504
20830 # 1504
20831 # 1504
20832 # 1504
20833 # 1504
20834 # 1504
20834 + 88
20835 # 1504
20835 - 88 1
20836 # 1504
20836 + 1440
20837 # 1504
20837 - 1440 1
20838 # 1504
20839 # 1504
20840 # 1504
20841 # 1504
20842 # 1504
20843 # 1504
20844 # 1504
20845 # 1504
20846 # 1504
20847 # 1504
20848 # 1504
20849 # 1504
20850 # 1504
20850 + 1440
20851 # 1504
20851 - 1440 1
20852 # 1504
20853 # 1504
20853 + 88
20854 # 1504
20854 - 88 1
20855 # 1504
20856 # 1504
20857 # 1504
20858 # 1504
20859 # 1504
20860 # 1504
20861 # 1504
20862 # 1504
20863 # 1504
20864 # 1504
20864 + 1440
20865 # 1504
20865 - 1440 1
20866 # 1504
20867 # 1504
20868 # 1504
20869 # 1504
20870 # 1504
20870 + 88
20871 # 1504
20871 - 88 1
20872 # 1504
20873 # 1504
20874 # 1504
20875 # 1504
20876 # 1504
20877 # 1504
20878 # 1504
20878 + 1440
20879 # 1504
20879 - 1440 1
20880 # 1504
20881 # 1504
20882 # 1504
20883 # 1504
20884 # 1504
20884 + 88
20885 # 1504
20885 - 88 1
20886 # 1504
20887 # 1504
20888 # 1504
20889 # 1504
20890 # 1504
20891 # 1504
20892 # 1504
20892 + 1440
20893 # 1504
20893 - 1440 1
20894 # 1504
20895 # 1504
20896 # 1504
20897 # 1504
20897 + 88
20898 # 1504
20898 - 88 1
20899 # 1504
20900 # 1504
20901 # 1504
20902 # 1504
20903 # 1504
20904 # 1504
20905 # 1504
20906 # 1504
20906 + 1440
20907 # 1504
20907 - 1440 1
20908 # 1504
20909 # 1504
20910 # 1504
20911 # 1504
20912 # 1504
20913 # 1504
20914 # 1504
20915 # 1504
20916 # 1504
20917 # 1504
20918 # 1504
20919 # 1504
20920 # 1504
20920 + 1440
20921 # 1504
20921 - 1440 1
20921 + 88
20922 # 1504
20922 - 88 1
20923 # 1504
20924 # 1504
20925 # 1504
20926 # 1504
20927 # 1504
20928 # 1504
20929 # 1504
20930 # 1504
20931 # 1504
20932 # 1504
20933 # 1504
20934 # 1504
20934 + 1440
20935 # 1504
20935 - 1440 1
20936 # 1504
20937 # 1504
20938 # 1504
20939 # 1504
20940 # 1504
20941 # 1504
20942 # 1504
20943 # 1504
20944 # 1504
20945 # 1504
20945 + 88
20946 # 1504
20946 - 88 1
20947 # 1504
20948 # 1504
20948 + 1440
20949 # 1504
20949 - 1440 1
20950 # 1504
20951 # 1504
20952 # 1504
20953 # 1504
20954 # 1504
20955 # 1504
20956 # 1504
20957 # 1504
20957 + 1440
20958 # 1504
20958 - 1440 1
20959 # 1504
20960 # 1504
20961 # 1504
20962 # 1504
20963 # 1504
20964 # 1504
20964 + 88
20965 # 1504
20965 - 88 1
20965 + 1440
20966 # 1504
20966 - 1440 1
20967 # 1504
20968 # 1504
20969 # 1504
20970 # 1504
20971 # 1504
20972 # 1504
20973 # 1504
20974 # 1504
20974 + 1096
20975 # 1504
20975 - 1096 1
20976 # 1504
20976 + 88
20977 # 1504
20977 - 88 1
20978 # 1504
20979 # 1504
20980 # 1504
20981 # 1504
20982 # 1504
20982 + 1440
20983 # 1504
20983 - 1440 1
20984 # 1504
20985 # 1504
20986 # 1504
20987 # 1504
20988 # 1504
20988 + 88
20989 # 1504
20989 - 88 1
20990 # 1504
20991 # 1504
20991 + 1440
20992 # 1504
20992 - 1440 1
20993 # 1504
20994 # 1504
20995 # 1504
20996 # 1504
20997 # 1504
20998 # 1504
20999 # 1504
21000 # 1504
21000 + 1440
21001 # 1504
21001 - 1440 1
21002 # 1504
21002 + 88
21003 # 1504
21003 - 88 1
21004 # 1504
21005 # 1504
21006 # 1504
21007 # 1504
21008 # 1504
21008 + 1440
21009 # 1504
21009 - 1440 1
21010 # 1504
21011 # 1504
21012 # 1504
21013 # 1504
21014 # 1504
21015 # 1504
21015 + 88
21016 # 1504
21016 - 88 1
21017 # 1504
21017 + 1440
21018 # 1504
21018 - 1440 1
21019 # 1504
21020 # 1504
21021 # 1504
21022 # 1504
21023 # 1504
21024 # 1504
21025 # 1504
21026 # 1504
21026 + 1440
21027 # 1504
21027 - 1440 1
21028 # 1504
21029 # 1504
21030 # 1504
21031 # 1504
21032 # 1504
21033 # 1504
21034 # 1504
21034 + 1440
21035 # 1504
21035 - 1440 1
21036 # 1504
21036 + 88
21037 # 1504
21037 - 88 1
21038 # 1504
21039 # 1504
21040 # 1504
21040 + 1440
21041 # 1504
21041 - 1440 1
21042 # 1504
21043 # 1504
21044 # 1504
21045 # 1504
21046 # 1504
21047 # 1504
21047 + 1440
21048 # 1504
21048 - 1440 1
21049 # 1504
21050 # 1504
21051 # 1504
21052 # 1504
21053 # 1504
21053 + 1440
21053 + 88
21054 # 1504
21054 - 1440 1
21055 # 1504
21055 - 88 2
21056 # 1504
21057 # 1504
21058 # 1504
21059 # 1504
21059 + 1440
21060 # 1504
21060 - 1440 1
21061 # 1504
21062 # 1504
21063 # 1504
21064 # 1504
21065 # 1504
21065 + 1440
21066 # 1504
21066 - 1440 1
21067 # 1504
21067 + 88
21068 # 1504
21068 - 88 1
21069 # 1504
21070 # 1504
21071 # 1504
21072 # 1504
21072 + 1440
21073 # 1504
21073 - 1440 1
21074 # 1504
21075 # 1504
21076 # 1504
21077 # 1504
21078 # 1504
21078 + 1440
21079 # 1504
21079 - 1440 1
21079 + 88
21080 # 1504
21080 - 88 1
21081 # 1504
21082 # 1504
21083 # 1504
21084 # 1504
21084 + 1440
21085 # 1504
21085 - 1440 1
21086 # 1504
21087 # 1504
21088 # 1504
21089 # 1504
21090 # 1504
21090 + 1440
21091 # 1504
21091 - 1440 1
21092 # 1504
21093 # 1504
21094 # 1504
21095 # 1504
21096 # 1504
21097 # 1504
21097 + 1440
21097 + 88
21098 # 1504
21098 - 1440 1
21099 # 1504
21099 - 88 2
21100 # 1504
21101 # 1504
21102 # 1504
21103 # 1504
21103 + 1440
21104 # 1504
21104 - 1440 1
21104 + 88
21105 # 1504
21105 - 88 1
21106 # 1504
21107 # 1504
21108 # 1504
21109 # 1504
21109 + 1440
21110 # 1504
21110 - 1440 1
21111 # 1504
21112 # 1504
21113 # 1504
21114 # 1504
21115 # 1504
21116 # 1504
21117 # 1504
21118 # 1504
21118 + 1440
21119 # 1504
21119 - 1440 1
21120 # 1504
21120 + 88
21121 # 1504
21121 - 88 1
21122 # 1504
21123 # 1504
21124 # 1504
21125 # 1504
21126 # 1504
21126 + 1440
21127 # 1504
21127 - 1440 1
21128 # 1504
21129 # 1504
21130 # 1504
21131 # 1504
21132 # 1504
21133 # 1504
21134 # 1504
21135 # 1504
21135 + 1440
21136 # 1504
21136 - 1440 1
21137 # 1504
21138 # 1504
21138 + 88
21139 # 1504
21139 - 88 1
21140 # 1504
21141 # 1504
21142 # 1504
21143 # 1504
21144 # 1504
21144 + 1440
21145 # 1504
21145 - 1440 1
21146 # 1504
21147 # 1504
21148 # 1504
21149 # 1504
21150 # 1504
21151 # 1504
21152 # 1504
21152 + 1440
21153 # 1504
21153 - 1440 1
21154 # 1504
21155 # 1504
21156 # 1504
21157 # 1504
21158 # 1504
21159 # 1504
21160 # 1504
21161 # 1504
21161 + 88
21161 + 1440
21162 # 1504
21162 - 88 1
21163 # 1504
21163 - 1440 2
21164 # 1504
21165 # 1504
21166 # 1504
21166 + 88
21167 # 1504
21167 - 88 1
21168 # 1504
21169 # 1504
21169 + 1440
21170 # 1504
21170 - 1440 1
21171 # 1504
21172 # 1504
21173 # 1504
21174 # 1504
21175 # 1504
21176 # 1504
21177 # 1504
21178 # 1504
21178 + 1440
21179 # 1504
21179 - 1440 1
21180 # 1504
21181 # 1504
21181 + 88
21182 # 1504
21182 - 88 1
21183 # 1504
21184 # 1504
21185 # 1504
21186 # 1504
21187 # 1504
21188 # 1504
21189 # 1504
21190 # 1504
21191 # 1504
21192 # 1504
21192 + 1440
21193 # 1504
21193 - 1440 1
21194 # 1504
21195 # 1504
21196 # 1504
21197 # 1504
21198 # 1504
21199 # 1504
21200 # 1504
21201 # 1504
21202 # 1504
21203 # 1504
21204 # 1504
21205 # 1504
21206 # 1504
21206 + 1440
21207 # 1504
21207 - 1440 1
21208 # 1504
21209 # 1504
21210 # 1504
21211 # 1504
21212 # 1504
21213 # 1504
21214 # 1504
21214 + 88
21215 # 1504
21215 - 88 1
21216 # 1504
21217 # 1504
21218 # 1504
21219 # 1504
21220 # 1504
21220 + 1440
21221 # 1504
21221 - 1440 1
21222 # 1504
21223 # 1504
21224 # 1504
21224 + 88
21225 # 1504
21225 - 88 1
21226 # 1504
21227 # 1504
21228 # 1504
21229 # 1504
21230 # 1504
21231 # 1504
21232 # 1504
21233 # 1504
21234 # 1504
21234 + 1440
21235 # 1504
21235 - 1440 1
21236 # 1504
21237 # 1504
21237 + 88
21238 # 1504
21238 - 88 1
21239 # 1504
21240 # 1504
21241 # 1504
21242 # 1504
21243 # 1504
21244 # 1504
21245 # 1504
21246 # 1504
21247 # 1504
21248 # 1504
21248 + 1440
21249 # 1504
21249 - 1440 1
21250 # 1504
21251 # 1504
21251 + 88
21252 # 1504
21252 - 88 1
21253 # 1504
21254 # 1504
21255 # 1504
21256 # 1504
21257 # 1504
21258 # 1504
21259 # 1504
21260 # 1504
21261 # 1504
21262 # 1504
21262 + 1440
21263 # 1504
21263 - 1440 1
21264 # 1504
21265 # 1504
21265 + 88
21266 # 1504
21266 - 88 1
21267 # 1504
21268 # 1504
21269 # 1504
21270 # 1504
21271 # 1504
21272 # 1504
21273 # 1504
21274 # 1504
21275 # 1504
21276 # 1504
21276 + 1440
21277 # 1504
21277 - 1440 1
21278 # 1504
21279 # 1504
21280 # 1504
21281 # 1504
21282 # 1504
21283 # 1504
21284 # 1504
21285 # 1504
21286 # 1504
21287 # 1504
21288 # 1504
21288 + 88
21289 # 1504
21289 - 88 1
21290 # 1504
21290 + 1440
21291 # 1504
21291 - 1440 1
21292 # 1504
21293 # 1504
21294 # 1504
21295 # 1504
21296 # 1504
21297 # 1504
21298 # 1504
21299 # 1504
21300 # 1504
21301 # 1504
21302 # 1504
21303 # 1504
21304 # 1504
21304 + 1440
21305 # 1504
21305 - 1440 1
21305 + 88
21306 # 1504
21306 - 88 1
21307 # 1504
21308 # 1504
21309 # 1504
21310 # 1504
21311 # 1504
21312 # 1504
21313 # 1504
21314 # 1504
21315 # 1504
21316 # 1504
21317 # 1504
21318 # 1504
21319 # 1504
21319 + 1440
21320 # 1504
21320 - 1440 1
21321 # 1504
21321 + 88
21322 # 1504
21322 - 88 1
21323 # 1504
21324 # 1504
21325 # 1504
21325 + 1440
21326 # 1504
21326 - 1440 1
21327 # 1504
21328 # 1504
21329 # 1504
21330 # 1504
21331 # 1504
21331 + 1440
21332 # 1504
21332 - 1440 1
21333 # 1504
21334 # 1504
21335 # 1504
21336 # 1504
21336 + 88
21337 # 1504
21337 - 88 1
21338 # 1504
21338 + 1440
21339 # 1504
21339 - 1440 1
21340 # 1504
21341 # 1504
21342 # 1504
21343 # 1504
21344 # 1504
21344 + 1440
21345 # 1504
21345 - 1440 1
21346 # 1504
21347 # 1504
21348 # 1504
21348 + 88
21349 # 1504
21349 - 88 1
21350 # 1504
21350 + 1440
21351 # 1504
21351 - 1440 1
21352 # 1504
21353 # 1504
21354 # 1504
21355 # 1504
21356 # 1504
21357 # 1504
21357 + 1440
21358 # 1504
21358 - 1440 1
21359 # 1504
21360 # 1504
21360 + 88
21361 # 1504
21361 - 88 1
21362 # 1504
21363 # 1504
21363 + 1440
21364 # 1504
21364 - 1440 1
21365 # 1504
21366 # 1504
21367 # 1504
21368 # 1504
21369 # 1504
21369 + 1440
21370 # 1504
21370 - 1440 1
21371 # 1504
21372 # 1504
21372 + 88
21373 # 1504
21373 - 88 1
21374 # 1504
21375 # 1504
21376 # 1504
21376 + 1440
21377 # 1504
21377 - 1440 1
21378 # 1504
21379 # 1504
21380 # 1504
21381 # 1504
21382 # 1504
21382 + 1440
21383 # 1504
21383 - 1440 1
21384 # 1504
21385 # 1504
21385 + 88
21386 # 1504
21386 - 88 1
21387 # 1504
21388 # 1504
21388 + 1440
21389 # 1504
21389 - 1440 1
21390 # 1504
21391 # 1504
21392 # 1504
21393 # 1504
21394 # 1504
21395 # 1504
21395 + 1440
21396 # 1504
21396 - 1440 1
21397 # 1504
21398 # 1504
21399 # 1504
21399 + 88
21400 # 1504
21400 - 88 1
21401 # 1504
21401 + 1440
21402 # 1504
21402 - 1440 1
21403 # 1504
21404 # 1504
21405 # 1504
21406 # 1504
21407 # 1504
21407 + 1440
21408 # 1504
21408 - 1440 1
21409 # 1504
21409 + 88
21410 # 1504
21410 - 88 1
21411 # 1504
21412 # 1504
21413 # 1504
21413 + 1440
21414 # 1504
21414 - 1440 1
21415 # 1504
21416 # 1504
21417 # 1504
21418 # 1504
21419 # 1504
21420 # 1504
21420 + 1440
21421 # 1504
21421 - 1440 1
21422 # 1504
21423 # 1504
21423 + 88
21424 # 1504
21424 - 88 1
21425 # 1504
21426 # 1504
21426 + 1440
21427 # 1504
21427 - 1440 1
21428 # 1504
21429 # 1504
21430 # 1504
21431 # 1504
21432 # 1504
21432 + 1440
21433 # 1504
21433 - 1440 1
21434 # 1504
21435 # 1504
21436 # 1504
21437 # 1504
21438 # 1504
21438 + 1440
21439 # 1504
21439 - 1440 1
21439 + 88
21440 # 1504
21440 - 88 1
21441 # 1504
21442 # 1504
21443 # 1504
21444 # 1504
21445 # 1504
21445 + 1440
21446 # 1504
21446 - 1440 1
21447 # 1504
21448 # 1504
21449 # 1504
21450 # 1504
21451 # 1504
21452 # 1504
21453 # 1504
21454 # 1504
21455 # 1504
21456 # 1504
21457 # 1504
21458 # 1504
21459 # 1504
21459 + 1440
21459 + 88
21460 # 1504
21460 - 1440 1
21460 + 88
21461 # 1504
21461 - 88 2
21461 - 88 1
21462 # 1504
21463 # 1504
21464 # 1504
21465 # 1504
21466 # 1504
21467 # 1504
21468 # 1504
21469 # 1504
21470 # 1504
21471 # 1504
21472 # 1504
21473 # 1504
21473 + 1440
21474 # 1504
21474 - 1440 1
21475 # 1504
21476 # 1504
21477 # 1504
21478 # 1504
21479 # 1504
21480 # 1504
21481 # 1504
21482 # 1504
21483 # 1504
21484 # 1504
21485 # 1504
21486 # 1504
21487 # 1504
21487 + 1440
21487 + 88
21488 # 1504
21488 - 1440 1
21489 # 1504
21489 - 88 2
21490 # 1504
21491 # 1504
21492 # 1504
21492 + 88
21493 # 1504
21493 - 88 1
21494 # 1504
21495 # 1504
21496 # 1504
21497 # 1504
21498 # 1504
21499 # 1504
21500 # 1504
21501 # 1504
21501 + 1440
21502 # 1504
21502 - 1440 1
21503 # 1504
21504 # 1504
21505 # 1504
21506 # 1504
21507 # 1504
21508 # 1504
21509 # 1504
21510 # 1504
21511 # 1504
21512 # 1504
21513 # 1504
21514 # 1504
21515 # 1504
21515 + 1440
21515 + 88
21516 # 1504
21516 - 1440 1
21517 # 1504
21517 - 88 2
21518 # 1504
21519 # 1504
21520 # 1504
21521 # 1504
21522 # 1504
21523 # 1504
21524 # 1504
21525 # 1504
21526 # 1504
21527 # 1504
21528 # 1504
21529 # 1504
21529 + 1440
21530 # 1504
21530 - 1440 1
21531 # 1504
21532 # 1504
21532 + 88
21533 # 1504
21533 - 88 1
21534 # 1504
21535 # 1504
21536 # 1504
21537 # 1504
21538 # 1504
21539 # 1504
21540 # 1504
21541 # 1504
21542 # 1504
21543 # 1504
21543 + 1440
21544 # 1504
21544 - 1440 1
21545 # 1504
21546 # 1504
21547 # 1504
21547 + 88
21548 # 1504
21548 - 88 1
21549 # 1504
21550 # 1504
21551 # 1504
21552 # 1504
21553 # 1504
21554 # 1504
21555 # 1504
21556 # 1504
21557 # 1504
21557 + 1440
21558 # 1504
21558 - 1440 1
21559 # 1504
21560 # 1504
21560 + 88
21561 # 1504
21561 - 88 1
21562 # 1504
21563 # 1504
21564 # 1504
21565 # 1504
21566 # 1504
21567 # 1504
21568 # 1504
21569 # 1504
21570 # 1504
21571 # 1504
21571 + 1440
21572 # 1504
21572 - 1440 1
21573 # 1504
21574 # 1504
21574 + 88
21575 # 1504
21575 - 88 1
21576 # 1504
21577 # 1504
21578 # 1504
21579 # 1504
21580 # 1504
21581 # 1504
21582 # 1504
21583 # 1504
21584 # 1504
21585 # 1504
21585 + 1440
21586 # 1504
21586 - 1440 1
21587 # 1504
21588 # 1504
21589 # 1504
21589 + 88
21590 # 1504
21590 - 88 1
21591 # 1504
21592 # 1504
21593 # 1504
21594 # 1504
21594 + 1440
21595 # 1504
21595 - 1440 1
21596 # 1504
21597 # 1504
21598 # 1504
21599 # 1504
21600 # 1504
21601 # 1504
21602 # 1504
21603 # 1504
21604 # 1504
21605 # 1504
21606 # 1504
21607 # 1504
21608 # 1504
21608 + 1440
21609 # 1504
21609 - 1440 1
21610 # 1504
21610 + 88
21611 # 1504
21611 - 88 1
21612 # 1504
21613 # 1504
21614 # 1504
21615 # 1504
21616 # 1504
21617 # 1504
21618 # 1504
21619 # 1504
21620 # 1504
21621 # 1504
21622 # 1504
21622 + 1440
21623 # 1504
21623 - 1440 1
21624 # 1504
21625 # 1504
21626 # 1504
21627 # 1504
21628 # 1504
21629 # 1504
21630 # 1504
21631 # 1504
21632 # 1504
21633 # 1504
21634 # 1504
21635 # 1504
21636 # 1504
21636 + 1440
21636 + 88
21637 # 1504
21637 - 1440 1
21638 # 1504
21638 - 88 2
21639 # 1504
21640 # 1504
21641 # 1504
21642 # 1504
21643 # 1504
21644 # 1504
21645 # 1504
21646 # 1504
21647 # 1504
21648 # 1504
21649 # 1504
21650 # 1504
21650 + 1440
21651 # 1504
21651 - 1440 1
21652 # 1504
21653 # 1504
21654 # 1504
21655 # 1504
21656 # 1504
21657 # 1504
21658 # 1504
21659 # 1504
21660 # 1504
21661 # 1504
21662 # 1504
21663 # 1504
21664 # 1504
21664 + 1440
21665 # 1504
21665 - 1440 1
21666 # 1504
21666 + 88
21667 # 1504
21667 - 88 1
21668 # 1504
21669 # 1504
21670 # 1504
21671 # 1504
21672 # 1504
21673 # 1504
21674 # 1504
21675 # 1504
21676 # 1504
21677 # 1504
21678 # 1504
21678 + 1096
21679 # 1504
21679 - 1096 1
21680 # 1504
21681 # 1504
21681 + 88
21682 # 1504
21682 - 88 1
21683 # 1504
21684 # 1504
21685 # 1504
21686 # 1504
21687 # 1504
21688 # 1504
21689 # 1504
21690 # 1504
21691 # 1504
21692 # 1504
21692 + 1440
21693 # 1504
21693 - 1440 1
21694 # 1504
21695 # 1504
21695 + 88
21696 # 1504
21696 - 88 1
21697 # 1504
21698 # 1504
21699 # 1504
21700 # 1504
21701 # 1504
21702 # 1504
21703 # 1504
21704 # 1504
21705 # 1504
21706 # 1504
21706 + 1440
21707 # 1504
21707 - 1440 1
21708 # 1504
21709 # 1504
21710 # 1504
21711 # 1504
21712 # 1504
21712 + 88
21713 # 1504
21713 - 88 1
21714 # 1504
21715 # 1504
21716 # 1504
21717 # 1504
21718 # 1504
21719 # 1504
21720 # 1504
21720 + 1440
21721 # 1504
21721 - 1440 1
21722 # 1504
21723 # 1504
21723 + 88
21724 # 1504
21724 - 88 1
21725 # 1504
21726 # 1504
21726 + 1440
21727 # 1504
21727 - 1440 1
21728 # 1504
21729 # 1504
21730 # 1504
21731 # 1504
21732 # 1504
21732 + 1440
21733 # 1504
21733 - 1440 1
21734 # 1504
21735 # 1504
21736 # 1504
21737 # 1504
21738 # 1504
21739 # 1504
21739 + 1440
21739 + 88
21740 # 1504
21740 - 1440 1
21741 # 1504
21741 - 88 2
21742 # 1504
21743 # 1504
21744 # 1504
21745 # 1504
21745 + 1440
21746 # 1504
21746 - 1440 1
21747 # 1504
21748 # 1504
21749 # 1504
21750 # 1504
21750 + 88
21751 # 1504
21751 - 88 1
21751 + 1440
21752 # 1504
21752 - 1440 1
21753 # 1504
21754 # 1504
21755 # 1504
21756 # 1504
21757 # 1504
21757 + 1440
21758 # 1504
21758 - 1440 1
21759 # 1504
21760 # 1504
21761 # 1504
21762 # 1504
21762 + 88
21763 # 1504
21763 - 88 1
21764 # 1504
21764 + 1440
21765 # 1504
21765 - 1440 1
21766 # 1504
21767 # 1504
21768 # 1504
21769 # 1504
21770 # 1504
21770 + 1440
21771 # 1504
21771 - 1440 1
21772 # 1504
21773 # 1504
21774 # 1504
21775 # 1504
21776 # 1504
21776 + 1440
21777 # 1504
21777 - 1440 1
21778 # 1504
21778 + 88
21779 # 1504
21779 - 88 1
21780 # 1504
21781 # 1504
21782 # 1504
21782 + 1440
21783 # 1504
21783 - 1440 1
21784 # 1504
21785 # 1504
21786 # 1504
21787 # 1504
21788 # 1504
21789 # 1504
21790 # 1504
21791 # 1504
21792 # 1504
21793 # 1504
21794 # 1504
21795 # 1504
21796 # 1504
21796 + 1440
21797 # 1504
21797 - 1440 1
21798 # 1504
21798 + 88
21799 # 1504
21799 - 88 1
21800 # 1504
21801 # 1504
21802 # 1504
21803 # 1504
21804 # 1504
21805 # 1504
21806 # 1504
21807 # 1504
21808 # 1504
21809 # 1504
21810 # 1504
21811 # 1504
21811 + 1440
21812 # 1504
21812 - 1440 1
21813 # 1504
21814 # 1504
21815 # 1504
21816 # 1504
21817 # 1504
21818 # 1504
21819 # 1504
21820 # 1504
21821 # 1504
21822 # 1504
21823 # 1504
21824 # 1504
21825 # 1504
21825 + 1440
21825 + 88
21826 # 1504
21826 - 1440 1
21827 # 1504
21827 - 88 2
21827 + 88
21828 # 1504
21828 - 88 1
21829 # 1504
21830 # 1504
21831 # 1504
21832 # 1504
21833 # 1504
21834 # 1504
21835 # 1504
21836 # 1504
21837 # 1504
21838 # 1504
21839 # 1504
21839 + 1440
21840 # 1504
21840 - 1440 1
21840 + 88
21841 # 1504
21841 - 88 1
21842 # 1504
21843 # 1504
21844 # 1504
21845 # 1504
21846 # 1504
21847 # 1504
21848 # 1504
21849 # 1504
21850 # 1504
21851 # 1504
21852 # 1504
21853 # 1504
21853 + 1440
21854 # 1504
21854 - 1440 1
21855 # 1504
21856 # 1504
21857 # 1504
21858 # 1504
21859 # 1504
21860 # 1504
21861 # 1504
21862 # 1504
21863 # 1504
21864 # 1504
21865 # 1504
21866 # 1504
21867 # 1504
21867 + 1440
21867 + 88
21868 # 1504
21868 - 1440 1
21869 # 1504
21869 - 88 2
21870 # 1504
21871 # 1504
21872 # 1504
21873 # 1504
21874 # 1504
21875 # 1504
21876 # 1504
21877 # 1504
21878 # 1504
21879 # 1504
21880 # 1504
21881 # 1504
21881 + 1440
21881 + 88
21882 # 1504
21882 - 1440 1
21883 # 1504
21883 - 88 2
21884 # 1504
21885 # 1504
21886 # 1504
21887 # 1504
21888 # 1504
21889 # 1504
21890 # 1504
21891 # 1504
21892 # 1504
21893 # 1504
21894 # 1504
21894 + 88
21895 # 1504
21895 - 88 1
21895 + 1440
21896 # 1504
21896 - 1440 1
21897 # 1504
21898 # 1504
21899 # 1504
21900 # 1504
21901 # 1504
21902 # 1504
21903 # 1504
21904 # 1504
21905 # 1504
21906 # 1504
21907 # 1504
21908 # 1504
21909 # 1504
21909 + 1440
21910 # 1504
21910 - 1440 1
21911 # 1504
21912 # 1504
21913 # 1504
21914 # 1504
21915 # 1504
21916 # 1504
21917 # 1504
21918 # 1504
21919 # 1504
21920 # 1504
21921 # 1504
21922 # 1504
21923 # 1504
21923 + 1440
21923 + 88
21924 # 1504
21924 - 1440 1
21925 # 1504
21925 - 88 2
21926 # 1504
21927 # 1504
21928 # 1504
21929 # 1504
21930 # 1504
21931 # 1504
21931 + 1440
21932 # 1504
21932 - 1440 1
21932 + 88
21933 # 1504
21933 - 88 1
21934 # 1504
21935 # 1504
21936 # 1504
21937 # 1504
21938 # 1504
21939 # 1504
21940 # 1504
21940 + 1440
21941 # 1504
21941 - 1440 1
21942 # 1504
21943 # 1504
21944 # 1504
21945 # 1504
21946 # 1504
21947 # 1504
21948 # 1504
21949 # 1504
21949 + 1440
21949 + 88
21950 # 1504
21950 - 1440 1
21951 # 1504
21951 - 88 2
21952 # 1504
21953 # 1504
21954 # 1504
21955 # 1504
21956 # 1504
21957 # 1504
21957 + 1440
21958 # 1504
21958 - 1440 1
21958 + 88
21959 # 1504
21959 - 88 1
21960 # 1504
21961 # 1504
21962 # 1504
21963 # 1504
21964 # 1504
21965 # 1504
21966 # 1504
21966 + 1440
21967 # 1504
21967 - 1440 1
21968 # 1504
21969 # 1504
21970 # 1504
21971 # 1504
21972 # 1504
21973 # 1504
21974 # 1504
21975 # 1504
21975 + 1440
21976 # 1504
21976 - 1440 1
21977 # 1504
21978 # 1504
21978 + 88
21979 # 1504
21979 - 88 1
21980 # 1504
21981 # 1504
21982 # 1504
21983 # 1504
21983 + 1440
21984 # 1504
21984 - 1440 1
21985 # 1504
21986 # 1504
21986 + 88
21987 # 1504
21987 - 88 1
21988 # 1504
21989 # 1504
21990 # 1504
21991 # 1504
21992 # 1504
21992 + 1440
21993 # 1504
21993 - 1440 1
21994 # 1504
21995 # 1504
21996 # 1504
21997 # 1504
21998 # 1504
21999 # 1504
22000 # 1504
22000 + 1440
22001 # 1504
22001 - 1440 1
22002 # 1504
22003 # 1504
22004 # 1504
22004 + 88
22005 # 1504
22005 - 88 1
22006 # 1504
22007 # 1504
22008 # 1504
22009 # 1504
22009 + 1440
22010 # 1504
22010 - 1440 1
22011 # 1504
22012 # 1504
22013 # 1504
22014 # 1504
22015 # 1504
22015 + 1440
22016 # 1504
22016 - 1440 1
22017 # 1504
22018 # 1504
22019 # 1504
22020 # 1504
22021 # 1504
22022 # 1504
22022 + 1440
22023 # 1504
22023 - 1440 1
22024 # 1504
22024 + 88
22025 # 1504
22025 - 88 1
22026 # 1504
22027 # 1504
22028 # 1504
22028 + 1440
22029 # 1504
22029 - 1440 1
22030 # 1504
22031 # 1504
22032 # 1504
22033 # 1504
22034 # 1504
22034 + 1440
22035 # 1504
22035 - 1440 1
22036 # 1504
22037 # 1504
22038 # 1504
22039 # 1504
22040 # 1504
22040 + 1440
22041 # 1504
22041 - 1440 1
22041 + 88
22042 # 1504
22042 - 88 1
22043 # 1504
22044 # 1504
22045 # 1504
22046 # 1504
22047 # 1504
22047 + 1440
22048 # 1504
22048 - 1440 1
22049 # 1504
22050 # 1504
22051 # 1504
22052 # 1504
22053 # 1504
22053 + 1440
22053 + 88
22054 # 1504
22054 - 1440 1
22055 # 1504
22055 - 88 2
22056 # 1504
22057 # 1504
22058 # 1504
22059 # 1504
22059 + 1440
22060 # 1504
22060 - 1440 1
22061 # 1504
22062 # 1504
22063 # 1504
22064 # 1504
22065 # 1504
22065 + 1440
22065 + 88
22066 # 1504
22066 - 1440 1
22067 # 1504
22067 - 88 2
22068 # 1504
22069 # 1504
22070 # 1504
22071 # 1504
22072 # 1504
22072 + 1440
22073 # 1504
22073 - 1440 1
22074 # 1504
22075 # 1504
22076 # 1504
22077 # 1504
22078 # 1504
22078 + 1440
22079 # 1504
22079 - 1440 1
22080 # 1504
22081 # 1504
22082 # 1504
22083 # 1504
22084 # 1504
22084 + 1440
22084 + 88
22085 # 1504
22085 - 1440 1
22086 # 1504
22086 - 88 2
22087 # 1504
22088 # 1504
22089 # 1504
22090 # 1504
22090 + 1440
22091 # 1504
22091 - 1440 1
22092 # 1504
22092 + 88
22093 # 1504
22093 - 88 1
22094 # 1504
22095 # 1504
22096 # 1504
22097 # 1504
22098 # 1504
22099 # 1504
22099 + 1440
22100 # 1504
22100 - 1440 1
22101 # 1504
22102 # 1504
22103 # 1504
22104 # 1504
22104 + 88
22105 # 1504
22105 - 88 1
22106 # 1504
22107 # 1504
22107 + 1440
22108 # 1504
22108 - 1440 1
22109 # 1504
22110 # 1504
22111 # 1504
22112 # 1504
22113 # 1504
22114 # 1504
22115 # 1504
22116 # 1504
22116 + 1440
22117 # 1504
22117 - 1440 1
22118 # 1504
22119 # 1504
22120 # 1504
22121 # 1504
22122 # 1504
22123 # 1504
22124 # 1504
22125 # 1504
22125 + 1440
22126 # 1504
22126 - 1440 1
22127 # 1504
22128 # 1504
22129 # 1504
22130 # 1504
22131 # 1504
22132 # 1504
22133 # 1504
22133 + 1440
22134 # 1504
22134 - 1440 1
22134 + 88
22135 # 1504
22135 - 88 1
22136 # 1504
22137 # 1504
22138 # 1504
22139 # 1504
22140 # 1504
22141 # 1504
22142 # 1504
22142 + 1440
22142 + 88
22143 # 1504
22143 - 1440 1
22144 # 1504
22144 - 88 2
22145 # 1504
22146 # 1504
22147 # 1504
22148 # 1504
22149 # 1504
22150 # 1504
22151 # 1504
22151 + 1440
22152 # 1504
22152 - 1440 1
22153 # 1504
22154 # 1504
22155 # 1504
22156 # 1504
22157 # 1504
22158 # 1504
22159 # 1504
22160 # 1504
22161 # 1504
22162 # 1504
22163 # 1504
22164 # 1504
22165 # 1504
22165 + 1440
22166 # 1504
22166 - 1440 1
22167 # 1504
22168 # 1504
22169 # 1504
22170 # 1504
22171 # 1504
22172 # 1504
22173 # 1504
22174 # 1504
22175 # 1504
22175 + 88
22176 # 1504
22176 - 88 1
22177 # 1504
22178 # 1504
22179 # 1504
22179 + 1440
22180 # 1504
22180 - 1440 1
22181 # 1504
22182 # 1504
22183 # 1504
22184 # 1504
22185 # 1504
22186 # 1504
22187 # 1504
22188 # 1504
22189 # 1504
22190 # 1504
22191 # 1504
22192 # 1504
22193 # 1504
22193 + 1440
22194 # 1504
22194 - 1440 1
22194 + 88
22195 # 1504
22195 - 88 1
22196 # 1504
22197 # 1504
22198 # 1504
22199 # 1504
22200 # 1504
22201 # 1504
22202 # 1504
22203 # 1504
22204 # 1504
22205 # 1504
22206 # 1504
22207 # 1504
22207 + 1440
22208 # 1504
22208 - 1440 1
22209 # 1504
22210 # 1504
22211 # 1504
22212 # 1504
22212 + 88
22213 # 1504
22213 - 88 1
22214 # 1504
22215 # 1504
22216 # 1504
22217 # 1504
22218 # 1504
22219 # 1504
22220 # 1504
22221 # 1504
22221 + 1440
22222 # 1504
22222 - 1440 1
22222 + 88
22223 # 1504
22223 - 88 1
22224 # 1504
22225 # 1504
22226 # 1504
22227 # 1504
22228 # 1504
22229 # 1504
22230 # 1504
22231 # 1504
22232 # 1504
22233 # 1504
22234 # 1504
22235 # 1504
22235 + 1440
22236 # 1504
22236 - 1440 1
22237 # 1504
22238 # 1504
22239 # 1504
22240 # 1504
22241 # 1504
22242 # 1504
22243 # 1504
22244 # 1504
22245 # 1504
22246 # 1504
22247 # 1504
22248 # 1504
22249 # 1504
22249 + 1440
22250 # 1504
22250 - 1440 1
22251 # 1504
22252 # 1504
22253 # 1504
22254 # 1504
22255 # 1504
22256 # 1504
22257 # 1504
22258 # 1504
22259 # 1504
22260 # 1504
22260 + 88
22261 # 1504
22261 - 88 1
22262 # 1504
22263 # 1504
22263 + 1440
22263 + 88
22264 # 1504
22264 - 1440 1
22265 # 1504
22265 - 88 2
22266 # 1504
22267 # 1504
22268 # 1504
22269 # 1504
22270 # 1504
22271 # 1504
22272 # 1504
22273 # 1504
22274 # 1504
22274 + 88
22275 # 1504
22275 - 88 1
22276 # 1504
22277 # 1504
22277 + 1440
22278 # 1504
22278 - 1440 1
22279 # 1504
22280 # 1504
22281 # 1504
22282 # 1504
22283 # 1504
22284 # 1504
22285 # 1504
22286 # 1504
22287 # 1504
22288 # 1504
22289 # 1504
22290 # 1504
22291 # 1504
22291 + 1440
22292 # 1504
22292 - 1440 1
22293 # 1504
22293 + 88
22294 # 1504
22294 - 88 1
22295 # 1504
22296 # 1504
22297 # 1504
22297 + 1440
22298 # 1504
22298 - 1440 1
22299 # 1504
22300 # 1504
22301 # 1504
22302 # 1504
22303 # 1504
22303 + 1440
22304 # 1504
22304 - 1440 1
22305 # 1504
22306 # 1504
22306 + 88
22307 # 1504
22307 - 88 1
22308 # 1504
22309 # 1504
22310 # 1504
22310 + 1440
22311 # 1504
22311 - 1440 1
22312 # 1504
22313 # 1504
22314 # 1504
22315 # 1504
22316 # 1504
22316 + 1440
22317 # 1504
22317 - 1440 1
22318 # 1504
22319 # 1504
22319 + 88
22320 # 1504
22320 - 88 1
22321 # 1504
22322 # 1504
22322 + 1440
22323 # 1504
22323 - 1440 1
22324 # 1504
22325 # 1504
22326 # 1504
22327 # 1504
22328 # 1504
22328 + 1440
22329 # 1504
22329 - 1440 1
22330 # 1504
22331 # 1504
22331 + 88
22332 # 1504
22332 - 88 1
22333 # 1504
22334 # 1504
22335 # 1504
22335 + 1440
22336 # 1504
22336 - 1440 1
22337 # 1504
22338 # 1504
22339 # 1504
22340 # 1504
22341 # 1504
22341 + 1440
22342 # 1504
22342 - 1440 1
22343 # 1504
22344 # 1504
22345 # 1504
22346 # 1504
22347 # 1504
22347 + 1440
22348 # 1504
22348 - 1440 1
22349 # 1504
22350 # 1504
22350 + 88
22351 # 1504
22351 - 88 1
22352 # 1504
22353 # 1504
22353 + 1440
22354 # 1504
22354 - 1440 1
22355 # 1504
22356 # 1504
22357 # 1504
22358 # 1504
22359 # 1504
22359 + 1096
22360 # 1504
22360 - 1096 1
22361 # 1504
22362 # 1504
22363 # 1504
22364 # 1504
22365 # 1504
22366 # 1504
22366 + 1440
22366 + 88
22367 # 1504
22367 - 1440 1
22368 # 1504
22368 - 88 2
22368 + 88
22369 # 1504
22369 - 88 1
22370 # 1504
22371 # 1504
22372 # 1504
22372 + 1440
22373 # 1504
22373 - 1440 1
22374 # 1504
22375 # 1504
22376 # 1504
22377 # 1504
22378 # 1504
22378 + 1440
22379 # 1504
22379 - 1440 1
22380 # 1504
22381 # 1504
22381 + 88
22382 # 1504
22382 - 88 1
22383 # 1504
22384 # 1504
22384 + 1440
22385 # 1504
22385 - 1440 1
22386 # 1504
22387 # 1504
22388 # 1504
22389 # 1504
22390 # 1504
22391 # 1504
22391 + 1440
22392 # 1504
22392 - 1440 1
22393 # 1504
22394 # 1504
22395 # 1504
22396 # 1504
22396 + 88
22397 # 1504
22397 - 88 1
22397 + 1440
22398 # 1504
22398 - 1440 1
22399 # 1504
22400 # 1504
22401 # 1504
22402 # 1504
22403 # 1504
22403 + 1440
22404 # 1504
22404 - 1440 1
22405 # 1504
22406 # 1504
22407 # 1504
22408 # 1504
22408 + 88
22409 # 1504
22409 - 88 1
22409 + 1440
22410 # 1504
22410 - 1440 1
22411 # 1504
22412 # 1504
22413 # 1504
22414 # 1504
22415 # 1504
22416 # 1504
22416 + 1440
22417 # 1504
22417 - 1440 1
22418 # 1504
22419 # 1504
22420 # 1504
22420 + 88
22421 # 1504
22421 - 88 1
22422 # 1504
22423 # 1504
22424 # 1504
22425 # 1504
22426 # 1504
22427 # 1504
22428 # 1504
22429 # 1504
22430 # 1504
22430 + 1440
22431 # 1504
22431 - 1440 1
22432 # 1504
22433 # 1504
22434 # 1504
22435 # 1504
22436 # 1504
22437 # 1504
22438 # 1504
22439 # 1504
22440 # 1504
22441 # 1504
22442 # 1504
22443 # 1504
22444 # 1504
22444 + 1440
22445 # 1504
22445 - 1440 1
22446 # 1504
22447 # 1504
22448 # 1504
22449 # 1504
22450 # 1504
22451 # 1504
22452 # 1504
22453 # 1504
22454 # 1504
22455 # 1504
22456 # 1504
22457 # 1504
22458 # 1504
22458 + 1440
22458 + 88
22459 # 1504
22459 - 1440 1
22460 # 1504
22460 - 88 2
22460 + 88
22461 # 1504
22461 - 88 1
22462 # 1504
22463 # 1504
22464 # 1504
22465 # 1504
22466 # 1504
22467 # 1504
22468 # 1504
22469 # 1504
22470 # 1504
22471 # 1504
22472 # 1504
22472 + 1440
22473 # 1504
22473 - 1440 1
22474 # 1504
22475 # 1504
22476 # 1504
22477 # 1504
22478 # 1504
22479 # 1504
22480 # 1504
22481 # 1504
22482 # 1504
22483 # 1504
22484 # 1504
22484 + 88
22485 # 1504
22485 - 88 1
22486 # 1504
22486 + 1440
22487 # 1504
22487 - 1440 1
22488 # 1504
22489 # 1504
22490 # 1504
22491 # 1504
22492 # 1504
22493 # 1504
22494 # 1504
22495 # 1504
22496 # 1504
22496 + 88
22497 # 1504
22497 - 88 1
22498 # 1504
22499 # 1504
22500 # 1504
22500 + 1440
22501 # 1504
22501 - 1440 1
22502 # 1504
22503 # 1504
22504 # 1504
22505 # 1504
22506 # 1504
22507 # 1504
22508 # 1504
22509 # 1504
22510 # 1504
22511 # 1504
22512 # 1504
22513 # 1504
22514 # 1504
22514 + 1440
22515 # 1504
22515 - 1440 1
22516 # 1504
22516 + 88
22517 # 1504
22517 - 88 1
22518 # 1504
22519 # 1504
22520 # 1504
22521 # 1504
22522 # 1504
22523 # 1504
22524 # 1504
22525 # 1504
22526 # 1504
22527 # 1504
22528 # 1504
22528 + 1440
22529 # 1504
22529 - 1440 1
22530 # 1504
22531 # 1504
22532 # 1504
22533 # 1504
22534 # 1504
22535 # 1504
22536 # 1504
22536 + 88
22537 # 1504
22537 - 88 1
22538 # 1504
22539 # 1504
22540 # 1504
22541 # 1504
22542 # 1504
22542 + 1440
22543 # 1504
22543 - 1440 1
22544 # 1504
22545 # 1504
22545 + 88
22546 # 1504
22546 - 88 1
22547 # 1504
22548 # 1504
22549 # 1504
22550 # 1504
22551 # 1504
22552 # 1504
22553 # 1504
22554 # 1504
22555 # 1504
22556 # 1504
22556 + 1440
22557 # 1504
22557 - 1440 1
22558 # 1504
22559 # 1504
22560 # 1504
22561 # 1504
22562 # 1504
22563 # 1504
22564 # 1504
22565 # 1504
22565 + 1440
22566 # 1504
22566 - 1440 1
22567 # 1504
22568 # 1504
22569 # 1504
22570 # 1504
22571 # 1504
22572 # 1504
22573 # 1504
22574 # 1504
22575 # 1504
22576 # 1504
22577 # 1504
22578 # 1504
22579 # 1504
22579 + 1440
22580 # 1504
22580 - 1440 1
22581 # 1504
22581 + 88
22582 # 1504
22582 - 88 1
22583 # 1504
22584 # 1504
22585 # 1504
22586 # 1504
22587 # 1504
22588 # 1504
22589 # 1504
22590 # 1504
22591 # 1504
22592 # 1504
22592 + 88
22593 # 1504
22593 - 88 1
22593 + 1440
22594 # 1504
22594 - 1440 1
22595 # 1504
22596 # 1504
22597 # 1504
22598 # 1504
22599 # 1504
22600 # 1504
22601 # 1504
22602 # 1504
22603 # 1504
22604 # 1504
22605 # 1504
22606 # 1504
22607 # 1504
22607 + 1440
22608 # 1504
22608 - 1440 1
22609 # 1504
22610 # 1504
22610 + 88
22611 # 1504
22611 - 88 1
22612 # 1504
22613 # 1504
22614 # 1504
22615 # 1504
22616 # 1504
22617 # 1504
22618 # 1504
22619 # 1504
22620 # 1504
22621 # 1504
22621 + 1440
22622 # 1504
22622 - 1440 1
22623 # 1504
22624 # 1504
22625 # 1504
22626 # 1504
22627 # 1504
22628 # 1504
22628 + 88
22629 # 1504
22629 - 88 1
22630 # 1504
22631 # 1504
22632 # 1504
22633 # 1504
22634 # 1504
22635 # 1504
22635 + 1440
22636 # 1504
22636 - 1440 1
22637 # 1504
22638 # 1504
22639 # 1504
22639 + 88
22640 # 1504
22640 - 88 1
22641 # 1504
22642 # 1504
22643 # 1504
22644 # 1504
22645 # 1504
22646 # 1504
22647 # 1504
22648 # 1504
22649 # 1504
22649 + 1440
22650 # 1504
22650 - 1440 1
22651 # 1504
22652 # 1504
22653 # 1504
22654 # 1504
22655 # 1504
22656 # 1504
22657 # 1504
22658 # 1504
22659 # 1504
22660 # 1504
22661 # 1504
22662 # 1504
22663 # 1504
22663 + 1440
22664 # 1504
22664 - 1440 1
22665 # 1504
22666 # 1504
22667 # 1504
22668 # 1504
22669 # 1504
22670 # 1504
22671 # 1504
22672 # 1504
22673 # 1504
22674 # 1504
22675 # 1504
22676 # 1504
22677 # 1504
22677 + 1440
22677 + 88
22678 # 1504
22678 - 1440 1
22679 # 1504
22679 - 88 2
22680 # 1504
22680 + 88
22681 # 1504
22681 - 88 1
22682 # 1504
22683 # 1504
22684 # 1504
22685 # 1504
22686 # 1504
22687 # 1504
22688 # 1504
22689 # 1504
22690 # 1504
22691 # 1504
22691 + 1440
22692 # 1504
22692 - 1440 1
22693 # 1504
22693 + 88
22694 # 1504
22694 - 88 1
22695 # 1504
22696 # 1504
22697 # 1504
22698 # 1504
22699 # 1504
22700 # 1504
22701 # 1504
22702 # 1504
22703 # 1504
22704 # 1504
22705 # 1504
22705 + 1440
22706 # 1504
22706 - 1440 1
22707 # 1504
22708 # 1504
22708 + 88
22709 # 1504
22709 - 88 1
22710 # 1504
22711 # 1504
22712 # 1504
22713 # 1504
22714 # 1504
22715 # 1504
22716 # 1504
22717 # 1504
22718 # 1504
22719 # 1504
22719 + 1440
22720 # 1504
22720 - 1440 1
22721 # 1504
22722 # 1504
22723 # 1504
22724 # 1504
22725 # 1504
22726 # 1504
22727 # 1504
22728 # 1504
22729 # 1504
22730 # 1504
22731 # 1504
22732 # 1504
22733 # 1504
22733 + 1440
22734 # 1504
22734 - 1440 1
22734 + 88
22735 # 1504
22735 - 88 1
22736 # 1504
22737 # 1504
22738 # 1504
22739 # 1504
22740 # 1504
22741 # 1504
22742 # 1504
22743 # 1504
22744 # 1504
22745 # 1504
22746 # 1504
22747 # 1504
22747 + 1440
22748 # 1504
22748 - 1440 1
22749 # 1504
22750 # 1504
22751 # 1504
22752 # 1504
22752 + 88
22753 # 1504
22753 - 88 1
22754 # 1504
22755 # 1504
22756 # 1504
22757 # 1504
22758 # 1504
22759 # 1504
22760 # 1504
22761 # 1504
22761 + 1440
22762 # 1504
22762 - 1440 1
22763 # 1504
22764 # 1504
22764 + 88
22765 # 1504
22765 - 88 1
22766 # 1504
22767 # 1504
22768 # 1504
22769 # 1504
22770 # 1504
22771 # 1504
22772 # 1504
22773 # 1504
22774 # 1504
22775 # 1504
22775 + 1440
22776 # 1504
22776 - 1440 1
22777 # 1504
22778 # 1504
22778 + 88
22779 # 1504
22779 - 88 1
22780 # 1504
22781 # 1504
22782 # 1504
22783 # 1504
22784 # 1504
22785 # 1504
22786 # 1504
22787 # 1504
22788 # 1504
22789 # 1504
22789 + 1440
22790 # 1504
22790 - 1440 1
22791 # 1504
22792 # 1504
22793 # 1504
22794 # 1504
22795 # 1504
22796 # 1504
22797 # 1504
22798 # 1504
22799 # 1504
22800 # 1504
22801 # 1504
22802 # 1504
22803 # 1504
22803 + 1440
22804 # 1504
22804 - 1440 1
22804 + 88
22805 # 1504
22805 - 88 1
22806 # 1504
22807 # 1504
22808 # 1504
22809 # 1504
22810 # 1504
22811 # 1504
22812 # 1504
22813 # 1504
22814 # 1504
22815 # 1504
22816 # 1504
22816 + 88
22817 # 1504
22817 - 88 1
22817 + 1440
22818 # 1504
22818 - 1440 1
22819 # 1504
22820 # 1504
22821 # 1504
22822 # 1504
22823 # 1504
22824 # 1504
22825 # 1504
22826 # 1504
22827 # 1504
22828 # 1504
22829 # 1504
22830 # 1504
22831 # 1504
22831 + 1440
22832 # 1504
22832 - 1440 1
22833 # 1504
22834 # 1504
22835 # 1504
22836 # 1504
22836 + 88
22837 # 1504
22837 - 88 1
22838 # 1504
22838 + 1440
22839 # 1504
22839 - 1440 1
22840 # 1504
22841 # 1504
22842 # 1504
22843 # 1504
22844 # 1504
22844 + 1440
22845 # 1504
22845 - 1440 1
22846 # 1504
22847 # 1504
22848 # 1504
22848 + 88
22849 # 1504
22849 - 88 1
22850 # 1504
22850 + 1440
22851 # 1504
22851 - 1440 1
22852 # 1504
22853 # 1504
22854 # 1504
22855 # 1504
22856 # 1504
22856 + 1440
22857 # 1504
22857 - 1440 1
22858 # 1504
22859 # 1504
22860 # 1504
22860 + 88
22861 # 1504
22861 - 88 1
22862 # 1504
22863 # 1504
22863 + 1440
22864 # 1504
22864 - 1440 1
22865 # 1504
22866 # 1504
22867 # 1504
22868 # 1504
22869 # 1504
22869 + 1440
22870 # 1504
22870 - 1440 1
22871 # 1504
22872 # 1504
22872 + 88
22873 # 1504
22873 - 88 1
22874 # 1504
22875 # 1504
22875 + 1440
22876 # 1504
22876 - 1440 1
22877 # 1504
22878 # 1504
22879 # 1504
22880 # 1504
22881 # 1504
22881 + 1440
22882 # 1504
22882 - 1440 1
22883 # 1504
22884 # 1504
22884 + 88
22885 # 1504
22885 - 88 1
22886 # 1504
22887 # 1504
22888 # 1504
22888 + 1440
22889 # 1504
22889 - 1440 1
22890 # 1504
22891 # 1504
22892 # 1504
22893 # 1504
22894 # 1504
22894 + 1440
22895 # 1504
22895 - 1440 1
22896 # 1504
22897 # 1504
22897 + 88
22898 # 1504
22898 - 88 1
22899 # 1504
22900 # 1504
22901 # 1504
22902 # 1504
22902 + 1440
22903 # 1504
22903 - 1440 1
22904 # 1504
22905 # 1504
22906 # 1504
22907 # 1504
22908 # 1504
22909 # 1504
22910 # 1504
22911 # 1504
22912 # 1504
22913 # 1504
22914 # 1504
22915 # 1504
22916 # 1504
22916 + 1440
22917 # 1504
22917 - 1440 1
22918 # 1504
22918 + 88
22919 # 1504
22919 - 88 1
22920 # 1504
22921 # 1504
22922 # 1504
22923 # 1504
22924 # 1504
22925 # 1504
22926 # 1504
22927 # 1504
22928 # 1504
22929 # 1504
22930 # 1504
22931 # 1504
22931 + 1440
22932 # 1504
22932 - 1440 1
22933 # 1504
22934 # 1504
22935 # 1504
22936 # 1504
22936 + 88
22937 # 1504
22937 - 88 1
22938 # 1504
22939 # 1504
22940 # 1504
22941 # 1504
22942 # 1504
22943 # 1504
22944 # 1504
22945 # 1504
22945 + 1440
22946 # 1504
22946 - 1440 1
22946 + 88
22947 # 1504
22947 - 88 1
22948 # 1504
22949 # 1504
22950 # 1504
22951 # 1504
22952 # 1504
22953 # 1504
22954 # 1504
22955 # 1504
22956 # 1504
22957 # 1504
22958 # 1504
22959 # 1504
22959 + 1440
22960 # 1504
22960 - 1440 1
22960 + 88
22961 # 1504
22961 - 88 1
22962 # 1504
22963 # 1504
22964 # 1504
22965 # 1504
22966 # 1504
22967 # 1504
22968 # 1504
22969 # 1504
22970 # 1504
22971 # 1504
22972 # 1504
22973 # 1504
22973 + 1440
22974 # 1504
22974 - 1440 1
22975 # 1504
22976 # 1504
22977 # 1504
22978 # 1504
22979 # 1504
22980 # 1504
22981 # 1504
22982 # 1504
22983 # 1504
22984 # 1504
22985 # 1504
22986 # 1504
22987 # 1504
22987 + 1440
22987 + 88
22988 # 1504
22988 - 1440 1
22988 + 88
22989 # 1504
22989 - 88 2
22989 - 88 1
22990 # 1504
22991 # 1504
22992 # 1504
22993 # 1504
22994 # 1504
22995 # 1504
22996 # 1504
22997 # 1504
22998 # 1504
22999 # 1504
23000 # 1504
23001 # 1504
23001 + 1440
23002 # 1504
23002 - 1440 1
23003 # 1504
23003 + 88
23004 # 1504
23004 - 88 1
23005 # 1504
23006 # 1504
23007 # 1504
23008 # 1504
23009 # 1504
23010 # 1504
23011 # 1504
23012 # 1504
23013 # 1504
23014 # 1504
23015 # 1504
23015 + 1440
23016 # 1504
23016 - 1440 1
23017 # 1504
23018 # 1504
23019 # 1504
23020 # 1504
23021 # 1504
23022 # 1504
23023 # 1504
23024 # 1504
23025 # 1504
23026 # 1504
23027 # 1504
23028 # 1504
23029 # 1504
23029 + 1440
23030 # 1504
23030 - 1440 1
23031 # 1504
23032 # 1504
23033 # 1504
23034 # 1504
23035 # 1504
23036 # 1504
23037 # 1504
23038 # 1504
23039 # 1504
23040 # 1504
23041 # 1504
23042 # 1504
23043 # 1504
23043 + 1440
23044 # 1504
23044 - 1440 1
23045 # 1504
23046 # 1504
23047 # 1504
23048 # 1504
23048 + 88
23049 # 1504
23049 - 88 1
23050 # 1504
23051 # 1504
23052 # 1504
23053 # 1504
23054 # 1504
23055 # 1504
23056 # 1504
23057 # 1504
23057 + 1440
23058 # 1504
23058 - 1440 1
23059 # 1504
23060 # 1504
23060 + 88
23061 # 1504
23061 - 88 1
23062 # 1504
23063 # 1504
23064 # 1504
23065 # 1504
23066 # 1504
23067 # 1504
23068 # 1504
23069 # 1504
23070 # 1504
23071 # 1504
23071 + 1440
23072 # 1504
23072 - 1440 1
23073 # 1504
23074 # 1504
23074 + 88
23075 # 1504
23075 - 88 1
23076 # 1504
23077 # 1504
23078 # 1504
23079 # 1504
23080 # 1504
23081 # 1504
23082 # 1504
23083 # 1504
23084 # 1504
23085 # 1504
23085 + 1440
23086 # 1504
23086 - 1440 1
23087 # 1504
23088 # 1504
23088 + 88
23089 # 1504
23089 - 88 1
23090 # 1504
23091 # 1504
23092 # 1504
23093 # 1504
23094 # 1504
23095 # 1504
23096 # 1504
23097 # 1504
23098 # 1504
23099 # 1504
23099 + 1440
23100 # 1504
23100 - 1440 1
23101 # 1504
23102 # 1504
23103 # 1504
23104 # 1504
23105 # 1504
23106 # 1504
23107 # 1504
23108 # 1504
23109 # 1504
23110 # 1504
23111 # 1504
23112 # 1504
23113 # 1504
23113 + 1440
23114 # 1504
23114 - 1440 1
23115 # 1504
23116 # 1504
23117 # 1504
23118 # 1504
23119 # 1504
23120 # 1504
23121 # 1504
23122 # 1504
23123 # 1504
23124 # 1504
23125 # 1504
23126 # 1504
23127 # 1504
23127 + 1440
23127 + 88
23128 # 1504
23128 - 1440 1
23129 # 1504
23129 - 88 2
23130 # 1504
23131 # 1504
23132 # 1504
23133 # 1504
23134 # 1504
23135 # 1504
23136 # 1504
23137 # 1504
23138 # 1504
23139 # 1504
23140 # 1504
23141 # 1504
23141 + 1440
23142 # 1504
23142 - 1440 1
23143 # 1504
23144 # 1504
23145 # 1504
23145 + 88
23146 # 1504
23146 - 88 1
23147 # 1504
23148 # 1504
23149 # 1504
23150 # 1504
23151 # 1504
23152 # 1504
23153 # 1504
23154 # 1504
23155 # 1504
23155 + 1440
23156 # 1504
23156 - 1440 1
23157 # 1504
23158 # 1504
23159 # 1504
23160 # 1504
23161 # 1504
23162 # 1504
23163 # 1504
23164 # 1504
23165 # 1504
23166 # 1504
23167 # 1504
23168 # 1504
23169 # 1504
23169 + 1440
23170 # 1504
23170 - 1440 1
23170 + 88
23171 # 1504
23171 - 88 1
23172 # 1504
23173 # 1504
23174 # 1504
23175 # 1504
23175 + 88
23175 + 1440
23176 # 1504
23176 - 88 1
23177 # 1504
23177 - 1440 2
23178 # 1504
23179 # 1504
23180 # 1504
23181 # 1504
23182 # 1504
23182 + 1440
23183 # 1504
23183 - 1440 1
23184 # 1504
23185 # 1504
23186 # 1504
23186 + 88
23187 # 1504
23187 - 88 1
23188 # 1504
23188 + 1440
23189 # 1504
23189 - 1440 1
23190 # 1504
23191 # 1504
23192 # 1504
23193 # 1504
23194 # 1504
23194 + 1440
23195 # 1504
23195 - 1440 1
23196 # 1504
23197 # 1504
23198 # 1504
23199 # 1504
23200 # 1504
23200 + 1096
23200 + 88
23201 # 1504
23201 - 1096 1
23201 - 88 1
23202 # 1504
23203 # 1504
23204 # 1504
23205 # 1504
23206 # 1504
23206 + 88
23206 + 1440
23207 # 1504
23207 - 88 1
23208 # 1504
23208 - 1440 2
23209 # 1504
23210 # 1504
23211 # 1504
23212 # 1504
23213 # 1504
23213 + 1440
23214 # 1504
23214 - 1440 1
23215 # 1504
23216 # 1504
23216 + 88
23217 # 1504
23217 - 88 1
23218 # 1504
23219 # 1504
23219 + 1440
23220 # 1504
23220 - 1440 1
23221 # 1504
23222 # 1504
23223 # 1504
23224 # 1504
23225 # 1504
23225 + 1440
23226 # 1504
23226 - 1440 1
23227 # 1504
23228 # 1504
23228 + 88
23229 # 1504
23229 - 88 1
23230 # 1504
23231 # 1504
23232 # 1504
23232 + 1440
23233 # 1504
23233 - 1440 1
23234 # 1504
23235 # 1504
23236 # 1504
23237 # 1504
23238 # 1504
23239 # 1504
23240 # 1504
23240 + 1440
23241 # 1504
23241 - 1440 1
23242 # 1504
23243 # 1504
23243 + 88
23244 # 1504
23244 - 88 1
23245 # 1504
23246 # 1504
23247 # 1504
23248 # 1504
23249 # 1504
23249 + 1440
23250 # 1504
23250 - 1440 1
23251 # 1504
23252 # 1504
23253 # 1504
23254 # 1504
23255 # 1504
23256 # 1504
23257 # 1504
23257 + 1440
23258 # 1504
23258 - 1440 1
23259 # 1504
23260 # 1504
23261 # 1504
23262 # 1504
23262 + 88
23263 # 1504
23263 - 88 1
23264 # 1504
23265 # 1504
23266 # 1504
23266 + 1440
23267 # 1504
23267 - 1440 1
23268 # 1504
23269 # 1504
23270 # 1504
23271 # 1504
23272 # 1504
23273 # 1504
23274 # 1504
23275 # 1504
23275 + 1440
23276 # 1504
23276 - 1440 1
23277 # 1504
23278 # 1504
23278 + 88
23279 # 1504
23279 - 88 1
23280 # 1504
23281 # 1504
23282 # 1504
23283 # 1504
23283 + 1440
23284 # 1504
23284 - 1440 1
23285 # 1504
23286 # 1504
23287 # 1504
23288 # 1504
23289 # 1504
23290 # 1504
23291 # 1504
23292 # 1504
23292 + 1440
23293 # 1504
23293 - 1440 1
23294 # 1504
23295 # 1504
23295 + 88
23296 # 1504
23296 - 88 1
23297 # 1504
23298 # 1504
23299 # 1504
23300 # 1504
23301 # 1504
23301 + 1440
23302 # 1504
23302 - 1440 1
23303 # 1504
23304 # 1504
23305 # 1504
23306 # 1504
23307 # 1504
23308 # 1504
23309 # 1504
23309 + 1440
23310 # 1504
23310 - 1440 1
23311 # 1504
23311 + 88
23312 # 1504
23312 - 88 1
23313 # 1504
23314 # 1504
23315 # 1504
23316 # 1504
23317 # 1504
23318 # 1504
23318 + 1440
23319 # 1504
23319 - 1440 1
23320 # 1504
23321 # 1504
23322 # 1504
23323 # 1504
23324 # 1504
23324 + 1440
23324 + 88
23325 # 1504
23325 - 1440 1
23326 # 1504
23326 - 88 2
23327 # 1504
23328 # 1504
23329 # 1504
23330 # 1504
23330 + 1440
23331 # 1504
23331 - 1440 1
23332 # 1504
23333 # 1504
23333 + 88
23334 # 1504
23334 - 88 1
23335 # 1504
23336 # 1504
23337 # 1504
23337 + 1440
23338 # 1504
23338 - 1440 1
23339 # 1504
23340 # 1504
23341 # 1504
23342 # 1504
23343 # 1504
23343 + 1440
23344 # 1504
23344 - 1440 1
23345 # 1504
23345 + 88
23346 # 1504
23346 - 88 1
23347 # 1504
23348 # 1504
23349 # 1504
23349 + 1440
23350 # 1504
23350 - 1440 1
23351 # 1504
23352 # 1504
23353 # 1504
23354 # 1504
23355 # 1504
23355 + 1440
23356 # 1504
23356 - 1440 1
23357 # 1504
23358 # 1504
23358 + 88
23359 # 1504
23359 - 88 1
23360 # 1504
23361 # 1504
23361 + 1440
23362 # 1504
23362 - 1440 1
23363 # 1504
23364 # 1504
23365 # 1504
23366 # 1504
23367 # 1504
23368 # 1504
23368 + 1440
23369 # 1504
23369 - 1440 1
23370 # 1504
23371 # 1504
23372 # 1504
23373 # 1504
23374 # 1504
23374 + 1440
23375 # 1504
23375 - 1440 1
23376 # 1504
23377 # 1504
23378 # 1504
23379 # 1504
23380 # 1504
23380 + 1440
23381 # 1504
23381 - 1440 1
23381 + 88
23382 # 1504
23382 - 88 1
23383 # 1504
23384 # 1504
23385 # 1504
23386 # 1504
23386 + 1440
23387 # 1504
23387 - 1440 1
23388 # 1504
23389 # 1504
23390 # 1504
23391 # 1504
23392 # 1504
23393 # 1504
23394 # 1504
23395 # 1504
23395 + 1440
23396 # 1504
23396 - 1440 1
23397 # 1504
23398 # 1504
23399 # 1504
23400 # 1504
23401 # 1504
23402 # 1504
23403 # 1504
23404 # 1504
23404 + 1440
23404 + 88
23405 # 1504
23405 - 1440 1
23406 # 1504
23406 - 88 2
23407 # 1504
23408 # 1504
23409 # 1504
23410 # 1504
23411 # 1504
23412 # 1504
23412 + 1440
23413 # 1504
23413 - 1440 1
23414 # 1504
23415 # 1504
23416 # 1504
23417 # 1504
23418 # 1504
23419 # 1504
23420 # 1504
23421 # 1504
23421 + 1440
23421 + 88
23422 # 1504
23422 - 1440 1
23423 # 1504
23423 - 88 2
23424 # 1504
23425 # 1504
23425 + 88
23426 # 1504
23426 - 88 1
23427 # 1504
23428 # 1504
23429 # 1504
23430 # 1504
23430 + 1440
23431 # 1504
23431 - 1440 1
23432 # 1504
23433 # 1504
23434 # 1504
23435 # 1504
23436 # 1504
23437 # 1504
23438 # 1504
23438 + 1440
23439 # 1504
23439 - 1440 1
23440 # 1504
23441 # 1504
23441 + 88
23442 # 1504
23442 - 88 1
23443 # 1504
23444 # 1504
23445 # 1504
23446 # 1504
23447 # 1504
23447 + 1440
23448 # 1504
23448 - 1440 1
23449 # 1504
23450 # 1504
23451 # 1504
23452 # 1504
23453 # 1504
23454 # 1504
23455 # 1504
23456 # 1504
23456 + 1440
23457 # 1504
23457 - 1440 1
23458 # 1504
23459 # 1504
23460 # 1504
23461 # 1504
23462 # 1504
23463 # 1504
23464 # 1504
23464 + 1440
23465 # 1504
23465 - 1440 1
23466 # 1504
23467 # 1504
23468 # 1504
23469 # 1504
23470 # 1504
23471 # 1504
23471 + 1440
23471 + 88
23472 # 1504
23472 - 1440 1
23473 # 1504
23473 - 88 2
23474 # 1504
23475 # 1504
23476 # 1504
23477 # 1504
23477 + 1440
23478 # 1504
23478 - 1440 1
23478 + 88
23479 # 1504
23479 - 88 1
23480 # 1504
23481 # 1504
23482 # 1504
23483 # 1504
23483 + 1440
23484 # 1504
23484 - 1440 1
23485 # 1504
23486 # 1504
23487 # 1504
23488 # 1504
23489 # 1504
23489 + 1440
23490 # 1504
23490 - 1440 1
23491 # 1504
23492 # 1504
23492 + 88
23493 # 1504
23493 - 88 1
23494 # 1504
23495 # 1504
23495 + 1440
23496 # 1504
23496 - 1440 1
23497 # 1504
23498 # 1504
23499 # 1504
23500 # 1504
23501 # 1504
23502 # 1504
23502 + 1440
23503 # 1504
23503 - 1440 1
23504 # 1504
23505 # 1504
23506 # 1504
23506 + 88
23507 # 1504
23507 - 88 1
23508 # 1504
23508 + 1440
23509 # 1504
23509 - 1440 1
23510 # 1504
23511 # 1504
23512 # 1504
23513 # 1504
23514 # 1504
23514 + 1440
23515 # 1504
23515 - 1440 1
23516 # 1504
23517 # 1504
23518 # 1504
23518 + 88
23519 # 1504
23519 - 88 1
23520 # 1504
23520 + 1440
23521 # 1504
23521 - 1440 1
23522 # 1504
23523 # 1504
23524 # 1504
23525 # 1504
23526 # 1504
23527 # 1504
23527 + 1440
23528 # 1504
23528 - 1440 1
23529 # 1504
23530 # 1504
23530 + 88
23531 # 1504
23531 - 88 1
23532 # 1504
23533 # 1504
23534 # 1504
23535 # 1504
23536 # 1504
23537 # 1504
23538 # 1504
23539 # 1504
23540 # 1504
23541 # 1504
23541 + 1440
23542 # 1504
23542 - 1440 1
23543 # 1504
23544 # 1504
23545 # 1504
23546 # 1504
23547 # 1504
23548 # 1504
23548 + 88
23549 # 1504
23549 - 88 1
23550 # 1504
23551 # 1504
23552 # 1504
23553 # 1504
23554 # 1504
23555 # 1504
23555 + 1440
23556 # 1504
23556 - 1440 1
23557 # 1504
23558 # 1504
23559 # 1504
23560 # 1504
23561 # 1504
23562 # 1504
23563 # 1504
23564 # 1504
23565 # 1504
23566 # 1504
23567 # 1504
23568 # 1504
23569 # 1504
23569 + 1440
23570 # 1504
23570 - 1440 1
23571 # 1504
23572 # 1504
23572 + 88
23573 # 1504
23573 - 88 1
23574 # 1504
23575 # 1504
23576 # 1504
23577 # 1504
23578 # 1504
23579 # 1504
23580 # 1504
23581 # 1504
23582 # 1504
23583 # 1504
23583 + 1440
23584 # 1504
23584 - 1440 1
23584 + 88
23585 # 1504
23585 - 88 1
23586 # 1504
23587 # 1504
23588 # 1504
23589 # 1504
23590 # 1504
23591 # 1504
23592 # 1504
23593 # 1504
23594 # 1504
23595 # 1504
23596 # 1504
23597 # 1504
23597 + 1440
23598 # 1504
23598 - 1440 1
23598 + 88
23599 # 1504
23599 - 88 1
23600 # 1504
23601 # 1504
23602 # 1504
23603 # 1504
23604 # 1504
23605 # 1504
23606 # 1504
23607 # 1504
23608 # 1504
23609 # 1504
23610 # 1504
23611 # 1504
23611 + 1440
23612 # 1504
23612 - 1440 1
23613 # 1504
23614 # 1504
23614 + 88
23615 # 1504
23615 - 88 1
23616 # 1504
23617 # 1504
23618 # 1504
23619 # 1504
23620 # 1504
23621 # 1504
23622 # 1504
23623 # 1504
23624 # 1504
23625 # 1504
23625 + 1440
23626 # 1504
23626 - 1440 1
23627 # 1504
23628 # 1504
23628 + 88
23629 # 1504
23629 - 88 1
23630 # 1504
23631 # 1504
23632 # 1504
23633 # 1504
23634 # 1504
23635 # 1504
23636 # 1504
23637 # 1504
23638 # 1504
23639 # 1504
23639 + 1440
23640 # 1504
23640 - 1440 1
23641 # 1504
23641 + 88
23642 # 1504
23642 - 88 1
23643 # 1504
23644 # 1504
23645 # 1504
23646 # 1504
23647 # 1504
23648 # 1504
23649 # 1504
23650 # 1504
23651 # 1504
23652 # 1504
23653 # 1504
23653 + 1440
23654 # 1504
23654 - 1440 1
23655 # 1504
23656 # 1504
23656 + 88
23657 # 1504
23657 - 88 1
23658 # 1504
23659 # 1504
23660 # 1504
23661 # 1504
23662 # 1504
23663 # 1504
23664 # 1504
23665 # 1504
23666 # 1504
23667 # 1504
23667 + 1440
23668 # 1504
23668 - 1440 1
23669 # 1504
23670 # 1504
23671 # 1504
23672 # 1504
23673 # 1504
23673 + 1440
23674 # 1504
23674 - 1440 1
23675 # 1504
23676 # 1504
23677 # 1504
23678 # 1504
23679 # 1504
23679 + 1440
23680 # 1504
23680 - 1440 1
23681 # 1504
23682 # 1504
23683 # 1504
23684 # 1504
23685 # 1504
23686 # 1504
23686 + 1440
23687 # 1504
23687 - 1440 1
23688 # 1504
23689 # 1504
23689 + 88
23690 # 1504
23690 - 88 1
23691 # 1504
23692 # 1504
23692 + 1440
23693 # 1504
23693 - 1440 1
23694 # 1504
23695 # 1504
23696 # 1504
23697 # 1504
23698 # 1504
23698 + 1440
23699 # 1504
23699 - 1440 1
23700 # 1504
23701 # 1504
23702 # 1504
23702 + 88
23703 # 1504
23703 - 88 1
23704 # 1504
23704 + 1440
23705 # 1504
23705 - 1440 1
23706 # 1504
23707 # 1504
23708 # 1504
23709 # 1504
23710 # 1504
23711 # 1504
23711 + 1440
23712 # 1504
23712 - 1440 1
23713 # 1504
23714 # 1504
23714 + 88
23715 # 1504
23715 - 88 1
23716 # 1504
23717 # 1504
23717 + 1440
23718 # 1504
23718 - 1440 1
23719 # 1504
23720 # 1504
23721 # 1504
23722 # 1504
23723 # 1504
23723 + 1440
23724 # 1504
23724 - 1440 1
23725 # 1504
23726 # 1504
23727 # 1504
23728 # 1504
23728 + 88
23729 # 1504
23729 - 88 1
23729 + 1440
23730 # 1504
23730 - 1440 1
23731 # 1504
23732 # 1504
23733 # 1504
23734 # 1504
23735 # 1504
23736 # 1504
23737 # 1504
23738 # 1504
23739 # 1504
23740 # 1504
23741 # 1504
23742 # 1504
23743 # 1504
23743 + 1440
23744 # 1504
23744 - 1440 1
23745 # 1504
23746 # 1504
23747 # 1504
23748 # 1504
23749 # 1504
23750 # 1504
23750 + 88
23751 # 1504
23751 - 88 1
23752 # 1504
23753 # 1504
23754 # 1504
23755 # 1504
23756 # 1504
23757 # 1504
23757 + 1440
23758 # 1504
23758 - 1440 1
23759 # 1504
23760 # 1504
23760 + 88
23761 # 1504
23761 - 88 1
23762 # 1504
23763 # 1504
23764 # 1504
23765 # 1504
23766 # 1504
23767 # 1504
23768 # 1504
23769 # 1504
23770 # 1504
23771 # 1504
23771 + 1440
23772 # 1504
23772 - 1440 1
23773 # 1504
23774 # 1504
23774 + 88
23775 # 1504
23775 - 88 1
23776 # 1504
23777 # 1504
23778 # 1504
23779 # 1504
23780 # 1504
23781 # 1504
23782 # 1504
23783 # 1504
23784 # 1504
23785 # 1504
23785 + 1440
23786 # 1504
23786 - 1440 1
23787 # 1504
23788 # 1504
23789 # 1504
23790 # 1504
23790 + 88
23791 # 1504
23791 - 88 1
23792 # 1504
23793 # 1504
23794 # 1504
23795 # 1504
23796 # 1504
23797 # 1504
23798 # 1504
23799 # 1504
23800 # 1504
23800 + 1440
23801 # 1504
23801 - 1440 1
23802 # 1504
23803 # 1504
23804 # 1504
23805 # 1504
23806 # 1504
23807 # 1504
23808 # 1504
23809 # 1504
23810 # 1504
23811 # 1504
23812 # 1504
23813 # 1504
23814 # 1504
23814 + 1440
23814 + 88
23815 # 1504
23815 - 1440 1
23816 # 1504
23816 - 88 2
23817 # 1504
23818 # 1504
23819 # 1504
23820 # 1504
23821 # 1504
23822 # 1504
23823 # 1504
23824 # 1504
23825 # 1504
23826 # 1504
23827 # 1504
23828 # 1504
23828 + 1440
23829 # 1504
23829 - 1440 1
23830 # 1504
23831 # 1504
23832 # 1504
23833 # 1504
23834 # 1504
23835 # 1504
23836 # 1504
23837 # 1504
23838 # 1504
23839 # 1504
23840 # 1504
23841 # 1504
23842 # 1504
23842 + 1440
23842 + 88
23843 # 1504
23843 - 1440 1
23844 # 1504
23844 - 88 2
23845 # 1504
23846 # 1504
23847 # 1504
23848 # 1504
23849 # 1504
23850 # 1504
23851 # 1504
23852 # 1504
23853 # 1504
23854 # 1504
23855 # 1504
23856 # 1504
23856 + 1096
23857 # 1504
23857 - 1096 1
23858 # 1504
23859 # 1504
23860 # 1504
23861 # 1504
23862 # 1504
23863 # 1504
23864 # 1504
23865 # 1504
23866 # 1504
23866 + 88
23867 # 1504
23867 - 88 1
23868 # 1504
23868 + 88
23869 # 1504
23869 - 88 1
23869 + 1440
23870 # 1504
23870 - 1440 1
23871 # 1504
23872 # 1504
23873 # 1504
23874 # 1504
23875 # 1504
23876 # 1504
23877 # 1504
23878 # 1504
23878 + 1440
23879 # 1504
23879 - 1440 1
23880 # 1504
23881 # 1504
23881 + 88
23882 # 1504
23882 - 88 1
23883 # 1504
23884 # 1504
23885 # 1504
23886 # 1504
23887 # 1504
23887 + 1440
23888 # 1504
23888 - 1440 1
23889 # 1504
23890 # 1504
23891 # 1504
23892 # 1504
23893 # 1504
23894 # 1504
23895 # 1504
23895 + 1440
23896 # 1504
23896 - 1440 1
23897 # 1504
23898 # 1504
23899 # 1504
23900 # 1504
23901 # 1504
23902 # 1504
23903 # 1504
23904 # 1504
23904 + 1440
23905 # 1504
23905 - 1440 1
23906 # 1504
23907 # 1504
23908 # 1504
23909 # 1504
23910 # 1504
23911 # 1504
23912 # 1504
23913 # 1504
23913 + 1440
23913 + 88
23914 # 1504
23914 - 1440 1
23915 # 1504
23915 - 88 2
23916 # 1504
23916 + 88
23917 # 1504
23917 - 88 1
23918 # 1504
23919 # 1504
23920 # 1504
23921 # 1504
23921 + 1440
23922 # 1504
23922 - 1440 1
23923 # 1504
23924 # 1504
23925 # 1504
23926 # 1504
23927 # 1504
23928 # 1504
23929 # 1504
23930 # 1504
23930 + 1440
23931 # 1504
23931 - 1440 1
23932 # 1504
23933 # 1504
23934 # 1504
23934 + 88
23935 # 1504
23935 - 88 1
23936 # 1504
23937 # 1504
23938 # 1504
23939 # 1504
23939 + 1440
23940 # 1504
23940 - 1440 1
23941 # 1504
23942 # 1504
23943 # 1504
23944 # 1504
23945 # 1504
23946 # 1504
23947 # 1504
23947 + 1440
23948 # 1504
23948 - 1440 1
23949 # 1504
23950 # 1504
23951 # 1504
23952 # 1504
23952 + 88
23953 # 1504
23953 - 88 1
23954 # 1504
23955 # 1504
23956 # 1504
23956 + 1440
23957 # 1504
23957 - 1440 1
23958 # 1504
23959 # 1504
23960 # 1504
23961 # 1504
23962 # 1504
23962 + 1440
23963 # 1504
23963 - 1440 1
23964 # 1504
23965 # 1504
23966 # 1504
23967 # 1504
23968 # 1504
23969 # 1504
23969 + 1440
23969 + 88
23970 # 1504
23970 - 1440 1
23971 # 1504
23971 - 88 2
23972 # 1504
23973 # 1504
23974 # 1504
23975 # 1504
23975 + 1440
23976 # 1504
23976 - 1440 1
23977 # 1504
23978 # 1504
23979 # 1504
23980 # 1504
23981 # 1504
23981 + 1440
23982 # 1504
23982 - 1440 1
23983 # 1504
23984 # 1504
23985 # 1504
23986 # 1504
23987 # 1504
23987 + 1440
23988 # 1504
23988 - 1440 1
23989 # 1504
23990 # 1504
23991 # 1504
23992 # 1504
23993 # 1504
23993 + 1440
23994 # 1504
23994 - 1440 1
23995 # 1504
23996 # 1504
23997 # 1504
23998 # 1504
23999 # 1504
23999 + 88
24000 # 1504
24000 - 88 1
24000 + 1440
24001 # 1504
24001 - 1440 1
24002 # 1504
24003 # 1504
24004 # 1504
24005 # 1504
24006 # 1504
24006 + 1440
24007 # 1504
24007 - 1440 1
24008 # 1504
24009 # 1504
24009 + 88
24010 # 1504
24010 - 88 1
24011 # 1504
24012 # 1504
24012 + 1440
24013 # 1504
24013 - 1440 1
24014 # 1504
24015 # 1504
24016 # 1504
24017 # 1504
24018 # 1504
24018 + 1440
24019 # 1504
24019 - 1440 1
24020 # 1504
24021 # 1504
24021 + 88
24022 # 1504
24022 - 88 1
24023 # 1504
24024 # 1504
24024 + 1440
24025 # 1504
24025 - 1440 1
24026 # 1504
24027 # 1504
24028 # 1504
24029 # 1504
24030 # 1504
24031 # 1504
24031 + 1440
24032 # 1504
24032 - 1440 1
24033 # 1504
24034 # 1504
24035 # 1504
24036 # 1504
24037 # 1504
24037 + 1440
24037 + 88
24038 # 1504
24038 - 1440 1
24039 # 1504
24039 - 88 2
24040 # 1504
24041 # 1504
24042 # 1504
24043 # 1504
24043 + 1440
24044 # 1504
24044 - 1440 1
24045 # 1504
24046 # 1504
24047 # 1504
24048 # 1504
24049 # 1504
24050 # 1504
24050 + 1440
24050 + 88
24051 # 1504
24051 - 1440 1
24052 # 1504
24052 - 88 2
24053 # 1504
24054 # 1504
24055 # 1504
24056 # 1504
24056 + 1440
24057 # 1504
24057 - 1440 1
24058 # 1504
24059 # 1504
24060 # 1504
24061 # 1504
24062 # 1504
24062 + 1440
24062 + 88
24063 # 1504
24063 - 1440 1
24064 # 1504
24064 - 88 2
24065 # 1504
24066 # 1504
24067 # 1504
24068 # 1504
24068 + 1440
24069 # 1504
24069 - 1440 1
24070 # 1504
24071 # 1504
24072 # 1504
24072 + 88
24073 # 1504
24073 - 88 1
24074 # 1504
24075 # 1504
24075 + 1440
24076 # 1504
24076 - 1440 1
24077 # 1504
24078 # 1504
24079 # 1504
24080 # 1504
24081 # 1504
24081 + 1440
24082 # 1504
24082 - 1440 1
24083 # 1504
24084 # 1504
24084 + 88
24085 # 1504
24085 - 88 1
24085 + 1440
24086 # 1504
24086 - 1440 1
24087 # 1504
24088 # 1504
24089 # 1504
24090 # 1504
24090 + 1440
24091 # 1504
24091 - 1440 1
24092 # 1504
24093 # 1504
24093 + 88
24094 # 1504
24094 - 88 1
24095 # 1504
24095 + 1440
24096 # 1504
24096 - 1440 1
24097 # 1504
24098 # 1504
24099 # 1504
24100 # 1504
24100 + 1440
24101 # 1504
24101 - 1440 1
24102 # 1504
24103 # 1504
24104 # 1504
24104 + 88
24105 # 1504
24105 - 88 1
24105 + 1440
24106 # 1504
24106 - 1440 1
24107 # 1504
24108 # 1504
24109 # 1504
24110 # 1504
24110 + 1440
24111 # 1504
24111 - 1440 1
24112 # 1504
24113 # 1504
24114 # 1504
24115 # 1504
24115 + 1440
24116 # 1504
24116 - 1440 1
24117 # 1504
24117 + 88
24118 # 1504
24118 - 88 1
24119 # 1504
24120 # 1504
24120 + 1440
24121 # 1504
24121 - 1440 1
24122 # 1504
24123 # 1504
24124 # 1504
24124 + 1440
24125 # 1504
24125 - 1440 1
24126 # 1504
24127 # 1504
24128 # 1504
24129 # 1504
24129 + 1440
24130 # 1504
24130 - 1440 1
24131 # 1504
24132 # 1504
24132 + 88
24133 # 1504
24133 - 88 1
24134 # 1504
24134 + 1440
24135 # 1504
24135 - 1440 1
24136 # 1504
24137 # 1504
24138 # 1504
24139 # 1504
24140 # 1504
24141 # 1504
24141 + 1440
24142 # 1504
24142 - 1440 1
24143 # 1504
24144 # 1504
24145 # 1504
24146 # 1504
24147 # 1504
24147 + 1440
24147 + 88
24148 # 1504
24148 - 1440 1
24149 # 1504
24149 - 88 2
24150 # 1504
24151 # 1504
24152 # 1504
24153 # 1504
24153 + 1440
24154 # 1504
24154 - 1440 1
24155 # 1504
24156 # 1504
24157 # 1504
24158 # 1504
24159 # 1504
24159 + 1440
24160 # 1504
24160 - 1440 1
24161 # 1504
24162 # 1504
24163 # 1504
24164 # 1504
24165 # 1504
24166 # 1504
24166 + 1440
24167 # 1504
24167 - 1440 1
24167 + 88
24168 # 1504
24168 - 88 1
24169 # 1504
24170 # 1504
24171 # 1504
24172 # 1504
24172 + 1440
24173 # 1504
24173 - 1440 1
24174 # 1504
24175 # 1504
24176 # 1504
24177 # 1504
24178 # 1504
24178 + 1440
24179 # 1504
24179 - 1440 1
24180 # 1504
24181 # 1504
24181 + 88
24182 # 1504
24182 - 88 1
24183 # 1504
24184 # 1504
24184 + 1440
24185 # 1504
24185 - 1440 1
24186 # 1504
24187 # 1504
24188 # 1504
24189 # 1504
24190 # 1504
24191 # 1504
24191 + 1440
24192 # 1504
24192 - 1440 1
24193 # 1504
24194 # 1504
24194 + 88
24195 # 1504
24195 - 88 1
24196 # 1504
24197 # 1504
24198 # 1504
24199 # 1504
24199 + 1440
24200 # 1504
24200 - 1440 1
24201 # 1504
24202 # 1504
24203 # 1504
24204 # 1504
24205 # 1504
24206 # 1504
24207 # 1504
24208 # 1504
24208 + 1440
24209 # 1504
24209 - 1440 1
24210 # 1504
24211 # 1504
24212 # 1504
24213 # 1504
24214 # 1504
24215 # 1504
24215 + 88
24216 # 1504
24216 - 88 1
24216 + 1440
24217 # 1504
24217 - 1440 1
24218 # 1504
24219 # 1504
24220 # 1504
24221 # 1504
24222 # 1504
24223 # 1504
24224 # 1504
24225 # 1504
24225 + 1440
24226 # 1504
24226 - 1440 1
24227 # 1504
24228 # 1504
24229 # 1504
24230 # 1504
24230 + 88
24231 # 1504
24231 - 88 1
24232 # 1504
24233 # 1504
24234 # 1504
24234 + 1440
24235 # 1504
24235 - 1440 1
24236 # 1504
24237 # 1504
24238 # 1504
24239 # 1504
24240 # 1504
24241 # 1504
24242 # 1504
24242 + 1440
24243 # 1504
24243 - 1440 1
24244 # 1504
24245 # 1504
24246 # 1504
24247 # 1504
24248 # 1504
24249 # 1504
24250 # 1504
24251 # 1504
24251 + 1440
24252 # 1504
24252 - 1440 1
24253 # 1504
24253 + 88
24254 # 1504
24254 - 88 1
24255 # 1504
24256 # 1504
24257 # 1504
24258 # 1504
24259 # 1504
24260 # 1504
24260 + 1440
24261 # 1504
24261 - 1440 1
24262 # 1504
24263 # 1504
24264 # 1504
24265 # 1504
24266 # 1504
24267 # 1504
24268 # 1504
24268 + 1440
24269 # 1504
24269 - 1440 1
24270 # 1504
24270 + 88
24271 # 1504
24271 - 88 1
24272 # 1504
24273 # 1504
24274 # 1504
24275 # 1504
24276 # 1504
24277 # 1504
24277 + 1440
24278 # 1504
24278 - 1440 1
24279 # 1504
24280 # 1504
24280 + 88
24281 # 1504
24281 - 88 1
24282 # 1504
24282 + 1440
24283 # 1504
24283 - 1440 1
24284 # 1504
24285 # 1504
24286 # 1504
24287 # 1504
24287 + 1440
24288 # 1504
24288 - 1440 1
24289 # 1504
24290 # 1504
24291 # 1504
24292 # 1504
24292 + 1440
24293 # 1504
24293 - 1440 1
24294 # 1504
24294 + 88
24295 # 1504
24295 - 88 1
24296 # 1504
24296 + 1440
24297 # 1504
24297 - 1440 1
24298 # 1504
24299 # 1504
24300 # 1504
24301 # 1504
24302 # 1504
24302 + 1440
24303 # 1504
24303 - 1440 1
24304 # 1504
24305 # 1504
24305 + 88
24306 # 1504
24306 - 88 1
24306 + 1440
24307 # 1504
24307 - 1440 1
24308 # 1504
24309 # 1504
24310 # 1504
24311 # 1504
24311 + 1440
24312 # 1504
24312 - 1440 1
24313 # 1504
24314 # 1504
24315 # 1504
24316 # 1504
24316 + 1440
24317 # 1504
24317 - 1440 1
24318 # 1504
24319 # 1504
24319 + 88
24320 # 1504
24320 - 88 1
24321 # 1504
24321 + 1440
24322 # 1504
24322 - 1440 1
24323 # 1504
24324 # 1504
24325 # 1504
24326 # 1504
24326 + 1440
24327 # 1504
24327 - 1440 1
24328 # 1504
24329 # 1504
24330 # 1504
24331 # 1504
24332 # 1504
24332 + 88
24333 # 1504
24333 - 88 1
24334 # 1504
24334 + 1440
24335 # 1504
24335 - 1440 1
24336 # 1504
24337 # 1504
24338 # 1504
24339 # 1504
24340 # 1504
24341 # 1504
24342 # 1504
24343 # 1504
24343 + 1440
24344 # 1504
24344 - 1440 1
24345 # 1504
24346 # 1504
24346 + 88
24347 # 1504
24347 - 88 1
24348 # 1504
24349 # 1504
24350 # 1504
24351 # 1504
24352 # 1504
24352 + 1096
24353 # 1504
24353 - 1096 1
24354 # 1504
24355 # 1504
24356 # 1504
24357 # 1504
24358 # 1504
24359 # 1504
24360 # 1504
24360 + 88
24360 + 1440
24361 # 1504
24361 - 88 1
24362 # 1504
24362 - 1440 2
24363 # 1504
24364 # 1504
24365 # 1504
24366 # 1504
24367 # 1504
24368 # 1504
24369 # 1504
24369 + 1440
24370 # 1504
24370 - 1440 1
24371 # 1504
24372 # 1504
24373 # 1504
24374 # 1504
24374 + 88
24375 # 1504
24375 - 88 1
24376 # 1504
24377 # 1504
24378 # 1504
24378 + 1440
24379 # 1504
24379 - 1440 1
24380 # 1504
24381 # 1504
24382 # 1504
24383 # 1504
24384 # 1504
24385 # 1504
24386 # 1504
24386 + 1440
24387 # 1504
24387 - 1440 1
24388 # 1504
24389 # 1504
24389 + 88
24390 # 1504
24390 - 88 1
24391 # 1504
24392 # 1504
24393 # 1504
24394 # 1504
24395 # 1504
24395 + 1440
24396 # 1504
24396 - 1440 1
24397 # 1504
24398 # 1504
24399 # 1504
24400 # 1504
24401 # 1504
24402 # 1504
24403 # 1504
24403 + 1440
24404 # 1504
24404 - 1440 1
24405 # 1504
24406 # 1504
24407 # 1504
24408 # 1504
24409 # 1504
24410 # 1504
24411 # 1504
24412 # 1504
24412 + 1440
24413 # 1504
24413 - 1440 1
24414 # 1504
24415 # 1504
24416 # 1504
24417 # 1504
24417 + 1440
24417 + 88
24418 # 1504
24418 - 1440 1
24419 # 1504
24419 - 88 2
24420 # 1504
24421 # 1504
24422 # 1504
24422 + 1440
24423 # 1504
24423 - 1440 1
24424 # 1504
24425 # 1504
24426 # 1504
24427 # 1504
24427 + 1440
24428 # 1504
24428 - 1440 1
24429 # 1504
24430 # 1504
24431 # 1504
24432 # 1504
24432 + 1440
24432 + 88
24433 # 1504
24433 - 1440 1
24434 # 1504
24434 - 88 2
24435 # 1504
24436 # 1504
24436 + 1440
24437 # 1504
24437 - 1440 1
24438 # 1504
24439 # 1504
24440 # 1504
24441 # 1504
24441 + 1440
24442 # 1504
24442 - 1440 1
24443 # 1504
24444 # 1504
24445 # 1504
24446 # 1504
24446 + 1440
24446 + 88
24447 # 1504
24447 - 1440 1
24448 # 1504
24448 - 88 2
24449 # 1504
24450 # 1504
24451 # 1504
24451 + 1440
24452 # 1504
24452 - 1440 1
24453 # 1504
24454 # 1504
24455 # 1504
24456 # 1504
24456 + 1440
24457 # 1504
24457 - 1440 1
24457 + 88
24458 # 1504
24458 - 88 1
24459 # 1504
24460 # 1504
24461 # 1504
24461 + 1440
24462 # 1504
24462 - 1440 1
24463 # 1504
24464 # 1504
24465 # 1504
24466 # 1504
24467 # 1504
24467 + 1440
24468 # 1504
24468 - 1440 1
24469 # 1504
24470 # 1504
24471 # 1504
24472 # 1504
24473 # 1504
24473 + 1440
24474 # 1504
24474 - 1440 1
24475 # 1504
24475 + 88
24476 # 1504
24476 - 88 1
24477 # 1504
24478 # 1504
24479 # 1504
24480 # 1504
24480 + 1440
24481 # 1504
24481 - 1440 1
24482 # 1504
24483 # 1504
24484 # 1504
24485 # 1504
24486 # 1504
24486 + 1440
24487 # 1504
24487 - 1440 1
24488 # 1504
24489 # 1504
24490 # 1504
24490 + 88
24491 # 1504
24491 - 88 1
24492 # 1504
24492 + 1440
24493 # 1504
24493 - 1440 1
24494 # 1504
24495 # 1504
24496 # 1504
24497 # 1504
24498 # 1504
24498 + 1440
24499 # 1504
24499 - 1440 1
24500 # 1504
24501 # 1504
24501 + 88
24502 # 1504
24502 - 88 1
24503 # 1504
24504 # 1504
24505 # 1504
24505 + 1440
24506 # 1504
24506 - 1440 1
24507 # 1504
24508 # 1504
24509 # 1504
24510 # 1504
24511 # 1504
24511 + 1440
24512 # 1504
24512 - 1440 1
24513 # 1504
24514 # 1504
24515 # 1504
24516 # 1504
24516 + 88
24517 # 1504
24517 - 88 1
24517 + 1440
24518 # 1504
24518 - 1440 1
24519 # 1504
24520 # 1504
24521 # 1504
24522 # 1504
24523 # 1504
24523 + 1440
24524 # 1504
24524 - 1440 1
24525 # 1504
24526 # 1504
24526 + 88
24527 # 1504
24527 - 88 1
24528 # 1504
24528 + 1440
24529 # 1504
24529 - 1440 1
24530 # 1504
24531 # 1504
24532 # 1504
24533 # 1504
24533 + 1440
24534 # 1504
24534 - 1440 1
24535 # 1504
24536 # 1504
24537 # 1504
24538 # 1504
24538 + 1440
24539 # 1504
24539 - 1440 1
24540 # 1504
24540 + 88
24541 # 1504
24541 - 88 1
24542 # 1504
24543 # 1504
24543 + 1440
24544 # 1504
24544 - 1440 1
24545 # 1504
24546 # 1504
24547 # 1504
24548 # 1504
24548 + 1440
24549 # 1504
24549 - 1440 1
24550 # 1504
24551 # 1504
24552 # 1504
24552 + 1440
24553 # 1504
24553 - 1440 1
24554 # 1504
24555 # 1504
24556 # 1504
24557 # 1504
24557 + 1440
24558 # 1504
24558 - 1440 1
24558 + 88
24559 # 1504
24559 - 88 1
24560 # 1504
24561 # 1504
24562 # 1504
24562 + 1440
24563 # 1504
24563 - 1440 1
24564 # 1504
24565 # 1504
24566 # 1504
24567 # 1504
24567 + 1440
24568 # 1504
24568 - 1440 1
24569 # 1504
24570 # 1504
24570 + 88
24571 # 1504
24571 - 88 1
24572 # 1504
24572 + 1440
24573 # 1504
24573 - 1440 1
24574 # 1504
24575 # 1504
24576 # 1504
24577 # 1504
24577 + 1440
24578 # 1504
24578 - 1440 1
24579 # 1504
24580 # 1504
24581 # 1504
24582 # 1504
24583 # 1504
24583 + 1440
24584 # 1504
24584 - 1440 1
24585 # 1504
24586 # 1504
24587 # 1504
24588 # 1504
24588 + 88
24589 # 1504
24589 - 88 1
24589 + 1440
24590 # 1504
24590 - 1440 1
24591 # 1504
24592 # 1504
24593 # 1504
24594 # 1504
24595 # 1504
24596 # 1504
24596 + 1440
24597 # 1504
24597 - 1440 1
24598 # 1504
24598 + 88
24599 # 1504
24599 - 88 1
24600 # 1504
24601 # 1504
24602 # 1504
24602 + 1440
24603 # 1504
24603 - 1440 1
24604 # 1504
24605 # 1504
24606 # 1504
24607 # 1504
24608 # 1504
24608 + 1440
24609 # 1504
24609 - 1440 1
24610 # 1504
24611 # 1504
24612 # 1504
24612 + 88
24613 # 1504
24613 - 88 1
24614 # 1504
24614 + 1440
24615 # 1504
24615 - 1440 1
24616 # 1504
24617 # 1504
24618 # 1504
24619 # 1504
24620 # 1504
24621 # 1504
24621 + 1440
24622 # 1504
24622 - 1440 1
24623 # 1504
24624 # 1504
24624 + 88
24625 # 1504
24625 - 88 1
24626 # 1504
24627 # 1504
24627 + 1440
24628 # 1504
24628 - 1440 1
24629 # 1504
24630 # 1504
24631 # 1504
24632 # 1504
24633 # 1504
24633 + 1440
24634 # 1504
24634 - 1440 1
24635 # 1504
24636 # 1504
24637 # 1504
24637 + 88
24638 # 1504
24638 - 88 1
24639 # 1504
24640 # 1504
24641 # 1504
24642 # 1504
24642 + 1440
24643 # 1504
24643 - 1440 1
24644 # 1504
24645 # 1504
24646 # 1504
24647 # 1504
24648 # 1504
24649 # 1504
24650 # 1504
24650 + 1440
24651 # 1504
24651 - 1440 1
24652 # 1504
24653 # 1504
24654 # 1504
24654 + 88
24655 # 1504
24655 - 88 1
24656 # 1504
24657 # 1504
24658 # 1504
24659 # 1504
24659 + 1440
24660 # 1504
24660 - 1440 1
24661 # 1504
24662 # 1504
24663 # 1504
24664 # 1504
24665 # 1504
24666 # 1504
24667 # 1504
24668 # 1504
24668 + 1440
24669 # 1504
24669 - 1440 1
24670 # 1504
24671 # 1504
24672 # 1504
24673 # 1504
24674 # 1504
24675 # 1504
24676 # 1504
24676 + 1440
24677 # 1504
24677 - 1440 1
24678 # 1504
24679 # 1504
24680 # 1504
24680 + 88
24681 # 1504
24681 - 88 1
24682 # 1504
24683 # 1504
24684 # 1504
24685 # 1504
24685 + 1440
24686 # 1504
24686 - 1440 1
24687 # 1504
24688 # 1504
24689 # 1504
24690 # 1504
24691 # 1504
24692 # 1504
24693 # 1504
24694 # 1504
24694 + 1440
24695 # 1504
24695 - 1440 1
24696 # 1504
24697 # 1504
24698 # 1504
24698 + 88
24699 # 1504
24699 - 88 1
24700 # 1504
24701 # 1504
24702 # 1504
24702 + 1440
24703 # 1504
24703 - 1440 1
24704 # 1504
24705 # 1504
24706 # 1504
24707 # 1504
24708 # 1504
24709 # 1504
24710 # 1504
24711 # 1504
24711 + 1440
24712 # 1504
24712 - 1440 1
24713 # 1504
24714 # 1504
24715 # 1504
24716 # 1504
24717 # 1504
24718 # 1504
24719 # 1504
24720 # 1504
24720 + 1440
24720 + 88
24721 # 1504
24721 - 1440 1
24722 # 1504
24722 - 88 2
24723 # 1504
24724 # 1504
24724 + 1440
24725 # 1504
24725 - 1440 1
24726 # 1504
24727 # 1504
24728 # 1504
24729 # 1504
24729 + 1440
24730 # 1504
24730 - 1440 1
24730 + 88
24731 # 1504
24731 - 88 1
24732 # 1504
24733 # 1504
24734 # 1504
24734 + 1440
24735 # 1504
24735 - 1440 1
24736 # 1504
24737 # 1504
24737 + 88
24738 # 1504
24738 - 88 1
24739 # 1504
24739 + 1440
24740 # 1504
24740 - 1440 1
24741 # 1504
24742 # 1504
24743 # 1504
24744 # 1504
24744 + 1440
24745 # 1504
24745 - 1440 1
24746 # 1504
24747 # 1504
24748 # 1504
24748 + 88
24749 # 1504
24749 - 88 1
24749 + 1440
24750 # 1504
24750 - 1440 1
24751 # 1504
24752 # 1504
24753 # 1504
24754 # 1504
24754 + 1440
24755 # 1504
24755 - 1440 1
24756 # 1504
24757 # 1504
24758 # 1504
24758 + 88
24759 # 1504
24759 - 88 1
24759 + 1440
24760 # 1504
24760 - 1440 1
24761 # 1504
24762 # 1504
24763 # 1504
24763 + 1440
24764 # 1504
24764 - 1440 1
24765 # 1504
24766 # 1504
24767 # 1504
24768 # 1504
24768 + 1440
24769 # 1504
24769 - 1440 1
24770 # 1504
24771 # 1504
24771 + 88
24772 # 1504
24772 - 88 1
24773 # 1504
24774 # 1504
24775 # 1504
24776 # 1504
24777 # 1504
24777 + 1440
24778 # 1504
24778 - 1440 1
24779 # 1504
24780 # 1504
24781 # 1504
24782 # 1504
24783 # 1504
24784 # 1504
24785 # 1504
24786 # 1504
24786 + 1440
24787 # 1504
24787 - 1440 1
24788 # 1504
24789 # 1504
24790 # 1504
24791 # 1504
24792 # 1504
24793 # 1504
24794 # 1504
24794 + 1440
24795 # 1504
24795 - 1440 1
24796 # 1504
24797 # 1504
24798 # 1504
24799 # 1504
24800 # 1504
24800 + 88
24801 # 1504
24801 - 88 1
24802 # 1504
24803 # 1504
24803 + 1440
24804 # 1504
24804 - 1440 1
24805 # 1504
24806 # 1504
24807 # 1504
24808 # 1504
24809 # 1504
24810 # 1504
24811 # 1504
24812 # 1504
24812 + 1440
24813 # 1504
24813 - 1440 1
24814 # 1504
24815 # 1504
24816 # 1504
24817 # 1504
24818 # 1504
24819 # 1504
24819 + 88
24820 # 1504
24820 - 88 1
24820 + 1440
24821 # 1504
24821 - 1440 1
24822 # 1504
24823 # 1504
24824 # 1504
24825 # 1504
24826 # 1504
24827 # 1504
24828 # 1504
24829 # 1504
24829 + 1096
24830 # 1504
24830 - 1096 1
24831 # 1504
24832 # 1504
24832 + 88
24833 # 1504
24833 - 88 1
24834 # 1504
24835 # 1504
24836 # 1504
24837 # 1504
24837 + 1440
24838 # 1504
24838 - 1440 1
24839 # 1504
24840 # 1504
24841 # 1504
24842 # 1504
24843 # 1504
24844 # 1504
24845 # 1504
24846 # 1504
24846 + 1440
24847 # 1504
24847 - 1440 1
24848 # 1504
24849 # 1504
24849 + 88
24850 # 1504
24850 - 88 1
24851 # 1504
24852 # 1504
24853 # 1504
24854 # 1504
24855 # 1504
24855 + 1440
24856 # 1504
24856 - 1440 1
24857 # 1504
24858 # 1504
24859 # 1504
24860 # 1504
24860 + 1440
24861 # 1504
24861 - 1440 1
24862 # 1504
24863 # 1504
24864 # 1504
24864 + 1440
24865 # 1504
24865 - 1440 1
24866 # 1504
24867 # 1504
24868 # 1504
24868 + 88
24869 # 1504
24869 - 88 1
24869 + 1440
24870 # 1504
24870 - 1440 1
24871 # 1504
24872 # 1504
24873 # 1504
24874 # 1504
24874 + 1440
24875 # 1504
24875 - 1440 1
24876 # 1504
24877 # 1504
24877 + 88
24878 # 1504
24878 - 88 1
24879 # 1504
24879 + 1440
24880 # 1504
24880 - 1440 1
24881 # 1504
24882 # 1504
24883 # 1504
24884 # 1504
24884 + 1440
24885 # 1504
24885 - 1440 1
24886 # 1504
24887 # 1504
24887 + 88
24888 # 1504
24888 - 88 1
24889 # 1504
24889 + 1440
24890 # 1504
24890 - 1440 1
24891 # 1504
24892 # 1504
24893 # 1504
24894 # 1504
24894 + 1440
24895 # 1504
24895 - 1440 1
24896 # 1504
24897 # 1504
24898 # 1504
24898 + 88
24899 # 1504
24899 - 88 1
24899 + 1440
24900 # 1504
24900 - 1440 1
24901 # 1504
24902 # 1504
24903 # 1504
24903 + 1440
24904 # 1504
24904 - 1440 1
24905 # 1504
24906 # 1504
24907 # 1504
24908 # 1504
24909 # 1504
24910 # 1504
24910 + 1440
24911 # 1504
24911 - 1440 1
24912 # 1504
24913 # 1504
24913 + 88
24914 # 1504
24914 - 88 1
24915 # 1504
24916 # 1504
24916 + 1440
24917 # 1504
24917 - 1440 1
24918 # 1504
24919 # 1504
24920 # 1504
24921 # 1504
24922 # 1504
24922 + 1440
24923 # 1504
24923 - 1440 1
24924 # 1504
24925 # 1504
24926 # 1504
24927 # 1504
24928 # 1504
24928 + 1440
24929 # 1504
24929 - 1440 1
24930 # 1504
24931 # 1504
24932 # 1504
24932 + 88
24933 # 1504
24933 - 88 1
24934 # 1504
24935 # 1504
24935 + 1440
24936 # 1504
24936 - 1440 1
24937 # 1504
24938 # 1504
24939 # 1504
24940 # 1504
24941 # 1504
24941 + 1440
24942 # 1504
24942 - 1440 1
24943 # 1504
24944 # 1504
24945 # 1504
24946 # 1504
24947 # 1504
24947 + 1440
24947 + 88
24948 # 1504
24948 - 1440 1
24949 # 1504
24949 - 88 2
24950 # 1504
24951 # 1504
24952 # 1504
24953 # 1504
24953 + 1440
24954 # 1504
24954 - 1440 1
24954 + 88
24955 # 1504
24955 - 88 1
24956 # 1504
24957 # 1504
24958 # 1504
24959 # 1504
24960 # 1504
24960 + 1440
24961 # 1504
24961 - 1440 1
24962 # 1504
24963 # 1504
24964 # 1504
24965 # 1504
24966 # 1504
24966 + 1440
24967 # 1504
24967 - 1440 1
24967 + 88
24968 # 1504
24968 - 88 1
24969 # 1504
24970 # 1504
24971 # 1504
24971 + 1440
24972 # 1504
24972 - 1440 1
24973 # 1504
24974 # 1504
24975 # 1504
24976 # 1504
24976 + 1440
24977 # 1504
24977 - 1440 1
24978 # 1504
24979 # 1504
24980 # 1504
24981 # 1504
24981 + 1440
24982 # 1504
24982 - 1440 1
24983 # 1504
24983 + 88
24984 # 1504
24984 - 88 1
24985 # 1504
24985 + 1440
24986 # 1504
24986 - 1440 1
24987 # 1504
24988 # 1504
24989 # 1504
24990 # 1504
24990 + 1440
24991 # 1504
24991 - 1440 1
24992 # 1504
24993 # 1504
24994 # 1504
24995 # 1504
24995 + 1440
24995 + 88
24996 # 1504
24996 - 1440 1
24997 # 1504
24997 - 88 2
24998 # 1504
24999 # 1504
25000 # 1504
25000 + 1440
25001 # 1504
25001 - 1440 1
25002 # 1504
25003 # 1504
25004 # 1504
25005 # 1504
25005 + 1440
25006 # 1504
25006 - 1440 1
25007 # 1504
25008 # 1504
25009 # 1504
25009 + 88
25010 # 1504
25010 - 88 1
25010 + 1440
25011 # 1504
25011 - 1440 1
25012 # 1504
25013 # 1504
25014 # 1504
25015 # 1504
25015 + 1440
25016 # 1504
25016 - 1440 1
25017 # 1504
25018 # 1504
25019 # 1504
25020 # 1504
25020 + 1440
25021 # 1504
25021 - 1440 1
25022 # 1504
25022 + 88
25023 # 1504
25023 - 88 1
25024 # 1504
25024 + 1440
25025 # 1504
25025 - 1440 1
25026 # 1504
25027 # 1504
25028 # 1504
25029 # 1504
25029 + 1440
25030 # 1504
25030 - 1440 1
25031 # 1504
25032 # 1504
25032 + 88
25033 # 1504
25033 - 88 1
25034 # 1504
25034 + 1440
25035 # 1504
25035 - 1440 1
25036 # 1504
25037 # 1504
25038 # 1504
25039 # 1504
25039 + 1440
25040 # 1504
25040 - 1440 1
25041 # 1504
25042 # 1504
25043 # 1504
25044 # 1504
25044 + 1440
25045 # 1504
25045 - 1440 1
25046 # 1504
25047 # 1504
25048 # 1504
25048 + 88
25049 # 1504
25049 - 88 1
25049 + 1440
25050 # 1504
25050 - 1440 1
25051 # 1504
25052 # 1504
25053 # 1504
25054 # 1504
25054 + 1440
25055 # 1504
25055 - 1440 1
25056 # 1504
25057 # 1504
25058 # 1504
25059 # 1504
25059 + 1440
25059 + 88
25060 # 1504
25060 - 1440 1
25061 # 1504
25061 - 88 2
25062 # 1504
25063 # 1504
25063 + 1440
25064 # 1504
25064 - 1440 1
25065 # 1504
25066 # 1504
25067 # 1504
25067 + 1440
25068 # 1504
25068 - 1440 1
25069 # 1504
25070 # 1504
25070 + 88
25071 # 1504
25071 - 88 1
25071 + 1440
25072 # 1504
25072 - 1440 1
25073 # 1504
25074 # 1504
25075 # 1504
25075 + 1440
25076 # 1504
25076 - 1440 1
25077 # 1504
25078 # 1504
25079 # 1504
25079 + 1440
25080 # 1504
25080 - 1440 1
25081 # 1504
25082 # 1504
25083 # 1504
25083 + 1440
25084 # 1504
25084 - 1440 1
25084 + 88
25085 # 1504
25085 - 88 1
25086 # 1504
25087 # 1504
25087 + 1440
25088 # 1504
25088 - 1440 1
25089 # 1504
25090 # 1504
25091 # 1504
25092 # 1504
25092 + 1440
25093 # 1504
25093 - 1440 1
25094 # 1504
25095 # 1504
25096 # 1504
25096 + 1440
25096 + 88
25097 # 1504
25097 - 1440 1
25098 # 1504
25098 - 88 2
25099 # 1504
25100 # 1504
25100 + 1440
25101 # 1504
25101 - 1440 1
25102 # 1504
25103 # 1504
25104 # 1504
25104 + 1440
25105 # 1504
25105 - 1440 1
25106 # 1504
25107 # 1504
25108 # 1504
25108 + 1440
25108 + 88
25109 # 1504
25109 - 1440 1
25110 # 1504
25110 - 88 2
25111 # 1504
25112 # 1504
25112 + 1440
25113 # 1504
25113 - 1440 1
25114 # 1504
25115 # 1504
25116 # 1504
25117 # 1504
25117 + 1440
25118 # 1504
25118 - 1440 1
25119 # 1504
25119 + 88
25120 # 1504
25120 - 88 1
25121 # 1504
25121 + 1440
25122 # 1504
25122 - 1440 1
25123 # 1504
25124 # 1504
25125 # 1504
25126 # 1504
25126 + 1440
25127 # 1504
25127 - 1440 1
25128 # 1504
25129 # 1504
25130 # 1504
25131 # 1504
25131 + 1440
25131 + 88
25132 # 1504
25132 - 1440 1
25133 # 1504
25133 - 88 2
25134 # 1504
25135 # 1504
25136 # 1504
25136 + 1440
25137 # 1504
25137 - 1440 1
25138 # 1504
25139 # 1504
25140 # 1504
25141 # 1504
25141 + 88
25141 + 1440
25142 # 1504
25142 - 88 1
25143 # 1504
25143 - 1440 2
25144 # 1504
25145 # 1504
25146 # 1504
25146 + 1440
25147 # 1504
25147 - 1440 1
25148 # 1504
25149 # 1504
25150 # 1504
25151 # 1504
25151 + 1440
25152 # 1504
25152 - 1440 1
25153 # 1504
25154 # 1504
25154 + 88
25155 # 1504
25155 - 88 1
25155 + 1440
25156 # 1504
25156 - 1440 1
25157 # 1504
25158 # 1504
25159 # 1504
25159 + 1440
25160 # 1504
25160 - 1440 1
25161 # 1504
25162 # 1504
25163 # 1504
25163 + 1440
25164 # 1504
25164 - 1440 1
25165 # 1504
25166 # 1504
25166 + 88
25167 # 1504
25167 - 88 1
25167 + 1440
25168 # 1504
25168 - 1440 1
25169 # 1504
25170 # 1504
25171 # 1504
25171 + 1440
25172 # 1504
25172 - 1440 1
25173 # 1504
25174 # 1504
25175 # 1504
25175 + 1440
25176 # 1504
25176 - 1440 1
25177 # 1504
25178 # 1504
25178 + 88
25179 # 1504
25179 - 88 1
25179 + 1440
25180 # 1504
25180 - 1440 1
25181 # 1504
25182 # 1504
25183 # 1504
25183 + 1440
25184 # 1504
25184 - 1440 1
25185 # 1504
25186 # 1504
25187 # 1504
25187 + 1440
25188 # 1504
25188 - 1440 1
25189 # 1504
25190 # 1504
25190 + 88
25191 # 1504
25191 - 88 1
25191 + 1440
25192 # 1504
25192 - 1440 1
25193 # 1504
25194 # 1504
25195 # 1504
25196 # 1504
25197 # 1504
25197 + 1096
25198 # 1504
25198 - 1096 1
25199 # 1504
25200 # 1504
25200 + 88
25201 # 1504
25201 - 88 1
25202 # 1504
25203 # 1504
25203 + 1440
25204 # 1504
25204 - 1440 1
25205 # 1504
25206 # 1504
25207 # 1504
25208 # 1504
25209 # 1504
25210 # 1504
25210 + 1440
25211 # 1504
25211 - 1440 1
25212 # 1504
25212 + 88
25213 # 1504
25213 - 88 1
25214 # 1504
25215 # 1504
25216 # 1504
25216 + 1440
25217 # 1504
25217 - 1440 1
25218 # 1504
25219 # 1504
25220 # 1504
25221 # 1504
25222 # 1504
25222 + 1440
25223 # 1504
25223 - 1440 1
25224 # 1504
25225 # 1504
25225 + 88
25226 # 1504
25226 - 88 1
25227 # 1504
25228 # 1504
25228 + 1440
25229 # 1504
25229 - 1440 1
25230 # 1504
25231 # 1504
25232 # 1504
25233 # 1504
25234 # 1504
25234 + 1440
25235 # 1504
25235 - 1440 1
25236 # 1504
25237 # 1504
25237 + 88
25238 # 1504
25238 - 88 1
25239 # 1504
25240 # 1504
25241 # 1504
25241 + 1440
25242 # 1504
25242 - 1440 1
25243 # 1504
25244 # 1504
25245 # 1504
25246 # 1504
25247 # 1504
25247 + 1440
25248 # 1504
25248 - 1440 1
25249 # 1504
25250 # 1504
25251 # 1504
25252 # 1504
25253 # 1504
25253 + 1440
25253 + 88
25254 # 1504
25254 - 1440 1
25255 # 1504
25255 - 88 2
25256 # 1504
25257 # 1504
25258 # 1504
25259 # 1504
25259 + 1440
25260 # 1504
25260 - 1440 1
25261 # 1504
25262 # 1504
25263 # 1504
25264 # 1504
25264 + 88
25265 # 1504
25265 - 88 1
25265 + 1440
25266 # 1504
25266 - 1440 1
25267 # 1504
25268 # 1504
25269 # 1504
25270 # 1504
25271 # 1504
25272 # 1504
25272 + 1440
25273 # 1504
25273 - 1440 1
25274 # 1504
25275 # 1504
25275 + 88
25276 # 1504
25276 - 88 1
25277 # 1504
25278 # 1504
25278 + 1440
25279 # 1504
25279 - 1440 1
25280 # 1504
25281 # 1504
25282 # 1504
25283 # 1504
25284 # 1504
25284 + 1440
25285 # 1504
25285 - 1440 1
25286 # 1504
25287 # 1504
25288 # 1504
25289 # 1504
25290 # 1504
25291 # 1504
25291 + 1440
25292 # 1504
25292 - 1440 1
25293 # 1504
25294 # 1504
25295 # 1504
25296 # 1504
25297 # 1504
25297 + 1440
25297 + 88
25298 # 1504
25298 - 1440 1
25299 # 1504
25299 - 88 2
25300 # 1504
25301 # 1504
25302 # 1504
25303 # 1504
25303 + 1440
25304 # 1504
25304 - 1440 1
25305 # 1504
25306 # 1504
25307 # 1504
25308 # 1504
25309 # 1504
25309 + 1440
25310 # 1504
25310 - 1440 1
25310 + 88
25311 # 1504
25311 - 88 1
25312 # 1504
25313 # 1504
25314 # 1504
25315 # 1504
25316 # 1504
25316 + 1440
25317 # 1504
25317 - 1440 1
25318 # 1504
25319 # 1504
25320 # 1504
25320 + 1440
25320 + 88
25321 # 1504
25321 - 1440 1
25322 # 1504
25322 - 88 2
25323 # 1504
25324 # 1504
25324 + 1440
25325 # 1504
25325 - 1440 1
25326 # 1504
25327 # 1504
25328 # 1504
25328 + 1440
25329 # 1504
25329 - 1440 1
25330 # 1504
25331 # 1504
25332 # 1504
25332 + 1440
25332 + 88
25333 # 1504
25333 - 1440 1
25334 # 1504
25334 - 88 2
25335 # 1504
25336 # 1504
25336 + 1440
25337 # 1504
25337 - 1440 1
25338 # 1504
25339 # 1504
25340 # 1504
25340 + 1440
25341 # 1504
25341 - 1440 1
25342 # 1504
25343 # 1504
25344 # 1504
25344 + 1440
25344 + 88
25345 # 1504
25345 - 1440 1
25346 # 1504
25346 - 88 2
25347 # 1504
25348 # 1504
25348 + 1440
25349 # 1504
25349 - 1440 1
25350 # 1504
25351 # 1504
25352 # 1504
25352 + 1440
25353 # 1504
25353 - 1440 1
25354 # 1504
25355 # 1504
25356 # 1504
25356 + 1440
25356 + 88
25357 # 1504
25357 - 1440 1
25358 # 1504
25358 - 88 2
25359 # 1504
25360 # 1504
25360 + 1440
25361 # 1504
25361 - 1440 1
25362 # 1504
25363 # 1504
25364 # 1504
25365 # 1504
25365 + 1440
25366 # 1504
25366 - 1440 1
25367 # 1504
25368 # 1504
25369 # 1504
25370 # 1504
25370 + 1440
25371 # 1504
25371 - 1440 1
25371 + 88
25372 # 1504
25372 - 88 1
25373 # 1504
25374 # 1504
25375 # 1504
25375 + 1440
25376 # 1504
25376 - 1440 1
25377 # 1504
25378 # 1504
25379 # 1504
25380 # 1504
25380 + 1440
25380 + 88
25381 # 1504
25381 - 1440 1
25382 # 1504
25382 - 88 2
25383 # 1504
25384 # 1504
25385 # 1504
25385 + 1440
25386 # 1504
25386 - 1440 1
25387 # 1504
25388 # 1504
25389 # 1504
25390 # 1504
25390 + 1440
25391 # 1504
25391 - 1440 1
25391 + 88
25392 # 1504
25392 - 88 1
25393 # 1504
25394 # 1504
25395 # 1504
25395 + 1440
25396 # 1504
25396 - 1440 1
25397 # 1504
25398 # 1504
25399 # 1504
25400 # 1504
25400 + 1440
25401 # 1504
25401 - 1440 1
25402 # 1504
25403 # 1504
25404 # 1504
25404 + 1440
25405 # 1504
25405 - 1440 1
25406 # 1504
25407 # 1504
25408 # 1504
25408 + 88
25408 + 1440
25409 # 1504
25409 - 88 1
25410 # 1504
25410 - 1440 2
25411 # 1504
25412 # 1504
25412 + 1440
25413 # 1504
25413 - 1440 1
25414 # 1504
25415 # 1504
25416 # 1504
25416 + 1440
25417 # 1504
25417 - 1440 1
25418 # 1504
25419 # 1504
25420 # 1504
25421 # 1504
25421 + 1440
25421 + 88
25422 # 1504
25422 - 1440 1
25423 # 1504
25423 - 88 2
25424 # 1504
25424 + 1440
25425 # 1504
25425 - 1440 1
25426 # 1504
25427 # 1504
25428 # 1504
25429 # 1504
25429 + 1440
25430 # 1504
25430 - 1440 1
25431 # 1504
25432 # 1504
25433 # 1504
25433 + 1440
25433 + 88
25434 # 1504
25434 - 1440 1
25435 # 1504
25435 - 88 2
25436 # 1504
25437 # 1504
25437 + 1440
25438 # 1504
25438 - 1440 1
25439 # 1504
25440 # 1504
25440 + 1440
25441 # 1504
25441 - 1440 1
25442 # 1504
25443 # 1504
25444 # 1504
25444 + 1440
25445 # 1504
25445 - 1440 1
25446 # 1504
25447 # 1504
25447 + 88
25448 # 1504
25448 - 88 1
25448 + 1440
25449 # 1504
25449 - 1440 1
25450 # 1504
25451 # 1504
25452 # 1504
25452 + 1440
25453 # 1504
25453 - 1440 1
25454 # 1504
25455 # 1504
25456 # 1504
25456 + 1440
25457 # 1504
25457 - 1440 1
25458 # 1504
25459 # 1504
25459 + 88
25460 # 1504
25460 - 88 1
25461 # 1504
25461 + 1440
25462 # 1504
25462 - 1440 1
25463 # 1504
25464 # 1504
25464 + 1440
25465 # 1504
25465 - 1440 1
25466 # 1504
25467 # 1504
25468 # 1504
25468 + 1440
25469 # 1504
25469 - 1440 1
25470 # 1504
25471 # 1504
25472 # 1504
25472 + 88
25473 # 1504
25473 - 88 1
25473 + 1440
25474 # 1504
25474 - 1440 1
25475 # 1504
25476 # 1504
25476 + 1440
25477 # 1504
25477 - 1440 1
25478 # 1504
25479 # 1504
25480 # 1504
25481 # 1504
25481 + 1440
25482 # 1504
25482 - 1440 1
25483 # 1504
25484 # 1504
25485 # 1504
25485 + 1440
25486 # 1504
25486 - 1440 1
25486 + 88
25487 # 1504
25487 - 88 1
25488 # 1504
25488 + 1440
25489 # 1504
25489 - 1440 1
25490 # 1504
25491 # 1504
25491 + 1440
25492 # 1504
25492 - 1440 1
25493 # 1504
25494 # 1504
25495 # 1504
25495 + 1440
25496 # 1504
25496 - 1440 1
25497 # 1504
25498 # 1504
25498 + 1440
25499 # 1504
25499 - 1440 1
25499 + 88
25500 # 1504
25500 - 88 1
25501 # 1504
25502 # 1504
25502 + 1440
25503 # 1504
25503 - 1440 1
25504 # 1504
25505 # 1504
25505 + 1440
25506 # 1504
25506 - 1440 1
25507 # 1504
25508 # 1504
25508 + 88
25508 + 1440
25509 # 1504
25509 - 88 1
25510 # 1504
25510 - 1440 2
25511 # 1504
25512 # 1504
25512 + 1440
25513 # 1504
25513 - 1440 1
25514 # 1504
25515 # 1504
25515 + 1440
25516 # 1504
25516 - 1440 1
25517 # 1504
25518 # 1504
25518 + 88
25519 # 1504
25519 - 88 1
25519 + 1440
25520 # 1504
25520 - 1440 1
25521 # 1504
25522 # 1504
25522 + 1440
25523 # 1504
25523 - 1440 1
25524 # 1504
25525 # 1504
25526 # 1504
25526 + 1440
25527 # 1504
25527 - 1440 1
25528 # 1504
25528 + 88
25529 # 1504
25529 - 88 1
25530 # 1504
25530 + 1440
25531 # 1504
25531 - 1440 1
25532 # 1504
25533 # 1504
25534 # 1504
25534 + 1440
25535 # 1504
25535 - 1440 1
25536 # 1504
25537 # 1504
25538 # 1504
25538 + 1096
25539 # 1504
25539 - 1096 1
25540 # 1504
25540 + 88
25541 # 1504
25541 - 88 1
25542 # 1504
25542 + 1440
25543 # 1504
25543 - 1440 1
25544 # 1504
25545 # 1504
25546 # 1504
25546 + 1440
25547 # 1504
25547 - 1440 1
25548 # 1504
25549 # 1504
25550 # 1504
25550 + 1440
25551 # 1504
25551 - 1440 1
25552 # 1504
25553 # 1504
25553 + 88
25554 # 1504
25554 - 88 1
25554 + 1440
25555 # 1504
25555 - 1440 1
25556 # 1504
25557 # 1504
25558 # 1504
25558 + 1440
25559 # 1504
25559 - 1440 1
25560 # 1504
25561 # 1504
25562 # 1504
25562 + 1440
25563 # 1504
25563 - 1440 1
25564 # 1504
25565 # 1504
25565 + 1440
25565 + 88
25566 # 1504
25566 - 1440 1
25567 # 1504
25567 - 88 2
25568 # 1504
25568 + 1440
25569 # 1504
25569 - 1440 1
25570 # 1504
25571 # 1504
25572 # 1504
25572 + 1440
25573 # 1504
25573 - 1440 1
25574 # 1504
25575 # 1504
25575 + 1440
25576 # 1504
25576 - 1440 1
25577 # 1504
25578 # 1504
25578 + 88
25579 # 1504
25579 - 88 1
25579 + 1440
25580 # 1504
25580 - 1440 1
25581 # 1504
25582 # 1504
25582 + 1440
25583 # 1504
25583 - 1440 1
25584 # 1504
25585 # 1504
25585 + 1440
25586 # 1504
25586 - 1440 1
25587 # 1504
25588 # 1504
25589 # 1504
25589 + 1440
25590 # 1504
25590 - 1440 1
25591 # 1504
25592 # 1504
25592 + 1440
25592 + 88
25593 # 1504
25593 - 1440 1
25594 # 1504
25594 - 88 2
25595 # 1504
25596 # 1504
25597 # 1504
25597 + 1440
25598 # 1504
25598 - 1440 1
25599 # 1504
25600 # 1504
25601 # 1504
25602 # 1504
25602 + 1440
25603 # 1504
25603 - 1440 1
25604 # 1504
25605 # 1504
25606 # 1504
25607 # 1504
25607 + 1440
25608 # 1504
25608 - 1440 1
25609 # 1504
25610 # 1504
25611 # 1504
25612 # 1504
25612 + 1440
25612 + 88
25613 # 1504
25613 - 1440 1
25614 # 1504
25614 - 88 2
25615 # 1504
25616 # 1504
25617 # 1504
25617 + 1440
25618 # 1504
25618 - 1440 1
25619 # 1504
25620 # 1504
25621 # 1504
25621 + 1440
25622 # 1504
25622 - 1440 1
25623 # 1504
25624 # 1504
25625 # 1504
25626 # 1504
25626 + 1440
25627 # 1504
25627 - 1440 1
25627 + 88
25628 # 1504
25628 - 88 1
25629 # 1504
25630 # 1504
25631 # 1504
25631 + 1440
25632 # 1504
25632 - 1440 1
25633 # 1504
25634 # 1504
25635 # 1504
25636 # 1504
25636 + 1440
25636 + 88
25637 # 1504
25637 - 1440 1
25638 # 1504
25638 - 88 2
25639 # 1504
25640 # 1504
25641 # 1504
25641 + 1440
25642 # 1504
25642 - 1440 1
25643 # 1504
25644 # 1504
25645 # 1504
25646 # 1504
25646 + 1440
25647 # 1504
25647 - 1440 1
25648 # 1504
25648 + 88
25649 # 1504
25649 - 88 1
25650 # 1504
25651 # 1504
25651 + 1440
25652 # 1504
25652 - 1440 1
25653 # 1504
25654 # 1504
25655 # 1504
25656 # 1504
25656 + 1440
25657 # 1504
25657 - 1440 1
25658 # 1504
25659 # 1504
25660 # 1504
25660 + 1440
25661 # 1504
25661 - 1440 1
25662 # 1504
25663 # 1504
25663 + 88
25664 # 1504
25664 - 88 1
25665 # 1504
25665 + 1440
25666 # 1504
25666 - 1440 1
25667 # 1504
25668 # 1504
25669 # 1504
25670 # 1504
25670 + 1440
25671 # 1504
25671 - 1440 1
25672 # 1504
25673 # 1504
25674 # 1504
25675 # 1504
25675 + 1440
25676 # 1504
25676 - 1440 1
25677 # 1504
25678 # 1504
25679 # 1504
25680 # 1504
25680 + 1440
25680 + 88
25681 # 1504
25681 - 1440 1
25682 # 1504
25682 - 88 2
25683 # 1504
25684 # 1504
25685 # 1504
25685 + 1440
25686 # 1504
25686 - 1440 1
25687 # 1504
25688 # 1504
25689 # 1504
25689 + 88
25690 # 1504
25690 - 88 1
25690 + 1440
25691 # 1504
25691 - 1440 1
25692 # 1504
25693 # 1504
25693 + 1440
25694 # 1504
25694 - 1440 1
25695 # 1504
25696 # 1504
25696 + 1440
25697 # 1504
25697 - 1440 1
25698 # 1504
25699 # 1504
25700 # 1504
25700 + 88
25700 + 1440
25701 # 1504
25701 - 88 1
25702 # 1504
25702 - 1440 2
25703 # 1504
25703 + 1440
25704 # 1504
25704 - 1440 1
25705 # 1504
25706 # 1504
25707 # 1504
25707 + 1440
25708 # 1504
25708 - 1440 1
25709 # 1504
25710 # 1504
25710 + 88
25710 + 1440
25711 # 1504
25711 - 88 1
25712 # 1504
25712 - 1440 2
25713 # 1504
25714 # 1504
25714 + 1440
25715 # 1504
25715 - 1440 1
25716 # 1504
25717 # 1504
25717 + 1440
25718 # 1504
25718 - 1440 1
25719 # 1504
25720 # 1504
25720 + 1440
25721 # 1504
25721 - 1440 1
25722 # 1504
25722 + 88
25723 # 1504
25723 - 88 1
25724 # 1504
25724 + 1440
25725 # 1504
25725 - 1440 1
25726 # 1504
25727 # 1504
25728 # 1504
25728 + 1440
25729 # 1504
25729 - 1440 1
25730 # 1504
25731 # 1504
25732 # 1504
25732 + 1440
25733 # 1504
25733 - 1440 1
25734 # 1504
25735 # 1504
25735 + 88
25736 # 1504
25736 - 88 1
25736 + 1440
25737 # 1504
25737 - 1440 1
25738 # 1504
25739 # 1504
25740 # 1504
25740 + 1440
25741 # 1504
25741 - 1440 1
25742 # 1504
25743 # 1504
25744 # 1504
25744 + 1440
25745 # 1504
25745 - 1440 1
25746 # 1504
25747 # 1504
25747 + 88
25748 # 1504
25748 - 88 1
25748 + 1440
25749 # 1504
25749 - 1440 1
25750 # 1504
25751 # 1504
25752 # 1504
25752 + 1440
25753 # 1504
25753 - 1440 1
25754 # 1504
25755 # 1504
25756 # 1504
25756 + 1440
25757 # 1504
25757 - 1440 1
25758 # 1504
25759 # 1504
25760 # 1504
25760 + 1440
25760 + 88
25761 # 1504
25761 - 1440 1
25762 # 1504
25762 - 88 2
25763 # 1504
25764 # 1504
25764 + 1440
25765 # 1504
25765 - 1440 1
25766 # 1504
25767 # 1504
25768 # 1504
25769 # 1504
25769 + 1440
25770 # 1504
25770 - 1440 1
25771 # 1504
25772 # 1504
25772 + 88
25773 # 1504
25773 - 88 1
25774 # 1504
25774 + 1440
25775 # 1504
25775 - 1440 1
25776 # 1504
25777 # 1504
25778 # 1504
25779 # 1504
25779 + 1440
25780 # 1504
25780 - 1440 1
25781 # 1504
25782 # 1504
25783 # 1504
25783 + 1440
25784 # 1504
25784 - 1440 1
25785 # 1504
25786 # 1504
25787 # 1504
25788 # 1504
25788 + 1440
25789 # 1504
25789 - 1440 1
25789 + 88
25790 # 1504
25790 - 88 1
25791 # 1504
25792 # 1504
25793 # 1504
25793 + 1440
25794 # 1504
25794 - 1440 1
25795 # 1504
25796 # 1504
25797 # 1504
25798 # 1504
25798 + 1440
25799 # 1504
25799 - 1440 1
25800 # 1504
25800 + 88
25801 # 1504
25801 - 88 1
25802 # 1504
25803 # 1504
25803 + 1440
25804 # 1504
25804 - 1440 1
25805 # 1504
25806 # 1504
25807 # 1504
25808 # 1504
25808 + 1440
25809 # 1504
25809 - 1440 1
25810 # 1504
25811 # 1504
25811 + 88
25812 # 1504
25812 - 88 1
25813 # 1504
25813 + 1440
25814 # 1504
25814 - 1440 1
25815 # 1504
25816 # 1504
25816 + 1440
25817 # 1504
25817 - 1440 1
25818 # 1504
25819 # 1504
25820 # 1504
25820 + 1440
25821 # 1504
25821 - 1440 1
25822 # 1504
25822 + 88
25823 # 1504
25823 - 88 1
25823 + 1440
25824 # 1504
25824 - 1440 1
25825 # 1504
25826 # 1504
25826 + 1440
25827 # 1504
25827 - 1440 1
25828 # 1504
25829 # 1504
25830 # 1504
25830 + 1440
25831 # 1504
25831 - 1440 1
25832 # 1504
25833 # 1504
25833 + 1440
25834 # 1504
25834 - 1440 1
25835 # 1504
25836 # 1504
25837 # 1504
25837 + 1440
25837 + 88
25838 # 1504
25838 - 1440 1
25839 # 1504
25839 - 88 2
25840 # 1504
25840 + 1440
25841 # 1504
25841 - 1440 1
25842 # 1504
25843 # 1504
25843 + 1096
25844 # 1504
25844 - 1096 1
25845 # 1504
25846 # 1504
25846 + 88
25847 # 1504
25847 - 88 1
25847 + 1440
25848 # 1504
25848 - 1440 1
25849 # 1504
25850 # 1504
25851 # 1504
25851 + 1440
25852 # 1504
25852 - 1440 1
25853 # 1504
25854 # 1504
25855 # 1504
25855 + 1440
25856 # 1504
25856 - 1440 1
25857 # 1504
25858 # 1504
25859 # 1504
25859 + 1440
25859 + 88
25860 # 1504
25860 - 1440 1
25861 # 1504
25861 - 88 2
25862 # 1504
25863 # 1504
25863 + 1440
25864 # 1504
25864 - 1440 1
25865 # 1504
25866 # 1504
25867 # 1504
25867 + 1440
25868 # 1504
25868 - 1440 1
25869 # 1504
25870 # 1504
25871 # 1504
25871 + 88
25871 + 1440
25872 # 1504
25872 - 88 1
25873 # 1504
25873 - 1440 2
25874 # 1504
25875 # 1504
25876 # 1504
25876 + 1440
25877 # 1504
25877 - 1440 1
25878 # 1504
25879 # 1504
25879 + 1440
25880 # 1504
25880 - 1440 1
25881 # 1504
25881 + 88
25882 # 1504
25882 - 88 1
25883 # 1504
25883 + 1440
25884 # 1504
25884 - 1440 1
25885 # 1504
25886 # 1504
25887 # 1504
25887 + 1440
25888 # 1504
25888 - 1440 1
25889 # 1504
25890 # 1504
25890 + 1440
25891 # 1504
25891 - 1440 1
25892 # 1504
25893 # 1504
25894 # 1504
25894 + 1440
25894 + 88
25895 # 1504
25895 - 1440 1
25896 # 1504
25896 - 88 2
25897 # 1504
25897 + 1440
25898 # 1504
25898 - 1440 1
25899 # 1504
25900 # 1504
25900 + 1440
25901 # 1504
25901 - 1440 1
25902 # 1504
25903 # 1504
25904 # 1504
25904 + 1440
25905 # 1504
25905 - 1440 1
25906 # 1504
25906 + 88
25907 # 1504
25907 - 88 1
25907 + 1440
25908 # 1504
25908 - 1440 1
25909 # 1504
25910 # 1504
25911 # 1504
25911 + 1440
25912 # 1504
25912 - 1440 1
25913 # 1504
25914 # 1504
25914 + 1440
25915 # 1504
25915 - 1440 1
25916 # 1504
25917 # 1504
25917 + 88
25917 + 1440
25918 # 1504
25918 - 88 1
25919 # 1504
25919 - 1440 2
25920 # 1504
25921 # 1504
25921 + 1440
25922 # 1504
25922 - 1440 1
25923 # 1504
25924 # 1504
25924 + 1440
25925 # 1504
25925 - 1440 1
25926 # 1504
25927 # 1504
25928 # 1504
25928 + 1440
25928 + 88
25929 # 1504
25929 - 1440 1
25930 # 1504
25930 - 88 2
25931 # 1504
25931 + 1440
25932 # 1504
25932 - 1440 1
25933 # 1504
25934 # 1504
25934 + 1440
25935 # 1504
25935 - 1440 1
25936 # 1504
25937 # 1504
25938 # 1504
25938 + 1440
25939 # 1504
25939 - 1440 1
25940 # 1504
25941 # 1504
25941 + 1440
25942 # 1504
25942 - 1440 1
25942 + 88
25943 # 1504
25943 - 88 1
25944 # 1504
25945 # 1504
25945 + 1440
25946 # 1504
25946 - 1440 1
25947 # 1504
25948 # 1504
25948 + 1440
25949 # 1504
25949 - 1440 1
25950 # 1504
25951 # 1504
25951 + 88
25951 + 1440
25952 # 1504
25952 - 88 1
25953 # 1504
25953 - 1440 2
25954 # 1504
25955 # 1504
25955 + 1440
25956 # 1504
25956 - 1440 1
25957 # 1504
25958 # 1504
25958 + 1440
25959 # 1504
25959 - 1440 1
25960 # 1504
25961 # 1504
25961 + 1440
25962 # 1504
25962 - 1440 1
25963 # 1504
25964 # 1504
25964 + 1440
25964 + 88
25965 # 1504
25965 - 1440 1
25966 # 1504
25966 - 88 2
25967 # 1504
25967 + 1440
25968 # 1504
25968 - 1440 1
25969 # 1504
25970 # 1504
25970 + 1440
25971 # 1504
25971 - 1440 1
25972 # 1504
25973 # 1504
25973 + 1440
25974 # 1504
25974 - 1440 1
25975 # 1504
25976 # 1504
25976 + 1440
25977 # 1504
25977 - 1440 1
25977 + 88
25978 # 1504
25978 - 88 1
25978 + 1440
25979 # 1504
25979 - 1440 1
25980 # 1504
25981 # 1504
25982 # 1504
25982 + 1440
25983 # 1504
25983 - 1440 1
25984 # 1504
25984 + 1440
25985 # 1504
25985 - 1440 1
25986 # 1504
25987 # 1504
25987 + 1440
25987 + 88
25988 # 1504
25988 - 1440 1
25989 # 1504
25989 - 88 2
25990 # 1504
25990 + 1440
25991 # 1504
25991 - 1440 1
25992 # 1504
25993 # 1504
25993 + 1440
25994 # 1504
25994 - 1440 1
25995 # 1504
25996 # 1504
25996 + 1440
25997 # 1504
25997 - 1440 1
25998 # 1504
25999 # 1504
25999 + 1440
26000 # 1504
26000 - 1440 1
26000 + 88
26001 # 1504
26001 - 88 1
26002 # 1504
26002 + 1440
26003 # 1504
26003 - 1440 1
26004 # 1504
26005 # 1504
26005 + 1440
26006 # 1504
26006 - 1440 1
26007 # 1504
26008 # 1504
26008 + 1440
26009 # 1504
26009 - 1440 1
26010 # 1504
26011 # 1504
26011 + 1440
26011 + 88
26012 # 1504
26012 - 1440 1
26013 # 1504
26013 - 88 2
26014 # 1504
26014 + 1440
26015 # 1504
26015 - 1440 1
26016 # 1504
26016 + 1440
26017 # 1504
26017 - 1440 1
26018 # 1504
26019 # 1504
26019 + 1440
26020 # 1504
26020 - 1440 1
26021 # 1504
26022 # 1504
26022 + 1440
26022 + 88
26023 # 1504
26023 - 1440 1
26024 # 1504
26024 - 88 2
26024 + 1440
26025 # 1504
26025 - 1440 1
26026 # 1504
26027 # 1504
26027 + 1440
26028 # 1504
26028 - 1440 1
26029 # 1504
26029 + 1440
26030 # 1504
26030 - 1440 1
26031 # 1504
26032 # 1504
26032 + 1440
26032 + 88
26033 # 1504
26033 - 1440 1
26034 # 1504
26034 - 88 2
26034 + 1440
26035 # 1504
26035 - 1440 1
26036 # 1504
26037 # 1504
26037 + 1440
26038 # 1504
26038 - 1440 1
26039 # 1504
26039 + 1440
26040 # 1504
26040 - 1440 1
26041 # 1504
26042 # 1504
26042 + 1440
26042 + 88
26043 # 1504
26043 - 1440 1
26044 # 1504
26044 - 88 2
26044 + 1440
26045 # 1504
26045 - 1440 1
26046 # 1504
26047 # 1504
26047 + 1440
26048 # 1504
26048 - 1440 1
26049 # 1504
26050 # 1504
26050 + 1440
26051 # 1504
26051 - 1440 1
26052 # 1504
26053 # 1504
26053 + 1440
26053 + 88
26054 # 1504
26054 - 1440 1
26055 # 1504
26055 - 88 2
26056 # 1504
26056 + 1440
26057 # 1504
26057 - 1440 1
26058 # 1504
26059 # 1504
26059 + 1440
26060 # 1504
26060 - 1440 1
26061 # 1504
26061 + 1440
26062 # 1504
26062 - 1440 1
26063 # 1504
26064 # 1504
26064 + 1440
26065 # 1504
26065 - 1440 1
26065 + 88
26066 # 1504
26066 - 88 1
26067 # 1504
26067 + 1440
26068 # 1504
26068 - 1440 1
26069 # 1504
26070 # 1504
26070 + 1440
26071 # 1504
26071 - 1440 1
26072 # 1504
26073 # 1504
26074 # 1504
26074 + 1440
26075 # 1504
26075 - 1440 1
26076 # 1504
26076 + 88
26077 # 1504
26077 - 88 1
26077 + 1096
26078 # 1504
26078 - 1096 1
26079 # 1504
26080 # 1504
26080 + 88
26080 + 1440
26081 # 1504
26081 - 88 1
26082 # 1504
26082 - 1440 2
26083 # 1504
26083 + 1440
26084 # 1504
26084 - 1440 1
26085 # 1504
26086 # 1504
26087 # 1504
26087 + 1440
26088 # 1504
26088 - 1440 1
26089 # 1504
26090 # 1504
26090 + 1440
26091 # 1504
26091 - 1440 1
26092 # 1504
26092 + 88
26093 # 1504
26093 - 88 1
26093 + 1440
26094 # 1504
26094 - 1440 1
26095 # 1504
26096 # 1504
26096 + 1440
26097 # 1504
26097 - 1440 1
26098 # 1504
26099 # 1504
26100 # 1504
26100 + 1440
26101 # 1504
26101 - 1440 1
26102 # 1504
26102 + 1440
26103 # 1504
26103 - 1440 1
26104 # 1504
26105 # 1504
26105 + 1440
26105 + 88
26106 # 1504
26106 - 1440 1
26107 # 1504
26107 - 88 2
26107 + 1440
26108 # 1504
26108 - 1440 1
26109 # 1504
26110 # 1504
26110 + 1440
26111 # 1504
26111 - 1440 1
26112 # 1504
26112 + 1440
26113 # 1504
26113 - 1440 1
26114 # 1504
26115 # 1504
26115 + 1440
26116 # 1504
26116 - 1440 1
26117 # 1504
26117 + 1440
26117 + 88
26118 # 1504
26118 - 1440 1
26119 # 1504
26119 - 88 2
26120 # 1504
26120 + 1440
26121 # 1504
26121 - 1440 1
26122 # 1504
26122 + 1440
26123 # 1504
26123 - 1440 1
26124 # 1504
26125 # 1504
26125 + 1440
26126 # 1504
26126 - 1440 1
26127 # 1504
26128 # 1504
26128 + 88
26128 + 1440
26129 # 1504
26129 - 88 1
26130 # 1504
26130 - 1440 2
26131 # 1504
26131 + 1440
26132 # 1504
26132 - 1440 1
26133 # 1504
26134 # 1504
26135 # 1504
26135 + 1440
26136 # 1504
26136 - 1440 1
26137 # 1504
26138 # 1504
26138 + 1440
26138 + 88
26139 # 1504
26139 - 1440 1
26140 # 1504
26140 - 88 2
26141 # 1504
26141 + 1440
26142 # 1504
26142 - 1440 1
26143 # 1504
26144 # 1504
26144 + 1440
26145 # 1504
26145 - 1440 1
26146 # 1504
26147 # 1504
26148 # 1504
26148 + 1440
26149 # 1504
26149 - 1440 1
26150 # 1504
26150 + 88
26151 # 1504
26151 - 88 1
26151 + 1440
26152 # 1504
26152 - 1440 1
26153 # 1504
26154 # 1504
26154 + 1440
26155 # 1504
26155 - 1440 1
26156 # 1504
26157 # 1504
26158 # 1504
26158 + 1440
26159 # 1504
26159 - 1440 1
26160 # 1504
26160 + 1440
26161 # 1504
26161 - 1440 1
26162 # 1504
26162 + 88
26163 # 1504
26163 - 88 1
26163 + 1440
26164 # 1504
26164 - 1440 1
26165 # 1504
26165 + 1440
26166 # 1504
26166 - 1440 1
26167 # 1504
26168 # 1504
26168 + 1440
26169 # 1504
26169 - 1440 1
26170 # 1504
26170 + 1440
26171 # 1504
26171 - 1440 1
26172 # 1504
26173 # 1504
26173 + 1440
26173 + 88
26174 # 1504
26174 - 1440 1
26175 # 1504
26175 - 88 2
26175 + 1440
26176 # 1504
26176 - 1440 1
26177 # 1504
26178 # 1504
26178 + 1440
26179 # 1504
26179 - 1440 1
26180 # 1504
26180 + 1440
26181 # 1504
26181 - 1440 1
26182 # 1504
26183 # 1504
26183 + 1440
26183 + 88
26184 # 1504
26184 - 1440 1
26185 # 1504
26185 - 88 2
26186 # 1504
26186 + 1440
26187 # 1504
26187 - 1440 1
26188 # 1504
26188 + 1440
26189 # 1504
26189 - 1440 1
26190 # 1504
26191 # 1504
26191 + 1440
26192 # 1504
26192 - 1440 1
26193 # 1504
26194 # 1504
26194 + 1440
26195 # 1504
26195 - 1440 1
26196 # 1504
26196 + 88
26197 # 1504
26197 - 88 1
26197 + 1440
26198 # 1504
26198 - 1440 1
26199 # 1504
26200 # 1504
26200 + 1440
26201 # 1504
26201 - 1440 1
26202 # 1504
26203 # 1504
26203 + 1440
26204 # 1504
26204 - 1440 1
26205 # 1504
26206 # 1504
26206 + 1440
26207 # 1504
26207 - 1440 1
26207 + 88
26208 # 1504
26208 - 88 1
26208 + 1440
26209 # 1504
26209 - 1440 1
26210 # 1504
26211 # 1504
26211 + 1440
26212 # 1504
26212 - 1440 1
26213 # 1504
26214 # 1504
26214 + 1440
26215 # 1504
26215 - 1440 1
26216 # 1504
26217 # 1504
26218 # 1504
26218 + 1440
26218 + 88
26219 # 1504
26219 - 1440 1
26220 # 1504
26220 - 88 2
26221 # 1504
26221 + 1440
26222 # 1504
26222 - 1440 1
26223 # 1504
26224 # 1504
26224 + 1440
26225 # 1504
26225 - 1440 1
26226 # 1504
26227 # 1504
26228 # 1504
26228 + 1440
26229 # 1504
26229 - 1440 1
26230 # 1504
26230 + 88
26231 # 1504
26231 - 88 1
26231 + 1440
26232 # 1504
26232 - 1440 1
26233 # 1504
26234 # 1504
26234 + 1440
26235 # 1504
26235 - 1440 1
26236 # 1504
26237 # 1504
26237 + 1440
26238 # 1504
26238 - 1440 1
26239 # 1504
26240 # 1504
26241 # 1504
26241 + 1440
26242 # 1504
26242 - 1440 1
26243 # 1504
26243 + 88
26244 # 1504
26244 - 88 1
26244 + 1440
26245 # 1504
26245 - 1440 1
26246 # 1504
26246 + 1440
26247 # 1504
26247 - 1440 1
26248 # 1504
26249 # 1504
26249 + 1440
26250 # 1504
26250 - 1440 1
26251 # 1504
26251 + 1440
26252 # 1504
26252 - 1440 1
26253 # 1504
26254 # 1504
26254 + 1440
26254 + 88
26255 # 1504
26255 - 1440 1
26256 # 1504
26256 - 88 2
26256 + 1440
26257 # 1504
26257 - 1440 1
26258 # 1504
26259 # 1504
26259 + 1440
26260 # 1504
26260 - 1440 1
26261 # 1504
26261 + 1440
26262 # 1504
26262 - 1440 1
26263 # 1504
26264 # 1504
26264 + 1440
26265 # 1504
26265 - 1440 1
26266 # 1504
26267 # 1504
26267 + 1440
26267 + 88
26268 # 1504
26268 - 1440 1
26269 # 1504
26269 - 88 2
26269 + 1440
26270 # 1504
26270 - 1440 1
26271 # 1504
26272 # 1504
26272 + 1440
26273 # 1504
26273 - 1440 1
26274 # 1504
26275 # 1504
26275 + 1440
26276 # 1504
26276 - 1440 1
26277 # 1504
26278 # 1504
26278 + 1440
26279 # 1504
26279 - 1440 1
26280 # 1504
26280 + 88
26280 + 1440
26281 # 1504
26281 - 88 1
26282 # 1504
26282 - 1440 2
26283 # 1504
26283 + 1440
26284 # 1504
26284 - 1440 1
26285 # 1504
26286 # 1504
26286 + 1440
26287 # 1504
26287 - 1440 1
26288 # 1504
26289 # 1504
26289 + 1096
26289 + 88
26290 # 1504
26290 - 1096 1
26290 - 88 1
26291 # 1504
26292 # 1504
26292 + 1440
26292 + 88
26293 # 1504
26293 - 1440 1
26294 # 1504
26294 - 88 2
26295 # 1504
26295 + 1440
26296 # 1504
26296 - 1440 1
26297 # 1504
26298 # 1504
26298 + 1440
26299 # 1504
26299 - 1440 1
26300 # 1504
26300 + 1440
26301 # 1504
26301 - 1440 1
26302 # 1504
26303 # 1504
26303 + 1440
26303 + 88
26304 # 1504
26304 - 1440 1
26305 # 1504
26305 - 88 2
26305 + 1440
26306 # 1504
26306 - 1440 1
26307 # 1504
26308 # 1504
26308 + 1440
26309 # 1504
26309 - 1440 1
26310 # 1504
26310 + 1440
26311 # 1504
26311 - 1440 1
26312 # 1504
26313 # 1504
26313 + 1440
26314 # 1504
26314 - 1440 1
26314 + 88
26315 # 1504
26315 - 88 1
26315 + 1440
26316 # 1504
26316 - 1440 1
26317 # 1504
26318 # 1504
26318 + 1440
26319 # 1504
26319 - 1440 1
26320 # 1504
26320 + 1440
26321 # 1504
26321 - 1440 1
26322 # 1504
26323 # 1504
26323 + 1440
26324 # 1504
26324 - 1440 1
26325 # 1504
26325 + 1440
26325 + 88
26326 # 1504
26326 - 1440 1
26327 # 1504
26327 - 88 2
26328 # 1504
26328 + 1440
26329 # 1504
26329 - 1440 1
26330 # 1504
26330 + 1440
26331 # 1504
26331 - 1440 1
26332 # 1504
26333 # 1504
26333 + 1440
26334 # 1504
26334 - 1440 1
26335 # 1504
26335 + 1440
26336 # 1504
26336 - 1440 1
26337 # 1504
26337 + 88
26338 # 1504
26338 - 88 1
26338 + 1440
26339 # 1504
26339 - 1440 1
26340 # 1504
26340 + 1440
26341 # 1504
26341 - 1440 1
26342 # 1504
26343 # 1504
26343 + 1440
26344 # 1504
26344 - 1440 1
26345 # 1504
26345 + 1440
26346 # 1504
26346 - 1440 1
26347 # 1504
26347 + 88
26348 # 1504
26348 - 88 1
26348 + 1440
26349 # 1504
26349 - 1440 1
26350 # 1504
26350 + 1440
26351 # 1504
26351 - 1440 1
26352 # 1504
26353 # 1504
26353 + 1440
26354 # 1504
26354 - 1440 1
26355 # 1504
26355 + 1440
26356 # 1504
26356 - 1440 1
26357 # 1504
26357 + 1440
26358 # 1504
26358 - 1440 1
26358 + 88
26359 # 1504
26359 - 88 1
26359 + 1440
26360 # 1504
26360 - 1440 1
26361 # 1504
26362 # 1504
26362 + 1440
26363 # 1504
26363 - 1440 1
26364 # 1504
26364 + 1440
26365 # 1504
26365 - 1440 1
26366 # 1504
26366 + 1440
26367 # 1504
26367 - 1440 1
26368 # 1504
26368 + 1440
26369 # 1504
26369 - 1440 1
26369 + 88
26370 # 1504
26370 - 88 1
26371 # 1504
26371 + 1440
26372 # 1504
26372 - 1440 1
26373 # 1504
26373 + 1440
26374 # 1504
26374 - 1440 1
26375 # 1504
26375 + 1440
26376 # 1504
26376 - 1440 1
26377 # 1504
26378 # 1504
26378 + 1440
26379 # 1504
26379 - 1440 1
26380 # 1504
26380 + 1440
26381 # 1504
26381 - 1440 1
26382 # 1504
26382 + 88
26383 # 1504
26383 - 88 1
26383 + 1440
26384 # 1504
26384 - 1440 1
26385 # 1504
26385 + 1440
26386 # 1504
26386 - 1440 1
26387 # 1504
26388 # 1504
26388 + 1440
26389 # 1504
26389 - 1440 1
26390 # 1504
26390 + 1440
26391 # 1504
26391 - 1440 1
26392 # 1504
26393 # 1504
26393 + 1440
26393 + 88
26394 # 1504
26394 - 1440 1
26395 # 1504
26395 - 88 2
26396 # 1504
26396 + 1440
26397 # 1504
26397 - 1440 1
26398 # 1504
26398 + 1440
26399 # 1504
26399 - 1440 1
26400 # 1504
26400 + 1440
26401 # 1504
26401 - 1440 1
26402 # 1504
26402 + 1440
26403 # 1504
26403 - 1440 1
26404 # 1504
26405 # 1504
26405 + 1440
26405 + 88
26406 # 1504
26406 - 1440 1
26407 # 1504
26407 - 88 2
26407 + 1440
26408 # 1504
26408 - 1440 1
26409 # 1504
26409 + 1440
26410 # 1504
26410 - 1440 1
26411 # 1504
26411 + 1440
26412 # 1504
26412 - 1440 1
26413 # 1504
26414 # 1504
26414 + 1440
26415 # 1504
26415 - 1440 1
26416 # 1504
26416 + 1440
26416 + 88
26417 # 1504
26417 - 1440 1
26418 # 1504
26418 - 88 2
26418 + 1440
26419 # 1504
26419 - 1440 1
26420 # 1504
26421 # 1504
26421 + 1440
26422 # 1504
26422 - 1440 1
26423 # 1504
26424 # 1504
26424 + 1440
26425 # 1504
26425 - 1440 1
26426 # 1504
26427 # 1504
26427 + 1440
26427 + 88
26428 # 1504
26428 - 1440 1
26429 # 1504
26429 - 88 2
26429 + 1440
26430 # 1504
26430 - 1440 1
26431 # 1504
26432 # 1504
26432 + 1440
26433 # 1504
26433 - 1440 1
26434 # 1504
26435 # 1504
26435 + 1440
26436 # 1504
26436 - 1440 1
26437 # 1504
26438 # 1504
26438 + 88
26438 + 1440
26439 # 1504
26439 - 88 1
26440 # 1504
26440 - 1440 2
26441 # 1504
26441 + 1440
26442 # 1504
26442 - 1440 1
26443 # 1504
26444 # 1504
26444 + 1440
26445 # 1504
26445 - 1440 1
26446 # 1504
26447 # 1504
26447 + 1440
26448 # 1504
26448 - 1440 1
26449 # 1504
26449 + 1440
26450 # 1504
26450 - 1440 1
26450 + 88
26451 # 1504
26451 - 88 1
26452 # 1504
26452 + 1440
26453 # 1504
26453 - 1440 1
26454 # 1504
26455 # 1504
26455 + 1440
26456 # 1504
26456 - 1440 1
26457 # 1504
26458 # 1504
26458 + 1440
26459 # 1504
26459 - 1440 1
26460 # 1504
26461 # 1504
26461 + 1440
26462 # 1504
26462 - 1440 1
26462 + 88
26463 # 1504
26463 - 88 1
26464 # 1504
26464 + 1440
26465 # 1504
26465 - 1440 1
26466 # 1504
26466 + 1440
26467 # 1504
26467 - 1440 1
26468 # 1504
26469 # 1504
26469 + 1440
26470 # 1504
26470 - 1440 1
26471 # 1504
26472 # 1504
26472 + 88
26472 + 1440
26473 # 1504
26473 - 88 1
26474 # 1504
26474 - 1440 2
26475 # 1504
26475 + 1440
26476 # 1504
26476 - 1440 1
26477 # 1504
26477 + 1096
26478 # 1504
26478 - 1096 1
26479 # 1504
26479 + 1440
26480 # 1504
26480 - 1440 1
26480 + 88
26481 # 1504
26481 - 88 1
26482 # 1504
26482 + 1440
26483 # 1504
26483 - 1440 1
26484 # 1504
26484 + 1440
26485 # 1504
26485 - 1440 1
26486 # 1504
26486 + 1440
26487 # 1504
26487 - 1440 1
26488 # 1504
26489 # 1504
26489 + 1440
26490 # 1504
26490 - 1440 1
26491 # 1504
26491 + 1440
26491 + 88
26492 # 1504
26492 - 1440 1
26493 # 1504
26493 - 88 2
26493 + 1440
26494 # 1504
26494 - 1440 1
26495 # 1504
26495 + 1440
26496 # 1504
26496 - 1440 1
26497 # 1504
26498 # 1504
26498 + 1440
26499 # 1504
26499 - 1440 1
26500 # 1504
26500 + 1440
26501 # 1504
26501 - 1440 1
26502 # 1504
26503 # 1504
26503 + 1440
26503 + 88
26504 # 1504
26504 - 1440 1
26505 # 1504
26505 - 88 2
26505 + 1440
26506 # 1504
26506 - 1440 1
26507 # 1504
26508 # 1504
26508 + 1440
26509 # 1504
26509 - 1440 1
26510 # 1504
26510 + 1440
26511 # 1504
26511 - 1440 1
26512 # 1504
26513 # 1504
26513 + 1440
26513 + 88
26514 # 1504
26514 - 1440 1
26515 # 1504
26515 - 88 2
26515 + 1440
26516 # 1504
26516 - 1440 1
26517 # 1504
26518 # 1504
26518 + 1440
26519 # 1504
26519 - 1440 1
26520 # 1504
26520 + 1440
26521 # 1504
26521 - 1440 1
26522 # 1504
26523 # 1504
26523 + 1440
26524 # 1504
26524 - 1440 1
26524 + 88
26525 # 1504
26525 - 88 1
26525 + 1440
26526 # 1504
26526 - 1440 1
26527 # 1504
26528 # 1504
26528 + 1440
26529 # 1504
26529 - 1440 1
26530 # 1504
26530 + 1440
26531 # 1504
26531 - 1440 1
26532 # 1504
26532 + 1440
26533 # 1504
26533 - 1440 1
26534 # 1504
26534 + 1440
26535 # 1504
26535 - 1440 1
26535 + 88
26536 # 1504
26536 - 88 1
26537 # 1504
26537 + 1440
26538 # 1504
26538 - 1440 1
26539 # 1504
26539 + 1440
26540 # 1504
26540 - 1440 1
26541 # 1504
26541 + 1440
26542 # 1504
26542 - 1440 1
26543 # 1504
26543 + 1440
26544 # 1504
26544 - 1440 1
26545 # 1504
26546 # 1504
26546 + 1440
26546 + 88
26547 # 1504
26547 - 1440 1
26548 # 1504
26548 - 88 2
26548 + 1440
26549 # 1504
26549 - 1440 1
26550 # 1504
26550 + 1440
26551 # 1504
26551 - 1440 1
26552 # 1504
26552 + 1440
26553 # 1504
26553 - 1440 1
26554 # 1504
26555 # 1504
26555 + 1440
26556 # 1504
26556 - 1440 1
26557 # 1504
26557 + 1440
26558 # 1504
26558 - 1440 1
26558 + 88
26559 # 1504
26559 - 88 1
26559 + 1440
26560 # 1504
26560 - 1440 1
26561 # 1504
26562 # 1504
26562 + 1440
26563 # 1504
26563 - 1440 1
26564 # 1504
26564 + 1440
26565 # 1504
26565 - 1440 1
26566 # 1504
26566 + 1440
26567 # 1504
26567 - 1440 1
26568 # 1504
26568 + 1440
26569 # 1504
26569 - 1440 1
26569 + 88
26570 # 1504
26570 - 88 1
26571 # 1504
26571 + 1440
26572 # 1504
26572 - 1440 1
26573 # 1504
26573 + 1440
26574 # 1504
26574 - 1440 1
26575 # 1504
26575 + 1440
26576 # 1504
26576 - 1440 1
26577 # 1504
26577 + 1440
26578 # 1504
26578 - 1440 1
26579 # 1504
26579 + 1440
26580 # 1504
26580 - 1440 1
26581 # 1504
26581 + 1440
26581 + 88
26582 # 1504
26582 - 1440 1
26583 # 1504
26583 - 88 2
26583 + 1440
26584 # 1504
26584 - 1440 1
26585 # 1504
26585 + 1440
26586 # 1504
26586 - 1440 1
26587 # 1504
26587 + 1440
26588 # 1504
26588 - 1440 1
26589 # 1504
26589 + 1440
26590 # 1504
26590 - 1440 1
26591 # 1504
26591 + 1440
26591 + 88
26592 # 1504
26592 - 1440 1
26593 # 1504
26593 - 88 2
26593 + 1440
26594 # 1504
26594 - 1440 1
26595 # 1504
26595 + 1440
26596 # 1504
26596 - 1440 1
26597 # 1504
26597 + 1440
26598 # 1504
26598 - 1440 1
26599 # 1504
26599 + 1440
26600 # 1504
26600 - 1440 1
26601 # 1504
26601 + 1440
26602 # 1504
26602 - 1440 1
26602 + 88
26603 # 1504
26603 - 88 1
26603 + 1440
26604 # 1504
26604 - 1440 1
26605 # 1504
26605 + 1440
26606 # 1504
26606 - 1440 1
26607 # 1504
26608 # 1504
26608 + 1440
26609 # 1504
26609 - 1440 1
26610 # 1504
26610 + 1440
26611 # 1504
26611 - 1440 1
26611 + 1440
26612 # 1504
26612 - 1440 1
26613 # 1504
26613 + 88
26613 + 1440
26614 # 1504
26614 - 88 1
26615 # 1504
26615 - 1440 2
26615 + 1440
26616 # 1504
26616 - 1440 1
26617 # 1504
26617 + 1440
26618 # 1504
26618 - 1440 1
26619 # 1504
26619 + 1440
26620 # 1504
26620 - 1440 1
26621 # 1504
26621 + 1440
26622 # 1504
26622 - 1440 1
26623 # 1504
26623 + 1440
26623 + 88
26624 # 1504
26624 - 1440 1
26624 + 1440
26625 # 1504
26625 - 88 2
26625 - 1440 1
26626 # 1504
26626 + 1440
26627 # 1504
26627 - 1440 1
26628 # 1504
26628 + 1440
26629 # 1504
26629 - 1440 1
26630 # 1504
26630 + 1440
26631 # 1504
26631 - 1440 1
26632 # 1504
26632 + 1440
26633 # 1504
26633 - 1440 1
26634 # 1504
26634 + 1440
26635 # 1504
26635 - 1440 1
26636 # 1504
26636 + 1440
26636 + 88
26637 # 1504
26637 - 1440 1
26637 + 1096
26638 # 1504
26638 - 88 2
26638 - 1096 1
26639 # 1504
26639 + 1440
26640 # 1504
26640 - 1440 1
26640 + 88
26641 # 1504
26641 - 88 1
26641 + 1440
26642 # 1504
26642 - 1440 1
26643 # 1504
26643 + 1440
26644 # 1504
26644 - 1440 1
26645 # 1504
26645 + 1440
26646 # 1504
26646 - 1440 1
26647 # 1504
26647 + 1440
26648 # 1504
26648 - 1440 1
26648 + 1440
26649 # 1504
26649 - 1440 1
26650 # 1504
26650 + 1440
26651 # 1504
26651 - 1440 1
26651 + 88
26652 # 1504
26652 - 88 1
26652 + 1440
26653 # 1504
26653 - 1440 1
26653 + 1440
26654 # 1504
26654 - 1440 1
26655 # 1504
26655 + 1440
26656 # 1504
26656 - 1440 1
26657 # 1504
26657 + 1440
26658 # 1504
26658 - 1440 1
26658 + 1440
26659 # 1504
26659 - 1440 1
26660 # 1504
26660 + 1440
26661 # 1504
26661 - 1440 1
26661 + 88
26662 # 1504
26662 - 88 1
26662 + 1440
26663 # 1504
26663 - 1440 1
26663 + 1440
26664 # 1504
26664 - 1440 1
26665 # 1504
26665 + 1440
26666 # 1504
26666 - 1440 1
26667 # 1504
26667 + 1440
26668 # 1504
26668 - 1440 1
26668 + 1440
26669 # 1504
26669 - 1440 1
26670 # 1504
26670 + 1440
26671 # 1504
26671 - 1440 1
26672 # 1504
26672 + 1440
26672 + 88
26673 # 1504
26673 - 1440 1
26674 # 1504
26674 - 88 2
26674 + 1440
26675 # 1504
26675 - 1440 1
26676 # 1504
26676 + 1440
26677 # 1504
26677 - 1440 1
26678 # 1504
26678 + 1440
26679 # 1504
26679 - 1440 1
26679 + 1440
26680 # 1504
26680 - 1440 1
26681 # 1504
26681 + 1440
26682 # 1504
26682 - 1440 1
26683 # 1504
26683 + 1440
26684 # 1504
26684 - 1440 1
26684 + 88
26684 + 1440
26685 # 1504
26685 - 88 1
26686 # 1504
26686 - 1440 2
26686 + 1440
26687 # 1504
26687 - 1440 1
26688 # 1504
26688 + 1440
26689 # 1504
26689 - 1440 1
26689 + 1440
26690 # 1504
26690 - 1440 1
26691 # 1504
26691 + 1440
26692 # 1504
26692 - 1440 1
26693 # 1504
26693 + 1440
26694 # 1504
26694 - 1440 1
26694 + 1440
26695 # 1504
26695 - 1440 1
26696 # 1504
26696 + 88
26696 + 1440
26697 # 1504
26697 - 88 1
26697 + 1440
26698 # 1504
26698 - 1440 2
26698 - 1440 1
26699 # 1504
26699 + 1440
26700 # 1504
26700 - 1440 1
26701 # 1504
26701 + 1440
26702 # 1504
26702 - 1440 1
26703 # 1504
26703 + 1440
26704 # 1504
26704 - 1440 1
26705 # 1504
26705 + 1440
26706 # 1504
26706 - 1440 1
26706 + 88
26707 # 1504
26707 - 88 1
26707 + 1440
26708 # 1504
26708 - 1440 1
26709 # 1504
26709 + 1440
26710 # 1504
26710 - 1440 1
26711 # 1504
26711 + 1440
26712 # 1504
26712 - 1440 1
26713 # 1504
26713 + 1440
26714 # 1504
26714 - 1440 1
26715 # 1504
26715 + 1440
26716 # 1504
26716 - 1440 1
26716 + 88
26717 # 1504
26717 - 88 1
26717 + 1440
26718 # 1504
26718 - 1440 1
26719 # 1504
26719 + 1440
26720 # 1504
26720 - 1440 1
26721 # 1504
26721 + 1440
26722 # 1504
26722 - 1440 1
26723 # 1504
26723 + 1440
26724 # 1504
26724 - 1440 1
26725 # 1504
26725 + 1440
26726 # 1504
26726 - 1440 1
26727 # 1504
26727 + 1440
26728 # 1504
26728 - 1440 1
26728 + 88
26729 # 1504
26729 - 88 1
26729 + 1440
26730 # 1504
26730 - 1440 1
26731 # 1504
26731 + 1440
26732 # 1504
26732 - 1440 1
26733 # 1504
26733 + 1440
26734 # 1504
26734 - 1440 1
26734 + 1440
26735 # 1504
26735 - 1440 1
26736 # 1504
26736 + 1440
26737 # 1504
26737 - 1440 1
26738 # 1504
26738 + 1440
26739 # 1504
26739 - 1440 1
26739 + 88
26740 # 1504
26740 - 88 1
26740 + 1440
26741 # 1504
26741 - 1440 1
26741 + 1440
26742 # 1504
26742 - 1440 1
26743 # 1504
26743 + 1440
26744 # 1504
26744 - 1440 1
26745 # 1504
26745 + 1440
26746 # 1504
26746 - 1440 1
26746 + 1440
26747 # 1504
26747 - 1440 1
26748 # 1504
26748 + 1440
26749 # 1504
26749 - 1440 1
26750 # 1504
26750 + 1440
26750 + 88
26751 # 1504
26751 - 1440 1
26751 + 1440
26752 # 1504
26752 - 88 2
26752 - 1440 1
26753 # 1504
26753 + 1440
26754 # 1504
26754 - 1440 1
26755 # 1504
26755 + 1440
26756 # 1504
26756 - 1440 1
26757 # 1504
26757 + 1440
26758 # 1504
26758 - 1440 1
26759 # 1504
26759 + 1440
26760 # 1504
26760 - 1440 1
26761 # 1504
26761 + 1440
26761 + 88
26762 # 1504
26762 - 1440 1
26762 + 1440
26763 # 1504
26763 - 88 2
26763 - 1440 1
26764 # 1504
26764 + 1440
26765 # 1504
26765 - 1440 1
26766 # 1504
26766 + 1440
26767 # 1504
26767 - 1440 1
26768 # 1504
26768 + 1440
26769 # 1504
26769 - 1440 1
26770 # 1504
26770 + 1096
26771 # 1504
26771 - 1096 1
26772 # 1504
26772 + 1440
26773 # 1504
26773 - 1440 1
26773 + 88
26774 # 1504
26774 - 88 1
26774 + 1440
26775 # 1504
26775 - 1440 1
26776 # 1504
26776 + 1440
26777 # 1504
26777 - 1440 1
26778 # 1504
26779 # 1504
26779 + 1440
26780 # 1504
26780 - 1440 1
26781 # 1504
26781 + 1440
26782 # 1504
26782 - 1440 1
26783 # 1504
26783 + 1440
26784 # 1504
26784 - 1440 1
26784 + 88
26785 # 1504
26785 - 88 1
26785 + 1440
26786 # 1504
26786 - 1440 1
26787 # 1504
26787 + 1440
26788 # 1504
26788 - 1440 1
26789 # 1504
26789 + 1440
26790 # 1504
26790 - 1440 1
26791 # 1504
26791 + 1440
26792 # 1504
26792 - 1440 1
26793 # 1504
26794 # 1504
26794 + 1440
26795 # 1504
26795 - 1440 1
26795 + 88
26795 + 1440
26796 # 1504
26796 - 88 1
26797 # 1504
26797 - 1440 2
26797 + 1440
26798 # 1504
26798 - 1440 1
26799 # 1504
26799 + 1440
26800 # 1504
26800 - 1440 1
26801 # 1504
26801 + 1440
26802 # 1504
26802 - 1440 1
26802 + 1440
26803 # 1504
26803 - 1440 1
26804 # 1504
26804 + 1440
26805 # 1504
26805 - 1440 1
26805 + 88
26806 # 1504
26806 - 88 1
26806 + 1440
26807 # 1504
26807 - 1440 1
26808 # 1504
26808 + 1440
26809 # 1504
26809 - 1440 1
26810 # 1504
26810 + 1440
26811 # 1504
26811 - 1440 1
26811 + 1440
26812 # 1504
26812 - 1440 1
26813 # 1504
26813 + 1440
26814 # 1504
26814 - 1440 1
26815 # 1504
26815 + 1440
26816 # 1504
26816 - 1440 1
26816 + 88
26817 # 1504
26817 - 88 1
26817 + 1440
26818 # 1504
26818 - 1440 1
26819 # 1504
26819 + 1440
26820 # 1504
26820 - 1440 1
26821 # 1504
26821 + 1440
26822 # 1504
26822 - 1440 1
26823 # 1504
26823 + 1440
26824 # 1504
26824 - 1440 1
26824 + 1440
26825 # 1504
26825 - 1440 1
26826 # 1504
26826 + 1440
26827 # 1504
26827 - 1440 1
26827 + 88
26828 # 1504
26828 - 88 1
26828 + 1440
26829 # 1504
26829 - 1440 1
26830 # 1504
26830 + 1440
26831 # 1504
26831 - 1440 1
26832 # 1504
26832 + 1440
26833 # 1504
26833 - 1440 1
26834 # 1504
26834 + 1440
26835 # 1504
26835 - 1440 1
26836 # 1504
26836 + 1440
26837 # 1504
26837 - 1440 1
26838 # 1504
26838 + 1440
26838 + 88
26839 # 1504
26839 - 1440 1
26839 + 1440
26840 # 1504
26840 - 88 2
26840 - 1440 1
26841 # 1504
26841 + 1440
26842 # 1504
26842 - 1440 1
26843 # 1504
26843 + 1440
26844 # 1504
26844 - 1440 1
26845 # 1504
26845 + 1440
26846 # 1504
26846 - 1440 1
26847 # 1504
26847 + 1440
26848 # 1504
26848 - 1440 1
26849 # 1504
26849 + 1440
26850 # 1504
26850 - 1440 1
26851 # 1504
26851 + 1440
26851 + 88
26852 # 1504
26852 - 1440 1
26852 + 1440
26853 # 1504
26853 - 88 2
26853 - 1440 1
26854 # 1504
26854 + 1440
26855 # 1504
26855 - 1440 1
26856 # 1504
26856 + 1440
26857 # 1504
26857 - 1440 1
26857 + 1440
26858 # 1504
26858 - 1440 1
26859 # 1504
26859 + 1440
26860 # 1504
26860 - 1440 1
26860 + 88
26861 # 1504
26861 - 88 1
26861 + 1440
26862 # 1504
26862 - 1440 1
26862 + 1440
26863 # 1504
26863 - 1440 1
26864 # 1504
26864 + 1440
26865 # 1504
26865 - 1440 1
26866 # 1504
26866 + 1440
26867 # 1504
26867 - 1440 1
26867 + 1440
26868 # 1504
26868 - 1440 1
26869 # 1504
26869 + 1440
26870 # 1504
26870 - 1440 1
26871 # 1504
26871 + 1440
26872 # 1504
26872 - 1440 1
26872 + 88
26872 + 1440
26873 # 1504
26873 - 88 1
26874 # 1504
26874 - 1440 2
26874 + 1440
26875 # 1504
26875 - 1440 1
26876 # 1504
26876 + 1440
26877 # 1504
26877 - 1440 1
26877 + 1440
26878 # 1504
26878 - 1440 1
26879 # 1504
26879 + 1440
26880 # 1504
26880 - 1440 1
26881 # 1504
26881 + 1440
26882 # 1504
26882 - 1440 1
26883 # 1504
26883 + 1440
26884 # 1504
26884 - 1440 1
26884 + 1440
26884 + 88
26885 # 1504
26885 - 1440 1
26886 # 1504
26886 - 88 2
26886 + 1440
26887 # 1504
26887 - 1440 1
26888 # 1504
26888 + 1440
26889 # 1504
26889 - 1440 1
26890 # 1504
26890 + 1440
26891 # 1504
26891 - 1440 1
26892 # 1504
26892 + 1440
26893 # 1504
26893 - 1440 1
26894 # 1504
26894 + 1440
26895 # 1504
26895 - 1440 1
26895 + 88
26896 # 1504
26896 - 88 1
26896 + 1440
26897 # 1504
26897 - 1440 1
26898 # 1504
26898 + 1440
26899 # 1504
26899 - 1440 1
26900 # 1504
26900 + 1440
26901 # 1504
26901 - 1440 1
26902 # 1504
26902 + 1440
26903 # 1504
26903 - 1440 1
26904 # 1504
26904 + 1440
26905 # 1504
26905 - 1440 1
26905 + 1440
26906 # 1504
26906 - 1440 1
26906 + 88
26907 # 1504
26907 - 88 1
26907 + 1096
26908 # 1504
26908 - 1096 1
26909 # 1504
26909 + 1440
26910 # 1504
26910 - 1440 1
26911 # 1504
26911 + 1440
26911 + 88
26912 # 1504
26912 - 1440 1
26913 # 1504
26913 - 88 2
26913 + 1440
26914 # 1504
26914 - 1440 1
26915 # 1504
26915 + 1440
26916 # 1504
26916 - 1440 1
26917 # 1504
26917 + 1440
26918 # 1504
26918 - 1440 1
26919 # 1504
26919 + 1440
26920 # 1504
26920 - 1440 1
26921 # 1504
26921 + 1440
26922 # 1504
26922 - 1440 1
26922 + 88
26923 # 1504
26923 - 88 1
26923 + 1440
26924 # 1504
26924 - 1440 1
26925 # 1504
26925 + 1440
26926 # 1504
26926 - 1440 1
26927 # 1504
26927 + 1440
26928 # 1504
26928 - 1440 1
26929 # 1504
26929 + 1440
26930 # 1504
26930 - 1440 1
26931 # 1504
26932 # 1504
26932 + 1440
26933 # 1504
26933 - 1440 1
26933 + 88
26934 # 1504
26934 - 88 1
26934 + 1440
26935 # 1504
26935 - 1440 1
26936 # 1504
26936 + 1440
26937 # 1504
26937 - 1440 1
26938 # 1504
26938 + 1440
26939 # 1504
26939 - 1440 1
26940 # 1504
26940 + 1440
26941 # 1504
26941 - 1440 1
26942 # 1504
26942 + 1440
26943 # 1504
26943 - 1440 1
26943 + 88
26944 # 1504
26944 - 88 1
26944 + 1440
26945 # 1504
26945 - 1440 1
26946 # 1504
26946 + 1440
26947 # 1504
26947 - 1440 1
26948 # 1504
26948 + 1440
26949 # 1504
26949 - 1440 1
26949 + 1440
26950 # 1504
26950 - 1440 1
26951 # 1504
26951 + 1440
26952 # 1504
26952 - 1440 1
26953 # 1504
26953 + 1440
26954 # 1504
26954 - 1440 1
26954 + 88
26955 # 1504
26955 - 88 1
26955 + 1440
26956 # 1504
26956 - 1440 1
26957 # 1504
26957 + 1440
26958 # 1504
26958 - 1440 1
26958 + 1440
26959 # 1504
26959 - 1440 1
26960 # 1504
26960 + 1440
26961 # 1504
26961 - 1440 1
26962 # 1504
26962 + 1440
26963 # 1504
26963 - 1440 1
26964 # 1504
26964 + 1440
26965 # 1504
26965 - 1440 1
26965 + 88
26966 # 1504
26966 - 88 1
26966 + 1440
26967 # 1504
26967 - 1440 1
26967 + 1440
26968 # 1504
26968 - 1440 1
26969 # 1504
26969 + 1440
26970 # 1504
26970 - 1440 1
26971 # 1504
26971 + 1440
26972 # 1504
26972 - 1440 1
26973 # 1504
26973 + 1440
26974 # 1504
26974 - 1440 1
26975 # 1504
26975 + 1440
26976 # 1504
26976 - 1440 1
26976 + 88
26976 + 1440
26977 # 1504
26977 - 88 1
26978 # 1504
26978 - 1440 2
26978 + 1440
26979 # 1504
26979 - 1440 1
26980 # 1504
26980 + 1440
26981 # 1504
26981 - 1440 1
26982 # 1504
26982 + 1440
26983 # 1504
26983 - 1440 1
26984 # 1504
26985 # 1504
26985 + 1440
26986 # 1504
26986 - 1440 1
26987 # 1504
26987 + 1440
26987 + 88
26988 # 1504
26988 - 1440 1
26989 # 1504
26989 - 88 2
26989 + 1440
26990 # 1504
26990 - 1440 1
26991 # 1504
26991 + 1440
26992 # 1504
26992 - 1440 1
26993 # 1504
26993 + 1440
26994 # 1504
26994 - 1440 1
26995 # 1504
26995 + 1440
26996 # 1504
26996 - 1440 1
26997 # 1504
26997 + 1440
26998 # 1504
26998 - 1440 1
26998 + 88
26999 # 1504
26999 - 88 1
26999 + 1440
27000 # 1504
27000 - 1440 1
27001 # 1504
27001 + 1440
27002 # 1504
27002 - 1440 1
27003 # 1504
27003 + 1440
27004 # 1504
27004 - 1440 1
27005 # 1504
27006 # 1504
27006 + 1440
27007 # 1504
27007 - 1440 1
27008 # 1504
27008 + 1440
27009 # 1504
27009 - 1440 1
27009 + 88
27010 # 1504
27010 - 88 1
27010 + 1440
27011 # 1504
27011 - 1440 1
27012 # 1504
27012 + 1440
27013 # 1504
27013 - 1440 1
27014 # 1504
27014 + 1440
27015 # 1504
27015 - 1440 1
27016 # 1504
27016 + 1440
27017 # 1504
27017 - 1440 1
27018 # 1504
27018 + 1440
27019 # 1504
27019 - 1440 1
27020 # 1504
27020 + 1440
27021 # 1504
27021 - 1440 1
27021 + 88
27022 # 1504
27022 - 88 1
27023 # 1504
27023 + 1440
27024 # 1504
27024 - 1440 1
27025 # 1504
27025 + 1440
27026 # 1504
27026 - 1440 1
27027 # 1504
27027 + 1440
27028 # 1504
27028 - 1440 1
27029 # 1504
27030 # 1504
27030 + 1440
27031 # 1504
27031 - 1440 1
27032 # 1504
27032 + 1440
27033 # 1504
27033 - 1440 1
27033 + 88
27034 # 1504
27034 - 88 1
27035 # 1504
27035 + 1440
27036 # 1504
27036 - 1440 1
27037 # 1504
27037 + 1440
27038 # 1504
27038 - 1440 1
27039 # 1504
27039 + 1440
27040 # 1504
27040 - 1440 1
27041 # 1504
27042 # 1504
27042 + 1440
27043 # 1504
27043 - 1440 1
27044 # 1504
27044 + 1440
27045 # 1504
27045 - 1440 1
27045 + 88
27046 # 1504
27046 - 88 1
27046 + 1440
27047 # 1504
27047 - 1440 1
27048 # 1504
27048 + 1440
27049 # 1504
27049 - 1440 1
27050 # 1504
27050 + 1440
27051 # 1504
27051 - 1440 1
27052 # 1504
27052 + 1440
27053 # 1504
27053 - 1440 1
27054 # 1504
27054 + 1440
27055 # 1504
27055 - 1440 1
27056 # 1504
27056 + 1440
27057 # 1504
27057 - 1440 1
27057 + 88
27058 # 1504
27058 - 88 1
27058 + 1096
27059 # 1504
27059 - 1096 1
27060 # 1504
27060 + 1440
27061 # 1504
27061 - 1440 1
27061 + 88
27062 # 1504
27062 - 88 1
27062 + 1440
27063 # 1504
27063 - 1440 1
27063 + 1440
27064 # 1504
27064 - 1440 1
27065 # 1504
27066 # 1504
27066 + 1440
27067 # 1504
27067 - 1440 1
27068 # 1504
27068 + 1440
27069 # 1504
27069 - 1440 1
27070 # 1504
27070 + 1440
27071 # 1504
27071 - 1440 1
27071 + 1440
27072 # 1504
27072 - 1440 1
27072 + 88
27073 # 1504
27073 - 88 1
27074 # 1504
27074 + 1440
27075 # 1504
27075 - 1440 1
27076 # 1504
27076 + 1440
27077 # 1504
27077 - 1440 1
27077 + 1440
27078 # 1504
27078 - 1440 1
27079 # 1504
27079 + 1440
27080 # 1504
27080 - 1440 1
27081 # 1504
27081 + 1440
27082 # 1504
27082 - 1440 1
27083 # 1504
27083 + 1440
27084 # 1504
27084 - 1440 1
27085 # 1504
27085 + 88
27085 + 1440
27086 # 1504
27086 - 88 1
27087 # 1504
27087 - 1440 2
27087 + 1440
27088 # 1504
27088 - 1440 1
27089 # 1504
27090 # 1504
27090 + 1440
27091 # 1504
27091 - 1440 1
27092 # 1504
27092 + 1440
27093 # 1504
27093 - 1440 1
27094 # 1504
27094 + 1440
27094 + 88
27095 # 1504
27095 - 1440 1
27096 # 1504
27096 - 88 2
27096 + 1440
27097 # 1504
27097 - 1440 1
27098 # 1504
27098 + 1440
27099 # 1504
27099 - 1440 1
27100 # 1504
27100 + 1440
27101 # 1504
27101 - 1440 1
27102 # 1504
27102 + 1440
27103 # 1504
27103 - 1440 1
27104 # 1504
27104 + 1440
27105 # 1504
27105 - 1440 1
27105 + 88
27106 # 1504
27106 - 88 1
27106 + 1440
27107 # 1504
27107 - 1440 1
27108 # 1504
27108 + 1440
27109 # 1504
27109 - 1440 1
27110 # 1504
27110 + 1440
27111 # 1504
27111 - 1440 1
27112 # 1504
27112 + 1440
27113 # 1504
27113 - 1440 1
27113 + 1440
27114 # 1504
27114 - 1440 1
27115 # 1504
27115 + 1440
27116 # 1504
27116 - 1440 1
27116 + 88
27117 # 1504
27117 - 88 1
27117 + 1440
27118 # 1504
27118 - 1440 1
27119 # 1504
27119 + 1440
27120 # 1504
27120 - 1440 1
27121 # 1504
27121 + 1440
27122 # 1504
27122 - 1440 1
27122 + 1440
27123 # 1504
27123 - 1440 1
27124 # 1504
27125 # 1504
27125 + 1440
27126 # 1504
27126 - 1440 1
27127 # 1504
27127 + 1440
27127 + 88
27128 # 1504
27128 - 1440 1
27129 # 1504
27129 - 88 2
27129 + 1440
27130 # 1504
27130 - 1440 1
27131 # 1504
27131 + 1440
27132 # 1504
27132 - 1440 1
27133 # 1504
27133 + 1440
27134 # 1504
27134 - 1440 1
27135 # 1504
27135 + 1440
27136 # 1504
27136 - 1440 1
27137 # 1504
27137 + 1440
27137 + 88
27138 # 1504
27138 - 1440 1
27139 # 1504
27139 - 88 2
27139 + 1440
27140 # 1504
27140 - 1440 1
27141 # 1504
27142 # 1504
27142 + 1440
27143 # 1504
27143 - 1440 1
27144 # 1504
27144 + 1440
27145 # 1504
27145 - 1440 1
27146 # 1504
27146 + 1440
27147 # 1504
27147 - 1440 1
27147 + 1440
27148 # 1504
27148 - 1440 1
27148 + 88
27149 # 1504
27149 - 88 1
27149 + 1440
27150 # 1504
27150 - 1440 1
27151 # 1504
27151 + 1440
27152 # 1504
27152 - 1440 1
27153 # 1504
27153 + 1440
27154 # 1504
27154 - 1440 1
27155 # 1504
27155 + 1440
27156 # 1504
27156 - 1440 1
27156 + 1440
27157 # 1504
27157 - 1440 1
27158 # 1504
27158 + 1440
27159 # 1504
27159 - 1440 1
27159 + 88
27160 # 1504
27160 - 88 1
27160 + 1440
27161 # 1504
27161 - 1440 1
27162 # 1504
27162 + 1440
27163 # 1504
27163 - 1440 1
27164 # 1504
27164 + 1440
27165 # 1504
27165 - 1440 1
27166 # 1504
27166 + 1440
27167 # 1504
27167 - 1440 1
27168 # 1504
27168 + 1440
27169 # 1504
27169 - 1440 1
27169 + 88
27170 # 1504
27170 - 88 1
27170 + 1440
27171 # 1504
27171 - 1440 1
27172 # 1504
27172 + 1440
27173 # 1504
27173 - 1440 1
27174 # 1504
27174 + 1440
27175 # 1504
27175 - 1440 1
27176 # 1504
27176 + 1440
27177 # 1504
27177 - 1440 1
27178 # 1504
27178 + 1440
27179 # 1504
27179 - 1440 1
27180 # 1504
27180 + 1440
27181 # 1504
27181 - 1440 1
27182 # 1504
27182 + 88
27183 # 1504
27183 - 88 1
27183 + 1440
27184 # 1504
27184 - 1440 1
27185 # 1504
27185 + 1440
27186 # 1504
27186 - 1440 1
27187 # 1504
27187 + 1440
27188 # 1504
27188 - 1440 1
27189 # 1504
27189 + 1440
27190 # 1504
27190 - 1440 1
27190 + 1440
27191 # 1504
27191 - 1440 1
27192 # 1504
27192 + 1440
27193 # 1504
27193 - 1440 1
27193 + 88
27194 # 1504
27194 - 88 1
27194 + 1440
27195 # 1504
27195 - 1440 1
27196 # 1504
27196 + 1440
27197 # 1504
27197 - 1440 1
27198 # 1504
27198 + 1440
27199 # 1504
27199 - 1440 1
27200 # 1504
27200 + 1440
27201 # 1504
27201 - 1440 1
27202 # 1504
27202 + 1440
27203 # 1504
27203 - 1440 1
27204 # 1504
27205 # 1504
27205 + 1096
27205 + 88
27206 # 1504
27206 - 1096 1
27206 - 88 1
27207 # 1504
27207 + 1440
27208 # 1504
27208 - 1440 1
27208 + 88
27209 # 1504
27209 - 88 1
27209 + 1440
27210 # 1504
27210 - 1440 1
27211 # 1504
27212 # 1504
27212 + 1440
27213 # 1504
27213 - 1440 1
27214 # 1504
27214 + 1440
27215 # 1504
27215 - 1440 1
27216 # 1504
27216 + 1440
27217 # 1504
27217 - 1440 1
27218 # 1504
27219 # 1504
27219 + 1440
27219 + 88
27220 # 1504
27220 - 1440 1
27221 # 1504
27221 - 88 2
27221 + 1440
27222 # 1504
27222 - 1440 1
27223 # 1504
27223 + 1440
27224 # 1504
27224 - 1440 1
27225 # 1504
27226 # 1504
27226 + 1440
27227 # 1504
27227 - 1440 1
27228 # 1504
27228 + 1440
27229 # 1504
27229 - 1440 1
27230 # 1504
27230 + 1440
27230 + 88
27231 # 1504
27231 - 1440 1
27231 + 1440
27232 # 1504
27232 - 88 2
27232 - 1440 1
27233 # 1504
27233 + 1440
27234 # 1504
27234 - 1440 1
27235 # 1504
27235 + 1440
27236 # 1504
27236 - 1440 1
27237 # 1504
27237 + 1440
27238 # 1504
27238 - 1440 1
27239 # 1504
27239 + 1440
27240 # 1504
27240 - 1440 1
27241 # 1504
27241 + 88
27241 + 1440
27242 # 1504
27242 - 88 1
27243 # 1504
27243 - 1440 2
27243 + 1440
27244 # 1504
27244 - 1440 1
27245 # 1504
27245 + 1440
27246 # 1504
27246 - 1440 1
27247 # 1504
27248 # 1504
27248 + 1440
27249 # 1504
27249 - 1440 1
27250 # 1504
27250 + 1440
27251 # 1504
27251 - 1440 1
27252 # 1504
27252 + 1440
27253 # 1504
27253 - 1440 1
27253 + 88
27254 # 1504
27254 - 88 1
27255 # 1504
27255 + 1440
27256 # 1504
27256 - 1440 1
27257 # 1504
27257 + 1440
27258 # 1504
27258 - 1440 1
27259 # 1504
27259 + 1440
27260 # 1504
27260 - 1440 1
27261 # 1504
27262 # 1504
27262 + 1440
27263 # 1504
27263 - 1440 1
27264 # 1504
27264 + 1440
27264 + 88
27265 # 1504
27265 - 1440 1
27266 # 1504
27266 - 88 2
27266 + 1440
27267 # 1504
27267 - 1440 1
27268 # 1504
27269 # 1504
27269 + 1440
27270 # 1504
27270 - 1440 1
27271 # 1504
27271 + 1440
27272 # 1504
27272 - 1440 1
27273 # 1504
27273 + 1440
27274 # 1504
27274 - 1440 1
27275 # 1504
27275 + 1440
27276 # 1504
27276 - 1440 1
27276 + 88
27277 # 1504
27277 - 88 1
27277 + 1440
27278 # 1504
27278 - 1440 1
27279 # 1504
27279 + 1440
27280 # 1504
27280 - 1440 1
27281 # 1504
27281 + 1440
27282 # 1504
27282 - 1440 1
27283 # 1504
27283 + 1440
27284 # 1504
27284 - 1440 1
27285 # 1504
27285 + 1440
27286 # 1504
27286 - 1440 1
27287 # 1504
27287 + 1440
27287 + 88
27288 # 1504
27288 - 1440 1
27289 # 1504
27289 - 88 2
27289 + 1440
27290 # 1504
27290 - 1440 1
27291 # 1504
27291 + 1440
27292 # 1504
27292 - 1440 1
27293 # 1504
27293 + 1440
27294 # 1504
27294 - 1440 1
27295 # 1504
27295 + 1440
27296 # 1504
27296 - 1440 1
27297 # 1504
27297 + 1440
27297 + 88
27298 # 1504
27298 - 1440 1
27299 # 1504
27299 - 88 2
27299 + 1440
27300 # 1504
27300 - 1440 1
27301 # 1504
27301 + 1440
27302 # 1504
27302 - 1440 1
27303 # 1504
27303 + 1440
27304 # 1504
27304 - 1440 1
27305 # 1504
27306 # 1504
27306 + 1440
27307 # 1504
27307 - 1440 1
27308 # 1504
27308 + 1440
27308 + 88
27309 # 1504
27309 - 1440 1
27310 # 1504
27310 - 88 2
27310 + 1440
27311 # 1504
27311 - 1440 1
27312 # 1504
27312 + 1440
27313 # 1504
27313 - 1440 1
27313 + 1440
27314 # 1504
27314 - 1440 1
27315 # 1504
27315 + 1440
27316 # 1504
27316 - 1440 1
27317 # 1504
27317 + 1440
27318 # 1504
27318 - 1440 1
27319 # 1504
27319 + 1440
27320 # 1504
27320 - 1440 1
27320 + 88
27321 # 1504
27321 - 88 1
27321 + 1440
27322 # 1504
27322 - 1440 1
27322 + 1440
27323 # 1504
27323 - 1440 1
27324 # 1504
27324 + 1440
27325 # 1504
27325 - 1440 1
27326 # 1504
27326 + 1440
27327 # 1504
27327 - 1440 1
27328 # 1504
27328 + 1440
27329 # 1504
27329 - 1440 1
27330 # 1504
27330 + 1440
27330 + 88
27331 # 1504
27331 - 1440 1
27332 # 1504
27332 - 88 2
27332 + 1440
27333 # 1504
27333 - 1440 1
27334 # 1504
27334 + 1440
27335 # 1504
27335 - 1440 1
27336 # 1504
27336 + 1440
27337 # 1504
27337 - 1440 1
27338 # 1504
27338 + 1440
27339 # 1504
27339 - 1440 1
27340 # 1504
27341 # 1504
27341 + 1440
27341 + 88
27342 # 1504
27342 - 1440 1
27343 # 1504
27343 - 88 2
27343 + 1440
27344 # 1504
27344 - 1440 1
27345 # 1504
27345 + 1440
27346 # 1504
27346 - 1440 1
27347 # 1504
27347 + 1440
27348 # 1504
27348 - 1440 1
27349 # 1504
27349 + 1440
27350 # 1504
27350 - 1440 1
27351 # 1504
27351 + 1440
27352 # 1504
27352 - 1440 1
27352 + 88
27353 # 1504
27353 - 88 1
27353 + 1440
27354 # 1504
27354 - 1440 1
27354 + 1440
27355 # 1504
27355 - 1440 1
27356 # 1504
27356 + 1440
27357 # 1504
27357 - 1440 1
27358 # 1504
27358 + 1096
27359 # 1504
27359 - 1096 1
27360 # 1504
27360 + 1440
27361 # 1504
27361 - 1440 1
27361 + 88
27362 # 1504
27362 - 88 1
27362 + 1440
27363 # 1504
27363 - 1440 1
27363 + 1440
27364 # 1504
27364 - 1440 1
27365 # 1504
27365 + 1440
27366 # 1504
27366 - 1440 1
27367 # 1504
27367 + 1440
27368 # 1504
27368 - 1440 1
27369 # 1504
27369 + 1440
27370 # 1504
27370 - 1440 1
27371 # 1504
27371 + 1440
27371 + 88
27372 # 1504
27372 - 1440 1
27373 # 1504
27373 - 88 2
27373 + 1440
27374 # 1504
27374 - 1440 1
27374 + 1440
27375 # 1504
27375 - 1440 1
27376 # 1504
27376 + 1440
27377 # 1504
27377 - 1440 1
27378 # 1504
27378 + 1440
27379 # 1504
27379 - 1440 1
27380 # 1504
27380 + 1440
27381 # 1504
27381 - 1440 1
27382 # 1504
27382 + 1440
27382 + 88
27383 # 1504
27383 - 1440 1
27383 + 1440
27384 # 1504
27384 - 88 2
27384 - 1440 1
27385 # 1504
27385 + 1440
27386 # 1504
27386 - 1440 1
27387 # 1504
27387 + 1440
27388 # 1504
27388 - 1440 1
27388 + 1440
27389 # 1504
27389 - 1440 1
27390 # 1504
27390 + 1440
27391 # 1504
27391 - 1440 1
27392 # 1504
27392 + 1440
27393 # 1504
27393 - 1440 1
27393 + 88
27394 # 1504
27394 - 88 1
27394 + 1440
27395 # 1504
27395 - 1440 1
27395 + 1440
27396 # 1504
27396 - 1440 1
27397 # 1504
27397 + 1440
27398 # 1504
27398 - 1440 1
27399 # 1504
27399 + 1440
27400 # 1504
27400 - 1440 1
27400 + 1440
27401 # 1504
27401 - 1440 1
27402 # 1504
27402 + 1440
27403 # 1504
27403 - 1440 1
27404 # 1504
27404 + 1440
27404 + 88
27405 # 1504
27405 - 1440 1
27406 # 1504
27406 - 88 2
27406 + 1440
27407 # 1504
27407 - 1440 1
27408 # 1504
27408 + 1440
27409 # 1504
27409 - 1440 1
27410 # 1504
27410 + 1440
27411 # 1504
27411 - 1440 1
27412 # 1504
27412 + 1440
27413 # 1504
27413 - 1440 1
27413 + 1440
27414 # 1504
27414 - 1440 1
27415 # 1504
27415 + 1440
27416 # 1504
27416 - 1440 1
27416 + 88
27417 # 1504
27417 - 88 1
27417 + 1440
27418 # 1504
27418 - 1440 1
27419 # 1504
27419 + 1440
27420 # 1504
27420 - 1440 1
27421 # 1504
27421 + 1440
27422 # 1504
27422 - 1440 1
27423 # 1504
27423 + 1440
27424 # 1504
27424 - 1440 1
27425 # 1504
27425 + 1440
27426 # 1504
27426 - 1440 1
27427 # 1504
27427 + 1440
27427 + 88
27428 # 1504
27428 - 1440 1
27428 + 1440
27429 # 1504
27429 - 88 2
27429 - 1440 1
27430 # 1504
27430 + 1440
27431 # 1504
27431 - 1440 1
27432 # 1504
27432 + 1440
27433 # 1504
27433 - 1440 1
27434 # 1504
27434 + 1440
27435 # 1504
27435 - 1440 1
27436 # 1504
27436 + 1440
27437 # 1504
27437 - 1440 1
27437 + 1440
27438 # 1504
27438 - 1440 1
27438 + 88
27439 # 1504
27439 - 88 1
27439 + 1440
27440 # 1504
27440 - 1440 1
27441 # 1504
27441 + 1440
27442 # 1504
27442 - 1440 1
27442 + 1440
27443 # 1504
27443 - 1440 1
27444 # 1504
27444 + 1440
27445 # 1504
27445 - 1440 1
27446 # 1504
27446 + 1440
27447 # 1504
27447 - 1440 1
27447 + 1440
27448 # 1504
27448 - 1440 1
27449 # 1504
27449 + 88
27449 + 1440
27450 # 1504
27450 - 88 1
27450 + 1440
27451 # 1504
27451 - 1440 2
27451 - 1440 1
27452 # 1504
27452 + 1440
27453 # 1504
27453 - 1440 1
27454 # 1504
27454 + 1440
27455 # 1504
27455 - 1440 1
27455 + 1440
27456 # 1504
27456 - 1440 1
27457 # 1504
27457 + 1440
27458 # 1504
27458 - 1440 1
27459 # 1504
27459 + 1440
27459 + 88
27460 # 1504
27460 - 1440 1
27460 + 1440
27461 # 1504
27461 - 88 2
27461 - 1440 1
27462 # 1504
27462 + 1440
27463 # 1504
27463 - 1440 1
27463 + 1440
27464 # 1504
27464 - 1440 1
27465 # 1504
27465 + 1440
27466 # 1504
27466 - 1440 1
27467 # 1504
27467 + 1440
27468 # 1504
27468 - 1440 1
27468 + 1440
27469 # 1504
27469 - 1440 1
27469 + 88
27470 # 1504
27470 - 88 1
27470 + 1440
27471 # 1504
27471 - 1440 1
27471 + 1440
27472 # 1504
27472 - 1440 1
27473 # 1504
27473 + 1440
27474 # 1504
27474 - 1440 1
27474 + 1440
27475 # 1504
27475 - 1440 1
27476 # 1504
27476 + 1440
27477 # 1504
27477 - 1440 1
27477 + 1440
27478 # 1504
27478 - 1440 1
27478 + 1440
27479 # 1504
27479 - 1440 1
27480 # 1504
27480 + 1440
27481 # 1504
27481 - 1440 1
27481 + 88
27481 + 1440
27482 # 1504
27482 - 88 1
27482 + 1440
27483 # 1504
27483 - 1440 2
27483 - 1440 1
27484 # 1504
27484 + 1096
27485 # 1504
27485 - 1096 1
27485 + 1440
27486 # 1504
27486 - 1440 1
27487 # 1504
27487 + 1440
27487 + 88
27488 # 1504
27488 - 1440 1
27488 + 1440
27489 # 1504
27489 - 88 2
27489 - 1440 1
27489 + 1440
27490 # 1504
27490 - 1440 1
27491 # 1504
27491 + 1440
27492 # 1504
27492 - 1440 1
27492 + 1440
27493 # 1504
27493 - 1440 1
27494 # 1504
27494 + 1440
27495 # 1504
27495 - 1440 1
27495 + 1440
27496 # 1504
27496 - 1440 1
27497 # 1504
27497 + 1440
27498 # 1504
27498 - 1440 1
27498 + 88
27498 + 1440
27499 # 1504
27499 - 88 1
27500 # 1504
27500 - 1440 2
27500 + 1440
27501 # 1504
27501 - 1440 1
27501 + 1440
27502 # 1504
27502 - 1440 1
27502 + 1440
27503 # 1504
27503 - 1440 1
27504 # 1504
27504 + 1440
27505 # 1504
27505 - 1440 1
27505 + 1440
27506 # 1504
27506 - 1440 1
27506 + 1440
27507 # 1504
27507 - 1440 1
27508 # 1504
27508 + 88
27508 + 1440
27509 # 1504
27509 - 88 1
27509 + 1440
27510 # 1504
27510 - 1440 2
27510 - 1440 1
27511 # 1504
27511 + 1440
27512 # 1504
27512 - 1440 1
27512 + 1440
27513 # 1504
27513 - 1440 1
27513 + 1440
27514 # 1504
27514 - 1440 1
27515 # 1504
27515 + 1440
27516 # 1504
27516 - 1440 1
27517 # 1504
27517 + 1440
27518 # 1504
27518 - 1440 1
27518 + 1440
27519 # 1504
27519 - 1440 1
27519 + 88
27520 # 1504
27520 - 88 1
27520 + 1440
27521 # 1504
27521 - 1440 1
27521 + 1440
27522 # 1504
27522 - 1440 1
27523 # 1504
27523 + 1440
27524 # 1504
27524 - 1440 1
27524 + 1440
27525 # 1504
27525 - 1440 1
27526 # 1504
27526 + 1440
27527 # 1504
27527 - 1440 1
27528 # 1504
27528 + 1440
27529 # 1504
27529 - 1440 1
27529 + 1440
27530 # 1504
27530 - 1440 1
27531 # 1504
27531 + 1440
27531 + 88
27532 # 1504
27532 - 1440 1
27532 + 1440
27533 # 1504
27533 - 88 2
27533 - 1440 1
27533 + 1440
27534 # 1504
27534 - 1440 1
27535 # 1504
27535 + 1440
27536 # 1504
27536 - 1440 1
27536 + 1440
27537 # 1504
27537 - 1440 1
27537 + 1440
27538 # 1504
27538 - 1440 1
27539 # 1504
27539 + 1440
27540 # 1504
27540 - 1440 1
27540 + 1440
27541 # 1504
27541 - 1440 1
27541 + 88
27542 # 1504
27542 - 88 1
27542 + 1440
27543 # 1504
27543 - 1440 1
27543 + 1440
27544 # 1504
27544 - 1440 1
27545 # 1504
27545 + 1440
27546 # 1504
27546 - 1440 1
27546 + 1440
27547 # 1504
27547 - 1440 1
27548 # 1504
27548 + 1440
27549 # 1504
27549 - 1440 1
27549 + 1440
27550 # 1504
27550 - 1440 1
27551 # 1504
27551 + 1440
27552 # 1504
27552 - 1440 1
27552 + 88
27552 + 1440
27553 # 1504
27553 - 88 1
27554 # 1504
27554 - 1440 2
27554 + 1440
27555 # 1504
27555 - 1440 1
27556 # 1504
27556 + 1440
27557 # 1504
27557 - 1440 1
27557 + 1440
27558 # 1504
27558 - 1440 1
27559 # 1504
27559 + 1440
27560 # 1504
27560 - 1440 1
27560 + 1440
27561 # 1504
27561 - 1440 1
27562 # 1504
27562 + 1440
27562 + 88
27563 # 1504
27563 - 1440 1
27563 + 1440
27564 # 1504
27564 - 88 2
27564 - 1440 1
27564 + 1440
27565 # 1504
27565 - 1440 1
27566 # 1504
27566 + 1440
27567 # 1504
27567 - 1440 1
27567 + 1440
27568 # 1504
27568 - 1440 1
27569 # 1504
27569 + 1440
27570 # 1504
27570 - 1440 1
27570 + 1440
27571 # 1504
27571 - 1440 1
27572 # 1504
27572 + 1440
27573 # 1504
27573 - 1440 1
27573 + 1440
27574 # 1504
27574 - 1440 1
27575 # 1504
27575 + 88
27575 + 1440
27576 # 1504
27576 - 88 1
27576 + 1440
27577 # 1504
27577 - 1440 2
27577 - 1440 1
27577 + 1440
27578 # 1504
27578 - 1440 1
27579 # 1504
27579 + 1440
27580 # 1504
27580 - 1440 1
27580 + 1440
27581 # 1504
27581 - 1440 1
27582 # 1504
27582 + 1440
27583 # 1504
27583 - 1440 1
27583 + 1440
27584 # 1504
27584 - 1440 1
27584 + 1440
27585 # 1504
27585 - 1440 1
27586 # 1504
27586 + 88
27586 + 1440
27587 # 1504
27587 - 88 1
27587 + 1440
27588 # 1504
27588 - 1440 2
27588 - 1440 1
27589 # 1504
27589 + 1440
27590 # 1504
27590 - 1440 1
27590 + 1440
27591 # 1504
27591 - 1440 1
27592 # 1504
27592 + 1096
27593 # 1504
27593 - 1096 1
27593 + 1440
27594 # 1504
27594 - 1440 1
27595 # 1504
27595 + 1440
27595 + 88
27596 # 1504
27596 - 1440 1
27597 # 1504
27597 - 88 2
27597 + 1440
27598 # 1504
27598 - 1440 1
27598 + 1440
27599 # 1504
27599 - 1440 1
27600 # 1504
27600 + 1440
27601 # 1504
27601 - 1440 1
27601 + 1440
27602 # 1504
27602 - 1440 1
27603 # 1504
27603 + 1440
27604 # 1504
27604 - 1440 1
27604 + 1440
27605 # 1504
27605 - 1440 1
27605 + 88
27606 # 1504
27606 - 88 1
27606 + 1440
27607 # 1504
27607 - 1440 1
27607 + 1440
27608 # 1504
27608 - 1440 1
27609 # 1504
27609 + 1440
27610 # 1504
27610 - 1440 1
27611 # 1504
27611 + 1440
27612 # 1504
27612 - 1440 1
27612 + 1440
27613 # 1504
27613 - 1440 1
27614 # 1504
27614 + 1440
27615 # 1504
27615 - 1440 1
27615 + 1440
27616 # 1504
27616 - 1440 1
27616 + 88
27617 # 1504
27617 - 88 1
27617 + 1440
27618 # 1504
27618 - 1440 1
27618 + 1440
27619 # 1504
27619 - 1440 1
27620 # 1504
27620 + 1440
27621 # 1504
27621 - 1440 1
27621 + 1440
27622 # 1504
27622 - 1440 1
27623 # 1504
27623 + 1440
27624 # 1504
27624 - 1440 1
27624 + 1440
27625 # 1504
27625 - 1440 1
27626 # 1504
27626 + 1440
27627 # 1504
27627 - 1440 1
27627 + 88
27627 + 1440
27628 # 1504
27628 - 88 1
27629 # 1504
27629 - 1440 2
27629 + 1440
27630 # 1504
27630 - 1440 1
27630 + 1440
27631 # 1504
27631 - 1440 1
27632 # 1504
27632 + 1440
27633 # 1504
27633 - 1440 1
27633 + 1440
27634 # 1504
27634 - 1440 1
27635 # 1504
27635 + 1440
27636 # 1504
27636 - 1440 1
27636 + 1440
27637 # 1504
27637 - 1440 1
27637 + 88
27638 # 1504
27638 - 88 1
27638 + 1440
27639 # 1504
27639 - 1440 1
27640 # 1504
27640 + 1440
27641 # 1504
27641 - 1440 1
27642 # 1504
27642 + 1440
27643 # 1504
27643 - 1440 1
27643 + 1440
27644 # 1504
27644 - 1440 1
27645 # 1504
27645 + 1440
27646 # 1504
27646 - 1440 1
27647 # 1504
27647 + 1440
27647 + 88
27648 # 1504
27648 - 1440 1
27648 + 1440
27649 # 1504
27649 - 88 2
27649 - 1440 1
27650 # 1504
27650 + 1440
27651 # 1504
27651 - 1440 1
27652 # 1504
27652 + 1440
27653 # 1504
27653 - 1440 1
27653 + 1440
27654 # 1504
27654 - 1440 1
27655 # 1504
27655 + 1440
27656 # 1504
27656 - 1440 1
27656 + 1440
27657 # 1504
27657 - 1440 1
27657 + 1440
27658 # 1504
27658 - 1440 1
27658 + 88
27659 # 1504
27659 - 88 1
27659 + 1440
27660 # 1504
27660 - 1440 1
27660 + 1440
27661 # 1504
27661 - 1440 1
27662 # 1504
27662 + 1440
27663 # 1504
27663 - 1440 1
27663 + 1440
27664 # 1504
27664 - 1440 1
27665 # 1504
27665 + 1440
27666 # 1504
27666 - 1440 1
27666 + 1440
27667 # 1504
27667 - 1440 1
27668 # 1504
27668 + 1440
27668 + 88
27669 # 1504
27669 - 1440 1
27669 + 1440
27670 # 1504
27670 - 88 2
27670 - 1440 1
27670 + 1440
27671 # 1504
27671 - 1440 1
27672 # 1504
27672 + 1440
27673 # 1504
27673 - 1440 1
27673 + 1440
27674 # 1504
27674 - 1440 1
27675 # 1504
27675 + 1440
27676 # 1504
27676 - 1440 1
27676 + 1440
27677 # 1504
27677 - 1440 1
27677 + 1440
27678 # 1504
27678 - 1440 1
27679 # 1504
27679 + 1440
27680 # 1504
27680 - 1440 1
27680 + 88
27680 + 1440
27681 # 1504
27681 - 88 1
27682 # 1504
27682 - 1440 2
27682 + 1440
27683 # 1504
27683 - 1440 1
27683 + 1440
27684 # 1504
27684 - 1440 1
27685 # 1504
27685 + 1440
27686 # 1504
27686 - 1440 1
27687 # 1504
27687 + 1440
27688 # 1504
27688 - 1440 1
27688 + 1440
27689 # 1504
27689 - 1440 1
27690 # 1504
27690 + 1440
27690 + 88
27691 # 1504
27691 - 1440 1
27691 + 1440
27692 # 1504
27692 - 88 2
27692 - 1440 1
27693 # 1504
27693 + 1440
27694 # 1504
27694 - 1440 1
27694 + 1440
27695 # 1504
27695 - 1440 1
27696 # 1504
27696 + 1440
27697 # 1504
27697 - 1440 1
27697 + 1440
27698 # 1504
27698 - 1440 1
27699 # 1504
27699 + 1440
27700 # 1504
27700 - 1440 1
27700 + 1440
27701 # 1504
27701 - 1440 1
27701 + 88
27701 + 1440
27702 # 1504
27702 - 88 1
27703 # 1504
27703 - 1440 2
27703 + 1440
27704 # 1504
27704 - 1440 1
27704 + 1096
27705 # 1504
27705 - 1096 1
27705 + 1440
27706 # 1504
27706 - 1440 1
27707 # 1504
27707 + 1440
27707 + 88
27708 # 1504
27708 - 1440 1
27708 + 1440
27709 # 1504
27709 - 88 2
27709 - 1440 1
27710 # 1504
27710 + 1440
27711 # 1504
27711 - 1440 1
27711 + 1440
27712 # 1504
27712 - 1440 1
27713 # 1504
27713 + 1440
27714 # 1504
27714 - 1440 1
27714 + 1440
27715 # 1504
27715 - 1440 1
27716 # 1504
27716 + 1440
27717 # 1504
27717 - 1440 1
27717 + 88
27718 # 1504
27718 - 88 1
27718 + 1440
27719 # 1504
27719 - 1440 1
27719 + 1440
27720 # 1504
27720 - 1440 1
27721 # 1504
27721 + 1440
27722 # 1504
27722 - 1440 1
27722 + 1440
27723 # 1504
27723 - 1440 1
27724 # 1504
27724 + 1440
27725 # 1504
27725 - 1440 1
27725 + 1440
27726 # 1504
27726 - 1440 1
27727 # 1504
27727 + 1440
27728 # 1504
27728 - 1440 1
27728 + 88
27728 + 1440
27729 # 1504
27729 - 88 1
27730 # 1504
27730 - 1440 2
27730 + 1440
27731 # 1504
27731 - 1440 1
27731 + 1440
27732 # 1504
27732 - 1440 1
27733 # 1504
27733 + 1440
27734 # 1504
27734 - 1440 1
27734 + 1440
27735 # 1504
27735 - 1440 1
27736 # 1504
27736 + 1440
27737 # 1504
27737 - 1440 1
27737 + 1440
27738 # 1504
27738 - 1440 1
27739 # 1504
27739 + 1440
27739 + 88
27740 # 1504
27740 - 1440 1
27740 + 1440
27741 # 1504
27741 - 88 2
27741 - 1440 1
27742 # 1504
27742 + 1440
27743 # 1504
27743 - 1440 1
27743 + 1440
27744 # 1504
27744 - 1440 1
27745 # 1504
27745 + 1440
27746 # 1504
27746 - 1440 1
27746 + 1440
27747 # 1504
27747 - 1440 1
27748 # 1504
27748 + 1440
27749 # 1504
27749 - 1440 1
27749 + 88
27750 # 1504
27750 - 88 1
27750 + 1440
27751 # 1504
27751 - 1440 1
27751 + 1440
27752 # 1504
27752 - 1440 1
27753 # 1504
27753 + 1440
27754 # 1504
27754 - 1440 1
27754 + 1440
27755 # 1504
27755 - 1440 1
27756 # 1504
27756 + 1440
27757 # 1504
27757 - 1440 1
27757 + 1440
27758 # 1504
27758 - 1440 1
27759 # 1504
27759 + 1440
27760 # 1504
27760 - 1440 1
27760 + 1440
27760 + 88
27761 # 1504
27761 - 1440 1
27761 + 1440
27762 # 1504
27762 - 88 2
27762 - 1440 1
27763 # 1504
27763 + 1440
27764 # 1504
27764 - 1440 1
27764 + 1440
27765 # 1504
27765 - 1440 1
27765 + 1440
27766 # 1504
27766 - 1440 1
27767 # 1504
27767 + 1440
27768 # 1504
27768 - 1440 1
27768 + 1440
27769 # 1504
27769 - 1440 1
27770 # 1504
27770 + 1440
27770 + 88
27771 # 1504
27771 - 1440 1
27771 + 1440
27772 # 1504
27772 - 88 2
27772 - 1440 1
27772 + 1440
27773 # 1504
27773 - 1440 1
27774 # 1504
27774 + 1440
27775 # 1504
27775 - 1440 1
27775 + 1440
27776 # 1504
27776 - 1440 1
27777 # 1504
27777 + 1440
27778 # 1504
27778 - 1440 1
27778 + 1440
27779 # 1504
27779 - 1440 1
27779 + 1440
27780 # 1504
27780 - 1440 1
27781 # 1504
27781 + 1440
27782 # 1504
27782 - 1440 1
27782 + 88
27782 + 1440
27783 # 1504
27783 - 88 1
27783 + 1440
27784 # 1504
27784 - 1440 2
27784 - 1440 1
27785 # 1504
27785 + 1440
27786 # 1504
27786 - 1440 1
27786 + 1440
27787 # 1504
27787 - 1440 1
27787 + 1440
27788 # 1504
27788 - 1440 1
27789 # 1504
27789 + 1440
27790 # 1504
27790 - 1440 1
27790 + 1440
27791 # 1504
27791 - 1440 1
27791 + 1440
27792 # 1504
27792 - 1440 1
27793 # 1504
27793 + 1440
27793 + 88
27794 # 1504
27794 - 1440 1
27794 + 1440
27795 # 1504
27795 - 88 2
27795 - 1440 1
27795 + 1440
27796 # 1504
27796 - 1440 1
27797 # 1504
27797 + 1440
27798 # 1504
27798 - 1440 1
27798 + 1440
27799 # 1504
27799 - 1440 1
27800 # 1504
27800 + 1440
27801 # 1504
27801 - 1440 1
27801 + 1440
27802 # 1504
27802 - 1440 1
27803 # 1504
27803 + 1440
27804 # 1504
27804 - 1440 1
27804 + 88
27804 + 1440
27805 # 1504
27805 - 88 1
27805 + 1440
27806 # 1504
27806 - 1440 2
27806 - 1440 1
27807 # 1504
27807 + 1440
27808 # 1504
27808 - 1440 1
27808 + 1440
27809 # 1504
27809 - 1440 1
27810 # 1504
27810 + 1440
27811 # 1504
27811 - 1440 1
27811 + 1096
27812 # 1504
27812 - 1096 1
27813 # 1504
27813 + 1440
27814 # 1504
27814 - 1440 1
27814 + 88
27814 + 1440
27815 # 1504
27815 - 88 1
27815 + 1440
27816 # 1504
27816 - 1440 2
27816 - 1440 1
27817 # 1504
27817 + 1440
27818 # 1504
27818 - 1440 1
27818 + 1440
27819 # 1504
27819 - 1440 1
27819 + 1440
27820 # 1504
27820 - 1440 1
27820 + 1440
27821 # 1504
27821 - 1440 1
27822 # 1504
27822 + 1440
27823 # 1504
27823 - 1440 1
27823 + 1440
27824 # 1504
27824 - 1440 1
27824 + 1440
27824 + 88
27825 # 1504
27825 - 1440 1
27825 + 1440
27826 # 1504
27826 - 88 2
27826 - 1440 1
27827 # 1504
27827 + 1440
27828 # 1504
27828 - 1440 1
27828 + 1440
27829 # 1504
27829 - 1440 1
27829 + 1440
27830 # 1504
27830 - 1440 1
27830 + 1440
27831 # 1504
27831 - 1440 1
27831 + 1440
27832 # 1504
27832 - 1440 1
27832 + 1440
27833 # 1504
27833 - 1440 1
27834 # 1504
27834 + 1440
27835 # 1504
27835 - 1440 1
27835 + 1440
27835 + 88
27836 # 1504
27836 - 1440 1
27836 + 1440
27837 # 1504
27837 - 88 2
27837 - 1440 1
27838 # 1504
27838 + 1440
27839 # 1504
27839 - 1440 1
27839 + 1440
27840 # 1504
27840 - 1440 1
27840 + 1440
27841 # 1504
27841 - 1440 1
27842 # 1504
27842 + 1440
27843 # 1504
27843 - 1440 1
27843 + 1440
27844 # 1504
27844 - 1440 1
27844 + 1440
27845 # 1504
27845 - 1440 1
27845 + 88
27846 # 1504
27846 - 88 1
27846 + 1440
27847 # 1504
27847 - 1440 1
27847 + 1440
27848 # 1504
27848 - 1440 1
27848 + 1440
27849 # 1504
27849 - 1440 1
27850 # 1504
27850 + 1440
27851 # 1504
27851 - 1440 1
27851 + 1440
27852 # 1504
27852 - 1440 1
27852 + 1440
27853 # 1504
27853 - 1440 1
27854 # 1504
27854 + 1440
27855 # 1504
27855 - 1440 1
27855 + 1440
27856 # 1504
27856 - 1440 1
27856 + 88
27856 + 1440
27857 # 1504
27857 - 88 1
27858 # 1504
27858 - 1440 2
27858 + 1440
27859 # 1504
27859 - 1440 1
27859 + 1440
27860 # 1504
27860 - 1440 1
27860 + 1440
27861 # 1504
27861 - 1440 1
27862 # 1504
27862 + 1440
27863 # 1504
27863 - 1440 1
27863 + 1440
27864 # 1504
27864 - 1440 1
27864 + 1440
27865 # 1504
27865 - 1440 1
27865 + 1440
27866 # 1504
27866 - 1440 1
27867 # 1504
27867 + 1440
27867 + 88
27868 # 1504
27868 - 1440 1
27868 + 1440
27869 # 1504
27869 - 88 2
27869 - 1440 1
27869 + 1440
27870 # 1504
27870 - 1440 1
27871 # 1504
27871 + 1440
27872 # 1504
27872 - 1440 1
27872 + 1440
27873 # 1504
27873 - 1440 1
27873 + 1440
27874 # 1504
27874 - 1440 1
27874 + 1440
27875 # 1504
27875 - 1440 1
27876 # 1504
27876 + 1440
27877 # 1504
27877 - 1440 1
27877 + 88
27877 + 1440
27878 # 1504
27878 - 88 1
27879 # 1504
27879 - 1440 2
27879 + 1440
27880 # 1504
27880 - 1440 1
27880 + 1440
27881 # 1504
27881 - 1440 1
27881 + 1440
27882 # 1504
27882 - 1440 1
27883 # 1504
27883 + 1440
27884 # 1504
27884 - 1440 1
27884 + 1440
27885 # 1504
27885 - 1440 1
27886 # 1504
27886 + 1440
27887 # 1504
27887 - 1440 1
27887 + 88
27887 + 1440
27888 # 1504
27888 - 88 1
27889 # 1504
27889 - 1440 2
27889 + 1440
27890 # 1504
27890 - 1440 1
27890 + 1440
27891 # 1504
27891 - 1440 1
27891 + 1440
27892 # 1504
27892 - 1440 1
27892 + 1440
27893 # 1504
27893 - 1440 1
27894 # 1504
27894 + 1440
27895 # 1504
27895 - 1440 1
27895 + 1440
27896 # 1504
27896 - 1440 1
27896 + 1440
27897 # 1504
27897 - 1440 1
27897 + 88
27898 # 1504
27898 - 88 1
27898 + 1440
27899 # 1504
27899 - 1440 1
27899 + 1440
27900 # 1504
27900 - 1440 1
27900 + 1440
27901 # 1504
27901 - 1440 1
27901 + 1440
27902 # 1504
27902 - 1440 1
27903 # 1504
27903 + 1440
27904 # 1504
27904 - 1440 1
27904 + 1440
27905 # 1504
27905 - 1440 1
27906 # 1504
27906 + 1440
27907 # 1504
27907 - 1440 1
27907 + 1440
27908 # 1504
27908 - 1440 1
27909 # 1504
27909 + 1096
27909 + 88
27910 # 1504
27910 - 1096 1
27910 - 88 1
27910 + 1440
27911 # 1504
27911 - 1440 1
27912 # 1504
27912 + 1440
27912 + 88
27913 # 1504
27913 - 1440 1
27913 + 1440
27914 # 1504
27914 - 88 2
27914 - 1440 1
27914 + 1440
27915 # 1504
27915 - 1440 1
27916 # 1504
27916 + 1440
27917 # 1504
27917 - 1440 1
27917 + 1440
27918 # 1504
27918 - 1440 1
27919 # 1504
27919 + 1440
27920 # 1504
27920 - 1440 1
27920 + 1440
27921 # 1504
27921 - 1440 1
27921 + 1440
27922 # 1504
27922 - 1440 1
27923 # 1504
27923 + 1440
27923 + 88
27924 # 1504
27924 - 1440 1
27924 + 1440
27925 # 1504
27925 - 88 2
27925 - 1440 1
27925 + 1440
27926 # 1504
27926 - 1440 1
27926 + 1440
27927 # 1504
27927 - 1440 1
27928 # 1504
27928 + 1440
27929 # 1504
27929 - 1440 1
27929 + 1440
27930 # 1504
27930 - 1440 1
27930 + 1440
27931 # 1504
27931 - 1440 1
27931 + 1440
27932 # 1504
27932 - 1440 1
27932 + 1440
27933 # 1504
27933 - 1440 1
27933 + 88
27934 # 1504
27934 - 88 1
27934 + 1440
27935 # 1504
27935 - 1440 1
27935 + 1440
27936 # 1504
27936 - 1440 1
27936 + 1440
27937 # 1504
27937 - 1440 1
27937 + 1440
27938 # 1504
27938 - 1440 1
27938 + 1440
27939 # 1504
27939 - 1440 1
27940 # 1504
27940 + 1440
27941 # 1504
27941 - 1440 1
27941 + 1440
27942 # 1504
27942 - 1440 1
27942 + 1440
27943 # 1504
27943 - 1440 1
27944 # 1504
27944 + 1440
27944 + 88
27945 # 1504
27945 - 1440 1
27945 + 1440
27946 # 1504
27946 - 88 2
27946 - 1440 1
27946 + 1440
27947 # 1504
27947 - 1440 1
27947 + 1440
27948 # 1504
27948 - 1440 1
27949 # 1504
27949 + 1440
27950 # 1504
27950 - 1440 1
27950 + 1440
27951 # 1504
27951 - 1440 1
27951 + 1440
27952 # 1504
27952 - 1440 1
27953 # 1504
27953 + 1440
27954 # 1504
27954 - 1440 1
27954 + 1440
27955 # 1504
27955 - 1440 1
27955 + 88
27955 + 1440
27956 # 1504
27956 - 88 1
27957 # 1504
27957 - 1440 2
27957 + 1440
27958 # 1504
27958 - 1440 1
27958 + 1440
27959 # 1504
27959 - 1440 1
27959 + 1440
27960 # 1504
27960 - 1440 1
27960 + 1440
27961 # 1504
27961 - 1440 1
27961 + 1440
27962 # 1504
27962 - 1440 1
27963 # 1504
27963 + 1440
27964 # 1504
27964 - 1440 1
27964 + 1440
27965 # 1504
27965 - 1440 1
27965 + 1440
27965 + 88
27966 # 1504
27966 - 1440 1
27966 + 1440
27967 # 1504
27967 - 88 2
27967 - 1440 1
27968 # 1504
27968 + 1440
27969 # 1504
27969 - 1440 1
27969 + 1440
27970 # 1504
27970 - 1440 1
27970 + 1440
27971 # 1504
27971 - 1440 1
27972 # 1504
27972 + 1440
27973 # 1504
27973 - 1440 1
27973 + 1440
27974 # 1504
27974 - 1440 1
27974 + 1440
27975 # 1504
27975 - 1440 1
27976 # 1504
27976 + 1440
27976 + 88
27977 # 1504
27977 - 1440 1
27977 + 1440
27978 # 1504
27978 - 88 2
27978 - 1440 1
27978 + 1440
27979 # 1504
27979 - 1440 1
27980 # 1504
27980 + 1440
27981 # 1504
27981 - 1440 1
27981 + 1440
27982 # 1504
27982 - 1440 1
27982 + 1440
27983 # 1504
27983 - 1440 1
27983 + 1440
27984 # 1504
27984 - 1440 1
27985 # 1504
27985 + 1440
27986 # 1504
27986 - 1440 1
27986 + 1440
27986 + 88
27987 # 1504
27987 - 1440 1
27988 # 1504
27988 - 88 2
27988 + 1440
27989 # 1504
27989 - 1440 1
27989 + 1440
27990 # 1504
27990 - 1440 1
27990 + 1440
27991 # 1504
27991 - 1440 1
27992 # 1504
27992 + 1440
27993 # 1504
27993 - 1440 1
27993 + 1440
27994 # 1504
27994 - 1440 1
27994 + 1440
27995 # 1504
27995 - 1440 1
27996 # 1504
27996 + 1440
27997 # 1504
27997 - 1440 1
27997 + 88
27997 + 1440
27998 # 1504
27998 - 88 1
27999 # 1504
27999 - 1440 2
27999 + 1440
28000 # 1504
28000 - 1440 1
28000 + 1440
28001 # 1504
28001 - 1440 1
28001 + 1440
28002 # 1504
28002 - 1440 1
28003 # 1504
28003 + 1440
28004 # 1504
28004 - 1440 1
28004 + 1440
28005 # 1504
28005 - 1440 1
28006 # 1504
28006 + 1096
28007 # 1504
28007 - 1096 1
28007 + 1440
28007 + 88
28008 # 1504
28008 - 1440 1
28009 # 1504
28009 - 88 2
28009 + 1440
28009 + 88
28010 # 1504
28010 - 1440 1
28010 + 1440
28011 # 1504
28011 - 88 2
28011 - 1440 1
28011 + 1440
28012 # 1504
28012 - 1440 1
28012 + 1440
28013 # 1504
28013 - 1440 1
28014 # 1504
28014 + 1440
28015 # 1504
28015 - 1440 1
28015 + 1440
28016 # 1504
28016 - 1440 1
28016 + 1440
28017 # 1504
28017 - 1440 1
28017 + 1440
28018 # 1504
28018 - 1440 1
28019 # 1504
28019 + 1440
28019 + 88
28020 # 1504
28020 - 1440 1
28020 + 1440
28021 # 1504
28021 - 88 2
28021 - 1440 1
28021 + 1440
28022 # 1504
28022 - 1440 1
28023 # 1504
28023 + 1440
28024 # 1504
28024 - 1440 1
28024 + 1440
28025 # 1504
28025 - 1440 1
28026 # 1504
28026 + 1440
28027 # 1504
28027 - 1440 1
28027 + 1440
28028 # 1504
28028 - 1440 1
28029 # 1504
28029 + 1440
28030 # 1504
28030 - 1440 1
28030 + 1440
28030 + 88
28031 # 1504
28031 - 1440 1
28031 + 1440
28032 # 1504
28032 - 88 2
28032 - 1440 1
28033 # 1504
28033 + 1440
28034 # 1504
28034 - 1440 1
28034 + 1440
28035 # 1504
28035 - 1440 1
28036 # 1504
28036 + 1440
28037 # 1504
28037 - 1440 1
28037 + 1440
28038 # 1504
28038 - 1440 1
28038 + 1440
28039 # 1504
28039 - 1440 1
28040 # 1504
28040 + 1440
28041 # 1504
28041 - 1440 1
28041 + 1440
28041 + 88
28042 # 1504
28042 - 1440 1
28042 + 1440
28043 # 1504
28043 - 88 2
28043 - 1440 1
28043 + 1440
28044 # 1504
28044 - 1440 1
28045 # 1504
28045 + 1440
28046 # 1504
28046 - 1440 1
28046 + 1440
28047 # 1504
28047 - 1440 1
28047 + 1440
28048 # 1504
28048 - 1440 1
28048 + 1440
28049 # 1504
28049 - 1440 1
28050 # 1504
28050 + 1440
28051 # 1504
28051 - 1440 1
28051 + 1440
28051 + 88
28052 # 1504
28052 - 1440 1
28052 + 1440
28053 # 1504
28053 - 88 2
28053 - 1440 1
28054 # 1504
28054 + 1440
28055 # 1504
28055 - 1440 1
28055 + 1440
28056 # 1504
28056 - 1440 1
28056 + 1440
28057 # 1504
28057 - 1440 1
28058 # 1504
28058 + 1440
28059 # 1504
28059 - 1440 1
28059 + 1440
28060 # 1504
28060 - 1440 1
28060 + 1440
28061 # 1504
28061 - 1440 1
28061 + 1440
28061 + 88
28062 # 1504
28062 - 1440 1
28063 # 1504
28063 - 88 2
28063 + 1440
28064 # 1504
28064 - 1440 1
28064 + 1440
28065 # 1504
28065 - 1440 1
28065 + 1440
28066 # 1504
28066 - 1440 1
28067 # 1504
28067 + 1440
28068 # 1504
28068 - 1440 1
28068 + 1440
28069 # 1504
28069 - 1440 1
28069 + 1440
28070 # 1504
28070 - 1440 1
28071 # 1504
28071 + 1440
28072 # 1504
28072 - 1440 1
28072 + 1440
28072 + 88
28073 # 1504
28073 - 1440 1
28073 + 1440
28074 # 1504
28074 - 88 2
28074 - 1440 1
28075 # 1504
28075 + 1440
28076 # 1504
28076 - 1440 1
28076 + 1440
28077 # 1504
28077 - 1440 1
28077 + 1440
28078 # 1504
28078 - 1440 1
28078 + 1440
28079 # 1504
28079 - 1440 1
28079 + 1440
28080 # 1504
28080 - 1440 1
28081 # 1504
28081 + 1440
28082 # 1504
28082 - 1440 1
28082 + 1440
28083 # 1504
28083 - 1440 1
28083 + 1440
28083 + 88
28084 # 1504
28084 - 1440 1
28084 + 1440
28085 # 1504
28085 - 88 2
28085 - 1440 1
28086 # 1504
28086 + 1440
28087 # 1504
28087 - 1440 1
28087 + 1440
28088 # 1504
28088 - 1440 1
28088 + 1440
28089 # 1504
28089 - 1440 1
28089 + 1440
28090 # 1504
28090 - 1440 1
28090 + 1440
28091 # 1504
28091 - 1440 1
28092 # 1504
28092 + 1440
28093 # 1504
28093 - 1440 1
28093 + 1440
28094 # 1504
28094 - 1440 1
28094 + 1440
28094 + 88
28095 # 1504
28095 - 1440 1
28095 + 1440
28096 # 1504
28096 - 88 2
28096 - 1440 1
28096 + 1440
28097 # 1504
28097 - 1440 1
28098 # 1504
28098 + 1440
28099 # 1504
28099 - 1440 1
28099 + 1440
28100 # 1504
28100 - 1440 1
28100 + 1440
28101 # 1504
28101 - 1440 1
28102 # 1504
28102 + 1096
28103 # 1504
28103 - 1096 1
28103 + 1440
28104 # 1504
28104 - 1440 1
28104 + 1440
28104 + 88
28105 # 1504
28105 - 1440 1
28106 # 1504
28106 - 88 2
28106 + 1440
28107 # 1504
28107 - 1440 1
28107 + 1440
28108 # 1504
28108 - 1440 1
28108 + 1440
28109 # 1504
28109 - 1440 1
28110 # 1504
28110 + 1440
28111 # 1504
28111 - 1440 1
28111 + 1440
28112 # 1504
28112 - 1440 1
28112 + 1440
28113 # 1504
28113 - 1440 1
28114 # 1504
28114 + 1440
28115 # 1504
28115 - 1440 1
28115 + 1440
28115 + 88
28116 # 1504
28116 - 1440 1
28116 + 1440
28117 # 1504
28117 - 88 2
28117 - 1440 1
28117 + 1440
28118 # 1504
28118 - 1440 1
28119 # 1504
28119 + 1440
28120 # 1504
28120 - 1440 1
28120 + 1440
28121 # 1504
28121 - 1440 1
28121 + 1440
28122 # 1504
28122 - 1440 1
28122 + 1440
28123 # 1504
28123 - 1440 1
28124 # 1504
28124 + 1440
28125 # 1504
28125 - 1440 1
28125 + 1440
28125 + 88
28126 # 1504
28126 - 1440 1
28126 + 1440
28127 # 1504
28127 - 88 2
28127 - 1440 1
28128 # 1504
28128 + 1440
28129 # 1504
28129 - 1440 1
28129 + 1440
28130 # 1504
28130 - 1440 1
28130 + 1440
28131 # 1504
28131 - 1440 1
28132 # 1504
28132 + 1440
28133 # 1504
28133 - 1440 1
28133 + 1440
28134 # 1504
28134 - 1440 1
28134 + 1440
28135 # 1504
28135 - 1440 1
28136 # 1504
28136 + 1440
28136 + 88
28137 # 1504
28137 - 1440 1
28137 + 1440
28138 # 1504
28138 - 88 2
28138 - 1440 1
28138 + 1440
28139 # 1504
28139 - 1440 1
28140 # 1504
28140 + 1440
28141 # 1504
28141 - 1440 1
28141 + 1440
28142 # 1504
28142 - 1440 1
28142 + 1440
28143 # 1504
28143 - 1440 1
28143 + 1440
28144 # 1504
28144 - 1440 1
28144 + 1440
28145 # 1504
28145 - 1440 1
28146 # 1504
28146 + 1440
28147 # 1504
28147 - 1440 1
28147 + 1440
28147 + 88
28148 # 1504
28148 - 1440 1
28148 + 1440
28149 # 1504
28149 - 88 2
28149 - 1440 1
28149 + 1440
28150 # 1504
28150 - 1440 1
28151 # 1504
28151 + 1440
28152 # 1504
28152 - 1440 1
28152 + 1440
28153 # 1504
28153 - 1440 1
28153 + 1440
28154 # 1504
28154 - 1440 1
28154 + 1440
28155 # 1504
28155 - 1440 1
28155 + 1440
28156 # 1504
28156 - 1440 1
28157 # 1504
28157 + 1440
28158 # 1504
28158 - 1440 1
28158 + 1440
28159 # 1504
28159 - 1440 1
28159 + 1440
28159 + 88
28160 # 1504
28160 - 1440 1
28160 + 1440
28161 # 1504
28161 - 88 2
28161 - 1440 1
28161 + 1440
28162 # 1504
28162 - 1440 1
28163 # 1504
28163 + 1440
28164 # 1504
28164 - 1440 1
28164 + 1440
28165 # 1504
28165 - 1440 1
28165 + 1440
28166 # 1504
28166 - 1440 1
28167 # 1504
28167 + 1440
28168 # 1504
28168 - 1440 1
28168 + 1440
28169 # 1504
28169 - 1440 1
28169 + 1440
28170 # 1504
28170 - 1440 1
28170 + 1440
28170 + 88
28171 # 1504
28171 - 1440 1
28172 # 1504
28172 - 88 2
28172 + 1440
28173 # 1504
28173 - 1440 1
28173 + 1440
28174 # 1504
28174 - 1440 1
28174 + 1440
28175 # 1504
28175 - 1440 1
28175 + 1440
28176 # 1504
28176 - 1440 1
28177 # 1504
28177 + 1440
28178 # 1504
28178 - 1440 1
28178 + 1440
28179 # 1504
28179 - 1440 1
28179 + 1440
28180 # 1504
28180 - 1440 1
28180 + 1440
28181 # 1504
28181 - 1440 1
28181 + 1440
28181 + 88
28182 # 1504
28182 - 1440 1
28182 + 1440
28183 # 1504
28183 - 88 2
28183 - 1440 1
28183 + 1440
28184 # 1504
28184 - 1440 1
28184 + 1440
28185 # 1504
28185 - 1440 1
28185 + 1440
28186 # 1504
28186 - 1440 1
28187 # 1504
28187 + 1440
28188 # 1504
28188 - 1440 1
28188 + 1440
28189 # 1504
28189 - 1440 1
28189 + 1440
28190 # 1504
28190 - 1440 1
28190 + 1440
28191 # 1504
28191 - 1440 1
28192 # 1504
28192 + 1440
28192 + 88
28193 # 1504
28193 - 1440 1
28193 + 1440
28194 # 1504
28194 - 88 2
28194 - 1440 1
28194 + 1096
28195 # 1504
28195 - 1096 1
28195 + 1440
28196 # 1504
28196 - 1440 1
28196 + 1440
28196 + 88
28197 # 1504
28197 - 1440 1
28198 # 1504
28198 - 88 2
28198 + 1440
28199 # 1504
28199 - 1440 1
28199 + 1440
28200 # 1504
28200 - 1440 1
28200 + 1440
28201 # 1504
28201 - 1440 1
28201 + 1440
28202 # 1504
28202 - 1440 1
28202 + 1440
28203 # 1504
28203 - 1440 1
28203 + 1440
28204 # 1504
28204 - 1440 1
28204 + 1440
28205 # 1504
28205 - 1440 1
28205 + 1440
28206 # 1504
28206 - 1440 1
28206 + 1440
28207 # 1504
28207 - 1440 1
28207 + 1440
28207 + 88
28208 # 1504
28208 - 1440 1
28208 + 1440
28209 # 1504
28209 - 88 2
28209 - 1440 1
28209 + 1440
28210 # 1504
28210 - 1440 1
28211 # 1504
28211 + 1440
28212 # 1504
28212 - 1440 1
28212 + 1440
28213 # 1504
28213 - 1440 1
28213 + 1440
28214 # 1504
28214 - 1440 1
28214 + 1440
28215 # 1504
28215 - 1440 1
28215 + 1440
28216 # 1504
28216 - 1440 1
28216 + 1440
28217 # 1504
28217 - 1440 1
28217 + 1440
28218 # 1504
28218 - 1440 1
28218 + 1440
28218 + 88
28219 # 1504
28219 - 1440 1
28219 + 1440
28220 # 1504
28220 - 88 2
28220 - 1440 1
28220 + 1440
28221 # 1504
28221 - 1440 1
28221 + 1440
28222 # 1504
28222 - 1440 1
28222 + 1440
28223 # 1504
28223 - 1440 1
28223 + 1440
28224 # 1504
28224 - 1440 1
28224 + 1440
28225 # 1504
28225 - 1440 1
28225 + 1440
28226 # 1504
28226 - 1440 1
28226 + 1440
28227 # 1504
28227 - 1440 1
28227 + 1440
28228 # 1504
28228 - 1440 1
28228 + 1440
28228 + 88
28229 # 1504
28229 - 1440 1
28229 + 1440
28230 # 1504
28230 - 88 2
28230 - 1440 1
28230 + 1440
28231 # 1504
28231 - 1440 1
28231 + 1440
28232 # 1504
28232 - 1440 1
28232 + 1440
28233 # 1504
28233 - 1440 1
28233 + 1440
28234 # 1504
28234 - 1440 1
28234 + 1440
28235 # 1504
28235 - 1440 1
28235 + 1440
28236 # 1504
28236 - 1440 1
28236 + 1440
28237 # 1504
28237 - 1440 1
28237 + 1440
28238 # 1504
28238 - 1440 1
28238 + 1440
28239 # 1504
28239 - 1440 1
28239 + 1440
28239 + 88
28240 # 1504
28240 - 1440 1
28240 + 1440
28241 # 1504
28241 - 88 2
28241 - 1440 1
28241 + 1440
28242 # 1504
28242 - 1440 1
28242 + 1440
28243 # 1504
28243 - 1440 1
28243 + 1440
28244 # 1504
28244 - 1440 1
28244 + 1440
28245 # 1504
28245 - 1440 1
28245 + 1440
28246 # 1504
28246 - 1440 1
28246 + 1440
28247 # 1504
28247 - 1440 1
28247 + 1440
28248 # 1504
28248 - 1440 1
28248 + 1440
28249 # 1504
28249 - 1440 1
28250 # 1504
28250 + 1440
28250 + 88
28251 # 1504
28251 - 1440 1
28251 + 1440
28252 # 1504
28252 - 88 2
28252 - 1440 1
28252 + 1440
28253 # 1504
28253 - 1440 1
28253 + 1440
28254 # 1504
28254 - 1440 1
28254 + 1440
28255 # 1504
28255 - 1440 1
28255 + 1440
28256 # 1504
28256 - 1440 1
28256 + 1440
28257 # 1504
28257 - 1440 1
28257 + 1440
28258 # 1504
28258 - 1440 1
28259 # 1504
28259 + 1440
28260 # 1504
28260 - 1440 1
28260 + 1440
28260 + 88
28261 # 1504
28261 - 1440 1
28261 + 1440
28262 # 1504
28262 - 88 2
28262 - 1440 1
28262 + 1440
28263 # 1504
28263 - 1440 1
28263 + 1440
28264 # 1504
28264 - 1440 1
28264 + 1440
28265 # 1504
28265 - 1440 1
28265 + 1440
28266 # 1504
28266 - 1440 1
28266 + 1440
28267 # 1504
28267 - 1440 1
28267 + 1440
28268 # 1504
28268 - 1440 1
28268 + 1440
28269 # 1504
28269 - 1440 1
28269 + 1440
28270 # 1504
28270 - 1440 1
28270 + 1440
28270 + 88
28271 # 1504
28271 - 1440 1
28271 + 1440
28272 # 1504
28272 - 88 2
28272 - 1440 1
28272 + 1096
28273 # 1504
28273 - 1096 1
28273 + 1440
28274 # 1504
28274 - 1440 1
28274 + 1440
28274 + 88
28275 # 1504
28275 - 1440 1
28276 # 1504
28276 - 88 2
28276 + 1440
28277 # 1504
28277 - 1440 1
28277 + 1440
28278 # 1504
28278 - 1440 1
28278 + 1440
28279 # 1504
28279 - 1440 1
28279 + 1440
28280 # 1504
28280 - 1440 1
28280 + 1440
28281 # 1504
28281 - 1440 1
28281 + 1440
28282 # 1504
28282 - 1440 1
28282 + 1440
28283 # 1504
28283 - 1440 1
28283 + 1440
28284 # 1504
28284 - 1440 1
28284 + 1440
28285 # 1504
28285 - 1440 1
28285 + 88
28285 + 1440
28286 # 1504
28286 - 88 1
28286 + 1440
28287 # 1504
28287 - 1440 2
28287 - 1440 1
28287 + 1440
28288 # 1504
28288 - 1440 1
28288 + 1440
28289 # 1504
28289 - 1440 1
28289 + 1440
28290 # 1504
28290 - 1440 1
28291 # 1504
28291 + 1440
28292 # 1504
28292 - 1440 1
28292 + 1440
28293 # 1504
28293 - 1440 1
28293 + 1440
28294 # 1504
28294 - 1440 1
28294 + 1440
28295 # 1504
28295 - 1440 1
28295 + 1440
28295 + 88
28296 # 1504
28296 - 1440 1
28296 + 1440
28297 # 1504
28297 - 88 2
28297 - 1440 1
28297 + 1440
28298 # 1504
28298 - 1440 1
28298 + 1440
28299 # 1504
28299 - 1440 1
28299 + 1440
28300 # 1504
28300 - 1440 1
28300 + 1440
28301 # 1504
28301 - 1440 1
28301 + 1440
28302 # 1504
28302 - 1440 1
28302 + 1440
28303 # 1504
28303 - 1440 1
28303 + 1440
28304 # 1504
28304 - 1440 1
28304 + 1440
28305 # 1504
28305 - 1440 1
28305 + 1440
28305 + 88
28306 # 1504
28306 - 1440 1
28306 + 1440
28307 # 1504
28307 - 88 2
28307 - 1440 1
28307 + 1440
28308 # 1504
28308 - 1440 1
28308 + 1440
28309 # 1504
28309 - 1440 1
28309 + 1440
28310 # 1504
28310 - 1440 1
28310 + 1440
28311 # 1504
28311 - 1440 1
28311 + 1440
28312 # 1504
28312 - 1440 1
28312 + 1440
28313 # 1504
28313 - 1440 1
28313 + 1440
28314 # 1504
28314 - 1440 1
28314 + 1440
28315 # 1504
28315 - 1440 1
28316 # 1504
28316 + 1440
28316 + 88
28317 # 1504
28317 - 1440 1
28317 + 1440
28318 # 1504
28318 - 88 2
28318 - 1440 1
28318 + 1440
28319 # 1504
28319 - 1440 1
28319 + 1440
28320 # 1504
28320 - 1440 1
28320 + 1440
28321 # 1504
28321 - 1440 1
28321 + 1440
28322 # 1504
28322 - 1440 1
28322 + 1440
28323 # 1504
28323 - 1440 1
28324 # 1504
28324 + 1440
28325 # 1504
28325 - 1440 1
28325 + 1440
28326 # 1504
28326 - 1440 1
28326 + 1440
28326 + 88
28327 # 1504
28327 - 1440 1
28327 + 1440
28328 # 1504
28328 - 88 2
28328 - 1440 1
28328 + 1440
28329 # 1504
28329 - 1440 1
28329 + 1440
28330 # 1504
28330 - 1440 1
28330 + 1440
28331 # 1504
28331 - 1440 1
28331 + 1440
28332 # 1504
28332 - 1440 1
28332 + 1440
28333 # 1504
28333 - 1440 1
28333 + 1440
28334 # 1504
28334 - 1440 1
28334 + 1440
28335 # 1504
28335 - 1440 1
28335 + 1440
28336 # 1504
28336 - 1440 1
28336 + 1440
28336 + 88
28337 # 1504
28337 - 1440 1
28337 + 1440
28338 # 1504
28338 - 88 2
28338 - 1440 1
28338 + 1440
28339 # 1504
28339 - 1440 1
28339 + 1440
28340 # 1504
28340 - 1440 1
28340 + 1440
28341 # 1504
28341 - 1440 1
28341 + 1440
28342 # 1504
28342 - 1440 1
28343 # 1504
28343 + 1440
28344 # 1504
28344 - 1440 1
28344 + 1440
28345 # 1504
28345 - 1440 1
28345 + 1440
28346 # 1504
28346 - 1440 1
28346 + 1440
28347 # 1504
28347 - 1440 1
28347 + 1440
28347 + 88
28348 # 1504
28348 - 1440 1
28348 + 1440
28349 # 1504
28349 - 88 2
28349 - 1440 1
28349 + 1440
28350 # 1504
28350 - 1440 1
28350 + 1440
28351 # 1504
28351 - 1440 1
28351 + 1096
28352 # 1504
28352 - 1096 1
28352 + 1440
28353 # 1504
28353 - 1440 1
28353 + 1440
28353 + 88
28354 # 1504
28354 - 1440 1
28354 + 1440
28355 # 1504
28355 - 88 2
28355 - 1440 1
28355 + 1440
28355 + 1440
28356 # 1504
28356 - 1440 1
28356 + 1440
28357 # 1504
28357 - 1440 2
28357 + 1440
28358 # 1504
28358 - 1440 2
28359 # 1504
28359 - 1440 2
28359 + 1440
28360 # 1504
28360 - 1440 1
28360 + 1440
28361 # 1504
28361 - 1440 1
28361 + 1440
28362 # 1504
28362 - 1440 1
28362 + 1440
28363 # 1504
28363 - 1440 1
28363 + 1440
28363 + 88
28364 # 1504
28364 - 1440 1
28364 + 1440
28365 # 1504
28365 - 88 2
28365 - 1440 1
28365 + 1440
28366 # 1504
28366 - 1440 1
28366 + 1440
28367 # 1504
28367 - 1440 1
28367 + 1440
28368 # 1504
28368 - 1440 1
28368 + 1440
28369 # 1504
28369 - 1440 1
28369 + 1440
28370 # 1504
28370 - 1440 1
28371 # 1504
28371 + 1440
28372 # 1504
28372 - 1440 1
28372 + 1440
28373 # 1504
28373 - 1440 1
28373 + 1440
28374 # 1504
28374 - 1440 1
28374 + 1440
28374 + 88
28375 # 1504
28375 - 1440 1
28375 + 1440
28376 # 1504
28376 - 88 2
28376 - 1440 1
28376 + 1440
28377 # 1504
28377 - 1440 1
28377 + 1440
28378 # 1504
28378 - 1440 1
28378 + 1440
28379 # 1504
28379 - 1440 1
28379 + 1440
28380 # 1504
28380 - 1440 1
28380 + 1440
28381 # 1504
28381 - 1440 1
28381 + 1440
28382 # 1504
28382 - 1440 1
28382 + 1440
28383 # 1504
28383 - 1440 1
28383 + 1440
28384 # 1504
28384 - 1440 1
28384 + 1440
28385 # 1504
28385 - 1440 1
28385 + 1440
28386 # 1504
28386 - 1440 1
28386 + 88
28386 + 1440
28387 # 1504
28387 - 88 1
28387 + 1440
28388 # 1504
28388 - 1440 2
28388 - 1440 1
28388 + 1440
28389 # 1504
28389 - 1440 1
28390 # 1504
28390 + 1440
28391 # 1504
28391 - 1440 1
28391 + 1440
28392 # 1504
28392 - 1440 1
28392 + 1440
28393 # 1504
28393 - 1440 1
28393 + 1440
28394 # 1504
28394 - 1440 1
28394 + 1440
28395 # 1504
28395 - 1440 1
28395 + 1440
28395 + 88
28396 # 1504
28396 - 1440 1
28396 + 1440
28397 # 1504
28397 - 88 2
28397 - 1440 1
28397 + 1440
28398 # 1504
28398 - 1440 1
28398 + 1440
28399 # 1504
28399 - 1440 1
28399 + 1440
28400 # 1504
28400 - 1440 1
28400 + 1440
28401 # 1504
28401 - 1440 1
28401 + 1440
28402 # 1504
28402 - 1440 1
28402 + 1440
28403 # 1504
28403 - 1440 1
28403 + 1440
28404 # 1504
28404 - 1440 1
28405 # 1504
28405 + 1440
28406 # 1504
28406 - 1440 1
28406 + 1440
28406 + 88
28407 # 1504
28407 - 1440 1
28407 + 1440
28408 # 1504
28408 - 88 2
28408 - 1440 1
28408 + 1440
28409 # 1504
28409 - 1440 1
28409 + 1440
28410 # 1504
28410 - 1440 1
28410 + 1440
28411 # 1504
28411 - 1440 1
28411 + 1440
28412 # 1504
28412 - 1440 1
28412 + 1440
28413 # 1504
28413 - 1440 1
28413 + 1440
28414 # 1504
28414 - 1440 1
28414 + 1440
28415 # 1504
28415 - 1440 1
28415 + 1440
28416 # 1504
28416 - 1440 1
28416 + 1440
28417 # 1504
28417 - 1440 1
28418 # 1504
28418 + 1440
28418 + 88
28419 # 1504
28419 - 1440 1
28419 + 1440
28420 # 1504
28420 - 88 2
28420 - 1440 1
28420 + 1440
28421 # 1504
28421 - 1440 1
28421 + 1440
28422 # 1504
28422 - 1440 1
28422 + 1440
28423 # 1504
28423 - 1440 1
28423 + 1440
28424 # 1504
28424 - 1440 1
28424 + 1440
28425 # 1504
28425 - 1440 1
28425 + 1440
28426 # 1504
28426 - 1440 1
28427 # 1504
28427 + 1440
28428 # 1504
28428 - 1440 1
28428 + 1440
28428 + 88
28429 # 1504
28429 - 1440 1
28429 + 1440
28430 # 1504
28430 - 88 2
28430 - 1440 1
28430 + 1096
28431 # 1504
28431 - 1096 1
28431 + 1440
28432 # 1504
28432 - 1440 1
28432 + 1440
28432 + 88
28433 # 1504
28433 - 1440 1
28433 + 1440
28434 # 1504
28434 - 88 2
28434 - 1440 1
28434 + 1440
28435 # 1504
28435 - 1440 1
28435 + 1440
28436 # 1504
28436 - 1440 1
28436 + 1440
28437 # 1504
28437 - 1440 1
28437 + 1440
28438 # 1504
28438 - 1440 1
28438 + 1440
28439 # 1504
28439 - 1440 1
28439 + 1440
28440 # 1504
28440 - 1440 1
28440 + 1440
28441 # 1504
28441 - 1440 1
28441 + 1440
28442 # 1504
28442 - 1440 1
28442 + 1440
28442 + 88
28443 # 1504
28443 - 1440 1
28443 + 1440
28444 # 1504
28444 - 88 2
28444 - 1440 1
28444 + 1440
28445 # 1504
28445 - 1440 1
28445 + 1440
28446 # 1504
28446 - 1440 1
28446 + 1440
28447 # 1504
28447 - 1440 1
28447 + 1440
28448 # 1504
28448 - 1440 1
28449 # 1504
28449 + 1440
28450 # 1504
28450 - 1440 1
28450 + 1440
28451 # 1504
28451 - 1440 1
28451 + 1440
28452 # 1504
28452 - 1440 1
28452 + 1440
28453 # 1504
28453 - 1440 1
28453 + 1440
28453 + 88
28454 # 1504
28454 - 1440 1
28454 + 1440
28454 + 1440
28455 # 1504
28455 - 88 2
28455 - 1440 1
28455 + 1440
28456 # 1504
28456 - 1440 2
28456 + 1440
28457 # 1504
28457 - 1440 2
28457 + 1440
28458 # 1504
28458 - 1440 2
28458 + 1440
28459 # 1504
28459 - 1440 2
28459 + 1440
28460 # 1504
28460 - 1440 2
28460 + 1440
28461 # 1504
28461 - 1440 2
28461 + 1440
28462 # 1504
28462 - 1440 2
28462 + 1440
28463 # 1504
28463 - 1440 2
28463 + 1440
28464 # 1504
28464 - 1440 2
28464 + 88
28465 # 1504
28465 - 1440 2
28465 - 88 1
28465 + 1440
28466 # 1504
28466 - 1440 1
28466 + 1440
28467 # 1504
28467 - 1440 1
28467 + 1440
28468 # 1504
28468 - 1440 1
28468 + 1440
28469 # 1504
28469 - 1440 1
28469 + 1440
28470 # 1504
28470 - 1440 1
28470 + 1440
28471 # 1504
28471 - 1440 1
28471 + 1440
28472 # 1504
28472 - 1440 1
28472 + 1440
28473 # 1504
28473 - 1440 1
28473 + 1440
28474 # 1504
28474 - 1440 1
28474 + 1440
28474 + 88
28475 # 1504
28475 - 1440 1
28475 + 1440
28476 # 1504
28476 - 88 2
28476 - 1440 1
28476 + 1440
28477 # 1504
28477 - 1440 1
28477 + 1440
28478 # 1504
28478 - 1440 1
28478 + 1440
28479 # 1504
28479 - 1440 1
28479 + 1440
28480 # 1504
28480 - 1440 1
28480 + 1440
28481 # 1504
28481 - 1440 1
28481 + 1440
28482 # 1504
28482 - 1440 1
28482 + 1440
28483 # 1504
28483 - 1440 1
28483 + 1440
28484 # 1504
28484 - 1440 1
28484 + 1440
28484 + 1440
28485 # 1504
28485 - 1440 1
28485 + 88
28485 + 1440
28486 # 1504
28486 - 1440 2
28486 - 88 1
28486 + 1440
28487 # 1504
28487 - 1440 2
28487 + 1440
28488 # 1504
28488 - 1440 2
28488 + 1440
28489 # 1504
28489 - 1440 2
28489 + 1440
28490 # 1504
28490 - 1440 2
28490 + 1440
28491 # 1504
28491 - 1440 2
28491 + 1440
28492 # 1504
28492 - 1440 2
28492 + 1440
28493 # 1504
28493 - 1440 2
28493 + 1440
28494 # 1504
28494 - 1440 2
28494 + 1440
28495 # 1504
28495 - 1440 2
28495 + 1440
28495 + 88
28496 # 1504
28496 - 1440 2
28496 + 1440
28497 # 1504
28497 - 1440 2
28497 - 88 2
28497 + 1440
28498 # 1504
28498 - 1440 2
28498 + 1440
28499 # 1504
28499 - 1440 2
28499 + 1440
28500 # 1504
28500 - 1440 2
28500 + 1440
28501 # 1504
28501 - 1440 2
28501 + 1440
28502 # 1504
28502 - 1440 2
28502 + 1440
28503 # 1504
28503 - 1440 2
28503 + 1440
28504 # 1504
28504 - 1440 2
28504 + 1096
28505 # 1504
28505 - 1440 2
28505 - 1096 1
28505 + 1440
28506 # 1504
28506 - 1440 1
28506 + 1440
28506 + 88
28506 + 88
28507 # 1504
28507 - 1440 1
28507 + 1440
28508 # 1504
28508 - 88 2
28508 - 88 2
28508 + 1440
28509 # 1504
28509 - 1440 2
28509 - 1440 1
28509 + 1440
28510 # 1504
28510 - 1440 1
28510 + 1440
28511 # 1504
28511 - 1440 1
28511 + 1440
28512 # 1504
28512 - 1440 1
28512 + 1440
28513 # 1504
28513 - 1440 1
28513 + 1440
28514 # 1504
28514 - 1440 1
28514 + 1440
28515 # 1504
28515 - 1440 1
28515 + 1440
28516 # 1504
28516 - 1440 1
28516 + 1440
28516 + 88
28517 # 1504
28517 - 1440 1
28517 + 1440
28518 # 1504
28518 - 88 2
28518 - 1440 1
28518 + 1440
28519 # 1504
28519 - 1440 1
28519 + 1440
28520 # 1504
28520 - 1440 1
28521 # 1504
28521 + 1440
28522 # 1504
28522 - 1440 1
28522 + 1440
28523 # 1504
28523 - 1440 1
28523 + 1440
28524 # 1504
28524 - 1440 1
28524 + 1440
28525 # 1504
28525 - 1440 1
28525 + 1440
28525 + 1440
28526 # 1504
28526 - 1440 1
28526 + 1440
28527 # 1504
28527 - 1440 2
28527 + 1440
28528 # 1504
28528 - 1440 2
28528 + 1440
28529 # 1504
28529 - 1440 2
28529 + 88
28529 + 1440
28530 # 1504
28530 - 1440 2
28530 - 88 1
28530 + 1440
28531 # 1504
28531 - 1440 2
28531 + 1440
28532 # 1504
28532 - 1440 2
28532 + 1440
28533 # 1504
28533 - 1440 2
28533 + 1440
28534 # 1504
28534 - 1440 2
28534 + 1440
28535 # 1504
28535 - 1440 2
28535 + 1440
28536 # 1504
28536 - 1440 2
28536 + 1440
28537 # 1504
28537 - 1440 2
28537 + 1440
28538 # 1504
28538 - 1440 2
28538 + 1440
28538 + 88
28539 # 1504
28539 - 1440 2
28539 + 1440
28540 # 1504
28540 - 1440 2
28540 - 88 2
28540 + 1440
28541 # 1504
28541 - 1440 2
28541 + 1440
28542 # 1504
28542 - 1440 2
28542 + 1440
28543 # 1504
28543 - 1440 2
28543 + 1440
28544 # 1504
28544 - 1440 2
28544 + 1440
28545 # 1504
28545 - 1440 2
28545 + 1440
28546 # 1504
28546 - 1440 2
28546 + 1440
28547 # 1504
28547 - 1440 2
28547 + 1440
28548 # 1504
28548 - 1440 2
28548 + 1440
28549 # 1504
28549 - 1440 2
28549 + 88
28549 + 1440
28550 # 1504
28550 - 1440 2
28550 - 88 1
28551 # 1504
28551 - 1440 2
28551 + 1440
28552 # 1504
28552 - 1440 1
28552 + 1440
28553 # 1504
28553 - 1440 1
28553 + 1440
28554 # 1504
28554 - 1440 1
28554 + 1440
28555 # 1504
28555 - 1440 1
28555 + 1440
28556 # 1504
28556 - 1440 1
28556 + 1440
28557 # 1504
28557 - 1440 1
28557 + 1440
28558 # 1504
28558 - 1440 1
28558 + 1440
28559 # 1504
28559 - 1440 1
28559 + 1440
28559 + 88
28560 # 1504
28560 - 1440 1
28560 + 1440
28561 # 1504
28561 - 88 2
28561 - 1440 1
28561 + 1440
28562 # 1504
28562 - 1440 1
28562 + 1440
28563 # 1504
28563 - 1440 1
28563 + 1440
28564 # 1504
28564 - 1440 1
28564 + 1440
28565 # 1504
28565 - 1440 1
28565 + 1440
28566 # 1504
28566 - 1440 1
28567 # 1504
28567 + 1440
28568 # 1504
28568 - 1440 1
28568 + 1440
28569 # 1504
28569 - 1440 1
28569 + 1440
28570 # 1504
28570 - 1440 1
28570 + 1440
28570 + 88
28571 # 1504
28571 - 1440 1
28571 + 1440
28572 # 1504
28572 - 88 2
28572 - 1440 1
28572 + 1440
28573 # 1504
28573 - 1440 1
28573 + 1440
28574 # 1504
28574 - 1440 1
28574 + 1440
28575 # 1504
28575 - 1440 1
28575 + 1440
28576 # 1504
28576 - 1440 1
28576 + 1440
28577 # 1504
28577 - 1440 1
28577 + 1440
28578 # 1504
28578 - 1440 1
28578 + 1440
28579 # 1504
28579 - 1440 1
28579 + 1440
28580 # 1504
28580 - 1440 1
28580 + 1096
28581 # 1504
28581 - 1096 1
28581 + 1440
28582 # 1504
28582 - 1440 1
28582 + 88
28582 + 1440
28583 # 1504
28583 - 88 1
28583 + 88
28583 + 1440
28584 # 1504
28584 - 1440 2
28584 - 88 1
28585 # 1504
28585 - 1440 2
28585 + 1440
28586 # 1504
28586 - 1440 1
28586 + 1440
28587 # 1504
28587 - 1440 1
28587 + 1440
28588 # 1504
28588 - 1440 1
28588 + 1440
28589 # 1504
28589 - 1440 1
28589 + 1440
28590 # 1504
28590 - 1440 1
28590 + 1440
28591 # 1504
28591 - 1440 1
28592 # 1504
28592 + 1440
28593 # 1504
28593 - 1440 1
28593 + 1440
28593 + 88
28594 # 1504
28594 - 1440 1
28594 + 1440
28595 # 1504
28595 - 88 2
28595 - 1440 1
28595 + 1440
28596 # 1504
28596 - 1440 1
28596 + 1440
28597 # 1504
28597 - 1440 1
28597 + 1440
28598 # 1504
28598 - 1440 1
28599 # 1504
28599 + 1440
28600 # 1504
28600 - 1440 1
28600 + 1440
28601 # 1504
28601 - 1440 1
28601 + 1440
28602 # 1504
28602 - 1440 1
28602 + 1440
28603 # 1504
28603 - 1440 1
28603 + 1440
28603 + 88
28604 # 1504
28604 - 1440 1
28604 + 1440
28605 # 1504
28605 - 88 2
28605 - 1440 1
28605 + 1440
28606 # 1504
28606 - 1440 1
28606 + 1440
28607 # 1504
28607 - 1440 1
28608 # 1504
28608 + 1440
28609 # 1504
28609 - 1440 1
28609 + 1440
28610 # 1504
28610 - 1440 1
28610 + 1440
28611 # 1504
28611 - 1440 1
28612 # 1504
28612 + 1440
28613 # 1504
28613 - 1440 1
28613 + 1440
28614 # 1504
28614 - 1440 1
28614 + 88
28614 + 1440
28615 # 1504
28615 - 88 1
28615 + 1440
28616 # 1504
28616 - 1440 2
28616 - 1440 1
28616 + 1440
28617 # 1504
28617 - 1440 1
28618 # 1504
28618 + 1440
28619 # 1504
28619 - 1440 1
28619 + 1440
28620 # 1504
28620 - 1440 1
28620 + 1440
28621 # 1504
28621 - 1440 1
28621 + 1440
28622 # 1504
28622 - 1440 1
28623 # 1504
28623 + 1440
28624 # 1504
28624 - 1440 1
28624 + 1440
28625 # 1504
28625 - 1440 1
28625 + 1440
28625 + 88
28626 # 1504
28626 - 1440 1
28626 + 1440
28627 # 1504
28627 - 88 2
28627 - 1440 1
28627 + 1440
28628 # 1504
28628 - 1440 1
28628 + 1440
28629 # 1504
28629 - 1440 1
28630 # 1504
28630 + 1440
28631 # 1504
28631 - 1440 1
28631 + 1440
28632 # 1504
28632 - 1440 1
28632 + 1440
28633 # 1504
28633 - 1440 1
28633 + 1440
28634 # 1504
28634 - 1440 1
28634 + 1440
28635 # 1504
28635 - 1440 1
28635 + 1440
28635 + 88
28636 # 1504
28636 - 1440 1
28637 # 1504
28637 - 88 2
28637 + 1440
28638 # 1504
28638 - 1440 1
28638 + 1440
28639 # 1504
28639 - 1440 1
28639 + 1440
28640 # 1504
28640 - 1440 1
28640 + 1440
28641 # 1504
28641 - 1440 1
28641 + 1440
28642 # 1504
28642 - 1440 1
28643 # 1504
28643 + 1440
28644 # 1504
28644 - 1440 1
28644 + 1440
28645 # 1504
28645 - 1440 1
28645 + 1440
28646 # 1504
28646 - 1440 1
28646 + 1440
28646 + 88
28647 # 1504
28647 - 1440 1
28647 + 1440
28648 # 1504
28648 - 88 2
28648 - 1440 1
28648 + 1440
28649 # 1504
28649 - 1440 1
28649 + 1440
28650 # 1504
28650 - 1440 1
28650 + 1440
28651 # 1504
28651 - 1440 1
28651 + 1440
28652 # 1504
28652 - 1440 1
28652 + 1440
28653 # 1504
28653 - 1440 1
28653 + 1440
28654 # 1504
28654 - 1440 1
28655 # 1504
28655 + 1440
28656 # 1504
28656 - 1440 1
28656 + 1440
28657 # 1504
28657 - 1440 1
28657 + 1440
28657 + 88
28658 # 1504
28658 - 1440 1
28658 + 1440
28659 # 1504
28659 - 88 2
28659 - 1440 1
28659 + 1440
28660 # 1504
28660 - 1440 1
28660 + 1440
28661 # 1504
28661 - 1440 1
28661 + 1440
28662 # 1504
28662 - 1440 1
28662 + 1440
28663 # 1504
28663 - 1440 1
28663 + 1440
28664 # 1504
28664 - 1440 1
28664 + 1440
28665 # 1504
28665 - 1440 1
28665 + 1096
28666 # 1504
28666 - 1096 1
28667 # 1504
28667 + 1440
28668 # 1504
28668 - 1440 1
28668 + 1440
28668 + 88
28669 # 1504
28669 - 1440 1
28669 + 1440
28670 # 1504
28670 - 88 2
28670 - 1440 1
28670 + 1440
28671 # 1504
28671 - 1440 1
28671 + 1440
28672 # 1504
28672 - 1440 1
28673 # 1504
28673 + 1440
28674 # 1504
28674 - 1440 1
28674 + 1440
28675 # 1504
28675 - 1440 1
28675 + 1440
28676 # 1504
28676 - 1440 1
28676 + 1440
28677 # 1504
28677 - 1440 1
28677 + 1440
28678 # 1504
28678 - 1440 1
28679 # 1504
28679 + 1440
28679 + 88
28680 # 1504
28680 - 1440 1
28680 + 1440
28681 # 1504
28681 - 88 2
28681 - 1440 1
28681 + 1440
28682 # 1504
28682 - 1440 1
28682 + 1440
28683 # 1504
28683 - 1440 1
28683 + 1440
28684 # 1504
28684 - 1440 1
28684 + 1440
28685 # 1504
28685 - 1440 1
28685 + 1440
28686 # 1504
28686 - 1440 1
28686 + 1440
28687 # 1504
28687 - 1440 1
28687 + 1440
28688 # 1504
28688 - 1440 1
28688 + 1440
28689 # 1504
28689 - 1440 1
28690 # 1504
28690 + 1440
28690 + 88
28691 # 1504
28691 - 1440 1
28691 + 1440
28692 # 1504
28692 - 88 2
28692 - 1440 1
28692 + 1440
28693 # 1504
28693 - 1440 1
28693 + 1440
28694 # 1504
28694 - 1440 1
28694 + 1440
28695 # 1504
28695 - 1440 1
28695 + 1440
28696 # 1504
28696 - 1440 1
28696 + 1440
28697 # 1504
28697 - 1440 1
28698 # 1504
28698 + 1440
28699 # 1504
28699 - 1440 1
28699 + 1440
28700 # 1504
28700 - 1440 1
28700 + 1440
28700 + 88
28701 # 1504
28701 - 1440 1
28701 + 1440
28702 # 1504
28702 - 88 2
28702 - 1440 1
28702 + 1440
28703 # 1504
28703 - 1440 1
28703 + 1440
28704 # 1504
28704 - 1440 1
28704 + 1440
28705 # 1504
28705 - 1440 1
28705 + 1440
28706 # 1504
28706 - 1440 1
28706 + 1440
28707 # 1504
28707 - 1440 1
28707 + 1440
28708 # 1504
28708 - 1440 1
28708 + 1440
28709 # 1504
28709 - 1440 1
28709 + 1440
28710 # 1504
28710 - 1440 1
28710 + 1440
28710 + 88
28711 # 1504
28711 - 1440 1
28711 + 1440
28712 # 1504
28712 - 88 2
28712 - 1440 1
28712 + 1440
28713 # 1504
28713 - 1440 1
28713 + 1440
28714 # 1504
28714 - 1440 1
28714 + 1440
28715 # 1504
28715 - 1440 1
28715 + 1440
28716 # 1504
28716 - 1440 1
28716 + 1440
28717 # 1504
28717 - 1440 1
28717 + 1440
28718 # 1504
28718 - 1440 1
28718 + 1440
28719 # 1504
28719 - 1440 1
28719 + 1440
28720 # 1504
28720 - 1440 1
28720 + 1440
28720 + 88
28721 # 1504
28721 - 1440 1
28721 + 1440
28722 # 1504
28722 - 88 2
28722 - 1440 1
28723 # 1504
28723 + 1440
28724 # 1504
28724 - 1440 1
28724 + 1440
28725 # 1504
28725 - 1440 1
28725 + 1440
28726 # 1504
28726 - 1440 1
28726 + 1440
28727 # 1504
28727 - 1440 1
28727 + 1440
28728 # 1504
28728 - 1440 1
28728 + 1440
28729 # 1504
28729 - 1440 1
28729 + 1440
28730 # 1504
28730 - 1440 1
28730 + 1440
28731 # 1504
28731 - 1440 1
28731 + 1440
28731 + 88
28732 # 1504
28732 - 1440 1
28732 + 1440
28733 # 1504
28733 - 88 2
28733 - 1440 1
28733 + 1440
28734 # 1504
28734 - 1440 1
28734 + 1440
28735 # 1504
28735 - 1440 1
28735 + 1440
28736 # 1504
28736 - 1440 1
28736 + 1440
28737 # 1504
28737 - 1440 1
28737 + 1440
28738 # 1504
28738 - 1440 1
28738 + 1440
28739 # 1504
28739 - 1440 1
28739 + 1440
28740 # 1504
28740 - 1440 1
28740 + 1440
28741 # 1504
28741 - 1440 1
28741 + 1440
28742 # 1504
28742 - 1440 1
28742 + 1440
28742 + 88
28743 # 1504
28743 - 1440 1
28743 + 1440
28744 # 1504
28744 - 88 2
28744 - 1440 1
28744 + 1440
28745 # 1504
28745 - 1440 1
28745 + 1096
28746 # 1504
28746 - 1096 1
28746 + 1440
28747 # 1504
28747 - 1440 1
28747 + 1440
28747 + 88
28748 # 1504
28748 - 1440 1
28748 + 1440
28749 # 1504
28749 - 88 2
28749 - 1440 1
28749 + 1440
28749 + 1440
28750 # 1504
28750 - 1440 1
28751 # 1504
28751 - 1440 2
28751 + 1440
28752 # 1504
28752 - 1440 1
28752 + 1440
28753 # 1504
28753 - 1440 1
28753 + 1440
28754 # 1504
28754 - 1440 1
28754 + 1440
28755 # 1504
28755 - 1440 1
28755 + 1440
28756 # 1504
28756 - 1440 1
28756 + 1440
28757 # 1504
28757 - 1440 1
28757 + 1440
28758 # 1504
28758 - 1440 1
28758 + 1440
28758 + 88
28759 # 1504
28759 - 1440 1
28759 + 1440
28760 # 1504
28760 - 88 2
28760 - 1440 1
28760 + 1440
28761 # 1504
28761 - 1440 1
28761 + 1440
28761 + 1440
28762 # 1504
28762 - 1440 1
28762 + 1440
28763 # 1504
28763 - 1440 2
28763 + 1440
28764 # 1504
28764 - 1440 2
28764 + 1440
28765 # 1504
28765 - 1440 2
28765 + 1440
28766 # 1504
28766 - 1440 2
28766 + 1440
28767 # 1504
28767 - 1440 2
28767 + 1440
28768 # 1504
28768 - 1440 2
28768 + 1440
28768 + 88
28769 # 1504
28769 - 1440 2
28769 + 1440
28770 # 1504
28770 - 1440 2
28770 - 88 2
28770 + 1440
28771 # 1504
28771 - 1440 2
28771 + 1440
28772 # 1504
28772 - 1440 2
28772 + 1440
28773 # 1504
28773 - 1440 2
28773 + 1440
28774 # 1504
28774 - 1440 2
28774 + 1440
28775 # 1504
28775 - 1440 2
28775 + 1440
28776 # 1504
28776 - 1440 2
28776 + 1440
28777 # 1504
28777 - 1440 2
28777 + 1440
28778 # 1504
28778 - 1440 2
28778 + 1440
28779 # 1504
28779 - 1440 2
28779 + 1440
28779 + 88
28779 + 1440
28780 # 1504
28780 - 1440 2
28780 + 1440
28781 # 1504
28781 - 1440 2
28781 - 88 2
28781 + 1440
28782 # 1504
28782 - 1440 3
28782 + 1440
28783 # 1504
28783 - 1440 3
28783 + 1440
28784 # 1504
28784 - 1440 3
28784 + 1440
28785 # 1504
28785 - 1440 3
28785 + 1440
28786 # 1504
28786 - 1440 3
28786 + 1440
28786 + 1440
28787 # 1504
28787 - 1440 3
28787 - 1440 2
28787 + 1440
28788 # 1504
28788 - 1440 2
28788 + 1440
28789 # 1504
28789 - 1440 3
28789 + 1440
28789 + 88
28790 # 1504
28790 - 1440 3
28790 + 1440
28791 # 1504
28791 - 1440 3
28791 + 1440
28792 # 1504
28792 - 1440 3
28792 - 88 3
28792 + 1440
28793 # 1504
28793 - 1440 3
28793 + 1440
28793 + 1440
28794 # 1504
28794 - 1440 3
28794 + 1440
28795 # 1504
28795 - 1440 3
28795 + 1440
28796 # 1504
28796 - 1440 3
28796 + 1440
28797 # 1504
28797 - 1440 4
28797 + 1440
28797 + 1440
28798 # 1504
28798 - 1440 4
28798 + 1440
28799 # 1504
28799 - 1440 4
28799 + 1440
28800 # 1504
28800 - 1440 4
28800 + 1440
28800 + 88
28800 + 52
28800 + 1440
28801 # 1504
28801 - 1440 4
28801 + 1440
28802 # 1504
28802 - 1440 5
28802 + 1440
28803 # 1504
28803 - 1440 5
28803 + 1440
28803 + 1440
28804 # 1504
28804 - 1440 5
28804 + 1440
28805 # 1504
28805 - 1440 5
28805 - 88 5
28805 - 52 5
28805 + 1440
28806 # 1504
28806 - 1440 6
28806 + 1440
28806 + 1440
28807 # 1504
28807 - 1440 6
28807 + 1440
28808 # 1504
28808 - 1440 6
28808 + 1440
28809 # 1504
28809 - 1440 6
28809 + 1440
28809 + 1440
28810 # 1504
28810 - 1440 7
28810 + 1096
28811 # 1504
28811 - 1440 7
28811 + 1440
28811 + 88
28812 # 1504
28812 - 1440 7
28812 + 1440
28812 + 1440
28813 # 1504
28813 - 1440 7
28813 - 1440 7
28813 + 1440
28814 # 1504
28814 - 1440 7
28814 + 1440
28815 # 1504
28815 - 1440 7
28815 + 1440
28816 # 1504
28816 - 1440 7
28816 + 1440
28816 + 1440
28817 # 1504
28817 - 1440 8
28817 + 1440
28818 # 1504
28818 - 1096 8
28818 + 1440
28819 # 1504
28819 - 1440 8
28819 - 88 8
28819 + 1440
28819 + 88
28820 # 1504
28820 - 1440 8
28820 + 1440
28820 + 1440
28821 # 1504
28821 - 1440 9
28821 + 1440
28822 # 1504
28822 - 1440 9
28822 + 1440
28823 # 1504
28823 - 1440 9
28823 + 1440
28824 # 1504
28824 - 1440 9
28824 + 1440
28824 + 1440
28825 # 1504
28825 - 1440 9
28825 + 1440
28826 # 1504
28826 - 1440 10
28826 + 1440
28827 # 1504
28827 - 1440 10
28827 + 1440
28828 # 1504
28828 - 1440 10
28828 + 1440
28828 + 1440
28829 # 1504
28829 - 1440 10
28829 - 88 10
28829 + 1440
28830 # 1504
28830 - 1440 10
28830 + 1440
28830 + 88
28831 # 1504
28831 - 1440 11
28831 + 1440
28831 + 1440
28832 # 1504
28832 - 1440 11
28832 + 1440
28833 # 1504
28833 - 1440 11
28833 - 1440 10
28833 + 1440
28834 # 1504
28834 - 1440 10
28834 + 1440
28834 + 1440
28835 # 1504
28835 - 1440 11
28835 + 1440
28836 # 1504
28836 - 1440 11
28836 + 1440
28837 # 1504
28837 - 1440 11
28837 + 1440
28837 + 1440
28838 # 1504
28838 - 1440 11
28838 + 1440
28839 # 1504
28839 - 1440 11
28839 + 1440
28840 # 1504
28840 - 1440 12
28840 + 1440
28840 + 1440
28841 # 1504
28841 - 1440 12
28841 + 88
28841 + 1440
28842 # 1504
28842 - 1440 12
28842 - 88 12
28842 + 1440
28843 # 1504
28843 - 1440 12
28843 + 1440
28843 + 1440
28844 # 1504
28844 - 1440 13
28844 + 1440
28845 # 1504
28845 - 1440 13
28845 + 1440
28846 # 1504
28846 - 1440 13
28846 + 1440
28847 # 1504
28847 - 1440 13
28847 + 1440
28847 + 1440
28848 # 1504
28848 - 1440 14
28848 + 1440
28849 # 1504
28849 - 1440 14
28849 + 1440
28850 # 1504
28850 - 1440 14
28850 + 1440
28851 # 1504
28851 - 1440 14
28851 + 1440
28851 + 88
28852 # 1504
28852 - 1440 15
28852 + 1440
28852 + 1440
28853 # 1504
28853 - 1440 15
28853 + 1440
28854 # 1504
28854 - 1440 15
28854 + 1440
28855 # 1504
28855 - 1440 15
28855 + 1440
28856 # 1504
28856 - 1440 16
28856 - 88 15
28856 + 1440
28856 + 1440
28857 # 1504
28857 - 1440 16
28857 + 1440
28858 # 1504
28858 - 1440 16
28858 - 1440 15
28858 + 1440
28859 # 1504
28859 - 1440 16
28859 + 1440
28860 # 1504
28860 - 1440 16
28860 + 1440
28860 + 1440
28861 # 1504
28861 - 1440 16
28861 + 1440
28862 # 1504
28862 - 1440 16
28862 + 1440
28862 + 88
28863 # 1504
28863 - 1440 16
28863 + 1440
28864 # 1504
28864 - 1440 17
28864 + 1440
28864 + 1440
28865 # 1504
28865 - 1440 17
28865 + 1440
28866 # 1504
28866 - 1440 17
28866 + 1440
28867 # 1504
28867 - 1440 17
28867 + 1440
28867 + 1440
28868 # 1504
28868 - 1440 17
28868 - 88 17
28868 + 1096
28869 # 1504
28869 - 1440 17
28869 + 1440
28870 # 1504
28870 - 1440 18
28870 + 1440
28871 # 1504
28871 - 1440 18
28871 + 1440
28871 + 1440
28872 # 1504
28872 - 1440 18
28872 + 1440
28873 # 1504
28873 - 1440 18
28873 + 1440
28873 + 88
28874 # 1504
28874 - 1440 18
28874 + 1440
28875 # 1504
28875 - 1440 19
28875 + 1440
28875 + 1440
28876 # 1504
28876 - 1440 19
28876 + 1440
28877 # 1504
28877 - 1440 19
28877 + 1440
28878 # 1504
28878 - 1440 19
28878 + 1440
28879 # 1504
28879 - 1440 19
28879 + 1440
28879 + 1440
28880 # 1504
28880 - 1440 20
28880 + 1440
28881 # 1504
28881 - 1440 20
28881 + 1440
28882 # 1504
28882 - 1440 20
28882 - 88 20
28882 + 1440
28883 # 1504
28883 - 1440 20
28883 - 1440 19
28883 + 1440
28884 # 1504
28884 - 1440 20
28884 + 1440
28884 + 88
28884 + 1440
28885 # 1504
28885 - 1440 20
28885 + 1440
28886 # 1504
28886 - 1440 20
28886 + 1440
28887 # 1504
28887 - 1440 20
28887 + 1440
28888 # 1504
28888 - 1440 21
28888 + 1440
28888 + 1440
28889 # 1504
28889 - 1096 21
28889 + 1440
28890 # 1504
28890 - 1440 21
28890 + 1440
28890 + 88
28891 # 1504
28891 - 1440 21
28891 + 1440
28891 + 1440
28892 # 1504
28892 - 1440 21
28892 + 1440
28893 # 1504
28893 - 1440 22
28893 + 1440
28894 # 1504
28894 - 1440 22
28894 + 1440
28895 # 1504
28895 - 1440 22
28895 - 88 22
28895 + 1440
28895 + 1440
28896 # 1504
28896 - 1440 22
28896 + 1440
28897 # 1504
28897 - 1440 22
28897 + 1440
28898 # 1504
28898 - 1440 23
28898 + 1440
28899 # 1504
28899 - 1440 23
28899 + 1440
28899 + 1440
28900 # 1504
28900 - 1440 23
28900 + 1440
28901 # 1504
28901 - 1440 23
28901 + 1440
28901 + 88
28902 # 1504
28902 - 1440 23
28902 - 1440 23
28902 + 1440
28902 + 1440
28903 # 1504
28903 - 1440 23
28903 + 1440
28904 # 1504
28904 - 1440 23
28904 + 1440
28905 # 1504
28905 - 1440 23
28905 + 1440
28906 # 1504
28906 - 1440 23
28906 + 1440
28907 # 1504
28907 - 1440 23
28907 - 88 23
28907 + 1440
28908 # 1504
28908 - 1440 24
28908 + 1440
28909 # 1504
28909 - 1440 24
28909 + 1440
28910 # 1504
28910 - 1440 24
28910 + 1440
28910 + 1440
28911 # 1504
28911 - 1440 24
28911 + 1440
28912 # 1504
28912 - 1440 24
28912 + 1440
28912 + 88
28913 # 1504
28913 - 1440 25
28913 + 1440
28914 # 1504
28914 - 1440 25
28914 + 1440
28915 # 1504
28915 - 1440 25
28915 - 88 25
28915 + 1440
28916 # 1504
28916 - 1440 25
28916 + 1440
28916 + 1440
28917 # 1504
28917 - 1440 26
28917 + 1440
28918 # 1504
28918 - 1440 26
28918 + 1440
28919 # 1504
28919 - 1440 26
28919 + 1440
28920 # 1504
28920 - 1440 26
28920 + 1440
28921 # 1504
28921 - 1440 26
28921 + 1440
28922 # 1504
28922 - 1440 27
28922 + 1440
28922 + 1440
28923 # 1504
28923 - 1440 27
28923 + 88
28923 + 1440
28924 # 1504
28924 - 1440 27
28924 + 1440
28925 # 1504
28925 - 1440 27
28925 + 1440
28926 # 1504
28926 - 1440 27
28926 + 1440
28927 # 1504
28927 - 1440 28
28927 - 1440 27
28927 + 1440
28927 + 1440
28928 # 1504
28928 - 1440 27
28928 - 88 27
28928 + 1440
28929 # 1504
28929 - 1440 27
28929 + 1096
28930 # 1504
28930 - 1440 28
28930 + 1440
28931 # 1504
28931 - 1440 28
28931 + 1440
28932 # 1504
28932 - 1440 28
28932 + 1440
28932 + 1440
28933 # 1504
28933 - 1440 28
28933 + 1440
28934 # 1504
28934 - 1440 28
28934 + 1440
28934 + 88
28935 # 1504
28935 - 1440 28
28935 + 1440
28936 # 1504
28936 - 1440 28
28936 + 1440
28937 # 1504
28937 - 1440 28
28937 + 1440
28937 + 1440
28938 # 1504
28938 - 1440 28
28938 + 1440
28939 # 1504
28939 - 1440 29
28939 + 1440
28940 # 1504
28940 - 1440 29
28940 + 1440
28941 # 1504
28941 - 1440 29
28941 - 88 29
28941 + 1440
28941 + 1440
28942 # 1504
28942 - 1440 29
28942 + 1440
28943 # 1504
28943 - 1440 29
28943 + 1440
28944 # 1504
28944 - 1440 29
28944 + 1440
28945 # 1504
28945 - 1440 29
28945 + 1440
28945 + 88
28946 # 1504
28946 - 1440 30
28946 + 1440
28946 + 1440
28947 # 1504
28947 - 1440 30
28947 + 1440
28948 # 1504
28948 - 1440 30
28948 + 1440
28949 # 1504
28949 - 1440 30
28949 + 1440
28950 # 1504
28950 - 1440 30
28950 + 1440
28951 # 1504
28951 - 1440 30
28951 + 1440
28951 + 1440
28952 # 1504
28952 - 1440 30
28952 - 1440 30
28952 + 1440
28953 # 1504
28953 - 88 30
28953 + 1440
28954 # 1504
28954 - 1440 31
28954 - 1440 30
28954 + 1440
28955 # 1504
28955 - 1440 30
28955 + 1440
28955 + 1440
28956 # 1504
28956 - 1440 30
28956 + 88
28956 + 1440
28957 # 1504
28957 - 1440 30
28957 + 1440
28958 # 1504
28958 - 1440 31
28958 + 1440
28959 # 1504
28959 - 1440 31
28959 + 1440
28960 # 1504
28960 - 1096 31
28960 + 1440
28961 # 1504
28961 - 1440 31
28961 + 1440
28961 + 88
28962 # 1504
28962 - 1440 31
28962 + 1440
28963 # 1504
28963 - 1440 31
28963 + 1440
28964 # 1504
28964 - 1440 32
28964 + 1440
28965 # 1504
28965 - 1440 32
28965 + 1440
28966 # 1504
28966 - 1440 32
28966 - 88 32
28966 + 1440
28967 # 1504
28967 - 1440 32
28967 + 1440
28968 # 1504
28968 - 1440 32
28968 + 1440
28968 + 1440
28969 # 1504
28969 - 1440 32
28969 + 1440
28970 # 1504
28970 - 1440 33
28970 + 1440
28971 # 1504
28971 - 1440 33
28971 + 1440
28971 + 88
28972 # 1504
28972 - 1440 33
28972 - 1440 32
28972 + 1440
28973 # 1504
28973 - 1440 32
28973 + 1440
28974 # 1504
28974 - 1440 33
28974 + 1440
28975 # 1504
28975 - 1440 33
28975 + 1440
28976 # 1504
28976 - 1440 33
28976 + 1440
28977 # 1504
28977 - 1440 33
28977 + 1440
28978 # 1504
28978 - 1440 33
28978 - 88 33
28978 + 1440
28978 + 1440
28979 # 1504
28979 - 1440 33
28979 + 1440
28980 # 1504
28980 - 1440 34
28980 + 1440
28981 # 1504
28981 - 1440 34
28981 + 1440
28982 # 1504
28982 - 1440 34
28982 + 1440
28982 + 88
28983 # 1504
28983 - 1440 34
28983 + 1440
28984 # 1504
28984 - 1440 34
28984 + 1440
28985 # 1504
28985 - 1440 34
28985 + 1440
28986 # 1504
28986 - 1440 35
28986 + 1440
28986 + 1440
28987 # 1504
28987 - 1440 35
28987 + 1440
28988 # 1504
28988 - 1440 35
28988 + 1440
28989 # 1504
28989 - 1440 35
28989 + 1440
28990 # 1504
28990 - 1440 35
28990 + 1440
28991 # 1504
28991 - 1440 36
28991 - 88 35
28991 + 1440
28992 # 1504
28992 - 1440 36
28992 + 1440
28993 # 1504
28993 - 1440 36
28993 + 1440
28993 + 88
28993 + 1096
28994 # 1504
28994 - 1440 36
28994 + 1440
28995 # 1504
28995 - 1440 36
28995 + 1440
28996 # 1504
28996 - 1440 36
28996 + 1440
28997 # 1504
28997 - 1440 36
28997 - 88 36
28997 + 1440
28998 # 1504
28998 - 1440 36
28998 + 1440
28999 # 1504
28999 - 1440 36
28999 - 1440 35
28999 + 1440
29000 # 1504
29000 - 1440 35
29000 + 1440
29001 # 1504
29001 - 1440 35
29001 + 1440
29001 + 1440
29002 # 1504
29002 - 1440 35
29002 + 1440
29003 # 1504
29003 - 1440 35
29003 + 1440
29003 + 88
29004 # 1504
29004 - 1440 36
29004 + 1440
29005 # 1504
29005 - 1440 36
29005 + 1440
29006 # 1504
29006 - 1440 36
29006 + 1440
29007 # 1504
29007 - 1440 36
29007 - 88 36
29007 + 1440
29008 # 1504
29008 - 1440 36
29008 + 1440
29009 # 1504
29009 - 1440 36
29009 + 1440
29010 # 1504
29010 - 1440 36
29010 + 1440
29011 # 1504
29011 - 1440 36
29011 + 1440
29012 # 1504
29012 - 1440 36
29012 + 1440
29013 # 1504
29013 - 1440 36
29013 + 1440
29014 # 1504
29014 - 1440 36
29014 + 1440
29014 + 88
29015 # 1504
29015 - 1440 37
29015 + 1440
29016 # 1504
29016 - 1440 37
29016 + 1440
29017 # 1504
29017 - 1440 37
29017 + 1440
29018 # 1504
29018 - 1440 37
29018 + 1440
29019 # 1504
29019 - 1440 37
29019 - 88 37
29019 + 1440
29020 # 1504
29020 - 1440 37
29020 + 1440
29021 # 1504
29021 - 1440 37
29021 + 1440
29022 # 1504
29022 - 1440 37
29022 + 1440
29022 + 1440
29023 # 1504
29023 - 1440 37
29024 # 1504
29024 - 1440 38
29024 - 1440 37
29024 + 1440
29025 # 1504
29025 - 1440 37
29025 + 1440
29025 + 88
29025 + 1440
29026 # 1504
29026 - 1440 37
29026 + 1440
29027 # 1504
29027 - 1440 37
29027 + 1440
29028 # 1504
29028 - 1440 37
29028 + 1440
29029 # 1504
29029 - 1440 37
29029 + 1440
29030 # 1504
29030 - 1440 37
29030 - 88 37
29030 + 1440
29031 # 1504
29031 - 1096 38
29031 + 1440
29032 # 1504
29032 - 1440 38
29032 + 1440
29032 + 88
29033 # 1504
29033 - 1440 38
29033 + 1440
29034 # 1504
29034 - 1440 38
29034 + 1440
29035 # 1504
29035 - 1440 38
29035 + 1440
29036 # 1504
29036 - 1440 38
29036 + 1440
29037 # 1504
29037 - 1440 38
29037 + 1440
29038 # 1504
29038 - 1440 38
29038 + 1440
29039 # 1504
29039 - 1440 38
29039 + 1440
29040 # 1504
29040 - 1440 39
29040 + 1440
29041 # 1504
29041 - 1440 39
29041 + 1440
29042 # 1504
29042 - 1440 39
29042 - 88 39
29042 + 1440
29043 # 1504
29043 - 1440 39
29043 + 1440
29043 + 88
29044 # 1504
29044 - 1440 39
29044 - 1440 38
29044 + 1440
29045 # 1504
29045 - 1440 38
29045 + 1440
29046 # 1504
29046 - 1440 38
29046 + 1440
29046 + 1440
29047 # 1504
29047 - 1440 38
29047 + 1440
29048 # 1504
29048 - 1440 38
29048 + 1440
29049 # 1504
29049 - 1440 38
29049 + 1440
29050 # 1504
29050 - 1440 38
29050 + 1440
29051 # 1504
29051 - 1440 38
29051 + 1440
29052 # 1504
29052 - 1440 38
29052 - 88 38
29052 + 1440
29053 # 1504
29053 - 1440 38
29053 + 1440
29053 + 88
29054 # 1504
29054 - 1440 38
29054 + 1440
29055 # 1504
29055 - 1440 38
29055 + 1440
29056 # 1504
29056 - 1440 38
29056 + 1440
29057 # 1504
29057 - 1440 38
29057 + 1440
29058 # 1504
29058 - 1440 38
29058 + 1440
29059 # 1504
29059 - 1440 38
29059 + 1440
29059 + 1440
29060 # 1504
29060 - 1440 38
29060 + 1440
29061 # 1504
29061 - 1440 39
29061 + 1440
29062 # 1504
29062 - 1440 38
29062 + 1440
29063 # 1504
29063 - 1440 38
29063 - 88 38
29063 + 1096
29063 + 88
29064 # 1504
29064 - 1440 39
29064 + 1440
29065 # 1504
29065 - 1440 39
29065 + 1440
29066 # 1504
29066 - 1440 39
29066 + 1440
29067 # 1504
29067 - 1440 39
29067 + 1440
29068 # 1504
29068 - 1440 39
29068 + 1440
29069 # 1504
29069 - 1440 39
29069 - 1440 38
29069 + 1440
29070 # 1504
29070 - 1440 38
29070 - 88 38
29070 + 1440
29071 # 1504
29071 - 1440 38
29071 + 1440
29071 + 1440
29072 # 1504
29072 - 1440 38
29072 + 1440
29073 # 1504
29073 - 1440 38
29073 + 1440
29073 + 88
29074 # 1504
29074 - 1440 38
29074 + 1440
29075 # 1504
29075 - 1440 38
29075 + 1440
29076 # 1504
29076 - 1440 38
29076 + 1440
29077 # 1504
29077 - 1440 38
29077 + 1440
29078 # 1504
29078 - 1440 38
29078 + 1440
29079 # 1504
29079 - 1440 38
29079 + 1440
29080 # 1504
29080 - 1440 38
29080 + 1440
29081 # 1504
29081 - 1440 38
29081 - 88 38
29082 # 1504
29082 - 1440 38
29082 + 1440
29083 # 1504
29083 - 1440 38
29083 + 1440
29084 # 1504
29084 - 1440 38
29084 + 1440
29084 + 88
29085 # 1504
29085 - 1440 39
29085 + 1440
29086 # 1504
29086 - 1440 39
29086 + 1440
29087 # 1504
29087 - 1440 39
29087 + 1440
29088 # 1504
29088 - 1440 39
29088 + 1440
29089 # 1504
29089 - 1440 39
29089 + 1440
29090 # 1504
29090 - 1440 39
29091 # 1504
29091 - 1440 39
29091 + 1440
29092 # 1504
29092 - 1440 39
29092 - 88 39
29092 + 1440
29093 # 1504
29093 - 1440 39
29093 + 1440
29094 # 1504
29094 - 1440 39
29094 + 1440
29095 # 1504
29095 - 1440 39
29095 + 1440
29095 + 88
29096 # 1504
29096 - 1440 39
29096 - 1440 38
29096 + 1440
29097 # 1504
29097 - 1440 38
29097 + 1440
29098 # 1504
29098 - 1440 39
29098 + 1440
29099 # 1504
29099 - 1440 39
29099 + 1440
29100 # 1504
29100 - 1440 39
29101 # 1504
29101 - 1440 39
29101 + 1440
29102 # 1504
29102 - 1096 39
29102 - 88 39
29102 + 1440
29103 # 1504
29103 - 1440 39
29103 + 1440
29103 + 88
29104 # 1504
29104 - 1440 39
29104 + 1440
29105 # 1504
29105 - 1440 39
29105 + 1440
29106 # 1504
29106 - 1440 39
29106 + 1440
29107 # 1504
29107 - 1440 39
29107 + 1440
29108 # 1504
29108 - 1440 39
29108 + 1440
29109 # 1504
29109 - 1440 39
29110 # 1504
29110 - 1440 39
29110 + 1440
29111 # 1504
29111 - 1440 40
29111 + 1440
29112 # 1504
29112 - 1440 40
29112 + 1440
29113 # 1504
29113 - 1440 40
29113 - 88 40
29113 + 1440
29113 + 88
29114 # 1504
29114 - 1440 40
29114 + 1440
29115 # 1504
29115 - 1440 40
29115 + 1440
29116 # 1504
29116 - 1440 40
29116 - 1440 39
29116 + 1440
29117 # 1504
29117 - 1440 39
29117 + 1440
29118 # 1504
29118 - 1440 39
29118 + 1440
29119 # 1504
29119 - 1440 39
29120 # 1504
29120 - 1440 38
29120 + 1440
29121 # 1504
29121 - 1440 38
29121 + 1440
29122 # 1504
29122 - 1440 38
29122 - 88 38
29122 + 1440
29123 # 1504
29123 - 1440 38
29123 + 1440
29123 + 88
29124 # 1504
29124 - 1440 38
29124 + 1440
29125 # 1504
29125 - 1440 38
29126 # 1504
29126 - 1440 38
29126 + 1440
29127 # 1504
29127 - 1440 38
29127 + 1440
29128 # 1504
29128 - 1440 37
29128 + 1440
29129 # 1504
29129 - 1440 37
29129 + 1440
29130 # 1504
29130 - 1440 37
29130 + 1440
29131 # 1504
29131 - 1440 37
29131 + 1440
29132 # 1504
29132 - 1440 37
29132 - 88 37
29133 # 1504
29133 - 1440 37
29133 + 1440
29134 # 1504
29134 - 1440 37
29134 + 1440
29134 + 88
29135 # 1504
29135 - 1440 37
29135 + 1440
29136 # 1504
29136 - 1440 37
29136 + 1440
29137 # 1504
29137 - 1440 36
29137 + 1440
29138 # 1504
29138 - 1440 36
29139 # 1504
29139 - 1440 36
29139 - 88 36
29139 + 1440
29140 # 1504
29140 - 1440 36
29140 + 1440
29141 # 1504
29141 - 1440 36
29141 + 1440
29142 # 1504
29142 - 1440 36
29142 - 1440 35
29142 + 1440
29143 # 1504
29143 - 1440 35
29143 + 1440
29144 # 1504
29144 - 1440 34
29144 + 1096
29144 + 88
29145 # 1504
29145 - 1440 34
29146 # 1504
29146 - 1440 34
29146 + 1440
29147 # 1504
29147 - 1440 34
29147 - 88 34
29147 + 1440
29148 # 1504
29148 - 1440 34
29148 + 1440
29149 # 1504
29149 - 1440 34
29149 + 1440
29150 # 1504
29150 - 1440 34
29150 + 1440
29151 # 1504
29151 - 1440 34
29151 + 1440
29152 # 1504
29152 - 1440 34
29153 # 1504
29153 - 1440 33
29153 + 1440
29154 # 1504
29154 - 1440 33
29154 + 1440
29155 # 1504
29155 - 1440 33
29155 + 1440
29155 + 88
29156 # 1504
29156 - 1440 33
29156 - 88 33
29156 + 1440
29157 # 1504
29157 - 1440 33
29157 + 1440
29158 # 1504
29158 - 1440 32
29158 + 1440
29159 # 1504
29159 - 1440 32
29160 # 1504
29160 - 1440 32
29160 + 1440
29161 # 1504
29161 - 1440 32
29161 + 1440
29162 # 1504
29162 - 1440 32
29162 + 1440
29163 # 1504
29163 - 1440 32
29163 + 1440
29164 # 1504
29164 - 1440 31
29164 + 1440
29165 # 1504
29165 - 1440 31
29165 - 88 31
29165 + 1440
29165 + 88
29166 # 1504
29166 - 1440 31
29166 + 1440
29167 # 1504
29167 - 1440 31
29167 + 1440
29168 # 1504
29168 - 1440 31
29168 + 1440
29169 # 1504
29169 - 1440 30
29169 - 1440 29
29169 + 1440
29170 # 1504
29170 - 1440 29
29170 + 1440
29171 # 1504
29171 - 1440 29
29171 + 1440
29172 # 1504
29172 - 1440 29
29172 + 1440
29173 # 1504
29173 - 1096 29
29173 - 88 29
29173 + 1440
29174 # 1504
29174 - 1440 28
29174 + 1440
29174 + 88
29175 # 1504
29175 - 1440 28
29175 + 1440
29176 # 1504
29176 - 1440 28
29176 + 1440
29177 # 1504
29177 - 1440 28
29178 # 1504
29178 - 1440 28
29178 + 1440
29179 # 1504
29179 - 1440 28
29179 + 1440
29180 # 1504
29180 - 1440 27
29180 + 1440
29181 # 1504
29181 - 1440 27
29181 + 1440
29182 # 1504
29182 - 1440 27
29182 - 88 27
29182 + 1440
29183 # 1504
29183 - 1440 27
29183 + 1440
29184 # 1504
29184 - 1440 27
29184 + 1440
29185 # 1504
29185 - 1440 27
29185 + 1440
29185 + 88
29186 # 1504
29186 - 1440 26
29186 + 1440
29187 # 1504
29187 - 1440 26
29187 + 1440
29188 # 1504
29188 - 1440 26
29188 + 1440
29189 # 1504
29189 - 1440 26
29189 - 1440 25
29189 + 1440
29190 # 1504
29190 - 1440 25
29190 - 88 25
29190 + 1440
29191 # 1504
29191 - 1440 25
29191 + 1440
29192 # 1504
29192 - 1440 25
29192 + 1440
29193 # 1504
29193 - 1440 25
29194 # 1504
29194 - 1440 25
29194 + 1440
29195 # 1504
29195 - 1440 25
29195 + 1440
29196 # 1504
29196 - 1440 25
29196 + 1440
29196 + 88
29197 # 1504
29197 - 1440 25
29197 + 1440
29198 # 1504
29198 - 1440 25
29198 + 1440
29199 # 1504
29199 - 1440 25
29199 - 88 25
29199 + 1440
29200 # 1504
29200 - 1440 25
29200 + 1440
29201 # 1504
29201 - 1440 25
29201 + 1440
29202 # 1504
29202 - 1440 24
29203 # 1504
29203 - 1440 24
29203 + 1440
29204 # 1504
29204 - 1440 24
29204 + 1440
29205 # 1504
29205 - 1440 24
29205 + 1440
29206 # 1504
29206 - 1440 24
29206 + 1440
29207 # 1504
29207 - 1440 24
29207 + 1440
29207 + 88
29208 # 1504
29208 - 1440 24
29208 + 1440
29209 # 1504
29209 - 1440 24
29209 - 88 24
29209 + 1440
29210 # 1504
29210 - 1440 24
29210 + 1440
29211 # 1504
29211 - 1440 24
29211 + 1440
29212 # 1504
29212 - 1440 24
29212 + 1440
29213 # 1504
29213 - 1440 24
29214 # 1504
29214 - 1440 24
29214 + 1440
29215 # 1504
29215 - 1440 24
29215 - 1440 23
29215 + 1440
29216 # 1504
29216 - 1440 22
29216 + 1440
29217 # 1504
29217 - 1440 22
29217 + 1440
29217 + 88
29218 # 1504
29218 - 1440 22
29218 - 88 22
29218 + 1440
29219 # 1504
29219 - 1440 22
29219 + 1440
29220 # 1504
29220 - 1440 22
29220 + 1440
29221 # 1504
29221 - 1440 22
29222 # 1504
29222 - 1440 22
29222 + 1440
29223 # 1504
29223 - 1440 22
29223 + 1440
29224 # 1504
29224 - 1440 21
29225 # 1504
29225 - 1440 21
29225 + 1440
29226 # 1504
29226 - 1440 21
29226 + 1440
29227 # 1504
29227 - 1440 21
29228 # 1504
29228 - 1440 21
29228 - 88 21
29228 + 1096
29229 # 1504
29229 - 1440 21
29229 + 1440
29229 + 88
29230 # 1504
29230 - 1440 21
29231 # 1504
29231 - 1440 21
29231 + 1440
29232 # 1504
29232 - 1440 21
29232 + 1440
29233 # 1504
29233 - 1440 21
29234 # 1504
29234 - 1440 20
29234 + 1440
29235 # 1504
29235 - 1440 20
29235 + 1440
29236 # 1504
29236 - 1440 20
29237 # 1504
29237 - 1440 20
29237 - 88 20
29237 + 1440
29238 # 1504
29238 - 1440 20
29238 + 1440
29239 # 1504
29239 - 1440 20
29240 # 1504
29240 - 1440 20
29240 + 1440
29240 + 88
29241 # 1504
29241 - 1440 19
29242 # 1504
29242 - 1440 19
29242 - 1440 17
29242 + 1440
29243 # 1504
29243 - 1440 17
29243 + 1440
29244 # 1504
29244 - 1096 16
29245 # 1504
29245 - 1440 16
29245 - 88 16
29245 + 1440
29246 # 1504
29246 - 1440 15
29246 + 88
29246 + 1440
29247 # 1504
29247 - 1440 15
29248 # 1504
29248 - 1440 14
29248 + 1440
29249 # 1504
29249 - 1440 14
29249 + 1440
29250 # 1504
29250 - 1440 13
29251 # 1504
29251 - 1440 13
29251 + 1440
29252 # 1504
29252 - 1440 12
29252 - 88 12
29252 + 1440
29253 # 1504
29253 - 1440 11
29254 # 1504
29254 - 1440 11
29254 + 1440
29255 # 1504
29255 - 1440 10
29255 - 88 9
29255 + 1440
29256 # 1504
29256 - 1440 10
29256 + 88
29256 + 1440
29257 # 1504
29257 - 1440 9
29258 # 1504
29258 - 1440 9
29258 + 1440
29259 # 1504
29259 - 1440 8
29259 + 1440
29260 # 1504
29260 - 1440 8
29261 # 1504
29261 - 1440 7
29261 + 1440
29262 # 1504
29262 - 1440 7
29262 - 88 6
29262 + 1440
29263 # 1504
29263 - 1440 7
29263 + 1440
29264 # 1504
29264 - 1440 6
29265 # 1504
29265 - 1440 6
29265 - 1440 4
29265 + 1440
29266 # 1504
29266 - 1440 4
29266 + 1440
29267 # 1504
29267 - 1440 4
29267 + 1440
29267 + 88
29268 # 1504
29268 - 1440 3
29269 # 1504
29269 - 1440 3
29269 + 1440
29270 # 1504
29270 - 1440 3
29270 - 88 3
29270 + 1440
29271 # 1504
29271 - 1440 2
29272 # 1504
29272 - 1440 2
29272 + 1440
29273 # 1504
29273 - 1440 1
29273 + 1440
29274 # 1504
29274 - 1440 1
29274 + 1440
29275 # 1504
29275 - 1440 1
29276 # 1504
29276 + 1440
29277 # 1504
29277 - 1440 1
29277 + 1440
29278 # 1504
29278 - 1440 1
29279 # 1504
29279 + 1440
29279 + 88
29280 # 1504
29280 - 1440 1
29280 + 1440
29281 # 1504
29281 - 88 2
29281 - 1440 1
29281 + 1440
29282 # 1504
29282 - 1440 1
29283 # 1504
29283 + 1440
29284 # 1504
29284 - 1440 1
29284 + 1440
29285 # 1504
29285 - 1440 1
29285 + 1440
29286 # 1504
29286 - 1440 1
29287 # 1504
29287 + 1440
29288 # 1504
29288 - 1440 1
29288 + 1440
29289 # 1504
29289 - 1440 1
29289 + 1440
29290 # 1504
29290 - 1440 1
29290 + 88
29291 # 1504
29291 - 88 1
29291 + 1440
29292 # 1504
29292 - 1440 1
29292 + 1440
29293 # 1504
29293 - 1440 1
29293 + 1440
29294 # 1504
29294 - 1440 1
29295 # 1504
29295 + 1440
29296 # 1504
29296 - 1440 1
29296 + 1440
29297 # 1504
29297 - 1440 1
29297 + 1440
29298 # 1504
29298 - 1440 1
29298 + 1440
29299 # 1504
29299 - 1440 1
29300 # 1504
29300 + 1440
29300 + 88
29301 # 1504
29301 - 1440 1
29301 + 1440
29302 # 1504
29302 - 88 2
29302 - 1440 1
29302 + 1440
29303 # 1504
29303 - 1440 1
29304 # 1504
29304 + 1440
29305 # 1504
29305 - 1440 1
29305 + 1440
29306 # 1504
29306 - 1440 1
29307 # 1504
29307 + 1440
29308 # 1504
29308 - 1440 1
29308 + 1440
29309 # 1504
29309 - 1440 1
29310 # 1504
29310 + 1440
29311 # 1504
29311 - 1440 1
29311 + 1440
29311 + 88
29312 # 1504
29312 - 1440 1
29313 # 1504
29313 - 88 2
29313 + 1440
29314 # 1504
29314 - 1440 1
29314 + 1440
29315 # 1504
29315 - 1440 1
29315 + 1440
29316 # 1504
29316 - 1440 1
29317 # 1504
29317 + 1440
29318 # 1504
29318 - 1440 1
29318 + 1440
29319 # 1504
29319 - 1440 1
29320 # 1504
29320 + 1440
29321 # 1504
29321 - 1440 1
29321 + 1440
29322 # 1504
29322 - 1440 1
29322 + 1440
29322 + 88
29323 # 1504
29323 - 1440 1
29323 + 1440
29324 # 1504
29324 - 88 2
29324 - 1440 1
29325 # 1504
29325 + 1440
29326 # 1504
29326 - 1440 1
29326 + 1440
29327 # 1504
29327 - 1440 1
29327 + 1440
29328 # 1504
29328 - 1440 1
29328 + 1440
29329 # 1504
29329 - 1440 1
29330 # 1504
29330 + 1440
29331 # 1504
29331 - 1440 1
29331 + 1096
29332 # 1504
29332 - 1096 1
29333 # 1504
29333 + 1440
29333 + 88
29334 # 1504
29334 - 1440 1
29334 + 1440
29334 + 88
29335 # 1504
29335 - 88 2
29335 - 1440 1
29336 # 1504
29336 - 88 2
29336 + 1440
29337 # 1504
29337 - 1440 1
29337 + 1440
29338 # 1504
29338 - 1440 1
29339 # 1504
29339 + 1440
29340 # 1504
29340 - 1440 1
29340 + 1440
29341 # 1504
29341 - 1440 1
29341 + 1440
29342 # 1504
29342 - 1440 1
29343 # 1504
29343 + 1440
29344 # 1504
29344 - 1440 1
29344 + 1440
29344 + 88
29345 # 1504
29345 - 1440 1
29346 # 1504
29346 - 88 2
29346 + 1440
29347 # 1504
29347 - 1440 1
29347 + 1440
29348 # 1504
29348 - 1440 1
29348 + 1440
29349 # 1504
29349 - 1440 1
29350 # 1504
29350 + 1440
29351 # 1504
29351 - 1440 1
29351 + 1440
29352 # 1504
29352 - 1440 1
29352 + 1440
29353 # 1504
29353 - 1440 1
29354 # 1504
29354 + 1440
29355 # 1504
29355 - 1440 1
29355 + 1440
29355 + 88
29356 # 1504
29356 - 1440 1
29357 # 1504
29357 - 88 2
29357 + 1440
29358 # 1504
29358 - 1440 1
29358 + 1440
29359 # 1504
29359 - 1440 1
29359 + 1440
29360 # 1504
29360 - 1440 1
29361 # 1504
29361 + 1440
29362 # 1504
29362 - 1440 1
29362 + 1440
29363 # 1504
29363 - 1440 1
29364 # 1504
29364 + 1440
29365 # 1504
29365 - 1440 1
29365 + 1440
29366 # 1504
29366 - 1440 1
29367 # 1504
29367 + 1440
29367 + 88
29368 # 1504
29368 - 1440 1
29368 + 1440
29369 # 1504
29369 - 88 2
29369 - 1440 1
29369 + 1440
29370 # 1504
29370 - 1440 1
29371 # 1504
29371 + 1440
29372 # 1504
29372 - 1440 1
29372 + 1440
29373 # 1504
29373 - 1440 1
29374 # 1504
29374 + 1440
29375 # 1504
29375 - 1440 1
29375 + 1440
29376 # 1504
29376 - 1440 1
29376 + 1440
29377 # 1504
29377 - 1440 1
29378 # 1504
29378 + 1440
29378 + 88
29379 # 1504
29379 - 1440 1
29379 + 1440
29380 # 1504
29380 - 88 2
29380 - 1440 1
29380 + 1440
29381 # 1504
29381 - 1440 1
29381 + 1440
29382 # 1504
29382 - 1440 1
29383 # 1504
29383 + 1440
29384 # 1504
29384 - 1440 1
29384 + 1440
29385 # 1504
29385 - 1440 1
29385 + 1440
29386 # 1504
29386 - 1440 1
29387 # 1504
29387 + 1440
29388 # 1504
29388 - 1440 1
29388 + 1440
29388 + 88
29389 # 1504
29389 - 1440 1
29389 + 1440
29390 # 1504
29390 - 88 2
29390 - 1440 1
29390 + 1440
29391 # 1504
29391 - 1440 1
29392 # 1504
29392 + 1440
29393 # 1504
29393 - 1440 1
29393 + 1440
29394 # 1504
29394 - 1440 1
29394 + 1440
29395 # 1504
29395 - 1440 1
29396 # 1504
29396 + 1440
29397 # 1504
29397 - 1440 1
29397 + 1440
29398 # 1504
29398 - 1440 1
29398 + 1440
29398 + 88
29399 # 1504
29399 - 1440 1
29399 + 1440
29400 # 1504
29400 - 88 2
29400 - 1440 1
29401 # 1504
29401 + 1440
29402 # 1504
29402 - 1440 1
29402 + 1440
29403 # 1504
29403 - 1440 1
29403 + 1440
29404 # 1504
29404 - 1440 1
29404 + 1440
29405 # 1504
29405 - 1440 1
29405 + 1440
29406 # 1504
29406 - 1440 1
29407 # 1504
29407 + 1440
29408 # 1504
29408 - 1440 1
29408 + 1440
29409 # 1504
29409 - 1440 1
29409 + 1440
29409 + 88
29410 # 1504
29410 - 1440 1
29410 + 1440
29411 # 1504
29411 - 88 2
29411 - 1440 1
29412 # 1504
29412 + 1440
29413 # 1504
29413 - 1440 1
29413 + 1440
29414 # 1504
29414 - 1440 1
29415 # 1504
29415 + 1440
29416 # 1504
29416 - 1440 1
29416 + 1440
29417 # 1504
29417 - 1440 1
29417 + 1440
29418 # 1504
29418 - 1440 1
29419 # 1504
29419 + 1440
29420 # 1504
29420 - 1440 1
29420 + 1440
29420 + 88
29421 # 1504
29421 - 1440 1
29421 + 1440
29422 # 1504
29422 - 88 2
29422 - 1440 1
29423 # 1504
29423 + 1440
29424 # 1504
29424 - 1440 1
29424 + 1440
29425 # 1504
29425 - 1440 1
29425 + 1440
29426 # 1504
29426 - 1440 1
29427 # 1504
29427 + 1440
29428 # 1504
29428 - 1440 1
29428 + 1440
29429 # 1504
29429 - 1440 1
29429 + 1440
29430 # 1504
29430 - 1440 1
29431 # 1504
29431 + 1096
29431 + 88
29432 # 1504
29432 - 1096 1
29432 - 88 1
29432 + 1440
29433 # 1504
29433 - 1440 1
29433 + 1440
29433 + 88
29434 # 1504
29434 - 1440 1
29435 # 1504
29435 - 88 2
29435 + 1440
29436 # 1504
29436 - 1440 1
29436 + 1440
29437 # 1504
29437 - 1440 1
29437 + 1440
29438 # 1504
29438 - 1440 1
29439 # 1504
29439 + 1440
29440 # 1504
29440 - 1440 1
29440 + 1440
29441 # 1504
29441 - 1440 1
29441 + 1440
29442 # 1504
29442 - 1440 1
29443 # 1504
29443 + 1440
29444 # 1504
29444 - 1440 1
29444 + 1440
29444 + 88
29445 # 1504
29445 - 1440 1
29445 + 1440
29446 # 1504
29446 - 88 2
29446 - 1440 1
29446 + 1440
29447 # 1504
29447 - 1440 1
29448 # 1504
29448 + 1440
29449 # 1504
29449 - 1440 1
29449 + 1440
29450 # 1504
29450 - 1440 1
29450 + 1440
29451 # 1504
29451 - 1440 1
29452 # 1504
29452 + 1440
29453 # 1504
29453 - 1440 1
29453 + 1440
29454 # 1504
29454 - 1440 1
29455 # 1504
29455 + 1440
29455 + 88
29456 # 1504
29456 - 1440 1
29456 + 1440
29457 # 1504
29457 - 88 2
29457 - 1440 1
29458 # 1504
29458 + 1440
29459 # 1504
29459 - 1440 1
29459 + 1440
29460 # 1504
29460 - 1440 1
29460 + 1440
29461 # 1504
29461 - 1440 1
29462 # 1504
29462 + 1440
29463 # 1504
29463 - 1440 1
29463 + 1440
29464 # 1504
29464 - 1440 1
29464 + 88
29465 # 1504
29465 - 88 1
29465 + 1440
29466 # 1504
29466 - 1440 1
29466 + 1440
29467 # 1504
29467 - 1440 1
29468 # 1504
29468 + 1440
29469 # 1504
29469 - 1440 1
29469 + 1440
29470 # 1504
29470 - 1440 1
29471 # 1504
29471 + 1440
29472 # 1504
29472 - 1440 1
29472 + 1440
29473 # 1504
29473 - 1440 1
29474 # 1504
29474 + 1440
29474 + 88
29475 # 1504
29475 - 1440 1
29475 + 1440
29476 # 1504
29476 - 88 2
29476 - 1440 1
29477 # 1504
29477 + 1440
29478 # 1504
29478 - 1440 1
29478 + 1440
29479 # 1504
29479 - 1440 1
29479 + 1440
29480 # 1504
29480 - 1440 1
29480 + 1440
29481 # 1504
29481 - 1440 1
29482 # 1504
29482 + 1440
29483 # 1504
29483 - 1440 1
29483 + 1440
29484 # 1504
29484 - 1440 1
29484 + 1440
29485 # 1504
29485 - 1440 1
29486 # 1504
29486 + 1440
29486 + 88
29487 # 1504
29487 - 1440 1
29487 + 1440
29488 # 1504
29488 - 88 2
29488 - 1440 1
29488 + 1440
29489 # 1504
29489 - 1440 1
29490 # 1504
29490 + 1440
29491 # 1504
29491 - 1440 1
29491 + 1440
29492 # 1504
29492 - 1440 1
29492 + 1440
29493 # 1504
29493 - 1440 1
29494 # 1504
29494 + 1440
29495 # 1504
29495 - 1440 1
29495 + 1440
29496 # 1504
29496 - 1440 1
29496 + 1440
29497 # 1504
29497 - 1440 1
29497 + 88
29498 # 1504
29498 - 88 1
29498 + 1440
29499 # 1504
29499 - 1440 1
29499 + 1440
29500 # 1504
29500 - 1440 1
29500 + 1440
29501 # 1504
29501 - 1440 1
29502 # 1504
29502 + 1440
29503 # 1504
29503 - 1440 1
29503 + 1440
29504 # 1504
29504 - 1440 1
29504 + 1440
29505 # 1504
29505 - 1440 1
29506 # 1504
29506 + 1440
29507 # 1504
29507 - 1440 1
29507 + 1440
29508 # 1504
29508 - 1440 1
29508 + 88
29508 + 1440
29509 # 1504
29509 - 88 1
29510 # 1504
29510 - 1440 2
29510 + 1440
29511 # 1504
29511 - 1440 1
29511 + 1440
29512 # 1504
29512 - 1440 1
29512 + 1440
29513 # 1504
29513 - 1440 1
29514 # 1504
29514 + 1440
29515 # 1504
29515 - 1440 1
29515 + 1440
29516 # 1504
29516 - 1440 1
29516 + 1440
29517 # 1504
29517 - 1440 1
29517 + 1440
29518 # 1504
29518 - 1440 1
29518 + 88
29519 # 1504
29519 - 88 1
29519 + 1440
29520 # 1504
29520 - 1440 1
29520 + 1440
29521 # 1504
29521 - 1440 1
29522 # 1504
29522 + 1440
29523 # 1504
29523 - 1440 1
29523 + 1440
29524 # 1504
29524 - 1440 1
29525 # 1504
29525 + 1440
29526 # 1504
29526 - 1440 1
29526 + 1440
29527 # 1504
29527 - 1440 1
29528 # 1504
29528 + 1440
29529 # 1504
29529 - 1440 1
29529 + 1440
29529 + 88
29530 # 1504
29530 - 1440 1
29530 + 1440
29531 # 1504
29531 - 88 2
29531 - 1440 1
29532 # 1504
29532 + 1096
29533 # 1504
29533 - 1096 1
29533 + 1440
29534 # 1504
29534 - 1440 1
29535 # 1504
29535 + 1440
29535 + 88
29536 # 1504
29536 - 1440 1
29536 + 1440
29537 # 1504
29537 - 88 2
29537 - 1440 1
29537 + 1440
29538 # 1504
29538 - 1440 1
29539 # 1504
29539 + 1440
29540 # 1504
29540 - 1440 1
29540 + 1440
29541 # 1504
29541 - 1440 1
29542 # 1504
29542 + 1440
29543 # 1504
29543 - 1440 1
29543 + 1440
29544 # 1504
29544 - 1440 1
29545 # 1504
29545 + 1440
29545 + 88
29546 # 1504
29546 - 1440 1
29546 + 1440
29547 # 1504
29547 - 88 2
29547 - 1440 1
29547 + 1440
29548 # 1504
29548 - 1440 1
29549 # 1504
29549 + 1440
29550 # 1504
29550 - 1440 1
29550 + 1440
29551 # 1504
29551 - 1440 1
29552 # 1504
29552 + 1440
29553 # 1504
29553 - 1440 1
29553 + 1440
29554 # 1504
29554 - 1440 1
29554 + 1440
29555 # 1504
29555 - 1440 1
29556 # 1504
29556 + 1440
29556 + 88
29557 # 1504
29557 - 1440 1
29557 + 1440
29558 # 1504
29558 - 88 2
29558 - 1440 1
29558 + 1440
29559 # 1504
29559 - 1440 1
29560 # 1504
29560 + 1440
29561 # 1504
29561 - 1440 1
29561 + 1440
29562 # 1504
29562 - 1440 1
29563 # 1504
29563 + 1440
29564 # 1504
29564 - 1440 1
29564 + 1440
29565 # 1504
29565 - 1440 1
29566 # 1504
29566 + 1440
29567 # 1504
29567 - 1440 1
29567 + 88
29567 + 1440
29568 # 1504
29568 - 88 1
29569 # 1504
29569 - 1440 2
29569 + 1440
29570 # 1504
29570 - 1440 1
29571 # 1504
29571 + 1440
29572 # 1504
29572 - 1440 1
29572 + 1440
29573 # 1504
29573 - 1440 1
29574 # 1504
29574 + 1440
29575 # 1504
29575 - 1440 1
29575 + 1440
29576 # 1504
29576 - 1440 1
29577 # 1504
29577 + 1440
29578 # 1504
29578 - 1440 1
29578 + 1440
29578 + 88
29579 # 1504
29579 - 1440 1
29580 # 1504
29580 - 88 2
29580 + 1440
29581 # 1504
29581 - 1440 1
29581 + 1440
29582 # 1504
29582 - 1440 1
29583 # 1504
29583 + 1440
29584 # 1504
29584 - 1440 1
29584 + 1440
29585 # 1504
29585 - 1440 1
29586 # 1504
29586 + 1440
29587 # 1504
29587 - 1440 1
29588 # 1504
29588 + 1440
29589 # 1504
29589 - 1440 1
29589 + 88
29589 + 1440
29590 # 1504
29590 - 88 1
29591 # 1504
29591 - 1440 2
29591 + 1440
29592 # 1504
29592 - 1440 1
29593 # 1504
29593 + 1440
29594 # 1504
29594 - 1440 1
29594 + 1440
29595 # 1504
29595 - 1440 1
29596 # 1504
29596 + 1440
29597 # 1504
29597 - 1440 1
29598 # 1504
29598 + 1440
29599 # 1504
29599 - 1440 1
29600 # 1504
29600 + 1440
29601 # 1504
29601 - 1440 1
29601 + 88
29601 + 1440
29602 # 1504
29602 - 88 1
29603 # 1504
29603 - 1440 2
29603 + 1440
29604 # 1504
29604 - 1440 1
29605 # 1504
29605 + 1440
29606 # 1504
29606 - 1440 1
29607 # 1504
29607 + 1440
29608 # 1504
29608 - 1440 1
29608 + 1440
29609 # 1504
29609 - 1440 1
29610 # 1504
29610 + 1440
29611 # 1504
29611 - 1440 1
29611 + 1440
29612 # 1504
29612 - 1440 1
29613 # 1504
29613 + 88
29613 + 1440
29614 # 1504
29614 - 88 1
29614 + 1440
29615 # 1504
29615 - 1440 2
29615 - 1440 1
29616 # 1504
29616 + 1440
29617 # 1504
29617 - 1440 1
29618 # 1504
29618 + 1440
29619 # 1504
29619 - 1440 1
29619 + 1440
29620 # 1504
29620 - 1440 1
29621 # 1504
29621 + 1440
29622 # 1504
29622 - 1440 1
29622 + 1440
29623 # 1504
29623 - 1440 1
29623 + 88
29624 # 1504
29624 - 88 1
29624 + 1440
29625 # 1504
29625 - 1440 1
29625 + 1440
29626 # 1504
29626 - 1440 1
29627 # 1504
29627 + 1440
29628 # 1504
29628 - 1440 1
29629 # 1504
29629 + 1440
29630 # 1504
29630 - 1440 1
29631 # 1504
29631 + 1440
29632 # 1504
29632 - 1440 1
29633 # 1504
29633 + 1440
29633 + 88
29634 # 1504
29634 - 1440 1
29635 # 1504
29635 - 88 2
29635 + 1440
29636 # 1504
29636 - 1440 1
29637 # 1504
29637 + 1440
29638 # 1504
29638 - 1440 1
29639 # 1504
29639 + 1440
29640 # 1504
29640 - 1440 1
29641 # 1504
29641 + 1440
29642 # 1504
29642 - 1440 1
29643 # 1504
29643 + 1440
29644 # 1504
29644 - 1440 1
29645 # 1504
29645 + 1440
29645 + 88
29646 # 1504
29646 - 1440 1
29647 # 1504
29647 - 88 2
29647 + 1440
29648 # 1504
29648 - 1440 1
29649 # 1504
29649 + 1440
29650 # 1504
29650 - 1440 1
29651 # 1504
29651 + 1096
29652 # 1504
29652 - 1096 1
29653 # 1504
29653 + 1440
29654 # 1504
29654 - 1440 1
29655 # 1504
29655 + 88
29656 # 1504
29656 - 88 1
29656 + 1440
29657 # 1504
29657 - 1440 1
29658 # 1504
29658 + 1440
29659 # 1504
29659 - 1440 1
29660 # 1504
29660 + 1440
29661 # 1504
29661 - 1440 1
29662 # 1504
29662 + 1440
29663 # 1504
29663 - 1440 1
29664 # 1504
29664 + 1440
29665 # 1504
29665 - 1440 1
29665 + 88
29666 # 1504
29666 - 88 1
29666 + 1440
29667 # 1504
29667 - 1440 1
29668 # 1504
29668 + 1440
29669 # 1504
29669 - 1440 1
29670 # 1504
29670 + 1440
29671 # 1504
29671 - 1440 1
29671 + 1440
29672 # 1504
29672 - 1440 1
29673 # 1504
29673 + 1440
29674 # 1504
29674 - 1440 1
29675 # 1504
29675 + 1440
29676 # 1504
29676 - 1440 1
29676 + 88
29677 # 1504
29677 - 88 1
29677 + 1440
29678 # 1504
29678 - 1440 1
29679 # 1504
29679 + 1440
29680 # 1504
29680 - 1440 1
29680 + 1440
29681 # 1504
29681 - 1440 1
29682 # 1504
29682 + 1440
29683 # 1504
29683 - 1440 1
29684 # 1504
29684 + 1440
29685 # 1504
29685 - 1440 1
29686 # 1504
29686 + 1440
29687 # 1504
29687 - 1440 1
29687 + 88
29688 # 1504
29688 - 88 1
29688 + 1440
29689 # 1504
29689 - 1440 1
29690 # 1504
29690 + 1440
29691 # 1504
29691 - 1440 1
29692 # 1504
29692 + 1440
29693 # 1504
29693 - 1440 1
29693 + 1440
29694 # 1504
29694 - 1440 1
29695 # 1504
29695 + 1440
29696 # 1504
29696 - 1440 1
29697 # 1504
29697 + 1440
29697 + 88
29698 # 1504
29698 - 1440 1
29699 # 1504
29699 - 88 2
29699 + 1440
29700 # 1504
29700 - 1440 1
29701 # 1504
29701 + 1440
29702 # 1504
29702 - 1440 1
29703 # 1504
29703 + 1440
29704 # 1504
29704 - 1440 1
29705 # 1504
29705 + 1440
29706 # 1504
29706 - 1440 1
29706 + 1440
29707 # 1504
29707 - 1440 1
29708 # 1504
29708 + 1440
29709 # 1504
29709 - 1440 1
29709 + 88
29710 # 1504
29710 - 88 1
29710 + 1440
29711 # 1504
29711 - 1440 1
29712 # 1504
29712 + 1440
29713 # 1504
29713 - 1440 1
29714 # 1504
29714 + 1440
29715 # 1504
29715 - 1440 1
29716 # 1504
29716 + 1440
29717 # 1504
29717 - 1440 1
29718 # 1504
29718 + 1440
29719 # 1504
29719 - 1440 1
29720 # 1504
29720 + 1440
29721 # 1504
29721 - 1440 1
29721 + 88
29722 # 1504
29722 - 88 1
29722 + 1440
29723 # 1504
29723 - 1440 1
29724 # 1504
29724 + 1440
29725 # 1504
29725 - 1440 1
29725 + 1440
29726 # 1504
29726 - 1440 1
29727 # 1504
29727 + 1440
29728 # 1504
29728 - 1440 1
29729 # 1504
29729 + 1440
29730 # 1504
29730 - 1440 1
29730 + 1440
29731 # 1504
29731 - 1440 1
29732 # 1504
29732 + 1440
29733 # 1504
29733 - 1440 1
29733 + 88
29734 # 1504
29734 - 88 1
29734 + 1440
29735 # 1504
29735 - 1440 1
29735 + 1440
29736 # 1504
29736 - 1440 1
29737 # 1504
29737 + 1440
29738 # 1504
29738 - 1440 1
29739 # 1504
29739 + 1440
29740 # 1504
29740 - 1440 1
29740 + 1440
29741 # 1504
29741 - 1440 1
29742 # 1504
29742 + 1440
29743 # 1504
29743 - 1440 1
29744 # 1504
29744 + 1440
29745 # 1504
29745 - 1440 1
29745 + 88
29745 + 1440
29746 # 1504
29746 - 88 1
29747 # 1504
29747 - 1440 2
29747 + 1440
29748 # 1504
29748 - 1440 1
29749 # 1504
29749 + 1440
29750 # 1504
29750 - 1440 1
29750 + 1440
29751 # 1504
29751 - 1440 1
29752 # 1504
29752 + 1440
29753 # 1504
29753 - 1440 1
29754 # 1504
29754 + 1440
29755 # 1504
29755 - 1440 1
29756 # 1504
29756 + 1440
29756 + 88
29757 # 1504
29757 - 1440 1
29758 # 1504
29758 - 88 2
29758 + 1440
29759 # 1504
29759 - 1440 1
29759 + 1440
29760 # 1504
29760 - 1440 1
29761 # 1504
29762 # 1504
29762 + 1440
29763 # 1504
29763 - 1440 1
29763 + 1440
29764 # 1504
29764 - 1440 1
29765 # 1504
29765 + 1440
29766 # 1504
29766 - 1440 1
29767 # 1504
29767 + 1440
29768 # 1504
29768 - 1440 1
29769 # 1504
29769 + 88
29769 + 1440
29770 # 1504
29770 - 88 1
29771 # 1504
29771 - 1440 2
29771 + 1440
29772 # 1504
29772 - 1440 1
29773 # 1504
29773 + 1440
29774 # 1504
29774 - 1440 1
29775 # 1504
29775 + 1440
29776 # 1504
29776 - 1440 1
29777 # 1504
29777 + 1440
29778 # 1504
29778 - 1440 1
29779 # 1504
29779 + 1440
29779 + 88
29780 # 1504
29780 - 1440 1
29780 + 1440
29781 # 1504
29781 - 88 2
29781 - 1440 1
29782 # 1504
29782 + 1440
29783 # 1504
29783 - 1440 1
29784 # 1504
29784 + 1440
29785 # 1504
29785 - 1440 1
29785 + 1440
29786 # 1504
29786 - 1440 1
29787 # 1504
29787 + 1096
29788 # 1504
29788 - 1096 1
29789 # 1504
29789 + 1440
29790 # 1504
29790 - 1440 1
29790 + 88
29790 + 1440
29791 # 1504
29791 - 88 1
29792 # 1504
29792 - 1440 2
29792 + 1440
29793 # 1504
29793 - 1440 1
29793 + 1440
29794 # 1504
29794 - 1440 1
29795 # 1504
29795 + 1440
29796 # 1504
29796 - 1440 1
29796 + 1440
29797 # 1504
29797 - 1440 1
29798 # 1504
29798 + 1440
29799 # 1504
29799 - 1440 1
29800 # 1504
29800 + 1440
29801 # 1504
29801 - 1440 1
29801 + 1440
29801 + 88
29802 # 1504
29802 - 1440 1
29803 # 1504
29803 - 88 2
29803 + 1440
29804 # 1504
29804 - 1440 1
29804 + 1440
29805 # 1504
29805 - 1440 1
29806 # 1504
29806 + 1440
29807 # 1504
29807 - 1440 1
29808 # 1504
29808 + 1440
29809 # 1504
29809 - 1440 1
29809 + 1440
29810 # 1504
29810 - 1440 1
29811 # 1504
29811 + 1440
29812 # 1504
29812 - 1440 1
29812 + 88
29813 # 1504
29813 - 88 1
29813 + 1440
29814 # 1504
29814 - 1440 1
29815 # 1504
29815 + 1440
29816 # 1504
29816 - 1440 1
29817 # 1504
29817 + 1440
29818 # 1504
29818 - 1440 1
29818 + 1440
29819 # 1504
29819 - 1440 1
29820 # 1504
29820 + 1440
29821 # 1504
29821 - 1440 1
29822 # 1504
29822 + 1440
29823 # 1504
29823 - 1440 1
29823 + 88
29824 # 1504
29824 - 88 1
29824 + 1440
29825 # 1504
29825 - 1440 1
29826 # 1504
29826 + 1440
29827 # 1504
29827 - 1440 1
29827 + 1440
29828 # 1504
29828 - 1440 1
29829 # 1504
29829 + 1440
29830 # 1504
29830 - 1440 1
29831 # 1504
29831 + 1440
29832 # 1504
29832 - 1440 1
29832 + 1440
29833 # 1504
29833 - 1440 1
29833 + 88
29834 # 1504
29834 - 88 1
29834 + 1440
29835 # 1504
29835 - 1440 1
29836 # 1504
29836 + 1440
29837 # 1504
29837 - 1440 1
29837 + 1440
29838 # 1504
29838 - 1440 1
29839 # 1504
29839 + 1440
29840 # 1504
29840 - 1440 1
29841 # 1504
29841 + 1440
29842 # 1504
29842 - 1440 1
29842 + 1440
29843 # 1504
29843 - 1440 1
29844 # 1504
29844 + 1440
29844 + 88
29845 # 1504
29845 - 1440 1
29845 + 1440
29846 # 1504
29846 - 88 2
29846 - 1440 1
29847 # 1504
29847 + 1440
29848 # 1504
29848 - 1440 1
29848 + 1440
29849 # 1504
29849 - 1440 1
29850 # 1504
29850 + 1440
29851 # 1504
29851 - 1440 1
29851 + 1440
29852 # 1504
29852 - 1440 1
29853 # 1504
29853 + 1440
29854 # 1504
29854 - 1440 1
29854 + 88
29854 + 1440
29855 # 1504
29855 - 88 1
29856 # 1504
29856 - 1440 2
29856 + 1440
29857 # 1504
29857 - 1440 1
29857 + 1440
29858 # 1504
29858 - 1440 1
29859 # 1504
29859 + 1440
29860 # 1504
29860 - 1440 1
29860 + 1440
29861 # 1504
29861 - 1440 1
29862 # 1504
29862 + 1440
29863 # 1504
29863 - 1440 1
29863 + 1440
29864 # 1504
29864 - 1440 1
29865 # 1504
29865 + 88
29865 + 1440
29866 # 1504
29866 - 88 1
29866 + 1440
29867 # 1504
29867 - 1440 2
29867 - 1440 1
29868 # 1504
29868 + 1440
29869 # 1504
29869 - 1440 1
29869 + 1440
29870 # 1504
29870 - 1440 1
29871 # 1504
29871 + 1440
29872 # 1504
29872 - 1440 1
29872 + 1440
29873 # 1504
29873 - 1440 1
29873 + 1440
29874 # 1504
29874 - 1440 1
29874 + 88
29875 # 1504
29875 - 88 1
29875 + 1440
29876 # 1504
29876 - 1440 1
29876 + 1440
29877 # 1504
29877 - 1440 1
29877 + 1440
29878 # 1504
29878 - 1440 1
29878 + 1440
29879 # 1504
29879 - 1440 1
29880 # 1504
29880 + 1440
29881 # 1504
29881 - 1440 1
29881 + 1440
29882 # 1504
29882 - 1440 1
29882 + 1440
29883 # 1504
29883 - 1440 1
29884 # 1504
29884 + 1440
29885 # 1504
29885 - 1440 1
29885 + 88
29885 + 1440
29886 # 1504
29886 - 88 1
29886 + 1440
29887 # 1504
29887 - 1440 2
29887 - 1440 1
29888 # 1504
29888 + 1440
29889 # 1504
29889 - 1440 1
29889 + 1440
29890 # 1504
29890 - 1440 1
29890 + 1440
29891 # 1504
29891 - 1440 1
29892 # 1504
29892 + 1440
29893 # 1504
29893 - 1440 1
29893 + 1440
29894 # 1504
29894 - 1440 1
29894 + 1440
29895 # 1504
29895 - 1440 1
29896 # 1504
29896 + 88
29896 + 1440
29897 # 1504
29897 - 88 1
29897 + 1440
29898 # 1504
29898 - 1440 2
29898 - 1440 1
29899 # 1504
29899 + 1440
29900 # 1504
29900 - 1440 1
29900 + 1096
29901 # 1504
29901 - 1096 1
29901 + 1440
29902 # 1504
29902 - 1440 1
29902 + 88
29903 # 1504
29903 - 88 1
29903 + 1440
29904 # 1504
29904 - 1440 1
29904 + 1440
29905 # 1504
29905 - 1440 1
29906 # 1504
29906 + 1440
29907 # 1504
29907 - 1440 1
29907 + 1440
29908 # 1504
29908 - 1440 1
29909 # 1504
29909 + 1440
29910 # 1504
29910 - 1440 1
29910 + 1440
29911 # 1504
29911 - 1440 1
29912 # 1504
29912 + 1440
29913 # 1504
29913 - 1440 1
29913 + 88
29913 + 1440
29914 # 1504
29914 - 88 1
29914 + 1440
29915 # 1504
29915 - 1440 2
29915 - 1440 1
29915 + 1440
29916 # 1504
29916 - 1440 1
29917 # 1504
29917 + 1440
29918 # 1504
29918 - 1440 1
29918 + 1440
29919 # 1504
29919 - 1440 1
29919 + 1440
29920 # 1504
29920 - 1440 1
29921 # 1504
29921 + 1440
29922 # 1504
29922 - 1440 1
29922 + 1440
29923 # 1504
29923 - 1440 1
29923 + 1440
29923 + 88
29924 # 1504
29924 - 1440 1
29925 # 1504
29925 - 88 2
29925 + 1440
29926 # 1504
29926 - 1440 1
29926 + 1440
29927 # 1504
29927 - 1440 1
29927 + 1440
29928 # 1504
29928 - 1440 1
29929 # 1504
29929 + 1440
29930 # 1504
29930 - 1440 1
29930 + 1440
29931 # 1504
29931 - 1440 1
29932 # 1504
29932 + 1440
29933 # 1504
29933 - 1440 1
29933 + 1440
29934 # 1504
29934 - 1440 1
29935 # 1504
29935 + 1440
29935 + 88
29936 # 1504
29936 - 1440 1
29936 + 1440
29937 # 1504
29937 - 88 2
29937 - 1440 1
29938 # 1504
29938 + 1440
29939 # 1504
29939 - 1440 1
29939 + 1440
29940 # 1504
29940 - 1440 1
29940 + 1440
29941 # 1504
29941 - 1440 1
29942 # 1504
29942 + 1440
29943 # 1504
29943 - 1440 1
29943 + 1440
29944 # 1504
29944 - 1440 1
29944 + 1440
29945 # 1504
29945 - 1440 1
29945 + 88
29945 + 1440
29946 # 1504
29946 - 88 1
29947 # 1504
29947 - 1440 2
29947 + 1440
29948 # 1504
29948 - 1440 1
29948 + 1440
29949 # 1504
29949 - 1440 1
29949 + 1440
29950 # 1504
29950 - 1440 1
29951 # 1504
29951 + 1440
29952 # 1504
29952 - 1440 1
29952 + 1440
29953 # 1504
29953 - 1440 1
29953 + 1440
29954 # 1504
29954 - 1440 1
29955 # 1504
29955 + 1440
29956 # 1504
29956 - 1440 1
29956 + 1440
29956 + 88
29957 # 1504
29957 - 1440 1
29957 + 1440
29958 # 1504
29958 - 88 2
29958 - 1440 1
29959 # 1504
29959 + 1440
29960 # 1504
29960 - 1440 1
29960 + 1440
29961 # 1504
29961 - 1440 1
29962 # 1504
29962 + 1440
29963 # 1504
29963 - 1440 1
29963 + 1440
29964 # 1504
29964 - 1440 1
29964 + 1440
29965 # 1504
29965 - 1440 1
29966 # 1504
29966 + 1440
29967 # 1504
29967 - 1440 1
29967 + 1440
29967 + 88
29968 # 1504
29968 - 1440 1
29968 + 1440
29969 # 1504
29969 - 88 2
29969 - 1440 1
29970 # 1504
29970 + 1440
29971 # 1504
29971 - 1440 1
29971 + 1440
29972 # 1504
29972 - 1440 1
29972 + 1440
29973 # 1504
29973 - 1440 1
29973 + 1440
29974 # 1504
29974 - 1440 1
29975 # 1504
29975 + 1440
29976 # 1504
29976 - 1440 1
29976 + 1440
29977 # 1504
29977 - 1440 1
29977 + 1440
29977 + 88
29978 # 1504
29978 - 1440 1
29979 # 1504
29979 - 88 2
29979 + 1440
29980 # 1504
29980 - 1440 1
29980 + 1440
29981 # 1504
29981 - 1440 1
29981 + 1440
29982 # 1504
29982 - 1440 1
29983 # 1504
29983 + 1440
29984 # 1504
29984 - 1440 1
29984 + 1440
29985 # 1504
29985 - 1440 1
29986 # 1504
29986 + 1440
29987 # 1504
29987 - 1440 1
29987 + 1440
29988 # 1504
29988 - 1440 1
29989 # 1504
29989 + 88
29989 + 1440
29990 # 1504
29990 - 88 1
29990 + 1440
29991 # 1504
29991 - 1440 2
29991 - 1440 1
29992 # 1504
29992 + 1440
29993 # 1504
29993 - 1440 1
29993 + 1440
29994 # 1504
29994 - 1440 1
29994 + 1440
29995 # 1504
29995 - 1440 1
29996 # 1504
29996 + 1440
29997 # 1504
29997 - 1440 1
29997 + 1440
29998 # 1504
29998 - 1440 1
29999 # 1504
29999 + 1440
30000 # 1504
30000 - 1440 1
30000 + 1440
30000 + 88
30001 # 1504
30001 - 1440 1
30001 + 1096
30002 # 1504
30002 - 88 2
30002 - 1096 1
30002 + 1440
30003 # 1504
30003 - 1440 1
30004 # 1504
30004 + 1440
30004 + 88
30005 # 1504
30005 - 1440 1
30005 + 1440
30006 # 1504
30006 - 88 2
30006 - 1440 1
30006 + 1440
30007 # 1504
30007 - 1440 1
30008 # 1504
30008 + 1440
30009 # 1504
30009 - 1440 1
30009 + 1440
30010 # 1504
30010 - 1440 1
30010 + 1440
30011 # 1504
30011 - 1440 1
30012 # 1504
30012 + 1440
30013 # 1504
30013 - 1440 1
30013 + 1440
30014 # 1504
30014 - 1440 1
30015 # 1504
30015 + 1440
30015 + 88
30016 # 1504
30016 - 1440 1
30016 + 1440
30017 # 1504
30017 - 88 2
30017 - 1440 1
30017 + 1440
30018 # 1504
30018 - 1440 1
30019 # 1504
30019 + 1440
30020 # 1504
30020 - 1440 1
30020 + 1440
30021 # 1504
30021 - 1440 1
30021 + 1440
30022 # 1504
30022 - 1440 1
30022 + 1440
30023 # 1504
30023 - 1440 1
30024 # 1504
30024 + 1440
30025 # 1504
30025 - 1440 1
30025 + 1440
30025 + 88
30026 # 1504
30026 - 1440 1
30026 + 1440
30027 # 1504
30027 - 88 2
30027 - 1440 1
30027 + 1440
30028 # 1504
30028 - 1440 1
30028 + 1440
30029 # 1504
30029 - 1440 1
30030 # 1504
30030 + 1440
30031 # 1504
30031 - 1440 1
30031 + 1440
30032 # 1504
30032 - 1440 1
30032 + 1440
30033 # 1504
30033 - 1440 1
30033 + 1440
30034 # 1504
30034 - 1440 1
30035 # 1504
30035 + 1440
30036 # 1504
30036 - 1440 1
30036 + 1440
30036 + 88
30037 # 1504
30037 - 1440 1
30037 + 1440
30038 # 1504
30038 - 88 2
30038 - 1440 1
30038 + 1440
30039 # 1504
30039 - 1440 1
30040 # 1504
30040 + 1440
30041 # 1504
30041 - 1440 1
30041 + 1440
30042 # 1504
30042 - 1440 1
30042 + 1440
30043 # 1504
30043 - 1440 1
30043 + 1440
30044 # 1504
30044 - 1440 1
30044 + 1440
30045 # 1504
30045 - 1440 1
30045 + 1440
30046 # 1504
30046 - 1440 1
30047 # 1504
30047 + 1440
30047 + 88
30048 # 1504
30048 - 1440 1
30048 + 1440
30049 # 1504
30049 - 88 2
30049 - 1440 1
30049 + 1440
30050 # 1504
30050 - 1440 1
30050 + 1440
30051 # 1504
30051 - 1440 1
30051 + 1440
30052 # 1504
30052 - 1440 1
30052 + 1440
30053 # 1504
30053 - 1440 1
30053 + 1440
30054 # 1504
30054 - 1440 1
30055 # 1504
30055 + 1440
30056 # 1504
30056 - 1440 1
30056 + 1440
30057 # 1504
30057 - 1440 1
30057 + 1440
30057 + 88
30058 # 1504
30058 - 1440 1
30058 + 1440
30059 # 1504
30059 - 88 2
30059 - 1440 1
30059 + 1440
30060 # 1504
30060 - 1440 1
30061 # 1504
30061 + 1440
30062 # 1504
30062 - 1440 1
30062 + 1440
30063 # 1504
30063 - 1440 1
30063 + 1440
30064 # 1504
30064 - 1440 1
30064 + 1440
30065 # 1504
30065 - 1440 1
30066 # 1504
30066 + 1440
30067 # 1504
30067 - 1440 1
30067 + 1440
30068 # 1504
30068 - 1440 1
30068 + 1440
30068 + 88
30069 # 1504
30069 - 1440 1
30069 + 1440
30070 # 1504
30070 - 88 2
30070 - 1440 1
30071 # 1504
30071 + 1440
30072 # 1504
30072 - 1440 1
30072 + 1440
30073 # 1504
30073 - 1440 1
30073 + 1440
30074 # 1504
30074 - 1440 1
30074 + 1440
30075 # 1504
30075 - 1440 1
30075 + 1440
30076 # 1504
30076 - 1440 1
30076 + 1440
30077 # 1504
30077 - 1440 1
30077 + 1440
30078 # 1504
30078 - 1440 1
30079 # 1504
30079 + 1440
30079 + 88
30080 # 1504
30080 - 1440 1
30080 + 1440
30081 # 1504
30081 - 88 2
30081 - 1440 1
30081 + 1440
30082 # 1504
30082 - 1440 1
30082 + 1440
30083 # 1504
30083 - 1440 1
30083 + 1440
30084 # 1504
30084 - 1440 1
30084 + 1440
30085 # 1504
30085 - 1440 1
30085 + 1440
30086 # 1504
30086 - 1440 1
30086 + 1440
30087 # 1504
30087 - 1440 1
30087 + 1440
30088 # 1504
30088 - 1440 1
30088 + 1440
30089 # 1504
30089 - 1440 1
30089 + 1440
30090 # 1504
30090 - 1440 1
30090 + 88
30090 + 1096
30091 # 1504
30091 - 88 1
30091 - 1096 1
30092 # 1504
30092 + 1440
30093 # 1504
30093 - 1440 1
30093 + 1440
30093 + 88
30094 # 1504
30094 - 1440 1
30094 + 1440
30095 # 1504
30095 - 88 2
30095 - 1440 1
30095 + 1440
30096 # 1504
30096 - 1440 1
30096 + 1440
30097 # 1504
30097 - 1440 1
30098 # 1504
30098 + 1440
30099 # 1504
30099 - 1440 1
30099 + 1440
30100 # 1504
30100 - 1440 1
30100 + 1440
30101 # 1504
30101 - 1440 1
30101 + 1440
30102 # 1504
30102 - 1440 1
30102 + 1440
30103 # 1504
30103 - 1440 1
30103 + 1440
30104 # 1504
30104 - 1440 1
30104 + 88
30105 # 1504
30105 - 88 1
30105 + 1440
30106 # 1504
30106 - 1440 1
30106 + 1440
30107 # 1504
30107 - 1440 1
30107 + 1440
30108 # 1504
30108 - 1440 1
30108 + 1440
30109 # 1504
30109 - 1440 1
30109 + 1440
30110 # 1504
30110 - 1440 1
30111 # 1504
30111 + 1440
30112 # 1504
30112 - 1440 1
30112 + 1440
30113 # 1504
30113 - 1440 1
30113 + 1440
30114 # 1504
30114 - 1440 1
30114 + 1440
30114 + 88
30115 # 1504
30115 - 1440 1
30115 + 1440
30116 # 1504
30116 - 88 2
30116 - 1440 1
30116 + 1440
30117 # 1504
30117 - 1440 1
30118 # 1504
30118 + 1440
30119 # 1504
30119 - 1440 1
30119 + 1440
30120 # 1504
30120 - 1440 1
30120 + 1440
30121 # 1504
30121 - 1440 1
30121 + 1440
30122 # 1504
30122 - 1440 1
30122 + 1440
30123 # 1504
30123 - 1440 1
30123 + 1440
30124 # 1504
30124 - 1440 1
30124 + 1440
30124 + 88
30125 # 1504
30125 - 1440 1
30126 # 1504
30126 - 88 2
30126 + 1440
30127 # 1504
30127 - 1440 1
30127 + 1440
30128 # 1504
30128 - 1440 1
30128 + 1440
30129 # 1504
30129 - 1440 1
30129 + 1440
30130 # 1504
30130 - 1440 1
30131 # 1504
30131 + 1440
30132 # 1504
30132 - 1440 1
30132 + 1440
30133 # 1504
30133 - 1440 1
30133 + 1440
30134 # 1504
30134 - 1440 1
30134 + 1440
30135 # 1504
30135 - 1440 1
30135 + 1440
30136 # 1504
30136 - 1440 1
30136 + 88
30137 # 1504
30137 - 88 1
30137 + 1440
30138 # 1504
30138 - 1440 1
30138 + 1440
30139 # 1504
30139 - 1440 1
30139 + 1440
30140 # 1504
30140 - 1440 1
30141 # 1504
30141 + 1440
30142 # 1504
30142 - 1440 1
30142 + 1440
30143 # 1504
30143 - 1440 1
30143 + 1440
30144 # 1504
30144 - 1440 1
30144 + 1440
30145 # 1504
30145 - 1440 1
30146 # 1504
30146 + 1440
30146 + 88
30147 # 1504
30147 - 1440 1
30147 + 1440
30148 # 1504
30148 - 88 2
30148 - 1440 1
30148 + 1440
30149 # 1504
30149 - 1440 1
30149 + 1440
30150 # 1504
30150 - 1440 1
30151 # 1504
30151 + 1440
30152 # 1504
30152 - 1440 1
30152 + 1440
30153 # 1504
30153 - 1440 1
30153 + 1440
30154 # 1504
30154 - 1440 1
30154 + 1440
30155 # 1504
30155 - 1440 1
30155 + 1440
30156 # 1504
30156 - 1440 1
30156 + 1440
30156 + 88
30157 # 1504
30157 - 1440 1
30158 # 1504
30158 - 88 2
30158 + 1440
30159 # 1504
30159 - 1440 1
30159 + 1440
30160 # 1504
30160 - 1440 1
30160 + 1440
30161 # 1504
30161 - 1440 1
30161 + 1440
30162 # 1504
30162 - 1440 1
30162 + 1440
30163 # 1504
30163 - 1440 1
30163 + 1440
30164 # 1504
30164 - 1440 1
30164 + 1440
30165 # 1504
30165 - 1440 1
30166 # 1504
30166 + 1440
30167 # 1504
30167 - 1440 1
30167 + 1440
30167 + 88
30168 # 1504
30168 - 1440 1
30168 + 1440
30169 # 1504
30169 - 88 2
30169 - 1440 1
30169 + 1440
30170 # 1504
30170 - 1440 1
30170 + 1440
30171 # 1504
30171 - 1440 1
30172 # 1504
30172 + 1440
30173 # 1504
30173 - 1440 1
30173 + 1440
30174 # 1504
30174 - 1440 1
30174 + 1440
30175 # 1504
30175 - 1440 1
30175 + 1440
30176 # 1504
30176 - 1440 1
30176 + 1440
30177 # 1504
30177 - 1440 1
30177 + 1440
30177 + 88
30178 # 1504
30178 - 1440 1
30179 # 1504
30179 - 88 2
30179 + 1096
30180 # 1504
30180 - 1096 1
30180 + 1440
30181 # 1504
30181 - 1440 1
30181 + 1440
30181 + 88
30182 # 1504
30182 - 1440 1
30182 + 1440
30183 # 1504
30183 - 88 2
30183 - 1440 1
30183 + 1440
30184 # 1504
30184 - 1440 1
30184 + 1440
30185 # 1504
30185 - 1440 1
30185 + 1440
30186 # 1504
30186 - 1440 1
30187 # 1504
30187 + 1440
30188 # 1504
30188 - 1440 1
30188 + 1440
30189 # 1504
30189 - 1440 1
30189 + 1440
30190 # 1504
30190 - 1440 1
30190 + 1440
30191 # 1504
30191 - 1440 1
30192 # 1504
30192 + 1440
30192 + 88
30193 # 1504
30193 - 1440 1
30193 + 1440
30194 # 1504
30194 - 88 2
30194 - 1440 1
30194 + 1440
30195 # 1504
30195 - 1440 1
30195 + 1440
30196 # 1504
30196 - 1440 1
30197 # 1504
30197 + 1440
30198 # 1504
30198 - 1440 1
30198 + 1440
30199 # 1504
30199 - 1440 1
30199 + 1440
30200 # 1504
30200 - 1440 1
30200 + 1440
30201 # 1504
30201 - 1440 1
30201 + 1440
30202 # 1504
30202 - 1440 1
30203 # 1504
30203 + 1440
30203 + 88
30204 # 1504
30204 - 1440 1
30204 + 1440
30205 # 1504
30205 - 88 2
30205 - 1440 1
30205 + 1440
30206 # 1504
30206 - 1440 1
30206 + 1440
30207 # 1504
30207 - 1440 1
30207 + 1440
30208 # 1504
30208 - 1440 1
30208 + 1440
30209 # 1504
30209 - 1440 1
30209 + 1440
30210 # 1504
30210 - 1440 1
30210 + 1440
30211 # 1504
30211 - 1440 1
30212 # 1504
30212 + 1440
30213 # 1504
30213 - 1440 1
30213 + 1440
30214 # 1504
30214 - 1440 1
30214 + 1440
30214 + 88
30215 # 1504
30215 - 1440 1
30215 + 1440
30216 # 1504
30216 - 88 2
30216 - 1440 1
30216 + 1440
30217 # 1504
30217 - 1440 1
30217 + 1440
30218 # 1504
30218 - 1440 1
30218 + 1440
30219 # 1504
30219 - 1440 1
30219 + 1440
30220 # 1504
30220 - 1440 1
30220 + 1440
30221 # 1504
30221 - 1440 1
30221 + 1440
30222 # 1504
30222 - 1440 1
30223 # 1504
30223 + 1440
30224 # 1504
30224 - 1440 1
30224 + 1440
30225 # 1504
30225 - 1440 1
30225 + 1440
30225 + 88
30226 # 1504
30226 - 1440 1
30226 + 1440
30227 # 1504
30227 - 88 2
30227 - 1440 1
30227 + 1440
30228 # 1504
30228 - 1440 1
30229 # 1504
30229 + 1440
30230 # 1504
30230 - 1440 1
30230 + 1440
30231 # 1504
30231 - 1440 1
30231 + 1440
30232 # 1504
30232 - 1440 1
30232 + 1440
30233 # 1504
30233 - 1440 1
30233 + 1440
30234 # 1504
30234 - 1440 1
30234 + 1440
30235 # 1504
30235 - 1440 1
30236 # 1504
30236 + 1440
30236 + 88
30237 # 1504
30237 - 1440 1
30237 + 1440
30238 # 1504
30238 - 88 2
30238 - 1440 1
30238 + 1440
30239 # 1504
30239 - 1440 1
30239 + 1440
30240 # 1504
30240 - 1440 1
30240 + 1440
30241 # 1504
30241 - 1440 1
30241 + 1440
30242 # 1504
30242 - 1440 1
30243 # 1504
30243 + 1440
30244 # 1504
30244 - 1440 1
30244 + 1440
30245 # 1504
30245 - 1440 1
30245 + 1440
30246 # 1504
30246 - 1440 1
30246 + 1440
30246 + 88
30247 # 1504
30247 - 1440 1
30248 # 1504
30248 - 88 2
30248 + 1440
30249 # 1504
30249 - 1440 1
30249 + 1440
30250 # 1504
30250 - 1440 1
30250 + 1440
30251 # 1504
30251 - 1440 1
30251 + 1440
30252 # 1504
30252 - 1440 1
30253 # 1504
30253 + 1440
30254 # 1504
30254 - 1440 1
30254 + 1440
30255 # 1504
30255 - 1440 1
30255 + 1440
30256 # 1504
30256 - 1440 1
30256 + 1440
30256 + 88
30257 # 1504
30257 - 1440 1
30257 + 1440
30258 # 1504
30258 - 88 2
30258 - 1440 1
30259 # 1504
30259 + 1440
30260 # 1504
30260 - 1440 1
30260 + 1440
30261 # 1504
30261 - 1440 1
30261 + 1440
30262 # 1504
30262 - 1440 1
30262 + 1440
30263 # 1504
30263 - 1440 1
30263 + 1440
30264 # 1504
30264 - 1440 1
30264 + 1440
30265 # 1504
30265 - 1440 1
30266 # 1504
30266 + 1096
30267 # 1504
30267 - 1096 1
30267 + 1440
30267 + 88
30268 # 1504
30268 - 1440 1
30268 + 1440
30268 + 88
30269 # 1504
30269 - 88 2
30269 - 1440 1
30269 + 1440
30270 # 1504
30270 - 88 2
30270 - 1440 1
30270 + 1440
30271 # 1504
30271 - 1440 1
30271 + 1440
30272 # 1504
30272 - 1440 1
30272 + 1440
30273 # 1504
30273 - 1440 1
30273 + 1440
30274 # 1504
30274 - 1440 1
30275 # 1504
30275 + 1440
30276 # 1504
30276 - 1440 1
30276 + 1440
30277 # 1504
30277 - 1440 1
30277 + 1440
30278 # 1504
30278 - 1440 1
30278 + 1440
30278 + 88
30279 # 1504
30279 - 1440 1
30279 + 1440
30280 # 1504
30280 - 88 2
30280 - 1440 1
30280 + 1440
30281 # 1504
30281 - 1440 1
30282 # 1504
30282 + 1440
30283 # 1504
30283 - 1440 1
30283 + 1440
30284 # 1504
30284 - 1440 1
30284 + 1440
30285 # 1504
30285 - 1440 1
30285 + 1440
30286 # 1504
30286 - 1440 1
30287 # 1504
30287 + 1440
30288 # 1504
30288 - 1440 1
30288 + 1440
30289 # 1504
30289 - 1440 1
30289 + 1440
30289 + 88
30290 # 1504
30290 - 1440 1
30290 + 1440
30291 # 1504
30291 - 88 2
30291 - 1440 1
30292 # 1504
30292 + 1440
30293 # 1504
30293 - 1440 1
30293 + 1440
30294 # 1504
30294 - 1440 1
30294 + 1440
30295 # 1504
30295 - 1440 1
30295 + 1440
30296 # 1504
30296 - 1440 1
30296 + 1440
30297 # 1504
30297 - 1440 1
30298 # 1504
30298 + 1440
30299 # 1504
30299 - 1440 1
30299 + 1440
30300 # 1504
30300 - 1440 1
30300 + 1440
30300 + 88
30301 # 1504
30301 - 1440 1
30301 + 1440
30302 # 1504
30302 - 88 2
30302 - 1440 1
30302 + 1440
30303 # 1504
30303 - 1440 1
30304 # 1504
30304 + 1440
30305 # 1504
30305 - 1440 1
30305 + 1440
30306 # 1504
30306 - 1440 1
30306 + 1440
30307 # 1504
30307 - 1440 1
30307 + 1440
30308 # 1504
30308 - 1440 1
30308 + 1440
30309 # 1504
30309 - 1440 1
30309 + 1440
30310 # 1504
30310 - 1440 1
30310 + 1440
30310 + 88
30311 # 1504
30311 - 1440 1
30311 + 1440
30312 # 1504
30312 - 88 2
30312 - 1440 1
30313 # 1504
30313 + 1440
30314 # 1504
30314 - 1440 1
30314 + 1440
30315 # 1504
30315 - 1440 1
30315 + 1440
30316 # 1504
30316 - 1440 1
30316 + 1440
30317 # 1504
30317 - 1440 1
30317 + 1440
30318 # 1504
30318 - 1440 1
30319 # 1504
30319 + 1440
30320 # 1504
30320 - 1440 1
30320 + 1440
30321 # 1504
30321 - 1440 1
30321 + 1440
30321 + 88
30322 # 1504
30322 - 1440 1
30323 # 1504
30323 - 88 2
30323 + 1440
30324 # 1504
30324 - 1440 1
30324 + 1440
30325 # 1504
30325 - 1440 1
30325 + 1440
30326 # 1504
30326 - 1440 1
30326 + 1440
30327 # 1504
30327 - 1440 1
30328 # 1504
30328 + 1440
30329 # 1504
30329 - 1440 1
30329 + 1440
30330 # 1504
30330 - 1440 1
30330 + 1440
30331 # 1504
30331 - 1440 1
30331 + 1440
30332 # 1504
30332 - 1440 1
30332 + 1440
30332 + 88
30333 # 1504
30333 - 1440 1
30333 + 1440
30334 # 1504
30334 - 88 2
30334 - 1440 1
30335 # 1504
30335 + 1440
30336 # 1504
30336 - 1440 1
30336 + 1440
30337 # 1504
30337 - 1440 1
30337 + 1440
30338 # 1504
30338 - 1440 1
30338 + 1440
30339 # 1504
30339 - 1440 1
30339 + 1440
30340 # 1504
30340 - 1440 1
30340 + 1440
30341 # 1504
30341 - 1440 1
30341 + 1440
30342 # 1504
30342 - 1440 1
30342 + 1440
30342 + 88
30343 # 1504
30343 - 1440 1
30343 + 1440
30344 # 1504
30344 - 88 2
30344 - 1440 1
30344 + 1440
30345 # 1504
30345 - 1440 1
30346 # 1504
30346 + 1440
30347 # 1504
30347 - 1440 1
30347 + 1440
30348 # 1504
30348 - 1440 1
30348 + 1440
30349 # 1504
30349 - 1440 1
30349 + 1440
30350 # 1504
30350 - 1440 1
30350 + 1440
30351 # 1504
30351 - 1440 1
30351 + 1440
30352 # 1504
30352 - 1440 1
30352 + 1096
30353 # 1504
30353 - 1096 1
30353 + 1440
30353 + 88
30354 # 1504
30354 - 1440 1
30355 # 1504
30355 - 88 2
30355 + 1440
30355 + 88
30356 # 1504
30356 - 1440 1
30356 + 1440
30357 # 1504
30357 - 88 2
30357 - 1440 1
30357 + 1440
30358 # 1504
30358 - 1440 1
30358 + 1440
30359 # 1504
30359 - 1440 1
30359 + 1440
30360 # 1504
30360 - 1440 1
30361 # 1504
30361 + 1440
30362 # 1504
30362 - 1440 1
30362 + 1440
30363 # 1504
30363 - 1440 1
30363 + 1440
30364 # 1504
30364 - 1440 1
30364 + 1440
30365 # 1504
30365 - 1440 1
30365 + 1440
30365 + 88
30366 # 1504
30366 - 1440 1
30366 + 1440
30367 # 1504
30367 - 88 2
30367 - 1440 1
30367 + 1440
30368 # 1504
30368 - 1440 1
30368 + 1440
30369 # 1504
30369 - 1440 1
30369 + 1440
30370 # 1504
30370 - 1440 1
30370 + 1440
30371 # 1504
30371 - 1440 1
30372 # 1504
30372 + 1440
30373 # 1504
30373 - 1440 1
30373 + 1440
30374 # 1504
30374 - 1440 1
30374 + 1440
30375 # 1504
30375 - 1440 1
30375 + 1440
30376 # 1504
30376 - 1440 1
30376 + 1440
30376 + 88
30377 # 1504
30377 - 1440 1
30377 + 1440
30378 # 1504
30378 - 88 2
30378 - 1440 1
30378 + 1440
30379 # 1504
30379 - 1440 1
30379 + 1440
30380 # 1504
30380 - 1440 1
30380 + 1440
30381 # 1504
30381 - 1440 1
30381 + 1440
30382 # 1504
30382 - 1440 1
30383 # 1504
30383 + 1440
30384 # 1504
30384 - 1440 1
30384 + 1440
30385 # 1504
30385 - 1440 1
30385 + 1440
30386 # 1504
30386 - 1440 1
30386 + 1440
30387 # 1504
30387 - 1440 1
30387 + 1440
30387 + 88
30388 # 1504
30388 - 1440 1
30388 + 1440
30389 # 1504
30389 - 88 2
30389 - 1440 1
30389 + 1440
30390 # 1504
30390 - 1440 1
30390 + 1440
30391 # 1504
30391 - 1440 1
30391 + 1440
30392 # 1504
30392 - 1440 1
30392 + 1440
30393 # 1504
30393 - 1440 1
30393 + 1440
30394 # 1504
30394 - 1440 1
30394 + 1440
30395 # 1504
30395 - 1440 1
30395 + 1440
30396 # 1504
30396 - 1440 1
30396 + 1440
30397 # 1504
30397 - 1440 1
30397 + 1440
30397 + 88
30398 # 1504
30398 - 1440 1
30398 + 1440
30399 # 1504
30399 - 88 2
30399 - 1440 1
30399 + 1440
30400 # 1504
30400 - 1440 1
30400 + 1440
30401 # 1504
30401 - 1440 1
30401 + 1440
30402 # 1504
30402 - 1440 1
30402 + 1440
30403 # 1504
30403 - 1440 1
30404 # 1504
30404 + 1440
30405 # 1504
30405 - 1440 1
30405 + 1440
30406 # 1504
30406 - 1440 1
30406 + 1440
30407 # 1504
30407 - 1440 1
30407 + 1440
30408 # 1504
30408 - 1440 1
30408 + 1440
30408 + 88
30409 # 1504
30409 - 1440 1
30409 + 1440
30410 # 1504
30410 - 88 2
30410 - 1440 1
30410 + 1440
30411 # 1504
30411 - 1440 1
30411 + 1440
30412 # 1504
30412 - 1440 1
30412 + 1440
30413 # 1504
30413 - 1440 1
30413 + 1440
30414 # 1504
30414 - 1440 1
30414 + 1440
30415 # 1504
30415 - 1440 1
30415 + 1440
30416 # 1504
30416 - 1440 1
30417 # 1504
30417 + 1440
30418 # 1504
30418 - 1440 1
30418 + 1440
30419 # 1504
30419 - 1440 1
30419 + 1440
30419 + 88
30420 # 1504
30420 - 1440 1
30420 + 1440
30421 # 1504
30421 - 88 2
30421 - 1440 1
30421 + 1440
30422 # 1504
30422 - 1440 1
30422 + 1440
30423 # 1504
30423 - 1440 1
30424 # 1504
30424 + 1440
30425 # 1504
30425 - 1440 1
30425 + 1440
30426 # 1504
30426 - 1440 1
30426 + 1440
30427 # 1504
30427 - 1440 1
30427 + 1440
30428 # 1504
30428 - 1440 1
30428 + 1440
30429 # 1504
30429 - 1440 1
30429 + 1440
30429 + 88
30430 # 1504
30430 - 1440 1
30430 + 1440
30431 # 1504
30431 - 88 2
30431 - 1440 1
30431 + 1440
30432 # 1504
30432 - 1440 1
30432 + 1440
30433 # 1504
30433 - 1440 1
30433 + 1096
30434 # 1504
30434 - 1096 1
30435 # 1504
30435 + 1440
30436 # 1504
30436 - 1440 1
30436 + 1440
30436 + 88
30437 # 1504
30437 - 1440 1
30437 + 1440
30438 # 1504
30438 - 88 2
30438 - 1440 1
30438 + 1440
30439 # 1504
30439 - 1440 1
30439 + 1440
30440 # 1504
30440 - 1440 1
30440 + 1440
30441 # 1504
30441 - 1440 1
30441 + 1440
30442 # 1504
30442 - 1440 1
30442 + 1440
30443 # 1504
30443 - 1440 1
30444 # 1504
30444 + 1440
30445 # 1504
30445 - 1440 1
30445 + 1440
30446 # 1504
30446 - 1440 1
30446 + 1440
30446 + 88
30447 # 1504
30447 - 1440 1
30447 + 1440
30448 # 1504
30448 - 88 2
30448 - 1440 1
30448 + 1440
30449 # 1504
30449 - 1440 1
30449 + 1440
30450 # 1504
30450 - 1440 1
30451 # 1504
30451 + 1440
30452 # 1504
30452 - 1440 1
30452 + 1440
30453 # 1504
30453 - 1440 1
30453 + 1440
30454 # 1504
30454 - 1440 1
30454 + 1440
30455 # 1504
30455 - 1440 1
30455 + 1440
30456 # 1504
30456 - 1440 1
30456 + 1440
30456 + 88
30457 # 1504
30457 - 1440 1
30457 + 1440
30458 # 1504
30458 - 88 2
30458 - 1440 1
30458 + 1440
30459 # 1504
30459 - 1440 1
30459 + 1440
30460 # 1504
30460 - 1440 1
30460 + 1440
30461 # 1504
30461 - 1440 1
30461 + 1440
30462 # 1504
30462 - 1440 1
30462 + 1440
30463 # 1504
30463 - 1440 1
30464 # 1504
30464 + 1440
30465 # 1504
30465 - 1440 1
30465 + 1440
30466 # 1504
30466 - 1440 1
30466 + 1440
30467 # 1504
30467 - 1440 1
30467 + 1440
30467 + 88
30468 # 1504
30468 - 1440 1
30468 + 1440
30469 # 1504
30469 - 88 2
30469 - 1440 1
30469 + 1440
30470 # 1504
30470 - 1440 1
30470 + 1440
30471 # 1504
30471 - 1440 1
30471 + 1440
30472 # 1504
30472 - 1440 1
30472 + 1440
30473 # 1504
30473 - 1440 1
30473 + 1440
30474 # 1504
30474 - 1440 1
30474 + 1440
30475 # 1504
30475 - 1440 1
30475 + 1440
30476 # 1504
30476 - 1440 1
30476 + 1440
30477 # 1504
30477 - 1440 1
30477 + 1440
30478 # 1504
30478 - 1440 1
30478 + 88
30478 + 1440
30479 # 1504
30479 - 88 1
30479 + 1440
30480 # 1504
30480 - 1440 2
30480 - 1440 1
30480 + 1440
30481 # 1504
30481 - 1440 1
30481 + 1440
30482 # 1504
30482 - 1440 1
30483 # 1504
30483 + 1440
30484 # 1504
30484 - 1440 1
30484 + 1440
30485 # 1504
30485 - 1440 1
30485 + 1440
30486 # 1504
30486 - 1440 1
30486 + 1440
30487 # 1504
30487 - 1440 1
30487 + 1440
30488 # 1504
30488 - 1440 1
30488 + 1440
30488 + 88
30489 # 1504
30489 - 1440 1
30489 + 1440
30490 # 1504
30490 - 88 2
30490 - 1440 1
30490 + 1440
30491 # 1504
30491 - 1440 1
30492 # 1504
30492 + 1440
30493 # 1504
30493 - 1440 1
30493 + 1440
30494 # 1504
30494 - 1440 1
30494 + 1440
30495 # 1504
30495 - 1440 1
30495 + 1440
30496 # 1504
30496 - 1440 1
30496 + 1440
30497 # 1504
30497 - 1440 1
30497 + 1440
30498 # 1504
30498 - 1440 1
30498 + 1440
30499 # 1504
30499 - 1440 1
30499 + 1440
30499 + 88
30500 # 1504
30500 - 1440 1
30500 + 1440
30501 # 1504
30501 - 88 2
30501 - 1440 1
30501 + 1440
30502 # 1504
30502 - 1440 1
30502 + 1440
30503 # 1504
30503 - 1440 1
30503 + 1440
30504 # 1504
30504 - 1440 1
30504 + 1440
30505 # 1504
30505 - 1440 1
30505 + 1440
30506 # 1504
30506 - 1440 1
30506 + 1440
30507 # 1504
30507 - 1440 1
30507 + 1440
30508 # 1504
30508 - 1440 1
30508 + 1440
30509 # 1504
30509 - 1440 1
30509 + 1440
30509 + 88
30510 # 1504
30510 - 1440 1
30510 + 1440
30511 # 1504
30511 - 88 2
30511 - 1440 1
30511 + 1440
30512 # 1504
30512 - 1440 1
30512 + 1440
30513 # 1504
30513 - 1440 1
30513 + 1096
30514 # 1504
30514 - 1096 1
30515 # 1504
30515 + 1440
30516 # 1504
30516 - 1440 1
30516 + 1440
30516 + 88
30517 # 1504
30517 - 1440 1
30517 + 1440
30518 # 1504
30518 - 88 2
30518 - 1440 1
30518 + 1440
30519 # 1504
30519 - 1440 1
30519 + 1440
30520 # 1504
30520 - 1440 1
30520 + 1440
30521 # 1504
30521 - 1440 1
30521 + 1440
30522 # 1504
30522 - 1440 1
30522 + 1440
30523 # 1504
30523 - 1440 1
30523 + 1440
30524 # 1504
30524 - 1440 1
30525 # 1504
30525 + 1440
30526 # 1504
30526 - 1440 1
30526 + 1440
30527 # 1504
30527 - 1440 1
30527 + 1440
30527 + 88
30528 # 1504
30528 - 1440 1
30528 + 1440
30529 # 1504
30529 - 88 2
30529 - 1440 1
30529 + 1440
30530 # 1504
30530 - 1440 1
30530 + 1440
30531 # 1504
30531 - 1440 1
30531 + 1440
30532 # 1504
30532 - 1440 1
30532 + 1440
30533 # 1504
30533 - 1440 1
30533 + 1440
30534 # 1504
30534 - 1440 1
30534 + 1440
30535 # 1504
30535 - 1440 1
30535 + 1440
30536 # 1504
30536 - 1440 1
30536 + 1440
30537 # 1504
30537 - 1440 1
30537 + 1440
30537 + 88
30538 # 1504
30538 - 1440 1
30538 + 1440
30539 # 1504
30539 - 88 2
30539 - 1440 1
30539 + 1440
30540 # 1504
30540 - 1440 1
30540 + 1440
30541 # 1504
30541 - 1440 1
30541 + 1440
30542 # 1504
30542 - 1440 1
30542 + 1440
30543 # 1504
30543 - 1440 1
30543 + 1440
30544 # 1504
30544 - 1440 1
30545 # 1504
30545 + 1440
30546 # 1504
30546 - 1440 1
30546 + 1440
30547 # 1504
30547 - 1440 1
30547 + 1440
30548 # 1504
30548 - 1440 1
30548 + 1440
30548 + 88
30549 # 1504
30549 - 1440 1
30549 + 1440
30550 # 1504
30550 - 88 2
30550 - 1440 1
30550 + 1440
30551 # 1504
30551 - 1440 1
30551 + 1440
30552 # 1504
30552 - 1440 1
30552 + 1440
30553 # 1504
30553 - 1440 1
30553 + 1440
30554 # 1504
30554 - 1440 1
30554 + 1440
30555 # 1504
30555 - 1440 1
30555 + 1440
30556 # 1504
30556 - 1440 1
30556 + 1440
30557 # 1504
30557 - 1440 1
30558 # 1504
30558 + 1440
30559 # 1504
30559 - 1440 1
30559 + 1440
30559 + 88
30560 # 1504
30560 - 1440 1
30560 + 1440
30561 # 1504
30561 - 88 2
30561 - 1440 1
30561 + 1440
30562 # 1504
30562 - 1440 1
30562 + 1440
30563 # 1504
30563 - 1440 1
30563 + 1440
30564 # 1504
30564 - 1440 1
30565 # 1504
30565 + 1440
30566 # 1504
30566 - 1440 1
30566 + 1440
30567 # 1504
30567 - 1440 1
30567 + 1440
30568 # 1504
30568 - 1440 1
30568 + 1440
30569 # 1504
30569 - 1440 1
30569 + 1440
30569 + 88
30570 # 1504
30570 - 1440 1
30570 + 1440
30571 # 1504
30571 - 88 2
30571 - 1440 1
30572 # 1504
30572 + 1440
30573 # 1504
30573 - 1440 1
30573 + 1440
30574 # 1504
30574 - 1440 1
30574 + 1440
30575 # 1504
30575 - 1440 1
30575 + 1440
30576 # 1504
30576 - 1440 1
30576 + 1440
30577 # 1504
30577 - 1440 1
30577 + 1440
30578 # 1504
30578 - 1440 1
30578 + 1440
30579 # 1504
30579 - 1440 1
30579 + 1440
30580 # 1504
30580 - 1440 1
30580 + 1440
30580 + 88
30581 # 1504
30581 - 1440 1
30581 + 1440
30582 # 1504
30582 - 88 2
30582 - 1440 1
30582 + 1440
30583 # 1504
30583 - 1440 1
30583 + 1440
30584 # 1504
30584 - 1440 1
30584 + 1440
30585 # 1504
30585 - 1440 1
30585 + 1440
30586 # 1504
30586 - 1440 1
30586 + 1440
30587 # 1504
30587 - 1440 1
30587 + 1440
30588 # 1504
30588 - 1440 1
30588 + 1440
30589 # 1504
30589 - 1440 1
30589 + 1440
30590 # 1504
30590 - 1440 1
30590 + 1440
30591 # 1504
30591 - 1440 1
30591 + 88
30591 + 1440
30592 # 1504
30592 - 88 1
30593 # 1504
30593 - 1440 2
30593 + 1440
30594 # 1504
30594 - 1440 1
30594 + 1096
30595 # 1504
30595 - 1096 1
30595 + 1440
30596 # 1504
30596 - 1440 1
30596 + 1440
30596 + 88
30597 # 1504
30597 - 1440 1
30597 + 1440
30598 # 1504
30598 - 88 2
30598 - 1440 1
30598 + 1440
30599 # 1504
30599 - 1440 1
30599 + 1440
30600 # 1504
30600 - 1440 1
30601 # 1504
30601 + 1440
30602 # 1504
30602 - 1440 1
30602 + 1440
30603 # 1504
30603 - 1440 1
30603 + 1440
30604 # 1504
30604 - 1440 1
30604 + 1440
30605 # 1504
30605 - 1440 1
30605 + 1440
30606 # 1504
30606 - 1440 1
30606 + 1440
30607 # 1504
30607 - 1440 1
30607 + 1440
30607 + 88
30608 # 1504
30608 - 1440 1
30608 + 1440
30609 # 1504
30609 - 88 2
30609 - 1440 1
30609 + 1440
30610 # 1504
30610 - 1440 1
30610 + 1440
30611 # 1504
30611 - 1440 1
30612 # 1504
30612 + 1440
30613 # 1504
30613 - 1440 1
30613 + 1440
30614 # 1504
30614 - 1440 1
30614 + 1440
30615 # 1504
30615 - 1440 1
30615 + 1440
30616 # 1504
30616 - 1440 1
30616 + 1440
30617 # 1504
30617 - 1440 1
30617 + 1440
30618 # 1504
30618 - 1440 1
30618 + 1440
30618 + 88
30619 # 1504
30619 - 1440 1
30619 + 1440
30620 # 1504
30620 - 88 2
30620 - 1440 1
30620 + 1440
30621 # 1504
30621 - 1440 1
30621 + 1440
30622 # 1504
30622 - 1440 1
30622 + 1440
30623 # 1504
30623 - 1440 1
30623 + 1440
30624 # 1504
30624 - 1440 1
30624 + 1440
30625 # 1504
30625 - 1440 1
30625 + 1440
30626 # 1504
30626 - 1440 1
30626 + 1440
30627 # 1504
30627 - 1440 1
30627 + 1440
30628 # 1504
30628 - 1440 1
30628 + 1440
30628 + 88
30629 # 1504
30629 - 1440 1
30629 + 1440
30630 # 1504
30630 - 88 2
30630 - 1440 1
30630 + 1440
30631 # 1504
30631 - 1440 1
30632 # 1504
30632 + 1440
30633 # 1504
30633 - 1440 1
30633 + 1440
30634 # 1504
30634 - 1440 1
30635 # 1504
30635 + 1440
30635 + 1440
30636 # 1504
30636 - 1440 1
30636 + 1440
30637 # 1504
30637 - 1440 2
30637 + 1440
30638 # 1504
30638 - 1440 2
30638 + 1440
30639 # 1504
30639 - 1440 2
30639 + 1440
30639 + 88
30640 # 1504
30640 - 1440 2
30640 + 1440
30641 # 1504
30641 - 1440 2
30641 - 88 2
30641 + 1440
30642 # 1504
30642 - 1440 2
30642 + 1440
30643 # 1504
30643 - 1440 2
30643 + 1440
30644 # 1504
30644 - 1440 2
30645 # 1504
30645 - 1440 2
30645 + 1440
30646 # 1504
30646 - 1440 1
30646 + 1440
30647 # 1504
30647 - 1440 1
30647 + 1440
30648 # 1504
30648 - 1440 1
30648 + 1440
30649 # 1504
30649 - 1440 1
30649 + 1440
30650 # 1504
30650 - 1440 1
30650 + 1440
30650 + 88
30651 # 1504
30651 - 1440 1
30652 # 1504
30652 - 88 2
30652 + 1440
30653 # 1504
30653 - 1440 1
30653 + 1440
30654 # 1504
30654 - 1440 1
30654 + 1440
30655 # 1504
30655 - 1440 1
30655 + 1440
30656 # 1504
30656 - 1440 1
30656 + 1440
30657 # 1504
30657 - 1440 1
30657 + 1440
30658 # 1504
30658 - 1440 1
30659 # 1504
30659 + 1440
30660 # 1504
30660 - 1440 1
30660 + 1440
30661 # 1504
30661 - 1440 1
30661 + 1440
30661 + 88
30662 # 1504
30662 - 1440 1
30662 + 1440
30663 # 1504
30663 - 88 2
30663 - 1440 1
30663 + 1440
30664 # 1504
30664 - 1440 1
30665 # 1504
30665 + 1440
30666 # 1504
30666 - 1440 1
30666 + 1440
30667 # 1504
30667 - 1440 1
30667 + 1440
30668 # 1504
30668 - 1440 1
30668 + 1440
30669 # 1504
30669 - 1440 1
30669 + 1440
30670 # 1504
30670 - 1440 1
30670 + 1440
30671 # 1504
30671 - 1440 1
30671 + 1440
30671 + 88
30672 # 1504
30672 - 1440 1
30672 + 1440
30673 # 1504
30673 - 88 2
30673 - 1440 1
30673 + 1440
30674 # 1504
30674 - 1440 1
30674 + 1440
30675 # 1504
30675 - 1440 1
30676 # 1504
30676 + 1096
30677 # 1504
30677 - 1096 1
30677 + 1440
30678 # 1504
30678 - 1440 1
30678 + 1440
30678 + 88
30679 # 1504
30679 - 1440 1
30679 + 1440
30680 # 1504
30680 - 88 2
30680 - 1440 1
30680 + 1440
30681 # 1504
30681 - 1440 1
30681 + 1440
30682 # 1504
30682 - 1440 1
30682 + 1440
30683 # 1504
30683 - 1440 1
30683 + 1440
30684 # 1504
30684 - 1440 1
30684 + 1440
30685 # 1504
30685 - 1440 1
30685 + 1440
30686 # 1504
30686 - 1440 1
30686 + 1440
30687 # 1504
30687 - 1440 1
30687 + 1440
30688 # 1504
30688 - 1440 1
30688 + 1440
30689 # 1504
30689 - 1440 1
30689 + 88
30689 + 1440
30690 # 1504
30690 - 88 1
30690 + 1440
30691 # 1504
30691 - 1440 2
30691 - 1440 1
30692 # 1504
30692 + 1440
30693 # 1504
30693 - 1440 1
30693 + 1440
30694 # 1504
30694 - 1440 1
30694 + 1440
30695 # 1504
30695 - 1440 1
30695 + 1440
30696 # 1504
30696 - 1440 1
30696 + 1440
30697 # 1504
30697 - 1440 1
30697 + 1440
30698 # 1504
30698 - 1440 1
30698 + 1440
30699 # 1504
30699 - 1440 1
30699 + 1440
30699 + 88
30700 # 1504
30700 - 1440 1
30700 + 1440
30701 # 1504
30701 - 88 2
30701 - 1440 1
30701 + 1440
30702 # 1504
30702 - 1440 1
30702 + 1440
30703 # 1504
30703 - 1440 1
30703 + 1440
30704 # 1504
30704 - 1440 1
30704 + 1440
30705 # 1504
30705 - 1440 1
30705 + 1440
30706 # 1504
30706 - 1440 1
30707 # 1504
30707 + 1440
30708 # 1504
30708 - 1440 1
30708 + 1440
30709 # 1504
30709 - 1440 1
30709 + 1440
30710 # 1504
30710 - 1440 1
30710 + 1440
30710 + 88
30711 # 1504
30711 - 1440 1
30711 + 1440
30712 # 1504
30712 - 88 2
30712 - 1440 1
30712 + 1440
30713 # 1504
30713 - 1440 1
30713 + 1440
30714 # 1504
30714 - 1440 1
30714 + 1440
30715 # 1504
30715 - 1440 1
30716 # 1504
30716 + 1440
30717 # 1504
30717 - 1440 1
30717 + 1440
30718 # 1504
30718 - 1440 1
30718 + 1440
30719 # 1504
30719 - 1440 1
30719 + 1440
30720 # 1504
30720 - 1440 1
30720 + 1440
30720 + 88
30721 # 1504
30721 - 1440 1
30721 + 1440
30722 # 1504
30722 - 88 2
30722 - 1440 1
30722 + 1440
30723 # 1504
30723 - 1440 1
30723 + 1440
30724 # 1504
30724 - 1440 1
30724 + 1440
30725 # 1504
30725 - 1440 1
30725 + 1440
30726 # 1504
30726 - 1440 1
30726 + 1440
30727 # 1504
30727 - 1440 1
30727 + 1440
30728 # 1504
30728 - 1440 1
30728 + 1440
30729 # 1504
30729 - 1440 1
30729 + 1440
30730 # 1504
30730 - 1440 1
30730 + 1440
30730 + 88
30731 # 1504
30731 - 1440 1
30731 + 1440
30732 # 1504
30732 - 88 2
30732 - 1440 1
30732 + 1440
30733 # 1504
30733 - 1440 1
30733 + 1440
30734 # 1504
30734 - 1440 1
30735 # 1504
30735 + 1440
30736 # 1504
30736 - 1440 1
30736 + 1440
30737 # 1504
30737 - 1440 1
30737 + 1440
30738 # 1504
30738 - 1440 1
30738 + 1440
30739 # 1504
30739 - 1440 1
30739 + 1440
30740 # 1504
30740 - 1440 1
30740 + 1440
30741 # 1504
30741 - 1440 1
30741 + 1440
30741 + 88
30742 # 1504
30742 - 1440 1
30742 + 1440
30743 # 1504
30743 - 88 2
30743 - 1440 1
30743 + 1440
30744 # 1504
30744 - 1440 1
30744 + 1440
30745 # 1504
30745 - 1440 1
30745 + 1440
30746 # 1504
30746 - 1440 1
30746 + 1440
30747 # 1504
30747 - 1440 1
30748 # 1504
30748 + 1440
30749 # 1504
30749 - 1440 1
30749 + 1440
30750 # 1504
30750 - 1440 1
30750 + 1440
30751 # 1504
30751 - 1440 1
30751 + 1440
30752 # 1504
30752 - 1440 1
30752 + 1440
30752 + 88
30753 # 1504
30753 - 1440 1
30753 + 1440
30754 # 1504
30754 - 88 2
30754 - 1440 1
30754 + 1440
30755 # 1504
30755 - 1440 1
30755 + 1096
30756 # 1504
30756 - 1096 1
30756 + 1440
30757 # 1504
30757 - 1440 1
30757 + 1440
30757 + 88
30758 # 1504
30758 - 1440 1
30758 + 1440
30759 # 1504
30759 - 88 2
30759 - 1440 1
30759 + 1440
30760 # 1504
30760 - 1440 1
30760 + 1440
30761 # 1504
30761 - 1440 1
30761 + 1440
30762 # 1504
30762 - 1440 1
30762 + 1440
30763 # 1504
30763 - 1440 1
30763 + 1440
30764 # 1504
30764 - 1440 1
30764 + 1440
30765 # 1504
30765 - 1440 1
30765 + 1440
30766 # 1504
30766 - 1440 1
30767 # 1504
30767 + 1440
30768 # 1504
30768 - 1440 1
30768 + 1440
30768 + 88
30769 # 1504
30769 - 1440 1
30769 + 1440
30770 # 1504
30770 - 88 2
30770 - 1440 1
30770 + 1440
30771 # 1504
30771 - 1440 1
30771 + 1440
30772 # 1504
30772 - 1440 1
30772 + 1440
30773 # 1504
30773 - 1440 1
30773 + 1440
30774 # 1504
30774 - 1440 1
30774 + 1440
30775 # 1504
30775 - 1440 1
30775 + 1440
30776 # 1504
30776 - 1440 1
30776 + 1440
30777 # 1504
30777 - 1440 1
30777 + 1440
30778 # 1504
30778 - 1440 1
30778 + 1440
30779 # 1504
30779 - 1440 1
30779 + 1440
30779 + 88
30779 + 1440
30780 # 1504
30780 - 1440 1
30780 + 1440
30781 # 1504
30781 - 88 2
30781 - 1440 2
30781 + 1440
30782 # 1504
30782 - 1440 2
30782 + 1440
30783 # 1504
30783 - 1440 2
30783 + 1440
30784 # 1504
30784 - 1440 2
30784 + 1440
30785 # 1504
30785 - 1440 2
30786 # 1504
30786 - 1440 2
30786 + 1440
30787 # 1504
30787 - 1440 1
30787 + 1440
30788 # 1504
30788 - 1440 1
30788 + 1440
30789 # 1504
30789 - 1440 1
30789 + 1440
30789 + 88
30790 # 1504
30790 - 1440 1
30790 + 1440
30791 # 1504
30791 - 88 2
30791 - 1440 1
30791 + 1440
30792 # 1504
30792 - 1440 1
30792 + 1440
30793 # 1504
30793 - 1440 1
30793 + 1440
30794 # 1504
30794 - 1440 1
30794 + 1440
30795 # 1504
30795 - 1440 1
30795 + 1440
30796 # 1504
30796 - 1440 1
30796 + 1440
30797 # 1504
30797 - 1440 1
30797 + 1440
30798 # 1504
30798 - 1440 1
30798 + 1440
30799 # 1504
30799 - 1440 1
30799 + 1440
30800 # 1504
30800 - 1440 1
30800 + 88
30800 + 1440
30801 # 1504
30801 - 88 1
30801 + 1440
30802 # 1504
30802 - 1440 2
30802 - 1440 1
30803 # 1504
30803 + 1440
30804 # 1504
30804 - 1440 1
30804 + 1440
30805 # 1504
30805 - 1440 1
30805 + 1440
30806 # 1504
30806 - 1440 1
30806 + 1440
30807 # 1504
30807 - 1440 1
30807 + 1440
30808 # 1504
30808 - 1440 1
30808 + 1440
30809 # 1504
30809 - 1440 1
30809 + 1440
30810 # 1504
30810 - 1440 1
30810 + 1440
30810 + 88
30811 # 1504
30811 - 1440 1
30811 + 1440
30812 # 1504
30812 - 88 2
30812 - 1440 1
30812 + 1440
30813 # 1504
30813 - 1440 1
30813 + 1440
30814 # 1504
30814 - 1440 1
30814 + 1440
30815 # 1504
30815 - 1440 1
30815 + 1440
30816 # 1504
30816 - 1440 1
30816 + 1440
30817 # 1504
30817 - 1440 1
30817 + 1440
30818 # 1504
30818 - 1440 1
30818 + 1440
30819 # 1504
30819 - 1440 1
30819 + 1440
30820 # 1504
30820 - 1440 1
30821 # 1504
30821 + 1440
30821 + 88
30822 # 1504
30822 - 1440 1
30822 + 1440
30823 # 1504
30823 - 88 2
30823 - 1440 1
30823 + 1440
30824 # 1504
30824 - 1440 1
30824 + 1440
30825 # 1504
30825 - 1440 1
30825 + 1440
30826 # 1504
30826 - 1440 1
30826 + 1440
30827 # 1504
30827 - 1440 1
30827 + 1440
30828 # 1504
30828 - 1440 1
30828 + 1440
30829 # 1504
30829 - 1440 1
30829 + 1440
30830 # 1504
30830 - 1440 1
30831 # 1504
30831 + 1440
30831 + 88
30832 # 1504
30832 - 1440 1
30832 + 1440
30833 # 1504
30833 - 88 2
30833 - 1440 1
30833 + 1096
30834 # 1504
30834 - 1096 1
30834 + 1440
30835 # 1504
30835 - 1440 1
30835 + 1440
30835 + 88
30836 # 1504
30836 - 1440 1
30836 + 1440
30837 # 1504
30837 - 88 2
30837 - 1440 1
30837 + 1440
30838 # 1504
30838 - 1440 1
30838 + 1440
30839 # 1504
30839 - 1440 1
30839 + 1440
30840 # 1504
30840 - 1440 1
30840 + 1440
30841 # 1504
30841 - 1440 1
30841 + 1440
30842 # 1504
30842 - 1440 1
30842 + 1440
30843 # 1504
30843 - 1440 1
30843 + 1440
30844 # 1504
30844 - 1440 1
30844 + 1440
30845 # 1504
30845 - 1440 1
30846 # 1504
30846 + 1440
30846 + 88
30846 + 1440
30847 # 1504
30847 - 1440 1
30848 # 1504
30848 - 88 2
30848 - 1440 2
30848 + 1440
30849 # 1504
30849 - 1440 1
30849 + 1440
30850 # 1504
30850 - 1440 1
30850 + 1440
30851 # 1504
30851 - 1440 1
30851 + 1440
30852 # 1504
30852 - 1440 1
30852 + 1440
30853 # 1504
30853 - 1440 1
30853 + 1440
30854 # 1504
30854 - 1440 1
30854 + 1440
30855 # 1504
30855 - 1440 1
30855 + 1440
30856 # 1504
30856 - 1440 1
30856 + 1440
30856 + 88
30857 # 1504
30857 - 1440 1
30857 + 1440
30858 # 1504
30858 - 88 2
30858 - 1440 1
30858 + 1440
30859 # 1504
30859 - 1440 1
30859 + 1440
30860 # 1504
30860 - 1440 1
30860 + 1440
30861 # 1504
30861 - 1440 1
30861 + 1440
30862 # 1504
30862 - 1440 1
30862 + 1440
30863 # 1504
30863 - 1440 1
30863 + 1440
30864 # 1504
30864 - 1440 1
30864 + 1440
30865 # 1504
30865 - 1440 1
30865 + 1440
30866 # 1504
30866 - 1440 1
30866 + 1440
30866 + 88
30867 # 1504
30867 - 1440 1
30867 + 1440
30868 # 1504
30868 - 88 2
30868 - 1440 1
30868 + 1440
30869 # 1504
30869 - 1440 1
30870 # 1504
30870 + 1440
30871 # 1504
30871 - 1440 1
30871 + 1440
30872 # 1504
30872 - 1440 1
30872 + 1440
30873 # 1504
30873 - 1440 1
30873 + 1440
30874 # 1504
30874 - 1440 1
30874 + 1440
30875 # 1504
30875 - 1440 1
30875 + 1440
30876 # 1504
30876 - 1440 1
30876 + 1440
30877 # 1504
30877 - 1440 1
30877 + 1440
30878 # 1504
30878 - 1440 1
30878 + 88
30879 # 1504
30879 - 88 1
30879 + 1440
30880 # 1504
30880 - 1440 1
30880 + 1440
30881 # 1504
30881 - 1440 1
30881 + 1440
30882 # 1504
30882 - 1440 1
30882 + 1440
30883 # 1504
30883 - 1440 1
30883 + 1440
30884 # 1504
30884 - 1440 1
30884 + 1440
30885 # 1504
30885 - 1440 1
30885 + 1440
30886 # 1504
30886 - 1440 1
30886 + 1440
30887 # 1504
30887 - 1440 1
30887 + 1440
30888 # 1504
30888 - 1440 1
30889 # 1504
30889 + 1440
30889 + 88
30890 # 1504
30890 - 1440 1
30890 + 1440
30891 # 1504
30891 - 88 2
30891 - 1440 1
30891 + 1440
30892 # 1504
30892 - 1440 1
30892 + 1440
30893 # 1504
30893 - 1440 1
30893 + 1440
30894 # 1504
30894 - 1440 1
30894 + 1440
30895 # 1504
30895 - 1440 1
30895 + 1440
30896 # 1504
30896 - 1440 1
30896 + 1440
30897 # 1504
30897 - 1440 1
30897 + 1440
30898 # 1504
30898 - 1440 1
30898 + 1440
30899 # 1504
30899 - 1440 1
30899 + 1440
30899 + 88
30900 # 1504
30900 - 1440 1
30900 + 1440
30901 # 1504
30901 - 88 2
30901 - 1440 1
30902 # 1504
30902 + 1440
30903 # 1504
30903 - 1440 1
30903 + 1440
30904 # 1504
30904 - 1440 1
30904 + 1440
30905 # 1504
30905 - 1440 1
30905 + 1440
30906 # 1504
30906 - 1440 1
30906 + 1440
30907 # 1504
30907 - 1440 1
30907 + 1440
30908 # 1504
30908 - 1440 1
30909 # 1504
30909 + 1440
30910 # 1504
30910 - 1440 1
30910 + 1440
30910 + 88
30911 # 1504
30911 - 1440 1
30911 + 1440
30912 # 1504
30912 - 88 2
30912 - 1440 1
30912 + 1440
30913 # 1504
30913 - 1440 1
30913 + 1096
30914 # 1504
30914 - 1096 1
30914 + 1440
30915 # 1504
30915 - 1440 1
30916 # 1504
30916 + 1440
30916 + 88
30917 # 1504
30917 - 1440 1
30917 + 1440
30918 # 1504
30918 - 88 2
30918 - 1440 1
30918 + 1440
30919 # 1504
30919 - 1440 1
30919 + 1440
30920 # 1504
30920 - 1440 1
30920 + 1440
30921 # 1504
30921 - 1440 1
30921 + 1440
30922 # 1504
30922 - 1440 1
30922 + 1440
30923 # 1504
30923 - 1440 1
30923 + 1440
30924 # 1504
30924 - 1440 1
30924 + 1440
30925 # 1504
30925 - 1440 1
30925 + 1440
30926 # 1504
30926 - 1440 1
30926 + 1440
30926 + 88
30927 # 1504
30927 - 1440 1
30927 + 1440
30928 # 1504
30928 - 88 2
30928 - 1440 1
30928 + 1440
30929 # 1504
30929 - 1440 1
30929 + 1440
30930 # 1504
30930 - 1440 1
30930 + 1440
30931 # 1504
30931 - 1440 1
30931 + 1440
30932 # 1504
30932 - 1440 1
30932 + 1440
30933 # 1504
30933 - 1440 1
30933 + 1440
30934 # 1504
30934 - 1440 1
30934 + 1440
30935 # 1504
30935 - 1440 1
30936 # 1504
30936 + 1440
30937 # 1504
30937 - 1440 1
30937 + 1440
30937 + 88
30938 # 1504
30938 - 1440 1
30938 + 1440
30939 # 1504
30939 - 88 2
30939 - 1440 1
30939 + 1440
30940 # 1504
30940 - 1440 1
30940 + 1440
30941 # 1504
30941 - 1440 1
30941 + 1440
30942 # 1504
30942 - 1440 1
30942 + 1440
30943 # 1504
30943 - 1440 1
30944 # 1504
30944 + 1440
30945 # 1504
30945 - 1440 1
30945 + 1440
30946 # 1504
30946 - 1440 1
30946 + 1440
30947 # 1504
30947 - 1440 1
30947 + 1440
30947 + 88
30948 # 1504
30948 - 1440 1
30948 + 1440
30949 # 1504
30949 - 88 2
30949 - 1440 1
30949 + 1440
30950 # 1504
30950 - 1440 1
30950 + 1440
30951 # 1504
30951 - 1440 1
30951 + 1440
30952 # 1504
30952 - 1440 1
30952 + 1440
30953 # 1504
30953 - 1440 1
30953 + 1440
30954 # 1504
30954 - 1440 1
30954 + 1440
30955 # 1504
30955 - 1440 1
30955 + 1440
30956 # 1504
30956 - 1440 1
30956 + 1440
30957 # 1504
30957 - 1440 1
30957 + 1440
30957 + 88
30958 # 1504
30958 - 1440 1
30958 + 1440
30959 # 1504
30959 - 88 2
30959 - 1440 1
30959 + 1440
30960 # 1504
30960 - 1440 1
30961 # 1504
30961 + 1440
30962 # 1504
30962 - 1440 1
30962 + 1440
30963 # 1504
30963 - 1440 1
30963 + 1440
30964 # 1504
30964 - 1440 1
30964 + 1440
30965 # 1504
30965 - 1440 1
30965 + 1440
30966 # 1504
30966 - 1440 1
30966 + 1440
30967 # 1504
30967 - 1440 1
30967 + 1440
30967 + 88
30968 # 1504
30968 - 1440 1
30968 + 1440
30969 # 1504
30969 - 88 2
30969 - 1440 1
30969 + 1440
30970 # 1504
30970 - 1440 1
30971 # 1504
30971 + 1440
30972 # 1504
30972 - 1440 1
30972 + 1440
30973 # 1504
30973 - 1440 1
30973 + 1440
30974 # 1504
30974 - 1440 1
30974 + 1440
30975 # 1504
30975 - 1440 1
30975 + 1440
30976 # 1504
30976 - 1440 1
30976 + 1440
30977 # 1504
30977 - 1440 1
30977 + 1440
30978 # 1504
30978 - 1440 1
30978 + 1440
30978 + 88
30979 # 1504
30979 - 1440 1
30979 + 1440
30980 # 1504
30980 - 88 2
30980 - 1440 1
30980 + 1440
30981 # 1504
30981 - 1440 1
30981 + 1440
30982 # 1504
30982 - 1440 1
30982 + 1440
30983 # 1504
30983 - 1440 1
30983 + 1440
30983 + 1440
30984 # 1504
30984 - 1440 1
30985 # 1504
30985 - 1440 2
30985 + 1440
30985 + 1440
30986 # 1504
30986 - 1440 1
30986 + 1440
30987 # 1504
30987 - 1440 2
30987 + 1440
30988 # 1504
30988 - 1440 2
30988 + 1440
30989 # 1504
30989 - 1440 2
30989 + 88
30990 # 1504
30990 - 1440 2
30990 - 88 1
30990 + 1440
30991 # 1504
30991 - 1440 1
30991 + 1440
30992 # 1504
30992 - 1440 1
30992 + 1096
30993 # 1504
30993 - 1096 1
30993 + 1440
30994 # 1504
30994 - 1440 1
30994 + 1440
30994 + 88
30995 # 1504
30995 - 1440 1
30995 + 1440
30996 # 1504
30996 - 88 2
30996 - 1440 1
30996 + 1440
30997 # 1504
30997 - 1440 1
30997 + 1440
30998 # 1504
30998 - 1440 1
30998 + 1440
30999 # 1504
30999 - 1440 1
30999 + 1440
31000 # 1504
31000 - 1440 1
31000 + 1440
31001 # 1504
31001 - 1440 1
31001 + 1440
31002 # 1504
31002 - 1440 1
31002 + 1440
31003 # 1504
31003 - 1440 1
31003 + 1440
31004 # 1504
31004 - 1440 1
31004 + 1440
31005 # 1504
31005 - 1440 1
31005 + 88
31005 + 1440
31006 # 1504
31006 - 88 1
31007 # 1504
31007 - 1440 2
31007 + 1440
31008 # 1504
31008 - 1440 1
31008 + 1440
31009 # 1504
31009 - 1440 1
31009 + 1440
31010 # 1504
31010 - 1440 1
31010 + 1440
31011 # 1504
31011 - 1440 1
31011 + 1440
31012 # 1504
31012 - 1440 1
31012 + 1440
31013 # 1504
31013 - 1440 1
31013 + 1440
31014 # 1504
31014 - 1440 1
31014 + 1440
31015 # 1504
31015 - 1440 1
31016 # 1504
31016 + 1440
31016 + 88
31017 # 1504
31017 - 1440 1
31017 + 1440
31018 # 1504
31018 - 88 2
31018 - 1440 1
31018 + 1440
31019 # 1504
31019 - 1440 1
31019 + 1440
31020 # 1504
31020 - 1440 1
31020 + 1440
31021 # 1504
31021 - 1440 1
31021 + 1440
31022 # 1504
31022 - 1440 1
31022 + 1440
31023 # 1504
31023 - 1440 1
31023 + 1440
31024 # 1504
31024 - 1440 1
31024 + 1440
31025 # 1504
31025 - 1440 1
31025 + 1440
31026 # 1504
31026 - 1440 1
31026 + 1440
31026 + 88
31027 # 1504
31027 - 1440 1
31027 + 1440
31028 # 1504
31028 - 88 2
31028 - 1440 1
31028 + 1440
31029 # 1504
31029 - 1440 1
31029 + 1440
31030 # 1504
31030 - 1440 1
31030 + 1440
31031 # 1504
31031 - 1440 1
31031 + 1440
31032 # 1504
31032 - 1440 1
31033 # 1504
31033 + 1440
31034 # 1504
31034 - 1440 1
31034 + 1440
31035 # 1504
31035 - 1440 1
31035 + 1440
31036 # 1504
31036 - 1440 1
31036 + 1440
31037 # 1504
31037 - 1440 1
31037 + 1440
31037 + 88
31038 # 1504
31038 - 1440 1
31038 + 1440
31039 # 1504
31039 - 88 2
31039 - 1440 1
31039 + 1440
31040 # 1504
31040 - 1440 1
31041 # 1504
31041 + 1440
31042 # 1504
31042 - 1440 1
31042 + 1440
31043 # 1504
31043 - 1440 1
31043 + 1440
31044 # 1504
31044 - 1440 1
31044 + 1440
31045 # 1504
31045 - 1440 1
31045 + 1440
31046 # 1504
31046 - 1440 1
31046 + 1440
31047 # 1504
31047 - 1440 1
31047 + 1440
31048 # 1504
31048 - 1440 1
31048 + 1440
31048 + 88
31049 # 1504
31049 - 1440 1
31049 + 1440
31050 # 1504
31050 - 88 2
31050 - 1440 1
31050 + 1440
31051 # 1504
31051 - 1440 1
31051 + 1440
31052 # 1504
31052 - 1440 1
31052 + 1440
31053 # 1504
31053 - 1440 1
31053 + 1440
31054 # 1504
31054 - 1440 1
31054 + 1440
31055 # 1504
31055 - 1440 1
31055 + 1440
31056 # 1504
31056 - 1440 1
31056 + 1440
31057 # 1504
31057 - 1440 1
31057 + 1440
31058 # 1504
31058 - 1440 1
31058 + 1440
31058 + 88
31059 # 1504
31059 - 1440 1
31059 + 1440
31060 # 1504
31060 - 88 2
31060 - 1440 1
31060 + 1440
31061 # 1504
31061 - 1440 1
31061 + 1440
31062 # 1504
31062 - 1440 1
31062 + 1440
31063 # 1504
31063 - 1440 1
31063 + 1440
31064 # 1504
31064 - 1440 1
31064 + 1440
31065 # 1504
31065 - 1440 1
31065 + 1440
31066 # 1504
31066 - 1440 1
31066 + 1440
31067 # 1504
31067 - 1440 1
31067 + 1440
31068 # 1504
31068 - 1440 1
31068 + 1440
31069 # 1504
31069 - 1440 1
31069 + 1440
31069 + 88
31070 # 1504
31070 - 1440 1
31070 + 1096
31071 # 1504
31071 - 88 2
31071 - 1096 1
31071 + 1440
31072 # 1504
31072 - 1440 1
31072 + 1440
31072 + 88
31073 # 1504
31073 - 1440 1
31073 + 1440
31074 # 1504
31074 - 88 2
31074 - 1440 1
31074 + 1440
31075 # 1504
31075 - 1440 1
31075 + 1440
31076 # 1504
31076 - 1440 1
31076 + 1440
31077 # 1504
31077 - 1440 1
31077 + 1440
31078 # 1504
31078 - 1440 1
31079 # 1504
31079 + 1440
31080 # 1504
31080 - 1440 1
31080 + 1440
31081 # 1504
31081 - 1440 1
31081 + 1440
31082 # 1504
31082 - 1440 1
31082 + 1440
31083 # 1504
31083 - 1440 1
31083 + 1440
31083 + 88
31084 # 1504
31084 - 1440 1
31084 + 1440
31085 # 1504
31085 - 88 2
31085 - 1440 1
31085 + 1440
31086 # 1504
31086 - 1440 1
31086 + 1440
31087 # 1504
31087 - 1440 1
31087 + 1440
31088 # 1504
31088 - 1440 1
31088 + 1440
31089 # 1504
31089 - 1440 1
31089 + 1440
31090 # 1504
31090 - 1440 1
31090 + 1440
31091 # 1504
31091 - 1440 1
31091 + 1440
31092 # 1504
31092 - 1440 1
31092 + 1440
31093 # 1504
31093 - 1440 1
31093 + 1440
31094 # 1504
31094 - 1440 1
31094 + 1440
31094 + 88
31095 # 1504
31095 - 1440 1
31095 + 1440
31096 # 1504
31096 - 88 2
31096 - 1440 1
31096 + 1440
31097 # 1504
31097 - 1440 1
31097 + 1440
31098 # 1504
31098 - 1440 1
31098 + 1440
31099 # 1504
31099 - 1440 1
31099 + 1440
31100 # 1504
31100 - 1440 1
31100 + 1440
31101 # 1504
31101 - 1440 1
31101 + 1440
31102 # 1504
31102 - 1440 1
31102 + 1440
31103 # 1504
31103 - 1440 1
31103 + 1440
31104 # 1504
31104 - 1440 1
31104 + 1440
31104 + 88
31105 # 1504
31105 - 1440 1
31105 + 1440
31106 # 1504
31106 - 88 2
31106 - 1440 1
31106 + 1440
31107 # 1504
31107 - 1440 1
31107 + 1440
31108 # 1504
31108 - 1440 1
31108 + 1440
31109 # 1504
31109 - 1440 1
31109 + 1440
31110 # 1504
31110 - 1440 1
31110 + 1440
31111 # 1504
31111 - 1440 1
31111 + 1440
31112 # 1504
31112 - 1440 1
31112 + 1440
31113 # 1504
31113 - 1440 1
31113 + 1440
31114 # 1504
31114 - 1440 1
31114 + 1440
31115 # 1504
31115 - 1440 1
31115 + 1440
31115 + 88
31116 # 1504
31116 - 1440 1
31116 + 1440
31117 # 1504
31117 - 88 2
31117 - 1440 1
31117 + 1440
31118 # 1504
31118 - 1440 1
31118 + 1440
31119 # 1504
31119 - 1440 1
31119 + 1440
31120 # 1504
31120 - 1440 1
31120 + 1440
31121 # 1504
31121 - 1440 1
31121 + 1440
31122 # 1504
31122 - 1440 1
31122 + 1440
31123 # 1504
31123 - 1440 1
31123 + 1440
31124 # 1504
31124 - 1440 1
31124 + 1440
31125 # 1504
31125 - 1440 1
31125 + 1440
31125 + 88
31126 # 1504
31126 - 1440 1
31126 + 1440
31127 # 1504
31127 - 88 2
31127 - 1440 1
31127 + 1440
31128 # 1504
31128 - 1440 1
31128 + 1440
31129 # 1504
31129 - 1440 1
31129 + 1440
31130 # 1504
31130 - 1440 1
31130 + 1440
31131 # 1504
31131 - 1440 1
31131 + 1440
31132 # 1504
31132 - 1440 1
31132 + 1440
31133 # 1504
31133 - 1440 1
31133 + 1440
31134 # 1504
31134 - 1440 1
31134 + 1440
31135 # 1504
31135 - 1440 1
31135 + 1440
31136 # 1504
31136 - 1440 1
31136 + 1440
31136 + 88
31137 # 1504
31137 - 1440 1
31137 + 1440
31138 # 1504
31138 - 88 2
31138 - 1440 1
31138 + 1440
31139 # 1504
31139 - 1440 1
31139 + 1440
31140 # 1504
31140 - 1440 1
31140 + 1440
31141 # 1504
31141 - 1440 1
31141 + 1440
31142 # 1504
31142 - 1440 1
31142 + 1440
31143 # 1504
31143 - 1440 1
31143 + 1440
31143 + 1440
31144 # 1504
31144 - 1440 1
31144 + 1096
31145 # 1504
31145 - 1440 2
31145 + 1440
31146 # 1504
31146 - 1096 2
31146 + 1440
31146 + 88
31147 # 1504
31147 - 1440 2
31147 + 1440
31147 + 88
31148 # 1504
31148 - 1440 2
31148 - 88 2
31148 + 1440
31149 # 1504
31149 - 1440 2
31149 - 88 2
31149 + 1440
31150 # 1504
31150 - 1440 2
31150 + 1440
31150 + 1440
31151 # 1504
31151 - 1440 2
31151 + 1440
31152 # 1504
31152 - 1440 2
31152 + 1440
31153 # 1504
31153 - 1440 3
31153 + 1440
31154 # 1504
31154 - 1440 3
31154 + 1440
31155 # 1504
31155 - 1440 3
31155 + 1440
31156 # 1504
31156 - 1440 3
31156 + 1440
31157 # 1504
31157 - 1440 3
31157 + 1440
31158 # 1504
31158 - 1440 3
31158 + 1440
31158 + 88
31158 + 1440
31159 # 1504
31159 - 1440 3
31159 + 1440
31160 # 1504
31160 - 1440 3
31160 + 1440
31161 # 1504
31161 - 1440 3
31161 - 88 3
31161 + 1440
31162 # 1504
31162 - 1440 4
31162 + 1440
31163 # 1504
31163 - 1440 4
31163 + 1440
31164 # 1504
31164 - 1440 4
31164 + 1440
31165 # 1504
31165 - 1440 4
31165 - 1440 3
31165 + 1440
31166 # 1504
31166 - 1440 3
31166 + 1440
31166 + 1440
31167 # 1504
31167 - 1440 3
31167 + 1440
31168 # 1504
31168 - 1440 3
31168 + 1440
31168 + 88
31169 # 1504
31169 - 1440 3
31169 + 1440
31170 # 1504
31170 - 1440 4
31170 + 1440
31171 # 1504
31171 - 1440 4
31171 + 1440
31172 # 1504
31172 - 1440 4
31172 - 88 4
31172 + 1440
31173 # 1504
31173 - 1440 4
31173 + 1440
31174 # 1504
31174 - 1440 4
31174 + 1440
31175 # 1504
31175 - 1440 4
31175 + 1440
31176 # 1504
31176 - 1440 4
31176 + 1440
31177 # 1504
31177 - 1440 4
31177 + 1440
31178 # 1504
31178 - 1440 4
31178 + 1440
31179 # 1504
31179 - 1440 4
31179 + 1440
31179 + 88
31180 # 1504
31180 - 1440 4
31180 + 1440
31181 # 1504
31181 - 1440 4
31181 + 1440
31182 # 1504
31182 - 1440 4
31182 + 1440
31183 # 1504
31183 - 1440 4
31183 - 88 4
31183 + 1440
31184 # 1504
31184 - 1440 4
31184 + 1440
31185 # 1504
31185 - 1440 4
31185 + 1440
31186 # 1504
31186 - 1440 4
31186 + 1440
31187 # 1504
31187 - 1440 4
31187 + 1440
31188 # 1504
31188 - 1440 4
31188 + 1440
31189 # 1504
31189 - 1440 4
31189 + 1440
31189 + 1440
31190 # 1504
31190 - 1440 4
31190 - 1440 3
31190 + 88
31190 + 1440
31191 # 1504
31191 - 1440 3
31191 + 1440
31192 # 1504
31192 - 1440 3
31192 + 1440
31193 # 1504
31193 - 1440 4
31193 - 88 3
31193 + 1440
31194 # 1504
31194 - 1440 4
31194 + 1440
31195 # 1504
31195 - 1440 4
31195 + 1440
31196 # 1504
31196 - 1440 4
31196 + 1440
31197 # 1504
31197 - 1440 4
31197 + 1440
31197 + 1440
31198 # 1504
31198 - 1440 4
31198 + 1440
31199 # 1504
31199 - 1440 4
31199 + 1440
31200 # 1504
31200 - 1440 4
31200 + 1440
31200 + 88
31201 # 1504
31201 - 1440 4
31201 + 1440
31202 # 1504
31202 - 1440 5
31202 + 1440
31203 # 1504
31203 - 1440 5
31203 + 1440
31204 # 1504
31204 - 1440 5
31204 + 1440
31205 # 1504
31205 - 1440 5
31205 - 88 5
31205 + 1440
31206 # 1504
31206 - 1440 5
31206 + 1440
31207 # 1504
31207 - 1440 5
31207 + 1440
31208 # 1504
31208 - 1440 5
31208 + 1440
31209 # 1504
31209 - 1440 5
31209 + 1440
31210 # 1504
31210 - 1440 5
31210 + 1440
31211 # 1504
31211 - 1440 5
31211 + 1440
31211 + 88
31211 + 1440
31212 # 1504
31212 - 1440 5
31212 + 1096
31213 # 1504
31213 - 1440 5
31213 + 1440
31214 # 1504
31214 - 1440 5
31214 + 1440
31215 # 1504
31215 - 1440 5
31215 - 1440 4
31215 + 1440
31216 # 1504
31216 - 88 5
31216 + 1440
31217 # 1504
31217 - 1440 6
31217 - 1096 5
31217 + 1440
31218 # 1504
31218 - 1440 5
31218 + 1440
31218 + 88
31219 # 1504
31219 - 1440 5
31219 + 1440
31220 # 1504
31220 - 1440 5
31220 + 1440
31221 # 1504
31221 - 1440 5
31221 + 1440
31222 # 1504
31222 - 1440 5
31222 + 1440
31223 # 1504
31223 - 1440 5
31223 - 88 5
31223 + 1440
31224 # 1504
31224 - 1440 5
31224 + 1440
31225 # 1504
31225 - 1440 5
31225 + 1440
31226 # 1504
31226 - 1440 5
31226 + 1440
31227 # 1504
31227 - 1440 5
31227 + 1440
31228 # 1504
31228 - 1440 5
31228 + 1440
31229 # 1504
31229 - 1440 5
31229 + 88
31229 + 1440
31230 # 1504
31230 - 1440 5
31230 + 1440
31231 # 1504
31231 - 1440 5
31231 + 1440
31232 # 1504
31232 - 1440 5
31232 + 1440
31233 # 1504
31233 - 1440 5
31233 - 88 4
31233 + 1440
31234 # 1504
31234 - 1440 5
31234 + 1440
31235 # 1504
31235 - 1440 5
31235 + 1440
31236 # 1504
31236 - 1440 5
31236 - 1440 4
31236 + 1440
31237 # 1504
31237 - 1440 4
31237 + 1440
31238 # 1504
31238 - 1440 4
31238 + 1440
31239 # 1504
31239 - 1440 4
31239 + 1440
31239 + 88
31240 # 1504
31240 - 1440 4
31240 + 1440
31241 # 1504
31241 - 1440 4
31241 + 1440
31242 # 1504
31242 - 1440 4
31242 + 1440
31243 # 1504
31243 - 1440 4
31243 - 88 4
31243 + 1440
31244 # 1504
31244 - 1440 4
31244 + 1440
31245 # 1504
31245 - 1440 4
31245 + 1440
31246 # 1504
31246 - 1440 4
31246 + 1440
31247 # 1504
31247 - 1440 4
31247 + 1440
31247 + 1440
31248 # 1504
31248 - 1440 4
31248 + 1440
31249 # 1504
31249 - 1440 4
31249 + 1440
31249 + 88
31250 # 1504
31250 - 1440 4
31250 + 1440
31251 # 1504
31251 - 1440 4
31251 + 1440
31252 # 1504
31252 - 1440 5
31252 + 1440
31253 # 1504
31253 - 1440 5
31253 + 1440
31254 # 1504
31254 - 1440 5
31254 - 88 5
31254 + 1440
31255 # 1504
31255 - 1440 5
31255 + 1440
31256 # 1504
31256 - 1440 5
31256 + 1440
31256 + 1440
31257 # 1504
31257 - 1440 5
31257 + 1440
31258 # 1504
31258 - 1440 5
31258 + 1440
31259 # 1504
31259 - 1440 5
31259 + 1440
31259 + 88
31260 # 1504
31260 - 1440 5
31260 + 1440
31261 # 1504
31261 - 1440 5
31261 + 1440
31262 # 1504
31262 - 1440 6
31262 - 1440 5
31262 + 1440
31263 # 1504
31263 - 1440 5
31263 + 1440
31264 # 1504
31264 - 1440 5
31264 - 88 5
31264 + 1440
31265 # 1504
31265 - 1440 5
31265 + 1440
31266 # 1504
31266 - 1440 5
31266 + 1440
31267 # 1504
31267 - 1440 5
31267 + 1440
31268 # 1504
31268 - 1440 5
31268 + 1440
31269 # 1504
31269 - 1440 5
31269 + 1440
31270 # 1504
31270 - 1440 5
31270 + 1440
31270 + 88
31270 + 1440
31271 # 1504
31271 - 1440 5
31271 + 1440
31272 # 1504
31272 - 1440 5
31272 + 1440
31273 # 1504
31273 - 1440 5
31273 + 1440
31274 # 1504
31274 - 1440 5
31274 + 1440
31275 # 1504
31275 - 1440 5
31275 - 88 5
31275 + 1440
31276 # 1504
31276 - 1440 6
31276 + 1440
31277 # 1504
31277 - 1440 6
31277 + 1440
31278 # 1504
31278 - 1440 6
31278 + 1440
31279 # 1504
31279 - 1440 6
31279 + 1440
31280 # 1504
31280 - 1440 6
31280 + 1440
31281 # 1504
31281 - 1440 6
31281 + 1440
31281 + 88
31281 + 1440
31282 # 1504
31282 - 1440 6
31282 + 1096
31283 # 1504
31283 - 1440 6
31283 + 1440
31284 # 1504
31284 - 1440 6
31285 # 1504
31285 - 1440 6
31285 + 1440
31286 # 1504
31286 - 1440 6
31286 + 1440
31287 # 1504
31287 - 1440 6
31287 - 88 6
31287 + 1440
31288 # 1504
31288 - 1440 7
31288 - 1096 6
31288 + 1440
31289 # 1504
31289 - 1440 6
31289 + 1440
31289 + 88
31290 # 1504
31290 - 1440 5
31290 + 1440
31291 # 1504
31291 - 1440 5
31291 + 1440
31292 # 1504
31292 - 1440 5
31292 + 1440
31293 # 1504
31293 - 1440 5
31293 + 1440
31294 # 1504
31294 - 1440 5
31294 - 88 5
31294 + 1440
31295 # 1504
31295 - 1440 5
31295 + 1440
31296 # 1504
31296 - 1440 5
31296 + 1440
31296 + 1440
31297 # 1504
31297 - 1440 5
31297 + 1440
31298 # 1504
31298 - 1440 5
31298 + 1440
31299 # 1504
31299 - 1440 5
31299 + 1440
31299 + 88
31300 # 1504
31300 - 1440 5
31300 + 1440
31301 # 1504
31301 - 1440 5
31301 + 1440
31302 # 1504
31302 - 1440 6
31302 + 1440
31303 # 1504
31303 - 1440 6
31303 + 1440
31304 # 1504
31304 - 1440 6
31304 + 1440
31305 # 1504
31305 - 1440 6
31305 - 88 6
31305 + 1440
31306 # 1504
31306 - 1440 6
31306 + 1440
31307 # 1504
31307 - 1440 6
31307 + 1440
31308 # 1504
31308 - 1440 6
31308 - 1440 5
31308 + 1440
31309 # 1504
31309 - 1440 5
31309 + 1440
31310 # 1504
31310 - 1440 5
31310 + 1440
31310 + 88
31310 + 1440
31311 # 1504
31311 - 1440 5
31311 + 1440
31312 # 1504
31312 - 1440 5
31312 + 1440
31313 # 1504
31313 - 1440 5
31313 + 1440
31314 # 1504
31314 - 1440 5
31314 + 1440
31315 # 1504
31315 - 1440 5
31315 - 88 5
31316 # 1504
31316 - 1440 6
31316 + 1440
31317 # 1504
31317 - 1440 6
31317 + 1440
31318 # 1504
31318 - 1440 6
31318 + 1440
31319 # 1504
31319 - 1440 6
31319 + 1440
31320 # 1504
31320 - 1440 6
31320 + 1440
31321 # 1504
31321 - 1440 5
31321 + 1440
31321 + 88
31322 # 1504
31322 - 1440 5
31322 + 1440
31323 # 1504
31323 - 1440 5
31323 + 1440
31324 # 1504
31324 - 1440 5
31324 + 1440
31325 # 1504
31325 - 1440 5
31325 + 1440
31326 # 1504
31326 - 1440 5
31326 - 88 5
31326 + 1440
31327 # 1504
31327 - 1440 5
31327 + 1440
31328 # 1504
31328 - 1440 5
31328 + 1440
31328 + 1440
31329 # 1504
31329 - 1440 5
31329 + 1440
31330 # 1504
31330 - 1440 5
31330 + 1440
31331 # 1504
31331 - 1440 5
31331 + 1440
31332 # 1504
31332 - 1440 5
31332 + 1440
31332 + 88
31333 # 1504
31333 - 1440 5
31333 - 1440 5
31333 + 1440
31334 # 1504
31334 - 1440 5
31334 + 1440
31335 # 1504
31335 - 1440 5
31335 + 1440
31336 # 1504
31336 - 1440 5
31336 + 1440
31337 # 1504
31337 - 1440 5
31337 - 88 5
31337 + 1440
31338 # 1504
31338 - 1440 5
31338 + 1440
31339 # 1504
31339 - 1440 5
31339 + 1440
31340 # 1504
31340 - 1440 5
31340 + 1440
31341 # 1504
31341 - 1440 5
31341 + 1440
31342 # 1504
31342 - 1440 5
31342 + 1440
31342 + 88
31343 # 1504
31343 - 1440 5
31343 + 1440
31344 # 1504
31344 - 1440 5
31344 + 1440
31345 # 1504
31345 - 1440 5
31345 + 1440
31346 # 1504
31346 - 1440 5
31346 + 1440
31347 # 1504
31347 - 1440 5
31347 - 88 5
31347 + 1440
31348 # 1504
31348 - 1440 5
31348 + 1440
31349 # 1504
31349 - 1440 5
31349 + 1440
31350 # 1504
31350 - 1440 5
31350 + 1440
31351 # 1504
31351 - 1440 5
31351 + 1440
31352 # 1504
31352 - 1440 5
31352 + 1440
31352 + 88
31353 # 1504
31353 - 1440 5
31353 + 1440
31354 # 1504
31354 - 1440 5
31354 + 1440
31355 # 1504
31355 - 1440 5
31355 + 1096
31356 # 1504
31356 - 1440 5
31356 + 1440
31357 # 1504
31357 - 1440 5
31357 - 88 5
31357 + 1440
31358 # 1504
31358 - 1440 5
31358 + 1440
31359 # 1504
31359 - 1440 5
31359 - 1096 4
31359 + 1440
31360 # 1504
31360 - 1440 4
31360 + 1440
31360 + 88
31361 # 1504
31361 - 1440 4
31361 + 1440
31362 # 1504
31362 - 1440 4
31362 + 1440
31363 # 1504
31363 - 1440 4
31363 + 1440
31364 # 1504
31364 - 1440 4
31364 - 88 4
31364 + 1440
31365 # 1504
31365 - 1440 4
31365 + 1440
31366 # 1504
31366 - 1440 4
31366 + 1440
31367 # 1504
31367 - 1440 4
31367 + 1440
31368 # 1504
31368 - 1440 4
31368 + 1440
31369 # 1504
31369 - 1440 4
31369 + 1440
31370 # 1504
31370 - 1440 4
31370 + 1440
31371 # 1504
31371 - 1440 4
31371 + 1440
31371 + 88
31372 # 1504
31372 - 1440 4
31372 + 1440
31373 # 1504
31373 - 1440 4
31373 + 1440
31374 # 1504
31374 - 1440 4
31374 + 1440
31375 # 1504
31375 - 1440 4
31375 - 88 4
31375 + 1440
31376 # 1504
31376 - 1440 4
31376 + 1440
31377 # 1504
31377 - 1440 4
31377 + 1440
31378 # 1504
31378 - 1440 4
31378 + 1440
31379 # 1504
31379 - 1440 4
31379 + 1440
31380 # 1504
31380 - 1440 4
31380 - 1440 3
31380 + 1440
31381 # 1504
31381 - 1440 3
31382 # 1504
31382 - 1440 3
31382 + 1440
31382 + 88
31383 # 1504
31383 - 1440 3
31383 + 1440
31384 # 1504
31384 - 1440 2
31384 - 88 2
31384 + 1440
31385 # 1504
31385 - 1440 2
31385 + 1440
31386 # 1504
31386 - 1440 2
31386 + 1440
31387 # 1504
31387 - 1440 2
31387 + 1440
31388 # 1504
31388 - 1440 2
31388 + 1440
31389 # 1504
31389 - 1440 2
31389 + 1440
31390 # 1504
31390 - 1440 2
31390 + 1440
31391 # 1504
31391 - 1440 2
31391 + 1440
31392 # 1504
31392 - 1440 2
31393 # 1504
31393 - 1440 2
31393 + 1440
31393 + 88
31394 # 1504
31394 - 1440 1
31394 + 1440
31395 # 1504
31395 - 88 2
31395 - 1440 1
31395 + 1440
31396 # 1504
31396 - 1440 1
31396 + 1440
31397 # 1504
31397 - 1440 1
31397 + 1440
31398 # 1504
31398 - 1440 1
31399 # 1504
31399 + 1440
31400 # 1504
31400 - 1440 1
31400 + 1440
31401 # 1504
31401 - 1440 1
31401 + 1440
31402 # 1504
31402 - 1440 1
31402 + 1440
31403 # 1504
31403 - 1440 1
31403 + 1440
31404 # 1504
31404 - 1440 1
31404 + 88
31405 # 1504
31405 - 88 1
31405 + 1440
31406 # 1504
31406 - 1440 1
31406 + 1440
31407 # 1504
31407 - 1440 1
31407 + 1440
31408 # 1504
31408 - 1440 1
31408 + 1440
31409 # 1504
31409 - 1440 1
31409 + 1440
31410 # 1504
31410 - 1440 1
31410 + 1440
31411 # 1504
31411 - 1440 1
31411 + 1440
31412 # 1504
31412 - 1440 1
31412 + 1440
31413 # 1504
31413 - 1440 1
31413 + 1440
31414 # 1504
31414 - 1440 1
31415 # 1504
31415 + 1440
31415 + 88
31416 # 1504
31416 - 1440 1
31416 + 1440
31417 # 1504
31417 - 88 2
31417 - 1440 1
31417 + 1440
31418 # 1504
31418 - 1440 1
31418 + 1440
31419 # 1504
31419 - 1440 1
31419 + 1440
31420 # 1504
31420 - 1440 1
31421 # 1504
31421 + 1440
31422 # 1504
31422 - 1440 1
31422 + 1440
31423 # 1504
31423 - 1440 1
31423 + 1440
31424 # 1504
31424 - 1440 1
31425 # 1504
31425 + 1440
31425 + 88
31426 # 1504
31426 - 1440 1
31426 + 1440
31427 # 1504
31427 - 88 2
31427 - 1440 1
31428 # 1504
31428 + 1440
31429 # 1504
31429 - 1440 1
31429 + 1440
31430 # 1504
31430 - 1440 1
31430 + 1440
31431 # 1504
31431 - 1440 1
31432 # 1504
31432 + 1440
31433 # 1504
31433 - 1440 1
31433 + 1440
31434 # 1504
31434 - 1440 1
31435 # 1504
31435 + 1440
31436 # 1504
31436 - 1440 1
31436 + 88
31436 + 1440
31437 # 1504
31437 - 88 1
31438 # 1504
31438 - 1440 2
31438 + 1440
31439 # 1504
31439 - 1440 1
31439 + 1440
31440 # 1504
31440 - 1440 1
31441 # 1504
31441 + 1096
31442 # 1504
31442 - 1096 1
31442 + 1440
31443 # 1504
31443 - 1440 1
31443 + 88
31444 # 1504
31444 - 88 1
31444 + 1440
31445 # 1504
31445 - 1440 1
31445 + 1440
31446 # 1504
31446 - 1440 1
31446 + 1440
31447 # 1504
31447 - 1440 1
31448 # 1504
31448 + 1440
31449 # 1504
31449 - 1440 1
31449 + 1440
31450 # 1504
31450 - 1440 1
31450 + 1440
31451 # 1504
31451 - 1440 1
31452 # 1504
31452 + 1440
31453 # 1504
31453 - 1440 1
31453 + 1440
31454 # 1504
31454 - 1440 1
31454 + 1440
31454 + 88
31455 # 1504
31455 - 1440 1
31456 # 1504
31456 - 88 2
31456 + 1440
31457 # 1504
31457 - 1440 1
31457 + 1440
31458 # 1504
31458 - 1440 1
31458 + 1440
31459 # 1504
31459 - 1440 1
31460 # 1504
31460 + 1440
31461 # 1504
31461 - 1440 1
31461 + 1440
31462 # 1504
31462 - 1440 1
31462 + 1440
31463 # 1504
31463 - 1440 1
31464 # 1504
31464 + 1440
31465 # 1504
31465 - 1440 1
31465 + 1440
31465 + 88
31466 # 1504
31466 - 1440 1
31466 + 1440
31467 # 1504
31467 - 88 2
31467 - 1440 1
31468 # 1504
31468 + 1440
31469 # 1504
31469 - 1440 1
31469 + 1440
31470 # 1504
31470 - 1440 1
31470 + 1440
31471 # 1504
31471 - 1440 1
31472 # 1504
31472 + 1440
31473 # 1504
31473 - 1440 1
31473 + 1440
31474 # 1504
31474 - 1440 1
31474 + 1440
31475 # 1504
31475 - 1440 1
31476 # 1504
31476 + 1440
31476 + 88
31477 # 1504
31477 - 1440 1
31477 + 1440
31478 # 1504
31478 - 88 2
31478 - 1440 1
31479 # 1504
31479 + 1440
31480 # 1504
31480 - 1440 1
31480 + 1440
31481 # 1504
31481 - 1440 1
31481 + 1440
31482 # 1504
31482 - 1440 1
31483 # 1504
31483 + 1440
31484 # 1504
31484 - 1440 1
31484 + 1440
31485 # 1504
31485 - 1440 1
31485 + 1440
31486 # 1504
31486 - 1440 1
31487 # 1504
31487 + 1440
31487 + 88
31488 # 1504
31488 - 1440 1
31488 + 1440
31489 # 1504
31489 - 88 2
31489 - 1440 1
31489 + 1440
31490 # 1504
31490 - 1440 1
31490 + 1440
31491 # 1504
31491 - 1440 1
31492 # 1504
31492 + 1440
31493 # 1504
31493 - 1440 1
31493 + 1440
31494 # 1504
31494 - 1440 1
31494 + 1440
31495 # 1504
31495 - 1440 1
31495 + 1440
31496 # 1504
31496 - 1440 1
31496 + 1440
31497 # 1504
31497 - 1440 1
31498 # 1504
31498 + 1440
31498 + 88
31499 # 1504
31499 - 1440 1
31499 + 1440
31500 # 1504
31500 - 88 2
31500 - 1440 1
31501 # 1504
31501 + 1440
31502 # 1504
31502 - 1440 1
31502 + 1440
31503 # 1504
31503 - 1440 1
31503 + 1440
31504 # 1504
31504 - 1440 1
31505 # 1504
31505 + 1440
31506 # 1504
31506 - 1440 1
31506 + 1440
31507 # 1504
31507 - 1440 1
31508 # 1504
31508 + 1440
31509 # 1504
31509 - 1440 1
31509 + 1440
31509 + 88
31510 # 1504
31510 - 1440 1
31510 + 1440
31511 # 1504
31511 - 88 2
31511 - 1440 1
31512 # 1504
31512 + 1440
31513 # 1504
31513 - 1440 1
31513 + 1440
31514 # 1504
31514 - 1440 1
31514 + 1440
31515 # 1504
31515 - 1440 1
31515 + 1440
31516 # 1504
31516 - 1440 1
31517 # 1504
31517 + 1440
31518 # 1504
31518 - 1440 1
31518 + 1440
31519 # 1504
31519 - 1440 1
31519 + 1440
31519 + 88
31520 # 1504
31520 - 1440 1
31520 + 1440
31521 # 1504
31521 - 88 2
31521 - 1440 1
31522 # 1504
31522 + 1440
31523 # 1504
31523 - 1440 1
31523 + 1440
31524 # 1504
31524 - 1440 1
31524 + 1440
31525 # 1504
31525 - 1440 1
31525 + 1440
31526 # 1504
31526 - 1440 1
31527 # 1504
31527 + 1440
31528 # 1504
31528 - 1440 1
31528 + 1440
31529 # 1504
31529 - 1440 1
31529 + 88
31529 + 1440
31530 # 1504
31530 - 88 1
31531 # 1504
31531 - 1440 2
31531 + 1440
31532 # 1504
31532 - 1440 1
31532 + 1440
31533 # 1504
31533 - 1440 1
31534 # 1504
31534 + 1440
31535 # 1504
31535 - 1440 1
31535 + 1440
31536 # 1504
31536 - 1440 1
31536 + 1440
31537 # 1504
31537 - 1440 1
31538 # 1504
31538 + 1440
31539 # 1504
31539 - 1440 1
31539 + 1096
31540 # 1504
31540 - 1096 1
31540 + 88
31540 + 1440
31541 # 1504
31541 - 88 1
31542 # 1504
31542 - 1440 2
31542 + 1440
31542 + 88
31543 # 1504
31543 - 1440 1
31543 + 1440
31544 # 1504
31544 - 88 2
31544 - 1440 1
31544 + 1440
31545 # 1504
31545 - 1440 1
31546 # 1504
31546 + 1440
31547 # 1504
31547 - 1440 1
31547 + 1440
31548 # 1504
31548 - 1440 1
31548 + 1440
31549 # 1504
31549 - 1440 1
31549 + 1440
31550 # 1504
31550 - 1440 1
31551 # 1504
31551 + 1440
31552 # 1504
31552 - 1440 1
31552 + 88
31552 + 1440
31553 # 1504
31553 - 88 1
31554 # 1504
31554 - 1440 2
31554 + 1440
31555 # 1504
31555 - 1440 1
31555 + 1440
31556 # 1504
31556 - 1440 1
31557 # 1504
31557 + 1440
31558 # 1504
31558 - 1440 1
31558 + 1440
31559 # 1504
31559 - 1440 1
31560 # 1504
31560 + 1440
31561 # 1504
31561 - 1440 1
31561 + 1440
31562 # 1504
31562 - 1440 1
31563 # 1504
31563 + 1440
31564 # 1504
31564 - 1440 1
31564 + 88
31564 + 1440
31565 # 1504
31565 - 88 1
31566 # 1504
31566 - 1440 2
31566 + 1440
31567 # 1504
31567 - 1440 1
31567 + 1440
31568 # 1504
31568 - 1440 1
31568 + 1440
31569 # 1504
31569 - 1440 1
31570 # 1504
31570 + 1440
31571 # 1504
31571 - 1440 1
31571 + 1440
31572 # 1504
31572 - 1440 1
31572 + 1440
31573 # 1504
31573 - 1440 1
31573 + 1440
31574 # 1504
31574 - 1440 1
31574 + 88
31575 # 1504
31575 - 88 1
31575 + 1440
31576 # 1504
31576 - 1440 1
31576 + 1440
31577 # 1504
31577 - 1440 1
31577 + 1440
31578 # 1504
31578 - 1440 1
31579 # 1504
31579 + 1440
31580 # 1504
31580 - 1440 1
31580 + 1440
31581 # 1504
31581 - 1440 1
31582 # 1504
31582 + 1440
31583 # 1504
31583 - 1440 1
31583 + 1440
31584 # 1504
31584 - 1440 1
31585 # 1504
31585 + 88
31585 + 1440
31586 # 1504
31586 - 88 1
31586 + 1440
31587 # 1504
31587 - 1440 2
31587 - 1440 1
31588 # 1504
31588 + 1440
31589 # 1504
31589 - 1440 1
31589 + 1440
31590 # 1504
31590 - 1440 1
31591 # 1504
31591 + 1440
31592 # 1504
31592 - 1440 1
31592 + 1440
31593 # 1504
31593 - 1440 1
31594 # 1504
31594 + 1440
31595 # 1504
31595 - 1440 1
31595 + 1440
31596 # 1504
31596 - 1440 1
31596 + 88
31596 + 1440
31597 # 1504
31597 - 88 1
31598 # 1504
31598 - 1440 2
31598 + 1440
31599 # 1504
31599 - 1440 1
31599 + 1440
31600 # 1504
31600 - 1440 1
31601 # 1504
31601 + 1440
31602 # 1504
31602 - 1440 1
31602 + 1440
31603 # 1504
31603 - 1440 1
31603 + 1440
31604 # 1504
31604 - 1440 1
31605 # 1504
31605 + 1440
31606 # 1504
31606 - 1440 1
31606 + 1440
31607 # 1504
31607 - 1440 1
31607 + 88
31607 + 1440
31608 # 1504
31608 - 88 1
31609 # 1504
31609 - 1440 2
31609 + 1440
31610 # 1504
31610 - 1440 1
31610 + 1440
31611 # 1504
31611 - 1440 1
31611 + 1440
31612 # 1504
31612 - 1440 1
31613 # 1504
31613 + 1440
31614 # 1504
31614 - 1440 1
31614 + 1440
31615 # 1504
31615 - 1440 1
31615 + 1440
31616 # 1504
31616 - 1440 1
31617 # 1504
31617 + 1440
31618 # 1504
31618 - 1440 1
31618 + 88
31618 + 1440
31619 # 1504
31619 - 88 1
31619 + 1440
31620 # 1504
31620 - 1440 2
31620 - 1440 1
31621 # 1504
31621 + 1440
31622 # 1504
31622 - 1440 1
31622 + 1440
31623 # 1504
31623 - 1440 1
31624 # 1504
31624 + 1440
31625 # 1504
31625 - 1440 1
31625 + 1440
31626 # 1504
31626 - 1440 1
31627 # 1504
31627 + 1440
31628 # 1504
31628 - 1440 1
31628 + 1440
31629 # 1504
31629 - 1440 1
31629 + 88
31630 # 1504
31630 - 88 1
31630 + 1440
31631 # 1504
31631 - 1440 1
31631 + 1440
31632 # 1504
31632 - 1440 1
31633 # 1504
31633 + 1440
31634 # 1504
31634 - 1440 1
31635 # 1504
31635 + 1440
31635 + 1440
31636 # 1504
31636 - 1440 1
31637 # 1504
31637 - 1440 2
31637 + 1440
31638 # 1504
31638 - 1440 1
31638 + 1440
31639 # 1504
31639 - 1440 1
31640 # 1504
31640 + 1440
31641 # 1504
31641 - 1440 1
31641 + 1440
31641 + 88
31642 # 1504
31642 - 1440 1
31642 + 1096
31643 # 1504
31643 - 88 2
31643 - 1096 1
31644 # 1504
31644 + 1440
31645 # 1504
31645 - 1440 1
31645 + 1440
31645 + 88
31646 # 1504
31646 - 1440 1
31646 + 1440
31647 # 1504
31647 - 88 2
31647 - 1440 1
31648 # 1504
31648 + 1440
31649 # 1504
31649 - 1440 1
31649 + 1440
31650 # 1504
31650 - 1440 1
31650 + 1440
31651 # 1504
31651 - 1440 1
31651 + 1440
31652 # 1504
31652 - 1440 1
31652 + 1440
31653 # 1504
31653 - 1440 1
31654 # 1504
31654 + 1440
31655 # 1504
31655 - 1440 1
31655 + 1440
31656 # 1504
31656 - 1440 1
31656 + 1440
31656 + 88
31657 # 1504
31657 - 1440 1
31657 + 1440
31658 # 1504
31658 - 88 2
31658 - 1440 1
31659 # 1504
31659 + 1440
31660 # 1504
31660 - 1440 1
31660 + 1440
31661 # 1504
31661 - 1440 1
31661 + 1440
31662 # 1504
31662 - 1440 1
31663 # 1504
31663 + 1440
31664 # 1504
31664 - 1440 1
31664 + 1440
31665 # 1504
31665 - 1440 1
31665 + 1440
31666 # 1504
31666 - 1440 1
31667 # 1504
31667 + 1440
31667 + 88
31668 # 1504
31668 - 1440 1
31668 + 1440
31669 # 1504
31669 - 88 2
31669 - 1440 1
31670 # 1504
31670 + 1440
31671 # 1504
31671 - 1440 1
31671 + 1440
31672 # 1504
31672 - 1440 1
31672 + 1440
31673 # 1504
31673 - 1440 1
31674 # 1504
31674 + 1440
31675 # 1504
31675 - 1440 1
31675 + 1440
31676 # 1504
31676 - 1440 1
31676 + 1440
31677 # 1504
31677 - 1440 1
31678 # 1504
31678 + 1440
31678 + 88
31679 # 1504
31679 - 1440 1
31679 + 1440
31680 # 1504
31680 - 88 2
31680 - 1440 1
31680 + 1440
31681 # 1504
31681 - 1440 1
31681 + 1440
31682 # 1504
31682 - 1440 1
31683 # 1504
31683 + 1440
31684 # 1504
31684 - 1440 1
31684 + 1440
31685 # 1504
31685 - 1440 1
31685 + 1440
31686 # 1504
31686 - 1440 1
31686 + 1440
31687 # 1504
31687 - 1440 1
31687 + 1440
31688 # 1504
31688 - 1440 1
31688 + 1440
31688 + 88
31689 # 1504
31689 - 1440 1
31690 # 1504
31690 - 88 2
31690 + 1440
31691 # 1504
31691 - 1440 1
31691 + 1440
31692 # 1504
31692 - 1440 1
31692 + 1440
31693 # 1504
31693 - 1440 1
31693 + 1440
31694 # 1504
31694 - 1440 1
31694 + 1440
31695 # 1504
31695 - 1440 1
31696 # 1504
31696 + 1440
31696 + 1440
31697 # 1504
31697 - 1440 1
31698 # 1504
31698 - 1440 2
31698 + 1440
31699 # 1504
31699 - 1440 1
31699 + 1440
31699 + 88
31700 # 1504
31700 - 1440 1
31700 + 1440
31701 # 1504
31701 - 88 2
31701 - 1440 1
31701 + 1440
31702 # 1504
31702 - 1440 1
31703 # 1504
31703 + 1440
31704 # 1504
31704 - 1440 1
31704 + 1440
31705 # 1504
31705 - 1440 1
31705 + 1440
31706 # 1504
31706 - 1440 1
31707 # 1504
31707 + 1440
31708 # 1504
31708 - 1440 1
31708 + 1440
31709 # 1504
31709 - 1440 1
31709 + 1440
31709 + 88
31710 # 1504
31710 - 1440 1
31710 + 1440
31711 # 1504
31711 - 88 2
31711 - 1440 1
31712 # 1504
31712 + 1440
31713 # 1504
31713 - 1440 1
31713 + 1440
31714 # 1504
31714 - 1440 1
31714 + 1440
31715 # 1504
31715 - 1440 1
31715 + 1440
31716 # 1504
31716 - 1440 1
31717 # 1504
31717 + 1440
31718 # 1504
31718 - 1440 1
31718 + 1440
31719 # 1504
31719 - 1440 1
31719 + 1440
31720 # 1504
31720 - 1440 1
31720 + 1440
31720 + 88
31721 # 1504
31721 - 1440 1
31722 # 1504
31722 - 88 2
31722 + 1440
31723 # 1504
31723 - 1440 1
31723 + 1440
31724 # 1504
31724 - 1440 1
31724 + 1440
31725 # 1504
31725 - 1440 1
31725 + 1440
31726 # 1504
31726 - 1440 1
31727 # 1504
31727 + 1440
31728 # 1504
31728 - 1440 1
31728 + 1440
31729 # 1504
31729 - 1440 1
31729 + 1440
31730 # 1504
31730 - 1440 1
31730 + 1440
31731 # 1504
31731 - 1440 1
31732 # 1504
31732 + 1440
31732 + 88
31733 # 1504
31733 - 1440 1
31733 + 1440
31734 # 1504
31734 - 88 2
31734 - 1440 1
31734 + 1440
31735 # 1504
31735 - 1440 1
31735 + 1096
31736 # 1504
31736 - 1096 1
31736 + 1440
31737 # 1504
31737 - 1440 1
31738 # 1504
31738 + 1440
31738 + 88
31739 # 1504
31739 - 1440 1
31739 + 1440
31740 # 1504
31740 - 88 2
31740 - 1440 1
31741 # 1504
31741 + 1440
31742 # 1504
31742 - 1440 1
31742 + 1440
31743 # 1504
31743 - 1440 1
31743 + 1440
31744 # 1504
31744 - 1440 1
31745 # 1504
31745 + 1440
31746 # 1504
31746 - 1440 1
31746 + 1440
31747 # 1504
31747 - 1440 1
31747 + 1440
31748 # 1504
31748 - 1440 1
31749 # 1504
31749 + 1440
31749 + 88
31750 # 1504
31750 - 1440 1
31750 + 1440
31751 # 1504
31751 - 88 2
31751 - 1440 1
31751 + 1440
31752 # 1504
31752 - 1440 1
31753 # 1504
31753 + 1440
31754 # 1504
31754 - 1440 1
31754 + 1440
31755 # 1504
31755 - 1440 1
31755 + 1440
31756 # 1504
31756 - 1440 1
31757 # 1504
31757 + 1440
31758 # 1504
31758 - 1440 1
31758 + 1440
31759 # 1504
31759 - 1440 1
31760 # 1504
31760 + 1440
31760 + 88
31761 # 1504
31761 - 1440 1
31761 + 1440
31762 # 1504
31762 - 88 2
31762 - 1440 1
31762 + 1440
31763 # 1504
31763 - 1440 1
31764 # 1504
31764 + 1440
31765 # 1504
31765 - 1440 1
31765 + 1440
31766 # 1504
31766 - 1440 1
31766 + 1440
31767 # 1504
31767 - 1440 1
31767 + 1440
31768 # 1504
31768 - 1440 1
31769 # 1504
31769 + 1440
31770 # 1504
31770 - 1440 1
31770 + 1440
31770 + 88
31771 # 1504
31771 - 1440 1
31771 + 1440
31772 # 1504
31772 - 88 2
31772 - 1440 1
31772 + 1440
31773 # 1504
31773 - 1440 1
31773 + 1440
31774 # 1504
31774 - 1440 1
31775 # 1504
31775 + 1440
31776 # 1504
31776 - 1440 1
31776 + 1440
31777 # 1504
31777 - 1440 1
31777 + 1440
31778 # 1504
31778 - 1440 1
31778 + 1440
31779 # 1504
31779 - 1440 1
31780 # 1504
31780 + 1440
31781 # 1504
31781 - 1440 1
31781 + 1440
31781 + 88
31782 # 1504
31782 - 1440 1
31782 + 1440
31783 # 1504
31783 - 88 2
31783 - 1440 1
31783 + 1440
31784 # 1504
31784 - 1440 1
31785 # 1504
31785 + 1440
31786 # 1504
31786 - 1440 1
31786 + 1440
31787 # 1504
31787 - 1440 1
31787 + 1440
31788 # 1504
31788 - 1440 1
31788 + 1440
31789 # 1504
31789 - 1440 1
31790 # 1504
31790 + 1440
31791 # 1504
31791 - 1440 1
31791 + 1440
31791 + 88
31792 # 1504
31792 - 1440 1
31792 + 1440
31793 # 1504
31793 - 88 2
31793 - 1440 1
31793 + 1440
31794 # 1504
31794 - 1440 1
31795 # 1504
31795 + 1440
31796 # 1504
31796 - 1440 1
31796 + 1440
31797 # 1504
31797 - 1440 1
31797 + 1440
31798 # 1504
31798 - 1440 1
31798 + 1440
31799 # 1504
31799 - 1440 1
31799 + 1440
31800 # 1504
31800 - 1440 1
31801 # 1504
31801 + 1440
31802 # 1504
31802 - 1440 1
31802 + 1440
31802 + 88
31803 # 1504
31803 - 1440 1
31803 + 1440
31804 # 1504
31804 - 88 2
31804 - 1440 1
31805 # 1504
31805 + 1440
31806 # 1504
31806 - 1440 1
31806 + 1440
31807 # 1504
31807 - 1440 1
31808 # 1504
31808 + 1440
31809 # 1504
31809 - 1440 1
31809 + 1440
31810 # 1504
31810 - 1440 1
31810 + 1440
31811 # 1504
31811 - 1440 1
31811 + 1440
31812 # 1504
31812 - 1440 1
31813 # 1504
31813 + 88
31813 + 1440
31814 # 1504
31814 - 88 1
31814 + 1440
31815 # 1504
31815 - 1440 2
31815 - 1440 1
31816 # 1504
31816 + 1440
31817 # 1504
31817 - 1440 1
31817 + 1440
31818 # 1504
31818 - 1440 1
31818 + 1440
31819 # 1504
31819 - 1440 1
31819 + 1440
31820 # 1504
31820 - 1440 1
31820 + 1440
31821 # 1504
31821 - 1440 1
31822 # 1504
31822 + 1440
31823 # 1504
31823 - 1440 1
31823 + 1440
31823 + 88
31824 # 1504
31824 - 1440 1
31824 + 1440
31825 # 1504
31825 - 88 2
31825 - 1440 1
31825 + 1440
31826 # 1504
31826 - 1440 1
31827 # 1504
31827 + 1440
31828 # 1504
31828 - 1440 1
31828 + 1440
31829 # 1504
31829 - 1440 1
31829 + 1440
31830 # 1504
31830 - 1440 1
31830 + 1096
31831 # 1504
31831 - 1096 1
31832 # 1504
31832 + 1440
31833 # 1504
31833 - 1440 1
31833 + 1440
31833 + 88
31834 # 1504
31834 - 1440 1
31834 + 1440
31835 # 1504
31835 - 88 2
31835 - 1440 1
31836 # 1504
31836 + 1440
31837 # 1504
31837 - 1440 1
31837 + 1440
31838 # 1504
31838 - 1440 1
31838 + 1440
31839 # 1504
31839 - 1440 1
31839 + 1440
31840 # 1504
31840 - 1440 1
31841 # 1504
31841 + 1440
31842 # 1504
31842 - 1440 1
31842 + 1440
31843 # 1504
31843 - 1440 1
31843 + 1440
31844 # 1504
31844 - 1440 1
31844 + 1440
31844 + 88
31845 # 1504
31845 - 1440 1
31845 + 1440
31846 # 1504
31846 - 88 2
31846 - 1440 1
31846 + 1440
31847 # 1504
31847 - 1440 1
31847 + 1440
31848 # 1504
31848 - 1440 1
31848 + 1440
31849 # 1504
31849 - 1440 1
31850 # 1504
31850 + 1440
31851 # 1504
31851 - 1440 1
31851 + 1440
31852 # 1504
31852 - 1440 1
31852 + 1440
31853 # 1504
31853 - 1440 1
31853 + 1440
31854 # 1504
31854 - 1440 1
31854 + 1440
31855 # 1504
31855 - 1440 1
31855 + 88
31856 # 1504
31856 - 88 1
31856 + 1440
31857 # 1504
31857 - 1440 1
31857 + 1440
31858 # 1504
31858 - 1440 1
31858 + 1440
31859 # 1504
31859 - 1440 1
31860 # 1504
31860 + 1440
31861 # 1504
31861 - 1440 1
31861 + 1440
31862 # 1504
31862 - 1440 1
31862 + 1440
31863 # 1504
31863 - 1440 1
31864 # 1504
31864 + 1440
31865 # 1504
31865 - 1440 1
31865 + 1440
31865 + 88
31866 # 1504
31866 - 1440 1
31866 + 1440
31867 # 1504
31867 - 88 2
31867 - 1440 1
31868 # 1504
31868 + 1440
31869 # 1504
31869 - 1440 1
31869 + 1440
31870 # 1504
31870 - 1440 1
31870 + 1440
31871 # 1504
31871 - 1440 1
31872 # 1504
31872 + 1440
31873 # 1504
31873 - 1440 1
31873 + 1440
31874 # 1504
31874 - 1440 1
31874 + 1440
31875 # 1504
31875 - 1440 1
31876 # 1504
31876 + 1440
31876 + 88
31877 # 1504
31877 - 1440 1
31877 + 1440
31878 # 1504
31878 - 88 2
31878 - 1440 1
31878 + 1440
31879 # 1504
31879 - 1440 1
31879 + 1440
31880 # 1504
31880 - 1440 1
31881 # 1504
31881 + 1440
31882 # 1504
31882 - 1440 1
31882 + 1440
31883 # 1504
31883 - 1440 1
31883 + 1440
31884 # 1504
31884 - 1440 1
31884 + 1440
31885 # 1504
31885 - 1440 1
31885 + 1440
31886 # 1504
31886 - 1440 1
31886 + 88
31887 # 1504
31887 - 88 1
31887 + 1440
31888 # 1504
31888 - 1440 1
31888 + 1440
31889 # 1504
31889 - 1440 1
31889 + 1440
31890 # 1504
31890 - 1440 1
31891 # 1504
31891 + 1440
31892 # 1504
31892 - 1440 1
31892 + 1440
31893 # 1504
31893 - 1440 1
31893 + 1440
31894 # 1504
31894 - 1440 1
31895 # 1504
31895 + 1440
31896 # 1504
31896 - 1440 1
31896 + 1440
31896 + 88
31897 # 1504
31897 - 1440 1
31897 + 1440
31898 # 1504
31898 - 88 2
31898 - 1440 1
31899 # 1504
31899 + 1440
31900 # 1504
31900 - 1440 1
31900 + 1440
31901 # 1504
31901 - 1440 1
31901 + 1440
31902 # 1504
31902 - 1440 1
31903 # 1504
31903 + 1440
31904 # 1504
31904 - 1440 1
31904 + 1440
31905 # 1504
31905 - 1440 1
31905 + 1440
31906 # 1504
31906 - 1440 1
31906 + 1440
31906 + 88
31907 # 1504
31907 - 1440 1
31907 + 1440
31908 # 1504
31908 - 88 2
31908 - 1440 1
31909 # 1504
31909 + 1440
31910 # 1504
31910 - 1440 1
31910 + 1440
31911 # 1504
31911 - 1440 1
31911 + 1440
31912 # 1504
31912 - 1440 1
31913 # 1504
31913 + 1440
31914 # 1504
31914 - 1440 1
31914 + 1440
31915 # 1504
31915 - 1440 1
31915 + 1440
31916 # 1504
31916 - 1440 1
31916 + 1440
31917 # 1504
31917 - 1440 1
31917 + 1440
31917 + 88
31918 # 1504
31918 - 1440 1
31919 # 1504
31919 - 88 2
31919 + 1440
31920 # 1504
31920 - 1440 1
31920 + 1440
31921 # 1504
31921 - 1440 1
31921 + 1440
31922 # 1504
31922 - 1440 1
31923 # 1504
31923 + 1440
31924 # 1504
31924 - 1440 1
31924 + 1096
31925 # 1504
31925 - 1096 1
31925 + 1440
31926 # 1504
31926 - 1440 1
31926 + 1440
31926 + 88
31927 # 1504
31927 - 1440 1
31928 # 1504
31928 - 88 2
31928 + 1440
31929 # 1504
31929 - 1440 1
31929 + 1440
31930 # 1504
31930 - 1440 1
31931 # 1504
31931 + 1440
31932 # 1504
31932 - 1440 1
31932 + 1440
31933 # 1504
31933 - 1440 1
31933 + 1440
31934 # 1504
31934 - 1440 1
31935 # 1504
31935 + 1440
31936 # 1504
31936 - 1440 1
31936 + 1440
31937 # 1504
31937 - 1440 1
31937 + 1440
31937 + 88
31938 # 1504
31938 - 1440 1
31939 # 1504
31939 - 88 2
31939 + 1440
31940 # 1504
31940 - 1440 1
31940 + 1440
31941 # 1504
31941 - 1440 1
31941 + 1440
31942 # 1504
31942 - 1440 1
31942 + 1440
31943 # 1504
31943 - 1440 1
31944 # 1504
31944 + 1440
31945 # 1504
31945 - 1440 1
31945 + 1440
31946 # 1504
31946 - 1440 1
31946 + 1440
31947 # 1504
31947 - 1440 1
31947 + 1440
31947 + 88
31948 # 1504
31948 - 1440 1
31948 + 1440
31949 # 1504
31949 - 88 2
31949 - 1440 1
31950 # 1504
31950 + 1440
31951 # 1504
31951 - 1440 1
31951 + 1440
31952 # 1504
31952 - 1440 1
31952 + 1440
31953 # 1504
31953 - 1440 1
31953 + 1440
31954 # 1504
31954 - 1440 1
31955 # 1504
31955 + 1440
31956 # 1504
31956 - 1440 1
31956 + 1440
31957 # 1504
31957 - 1440 1
31957 + 1440
31958 # 1504
31958 - 1440 1
31958 + 1440
31958 + 88
31959 # 1504
31959 - 1440 1
31960 # 1504
31960 - 88 2
31960 + 1440
31961 # 1504
31961 - 1440 1
31961 + 1440
31962 # 1504
31962 - 1440 1
31962 + 1440
31963 # 1504
31963 - 1440 1
31963 + 1440
31964 # 1504
31964 - 1440 1
31964 + 1440
31965 # 1504
31965 - 1440 1
31966 # 1504
31966 + 1440
31967 # 1504
31967 - 1440 1
31968 # 1504
31969 # 1504
31970 # 1504
31971 # 1504
31972 # 1504
31973 # 1504
31974 # 1504
31975 # 1504
31976 # 1504
31977 # 1504
31978 # 1504
31979 # 1504
31980 # 1504
31981 # 1504
31982 # 1504
31983 # 1504
31984 # 1504
31985 # 1504
31986 # 1504
31987 # 1504
31988 # 1504
31989 # 1504
31990 # 1504
31991 # 1504
31992 # 1504
31993 # 1504
31994 # 1504
31995 # 1504
31996 # 1504
31997 # 1504
31998 # 1504
31999 # 1504
32000 # 1504
32001 # 1504
32002 # 1504
32003 # 1504
32004 # 1504
32005 # 1504
32006 # 1504
32007 # 1504
32008 # 1504
32009 # 1504
32010 # 1504
32011 # 1504
32012 # 1504
32013 # 1504
32014 # 1504
32015 # 1504
32016 # 1504
32017 # 1504
32018 # 1504
32019 # 1504
32020 # 1504
32021 # 1504
32022 # 1504
32023 # 1504
32024 # 1504
32025 # 1504
32026 # 1504
32027 # 1504
32028 # 1504
32029 # 1504
32030 # 1504
32031 # 1504
32032 # 1504
32033 # 1504
32034 # 1504
32035 # 1504
32036 # 1504
32037 # 1504
32038 # 1504
32039 # 1504
32040 # 1504
32041 # 1504
32042 # 1504
32043 # 1504
32044 # 1504
32045 # 1504
32046 # 1504
32047 # 1504
32048 # 1504
32049 # 1504
32050 # 1504
32051 # 1504
32052 # 1504
32053 # 1504
32054 # 1504
32055 # 1504
32056 # 1504
32057 # 1504
32058 # 1504
32059 # 1504
32060 # 1504
32061 # 1504
32062 # 1504
32063 # 1504
32064 # 1504
32065 # 1504
32066 # 1504
32067 # 1504
32068 # 1504
32069 # 1504
32070 # 1504
32071 # 1504
32072 # 1504
32073 # 1504
32074 # 1504
32075 # 1504
32076 # 1504
32077 # 1504
32078 # 1504
32079 # 1504
32080 # 1504
32081 # 1504
32082 # 1504
32083 # 1504
32084 # 1504
32085 # 1504
32086 # 1504
32087 # 1504
32088 # 1504
32089 # 1504
32090 # 1504
32091 # 1504
32092 # 1504
32093 # 1504
32094 # 1504
32095 # 1504
32096 # 1504
32097 # 1504
32098 # 1504
32099 # 1504
32100 # 1504
32101 # 1504
32102 # 1504
32103 # 1504
32104 # 1504
32105 # 1504
32106 # 1504
32107 # 1504
32108 # 1504
32109 # 1504
32110 # 1504
32111 # 1504
32112 # 1504
32113 # 1504
32114 # 1504
32115 # 1504
32116 # 1504
32117 # 1504
32118 # 1504
32119 # 1504
32120 # 1504
32121 # 1504
32122 # 1504
32123 # 1504
32124 # 1504
32125 # 1504
32126 # 1504
32127 # 1504
32128 # 1504
32129 # 1504
32130 # 1504
32131 # 1504
32132 # 1504
32133 # 1504
32134 # 1504
32135 # 1504
32136 # 1504
32137 # 1504
32138 # 1504
32139 # 1504
32140 # 1504
32141 # 1504
32142 # 1504
32143 # 1504
32144 # 1504
32145 # 1504
32146 # 1504
32147 # 1504
32148 # 1504
32149 # 1504
32150 # 1504
32151 # 1504
32152 # 1504
32153 # 1504
32154 # 1504
32155 # 1504
32156 # 1504
32157 # 1504
32158 # 1504
32159 # 1504
32160 # 1504
32161 # 1504
32162 # 1504
32163 # 1504
32164 # 1504
32165 # 1504
32166 # 1504
32167 # 1504
32168 # 1504
32169 # 1504
32170 # 1504
32171 # 1504
32172 # 1504
32173 # 1504
32174 # 1504
32175 # 1504
32176 # 1504
32177 # 1504
32178 # 1504
32179 # 1504
32180 # 1504
32181 # 1504
32182 # 1504
32183 # 1504
32184 # 1504
32185 # 1504
32186 # 1504
32187 # 1504
32188 # 1504
32189 # 1504
32190 # 1504
32191 # 1504
32192 # 1504
32193 # 1504
32193 + 1440
32193 + 1440
32193 + 1440
32193 + 1440
32193 + 1440
32193 + 1440
32193 + 1440
32193 + 1440
32193 + 1440
32193 + 1440
32193 + 1440
32193 + 1440
32193 + 1440
32193 + 1440
32193 + 1440
32193 + 1440
32193 + 1440
32193 + 1440
32193 + 1440
32193 + 1440
32193 + 1440
32193 + 1440
32193 + 1440
32193 + 1440
32193 + 1440
32193 + 1440
32193 + 1440
32193 + 1440
32193 + 1440
32193 + 1440
32193 + 1440
32193 + 1440
32193 + 1440
32193 + 1440
32193 + 1440
32193 + 1440
32193 + 1440
32193 + 1440
32193 + 1440
32193 + 1440
32193 + 1096
32193 + 1440
32193 + 1440
32193 + 1440
32193 + 1440
32193 + 1440
32193 + 1440
32193 + 1440
32193 + 1440
32193 + 1440
32193 + 1440
32193 + 1440
32193 + 1440
32193 + 1440
32193 + 1440
32193 + 1440
32193 + 1440
32193 + 1440
32193 + 1440
32193 + 1440
32193 + 1440
32193 + 1440
32193 + 1440
32193 + 1440
32193 + 1440
32193 + 1440
32193 + 1440
32193 + 1440
32193 + 1440
32193 + 1440
32193 + 1440
32193 + 1440
32193 + 1440
32193 + 1440
32193 + 1440
32193 + 1440
32193 + 1440
32193 + 1440
32193 + 1440
32193 + 1440
32193 + 1440
32193 + 1440
32193 + 1440
32193 + 1440
32193 + 1440
32193 + 1440
32193 + 1440
32193 + 1440
32193 + 1440
32193 + 1440
32193 + 1440
32193 + 1440
32193 + 1440
32193 + 1440
32194 # 1504
32194 - 1440 1
32194 + 1440
32194 + 1440
32194 + 1440
32194 + 1440
32194 + 1440
32194 + 1440
32194 + 1440
32194 + 1440
32194 + 1440
32194 + 1440
32194 + 1440
32194 + 1440
32194 + 1440
32194 + 1440
32194 + 1440
32194 + 1440
32194 + 1440
32194 + 1440
32194 + 1440
32194 + 1440
32194 + 1096
32194 + 1440
32194 + 1440
32194 + 1440
32194 + 1440
32194 + 1440
32194 + 1440
32194 + 1440
32194 + 1440
32194 + 1440
32194 + 1440
32194 + 1440
32194 + 1440
32194 + 1440
32194 + 1440
32194 + 1440
32194 + 1440
32194 + 1440
32194 + 1440
32194 + 1440
32194 + 1440
32194 + 1440
32194 + 1440
32194 + 1440
32194 + 1440
32194 + 1440
32194 + 1440
32194 + 1440
32194 + 1440
32194 + 1440
32194 + 1440
32194 + 1440
32194 + 1440
32194 + 1440
32194 + 1440
32194 + 1440
32194 + 1440
32194 + 1440
32194 + 1440
32194 + 1440
32194 + 1440
32194 + 1440
32194 + 1440
32194 + 1440
32194 + 1440
32194 + 1440
32194 + 1440
32194 + 1440
32194 + 1440
32194 + 1440
32194 + 1440
32194 + 1440
32194 + 1440
32194 + 1440
32194 + 1440
32194 + 1440
32194 + 1440
32194 + 1440
32194 + 1440
32194 + 1440
32194 + 1440
32194 + 1440
32194 + 1440
32194 + 1440
32194 + 1440
32194 + 1440
32194 + 1440
32194 + 1440
32194 + 1440
32194 + 1440
32194 + 1440
32194 + 1440
32194 + 1440
32194 + 1440
32194 + 88
32195 # 1504
32195 - 1440 2
32195 + 1096
32196 # 1504
32196 - 1440 3
32197 # 1504
32197 - 1440 4
32197 + 1440
32198 # 1504
32198 - 1440 5
32198 + 1440
32199 # 1504
32199 - 1440 6
32200 # 1504
32200 - 1440 7
32200 + 1440
32201 # 1504
32201 - 1440 8
32201 + 1440
32202 # 1504
32202 - 1440 9
32202 + 1440
32203 # 1504
32203 - 1440 10
32203 + 1440
32204 # 1504
32204 - 1440 11
32204 + 1440
32205 # 1504
32205 - 1440 12
32205 + 1440
32206 # 1504
32206 - 1440 13
32206 + 88
32207 # 1504
32207 - 1440 14
32207 + 1440
32208 # 1504
32208 - 1440 15
32208 + 1440
32209 # 1504
32209 - 1440 16
32209 + 1440
32210 # 1504
32210 - 1440 17
32210 + 1440
32211 # 1504
32211 - 1440 18
32211 + 1440
32212 # 1504
32212 - 1440 19
32213 # 1504
32213 - 1440 20
32213 + 1440
32214 # 1504
32214 - 1440 21
32214 + 1440
32215 # 1504
32215 - 1440 22
32215 + 1440
32216 # 1504
32216 - 1440 23
32216 - 1440 23
32216 + 88
32217 # 1504
32217 - 1440 24
32217 + 1440
32218 # 1504
32218 - 1440 25
32218 + 1440
32219 # 1504
32219 - 1440 26
32219 + 1440
32220 # 1504
32220 - 1440 27
32220 + 1440
32221 # 1504
32221 - 1440 28
32222 # 1504
32222 - 1440 29
32222 + 1440
32223 # 1504
32223 - 1440 30
32223 + 1440
32224 # 1504
32224 - 1440 31
32224 + 1440
32225 # 1504
32225 - 1440 32
32225 + 1440
32226 # 1504
32226 - 1440 33
32226 + 88
32227 # 1504
32227 - 1440 34
32227 + 1440
32228 # 1504
32228 - 1440 35
32228 + 1440
32229 # 1504
32229 - 1440 36
32229 + 1440
32230 # 1504
32230 - 1440 37
32231 # 1504
32231 - 1440 38
32231 + 1440
32232 # 1504
32232 - 1440 39
32232 + 1440
32233 # 1504
32233 - 1096 40
32233 - 1440 40
32233 + 1440
32234 # 1504
32234 - 1440 41
32234 + 88
32234 + 1440
32235 # 1504
32235 - 1440 42
32236 # 1504
32236 - 1440 43
32236 + 1440
32237 # 1504
32237 - 1440 44
32237 + 1440
32238 # 1504
32238 - 1440 45
32238 + 1440
32239 # 1504
32239 - 1440 46
32240 # 1504
32240 - 1440 47
32240 + 1440
32241 # 1504
32241 - 1440 48
32241 + 1440
32242 # 1504
32242 - 1440 49
32242 + 1440
32243 # 1504
32243 - 1440 50
32243 + 1440
32244 # 1504
32244 - 1440 51
32244 + 88
32245 # 1504
32245 - 1440 52
32245 + 1440
32246 # 1504
32246 - 1440 53
32246 + 1440
32247 # 1504
32247 - 1440 54
32247 + 1440
32248 # 1504
32248 - 1440 55
32248 + 1440
32249 # 1504
32249 - 1440 56
32250 # 1504
32250 - 1440 57
32250 + 1440
32251 # 1504
32251 - 1440 58
32251 + 1440
32252 # 1504
32252 - 1440 59
32252 + 1440
32253 # 1504
32253 - 1440 60
32254 # 1504
32254 - 1440 61
32254 + 1440
32255 # 1504
32255 - 1440 62
32255 + 88
32255 + 1440
32256 # 1504
32256 - 1440 63
32256 - 1440 63
32256 + 1440
32257 # 1504
32257 - 1440 64
32257 + 1440
32258 # 1504
32258 - 1440 65
32259 # 1504
32259 - 1440 66
32259 + 1440
32260 # 1504
32260 - 1440 67
32260 + 1440
32261 # 1504
32261 - 1440 68
32261 + 1440
32262 # 1504
32262 - 1440 69
32263 # 1504
32263 - 1440 70
32263 + 1440
32264 # 1504
32264 - 1440 71
32264 + 1440
32265 # 1504
32265 - 1440 72
32265 + 88
32265 + 1440
32266 # 1504
32266 - 1440 73
32266 + 1440
32267 # 1504
32267 - 1440 74
32268 # 1504
32268 - 1440 75
32268 + 1440
32269 # 1504
32269 - 1440 76
32269 + 1440
32270 # 1504
32270 - 1440 77
32270 + 1440
32271 # 1504
32271 - 1440 78
32272 # 1504
32272 - 1440 79
32272 + 1440
32273 # 1504
32273 - 1440 80
32273 + 1440
32274 # 1504
32274 - 1440 81
32274 + 1440
32275 # 1504
32275 - 1440 82
32275 + 88
32275 + 1440
32276 # 1504
32276 - 1440 83
32277 # 1504
32277 - 1440 84
32277 + 1440
32278 # 1504
32278 - 1440 85
32278 - 1440 85
32278 + 1440
32279 # 1504
32279 - 1440 86
32279 + 1440
32280 # 1504
32280 - 1440 87
32281 # 1504
32281 - 1440 88
32281 + 1440
32282 # 1504
32282 - 1440 89
32282 + 1440
32283 # 1504
32283 - 1440 90
32283 + 1440
32284 # 1504
32284 - 1440 90
32284 + 1440
32285 # 1504
32285 - 1440 91
32286 # 1504
32286 - 1440 92
32286 + 88
32286 + 1440
32287 # 1504
32287 - 1440 93
32287 + 1440
32288 # 1504
32288 - 1440 94
32288 + 1440
32289 # 1504
32289 - 1440 95
32289 + 1096
32290 # 1504
32290 - 1440 96
32291 # 1504
32291 - 1440 97
32291 + 1440
32292 # 1504
32292 - 1440 98
32292 + 1440
32293 # 1504
32293 - 1440 99
32293 + 1440
32294 # 1504
32294 - 1440 100
32295 # 1504
32295 - 1440 101
32295 + 1440
32295 + 88
32296 # 1504
32296 - 1440 102
32296 + 1440
32297 # 1504
32297 - 1440 103
32297 + 1440
32298 # 1504
32298 - 1440 104
32298 + 1440
32299 # 1504
32299 - 1440 105
32300 # 1504
32300 - 1440 106
32300 + 1440
32301 # 1504
32301 - 1440 107
32301 - 1440 107
32301 + 1440
32302 # 1504
32302 - 1440 108
32302 + 1440
32303 # 1504
32303 - 1096 109
32304 # 1504
32304 - 1440 110
32304 + 1440
32304 + 88
32305 # 1504
32305 - 1440 111
32305 + 1440
32306 # 1504
32306 - 1440 112
32306 + 1440
32307 # 1504
32307 - 1440 113
32307 + 1440
32308 # 1504
32308 - 1440 114
32309 # 1504
32309 - 1440 115
32309 + 1440
32310 # 1504
32310 - 1440 116
32310 + 1440
32311 # 1504
32311 - 1440 117
32311 + 1440
32312 # 1504
32312 - 1440 118
32313 # 1504
32313 - 1440 119
32313 + 1440
32314 # 1504
32314 - 1440 120
32314 + 1440
32315 # 1504
32315 - 1440 121
32315 + 88
32315 + 1440
32316 # 1504
32316 - 1440 122
32316 + 1440
32317 # 1504
32317 - 1440 123
32318 # 1504
32318 - 1440 124
32318 - 1440 124
32318 + 1440
32319 # 1504
32319 - 1440 125
32319 + 1440
32320 # 1504
32320 - 1440 126
32320 + 1440
32321 # 1504
32321 - 1440 127
32322 # 1504
32322 - 1440 128
32322 + 1440
32323 # 1504
32323 - 1440 129
32323 + 1440
32324 # 1504
32324 - 1440 130
32324 + 1440
32325 # 1504
32325 - 1440 131
32325 + 88
32325 + 1440
32326 # 1504
32326 - 1440 132
32327 # 1504
32327 - 1440 133
32327 + 1440
32328 # 1504
32328 - 1440 134
32328 + 1440
32329 # 1504
32329 - 1440 135
32329 + 1440
32330 # 1504
32330 - 1440 136
32330 + 1440
32331 # 1504
32331 - 1440 137
32332 # 1504
32332 - 1440 138
32332 + 1440
32333 # 1504
32333 - 1440 139
32333 + 1440
32334 # 1504
32334 - 1440 140
32334 + 1440
32335 # 1504
32335 - 1440 141
32335 + 88
32336 # 1504
32336 - 1440 142
32336 + 1440
32337 # 1504
32337 - 1440 143
32337 + 1440
32338 # 1504
32338 - 1440 144
32338 + 1440
32339 # 1504
32339 - 1440 145
32339 + 1440
32340 # 1504
32340 - 1440 146
32340 - 1440 146
32341 # 1504
32341 - 1440 147
32341 + 1440
32342 # 1504
32342 - 1440 148
32342 + 1440
32343 # 1504
32343 - 1440 149
32343 + 1440
32344 # 1504
32344 - 1440 150
32345 # 1504
32345 - 1440 151
32345 + 1440
32345 + 88
32346 # 1504
32346 - 1440 152
32346 + 1440
32347 # 1504
32347 - 1440 153
32347 + 1440
32348 # 1504
32348 - 1440 154
32348 + 1440
32349 # 1504
32349 - 1440 155
32350 # 1504
32350 - 1440 156
32350 + 1440
32351 # 1504
32351 - 1440 157
32351 + 1440
32352 # 1504
32352 - 1440 158
32352 + 1440
32353 # 1504
32353 - 1440 159
32354 # 1504
32354 - 1440 160
32354 + 1440
32355 # 1504
32355 - 1440 161
32355 + 1440
32356 # 1504
32356 - 1440 162
32356 + 88
32356 + 1440
32357 # 1504
32357 - 1440 163
32357 + 1440
32358 # 1504
32358 - 1440 164
32359 # 1504
32359 - 1440 165
32359 + 1440
32360 # 1504
32360 - 1440 166
32360 + 1440
32361 # 1504
32361 - 1440 167
32361 + 1440
32362 # 1504
32362 - 1440 168
32363 # 1504
32363 - 1440 169
32363 - 1440 169
32363 + 1440
32364 # 1504
32364 - 1440 170
32364 + 1440
32365 # 1504
32365 - 1440 171
32365 + 1440
32366 # 1504
32366 - 1440 172
32366 + 88
32366 + 1440
32367 # 1504
32367 - 1440 173
32368 # 1504
32368 - 1440 174
32368 + 1440
32369 # 1504
32369 - 1440 175
32369 + 1440
32370 # 1504
32370 - 1440 176
32370 + 1440
32371 # 1504
32371 - 1440 177
32372 # 1504
32372 - 1440 178
32372 + 1440
32373 # 1504
32373 - 1440 179
32373 - 88 179
32373 + 1440
32374 # 1504
32374 - 1096 179
32374 + 1440
32375 # 1504
32375 - 1440 178
32375 + 1440
32375 + 88
32376 # 1504
32376 - 1440 178
32377 # 1504
32377 - 1440 177
32377 + 1440
32378 # 1504
32378 - 1440 177
32378 + 1440
32379 # 1504
32379 - 1440 177
32379 + 1440
32380 # 1504
32380 - 1440 177
32381 # 1504
32381 - 1440 177
32381 - 1440 176
32381 + 1440
32382 # 1504
32382 - 88 176
32382 + 1440
32383 # 1504
32383 - 1440 176
32383 - 1440 175
32383 + 1440
32384 # 1504
32384 - 1440 175
32384 + 1096
32385 # 1504
32385 - 1440 175
32386 # 1504
32386 - 1440 175
32386 + 88
32386 + 1440
32387 # 1504
32387 - 1440 174
32387 + 1440
32388 # 1504
32388 - 1440 174
32388 + 1440
32389 # 1504
32389 - 1440 174
32389 - 88 173
32389 + 1440
32390 # 1504
32390 - 1440 173
32391 # 1504
32391 - 1440 173
32391 + 1440
32392 # 1504
32392 - 1440 173
32392 + 1440
32393 # 1504
32393 - 1440 173
32393 + 1440
32394 # 1504
32394 - 1440 172
32395 # 1504
32395 - 1440 172
32395 + 1440
32396 # 1504
32396 - 1440 172
32396 + 88
32396 + 1440
32397 # 1504
32397 - 1440 172
32397 - 88 171
32397 + 1440
32398 # 1504
32398 - 1440 171
32398 + 1440
32399 # 1504
32399 - 1440 171
32400 # 1504
32400 - 1440 171
32400 + 1440
32401 # 1504
32401 - 1440 170
32401 + 1440
32402 # 1504
32402 - 1440 170
32402 + 1440
32403 # 1504
32403 - 1440 170
32403 - 88 169
32404 # 1504
32404 - 1440 170
32404 + 1440
32405 # 1504
32405 - 1440 169
32405 + 1440
32406 # 1504
32406 - 1440 169
32406 + 88
32406 + 1440
32407 # 1504
32407 - 1440 169
32407 + 1440
32408 # 1504
32408 - 1440 168
32409 # 1504
32409 - 1440 168
32409 - 1440 167
32409 + 1440
32410 # 1504
32410 - 1440 167
32410 + 1440
32411 # 1504
32411 - 88 167
32411 - 1440 166
32411 + 1440
32412 # 1504
32412 - 1440 166
32413 # 1504
32413 - 1440 166
32413 + 1440
32414 # 1504
32414 - 1440 166
32414 + 1440
32415 # 1504
32415 - 1440 165
32415 + 1440
32416 # 1504
32416 - 1440 165
32416 + 88
32416 + 1440
32417 # 1504
32417 - 1440 165
32418 # 1504
32418 - 1440 164
32418 - 88 163
32418 + 1440
32419 # 1504
32419 - 1440 164
32419 + 1440
32420 # 1504
32420 - 1440 164
32420 + 1440
32421 # 1504
32421 - 1440 164
32422 # 1504
32422 - 1440 163
32422 + 1440
32423 # 1504
32423 - 1440 163
32423 + 1440
32424 # 1504
32424 - 1440 163
32424 + 1440
32425 # 1504
32425 - 1440 162
32425 + 1440
32426 # 1504
32426 - 1440 162
32426 - 88 161
32427 # 1504
32427 - 1440 162
32427 + 88
32427 + 1440
32428 # 1504
32428 - 1440 162
32428 + 1440
32429 # 1504
32429 - 1440 161
32429 + 1440
32430 # 1504
32430 - 1440 161
32431 # 1504
32431 - 1440 161
32431 + 1440
32432 # 1504
32432 - 1440 160
32432 + 1440
32433 # 1504
32433 - 1440 160
32433 + 1440
32434 # 1504
32434 - 1440 160
32434 - 88 159
32434 + 1440
32435 # 1504
32435 - 1440 160
32436 # 1504
32436 - 1440 159
32436 + 1440
32437 # 1504
32437 - 1440 159
32437 - 1440 158
32437 + 88
32437 + 1440
32438 # 1504
32438 - 1440 157
32438 + 1440
32439 # 1504
32439 - 1440 157
32440 # 1504
32440 - 1440 157
32440 + 1440
32441 # 1504
32441 - 1440 157
32441 - 88 155
32441 + 1440
32442 # 1504
32442 - 1440 156
32442 + 1440
32443 # 1504
32443 - 1440 156
32443 + 1440
32444 # 1504
32444 - 1440 156
32445 # 1504
32445 - 1096 156
32445 + 1440
32446 # 1504
32446 - 1440 155
32446 + 88
32446 + 1440
32447 # 1504
32447 - 1440 155
32447 + 1440
32448 # 1504
32448 - 1440 155
32449 # 1504
32449 - 1440 154
32449 - 88 154
32449 + 1440
32450 # 1504
32450 - 1440 154
32450 + 1440
32451 # 1504
32451 - 1440 154
32451 + 1440
32452 # 1504
32452 - 1440 154
32452 + 1440
32453 # 1504
32453 - 1440 153
32453 + 1440
32454 # 1504
32454 - 1440 153
32455 # 1504
32455 - 1440 153
32455 + 1440
32456 # 1504
32456 - 1440 152
32456 - 88 152
32456 + 1440
32457 # 1504
32457 - 1440 152
32457 + 1440
32457 + 88
32458 # 1504
32458 - 1440 152
32458 - 1440 151
32458 + 1440
32459 # 1504
32459 - 1440 150
32460 # 1504
32460 - 1440 150
32460 + 1440
32461 # 1504
32461 - 1440 150
32461 + 1440
32462 # 1504
32462 - 1440 149
32462 + 1440
32463 # 1504
32463 - 1440 149
32463 - 88 148
32463 + 1440
32464 # 1504
32464 - 1440 149
32464 + 1440
32465 # 1504
32465 - 1440 149
32466 # 1504
32466 - 1440 148
32466 + 1440
32467 # 1504
32467 - 1440 148
32467 + 1440
32468 # 1504
32468 - 1440 148
32468 + 1440
32468 + 88
32469 # 1504
32469 - 1440 147
32469 + 1440
32470 # 1504
32470 - 1440 147
32470 + 1440
32471 # 1504
32471 - 1440 147
32471 - 88 146
32472 # 1504
32472 - 1440 147
32472 + 1440
32473 # 1504
32473 - 1440 146
32473 + 1440
32474 # 1504
32474 - 1440 146
32474 + 1440
32475 # 1504
32475 - 1440 146
32475 + 1440
32476 # 1504
32476 - 1440 146
32477 # 1504
32477 - 1440 145
32477 + 1440
32478 # 1504
32478 - 1440 145
32478 + 1096
32479 # 1504
32479 - 1440 145
32479 - 88 144
32479 + 1440
32479 + 88
32480 # 1504
32480 - 1440 144
32480 + 1440
32481 # 1504
32481 - 1440 144
32481 + 1440
32482 # 1504
32482 - 1440 144
32483 # 1504
32483 - 1440 144
32483 + 1440
32484 # 1504
32484 - 1440 143
32484 + 1440
32485 # 1504
32485 - 1440 143
32485 - 1440 142
32485 + 1440
32486 # 1504
32486 - 1440 141
32486 - 88 141
32486 + 1440
32487 # 1504
32487 - 1440 141
32487 + 1440
32488 # 1504
32488 - 1440 141
32489 # 1504
32489 - 1440 141
32489 + 1440
32490 # 1504
32490 - 1440 140
32490 + 1440
32490 + 88
32491 # 1504
32491 - 1440 140
32491 + 1440
32492 # 1504
32492 - 1440 140
32492 + 1440
32493 # 1504
32493 - 1440 139
32493 + 1440
32494 # 1504
32494 - 1440 139
32494 - 88 138
32495 # 1504
32495 - 1440 139
32495 + 1440
32496 # 1504
32496 - 1440 139
32496 + 1440
32497 # 1504
32497 - 1440 138
32497 + 1440
32498 # 1504
32498 - 1440 138
32498 + 1440
32499 # 1504
32499 - 1440 138
32500 # 1504
32500 - 1440 137
32500 + 1440
32501 # 1504
32501 - 1440 137
32501 + 1440
32501 + 88
32502 # 1504
32502 - 1440 137
32502 - 88 136
32502 + 1440
32503 # 1504
32503 - 1440 137
32503 + 1440
32504 # 1504
32504 - 1440 136
32504 + 1440
32505 # 1504
32505 - 1440 136
32506 # 1504
32506 - 1440 136
32506 + 1440
32507 # 1504
32507 - 1440 135
32507 + 1440
32508 # 1504
32508 - 1440 135
32508 + 1440
32509 # 1504
32509 - 1440 135
32509 + 1440
32510 # 1504
32510 - 1440 135
32510 - 88 135
32510 + 1440
32511 # 1504
32511 - 1440 134
32512 # 1504
32512 - 1440 134
32512 + 1440
32512 + 88
32513 # 1504
32513 - 1440 134
32513 - 1440 132
32513 + 1440
32514 # 1504
32514 - 1440 132
32514 + 1440
32515 # 1504
32515 - 1440 132
32515 + 1440
32516 # 1504
32516 - 1096 132
32516 - 88 130
32517 # 1504
32517 - 1440 131
32517 + 1440
32518 # 1504
32518 - 1440 131
32518 + 1440
32518 + 88
32519 # 1504
32519 - 1440 131
32519 + 1440
32520 # 1504
32520 - 1440 131
32520 + 1440
32521 # 1504
32521 - 1440 130
32521 + 1440
32522 # 1504
32522 - 1440 130
32523 # 1504
32523 - 1440 130
32523 + 1440
32524 # 1504
32524 - 1440 129
32524 - 88 128
32524 + 1440
32525 # 1504
32525 - 1440 129
32525 + 1440
32526 # 1504
32526 - 1440 129
32526 + 1440
32527 # 1504
32527 - 1440 129
32527 + 1440
32528 # 1504
32528 - 1440 128
32529 # 1504
32529 - 1440 128
32529 + 1440
32529 + 88
32530 # 1504
32530 - 1440 128
32530 + 1440
32531 # 1504
32531 - 1440 127
32531 + 1440
32532 # 1504
32532 - 1440 127
32532 - 88 126
32532 + 1440
32533 # 1504
32533 - 1440 127
32533 + 1440
32534 # 1504
32534 - 1440 127
32534 - 1440 125
32535 # 1504
32535 - 1440 125
32535 + 1440
32536 # 1504
32536 - 1440 125
32536 + 1440
32537 # 1504
32537 - 1440 124
32537 + 1440
32538 # 1504
32538 - 1440 124
32538 + 1440
32539 # 1504
32539 - 1440 124
32539 - 88 123
32540 # 1504
32540 - 1440 124
32540 + 1440
32540 + 88
32541 # 1504
32541 - 1440 123
32541 + 1440
32542 # 1504
32542 - 1440 123
32542 + 1440
32543 # 1504
32543 - 1440 123
32543 + 1440
32544 # 1504
32544 - 1440 122
32544 + 1440
32545 # 1504
32545 - 1440 122
32546 # 1504
32546 - 1440 122
32546 + 1440
32547 # 1504
32547 - 1440 122
32547 - 88 120
32547 + 1440
32548 # 1504
32548 - 1440 121
32548 + 1440
32549 # 1504
32549 - 1440 121
32549 + 1440
32550 # 1504
32550 - 1440 121
32550 + 1440
32551 # 1504
32551 - 1440 120
32551 + 88
32552 # 1504
32552 - 1440 120
32552 + 1440
32553 # 1504
32553 - 1440 120
32553 + 1440
32554 # 1504
32554 - 1440 120
32554 + 1440
32555 # 1504
32555 - 1440 119
32555 - 88 118
32555 + 1440
32556 # 1504
32556 - 1440 119
32557 # 1504
32557 - 1440 119
32557 + 1440
32558 # 1504
32558 - 1440 118
32558 + 1440
32559 # 1504
32559 - 1440 118
32559 + 1440
32560 # 1504
32560 - 1440 118
32560 + 1440
32561 # 1504
32561 - 1440 118
32561 - 1440 116
32561 + 1440
32561 + 88
32562 # 1504
32562 - 88 116
32562 - 1440 116
32563 # 1504
32563 - 1440 116
32563 + 1440
32564 # 1504
32564 - 1440 115
32564 + 1440
32565 # 1504
32565 - 1440 115
32565 + 1440
32566 # 1504
32566 - 1440 115
32566 + 1440
32567 # 1504
32567 - 1440 115
32567 + 1096
32568 # 1504
32568 - 1440 115
32569 # 1504
32569 - 1440 114
32569 + 1440
32570 # 1504
32570 - 1440 114
32570 + 1440
32571 # 1504
32571 - 1440 114
32571 - 88 114
32571 + 1440
32572 # 1504
32572 - 1440 114
32572 + 1440
32572 + 88
32573 # 1504
32573 - 1440 113
32573 + 1440
32574 # 1504
32574 - 1440 113
32575 # 1504
32575 - 1440 113
32575 + 1440
32576 # 1504
32576 - 1440 113
32576 + 1440
32577 # 1504
32577 - 1440 113
32577 + 1440
32578 # 1504
32578 - 1440 112
32578 + 1440
32579 # 1504
32579 - 1440 112
32580 # 1504
32580 - 1440 112
32580 - 88 112
32580 + 1440
32581 # 1504
32581 - 1440 112
32581 + 1440
32582 # 1504
32582 - 1440 112
32582 + 1440
32583 # 1504
32583 - 1440 111
32583 + 1440
32583 + 88
32584 # 1504
32584 - 1440 111
32584 + 1440
32585 # 1504
32585 - 1440 111
32586 # 1504
32586 - 1440 111
32586 + 1440
32587 # 1504
32587 - 1440 110
32587 - 1096 109
32587 + 1440
32588 # 1504
32588 - 1440 109
32588 - 88 109
32588 + 1440
32588 + 88
32589 # 1504
32589 - 1440 109
32589 + 1440
32590 # 1504
32590 - 1440 109
32590 + 1440
32591 # 1504
32591 - 1440 108
32592 # 1504
32592 - 1440 108
32592 + 1440
32593 # 1504
32593 - 1440 108
32593 + 1440
32594 # 1504
32594 - 1440 108
32594 + 1440
32595 # 1504
32595 - 1440 108
32595 + 1440
32596 # 1504
32596 - 1440 107
32597 # 1504
32597 - 1440 107
32597 - 88 107
32597 + 1440
32598 # 1504
32598 - 1440 107
32598 + 1440
32599 # 1504
32599 - 1440 107
32599 + 1440
32599 + 88
32600 # 1504
32600 - 1440 107
32600 + 1440
32601 # 1504
32601 - 1440 106
32601 + 1440
32602 # 1504
32602 - 1440 106
32603 # 1504
32603 - 1440 106
32603 + 1440
32604 # 1504
32604 - 1440 106
32604 + 1440
32605 # 1504
32605 - 1440 105
32605 + 1440
32606 # 1504
32606 - 1440 105
32606 - 88 105
32606 + 1440
32607 # 1504
32607 - 1440 105
32607 + 1440
32608 # 1504
32608 - 1440 105
32609 # 1504
32609 - 1440 105
32609 - 1440 103
32609 + 1440
32610 # 1504
32610 - 1440 103
32610 + 1440
32610 + 88
32611 # 1504
32611 - 1440 103
32611 + 1440
32612 # 1504
32612 - 1440 103
32612 + 1440
32613 # 1504
32613 - 1440 103
32613 + 1440
32614 # 1504
32614 - 1440 102
32614 - 88 102
32615 # 1504
32615 - 1440 102
32615 + 1440
32616 # 1504
32616 - 1440 102
32616 + 1440
32617 # 1504
32617 - 1440 102
32617 + 1440
32618 # 1504
32618 - 1440 101
32618 + 1440
32619 # 1504
32619 - 1440 101
32619 - 88 101
32620 # 1504
32620 - 1440 101
32620 + 1440
32621 # 1504
32621 - 1440 101
32621 + 1440
32621 + 88
32622 # 1504
32622 - 1440 101
32622 + 1440
32623 # 1504
32623 - 1440 100
32623 + 1440
32624 # 1504
32624 - 1440 100
32624 + 1440
32625 # 1504
32625 - 1440 100
32626 # 1504
32626 - 1440 100
32626 + 1440
32627 # 1504
32627 - 1440 100
32627 + 1440
32628 # 1504
32628 - 1440 99
32628 - 88 99
32628 + 1440
32629 # 1504
32629 - 1440 99
32629 + 1440
32630 # 1504
32630 - 1440 99
32631 # 1504
32631 - 1440 99
32631 + 1440
32632 # 1504
32632 - 1440 99
32632 + 88
32632 + 1440
32633 # 1504
32633 - 1440 98
32633 + 1440
32634 # 1504
32634 - 1440 98
32635 # 1504
32635 - 1440 98
32635 - 1440 97
32635 + 1440
32636 # 1504
32636 - 1440 96
32636 + 1440
32637 # 1504
32637 - 88 97
32637 - 1440 96
32638 # 1504
32638 - 1440 96
32638 + 1440
32639 # 1504
32639 - 1440 96
32639 + 1440
32640 # 1504
32640 - 1440 96
32640 + 1440
32641 # 1504
32641 - 1440 95
32642 # 1504
32642 - 1440 95
32642 + 1440
32643 # 1504
32643 - 1440 95
32643 + 88
32643 + 1440
32644 # 1504
32644 - 1440 95
32644 + 1440
32645 # 1504
32645 - 1440 95
32645 - 88 94
32646 # 1504
32646 - 1440 94
32646 + 1440
32647 # 1504
32647 - 1440 94
32647 + 1440
32648 # 1504
32648 - 1440 94
32648 + 1440
32649 # 1504
32649 - 1440 94
32650 # 1504
32650 - 1440 93
32650 + 1440
32651 # 1504
32651 - 1440 93
32651 + 1440
32652 # 1504
32652 - 1440 93
32652 + 1440
32653 # 1504
32653 - 1440 93
32653 + 88
32654 # 1504
32654 - 1440 93
32654 - 88 93
32654 + 1440
32655 # 1504
32655 - 1440 92
32655 + 1440
32656 # 1504
32656 - 1440 92
32657 # 1504
32657 - 1440 92
32657 + 1440
32658 # 1504
32658 - 1440 92
32658 - 1096 91
32658 + 1440
32659 # 1504
32659 - 1440 90
32659 + 88
32659 + 1440
32660 # 1504
32660 - 1440 90
32661 # 1504
32661 - 1440 90
32661 + 1096
32662 # 1504
32662 - 1440 90
32662 - 88 90
32662 + 1440
32663 # 1504
32663 - 1440 90
32663 + 1440
32664 # 1504
32664 - 1440 89
32665 # 1504
32665 - 1440 89
32665 + 1440
32666 # 1504
32666 - 1440 89
32666 + 1440
32667 # 1504
32667 - 1440 89
32667 + 1440
32668 # 1504
32668 - 1440 88
32669 # 1504
32669 - 1440 88
32669 + 1440
32670 # 1504
32670 - 1440 88
32670 + 1440
32670 + 88
32671 # 1504
32671 - 1440 88
32671 - 88 88
32671 + 1440
32672 # 1504
32672 - 1440 88
32673 # 1504
32673 - 1440 87
32673 + 1440
32674 # 1504
32674 - 1440 87
32674 + 1440
32675 # 1504
32675 - 1440 87
32675 - 88 87
32676 # 1504
32676 - 1440 87
32676 + 1440
32677 # 1504
32677 - 1440 87
32677 + 1440
32678 # 1504
32678 - 1440 86
32678 + 1440
32679 # 1504
32679 - 1440 86
32680 # 1504
32680 - 1440 86
32680 + 1440
32680 + 88
32681 # 1504
32681 - 1440 86
32681 + 1440
32682 # 1504
32682 - 1440 85
32682 + 1440
32683 # 1504
32683 - 1440 85
32683 - 1440 84
32684 # 1504
32684 - 88 85
32684 + 1440
32685 # 1504
32685 - 1440 85
32685 - 1440 84
32685 + 1440
32686 # 1504
32686 - 1440 83
32686 + 1440
32687 # 1504
32687 - 1440 83
32688 # 1504
32688 - 1440 83
32688 + 1440
32689 # 1504
32689 - 1440 83
32689 + 1440
32690 # 1504
32690 - 1440 83
32691 # 1504
32691 - 1440 82
32691 + 1440
32691 + 88
32692 # 1504
32692 - 1440 82
32692 - 88 82
32692 + 1440
32693 # 1504
32693 - 1440 82
32693 + 1440
32694 # 1504
32694 - 1440 82
32695 # 1504
32695 - 1440 82
32695 + 1440
32696 # 1504
32696 - 1440 81
32696 + 1440
32697 # 1504
32697 - 1440 81
32697 + 1440
32698 # 1504
32698 - 1440 81
32699 # 1504
32699 - 1440 81
32699 + 1440
32700 # 1504
32700 - 1440 80
32700 + 1440
32701 # 1504
32701 - 1440 80
32701 - 88 80
32701 + 1440
32702 # 1504
32702 - 1440 80
32702 + 88
32703 # 1504
32703 - 1440 80
32703 + 1440
32704 # 1504
32704 - 1440 80
32704 + 1440
32705 # 1504
32705 - 1440 79
32705 + 1440
32706 # 1504
32706 - 1440 79
32707 # 1504
32707 - 1440 79
32707 + 1440
32708 # 1504
32708 - 1440 79
32708 + 1440
32709 # 1504
32709 - 1440 78
32709 - 88 77
32709 + 1440
32710 # 1504
32710 - 1440 78
32711 # 1504
32711 - 1440 78
32711 - 1440 76
32711 + 1440
32712 # 1504
32712 - 1440 76
32712 + 1440
32713 # 1504
32713 - 1440 75
32713 + 88
32714 # 1504
32714 - 1440 75
32714 + 1440
32715 # 1504
32715 - 1440 75
32715 + 1440
32716 # 1504
32716 - 1440 74
32716 - 88 73
32716 + 1440
32717 # 1504
32717 - 1440 74
32718 # 1504
32718 - 1440 74
32718 + 1440
32719 # 1504
32719 - 1440 73
32719 + 1440
32720 # 1504
32720 - 1440 73
32720 + 1440
32721 # 1504
32721 - 1440 73
32722 # 1504
32722 - 1440 72
32722 + 1440
32723 # 1504
32723 - 1440 72
32723 + 1440
32724 # 1504
32724 - 1440 72
32724 - 88 71
32724 + 88
32724 + 1440
32725 # 1504
32725 - 1440 71
32726 # 1504
32726 - 1440 71
32726 + 1440
32727 # 1504
32727 - 1440 70
32727 + 1440
32728 # 1504
32728 - 1440 70
32728 - 88 69
32729 # 1504
32729 - 1440 70
32729 + 1440
32730 # 1504
32730 - 1096 69
32730 + 1440
32731 # 1504
32731 - 1440 69
32731 + 88
32731 + 1440
32732 # 1504
32732 - 1440 69
32733 # 1504
32733 - 1440 68
32733 - 1440 67
32733 + 1440
32734 # 1504
32734 - 1440 67
32734 + 1440
32735 # 1504
32735 - 1440 66
32735 + 1440
32736 # 1504
32736 - 1440 66
32736 - 88 66
32737 # 1504
32737 - 1440 66
32737 + 1440
32738 # 1504
32738 - 1440 65
32738 + 1440
32739 # 1504
32739 - 1440 65
32739 + 1440
32740 # 1504
32740 - 1440 64
32741 # 1504
32741 - 1440 64
32741 + 1440
32742 # 1504
32742 - 1440 64
32742 + 88
32742 + 1440
32743 # 1504
32743 - 1440 63
32743 - 88 63
32743 + 1440
32744 # 1504
32744 - 1440 63
32745 # 1504
32745 - 1440 63
32745 + 1440
32746 # 1504
32746 - 1440 62
32746 + 1440
32747 # 1504
32747 - 1440 62
32748 # 1504
32748 - 1440 62
32748 + 1440
32749 # 1504
32749 - 1440 61
32749 + 1440
32750 # 1504
32750 - 1440 61
32750 + 1440
32751 # 1504
32751 - 1440 60
32751 - 88 60
32752 # 1504
32752 - 1440 60
32752 + 1440
32752 + 88
32753 # 1504
32753 - 1440 60
32753 + 1440
32754 # 1504
32754 - 1440 59
32754 + 1440
32755 # 1504
32755 - 1440 59
32756 # 1504
32756 - 1440 59
32756 + 1440
32757 # 1504
32757 - 1440 58
32757 + 1440
32758 # 1504
32758 - 1440 58
32758 + 1440
32759 # 1504
32759 - 1440 58
32759 - 88 57
32760 # 1504
32760 - 1440 57
32760 + 1440
32761 # 1504
32761 - 1440 57
32761 - 1440 56
32761 + 1096
32762 # 1504
32762 - 1440 55
32762 + 1440
32763 # 1504
32763 - 1440 55
32763 + 88
32764 # 1504
32764 - 1440 55
32764 + 1440
32765 # 1504
32765 - 1440 54
32765 + 1440
32766 # 1504
32766 - 1440 54
32766 - 88 53
32767 # 1504
32767 - 1440 53
32767 + 1440
32768 # 1504
32768 - 1440 53
32768 + 1440
32769 # 1504
32769 - 1440 53
32769 + 1440
32770 # 1504
32770 - 1440 52
32771 # 1504
32771 - 1440 52
32771 + 1440
32772 # 1504
32772 - 1440 52
32772 + 1440
32773 # 1504
32773 - 1440 51
32773 + 1440
32774 # 1504
32774 - 1440 51
32774 - 88 50
32774 + 88
32775 # 1504
32775 - 1440 51
32775 + 1440
32776 # 1504
32776 - 1440 50
32776 + 1440
32777 # 1504
32777 - 1440 50
32777 + 1440
32778 # 1504
32778 - 1440 49
32779 # 1504
32779 - 1440 49
32779 - 88 48
32779 + 1440
32780 # 1504
32780 - 1440 49
32780 + 1440
32781 # 1504
32781 - 1440 48
32781 + 1440
32782 # 1504
32782 - 1440 48
32783 # 1504
32783 - 1440 48
32783 + 1440
32784 # 1504
32784 - 1440 47
32784 + 1440
32785 # 1504
32785 - 1440 47
32785 + 88
32786 # 1504
32786 - 1440 47
32786 + 1440
32787 # 1504
32787 - 1440 46
32787 - 88 45
32787 + 1440
32788 # 1504
32788 - 1440 46
32788 + 1440
32789 # 1504
32789 - 1440 46
32789 - 1440 44
32790 # 1504
32790 - 1440 44
32790 + 1440
32791 # 1504
32791 - 1440 43
32791 + 1440
32792 # 1504
32792 - 1440 43
32792 + 1440
32793 # 1504
32793 - 1440 43
32794 # 1504
32794 - 1440 42
32794 - 88 42
32794 + 1440
32795 # 1504
32795 - 1440 42
32795 + 1440
32796 # 1504
32796 - 1440 42
32796 + 88
32796 + 1440
32797 # 1504
32797 - 1440 41
32798 # 1504
32798 - 1440 41
32798 + 1440
32799 # 1504
32799 - 1440 41
32799 + 1440
32800 # 1504
32800 - 1440 40
32801 # 1504
32801 - 1096 40
32801 + 1440
32802 # 1504
32802 - 1440 40
32802 - 88 39
32802 + 88
32802 + 1440
32803 # 1504
32803 - 1440 39
32803 + 1440
32804 # 1504
32804 - 1440 39
32805 # 1504
32805 - 1440 38
32805 + 1440
32806 # 1504
32806 - 1440 38
32806 + 1440
32807 # 1504
32807 - 1440 38
32807 + 1440
32808 # 1504
32808 - 1440 37
32808 - 1440 36
32809 # 1504
32809 - 1440 36
32809 + 1440
32810 # 1504
32810 - 88 36
32810 - 1440 35
32810 + 1440
32811 # 1504
32811 - 1440 35
32811 + 1440
32812 # 1504
32812 - 1440 35
32812 + 88
32813 # 1504
32813 - 1440 34
32813 + 1440
32814 # 1504
32814 - 1440 34
32814 + 1440
32815 # 1504
32815 - 1440 34
32815 + 1440
32816 # 1504
32816 - 1440 33
32817 # 1504
32817 - 1440 33
32817 - 88 32
32817 + 1440
32818 # 1504
32818 - 1440 32
32818 + 1440
32819 # 1504
32819 - 1440 32
32820 # 1504
32820 - 1440 32
32820 + 1440
32821 # 1504
32821 - 1440 31
32821 + 1440
32822 # 1504
32822 - 1440 31
32822 + 1440
32823 # 1504
32823 - 1440 31
32823 + 88
32824 # 1504
32824 - 1440 30
32824 + 1440
32825 # 1504
32825 - 1440 30
32825 - 88 29
32825 + 1440
32826 # 1504
32826 - 1440 30
32826 + 1440
32827 # 1504
32827 - 1440 29
32828 # 1504
32828 - 1440 29
32828 + 1440
32829 # 1504
32829 - 1440 28
32829 - 88 27
32829 + 1440
32830 # 1504
32830 - 1440 28
32830 + 1440
32831 # 1504
32831 - 1440 28
32832 # 1504
32832 - 1440 27
32832 + 1440
32833 # 1504
32833 - 1440 27
32833 + 1440
32834 # 1504
32834 - 1440 27
32834 + 88
32834 + 1440
32835 # 1504
32835 - 1440 26
32836 # 1504
32836 - 1440 26
32836 - 1440 25
32836 + 1440
32837 # 1504
32837 - 88 25
32837 + 1440
32838 # 1504
32838 - 1440 25
32838 - 1440 24
32839 # 1504
32839 - 1440 24
32839 + 1440
32840 # 1504
32840 - 1440 23
32840 + 1440
32841 # 1504
32841 - 1440 23
32841 + 1440
32842 # 1504
32842 - 1440 22
32843 # 1504
32843 - 1440 22
32843 + 1440
32844 # 1504
32844 - 1440 22
32844 - 88 21
32844 + 1440
32845 # 1504
32845 - 1440 21
32845 + 88
32845 + 1440
32846 # 1504
32846 - 1440 21
32847 # 1504
32847 - 1440 21
32847 + 1440
32848 # 1504
32848 - 1440 20
32848 + 1440
32849 # 1504
32849 - 1440 20
32849 + 1440
32850 # 1504
32850 - 1440 20
32851 # 1504
32851 - 1440 19
32851 + 1440
32852 # 1504
32852 - 1440 19
32852 - 88 18
32852 + 1440
32853 # 1504
32853 - 1440 19
32854 # 1504
32854 - 1440 18
32854 + 1440
32855 # 1504
32855 - 1440 18
32855 + 1440
32856 # 1504
32856 - 1440 17
32856 + 88
32856 + 1440
32857 # 1504
32857 - 1440 17
32858 # 1504
32858 - 1440 17
32858 + 1440
32859 # 1504
32859 - 1440 16
32859 + 1440
32860 # 1504
32860 - 1440 16
32860 - 88 15
32860 + 1440
32861 # 1504
32861 - 1440 16
32862 # 1504
32862 - 1440 15
32862 + 1096
32863 # 1504
32863 - 1440 15
32863 + 1440
32864 # 1504
32864 - 1440 15
32864 - 1440 13
32864 + 1440
32865 # 1504
32865 - 1440 13
32866 # 1504
32866 - 1440 12
32866 + 1440
32867 # 1504
32867 - 1440 12
32867 - 88 11
32867 + 88
32867 + 1440
32868 # 1504
32868 - 1440 12
32868 + 1440
32869 # 1504
32869 - 1440 11
32870 # 1504
32870 - 1440 11
32870 + 1440
32871 # 1504
32871 - 1440 11
32871 + 1440
32872 # 1504
32872 - 1096 10
32872 + 1440
32873 # 1504
32873 - 1440 10
32873 + 88
32874 # 1504
32874 - 1440 10
32874 + 1440
32875 # 1504
32875 - 1440 9
32875 - 88 8
32875 + 1440
32876 # 1504
32876 - 1440 9
32876 + 1440
32877 # 1504
32877 - 1440 9
32877 + 1440
32878 # 1504
32878 - 1440 8
32878 + 1440
32879 # 1504
32879 - 1440 8
32880 # 1504
32880 - 1440 8
32880 - 88 7
32880 + 1440
32881 # 1504
32881 - 1440 7
32881 + 1440
32882 # 1504
32882 - 1440 7
32882 + 1440
32883 # 1504
32883 - 1440 7
32883 + 1440
32884 # 1504
32884 - 1440 7
32884 + 88
32884 + 1440
32885 # 1504
32885 - 1440 7
32886 # 1504
32886 - 1440 6
32886 - 1440 5
32886 + 1440
32887 # 1504
32887 - 1440 5
32888 # 1504
32888 - 1440 5
32888 - 88 4
32888 + 1440
32888 + 1440
32889 # 1504
32889 - 1440 5
32889 + 1440
32890 # 1504
32890 - 1440 4
32890 + 1440
32891 # 1504
32891 - 1440 3
32892 # 1504
32892 - 1440 4
32892 + 1440
32893 # 1504
32893 - 1440 4
32893 + 1440
32894 # 1504
32894 - 1440 4
32894 + 1440
32895 # 1504
32895 - 1440 3
32895 + 88
32895 + 1440
32896 # 1504
32896 - 1440 3
32897 # 1504
32897 - 1440 3
32897 - 88 2
32897 + 1440
32898 # 1504
32898 - 1440 3
32898 + 1440
32899 # 1504
32899 - 1440 2
32899 + 1440
32900 # 1504
32900 - 1440 2
32900 + 1440
32901 # 1504
32901 - 1440 2
32901 + 1440
32902 # 1504
32902 - 1440 2
32903 # 1504
32903 - 1440 2
32903 + 1440
32904 # 1504
32904 - 1440 1
32904 + 1440
32905 # 1504
32905 - 1440 1
32905 + 1440
32906 # 1504
32906 - 1440 1
32906 + 1440
32906 + 88
32907 # 1504
32907 - 1440 1
32907 + 1440
32908 # 1504
32908 - 88 2
32908 - 1440 1
32909 # 1504
32909 + 1440
32910 # 1504
32910 - 1440 1
32910 + 1440
32911 # 1504
32911 - 1440 1
32911 + 1440
32912 # 1504
32912 - 1440 1
32912 + 1440
32913 # 1504
32913 - 1440 1
32914 # 1504
32914 + 1440
32915 # 1504
32915 - 1440 1
32915 + 1440
32916 # 1504
32916 - 1440 1
32916 + 1440
32917 # 1504
32917 - 1440 1
32917 + 1440
32917 + 88
32918 # 1504
32918 - 1440 1
32918 + 1440
32919 # 1504
32919 - 88 2
32919 - 1440 1
32920 # 1504
32920 + 1440
32921 # 1504
32921 - 1440 1
32921 + 1440
32922 # 1504
32922 - 1440 1
32922 + 1440
32923 # 1504
32923 - 1440 1
32923 + 1440
32924 # 1504
32924 - 1440 1
32924 + 1440
32925 # 1504
32925 - 1440 1
32926 # 1504
32926 + 1440
32927 # 1504
32927 - 1440 1
32927 + 1440
32928 # 1504
32928 - 1440 1
32928 + 1440
32928 + 88
32929 # 1504
32929 - 1440 1
32929 + 1440
32930 # 1504
32930 - 88 2
32930 - 1440 1
32931 # 1504
32931 + 1440
32932 # 1504
32932 - 1440 1
32932 + 1440
32933 # 1504
32933 - 1440 1
32933 + 1440
32934 # 1504
32934 - 1440 1
32934 + 1440
32935 # 1504
32935 - 1440 1
32936 # 1504
32936 + 1440
32937 # 1504
32937 - 1440 1
32937 + 1440
32938 # 1504
32938 - 1440 1
32938 + 88
32939 # 1504
32939 - 88 1
32939 + 1440
32940 # 1504
32940 - 1440 1
32940 + 1440
32941 # 1504
32941 - 1440 1
32941 + 1440
32942 # 1504
32942 - 1440 1
32943 # 1504
32943 + 1440
32944 # 1504
32944 - 1440 1
32944 + 1440
32945 # 1504
32945 - 1440 1
32945 + 1440
32946 # 1504
32946 - 1440 1
32947 # 1504
32947 + 1440
32948 # 1504
32948 - 1440 1
32948 + 1440
32949 # 1504
32949 - 1440 1
32949 + 88
32949 + 1440
32950 # 1504
32950 - 88 1
32951 # 1504
32951 - 1440 2
32951 + 1440
32952 # 1504
32952 - 1440 1
32952 + 1440
32953 # 1504
32953 - 1440 1
32954 # 1504
32954 + 1440
32955 # 1504
32955 - 1440 1
32955 + 1096
32956 # 1504
32956 - 1096 1
32956 + 1440
32957 # 1504
32957 - 1440 1
32957 + 88
32958 # 1504
32958 - 88 1
32958 + 1440
32959 # 1504
32959 - 1440 1
32959 + 1440
32960 # 1504
32960 - 1440 1
32961 # 1504
32961 + 1440
32962 # 1504
32962 - 1440 1
32962 + 1440
32963 # 1504
32963 - 1440 1
32964 # 1504
32964 + 1440
32965 # 1504
32965 - 1440 1
32965 + 1440
32966 # 1504
32966 - 1440 1
32967 # 1504
32967 + 1440
32968 # 1504
32968 - 1440 1
32968 + 88
32968 + 1440
32969 # 1504
32969 - 88 1
32969 + 1440
32970 # 1504
32970 - 1440 2
32970 - 1440 1
32970 + 1440
32971 # 1504
32971 - 1440 1
32972 # 1504
32972 + 1440
32973 # 1504
32973 - 1440 1
32973 + 1440
32974 # 1504
32974 - 1440 1
32974 + 1440
32975 # 1504
32975 - 1440 1
32976 # 1504
32976 + 1440
32977 # 1504
32977 - 1440 1
32977 + 1440
32978 # 1504
32978 - 1440 1
32978 + 88
32978 + 1440
32979 # 1504
32979 - 88 1
32979 + 1440
32980 # 1504
32980 - 1440 2
32980 - 1440 1
32981 # 1504
32981 + 1440
32982 # 1504
32982 - 1440 1
32982 + 1440
32983 # 1504
32983 - 1440 1
32983 + 1440
32984 # 1504
32984 - 1440 1
32985 # 1504
32985 + 1440
32986 # 1504
32986 - 1440 1
32986 + 1440
32987 # 1504
32987 - 1440 1
32987 + 1440
32988 # 1504
32988 - 1440 1
32988 + 88
32989 # 1504
32989 - 88 1
32989 + 1440
32990 # 1504
32990 - 1440 1
32990 + 1440
32991 # 1504
32991 - 1440 1
32991 + 1440
32992 # 1504
32992 - 1440 1
32992 + 1440
32993 # 1504
32993 - 1440 1
32994 # 1504
32994 + 1440
32995 # 1504
32995 - 1440 1
32995 + 1440
32996 # 1504
32996 - 1440 1
32996 + 1440
32997 # 1504
32997 - 1440 1
32998 # 1504
32998 + 1440
32999 # 1504
32999 - 1440 1
32999 + 88
32999 + 1440
33000 # 1504
33000 - 88 1
33000 + 1440
33001 # 1504
33001 - 1440 2
33001 - 1440 1
33002 # 1504
33002 + 1440
33003 # 1504
33003 - 1440 1
33003 + 1440
33004 # 1504
33004 - 1440 1
33005 # 1504
33005 + 1440
33006 # 1504
33006 - 1440 1
33006 + 1440
33007 # 1504
33007 - 1440 1
33007 + 1440
33008 # 1504
33008 - 1440 1
33008 + 1440
33009 # 1504
33009 - 1440 1
33010 # 1504
33010 + 88
33010 + 1440
33011 # 1504
33011 - 88 1
33011 + 1440
33012 # 1504
33012 - 1440 2
33012 - 1440 1
33012 + 1440
33013 # 1504
33013 - 1440 1
33013 + 1440
33014 # 1504
33014 - 1440 1
33014 + 1440
33015 # 1504
33015 - 1440 1
33016 # 1504
33016 + 1440
33017 # 1504
33017 - 1440 1
33017 + 1440
33018 # 1504
33018 - 1440 1
33018 + 1440
33019 # 1504
33019 - 1440 1
33019 + 1440
33020 # 1504
33020 - 1440 1
33020 + 88
33021 # 1504
33021 - 88 1
33021 + 1440
33022 # 1504
33022 - 1440 1
33022 + 1440
33023 # 1504
33023 - 1440 1
33023 + 1440
33024 # 1504
33024 - 1440 1
33025 # 1504
33025 + 1440
33026 # 1504
33026 - 1440 1
33026 + 1440
33027 # 1504
33027 - 1440 1
33028 # 1504
33028 + 1440
33029 # 1504
33029 - 1440 1
33029 + 1440
33030 # 1504
33030 - 1440 1
33030 + 1440
33031 # 1504
33031 - 1440 1
33031 + 88
33032 # 1504
33032 - 88 1
33032 + 1440
33033 # 1504
33033 - 1440 1
33033 + 1440
33034 # 1504
33034 - 1440 1
33034 + 1440
33035 # 1504
33035 - 1440 1
33035 + 1440
33036 # 1504
33036 - 1440 1
33036 + 1440
33037 # 1504
33037 - 1440 1
33038 # 1504
33038 + 1440
33039 # 1504
33039 - 1440 1
33039 + 1440
33040 # 1504
33040 - 1440 1
33040 + 1440
33041 # 1504
33041 - 1440 1
33041 + 1440
33042 # 1504
33042 - 1440 1
33042 + 88
33043 # 1504
33043 - 88 1
33043 + 1440
33044 # 1504
33044 - 1440 1
33044 + 1440
33045 # 1504
33045 - 1440 1
33045 + 1440
33046 # 1504
33046 - 1440 1
33046 + 1440
33047 # 1504
33047 - 1440 1
33048 # 1504
33048 + 1440
33049 # 1504
33049 - 1440 1
33049 + 1440
33050 # 1504
33050 - 1440 1
33050 + 1440
33051 # 1504
33051 - 1440 1
33051 + 1096
33052 # 1504
33052 - 1096 1
33052 + 1440
33053 # 1504
33053 - 1440 1
33054 # 1504
33054 + 88
33054 + 1440
33055 # 1504
33055 - 88 1
33055 + 1440
33056 # 1504
33056 - 1440 2
33056 - 1440 1
33056 + 1440
33057 # 1504
33057 - 1440 1
33057 + 1440
33058 # 1504
33058 - 1440 1
33058 + 1440
33059 # 1504
33059 - 1440 1
33059 + 1440
33060 # 1504
33060 - 1440 1
33061 # 1504
33061 + 1440
33062 # 1504
33062 - 1440 1
33062 + 1440
33063 # 1504
33063 - 1440 1
33063 + 1440
33064 # 1504
33064 - 1440 1
33064 + 1440
33064 + 88
33065 # 1504
33065 - 1440 1
33065 + 1440
33066 # 1504
33066 - 88 2
33066 - 1440 1
33066 + 1440
33067 # 1504
33067 - 1440 1
33068 # 1504
33068 + 1440
33069 # 1504
33069 - 1440 1
33069 + 1440
33070 # 1504
33070 - 1440 1
33070 + 1440
33071 # 1504
33071 - 1440 1
33071 + 1440
33072 # 1504
33072 - 1440 1
33073 # 1504
33073 + 1440
33074 # 1504
33074 - 1440 1
33074 + 1440
33075 # 1504
33075 - 1440 1
33075 + 88
33075 + 1440
33076 # 1504
33076 - 88 1
33076 + 1440
33077 # 1504
33077 - 1440 2
33077 - 1440 1
33078 # 1504
33078 + 1440
33079 # 1504
33079 - 1440 1
33079 + 1440
33080 # 1504
33080 - 1440 1
33080 + 1440
33081 # 1504
33081 - 1440 1
33082 # 1504
33082 + 1440
33083 # 1504
33083 - 1440 1
33083 + 1440
33084 # 1504
33084 - 1440 1
33084 + 1440
33085 # 1504
33085 - 1440 1
33085 + 1440
33085 + 88
33086 # 1504
33086 - 1440 1
33086 + 1440
33087 # 1504
33087 - 88 2
33087 - 1440 1
33087 + 1440
33088 # 1504
33088 - 1440 1
33088 + 1440
33089 # 1504
33089 - 1440 1
33090 # 1504
33090 + 1440
33091 # 1504
33091 - 1440 1
33091 + 1440
33092 # 1504
33092 - 1440 1
33092 + 1440
33093 # 1504
33093 - 1440 1
33093 + 1440
33094 # 1504
33094 - 1440 1
33094 + 1440
33095 # 1504
33095 - 1440 1
33095 + 1440
33095 + 88
33096 # 1504
33096 - 1440 1
33096 + 1440
33097 # 1504
33097 - 88 2
33097 - 1440 1
33097 + 1440
33098 # 1504
33098 - 1440 1
33098 + 1440
33099 # 1504
33099 - 1440 1
33099 + 1440
33100 # 1504
33100 - 1440 1
33100 + 1440
33101 # 1504
33101 - 1440 1
33101 + 1440
33102 # 1504
33102 - 1440 1
33102 + 1440
33103 # 1504
33103 - 1440 1
33104 # 1504
33104 + 1440
33105 # 1504
33105 - 1440 1
33105 + 1440
33106 # 1504
33106 - 1440 1
33106 + 88
33106 + 1440
33107 # 1504
33107 - 88 1
33107 + 1440
33108 # 1504
33108 - 1440 2
33108 - 1440 1
33108 + 1440
33109 # 1504
33109 - 1440 1
33110 # 1504
33110 + 1440
33111 # 1504
33111 - 1440 1
33111 + 1440
33112 # 1504
33112 - 1440 1
33112 + 1440
33113 # 1504
33113 - 1440 1
33114 # 1504
33115 # 1504
33116 # 1504
33117 # 1504
33118 # 1504
33119 # 1504
33120 # 1504
33121 # 1504
33122 # 1504
33123 # 1504
33124 # 1504
33125 # 1504
33126 # 1504
